# Blender 5.0.1
# www.blender.org
mtllib cuerpo_pez.mtl
g pasted__polySurface3_pasted__lambert12_0_Mesh
v 0.226808 6.698149 1.592039
v -0.666774 6.831150 2.634609
v -0.034996 5.868722 2.675426
v 0.934673 5.719656 1.638242
v -1.954009 6.662117 3.483173
v -1.100020 5.846477 3.743320
v -0.371118 5.476987 3.666003
v 0.564244 5.299841 2.843777
v 1.716805 4.944817 1.619133
v -1.954009 6.662117 3.483173
v -2.297307 6.979125 2.528214
v -2.652513 5.981514 3.248142
v -2.436914 5.789544 4.303404
v -2.085555 6.918845 1.124473
v -2.709437 5.993676 2.175174
v -3.046344 5.440073 2.973141
v -3.048580 5.288579 3.975600
v -2.781868 5.176022 5.040226
v -0.371118 5.476987 3.666003
v -1.100020 5.846477 3.743320
v -1.665419 5.550601 4.657310
v -0.530603 5.276142 4.348551
v -2.436914 5.789544 4.303404
v -2.781868 5.176022 5.040226
v -1.940436 5.094766 5.395638
v -0.711433 4.966259 5.095541
v 1.716805 4.944817 1.619133
v 0.564244 5.299841 2.843777
v 0.774956 4.977605 3.415833
v 1.924816 4.637663 2.444932
v -0.371118 5.476987 3.666003
v -0.530603 5.276142 4.348551
v -0.711433 4.966259 5.095541
v 0.717992 4.711957 4.193635
v 1.974716 4.360703 3.283258
v -3.046344 5.440073 2.973141
v -2.709437 5.993676 2.175174
v -3.004910 5.693180 1.768162
v -3.362657 5.063981 2.872648
v -2.597123 6.201732 0.965580
v -2.933105 5.749949 1.001164
v -3.327473 5.316718 1.561621
v -3.894349 4.578054 2.614724
v -2.781868 5.176022 5.040226
v -3.048580 5.288579 3.975600
v -3.408174 4.749599 4.319107
v -3.034410 4.631875 5.532188
v -3.046344 5.440073 2.973141
v -3.362657 5.063981 2.872648
v -3.894349 4.578054 2.614724
v -3.756085 4.273610 4.450752
v -3.260099 4.105463 5.859537
v -0.711433 4.966259 5.095541
v -1.940436 5.094766 5.395638
v -2.134314 4.592631 5.936552
v -0.890553 4.522681 5.697217
v -2.781868 5.176022 5.040226
v -3.034410 4.631875 5.532188
v -3.260099 4.105463 5.859537
v -2.290483 4.048689 6.332448
v -1.028130 3.991673 6.161942
v 1.974716 4.360703 3.283258
v 0.717992 4.711957 4.193635
v 0.514207 4.312822 4.979221
v 1.729042 3.981615 4.289709
v -0.711433 4.966259 5.095541
v -0.890553 4.522681 5.697217
v -1.028130 3.991673 6.161942
v 0.346071 3.822793 5.640471
v 1.294605 3.679600 5.067914
v -2.085555 6.918845 1.124473
v -0.795676 7.065244 1.115502
v -0.720963 6.429980 0.703840
v -1.755986 6.457964 0.539541
v 0.226808 6.698149 1.592039
v 0.377671 6.100946 0.826523
v 0.331219 5.729809 0.196276
v -0.659898 6.029573 0.174582
v -1.604643 6.077592 0.103379
v 0.934673 5.719656 1.638242
v 1.214007 5.501595 0.816382
v 0.377671 6.100946 0.826523
v 1.716805 4.944817 1.619133
v 1.841002 4.854174 0.673472
v 1.826416 4.673367 -0.012156
v 1.164632 5.223040 0.150921
v 0.331219 5.729809 0.196276
v -2.933105 5.749949 1.001164
v -2.597123 6.201732 0.965580
v -2.401491 6.154160 0.424832
v -2.892908 5.656014 0.546185
v -1.755986 6.457964 0.539541
v -1.604643 6.077592 0.103379
v -2.298942 5.829118 0.000205
v -2.881012 5.410227 0.069144
v -3.894349 4.578054 2.614724
v -3.327473 5.316718 1.561621
v -3.465668 5.100973 1.090068
v -4.037796 4.541100 1.610326
v -2.933105 5.749949 1.001164
v -2.892908 5.656014 0.546185
v -2.881012 5.410227 0.069144
v -3.489073 4.946988 0.514279
v -4.069767 4.452940 0.925840
v -1.604643 6.077592 0.103379
v -0.659898 6.029573 0.174582
v -0.573220 5.576823 -0.373251
v -1.447704 5.657271 -0.411365
v 0.331219 5.729809 0.196276
v 0.332315 5.307400 -0.366282
v 0.375341 4.851470 -0.887553
v -0.507901 5.092954 -0.912048
v -1.368667 5.197442 -0.940718
v 0.331219 5.729809 0.196276
v 1.164632 5.223040 0.150921
v 1.148173 4.892478 -0.417062
v 0.332315 5.307400 -0.366282
v 1.826416 4.673367 -0.012156
v 1.815574 4.438534 -0.590322
v 1.711136 4.289309 -0.960456
v 1.201597 4.520150 -0.929577
v 0.375341 4.851470 -0.887553
v -2.881012 5.410227 0.069144
v -2.298942 5.829118 0.000205
v -2.170407 5.505260 -0.454018
v -2.818028 5.183775 -0.364217
v -1.604643 6.077592 0.103379
v -1.447704 5.657271 -0.411365
v -1.368667 5.197442 -0.940718
v -2.127494 5.117778 -0.911225
v -2.832794 4.865961 -0.768237
v -4.069767 4.452940 0.925840
v -3.489073 4.946988 0.514279
v -3.467268 4.755801 -0.004968
v -4.071050 4.266053 0.296032
v -2.881012 5.410227 0.069144
v -2.818028 5.183775 -0.364217
v -2.832794 4.865961 -0.768237
v -3.532977 4.453989 -0.456425
v -4.012079 4.131394 -0.166290
v 1.924816 4.637663 2.444932
v 2.592535 4.238972 2.021628
v 2.381847 4.399245 1.208112
v 1.974716 4.360703 3.283258
v 2.685617 3.941345 2.957748
v 3.080973 3.478133 2.987178
v 2.994307 3.793862 1.938269
v 2.772771 3.970191 1.031619
v -3.260099 4.105463 5.859537
v -3.756085 4.273610 4.450752
v -4.117103 3.769629 4.542634
v -3.524493 3.545141 6.102502
v -3.894349 4.578054 2.614724
v -4.396083 3.983272 2.785582
v -4.777335 3.523948 2.712072
v -4.460639 3.266709 4.620718
v -3.798922 2.989686 6.314183
v -1.028130 3.991673 6.161942
v -2.290483 4.048689 6.332448
v -2.452373 3.467422 6.635733
v -1.084328 3.419511 6.498066
v -3.260099 4.105463 5.859537
v -3.524493 3.545141 6.102502
v -3.798922 2.989686 6.314183
v -2.618833 2.892291 6.901897
v -1.114270 2.849169 6.778133
v 1.729042 3.981615 4.289709
v 2.403028 3.547601 4.135822
v 2.685617 3.941345 2.957748
v 1.294605 3.679600 5.067914
v 1.666071 3.260911 5.262705
v 1.929476 2.740819 5.527373
v 2.754436 3.057828 4.297127
v 3.080973 3.478133 2.987178
v 1.294605 3.679600 5.067914
v 0.346071 3.822793 5.640471
v 0.396053 3.284444 6.045257
v 1.666071 3.260911 5.262705
v -1.028130 3.991673 6.161942
v -1.084328 3.419511 6.498066
v -1.114270 2.849169 6.778133
v 0.520870 2.734972 6.337166
v 1.929476 2.740819 5.527373
v 1.826416 4.673367 -0.012156
v 1.841002 4.854174 0.673472
v 2.311617 4.380925 0.397848
v 2.302647 4.244895 -0.343630
v 2.381847 4.399245 1.208112
v 2.772771 3.970191 1.031619
v 2.694695 3.972290 0.148449
v 2.673049 3.852302 -0.667964
v -4.037796 4.541100 1.610326
v -4.527313 4.028454 1.660806
v -4.396083 3.983272 2.785582
v -4.069767 4.452940 0.925840
v -4.569738 3.941628 0.894057
v -4.957193 3.449111 0.615345
v -4.922359 3.561992 1.478826
v -4.777335 3.523948 2.712072
v -1.368667 5.197442 -0.940718
v -0.507901 5.092954 -0.912048
v -0.510909 4.599186 -1.414195
v -1.451028 4.698538 -1.420712
v 0.375341 4.851470 -0.887553
v 0.454678 4.379776 -1.393939
v 0.515509 3.973521 -1.842085
v -0.542500 4.175962 -1.847440
v -1.554812 4.250759 -1.828666
v 1.711136 4.289309 -0.960456
v 1.815574 4.438534 -0.590322
v 2.275737 4.052033 -0.950789
v 2.029329 3.957459 -1.340249
v 2.302647 4.244895 -0.343630
v 2.673049 3.852302 -0.667964
v 2.620799 3.662369 -1.374346
v 2.308796 3.595701 -1.767090
v 0.375341 4.851470 -0.887553
v 1.201597 4.520150 -0.929577
v 1.361867 4.116288 -1.428628
v 0.454678 4.379776 -1.393939
v 1.711136 4.289309 -0.960456
v 2.029329 3.957459 -1.340249
v 2.308796 3.595701 -1.767090
v 1.536487 3.739760 -1.869153
v 0.515509 3.973521 -1.842085
v -2.832794 4.865961 -0.768237
v -2.127494 5.117778 -0.911225
v -2.281810 4.601865 -1.344804
v -3.054146 4.346087 -1.157252
v -1.368667 5.197442 -0.940718
v -1.451028 4.698538 -1.420712
v -1.554812 4.250759 -1.828666
v -2.438695 4.101595 -1.729212
v -3.260595 3.809655 -1.526544
v -4.071050 4.266053 0.296032
v -4.582301 3.759248 0.211083
v -4.569738 3.941628 0.894057
v -4.012079 4.131394 -0.166290
v -4.390274 3.696391 -0.369441
v -4.715347 3.213326 -0.748947
v -4.943315 3.253569 -0.184003
v -4.957193 3.449111 0.615345
v -4.012079 4.131394 -0.166290
v -3.532977 4.453989 -0.456425
v -3.818928 3.968133 -0.828843
v -4.390274 3.696391 -0.369441
v -2.832794 4.865961 -0.768237
v -3.054146 4.346087 -1.157252
v -3.260595 3.809655 -1.526544
v -4.086960 3.456127 -1.198125
v -4.715347 3.213326 -0.748947
v 2.772771 3.970191 1.031619
v 2.994307 3.793862 1.938269
v 3.346324 3.314660 1.987199
v 3.143581 3.496186 0.998529
v 3.080973 3.478133 2.987178
v 3.391060 2.995315 3.141619
v 3.611701 2.494152 3.386745
v 3.644511 2.816791 2.157926
v 3.503294 3.002532 1.111135
v -3.798922 2.989686 6.314183
v -4.460639 3.266709 4.620718
v -4.756104 2.793899 4.710965
v -4.054711 2.477878 6.547665
v -4.777335 3.523948 2.712072
v -5.079391 3.089828 2.640819
v -5.319641 2.629998 2.715852
v -5.002560 2.321391 4.844232
v -4.277775 1.990862 6.743706
v -1.114270 2.849169 6.778133
v -2.618833 2.892291 6.901897
v -2.788717 2.366758 7.186439
v -1.173080 2.323627 7.074684
v -3.798922 2.989686 6.314183
v -4.054711 2.477878 6.547665
v -4.277775 1.990862 6.743706
v -2.942993 1.862018 7.452328
v -1.237252 1.803841 7.401961
v 3.080973 3.478133 2.987178
v 2.754436 3.057828 4.297127
v 3.001541 2.559342 4.553185
v 3.391060 2.995315 3.141619
v 1.929476 2.740819 5.527373
v 2.092142 2.225254 5.849904
v 2.192632 1.701301 6.215622
v 3.162069 2.046616 4.871180
v 3.611701 2.494152 3.386745
v 1.929476 2.740819 5.527373
v 0.520870 2.734972 6.337166
v 0.577237 2.211571 6.659788
v 2.092142 2.225254 5.849904
v -1.114270 2.849169 6.778133
v -1.173080 2.323627 7.074684
v -1.237252 1.803841 7.401961
v 0.600407 1.685325 7.024471
v 2.192632 1.701301 6.215622
v 2.673049 3.852302 -0.667964
v 2.694695 3.972290 0.148449
v 3.059082 3.518706 0.084214
v 3.017348 3.410270 -0.809626
v 2.772771 3.970191 1.031619
v 3.143581 3.496186 0.998529
v 3.503294 3.002532 1.111135
v 3.430844 3.039378 0.172788
v 3.351616 2.977230 -0.750955
v -4.777335 3.523948 2.712072
v -4.922359 3.561992 1.478826
v -5.211074 3.140672 1.301703
v -5.079391 3.089828 2.640819
v -4.957193 3.449111 0.615345
v -5.200342 3.011452 0.286123
v -5.388209 2.600484 0.270684
v -5.431315 2.693082 1.320512
v -5.319641 2.629998 2.715852
v 2.308796 3.595701 -1.767090
v 2.620799 3.662369 -1.374346
v 2.942900 3.198927 -1.736872
v 2.541417 3.235908 -2.099589
v 2.673049 3.852302 -0.667964
v 3.017348 3.410270 -0.809626
v 3.351616 2.977230 -0.750955
v 3.190064 2.865993 -1.753935
v 3.111874 2.814238 -2.230691
v 3.018419 2.887607 -2.365763
v 2.658888 2.979733 -2.414095
v -4.957193 3.449111 0.615345
v -4.943315 3.253569 -0.184003
v -5.096385 2.767195 -0.813416
v -5.200342 3.011452 0.286123
v -4.715347 3.213326 -0.748947
v -4.792685 2.803688 -1.301956
v -4.722954 2.529074 -1.875349
v -5.000318 2.436401 -1.724079
v -5.096966 2.375366 -1.491933
v -5.240953 2.442046 -0.821159
v -5.388209 2.600484 0.270684
v 3.503294 3.002532 1.111135
v 3.644511 2.816791 2.157926
v 3.884796 2.315680 2.439956
v 3.860924 2.514526 1.371733
v 3.611701 2.494152 3.386745
v 3.738718 1.975902 3.688229
v 3.798872 1.414961 3.899507
v 4.043295 1.773609 2.657290
v 4.128365 1.985619 1.586752
v -4.277775 1.990862 6.743706
v -5.002560 2.321391 4.844232
v -5.199071 1.819381 5.051368
v -4.454026 1.509797 6.843068
v -5.319641 2.629998 2.715852
v -5.515473 2.093545 3.081199
v -5.646570 1.490912 3.436332
v -5.331240 1.240642 5.231220
v -4.573932 0.946986 6.898352
v -1.237252 1.803841 7.401961
v -2.942993 1.862018 7.452328
v -3.062631 1.349262 7.662529
v -1.283279 1.250770 7.774211
v -4.277775 1.990862 6.743706
v -4.454026 1.509797 6.843068
v -4.573932 0.946986 6.898352
v -3.142885 0.770523 7.811526
v -1.311875 0.651101 8.065618
v 3.611701 2.494152 3.386745
v 3.162069 2.046616 4.871180
v 3.253747 1.514132 5.218296
v 3.738718 1.975902 3.688229
v 2.192632 1.701301 6.215622
v 2.269509 1.156042 6.609846
v 2.318312 0.569138 6.883884
v 3.296686 0.939037 5.453462
v 3.798872 1.414961 3.899507
v 2.192632 1.701301 6.215622
v 0.600407 1.685325 7.024471
v 0.625634 1.127308 7.442567
v 2.269509 1.156042 6.609846
v -1.237252 1.803841 7.401961
v -1.283279 1.250770 7.774211
v -1.311875 0.651101 8.065618
v 0.645325 0.528566 7.755503
v 2.318312 0.569138 6.883884
v 3.351616 2.977230 -0.750955
v 3.430844 3.039378 0.172788
v 3.836049 2.553506 0.381816
v 3.713524 2.512830 -0.662522
v 3.503294 3.002532 1.111135
v 3.860924 2.514526 1.371733
v 4.128365 1.985619 1.586752
v 4.152492 2.021626 0.547832
v 4.029709 1.960040 -0.528802
v -5.319641 2.629998 2.715852
v -5.431315 2.693082 1.320512
v -5.620941 2.147819 1.726324
v -5.515473 2.093545 3.081199
v -5.388209 2.600484 0.270684
v -5.567763 2.080128 0.625643
v -5.738385 1.454104 1.136292
v -5.751680 1.537220 2.139884
v -5.646570 1.490912 3.436332
v -5.388209 2.600484 0.270684
v -5.240953 2.442046 -0.821159
v -5.408227 1.988400 -0.581946
v -5.567763 2.080128 0.625643
v -5.096966 2.375366 -1.491933
v -5.094094 2.234151 -1.677882
v -5.148376 2.089541 -1.668228
v -5.350069 1.814738 -1.164544
v -5.614961 1.220989 -0.584967
v -5.698502 1.316102 0.219971
v -5.738385 1.454104 1.136292
v 4.128365 1.985619 1.586752
v 4.043295 1.773609 2.657290
v 4.096128 1.152862 2.633931
v 4.217511 1.369258 1.562621
v 3.798872 1.414961 3.899507
v 3.818923 0.785724 3.874017
v 3.770873 0.163209 3.749895
v 4.045264 0.544274 2.513349
v 4.165416 0.776068 1.453775
v -4.573932 0.946986 6.898352
v -5.331240 1.240642 5.231220
v -5.384670 0.537950 5.282634
v -4.627960 0.214742 6.962162
v -5.646570 1.490912 3.436332
v -5.692612 0.832547 3.480722
v -5.655674 0.171309 3.372940
v -5.348487 -0.167020 5.258952
v -4.602942 -0.733008 7.417771
v -1.311875 0.651101 8.065618
v -3.142885 0.770523 7.811526
v -3.179010 0.067830 7.893796
v -1.323750 -0.008476 8.150368
v -4.573932 0.946986 6.898352
v -4.627960 0.214742 6.962162
v -4.602942 -0.733008 7.417771
v -3.065122 -0.742599 8.269692
v -1.326386 -0.766423 8.450692
v 3.798872 1.414961 3.899507
v 3.296686 0.939037 5.453462
v 3.310999 0.298487 5.435600
v 3.818923 0.785724 3.874017
v 2.318312 0.569138 6.883884
v 2.334580 -0.079745 6.889043
v 2.299441 -0.911910 7.152715
v 3.268104 -0.323296 5.325467
v 3.770873 0.163209 3.749895
v 2.318312 0.569138 6.883884
v 0.645325 0.528566 7.755503
v 0.651888 -0.119867 7.804708
v 2.334580 -0.079745 6.889043
v -1.311875 0.651101 8.065618
v -1.323750 -0.008476 8.150368
v -1.326386 -0.766423 8.450692
v 0.527455 -0.854723 8.104483
v 2.299441 -0.911910 7.152715
v 4.029709 1.960040 -0.528802
v 4.152492 2.021626 0.547832
v 4.257973 1.404276 0.507367
v 4.142273 1.327839 -0.533564
v 4.128365 1.985619 1.586752
v 4.217511 1.369258 1.562621
v 4.165416 0.776068 1.453775
v 4.205466 0.814761 0.409119
v 4.099912 0.727450 -0.570311
v -5.646570 1.490912 3.436332
v -5.751680 1.537220 2.139884
v -5.795259 0.893631 2.181933
v -5.692612 0.832547 3.480722
v -5.738385 1.454104 1.136292
v -5.795259 0.805373 1.210704
v -5.770158 0.186656 1.097637
v -5.765590 0.258542 2.055640
v -5.655674 0.171309 3.372940
v 3.256982 1.839540 -2.918247
v 3.674050 1.879266 -1.712481
v 3.795173 1.209872 -1.561902
v 3.402390 1.115654 -2.446457
v 4.029709 1.960040 -0.528802
v 4.142273 1.327839 -0.533564
v 4.099912 0.727450 -0.570311
v 3.783250 0.581231 -1.434205
v 3.393570 0.501991 -2.227241
v -5.738385 1.454104 1.136292
v -5.698502 1.316102 0.219971
v -5.795259 0.651944 0.391472
v -5.795259 0.805373 1.210704
v -5.614961 1.220989 -0.584967
v -5.703259 0.597682 -0.514070
v -5.658586 0.022688 -0.642771
v -5.761305 0.047630 0.289516
v -5.770158 0.186656 1.097637
v 4.165416 0.776068 1.453775
v 4.045264 0.544274 2.513349
v 3.892672 0.038684 2.439016
v 4.009128 0.316666 1.414648
v 3.770873 0.163209 3.749895
v 3.626720 -0.377565 3.665277
v 3.394163 -0.960498 3.550737
v 3.656336 -0.525942 2.353863
v 3.776684 -0.195938 1.373315
v -4.602942 -0.733008 7.417771
v -5.348487 -0.167020 5.258952
v -5.211816 -0.752590 5.213514
v -4.661814 -1.243810 7.304318
v -5.655674 0.171309 3.372940
v -5.537827 -0.439940 3.271557
v -5.303820 -1.030535 3.152493
v -4.949268 -1.292660 5.044368
v -4.221448 -1.703993 7.303763
v -1.535937 -2.681689 13.811083
v -3.505802 -2.646016 13.324687
v -3.586241 -2.672190 13.695100
v -1.533721 -2.703135 14.257730
v -4.221383 -2.619107 12.586415
v -4.698170 -2.632963 12.609166
v -4.053637 -2.667062 12.570336
v -3.304488 -2.697727 13.301424
v -1.475367 -2.724459 13.798712
v 3.770873 0.163209 3.749895
v 3.268104 -0.323296 5.325467
v 3.139415 -0.842093 5.283817
v 3.626720 -0.377565 3.665277
v 2.299441 -0.911910 7.152715
v 2.451530 -1.378513 7.086800
v 2.046109 -1.810338 7.122311
v 2.929083 -1.359682 5.159505
v 3.394163 -0.960498 3.550737
v 1.708171 -2.657049 12.552477
v 0.692737 -2.668793 13.294146
v 0.795174 -2.690949 13.691180
v 2.315984 -2.669750 12.602104
v -1.535937 -2.681689 13.811083
v -1.533721 -2.703135 14.257730
v -1.475367 -2.724459 13.798712
v 0.606481 -2.716426 13.323924
v 1.615318 -2.699797 12.591455
v 4.099912 0.727450 -0.570311
v 4.205466 0.814761 0.409119
v 4.047947 0.366388 0.401787
v 3.951325 0.270098 -0.532544
v 4.165416 0.776068 1.453775
v 4.009128 0.316666 1.414648
v 3.776684 -0.195938 1.373315
v 3.816288 -0.110408 0.413527
v 3.731618 -0.175095 -0.473558
v -5.655674 0.171309 3.372940
v -5.765590 0.258542 2.055640
v -5.676580 -0.326553 1.964175
v -5.537827 -0.439940 3.271557
v -5.770158 0.186656 1.097637
v -5.694856 -0.349322 1.045850
v -5.494542 -0.839499 1.047468
v -5.467126 -0.886362 1.904925
v -5.303820 -1.030535 3.152493
v 3.393570 0.501991 -2.227241
v 3.783250 0.581231 -1.434205
v 3.661460 0.110039 -1.321319
v 3.284209 0.041897 -2.106156
v 4.099912 0.727450 -0.570311
v 3.951325 0.270098 -0.532544
v 3.731618 -0.175095 -0.473558
v 3.479148 -0.295738 -1.235998
v 3.126506 -0.320698 -2.071611
v -5.770158 0.186656 1.097637
v -5.761305 0.047630 0.289516
v -5.659442 -0.445140 0.271060
v -5.694856 -0.349322 1.045850
v -5.658586 0.022688 -0.642771
v -5.524570 -0.426114 -0.661988
v -5.288011 -0.793105 -0.613196
v -5.441420 -0.869299 0.325927
v -5.494542 -0.839499 1.047468
v 3.776684 -0.195938 1.373315
v 3.656336 -0.525942 2.353863
v 3.354241 -1.311640 2.200819
v 3.496121 -0.948734 1.257847
v 3.394163 -0.960498 3.550737
v 3.080897 -1.709486 3.336851
v 2.581809 -2.310447 2.929517
v 2.845784 -1.990571 1.923122
v 2.994654 -1.651817 1.068674
v -4.221448 -1.703993 7.303763
v -4.949268 -1.292660 5.044368
v -4.535450 -1.861131 4.649559
v -3.794502 -2.118186 6.204274
v -5.303820 -1.030535 3.152493
v -4.918395 -1.629811 2.991671
v -4.355682 -2.090297 2.659508
v -3.977202 -2.294705 3.990264
v -3.279569 -2.483871 5.233058
v -1.226751 -2.393501 8.227904
v -2.752883 -2.205670 8.055502
v -2.562764 -2.379597 7.011146
v -1.054402 -2.519578 7.209118
v -4.221448 -1.703993 7.303763
v -3.794502 -2.118186 6.204274
v -3.279569 -2.483871 5.233058
v -2.188430 -2.630478 5.901481
v -0.893176 -2.697599 6.088274
v 3.394163 -0.960498 3.550737
v 2.929083 -1.359682 5.159505
v 2.641257 -1.977845 4.801383
v 3.080897 -1.709486 3.336851
v 2.046109 -1.810338 7.122311
v 1.848654 -2.188272 6.149712
v 1.518751 -2.549105 5.255078
v 2.189943 -2.466557 4.154846
v 2.581809 -2.310447 2.929517
v 2.046109 -1.810338 7.122311
v 0.407596 -2.260981 7.944842
v 0.516420 -2.412325 6.937131
v 1.848654 -2.188272 6.149712
v -1.226751 -2.393501 8.227904
v -1.054402 -2.519578 7.209118
v -0.893176 -2.697599 6.088274
v 0.416798 -2.648299 5.886180
v 1.518751 -2.549105 5.255078
v 3.731618 -0.175095 -0.473558
v 3.816288 -0.110408 0.413527
v 3.541364 -0.785197 0.372497
v 3.475899 -0.739006 -0.446645
v 3.776684 -0.195938 1.373315
v 3.496121 -0.948734 1.257847
v 2.994654 -1.651817 1.068674
v 3.041202 -1.439074 0.299185
v 2.994839 -1.296790 -0.417119
v -5.303820 -1.030535 3.152493
v -5.467126 -0.886362 1.904925
v -5.076125 -1.445598 1.875278
v -4.918395 -1.629811 2.991671
v -5.494542 -0.839499 1.047468
v -5.094401 -1.320814 1.094620
v -4.493932 -1.736566 1.053434
v -4.489363 -1.897956 1.727203
v -4.355682 -2.090297 2.659508
v 3.126506 -0.320698 -2.071611
v 3.479148 -0.295738 -1.235998
v 3.285654 -0.728139 -1.190994
v 2.972661 -0.641858 -2.112015
v 3.731618 -0.175095 -0.473558
v 3.475899 -0.739006 -0.446645
v 2.994839 -1.296790 -0.417119
v 2.864973 -1.169416 -1.112015
v 2.556018 -0.984493 -2.077864
v -5.494542 -0.839499 1.047468
v -5.441420 -0.869299 0.325927
v -5.058988 -1.267782 0.443938
v -5.094401 -1.320814 1.094620
v -5.288011 -0.793105 -0.613196
v -4.935708 -1.122665 -0.537869
v -4.356735 -1.423942 -0.504132
v -4.485078 -1.625014 0.498289
v -4.493932 -1.736566 1.053434
v 1.072374 -2.178459 0.496772
v 1.056272 -2.265169 0.949425
v 0.311816 -2.301942 0.505304
v 0.174989 -2.280680 0.166592
v 0.897199 -2.383704 1.428994
v 0.084417 -2.371341 0.689391
v -0.952599 -2.365751 -0.157017
v -2.166122 -2.542684 2.593921
v -2.580449 -2.416930 2.006474
v -2.006974 -2.404906 1.171441
v -1.653948 -2.479324 1.338548
v -2.757077 -2.297822 1.278747
v -1.993775 -2.335553 0.602833
v -0.952599 -2.365751 -0.157017
v -0.905044 -2.655951 3.043261
v -1.598933 -2.620245 3.010745
v -1.378803 -2.545848 1.815013
v -0.940389 -2.552462 1.598336
v -2.166122 -2.542684 2.593921
v -1.653948 -2.479324 1.338548
v -0.952599 -2.365751 -0.157017
v 0.897199 -2.383704 1.428994
v 0.732406 -2.544315 2.101426
v 0.113254 -2.490863 1.231986
v 0.084417 -2.371341 0.689391
v 0.344570 -2.666532 2.616386
v -0.233985 -2.565972 1.352176
v -0.952599 -2.365751 -0.157017
v 0.344570 -2.666532 2.616386
v -0.208455 -2.697105 3.009651
v -0.488897 -2.611007 1.813504
v -0.233985 -2.565972 1.352176
v -0.905044 -2.655951 3.043261
v -0.940389 -2.552462 1.598336
v -0.952599 -2.365751 -0.157017
v 1.064638 -2.025614 -0.291466
v 1.133070 -2.093311 0.109536
v 0.352748 -2.225524 -0.022103
v 0.167351 -2.209003 -0.285948
v 1.072374 -2.178459 0.496772
v 0.174989 -2.280680 0.166592
v -0.952599 -2.365751 -0.157017
v -2.757077 -2.297822 1.278747
v -2.866049 -2.245926 0.812063
v -2.189757 -2.307140 0.405778
v -1.993775 -2.335553 0.602833
v -2.828477 -2.216177 0.434006
v -2.039470 -2.309831 0.114897
v -0.952599 -2.365751 -0.157017
v 0.689656 -1.869107 -1.248139
v 1.028405 -1.952140 -0.712819
v 0.281265 -2.147183 -0.559746
v -0.071931 -2.136961 -0.821043
v 1.064638 -2.025614 -0.291466
v 0.167351 -2.209003 -0.285948
v -0.952599 -2.365751 -0.157017
v -2.828477 -2.216177 0.434006
v -2.866049 -2.144798 0.151720
v -2.189757 -2.258940 -0.016942
v -2.039470 -2.309831 0.114897
v -2.615347 -2.020299 -0.408414
v -1.889457 -2.206677 -0.353436
v -0.952599 -2.365751 -0.157017
v -5.614961 1.220989 -0.584967
v -5.350069 1.814738 -1.164544
v -5.205368 1.839184 -1.777363
v -5.371784 1.351033 -1.601188
v -5.148376 2.089541 -1.668228
v -5.034119 2.188602 -2.018342
v -4.985859 2.154476 -2.231822
v -5.013254 1.964931 -2.386456
v -5.070786 1.578828 -2.662772
v 3.402390 1.115654 -2.446457
v 3.149642 1.110460 -3.056037
v 3.117351 1.623749 -3.437877
v 3.393570 0.501991 -2.227241
v 3.068963 0.615623 -2.994097
v 2.806074 0.915480 -3.913586
v 2.958716 1.267315 -3.754056
v 2.992574 1.586667 -3.891239
v -5.658586 0.022688 -0.642771
v -5.703259 0.597682 -0.514070
v -5.427256 0.806921 -1.744231
v -5.381560 0.293058 -1.973271
v -5.371784 1.351033 -1.601188
v -5.070786 1.578828 -2.662772
v -5.084373 1.149696 -3.064414
v -5.030928 0.733509 -3.434108
v 3.284209 0.041897 -2.106156
v 2.925427 0.221352 -3.028671
v 3.068963 0.615623 -2.994097
v 3.126506 -0.320698 -2.071611
v 2.741326 -0.098336 -3.178212
v 2.402420 0.300886 -4.447899
v 2.626238 0.595042 -4.129160
v 2.806074 0.915480 -3.913586
v -5.288011 -0.793105 -0.613196
v -5.524570 -0.426114 -0.661988
v -5.244475 -0.104349 -2.055091
v -5.014564 -0.428257 -2.123399
v -5.381560 0.293058 -1.973271
v -5.030928 0.733509 -3.434108
v -4.887359 0.386238 -3.614586
v -4.657478 0.084855 -3.811705
v 2.972661 -0.641858 -2.112015
v 2.538953 -0.369422 -3.461174
v 2.741326 -0.098336 -3.178212
v 2.556018 -0.984493 -2.077864
v 1.972385 -0.669562 -3.607030
v 1.534429 -0.213959 -5.278573
v 2.117836 0.027889 -4.916926
v 2.402420 0.300886 -4.447899
v -4.356735 -1.423942 -0.504132
v -4.935708 -1.122665 -0.537869
v -4.690391 -0.721628 -2.311904
v -4.002834 -0.993993 -2.519724
v -5.014564 -0.428257 -2.123399
v -4.657478 0.084855 -3.811705
v -4.345095 -0.193665 -4.231325
v -3.706210 -0.409908 -4.665727
v -0.991040 -1.713530 -2.185426
v 0.030858 -1.714032 -2.052857
v -0.389934 -2.040427 -1.294662
v -0.989461 -2.066417 -1.256028
v 0.689656 -1.869107 -1.248139
v -0.071931 -2.136961 -0.821043
v -0.952599 -2.365751 -0.157017
v -0.952599 -2.365751 -0.157017
v -1.889457 -2.206677 -0.353436
v -1.589704 -2.082204 -0.962756
v -0.989461 -2.066417 -1.256028
v -2.615347 -2.020299 -0.408414
v -2.013531 -1.800429 -1.546132
v -0.991040 -1.713530 -2.185426
v -2.682770 -1.254885 -2.645973
v -0.992959 -1.125671 -3.494624
v -3.440163 -1.706081 -0.580108
v -4.356735 -1.423942 -0.504132
v -4.002834 -0.993993 -2.519724
v -3.706210 -0.409908 -4.665727
v -2.496823 -0.524455 -4.907194
v -1.015004 -0.475813 -5.229463
v 2.556018 -0.984493 -2.077864
v 1.609922 -1.411510 -1.819651
v 0.695704 -1.076410 -3.345251
v 1.972385 -0.669562 -3.607030
v -0.992959 -1.125671 -3.494624
v -1.015004 -0.475813 -5.229463
v 0.414144 -0.414664 -5.275173
v 1.534429 -0.213959 -5.278573
v 2.864973 -1.169416 -1.112015
v 2.001099 -1.601817 -0.924766
v 1.609922 -1.411510 -1.819651
v 2.994839 -1.296790 -0.417119
v 2.099110 -1.723601 -0.350291
v 2.994839 -1.296790 -0.417119
v 3.041202 -1.439074 0.299185
v 2.133830 -1.853137 0.214082
v 2.099110 -1.723601 -0.350291
v 2.994654 -1.651817 1.068674
v 2.099500 -2.015282 0.806225
v 2.994654 -1.651817 1.068674
v 2.845784 -1.990571 1.923122
v 1.990361 -2.234896 1.464011
v 2.099500 -2.015282 0.806225
v 2.581809 -2.310447 2.929517
v 1.791786 -2.449296 2.234633
v 2.581809 -2.310447 2.929517
v 2.189943 -2.466557 4.154846
v 1.489148 -2.595797 3.165287
v 1.791786 -2.449296 2.234633
v 1.518751 -2.549105 5.255078
v 0.973103 -2.684718 3.997328
v 1.518751 -2.549105 5.255078
v 0.416798 -2.648299 5.886180
v 0.134308 -2.726379 4.472115
v 0.973103 -2.684718 3.997328
v -0.893176 -2.697599 6.088274
v -0.866349 -2.723694 4.619780
v -0.893176 -2.697599 6.088274
v -2.188430 -2.630478 5.901481
v -1.867981 -2.679574 4.470458
v -0.866349 -2.723694 4.619780
v -3.279569 -2.483871 5.233058
v -2.722386 -2.584783 3.960849
v -3.279569 -2.483871 5.233058
v -3.977202 -2.294705 3.990264
v -3.281364 -2.430084 3.027658
v -2.722386 -2.584783 3.960849
v -4.355682 -2.090297 2.659508
v -3.589812 -2.264519 2.026420
v -4.355682 -2.090297 2.659508
v -4.489363 -1.897956 1.727203
v -3.692627 -2.137132 1.312668
v -3.589812 -2.264519 2.026420
v -4.493932 -1.736566 1.053434
v -3.692627 -2.030054 0.790040
v -4.493932 -1.736566 1.053434
v -4.485078 -1.625014 0.498289
v -3.692627 -1.925421 0.362173
v -3.692627 -2.030054 0.790040
v -3.440163 -1.706081 -0.580108
v -1.403377 3.270978 -3.265524
v -1.394243 3.199760 -3.389790
v -2.097531 3.051340 -3.308681
v -2.119791 3.114664 -3.181931
v -1.389408 3.093027 -3.400889
v -2.086165 2.949395 -3.320456
v -2.788018 2.731043 -3.275273
v -2.816248 2.821307 -3.262571
v -2.851556 2.870060 -3.127723
v -1.389408 3.093027 -3.400889
v -1.394243 3.199760 -3.389790
v -0.621995 3.195194 -3.471020
v -0.624418 3.095022 -3.481862
v -1.403377 3.270978 -3.265524
v -0.616442 3.267426 -3.343774
v 0.303593 3.151356 -3.396265
v 0.279816 3.088513 -3.527595
v 0.262673 3.002019 -3.538353
v 0.262673 3.002019 -3.538353
v 0.279816 3.088513 -3.527595
v 1.371794 2.930592 -3.534739
v 1.325734 2.860660 -3.545346
v 0.303593 3.151356 -3.396265
v 1.419302 2.970119 -3.402585
v 2.343934 2.785643 -3.566548
v 2.272577 2.779780 -3.728733
v 2.197488 2.720404 -3.744271
v 2.197488 2.720404 -3.744271
v 2.272577 2.779780 -3.728733
v 2.600804 2.694430 -4.345860
v 2.510661 2.630711 -4.376562
v 2.343934 2.785643 -3.566548
v 2.690732 2.659861 -4.091970
v 2.715332 2.531509 -4.781501
v 2.627448 2.617496 -5.069517
v 2.530630 2.549397 -5.104211
v -2.851556 2.870060 -3.127723
v -2.816248 2.821307 -3.262571
v -3.634783 2.581032 -3.286337
v -3.684545 2.608743 -3.137630
v -2.788018 2.731043 -3.275273
v -3.568298 2.504889 -3.300053
v -4.197286 2.283461 -3.504025
v -4.294386 2.339470 -3.482820
v -4.359309 2.348548 -3.298108
v -4.359309 2.348548 -3.298108
v -4.294386 2.339470 -3.482820
v -4.536310 2.105568 -3.954858
v -4.616399 2.107316 -3.695612
v -4.197286 2.283461 -3.504025
v -4.445263 2.079283 -3.996416
v -4.471349 1.922407 -4.655005
v -4.544420 1.925255 -4.609860
v -4.622680 1.891526 -4.348741
v 2.530630 2.549397 -5.104211
v 2.627448 2.617496 -5.069517
v 2.623483 2.491925 -5.583102
v 2.522770 2.434273 -5.589207
v 2.715332 2.531509 -4.781501
v 2.708887 2.386915 -5.266414
v 2.666649 2.224298 -5.625968
v 2.586055 2.336700 -5.965181
v 2.484371 2.295146 -5.937364
v -4.622680 1.891526 -4.348741
v -4.544420 1.925255 -4.609860
v -4.502580 1.844459 -5.355239
v -4.585688 1.757207 -5.070486
v -4.471349 1.922407 -4.655005
v -4.434662 1.842886 -5.357570
v -4.318579 1.736732 -5.974061
v -4.378011 1.735974 -6.015838
v -4.470046 1.601967 -5.699274
v 2.484371 2.295146 -5.937364
v 2.586055 2.336700 -5.965181
v 2.512309 2.170810 -6.294320
v 2.412719 2.141819 -6.254492
v 2.666649 2.224298 -5.625968
v 2.583865 2.041873 -5.939422
v 2.464173 1.822865 -6.230114
v 2.402722 1.968282 -6.593572
v 2.305505 1.955876 -6.551084
v 2.305505 1.955876 -6.551084
v 2.402722 1.968282 -6.593572
v 2.257771 1.703154 -6.885993
v 2.160416 1.718910 -6.837634
v 2.464173 1.822865 -6.230114
v 2.311209 1.550494 -6.521383
v 2.070248 1.229017 -6.789040
v 2.017749 1.378896 -7.132935
v 1.921573 1.426134 -7.076427
v -4.470046 1.601967 -5.699274
v -4.378011 1.735974 -6.015838
v -4.137932 1.472594 -6.416501
v -4.240378 1.323414 -6.073526
v -4.318579 1.736732 -5.974061
v -4.106479 1.499961 -6.374432
v -3.806276 1.215310 -6.625390
v -3.817066 1.154168 -6.652761
v -3.930157 1.005388 -6.310042
v 1.921573 1.426134 -7.076427
v 2.017749 1.378896 -7.132935
v 1.622944 0.998972 -7.295751
v 1.533096 1.072766 -7.229750
v 2.070248 1.229017 -6.789040
v 1.686566 0.862693 -7.008893
v 1.071415 0.546295 -7.139197
v 1.005635 0.667980 -7.371265
v 0.932347 0.759349 -7.303599
v -3.930157 1.005388 -6.310042
v -3.817066 1.154168 -6.652761
v -3.450136 0.880547 -6.820148
v -3.572856 0.731734 -6.525618
v -3.806276 1.215310 -6.625390
v -3.425886 0.965517 -6.793648
v -2.854401 0.760069 -6.932209
v -2.894463 0.662194 -6.962734
v -3.008151 0.517508 -6.722052
v 0.932347 0.759349 -7.303599
v 1.005635 0.667980 -7.371265
v 0.098094 0.490521 -7.356298
v 0.056689 0.586436 -7.303970
v 1.071415 0.546295 -7.139197
v 0.136049 0.374601 -7.138199
v -0.964629 0.325721 -7.045611
v -0.954600 0.444939 -7.268270
v -0.959267 0.540611 -7.233312
v -3.008151 0.517508 -6.722052
v -2.894463 0.662194 -6.962734
v -2.007369 0.509577 -7.124595
v -2.075719 0.377762 -6.901139
v -2.854401 0.760069 -6.932209
v -1.980913 0.608461 -7.094078
v -0.959267 0.540611 -7.233312
v -0.954600 0.444939 -7.268270
v -0.964629 0.325721 -7.045611
v -5.070786 1.578828 -2.662772
v -5.013254 1.964931 -2.386456
v -4.812857 2.095174 -2.957879
v -4.813786 1.776972 -3.603800
v -4.985859 2.154476 -2.231822
v -4.916403 2.256757 -2.318041
v -4.643604 2.407979 -2.282775
v -4.514081 2.356668 -2.779552
v 3.117351 1.623749 -3.437877
v 2.921971 2.073380 -4.363005
v 2.936943 2.271768 -3.970562
v 2.992574 1.586667 -3.891239
v 2.862977 1.889707 -4.644097
v 2.992574 1.586667 -3.891239
v 2.958716 1.267315 -3.754056
v 2.751396 1.659248 -4.903926
v 2.862977 1.889707 -4.644097
v 2.806074 0.915480 -3.913586
v 2.601551 1.394912 -5.164522
v -5.030928 0.733509 -3.434108
v -5.084373 1.149696 -3.064414
v -4.791736 1.496039 -4.240021
v -4.707387 1.218812 -4.757404
v -5.070786 1.578828 -2.662772
v -4.813786 1.776972 -3.603800
v 2.806074 0.915480 -3.913586
v 2.626238 0.595042 -4.129160
v 2.427765 1.109607 -5.447918
v 2.601551 1.394912 -5.164522
v 2.402420 0.300886 -4.447899
v 2.188600 0.806509 -5.772768
v -4.657478 0.084855 -3.811705
v -4.887359 0.386238 -3.614586
v -4.521423 0.911726 -5.046810
v -4.253151 0.605844 -5.285139
v -5.030928 0.733509 -3.434108
v -4.707387 1.218812 -4.757404
v 2.402420 0.300886 -4.447899
v 2.117836 0.027889 -4.916926
v 1.842618 0.488795 -6.157726
v 2.188600 0.806509 -5.772768
v 1.534429 -0.213959 -5.278573
v 1.240893 0.221820 -6.448797
v -3.706210 -0.409908 -4.665727
v -4.345095 -0.193665 -4.231325
v -3.921879 0.332226 -5.649286
v -3.326690 0.127032 -6.011443
v -4.657478 0.084855 -3.811705
v -4.253151 0.605844 -5.285139
v 1.534429 -0.213959 -5.278573
v 0.414144 -0.414664 -5.275173
v 0.234496 0.070939 -6.491990
v 1.240893 0.221820 -6.448797
v -1.015004 -0.475813 -5.229463
v -0.995162 0.013393 -6.389568
v -1.015004 -0.475813 -5.229463
v -2.496823 -0.524455 -4.907194
v -2.266671 0.026423 -6.243794
v -0.995162 0.013393 -6.389568
v -3.706210 -0.409908 -4.665727
v -3.326690 0.127032 -6.011443
v 2.652578 2.849835 -2.696905
v 3.012733 2.706406 -2.802547
v 2.916457 2.546376 -3.376684
v 2.516321 2.783131 -3.115366
v 3.096485 2.597058 -2.680838
v 3.154515 2.395404 -2.739934
v 3.256982 1.839540 -2.918247
v 2.936943 2.271768 -3.970562
v 3.096485 2.597058 -2.680838
v 3.139185 2.689291 -2.455398
v 3.396705 2.472711 -1.894010
v 3.154515 2.395404 -2.739934
v 3.111874 2.814238 -2.230691
v 3.190064 2.865993 -1.753935
v 3.351616 2.977230 -0.750955
v 3.713524 2.512830 -0.662522
v 4.029709 1.960040 -0.528802
v 3.674050 1.879266 -1.712481
v 3.256982 1.839540 -2.918247
v -1.483256 3.762412 -2.347903
v -1.460987 3.688369 -2.434163
v -2.262467 3.480883 -2.337298
v -2.302610 3.560658 -2.249678
v -1.449796 3.617248 -2.568486
v -2.236314 3.417435 -2.473283
v -3.032217 3.094079 -2.374821
v -3.070501 3.142498 -2.230907
v -3.116545 3.225742 -2.127583
v -1.449796 3.617248 -2.568486
v -1.460987 3.688369 -2.434163
v -0.578999 3.688839 -2.488584
v -0.585073 3.618358 -2.627027
v -1.483256 3.762412 -2.347903
v -0.574369 3.751629 -2.397547
v 0.464836 3.570220 -2.417658
v 0.448590 3.511744 -2.513186
v 0.424862 3.451305 -2.656352
v 0.424862 3.451305 -2.656352
v 0.448590 3.511744 -2.513186
v 1.686872 3.186528 -2.520596
v 1.647017 3.146633 -2.663909
v 0.464836 3.570220 -2.417658
v 1.675140 3.260096 -2.427284
v 2.658888 2.979733 -2.414095
v 2.698020 2.883206 -2.538174
v 2.652578 2.849835 -2.696905
v -3.116545 3.225742 -2.127583
v -3.070501 3.142498 -2.230907
v -3.972152 2.749328 -2.147910
v -4.009179 2.837034 -2.006328
v -3.032217 3.094079 -2.374821
v -3.925095 2.722340 -2.306510
v -4.643604 2.407979 -2.282775
v -4.694381 2.430844 -2.092711
v -4.722954 2.529074 -1.875349
v -1.554812 4.250759 -1.828666
v -0.542500 4.175962 -1.847440
v -0.562928 3.903722 -2.179528
v -1.540043 3.944296 -2.141901
v 0.515509 3.973521 -1.842085
v 0.503019 3.713908 -2.188641
v 0.515509 3.973521 -1.842085
v 1.536487 3.739760 -1.869153
v 1.632962 3.449435 -2.206087
v 0.503019 3.713908 -2.188641
v 2.308796 3.595701 -1.767090
v 2.541417 3.235908 -2.099589
v -3.260595 3.809655 -1.526544
v -2.438695 4.101595 -1.729212
v -2.403490 3.761044 -2.038910
v -3.230653 3.442166 -1.871391
v -1.554812 4.250759 -1.828666
v -1.540043 3.944296 -2.141901
v -4.715347 3.213326 -0.748947
v -4.086960 3.456127 -1.198125
v -4.098912 3.075863 -1.640177
v -4.792685 2.803688 -1.301956
v -3.260595 3.809655 -1.526544
v -3.230653 3.442166 -1.871391
v -1.449796 3.617248 -2.568486
v -0.585073 3.618358 -2.627027
v -0.600844 3.443183 -2.987266
v -1.426244 3.444130 -2.918681
v 0.424862 3.451305 -2.656352
v 0.364236 3.301731 -3.028281
v 0.424862 3.451305 -2.656352
v 1.647017 3.146633 -2.663909
v 1.534436 3.058314 -3.035107
v 0.364236 3.301731 -3.028281
v 2.652578 2.849835 -2.696905
v 2.516321 2.783131 -3.115366
v -3.032217 3.094079 -2.374821
v -2.236314 3.417435 -2.473283
v -2.177404 3.266028 -2.829146
v -2.941390 2.982125 -2.752783
v -1.449796 3.617248 -2.568486
v -1.426244 3.444130 -2.918681
v -4.643604 2.407979 -2.282775
v -3.925095 2.722340 -2.306510
v -3.805271 2.665661 -2.723719
v -4.514081 2.356668 -2.779552
v -3.032217 3.094079 -2.374821
v -2.941390 2.982125 -2.752783
v 2.652578 2.849835 -2.696905
v 2.698020 2.883206 -2.538174
v 3.044209 2.771791 -2.593280
v 3.012733 2.706406 -2.802547
v 3.139185 2.689291 -2.455398
v 3.096485 2.597058 -2.680838
v -4.643604 2.407979 -2.282775
v -4.916403 2.256757 -2.318041
v -4.964151 2.316517 -2.069714
v -4.694381 2.430844 -2.092711
v -4.985859 2.154476 -2.231822
v -5.034119 2.188602 -2.018342
v -5.148376 2.089541 -1.668228
v -5.094094 2.234151 -1.677882
v -1.326386 -0.766423 8.450692
v -3.065122 -0.742599 8.269692
v -2.695338 -1.644549 9.299565
v -1.327265 -1.661204 9.388818
v -4.602942 -0.733008 7.417771
v -3.639975 -1.707029 9.117372
v -3.297170 -2.363397 10.545386
v -2.514246 -2.362087 10.698930
v -1.358677 -2.391122 10.784041
v -4.661814 -1.243810 7.304318
v -3.851087 -1.892903 9.058238
v -4.221448 -1.703993 7.303763
v -3.440661 -2.140318 9.117526
v -3.124569 -2.548030 10.528851
v -3.469093 -2.438769 10.487867
v -2.752883 -2.205670 8.055502
v -2.520685 -2.387427 9.290598
v -1.226751 -2.393501 8.227904
v -1.286951 -2.523243 9.390224
v -1.314771 -2.709082 10.769001
v -2.358154 -2.651009 10.670818
v 2.299441 -0.911910 7.152715
v 0.527455 -0.854723 8.104483
v 0.154156 -1.712735 9.169126
v 1.280625 -1.821646 8.906359
v -1.326386 -0.766423 8.450692
v -1.327265 -1.661204 9.388818
v -1.358677 -2.391122 10.784041
v -0.068818 -2.406790 10.636275
v 0.925675 -2.438605 10.453357
v -1.226751 -2.393501 8.227904
v 0.407596 -2.260981 7.944842
v 0.064749 -2.436780 9.229185
v -1.286951 -2.523243 9.390224
v 2.046109 -1.810338 7.122311
v 1.149863 -2.231394 8.992796
v 0.815007 -2.608125 10.524900
v -0.139342 -2.683622 10.678627
v -1.314771 -2.709082 10.769001
v 2.451530 -1.378513 7.086800
v 1.583841 -2.010441 8.866385
v 1.195148 -2.516085 10.433021
v -2.966435 -2.619279 12.183301
v -1.452912 -2.654484 12.455660
v -3.983632 -2.591954 11.756631
v -4.205287 -2.620306 11.605798
v -3.755226 -2.673963 11.735528
v -2.757274 -2.722554 12.150547
v -1.389980 -2.751298 12.437149
v 0.257724 -2.649775 12.143563
v 1.583952 -2.643412 11.704798
v -1.452912 -2.654484 12.455660
v 0.168106 -2.745411 12.181641
v -1.389980 -2.751298 12.437149
v 1.438884 -2.715871 11.772237
v 1.944252 -2.673658 11.597157
v -2.709346 2.755187 -3.476362
v -2.692669 2.767517 -3.463242
v -2.694153 2.833982 -3.564348
v -2.704232 2.842917 -3.593288
v -2.670853 2.782723 -3.465226
v -2.683204 2.857356 -3.585190
v -2.693970 2.924948 -3.699281
v -2.644827 2.781277 -3.459605
v -2.664595 2.842484 -3.562101
v -2.622513 2.780161 -3.469760
v -2.656834 2.856549 -3.589684
v -2.601732 2.762738 -3.471919
v -2.638007 2.832264 -3.573918
v -2.592636 2.748996 -3.487312
v -2.640569 2.840969 -3.604138
v -2.588627 2.722753 -3.492972
v -2.629964 2.809310 -3.592876
v -2.598727 2.707481 -3.507599
v -2.643936 2.819742 -3.620085
v -2.613195 2.684744 -3.510431
v -2.645177 2.787069 -3.607871
v -2.637223 2.679937 -3.518736
v -2.664964 2.805303 -3.628183
v -2.661044 2.670982 -3.514069
v -2.674735 2.778567 -3.610119
v -2.685570 2.682504 -3.514201
v -2.691334 2.806110 -3.623689
v -2.704141 2.689529 -3.501755
v -2.701323 2.788787 -3.598302
v -2.715443 2.713675 -3.496649
v -2.707599 2.821690 -3.609235
v -2.717239 2.729516 -3.480700
v -2.709366 2.811740 -3.579343
v -2.709346 2.755187 -3.476362
v -2.704232 2.842917 -3.593288
v -2.724987 2.608125 -3.213398
v -2.743022 2.617979 -3.217884
v -2.759233 2.567343 -3.215183
v -2.724575 2.563829 -3.208956
v -2.739414 2.634580 -3.252955
v -2.754674 2.587346 -3.252158
v -2.751356 2.538084 -3.249613
v -2.755741 2.514428 -3.210305
v -2.735758 2.520555 -3.207033
v -2.708155 2.658159 -3.217817
v -2.706532 2.672163 -3.251745
v -2.686744 2.630996 -3.210857
v -2.655715 2.662924 -3.211101
v -2.661097 2.682803 -3.215193
v -2.662133 2.695313 -3.248847
v -2.608310 2.686827 -3.210222
v -2.612316 2.699248 -3.244581
v -2.612908 2.652171 -3.205238
v -2.568478 2.653064 -3.201493
v -2.557908 2.671146 -3.203804
v -2.564761 2.684793 -3.239675
v -2.518002 2.636676 -3.196838
v -2.527145 2.652774 -3.234858
v -2.546109 2.615097 -3.195383
v -2.514154 2.584288 -3.190184
v -2.493676 2.589800 -3.190381
v -2.504254 2.609153 -3.230826
v -2.490015 2.536904 -3.185488
v -2.500874 2.559891 -3.228276
v -2.525340 2.541292 -3.187035
v -2.524615 2.496662 -3.183784
v -2.506079 2.486185 -3.182766
v -2.516084 2.512621 -3.227473
v -2.540928 2.445839 -3.182822
v -2.548964 2.474974 -3.228683
v -2.562974 2.473844 -3.185091
v -2.593950 2.441559 -3.186065
v -2.588074 2.421050 -3.185446
v -2.593400 2.451773 -3.231585
v -2.641029 2.417004 -3.190429
v -2.643279 2.447837 -3.235853
v -2.637101 2.452468 -3.190722
v -2.681497 2.451471 -3.195705
v -2.691577 2.432766 -3.196864
v -2.690885 2.462329 -3.240761
v -2.731502 2.467405 -3.203844
v -2.728502 2.494411 -3.245581
v -2.704096 2.489823 -3.200620
v -2.625093 2.552580 -3.197207
v -2.739414 2.634580 -3.252955
v -2.706532 2.672163 -3.251745
v -2.699083 2.711096 -3.346297
v -2.724631 2.683028 -3.351016
v -2.662133 2.695313 -3.248847
v -2.664607 2.728664 -3.342652
v -2.612316 2.699248 -3.244581
v -2.625944 2.732132 -3.340737
v -2.564761 2.684793 -3.239675
v -2.589059 2.722020 -3.340709
v -2.527145 2.652774 -3.234858
v -2.559916 2.698851 -3.342725
v -2.504254 2.609153 -3.230826
v -2.542219 2.666971 -3.346339
v -2.500874 2.559891 -3.228276
v -2.539671 2.630727 -3.351104
v -2.516084 2.512621 -3.227473
v -2.551538 2.595747 -3.356239
v -2.548964 2.474974 -3.228683
v -2.577088 2.567661 -3.360961
v -2.593400 2.451773 -3.231585
v -2.611575 2.550081 -3.364609
v -2.643279 2.447837 -3.235853
v -2.650255 2.546618 -3.366524
v -2.690885 2.462329 -3.240761
v -2.687152 2.556743 -3.366549
v -2.728502 2.494411 -3.245581
v -2.716291 2.579929 -3.364533
v -2.751356 2.538084 -3.249613
v -2.733977 2.611820 -3.360918
v -2.754674 2.587346 -3.252158
v -2.736509 2.648061 -3.356151
v -2.739414 2.634580 -3.252955
v -2.724631 2.683028 -3.351016
v 2.307166 2.556465 -6.135021
v 2.320634 2.533741 -6.153706
v 2.277135 2.646276 -6.265645
v 2.262547 2.683059 -6.280143
v 2.319304 2.520125 -6.186184
v 2.271304 2.661134 -6.306431
v 2.225587 2.789559 -6.417202
v 2.309007 2.490849 -6.202103
v 2.271512 2.618810 -6.295168
v 2.285966 2.478678 -6.222884
v 2.253530 2.639015 -6.327484
v 2.257945 2.455806 -6.222818
v 2.239292 2.599180 -6.310470
v 2.226670 2.456398 -6.223625
v 2.219638 2.629658 -6.330969
v 2.197352 2.449138 -6.203715
v 2.199351 2.598886 -6.302588
v 2.176151 2.466341 -6.187966
v 2.189481 2.638541 -6.314845
v 2.162727 2.474757 -6.155976
v 2.175083 2.618098 -6.276138
v 2.164008 2.502682 -6.136794
v 2.180725 2.660465 -6.288556
v 2.174357 2.517658 -6.107572
v 2.180707 2.645563 -6.246616
v 2.197356 2.544137 -6.100092
v 2.198498 2.682585 -6.267504
v 2.225427 2.552702 -6.086861
v 2.212926 2.665195 -6.231314
v 2.256655 2.566416 -6.099360
v 2.232390 2.691942 -6.264019
v 2.286017 2.559362 -6.105972
v 2.252867 2.665488 -6.239196
v 2.307166 2.556465 -6.135021
v 2.262547 2.683059 -6.280143
v 2.464673 2.278318 -5.850581
v 2.483392 2.298558 -5.847244
v 2.450267 2.300145 -5.785277
v 2.426821 2.266240 -5.807266
v 2.459002 2.334168 -5.883538
v 2.426691 2.336931 -5.826364
v 2.380827 2.322914 -5.781488
v 2.402673 2.283859 -5.736157
v 2.396392 2.265944 -5.756645
v 2.495701 2.277977 -5.913259
v 2.471596 2.313756 -5.944943
v 2.460417 2.249753 -5.901942
v 2.467679 2.231145 -5.957224
v 2.486945 2.242800 -5.973395
v 2.464086 2.279969 -6.001291
v 2.456874 2.197433 -6.017731
v 2.436085 2.237082 -6.043293
v 2.431683 2.190186 -5.979176
v 2.403811 2.152066 -6.014345
v 2.411421 2.149236 -6.040954
v 2.393178 2.192039 -6.065857
v 2.356518 2.105567 -6.037756
v 2.340948 2.151772 -6.063892
v 2.357444 2.122283 -5.994028
v 2.310308 2.087209 -5.988623
v 2.300872 2.072489 -6.010492
v 2.287719 2.121830 -6.039463
v 2.253188 2.056056 -5.961521
v 2.241817 2.107760 -5.994637
v 2.280928 2.085660 -5.937710
v 2.241783 2.074548 -5.894870
v 2.219897 2.057498 -5.899585
v 2.209441 2.110471 -5.937466
v 2.207432 2.078027 -5.833425
v 2.196787 2.130873 -5.876002
v 2.246966 2.101907 -5.842910
v 2.238553 2.121703 -5.787882
v 2.216117 2.113247 -5.773081
v 2.204273 2.164685 -5.819579
v 2.246278 2.158752 -5.728594
v 2.232316 2.207620 -5.777526
v 2.275713 2.161680 -5.765257
v 2.302664 2.201066 -5.730575
v 2.291896 2.207093 -5.705337
v 2.275292 2.252713 -5.754957
v 2.346955 2.250818 -5.708684
v 2.327578 2.292994 -5.756982
v 2.350318 2.229820 -5.750529
v 2.354498 2.175221 -5.872043
v 2.459002 2.334168 -5.883538
v 2.471596 2.313756 -5.944943
v 2.399347 2.410956 -6.035948
v 2.386456 2.430153 -5.991142
v 2.464086 2.279969 -6.001291
v 2.395885 2.382740 -6.078346
v 2.436085 2.237082 -6.043293
v 2.375330 2.349247 -6.111447
v 2.393178 2.192039 -6.065857
v 2.341938 2.315768 -6.131088
v 2.340948 2.151772 -6.063892
v 2.299960 2.287593 -6.133102
v 2.287719 2.121830 -6.039463
v 2.256175 2.268461 -6.118482
v 2.241817 2.107760 -5.994637
v 2.217357 2.262110 -6.088216
v 2.209441 2.110471 -5.937466
v 2.188831 2.268533 -6.047883
v 2.196787 2.130873 -5.876002
v 2.175923 2.287735 -6.003058
v 2.204273 2.164685 -5.819579
v 2.179380 2.315959 -5.960642
v 2.232316 2.207620 -5.777526
v 2.199951 2.349465 -5.927531
v 2.275292 2.252713 -5.754957
v 2.233366 2.382954 -5.907892
v 2.327578 2.292994 -5.756982
v 2.275357 2.411129 -5.905895
v 2.380827 2.322914 -5.781488
v 2.319144 2.430254 -5.920537
v 2.426691 2.336931 -5.826364
v 2.357950 2.436589 -5.950811
v 2.459002 2.334168 -5.883538
v 2.386456 2.430153 -5.991142
v 0.437312 3.109033 -3.776336
v 0.457642 3.107659 -3.762658
v 0.497997 3.174990 -3.854747
v 0.495839 3.191709 -3.881852
v 0.484281 3.107559 -3.763858
v 0.521087 3.190161 -3.873111
v 0.554926 3.265421 -3.977476
v 0.504474 3.090634 -3.759750
v 0.526930 3.164472 -3.852950
v 0.522310 3.078134 -3.771058
v 0.542235 3.174843 -3.878971
v 0.529210 3.052355 -3.776343
v 0.543025 3.142375 -3.867222
v 0.529124 3.037986 -3.793722
v 0.546896 3.154728 -3.895998
v 0.517359 3.015238 -3.802718
v 0.536854 3.121645 -3.889202
v 0.500728 3.010633 -3.818573
v 0.532339 3.141600 -3.914217
v 0.475858 3.001030 -3.823426
v 0.512031 3.114423 -3.906015
v 0.453752 3.012102 -3.831053
v 0.507092 3.143148 -3.922958
v 0.429019 3.018057 -3.826334
v 0.483098 3.124941 -3.907812
v 0.415720 3.041536 -3.823852
v 0.485943 3.158466 -3.917099
v 0.404286 3.056344 -3.809740
v 0.467003 3.147038 -3.893540
v 0.408912 3.081686 -3.801187
v 0.481282 3.178581 -3.900072
v 0.416144 3.093457 -3.783363
v 0.473175 3.167768 -3.871559
v 0.437312 3.109033 -3.776336
v 0.495839 3.191709 -3.881852
v 0.331420 2.965985 -3.532726
v 0.322573 2.984922 -3.535084
v 0.279954 2.953134 -3.537752
v 0.305960 2.929476 -3.533722
v 0.336190 3.000693 -3.568015
v 0.296374 2.971340 -3.572204
v 0.270462 2.929391 -3.575828
v 0.251997 2.907842 -3.539515
v 0.271724 2.900813 -3.536516
v 0.374248 2.997149 -3.531865
v 0.384709 3.011827 -3.563879
v 0.375742 2.961991 -3.529324
v 0.419520 2.969823 -3.527225
v 0.426777 2.989479 -3.528601
v 0.434199 3.004455 -3.560394
v 0.471955 2.961580 -3.525798
v 0.476927 2.978291 -3.558154
v 0.447982 2.935667 -3.524838
v 0.484578 2.910230 -3.523216
v 0.503732 2.918991 -3.523836
v 0.507142 2.938529 -3.557400
v 0.516059 2.867253 -3.523092
v 0.519088 2.890365 -3.558375
v 0.480619 2.865920 -3.522877
v 0.488643 2.821955 -3.523047
v 0.508523 2.814587 -3.523587
v 0.512342 2.841460 -3.560809
v 0.480715 2.769211 -3.525341
v 0.486481 2.799475 -3.564430
v 0.454529 2.793362 -3.524592
v 0.429168 2.756556 -3.526824
v 0.438166 2.737268 -3.528006
v 0.446685 2.770062 -3.568620
v 0.386409 2.724897 -3.531235
v 0.398130 2.758876 -3.572764
v 0.384743 2.760501 -3.528992
v 0.340839 2.752505 -3.532344
v 0.333726 2.732500 -3.534512
v 0.348582 2.766228 -3.576258
v 0.288398 2.760480 -3.537321
v 0.305802 2.792429 -3.578497
v 0.312150 2.786833 -3.533500
v 0.275560 2.812324 -3.536362
v 0.256550 2.803221 -3.539283
v 0.275568 2.832251 -3.579246
v 0.244306 2.855107 -3.540020
v 0.263657 2.880466 -3.578265
v 0.279518 2.856925 -3.535459
v 0.380122 2.861412 -3.528366
v 0.336190 3.000693 -3.568015
v 0.384709 3.011827 -3.563879
v 0.416193 3.050967 -3.653256
v 0.379267 3.043712 -3.660078
v 0.434199 3.004455 -3.560394
v 0.454343 3.044736 -3.649216
v 0.476927 2.978291 -3.558154
v 0.487787 3.024941 -3.648811
v 0.507142 2.938529 -3.557400
v 0.511973 2.995469 -3.651838
v 0.519088 2.890365 -3.558375
v 0.522351 2.960208 -3.658093
v 0.512342 2.841460 -3.560809
v 0.518408 2.924745 -3.666424
v 0.486481 2.799475 -3.564430
v 0.499632 2.894666 -3.675675
v 0.446685 2.770062 -3.568620
v 0.469857 2.873986 -3.684425
v 0.398130 2.758876 -3.572764
v 0.432919 2.866717 -3.691252
v 0.348582 2.766228 -3.576258
v 0.394753 2.872946 -3.695296
v 0.305802 2.792429 -3.578497
v 0.361298 2.892754 -3.695699
v 0.275568 2.832251 -3.579246
v 0.337110 2.922243 -3.692668
v 0.263657 2.880466 -3.578265
v 0.326744 2.957516 -3.686410
v 0.270462 2.929391 -3.575828
v 0.330703 2.992981 -3.678079
v 0.296374 2.971340 -3.572204
v 0.349490 3.023048 -3.668826
v 0.336190 3.000693 -3.568015
v 0.379267 3.043712 -3.660078
v -4.104054 1.576773 -3.176634
v -4.180265 1.565465 -3.134900
v -4.209990 1.438740 -3.314437
v -4.075093 1.492693 -3.339377
v -4.248153 1.728040 -3.275556
v -4.276219 1.607401 -3.446460
v -4.234207 1.519591 -3.633767
v -4.166087 1.346454 -3.511332
v -4.092216 1.391662 -3.495034
v -4.075954 1.709263 -3.002418
v -4.148967 1.865027 -3.149341
v -3.975665 1.692746 -3.108571
v -3.882051 1.815492 -3.005779
v -3.917775 1.847897 -2.932810
v -3.998378 1.997119 -3.082963
v -3.726450 1.959128 -2.941898
v -3.816102 2.103074 -3.091573
v -3.717191 1.877475 -3.063909
v -3.556200 1.968443 -3.081767
v -3.532291 2.028749 -3.022633
v -3.631109 2.169326 -3.168454
v -3.365610 2.042555 -3.167965
v -3.472373 2.182308 -3.306890
v -3.450398 1.939356 -3.231108
v -3.316564 1.946428 -3.360323
v -3.248812 2.002515 -3.352019
v -3.361222 2.143977 -3.482144
v -3.204302 1.910598 -3.548917
v -3.318983 2.056293 -3.669474
v -3.330953 1.842043 -3.513028
v -3.303558 1.761825 -3.679068
v -3.233444 1.784008 -3.728833
v -3.346847 1.935691 -3.840541
v -3.337604 1.639950 -3.861941
v -3.446004 1.798609 -3.967002
v -3.429501 1.641855 -3.744963
v -3.525621 1.522422 -3.851027
v -3.496024 1.500884 -3.932047
v -3.596706 1.666363 -4.033560
v -3.687947 1.389271 -3.922961
v -3.779202 1.560270 -4.024916
v -3.688926 1.456178 -3.790235
v -3.852631 1.368951 -3.774699
v -3.882677 1.319502 -3.841851
v -3.964389 1.493968 -3.947862
v -4.049520 1.305969 -3.695889
v -4.123161 1.481094 -3.809190
v -3.956599 1.394433 -3.621907
v -3.701664 1.664652 -3.424832
v -4.248153 1.728040 -3.275556
v -4.148967 1.865027 -3.149341
v -4.341143 2.310858 -3.592310
v -4.421071 2.200458 -3.694105
v -3.998378 1.997119 -3.082963
v -4.219757 2.417345 -3.538760
v -4.486751 2.910930 -4.047230
v -4.575843 2.836928 -4.087046
v -4.635337 2.757276 -4.160997
v -3.816102 2.103074 -3.091573
v -4.072807 2.502780 -3.545705
v -3.631109 2.169326 -3.168454
v -3.923679 2.556208 -3.607716
v -4.274888 2.999593 -4.096322
v -4.381371 2.966531 -4.051661
v -3.472373 2.182308 -3.306890
v -3.795758 2.566671 -3.719368
v -3.361222 2.143977 -3.482144
v -3.706227 2.535770 -3.860682
v -4.117878 2.983413 -4.278683
v -4.182484 3.005982 -4.177196
v -3.318983 2.056293 -3.669474
v -3.672269 2.465103 -4.011675
v -3.346847 1.935691 -3.840541
v -3.694800 2.367929 -4.149521
v -4.112370 2.857594 -4.481858
v -4.094794 2.929598 -4.385186
v -3.446004 1.798609 -3.967002
v -3.774736 2.257505 -4.251388
v -3.596706 1.666363 -4.033560
v -3.896164 2.150982 -4.304982
v -4.256081 2.706452 -4.591964
v -4.169745 2.780456 -4.553855
v -3.779202 1.560270 -4.024916
v -4.043170 2.065513 -4.298011
v -3.964389 1.493968 -3.947862
v -4.192339 2.012074 -4.235936
v -4.467297 2.604773 -4.543136
v -4.360537 2.643850 -4.586975
v -4.123161 1.481094 -3.809190
v -4.320256 2.001643 -4.124221
v -4.234207 1.519591 -3.633767
v -4.409750 2.032588 -3.982872
v -4.626637 2.629385 -4.365396
v -4.560547 2.601342 -4.464697
v -4.276219 1.607401 -3.446460
v -4.443647 2.103281 -3.831896
v -4.248153 1.728040 -3.275556
v -4.421071 2.200458 -3.694105
v -4.635337 2.757276 -4.160997
v -4.651917 2.684729 -4.258972
v -4.961463 3.433014 -4.593440
v -5.002527 3.522392 -4.643547
v -5.016933 3.460537 -4.690618
v -4.974237 3.371367 -4.645525
v -4.980857 3.514310 -4.655288
v -4.989637 3.460750 -4.695761
v -4.972379 3.403725 -4.732740
v -4.993106 3.394079 -4.734221
v -4.952267 3.308162 -4.696008
v -4.980857 3.514310 -4.655288
v -5.002527 3.522392 -4.643547
v -4.946032 3.574021 -4.591844
v -4.942796 3.558969 -4.610960
v -4.961463 3.433014 -4.593440
v -4.910600 3.484398 -4.542894
v -4.848629 3.511562 -4.512100
v -4.896555 3.591248 -4.566154
v -4.895352 3.598943 -4.562465
v -4.907433 3.597343 -4.567625
v -4.898964 3.578697 -4.587360
v -4.794113 3.541419 -4.607970
v -4.791326 3.554529 -4.590694
v -4.734929 3.547603 -4.638958
v -4.746892 3.534903 -4.650773
v -4.728296 3.492611 -4.538539
v -4.669086 3.488452 -4.590639
v -4.628674 3.471385 -4.650949
v -4.698641 3.528873 -4.694659
v -4.713982 3.521189 -4.697748
v -4.698237 3.467084 -4.742463
v -4.708551 3.475318 -4.735948
v -4.623619 3.416964 -4.702854
v -4.642016 3.362236 -4.743827
v -4.715003 3.422050 -4.771391
v -4.714051 3.417197 -4.771420
v -4.709470 3.426841 -4.764122
v -4.721314 3.432165 -4.757427
v -4.909367 3.527175 -4.642366
v -4.913952 3.489703 -4.678771
v -4.867423 3.526262 -4.639566
v -4.845334 3.472369 -4.693017
v -4.817081 3.476439 -4.685614
v -4.847698 3.527589 -4.633832
v -4.832341 3.532266 -4.620194
v -4.802656 3.505351 -4.650177
v -4.873433 3.580346 -4.580102
v -4.842476 3.565691 -4.582285
v -4.775074 3.497229 -4.679719
v -4.752238 3.491128 -4.706885
v -4.787311 3.454782 -4.720026
v -4.802357 3.459468 -4.708012
v -4.736796 3.470278 -4.729742
v -4.755901 3.440254 -4.740834
v -4.843073 3.424996 -4.728270
v -4.861865 3.370760 -4.757839
v -4.901647 3.378124 -4.752151
v -4.908637 3.419344 -4.728156
v -4.890033 3.319448 -4.785002
v -4.932324 3.348675 -4.766593
v -4.913223 3.455149 -4.705531
v -4.913952 3.489703 -4.678771
v -4.845334 3.472369 -4.693017
v -4.837337 3.448735 -4.714653
v -4.776433 3.233404 -4.389267
v -4.827267 3.173052 -4.446681
v -4.704201 3.280230 -4.355401
v -4.626599 3.302609 -4.356810
v -4.549622 3.309680 -4.390172
v -4.789742 3.508306 -4.511280
v -4.479265 3.310577 -4.452168
v -4.430223 3.292424 -4.527197
v -4.417191 3.242343 -4.599669
v -4.434624 3.181556 -4.663639
v -4.476978 3.131282 -4.713163
v -4.538137 3.084486 -4.740158
v -4.721242 3.302620 -4.798775
v -4.675729 3.330926 -4.778522
v -4.611987 3.034133 -4.736541
v -4.690030 3.003013 -4.706527
v -4.836837 3.229748 -4.775343
v -4.776369 3.258050 -4.795949
v -4.763772 3.013917 -4.654334
v -4.818793 3.053920 -4.588087
v -4.898901 3.252105 -4.741737
v -4.840672 3.110094 -4.515913
v -4.827267 3.173052 -4.446681
v -4.961463 3.433014 -4.593440
v -4.974237 3.371367 -4.645525
v -4.883670 3.599029 -4.560928
v -4.852054 3.580910 -4.565197
v -4.732479 3.414459 -4.771688
v -4.721368 3.409997 -4.778440
v -4.745294 3.400331 -4.799145
v -4.752519 3.405674 -4.791813
v -4.784303 3.378389 -4.817024
v -4.783235 3.385777 -4.821458
v -4.773004 3.393919 -4.818500
v -4.777480 3.400425 -4.806597
v -4.797611 3.385988 -4.810184
v -4.795030 3.378023 -4.822393
v -4.832531 3.337291 -4.814444
v -4.831500 3.348804 -4.805768
v -4.884017 3.307930 -4.798828
v -4.884440 3.297925 -4.800446
v -4.871590 3.301810 -4.804956
v -4.864418 3.319516 -4.794983
v -4.897436 3.299588 -4.795136
v -4.934898 3.328640 -4.775518
v -4.789646 3.418490 -4.771727
v -4.768888 3.417089 -4.771719
v -4.796544 3.436136 -4.736811
v -4.763946 3.426565 -4.751760
v -4.842664 3.370065 -4.765570
v -4.826304 3.375896 -4.781818
v -4.816703 3.421823 -4.740242
v -4.804460 3.407975 -4.774292
v -4.822145 3.466639 -4.697668
v -4.853129 3.525994 -4.638505
v -4.884050 3.585244 -4.579455
v -4.798974 3.442353 -4.724770
v -4.762284 3.429986 -4.744820
v -4.725700 3.417598 -4.764781
v -4.807754 3.439242 -4.731757
v -4.796872 3.418813 -4.771756
v -4.786063 3.398535 -4.811576
v -4.820980 3.426705 -4.728549
v -4.848361 3.368214 -4.759943
v -4.875661 3.309757 -4.791262
v -4.843073 3.424996 -4.728270
v -4.837337 3.448735 -4.714653
v -4.811625 3.446510 -4.717854
v -4.820980 3.426705 -4.728549
v -4.807754 3.439242 -4.731757
v -4.816703 3.421823 -4.740242
v -4.894378 3.605060 -4.559609
v -4.713371 3.413370 -4.771440
v -4.782410 3.391718 -4.824950
v -4.884773 3.290052 -4.801723
v -3.776674 0.437116 -8.001236
v -3.806194 0.459650 -7.977208
v -3.900528 0.360326 -8.135555
v -3.902849 0.326725 -8.178919
v -3.838204 0.482060 -7.974132
v -3.936368 0.354811 -8.160171
v -4.007841 0.247727 -8.319202
v -3.849063 0.526346 -7.964172
v -3.928512 0.406553 -8.126289
v -3.856170 0.558641 -7.980227
v -3.947723 0.400852 -8.164061
v -3.841913 0.603914 -7.990251
v -3.924705 0.458355 -8.143838
v -3.825696 0.622168 -8.021906
v -3.930262 0.437878 -8.188311
v -3.790957 0.645192 -8.042297
v -3.891336 0.485386 -8.177921
v -3.763473 0.633079 -8.074389
v -3.894214 0.444199 -8.218716
v -3.724711 0.624465 -8.089105
v -3.847953 0.471813 -8.208574
v -3.704178 0.584199 -8.105531
v -3.860695 0.416113 -8.237464
v -3.676228 0.552280 -8.098375
v -3.819969 0.425586 -8.217840
v -3.675557 0.503320 -8.089748
v -3.849340 0.370072 -8.233573
v -3.674710 0.475529 -8.059701
v -3.823777 0.373785 -8.200291
v -3.703685 0.445317 -8.038863
v -3.866801 0.333046 -8.209323
v -3.731279 0.439740 -8.011420
v -3.857145 0.346753 -8.166207
v -3.776674 0.437116 -8.001236
v -3.902849 0.326725 -8.178919
v -3.463424 0.649013 -7.483524
v -3.545396 0.673845 -7.479554
v -3.691229 0.568502 -7.752696
v -3.634721 0.548420 -7.764917
v -3.598907 0.713079 -7.465559
v -3.731091 0.602716 -7.740264
v -3.622599 0.770995 -7.458555
v -3.750769 0.650379 -7.737614
v -3.625514 0.838127 -7.470265
v -3.752221 0.703339 -7.747264
v -3.616694 0.905006 -7.512419
v -3.737402 0.753443 -7.771734
v -3.589332 0.955105 -7.567984
v -3.708338 0.792028 -7.805637
v -3.536621 0.971899 -7.619931
v -3.667056 0.810429 -7.843586
v -3.473392 0.960116 -7.665469
v -3.620496 0.807431 -7.879727
v -3.414482 0.924488 -7.701808
v -3.575599 0.781815 -7.908206
v -3.355648 0.866145 -7.714246
v -3.533067 0.737395 -7.920534
v -3.292651 0.786218 -7.688080
v -3.493603 0.677981 -7.908226
v -3.244361 0.709324 -7.626637
v -3.469312 0.619577 -7.874786
v -3.229649 0.660077 -7.533242
v -3.472301 0.578185 -7.823723
v -3.261862 0.635922 -7.460360
v -3.503815 0.552985 -7.779588
v -3.354350 0.634303 -7.460457
v -3.565103 0.543156 -7.766933
v -3.463424 0.649013 -7.483524
v -3.634721 0.548420 -7.764917
v -3.001619 0.812688 -6.845661
v -3.009876 0.795894 -6.842083
v -2.809104 0.732252 -6.763245
v -2.872413 0.794388 -6.824955
v -3.071547 0.777972 -6.924156
v -2.881332 0.720278 -6.851637
v -2.737958 0.686666 -6.836008
v -2.660509 0.693363 -6.745622
v -2.742314 0.740629 -6.816766
v -3.149110 0.842910 -6.854276
v -3.202371 0.822971 -6.935163
v -3.127309 0.875722 -6.891880
v -3.201521 0.912738 -6.847848
v -3.231929 0.897415 -6.829887
v -3.280151 0.876126 -6.912497
v -3.263454 0.983523 -6.798977
v -3.311235 0.958286 -6.883996
v -3.213726 0.980800 -6.851004
v -3.269026 1.079750 -6.865581
v -3.286772 1.090618 -6.820189
v -3.332762 1.059639 -6.903089
v -3.344971 1.208089 -6.952165
v -3.381870 1.170375 -7.023207
v -3.273316 1.149593 -6.965949
v -3.314021 1.227103 -7.082761
v -3.371322 1.282843 -7.108464
v -3.400321 1.242185 -7.166678
v -3.299097 1.261781 -7.202644
v -3.329880 1.226756 -7.255834
v -3.239326 1.189683 -7.152300
v -3.177513 1.168733 -7.229708
v -3.187512 1.193034 -7.261385
v -3.224015 1.165996 -7.313336
v -3.095784 1.124729 -7.311366
v -3.136195 1.101811 -7.361849
v -3.087687 1.087227 -7.233459
v -3.007350 1.024489 -7.272088
v -3.004942 1.039201 -7.323828
v -3.049159 1.019347 -7.374502
v -2.896013 0.918782 -7.270013
v -2.945643 0.903752 -7.324421
v -2.938258 0.933217 -7.202055
v -2.816129 0.829135 -7.102582
v -2.782474 0.800305 -7.138301
v -2.840270 0.790212 -7.201510
v -2.677803 0.720606 -6.917073
v -2.747656 0.713914 -6.995668
v -2.775412 0.785545 -6.939025
v -3.065602 0.974668 -7.007198
v -3.071547 0.777972 -6.924156
v -3.202371 0.822971 -6.935163
v -3.358454 0.762642 -7.175316
v -3.249215 0.727271 -7.170620
v -3.280151 0.876126 -6.912497
v -3.425535 0.809448 -7.157012
v -3.311235 0.958286 -6.883996
v -3.453519 0.880537 -7.138935
v -3.332762 1.059639 -6.903089
v -3.465685 0.966185 -7.154327
v -3.381870 1.170375 -7.023207
v -3.485314 1.056666 -7.236434
v -3.400321 1.242185 -7.166678
v -3.479825 1.119048 -7.337424
v -3.329880 1.226756 -7.255834
v -3.416641 1.120401 -7.409471
v -3.224015 1.165996 -7.313336
v -3.330271 1.083997 -7.462351
v -3.136195 1.101811 -7.361849
v -3.255221 1.033109 -7.505843
v -3.049159 1.019347 -7.374502
v -3.180202 0.960896 -7.518438
v -2.945643 0.903752 -7.324421
v -3.093927 0.860520 -7.478628
v -2.840270 0.790212 -7.201510
v -3.014456 0.763043 -7.383249
v -2.747656 0.713914 -6.995668
v -2.959852 0.699528 -7.229141
v -2.737958 0.686666 -6.836008
v -2.972493 0.674001 -7.110044
v -2.881332 0.720278 -6.851637
v -3.094754 0.690486 -7.119699
v -3.071547 0.777972 -6.924156
v -3.249215 0.727271 -7.170620
v -1.054713 4.068891 6.009760
v -1.093505 4.037809 5.814291
v -0.905752 3.935234 5.580027
v -0.992647 3.927355 5.890348
v -1.101050 4.209436 5.901138
v -1.070911 4.164741 5.706886
v -1.009042 4.325469 5.792647
v -0.938102 4.233788 5.631051
v -0.832585 4.349016 5.747839
v -0.772875 4.204510 5.631206
v -0.675046 4.266284 5.792963
v -0.672018 4.094054 5.707263
v -0.628709 4.125736 5.901585
v -0.694611 3.967124 5.814666
v -0.720717 4.009705 6.010076
v -0.827420 3.898076 5.890503
v -0.897174 3.986159 6.054883
v -0.574098 6.060150 8.715802
v -0.558232 6.043476 8.711504
v -0.534983 6.128881 8.936922
v -0.539911 6.151728 8.981638
v -0.535733 6.040000 8.726791
v -0.518200 6.140326 8.987857
v -0.504105 6.221003 9.201991
v -0.513382 6.035529 8.711546
v -0.506279 6.123796 8.936950
v -0.492760 6.045734 8.715878
v -0.493883 6.143570 8.981682
v -0.477332 6.054272 8.690960
v -0.483207 6.135793 8.923775
v -0.470354 6.073994 8.689458
v -0.481203 6.159562 8.966730
v -0.471199 6.088726 8.661805
v -0.479282 6.157843 8.905116
v -0.481638 6.108221 8.663005
v -0.487588 6.178931 8.951761
v -0.498576 6.118709 8.641160
v -0.496803 6.177032 8.891903
v -0.520004 6.128367 8.652017
v -0.509299 6.190331 8.945542
v -0.543426 6.126656 8.641118
v -0.525507 6.182117 8.891876
v -0.562976 6.122633 8.662929
v -0.533617 6.187088 8.951717
v -0.579476 6.107913 8.661704
v -0.548579 6.170123 8.905050
v -0.585383 6.094378 8.689350
v -0.546297 6.171095 8.966669
v -0.585609 6.073459 8.690859
v -0.552504 6.148070 8.923710
v -0.574098 6.060150 8.715802
v -0.539911 6.151728 8.981638
v -1.054713 4.068891 6.009760
v -0.992647 3.927355 5.890348
v -0.938402 4.300879 6.449967
v -1.011185 4.355401 6.415750
v -0.897174 3.986159 6.054883
v -0.847370 4.269372 6.462668
v -0.752008 4.810881 7.096519
v -0.821890 4.835068 7.086770
v -0.877763 4.876922 7.060501
v -0.827420 3.898076 5.890503
v -0.751032 4.267675 6.450143
v -0.720717 4.009705 6.010076
v -0.663884 4.293858 6.416077
v -0.611151 4.829677 7.060750
v -0.678052 4.809577 7.086905
v -0.694611 3.967124 5.814666
v -0.600424 4.345980 6.364143
v -0.628709 4.125736 5.901585
v -0.568211 4.414511 6.303264
v -0.537706 4.922297 6.974146
v -0.562435 4.869689 7.020885
v -0.672018 4.094054 5.707263
v -0.574803 4.489919 6.242344
v -0.675046 4.266284 5.792963
v -0.616394 4.560657 6.190313
v -0.574694 5.034491 6.887442
v -0.542766 4.980186 6.927382
v -0.772875 4.204510 5.631206
v -0.689176 4.615177 6.156096
v -0.832585 4.349016 5.747839
v -0.780208 4.646684 6.143394
v -0.700450 5.100532 6.851421
v -0.630567 5.076344 6.861171
v -0.938102 4.233788 5.631051
v -0.876547 4.648378 6.155920
v -1.009042 4.325469 5.792647
v -0.963694 4.622200 6.189989
v -0.841306 5.081736 6.887189
v -0.774405 5.101831 6.861035
v -1.070911 4.164741 5.706886
v -1.027154 4.570076 6.241920
v -1.101050 4.209436 5.901138
v -1.059368 4.501545 6.302802
v -0.914752 4.989112 6.973794
v -0.890022 5.041721 6.927055
v -1.093505 4.037809 5.814291
v -1.052776 4.426137 6.363719
v -1.054713 4.068891 6.009760
v -1.011185 4.355401 6.415750
v -0.877763 4.876922 7.060501
v -0.909691 4.931223 7.020557
v -0.721986 5.309178 7.628636
v -0.765508 5.341781 7.608174
v -0.667552 5.290339 7.636231
v -0.601255 5.666831 8.082348
v -0.643626 5.681498 8.076437
v -0.677503 5.706873 8.060509
v -0.609945 5.289325 7.628741
v -0.557834 5.304978 7.608369
v -0.515850 5.678227 8.060661
v -0.556414 5.666041 8.076519
v -0.519886 5.336145 7.577316
v -0.500624 5.377127 7.540913
v -0.471319 5.734385 8.008152
v -0.486313 5.702487 8.036489
v -0.504566 5.422217 7.504486
v -0.529436 5.464518 7.473372
v -0.493746 5.802412 7.955579
v -0.474387 5.769485 7.979797
v -0.572957 5.497118 7.452909
v -0.627392 5.515960 7.445315
v -0.569994 5.842453 7.933742
v -0.527623 5.827787 7.939652
v -0.684999 5.516973 7.452806
v -0.737110 5.501318 7.473176
v -0.655399 5.831058 7.955429
v -0.614835 5.843244 7.939570
v -0.775057 5.470150 7.504230
v -0.794320 5.429172 7.540637
v -0.699930 5.774899 8.007936
v -0.684936 5.806797 7.979599
v -0.790378 5.384079 7.577064
v -0.765508 5.341781 7.608174
v -0.677503 5.706873 8.060509
v -0.696862 5.739799 8.036291
v -0.591744 5.910306 8.431034
v -0.616831 5.929098 8.419239
v -0.560367 5.899446 8.435411
v -0.527160 5.898860 8.431094
v -0.497121 5.907885 8.419352
v -0.475247 5.925849 8.401451
v -0.464144 5.949471 8.380466
v -0.466416 5.975463 8.359468
v -0.480752 5.999846 8.341535
v -0.505839 6.018640 8.329740
v -0.537217 6.029500 8.325361
v -0.570423 6.030085 8.329679
v -0.600462 6.021060 8.341422
v -0.622336 6.003095 8.359322
v -0.633439 5.979473 8.380307
v -0.631167 5.953481 8.401304
v -0.616831 5.929098 8.419239
v -1.317085 2.205951 6.692333
v -1.319791 2.238101 6.575531
v -1.192707 2.210588 6.436156
v -1.280134 2.147990 6.597236
v -1.318434 2.312541 6.664030
v -1.282412 2.328021 6.549433
v -1.241526 2.387720 6.639578
v -1.189894 2.365075 6.534230
v -1.131414 2.387444 6.633299
v -1.096432 2.327559 6.538828
v -1.052599 2.311882 6.648872
v -1.056775 2.237448 6.560534
v -1.051250 2.205292 6.677175
v -1.094154 2.147527 6.586631
v -1.128157 2.130116 6.701627
v -1.186672 2.110474 6.601834
v -1.238270 2.130388 6.707906
v -1.168243 2.613792 8.684662
v -1.160047 2.603650 8.679384
v -1.164855 2.596235 8.824615
v -1.170817 2.599210 8.854187
v -1.149049 2.595390 8.688455
v -1.159955 2.588796 8.856333
v -1.169216 2.582552 8.993620
v -1.134677 2.593467 8.680633
v -1.148618 2.589718 8.825414
v -1.122234 2.595324 8.686925
v -1.144780 2.588759 8.855468
v -1.109563 2.603525 8.676506
v -1.132545 2.596155 8.822773
v -1.103504 2.613631 8.680970
v -1.134182 2.599119 8.852098
v -1.099417 2.627933 8.669421
v -1.126052 2.611776 8.818239
v -1.103833 2.639589 8.674078
v -1.134368 2.613808 8.848198
v -1.110182 2.652393 8.663529
v -1.132941 2.627431 8.814468
v -1.123027 2.657991 8.670285
v -1.145229 2.624222 8.846051
v -1.135552 2.662577 8.662282
v -1.149178 2.633948 8.813669
v -1.149842 2.658058 8.671814
v -1.160404 2.624259 8.846916
v -1.160665 2.652519 8.666409
v -1.165251 2.627511 8.816310
v -1.168571 2.639750 8.677769
v -1.171003 2.613899 8.850286
v -1.170812 2.628110 8.673492
v -1.171744 2.611890 8.820844
v -1.168243 2.613792 8.684662
v -1.170817 2.599210 8.854187
v -1.317085 2.205951 6.692333
v -1.280134 2.147990 6.597236
v -1.279171 2.217510 6.996779
v -1.312521 2.264251 6.986257
v -1.238270 2.130388 6.707906
v -1.230567 2.185678 7.002451
v -1.198787 2.324131 7.486157
v -1.236099 2.348567 7.481803
v -1.261701 2.384449 7.473726
v -1.186672 2.110474 6.601834
v -1.173184 2.174966 7.001993
v -1.128157 2.130116 6.701627
v -1.116068 2.185394 6.995922
v -1.110890 2.323914 7.481145
v -1.154736 2.315907 7.485806
v -1.094154 2.147527 6.586631
v -1.068267 2.216985 6.984753
v -1.051250 2.205292 6.677175
v -1.036097 2.263565 6.970495
v -1.049499 2.383923 7.461627
v -1.074194 2.348166 7.472571
v -1.056775 2.237448 6.560534
v -1.025879 2.318954 6.955158
v -1.052599 2.311882 6.648872
v -1.037500 2.374401 6.941066
v -1.050575 2.469007 7.439034
v -1.041654 2.426445 7.449852
v -1.096432 2.327559 6.538828
v -1.070850 2.421143 6.930544
v -1.131414 2.387444 6.633299
v -1.119455 2.452975 6.924872
v -1.113490 2.529325 7.426603
v -1.076177 2.504889 7.430957
v -1.189894 2.365075 6.534230
v -1.176838 2.463686 6.925330
v -1.241526 2.387720 6.639578
v -1.233953 2.453259 6.931401
v -1.201386 2.529546 7.431614
v -1.157541 2.537549 7.426954
v -1.282412 2.328021 6.549433
v -1.281755 2.421667 6.942570
v -1.318434 2.312541 6.664030
v -1.313924 2.375087 6.956827
v -1.262778 2.469536 7.451134
v -1.238082 2.505291 7.440188
v -1.319791 2.238101 6.575531
v -1.324142 2.319695 6.972165
v -1.317085 2.205951 6.692333
v -1.312521 2.264251 6.986257
v -1.261701 2.384449 7.473726
v -1.270622 2.427014 7.462908
v -1.197198 2.470581 7.899328
v -1.217140 2.498533 7.893036
v -1.168134 2.451546 7.902719
v -1.146672 2.546591 8.241980
v -1.169296 2.561407 8.239340
v -1.184819 2.583164 8.234442
v -1.133821 2.445141 7.902446
v -1.099668 2.451376 7.898816
v -1.093378 2.546459 8.238940
v -1.119963 2.541605 8.241767
v -1.071084 2.470268 7.892137
v -1.051847 2.498122 7.883611
v -1.056156 2.582844 8.227106
v -1.071129 2.561164 8.233742
v -1.045737 2.531244 7.874440
v -1.052686 2.564399 7.866013
v -1.056808 2.634433 8.213408
v -1.051399 2.608626 8.219967
v -1.072629 2.592349 7.859721
v -1.101692 2.611382 7.856330
v -1.094955 2.671006 8.205870
v -1.072332 2.656190 8.208510
v -1.136006 2.617789 7.856604
v -1.170159 2.611552 7.860234
v -1.148249 2.671138 8.208909
v -1.121664 2.675992 8.206083
v -1.198743 2.592662 7.866912
v -1.217979 2.564809 7.875438
v -1.185472 2.634753 8.220744
v -1.170498 2.656434 8.214108
v -1.224089 2.531687 7.884609
v -1.217140 2.498533 7.893036
v -1.184819 2.583164 8.234442
v -1.190228 2.608971 8.227882
v -1.159220 2.598903 8.491825
v -1.170715 2.615014 8.488198
v -1.142466 2.587931 8.493780
v -1.122687 2.584238 8.493623
v -1.103000 2.587833 8.491529
v -1.086523 2.598722 8.487680
v -1.075435 2.614777 8.482765
v -1.071913 2.633870 8.477479
v -1.075919 2.652981 8.472622
v -1.087414 2.669092 8.468995
v -1.104167 2.680064 8.467040
v -1.123947 2.683757 8.467197
v -1.143633 2.680162 8.469290
v -1.160110 2.669273 8.473140
v -1.171198 2.653218 8.478054
v -1.174721 2.634125 8.483341
v -1.170715 2.615014 8.488198
v -6.389785 -0.681223 2.634512
v -6.305189 -0.889794 2.637884
v -5.871737 -0.532128 2.738137
v -5.943102 -0.200391 2.756732
v -6.221455 -1.090786 2.544403
v -5.800737 -0.857073 2.620317
v -5.564156 -0.583816 2.673790
v -5.518349 -0.215598 2.803641
v -5.655942 -0.005401 2.792011
v -6.429854 -0.516934 1.538116
v -6.428130 -0.532094 1.731819
v -5.970298 -0.026415 1.836834
v -5.971028 -0.012830 1.638385
v -6.426406 -0.547253 1.925523
v -5.969568 -0.040000 2.035283
v -5.574884 0.258449 2.104132
v -5.575067 0.269656 1.893996
v -5.575249 0.280863 1.683859
v -6.239111 -0.957151 1.096982
v -6.324023 -0.747251 1.093968
v -5.877579 -0.423448 1.150544
v -5.806214 -0.755185 1.131949
v -6.407442 -0.547589 1.187091
v -5.948578 -0.098503 1.268363
v -5.658376 0.079225 1.321949
v -5.519809 -0.131150 1.229567
v -5.566590 -0.499190 1.203727
v -6.202175 -1.092451 1.805615
v -6.204529 -1.074632 1.612625
v -5.780478 -0.901991 1.654949
v -5.779748 -0.915576 1.853398
v -6.206883 -1.056815 1.419636
v -5.781209 -0.888406 1.456500
v -5.463639 -0.582783 1.508804
v -5.463457 -0.593989 1.718940
v -5.463274 -0.605196 1.929076
v -5.574884 0.258449 2.104132
v -5.400553 -0.071903 2.040692
v -5.400553 -0.061488 1.826660
v -5.575067 0.269656 1.893996
v -5.463274 -0.605196 1.929076
v -5.463457 -0.593989 1.718940
v -5.463639 -0.582783 1.508804
v -5.400553 -0.051074 1.612628
v -5.575249 0.280863 1.683859
v -6.423422 -0.567730 2.117798
v -5.968838 -0.053585 2.233732
v -6.420438 -0.588206 2.310074
v -5.968107 -0.067170 2.432181
v -5.574519 0.236035 2.524405
v -5.574701 0.247242 2.314269
v -5.574519 0.236035 2.524405
v -5.400553 -0.092731 2.468756
v -5.400553 -0.082317 2.254724
v -5.574701 0.247242 2.314269
v -5.462909 -0.627610 2.349349
v -5.463091 -0.616403 2.139213
v -6.197467 -1.128086 2.191594
v -6.199821 -1.110268 1.998604
v -5.779018 -0.929161 2.051847
v -5.778288 -0.942746 2.250296
v -5.463091 -0.616403 2.139213
v -5.462909 -0.627610 2.349349
v -6.418714 -0.603366 2.503777
v -5.967377 -0.080755 2.630630
v -5.574336 0.224828 2.734541
v -5.462726 -0.638817 2.559485
v -5.400553 -0.103145 2.682788
v -5.574336 0.224828 2.734541
v -6.221455 -1.090786 2.544403
v -6.195112 -1.145904 2.384583
v -5.777557 -0.956331 2.448745
v -5.800737 -0.857073 2.620317
v -5.462726 -0.638817 2.559485
v -5.564156 -0.583816 2.673790
v -6.209238 -1.038996 1.226646
v -5.781939 -0.874820 1.258050
v -5.463821 -0.571576 1.298667
v -5.400553 -0.040660 1.398596
v -5.575431 0.292070 1.473723
v -5.463821 -0.571576 1.298667
v -5.566590 -0.499190 1.203727
v -5.519809 -0.131150 1.229567
v -5.658376 0.079225 1.321949
v -6.432839 -0.496458 1.345840
v -5.971758 0.000756 1.439936
v -5.575431 0.292070 1.473723
v -6.997830 -1.437684 2.692295
v -7.048138 -1.329635 2.779960
v -7.562515 -1.591652 3.006283
v -7.554379 -1.655899 2.916835
v -7.111439 -1.217646 2.744253
v -7.615978 -1.528740 2.945961
v -7.959393 -1.721917 3.047971
v -8.038521 -1.807039 3.114854
v -7.929224 -1.787357 3.033605
v -7.149055 -0.963949 0.908611
v -7.088114 -1.059591 0.824512
v -7.515156 -1.210379 0.569703
v -7.572133 -1.169174 0.652029
v -7.035447 -1.183987 0.856653
v -7.510533 -1.296333 0.622904
v -7.836532 -1.371329 0.498706
v -7.918971 -1.358472 0.433318
v -7.866702 -1.305890 0.513072
v -7.066259 -1.370129 1.765740
v -7.054151 -1.401128 2.005870
v -7.774934 -1.619992 2.053278
v -7.797459 -1.583359 1.765908
v -6.980453 -1.413755 2.243688
v -7.506049 -1.583139 2.331398
v -7.858423 -1.693360 2.390314
v -8.075630 -1.731543 2.221499
v -8.431094 -1.826910 2.197298
v -8.408180 -1.793360 2.028315
v -8.445117 -1.764067 1.770777
v -7.001851 -1.456520 2.501823
v -7.617552 -1.666836 2.690787
v -8.119961 -1.841020 2.939956
v -8.272575 -1.863722 2.785295
v -7.976136 -1.760573 2.631371
v -7.146401 -1.186990 2.564611
v -7.688780 -1.521809 2.722698
v -7.123474 -1.155561 2.303203
v -7.583764 -1.430284 2.364496
v -7.893695 -1.604501 2.406652
v -8.007833 -1.679918 2.646418
v -8.288091 -1.819294 2.792920
v -8.144050 -1.784682 2.951131
v -7.198701 -1.131597 2.068658
v -7.846161 -1.474965 2.085189
v -7.216004 -1.082708 1.833395
v -7.876865 -1.419943 1.803011
v -8.471251 -1.703133 1.783250
v -8.432269 -1.737023 2.039490
v -8.446609 -1.782482 2.204923
v -8.107327 -1.650887 2.236546
v -8.631392 -1.797015 1.771598
v -8.557240 -1.835180 2.134801
v -8.487596 -1.845626 2.280665
v -8.391896 -1.844309 2.486189
v -8.395704 -1.840293 2.491880
v -8.395299 -1.833432 2.487921
v -8.492830 -1.828892 2.283330
v -8.370463 -1.855198 2.721891
v -8.308365 -1.871128 2.887065
v -8.365229 -1.871932 2.719226
v -7.210670 -1.065567 1.587797
v -7.842224 -1.385571 1.508050
v -7.145861 -1.023803 1.344879
v -7.569680 -1.252702 1.223807
v -7.856219 -1.392819 1.142069
v -8.085502 -1.498132 1.319701
v -8.438684 -1.633100 1.336691
v -8.430019 -1.650577 1.519021
v -7.176938 -0.982334 1.088387
v -7.655477 -1.227364 0.856711
v -8.058660 -1.389472 0.580872
v -8.234411 -1.466838 0.709432
v -7.961297 -1.388329 0.883668
v -7.032388 -1.251865 1.025599
v -7.584249 -1.372390 0.824800
v -7.002840 -1.281997 1.285365
v -7.491965 -1.405557 1.190710
v -7.820946 -1.481678 1.125731
v -7.929600 -1.468985 0.868621
v -8.218896 -1.511266 0.701807
v -8.034571 -1.445809 0.569697
v -7.066120 -1.335098 1.525010
v -7.770996 -1.530598 1.476139
v -8.405930 -1.706915 1.507846
v -8.423169 -1.677528 1.329066
v -8.053805 -1.578788 1.304654
v -8.486398 -1.635470 1.239085
v -8.552773 -1.699276 1.396135
v -8.376762 -1.555417 1.014374
v -8.368118 -1.564353 1.015687
v -8.373360 -1.566294 1.012642
v -8.481162 -1.652204 1.236421
v -8.228100 -1.477723 0.620820
v -8.322475 -1.526565 0.769395
v -8.327711 -1.509831 0.772059
v -6.980453 -1.413755 2.243688
v -6.571223 -1.273580 2.193239
v -6.565457 -1.297755 2.401016
v -7.001851 -1.456520 2.501823
v -6.587004 -1.266818 2.568273
v -6.997830 -1.437684 2.692295
v -7.066259 -1.370129 1.765740
v -6.582755 -1.225231 1.777685
v -6.576989 -1.249405 1.985462
v -7.054151 -1.401128 2.005870
v -7.002840 -1.281997 1.285365
v -6.594286 -1.176881 1.362132
v -6.588521 -1.201056 1.569909
v -7.066120 -1.335098 1.525010
v -7.035447 -1.183987 0.856653
v -6.630248 -1.085506 1.009948
v -6.600052 -1.152706 1.154355
v -7.032388 -1.251865 1.025599
v -7.149055 -0.963949 0.908611
v -6.784213 -0.796412 1.077069
v -6.709302 -0.932257 0.992278
v -7.088114 -1.059591 0.824512
v -7.145861 -1.023803 1.344879
v -6.793692 -0.816236 1.444965
v -6.801979 -0.781427 1.240044
v -7.176938 -0.982334 1.088387
v -7.216004 -1.082708 1.833395
v -6.787202 -0.843317 1.866230
v -6.790447 -0.829777 1.655597
v -7.210670 -1.065567 1.587797
v -7.123474 -1.155561 2.303203
v -6.770629 -0.912936 2.276072
v -6.778915 -0.878126 2.071151
v -7.198701 -1.131597 2.068658
v -6.740969 -0.977724 2.635395
v -6.767384 -0.926476 2.486704
v -7.146401 -1.186990 2.564611
v -6.587004 -1.266818 2.568273
v -6.663176 -1.125656 2.654492
v -8.310189 -1.525931 1.031955
v -8.372858 -1.544323 1.016872
v -8.435995 -1.591657 1.146333
v -8.402728 -1.589792 1.190351
v -8.376762 -1.555417 1.014374
v -8.486398 -1.635470 1.239085
v -8.438684 -1.633100 1.336691
v -8.391896 -1.844309 2.486189
v -8.487596 -1.845626 2.280665
v -8.435484 -1.848502 2.364383
v -8.379555 -1.847111 2.480439
v -8.431094 -1.826910 2.197298
v -8.400606 -1.838698 2.327575
v -8.316557 -1.834395 2.470024
v -8.272575 -1.863722 2.785295
v -8.365229 -1.871932 2.719226
v -8.375335 -1.865822 2.614878
v -8.325420 -1.860348 2.640694
v -8.234411 -1.466838 0.709432
v -8.327711 -1.509831 0.772059
v -8.358477 -1.521406 0.873135
v -8.305830 -1.501978 0.848854
v -7.820946 -1.481678 1.125731
v -8.053805 -1.578788 1.304654
v -8.195705 -1.587185 1.190302
v -8.075638 -1.528692 1.073432
v -8.423169 -1.677528 1.329066
v -8.390095 -1.630176 1.183921
v -8.297538 -1.566371 1.025516
v -8.085502 -1.498132 1.319701
v -8.212736 -1.532745 1.198969
v -7.856219 -1.392819 1.142069
v -8.093785 -1.470684 1.082668
v -8.075630 -1.731543 2.221499
v -8.219095 -1.788217 2.325597
v -7.858423 -1.693360 2.390314
v -8.109069 -1.771754 2.431957
v -7.893695 -1.604501 2.406652
v -8.107327 -1.650887 2.236546
v -8.236126 -1.733777 2.334265
v -8.127216 -1.713745 2.441193
v -8.446609 -1.782482 2.204923
v -8.413240 -1.798314 2.334005
v -8.329208 -1.793955 2.476463
v -7.976136 -1.760573 2.631371
v -8.158946 -1.805536 2.576092
v -8.288091 -1.819294 2.792920
v -8.007833 -1.679918 2.646418
v -8.175977 -1.751097 2.584760
v -8.338054 -1.819963 2.647124
v -8.218896 -1.511266 0.701807
v -7.929600 -1.468985 0.868621
v -8.118186 -1.516933 0.917104
v -8.293196 -1.542362 0.842424
v -7.961297 -1.388329 0.883668
v -8.135218 -1.462494 0.925772
v -8.386884 -1.823683 2.484169
v -8.383711 -1.839047 2.619140
v -8.395299 -1.833432 2.487921
v -8.370463 -1.855198 2.721891
v -8.492830 -1.828892 2.283330
v -8.443860 -1.821728 2.368645
v -8.373360 -1.566294 1.012642
v -8.322475 -1.526565 0.769395
v -8.350100 -1.548180 0.868872
v -8.365529 -1.567751 1.013142
v -8.481162 -1.652204 1.236421
v -8.427618 -1.618432 1.142070
v -2.118230 3.562704 -1.791341
v -2.037704 3.605201 -1.787243
v -2.000956 3.581647 -1.640945
v -2.112819 3.516275 -1.639615
v -1.977602 3.670046 -1.809383
v -1.910289 3.670867 -1.665598
v -1.857277 3.692705 -1.494562
v -1.974674 3.577183 -1.462641
v -2.119514 3.492539 -1.460918
v -1.931300 3.743212 -1.837844
v -1.850971 3.776183 -1.712271
v -1.919889 3.819961 -1.885664
v -1.827172 3.886771 -1.775457
v -1.749656 3.972260 -1.636807
v -1.780472 3.829070 -1.554995
v -1.925685 3.896182 -1.935302
v -1.843057 3.991806 -1.849645
v -1.967136 3.955187 -1.991048
v -1.895216 4.081522 -1.927228
v -1.837760 4.224424 -1.833322
v -1.770225 4.108260 -1.732867
v -2.023005 4.005682 -2.042391
v -1.980237 4.146154 -2.000595
v -2.101296 4.024073 -2.085281
v -2.088431 4.180729 -2.062941
v -2.087937 4.352879 -2.009044
v -1.947846 4.308111 -1.928318
v -2.186087 4.029887 -2.118207
v -2.210112 4.180272 -2.107462
v -2.271125 4.000305 -2.132370
v -2.333015 4.146500 -2.130758
v -2.404626 4.308558 -2.096854
v -2.245490 4.352287 -2.066690
v -2.352638 3.959551 -2.133790
v -2.444878 4.081128 -2.129427
v -2.411754 3.892963 -2.114328
v -2.535546 3.991908 -2.104774
v -2.666864 4.108393 -2.063210
v -2.549467 4.223915 -2.095131
v -2.459043 3.821540 -2.083188
v -2.594863 3.886592 -2.058101
v -2.469467 3.743048 -2.038047
v -2.618663 3.776004 -1.994916
v -2.774485 3.828838 -1.920965
v -2.743669 3.972028 -2.002777
v -2.464657 3.668570 -1.985730
v -2.602777 3.670969 -1.920727
v -2.422220 3.607822 -1.932663
v -2.550618 3.581254 -1.843144
v -2.686380 3.576674 -1.724450
v -2.753916 3.692838 -1.824904
v -2.367337 3.559070 -1.878641
v -2.465598 3.516621 -1.769778
v -2.288059 3.538937 -1.838430
v -2.357403 3.482046 -1.707431
v -2.436204 3.448220 -1.548728
v -2.576295 3.492987 -1.629454
v -2.204256 3.534865 -1.802826
v -2.235723 3.482503 -1.662910
v -2.118230 3.562704 -1.791341
v -2.112819 3.516275 -1.639615
v -2.119514 3.492539 -1.460918
v -2.278651 3.448811 -1.491081
v -1.965091 3.597652 -1.266163
v -2.139321 3.495833 -1.264091
v -1.823873 3.736615 -1.304561
v -1.810654 3.801250 -1.100479
v -1.972237 3.642247 -1.056543
v -2.171594 3.525745 -1.054172
v -1.731484 3.900649 -1.377257
v -1.694415 4.072894 -1.475670
v -1.662527 4.186025 -1.296263
v -1.704942 3.988940 -1.183657
v -1.719157 4.236489 -1.591222
v -1.800397 4.376225 -1.712059
v -1.783793 4.533098 -1.566742
v -1.690838 4.373211 -1.428478
v -1.932819 4.476892 -1.826331
v -2.101336 4.530744 -1.923437
v -2.128131 4.709901 -1.808603
v -1.935312 4.648283 -1.697493
v -2.290858 4.530032 -1.992780
v -2.482285 4.477430 -2.029064
v -2.564017 4.648899 -1.929463
v -2.344984 4.709087 -1.887946
v -2.656515 4.375612 -2.026992
v -2.797733 4.236649 -1.988594
v -2.924956 4.373394 -1.883156
v -2.763373 4.532397 -1.927092
v -2.890122 4.072615 -1.915899
v -2.927191 3.900369 -1.817486
v -3.073083 3.988620 -1.687372
v -3.030668 4.185705 -1.799978
v -2.902449 3.736775 -1.701934
v -2.821209 3.597039 -1.581096
v -2.951818 3.641546 -1.416893
v -3.044773 3.801433 -1.555156
v -2.688787 3.496372 -1.466825
v -2.520270 3.442520 -1.369718
v -2.607480 3.464744 -1.175032
v -2.800298 3.526362 -1.286142
v -2.330748 3.443232 -1.300375
v -2.139321 3.495833 -1.264091
v -2.171594 3.525745 -1.054172
v -2.390626 3.465558 -1.095689
v -1.996144 3.710164 -0.838811
v -2.215688 3.581865 -0.836200
v -1.818199 3.885267 -0.887196
v -1.846069 3.986372 -0.670044
v -2.036021 3.799454 -0.618394
v -2.270379 3.662498 -0.615608
v -1.701782 4.091963 -0.978797
v -1.655073 4.309004 -1.102805
v -1.671935 4.438702 -0.900202
v -1.721796 4.207016 -0.767826
v -1.686250 4.515145 -1.248409
v -1.788618 4.691222 -1.400673
v -1.814491 4.846712 -1.218170
v -1.705216 4.658753 -1.055631
v -1.955480 4.818071 -1.544664
v -2.167824 4.885928 -1.667025
v -2.219285 5.054555 -1.502494
v -1.992613 4.982120 -1.371876
v -2.406636 4.885031 -1.754402
v -2.647847 4.818749 -1.800122
v -2.731699 4.982844 -1.644573
v -2.474211 5.053598 -1.595768
v -2.867390 4.690451 -1.797512
v -3.045335 4.515347 -1.749127
v -3.156009 4.658969 -1.590137
v -2.966057 4.845888 -1.641786
v -3.161752 4.308651 -1.657526
v -3.208462 4.091610 -1.533518
v -3.330142 4.206639 -1.359978
v -3.280282 4.438326 -1.492354
v -3.177285 3.885469 -1.387914
v -3.074917 3.709392 -1.235650
v -3.187587 3.798630 -1.042011
v -3.296862 3.986588 -1.204550
v -2.908055 3.582544 -1.091659
v -2.695711 3.514687 -0.969298
v -2.782793 3.590786 -0.757686
v -3.009465 3.663222 -0.888304
v -2.456899 3.515583 -0.881921
v -2.215688 3.581865 -0.836200
v -2.270379 3.662498 -0.615608
v -2.527867 3.591743 -0.664413
v -2.091077 3.908170 -0.400721
v -2.334443 3.765949 -0.397827
v -1.893824 4.102273 -0.454356
v -1.960053 4.229951 -0.245391
v -2.159781 4.033413 -0.191084
v -2.406199 3.889409 -0.188154
v -1.764775 4.331397 -0.555897
v -1.712997 4.571989 -0.693361
v -1.776958 4.705559 -0.487394
v -1.829386 4.461949 -0.348206
v -1.747557 4.800498 -0.854764
v -1.861032 4.995681 -1.023550
v -1.926850 5.134565 -0.821725
v -1.811952 4.936934 -0.650821
v -2.046001 5.136294 -1.183165
v -2.281386 5.211514 -1.318803
v -2.352476 5.353105 -1.120681
v -2.114139 5.276942 -0.983341
v -2.546111 5.210520 -1.415662
v -2.813496 5.137046 -1.466343
v -2.891260 5.277703 -1.270072
v -2.620521 5.352099 -1.218755
v -3.056861 4.994825 -1.463449
v -3.254115 4.800722 -1.409814
v -3.337406 4.937161 -1.212834
v -3.137678 5.133699 -1.267141
v -3.383164 4.571599 -1.308273
v -3.434942 4.331006 -1.170809
v -3.520501 4.461554 -0.970831
v -3.468074 4.705163 -1.110019
v -3.400382 4.102497 -1.009406
v -3.286906 3.907314 -0.840620
v -3.370609 4.032547 -0.636500
v -3.485507 4.230178 -0.807404
v -3.101938 3.766701 -0.681005
v -2.866553 3.691481 -0.545367
v -2.944983 3.814007 -0.337544
v -3.183321 3.890171 -0.474884
v -2.601828 3.692475 -0.448508
v -2.334443 3.765949 -0.397827
v -2.406199 3.889409 -0.188154
v -2.676938 3.815013 -0.239470
v -2.240598 4.172287 0.005224
v -2.483963 4.030066 0.008118
v -2.043344 4.366390 -0.048411
v -2.141450 4.508144 0.131912
v -2.331402 4.321225 0.183561
v -2.565760 4.184268 0.186348
v -1.914295 4.595514 -0.149952
v -1.862517 4.836106 -0.287416
v -1.967316 4.960473 -0.098247
v -2.017178 4.728786 0.034129
v -1.897077 5.064616 -0.448819
v -2.010553 5.259799 -0.617605
v -2.109872 5.368483 -0.416214
v -2.000597 5.180524 -0.253676
v -2.195521 5.400411 -0.777220
v -2.430906 5.475631 -0.912858
v -2.514666 5.576326 -0.700539
v -2.287994 5.503891 -0.569921
v -2.695631 5.474637 -1.009717
v -2.963016 5.401163 -1.060398
v -3.027081 5.504615 -0.842617
v -2.769593 5.575369 -0.793812
v -3.206382 5.258943 -1.057504
v -3.403635 5.064839 -1.003870
v -3.451391 5.180740 -0.788181
v -3.261438 5.367659 -0.839831
v -3.532684 4.835716 -0.902328
v -3.584462 4.595123 -0.764865
v -3.625524 4.728410 -0.558023
v -3.575663 4.960097 -0.690399
v -3.549902 4.366614 -0.603462
v -3.436427 4.171431 -0.434675
v -3.482968 4.320401 -0.240055
v -3.592243 4.508359 -0.402594
v -3.251458 4.030819 -0.275061
v -3.016073 3.955599 -0.139422
v -3.078174 4.112557 0.044269
v -3.304846 4.184993 -0.086349
v -2.751348 3.956592 -0.042563
v -2.483963 4.030066 0.008118
v -2.565760 4.184268 0.186348
v -2.823248 4.113514 0.137542
v -2.430068 4.476662 0.339287
v -2.649612 4.348363 0.341897
v -2.252124 4.651765 0.290902
v -2.372503 4.793718 0.424931
v -2.534086 4.634715 0.468867
v -2.733442 4.518213 0.471237
v -2.135707 4.858461 0.199301
v -2.088997 5.075502 0.075293
v -2.224376 5.178493 0.229147
v -2.266791 4.981408 0.341752
v -2.120174 5.281643 -0.070311
v -2.222542 5.457721 -0.222576
v -2.345641 5.525566 -0.041333
v -2.252687 5.365679 0.096931
v -2.389404 5.584569 -0.366566
v -2.601748 5.652426 -0.488927
v -2.689980 5.702368 -0.283193
v -2.497161 5.640750 -0.172083
v -2.840560 5.651529 -0.576305
v -3.081771 5.585248 -0.622025
v -3.125865 5.641367 -0.404053
v -2.906833 5.701554 -0.362536
v -3.301315 5.456948 -0.619414
v -3.479260 5.281845 -0.571030
v -3.486805 5.365862 -0.357746
v -3.325222 5.524865 -0.401682
v -3.595676 5.075150 -0.479428
v -3.642386 4.858109 -0.355420
v -3.634932 4.981088 -0.161962
v -3.592517 5.178172 -0.274568
v -3.611209 4.651967 -0.209816
v -3.508842 4.475890 -0.057552
v -3.513666 4.634014 0.108517
v -3.606621 4.793901 -0.029747
v -3.341979 4.349042 0.086438
v -3.129635 4.281185 0.208800
v -3.169328 4.457212 0.350378
v -3.362147 4.518829 0.239268
v -2.890824 4.282081 0.296177
v -2.649612 4.348363 0.341897
v -2.733442 4.518213 0.471237
v -2.952475 4.458026 0.429721
v -2.640944 4.791501 0.568767
v -2.815174 4.689682 0.570839
v -2.499726 4.930463 0.530369
v -2.630595 5.058720 0.604985
v -2.747992 4.943197 0.636906
v -2.892833 4.858554 0.638629
v -2.407337 5.094498 0.457674
v -2.370268 5.266743 0.359260
v -2.522974 5.338275 0.462739
v -2.553790 5.195085 0.544552
v -2.395010 5.430338 0.243709
v -2.476250 5.570073 0.122871
v -2.611079 5.590439 0.266225
v -2.543543 5.474274 0.366679
v -2.608672 5.670741 0.008599
v -2.777189 5.724592 -0.088507
v -2.861255 5.718893 0.090503
v -2.721164 5.674125 0.171229
v -2.966711 5.723881 -0.157850
v -3.158138 5.671279 -0.194134
v -3.177945 5.674573 0.002693
v -3.018808 5.718302 0.032856
v -3.332369 5.569460 -0.192062
v -3.473587 5.430498 -0.153664
v -3.440182 5.474407 0.036336
v -3.322785 5.589930 0.004415
v -3.565975 5.266463 -0.080968
v -3.603044 5.094218 0.017445
v -3.547803 5.194852 0.178582
v -3.516987 5.338042 0.096769
v -3.578302 4.930624 0.132997
v -3.497062 4.790888 0.253834
v -3.459699 4.942688 0.375097
v -3.527234 5.058853 0.274642
v -3.364640 4.690221 0.368106
v -3.196123 4.636369 0.465212
v -3.209522 4.814234 0.550819
v -3.349613 4.859002 0.470093
v -3.006601 4.637081 0.534555
v -2.815174 4.689682 0.570839
v -2.892833 4.858554 0.638629
v -3.051969 4.814826 0.608465
v -2.852581 5.085984 0.671202
v -2.964444 5.020613 0.672532
v -2.761913 5.175204 0.646549
v -2.885705 5.274149 0.656103
v -2.944821 5.207561 0.675564
v -3.026334 5.166807 0.674145
v -2.702596 5.280520 0.599876
v -2.678796 5.391109 0.536691
v -2.827992 5.424064 0.579822
v -2.838416 5.345572 0.624963
v -2.694682 5.496143 0.462502
v -2.746841 5.585859 0.384919
v -2.875239 5.559290 0.474438
v -2.832802 5.498543 0.527505
v -2.831861 5.650491 0.311552
v -2.940056 5.685066 0.249206
v -3.009400 5.628176 0.380205
v -2.930122 5.608043 0.420416
v -3.061737 5.684609 0.204685
v -3.184640 5.650837 0.181390
v -3.179229 5.604408 0.333116
v -3.093203 5.632247 0.344601
v -3.296503 5.585465 0.182720
v -3.387170 5.496246 0.207373
v -3.319858 5.497067 0.351158
v -3.259755 5.561911 0.329018
v -3.446488 5.390929 0.254046
v -3.470287 5.280341 0.317231
v -3.377570 5.347152 0.427439
v -3.366159 5.423900 0.379619
v -3.454402 5.175307 0.391420
v -3.402243 5.085591 0.469003
v -3.330323 5.211926 0.532823
v -3.371774 5.270930 0.477077
v -3.317222 5.020958 0.542369
v -3.209028 4.986384 0.604716
v -3.196163 5.143040 0.627056
v -3.274454 5.161430 0.584166
v -3.087347 4.986840 0.649237
v -2.964444 5.020613 0.672532
v -3.026334 5.166807 0.674145
v -3.111372 5.137226 0.659981
v -2.078683 3.642003 -1.887701
v -2.053908 3.689189 -1.917629
v -2.134743 3.627487 -1.907258
v -2.168819 3.735827 -2.032062
v -2.009775 3.731380 -1.920471
v -2.020734 3.775362 -1.961476
v -2.053908 3.689189 -1.917629
v -2.168819 3.735827 -2.032062
v -2.006139 3.830445 -1.983585
v -2.047892 3.853092 -2.022052
v -2.020734 3.775362 -1.961476
v -2.168819 3.735827 -2.032062
v -2.069164 3.901358 -2.052937
v -2.125010 3.892688 -2.076219
v -2.047892 3.853092 -2.022052
v -2.168819 3.735827 -2.032062
v -2.174777 3.917033 -2.102035
v -2.222630 3.879026 -2.103286
v -2.125010 3.892688 -2.076219
v -2.168819 3.735827 -2.032062
v -2.282637 3.871482 -2.112127
v -2.303465 3.817325 -2.092915
v -2.222630 3.879026 -2.103286
v -2.168819 3.735827 -2.032062
v -2.351545 3.782106 -2.079357
v -2.336639 3.731152 -2.049068
v -2.303465 3.817325 -2.092915
v -2.168819 3.735827 -2.032062
v -2.355181 3.683041 -2.016243
v -2.309481 3.653422 -1.988492
v -2.336639 3.731152 -2.049068
v -2.168819 3.735827 -2.032062
v -2.292156 3.612128 -1.946891
v -2.232363 3.613826 -1.934325
v -2.309481 3.653422 -1.988492
v -2.168819 3.735827 -2.032062
v -2.186543 3.596453 -1.897793
v -2.134743 3.627487 -1.907258
v -2.232363 3.613826 -1.934325
v -2.168819 3.735827 -2.032062
v -3.014822 5.295630 0.653902
v -3.074830 5.288086 0.645061
v -2.993994 5.349787 0.634690
v -3.128640 5.431285 0.573837
v -2.945914 5.385007 0.621132
v -2.993994 5.349787 0.634690
v -2.960820 5.435961 0.590843
v -3.128640 5.431285 0.573837
v -2.942278 5.484071 0.558018
v -2.960820 5.435961 0.590843
v -2.987978 5.513690 0.530267
v -3.128640 5.431285 0.573837
v -3.005303 5.554984 0.488666
v -2.987978 5.513690 0.530267
v -3.065096 5.553287 0.476100
v -3.128640 5.431285 0.573837
v -3.110916 5.570659 0.439568
v -3.065096 5.553287 0.476100
v -3.162716 5.539625 0.449033
v -3.128640 5.431285 0.573837
v -3.218776 5.525109 0.429476
v -3.162716 5.539625 0.449033
v -3.243551 5.477924 0.459403
v -3.128640 5.431285 0.573837
v -3.287684 5.435732 0.462246
v -3.243551 5.477924 0.459403
v -3.276725 5.391750 0.503251
v -3.128640 5.431285 0.573837
v -3.291320 5.336668 0.525360
v -3.276725 5.391750 0.503251
v -3.249567 5.314021 0.563827
v -3.128640 5.431285 0.573837
v -3.228295 5.265755 0.594712
v -3.249567 5.314021 0.563827
v -3.172450 5.274424 0.617993
v -3.128640 5.431285 0.573837
v -3.122682 5.250080 0.643810
v -3.172450 5.274424 0.617993
v -3.074830 5.288086 0.645061
v -3.128640 5.431285 0.573837
v 2.326127 3.089668 -3.886501
v 2.400831 3.004303 -3.841174
v 2.783906 3.389721 -4.157528
v 2.826817 3.515344 -4.235801
v 2.511164 2.946484 -3.866433
v 2.923608 3.430515 -4.224401
v 3.289458 3.853376 -4.540530
v 2.544491 2.833060 -3.903980
v 2.876026 3.279912 -4.197803
v 2.586653 2.779118 -4.000400
v 2.974538 3.339259 -4.300383
v 2.558450 2.696126 -4.093406
v 2.892343 3.195424 -4.319303
v 2.540064 2.699758 -4.209957
v 2.949773 3.295034 -4.419230
v 2.450714 2.680949 -4.298514
v 2.823299 3.185749 -4.450851
v 2.388408 2.750318 -4.372355
v 2.863821 3.323746 -4.511331
v 2.272929 2.791321 -4.399145
v 2.709338 3.256555 -4.515395
v 2.217657 2.899912 -4.392442
v 2.767031 3.408575 -4.522727
v 2.129252 2.962587 -4.336330
v 2.617217 3.366364 -4.475121
v 2.127854 3.060903 -4.258444
v 2.716101 3.499831 -4.446750
v 2.103858 3.094408 -4.146873
v 2.600900 3.450852 -4.353621
v 2.171605 3.138967 -4.048871
v 2.740865 3.544055 -4.327899
v 2.211612 3.109560 -3.941773
v 2.669944 3.460526 -4.222073
v 2.326127 3.089668 -3.886501
v 2.826817 3.515344 -4.235801
v 1.337283 2.090074 -2.945329
v 1.338545 2.147790 -2.877209
v 1.165591 2.220529 -3.007710
v 1.217772 2.109643 -3.089633
v 1.472495 2.280272 -3.009499
v 1.301583 2.346497 -3.133807
v 1.178945 2.364510 -3.304672
v 1.036683 2.239706 -3.187229
v 1.086679 2.170028 -3.207522
v 1.543991 2.034395 -2.820111
v 1.686999 2.180811 -2.955029
v 1.475214 1.961677 -2.950955
v 1.638406 1.859704 -2.913296
v 1.721929 1.887528 -2.839298
v 1.869073 2.046566 -2.973215
v 1.812358 1.714377 -2.937651
v 1.942693 1.875990 -3.066869
v 1.673609 1.725037 -3.037957
v 1.757955 1.588437 -3.129573
v 1.836145 1.554463 -3.095073
v 1.946496 1.715211 -3.216806
v 1.814155 1.447309 -3.291467
v 1.919117 1.610358 -3.403838
v 1.697523 1.537620 -3.299641
v 1.682583 1.459696 -3.468053
v 1.741395 1.399676 -3.495324
v 1.849633 1.565039 -3.597889
v 1.612868 1.418328 -3.675135
v 1.727119 1.582861 -3.768881
v 1.548899 1.516144 -3.583657
v 1.437532 1.541013 -3.731081
v 1.451433 1.495785 -3.806220
v 1.573386 1.656628 -3.893418
v 1.279946 1.624569 -3.863898
v 1.410244 1.779143 -3.948105
v 1.302568 1.668789 -3.723665
v 1.160945 1.783116 -3.763978
v 1.124367 1.782014 -3.845001
v 1.262315 1.928875 -3.930017
v 1.010653 1.945458 -3.746362
v 1.154224 2.084294 -3.836226
v 1.103091 1.906429 -3.636702
v 1.015485 2.043925 -3.546873
v 0.952444 2.090420 -3.588362
v 1.098897 2.222185 -3.686051
v 0.963377 2.192419 -3.391382
v 1.109260 2.319331 -3.498809
v 1.068064 2.089166 -3.373688
v 1.381001 1.810860 -3.335412
v 1.472495 2.280272 -3.009499
v 1.686999 2.180811 -2.955029
v 2.003904 2.552724 -3.367862
v 1.838188 2.636104 -3.411831
v 1.869073 2.046566 -2.973215
v 2.145902 2.442360 -3.382482
v 1.942693 1.875990 -3.066869
v 2.210058 2.306985 -3.457990
v 1.946496 1.715211 -3.216806
v 2.220319 2.180599 -3.578895
v 1.919117 1.610358 -3.403838
v 2.200628 2.097200 -3.729702
v 1.849633 1.565039 -3.597889
v 2.144603 2.060746 -3.886138
v 1.727119 1.582861 -3.768881
v 2.045861 2.075194 -4.023932
v 1.573386 1.656628 -3.893418
v 1.921987 2.134709 -4.124257
v 1.410244 1.779143 -3.948105
v 1.790568 2.233455 -4.168284
v 1.262315 1.928875 -3.930017
v 1.671415 2.354094 -4.153684
v 1.154224 2.084294 -3.836226
v 1.584339 2.479284 -4.078124
v 1.098897 2.222185 -3.686051
v 1.539743 2.590350 -3.957144
v 1.109260 2.319331 -3.498809
v 1.548032 2.668614 -3.806288
v 1.178945 2.364510 -3.304672
v 1.604109 2.705024 -3.649840
v 1.301583 2.346497 -3.133807
v 1.702875 2.690529 -3.512089
v 1.472495 2.280272 -3.009499
v 1.838188 2.636104 -3.411831
v 2.749295 1.891484 -7.981650
v 2.722038 1.858594 -7.993131
v 2.864144 1.892264 -8.143166
v 2.908419 1.915946 -8.165385
v 2.700737 1.839192 -8.019706
v 2.877410 1.885237 -8.184341
v 3.026391 1.933182 -8.316147
v 2.655810 1.832888 -8.030670
v 2.818120 1.875430 -8.167748
v 2.629424 1.845712 -8.052818
v 2.834617 1.888952 -8.204805
v 2.588190 1.870758 -8.057898
v 2.773030 1.900173 -8.186737
v 2.578793 1.907809 -8.069611
v 2.805106 1.924914 -8.214790
v 2.561096 1.949898 -8.061364
v 2.755287 1.951999 -8.189008
v 2.580622 1.989184 -8.058661
v 2.806166 1.972058 -8.208447
v 2.591633 2.024035 -8.037272
v 2.775285 2.000549 -8.173230
v 2.634146 2.042191 -8.024014
v 2.837174 2.002766 -8.189491
v 2.661913 2.049739 -7.992026
v 2.821309 2.017382 -8.148647
v 2.706571 2.034955 -7.975931
v 2.879967 1.999051 -8.169026
v 2.724998 2.008665 -7.950530
v 2.866399 1.992639 -8.129660
v 2.749286 1.968767 -7.952706
v 2.909478 1.963089 -8.159042
v 2.748040 1.929526 -7.954771
v 2.884142 1.940813 -8.127389
v 2.749295 1.891484 -7.981650
v 2.908419 1.915946 -8.165385
v 2.392957 1.763900 -7.464159
v 2.370767 1.711071 -7.527943
v 2.551914 1.792493 -7.787804
v 2.572663 1.835233 -7.749222
v 2.331026 1.672555 -7.567131
v 2.516964 1.763264 -7.816758
v 2.274244 1.662358 -7.592362
v 2.471097 1.757006 -7.839628
v 2.213046 1.681218 -7.615844
v 2.422902 1.772746 -7.857781
v 2.160054 1.729873 -7.649785
v 2.380973 1.809511 -7.872583
v 2.126245 1.797489 -7.674908
v 2.352224 1.860464 -7.880342
v 2.122594 1.873231 -7.671933
v 2.343570 1.918767 -7.877369
v 2.144289 1.946082 -7.651142
v 2.354805 1.975342 -7.864884
v 2.186520 2.005025 -7.622813
v 2.385727 2.021113 -7.844109
v 2.244018 2.042449 -7.574714
v 2.430366 2.050170 -7.810985
v 2.311518 2.050730 -7.494609
v 2.482751 2.056602 -7.761454
v 2.366913 2.024251 -7.403779
v 2.528876 2.037827 -7.710078
v 2.388098 1.957387 -7.323501
v 2.554732 1.991279 -7.671423
v 2.392385 1.878770 -7.296409
v 2.567892 1.933746 -7.661787
v 2.397084 1.817038 -7.365138
v 2.575929 1.882024 -7.697468
v 2.392957 1.763900 -7.464159
v 2.572663 1.835233 -7.749222
v 2.044963 1.639275 -6.749812
v 2.060396 1.628112 -6.750231
v 2.093141 1.692876 -6.537374
v 2.052508 1.706851 -6.636523
v 2.102233 1.643227 -6.844474
v 2.131352 1.706635 -6.644723
v 2.154529 1.784497 -6.520907
v 2.120666 1.771798 -6.407308
v 2.097536 1.777574 -6.523149
v 2.023256 1.552976 -6.871559
v 2.066422 1.572453 -6.958359
v 2.001315 1.600717 -6.885884
v 1.956154 1.526284 -6.921047
v 1.966973 1.490247 -6.929195
v 2.011739 1.514076 -7.013046
v 1.876801 1.462708 -6.950977
v 1.926008 1.487849 -7.035207
v 1.892027 1.532943 -6.946239
v 1.802802 1.524881 -7.017204
v 1.780494 1.482212 -7.003967
v 1.834577 1.505957 -7.084331
v 1.705806 1.560612 -7.155228
v 1.762799 1.580581 -7.219911
v 1.763390 1.607505 -7.098383
v 1.722350 1.679226 -7.218723
v 1.677776 1.669957 -7.289279
v 1.733809 1.685353 -7.339340
v 1.721441 1.782302 -7.290638
v 1.770742 1.793908 -7.340017
v 1.774888 1.772372 -7.199260
v 1.814192 1.865672 -7.197795
v 1.799874 1.886415 -7.230333
v 1.841352 1.894786 -7.284849
v 1.876145 1.971062 -7.179390
v 1.913393 1.976528 -7.236746
v 1.890519 1.913165 -7.116282
v 1.958708 1.983039 -7.067805
v 1.958696 2.024796 -7.101799
v 1.993179 2.028432 -7.162748
v 2.055968 2.036177 -6.961545
v 2.087023 2.039804 -7.029896
v 2.024859 1.961537 -6.953043
v 2.093451 1.951640 -6.777427
v 2.129828 1.994588 -6.768956
v 2.158832 2.000062 -6.849989
v 2.142145 1.889416 -6.534356
v 2.172511 1.898633 -6.634828
v 2.089058 1.852314 -6.634515
v 1.935815 1.743395 -6.933310
v 2.102233 1.643227 -6.844474
v 2.066422 1.572453 -6.958359
v 2.195598 1.631439 -7.214307
v 2.224617 1.694194 -7.122513
v 2.011739 1.514076 -7.013046
v 2.147854 1.582169 -7.262459
v 1.926008 1.487849 -7.035207
v 2.075518 1.563520 -7.286612
v 1.834577 1.505957 -7.084331
v 1.997849 1.582291 -7.323158
v 1.762799 1.580581 -7.219911
v 1.934106 1.645282 -7.408495
v 1.733809 1.685353 -7.339340
v 1.901703 1.733491 -7.481228
v 1.770742 1.793908 -7.340017
v 1.918056 1.827914 -7.479965
v 1.841352 1.894786 -7.284849
v 1.964648 1.916953 -7.441457
v 1.913393 1.976528 -7.236746
v 2.022963 1.989007 -7.402456
v 1.993179 2.028432 -7.162748
v 2.093288 2.034760 -7.339510
v 2.087023 2.039804 -7.029896
v 2.175908 2.044894 -7.229170
v 2.158832 2.000062 -6.849989
v 2.240713 2.010804 -7.089339
v 2.172511 1.898633 -6.634828
v 2.257594 1.923896 -6.937922
v 2.154529 1.784497 -6.520907
v 2.249849 1.824587 -6.866695
v 2.131352 1.706635 -6.644723
v 2.240779 1.753297 -6.967433
v 2.102233 1.643227 -6.844474
v 2.224617 1.694194 -7.122513
v -1.332447 5.604347 4.483860
v -1.401317 5.465168 4.291348
v -1.188986 5.288917 4.017094
v -1.231047 5.407907 4.391713
v -1.456247 5.693181 4.318151
v -1.440146 5.557949 4.111826
v -1.410937 5.791893 4.120967
v -1.324788 5.631896 3.958308
v -1.223058 5.842659 4.007823
v -1.122818 5.643692 3.920722
v -1.002668 5.815742 4.044990
v -0.952548 5.586432 4.021084
v -0.878868 5.726909 4.210700
v -0.913719 5.493651 4.200605
v -0.924179 5.628194 4.407880
v -1.029077 5.419704 4.354125
v -1.112057 5.577427 4.521029
v -1.006407 9.224723 6.510868
v -0.982796 9.208591 6.508280
v -0.946109 9.417650 6.715992
v -0.952008 9.463055 6.757608
v -0.952735 9.218167 6.519918
v -0.921636 9.459346 6.762733
v -0.895878 9.655326 6.962658
v -0.927972 9.211792 6.498077
v -0.911022 9.419700 6.709465
v -0.906981 9.230531 6.492363
v -0.895744 9.466342 6.747139
v -0.896659 9.231864 6.456407
v -0.890982 9.432549 6.682795
v -0.895947 9.254570 6.444345
v -0.889500 9.479945 6.719966
v -0.907199 9.257051 6.407675
v -0.897727 9.448665 6.651608
v -0.926096 9.276203 6.403988
v -0.906561 9.492188 6.697129
v -0.953418 9.272592 6.380434
v -0.927307 9.458612 6.634171
v -0.979767 9.282759 6.394938
v -0.936933 9.495897 6.692007
v -1.008242 9.269390 6.390635
v -0.962394 9.456563 6.640699
v -1.025521 9.270395 6.422493
v -0.962825 9.488901 6.707600
v -1.039555 9.249317 6.432306
v -0.982435 9.443716 6.667369
v -1.036556 9.246356 6.470511
v -0.969069 9.475298 6.734774
v -1.029015 9.224132 6.481039
v -0.975689 9.427598 6.698557
v -1.006407 9.224723 6.510868
v -0.952008 9.463055 6.757608
v -1.332447 5.604347 4.483860
v -1.231047 5.407907 4.391713
v -1.202138 6.102762 4.840643
v -1.312229 6.126544 4.801764
v -1.112057 5.577427 4.521029
v -1.083060 6.098557 4.840415
v -1.053666 7.024199 5.288909
v -1.145079 7.027428 5.289086
v -1.229592 7.045687 5.259242
v -1.029077 5.419704 4.354125
v -0.973102 6.116139 4.798019
v -0.924179 5.628194 4.407880
v -0.887698 6.151343 4.722759
v -0.903693 7.064723 5.198590
v -0.969255 7.037699 5.256365
v -0.913719 5.493651 4.200605
v -0.842284 6.199996 4.623929
v -0.878868 5.726909 4.210700
v -0.840583 6.253990 4.517725
v -0.867524 7.143519 5.041192
v -0.868830 7.102073 5.122719
v -0.952548 5.586432 4.021084
v -0.886317 6.305211 4.420349
v -1.002668 5.815742 4.044990
v -0.969315 6.346363 4.345412
v -0.966347 7.214433 4.908914
v -0.902632 7.182840 4.966437
v -1.122818 5.643692 3.920722
v -1.079406 6.370147 4.306533
v -1.223058 5.842659 4.007823
v -1.198483 6.374352 4.306766
v -1.142273 7.235919 4.879243
v -1.050861 7.232689 4.879066
v -1.324788 5.631896 3.958308
v -1.308442 6.356768 4.349157
v -1.410937 5.791893 4.120967
v -1.393846 6.321564 4.424417
v -1.292247 7.195395 4.969563
v -1.226685 7.222421 4.911788
v -1.440146 5.557949 4.111826
v -1.439260 6.272911 4.523252
v -1.456247 5.693181 4.318151
v -1.440961 6.218917 4.629456
v -1.328415 7.116598 5.126964
v -1.327109 7.158044 5.045434
v -1.401317 5.465168 4.291348
v -1.395227 6.167696 4.726830
v -1.332447 5.604347 4.483860
v -1.312229 6.126544 4.801764
v -1.229592 7.045687 5.259242
v -1.293307 7.077278 5.201715
v -1.102686 7.835855 5.662238
v -1.168517 7.850080 5.638988
v -1.031481 7.833343 5.662099
v -1.010076 8.479543 5.979953
v -1.065502 8.481501 5.980062
v -1.116744 8.492571 5.961966
v -0.965730 7.843855 5.636749
v -0.914661 7.864908 5.591745
v -0.919144 8.504114 5.925190
v -0.958895 8.487728 5.960220
v -0.887505 7.894001 5.532649
v -0.886488 7.926287 5.469141
v -0.897214 8.551890 5.829755
v -0.898006 8.526759 5.879189
v -0.913835 7.956913 5.410913
v -0.963465 7.981523 5.366106
v -0.957133 8.594886 5.749552
v -0.918501 8.575731 5.784431
v -1.029296 7.995745 5.342855
v -1.100501 7.998260 5.342993
v -1.063800 8.607914 5.731565
v -1.008375 8.605956 5.731456
v -1.166252 7.987742 5.368343
v -1.217321 7.966691 5.413347
v -1.154733 8.583343 5.786325
v -1.114981 8.599729 5.751297
v -1.244477 7.937601 5.472445
v -1.245494 7.905313 5.535954
v -1.176663 8.535566 5.881763
v -1.175871 8.560698 5.832327
v -1.218147 7.874687 5.594182
v -1.168517 7.850080 5.638988
v -1.116744 8.492571 5.961966
v -1.155376 8.511725 5.927085
v -1.024066 8.917809 6.262524
v -1.062013 8.926007 6.249123
v -0.983021 8.916360 6.262444
v -0.945120 8.922421 6.247829
v -0.915682 8.934555 6.221889
v -0.900029 8.951325 6.187822
v -0.899442 8.969935 6.151217
v -0.915206 8.987591 6.117651
v -0.943815 9.001776 6.091824
v -0.981762 9.009974 6.078423
v -1.022806 9.011423 6.078500
v -1.060707 9.005362 6.093112
v -1.090145 8.993227 6.119054
v -1.105799 8.976458 6.153121
v -1.106385 8.957848 6.189727
v -1.090621 8.940192 6.223291
v -1.062013 8.926007 6.249123
v -0.548247 5.720117 7.898913
v -0.553719 5.720117 7.898913
v -0.521114 6.195021 9.029456
v -0.515641 6.195021 9.029456
v -0.769926 4.240613 8.334389
v -0.775400 4.240613 8.334389
v -1.164752 2.598715 8.934133
v -1.159279 2.598715 8.934133
v -1.159279 2.598715 8.934133
v -1.164752 2.598715 8.934133
v -1.107622 2.648784 8.469137
v -1.102150 2.648784 8.469137
v -1.085028 2.334722 6.759238
v -1.090500 2.334722 6.759238
v -0.932064 3.441934 6.427510
v -0.926592 3.441934 6.427510
v -0.775400 4.240613 8.334389
v -0.839448 3.956604 7.354721
v -1.107622 2.648784 8.469137
v -1.164752 2.598715 8.934133
v -1.102150 2.648784 8.469137
v -0.833974 3.956604 7.354721
v -0.769926 4.240613 8.334389
v -1.159279 2.598715 8.934133
v -0.515641 6.195021 9.029456
v -0.521114 6.195021 9.029456
v -0.553719 5.720117 7.898913
v -0.521114 6.195021 9.029456
v -0.906381 4.039455 5.942244
v -0.900909 4.039455 5.942244
v -0.548247 5.720117 7.898913
v -0.515641 6.195021 9.029456
v -0.900909 4.039455 5.942244
v -0.906381 4.039455 5.942244
v -0.906381 4.039455 5.942244
v -0.932064 3.441934 6.427510
v -1.090500 2.334722 6.759238
v -1.090500 2.334722 6.759238
v -1.085028 2.334722 6.759238
v -1.085028 2.334722 6.759238
v -0.926592 3.441934 6.427510
v -0.900909 4.039455 5.942244
v -1.055415 8.505159 5.819735
v -1.069998 8.505159 5.819735
v -0.928031 9.511879 6.782445
v -0.913448 9.511879 6.782445
v -0.547636 7.343984 7.536728
v -0.562219 7.343984 7.536728
v -0.528891 6.165978 8.927441
v -0.514308 6.165978 8.927441
v -0.514308 6.165978 8.927441
v -0.528891 6.165978 8.927441
v -0.681826 5.789964 7.888341
v -0.667243 5.789964 7.888341
v -0.788322 4.235651 5.697056
v -0.802904 4.235651 5.697056
v -0.935937 4.758758 5.120098
v -0.921354 4.758758 5.120098
v -0.562219 7.343984 7.536728
v -0.624920 6.045153 7.034585
v -0.681826 5.789964 7.888341
v -0.528891 6.165978 8.927441
v -0.667243 5.789964 7.888341
v -0.610337 6.045153 7.034585
v -0.547636 7.343984 7.536728
v -0.514308 6.165978 8.927441
v -0.788322 8.432607 6.873742
v -0.802904 8.432607 6.873742
v -0.802904 8.432607 6.873742
v -0.802904 6.583452 6.565423
v -1.078979 5.190090 4.687490
v -1.064396 5.190090 4.687490
v -0.788322 6.583452 6.565423
v -0.788322 8.432607 6.873742
v -0.913448 9.511879 6.782445
v -0.928031 9.511879 6.782445
v -1.069998 8.505159 5.819735
v -0.928031 9.511879 6.782445
v -1.078979 5.427865 3.941799
v -1.064396 5.427865 3.941799
v -1.055415 8.505159 5.819735
v -0.913448 9.511879 6.782445
v -1.064396 5.427865 3.941799
v -1.078979 5.427865 3.941799
v -1.078979 5.427865 3.941799
v -1.078979 5.190090 4.687490
v -0.935937 4.758758 5.120098
v -0.802904 4.235651 5.697056
v -0.802904 4.235651 5.697056
v -0.788322 4.235651 5.697056
v -0.788322 4.235651 5.697056
v -0.921354 4.758758 5.120098
v -1.064396 5.190090 4.687490
v -1.064396 5.427865 3.941799
v 3.975520 -1.341388 1.596788
v 3.858218 -1.529232 1.546882
v 3.609101 -0.936363 1.576720
v 3.770557 -0.637540 1.631738
v 3.742162 -1.732638 1.592869
v 3.448259 -1.252115 1.619705
v 3.341290 -0.848517 1.656520
v 3.426603 -0.440054 1.621281
v 3.606818 -0.308460 1.668841
v 4.028740 -1.445725 2.700037
v 4.026248 -1.414602 2.508252
v 3.830110 -0.695935 2.564784
v 3.831339 -0.729793 2.760792
v 4.023757 -1.383479 2.316466
v 3.828882 -0.662078 2.368775
v 3.619119 -0.182581 2.405804
v 3.619426 -0.221420 2.612623
v 3.619733 -0.260259 2.819443
v 3.760849 -1.944883 3.030878
v 3.878151 -1.755627 3.080758
v 3.618931 -1.207225 3.144787
v 3.457474 -1.506047 3.089768
v 3.994207 -1.553633 3.034796
v 3.779773 -0.891473 3.101801
v 3.610914 -0.574319 3.117135
v 3.429061 -0.730519 3.170626
v 3.345386 -1.114375 3.104813
v 3.712613 -1.904204 2.311225
v 3.715104 -1.932503 2.502959
v 3.400379 -1.515368 2.548740
v 3.399150 -1.481510 2.352731
v 3.717596 -1.960803 2.694694
v 3.401607 -1.549226 2.744748
v 3.237160 -1.065670 2.799742
v 3.236853 -1.026831 2.592922
v 3.236546 -0.987992 2.386103
v 3.619119 -0.182581 2.405804
v 3.365771 -0.423117 2.407687
v 3.365771 -0.463617 2.618110
v 3.619426 -0.221420 2.612623
v 3.236546 -0.987992 2.386103
v 3.236853 -1.026831 2.592922
v 3.237160 -1.065670 2.799742
v 3.365771 -0.504117 2.828533
v 3.619733 -0.260259 2.819443
v 4.021265 -1.358003 2.124783
v 3.827653 -0.628220 2.172767
v 4.018774 -1.332528 1.933099
v 3.826424 -0.594362 1.976758
v 3.618504 -0.104902 1.992165
v 3.618811 -0.143742 2.198984
v 3.618504 -0.104902 1.992165
v 3.365771 -0.342118 1.986840
v 3.365771 -0.382617 2.197263
v 3.618811 -0.143742 2.198984
v 3.235931 -0.910313 1.972464
v 3.236238 -0.949153 2.179283
v 3.707629 -1.847605 1.927756
v 3.710121 -1.875905 2.119490
v 3.397921 -1.447652 2.156723
v 3.396693 -1.413795 1.960715
v 3.236238 -0.949153 2.179283
v 3.235931 -0.910313 1.972464
v 4.016282 -1.301404 1.741314
v 3.825195 -0.560504 1.780750
v 3.618197 -0.066063 1.785345
v 3.235624 -0.871474 1.765644
v 3.365771 -0.301618 1.776417
v 3.618197 -0.066063 1.785345
v 3.742162 -1.732638 1.592869
v 3.705138 -1.819306 1.736021
v 3.395464 -1.379937 1.764706
v 3.448259 -1.252115 1.619705
v 3.235624 -0.871474 1.765644
v 3.341290 -0.848517 1.656520
v 3.720087 -1.989102 2.886428
v 3.402836 -1.583083 2.940756
v 3.237467 -1.104510 3.006561
v 3.365771 -0.544617 3.038956
v 3.620040 -0.299099 3.026262
v 3.237467 -1.104510 3.006561
v 3.345386 -1.114375 3.104813
v 3.429061 -0.730519 3.170626
v 3.610914 -0.574319 3.117135
v 4.031231 -1.471201 2.891721
v 3.832568 -0.763651 2.956800
v 3.620040 -0.299099 3.026262
v 4.434088 -2.365902 1.309510
v 4.465957 -2.236771 1.252211
v 4.974131 -2.383552 1.004153
v 4.979614 -2.462292 1.070130
v 4.510013 -2.127605 1.313415
v 5.010300 -2.321380 1.073919
v 5.367725 -2.405891 0.950676
v 5.461640 -2.455115 0.880506
v 5.353417 -2.477919 0.948187
v 4.519368 -2.311408 3.152579
v 4.477442 -2.432792 3.209044
v 4.906488 -2.606744 3.427279
v 4.941233 -2.530758 3.364129
v 4.443442 -2.549706 3.148674
v 4.910547 -2.671670 3.360340
v 5.230963 -2.701522 3.489443
v 5.322956 -2.688453 3.551054
v 5.245270 -2.629494 3.491932
v 4.502754 -2.502354 2.222433
v 4.493381 -2.476220 1.985604
v 5.223245 -2.570669 1.918697
v 5.246537 -2.605093 2.190485
v 4.416932 -2.444400 1.745729
v 4.931648 -2.513503 1.634723
v 5.283621 -2.504533 1.567703
v 5.527610 -2.554313 1.757837
v 5.914444 -2.601821 1.790809
v 5.889353 -2.616343 1.945651
v 5.923128 -2.637136 2.171808
v 4.440334 -2.422746 1.486372
v 5.039454 -2.496998 1.272821
v 5.544003 -2.505269 1.019536
v 5.700473 -2.524462 1.149204
v 5.392873 -2.501398 1.311098
v 4.540329 -2.130655 1.492065
v 5.075413 -2.336376 1.278455
v 4.518057 -2.164145 1.751925
v 4.972127 -2.343754 1.641345
v 5.297541 -2.408767 1.574011
v 5.405195 -2.414477 1.316514
v 5.705374 -2.477174 1.152749
v 5.554500 -2.443962 1.022757
v 4.593376 -2.184138 1.991346
v 5.259204 -2.410084 1.924527
v 4.603678 -2.191038 2.227786
v 5.286213 -2.424044 2.195781
v 5.934554 -2.570747 2.175066
v 5.899849 -2.555093 1.949165
v 5.919345 -2.554638 1.794895
v 5.539931 -2.467464 1.763628
v 6.113619 -2.628845 2.171485
v 6.046090 -2.601561 1.834799
v 5.979044 -2.594056 1.694538
v 5.871882 -2.560807 1.463629
v 5.871785 -2.554484 1.461797
v 5.872698 -2.549366 1.464692
v 5.980300 -2.576493 1.696374
v 5.816661 -2.518762 1.219586
v 5.746688 -2.508880 1.070031
v 5.815405 -2.536388 1.218076
v 4.596025 -2.230583 2.465967
v 5.241404 -2.455642 2.471959
v 4.522217 -2.259732 2.713305
v 4.931975 -2.445657 2.784762
v 5.223086 -2.511302 2.844697
v 5.494046 -2.531017 2.623942
v 5.887223 -2.600560 2.575196
v 5.883735 -2.583731 2.409742
v 4.543292 -2.277806 2.978220
v 5.002074 -2.504312 3.169916
v 5.418102 -2.646888 3.435679
v 5.574943 -2.645974 3.319044
v 5.297955 -2.563793 3.137466
v 4.443296 -2.569897 2.972526
v 4.966114 -2.664934 3.164282
v 4.421092 -2.539987 2.707109
v 4.891496 -2.615406 2.778140
v 5.209166 -2.607069 2.838389
v 5.285634 -2.650714 3.132050
v 5.570043 -2.693262 3.315499
v 5.407605 -2.708195 3.432458
v 4.496030 -2.522665 2.460225
v 5.205444 -2.616227 2.466129
v 5.873239 -2.644981 2.406228
v 5.882322 -2.647743 2.571110
v 5.481725 -2.617866 2.618151
v 5.941549 -2.627016 2.684916
v 6.018970 -2.636884 2.527292
v 5.804119 -2.633807 2.953690
v 5.800712 -2.644219 2.949676
v 5.803303 -2.645248 2.952627
v 5.940293 -2.644579 2.683079
v 5.613169 -2.687897 3.378862
v 5.702585 -2.678004 3.235332
v 5.703840 -2.660378 3.236843
v 4.416932 -2.444400 1.745729
v 4.028317 -2.206787 1.849750
v 4.024495 -2.181879 1.642008
v 4.440334 -2.422746 1.486372
v 4.046188 -2.113292 1.486614
v 4.434088 -2.365902 1.309510
v 4.502754 -2.502354 2.222433
v 4.035963 -2.256604 2.265236
v 4.032140 -2.231696 2.057493
v 4.493381 -2.476220 1.985604
v 4.421092 -2.539987 2.707109
v 4.043608 -2.306421 2.680721
v 4.039785 -2.281513 2.472978
v 4.496030 -2.522665 2.460225
v 4.443442 -2.549706 3.148674
v 4.074857 -2.300106 3.044683
v 4.047431 -2.331330 2.888463
v 4.443296 -2.569897 2.972526
v 4.519368 -2.311408 3.152579
v 4.222216 -2.006323 3.047262
v 4.149492 -2.156618 3.097857
v 4.477442 -2.432792 3.209044
v 4.522217 -2.259732 2.713305
v 4.240086 -1.941063 2.684636
v 4.243908 -1.954677 2.892174
v 4.543292 -2.277806 2.978220
v 4.603678 -2.191038 2.227786
v 4.232440 -1.868658 2.268742
v 4.236263 -1.904860 2.476689
v 4.596025 -2.230583 2.465967
v 4.518057 -2.164145 1.751925
v 4.224795 -1.841429 1.853666
v 4.228618 -1.855043 2.061204
v 4.593376 -2.184138 1.991346
v 4.193546 -1.819509 1.489192
v 4.220973 -1.805226 1.645719
v 4.540329 -2.130655 1.492065
v 4.046188 -2.113292 1.486614
v 4.118911 -1.957350 1.435916
v 5.725595 -2.606513 2.940571
v 5.800750 -2.623943 2.953406
v 5.883522 -2.620049 2.790114
v 5.844786 -2.605878 2.739289
v 5.804119 -2.633807 2.953690
v 5.941549 -2.627016 2.684916
v 5.887223 -2.600560 2.575196
v 5.871882 -2.560807 1.463629
v 5.979044 -2.594056 1.694538
v 5.928034 -2.587391 1.603179
v 5.864126 -2.567233 1.465408
v 5.914444 -2.601821 1.790809
v 5.886816 -2.587796 1.646761
v 5.791253 -2.561919 1.477079
v 5.700473 -2.524462 1.149204
v 5.815405 -2.536388 1.218076
v 5.839245 -2.552893 1.317909
v 5.775830 -2.544674 1.290173
v 5.574943 -2.645974 3.319044
v 5.703840 -2.660378 3.236843
v 5.747264 -2.640658 3.129149
v 5.674463 -2.631639 3.163083
v 5.209166 -2.607069 2.838389
v 5.481725 -2.617866 2.618151
v 5.626326 -2.626639 2.737734
v 5.480007 -2.621667 2.889163
v 5.882322 -2.647743 2.571110
v 5.841756 -2.648336 2.735236
v 5.722561 -2.649088 2.936819
v 5.494046 -2.531017 2.623942
v 5.630410 -2.569361 2.742974
v 5.223086 -2.511302 2.844697
v 5.484360 -2.560582 2.894481
v 5.527610 -2.554313 1.757837
v 5.682311 -2.555371 1.645504
v 5.283621 -2.504533 1.567703
v 5.556973 -2.527208 1.518314
v 5.297541 -2.408767 1.574011
v 5.539931 -2.467464 1.763628
v 5.686395 -2.498092 1.650744
v 5.561325 -2.466123 1.523632
v 5.919345 -2.554638 1.794895
v 5.889846 -2.545338 1.650814
v 5.794288 -2.519344 1.480831
v 5.392873 -2.501398 1.311098
v 5.593522 -2.520873 1.360234
v 5.705374 -2.477174 1.152749
v 5.405195 -2.414477 1.316514
v 5.597606 -2.463532 1.365148
v 5.778860 -2.502137 1.293819
v 5.570043 -2.693262 3.315499
v 5.285634 -2.650714 3.132050
v 5.490067 -2.647310 3.077095
v 5.671432 -2.674175 3.159438
v 5.297955 -2.563793 3.137466
v 5.494152 -2.589969 3.082009
v 5.865884 -2.542572 1.467604
v 5.841254 -2.524691 1.320326
v 5.872698 -2.549366 1.464692
v 5.816661 -2.518762 1.219586
v 5.980300 -2.576493 1.696374
v 5.930042 -2.559252 1.605922
v 5.803303 -2.645248 2.952627
v 5.702585 -2.678004 3.235332
v 5.745255 -2.668859 3.126732
v 5.798992 -2.648603 2.951210
v 5.940293 -2.644579 2.683079
v 5.881513 -2.648188 2.787371
v -1.994513 0.689120 -6.518476
v -1.770092 0.588892 -6.001705
v -2.080100 0.512983 -5.175685
v -2.426713 0.653415 -5.913933
v -1.401830 0.504946 -5.679504
v -1.572501 0.357943 -4.668858
v -1.738824 0.177195 -3.648720
v -2.396066 0.418707 -4.296089
v -2.844239 0.636540 -5.281638
v -1.009739 0.439929 -5.522793
v -1.008328 0.192456 -4.524692
v -0.618354 0.451600 -5.691118
v -0.444155 0.144556 -4.715314
v -0.283298 -0.137035 -3.741741
v -1.008328 -0.074018 -3.470095
v -0.249387 0.546215 -6.010996
v 0.063443 0.342274 -5.212851
v -0.029552 0.671387 -6.545778
v 0.405822 0.606277 -5.939000
v 0.790558 0.606507 -5.439539
v 0.357548 0.186041 -4.445184
v 0.040364 0.740440 -7.104825
v 0.474340 0.757239 -6.815463
v -0.059219 0.766164 -7.609109
v 0.366263 0.805394 -7.615298
v 0.772217 0.884778 -7.639537
v 0.892077 0.835655 -6.583926
v -0.175196 0.749684 -7.898908
v 0.178860 0.760985 -8.111564
v -0.368587 0.686479 -8.091825
v -0.069680 0.605788 -8.495620
v 0.224581 0.483320 -8.966675
v 0.541086 0.765160 -8.367573
v -0.563150 0.562430 -8.342279
v -0.361165 0.321577 -8.958830
v -0.804006 0.454622 -8.524266
v -0.693755 0.060039 -9.335919
v -0.582818 -0.340774 -10.163239
v -0.151404 0.045775 -9.635487
v -1.062249 0.411193 -8.606485
v -1.065612 -0.027141 -9.461616
v -1.318811 0.454622 -8.524266
v -1.437468 0.060039 -9.335919
v -1.548405 -0.340774 -10.163240
v -1.065612 -0.469623 -10.339156
v -1.561348 0.562430 -8.342279
v -1.770058 0.321577 -8.958830
v -1.744983 0.693542 -8.066847
v -2.051455 0.610249 -8.479845
v -2.345716 0.484436 -8.962729
v -1.979819 0.045775 -9.635487
v -1.912313 0.777936 -7.798995
v -2.269732 0.778828 -8.048460
v -1.996669 0.807053 -7.464499
v -2.422639 0.832159 -7.520643
v -2.834058 0.885618 -7.592537
v -2.631958 0.769621 -8.351795
v -2.075364 0.768692 -7.004912
v -2.507929 0.775081 -6.752359
v -1.994513 0.689120 -6.518476
v -2.426713 0.653415 -5.913933
v -2.844239 0.636540 -5.281638
v -2.947527 0.816718 -6.474802
v -2.677651 0.292586 -3.521370
v -3.216333 0.650708 -4.703352
v -1.887048 -0.053132 -2.754661
v -2.013769 -0.215700 -1.982832
v -2.918385 0.219273 -2.851530
v -3.534445 0.713367 -4.194130
v -1.008328 -0.282178 -2.523868
v -0.151469 -0.243121 -2.894464
v -0.039722 -0.244618 -2.136789
v -1.008328 -0.389143 -1.699460
v 0.573552 0.215471 -3.931923
v 1.064279 0.748422 -5.272726
v 1.292548 0.849269 -5.050513
v 0.754390 0.274311 -3.430195
v 1.218259 1.010556 -6.553357
v 1.123156 1.004969 -7.694692
v 1.423954 1.148629 -7.723480
v 1.493292 1.161883 -6.468578
v 0.866630 0.734758 -8.617611
v 0.490841 0.305320 -9.406963
v 0.728809 0.185268 -9.826467
v 1.151862 0.745972 -8.854305
v 0.037948 -0.177945 -10.147601
v -0.483665 -0.560578 -10.684811
v -0.397369 -0.640190 -11.117073
v 0.206585 -0.302131 -10.605368
v -1.065612 -0.688123 -10.863882
v -1.647558 -0.560578 -10.684811
v -1.733854 -0.640190 -11.117070
v -1.065612 -0.752877 -11.287640
v -2.169171 -0.177945 -10.147600
v -2.611977 0.305320 -9.406963
v -2.849945 0.185268 -9.826464
v -2.337808 -0.302131 -10.605368
v -2.957502 0.734758 -8.617611
v -3.201391 0.981571 -7.601345
v -3.517164 1.124200 -7.581136
v -3.242734 0.745973 -8.854305
v -3.339291 0.916961 -6.179968
v -3.216333 0.650708 -4.703352
v -3.534445 0.713367 -4.194130
v -3.674219 1.064170 -5.899205
v -3.111797 0.283422 -2.286573
v -3.790025 0.841968 -3.769023
v -2.115580 -0.193167 -1.329381
v -2.190295 -0.052366 -0.822790
v -3.253734 0.439102 -1.848332
v -3.977585 1.021887 -3.439729
v -1.008328 -0.352030 -1.010318
v 0.060889 -0.212445 -1.432020
v 0.143913 -0.121202 -0.862387
v -1.008328 -0.216189 -0.480942
v 0.943002 0.206307 -2.697126
v 1.540928 0.726295 -4.384852
v 1.778339 0.608875 -3.677307
v 1.118174 0.163760 -2.006718
v 1.757583 1.169587 -6.074413
v 1.679487 1.298412 -7.668619
v 1.877329 1.478313 -7.592640
v 1.988292 1.184318 -5.637523
v 1.393156 0.874995 -9.070282
v 0.938193 0.236643 -10.235152
v 1.098625 0.399788 -10.581537
v 1.574746 1.079077 -9.247934
v 0.354202 -0.279333 -11.118978
v -0.325004 -0.620425 -11.676456
v -0.270770 -0.506079 -12.185286
v 0.467048 -0.146377 -11.571583
v -1.065612 -0.734123 -11.862283
v -1.806219 -0.620425 -11.676456
v -1.860453 -0.506079 -12.185284
v -1.065612 -0.625980 -12.389853
v -2.485425 -0.279333 -11.118976
v -3.059329 0.236644 -10.235152
v -3.219760 0.399788 -10.581536
v -2.598271 -0.146377 -11.571582
v -3.484027 0.874995 -9.070281
v -3.773896 1.317691 -7.565982
v -3.963430 1.547149 -7.553045
v -3.665618 1.079078 -9.247933
v -3.943310 1.246704 -5.663860
v -3.790025 0.841968 -3.769023
v -3.977585 1.021887 -3.439729
v -4.140784 1.459660 -5.479138
v -3.340042 0.640386 -1.558640
v -4.091634 1.238504 -3.217943
v -2.235726 0.139869 -0.491535
v -2.251122 0.378207 -0.341579
v -3.369288 0.881789 -1.422768
v -4.130281 1.486067 -3.107778
v -1.008328 -0.026970 -0.135834
v 0.202896 0.054515 -0.510118
v 0.230422 0.292852 -0.360163
v -1.008328 0.210346 0.018816
v 1.258690 0.298968 -1.632970
v 1.973701 0.726377 -3.329437
v 2.085130 0.973940 -3.219273
v 1.336458 0.540371 -1.497098
v 2.162578 1.356729 -5.424571
v 2.005057 1.712327 -7.558074
v 2.058809 1.977544 -7.544242
v 2.251790 1.614594 -5.353970
v 1.680870 1.315472 -9.369654
v 1.189736 0.615041 -10.814132
v 1.238202 0.872792 -10.940100
v 1.728560 1.577996 -9.433147
v 0.531371 0.059911 -11.846331
v -0.238865 -0.301948 -12.465875
v -0.225122 -0.040058 -12.594395
v 0.564895 0.318768 -11.984525
v -1.065612 -0.422568 -12.672389
v -1.892358 -0.301948 -12.465874
v -1.906101 -0.040057 -12.594394
v -1.065612 -0.159665 -12.797686
v -2.662594 0.059911 -11.846330
v -3.310871 0.615040 -10.814130
v -3.359337 0.872792 -10.940099
v -2.696118 0.318769 -11.984524
v -3.771742 1.315472 -9.369654
v -4.077605 1.797682 -7.539491
v -4.119227 2.062896 -7.525660
v -3.819431 1.577996 -9.433146
v -4.260862 1.698146 -5.350241
v -4.091634 1.238504 -3.217943
v -4.130281 1.486067 -3.107778
v -4.301552 1.956010 -5.279640
v -3.340042 1.157828 -1.445988
v -4.091634 1.758825 -3.113345
v -2.235727 0.657311 -0.378884
v -2.190295 0.961043 -0.602162
v -3.253734 1.426078 -1.633459
v -3.977585 1.996930 -3.244604
v -1.008328 0.490472 -0.023183
v 0.219070 0.571957 -0.397467
v 0.180755 0.892676 -0.613234
v -1.008328 0.806032 -0.258396
v 1.323385 0.816411 -1.520319
v 2.070744 1.246699 -3.224841
v 1.999394 1.586722 -3.311037
v 1.265544 1.152607 -1.677748
v 2.227274 1.885688 -5.344138
v 2.034724 2.251052 -7.530474
v 1.937326 2.534240 -7.511511
v 2.135662 2.195917 -5.372201
v 1.734846 1.860470 -9.436116
v 1.270700 1.163431 -10.966603
v 1.237557 1.478012 -10.894211
v 1.667367 2.155737 -9.379235
v 0.585347 0.609431 -12.027472
v -0.225371 0.247572 -12.647016
v -0.247614 0.543556 -12.623363
v 0.559669 0.918670 -11.975278
v -1.065612 0.126952 -12.853528
v -1.905852 0.247572 -12.647015
v -1.883609 0.543557 -12.623363
v -1.065612 0.418519 -12.839394
v -2.716570 0.609432 -12.027470
v -3.391835 1.163431 -10.966602
v -3.358692 1.478012 -10.894210
v -2.690892 0.918670 -11.975278
v -3.825718 1.860470 -9.436116
v -4.091099 2.336406 -7.511891
v -3.986585 2.602607 -7.500437
v -3.758239 2.155736 -9.379232
v -4.260862 2.227105 -5.269807
v -4.091634 1.758825 -3.113345
v -3.977585 1.996930 -3.244604
v -4.140784 2.469388 -5.327912
v -3.111798 1.644116 -1.990339
v -3.790025 2.140526 -3.511510
v -2.115580 1.273264 -1.010128
v -2.013769 1.610945 -1.586615
v -2.918385 1.906088 -2.490130
v -3.534445 2.335562 -3.882336
v -1.008328 1.149646 -0.683391
v 0.127389 1.255856 -0.998669
v 0.039811 1.635241 -1.559963
v -1.008328 1.512562 -1.285444
v 1.209004 1.574484 -1.944502
v 1.939930 2.036078 -3.442753
v 1.769747 2.481340 -3.722413
v 1.072522 2.003273 -2.383516
v 2.023585 2.571187 -5.415289
v 1.771138 2.828480 -7.482095
v 1.524346 3.116334 -7.463001
v 1.811424 2.934119 -5.542964
v 1.493760 2.456641 -9.263165
v 1.089100 1.807587 -10.723486
v 0.853963 2.198344 -10.462639
v 1.235298 2.782712 -9.100363
v 0.454806 1.233252 -11.828053
v -0.299853 0.830519 -12.523074
v -0.376510 1.206196 -12.278207
v 0.290021 1.628327 -11.557426
v -1.065612 0.696275 -12.754746
v -1.831370 0.830519 -12.523072
v -1.754713 1.206196 -12.278208
v -1.065612 1.065486 -12.518468
v -2.586030 1.233253 -11.828053
v -3.210235 1.807588 -10.723486
v -2.975099 2.198345 -10.462636
v -2.421244 1.628328 -11.557425
v -3.584631 2.456640 -9.263164
v -3.799047 2.845887 -7.493556
v -3.538023 3.092041 -7.489654
v -3.326170 2.782712 -9.100361
v -3.943310 2.640820 -5.461126
v -3.790025 2.140526 -3.511510
v -3.534445 2.335562 -3.882336
v -3.674219 2.836933 -5.649579
v -2.677651 2.306140 -3.106335
v -3.216332 2.727982 -4.325353
v -1.887048 1.991055 -2.315459
v -1.738824 2.449392 -3.173002
v -2.396066 2.779687 -3.822917
v -2.844238 3.177029 -4.832929
v -1.008328 1.886028 -2.051833
v -0.101142 2.004573 -2.303307
v -0.270716 2.438081 -3.180713
v -1.008328 2.339294 -2.956364
v 0.774857 2.360209 -3.057726
v 1.366237 2.809083 -4.252438
v 0.866047 3.109164 -4.879188
v 0.407875 2.734444 -3.853757
v 1.419565 3.207345 -5.824790
v 1.185139 3.380358 -7.474998
v 0.787713 3.615937 -7.484553
v 0.942404 3.443024 -6.160697
v 0.913258 3.153489 -8.903281
v 0.560783 2.696471 -10.119878
v 0.242067 3.202067 -9.644026
v 0.552743 3.507811 -8.637033
v 0.084576 2.179047 -11.135020
v -0.472008 1.768326 -11.820834
v -0.579904 2.424366 -11.152138
v -0.139747 2.782135 -10.531429
v -1.065612 1.631419 -12.049438
v -1.659215 1.768326 -11.820833
v -1.551319 2.424367 -11.152138
v -1.065612 2.305108 -11.359040
v -2.215799 2.179047 -11.135020
v -2.681919 2.696471 -10.119877
v -2.363202 3.202068 -9.644025
v -1.991476 2.782136 -10.531429
v -3.004130 3.153490 -8.903280
v -3.213048 3.366843 -7.487150
v -2.836972 3.627249 -7.476843
v -2.643615 3.507811 -8.637033
v -3.339291 3.153277 -5.873398
v -3.216332 2.727982 -4.325353
v -2.844238 3.177029 -4.832929
v -2.947527 3.488268 -6.129858
v -2.080100 3.262141 -4.623837
v -2.426713 3.541950 -5.397429
v -1.572501 3.021745 -4.135591
v -1.401830 3.552510 -5.140470
v -1.770092 3.665607 -5.422881
v -1.994513 3.819587 -5.998157
v -1.008328 2.941615 -3.972844
v -0.444155 3.009993 -4.144190
v -0.618354 3.549572 -5.142620
v -1.009739 3.498420 -4.979043
v 0.063443 3.215131 -4.658229
v 0.405822 3.471437 -5.449019
v -0.029552 3.801956 -6.011055
v -0.249387 3.653857 -5.431479
v 0.474340 3.693317 -6.450619
v 0.366263 3.818451 -7.458144
v -0.059219 3.978827 -7.427693
v 0.040364 3.907981 -6.713323
v 0.178860 3.784519 -8.266722
v -0.069680 3.615235 -8.983903
v -0.368587 3.913183 -8.341993
v -0.175196 3.978454 -7.918571
v -0.361165 3.334321 -9.717244
v -0.693755 3.081771 -10.273309
v -0.804006 3.624998 -9.342208
v -0.563150 3.758325 -8.916790
v -1.065612 2.997589 -10.458664
v -1.437468 3.081771 -10.273309
v -1.318811 3.624998 -9.342208
v -1.062249 3.566416 -9.539170
v -1.770058 3.334321 -9.717244
v -2.051455 3.615236 -8.983904
v -1.744983 3.913184 -8.341993
v -1.561348 3.758324 -8.916789
v -2.269732 3.784520 -8.266722
v -2.422639 3.830204 -7.449544
v -1.996669 3.981766 -7.425547
v -1.912313 3.978454 -7.918571
v -2.507929 3.740326 -6.416224
v -2.426713 3.541950 -5.397429
v -1.994513 3.819587 -5.998157
v -2.075364 3.919734 -6.704722
v -1.506382 0.659914 -6.615694
v -1.240560 0.634039 -6.545086
v -1.578400 0.731441 -7.013508
v -1.026822 0.771718 -7.566436
v -1.013972 0.591083 -6.299531
v -0.790207 0.634039 -6.545086
v -1.240560 0.634039 -6.545086
v -1.026822 0.771718 -7.566436
v -0.521563 0.659914 -6.615694
v -0.455189 0.725493 -7.034543
v -0.790207 0.634039 -6.545086
v -1.026822 0.771718 -7.566436
v -0.334537 0.750399 -7.308870
v -0.468744 0.766429 -7.608110
v -0.455189 0.725493 -7.034543
v -1.026822 0.771718 -7.566436
v -0.476226 0.758706 -7.778927
v -0.648781 0.739148 -7.853298
v -0.468744 0.766429 -7.608110
v -1.026822 0.771718 -7.566436
v -0.729174 0.681304 -8.010483
v -0.901098 0.655739 -8.049696
v -0.648781 0.739148 -7.853298
v -1.026822 0.771718 -7.566436
v -1.052161 0.617246 -8.148991
v -1.196499 0.655739 -8.049696
v -0.901098 0.655739 -8.049696
v -1.026822 0.771718 -7.566436
v -1.375148 0.681304 -8.010483
v -1.442091 0.745095 -7.832263
v -1.196499 0.655739 -8.049696
v -1.026822 0.771718 -7.566436
v -1.601195 0.782496 -7.694789
v -1.585680 0.796167 -7.502939
v -1.442091 0.745095 -7.832263
v -1.026822 0.771718 -7.566436
v -1.704696 0.774189 -7.224732
v -1.578400 0.731441 -7.013508
v -1.585680 0.796167 -7.502939
v -1.026822 0.771718 -7.566436
v -1.506382 3.902200 -6.133832
v -1.578400 4.006778 -6.614404
v -1.240560 3.886075 -6.124879
v -1.026822 4.148499 -7.425570
v -1.013972 3.815142 -5.852746
v -1.240560 3.886075 -6.124879
v -0.790207 3.886075 -6.124879
v -1.026822 4.148499 -7.425570
v -0.521563 3.902200 -6.133832
v -0.790207 3.886075 -6.124879
v -0.455189 4.006777 -6.614404
v -1.026822 4.148499 -7.425570
v -0.334537 4.036778 -6.967578
v -0.455189 4.006777 -6.614404
v -0.468744 4.087985 -7.425139
v -1.026822 4.148499 -7.425570
v -0.476226 4.084448 -7.718801
v -0.468744 4.087985 -7.425139
v -0.648781 4.073114 -7.920765
v -1.026822 4.148499 -7.425570
v -0.729174 3.976871 -8.354391
v -0.648781 4.073114 -7.920765
v -0.901098 3.938497 -8.516688
v -1.026822 4.148499 -7.425570
v -1.052161 3.869145 -8.791416
v -0.901098 3.938497 -8.516688
v -1.196499 3.938497 -8.516688
v -1.026822 4.148499 -7.425570
v -1.375148 3.976871 -8.354391
v -1.196499 3.938497 -8.516688
v -1.442091 4.073115 -7.920764
v -1.026822 4.148499 -7.425570
v -1.601195 4.084448 -7.718801
v -1.442091 4.073115 -7.920764
v -1.585680 4.087985 -7.425139
v -1.026822 4.148499 -7.425570
v -1.704696 4.036779 -6.967578
v -1.585680 4.087985 -7.425139
v -1.578400 4.006778 -6.614404
v -1.026822 4.148499 -7.425570
v -1.389408 3.093027 -3.400889
v -0.624418 3.095022 -3.481862
v -0.630623 2.835444 -3.489154
v -1.379439 2.813331 -3.408232
v 0.262673 3.002019 -3.538353
v 0.221933 2.780690 -3.544625
v 0.169393 2.491942 -3.548653
v -0.638720 2.496164 -3.494673
v -1.366903 2.447153 -3.413696
v 0.262673 3.002019 -3.538353
v 1.325734 2.860660 -3.545346
v 1.214946 2.681249 -3.548186
v 0.221933 2.780690 -3.544625
v 2.197488 2.720404 -3.744271
v 2.013904 2.562376 -3.755515
v 1.776072 2.355022 -3.764610
v 1.071795 2.447098 -3.547142
v 0.169393 2.491942 -3.548653
v -2.788018 2.731043 -3.275273
v -2.086165 2.949395 -3.320456
v -2.061232 2.682166 -3.328315
v -2.719416 2.494447 -3.283778
v -1.389408 3.093027 -3.400889
v -1.379439 2.813331 -3.408232
v -1.366903 2.447153 -3.413696
v -2.029515 2.332296 -3.334217
v -2.630627 2.184685 -3.290183
v -4.197286 2.283461 -3.504025
v -3.568298 2.504889 -3.300053
v -3.397405 2.302669 -3.308991
v -3.945983 2.134552 -3.532060
v -2.788018 2.731043 -3.275273
v -2.719416 2.494447 -3.283778
v -2.630627 2.184685 -3.290183
v -3.174308 2.037409 -3.315539
v -3.617578 1.939193 -3.563510
v 2.197488 2.720404 -3.744271
v 2.510661 2.630711 -4.376562
v 2.284293 2.449326 -4.422290
v 2.013904 2.562376 -3.755515
v 2.530630 2.549397 -5.104211
v 2.282212 2.346884 -5.155185
v 1.957995 2.077165 -5.214299
v 1.989812 2.209109 -4.475531
v 1.776072 2.355022 -3.764610
v -4.471349 1.922407 -4.655005
v -4.445263 2.079283 -3.996416
v -4.215931 2.017817 -4.081089
v -4.295811 1.927236 -4.752014
v -4.197286 2.283461 -3.504025
v -3.945983 2.134552 -3.532060
v -3.617578 1.939193 -3.563510
v -3.917456 1.938760 -4.187320
v -4.069039 1.935900 -4.874956
v 2.530630 2.549397 -5.104211
v 2.522770 2.434273 -5.589207
v 2.263760 2.259832 -5.560870
v 2.282212 2.346884 -5.155185
v 2.484371 2.295146 -5.937364
v 2.224775 2.167862 -5.818147
v 1.886222 1.997713 -5.653229
v 1.925602 2.026999 -5.515313
v 1.957995 2.077165 -5.214299
v 2.484371 2.295146 -5.937364
v 2.412719 2.141819 -6.254492
v 2.161092 2.050663 -6.105813
v 2.224775 2.167862 -5.818147
v 2.305505 1.955876 -6.551084
v 2.060830 1.910357 -6.398838
v 1.742427 1.848284 -6.191711
v 1.833445 1.928424 -5.902707
v 1.886222 1.997713 -5.653229
v -4.318579 1.736732 -5.974061
v -4.434662 1.842886 -5.357570
v -4.274183 1.837578 -5.340769
v -4.179050 1.720140 -5.840918
v -4.471349 1.922407 -4.655005
v -4.295811 1.927236 -4.752014
v -4.069039 1.935900 -4.874956
v -4.067425 1.830404 -5.314402
v -3.999472 1.694870 -5.662087
v 2.305505 1.955876 -6.551084
v 2.160416 1.718910 -6.837634
v 1.912108 1.749079 -6.672192
v 2.060830 1.910357 -6.398838
v 1.921573 1.426134 -7.076427
v 1.672195 1.540730 -6.891490
v 1.346215 1.689001 -6.642337
v 1.588324 1.786457 -6.448210
v 1.742427 1.848284 -6.191711
v -3.806276 1.215310 -6.625390
v -4.106479 1.499961 -6.374432
v -4.038414 1.546209 -6.246022
v -3.790184 1.351943 -6.540031
v -4.318579 1.736732 -5.974061
v -4.179050 1.720140 -5.840918
v -3.999472 1.694870 -5.662087
v -3.952042 1.601897 -6.074440
v -3.771440 1.526322 -6.425677
v 1.921573 1.426134 -7.076427
v 1.533096 1.072766 -7.229750
v 1.298359 1.259208 -7.022342
v 1.672195 1.540730 -6.891490
v 0.932347 0.759349 -7.303599
v 0.740346 0.992874 -7.094796
v 0.488988 1.297477 -6.815423
v 0.991180 1.501977 -6.744230
v 1.346215 1.689001 -6.642337
v -2.854401 0.760069 -6.932209
v -3.425886 0.965517 -6.793648
v -3.372270 1.173496 -6.706895
v -2.756736 1.010105 -6.829192
v -3.806276 1.215310 -6.625390
v -3.790184 1.351943 -6.540031
v -3.771440 1.526322 -6.425677
v -3.303972 1.442986 -6.590014
v -2.630270 1.336226 -6.689930
v 0.932347 0.759349 -7.303599
v 0.056689 0.586436 -7.303970
v -0.052103 0.830081 -7.138897
v 0.740346 0.992874 -7.094796
v -0.959267 0.540611 -7.233312
v -0.972821 0.782301 -7.116511
v -0.990819 1.096998 -6.958788
v -0.194590 1.147589 -6.917452
v 0.488988 1.297477 -6.815423
v -0.959267 0.540611 -7.233312
v -1.980913 0.608461 -7.094078
v -1.915643 0.861009 -6.989504
v -0.972821 0.782301 -7.116511
v -2.854401 0.760069 -6.932209
v -2.756736 1.010105 -6.829192
v -2.630270 1.336226 -6.689930
v -1.830965 1.190387 -6.847900
v -0.990819 1.096998 -6.958788
v -1.375687 -1.885284 -5.336326
v -1.513645 -1.888916 -5.333727
v -1.491409 -2.419989 -6.374988
v -1.406160 -2.400927 -6.388571
v -1.635653 -1.836754 -5.370463
v -1.556648 -2.372833 -6.408332
v -1.445740 -2.270494 -6.481044
v -1.167219 -1.749306 -5.431976
v -1.249104 -1.839531 -5.368466
v -1.317778 -2.387573 -6.397789
v -1.285477 -2.322210 -6.443942
v -1.167217 -1.531218 -5.585382
v -1.131372 -1.639572 -5.509120
v -1.240505 -2.256330 -6.490108
v -1.285477 -2.195959 -6.532750
v -1.375685 -1.395241 -5.681032
v -1.249104 -1.439617 -5.649772
v -1.317778 -2.125087 -6.582428
v -1.406160 -2.117239 -6.588122
v -1.635653 -1.443768 -5.646897
v -1.513647 -1.390229 -5.684513
v -1.491409 -2.092672 -6.605229
v -1.556648 -2.145334 -6.568358
v -1.751339 -1.640265 -5.508679
v -1.725794 -1.528606 -5.587176
v -1.630651 -2.183495 -6.541342
v -1.623621 -2.259083 -6.488347
v -1.725794 -1.750542 -5.431063
v -1.630651 -2.329165 -6.438875
v -1.635653 -1.836754 -5.370463
v -1.513645 -1.888916 -5.333727
v -1.534681 -0.154070 -2.310965
v -1.708492 -0.087681 -2.357665
v -1.375687 -1.885284 -5.336326
v -1.342865 -0.155937 -2.309652
v -1.325859 2.425442 2.028041
v -1.544910 2.427574 2.026544
v -1.743399 2.503397 1.973217
v -1.249104 -1.839531 -5.368466
v -1.171041 -0.086180 -2.358720
v -1.167219 -1.749306 -5.431976
v -1.049667 0.035316 -2.444183
v -0.991032 2.643867 1.874429
v -1.129635 2.505112 1.972015
v -1.131372 -1.639572 -5.509120
v -1.009211 0.188671 -2.552055
v -1.167217 -1.531218 -5.585382
v -1.049667 0.342026 -2.659928
v -0.991032 2.994135 1.628102
v -0.944830 2.819002 1.751268
v -1.249104 -1.439617 -5.649772
v -1.171041 0.463522 -2.745390
v -1.375685 -1.395241 -5.681032
v -1.342869 0.533279 -2.794459
v -1.325859 3.212563 1.474490
v -1.129637 3.132895 1.530520
v -1.513647 -1.390229 -5.684513
v -1.534681 0.531412 -2.793146
v -1.635653 -1.443768 -5.646897
v -1.708492 0.465023 -2.746447
v -1.743399 3.134607 1.529311
v -1.544910 3.210432 1.475991
v -1.725794 -1.528606 -5.587176
v -1.826300 0.341204 -2.659350
v -1.751339 -1.640265 -5.508679
v -1.871201 0.188671 -2.552057
v -1.929209 2.819000 1.751262
v -1.877932 2.993198 1.628757
v -1.725794 -1.750542 -5.431063
v -1.826300 0.036137 -2.444762
v -1.635653 -1.836754 -5.370463
v -1.708492 -0.087681 -2.357665
v -1.743399 2.503397 1.973217
v -1.877934 2.644800 1.873772
v -1.610847 8.898834 12.279213
v -1.634022 8.872076 12.291065
v -1.512556 8.825651 12.323675
v -1.505825 8.852762 12.311609
v -1.655115 8.040918 10.958157
v -1.518967 7.988882 10.994694
v -1.368715 7.987413 10.995724
v -1.378496 8.824324 12.324610
v -1.386759 8.856947 12.308666
v -1.655115 8.040918 10.958157
v -1.634022 8.872076 12.291065
v -1.716391 8.958635 12.230261
v -1.747404 8.137962 10.890024
v -1.610847 8.898834 12.279213
v -1.689169 8.972322 12.227543
v -1.710718 9.068224 12.160112
v -1.747833 9.065290 12.155348
v -1.782593 8.257517 10.806086
v -1.386759 8.856947 12.308666
v -1.378496 8.824324 12.324610
v -1.258347 8.873056 12.290377
v -1.277149 8.895342 12.281672
v -1.234102 8.042080 10.957352
v -1.139004 8.137304 10.890491
v -1.173428 8.958002 12.230717
v -1.206820 8.974115 12.226286
v -1.206820 8.974115 12.226286
v -1.173428 8.958002 12.230717
v -1.145065 9.065302 12.155346
v -1.175138 9.068231 12.160109
v -1.107292 8.257528 10.806097
v -1.138977 8.377756 10.721689
v -1.173306 9.172642 12.079956
v -1.206627 9.162403 12.093893
v -1.206627 9.162403 12.093893
v -1.173306 9.172642 12.079956
v -1.258209 9.257694 12.020214
v -1.276928 9.241354 12.038382
v -1.234072 8.473009 10.654819
v -1.368698 8.527685 10.616428
v -1.378429 9.306520 11.985918
v -1.386650 9.279888 12.011290
v -1.386650 9.279888 12.011290
v -1.378429 9.306520 11.985918
v -1.512619 9.305182 11.986857
v -1.505926 9.284069 12.008350
v -1.518980 8.526220 10.617460
v -1.655151 8.474161 10.653999
v -1.634178 9.258676 12.019520
v -1.611092 9.237863 12.040835
v -1.611092 9.237863 12.040835
v -1.634178 9.258676 12.019520
v -1.716505 9.172010 12.080389
v -1.689354 9.164213 12.092619
v -1.747427 8.377092 10.722147
v -1.747833 9.065290 12.155348
v -1.710718 9.068224 12.160112
v -1.534712 5.499039 7.012037
v -1.708590 5.565475 6.965353
v -1.342821 5.497175 7.013351
v -1.170929 5.566978 6.964298
v -1.049509 5.688560 6.878862
v -1.009037 5.842026 6.771027
v -1.049511 5.995483 6.663188
v -1.170933 6.117064 6.577756
v -1.342823 6.186867 6.528701
v -1.534710 6.184999 6.530015
v -1.708586 6.118563 6.576695
v -1.826443 5.994658 6.663762
v -1.871365 5.842016 6.771019
v -1.826445 5.689381 6.878278
v -1.708590 5.565475 6.965353
v -1.610847 8.898834 12.279213
v -1.505825 8.852762 12.311609
v -1.489119 8.913637 12.271128
v -1.551126 8.961077 12.237755
v -1.386759 8.856947 12.308666
v -1.408083 8.934339 12.256563
v -1.445711 9.069193 12.161713
v -1.277149 8.895342 12.281672
v -1.323999 8.944366 12.249514
v -1.206820 8.974115 12.226286
v -1.293207 9.009113 12.203968
v -1.175138 9.068231 12.160109
v -1.250311 9.069193 12.161707
v -1.206627 9.162403 12.093893
v -1.293070 9.129309 12.119419
v -1.276928 9.241354 12.038382
v -1.323811 9.194219 12.073763
v -1.386650 9.279888 12.011290
v -1.408010 9.204313 12.066662
v -1.505926 9.284069 12.008350
v -1.489206 9.225060 12.052069
v -1.611092 9.237863 12.040835
v -1.551302 9.177477 12.085539
v -1.689354 9.164213 12.092619
v -1.621662 9.138498 12.112957
v -1.710718 9.068224 12.160112
v -1.614887 9.069183 12.161711
v -1.689169 8.972322 12.227543
v -1.621508 8.999952 12.210413
v -2.238466 -2.259422 -5.310927
v -2.327301 -2.106719 -4.957924
v -2.521471 -1.826073 -5.131490
v -2.436773 -1.972630 -5.401084
v -2.231377 -2.037615 -4.999785
v -2.427792 -1.794600 -5.148980
v -2.466740 -1.503408 -5.329916
v -2.591646 -1.506580 -5.327416
v -2.476034 -1.720330 -5.644036
v -2.231377 -2.037615 -4.999785
v -2.327301 -2.106719 -4.957924
v -2.025574 -2.301677 -4.777105
v -1.975309 -2.228565 -4.825596
v -2.238466 -2.259422 -5.310927
v -1.980108 -2.410599 -5.074763
v -1.636927 -2.527838 -5.049500
v -1.657875 -2.405123 -4.665620
v -1.635260 -2.303591 -4.740692
v -1.635260 -2.303591 -4.740692
v -1.657875 -2.405123 -4.665620
v -1.265808 -2.411236 -4.700054
v -1.282042 -2.328526 -4.755287
v -1.280478 -2.511497 -5.003809
v -0.952888 -2.433165 -5.194611
v -0.896662 -2.300364 -4.828115
v -0.957430 -2.209754 -4.884538
v -0.957430 -2.209754 -4.884538
v -0.896662 -2.300364 -4.828115
v -0.597731 -2.052845 -4.997514
v -0.672503 -2.001518 -5.026771
v -0.665207 -2.181461 -5.277670
v -0.506369 -1.936491 -5.526065
v -0.399849 -1.746674 -5.196792
v -0.515114 -1.717646 -5.213155
v -0.515114 -1.717646 -5.213155
v -0.399849 -1.746674 -5.196792
v -0.333855 -1.459826 -5.414489
v -0.431780 -1.460478 -5.407307
v -0.422157 -1.635298 -5.661589
v -0.506310 -1.433249 -5.915377
v -0.399784 -1.187643 -5.629908
v -0.515055 -1.219107 -5.598978
v -0.515055 -1.219107 -5.598978
v -0.399784 -1.187643 -5.629908
v -0.597672 -0.925467 -5.822346
v -0.672464 -0.972940 -5.779439
v -0.665136 -1.143175 -6.037196
v -0.952841 -1.004627 -6.208583
v -0.896635 -0.710491 -5.956488
v -0.957428 -0.794376 -5.889424
v -0.957428 -0.794376 -5.889424
v -0.896635 -0.710491 -5.956488
v -1.265781 -0.579920 -5.997010
v -1.282022 -0.657633 -5.938726
v -1.280445 -0.824982 -6.198123
v -1.636915 -0.872665 -6.225609
v -1.657829 -0.563145 -5.974604
v -1.635193 -0.663572 -5.906130
v -1.635193 -0.663572 -5.906130
v -1.657829 -0.563145 -5.974604
v -2.025488 -0.689568 -5.919959
v -1.975168 -0.757652 -5.868390
v -1.980097 -0.925978 -6.127203
v -2.238453 -1.188366 -6.066311
v -2.327202 -0.914953 -5.798417
v -2.231211 -0.976349 -5.748320
v -2.231211 -0.976349 -5.748320
v -2.327202 -0.914953 -5.798417
v -2.521406 -1.195080 -5.575314
v -2.427679 -1.218870 -5.553951
v -2.436766 -1.391539 -5.809790
v -2.591646 -1.506580 -5.327416
v -2.466740 -1.503408 -5.329916
v -1.453150 -3.146363 -7.768213
v -1.571497 -2.872663 -6.193084
v -1.836517 -2.715348 -5.958291
v -1.960964 -2.697981 -6.358237
v -1.128614 -2.809528 -6.284065
v -1.326828 -2.788860 -5.906600
v -0.839491 -2.491009 -6.499450
v -0.878576 -2.548419 -6.106097
v -0.839457 -2.162399 -6.751942
v -0.701494 -2.150512 -6.385771
v -1.128574 -1.885416 -6.940738
v -0.878523 -1.791978 -6.659413
v -1.571495 -1.801404 -6.954016
v -1.326805 -1.560173 -6.776675
v -1.960974 -2.004241 -6.847669
v -1.836529 -1.633754 -6.725017
v -2.114782 -2.349612 -6.577600
v -2.169216 -1.972939 -6.493765
v -1.960964 -2.697981 -6.358237
v -2.169209 -2.396281 -6.196015
v -2.231377 -2.037615 -4.999785
v -1.975309 -2.228565 -4.825596
v -1.831718 -2.031260 -4.980510
v -1.954603 -1.849857 -5.137064
v -1.635260 -2.303591 -4.740692
v -1.570004 -2.022341 -4.973957
v -1.453135 -1.507864 -5.390360
v -1.282042 -2.328526 -4.755287
v -1.328390 -2.103830 -4.929465
v -0.957430 -2.209754 -4.884538
v -1.132689 -1.959978 -5.063840
v -0.672503 -2.001518 -5.026771
v -0.885872 -1.866421 -5.126585
v -0.515114 -1.717646 -5.213155
v -0.847334 -1.645521 -5.276668
v -0.431780 -1.460478 -5.407307
v -0.711121 -1.473633 -5.402877
v -0.515055 -1.219107 -5.598978
v -0.847301 -1.321159 -5.526026
v -0.672464 -0.972940 -5.779439
v -0.885849 -1.119686 -5.673045
v -0.957428 -0.794376 -5.889424
v -1.132692 -1.047662 -5.712356
v -1.282022 -0.657633 -5.938726
v -1.328379 -0.890764 -5.788666
v -1.635193 -0.663572 -5.906130
v -1.569950 -0.964676 -5.725324
v -1.975168 -0.757652 -5.868390
v -1.831596 -0.963375 -5.737590
v -2.231211 -0.976349 -5.748320
v -1.954477 -1.164906 -5.620347
v -2.427679 -1.218870 -5.553951
v -2.160131 -1.298214 -5.509314
v -2.466740 -1.503408 -5.329916
v -2.106445 -1.505869 -5.353709
v -2.427792 -1.794600 -5.148980
v -2.160227 -1.716194 -5.215299
v 0.964875 3.539917 -1.889543
v 1.044321 3.504618 -1.862164
v 1.007751 3.459321 -1.721029
v 0.890711 3.504241 -1.753776
v 1.135248 3.499633 -1.858326
v 1.136078 3.446226 -1.708817
v 1.135924 3.416843 -1.530836
v 0.969765 3.433800 -1.546647
v 0.818220 3.491962 -1.589049
v 1.225681 3.510678 -1.861006
v 1.263391 3.467863 -1.719397
v 1.302936 3.551213 -1.887385
v 1.377579 3.520510 -1.750668
v 1.448621 3.513027 -1.585024
v 1.300769 3.444860 -1.544534
v 1.369799 3.604733 -1.918567
v 1.466535 3.600440 -1.800533
v 1.403888 3.674954 -1.965621
v 1.522968 3.698719 -1.863342
v 1.636872 3.743774 -1.730916
v 1.563801 3.616522 -1.649590
v 1.421626 3.750856 -2.012860
v 1.539589 3.806412 -1.933446
v 1.399544 3.823592 -2.063151
v 1.516712 3.912785 -2.003803
v 1.628771 4.020947 -1.912785
v 1.658393 3.883215 -1.821687
v 1.361367 3.893234 -2.107870
v 1.454649 4.007104 -2.067369
v 1.291563 3.940352 -2.142721
v 1.361200 4.080940 -2.118398
v 1.427413 4.238676 -2.061164
v 1.548412 4.143074 -1.995091
v 1.212038 3.977484 -2.167304
v 1.244160 4.125860 -2.151145
v 1.121190 3.980636 -2.173939
v 1.115833 4.138955 -2.163357
v 1.109710 4.313795 -2.119377
v 1.275869 4.296839 -2.103566
v 1.030678 3.971424 -2.168462
v 0.988520 4.117318 -2.152777
v 0.953502 3.929056 -2.144879
v 0.874332 4.064671 -2.121506
v 0.797013 4.217611 -2.065188
v 0.944865 4.285779 -2.105679
v 0.886561 3.877369 -2.110901
v 0.785376 3.984741 -2.071641
v 0.852550 3.805315 -2.066643
v 0.728943 3.886461 -2.008832
v 0.608762 3.986864 -1.919297
v 0.681832 4.114117 -2.000623
v 0.834733 3.731245 -2.016607
v 0.712322 3.778769 -1.938728
v 0.856894 3.656677 -1.969113
v 0.735199 3.672396 -1.868371
v 0.616863 3.709691 -1.737428
v 0.587241 3.847423 -1.828526
v 0.894992 3.588867 -1.921598
v 0.797261 3.578076 -1.804806
v 0.964875 3.539917 -1.889543
v 0.890711 3.504241 -1.753776
v 0.818220 3.491962 -1.589049
v 0.697221 3.587565 -1.655122
v 0.934802 3.436763 -1.352011
v 0.752508 3.506728 -1.403017
v 1.134677 3.416367 -1.332992
v 1.132381 3.444453 -1.120370
v 0.903682 3.467791 -1.142132
v 0.695100 3.547845 -1.200493
v 1.332970 3.450068 -1.349470
v 1.510823 3.532067 -1.398176
v 1.562771 3.576838 -1.194954
v 1.359270 3.483015 -1.139224
v 1.649374 3.656561 -1.475842
v 1.737271 3.809635 -1.573670
v 1.821876 3.894434 -1.395757
v 1.721304 3.719286 -1.283821
v 1.763160 3.977370 -1.682860
v 1.727527 4.143049 -1.792442
v 1.810727 4.275931 -1.646078
v 1.851497 4.086359 -1.520693
v 1.630863 4.289956 -1.891448
v 1.485312 4.404957 -1.970929
v 1.533581 4.575608 -1.850304
v 1.700122 4.444023 -1.759362
v 1.303018 4.474921 -2.021934
v 1.103143 4.495318 -2.040954
v 1.096300 4.679001 -1.930427
v 1.324999 4.655663 -1.908665
v 0.904850 4.461617 -2.024476
v 0.726997 4.379618 -1.975770
v 0.665910 4.546616 -1.855843
v 0.869411 4.640439 -1.911573
v 0.588446 4.255124 -1.898103
v 0.500549 4.102050 -1.800275
v 0.406805 4.229019 -1.655041
v 0.507377 4.404167 -1.766976
v 0.474661 3.934315 -1.691086
v 0.510293 3.768636 -1.581503
v 0.417954 3.847523 -1.404719
v 0.377184 4.037095 -1.530105
v 0.606957 3.621729 -1.482497
v 0.752508 3.506728 -1.403017
v 0.695100 3.547845 -1.200493
v 0.528558 3.679431 -1.291435
v 0.877224 3.526462 -0.922021
v 0.647520 3.614622 -0.986291
v 1.129080 3.500760 -0.898055
v 1.124868 3.583566 -0.671605
v 0.856016 3.611001 -0.697188
v 0.610813 3.705111 -0.765796
v 1.378945 3.543227 -0.918818
v 1.603052 3.646551 -0.980191
v 1.630822 3.739194 -0.759284
v 1.391592 3.628897 -0.693769
v 1.777637 3.803423 -1.078057
v 1.888394 3.996307 -1.201327
v 1.935418 4.112551 -0.995342
v 1.817188 3.906652 -0.863754
v 1.921015 4.207665 -1.338914
v 1.876115 4.416434 -1.476996
v 1.922311 4.561027 -1.289612
v 1.970240 4.338171 -1.142213
v 1.754311 4.601547 -1.601751
v 1.570906 4.746457 -1.701902
v 1.596507 4.913319 -1.529694
v 1.792288 4.758630 -1.422785
v 1.341202 4.834617 -1.766173
v 1.089346 4.860319 -1.790139
v 1.082452 5.034864 -1.623885
v 1.351303 5.007428 -1.598302
v 0.839481 4.817852 -1.769376
v 0.615374 4.714528 -1.708002
v 0.576498 4.879235 -1.536206
v 0.815727 4.989532 -1.601721
v 0.440789 4.557656 -1.610137
v 0.330032 4.364772 -1.486866
v 0.271902 4.505878 -1.300148
v 0.390132 4.711778 -1.431736
v 0.297411 4.153413 -1.349279
v 0.342311 3.944645 -1.211197
v 0.285009 4.057403 -1.005878
v 0.237080 4.280258 -1.153277
v 0.464115 3.759532 -1.086442
v 0.647520 3.614622 -0.986291
v 0.610813 3.705111 -0.765796
v 0.415032 3.859799 -0.872705
v 0.840651 3.719636 -0.473147
v 0.586023 3.817362 -0.544391
v 1.119836 3.691146 -0.446581
v 1.114119 3.820565 -0.228470
v 0.831432 3.849412 -0.255370
v 0.573610 3.948364 -0.327508
v 1.396813 3.738220 -0.469597
v 1.645238 3.852756 -0.537630
v 1.646111 3.984202 -0.320661
v 1.394570 3.868229 -0.251775
v 1.838767 4.026650 -0.646115
v 1.961542 4.240464 -0.782761
v 1.966383 4.376772 -0.568867
v 1.842068 4.160277 -0.430507
v 1.997702 4.474756 -0.935277
v 1.947931 4.706178 -1.088342
v 1.952601 4.848328 -0.878281
v 2.002996 4.614004 -0.723296
v 1.812910 4.911377 -1.226634
v 1.609604 5.072011 -1.337652
v 1.610030 5.218750 -1.130718
v 1.815887 5.056101 -1.018307
v 1.354976 5.169737 -1.408897
v 1.075790 5.198228 -1.435463
v 1.069521 5.346550 -1.229756
v 1.352208 5.317702 -1.202856
v 0.798814 5.151154 -1.412447
v 0.550389 5.036617 -1.344414
v 0.537530 5.182912 -1.137565
v 0.789070 5.298885 -1.206451
v 0.356859 4.862723 -1.235929
v 0.234085 4.648910 -1.099283
v 0.217258 4.790342 -0.889359
v 0.341573 5.006837 -1.027719
v 0.197924 4.414617 -0.946767
v 0.247696 4.183196 -0.793702
v 0.231040 4.318787 -0.579945
v 0.180644 4.553111 -0.734930
v 0.382716 3.977997 -0.655410
v 0.586023 3.817362 -0.544391
v 0.573610 3.948364 -0.327508
v 0.367754 4.111013 -0.439918
v 0.828665 3.997377 -0.049329
v 0.574036 4.095103 -0.120573
v 1.107850 3.968886 -0.022763
v 1.101189 4.132250 0.165659
v 0.832337 4.159686 0.140076
v 0.587134 4.253796 0.071469
v 1.384827 4.015961 -0.045779
v 1.633252 4.130497 -0.113812
v 1.607143 4.287879 0.077980
v 1.367913 4.177582 0.143495
v 1.826781 4.304391 -0.222297
v 1.949556 4.518204 -0.358943
v 1.911739 4.661236 -0.158077
v 1.793509 4.455337 -0.026489
v 1.985716 4.752497 -0.511459
v 1.935945 4.983918 -0.664524
v 1.898632 5.109712 -0.452348
v 1.946561 4.886856 -0.304948
v 1.800924 5.189117 -0.802816
v 1.597618 5.349752 -0.913834
v 1.572828 5.462004 -0.692430
v 1.768609 5.307315 -0.585521
v 1.342989 5.447478 -0.985079
v 1.063804 5.475968 -1.011645
v 1.058773 5.583549 -0.786620
v 1.327624 5.556113 -0.761037
v 0.786827 5.428894 -0.988629
v 0.538403 5.314358 -0.920596
v 0.552819 5.427920 -0.698941
v 0.792048 5.538217 -0.764456
v 0.344873 5.140464 -0.812111
v 0.222099 4.926651 -0.675465
v 0.248223 5.054564 -0.462884
v 0.366453 5.260463 -0.594472
v 0.185938 4.692358 -0.522949
v 0.235710 4.460937 -0.369884
v 0.261330 4.606088 -0.168613
v 0.213401 4.828943 -0.316013
v 0.370730 4.255737 -0.231592
v 0.574036 4.095103 -0.120573
v 0.587134 4.253796 0.071469
v 0.391353 4.408484 -0.035440
v 0.842438 4.332497 0.307947
v 0.612734 4.420657 0.243677
v 1.094295 4.306796 0.331913
v 1.087340 4.488113 0.472202
v 0.858642 4.511452 0.450439
v 0.650059 4.591506 0.392079
v 1.344159 4.349262 0.311150
v 1.568266 4.452586 0.249777
v 1.517731 4.620499 0.397618
v 1.314230 4.526675 0.453348
v 1.742852 4.609458 0.151911
v 1.853608 4.802342 0.028641
v 1.776836 4.938095 0.196815
v 1.676263 4.762947 0.308751
v 1.886229 5.013701 -0.108947
v 1.841330 5.222469 -0.247028
v 1.765686 5.319592 -0.053506
v 1.806457 5.130019 0.071879
v 1.719526 5.407582 -0.371783
v 1.536121 5.552492 -0.471934
v 1.488541 5.619269 -0.257732
v 1.655082 5.487683 -0.166790
v 1.306417 5.640653 -0.536205
v 1.054560 5.666354 -0.560171
v 1.051260 5.722661 -0.337855
v 1.279958 5.699323 -0.316093
v 0.804696 5.623888 -0.539408
v 0.580589 5.520563 -0.478034
v 0.620869 5.590276 -0.263271
v 0.824370 5.684100 -0.319002
v 0.406003 5.363691 -0.380169
v 0.295247 5.170807 -0.256898
v 0.361764 5.272680 -0.062469
v 0.462337 5.447828 -0.174405
v 0.262626 4.959449 -0.119311
v 0.307525 4.750680 0.018771
v 0.372914 4.891183 0.187853
v 0.332143 5.080756 0.062467
v 0.429329 4.565567 0.143525
v 0.612734 4.420657 0.243677
v 0.650059 4.591506 0.392079
v 0.483518 4.723092 0.301136
v 0.880623 4.692193 0.563709
v 0.698329 4.762157 0.512703
v 1.080497 4.671796 0.582728
v 1.073931 4.853319 0.661151
v 0.907772 4.870275 0.645340
v 0.756228 4.928438 0.602938
v 1.278791 4.705497 0.566250
v 1.456643 4.787496 0.517544
v 1.386628 4.949503 0.606963
v 1.238776 4.881336 0.647453
v 1.595195 4.911991 0.439878
v 1.683092 5.065064 0.342050
v 1.574879 5.180250 0.461071
v 1.501808 5.052998 0.542397
v 1.708980 5.232800 0.232860
v 1.673348 5.398479 0.123277
v 1.566778 5.457423 0.279202
v 1.596400 5.319691 0.370300
v 1.576684 5.545385 0.024271
v 1.431132 5.660386 -0.055209
v 1.365420 5.675152 0.130823
v 1.486419 5.579549 0.196897
v 1.248838 5.730351 -0.106214
v 1.048964 5.750748 -0.125234
v 1.047717 5.750271 0.072610
v 1.213876 5.733315 0.088421
v 0.850670 5.717046 -0.108756
v 0.672818 5.635047 -0.060050
v 0.735020 5.654087 0.126799
v 0.882872 5.722254 0.086308
v 0.534266 5.510553 0.017617
v 0.446369 5.357480 0.115445
v 0.546769 5.423340 0.272690
v 0.619839 5.550592 0.191364
v 0.420481 5.189744 0.224634
v 0.456113 5.024065 0.334217
v 0.554870 5.146167 0.454559
v 0.525248 5.283899 0.363462
v 0.552778 4.877159 0.433223
v 0.698329 4.762157 0.512703
v 0.756228 4.928438 0.602938
v 0.635228 5.024041 0.536865
v 0.939481 5.041255 0.692920
v 0.822441 5.086174 0.660172
v 1.067808 5.028159 0.705131
v 1.062450 5.186479 0.715713
v 0.971602 5.189631 0.709078
v 0.892077 5.226762 0.684495
v 1.195120 5.049797 0.694552
v 1.309309 5.102443 0.663280
v 1.230138 5.238059 0.686654
v 1.152962 5.195691 0.710236
v 1.398264 5.182374 0.613415
v 1.454698 5.280653 0.550606
v 1.331090 5.361800 0.608417
v 1.297080 5.289745 0.652675
v 1.471319 5.388345 0.480502
v 1.448441 5.494718 0.410146
v 1.326746 5.510438 0.510888
v 1.348907 5.435869 0.558381
v 1.386379 5.589038 0.346580
v 1.292930 5.662873 0.295550
v 1.218765 5.627197 0.431317
v 1.288648 5.578247 0.463372
v 1.175890 5.707793 0.262803
v 1.047562 5.720889 0.250592
v 1.048392 5.667481 0.400100
v 1.139319 5.662497 0.403938
v 0.920250 5.699251 0.261171
v 0.806062 5.646605 0.292442
v 0.880705 5.615901 0.429159
v 0.957960 5.656436 0.402780
v 0.717106 5.566674 0.342307
v 0.660673 5.468395 0.405117
v 0.779752 5.492160 0.507396
v 0.813842 5.562382 0.460341
v 0.644052 5.360703 0.475221
v 0.666929 5.254330 0.545577
v 0.784097 5.343522 0.604925
v 0.762015 5.416258 0.554635
v 0.728991 5.160010 0.609143
v 0.822441 5.086174 0.660172
v 0.892077 5.226762 0.684495
v 0.822274 5.273880 0.649644
v 1.075036 3.560980 -1.957061
v 1.133541 3.572186 -1.970751
v 1.035609 3.595342 -1.988695
v 1.130292 3.692101 -2.089429
v 1.192485 3.564904 -1.956311
v 1.229931 3.601835 -1.987454
v 1.133541 3.572186 -1.970751
v 1.130292 3.692101 -2.089429
v 1.285817 3.625815 -1.993588
v 1.287959 3.672963 -2.032426
v 1.229931 3.601835 -1.987454
v 1.130292 3.692101 -2.089429
v 1.319381 3.720446 -2.054653
v 1.285462 3.758402 -2.088487
v 1.287959 3.672963 -2.032426
v 1.130292 3.692101 -2.089429
v 1.280357 3.812651 -2.116182
v 1.223393 3.825517 -2.134225
v 1.285462 3.758402 -2.088487
v 1.130292 3.692101 -2.089429
v 1.183650 3.867211 -2.154672
v 1.125461 3.848673 -2.152169
v 1.223393 3.825517 -2.134225
v 1.130292 3.692101 -2.089429
v 1.066200 3.863286 -2.155421
v 1.029072 3.819024 -2.135466
v 1.125461 3.848673 -2.152169
v 1.130292 3.692101 -2.089429
v 0.972869 3.802376 -2.118145
v 0.971043 3.747896 -2.090494
v 1.029072 3.819024 -2.135466
v 1.130292 3.692101 -2.089429
v 0.939305 3.707745 -2.057079
v 0.973540 3.662457 -2.034433
v 0.971043 3.747896 -2.090494
v 1.130292 3.692101 -2.089429
v 0.978329 3.615540 -1.995551
v 1.035609 3.595342 -1.988695
v 0.973540 3.662457 -2.034433
v 1.130292 3.692101 -2.089429
v 0.999990 5.299903 0.696446
v 0.960247 5.341597 0.675999
v 1.058180 5.318441 0.693944
v 1.053348 5.475014 0.631203
v 1.117440 5.303828 0.697196
v 1.058180 5.318441 0.693944
v 1.154569 5.348090 0.677240
v 1.053348 5.475014 0.631203
v 1.210772 5.364738 0.659919
v 1.154569 5.348090 0.677240
v 1.212597 5.419218 0.632269
v 1.053348 5.475014 0.631203
v 1.244335 5.459369 0.598854
v 1.212597 5.419218 0.632269
v 1.210101 5.504657 0.576207
v 1.053348 5.475014 0.631203
v 1.205311 5.551574 0.537325
v 1.210101 5.504657 0.576207
v 1.148032 5.571773 0.530469
v 1.053348 5.475014 0.631203
v 1.108605 5.606134 0.498835
v 1.148032 5.571773 0.530469
v 1.050099 5.594928 0.512525
v 1.053348 5.475014 0.631203
v 0.991155 5.602210 0.498085
v 1.050099 5.594928 0.512525
v 0.953710 5.565279 0.529229
v 1.053348 5.475014 0.631203
v 0.897823 5.541299 0.535362
v 0.953710 5.565279 0.529229
v 0.895681 5.494151 0.574200
v 1.053348 5.475014 0.631203
v 0.864260 5.446669 0.596427
v 0.895681 5.494151 0.574200
v 0.898178 5.408712 0.630261
v 1.053348 5.475014 0.631203
v 0.903284 5.354464 0.657956
v 0.898178 5.408712 0.630261
v 0.960247 5.341597 0.675999
v 1.053348 5.475014 0.631203
vn 0.8051 0.5802 0.1233
vn 0.6093 0.3742 0.6991
vn 0.5923 0.5961 0.5421
vn 0.6939 0.6687 0.2671
vn -0.0460 0.6143 0.7877
vn 0.4156 0.6832 0.6004
vn 0.4474 0.7973 0.4051
vn 0.5279 0.7715 0.3550
vn 0.6205 0.7675 0.1610
vn -0.0460 0.6144 0.7877
vn -0.9424 0.3265 0.0721
vn -0.8010 0.5724 0.1754
vn -0.3063 0.8035 0.5105
vn -0.6819 0.4679 -0.5622
vn -0.8617 0.5074 -0.0028
vn -0.7998 0.5940 0.0866
vn -0.7468 0.6372 0.1907
vn -0.4590 0.7581 0.4632
vn 0.4155 0.6833 0.6004
vn 0.1865 0.8073 0.5600
vn 0.3812 0.8281 0.4110
vn -0.3062 0.8035 0.5105
vn -0.4589 0.7581 0.4633
vn 0.0510 0.7864 0.6156
vn 0.3468 0.7710 0.5341
vn 0.6205 0.7675 0.1609
vn 0.5279 0.7716 0.3550
vn 0.4551 0.8390 0.2983
vn 0.5269 0.8238 0.2089
vn 0.3468 0.7711 0.5340
vn 0.4587 0.7850 0.4164
vn 0.5257 0.7830 0.3324
vn -0.8616 0.5076 -0.0028
vn -0.7717 0.6334 0.0573
vn -0.7534 0.6465 0.1199
vn -0.6819 0.4678 -0.5622
vn -0.7373 0.6553 -0.1641
vn -0.7746 0.6220 -0.1146
vn -0.7484 0.6624 0.0328
vn -0.7412 0.6597 0.1244
vn -0.4590 0.7581 0.4633
vn -0.7498 0.6267 0.2121
vn -0.5449 0.6623 0.5143
vn -0.7544 0.6106 0.2409
vn -0.5901 0.5838 0.5576
vn 0.0510 0.7863 0.6157
vn -0.0258 0.6743 0.7380
vn 0.3063 0.6712 0.6750
vn -0.4589 0.7581 0.4634
vn -0.5448 0.6623 0.5143
vn -0.5900 0.5837 0.5578
vn -0.0788 0.5500 0.8314
vn 0.2543 0.5580 0.7899
vn 0.5258 0.7830 0.3324
vn 0.4587 0.7849 0.4165
vn 0.4501 0.6952 0.5604
vn 0.5197 0.7137 0.4697
vn 0.3469 0.7710 0.5341
vn 0.3065 0.6712 0.6750
vn 0.2544 0.5580 0.7899
vn 0.4005 0.6065 0.6868
vn 0.4816 0.6511 0.5866
vn -0.6821 0.4678 -0.5621
vn 0.2428 0.4239 -0.8726
vn 0.2220 0.7323 -0.6438
vn -0.1023 0.7316 -0.6740
vn 0.5140 0.7485 -0.4189
vn 0.3541 0.7813 -0.5141
vn 0.1861 0.7894 -0.5849
vn -0.0122 0.7748 -0.6321
vn 0.8051 0.5802 0.1232
vn 0.6939 0.6687 0.2670
vn 0.6550 0.7358 -0.1721
vn 0.5141 0.7484 -0.4189
vn 0.6627 0.7425 -0.0975
vn 0.5642 0.7731 -0.2899
vn 0.5048 0.7627 -0.4043
vn 0.3541 0.7813 -0.5140
vn -0.7746 0.6220 -0.1147
vn -0.7372 0.6554 -0.1643
vn -0.4833 0.6959 -0.5311
vn -0.7229 0.6290 -0.2858
vn -0.6819 0.4678 -0.5623
vn -0.1024 0.7316 -0.6740
vn -0.0123 0.7747 -0.6322
vn -0.3600 0.7227 -0.5901
vn -0.6434 0.6576 -0.3920
vn -0.7412 0.6597 0.1243
vn -0.7415 0.6654 -0.0864
vn -0.7305 0.6827 0.0158
vn -0.7230 0.6290 -0.2857
vn -0.6434 0.6575 -0.3920
vn -0.7143 0.6631 -0.2238
vn -0.7093 0.6928 -0.1300
vn -0.0122 0.7747 -0.6322
vn 0.1862 0.7895 -0.5849
vn 0.1695 0.7640 -0.6225
vn 0.0034 0.7673 -0.6413
vn 0.3540 0.7813 -0.5141
vn 0.2938 0.7598 -0.5800
vn 0.2410 0.7419 -0.6257
vn 0.1571 0.7278 -0.6676
vn 0.0093 0.7247 -0.6890
vn 0.5048 0.7627 -0.4044
vn 0.3952 0.7717 -0.4984
vn 0.5642 0.7731 -0.2900
vn 0.4422 0.8051 -0.3952
vn 0.3349 0.8093 -0.4826
vn 0.2920 0.7732 -0.5630
vn -0.6434 0.6575 -0.3921
vn -0.3599 0.7227 -0.5901
vn -0.2672 0.7404 -0.6168
vn -0.5471 0.6845 -0.4819
vn -0.0124 0.7747 -0.6322
vn 0.0033 0.7673 -0.6413
vn 0.0092 0.7247 -0.6890
vn -0.2319 0.7045 -0.6707
vn -0.4845 0.6748 -0.5566
vn -0.7093 0.6928 -0.1301
vn -0.7143 0.6630 -0.2239
vn -0.6702 0.6640 -0.3316
vn -0.6829 0.6885 -0.2442
vn -0.5471 0.6845 -0.4818
vn -0.4846 0.6748 -0.5566
vn -0.6163 0.6676 -0.4177
vn -0.6533 0.6849 -0.3227
vn 0.6622 0.7437 0.0917
vn 0.6708 0.7415 -0.0103
vn 0.6541 0.7045 0.2754
vn 0.7518 0.6073 0.2568
vn 0.7753 0.6307 0.0323
vn 0.7547 0.6532 -0.0617
vn -0.5902 0.5837 0.5576
vn -0.7646 0.5839 0.2728
vn -0.6078 0.5462 0.5764
vn -0.7627 0.6264 0.1612
vn -0.8013 0.5739 0.1691
vn -0.7791 0.5557 0.2902
vn -0.6052 0.5501 0.5754
vn 0.2543 0.5579 0.7900
vn -0.0788 0.5499 0.8315
vn -0.1131 0.4756 0.8724
vn 0.2102 0.4674 0.8587
vn -0.5901 0.5837 0.5578
vn -0.6077 0.5462 0.5765
vn -0.6051 0.5501 0.5756
vn -0.1239 0.4870 0.8646
vn 0.1814 0.4619 0.8682
vn 0.5197 0.7136 0.4697
vn 0.6102 0.6537 0.4476
vn 0.6541 0.7045 0.2755
vn 0.5078 0.5969 0.6212
vn 0.5140 0.5617 0.6483
vn 0.6629 0.5876 0.4640
vn 0.4005 0.6064 0.6869
vn 0.3641 0.5246 0.7695
vn 0.2103 0.4674 0.8587
vn 0.1815 0.4619 0.8682
vn 0.3427 0.5105 0.7886
vn 0.5139 0.5617 0.6484
vn 0.5642 0.7731 -0.2898
vn 0.6671 0.7382 -0.1004
vn 0.5944 0.7750 -0.2146
vn 0.7348 0.6716 -0.0951
vn 0.6947 0.6965 -0.1798
vn -0.7510 0.6581 0.0532
vn -0.7285 0.6773 -0.1029
vn -0.7889 0.6051 -0.1070
vn -0.8045 0.5921 0.0467
vn 0.1571 0.7277 -0.6676
vn 0.1286 0.7073 -0.6952
vn -0.0257 0.6868 -0.7264
vn 0.2411 0.7419 -0.6257
vn 0.1922 0.7395 -0.6451
vn 0.1624 0.7586 -0.6310
vn 0.0996 0.7305 -0.6757
vn -0.0743 0.6924 -0.7177
vn 0.3348 0.8093 -0.4826
vn 0.4755 0.8090 -0.3455
vn 0.3068 0.8110 -0.4982
vn 0.5641 0.7731 -0.2900
vn 0.5944 0.7750 -0.2147
vn 0.6946 0.6965 -0.1799
vn 0.5898 0.7357 -0.3331
vn 0.3282 0.7730 -0.5429
vn 0.2250 0.7784 -0.5860
vn 0.1921 0.7396 -0.6451
vn 0.3068 0.8109 -0.4983
vn 0.3282 0.7730 -0.5430
vn 0.2027 0.7759 -0.5974
vn -0.2621 0.6611 -0.7030
vn -0.4716 0.6487 -0.5973
vn -0.0258 0.6868 -0.7264
vn -0.0744 0.6924 -0.7177
vn -0.2997 0.6423 -0.7055
vn -0.4560 0.6301 -0.6285
vn -0.6829 0.6884 -0.2442
vn -0.6916 0.6868 -0.2237
vn -0.7284 0.6773 -0.1029
vn -0.6534 0.6848 -0.3228
vn -0.6354 0.6879 -0.3507
vn -0.6280 0.6697 -0.3965
vn -0.7494 0.6187 -0.2357
vn -0.7889 0.6051 -0.1071
vn -0.6533 0.6848 -0.3227
vn -0.5801 0.6628 -0.4734
vn -0.4717 0.6487 -0.5972
vn -0.5455 0.6607 -0.5157
vn -0.6279 0.6697 -0.3965
vn 0.7754 0.6307 0.0323
vn 0.8271 0.5610 0.0339
vn 0.8022 0.5945 -0.0555
vn 0.7519 0.6073 0.2566
vn 0.7988 0.5422 0.2608
vn 0.8394 0.4643 0.2826
vn 0.8585 0.5074 0.0742
vn 0.8176 0.5752 -0.0246
vn -0.8024 0.5216 0.2899
vn -0.6082 0.5415 0.5804
vn -0.8013 0.5738 0.1691
vn -0.8450 0.5101 0.1608
vn -0.8824 0.4462 0.1492
vn -0.8337 0.4704 0.2892
vn -0.6405 0.4727 0.6052
vn -0.1239 0.4871 0.8645
vn -0.1334 0.5098 0.8499
vn 0.1549 0.5009 0.8515
vn -0.6404 0.4727 0.6053
vn -0.1684 0.4754 0.8635
vn 0.1233 0.5241 0.8427
vn 0.7518 0.6073 0.2569
vn 0.6629 0.5875 0.4640
vn 0.6903 0.5435 0.4776
vn 0.7987 0.5422 0.2608
vn 0.5029 0.5533 0.6640
vn 0.4960 0.5478 0.6737
vn 0.7221 0.4872 0.4911
vn 0.8393 0.4643 0.2827
vn 0.5139 0.5616 0.6484
vn 0.3115 0.5351 0.7853
vn 0.5028 0.5533 0.6641
vn 0.2854 0.5614 0.7768
vn 0.6947 0.6965 -0.1799
vn 0.7349 0.6715 -0.0951
vn 0.7858 0.6126 -0.0845
vn 0.7685 0.6191 -0.1615
vn 0.8176 0.5752 -0.0247
vn 0.7955 0.6012 -0.0756
vn 0.7972 0.5830 -0.1570
vn -0.8014 0.5738 0.1690
vn -0.8669 0.4978 0.0250
vn -0.8683 0.4792 -0.1278
vn -0.9357 0.3300 -0.1244
vn -0.9231 0.3843 0.0092
vn -0.8824 0.4462 0.1491
vn 0.5899 0.7356 -0.3331
vn 0.6717 0.6780 -0.2986
vn 0.3294 0.7799 -0.5322
vn 0.6947 0.6964 -0.1799
vn 0.8018 0.5625 -0.2020
vn 0.8110 0.5517 -0.1946
vn 0.5146 0.7756 -0.3656
vn 0.2886 0.8106 -0.5095
vn -0.7495 0.6186 -0.2357
vn -0.8051 0.5327 -0.2609
vn -0.8683 0.4792 -0.1279
vn -0.6281 0.6696 -0.3964
vn -0.5587 0.7060 -0.4353
vn -0.4739 0.7602 -0.4444
vn -0.6780 0.6540 -0.3356
vn -0.9194 0.3195 -0.2295
vn -0.9293 0.3169 -0.1895
vn 0.8586 0.5073 0.0742
vn 0.9027 0.4065 0.1411
vn 0.8592 0.5107 0.0302
vn 0.8912 0.3346 0.3062
vn 0.9472 0.1273 0.2943
vn 0.9654 0.1909 0.1777
vn 0.9556 0.2853 0.0741
vn -0.8805 0.3632 0.3046
vn -0.6972 0.3393 0.6315
vn -0.9206 0.3595 0.1528
vn -0.9699 0.1880 0.1548
vn -0.9306 0.1837 0.3167
vn -0.7430 0.1796 0.6448
vn -0.1684 0.4753 0.8636
vn -0.2377 0.3696 0.8983
vn 0.0812 0.4651 0.8815
vn -0.7428 0.1797 0.6450
vn -0.3092 0.2068 0.9282
vn 0.0385 0.2554 0.9661
vn 0.8394 0.4643 0.2827
vn 0.7222 0.4872 0.4910
vn 0.7841 0.3703 0.4980
vn 0.8912 0.3346 0.3063
vn 0.4962 0.5478 0.6736
vn 0.5359 0.4604 0.7077
vn 0.6181 0.1975 0.7609
vn 0.8646 0.1418 0.4820
vn 0.2825 0.5012 0.8179
vn 0.1234 0.5241 0.8427
vn 0.0813 0.4651 0.8815
vn 0.0386 0.2554 0.9661
vn 0.3055 0.2511 0.9185
vn 0.6180 0.1975 0.7610
vn 0.8370 0.5436 -0.0623
vn 0.8500 0.4920 -0.1880
vn 0.9556 0.2851 0.0741
vn 0.9442 0.3267 -0.0430
vn 0.9324 0.2954 -0.2082
vn -0.9232 0.3843 0.0092
vn -0.9548 0.2964 0.0248
vn -0.9206 0.3594 0.1528
vn -0.9358 0.3300 -0.1244
vn -0.9650 0.2443 -0.0950
vn -0.9861 0.1585 -0.0507
vn -0.9852 0.1656 0.0440
vn -0.9294 0.3168 -0.1895
vn -0.9565 0.2496 -0.1507
vn -0.9254 0.3133 -0.2133
vn -0.9254 0.3218 -0.2003
vn -0.9458 0.2662 -0.1858
vn -0.9700 0.1805 -0.1630
vn -0.9782 0.1804 -0.1026
vn 0.9557 0.2850 0.0741
vn 0.9654 0.1908 0.1776
vn 0.9869 -0.0158 0.1604
vn 0.9971 0.0232 0.0727
vn 0.9472 0.1272 0.2943
vn 0.9659 -0.0453 0.2551
vn 0.9601 -0.1914 0.2041
vn 0.9746 -0.1925 0.1146
vn 0.9805 -0.1905 0.0485
vn -0.9306 0.1836 0.3167
vn -0.9540 0.0446 0.2965
vn -0.7750 0.1519 0.6134
vn -0.9907 0.0088 0.1360
vn -0.9847 -0.1317 0.1145
vn -0.9665 -0.0682 0.2473
vn -0.7457 0.2602 0.6134
vn 0.0385 0.2553 0.9661
vn -0.3092 0.2067 0.9283
vn -0.3297 0.2693 0.9049
vn 0.0337 0.2606 0.9649
vn -0.7428 0.1796 0.6450
vn -0.7456 0.2603 0.6135
vn -0.2267 0.5986 0.7683
vn 0.0499 0.6051 0.7946
vn 0.8647 0.1416 0.4819
vn 0.9025 -0.0224 0.4302
vn 0.9658 -0.0453 0.2552
vn 0.6181 0.1974 0.7609
vn 0.6866 0.0858 0.7219
vn 0.6700 0.2973 0.6802
vn 0.9246 -0.0973 0.3684
vn 0.9601 -0.1913 0.2041
vn 0.6180 0.1974 0.7610
vn 0.3055 0.2510 0.9185
vn 0.3382 0.2064 0.9182
vn 0.6866 0.0859 0.7220
vn 0.0386 0.2553 0.9661
vn 0.0338 0.2606 0.9649
vn 0.0499 0.6050 0.7946
vn 0.2760 0.5907 0.7582
vn 0.6699 0.2974 0.6803
vn 0.9324 0.2953 -0.2082
vn 0.9443 0.3263 -0.0430
vn 0.9980 0.0505 -0.0372
vn 0.9744 0.0538 -0.2181
vn 0.9971 0.0232 0.0726
vn 0.9826 -0.1830 -0.0325
vn 0.9641 -0.1700 -0.2042
vn -0.9988 0.0114 0.0475
vn -0.9995 0.0290 -0.0122
vn -0.9953 -0.0970 0.0078
vn -0.9927 -0.1092 0.0507
vn -0.9847 -0.1316 0.1145
vn 0.9458 0.1385 -0.2938
vn 0.9262 0.2064 -0.3156
vn 0.9366 0.0023 -0.3504
vn 0.9248 -0.0668 -0.3746
vn 0.9324 0.2953 -0.2083
vn 0.9744 0.0538 -0.2182
vn 0.9641 -0.1699 -0.2042
vn 0.9164 -0.1884 -0.3531
vn 0.8886 -0.2214 -0.4017
vn -0.9977 0.0355 -0.0586
vn -0.9995 0.0290 -0.0123
vn -0.9700 0.1804 -0.1630
vn -0.9862 0.0427 -0.1599
vn -0.9730 -0.1372 -0.1854
vn -0.9907 -0.1212 -0.0616
vn -0.9953 -0.0970 0.0077
vn 0.9805 -0.1906 0.0485
vn 0.9369 -0.3453 0.0551
vn 0.9315 -0.3635 0.0130
vn 0.9302 -0.3377 0.1435
vn 0.9041 -0.4098 0.1209
vn 0.9244 -0.3796 0.0365
vn 0.9241 -0.3821 -0.0035
vn -0.7456 0.2602 0.6135
vn -0.9665 -0.0683 0.2473
vn -0.9267 -0.3409 0.1579
vn -0.9023 -0.3544 0.2454
vn -0.9481 -0.3030 0.0969
vn -0.8656 -0.4948 0.0769
vn -0.7834 -0.6119 0.1088
vn -0.5541 -0.8275 0.0906
vn 0.0061 0.9994 0.0329
vn 0.0054 0.9993 0.0382
vn -0.3257 -0.7025 0.6328
vn -0.0214 -0.1437 0.9894
vn -0.0110 0.9994 0.0339
vn -0.2858 -0.9577 0.0319
vn -0.0546 -0.9985 -0.0035
vn -0.0320 -0.9993 0.0195
vn -0.0052 -0.9995 0.0296
vn 0.9246 -0.0973 0.3683
vn 0.9155 -0.3088 0.2578
vn 0.8962 -0.2618 0.3582
vn 0.5252 -0.8380 0.1481
vn 0.8230 -0.5342 0.1931
vn 0.9041 -0.4098 0.1210
vn 0.0133 0.9997 0.0212
vn 0.0041 0.9996 0.0283
vn 0.3477 0.3673 0.8627
vn 0.5019 -0.8501 0.1592
vn -0.0215 -0.1437 0.9894
vn 0.0194 -0.9994 0.0297
vn 0.0390 -0.9991 0.0186
vn 0.9641 -0.1700 -0.2041
vn 0.9825 -0.1831 -0.0325
vn 0.9256 -0.3779 -0.0213
vn 0.9130 -0.3782 -0.1528
vn 0.9315 -0.3636 0.0130
vn 0.9150 -0.4025 -0.0282
vn 0.8961 -0.4232 -0.1336
vn -0.9927 -0.1093 0.0507
vn -0.9629 -0.2644 0.0534
vn -0.9635 -0.2675 0.0064
vn -0.8568 -0.5152 -0.0232
vn -0.8791 -0.4758 0.0282
vn -0.8655 -0.4949 0.0769
vn 0.9164 -0.1885 -0.3531
vn 0.8743 -0.3732 -0.3103
vn 0.8547 -0.3518 -0.3817
vn 0.9640 -0.1701 -0.2042
vn 0.9130 -0.3782 -0.1529
vn 0.8961 -0.4232 -0.1337
vn 0.8622 -0.4208 -0.2819
vn 0.8549 -0.3764 -0.3570
vn -0.9364 -0.3410 -0.0825
vn -0.9730 -0.1373 -0.1854
vn -0.8901 -0.4006 -0.2175
vn -0.7427 -0.6281 -0.2323
vn -0.7919 -0.6001 -0.1133
vn 0.8737 -0.4865 -0.0001
vn 0.8853 -0.4630 -0.0431
vn 0.8266 -0.5553 0.0910
vn 0.5357 -0.8439 -0.0275
vn 0.6204 -0.7734 -0.1304
vn 0.6514 -0.7410 -0.1633
vn -0.6430 -0.7597 0.0968
vn -0.4712 -0.8708 0.1402
vn -0.8655 -0.4950 0.0769
vn -0.7239 -0.6889 0.0382
vn -0.4686 -0.8823 -0.0433
vn -0.4154 -0.9094 0.0208
vn -0.2988 -0.9510 0.0795
vn -0.0217 -0.9997 -0.0075
vn -0.2210 -0.9753 0.0013
vn -0.2241 -0.9627 0.1514
vn -0.0075 -0.9878 0.1554
vn -0.2986 -0.9511 0.0795
vn -0.1412 -0.9848 0.1007
vn -0.0061 -0.9941 0.1082
vn 0.8230 -0.5343 0.1931
vn 0.7153 -0.6737 0.1858
vn 0.4896 -0.8402 0.2333
vn 0.2830 -0.9489 0.1396
vn 0.4369 -0.8963 0.0763
vn 0.5356 -0.8440 -0.0275
vn 0.5250 -0.8381 0.1481
vn 0.1671 -0.9859 0.0128
vn 0.2075 -0.9568 0.2035
vn 0.4895 -0.8402 0.2333
vn -0.0060 -0.9941 0.1082
vn 0.1231 -0.9834 0.1332
vn 0.2829 -0.9489 0.1396
vn 0.8706 -0.4868 -0.0712
vn 0.8338 -0.5288 -0.1586
vn 0.6515 -0.7409 -0.1633
vn 0.6318 -0.7576 -0.1640
vn 0.5821 -0.7865 -0.2063
vn -0.8655 -0.4950 0.0768
vn -0.7313 -0.6810 -0.0387
vn -0.7239 -0.6888 0.0382
vn -0.8567 -0.5153 -0.0232
vn -0.6840 -0.7234 -0.0941
vn -0.4851 -0.8575 -0.1713
vn -0.4977 -0.8587 -0.1223
vn -0.4685 -0.8824 -0.0434
vn 0.8549 -0.3764 -0.3571
vn 0.8623 -0.4208 -0.2819
vn 0.7666 -0.5789 -0.2778
vn 0.7003 -0.6235 -0.3476
vn 0.8961 -0.4232 -0.1338
vn 0.8338 -0.5288 -0.1587
vn 0.4952 -0.8215 -0.2825
vn 0.3881 -0.8615 -0.3273
vn -0.8567 -0.5153 -0.0233
vn -0.7917 -0.6003 -0.1133
vn -0.5982 -0.7864 -0.1541
vn -0.7426 -0.6282 -0.2322
vn -0.5349 -0.8104 -0.2389
vn -0.3456 -0.9023 -0.2578
vn -0.4282 -0.8787 -0.2108
vn -0.4852 -0.8575 -0.1713
vn 0.1974 -0.9590 -0.2032
vn 0.1652 -0.9630 -0.2130
vn 0.1469 -0.9756 -0.1634
vn 0.1377 -0.9784 -0.1542
vn 0.1447 -0.9702 -0.1944
vn 0.1539 -0.9697 -0.1896
vn -0.0201 -0.9810 -0.1929
vn -0.1111 -0.9903 -0.0838
vn -0.1465 -0.9829 -0.1113
vn -0.1448 -0.9818 -0.1227
vn -0.1014 -0.9889 -0.1090
vn -0.1565 -0.9810 -0.1144
vn -0.1202 -0.9874 -0.1029
vn -0.0202 -0.9810 -0.1929
vn -0.0452 -0.9979 -0.0471
vn -0.0631 -0.9963 -0.0589
vn -0.0658 -0.9943 -0.0837
vn -0.0611 -0.9938 -0.0928
vn -0.1014 -0.9888 -0.1091
vn 0.1197 -0.9829 -0.1400
vn 0.1600 -0.9693 -0.1867
vn 0.0664 -0.9950 -0.0747
vn 0.0449 -0.9896 -0.1370
vn -0.0088 -0.9992 -0.0401
vn -0.0403 -0.9959 -0.0813
vn -0.0612 -0.9938 -0.0930
vn 0.2422 -0.9481 -0.2061
vn 0.2274 -0.9517 -0.2061
vn 0.1684 -0.9704 -0.1732
vn 0.1425 -0.9744 -0.1739
vn 0.1377 -0.9784 -0.1543
vn -0.0200 -0.9810 -0.1929
vn -0.1827 -0.9764 -0.1151
vn -0.1092 -0.9920 -0.0637
vn -0.1201 -0.9874 -0.1028
vn -0.2307 -0.9594 -0.1625
vn -0.1068 -0.9842 -0.1414
vn 0.2193 -0.9210 -0.3219
vn 0.2480 -0.9323 -0.2633
vn 0.1696 -0.9618 -0.2150
vn 0.1185 -0.9583 -0.2601
vn 0.2421 -0.9481 -0.2061
vn -0.0201 -0.9810 -0.1930
vn -0.2307 -0.9593 -0.1626
vn -0.2782 -0.9194 -0.2779
vn -0.1872 -0.9446 -0.2696
vn -0.2601 -0.9161 -0.3052
vn -0.1646 -0.9467 -0.2770
vn -0.0202 -0.9810 -0.1930
vn -0.9397 0.2660 -0.2151
vn -0.9590 0.1910 -0.2092
vn -0.9254 0.3217 -0.2003
vn -0.9179 0.3252 -0.2273
vn -0.9112 0.3329 -0.2426
vn -0.9267 0.3042 -0.2205
vn -0.9467 0.2466 -0.2072
vn 0.9303 -0.1515 -0.3341
vn 0.9668 -0.0217 -0.2547
vn 0.8965 -0.2454 -0.3689
vn 0.9136 -0.2782 -0.2965
vn 0.9329 -0.2247 -0.2813
vn 0.9598 -0.1453 -0.2403
vn -0.9730 0.0809 -0.2161
vn -0.9623 -0.1114 -0.2480
vn -0.9682 0.1319 -0.2124
vn -0.9605 -0.0876 -0.2643
vn 0.8728 -0.3200 -0.3686
vn 0.8965 -0.2455 -0.3689
vn 0.8743 -0.3318 -0.3543
vn 0.8770 -0.3594 -0.3189
vn 0.8940 -0.3262 -0.3073
vn 0.9136 -0.2783 -0.2966
vn -0.8900 -0.4006 -0.2176
vn -0.8764 -0.3846 -0.2898
vn -0.7653 -0.5723 -0.2945
vn -0.9623 -0.1115 -0.2480
vn -0.9604 -0.0878 -0.2643
vn -0.8776 -0.3505 -0.3271
vn -0.8101 -0.4779 -0.3396
vn 0.7003 -0.6235 -0.3477
vn 0.6843 -0.6329 -0.3621
vn 0.3881 -0.8615 -0.3274
vn 0.3193 -0.8858 -0.3367
vn 0.2978 -0.8829 -0.3630
vn 0.6744 -0.6432 -0.3626
vn -0.5638 -0.7739 -0.2883
vn -0.2979 -0.9107 -0.2862
vn -0.7426 -0.6281 -0.2323
vn -0.6156 -0.7050 -0.3523
vn -0.2880 -0.8917 -0.3491
vn -0.0511 -0.9179 -0.3934
vn 0.1331 -0.9183 -0.3727
vn 0.0811 -0.9465 -0.3124
vn -0.0471 -0.9477 -0.3156
vn -0.1525 -0.9429 -0.2963
vn -0.0472 -0.9477 -0.3156
vn -0.2016 -0.9183 -0.3406
vn -0.1706 -0.9321 -0.3194
vn -0.0226 -0.9342 -0.3560
vn -0.2717 -0.9200 -0.2826
vn -0.3455 -0.9023 -0.2578
vn -0.2977 -0.9107 -0.2862
vn -0.1157 -0.9314 -0.3452
vn -0.0144 -0.9350 -0.3544
vn 0.2657 -0.9073 -0.3258
vn 0.1480 -0.9258 -0.3479
vn 0.1002 -0.9305 -0.3523
vn 0.2977 -0.8830 -0.3630
vn 0.4950 -0.8217 -0.2825
vn 0.3240 -0.9034 -0.2808
vn 0.3460 -0.9107 -0.2257
vn 0.6316 -0.7577 -0.1641
vn 0.3468 -0.9123 -0.2177
vn 0.6513 -0.7410 -0.1633
vn 0.3329 -0.9132 -0.2352
vn 0.6203 -0.7735 -0.1304
vn 0.2876 -0.9309 -0.2253
vn 0.3329 -0.9132 -0.2351
vn 0.5354 -0.8442 -0.0276
vn 0.2209 -0.9633 -0.1527
vn 0.5355 -0.8441 -0.0275
vn 0.4368 -0.8963 0.0763
vn 0.1693 -0.9836 -0.0616
vn 0.2829 -0.9490 0.1396
vn 0.1099 -0.9939 0.0025
vn 0.1230 -0.9834 0.1331
vn 0.0389 -0.9991 0.0148
vn 0.1098 -0.9940 0.0025
vn -0.0215 -0.9998 0.0022
vn -0.1412 -0.9849 0.1007
vn -0.0799 -0.9968 -0.0091
vn -0.1543 -0.9875 -0.0310
vn -0.4151 -0.9095 0.0208
vn -0.2101 -0.9750 -0.0721
vn -0.4683 -0.8825 -0.0434
vn -0.2423 -0.9639 -0.1102
vn -0.4975 -0.8588 -0.1223
vn -0.2904 -0.9448 -0.1515
vn -0.4851 -0.8575 -0.1714
vn -0.3332 -0.9233 -0.1910
vn -0.4282 -0.8788 -0.2109
vn -0.3331 -0.9081 -0.2539
vn -0.1359 0.8808 -0.4535
vn -0.1413 0.6262 -0.7668
vn -0.2359 0.6193 -0.7489
vn -0.2876 0.8611 -0.4192
vn -0.1147 0.0472 -0.9923
vn -0.1034 0.0442 -0.9937
vn -0.0341 0.0622 -0.9975
vn -0.2267 0.6744 -0.7027
vn -0.3154 0.8858 -0.3404
vn -0.1147 0.0471 -0.9923
vn -0.1412 0.6262 -0.7668
vn -0.0166 0.6473 -0.7620
vn -0.0816 0.0547 -0.9952
vn 0.0359 0.8954 -0.4439
vn 0.1312 0.9112 -0.3904
vn 0.0703 0.6865 -0.7237
vn -0.0272 0.0571 -0.9980
vn 0.0704 0.6866 -0.7236
vn 0.0767 0.8096 -0.5820
vn -0.0919 0.1532 -0.9839
vn 0.1312 0.9112 -0.3905
vn 0.1760 0.9453 -0.2747
vn 0.2812 0.9524 -0.1174
vn 0.0476 0.9657 -0.2552
vn -0.4324 0.6122 -0.6620
vn -0.4325 0.6123 -0.6618
vn 0.0473 0.9658 -0.2551
vn 0.2151 0.9639 -0.1568
vn -0.5725 0.7872 -0.2293
vn 0.2813 0.9524 -0.1174
vn 0.6873 0.7199 -0.0970
vn 0.8953 0.4272 -0.1261
vn 0.3935 0.9017 -0.1790
vn -0.5813 0.8027 -0.1329
vn -0.3154 0.8858 -0.3403
vn -0.2266 0.6744 -0.7028
vn -0.1861 0.8102 -0.5558
vn -0.3205 0.9176 -0.2350
vn -0.0340 0.0622 -0.9975
vn 0.1048 0.2353 -0.9663
vn 0.2384 0.6875 -0.6859
vn -0.2630 0.9004 -0.3466
vn -0.4463 0.8785 -0.1704
vn -0.4372 0.8522 -0.2874
vn -0.7572 0.6265 -0.1847
vn 0.2380 0.6879 -0.6857
vn 0.1679 0.9266 -0.3364
vn 0.0243 0.9855 -0.1681
vn -0.5731 0.7992 -0.1810
vn -0.8907 0.4255 -0.1601
vn 0.3936 0.9016 -0.1791
vn 0.6798 0.6738 -0.2895
vn -0.5385 0.8162 -0.2094
vn 0.9672 0.1891 -0.1694
vn 0.9761 -0.0416 -0.2131
vn 0.8434 0.3951 -0.3642
vn -0.4878 0.8301 -0.2703
vn -0.8908 0.4253 -0.1601
vn -0.5732 0.7992 -0.1810
vn -0.8125 0.5388 -0.2227
vn -0.9599 0.2051 -0.1910
vn 0.0447 0.9887 -0.1430
vn 0.1801 0.9477 -0.2634
vn -0.9008 0.0446 -0.4320
vn -0.9416 -0.1329 -0.3095
vn -0.4878 0.8300 -0.2703
vn 0.8433 0.3952 -0.3642
vn 0.9009 0.1647 -0.4016
vn -0.4353 0.8427 -0.3168
vn 0.9761 -0.0417 -0.2131
vn 0.9534 -0.1921 -0.2325
vn 0.9339 -0.2680 -0.2365
vn 0.9069 0.0171 -0.4210
vn -0.3462 0.8402 -0.4175
vn -0.3461 0.8401 -0.4176
vn 0.9069 0.0170 -0.4211
vn 0.8627 -0.1481 -0.4836
vn -0.2388 0.7830 -0.5744
vn 0.9339 -0.2680 -0.2366
vn 0.8957 -0.3602 -0.2608
vn 0.8149 -0.4828 -0.3208
vn 0.7367 -0.3078 -0.6021
vn -0.2074 0.6575 -0.7244
vn -0.9416 -0.1330 -0.3095
vn -0.9008 0.0445 -0.4319
vn -0.8074 -0.2731 -0.5229
vn -0.8439 -0.3657 -0.3925
vn 0.1802 0.9477 -0.2635
vn 0.1154 0.8244 -0.5542
vn -0.0880 0.5256 -0.8462
vn -0.6956 -0.4021 -0.5954
vn -0.7671 -0.4599 -0.4472
vn -0.2074 0.6574 -0.7244
vn 0.7366 -0.3077 -0.6022
vn 0.5164 -0.4589 -0.7230
vn -0.1989 0.5760 -0.7929
vn 0.8148 -0.4828 -0.3208
vn 0.6310 -0.6565 -0.4133
vn 0.3066 -0.8318 -0.4627
vn 0.2262 -0.5864 -0.7778
vn -0.1422 0.5556 -0.8192
vn -0.7670 -0.4600 -0.4473
vn -0.5038 -0.4952 -0.7078
vn -0.5963 -0.6061 -0.5264
vn -0.0986 0.3988 -0.9117
vn -0.0968 0.3828 -0.9187
vn -0.2939 -0.5751 -0.7635
vn -0.3102 -0.7784 -0.5458
vn 0.0305 -0.6379 -0.7695
vn -0.0864 0.5101 -0.8558
vn 0.3064 -0.8319 -0.4627
vn 0.0745 -0.8909 -0.4481
vn -0.0410 -0.8898 -0.4545
vn -0.0804 -0.6536 -0.7526
vn -0.0839 0.4268 -0.9004
vn -0.3101 -0.7784 -0.5458
vn -0.2940 -0.5750 -0.7635
vn -0.1739 -0.6213 -0.7640
vn -0.1403 -0.8556 -0.4983
vn -0.1001 0.3867 -0.9168
vn -0.0804 -0.6536 -0.7525
vn -0.0411 -0.8898 -0.4545
vn -0.7982 0.5659 -0.2063
vn -0.9257 0.3307 -0.1835
vn -0.6709 0.6920 -0.2664
vn -0.4267 0.8733 -0.2352
vn -0.4401 0.8755 -0.1995
vn 0.9749 0.1217 -0.1865
vn 0.9398 0.2923 -0.1772
vn 0.9723 -0.0816 -0.2192
vn 0.9431 -0.2266 -0.2434
vn 0.9722 -0.0817 -0.2192
vn 0.9136 -0.2783 -0.2965
vn 0.9237 -0.2901 -0.2503
vn -0.9605 -0.0874 -0.2643
vn -0.9651 0.1764 -0.1935
vn -0.9558 -0.0959 -0.2779
vn 0.8940 -0.3262 -0.3072
vn 0.8976 -0.3529 -0.2642
vn 0.9237 -0.2902 -0.2503
vn 0.8480 -0.4339 -0.3044
vn -0.8776 -0.3505 -0.3270
vn -0.8670 -0.3439 -0.3607
vn -0.8125 -0.4259 -0.3981
vn -0.9604 -0.0877 -0.2643
vn -0.9557 -0.0962 -0.2780
vn 0.6745 -0.6431 -0.3626
vn 0.6617 -0.6428 -0.3859
vn 0.2978 -0.8829 -0.3631
vn 0.2999 -0.8576 -0.4178
vn -0.6156 -0.7049 -0.3523
vn -0.6418 -0.6174 -0.4548
vn -0.3006 -0.8351 -0.4607
vn -0.8125 -0.4259 -0.3982
vn 0.2977 -0.8829 -0.3631
vn 0.0787 -0.9124 -0.4016
vn 0.2998 -0.8577 -0.4177
vn -0.0242 -0.9140 -0.4050
vn -0.0145 -0.9350 -0.3544
vn -0.1164 -0.8956 -0.4294
vn -0.3005 -0.8351 -0.4607
vn 0.2737 0.9206 -0.2786
vn 0.5679 0.7664 -0.3003
vn 0.7830 0.5962 -0.1773
vn 0.2864 0.9368 -0.2007
vn 0.8948 0.3489 -0.2786
vn 0.9118 0.3124 -0.2665
vn 0.9458 0.1386 -0.2938
vn 0.9398 0.2923 -0.1771
vn 0.8948 0.3489 -0.2787
vn 0.8719 0.4179 -0.2553
vn 0.8759 0.4037 -0.2642
vn 0.9457 0.1387 -0.2938
vn -0.1221 0.7392 -0.6624
vn -0.1457 0.8208 -0.5523
vn -0.3273 0.7587 -0.5633
vn -0.3042 0.6419 -0.7039
vn -0.1485 0.8832 -0.4449
vn -0.3263 0.8501 -0.4133
vn -0.3750 0.8632 -0.3379
vn -0.3859 0.7684 -0.5106
vn -0.3834 0.6472 -0.6589
vn -0.1456 0.8208 -0.5523
vn 0.0598 0.8606 -0.5057
vn 0.0557 0.8999 -0.4325
vn -0.1220 0.7392 -0.6624
vn 0.0667 0.8076 -0.5859
vn 0.1661 0.8064 -0.5676
vn 0.1826 0.8655 -0.4664
vn 0.1767 0.9079 -0.3802
vn 0.1768 0.9079 -0.3802
vn 0.1827 0.8655 -0.4664
vn 0.2371 0.8670 -0.4383
vn 0.2357 0.9206 -0.3112
vn 0.2177 0.7884 -0.5754
vn 0.2886 0.8106 -0.5096
vn 0.2523 0.8788 -0.4050
vn 0.2737 0.9206 -0.2787
vn -0.3982 0.8143 -0.4223
vn -0.4258 0.7173 -0.5516
vn -0.3749 0.8633 -0.3379
vn -0.3831 0.8871 -0.2573
vn -0.4266 0.8733 -0.2352
vn -0.4133 0.8378 -0.3568
vn 0.0996 0.7305 -0.6756
vn 0.0800 0.7788 -0.6222
vn -0.1056 0.7191 -0.6869
vn 0.1592 0.7879 -0.5949
vn 0.2080 0.7745 -0.5975
vn -0.3077 0.6365 -0.7072
vn -0.4173 0.6330 -0.6521
vn -0.4825 0.6837 -0.5475
vn -0.5586 0.7060 -0.4354
vn -0.4173 0.6330 -0.6520
vn 0.0557 0.8999 -0.4324
vn 0.0469 0.9022 -0.4287
vn -0.1420 0.8873 -0.4388
vn 0.1555 0.9137 -0.3754
vn 0.2357 0.9207 -0.3112
vn 0.2106 0.9360 -0.2820
vn 0.2863 0.9369 -0.2007
vn -0.3077 0.8612 -0.4046
vn -0.3467 0.8791 -0.3272
vn -0.1486 0.8832 -0.4449
vn -0.4266 0.8734 -0.2351
vn -0.3831 0.8872 -0.2572
vn -0.3558 0.9043 -0.2361
vn -0.4400 0.8756 -0.1995
vn -0.3750 0.8633 -0.3379
vn -0.3467 0.8790 -0.3272
vn 0.2529 0.8789 -0.4045
vn 0.5118 0.7828 -0.3541
vn 0.5678 0.7664 -0.3003
vn -0.6385 0.7046 -0.3097
vn -0.9112 0.3330 -0.2426
vn -0.9179 0.3253 -0.2273
vn 0.0499 0.6052 0.7945
vn -0.2267 0.5988 0.7682
vn -0.1036 0.8114 0.5752
vn 0.0435 0.8234 0.5658
vn -0.3744 0.7137 0.5919
vn -0.1349 0.9430 0.3042
vn -0.0301 0.9522 0.3041
vn 0.0245 0.9553 0.2945
vn -0.9023 -0.3544 0.2455
vn -0.8660 -0.4200 0.2713
vn -0.3201 -0.9394 -0.1224
vn -0.1451 -0.9760 -0.1627
vn -0.7594 -0.6439 -0.0937
vn -0.1425 -0.9788 -0.1470
vn -0.0217 -0.9997 -0.0076
vn -0.0205 -0.9904 -0.1365
vn -0.0132 -0.9962 -0.0858
vn -0.0672 -0.9915 -0.1111
vn 0.6700 0.2974 0.6802
vn 0.2760 0.5909 0.7581
vn 0.1636 0.8178 0.5517
vn 0.3385 0.7609 0.5536
vn 0.0696 0.9542 0.2911
vn 0.1361 0.9499 0.2814
vn -0.0216 -0.9997 -0.0076
vn 0.1671 -0.9859 0.0127
vn 0.0874 -0.9862 -0.1408
vn -0.0204 -0.9904 -0.1365
vn 0.2353 -0.9640 -0.1242
vn 0.0896 -0.9863 -0.1382
vn 0.0336 -0.9944 -0.1002
vn 0.8962 -0.2616 0.3583
vn 0.8859 -0.2793 0.3704
vn 0.8223 -0.5683 -0.0299
vn 0.0007 0.9958 0.0912
vn 0.0101 0.9967 0.0811
vn -0.0475 0.9956 0.0813
vn -0.4637 -0.8502 -0.2494
vn -0.0720 -0.9943 -0.0790
vn -0.0335 -0.9992 -0.0237
vn -0.0076 -1.0000 -0.0048
vn 0.0179 0.9963 0.0835
vn 0.0499 0.9963 0.0706
vn 0.0101 0.9967 0.0810
vn 0.0153 -0.9998 -0.0142
vn -0.0075 -1.0000 -0.0048
vn 0.0452 -0.9976 -0.0516
vn 0.4907 -0.8400 -0.2315
vn -0.4022 0.2489 0.8811
vn 0.0109 -0.2054 0.9786
vn -0.0312 -0.2047 0.9783
vn -0.3866 0.1922 0.9020
vn 0.2512 -0.6171 0.7457
vn 0.2395 -0.5339 0.8109
vn 0.4186 -0.3983 0.8162
vn 0.2994 -0.1297 0.9453
vn -0.1028 0.2058 0.9732
vn -0.7022 0.7083 0.0722
vn -0.7042 0.7077 0.0572
vn -0.6878 0.7240 0.0520
vn -0.6844 0.7270 0.0553
vn -0.7088 0.7016 0.0734
vn -0.6918 0.7200 0.0554
vn 0.0754 0.9954 0.0583
vn 0.0823 0.9949 0.0582
vn 0.0895 0.9943 0.0581
vn 0.2380 -0.3037 -0.9226
vn 0.0173 0.2214 -0.9750
vn 0.0021 0.2100 -0.9777
vn 0.2681 -0.2093 -0.9404
vn -0.3293 0.5821 -0.7434
vn -0.3226 0.5327 -0.7824
vn -0.0322 0.5488 -0.8354
vn 0.3434 0.2397 -0.9081
vn 0.4625 -0.0699 -0.8838
vn 0.3651 -0.9266 -0.0901
vn 0.3538 -0.9310 -0.0904
vn 0.5526 -0.8312 -0.0619
vn 0.5597 -0.8264 -0.0616
vn 0.3425 -0.9351 -0.0906
vn 0.5454 -0.8359 -0.0622
vn 0.9143 -0.4043 -0.0248
vn 0.9154 -0.4018 -0.0247
vn 0.9163 -0.3997 -0.0246
vn 0.0752 0.9955 0.0583
vn 0.9919 0.1270 0.0060
vn 0.9919 0.1270 0.0061
vn 0.0822 0.9949 0.0583
vn 0.9164 -0.3994 -0.0246
vn 0.9155 -0.4017 -0.0247
vn 0.9144 -0.4040 -0.0248
vn 0.0892 0.9943 0.0582
vn -0.7181 0.6903 0.0881
vn -0.6971 0.7146 0.0580
vn -0.7263 0.6836 0.0716
vn -0.7017 0.7104 0.0541
vn 0.0612 0.9964 0.0584
vn 0.0684 0.9960 0.0583
vn 0.0611 0.9964 0.0583
vn 0.0682 0.9960 0.0583
vn 0.9184 -0.3949 -0.0243
vn 0.9174 -0.3971 -0.0244
vn 0.3876 -0.9175 -0.0895
vn 0.3763 -0.9221 -0.0898
vn 0.5668 -0.8216 -0.0612
vn 0.5738 -0.8167 -0.0609
vn 0.9173 -0.3973 -0.0245
vn 0.9183 -0.3951 -0.0243
vn -0.7214 0.6488 0.2420
vn -0.6960 0.6515 0.3019
vn 0.0650 0.8813 0.4681
vn 0.8762 -0.4240 0.2290
vn 0.9324 0.0903 0.3501
vn 0.0649 0.8813 0.4680
vn 0.2513 -0.6172 0.7456
vn 0.3951 -0.9110 0.1186
vn 0.5368 -0.8227 0.1873
vn 0.2396 -0.5339 0.8109
vn 0.4187 -0.3983 0.8161
vn 0.3523 -0.8813 -0.3149
vn 0.5282 -0.7791 -0.3376
vn 0.8825 -0.3641 -0.2978
vn 0.9298 0.1951 -0.3121
vn 0.1061 0.9567 -0.2712
vn 0.4626 -0.0699 -0.8838
vn -0.0321 0.5488 -0.8354
vn -0.6649 0.7388 -0.1101
vn -0.6427 0.7436 -0.1843
vn 0.1062 0.9566 -0.2712
vn 0.4451 -0.8186 0.3631
vn 0.3489 -0.0652 0.9349
vn 0.3282 -0.0424 0.9437
vn 0.4205 -0.8772 0.2317
vn -0.2872 0.7781 0.5586
vn -0.3237 0.8374 0.4405
vn -0.3701 0.8453 0.3854
vn -0.1834 -0.2761 0.9435
vn 0.3481 -0.9286 0.1282
vn -0.2779 0.9136 -0.2967
vn 0.2921 0.3537 -0.8886
vn 0.2827 0.3497 -0.8932
vn -0.3176 0.9298 -0.1861
vn 0.4217 -0.6559 -0.6260
vn 0.4061 -0.7707 -0.4910
vn 0.3231 -0.8546 -0.4065
vn -0.1962 0.1149 -0.9738
vn -0.3639 0.9208 -0.1405
vn 0.2806 -0.9500 -0.1372
vn 0.2847 -0.9488 -0.1372
vn 0.2733 -0.9513 -0.1426
vn 0.2699 -0.9516 -0.1467
vn 0.2920 -0.9470 -0.1338
vn 0.2800 -0.9501 -0.1375
vn 0.2739 -0.9520 -0.1369
vn 0.2700 -0.9516 -0.1470
vn 0.2368 -0.9593 -0.1536
vn 0.2448 -0.9586 -0.1458
vn 0.2351 -0.9591 -0.1575
vn 0.3240 -0.9448 -0.0494
vn 0.3032 -0.9497 -0.0778
vn 0.2567 -0.9652 -0.0507
vn 0.2416 -0.9651 -0.1010
vn 0.2714 -0.9540 -0.1277
vn -0.5034 0.8534 0.1355
vn -0.4661 0.8747 0.1327
vn -0.5089 0.8467 0.1555
vn -0.4764 0.8627 0.1695
vn -0.4453 0.8782 0.1744
vn -0.4372 0.8941 0.0974
vn -0.4515 0.8792 0.1522
vn -0.4568 0.8634 0.2139
vn -0.4731 0.8514 0.2266
vn -0.4372 0.8680 0.2353
vn -0.4705 0.8728 0.1296
vn -0.4381 0.8884 0.1374
vn -0.4423 0.8851 0.1447
vn -0.4350 0.8742 0.2156
vn -0.4175 0.8748 0.2458
vn -0.4024 0.8759 0.2663
vn -0.9225 -0.3795 -0.0706
vn -0.9028 -0.4158 0.1098
vn -0.0294 -0.9980 -0.0558
vn -0.8473 -0.4639 0.2587
vn -0.9144 -0.3387 0.2215
vn -0.9379 -0.1809 0.2961
vn -0.6241 0.7356 0.2633
vn -0.8786 0.3919 0.2730
vn -0.6939 -0.3925 0.6037
vn -0.3138 -0.9473 0.0639
vn -0.4720 0.8810 0.0329
vn -0.4385 0.8978 0.0400
vn -0.4993 0.8615 0.0923
vn -0.4772 0.8745 0.0874
vn -0.4305 0.8974 0.0970
vn -0.3914 0.9192 0.0422
vn -0.3904 0.9175 0.0761
vn -0.4277 0.9006 0.0774
vn -0.4925 0.8630 0.1129
vn -0.4618 0.8791 0.1179
vn -0.4323 0.9016 0.0161
vn -0.4029 0.9122 0.0747
vn -0.4076 0.9011 0.1479
vn 0.2924 -0.9302 -0.2221
vn 0.2794 -0.9392 -0.1995
vn 0.2691 -0.9529 -0.1396
vn 0.2651 -0.9525 -0.1500
vn 0.2485 -0.9548 -0.1633
vn 0.2357 -0.9602 -0.1497
vn 0.1817 -0.9641 -0.1939
vn 0.2189 -0.9438 -0.2476
vn 0.2756 -0.9511 -0.1394
vn 0.2664 -0.9515 -0.1539
vn 0.2300 -0.9579 -0.1716
vn 0.2022 -0.9603 -0.1924
vn 0.2485 -0.9516 -0.1810
vn -0.6964 0.7170 -0.0313
vn -0.8939 -0.3719 -0.2504
vn -0.4619 -0.8109 -0.3592
vn -0.8520 -0.3121 -0.4204
vn -0.5516 0.8336 -0.0291
vn -0.1389 -0.9331 -0.3317
vn -0.6394 -0.1213 -0.7592
vn -0.9080 0.1710 -0.3824
vn -0.7765 -0.4491 -0.4420
vn 0.3293 -0.9368 -0.1182
vn 0.3656 -0.9305 0.0234
vn 0.3239 -0.9448 -0.0494
vn 0.3978 -0.7053 0.5868
vn 0.4450 -0.8186 0.3631
vn 0.3071 -0.9442 -0.1188
vn 0.3178 -0.9406 -0.1192
vn 0.2847 -0.9487 -0.1372
vn 0.2692 -0.9529 -0.1395
vn 0.2870 -0.9505 -0.1191
vn 0.2974 -0.9473 -0.1189
vn 0.4218 -0.6558 -0.6261
vn 0.3538 -0.4559 -0.8167
vn 0.3100 -0.9132 -0.2644
vn -0.2779 0.9136 -0.2968
vn -0.2431 0.7939 -0.5573
vn 0.1726 0.2980 -0.9388
vn -0.5773 0.8108 0.0966
vn -0.5449 0.8381 0.0261
vn -0.5686 0.8153 0.1094
vn -0.5672 0.8218 0.0547
vn -0.5090 0.8466 0.1555
vn -0.6088 0.7848 0.1161
vn -0.5845 0.7947 0.1636
vn -0.2916 0.5453 0.7859
vn -0.5963 0.7818 0.1823
vn 0.3978 -0.7052 0.5869
vn 0.2156 -0.1271 0.9682
vn 0.5366 0.2648 -0.8012
vn -0.1022 0.0549 -0.9932
vn -0.0435 0.0509 -0.9978
vn 0.5118 0.2299 -0.8278
vn -0.5447 -0.2652 -0.7956
vn -0.4754 -0.1625 -0.8646
vn -0.5731 -0.0024 -0.8195
vn -0.3415 0.2089 -0.9164
vn 0.2447 0.3664 -0.8977
vn 0.9468 0.3199 0.0357
vn 0.9477 0.3165 0.0417
vn 0.9462 0.3198 0.0489
vn 0.9452 0.3230 0.0485
vn 0.9489 0.3138 0.0342
vn 0.9473 0.3168 0.0472
vn 0.4435 0.8817 0.1608
vn 0.4363 0.8852 0.1614
vn 0.4293 0.8885 0.1620
vn -0.4434 -0.4004 0.8019
vn 0.0463 -0.0526 0.9975
vn 0.0788 -0.0533 0.9955
vn -0.3901 -0.2899 0.8739
vn 0.5796 0.1754 0.7958
vn 0.5636 0.1399 0.8141
vn 0.2976 0.2573 0.9194
vn -0.2486 0.1043 0.9630
vn -0.5022 -0.1076 0.8580
vn -0.7739 -0.6279 -0.0822
vn -0.7688 -0.6341 -0.0832
vn -0.8864 -0.4574 -0.0709
vn -0.8889 -0.4527 -0.0700
vn -0.7633 -0.6405 -0.0842
vn -0.8839 -0.4622 -0.0717
vn -0.9996 -0.0291 -0.0019
vn -0.9996 -0.0278 -0.0017
vn -0.9996 -0.0265 -0.0015
vn 0.4434 0.8818 0.1607
vn -0.9010 0.4260 0.0817
vn 0.4364 0.8852 0.1614
vn -0.9996 -0.0265 -0.0014
vn -0.9996 -0.0277 -0.0017
vn -0.9996 -0.0290 -0.0019
vn 0.4292 0.8886 0.1621
vn 0.9505 0.3094 0.0268
vn 0.9486 0.3131 0.0456
vn 0.9521 0.3040 0.0327
vn 0.9498 0.3094 0.0461
vn 0.4574 0.8748 0.1595
vn 0.4505 0.8783 0.1601
vn 0.4575 0.8748 0.1594
vn -0.9010 0.4261 0.0817
vn -0.9997 -0.0237 -0.0010
vn -0.9997 -0.0252 -0.0012
vn -0.7843 -0.6152 -0.0802
vn -0.7792 -0.6215 -0.0812
vn -0.8914 -0.4479 -0.0693
vn -0.8937 -0.4434 -0.0686
vn -0.9997 -0.0240 -0.0010
vn 0.9408 0.3151 -0.1251
vn 0.9297 0.3231 -0.1767
vn 0.4023 0.8806 -0.2503
vn -0.9721 -0.0045 -0.2347
vn -0.8504 0.4611 -0.2535
vn 0.4025 0.8806 -0.2502
vn -0.5448 -0.2652 -0.7955
vn -0.7816 -0.5654 -0.2634
vn -0.8617 -0.4142 -0.2931
vn -0.4755 -0.1625 -0.8646
vn -0.5732 -0.0024 -0.8194
vn -0.7535 -0.6455 0.1244
vn -0.8528 -0.4908 0.1784
vn -0.9667 -0.0625 0.2483
vn -0.8239 0.4011 0.4003
vn 0.3769 0.7992 0.4682
vn -0.9667 -0.0624 0.2483
vn -0.5023 -0.1075 0.8580
vn 0.2975 0.2574 0.9194
vn 0.9284 0.3118 0.2023
vn 0.9163 0.3031 0.2617
vn 0.3769 0.7992 0.4683
vn -0.4511 -0.7290 -0.5148
vn -0.3729 0.0924 -0.9233
vn -0.3283 0.0921 -0.9401
vn -0.2705 -0.8678 -0.4168
vn 0.2535 0.8557 -0.4512
vn 0.1597 0.9412 -0.2978
vn 0.1592 0.9607 -0.2275
vn 0.2425 0.0012 -0.9701
vn -0.1383 -0.9296 -0.3417
vn 0.2728 0.7651 0.5833
vn -0.3256 0.0548 0.9439
vn -0.3568 0.0439 0.9331
vn 0.1305 0.8673 0.4803
vn -0.4402 -0.8040 0.3998
vn -0.2824 -0.9240 0.2578
vn -0.1372 -0.9755 0.1718
vn 0.2072 -0.0888 0.9743
vn 0.1209 0.8954 0.4285
vn -0.2654 -0.9598 -0.0914
vn -0.2635 -0.9615 -0.0784
vn -0.0920 -0.9883 -0.1215
vn -0.0941 -0.9921 -0.0825
vn -0.3176 -0.9453 -0.0746
vn -0.1139 -0.9896 -0.0873
vn -0.0255 -0.9938 -0.1084
vn -0.0708 -0.9835 -0.1666
vn -0.0643 -0.9880 -0.1404
vn -0.0422 -0.9919 -0.1200
vn -0.0251 -0.9973 -0.0688
vn -0.3268 -0.9311 -0.1622
vn -0.1122 -0.9879 -0.1069
vn -0.0345 -0.9918 -0.1234
vn -0.0495 -0.9971 -0.0575
vn -0.0414 -0.9988 -0.0252
vn 0.5118 0.8577 0.0483
vn 0.2951 0.9547 0.0383
vn 0.5339 0.8451 0.0280
vn 0.3279 0.9441 0.0332
vn 0.2136 0.9756 0.0504
vn 0.2213 0.9742 0.0454
vn 0.2630 0.9647 -0.0135
vn 0.2524 0.9654 -0.0650
vn 0.4571 0.8890 -0.0292
vn 0.2692 0.9631 0.0077
vn 0.4604 0.8837 0.0844
vn 0.2702 0.9592 0.0833
vn 0.2422 0.9675 0.0731
vn 0.2413 0.9700 0.0282
vn 0.2491 0.9680 0.0288
vn 0.2166 0.9758 0.0291
vn 0.9855 -0.1682 0.0229
vn 0.9724 -0.1440 -0.1838
vn 0.2041 -0.9636 -0.1728
vn 0.9337 0.0247 -0.3572
vn 0.9420 -0.0314 -0.3340
vn 0.9280 -0.0997 -0.3591
vn 0.4606 0.8856 -0.0592
vn 0.7297 0.6450 -0.2268
vn 0.7134 -0.0552 -0.6985
vn 0.4003 -0.8720 -0.2816
vn 0.4585 0.8659 0.1999
vn 0.2651 0.9500 0.1651
vn 0.5340 0.8329 0.1451
vn 0.3282 0.9313 0.1578
vn 0.1899 0.9726 0.1344
vn 0.1893 0.9737 0.1269
vn 0.2163 0.9703 0.1081
vn 0.2291 0.9660 0.1196
vn 0.5213 0.8450 0.1196
vn 0.2934 0.9434 0.1548
vn 0.2180 0.9352 0.2790
vn 0.2093 0.9502 0.2311
vn 0.1856 0.9700 0.1572
vn -0.3105 -0.9503 -0.0251
vn -0.0888 -0.9922 -0.0879
vn -0.3050 -0.9455 -0.1143
vn -0.0957 -0.9904 -0.1001
vn 0.0093 -0.9981 -0.0607
vn 0.0054 -0.9864 -0.1640
vn 0.0076 -0.9895 -0.1445
vn 0.0083 -0.9973 -0.0728
vn -0.2580 -0.9601 -0.1078
vn -0.0801 -0.9957 -0.0473
vn -0.0258 -0.9995 -0.0199
vn -0.0297 -0.9995 0.0143
vn -0.0391 -0.9991 0.0187
vn 0.5510 0.8016 0.2320
vn 0.9576 -0.1776 0.2269
vn 0.7952 -0.5259 0.3017
vn 0.8912 -0.2144 0.3998
vn 0.4199 0.8622 0.2834
vn 0.1518 -0.9876 0.0408
vn 0.6746 -0.1481 0.7231
vn 0.4064 -0.9060 0.1181
vn 0.8148 0.3371 0.4717
vn -0.3180 -0.9452 -0.0746
vn -0.6326 -0.7715 -0.0674
vn -0.6616 -0.7192 -0.2121
vn -0.6219 -0.4267 -0.6566
vn -0.4511 -0.7291 -0.5147
vn -0.6011 -0.7946 -0.0852
vn -0.6127 -0.7875 -0.0660
vn -0.2636 -0.9614 -0.0784
vn -0.3051 -0.9454 -0.1143
vn -0.6118 -0.7845 -0.1015
vn -0.6025 -0.7914 -0.1034
vn -0.2582 -0.9600 -0.1079
vn -0.4402 -0.8039 0.3998
vn -0.5526 -0.5437 0.6317
vn -0.6291 -0.7752 0.0579
vn -0.3107 -0.9502 -0.0252
vn 0.2730 0.7650 0.5833
vn 0.5031 0.4529 0.7360
vn -0.1393 0.0203 0.9900
vn -0.3255 0.0548 0.9440
vn 0.5341 0.8329 0.1451
vn 0.8307 0.5507 0.0809
vn 0.8224 0.5508 0.1427
vn 0.5214 0.8449 0.1196
vn 0.4606 0.8836 0.0844
vn 0.8134 0.5791 0.0558
vn 0.8158 0.5676 0.1106
vn 0.5340 0.8450 0.0281
vn 0.8394 0.5428 0.0288
vn 0.8206 0.5715 -0.0014
vn 0.4573 0.8888 -0.0292
vn 0.4604 0.5586 -0.6900
vn 0.8342 0.5505 -0.0335
vn 0.5120 0.8576 0.0483
vn -0.6218 -0.4267 -0.6567
vn -0.2865 0.1088 -0.9519
vn -0.8667 0.4517 0.2116
vn -0.6073 0.7062 0.3639
vn -0.6086 0.6553 0.4475
vn -0.8706 0.4257 0.2466
vn -0.2781 0.8476 0.4519
vn -0.2735 0.8164 0.5086
vn -0.1371 0.6696 -0.7300
vn 0.0844 0.9052 0.4165
vn 0.1008 0.8593 0.5014
vn 0.4575 0.8326 0.3121
vn 0.4698 0.8111 0.3485
vn 0.7603 0.6412 0.1037
vn 0.7580 0.6317 0.1625
vn 0.9329 0.3378 -0.1252
vn 0.9045 0.4062 -0.1302
vn 0.9346 -0.0209 -0.3550
vn 0.9324 0.0599 -0.3564
vn 0.7957 -0.3078 -0.5216
vn 0.7769 -0.1363 -0.6147
vn 0.5471 -0.5570 -0.6248
vn 0.5451 -0.4546 -0.7044
vn 0.2485 -0.6825 -0.6873
vn 0.2075 -0.4990 -0.8414
vn -0.0765 -0.7364 -0.6722
vn -0.1178 -0.6453 -0.7548
vn -0.4308 -0.6607 -0.6148
vn -0.4926 -0.5015 -0.7112
vn -0.7221 -0.4974 -0.4808
vn -0.7627 -0.4276 -0.4853
vn -0.9423 -0.2015 -0.2675
vn -0.9538 -0.1283 -0.2715
vn -0.9900 0.1378 -0.0292
vn -0.9913 0.1285 0.0296
vn -0.8668 0.4517 0.2115
vn -0.8707 0.4255 0.2466
vn -0.1302 0.1018 0.9862
vn -0.7378 0.3879 0.5524
vn -0.8960 0.0936 0.4341
vn -0.1235 0.0869 0.9885
vn -0.8767 0.4684 0.1092
vn -0.9902 0.0950 -0.1021
vn -0.9006 -0.2968 -0.3176
vn -0.9210 -0.2858 0.2648
vn -0.1336 0.0746 0.9882
vn -0.5074 0.5866 0.6312
vn -0.6155 0.7430 0.2629
vn -0.1148 0.1036 0.9880
vn -0.1090 0.1180 0.9870
vn -0.2521 0.7010 0.6671
vn -0.2838 0.8998 0.3313
vn 0.0270 0.7397 0.6724
vn 0.0862 0.9447 0.3164
vn -0.0966 0.1088 0.9894
vn -0.0825 0.1155 0.9899
vn 0.3353 0.6957 0.6353
vn 0.4714 0.8560 0.2122
vn 0.6390 0.5347 0.5530
vn 0.7933 0.6079 0.0342
vn -0.0806 0.0992 0.9918
vn -0.0656 0.0942 0.9934
vn 0.8839 0.2338 0.4051
vn 0.9555 0.2370 -0.1758
vn 0.9623 -0.1453 0.2299
vn 0.9269 -0.1348 -0.3502
vn -0.0762 0.0817 0.9937
vn -0.0701 0.0678 0.9952
vn 0.8547 -0.5164 0.0537
vn 0.7655 -0.4362 -0.4730
vn 0.6096 -0.7899 -0.0665
vn 0.5352 -0.6438 -0.5469
vn -0.0851 0.0660 0.9942
vn -0.0907 0.0526 0.9945
vn 0.2833 -0.9504 -0.1287
vn 0.2650 -0.7664 -0.5851
vn -0.0831 -0.9892 -0.1204
vn -0.0314 -0.8067 -0.5901
vn -0.1024 0.0610 0.9929
vn -0.1161 0.0546 0.9917
vn -0.4497 -0.8919 -0.0478
vn -0.3442 -0.7553 -0.5577
vn -0.7610 -0.6416 0.0957
vn -0.6557 -0.5900 -0.4711
vn -0.1182 0.0696 0.9905
vn -0.0996 0.0842 0.9915
vn -0.8767 0.4685 0.1092
vn -0.6069 0.7391 0.2923
vn -0.8665 0.4805 0.1355
vn -0.2830 0.8892 0.3594
vn 0.0863 0.9447 0.3164
vn 0.0769 0.9357 0.3442
vn 0.4715 0.8560 0.2122
vn 0.4528 0.8599 0.2357
vn 0.7677 0.6384 0.0557
vn 0.9424 0.2917 -0.1636
vn 0.9312 -0.0797 -0.3557
vn 0.7797 -0.3883 -0.4912
vn 0.5420 -0.6110 -0.5771
vn 0.2603 -0.7415 -0.6183
vn -0.0313 -0.8067 -0.5901
vn -0.0502 -0.7814 -0.6220
vn -0.3791 -0.7217 -0.5793
vn -0.6880 -0.5455 -0.4787
vn -0.9005 -0.2969 -0.3177
vn -0.9205 -0.2442 -0.3052
vn -0.9902 0.0949 -0.1022
vn -0.9880 0.1335 -0.0778
vn -0.8665 0.4804 0.1355
vn 0.7451 0.6315 0.2146
vn 0.9066 0.4124 -0.0893
vn 0.9386 0.3450 -0.0026
vn 0.7550 0.6009 0.2626
vn 0.9223 0.1446 -0.3584
vn 0.9541 0.1025 -0.2813
vn -0.0515 0.7361 -0.6750
vn 0.7767 -0.1011 -0.6217
vn 0.8223 -0.1660 -0.5443
vn 0.5204 -0.3232 -0.7904
vn 0.5597 -0.3460 -0.7530
vn 0.1531 -0.4587 -0.8753
vn 0.2035 -0.4916 -0.8467
vn -0.2324 -0.5113 -0.8274
vn -0.1796 -0.4729 -0.8626
vn -0.6076 -0.4539 -0.6517
vn -0.5575 -0.4401 -0.7039
vn -0.8542 -0.3126 -0.4154
vn -0.8020 -0.2192 -0.5556
vn -0.9881 -0.1094 -0.1079
vn -0.9744 -0.0609 -0.2165
vn -0.9817 0.1221 0.1459
vn -0.9686 0.2460 -0.0374
vn -0.8519 0.3475 0.3918
vn -0.8600 0.4128 0.3002
vn -0.6182 0.5658 0.5457
vn -0.6143 0.6745 0.4095
vn -0.3000 0.7198 0.6260
vn -0.2891 0.7535 0.5905
vn 0.0785 0.8024 0.5916
vn 0.0893 0.8340 0.5445
vn 0.4485 0.7772 0.4414
vn 0.4724 0.7422 0.4753
vn 0.7450 0.6316 0.2147
vn 0.7549 0.6010 0.2627
vn 0.6232 -0.7028 0.3432
vn 0.9158 0.2424 0.3203
vn 0.7052 0.3694 0.6052
vn 0.6105 -0.7104 0.3502
vn 0.7078 0.6889 0.1561
vn 0.4178 0.8004 0.4299
vn 0.0556 0.7926 0.6073
vn 0.3755 0.4075 0.8324
vn 0.6070 -0.7059 0.3649
vn 0.9983 0.0488 0.0319
vn 0.8648 0.4753 -0.1618
vn 0.6170 -0.7131 0.3329
vn 0.6237 -0.7138 0.3184
vn 0.9628 -0.1612 -0.2170
vn 0.8615 0.2135 -0.4608
vn 0.8310 -0.3768 -0.4092
vn 0.7111 -0.0523 -0.7011
vn 0.6117 -0.7242 0.3185
vn 0.6089 -0.7321 0.3054
vn 0.6140 -0.5758 -0.5399
vn 0.4339 -0.2837 -0.8551
vn 0.3250 -0.7445 -0.5831
vn 0.0661 -0.4489 -0.8911
vn 0.5978 -0.7366 0.3163
vn 0.5873 -0.7471 0.3114
vn -0.0258 -0.8516 -0.5236
vn -0.3359 -0.5147 -0.7888
vn -0.3681 -0.8643 -0.3429
vn -0.6781 -0.4694 -0.5655
vn 0.5842 -0.7429 0.3268
vn 0.5721 -0.7494 0.3333
vn -0.6470 -0.7597 -0.0657
vn -0.9031 -0.3299 -0.2750
vn -0.7851 -0.5670 0.2492
vn -0.9904 -0.1372 0.0182
vn 0.5785 -0.7398 0.3435
vn 0.5721 -0.7385 0.3568
vn -0.7753 -0.3172 0.5462
vn -0.9570 0.0814 0.2783
vn -0.6215 -0.0642 0.7808
vn -0.8218 0.3019 0.4831
vn 0.5835 -0.7293 0.3573
vn 0.5858 -0.7212 0.3697
vn -0.3527 0.1654 0.9210
vn -0.5986 0.5098 0.6179
vn 0.0027 0.3313 0.9435
vn -0.2977 0.6836 0.6664
vn 0.5966 -0.7172 0.3601
vn 0.5973 -0.7270 0.3385
vn 0.8754 0.4594 -0.1501
vn 0.7175 0.6788 0.1565
vn 0.8614 0.2136 -0.4608
vn 0.8749 0.2033 -0.4396
vn 0.7322 -0.0569 -0.6787
vn 0.4631 -0.2798 -0.8410
vn 0.1048 -0.4384 -0.8927
vn -0.2938 -0.5025 -0.8131
vn -0.6782 -0.4694 -0.5655
vn -0.6468 -0.4592 -0.6089
vn -0.8857 -0.3247 -0.3317
vn -0.9911 -0.1282 -0.0345
vn -0.9685 0.0914 0.2318
vn -0.8219 0.3019 0.4831
vn -0.8354 0.3189 0.4477
vn -0.6073 0.5299 0.5919
vn -0.2983 0.7025 0.6462
vn 0.0555 0.7926 0.6072
vn 0.0642 0.8041 0.5910
vn 0.4307 0.7994 0.4189
vn 0.7077 0.6890 0.1561
vn 0.7174 0.6788 0.1567
vn -0.4507 0.8380 0.3075
vn -0.0966 0.8738 0.4766
vn -0.1296 0.8228 0.5533
vn -0.4701 0.8148 0.3394
vn 0.2508 0.7863 0.5647
vn 0.2348 0.7512 0.6169
vn 0.2983 0.7121 -0.6355
vn 0.5806 0.6277 0.5186
vn 0.5647 0.5704 0.5964
vn 0.8456 0.3668 0.3879
vn 0.8420 0.3378 0.4207
vn 0.9876 0.0642 0.1430
vn 0.9784 0.0503 0.2003
vn 0.9594 -0.2509 -0.1292
vn 0.9760 -0.1787 -0.1246
vn 0.7599 -0.5118 -0.4007
vn 0.8050 -0.4451 -0.3922
vn 0.4856 -0.6415 -0.5938
vn 0.5725 -0.4805 -0.6644
vn 0.1418 -0.6854 -0.7142
vn 0.2020 -0.5916 -0.7805
vn -0.1721 -0.6060 -0.7766
vn -0.0946 -0.4148 -0.9050
vn -0.4685 -0.4636 -0.7521
vn -0.4469 -0.3557 -0.8208
vn -0.7150 -0.2051 -0.6683
vn -0.6703 -0.0287 -0.7416
vn -0.8618 0.0777 -0.5013
vn -0.8543 0.1580 -0.4952
vn -0.8761 0.4163 -0.2430
vn -0.8431 0.4825 -0.2375
vn -0.7258 0.6870 0.0368
vn -0.7339 0.6727 0.0940
vn -0.4509 0.8380 0.3074
vn -0.4702 0.8148 0.3391
vn -0.0770 0.0314 0.9965
vn -0.3930 0.6686 0.6313
vn -0.6887 0.5379 0.4861
vn -0.0802 0.0153 0.9967
vn -0.4460 0.8704 0.2086
vn -0.7485 0.6619 -0.0407
vn -0.8959 0.3218 -0.3063
vn -0.9238 0.2682 0.2734
vn -0.0955 0.0113 0.9954
vn -0.0926 0.6855 0.7221
vn -0.0789 0.9211 0.3813
vn -0.0634 0.0238 0.9977
vn -0.0503 0.0322 0.9982
vn 0.1805 0.6256 0.7590
vn 0.2800 0.8470 0.4518
vn 0.4301 0.4948 0.7551
vn 0.6079 0.6712 0.4242
vn -0.0456 0.0173 0.9988
vn -0.0303 0.0144 0.9994
vn 0.6569 0.2859 0.6977
vn 0.8735 0.3904 0.2910
vn 0.8135 -0.0089 0.5815
vn 0.9973 0.0271 0.0684
vn -0.0382 0.0001 0.9993
vn -0.0289 -0.0129 0.9995
vn 0.8432 -0.3741 0.3861
vn 0.9209 -0.3387 -0.1928
vn 0.6928 -0.7026 0.1625
vn 0.6875 -0.5997 -0.4095
vn -0.0448 -0.0169 0.9989
vn -0.0480 -0.0318 0.9983
vn 0.3954 -0.9170 -0.0518
vn 0.3852 -0.7337 -0.5598
vn 0.0409 -0.9805 -0.1920
vn 0.0796 -0.7585 -0.6468
vn -0.0612 -0.0244 0.9978
vn -0.0735 -0.0320 0.9968
vn -0.3158 -0.9134 -0.2570
vn -0.2104 -0.6963 -0.6862
vn -0.6371 -0.7340 -0.2354
vn -0.4750 -0.5568 -0.6814
vn -0.0782 -0.0183 0.9968
vn -0.0930 -0.0155 0.9955
vn -0.8815 -0.4530 -0.1334
vn -0.7010 -0.3387 -0.6276
vn -0.9945 -0.0895 0.0546
vn -0.8616 -0.0365 -0.5062
vn -0.0859 -0.0020 0.9963
vn -0.0623 -0.0010 0.9981
vn -0.0750 0.9092 0.4096
vn -0.4315 0.8708 0.2356
vn 0.2737 0.8344 0.4784
vn 0.6080 0.6712 0.4241
vn 0.5942 0.6659 0.4511
vn 0.8735 0.3904 0.2909
vn 0.8598 0.4013 0.3157
vn 0.9935 0.0637 0.0947
vn 0.9209 -0.3388 -0.1928
vn 0.9416 -0.2887 -0.1734
vn 0.7232 -0.5570 -0.4084
vn 0.4250 -0.7010 -0.5727
vn 0.1051 -0.7320 -0.6731
vn -0.2104 -0.6962 -0.6863
vn -0.1988 -0.6693 -0.7159
vn -0.4747 -0.5215 -0.7090
vn -0.7093 -0.2887 -0.6431
vn -0.8616 -0.0365 -0.5063
vn -0.8619 0.0191 -0.5068
vn -0.8959 0.3217 -0.3064
vn -0.8820 0.3741 -0.2866
vn -0.7252 0.6884 -0.0120
vn -0.4461 0.8703 0.2085
vn -0.4316 0.8708 0.2356
vn 0.4332 -0.7649 0.4767
vn -0.7095 -0.3393 0.6176
vn -0.7419 -0.5837 0.3300
vn 0.4414 -0.7686 0.4631
vn -0.9168 0.0019 0.3994
vn -0.9614 -0.2494 0.1162
vn -0.8706 -0.4490 -0.2010
vn -0.6440 -0.7649 0.0168
vn 0.4347 -0.7782 0.4532
vn -0.5457 -0.0797 0.8342
vn -0.7486 0.2641 0.6082
vn 0.4469 -0.7569 0.4768
vn 0.4494 -0.7472 0.4896
vn -0.2807 0.1631 0.9458
vn -0.4839 0.5029 0.7162
vn 0.0491 0.3443 0.9376
vn -0.1592 0.6853 0.7107
vn 0.4621 -0.7460 0.4795
vn 0.4736 -0.7361 0.4837
vn 0.3876 0.4430 0.8084
vn 0.1813 0.7866 0.5903
vn 0.6885 0.4366 0.5791
vn 0.4915 0.7889 0.3688
vn 0.4775 -0.7427 0.4694
vn 0.4907 -0.7381 0.4630
vn 0.8979 0.3352 0.2855
vn 0.7211 0.6886 0.0758
vn 0.9891 0.1451 -0.0258
vn 0.8329 0.4958 -0.2459
vn 0.4840 -0.7486 0.4532
vn 0.4910 -0.7516 0.4404
vn 0.9473 -0.0907 -0.3071
vn 0.8038 0.2417 -0.5436
vn 0.7838 -0.3481 -0.5143
vn 0.6378 -0.0353 -0.7694
vn 0.4782 -0.7599 0.4404
vn 0.4752 -0.7685 0.4285
vn 0.5233 -0.5796 -0.6246
vn 0.3605 -0.2884 -0.8871
vn 0.2059 -0.7608 -0.6155
vn 0.0166 -0.4793 -0.8775
vn 0.4637 -0.7702 0.4379
vn 0.4523 -0.7794 0.4336
vn -0.1288 -0.8592 -0.4952
vn -0.3408 -0.5764 -0.7427
vn -0.4243 -0.8635 -0.2726
vn -0.6524 -0.5658 -0.5042
vn 0.4486 -0.7739 0.4471
vn 0.4631 -0.7587 0.4582
vn -0.7496 0.2611 0.6082
vn -0.9185 -0.0026 0.3954
vn -0.4817 0.5038 0.7171
vn -0.4551 0.4756 0.7528
vn -0.7309 0.2242 0.6446
vn -0.9032 -0.0364 0.4276
vn -0.1515 0.6906 0.7072
vn 0.1812 0.7866 0.5903
vn 0.1885 0.7932 0.5790
vn 0.2204 0.7865 0.5770
vn -0.1085 0.6789 0.7261
vn 0.4914 0.7960 0.3535
vn 0.7160 0.6959 0.0548
vn 0.7102 0.7034 0.0275
vn 0.4971 0.7959 0.3455
vn 0.8204 0.5046 -0.2689
vn 0.8038 0.2418 -0.5436
vn 0.7858 0.2558 -0.5631
vn 0.7497 0.2848 -0.5973
vn 0.7971 0.5164 -0.3131
vn 0.6377 -0.0352 -0.7694
vn 0.6205 -0.0154 -0.7841
vn 0.3476 -0.2658 -0.8992
vn 0.3206 -0.2220 -0.9208
vn 0.5865 0.0273 -0.8095
vn 0.0111 -0.4578 -0.8890
vn -0.3406 -0.5602 -0.7551
vn -0.3445 -0.5403 -0.7677
vn -0.0002 -0.4197 -0.9077
vn -0.6507 -0.5568 -0.5164
vn -0.8684 -0.4475 -0.2136
vn -0.8639 -0.4617 -0.2014
vn -0.6528 -0.5554 -0.5152
vn -0.9616 -0.2525 0.1076
vn -0.9168 0.0018 0.3993
vn -0.9186 -0.0027 0.3952
vn -0.9033 -0.0365 0.4275
vn -0.9514 -0.2790 0.1307
vn -0.8128 -0.0829 0.5766
vn -0.8657 0.1079 0.4888
vn -0.9769 -0.1294 0.1700
vn -0.9060 -0.3033 0.2953
vn -0.0687 0.6662 -0.7426
vn -0.1008 0.5680 -0.8168
vn -0.1007 0.4972 -0.8618
vn -0.9203 -0.3298 -0.2103
vn -0.8785 -0.4739 -0.0603
vn -0.0687 0.6663 -0.7425
vn -0.8656 0.1077 0.4889
vn -0.6867 0.2796 0.6710
vn -0.0141 0.7299 -0.6834
vn -0.8127 -0.0828 0.5767
vn -0.6516 0.1149 0.7498
vn -0.3640 0.3625 0.8580
vn -0.3805 0.3103 0.8712
vn -0.2007 -0.3960 0.8961
vn -0.1842 0.8645 -0.4677
vn 0.0357 0.7309 -0.6815
vn -0.1825 0.7763 -0.6034
vn 0.4065 0.8560 0.3194
vn 0.4282 0.8789 0.2103
vn -0.3887 0.7552 -0.5278
vn 0.3774 0.7711 0.5127
vn 0.5064 0.7987 0.3251
vn 0.6858 0.7195 -0.1098
vn 0.6137 0.7504 -0.2453
vn -0.3253 0.7142 -0.6197
vn 0.5904 0.4419 -0.6754
vn -0.2168 0.5710 -0.7918
vn 0.6824 0.4880 -0.5442
vn 0.5919 0.3422 -0.7298
vn 0.5528 0.3112 -0.7730
vn -0.6566 -0.1306 0.7429
vn -0.5521 0.4992 -0.6679
vn -0.2563 0.4935 -0.8311
vn 0.0293 0.7089 -0.7047
vn -0.0110 0.6597 -0.7514
vn 0.0488 0.7140 -0.6984
vn 0.0140 0.6781 -0.7348
vn -0.0850 0.7716 -0.6304
vn 0.2238 0.7602 -0.6100
vn 0.1386 0.7627 -0.6317
vn -0.1720 0.7725 -0.6112
vn 0.3210 0.7574 -0.5687
vn 0.1765 0.7690 -0.6144
vn -0.3909 0.7289 -0.5620
vn -0.3782 0.6609 -0.6482
vn -0.3519 0.6101 -0.7098
vn -0.3191 0.7130 -0.6243
vn -0.2922 0.5460 -0.7852
vn -0.2920 0.5168 -0.8048
vn -0.0480 0.5044 -0.8621
vn -0.0428 0.4885 -0.8715
vn -0.0487 0.4893 -0.8707
vn -0.0572 0.5101 -0.8582
vn -0.0591 0.4751 -0.8780
vn -0.0858 0.4677 -0.8797
vn -0.0516 0.5746 -0.8168
vn -0.0111 0.6597 -0.7515
vn -0.0347 0.5865 -0.8092
vn -0.6834 0.1526 0.7139
vn -0.8565 -0.0851 0.5090
vn -0.3973 0.4128 0.8196
vn -0.0012 0.6597 0.7515
vn 0.2896 0.7721 0.5656
vn 0.1341 0.6672 0.7327
vn 0.5022 0.7954 0.3393
vn 0.6964 0.7170 -0.0307
vn 0.7430 0.5248 -0.4153
vn 0.6713 0.3329 -0.6622
vn 0.5167 0.1106 -0.8490
vn 0.2623 -0.1381 -0.9550
vn 0.2137 -0.0771 -0.9738
vn 0.4566 0.1712 -0.8730
vn -0.0264 -0.3459 -0.9379
vn -0.3628 -0.5047 -0.7833
vn -0.3760 -0.4759 -0.7951
vn -0.0379 -0.2809 -0.9590
vn -0.6752 -0.5545 -0.4864
vn -0.8661 -0.4798 -0.1402
vn -0.7142 -0.5525 -0.4297
vn -0.9266 -0.3127 0.2086
vn -0.8566 -0.0853 0.5089
vn -0.8128 -0.0830 0.5766
vn -0.9060 -0.3033 0.2954
vn 0.4703 0.8600 0.1981
vn 0.2536 0.7739 0.5803
vn 0.0676 0.8850 -0.4606
vn -0.3614 0.9324 -0.0020
vn 0.4279 0.2232 -0.8758
vn 0.0791 0.8854 -0.4581
vn 0.2183 -0.0958 -0.9712
vn 0.5148 -0.4932 -0.7012
vn 0.5085 0.2318 -0.8293
vn 0.0771 0.8889 -0.4515
vn -0.6711 0.5556 -0.4908
vn -0.3869 0.1980 -0.9006
vn -0.0798 -0.1902 -0.9785
vn -0.6646 0.5514 -0.5043
vn -0.3518 -0.5031 -0.7894
vn 0.3623 -0.1639 0.9175
vn -0.4141 0.6146 0.6714
vn -0.6540 0.5558 -0.5132
vn 0.2711 0.7282 -0.6295
vn -0.7258 -0.4363 -0.5318
vn 0.0592 0.8948 -0.4425
vn 0.0648 0.8938 -0.4438
vn 0.0527 0.8937 -0.4456
vn 0.0596 0.8930 -0.4461
vn -0.6679 0.5677 -0.4813
vn -0.6717 0.5653 -0.4788
vn -0.6677 0.5715 -0.4771
vn -0.6712 0.5688 -0.4754
vn 0.0125 0.7143 -0.6998
vn 0.1153 0.7315 -0.6720
vn 0.1334 0.7376 -0.6619
vn -0.1807 0.6990 -0.6919
vn -0.1621 0.6831 -0.7121
vn -0.1531 0.6804 -0.7167
vn -0.4454 0.7399 -0.5041
vn -0.4428 0.7440 -0.5004
vn -0.4602 0.7308 -0.5041
vn -0.2695 0.5542 -0.7875
vn -0.2918 0.5543 -0.7795
vn -0.2819 0.5467 -0.7884
vn -0.1405 0.6504 -0.7465
vn -0.6677 0.5714 -0.4770
vn 0.0782 0.8047 -0.5885
vn -0.3000 0.7211 -0.6245
vn -0.3381 0.5485 -0.7648
vn -0.1894 0.6661 -0.7215
vn -0.0300 -0.8801 0.4739
vn -0.2941 -0.7713 0.5645
vn -0.2621 -0.7371 0.6229
vn 0.0453 -0.8833 0.4666
vn -0.6045 -0.5253 0.5988
vn -0.6176 -0.4927 0.6130
vn -0.5850 -0.4065 -0.7018
vn -0.8588 -0.1624 0.4858
vn -0.8362 -0.1581 0.5252
vn -0.9352 0.1927 0.2970
vn -0.9590 0.1609 0.2332
vn -0.8768 0.4758 0.0693
vn -0.8933 0.4483 0.0320
vn -0.7238 0.6654 -0.1823
vn -0.7666 0.5601 -0.3139
vn -0.4755 0.7779 -0.4109
vn -0.5259 0.7007 -0.4821
vn -0.1966 0.7555 -0.6249
vn -0.3273 0.6006 -0.7295
vn 0.1461 0.6384 -0.7557
vn 0.0352 0.5688 -0.8217
vn 0.4385 0.3822 -0.8134
vn 0.2096 0.3137 -0.9261
vn 0.6593 0.0862 -0.7469
vn 0.5817 0.0575 -0.8114
vn 0.7540 -0.2874 -0.5907
vn 0.6397 -0.2802 -0.7157
vn 0.6921 -0.6574 -0.2980
vn 0.7206 -0.6057 -0.3374
vn 0.4954 -0.8686 0.0096
vn 0.5723 -0.8153 -0.0879
vn 0.1816 -0.9338 0.3083
vn 0.3128 -0.9031 0.2943
vn -0.0298 -0.8801 0.4739
vn 0.0454 -0.8833 0.4666
vn -0.2289 -0.8837 0.4082
vn -0.3367 -0.8190 0.4647
vn -0.3217 -0.7993 0.5076
vn -0.1402 -0.8892 0.4354
vn -0.6083 -0.5938 0.5267
vn -0.6226 -0.5626 0.5439
vn -0.8522 -0.1797 0.4913
vn -0.8691 -0.1611 0.4677
vn -0.9159 0.1444 0.3746
vn -0.9297 0.1983 0.3105
vn -0.9016 0.3768 0.2123
vn -0.8781 0.4625 0.1229
vn -0.7292 0.6776 -0.0951
vn -0.7092 0.6936 -0.1263
vn -0.3259 0.8517 -0.4103
vn -0.4211 0.8246 -0.3778
vn -0.0099 0.8340 -0.5516
vn -0.1084 0.8193 -0.5631
vn 0.2829 0.6960 -0.6599
vn 0.2236 0.6783 -0.6999
vn 0.5520 0.4234 -0.7183
vn 0.5195 0.4128 -0.7481
vn 0.7033 0.1147 -0.7016
vn 0.6954 0.1081 -0.7104
vn 0.7409 -0.3251 -0.5876
vn 0.7641 -0.2939 -0.5743
vn 0.5389 -0.7822 -0.3128
vn 0.6319 -0.7193 -0.2887
vn 0.1661 -0.9858 0.0252
vn 0.3309 -0.9429 0.0378
vn -0.1329 -0.9413 0.3102
vn 0.0214 -0.9492 0.3141
vn -0.1402 -0.8893 0.4354
vn 0.0293 0.6907 0.7225
vn -0.3909 -0.5399 0.7455
vn -0.2094 -0.4043 0.8903
vn 0.3107 0.8335 0.4569
vn -0.3585 -0.8339 0.4197
vn -0.2918 -0.8962 0.3342
vn 0.0062 -0.9976 0.0692
vn 0.6807 -0.2912 0.6722
vn 0.4070 0.8698 0.2790
vn -0.2444 -0.6546 0.7154
vn -0.3536 -0.8297 0.4320
vn 0.3024 0.5801 0.7564
vn 0.6452 0.2561 0.7198
vn -0.3567 -0.5683 0.7415
vn -0.5775 -0.6350 0.5131
vn -0.4302 -0.0834 0.8989
vn -0.8173 -0.2363 0.5256
vn 0.6798 0.4515 0.5780
vn 0.6812 0.5660 0.4644
vn -0.4240 0.3707 0.8263
vn -0.8864 0.0154 0.4627
vn -0.3976 0.6782 0.6180
vn -0.9144 0.1826 0.3614
vn 0.6560 0.6734 0.3410
vn 0.6340 0.7244 0.2707
vn -0.3046 0.9105 0.2796
vn -0.8189 0.5735 0.0208
vn 0.2861 0.9467 -0.1477
vn -0.1353 0.8553 -0.5002
vn 0.6372 0.7156 0.2862
vn 0.6391 0.7089 0.2984
vn 0.4680 0.8632 -0.1892
vn 0.1680 0.8013 -0.5742
vn 0.5677 0.7827 -0.2551
vn 0.3567 0.6935 -0.6259
vn 0.6522 0.7028 0.2841
vn 0.6638 0.6987 0.2669
vn 0.7231 0.6036 -0.3358
vn 0.5879 0.4124 -0.6959
vn 0.8208 0.4576 -0.3418
vn 0.7110 0.0750 -0.6992
vn 0.5991 0.7785 0.1870
vn 0.5572 0.8221 0.1168
vn 0.9065 0.2785 -0.3172
vn 0.6798 -0.4414 -0.5857
vn 0.9866 0.1131 -0.1177
vn 0.4006 -0.8662 -0.2987
vn 0.5025 0.8440 0.1876
vn 0.5509 0.7527 0.3605
vn -0.3471 -0.8280 0.4403
vn -0.3017 -0.8650 0.4009
vn -0.5876 -0.6204 0.5194
vn -0.8283 -0.2166 0.5167
vn -0.8997 0.0649 0.4316
vn -0.9144 0.1825 0.3614
vn -0.9170 0.2649 0.2982
vn -0.8190 0.5734 0.0208
vn -0.7638 0.6426 -0.0612
vn -0.1354 0.8553 -0.5001
vn -0.2104 0.8579 -0.4687
vn 0.1679 0.8013 -0.5742
vn 0.0964 0.8199 -0.5643
vn 0.3278 0.6974 -0.6373
vn 0.5706 0.4222 -0.7044
vn 0.7110 0.0749 -0.6992
vn 0.7035 0.1005 -0.7035
vn 0.7060 -0.3762 -0.6000
vn 0.4004 -0.8663 -0.2987
vn 0.4614 -0.8240 -0.3288
vn 0.0520 -0.9981 0.0335
vn -0.2918 -0.8962 0.3341
vn -0.2422 -0.9168 0.3176
vn -0.0101 0.7002 0.7139
vn 0.2825 0.5219 0.8049
vn 0.2566 0.4376 0.8618
vn -0.0108 0.6741 0.7385
vn 0.5915 0.2140 0.7774
vn 0.5437 0.1549 0.8248
vn 0.6714 0.6753 -0.3053
vn 0.8236 -0.1224 0.5538
vn 0.7528 -0.1519 0.6404
vn 0.8786 -0.3697 0.3023
vn 0.8606 -0.3647 0.3555
vn 0.8493 -0.5279 -0.0033
vn 0.8375 -0.5460 0.0200
vn 0.7123 -0.6134 -0.3410
vn 0.7497 -0.5541 -0.3619
vn 0.4806 -0.5920 -0.6469
vn 0.5121 -0.5536 -0.6567
vn 0.2003 -0.4544 -0.8680
vn 0.2998 -0.3253 -0.8968
vn -0.1092 -0.2472 -0.9628
vn -0.0379 -0.1725 -0.9843
vn -0.3656 0.0344 -0.9301
vn -0.2181 0.1695 -0.9611
vn -0.5735 0.3062 -0.7598
vn -0.4958 0.3733 -0.7841
vn -0.6584 0.5692 -0.4925
vn -0.5269 0.6601 -0.5355
vn -0.6443 0.7489 -0.1552
vn -0.6051 0.7781 -0.1683
vn -0.5072 0.8402 0.1921
vn -0.4512 0.8774 0.1631
vn -0.2769 0.8207 0.4997
vn -0.2932 0.8033 0.5184
vn -0.0102 0.7003 0.7138
vn -0.0109 0.6743 0.7384
vn -0.6001 -0.6536 0.4611
vn -0.2416 0.4064 0.8812
vn -0.5248 0.5121 0.6799
vn -0.6317 -0.6581 0.4097
vn 0.0074 0.7314 0.6819
vn -0.2568 0.8268 0.5004
vn -0.5091 0.8331 0.2162
vn -0.7663 0.5123 0.3877
vn -0.6549 -0.6461 0.3920
vn 0.0264 0.2265 0.9737
vn 0.2779 0.5664 0.7759
vn -0.5845 -0.6596 0.4725
vn -0.5435 -0.6502 0.5308
vn 0.3182 -0.0716 0.9453
vn 0.6259 0.2470 0.7397
vn 0.5165 -0.4290 0.7411
vn 0.8558 -0.1444 0.4968
vn -0.5811 -0.6641 0.4704
vn -0.5829 -0.6744 0.4533
vn 0.5814 -0.6553 0.4822
vn 0.8967 -0.3678 0.2464
vn 0.5571 -0.8086 0.1893
vn 0.8564 -0.5163 -0.0052
vn -0.6117 -0.6821 0.4008
vn -0.6119 -0.6974 0.3732
vn 0.4158 -0.9003 -0.1289
vn 0.7131 -0.6248 -0.3180
vn 0.1696 -0.8949 -0.4128
vn 0.4626 -0.6351 -0.6186
vn -0.6243 -0.6887 0.3686
vn -0.6297 -0.6911 0.3548
vn -0.1199 -0.7813 -0.6125
vn 0.1525 -0.5293 -0.8346
vn -0.4193 -0.5830 -0.6959
vn -0.1699 -0.3242 -0.9306
vn -0.6382 -0.6800 0.3611
vn -0.6491 -0.6739 0.3528
vn -0.6770 -0.3262 -0.6598
vn -0.4507 -0.0514 -0.8912
vn -0.8629 -0.0535 -0.5026
vn -0.6470 0.2448 -0.7222
vn -0.6493 -0.6667 0.3659
vn -0.6595 -0.6555 0.3678
vn -0.9457 0.2048 -0.2524
vn -0.7264 0.5190 -0.4505
vn -0.9145 0.4000 0.0603
vn -0.6778 0.7253 -0.1201
vn -0.6515 -0.6563 0.3805
vn -0.6268 -0.6710 0.3961
vn 0.2779 0.5665 0.7758
vn 0.2907 0.5728 0.7664
vn 0.0105 0.7352 0.6778
vn 0.6260 0.2470 0.7397
vn 0.6359 0.2677 0.7238
vn 0.8632 -0.1161 0.4913
vn 0.9027 -0.3540 0.2447
vn 0.8564 -0.5162 -0.0052
vn 0.8583 -0.5129 -0.0137
vn 0.7135 -0.6160 -0.3338
vn 0.4627 -0.6351 -0.6186
vn 0.4685 -0.6154 -0.6339
vn 0.1526 -0.5293 -0.8346
vn 0.1639 -0.5021 -0.8491
vn -0.1489 -0.2948 -0.9439
vn -0.4250 -0.0248 -0.9049
vn -0.6469 0.2448 -0.7222
vn -0.6200 0.2667 -0.7379
vn -0.7264 0.5191 -0.4505
vn -0.7040 0.5325 -0.4698
vn -0.6778 0.7254 -0.1201
vn -0.6643 0.7345 -0.1386
vn -0.5090 0.8331 0.2162
vn -0.5068 0.8388 0.1989
vn -0.2568 0.8269 0.5004
vn -0.2600 0.8312 0.4915
vn 0.0102 0.7353 0.6777
vn 0.7166 -0.5246 0.4597
vn 0.5961 -0.7458 0.2975
vn 0.5461 -0.7605 0.3512
vn 0.7192 -0.4697 0.5120
vn 0.3608 -0.9319 0.0367
vn 0.3260 -0.9449 0.0292
vn 0.6031 0.0444 -0.7964
vn 0.0517 -0.9526 -0.2997
vn 0.0359 -0.9653 -0.2587
vn -0.2352 -0.8016 -0.5497
vn -0.1863 -0.7771 -0.6012
vn -0.4467 -0.5459 -0.7088
vn -0.4094 -0.5350 -0.7390
vn -0.5650 -0.2272 -0.7932
vn -0.4263 -0.1798 -0.8865
vn -0.6187 0.1240 -0.7758
vn -0.5233 0.1279 -0.8425
vn -0.5478 0.4603 -0.6986
vn -0.3658 0.4207 -0.8302
vn -0.4109 0.7614 -0.5014
vn -0.3221 0.7227 -0.6115
vn -0.1587 0.9506 -0.2667
vn -0.0542 0.8674 -0.4947
vn 0.1001 0.9950 0.0013
vn 0.1479 0.9848 -0.0915
vn 0.4130 0.8763 0.2482
vn 0.4443 0.8921 0.0823
vn 0.6902 0.5554 0.4639
vn 0.6504 0.6123 0.4495
vn 0.8154 0.1631 0.5555
vn 0.7884 0.2946 0.5401
vn 0.8065 -0.2738 0.5239
vn 0.7765 -0.1708 0.6066
vn 0.7166 -0.5245 0.4597
vn 0.7449 -0.6099 0.2705
vn 0.6708 -0.7106 0.2124
vn 0.6395 -0.7281 0.2467
vn 0.7397 -0.5717 0.3550
vn 0.4465 -0.8948 0.0024
vn 0.4123 -0.9110 -0.0038
vn 0.0665 -0.9554 -0.2877
vn 0.0557 -0.9461 -0.3190
vn -0.2108 -0.8538 -0.4761
vn -0.2445 -0.8066 -0.5382
vn -0.3901 -0.6841 -0.6163
vn -0.4486 -0.5880 -0.6731
vn -0.6005 -0.2917 -0.7445
vn -0.6079 -0.2529 -0.7527
vn -0.6949 0.2366 -0.6791
vn -0.6745 0.1448 -0.7240
vn -0.6497 0.5459 -0.5291
vn -0.6290 0.4859 -0.6068
vn -0.4972 0.7936 -0.3506
vn -0.4672 0.7799 -0.4165
vn -0.2283 0.9648 -0.1304
vn -0.2087 0.9629 -0.1713
vn 0.0587 0.9967 0.0569
vn 0.0677 0.9966 0.0468
vn 0.4488 0.8585 0.2482
vn 0.4144 0.8699 0.2675
vn 0.8194 0.4413 0.3660
vn 0.7492 0.4972 0.4377
vn 0.9348 -0.0887 0.3439
vn 0.8846 0.0197 0.4660
vn 0.8239 -0.4857 0.2920
vn 0.8252 -0.3873 0.4112
vn 0.7397 -0.5716 0.3550
vn -0.8632 -0.3768 0.3361
vn 0.3273 -0.8987 0.2919
vn 0.1510 -0.8580 0.4910
vn -0.9369 0.0286 0.3484
vn 0.6982 -0.6953 0.1707
vn 0.7793 -0.6004 0.1793
vn 0.9394 -0.2291 0.2549
vn 0.0723 -0.0874 0.9935
vn -0.9262 0.2283 0.3002
vn 0.4408 -0.8006 0.4059
vn 0.6906 -0.7001 0.1813
vn -0.7753 -0.2400 0.5842
vn -0.4655 -0.0450 0.8839
vn 0.3545 -0.8783 0.3208
vn 0.4888 -0.8720 0.0253
vn -0.1522 -0.9521 0.2652
vn 0.1103 -0.9673 -0.2282
vn -0.6155 0.1165 0.7795
vn -0.6943 0.2206 0.6850
vn -0.5689 -0.8121 0.1299
vn -0.1120 -0.9216 -0.3717
vn -0.8080 -0.5874 -0.0459
vn -0.2439 -0.8362 -0.4912
vn -0.7628 0.3130 0.5658
vn -0.7919 0.3585 0.4944
vn -0.9415 -0.2379 -0.2387
vn -0.5292 -0.4544 -0.7166
vn -0.8789 0.4710 -0.0760
vn -0.6800 0.4290 -0.5946
vn -0.7877 0.3479 0.5084
vn -0.7847 0.3391 0.5190
vn -0.7934 0.6066 0.0507
vn -0.6180 0.6745 -0.4039
vn -0.7012 0.7059 0.1001
vn -0.5066 0.8176 -0.2736
vn -0.7753 0.3570 0.5209
vn -0.7671 0.3764 0.5195
vn -0.5122 0.8348 0.2020
vn -0.2251 0.9704 -0.0871
vn -0.3736 0.8773 0.3014
vn 0.0960 0.9927 0.0724
vn -0.8196 0.4060 0.4042
vn -0.8409 0.4368 0.3194
vn -0.2110 0.8836 0.4179
vn 0.5620 0.7951 0.2279
vn -0.1097 0.7620 0.6382
vn 0.9010 0.3236 0.2890
vn -0.8795 0.3533 0.3189
vn -0.8409 0.2435 0.4833
vn 0.6865 -0.7015 0.1911
vn 0.7313 -0.6497 0.2077
vn 0.4734 -0.8806 0.0187
vn 0.0941 -0.9647 -0.2461
vn -0.1119 -0.9216 -0.3716
vn -0.1506 -0.8988 -0.4116
vn -0.2438 -0.8362 -0.4912
vn -0.3055 -0.7771 -0.5502
vn -0.5291 -0.4545 -0.7166
vn -0.5750 -0.3457 -0.7415
vn -0.6886 0.3569 -0.6312
vn -0.6180 0.6744 -0.4040
vn -0.6362 0.6231 -0.4549
vn -0.5062 0.8073 -0.3032
vn -0.2250 0.9704 -0.0872
vn -0.2315 0.9669 -0.1075
vn 0.0960 0.9927 0.0725
vn 0.0729 0.9956 0.0589
vn 0.5621 0.7951 0.2279
vn 0.5025 0.8348 0.2249
vn 0.9010 0.3235 0.2890
vn 0.8666 0.3937 0.3067
vn 0.9482 -0.1728 0.2666
vn 0.8019 -0.5592 0.2101
vn 0.6981 -0.6953 0.1707
vn -0.7997 -0.4892 0.3481
vn -0.9077 -0.3992 -0.1295
vn -0.1077 -0.6119 -0.7835
vn -0.4938 -0.8557 0.1546
vn -0.9904 0.1196 -0.0688
vn -0.8263 0.1470 -0.5437
vn -0.6048 0.6297 -0.4876
vn -0.2757 0.4585 -0.8448
vn 0.1315 0.7390 -0.6607
vn 0.4180 0.3356 -0.8442
vn 0.7852 0.3834 -0.4863
vn 0.8274 -0.1461 -0.5422
vn 0.9713 -0.2280 -0.0670
vn 0.7155 -0.6868 -0.1280
vn 0.5823 -0.7341 0.3494
vn 0.1694 -0.9732 0.1553
vn -0.1495 -0.8409 0.5202
vn -0.7975 -0.5155 0.3134
vn -0.5112 -0.7607 0.4000
vn -0.5124 -0.7866 0.3446
vn -0.8010 -0.5207 0.2955
vn -0.1600 -0.9007 0.4038
vn -0.1631 -0.9183 0.3608
vn 0.0816 0.4650 0.8816
vn 0.2179 -0.8899 0.4007
vn 0.2103 -0.9147 0.3452
vn 0.5713 -0.7580 0.3147
vn 0.5728 -0.7641 0.2968
vn 0.8502 -0.4815 0.2129
vn 0.8499 -0.4904 0.1928
vn 0.9897 -0.1222 0.0739
vn 0.9909 -0.0745 0.1124
vn 0.9627 0.2610 -0.0708
vn 0.9573 0.2859 -0.0420
vn 0.7867 0.5945 -0.1662
vn 0.7579 0.6490 -0.0665
vn 0.5058 0.8239 -0.2558
vn 0.4978 0.8465 -0.1887
vn 0.1689 0.9519 -0.2558
vn 0.1731 0.9764 -0.1289
vn -0.1914 0.9474 -0.2565
vn -0.1763 0.9660 -0.1893
vn -0.5342 0.8286 -0.1674
vn -0.4886 0.8699 -0.0677
vn -0.8143 0.5759 -0.0725
vn -0.8007 0.5975 -0.0437
vn -0.9716 0.2255 0.0718
vn -0.9563 0.2706 0.1106
vn -0.9643 -0.1600 0.2112
vn -0.9670 -0.1684 0.1911
vn -0.8011 -0.5206 0.2955
vn -0.7997 -0.4892 0.3482
vn -0.4938 -0.8557 0.1547
vn -0.5043 -0.6478 0.5710
vn -0.7924 -0.4205 0.4419
vn -0.1378 -0.7745 0.6173
vn -0.1315 -0.7387 0.6611
vn -0.4968 -0.6131 0.6142
vn -0.7853 -0.3883 0.4821
vn 0.1694 -0.9732 0.1554
vn 0.2500 -0.7814 0.5717
vn 0.5822 -0.7341 0.3495
vn 0.5989 -0.6670 0.4432
vn 0.6034 -0.6342 0.4834
vn 0.2547 -0.7462 0.6150
vn 0.7156 -0.6867 -0.1279
vn 0.8592 -0.4475 0.2479
vn 0.9714 -0.2278 -0.0670
vn 0.9870 -0.1597 0.0205
vn 0.9894 -0.1356 0.0519
vn 0.8615 -0.4199 0.2854
vn 0.8275 -0.1460 -0.5421
vn 0.9649 0.1575 -0.2100
vn 0.7853 0.3832 -0.4863
vn 0.7973 0.4497 -0.4025
vn 0.7994 0.4656 -0.3796
vn 0.9676 0.1755 -0.1817
vn 0.5076 0.6774 -0.5325
vn 0.1316 0.7391 -0.6607
vn 0.1429 0.8036 -0.5777
vn 0.1452 0.8165 -0.5588
vn 0.5105 0.6906 -0.5123
vn -0.2757 0.4586 -0.8448
vn -0.2430 0.8104 -0.5331
vn -0.5935 0.6962 -0.4038
vn -0.5901 0.7118 -0.3810
vn -0.2412 0.8237 -0.5131
vn -0.8263 0.1471 -0.5436
vn -0.8517 0.4794 -0.2116
vn -0.9818 0.1891 0.0187
vn -0.9758 0.2127 0.0503
vn -0.8480 0.4972 -0.1836
vn -0.9077 -0.3991 -0.1294
vn -0.9611 -0.1249 0.2462
vn -0.7925 -0.4204 0.4418
vn -0.7855 -0.3882 0.4820
vn -0.9539 -0.0981 0.2837
vn -0.4977 -0.6118 0.6148
vn -0.7869 -0.3871 0.4805
vn -0.1313 -0.7375 0.6625
vn -0.1378 -0.7742 0.6178
vn -0.5049 -0.6449 0.5738
vn -0.7935 -0.4104 0.4494
vn 0.2560 -0.7454 0.6155
vn 0.6052 -0.6338 0.4817
vn 0.6034 -0.6579 0.4507
vn 0.2515 -0.7789 0.5745
vn 0.8627 -0.4205 0.2809
vn 0.9896 -0.1370 0.0440
vn 0.9903 -0.1313 0.0462
vn 0.8629 -0.4304 0.2650
vn 0.9664 0.1712 -0.1917
vn 0.7974 0.4592 -0.3915
vn 0.7973 0.4885 -0.3546
vn 0.9665 0.1910 -0.1714
vn 0.5085 0.6822 -0.5254
vn 0.1436 0.8073 -0.5724
vn 0.1496 0.8416 -0.5190
vn 0.5106 0.7159 -0.4763
vn -0.2422 0.8152 -0.5261
vn -0.5904 0.7050 -0.3929
vn -0.5802 0.7326 -0.3559
vn -0.2326 0.8476 -0.4770
vn -0.8483 0.4929 -0.1934
vn -0.9765 0.2114 0.0422
vn -0.9752 0.2170 0.0444
vn -0.8417 0.5115 -0.1731
vn -0.9551 -0.0983 0.2794
vn -0.7870 -0.3871 0.4804
vn -0.7935 -0.4103 0.4494
vn -0.9587 -0.1076 0.2633
vn -0.5107 -0.7117 0.4824
vn -0.7983 -0.4627 0.3855
vn -0.1499 -0.8432 0.5162
vn 0.2342 -0.8437 0.4831
vn 0.5901 -0.7086 0.3868
vn 0.8564 -0.4576 0.2391
vn 0.9902 -0.1252 0.0617
vn 0.9664 0.2295 -0.1158
vn 0.7968 0.5447 -0.2614
vn 0.5120 0.7813 -0.3571
vn 0.1610 0.9065 -0.3903
vn -0.2117 0.9095 -0.3578
vn -0.5607 0.7853 -0.2627
vn -0.8285 0.5476 -0.1174
vn -0.9730 0.2227 0.0598
vn -0.9619 -0.1354 0.2374
vn -0.7984 -0.4625 0.3855
vn -0.9175 -0.3970 0.0242
vn -0.9158 -0.1137 -0.3852
vn -0.0467 -0.2353 -0.9708
vn -0.6400 -0.7217 -0.2637
vn -0.9279 0.3493 -0.1301
vn -0.6727 0.5158 -0.5305
vn -0.3947 0.8817 -0.2584
vn -0.0330 0.7892 -0.6133
vn 0.3691 0.8846 -0.2850
vn 0.6201 0.5271 -0.5810
vn 0.9140 0.3564 -0.1941
vn 0.8843 -0.1092 -0.4539
vn 0.9191 -0.3921 -0.0392
vn 0.6125 -0.7271 -0.3101
vn 0.3836 -0.9193 0.0882
vn -0.0156 -0.9724 -0.2329
vn -0.3749 -0.9200 0.1142
vn -0.9127 -0.4083 -0.0176
vn -0.6898 -0.7240 -0.0047
vn -0.6842 -0.7264 -0.0656
vn -0.9134 -0.4055 -0.0364
vn -0.3718 -0.9282 -0.0168
vn -0.3691 -0.9272 -0.0632
vn -0.0202 0.0718 0.9972
vn -0.0033 -0.9996 0.0291
vn -0.0038 -0.9995 -0.0321
vn 0.3760 -0.9255 0.0458
vn 0.3800 -0.9246 0.0272
vn 0.7085 -0.6989 0.0980
vn 0.7107 -0.6993 0.0761
vn 0.9259 -0.3533 0.1335
vn 0.9269 -0.3250 0.1879
vn 0.9867 0.0521 0.1541
vn 0.9797 0.0650 0.1897
vn 0.8859 0.4268 0.1818
vn 0.8470 0.4449 0.2909
vn 0.6663 0.7282 0.1604
vn 0.6491 0.7253 0.2295
vn 0.3596 0.9170 0.1727
vn 0.3429 0.8909 0.2979
vn 0.0099 0.9917 0.1281
vn 0.0144 0.9800 0.1983
vn -0.3578 0.9260 0.1207
vn -0.3265 0.9160 0.2332
vn -0.6864 0.7236 0.0718
vn -0.6755 0.7294 0.1082
vn -0.9207 0.3878 0.0425
vn -0.9064 0.4109 0.0977
vn -0.9998 -0.0131 0.0140
vn -0.9999 -0.0126 -0.0080
vn -0.9128 -0.4081 -0.0176
vn -0.9134 -0.4054 -0.0364
vn -0.9175 -0.3970 0.0243
vn -0.6400 -0.7217 -0.2636
vn -0.6989 -0.6876 0.1969
vn -0.9181 -0.3717 0.1379
vn -0.3722 -0.8991 0.2305
vn -0.3691 -0.8845 0.2855
vn -0.6946 -0.6742 0.2510
vn -0.9141 -0.3592 0.1882
vn -0.0156 -0.9724 -0.2328
vn 0.0113 -0.9727 0.2318
vn 0.3836 -0.9193 0.0883
vn 0.3919 -0.8975 0.2024
vn 0.3935 -0.8839 0.2527
vn 0.0129 -0.9582 0.2858
vn 0.6125 -0.7272 -0.3099
vn 0.7157 -0.6833 0.1446
vn 0.9192 -0.3920 -0.0391
vn 0.9278 -0.3666 0.0696
vn 0.9277 -0.3573 0.1082
vn 0.7150 -0.6729 0.1900
vn 0.8844 -0.1093 -0.4538
vn 0.9999 0.0103 -0.0137
vn 0.9140 0.3562 -0.1941
vn 0.9197 0.3823 -0.0898
vn 0.9197 0.3876 -0.0624
vn 0.9997 0.0154 0.0193
vn 0.6202 0.5271 -0.5810
vn 0.6991 0.6992 -0.1495
vn 0.3691 0.8846 -0.2849
vn 0.3740 0.9093 -0.1823
vn 0.3745 0.9134 -0.1596
vn 0.7001 0.7029 -0.1255
vn -0.0330 0.7893 -0.6131
vn -0.0076 0.9828 -0.1843
vn -0.3898 0.9079 -0.1542
vn -0.3885 0.9127 -0.1267
vn -0.0077 0.9870 -0.1604
vn -0.6728 0.5158 -0.5304
vn -0.7105 0.6969 -0.0978
vn -0.9258 0.3774 -0.0216
vn -0.9226 0.3854 0.0173
vn -0.7097 0.7015 -0.0648
vn -0.9158 -0.1137 -0.3851
vn -0.9982 0.0047 0.0602
vn -0.9175 -0.3969 0.0243
vn -0.9181 -0.3716 0.1379
vn -0.9141 -0.3591 0.1882
vn -0.9943 0.0132 0.1059
vn -0.6954 -0.6730 0.2519
vn -0.9151 -0.3573 0.1870
vn -0.3690 -0.8839 0.2872
vn -0.3722 -0.8989 0.2312
vn -0.6995 -0.6860 0.2005
vn -0.9190 -0.3653 0.1487
vn 0.0142 -0.9579 0.2868
vn 0.3956 -0.8833 0.2515
vn 0.3962 -0.8930 0.2134
vn 0.0126 -0.9718 0.2355
vn 0.7169 -0.6720 0.1857
vn 0.9290 -0.3561 0.1008
vn 0.9304 -0.3513 0.1048
vn 0.7185 -0.6751 0.1673
vn 0.9998 0.0156 0.0087
vn 0.9191 0.3867 -0.0760
vn 0.9163 0.3993 -0.0307
vn 0.9991 0.0258 0.0350
vn 0.6994 0.7007 -0.1408
vn 0.3742 0.9105 -0.1758
vn 0.3749 0.9202 -0.1129
vn 0.6971 0.7122 -0.0827
vn -0.0074 0.9844 -0.1758
vn -0.3875 0.9111 -0.1404
vn -0.3806 0.9199 -0.0945
vn -0.0027 0.9931 -0.1172
vn -0.7087 0.7014 -0.0754
vn -0.9220 0.3871 0.0096
vn -0.9201 0.3914 0.0138
vn -0.7033 0.7092 -0.0488
vn -0.9947 0.0150 0.1018
vn -0.9151 -0.3572 0.1870
vn -0.9191 -0.3650 0.1487
vn -0.9965 0.0133 0.0830
vn -0.6977 -0.7107 0.0899
vn -0.9194 -0.3873 0.0690
vn -0.3749 -0.9206 0.1097
vn 0.0036 -0.9922 0.1244
vn 0.3879 -0.9120 0.1333
vn 0.7131 -0.6885 0.1321
vn 0.9282 -0.3516 0.1213
vn 0.9941 0.0397 0.1010
vn 0.9065 0.4153 0.0765
vn 0.6854 0.7263 0.0521
vn 0.3710 0.9281 0.0315
vn 0.0041 0.9998 0.0185
vn -0.3716 0.9283 0.0137
vn -0.6958 0.7180 0.0179
vn -0.9202 0.3903 0.0303
vn -0.9989 -0.0013 0.0479
vn -0.9194 -0.3872 0.0690
vn -0.5608 -0.4716 0.6805
vn -0.7591 -0.6037 0.2434
vn -0.0369 -0.8796 -0.4743
vn -0.1925 -0.8093 0.5549
vn -0.9808 -0.1344 0.1413
vn -0.9034 -0.2625 -0.3391
vn -0.8276 0.2384 -0.5082
vn -0.5189 0.0152 -0.8547
vn -0.1895 0.4265 -0.8844
vn 0.1726 0.0556 -0.9834
vn 0.5579 0.3193 -0.7660
vn 0.7451 -0.1662 -0.6459
vn 0.9747 -0.0202 -0.2226
vn 0.8588 -0.5091 -0.0577
vn 0.8168 -0.3911 0.4242
vn 0.4685 -0.7707 0.4319
vn 0.1819 -0.5769 0.7963
vn -0.5560 -0.5083 0.6576
vn -0.2009 -0.6310 0.7493
vn -0.2026 -0.6764 0.7081
vn -0.5604 -0.5209 0.6439
vn 0.1725 -0.6787 0.7139
vn 0.1685 -0.7120 0.6817
vn 0.0697 0.7814 0.6201
vn 0.5259 -0.5886 0.6140
vn 0.5178 -0.6343 0.5741
vn 0.8083 -0.4286 0.4036
vn 0.8089 -0.4408 0.3890
vn 0.9757 -0.1618 0.1478
vn 0.9751 -0.1778 0.1327
vn 0.9818 0.1339 -0.1350
vn 0.9744 0.1920 -0.1174
vn 0.8224 0.4129 -0.3913
vn 0.8142 0.4454 -0.3724
vn 0.5443 0.6348 -0.5485
vn 0.5156 0.7167 -0.4696
vn 0.1984 0.7433 -0.6388
vn 0.1940 0.7884 -0.5838
vn -0.1574 0.7848 -0.5994
vn -0.1420 0.8578 -0.4939
vn -0.4966 0.7027 -0.5095
vn -0.4779 0.7492 -0.4587
vn -0.7724 0.5579 -0.3034
vn -0.7269 0.6441 -0.2384
vn -0.9489 0.3094 -0.0617
vn -0.9382 0.3430 -0.0463
vn -0.9735 0.0199 0.2279
vn -0.9666 0.0787 0.2439
vn -0.8329 -0.2675 0.4844
vn -0.8360 -0.2836 0.4698
vn -0.5562 -0.5083 0.6575
vn -0.5605 -0.5208 0.6439
vn -0.5607 -0.4716 0.6806
vn -0.1925 -0.8092 0.5551
vn -0.2026 -0.4610 0.8640
vn -0.5602 -0.3716 0.7403
vn 0.1877 -0.4767 0.8588
vn 0.1895 -0.4259 0.8847
vn -0.1992 -0.4115 0.8894
vn -0.5572 -0.3254 0.7639
vn 0.4685 -0.7706 0.4321
vn 0.5494 -0.4171 0.7240
vn 0.8167 -0.3911 0.4242
vn 0.8265 -0.2905 0.4821
vn 0.8271 -0.2441 0.5063
vn 0.5498 -0.3677 0.7500
vn 0.8588 -0.5090 -0.0577
vn 0.9794 -0.1156 0.1657
vn 0.9747 -0.0200 -0.2226
vn 0.9822 0.0788 -0.1705
vn 0.9821 0.1134 -0.1506
vn 0.9790 -0.0754 0.1892
vn 0.7452 -0.1662 -0.6458
vn 0.8345 0.2660 -0.4826
vn 0.5580 0.3192 -0.7660
vn 0.5622 0.4143 -0.7158
vn 0.5628 0.4380 -0.7010
vn 0.8359 0.2937 -0.4637
vn 0.1727 0.0557 -0.9834
vn 0.2026 0.5035 -0.8399
vn -0.1895 0.4266 -0.8844
vn -0.1856 0.5194 -0.8341
vn -0.1844 0.5389 -0.8219
vn 0.2044 0.5239 -0.8269
vn -0.5189 0.0153 -0.8547
vn -0.5456 0.4598 -0.7007
vn -0.8242 0.3334 -0.4577
vn -0.8222 0.3571 -0.4432
vn -0.5449 0.4801 -0.6874
vn -0.9034 -0.2624 -0.3390
vn -0.9763 0.1602 -0.1456
vn -0.9802 -0.0359 0.1947
vn -0.9769 -0.0011 0.2138
vn -0.9739 0.1880 -0.1269
vn -0.7593 -0.6035 0.2435
vn -0.8352 -0.2217 0.5034
vn -0.5604 -0.3716 0.7402
vn -0.5573 -0.3254 0.7639
vn -0.8307 -0.1814 0.5264
vn -0.2004 -0.4102 0.8897
vn -0.5592 -0.3254 0.7625
vn 0.1896 -0.4245 0.8854
vn 0.1877 -0.4762 0.8591
vn -0.2035 -0.4576 0.8656
vn -0.5631 -0.3599 0.7439
vn 0.5509 -0.3664 0.7498
vn 0.8283 -0.2443 0.5042
vn 0.8292 -0.2784 0.4847
vn 0.5504 -0.4135 0.7253
vn 0.9796 -0.0778 0.1854
vn 0.9816 0.1087 -0.1572
vn 0.9807 0.1151 -0.1578
vn 0.9803 -0.0929 0.1744
vn 0.8346 0.2856 -0.4711
vn 0.5611 0.4272 -0.7090
vn 0.5577 0.4678 -0.6856
vn 0.8318 0.3114 -0.4595
vn 0.2030 0.5109 -0.8354
vn -0.1853 0.5251 -0.8306
vn -0.1818 0.5780 -0.7955
vn 0.2023 0.5607 -0.8029
vn -0.5452 0.4670 -0.6962
vn -0.8223 0.3462 -0.4517
vn -0.8153 0.3876 -0.4301
vn -0.5385 0.5174 -0.6651
vn -0.9745 0.1800 -0.1344
vn -0.9782 -0.0057 0.2077
vn -0.9784 0.0007 0.2068
vn -0.9706 0.2062 -0.1241
vn -0.8325 -0.1836 0.5227
vn -0.5595 -0.3253 0.7623
vn -0.5633 -0.3597 0.7438
vn -0.8354 -0.1990 0.5123
vn -0.2028 -0.5546 0.8071
vn -0.5618 -0.4328 0.7050
vn 0.1816 -0.5807 0.7936
vn 0.5397 -0.5112 0.6689
vn 0.8222 -0.3519 0.4474
vn 0.9784 -0.1288 0.1618
vn 0.9812 0.1265 -0.1458
vn 0.8285 0.3678 -0.4222
vn 0.5545 0.5549 -0.6202
vn 0.2019 0.6666 -0.7176
vn -0.1713 0.6894 -0.7039
vn -0.5194 0.6244 -0.5834
vn -0.7987 0.4758 -0.3684
vn -0.9606 0.2633 -0.0893
vn -0.9758 0.0122 0.2184
vn -0.8341 -0.2347 0.4991
vn -0.5619 -0.4327 0.7050
vn -0.2860 0.9444 0.1622
vn -0.4421 0.8910 0.1034
vn -0.4645 0.8789 0.1085
vn -0.3245 0.9304 0.1707
vn -0.4618 -0.8109 -0.3593
vn -0.6964 0.7170 -0.0312
vn -0.3904 0.9175 0.0762
vn 0.0891 -0.9947 -0.0516
vn 0.1008 -0.9912 -0.0859
vn 0.2412 -0.9611 -0.1345
vn 0.2500 -0.9599 -0.1265
vn 0.2418 -0.9651 -0.1008
vn -0.3137 -0.9474 0.0639
vn 0.0469 -0.9923 -0.1144
vn 0.2423 -0.9630 -0.1177
vn -0.4029 0.9122 0.0748
vn -0.5171 0.8546 0.0480
vn -0.3149 0.9428 0.1096
vn 0.2486 -0.9515 -0.1810
vn 0.2252 -0.9446 -0.2388
vn 0.2147 -0.9594 -0.1827
vn 0.1878 -0.9471 -0.2601
vn 0.1784 -0.9639 -0.1977
vn -0.3213 0.9341 0.1555
vn -0.3291 0.9334 0.1429
vn 0.2676 -0.9534 -0.1393
vn 0.2742 -0.9519 -0.1365
vn 0.2725 -0.9529 -0.1329
vn -0.3601 0.9069 0.2187
vn -0.3868 0.9085 0.1582
vn -0.3741 0.9014 0.2181
vn -0.3590 0.9213 0.1497
vn 0.2713 -0.9540 -0.1276
vn 0.2690 -0.9548 -0.1264
vn -0.4513 0.8793 0.1522
vn -0.3842 0.9177 0.1008
vn -0.3999 0.9094 0.1148
vn 0.1817 -0.9641 -0.1938
vn 0.2025 -0.9712 -0.1259
vn 0.1591 -0.9778 -0.1365
vn -0.3153 0.9396 0.1331
vn -0.4945 0.8493 0.1849
vn -0.5582 0.8192 0.1316
vn -0.6240 0.7357 0.2633
vn -0.4918 0.8350 0.2468
vn -0.5517 0.8335 -0.0292
vn -0.9081 0.1709 -0.3824
vn -0.0471 -0.9857 -0.1617
vn 0.0137 -0.9670 -0.2544
vn -0.1387 -0.9331 -0.3317
vn 0.0318 -0.9396 -0.3409
vn 0.1708 0.9771 0.1269
vn 0.3178 0.9302 0.1839
vn 0.3364 0.9252 0.1754
vn 0.1900 0.9769 0.0980
vn 0.7952 -0.5260 0.3017
vn 0.5510 0.8016 0.2319
vn 0.2040 -0.9636 -0.1728
vn 0.0331 -0.9891 -0.1434
vn 0.0043 -0.9921 -0.1252
vn -0.1172 -0.9887 -0.0936
vn -0.1445 -0.9867 -0.0738
vn -0.0496 -0.9971 -0.0575
vn 0.4003 -0.8721 -0.2815
vn 0.0414 -0.9920 -0.1192
vn -0.1157 -0.9907 -0.0711
vn 0.8149 0.3371 0.4716
vn 0.3619 0.9060 0.2195
vn 0.1787 0.9682 0.1752
vn -0.0794 -0.9965 -0.0267
vn -0.0556 -0.9951 -0.0818
vn -0.0296 -0.9995 0.0143
vn -0.0624 -0.9979 -0.0189
vn -0.0707 -0.9936 -0.0879
vn 0.1721 0.9798 0.1023
vn 0.1646 0.9783 0.1256
vn -0.1292 -0.9865 -0.1001
vn -0.1128 -0.9900 -0.0850
vn 0.2234 0.9745 0.0227
vn 0.2251 0.9732 0.0475
vn 0.2475 0.9688 0.0130
vn 0.2465 0.9683 0.0401
vn -0.1199 -0.9912 -0.0559
vn 0.2212 0.9742 0.0454
vn 0.2308 0.9709 0.0645
vn 0.2601 0.9644 0.0479
vn -0.0518 -0.9875 -0.1486
vn -0.0400 -0.9896 -0.1383
vn 0.1618 0.9749 0.1532
vn 0.3713 0.9285 -0.0082
vn 0.4189 0.9079 0.0176
vn 0.9280 -0.0998 -0.3590
vn 0.4607 0.8856 -0.0592
vn 0.3636 0.9304 -0.0469
vn 0.4200 0.8622 0.2833
vn 0.4062 -0.9061 0.1181
vn 0.0919 -0.9926 -0.0800
vn 0.0623 -0.9977 -0.0274
vn 0.1516 -0.9876 0.0408
vn 0.0639 -0.9976 0.0247
vn 0.3926 -0.8542 -0.3409
vn 0.5429 -0.7683 -0.3390
vn 0.5845 -0.7939 -0.1673
vn 0.3969 -0.9029 -0.1650
vn 0.6623 -0.6483 -0.3755
vn 0.7361 -0.6440 -0.2085
vn 0.7803 -0.6227 -0.0577
vn 0.6060 -0.7954 -0.0092
vn 0.3897 -0.9209 -0.0075
vn 0.7440 -0.5076 -0.4346
vn 0.8360 -0.4678 -0.2869
vn 0.7730 -0.3608 -0.5218
vn 0.8753 -0.2822 -0.3926
vn 0.9406 -0.2063 -0.2696
vn 0.8957 -0.4196 -0.1470
vn 0.7546 -0.2186 -0.6187
vn 0.8492 -0.1063 -0.5172
vn 0.6824 -0.1015 -0.7239
vn 0.7614 0.0441 -0.6468
vn 0.8094 0.1694 -0.5623
vn 0.9110 -0.0031 -0.4124
vn 0.5707 -0.0117 -0.8211
vn 0.6193 0.1524 -0.7702
vn 0.4251 0.0307 -0.9046
vn 0.4376 0.2103 -0.8742
vn 0.4367 0.3608 -0.8241
vn 0.6460 0.2951 -0.7040
vn 0.2626 0.0340 -0.9643
vn 0.2339 0.2096 -0.9494
vn 0.0994 -0.0149 -0.9949
vn 0.0278 0.1529 -0.9879
vn -0.0351 0.2947 -0.9549
vn 0.2019 0.3610 -0.9105
vn -0.0520 -0.0988 -0.9937
vn -0.1597 0.0434 -0.9862
vn -0.1703 -0.2208 -0.9603
vn -0.3115 -0.1061 -0.9443
vn -0.4258 -0.0035 -0.9048
vn -0.2516 0.1695 -0.9529
vn -0.2531 -0.3596 -0.8981
vn -0.4111 -0.2827 -0.8666
vn -0.2810 -0.5083 -0.8140
vn -0.4507 -0.4678 -0.7602
vn -0.5861 -0.4199 -0.6929
vn -0.5413 -0.2063 -0.8151
vn -0.2637 -0.6486 -0.7140
vn -0.4244 -0.6442 -0.6363
vn -0.1904 -0.7677 -0.6119
vn -0.3367 -0.7941 -0.5060
vn -0.4549 -0.7956 -0.4001
vn -0.5566 -0.6229 -0.5497
vn -0.0798 -0.8554 -0.5117
vn -0.1944 -0.9029 -0.3833
vn 0.0669 -0.8998 -0.4312
vn -0.0130 -0.9603 -0.2786
vn -0.0822 -0.9870 -0.1383
vn -0.2916 -0.9211 -0.2581
vn 0.2283 -0.9012 -0.3685
vn 0.1910 -0.9601 -0.2041
vn 0.3968 -0.9030 -0.1650
vn 0.3895 -0.9210 -0.0075
vn 0.1524 -0.9870 -0.0516
vn 0.6121 -0.7799 0.1310
vn 0.3751 -0.9174 0.1329
vn 0.8032 -0.5906 0.0780
vn 0.8100 -0.5536 0.1933
vn 0.6076 -0.7541 0.2495
vn 0.3566 -0.8998 0.2515
vn 0.9296 -0.3680 -0.0200
vn 0.9789 -0.1342 -0.1543
vn 0.9961 -0.0702 -0.0527
vn 0.9439 -0.3179 0.0895
vn 0.9464 0.0885 -0.3108
vn 0.8350 0.2775 -0.4751
vn 0.8438 0.3660 -0.3926
vn 0.9617 0.1657 -0.2185
vn 0.6559 0.4152 -0.6303
vn 0.4266 0.4872 -0.7620
vn 0.4111 0.5881 -0.6965
vn 0.6540 0.5118 -0.5570
vn 0.1693 0.4874 -0.8566
vn -0.0905 0.4148 -0.9054
vn -0.1366 0.5115 -0.8484
vn 0.1386 0.5883 -0.7967
vn -0.3277 0.2776 -0.9031
vn -0.5187 0.0881 -0.8504
vn -0.5902 0.1653 -0.7902
vn -0.3879 0.3660 -0.8460
vn -0.6452 -0.1343 -0.7521
vn -0.6943 -0.3684 -0.6182
vn -0.7763 -0.3182 -0.5442
vn -0.7242 -0.0702 -0.6860
vn -0.6620 -0.5908 -0.4613
vn -0.5505 -0.7801 -0.2974
vn -0.6239 -0.7543 -0.2043
vn -0.7420 -0.5538 -0.3779
vn -0.3716 -0.9175 -0.1417
vn -0.1420 -0.9898 -0.0105
vn -0.1912 -0.9765 0.0996
vn -0.4343 -0.8999 -0.0394
vn 0.1151 -0.9898 0.0845
vn 0.3750 -0.9175 0.1329
vn 0.3565 -0.8998 0.2515
vn 0.0811 -0.9764 0.2002
vn 0.5963 -0.7223 0.3502
vn 0.3359 -0.8734 0.3526
vn 0.8062 -0.5144 0.2923
vn 0.7948 -0.4737 0.3794
vn 0.5801 -0.6863 0.4386
vn 0.3138 -0.8408 0.4411
vn 0.9450 -0.2699 0.1846
vn 0.9992 -0.0130 0.0372
vn 0.9922 0.0391 0.1185
vn 0.9368 -0.2237 0.2691
vn 0.9634 0.2315 -0.1349
vn 0.8412 0.4393 -0.3153
vn 0.8306 0.5016 -0.2420
vn 0.9556 0.2890 -0.0575
vn 0.6444 0.5904 -0.4859
vn 0.3925 0.6696 -0.6305
vn 0.3717 0.7372 -0.5643
vn 0.6294 0.6560 -0.4166
vn 0.1099 0.6698 -0.7344
vn -0.1755 0.5901 -0.7880
vn -0.2091 0.6559 -0.7253
vn 0.0828 0.7372 -0.6705
vn -0.4360 0.4392 -0.7855
vn -0.6459 0.2312 -0.7276
vn -0.6901 0.2887 -0.6636
vn -0.4755 0.5014 -0.7228
vn -0.7848 -0.0132 -0.6196
vn -0.8389 -0.2702 -0.4725
vn -0.8875 -0.2240 -0.4027
vn -0.8321 0.0389 -0.5532
vn -0.8032 -0.5145 -0.3001
vn -0.6809 -0.7225 -0.1200
vn -0.7259 -0.6865 -0.0423
vn -0.8510 -0.4739 -0.2265
vn -0.4842 -0.8735 0.0509
vn -0.2321 -0.9529 0.1951
vn -0.2670 -0.9221 0.2800
vn -0.5247 -0.8409 0.1323
vn 0.0503 -0.9528 0.2994
vn 0.3358 -0.8735 0.3526
vn 0.0219 -0.9220 0.3866
vn 0.5601 -0.6468 0.5177
vn 0.2907 -0.8031 0.5201
vn 0.7774 -0.4315 0.4577
vn 0.7544 -0.3874 0.5299
vn 0.5363 -0.6034 0.5901
vn 0.2657 -0.7604 0.5926
vn 0.9211 -0.1785 0.3460
vn 0.9772 0.0875 0.1937
vn 0.9550 0.1336 0.2648
vn 0.8987 -0.1334 0.4178
vn 0.9402 0.3404 0.0152
vn 0.8136 0.5556 -0.1713
vn 0.7908 0.6036 -0.1015
vn 0.9178 0.3876 0.0859
vn 0.6099 0.7120 -0.3479
vn 0.3492 0.7940 -0.4977
vn 0.3245 0.8430 -0.4289
vn 0.5864 0.7605 -0.2788
vn 0.0567 0.7939 -0.6053
vn -0.2388 0.7117 -0.6606
vn -0.2657 0.7604 -0.5926
vn 0.0309 0.8430 -0.5371
vn -0.5083 0.5551 -0.6584
vn -0.7256 0.3401 -0.5982
vn -0.7544 0.3874 -0.5299
vn -0.5363 0.6034 -0.5901
vn -0.8694 0.0872 -0.4863
vn -0.9255 -0.1788 -0.3340
vn -0.9550 -0.1337 -0.2648
vn -0.8987 0.1334 -0.4178
vn -0.8885 -0.4317 -0.1557
vn -0.7618 -0.6471 0.0307
vn -0.7908 -0.6036 0.1015
vn -0.9178 -0.3876 -0.0859
vn -0.5583 -0.8033 0.2075
vn -0.2974 -0.8854 0.3571
vn -0.3245 -0.8430 0.4290
vn -0.5864 -0.7605 0.2789
vn -0.0050 -0.8854 0.4648
vn 0.2903 -0.8032 0.5201
vn -0.0309 -0.8430 0.5371
vn 0.5084 -0.5555 0.6580
vn 0.2388 -0.7118 0.6605
vn 0.7257 -0.3401 0.5981
vn 0.6901 -0.2887 0.6636
vn 0.4755 -0.5014 0.7228
vn 0.2092 -0.6559 0.7253
vn 0.8693 -0.0871 0.4865
vn 0.9254 0.1789 0.3341
vn 0.8875 0.2240 0.4027
vn 0.8322 -0.0389 0.5532
vn 0.8884 0.4318 0.1559
vn 0.7618 0.6471 -0.0307
vn 0.7259 0.6865 0.0423
vn 0.8509 0.4739 0.2266
vn 0.5583 0.8033 -0.2076
vn 0.2974 0.8855 -0.3571
vn 0.2670 0.9221 -0.2800
vn 0.5248 0.8409 -0.1324
vn 0.0050 0.8854 -0.4648
vn -0.2905 0.8032 -0.5201
vn -0.3138 0.8408 -0.4411
vn -0.0219 0.9220 -0.3865
vn -0.5601 0.6469 -0.5175
vn -0.7774 0.4316 -0.4576
vn -0.7948 0.4737 -0.3793
vn -0.5801 0.6863 -0.4387
vn -0.9211 0.1785 -0.3459
vn -0.9772 -0.0874 -0.1936
vn -0.9922 -0.0390 -0.1184
vn -0.9368 0.2237 -0.2692
vn -0.9401 -0.3405 -0.0153
vn -0.8136 -0.5556 0.1712
vn -0.8306 -0.5016 0.2420
vn -0.9556 -0.2891 0.0575
vn -0.6100 -0.7118 0.3481
vn -0.3491 -0.7941 0.4975
vn -0.3717 -0.7371 0.5643
vn -0.6294 -0.6561 0.4164
vn -0.0567 -0.7941 0.6051
vn 0.2091 -0.6559 0.7253
vn -0.0828 -0.7372 0.6706
vn 0.4360 -0.4392 0.7855
vn 0.1755 -0.5902 0.7880
vn 0.6458 -0.2311 0.7276
vn 0.5902 -0.1653 0.7902
vn 0.3879 -0.3660 0.8459
vn 0.1366 -0.5115 0.8484
vn 0.7848 0.0131 0.6196
vn 0.8389 0.2702 0.4725
vn 0.7763 0.3182 0.5442
vn 0.7242 0.0703 0.6860
vn 0.8032 0.5145 0.3001
vn 0.6809 0.7225 0.1200
vn 0.6239 0.7543 0.2043
vn 0.7420 0.5537 0.3779
vn 0.4842 0.8735 -0.0509
vn 0.2322 0.9529 -0.1951
vn 0.1912 0.9765 -0.0996
vn 0.4344 0.8999 0.0394
vn -0.0503 0.9528 -0.2994
vn -0.3359 0.8734 -0.3526
vn -0.3565 0.8998 -0.2515
vn -0.0811 0.9764 -0.2002
vn -0.5963 0.7223 -0.3503
vn -0.8062 0.5144 -0.2922
vn -0.8100 0.5536 -0.1933
vn -0.6076 0.7541 -0.2494
vn -0.9450 0.2699 -0.1846
vn -0.9992 0.0130 -0.0371
vn -0.9961 0.0702 0.0527
vn -0.9439 0.3179 -0.0895
vn -0.9634 -0.2315 0.1349
vn -0.8412 -0.4393 0.3153
vn -0.8438 -0.3659 0.3926
vn -0.9617 -0.1657 0.2185
vn -0.6444 -0.5904 0.4859
vn -0.3925 -0.6697 0.6305
vn -0.4111 -0.5881 0.6965
vn -0.6540 -0.5118 0.5570
vn -0.1099 -0.6698 0.7344
vn -0.1386 -0.5883 0.7967
vn 0.3277 -0.2776 0.9031
vn 0.0905 -0.4148 0.9054
vn 0.5187 -0.0881 0.8504
vn 0.4258 0.0035 0.9048
vn 0.2516 -0.1695 0.9529
vn 0.0352 -0.2947 0.9549
vn 0.6452 0.1343 0.7521
vn 0.6944 0.3684 0.6182
vn 0.5861 0.4199 0.6929
vn 0.5413 0.2064 0.8151
vn 0.6620 0.5908 0.4613
vn 0.5505 0.7801 0.2974
vn 0.4549 0.7956 0.4001
vn 0.5566 0.6229 0.5497
vn 0.3716 0.9175 0.1417
vn 0.1421 0.9898 0.0104
vn 0.0822 0.9870 0.1384
vn 0.2916 0.9211 0.2581
vn -0.1151 0.9898 -0.0845
vn -0.3750 0.9174 -0.1329
vn -0.3896 0.9209 0.0075
vn -0.1525 0.9870 0.0517
vn -0.6121 0.7799 -0.1310
vn -0.8032 0.5906 -0.0780
vn -0.7803 0.6227 0.0577
vn -0.6060 0.7954 0.0092
vn -0.9296 0.3680 0.0200
vn -0.9789 0.1342 0.1543
vn -0.9406 0.2063 0.2696
vn -0.8957 0.4196 0.1470
vn -0.9464 -0.0885 0.3108
vn -0.8350 -0.2775 0.4751
vn -0.8094 -0.1694 0.5623
vn -0.9110 0.0031 0.4124
vn -0.6559 -0.4152 0.6303
vn -0.4266 -0.4872 0.7620
vn -0.4367 -0.3608 0.8241
vn -0.6460 -0.2951 0.7040
vn -0.1693 -0.4874 0.8566
vn 0.0903 -0.4149 0.9054
vn 0.0351 -0.2947 0.9549
vn -0.2019 -0.3610 0.9104
vn 0.1597 -0.0434 0.9862
vn -0.0278 -0.1529 0.9879
vn 0.3115 0.1061 0.9443
vn 0.1703 0.2208 0.9603
vn 0.0520 0.0988 0.9937
vn -0.0994 0.0149 0.9949
vn 0.4111 0.2827 0.8666
vn 0.4507 0.4678 0.7603
vn 0.2810 0.5083 0.8140
vn 0.2531 0.3596 0.8981
vn 0.4244 0.6442 0.6363
vn 0.3367 0.7941 0.5060
vn 0.1904 0.7677 0.6119
vn 0.2637 0.6486 0.7140
vn 0.1944 0.9029 0.3833
vn 0.0130 0.9603 0.2786
vn -0.0669 0.8998 0.4312
vn 0.0798 0.8554 0.5117
vn -0.1910 0.9601 0.2041
vn -0.3968 0.9030 0.1650
vn -0.3926 0.8542 0.3409
vn -0.2283 0.9012 0.3685
vn -0.5845 0.7939 0.1673
vn -0.7361 0.6440 0.2085
vn -0.6623 0.6483 0.3755
vn -0.5429 0.7683 0.3390
vn -0.8360 0.4678 0.2869
vn -0.8753 0.2822 0.3926
vn -0.7730 0.3608 0.5218
vn -0.7440 0.5076 0.4346
vn -0.8492 0.1063 0.5172
vn -0.7614 -0.0441 0.6468
vn -0.6824 0.1015 0.7239
vn -0.7546 0.2186 0.6187
vn -0.6193 -0.1524 0.7702
vn -0.4376 -0.2103 0.8742
vn -0.4251 -0.0307 0.9046
vn -0.5707 0.0117 0.8211
vn -0.2339 -0.2096 0.9494
vn -0.0279 -0.1529 0.9878
vn -0.2626 -0.0340 0.9643
vn 0.4613 -0.6967 -0.5494
vn 0.4990 -0.6103 -0.6153
vn 0.3588 -0.7173 -0.5973
vn 0.2950 -0.5211 -0.8009
vn 0.5862 -0.5352 -0.6083
vn 0.5565 -0.4609 -0.6913
vn 0.4990 -0.6102 -0.6153
vn 0.2951 -0.5211 -0.8009
vn 0.5923 -0.3562 -0.7227
vn 0.5094 -0.3261 -0.7964
vn 0.5565 -0.4608 -0.6914
vn 0.2952 -0.5211 -0.8008
vn 0.4785 -0.2281 -0.8480
vn 0.3756 -0.2575 -0.8903
vn 0.2951 -0.5210 -0.8009
vn 0.2876 -0.1993 -0.9368
vn 0.2065 -0.2811 -0.9372
vn 0.3757 -0.2575 -0.8903
vn 0.2950 -0.5210 -0.8010
vn 0.0928 -0.2821 -0.9549
vn 0.0663 -0.3881 -0.9192
vn 0.2064 -0.2812 -0.9372
vn 0.2950 -0.5209 -0.8010
vn -0.0317 -0.4436 -0.8957
vn 0.0088 -0.5376 -0.8432
vn 0.2949 -0.5211 -0.8009
vn -0.0381 -0.6225 -0.7817
vn 0.0558 -0.6723 -0.7382
vn 0.0088 -0.5375 -0.8432
vn 0.0756 -0.7506 -0.6564
vn 0.1895 -0.7409 -0.6443
vn 0.0559 -0.6723 -0.7381
vn 0.2663 -0.7793 -0.5673
vn 0.3587 -0.7173 -0.5973
vn 0.2950 -0.5213 -0.8008
vn -0.0925 0.2817 0.9550
vn -0.2064 0.2812 0.9372
vn -0.0663 0.3881 0.9192
vn -0.2949 0.5210 0.8010
vn 0.0317 0.4436 0.8957
vn -0.0662 0.3882 0.9192
vn -0.0088 0.5376 0.8432
vn -0.2949 0.5211 0.8009
vn 0.0388 0.6226 0.7816
vn -0.0088 0.5375 0.8432
vn -0.0559 0.6723 0.7382
vn -0.0753 0.7509 0.6561
vn -0.0559 0.6723 0.7381
vn -0.1896 0.7409 0.6443
vn -0.2950 0.5213 0.8008
vn -0.2663 0.7793 0.5672
vn -0.1895 0.7409 0.6443
vn -0.3588 0.7172 0.5973
vn -0.4613 0.6967 0.5494
vn -0.3588 0.7173 0.5973
vn -0.4989 0.6103 0.6153
vn -0.2951 0.5211 0.8009
vn -0.5856 0.5352 0.6088
vn -0.5565 0.4609 0.6913
vn -0.2952 0.5211 0.8008
vn -0.5923 0.3562 0.7227
vn -0.5565 0.4608 0.6914
vn -0.5094 0.3261 0.7963
vn -0.2951 0.5210 0.8009
vn -0.4787 0.2276 0.8479
vn -0.5093 0.3261 0.7964
vn -0.3757 0.2575 0.8902
vn -0.2950 0.5210 0.8009
vn -0.2877 0.1998 0.9367
vn -0.3757 0.2575 0.8903
vn -0.2065 0.2811 0.9372
vn -0.2950 0.5210 0.8010
vn -0.0000 0.8709 -0.4914
vn -0.0000 0.7946 -0.6071
vn -0.0000 0.9220 -0.3873
vn -0.0000 -0.3073 0.9516
vn 0.0001 0.2361 0.9717
vn -0.0000 0.3431 0.9393
vn -0.0000 -0.9943 -0.1071
vn -0.0001 -0.9963 0.0855
vn -0.0000 -0.9869 0.1613
vn -0.0000 -0.2870 -0.9579
vn -0.0000 -0.3339 -0.9426
vn -0.0001 -0.5893 -0.8079
vn -0.9878 0.1554 -0.0107
vn -0.9877 0.1555 0.0146
vn -0.9827 0.1835 -0.0255
vn -0.9790 0.2020 -0.0280
vn 0.9827 -0.1835 0.0255
vn 0.9877 -0.1555 -0.0146
vn 0.9878 -0.1554 0.0107
vn 0.9790 -0.2019 0.0280
vn -0.0000 -0.3351 0.9422
vn -0.9894 0.1451 -0.0035
vn -0.9892 0.1461 -0.0072
vn -0.0000 -0.6304 -0.7763
vn 0.9894 -0.1451 0.0035
vn 0.9892 -0.1461 0.0072
vn -0.0000 0.7586 -0.6516
vn -0.9901 0.1292 0.0545
vn -0.9883 0.1528 -0.0025
vn -0.9867 0.1609 -0.0223
vn -0.0000 -0.9835 0.1807
vn 0.9867 -0.1609 0.0223
vn 0.9882 -0.1529 0.0025
vn 0.9901 -0.1292 -0.0545
vn -0.0023 0.5800 -0.8146
vn -0.0000 0.5606 -0.8281
vn -0.0000 0.6911 -0.7227
vn -0.0000 0.6956 0.7185
vn -0.0000 0.6518 0.7584
vn -0.0000 0.7630 0.6463
vn -0.0000 -0.9403 0.3403
vn -0.0000 -0.8445 0.5355
vn -0.0000 -0.8715 0.4904
vn -0.0000 -0.7408 -0.6717
vn -0.0000 -0.7209 -0.6930
vn -0.0000 -0.7323 -0.6809
vn -0.9802 -0.0034 0.1979
vn -0.9916 0.0110 0.1285
vn -0.9960 0.0689 0.0573
vn -0.9952 0.0868 0.0450
vn 0.9960 -0.0689 -0.0573
vn 0.9916 -0.0110 -0.1285
vn 0.9802 0.0034 -0.1979
vn 0.9952 -0.0868 -0.0450
vn -0.0000 0.3861 0.9225
vn -0.0000 0.2600 0.9656
vn -0.9670 -0.0581 0.2481
vn -0.9797 -0.0601 0.1910
vn -0.0000 -0.8967 -0.4426
vn -0.0000 -0.8487 -0.5288
vn 0.9797 0.0601 -0.1910
vn 0.9670 0.0581 -0.2481
vn -0.0000 0.0843 0.9964
vn -0.9829 -0.0484 0.1774
vn -0.9686 -0.0593 0.2414
vn -0.0000 -0.9527 -0.3038
vn 0.9829 0.0484 -0.1774
vn 0.9686 0.0593 -0.2414
vn -0.0000 0.5209 -0.8536
vn -0.9918 -0.0388 0.1214
vn -0.9881 -0.0538 0.1441
vn -0.9850 -0.0473 0.1657
vn -0.9962 0.0419 0.0758
vn -0.0000 -0.8156 0.5786
vn 0.9962 -0.0419 -0.0758
vn 0.9850 0.0473 -0.1657
vn 0.9881 0.0539 -0.1441
vn 0.9918 0.0388 -0.1215
vn -0.1001 -0.9847 -0.1429
vn -0.1064 -0.9836 -0.1459
vn -0.1356 -0.9791 -0.1513
vn -0.1397 -0.9810 -0.1347
vn -0.1181 -0.9783 -0.1702
vn -0.1781 -0.9649 -0.1931
vn -0.1928 -0.9540 -0.2295
vn -0.1646 -0.9689 -0.1848
vn -0.2100 -0.9672 -0.1427
vn -0.1269 -0.9673 -0.2195
vn -0.1905 -0.9537 -0.2328
vn -0.0170 -0.9668 -0.2550
vn -0.0135 -0.9634 -0.2678
vn 0.0745 -0.9770 -0.1998
vn -0.1753 -0.9603 -0.2168
vn 0.0796 -0.9663 -0.2447
vn 0.1584 -0.9500 -0.2692
vn 0.0796 -0.9816 -0.1737
vn 0.1924 -0.9591 -0.2075
vn 0.3862 -0.9040 -0.1835
vn 0.3151 -0.9257 -0.2090
vn 0.0630 -0.9933 -0.0968
vn 0.1673 -0.9791 -0.1160
vn 0.0549 -0.9983 -0.0175
vn 0.1409 -0.9899 -0.0132
vn 0.2549 -0.9668 0.0192
vn 0.3483 -0.9307 -0.1122
vn 0.0845 -0.9855 0.1473
vn 0.1415 -0.9733 0.1806
vn 0.1388 -0.9390 0.3148
vn 0.1966 -0.9156 0.3507
vn 0.1921 -0.8950 0.4026
vn 0.1712 -0.9534 0.2485
vn 0.1578 -0.9050 0.3950
vn 0.2106 -0.8827 0.4201
vn 0.0911 -0.8987 0.4290
vn 0.1340 -0.8862 0.4435
vn 0.1467 -0.8894 0.4329
vn 0.2107 -0.8716 0.4425
vn -0.0000 -0.8980 0.4401
vn -0.0000 -0.8942 0.4476
vn -0.0903 -0.8984 0.4297
vn -0.1339 -0.8862 0.4436
vn -0.1467 -0.8894 0.4329
vn -0.0000 -0.9089 0.4171
vn -0.1551 -0.9051 0.3959
vn -0.2112 -0.8825 0.4203
vn -0.1371 -0.9394 0.3141
vn -0.1991 -0.9149 0.3511
vn -0.1971 -0.8936 0.4032
vn -0.2120 -0.8713 0.4426
vn -0.0802 -0.9838 0.1606
vn -0.1292 -0.9735 0.1887
vn -0.0496 -0.9986 -0.0201
vn -0.0975 -0.9952 -0.0089
vn -0.1777 -0.9839 0.0174
vn -0.1528 -0.9567 0.2479
vn -0.0722 -0.9907 -0.1154
vn -0.1232 -0.9865 -0.1083
vn -0.2282 -0.9678 -0.1064
vn -0.2360 -0.9507 -0.2013
vn -0.3219 -0.9342 -0.1538
vn -0.2002 -0.9552 -0.2180
vn -0.2590 -0.9618 -0.0882
vn -0.3857 -0.9141 -0.1248
vn -0.4833 -0.8661 -0.1276
vn -0.0894 -0.9833 -0.1582
vn 0.2098 -0.9715 -0.1099
vn 0.2563 -0.9646 -0.0614
vn -0.0214 -0.9993 -0.0310
vn 0.4574 -0.8808 -0.1220
vn 0.5110 -0.8500 -0.1279
vn 0.3667 -0.9144 -0.1716
vn 0.3809 -0.9138 -0.1413
vn 0.4650 -0.8818 -0.0788
vn 0.3629 -0.9289 0.0732
vn 0.4354 -0.8966 0.0811
vn 0.3850 -0.9185 -0.0905
vn 0.2489 -0.9221 0.2963
vn 0.2323 -0.8839 0.4058
vn 0.4529 -0.8500 0.2690
vn 0.4488 -0.8606 0.2407
vn 0.2547 -0.8824 0.3956
vn 0.2020 -0.9247 0.3226
vn 0.2907 -0.9519 0.0971
vn 0.4260 -0.8823 0.2001
vn -0.0000 -0.9626 0.2710
vn -0.2019 -0.9248 0.3226
vn -0.2907 -0.9519 0.0971
vn -0.0000 -0.9990 0.0442
vn -0.2563 -0.8818 0.3959
vn -0.2372 -0.8816 0.4081
vn -0.4596 -0.8451 0.2730
vn -0.4283 -0.8811 0.2006
vn -0.2348 -0.9294 0.2847
vn -0.3124 -0.9493 0.0345
vn -0.5080 -0.8612 0.0191
vn -0.4684 -0.8545 0.2246
vn -0.3720 -0.9219 -0.1081
vn -0.4835 -0.8660 -0.1276
vn -0.5335 -0.8390 -0.1075
vn -0.5424 -0.8399 0.0176
vn -0.6506 -0.7571 -0.0594
vn -0.3412 -0.9344 0.1019
vn -0.4205 -0.8583 0.2941
vn -0.6672 -0.7266 0.1639
vn -0.7942 -0.6072 0.0246
vn -0.0106 -0.9905 0.1372
vn 0.2540 -0.9670 0.0209
vn 0.3101 -0.9267 0.2123
vn -0.0197 -0.9386 0.3446
vn 0.3056 -0.9427 -0.1338
vn 0.2893 -0.9337 -0.2112
vn 0.4760 -0.8681 -0.1408
vn 0.4258 -0.9048 0.0088
vn 0.3610 -0.9171 -0.1694
vn 0.5598 -0.8286 0.0029
vn 0.7769 -0.6239 -0.0847
vn 0.6149 -0.7686 -0.1763
vn 0.6687 -0.7352 0.1108
vn 0.6601 -0.7464 0.0846
vn 0.7951 -0.6024 -0.0695
vn 0.8318 -0.5548 -0.0149
vn 0.5634 -0.8262 0.0008
vn 0.3472 -0.9339 -0.0858
vn 0.4176 -0.8524 -0.3146
vn 0.6731 -0.7158 -0.1858
vn -0.0000 -0.9921 -0.1254
vn -0.3472 -0.9339 -0.0858
vn -0.4176 -0.8524 -0.3146
vn -0.0000 -0.9243 -0.3816
vn -0.5655 -0.8247 0.0018
vn -0.6663 -0.7402 0.0905
vn -0.8004 -0.5962 -0.0622
vn -0.6751 -0.7143 -0.1844
vn -0.6957 -0.7104 0.1062
vn -0.6973 -0.7166 -0.0154
vn -0.8523 -0.5200 -0.0554
vn -0.8466 -0.5322 -0.0046
vn -0.6957 -0.7118 -0.0964
vn -0.7943 -0.6070 0.0246
vn -0.8442 -0.5310 -0.0738
vn -0.7851 -0.5147 0.3446
vn -0.9175 -0.3765 0.1285
vn -0.5062 -0.6645 0.5497
vn -0.5329 -0.1901 0.8246
vn -0.8299 -0.1128 0.5464
vn -0.9691 -0.0411 0.2430
vn -0.0185 -0.7512 0.6598
vn 0.4420 -0.7255 0.5276
vn 0.5357 -0.2080 0.8184
vn -0.0006 -0.2225 0.9749
vn 0.6732 -0.6857 0.2769
vn 0.7879 -0.6145 0.0399
vn 0.9630 -0.1876 0.1935
vn 0.8344 -0.2091 0.5100
vn 0.8778 -0.4678 -0.1034
vn 0.9314 -0.3443 -0.1182
vn 0.9904 -0.0632 -0.1228
vn 0.9936 -0.1104 -0.0251
vn 0.9354 -0.3314 -0.1230
vn 0.8881 -0.4027 -0.2215
vn 0.9200 -0.2010 -0.3364
vn 0.9736 -0.1185 -0.1950
vn 0.7651 -0.4999 -0.4060
vn 0.4906 -0.6025 -0.6295
vn 0.4932 -0.2971 -0.8176
vn 0.7825 -0.2559 -0.5676
vn -0.0000 -0.6586 -0.7525
vn -0.4906 -0.6025 -0.6295
vn -0.4932 -0.2971 -0.8176
vn -0.0000 -0.3203 -0.9473
vn -0.7669 -0.4987 -0.4040
vn -0.8925 -0.3980 -0.2121
vn -0.9244 -0.1990 -0.3255
vn -0.7844 -0.2553 -0.5653
vn -0.9424 -0.3170 -0.1067
vn -0.9572 -0.2754 -0.0895
vn -0.9939 -0.0227 -0.1078
vn -0.9777 -0.1109 -0.1782
vn -0.9570 -0.2874 -0.0391
vn -0.9175 -0.3764 0.1284
vn -0.9692 -0.0410 0.2429
vn -1.0000 -0.0010 0.0038
vn -0.6848 0.3727 0.6262
vn -0.8808 0.3453 0.3240
vn -0.3975 0.3812 0.8347
vn -0.2183 0.7078 0.6719
vn -0.3935 0.7375 0.5489
vn -0.5883 0.7340 0.3393
vn 0.0194 0.3873 0.9218
vn 0.4616 0.3498 0.8152
vn 0.3465 0.6182 0.7055
vn 0.0243 0.6859 0.7273
vn 0.7702 0.2629 0.5811
vn 0.9386 0.1927 0.2862
vn 0.9062 0.2923 0.3056
vn 0.6734 0.4578 0.5805
vn 0.9806 0.1921 0.0397
vn 0.9726 0.2013 -0.1160
vn 0.9132 0.3885 -0.1232
vn 0.9564 0.2883 0.0469
vn 0.9570 0.1333 -0.2576
vn 0.8994 0.0506 -0.4343
vn 0.7634 0.3930 -0.5126
vn 0.8463 0.4280 -0.3173
vn 0.7441 0.0069 -0.6680
vn 0.4582 -0.0361 -0.8881
vn 0.4003 0.2422 -0.8838
vn 0.6258 0.3324 -0.7056
vn -0.0000 -0.0667 -0.9978
vn -0.4582 -0.0361 -0.8881
vn -0.4003 0.2422 -0.8838
vn -0.0000 0.1858 -0.9826
vn -0.7462 0.0068 -0.6656
vn -0.9048 0.0501 -0.4229
vn -0.7704 0.3917 -0.5031
vn -0.6281 0.3320 -0.7037
vn -0.9604 0.1356 -0.2433
vn -0.9646 0.2370 -0.1160
vn -0.8510 0.5121 -0.1166
vn -0.8427 0.4408 -0.3092
vn -0.9533 0.2983 0.0472
vn -0.8809 0.3452 0.3239
vn -0.5885 0.7339 0.3392
vn -0.7676 0.6336 0.0969
vn -0.1786 0.8804 0.4392
vn -0.3073 0.8942 0.3254
vn -0.1156 0.8414 0.5279
vn -0.0950 0.8800 0.4653
vn -0.1921 0.8826 0.4290
vn -0.3704 0.8604 0.3501
vn 0.0113 0.8117 0.5839
vn 0.2317 0.7524 0.6166
vn 0.0971 0.8536 0.5117
vn -0.0069 0.8725 0.4885
vn 0.5513 0.6034 0.5762
vn 0.8394 0.4321 0.3297
vn 0.5476 0.7638 0.3416
vn 0.2862 0.8150 0.5038
vn 0.9044 0.4232 0.0542
vn 0.8278 0.5438 -0.1378
vn 0.6941 0.7076 -0.1321
vn 0.6793 0.7272 0.0984
vn 0.7094 0.6138 -0.3464
vn 0.5895 0.6104 -0.5290
vn 0.5355 0.6659 -0.5194
vn 0.6353 0.6882 -0.3504
vn 0.4763 0.5648 -0.6739
vn 0.3156 0.4890 -0.8132
vn 0.2637 0.6111 -0.7463
vn 0.4236 0.6393 -0.6418
vn -0.0000 0.4435 -0.8963
vn -0.3156 0.4890 -0.8132
vn -0.2637 0.6111 -0.7463
vn -0.0000 0.5972 -0.8021
vn -0.4782 0.5647 -0.6727
vn -0.5959 0.6101 -0.5222
vn -0.5417 0.6657 -0.5132
vn -0.4252 0.6393 -0.6407
vn -0.6962 0.6342 -0.3363
vn -0.7123 0.6944 -0.1023
vn -0.6643 0.7426 -0.0855
vn -0.6366 0.6960 -0.3322
vn -0.5649 0.8132 0.1397
vn -0.3074 0.8942 0.3254
vn -0.5857 0.7948 0.1589
vn -0.2344 0.8560 0.4608
vn -0.4562 0.8144 0.3587
vn -0.0818 0.8825 0.4632
vn -0.0553 0.8709 0.4883
vn -0.1917 0.8593 0.4742
vn -0.3982 0.8491 0.3472
vn -0.0101 0.8944 0.4471
vn 0.0186 0.8964 0.4428
vn 0.0352 0.8871 0.4603
vn 0.0017 0.8810 0.4731
vn 0.0842 0.9028 0.4218
vn 0.2454 0.9135 0.3244
vn 0.2290 0.9165 0.3279
vn 0.0969 0.8998 0.4254
vn 0.4412 0.8878 0.1314
vn 0.5659 0.8178 -0.1046
vn 0.4851 0.8718 -0.0680
vn 0.3960 0.9064 0.1474
vn 0.5743 0.7478 -0.3330
vn 0.4999 0.7088 -0.4978
vn 0.3889 0.8035 -0.4507
vn 0.4724 0.8319 -0.2912
vn 0.3939 0.6858 -0.6120
vn 0.2365 0.6746 -0.6992
vn 0.1846 0.7535 -0.6310
vn 0.3050 0.7740 -0.5549
vn -0.0000 0.6730 -0.7396
vn -0.2365 0.6747 -0.6992
vn -0.1846 0.7535 -0.6310
vn -0.0000 0.7478 -0.6639
vn -0.3959 0.6857 -0.6108
vn -0.5068 0.7085 -0.4912
vn -0.3969 0.8028 -0.4449
vn -0.3072 0.7738 -0.5539
vn -0.5922 0.7423 -0.3136
vn -0.6311 0.7721 -0.0751
vn -0.5383 0.8406 -0.0606
vn -0.4916 0.8254 -0.2774
vn -0.6062 0.7802 0.1544
vn -0.4563 0.8144 0.3586
vn -0.3983 0.8490 0.3472
vn -0.5205 0.8418 0.1429
vn -0.1285 0.8860 0.4456
vn -0.2900 0.9066 0.3067
vn -0.0443 0.8704 0.4903
vn -0.0284 0.9081 0.4178
vn -0.0778 0.9254 0.3710
vn -0.2074 0.9477 0.2428
vn 0.0104 0.8676 0.4972
vn 0.0835 0.8708 0.4846
vn 0.0661 0.9042 0.4220
vn 0.0084 0.8986 0.4386
vn 0.1748 0.8832 0.4351
vn 0.3096 0.8984 0.3115
vn 0.2737 0.9279 0.2532
vn 0.1480 0.9138 0.3782
vn 0.4002 0.9054 0.1417
vn 0.4202 0.9068 -0.0335
vn 0.3431 0.9393 -0.0101
vn 0.3325 0.9355 0.1194
vn 0.3695 0.9003 -0.2301
vn 0.2792 0.8845 -0.3738
vn 0.2207 0.9289 -0.2975
vn 0.2962 0.9396 -0.1718
vn 0.2163 0.8571 -0.4676
vn 0.1482 0.8278 -0.5410
vn 0.1533 0.8866 -0.4363
vn 0.1759 0.9103 -0.3748
vn -0.0001 0.8168 -0.5769
vn -0.1481 0.8281 -0.5407
vn -0.1512 0.8878 -0.4347
vn -0.0002 0.8751 -0.4840
vn -0.2174 0.8574 -0.4665
vn -0.2866 0.8844 -0.3684
vn -0.2241 0.9303 -0.2905
vn -0.1743 0.9115 -0.3725
vn -0.3779 0.8993 -0.2200
vn -0.4184 0.9076 -0.0352
vn -0.3227 0.9465 -0.0060
vn -0.2972 0.9415 -0.1591
vn -0.3914 0.9115 0.1264
vn -0.2901 0.9065 0.3066
vn -0.2074 0.9476 0.2428
vn -0.2899 0.9508 0.1096
vn -0.0796 -0.9848 -0.1543
vn -0.0452 -0.9873 -0.1521
vn -0.0757 -0.9860 -0.1487
vn -0.0135 -0.9994 -0.0309
vn -0.0392 -0.9840 -0.1741
vn 0.0213 -0.9853 -0.1693
vn -0.0134 -0.9994 -0.0309
vn 0.0525 -0.9824 -0.1791
vn 0.0339 -0.9911 -0.1289
vn 0.0023 -0.9972 -0.0749
vn -0.0000 -0.9998 -0.0175
vn 0.0190 -0.9910 0.1326
vn 0.0642 -0.9718 0.2271
vn -0.0000 -0.9998 -0.0174
vn 0.0962 -0.9368 0.3364
vn 0.0508 -0.9432 0.3283
vn -0.0134 -0.9994 -0.0308
vn -0.0000 -0.9314 0.3639
vn -0.0508 -0.9425 0.3304
vn -0.0135 -0.9994 -0.0308
vn -0.0903 -0.9355 0.3415
vn -0.0715 -0.9677 0.2418
vn -0.0388 -0.9874 0.1536
vn -0.0495 -0.9983 -0.0314
vn -0.0714 -0.9677 0.2418
vn -0.0600 -0.9907 -0.1223
vn -0.0757 -0.9860 -0.1488
vn -0.0495 -0.9983 -0.0315
vn -0.0068 0.9643 0.2648
vn -0.0623 0.9811 0.1834
vn 0.0181 0.9684 0.2486
vn 0.0002 0.9991 0.0433
vn 0.0025 0.9540 0.2999
vn -0.0132 0.9682 0.2499
vn 0.0280 0.9630 0.2679
vn 0.0745 0.9797 0.1862
vn 0.1859 0.9781 0.0941
vn 0.1675 0.9855 0.0286
vn 0.1763 0.9791 -0.1016
vn 0.1675 0.9855 0.0285
vn 0.0641 0.9794 -0.1913
vn 0.0002 0.9991 0.0432
vn 0.0655 0.9638 -0.2584
vn 0.0356 0.9641 -0.2633
vn 0.0001 0.9991 0.0430
vn 0.0001 0.9435 -0.3315
vn 0.0355 0.9641 -0.2633
vn -0.0335 0.9643 -0.2627
vn 0.0001 0.9991 0.0432
vn -0.0639 0.9641 -0.2576
vn -0.0336 0.9643 -0.2627
vn -0.0630 0.9802 -0.1879
vn -0.1769 0.9801 -0.0899
vn -0.1622 0.9862 0.0339
vn -0.1741 0.9801 0.0951
vn -0.0857 0.0238 -0.9960
vn -0.1136 0.0171 -0.9934
vn -0.0272 0.0570 -0.9980
vn -0.0323 0.0206 -0.9993
vn -0.0364 0.0146 -0.9992
vn -0.0881 0.0179 -0.9959
vn -0.1145 0.0115 -0.9934
vn -0.0920 0.1532 -0.9839
vn -0.1022 0.1082 -0.9889
vn -0.4620 0.5684 -0.6808
vn -0.4414 0.5146 -0.7351
vn -0.0730 0.0721 -0.9947
vn -0.0364 0.0145 -0.9992
vn -0.0968 0.0128 -0.9952
vn -0.0239 0.0279 -0.9993
vn -0.0949 0.0069 -0.9955
vn -0.0234 0.0214 -0.9995
vn 0.2384 0.6876 -0.6858
vn 0.1049 0.2353 -0.9663
vn 0.1407 0.2165 -0.9661
vn 0.3087 0.7164 -0.6257
vn -0.0232 0.0207 -0.9995
vn 0.1221 0.1722 -0.9775
vn 0.3390 0.6778 -0.6524
vn -0.6005 0.7673 -0.2249
vn -0.4620 0.5685 -0.6807
vn -0.5814 0.8027 -0.1329
vn -0.6078 0.7849 -0.1203
vn -0.6114 0.7837 -0.1100
vn -0.6078 0.7659 -0.2097
vn 0.1680 0.9266 -0.3364
vn 0.2074 0.9484 -0.2399
vn 0.0370 0.9908 -0.1299
vn 0.3087 0.7165 -0.6255
vn 0.3390 0.6779 -0.6523
vn 0.2293 0.9569 -0.1782
vn 0.0282 0.9905 -0.1345
vn -0.5717 0.8042 -0.1627
vn -0.5109 0.8327 -0.2136
vn -0.5081 0.8439 -0.1722
vn -0.5751 0.8083 -0.1259
vn -0.6114 0.7836 -0.1100
vn -0.4460 0.8610 -0.2443
vn -0.3462 0.8401 -0.4175
vn -0.3356 0.8895 -0.3101
vn -0.3112 0.9196 -0.2399
vn -0.4400 0.8751 -0.2014
vn -0.5080 0.8440 -0.1722
vn 0.0641 0.9815 -0.1803
vn 0.2074 0.9502 -0.2326
vn 0.0242 0.9855 -0.1681
vn 0.0370 0.9908 -0.1300
vn 0.0701 0.9743 -0.2141
vn 0.2136 0.9455 -0.2458
vn -0.2133 0.8561 -0.4707
vn -0.1941 0.7174 -0.6691
vn -0.1690 0.7395 -0.6516
vn -0.1631 0.9014 -0.4011
vn -0.3111 0.9196 -0.2398
vn -0.0881 0.5257 -0.8461
vn 0.1155 0.8244 -0.5541
vn 0.0681 0.8923 -0.4463
vn -0.1348 0.5866 -0.7986
vn 0.2076 0.9502 -0.2326
vn 0.1154 0.9383 -0.3259
vn -0.2384 0.6401 -0.7304
vn -0.1945 0.6166 -0.7629
vn -0.1941 0.7173 -0.6692
vn -0.1233 0.5961 -0.7934
vn -0.0958 0.6106 -0.7861
vn -0.1774 0.6311 -0.7552
vn -0.0983 0.4312 -0.8969
vn -0.0883 0.4116 -0.9071
vn -0.0879 0.5256 -0.8462
vn -0.2385 0.6400 -0.7304
vn -0.1086 0.4386 -0.8921
vn -0.0884 0.4168 -0.9047
vn -0.0572 0.5484 -0.8343
vn -0.0630 0.4616 -0.8849
vn -0.0511 0.4671 -0.8827
vn -0.0335 0.5550 -0.8312
vn -0.0957 0.6107 -0.7861
vn -0.0839 0.4269 -0.9004
vn -0.1001 0.3868 -0.9167
vn -0.0922 0.4175 -0.9040
vn -0.0891 0.4230 -0.9017
vn 0.2219 -0.8523 0.4737
vn -0.2219 -0.8522 0.4738
vn -0.2179 -0.9075 0.3591
vn 0.2080 -0.9198 0.3327
vn -0.6224 -0.6880 0.3731
vn -0.6046 -0.7621 0.2315
vn -0.0000 -0.5756 -0.8178
vn 0.8997 -0.3939 0.1879
vn 0.6220 -0.6895 0.3712
vn 0.6105 -0.7493 0.2564
vn 0.8754 -0.4811 0.0464
vn 0.8995 0.3436 -0.2699
vn 0.9988 -0.0261 -0.0414
vn 0.9820 -0.1041 -0.1575
vn 0.8808 0.2284 -0.4147
vn 0.2218 0.8026 -0.5537
vn 0.6223 0.6383 -0.4532
vn 0.6132 0.5448 -0.5720
vn 0.2292 0.6737 -0.7026
vn -0.6220 0.6399 -0.4512
vn -0.2220 0.8025 -0.5538
vn -0.2193 0.7058 -0.6736
vn -0.6113 0.5168 -0.5994
vn -0.9990 -0.0236 -0.0388
vn -0.8998 0.3442 -0.2681
vn -0.8861 0.2572 -0.3856
vn -0.9753 -0.1260 -0.1814
vn -0.8997 -0.3932 0.1898
vn -0.8841 -0.4614 0.0744
vn -0.6224 -0.6880 0.3732
vn -0.2220 -0.8413 0.4928
vn -0.6228 -0.6768 0.3925
vn 0.2219 -0.8522 0.4737
vn 0.2222 -0.8415 0.4924
vn 0.2222 -0.8336 0.5057
vn -0.2221 -0.8340 0.5051
vn -0.6229 -0.6689 0.4057
vn 0.6226 -0.6776 0.3915
vn 0.8997 -0.3939 0.1880
vn 0.9005 -0.3811 0.2092
vn 0.9008 -0.3716 0.2245
vn 0.6230 -0.6692 0.4051
vn 0.9998 -0.0111 -0.0179
vn 0.9003 0.3595 -0.2454
vn 0.9004 0.3717 -0.2260
vn 1.0000 -0.0001 -0.0009
vn 0.6227 0.6557 -0.4270
vn 0.2218 0.8027 -0.5536
vn 0.2220 0.8201 -0.5275
vn 0.2220 0.8337 -0.5057
vn 0.6224 0.6691 -0.4060
vn -0.2221 0.8204 -0.5269
vn -0.6224 0.6566 -0.4261
vn -0.6224 0.6691 -0.4062
vn -0.2219 0.8335 -0.5060
vn -0.9005 0.3602 -0.2438
vn -0.9990 -0.0235 -0.0387
vn -0.9998 -0.0097 -0.0167
vn -1.0000 -0.0000 -0.0009
vn -0.9004 0.3718 -0.2260
vn -0.8997 -0.3931 0.1898
vn -0.9004 -0.3806 0.2106
vn -0.6230 -0.6689 0.4056
vn -0.9008 -0.3717 0.2247
vn -0.0492 0.5227 0.8511
vn -0.6208 -0.6519 0.4355
vn -0.2215 -0.8157 0.5343
vn -0.0182 0.5078 0.8613
vn -0.6215 -0.6617 0.4194
vn -0.2218 -0.8259 0.5183
vn 0.2217 -0.8256 0.5188
vn 0.2210 -0.8158 0.5345
vn 0.0176 0.5098 0.8601
vn -0.6216 -0.6616 0.4194
vn -0.8973 -0.3572 0.2592
vn -0.8998 -0.3639 0.2407
vn -0.0493 0.5227 0.8511
vn -0.0727 0.5444 0.8357
vn -0.0775 0.5732 0.8157
vn -0.9993 0.0173 0.0342
vn -0.9998 0.0086 0.0176
vn 0.0176 0.5099 0.8601
vn 0.2210 -0.8157 0.5346
vn 0.6209 -0.6511 0.4365
vn 0.0507 0.5210 0.8521
vn 0.6217 -0.6609 0.4204
vn 0.8998 -0.3629 0.2424
vn 0.8987 -0.3540 0.2589
vn 0.0705 0.5454 0.8352
vn 0.9992 0.0189 0.0357
vn 0.0798 0.5731 0.8156
vn 0.9998 0.0101 0.0191
vn 0.9008 0.3831 -0.2042
vn 0.9008 0.3915 -0.1879
vn 0.0690 0.6005 0.7967
vn 0.0690 0.6005 0.7966
vn 0.9008 0.3916 -0.1878
vn 0.6228 0.6908 -0.3674
vn 0.0488 0.6233 0.7805
vn 0.6229 0.6818 -0.3836
vn 0.2220 0.8471 -0.4829
vn 0.2222 0.8559 -0.4670
vn 0.0168 0.6337 0.7734
vn 0.2222 0.8559 -0.4669
vn -0.2224 0.8558 -0.4671
vn -0.0174 0.6354 0.7720
vn -0.2222 0.8468 -0.4833
vn -0.6229 0.6813 -0.3845
vn -0.6234 0.6897 -0.3683
vn -0.0474 0.6219 0.7817
vn -0.6235 0.6896 -0.3683
vn -0.9008 0.3907 -0.1893
vn -0.0712 0.6012 0.7959
vn -0.9009 0.3820 -0.2060
vn -0.0775 0.5733 0.8157
vn -0.2222 -0.8281 0.5146
vn -0.6224 -0.6637 0.4148
vn 0.2223 -0.8279 0.5150
vn 0.6227 -0.6629 0.4156
vn 0.9006 -0.3646 0.2367
vn 0.9999 0.0081 0.0127
vn 0.9004 0.3805 -0.2112
vn 0.6224 0.6783 -0.3906
vn 0.2219 0.8434 -0.4893
vn -0.2219 0.8430 -0.4900
vn -0.6223 0.6781 -0.3910
vn -0.9004 0.3797 -0.2124
vn -0.9999 0.0071 0.0116
vn -0.9006 -0.3655 0.2354
vn -0.6225 -0.6637 0.4148
vn -0.0182 0.5079 0.8612
vn -0.0026 0.5660 0.8244
vn -0.0049 0.5702 0.8215
vn 0.0018 0.5689 0.8224
vn -0.0000 0.5753 0.8179
vn 0.0071 0.5679 0.8231
vn 0.0071 0.5725 0.8199
vn 0.0113 0.5752 0.8179
vn 0.0069 0.5780 0.8160
vn 0.0069 0.5823 0.8129
vn 0.0168 0.6336 0.7734
vn 0.0017 0.5813 0.8137
vn -0.0174 0.6353 0.7721
vn -0.0025 0.5841 0.8117
vn -0.0474 0.6218 0.7817
vn -0.0048 0.5801 0.8145
vn -0.0712 0.6011 0.7960
vn -0.0101 0.5792 0.8151
vn -0.0774 0.5732 0.8157
vn -0.0077 0.5753 0.8179
vn -0.0103 0.5712 0.8208
vn -0.7244 -0.6821 0.1002
vn -0.7634 -0.5476 0.3427
vn -0.9405 -0.2837 0.1870
vn -0.8995 -0.4318 -0.0666
vn -0.0190 0.5847 0.8110
vn 0.0287 0.5352 0.8442
vn 0.0341 0.5748 0.8176
vn -0.9998 0.0095 0.0150
vn -0.9541 -0.1728 -0.2446
vn -0.7633 -0.5477 0.3427
vn -0.5071 -0.7104 0.4880
vn -0.0596 0.6239 0.7793
vn -0.7243 -0.6822 0.1002
vn -0.4697 -0.8540 0.2237
vn -0.1649 -0.9450 0.2825
vn -0.1737 -0.7992 0.5754
vn 0.0093 0.6178 0.7863
vn -0.1738 -0.7993 0.5753
vn 0.2046 -0.8078 0.5528
vn 0.0840 0.6040 0.7925
vn 0.1819 -0.9411 0.2850
vn 0.5287 -0.8235 0.2059
vn 0.5593 -0.6974 0.4482
vn 0.0479 0.5857 0.8091
vn 0.5593 -0.6973 0.4482
vn 0.8029 -0.4928 0.3354
vn -0.0048 0.5590 0.8292
vn 0.7695 -0.6326 0.0873
vn 0.8986 -0.4357 -0.0523
vn 0.9398 -0.2748 0.2030
vn -0.0064 0.5774 0.8164
vn 0.9398 -0.2749 0.2030
vn 0.9999 -0.0101 0.0040
vn 0.0056 0.6117 0.7910
vn 0.9555 -0.1839 -0.2306
vn 0.8933 0.1033 -0.4375
vn 0.9340 0.2869 -0.2129
vn 0.0093 0.6097 0.7926
vn 0.9340 0.2869 -0.2130
vn 0.7573 0.5301 -0.3815
vn 0.0309 0.5859 0.8098
vn 0.7225 0.3443 -0.5996
vn 0.4532 0.5198 -0.7242
vn 0.4828 0.7098 -0.5130
vn 0.0722 0.5572 0.8272
vn 0.0722 0.5572 0.8273
vn 0.4828 0.7098 -0.5129
vn 0.1517 0.8157 -0.5582
vn 0.0840 0.5455 0.8339
vn 0.1303 0.6122 -0.7799
vn -0.1664 0.6062 -0.7777
vn -0.1739 0.8234 -0.5401
vn 0.0080 0.5371 0.8435
vn -0.4888 0.7163 -0.4980
vn -0.0537 0.5307 0.8459
vn -0.4577 0.5219 -0.7199
vn -0.7391 0.3235 -0.5909
vn -0.7749 0.5024 -0.3836
vn -0.0143 0.5726 0.8197
vn -0.7749 0.5023 -0.3836
vn -0.9478 0.2605 -0.1841
vn 0.0270 0.6136 0.7891
vn -0.9086 0.0735 -0.4111
vn -0.9998 0.0095 0.0152
vn -0.0179 -0.5877 -0.8089
vn -0.1468 -0.9749 0.1674
vn -0.4712 -0.8592 0.1996
vn -0.6901 -0.7237 -0.0085
vn 0.4912 -0.8655 0.0983
vn 0.1884 -0.9466 0.2615
vn 0.8591 -0.4893 -0.1501
vn 0.7626 -0.6434 0.0668
vn 0.8522 0.0226 -0.5227
vn 0.9485 -0.1929 -0.2513
vn 0.4277 0.4255 -0.7975
vn 0.7173 0.3267 -0.6155
vn -0.1658 0.5084 -0.8450
vn 0.1361 0.5928 -0.7938
vn -0.7037 0.2384 -0.6693
vn -0.4597 0.5013 -0.7331
vn -0.9117 -0.2374 -0.3352
vn -0.9002 0.0624 -0.4310
vn -0.6902 -0.7236 -0.0086
vn -0.8911 -0.4459 -0.0839
vn -0.0190 0.5848 0.8110
vn -0.0596 0.6239 0.7792
vn -0.0448 0.6369 0.7696
vn -0.0006 0.5941 0.8044
vn 0.0142 0.6301 0.7764
vn 0.0155 0.5797 0.8147
vn 0.0754 0.6209 0.7802
vn 0.0296 0.5982 0.8008
vn -0.0221 0.5712 0.8205
vn -0.0200 0.5880 0.8086
vn -0.0170 0.6108 0.7916
vn -0.0024 0.5950 0.8038
vn 0.0309 0.5858 0.8098
vn 0.0143 0.5739 0.8188
vn 0.0507 0.5492 0.8342
vn 0.0781 0.5277 0.8458
vn 0.0168 0.5235 0.8519
vn -0.0392 0.5165 0.8554
vn 0.0037 0.5623 0.8269
vn 0.0467 0.6046 0.7951
vn 0.0482 0.5753 0.8165
vn 0.0481 0.5443 0.8375
vn -0.2936 -0.8410 -0.4545
vn -0.1388 -0.9026 -0.4075
vn -0.1811 -0.9533 -0.2416
vn -0.3771 -0.8775 -0.2963
vn 0.0332 -0.9182 -0.3947
vn 0.0340 -0.9747 -0.2210
vn 0.0337 -0.9974 -0.0640
vn -0.2142 -0.9729 -0.0867
vn -0.4395 -0.8855 -0.1507
vn 0.2039 -0.8912 -0.4053
vn 0.2474 -0.9390 -0.2389
vn 0.3548 -0.8193 -0.4504
vn 0.4386 -0.8502 -0.2911
vn 0.4996 -0.8541 -0.1448
vn 0.2797 -0.9564 -0.0836
vn 0.4762 -0.7135 -0.5140
vn 0.5880 -0.7167 -0.3749
vn 0.5484 -0.5820 -0.6004
vn 0.6822 -0.5516 -0.4799
vn 0.7800 -0.5103 -0.3621
vn 0.6722 -0.7003 -0.2403
vn 0.5741 -0.4374 -0.6922
vn 0.7105 -0.3714 -0.5977
vn 0.5401 -0.2969 -0.7875
vn 0.6717 -0.1930 -0.7152
vn 0.7680 -0.0974 -0.6330
vn 0.8133 -0.3024 -0.4971
vn 0.4602 -0.1684 -0.8717
vn 0.5681 -0.0350 -0.8222
vn 0.3330 -0.0730 -0.9401
vn 0.4112 0.0887 -0.9072
vn 0.4680 0.2270 -0.8541
vn 0.6492 0.0853 -0.7558
vn 0.1781 -0.0092 -0.9840
vn 0.2152 0.1641 -0.9627
vn 0.0062 0.0043 -1.0000
vn 0.0001 0.1859 -0.9826
vn -0.0053 0.3389 -0.9408
vn 0.2426 0.3147 -0.9177
vn -0.1645 -0.0207 -0.9862
vn -0.2134 0.1498 -0.9654
vn -0.3154 -0.0947 -0.9442
vn -0.4046 0.0615 -0.9124
vn -0.4712 0.1956 -0.8601
vn -0.2513 0.2982 -0.9208
vn -0.4368 -0.1984 -0.8774
vn -0.5539 -0.0725 -0.8294
vn -0.5090 -0.3320 -0.7942
vn -0.6481 -0.2371 -0.7237
vn -0.7516 -0.1482 -0.6427
vn -0.6437 0.0421 -0.7641
vn -0.5347 -0.4745 -0.6993
vn -0.6764 -0.4178 -0.6066
vn -0.5006 -0.6170 -0.6072
vn -0.6377 -0.5957 -0.4883
vn -0.7395 -0.5611 -0.3718
vn -0.7849 -0.3558 -0.5073
vn -0.4209 -0.7434 -0.5198
vn -0.5340 -0.7542 -0.3821
vn -0.4397 -0.8854 -0.1508
vn -0.6208 -0.7435 -0.2486
vn -0.2388 -0.9697 0.0523
vn -0.4859 -0.8738 -0.0178
vn 0.0328 -0.9965 0.0772
vn 0.0315 -0.9798 0.1974
vn -0.2563 -0.9514 0.1709
vn -0.5179 -0.8500 0.0967
vn 0.3024 -0.9516 0.0557
vn 0.5433 -0.8394 -0.0113
vn 0.5723 -0.8135 0.1036
vn 0.3170 -0.9322 0.1745
vn 0.7324 -0.6709 -0.1160
vn 0.8507 -0.4627 -0.2495
vn 0.8979 -0.4144 -0.1487
vn 0.7725 -0.6349 -0.0074
vn 0.8871 -0.2348 -0.3974
vn 0.8375 -0.0102 -0.5464
vn 0.8839 0.0650 -0.4632
vn 0.9364 -0.1731 -0.3054
vn 0.7073 0.1900 -0.6809
vn 0.5087 0.3453 -0.7887
vn 0.5356 0.4415 -0.7199
vn 0.7459 0.2770 -0.6058
vn 0.2616 0.4414 -0.8583
vn -0.0100 0.4680 -0.8837
vn -0.0139 0.5714 -0.8205
vn 0.2739 0.5433 -0.7936
vn -0.2796 0.4233 -0.8618
vn -0.5205 0.3109 -0.7952
vn -0.5547 0.4051 -0.7268
vn -0.2994 0.5241 -0.7973
vn -0.7096 0.1427 -0.6900
vn -0.8279 -0.0658 -0.5570
vn -0.8802 0.0060 -0.4745
vn -0.7549 0.2268 -0.6153
vn -0.8643 -0.2934 -0.4086
vn -0.8146 -0.5184 -0.2601
vn -0.8662 -0.4734 -0.1600
vn -0.9187 -0.2350 -0.3173
vn -0.6845 -0.7182 -0.1251
vn -0.4860 -0.8738 -0.0178
vn -0.5180 -0.8499 0.0967
vn -0.7283 -0.6851 -0.0170
vn -0.2684 -0.9238 0.2730
vn -0.5398 -0.8186 0.1962
vn 0.0299 -0.9533 0.3006
vn 0.0282 -0.9198 0.3913
vn -0.2769 -0.8897 0.3630
vn -0.5545 -0.7820 0.2846
vn 0.3260 -0.9040 0.2767
vn 0.5908 -0.7808 0.2034
vn 0.6018 -0.7434 0.2918
vn 0.3310 -0.8694 0.3669
vn 0.7984 -0.5956 0.0881
vn 0.9284 -0.3669 -0.0583
vn 0.9470 -0.3202 0.0244
vn 0.8141 -0.5541 0.1740
vn 0.9683 -0.1167 -0.2209
vn 0.9139 0.1302 -0.3845
vn 0.9322 0.1882 -0.3092
vn 0.9878 -0.0643 -0.1420
vn 0.7708 0.3500 -0.5324
vn 0.5527 0.5207 -0.6506
vn 0.5629 0.5875 -0.5814
vn 0.7858 0.4128 -0.4606
vn 0.2813 0.6262 -0.7272
vn -0.0171 0.6554 -0.7551
vn -0.0198 0.7253 -0.6881
vn 0.2853 0.6953 -0.6597
vn -0.3132 0.6062 -0.7310
vn -0.5779 0.4830 -0.6578
vn -0.5934 0.5489 -0.5887
vn -0.3226 0.6750 -0.6636
vn -0.7856 0.2980 -0.5423
vn -0.9156 0.0691 -0.3962
vn -0.9386 0.1257 -0.3212
vn -0.8057 0.3597 -0.4706
vn -0.9554 -0.1809 -0.2332
vn -0.9010 -0.4281 -0.0700
vn -0.9238 -0.3827 0.0124
vn -0.9794 -0.1300 -0.1546
vn -0.7579 -0.6476 0.0782
vn -0.5399 -0.8186 0.1961
vn -0.7774 -0.6073 0.1638
vn -0.2824 -0.8502 0.4444
vn -0.5634 -0.7412 0.3650
vn 0.0264 -0.8808 0.4728
vn 0.0244 -0.8358 0.5484
vn -0.2856 -0.8052 0.5196
vn -0.5677 -0.6958 0.4399
vn 0.3329 -0.8296 0.4483
vn 0.6069 -0.7021 0.3724
vn 0.6072 -0.6566 0.4474
vn 0.3321 -0.7846 0.5236
vn 0.8218 -0.5107 0.2527
vn 0.9564 -0.2738 0.1014
vn 0.9581 -0.2265 0.1755
vn 0.8229 -0.4643 0.3275
vn 0.9977 -0.0147 -0.0669
vn 0.9414 0.2409 -0.2361
vn 0.9430 0.2900 -0.1634
vn 0.9994 0.0334 0.0064
vn 0.7932 0.4683 -0.3892
vn 0.5676 0.6449 -0.5118
vn 0.5677 0.6958 -0.4399
vn 0.7942 0.5183 -0.3172
vn 0.2866 0.7541 -0.5909
vn -0.0223 0.7846 -0.6196
vn -0.0244 0.8358 -0.5484
vn 0.2856 0.8052 -0.5196
vn -0.3287 0.7336 -0.5948
vn -0.6028 0.6060 -0.5190
vn -0.6072 0.6566 -0.4474
vn -0.3321 0.7846 -0.5236
vn -0.8177 0.4145 -0.3995
vn -0.9523 0.1775 -0.2484
vn -0.9581 0.2265 -0.1755
vn -0.8229 0.4643 -0.3275
vn -0.9935 -0.0813 -0.0796
vn -0.9373 -0.3370 0.0893
vn -0.9430 -0.2900 0.1634
vn -0.9994 -0.0334 -0.0064
vn -0.7891 -0.5643 0.2426
vn -0.5678 -0.6958 0.4399
vn -0.7942 -0.5183 0.3172
vn -0.2866 -0.7541 0.5909
vn -0.5676 -0.6451 0.5115
vn 0.0223 -0.7843 0.6199
vn 0.0198 -0.7252 0.6882
vn -0.2853 -0.6953 0.6597
vn -0.5628 -0.5876 0.5814
vn 0.3287 -0.7334 0.5950
vn 0.6028 -0.6058 0.5193
vn 0.5934 -0.5489 0.5887
vn 0.3226 -0.6749 0.6636
vn 0.8177 -0.4143 0.3997
vn 0.9523 -0.1775 0.2484
vn 0.9386 -0.1257 0.3212
vn 0.8057 -0.3597 0.4706
vn 0.9935 0.0813 0.0796
vn 0.9373 0.3370 -0.0895
vn 0.9238 0.3827 -0.0124
vn 0.9794 0.1300 0.1546
vn 0.7890 0.5644 -0.2426
vn 0.5634 0.7412 -0.3649
vn 0.5545 0.7820 -0.2846
vn 0.7774 0.6073 -0.1639
vn 0.2824 0.8503 -0.4442
vn -0.0264 0.8807 -0.4729
vn -0.0282 0.9198 -0.3913
vn 0.2769 0.8897 -0.3629
vn -0.3329 0.8295 -0.4484
vn -0.6069 0.7021 -0.3724
vn -0.6018 0.7434 -0.2918
vn -0.3310 0.8693 -0.3670
vn -0.8218 0.5107 -0.2527
vn -0.9564 0.2737 -0.1016
vn -0.9470 0.3202 -0.0244
vn -0.8141 0.5541 -0.1741
vn -0.9977 0.0146 0.0668
vn -0.9414 -0.2408 0.2362
vn -0.9322 -0.1882 0.3092
vn -0.9878 0.0643 0.1420
vn -0.7932 -0.4683 0.3892
vn -0.5677 -0.6451 0.5115
vn -0.5630 -0.5875 0.5813
vn -0.7858 -0.4129 0.4605
vn -0.2813 -0.6262 0.7272
vn -0.5527 -0.5207 0.6506
vn 0.0171 -0.6554 0.7551
vn 0.0139 -0.5714 0.8206
vn -0.2739 -0.5433 0.7936
vn -0.5356 -0.4415 0.7199
vn 0.3132 -0.6063 0.7310
vn 0.5779 -0.4830 0.6578
vn 0.5547 -0.4051 0.7268
vn 0.2994 -0.5241 0.7973
vn 0.7856 -0.2979 0.5423
vn 0.9156 -0.0691 0.3962
vn 0.8802 -0.0060 0.4745
vn 0.7549 -0.2268 0.6154
vn 0.9555 0.1809 0.2332
vn 0.9010 0.4281 0.0700
vn 0.8662 0.4734 0.1600
vn 0.9187 0.2351 0.3173
vn 0.7579 0.6476 -0.0782
vn 0.5399 0.8186 -0.1961
vn 0.5180 0.8499 -0.0967
vn 0.7283 0.6851 0.0170
vn 0.2685 0.9238 -0.2730
vn -0.0299 0.9533 -0.3006
vn -0.0315 0.9798 -0.1974
vn 0.2562 0.9514 -0.1708
vn -0.3260 0.9039 -0.2768
vn -0.5908 0.7808 -0.2033
vn -0.5723 0.8135 -0.1036
vn -0.3170 0.9322 -0.1745
vn -0.7984 0.5956 -0.0881
vn -0.9284 0.3669 0.0583
vn -0.8979 0.4144 0.1487
vn -0.7725 0.6349 0.0074
vn -0.9683 0.1167 0.2210
vn -0.9139 -0.1302 0.3845
vn -0.8839 -0.0650 0.4632
vn -0.9364 0.1731 0.3054
vn -0.7708 -0.3500 0.5324
vn -0.5528 -0.5207 0.6506
vn -0.5356 -0.4415 0.7198
vn -0.7459 -0.2770 0.6058
vn -0.2616 -0.4414 0.8583
vn -0.5087 -0.3453 0.7887
vn 0.0100 -0.4680 0.8837
vn 0.0053 -0.3389 0.9408
vn -0.2426 -0.3147 0.9177
vn -0.4679 -0.2270 0.8541
vn 0.2796 -0.4233 0.8618
vn 0.5205 -0.3109 0.7952
vn 0.4712 -0.1956 0.8601
vn 0.2513 -0.2982 0.9208
vn 0.7096 -0.1427 0.6900
vn 0.8279 0.0658 0.5570
vn 0.7516 0.1482 0.6427
vn 0.6437 -0.0421 0.7641
vn 0.8643 0.2934 0.4086
vn 0.8147 0.5183 0.2601
vn 0.7395 0.5611 0.3718
vn 0.7849 0.3558 0.5073
vn 0.6845 0.7182 0.1251
vn 0.4859 0.8738 0.0179
vn 0.4396 0.8855 0.1507
vn 0.6208 0.7435 0.2486
vn 0.2388 0.9697 -0.0523
vn -0.0328 0.9965 -0.0772
vn -0.0337 0.9974 0.0640
vn 0.2141 0.9729 0.0868
vn -0.3024 0.9516 -0.0557
vn -0.5433 0.8394 0.0113
vn -0.4996 0.8541 0.1448
vn -0.2797 0.9564 0.0836
vn -0.7324 0.6709 0.1160
vn -0.8507 0.4627 0.2495
vn -0.7800 0.5103 0.3621
vn -0.6721 0.7003 0.2404
vn -0.8871 0.2348 0.3974
vn -0.8375 0.0102 0.5464
vn -0.7680 0.0974 0.6330
vn -0.8133 0.3024 0.4971
vn -0.7073 -0.1900 0.6809
vn -0.5088 -0.3453 0.7886
vn -0.4680 -0.2270 0.8541
vn -0.6492 -0.0853 0.7558
vn -0.2152 -0.1641 0.9627
vn -0.4112 -0.0888 0.9072
vn -0.0001 -0.1859 0.9826
vn -0.0062 -0.0043 1.0000
vn -0.1781 0.0092 0.9840
vn -0.3330 0.0730 0.9401
vn 0.2134 -0.1498 0.9654
vn 0.4046 -0.0615 0.9124
vn 0.3154 0.0946 0.9442
vn 0.1645 0.0207 0.9862
vn 0.5539 0.0725 0.8294
vn 0.6481 0.2371 0.7237
vn 0.5090 0.3320 0.7942
vn 0.4368 0.1984 0.8774
vn 0.6764 0.4178 0.6066
vn 0.6377 0.5957 0.4883
vn 0.5006 0.6170 0.6072
vn 0.5347 0.4745 0.6993
vn 0.5340 0.7542 0.3821
vn 0.3771 0.8775 0.2963
vn 0.2936 0.8410 0.4545
vn 0.4209 0.7434 0.5198
vn 0.1811 0.9533 0.2416
vn -0.0340 0.9747 0.2210
vn -0.0332 0.9182 0.3947
vn 0.1388 0.9026 0.4075
vn -0.2474 0.9390 0.2389
vn -0.4386 0.8502 0.2911
vn -0.3548 0.8193 0.4504
vn -0.2039 0.8912 0.4053
vn -0.5880 0.7167 0.3749
vn -0.6822 0.5516 0.4799
vn -0.5484 0.5820 0.6004
vn -0.4762 0.7135 0.5140
vn -0.7105 0.3714 0.5977
vn -0.6717 0.1930 0.7152
vn -0.5401 0.2969 0.7875
vn -0.5741 0.4374 0.6922
vn -0.5681 0.0350 0.8222
vn -0.4112 -0.0887 0.9072
vn -0.3330 0.0729 0.9401
vn -0.4602 0.1684 0.8717
vn -0.0759 -0.7912 -0.6069
vn 0.0297 -0.7646 -0.6438
vn -0.1402 -0.7245 -0.6749
vn 0.0236 -0.5480 -0.8361
vn 0.1365 -0.7845 -0.6050
vn 0.1967 -0.7133 -0.6727
vn 0.0237 -0.5481 -0.8361
vn 0.3048 -0.6741 -0.6728
vn 0.2974 -0.5899 -0.7507
vn 0.1968 -0.7132 -0.6728
vn 0.0237 -0.5480 -0.8361
vn 0.3655 -0.5031 -0.7831
vn 0.2930 -0.4418 -0.8479
vn 0.0237 -0.5480 -0.8362
vn 0.2954 -0.3361 -0.8943
vn 0.1855 -0.3254 -0.9272
vn 0.2931 -0.4418 -0.8479
vn 0.0238 -0.5479 -0.8362
vn 0.1203 -0.2380 -0.9638
vn 0.0157 -0.2853 -0.9583
vn 0.1854 -0.3254 -0.9272
vn 0.0237 -0.5479 -0.8362
vn -0.0919 -0.2451 -0.9651
vn -0.1515 -0.3367 -0.9293
vn 0.0236 -0.5479 -0.8362
vn -0.2605 -0.3551 -0.8978
vn -0.2521 -0.4600 -0.8514
vn -0.1514 -0.3367 -0.9294
vn -0.3211 -0.5261 -0.7875
vn -0.2478 -0.6081 -0.7542
vn 0.0234 -0.5480 -0.8362
vn -0.2510 -0.6928 -0.6760
vn -0.2477 -0.6081 -0.7542
vn -0.1205 0.2375 0.9639
vn -0.1854 0.3254 0.9272
vn -0.0157 0.2853 0.9583
vn -0.0237 0.5479 0.8362
vn 0.0919 0.2453 0.9651
vn -0.0156 0.2853 0.9583
vn 0.1515 0.3367 0.9293
vn -0.0236 0.5479 0.8362
vn 0.2609 0.3548 0.8978
vn 0.1514 0.3367 0.9294
vn 0.2521 0.4600 0.8514
vn 0.3216 0.5260 0.7873
vn 0.2477 0.6081 0.7542
vn -0.0235 0.5480 0.8362
vn 0.2510 0.6928 0.6760
vn 0.1401 0.7245 0.6749
vn -0.0236 0.5480 0.8361
vn 0.0759 0.7912 0.6068
vn -0.0296 0.7646 0.6438
vn -0.1362 0.7840 0.6056
vn -0.1967 0.7133 0.6727
vn -0.0237 0.5480 0.8361
vn -0.3048 0.6741 0.6728
vn -0.1968 0.7132 0.6728
vn -0.2974 0.5900 0.7507
vn -0.3661 0.5030 0.7829
vn -0.2974 0.5899 0.7507
vn -0.2931 0.4418 0.8479
vn -0.2950 0.3366 0.8942
vn -0.1855 0.3254 0.9272
vt 0.148511 0.847801
vt 0.147869 0.854390
vt 0.143034 0.851657
vt 0.143559 0.844794
vt 0.146950 0.861778
vt 0.141942 0.858845
vt 0.139519 0.855743
vt 0.139470 0.849695
vt 0.139470 0.841441
vt 0.241567 0.854074
vt 0.238284 0.857962
vt 0.237249 0.851861
vt 0.240781 0.847922
vt 0.233510 0.862807
vt 0.233510 0.855471
vt 0.233996 0.850561
vt 0.236890 0.846651
vt 0.240746 0.843048
vt 0.194402 0.878809
vt 0.198302 0.879522
vt 0.199557 0.884721
vt 0.194277 0.882330
vt 0.203837 0.877717
vt 0.203717 0.883932
vt 0.203837 0.888856
vt 0.199410 0.889089
vt 0.193970 0.886302
vt 0.225655 0.862867
vt 0.225812 0.854605
vt 0.229005 0.853700
vt 0.229629 0.861098
vt 0.225655 0.848557
vt 0.227963 0.845916
vt 0.230726 0.843048
vt 0.232049 0.851159
vt 0.233166 0.858733
vt 0.279599 0.749489
vt 0.280013 0.744562
vt 0.282831 0.744522
vt 0.281649 0.750763
vt 0.279599 0.737201
vt 0.283199 0.739562
vt 0.285053 0.741544
vt 0.285246 0.745440
vt 0.285038 0.752198
vt 0.200350 0.865560
vt 0.199864 0.870845
vt 0.196789 0.869115
vt 0.197601 0.863037
vt 0.200350 0.875697
vt 0.197978 0.876140
vt 0.194511 0.877373
vt 0.193970 0.868412
vt 0.194976 0.861253
vt 0.282839 0.888873
vt 0.283936 0.882807
vt 0.287533 0.882227
vt 0.286525 0.888209
vt 0.282839 0.878523
vt 0.286471 0.877628
vt 0.289544 0.876689
vt 0.290809 0.881775
vt 0.289960 0.887843
vt 0.288524 0.805704
vt 0.288527 0.798047
vt 0.292080 0.795539
vt 0.292693 0.802415
vt 0.288524 0.789826
vt 0.291677 0.787895
vt 0.294830 0.786471
vt 0.295596 0.793549
vt 0.295571 0.798922
vt 0.204475 0.889247
vt 0.204185 0.883067
vt 0.207852 0.882800
vt 0.208091 0.887876
vt 0.204185 0.877359
vt 0.208912 0.877324
vt 0.212322 0.877985
vt 0.211084 0.882766
vt 0.210912 0.887322
vt 0.305578 0.752560
vt 0.305938 0.758339
vt 0.301996 0.760097
vt 0.301646 0.755146
vt 0.305938 0.763642
vt 0.301395 0.764453
vt 0.298063 0.765094
vt 0.298612 0.760936
vt 0.298298 0.756249
vt 0.275280 0.889529
vt 0.275507 0.892287
vt 0.272854 0.892984
vt 0.272983 0.889605
vt 0.277145 0.896268
vt 0.273231 0.896398
vt 0.270297 0.896207
vt 0.270297 0.892570
vt 0.270434 0.889080
vt 0.304093 0.815559
vt 0.303861 0.822303
vt 0.301407 0.823119
vt 0.300330 0.818645
vt 0.304093 0.826195
vt 0.302398 0.827664
vt 0.300103 0.828827
vt 0.299020 0.824722
vt 0.297753 0.820748
vt 0.266180 0.741688
vt 0.266753 0.746218
vt 0.263393 0.746970
vt 0.263070 0.742756
vt 0.266418 0.751189
vt 0.263049 0.751500
vt 0.259755 0.752056
vt 0.259964 0.747651
vt 0.259755 0.743483
vt 0.310105 0.712890
vt 0.310455 0.708210
vt 0.313549 0.707551
vt 0.313355 0.711958
vt 0.311533 0.704137
vt 0.314502 0.703695
vt 0.316481 0.703810
vt 0.316423 0.706503
vt 0.316481 0.710790
vt 0.257997 0.888865
vt 0.258703 0.892259
vt 0.255974 0.892624
vt 0.255640 0.889136
vt 0.259499 0.895751
vt 0.256242 0.896172
vt 0.252847 0.896198
vt 0.253085 0.892532
vt 0.253181 0.888865
vt 0.314323 0.847656
vt 0.314323 0.851823
vt 0.311762 0.852556
vt 0.311300 0.848572
vt 0.314163 0.856075
vt 0.311868 0.856676
vt 0.309396 0.856737
vt 0.309130 0.852561
vt 0.309138 0.849452
vt 0.313751 0.753244
vt 0.313291 0.757592
vt 0.309147 0.756662
vt 0.309198 0.752560
vt 0.313499 0.761850
vt 0.309246 0.761395
vt 0.306488 0.762436
vt 0.306282 0.757138
vt 0.306282 0.752571
vt 0.297317 0.859965
vt 0.296525 0.867152
vt 0.293544 0.866708
vt 0.294395 0.858655
vt 0.297317 0.876094
vt 0.293563 0.875326
vt 0.290693 0.875701
vt 0.290618 0.866312
vt 0.291463 0.857505
vt 0.288915 0.772754
vt 0.288125 0.778846
vt 0.284909 0.779264
vt 0.285702 0.772701
vt 0.288915 0.783985
vt 0.285861 0.784948
vt 0.282884 0.786006
vt 0.281795 0.779731
vt 0.282648 0.772517
vt 0.252847 0.876523
vt 0.253323 0.871230
vt 0.257104 0.872266
vt 0.256707 0.878371
vt 0.252847 0.866721
vt 0.255562 0.865833
vt 0.258234 0.864283
vt 0.259966 0.871372
vt 0.259630 0.878161
vt 0.177704 0.874982
vt 0.177987 0.869610
vt 0.181221 0.869326
vt 0.180170 0.876423
vt 0.177704 0.862499
vt 0.180845 0.861867
vt 0.183877 0.861423
vt 0.184261 0.869583
vt 0.183119 0.877318
vt 0.155782 0.885587
vt 0.155266 0.882214
vt 0.158468 0.883561
vt 0.158871 0.887166
vt 0.154542 0.877663
vt 0.158674 0.879653
vt 0.161457 0.880530
vt 0.161152 0.884784
vt 0.161457 0.888743
vt 0.250320 0.879001
vt 0.250132 0.883886
vt 0.246717 0.883931
vt 0.246516 0.878487
vt 0.249995 0.887208
vt 0.246578 0.887643
vt 0.243682 0.889235
vt 0.243859 0.885041
vt 0.243682 0.879068
vt 0.276598 0.878941
vt 0.276749 0.883111
vt 0.273376 0.883426
vt 0.273246 0.878880
vt 0.276449 0.887507
vt 0.273168 0.888186
vt 0.270297 0.888736
vt 0.270461 0.883557
vt 0.270297 0.878676
vt 0.219241 0.882724
vt 0.220711 0.881388
vt 0.221446 0.884675
vt 0.219378 0.885591
vt 0.222436 0.878927
vt 0.223354 0.882277
vt 0.223912 0.885256
vt 0.221574 0.887899
vt 0.219241 0.888597
vt 0.269182 0.878675
vt 0.268706 0.882933
vt 0.265770 0.884168
vt 0.265971 0.879623
vt 0.268337 0.885603
vt 0.266162 0.887473
vt 0.263706 0.889208
vt 0.263151 0.885441
vt 0.263151 0.880400
vt 0.218720 0.881531
vt 0.218897 0.885196
vt 0.215716 0.884232
vt 0.215690 0.880218
vt 0.218842 0.888870
vt 0.215543 0.888266
vt 0.212666 0.887575
vt 0.212753 0.883236
vt 0.212666 0.878927
vt 0.315194 0.857505
vt 0.315044 0.860664
vt 0.311685 0.861593
vt 0.311818 0.858196
vt 0.315154 0.862996
vt 0.312577 0.864410
vt 0.310156 0.866720
vt 0.309076 0.863987
vt 0.309076 0.860029
vt 0.190548 0.881976
vt 0.190508 0.885085
vt 0.187585 0.883665
vt 0.188380 0.879990
vt 0.190736 0.889266
vt 0.187663 0.888061
vt 0.184605 0.886855
vt 0.184605 0.882251
vt 0.185417 0.878441
vt 0.297778 0.851045
vt 0.298108 0.846480
vt 0.300848 0.845637
vt 0.300646 0.850561
vt 0.298463 0.841207
vt 0.300994 0.839879
vt 0.303288 0.838116
vt 0.303395 0.844238
vt 0.303395 0.849394
vt 0.200350 0.842280
vt 0.199923 0.851118
vt 0.197233 0.850752
vt 0.197583 0.841183
vt 0.200350 0.860498
vt 0.197816 0.860909
vt 0.195315 0.860565
vt 0.194666 0.850129
vt 0.195011 0.840224
vt 0.205502 0.876818
vt 0.206548 0.869627
vt 0.209505 0.869197
vt 0.208420 0.876912
vt 0.205502 0.863354
vt 0.208337 0.862458
vt 0.210961 0.861650
vt 0.212322 0.868819
vt 0.211390 0.876980
vt 0.270297 0.878332
vt 0.271226 0.871585
vt 0.273906 0.870371
vt 0.273087 0.877669
vt 0.270297 0.864359
vt 0.272811 0.862671
vt 0.275192 0.860654
vt 0.276408 0.868718
vt 0.275699 0.876446
vt 0.269953 0.860863
vt 0.269158 0.868635
vt 0.266197 0.868888
vt 0.266935 0.860654
vt 0.269953 0.876760
vt 0.267135 0.877511
vt 0.264283 0.878331
vt 0.263151 0.869363
vt 0.263827 0.860799
vt 0.309263 0.795277
vt 0.308717 0.791343
vt 0.311526 0.791537
vt 0.311984 0.795848
vt 0.308787 0.787079
vt 0.311686 0.787122
vt 0.314603 0.786471
vt 0.314425 0.790999
vt 0.314603 0.795465
vt 0.308786 0.838116
vt 0.308726 0.844102
vt 0.306295 0.845009
vt 0.306244 0.838540
vt 0.308280 0.848266
vt 0.305917 0.849910
vt 0.303739 0.850055
vt 0.303898 0.844975
vt 0.303739 0.838232
vt 0.169352 0.883785
vt 0.170393 0.881590
vt 0.172958 0.883567
vt 0.171259 0.885560
vt 0.170133 0.878078
vt 0.172756 0.878970
vt 0.175394 0.878909
vt 0.174947 0.883806
vt 0.174748 0.886132
vt 0.174151 0.886754
vt 0.172418 0.887222
vt 0.158799 0.862258
vt 0.158660 0.866213
vt 0.156795 0.869633
vt 0.156666 0.864195
vt 0.159564 0.869007
vt 0.158178 0.872035
vt 0.157757 0.875082
vt 0.156379 0.874299
vt 0.155717 0.873243
vt 0.155120 0.869983
vt 0.154542 0.864662
vt 0.233510 0.878178
vt 0.233524 0.873010
vt 0.235854 0.871130
vt 0.236109 0.876347
vt 0.233510 0.866900
vt 0.235652 0.864877
vt 0.237991 0.863151
vt 0.238250 0.869486
vt 0.238674 0.874732
vt 0.281451 0.753741
vt 0.281116 0.763641
vt 0.278561 0.762565
vt 0.279001 0.753142
vt 0.281451 0.774108
vt 0.278772 0.772240
vt 0.275914 0.770323
vt 0.275791 0.761474
vt 0.276280 0.752560
vt 0.184605 0.877637
vt 0.185516 0.869456
vt 0.188225 0.869267
vt 0.187841 0.877827
vt 0.184605 0.862215
vt 0.187035 0.861580
vt 0.189789 0.861065
vt 0.191119 0.869180
vt 0.191042 0.878097
vt 0.282387 0.806152
vt 0.283168 0.798392
vt 0.285620 0.796539
vt 0.284883 0.804516
vt 0.282387 0.790298
vt 0.284891 0.788221
vt 0.287526 0.786471
vt 0.288180 0.795012
vt 0.287432 0.803148
vt 0.290274 0.857505
vt 0.289386 0.866067
vt 0.286070 0.866529
vt 0.287006 0.857728
vt 0.290274 0.875068
vt 0.287140 0.875787
vt 0.283963 0.876345
vt 0.282839 0.866849
vt 0.283882 0.857831
vt 0.291428 0.887829
vt 0.291324 0.883351
vt 0.294341 0.882283
vt 0.294259 0.887338
vt 0.291589 0.878830
vt 0.294475 0.877524
vt 0.297317 0.876438
vt 0.297305 0.881451
vt 0.297317 0.886672
vt 0.145291 0.865428
vt 0.145591 0.872160
vt 0.142762 0.870292
vt 0.142479 0.863763
vt 0.145364 0.877236
vt 0.142668 0.875597
vt 0.139470 0.873227
vt 0.139712 0.868385
vt 0.139470 0.862122
vt 0.304009 0.861189
vt 0.303876 0.866542
vt 0.301473 0.865559
vt 0.301242 0.859685
vt 0.304009 0.869854
vt 0.303432 0.870816
vt 0.302688 0.870816
vt 0.300964 0.868454
vt 0.297661 0.865876
vt 0.297686 0.861958
vt 0.297925 0.857505
vt 0.301528 0.729510
vt 0.301225 0.724244
vt 0.304159 0.723637
vt 0.304475 0.728911
vt 0.301352 0.717916
vt 0.304316 0.717285
vt 0.307377 0.717043
vt 0.307140 0.723409
vt 0.307377 0.728655
vt 0.251188 0.820407
vt 0.250652 0.829319
vt 0.247375 0.828444
vt 0.247749 0.819474
vt 0.249995 0.838152
vt 0.246921 0.837320
vt 0.243682 0.837118
vt 0.244050 0.827779
vt 0.243682 0.816457
vt 0.251559 0.861078
vt 0.251261 0.869946
vt 0.247836 0.869801
vt 0.248421 0.860760
vt 0.252065 0.878106
vt 0.248525 0.878143
vt 0.243682 0.876916
vt 0.243682 0.868489
vt 0.244564 0.860165
vt 0.253450 0.863939
vt 0.253432 0.855745
vt 0.256417 0.854992
vt 0.256406 0.863222
vt 0.252847 0.847245
vt 0.255854 0.846408
vt 0.259446 0.844200
vt 0.259427 0.854554
vt 0.259446 0.862848
vt 0.293212 0.717267
vt 0.292555 0.726297
vt 0.289413 0.726275
vt 0.290130 0.717043
vt 0.293212 0.735804
vt 0.290023 0.735948
vt 0.286162 0.736261
vt 0.285653 0.727241
vt 0.285951 0.717551
vt 0.233643 0.888754
vt 0.233510 0.883520
vt 0.236512 0.883768
vt 0.236748 0.888802
vt 0.233777 0.878522
vt 0.236772 0.878706
vt 0.239641 0.879281
vt 0.239338 0.884316
vt 0.239641 0.889071
vt 0.145840 0.877799
vt 0.146012 0.884061
vt 0.142912 0.883845
vt 0.142661 0.877580
vt 0.145589 0.888889
vt 0.142458 0.888511
vt 0.139470 0.889034
vt 0.139850 0.884423
vt 0.139470 0.878062
vt 0.146520 0.887070
vt 0.146631 0.880925
vt 0.149904 0.880216
vt 0.150130 0.884884
vt 0.146520 0.874968
vt 0.149609 0.874975
vt 0.152488 0.875360
vt 0.152963 0.879820
vt 0.153161 0.884083
vt 0.313911 0.717043
vt 0.313840 0.721511
vt 0.310538 0.721089
vt 0.310752 0.717091
vt 0.313911 0.725434
vt 0.310861 0.725459
vt 0.308193 0.726458
vt 0.307721 0.721962
vt 0.307873 0.718022
vt 0.298724 0.748337
vt 0.298156 0.743116
vt 0.300667 0.742595
vt 0.300986 0.747719
vt 0.298156 0.736753
vt 0.300830 0.736241
vt 0.303858 0.735721
vt 0.303572 0.741972
vt 0.303599 0.746982
vt 0.211404 0.840691
vt 0.212322 0.851973
vt 0.209457 0.851516
vt 0.208877 0.840870
vt 0.212075 0.861305
vt 0.209048 0.861097
vt 0.205944 0.860892
vt 0.206457 0.851560
vt 0.205944 0.839983
vt 0.255864 0.755805
vt 0.250614 0.759938
vt 0.250252 0.759213
vt 0.254789 0.754043
vt 0.249371 0.760950
vt 0.249003 0.760713
vt 0.248622 0.760196
vt 0.249511 0.758568
vt 0.253071 0.753121
vt 0.279599 0.736857
vt 0.279911 0.728571
vt 0.282417 0.727961
vt 0.282281 0.736394
vt 0.280383 0.718238
vt 0.282764 0.718331
vt 0.285309 0.717043
vt 0.285149 0.727618
vt 0.285309 0.735897
vt 0.250439 0.740858
vt 0.252331 0.741776
vt 0.252049 0.742552
vt 0.249965 0.741154
vt 0.259411 0.745479
vt 0.258893 0.747224
vt 0.257161 0.748448
vt 0.251385 0.743417
vt 0.249839 0.741785
vt 0.277673 0.888427
vt 0.277093 0.883703
vt 0.279379 0.883735
vt 0.279988 0.888234
vt 0.277331 0.878676
vt 0.279666 0.878864
vt 0.282377 0.879061
vt 0.281927 0.883681
vt 0.282377 0.887956
vt 0.169008 0.878078
vt 0.168847 0.884452
vt 0.165972 0.884590
vt 0.165974 0.878246
vt 0.168020 0.888999
vt 0.165405 0.888970
vt 0.162871 0.888672
vt 0.163085 0.884540
vt 0.162871 0.878451
vt 0.314127 0.772183
vt 0.314116 0.776456
vt 0.311715 0.776467
vt 0.311774 0.772271
vt 0.314220 0.780938
vt 0.311928 0.780572
vt 0.309547 0.780194
vt 0.309547 0.776282
vt 0.309895 0.771930
vt 0.287530 0.806496
vt 0.287097 0.810431
vt 0.284690 0.810647
vt 0.284932 0.806904
vt 0.287103 0.814945
vt 0.284858 0.815168
vt 0.282735 0.815138
vt 0.282387 0.810550
vt 0.282387 0.807064
vt 0.184020 0.877662
vt 0.184261 0.882682
vt 0.180241 0.883533
vt 0.180223 0.878633
vt 0.184206 0.888935
vt 0.180202 0.889461
vt 0.175966 0.889083
vt 0.175966 0.883833
vt 0.176031 0.879353
vt 0.221723 0.839983
vt 0.221723 0.851591
vt 0.217911 0.852283
vt 0.217181 0.843952
vt 0.220656 0.860875
vt 0.217162 0.860500
vt 0.213314 0.860791
vt 0.213622 0.854057
vt 0.212666 0.847212
vt 0.164596 0.877734
vt 0.162871 0.870499
vt 0.167990 0.869728
vt 0.169531 0.876917
vt 0.163472 0.862225
vt 0.169469 0.862684
vt 0.174950 0.863653
vt 0.173755 0.869727
vt 0.174950 0.875913
vt 0.289428 0.771440
vt 0.289428 0.763136
vt 0.293075 0.763723
vt 0.293488 0.771150
vt 0.289973 0.752560
vt 0.293589 0.756177
vt 0.297546 0.759130
vt 0.297205 0.765352
vt 0.297718 0.771586
vt 0.213349 0.878164
vt 0.212666 0.869110
vt 0.217150 0.871165
vt 0.218433 0.878583
vt 0.213981 0.861219
vt 0.218396 0.863576
vt 0.223328 0.866023
vt 0.222232 0.872303
vt 0.223328 0.878327
vt 0.307623 0.892748
vt 0.306565 0.888576
vt 0.310060 0.888270
vt 0.310557 0.892194
vt 0.306356 0.883942
vt 0.310260 0.883942
vt 0.314504 0.884304
vt 0.314029 0.888127
vt 0.314062 0.891648
vt 0.278283 0.741688
vt 0.278283 0.747788
vt 0.275029 0.747367
vt 0.274765 0.741886
vt 0.277835 0.751900
vt 0.274904 0.751164
vt 0.271389 0.750853
vt 0.271402 0.747511
vt 0.271054 0.742898
vt 0.309927 0.735054
vt 0.308894 0.730805
vt 0.311158 0.730496
vt 0.311656 0.735158
vt 0.307721 0.727076
vt 0.310695 0.726837
vt 0.314257 0.726802
vt 0.314099 0.730266
vt 0.314257 0.735226
vt 0.153029 0.887456
vt 0.152973 0.890944
vt 0.150289 0.890543
vt 0.150004 0.887414
vt 0.152987 0.895539
vt 0.150646 0.895335
vt 0.147502 0.895539
vt 0.147031 0.890598
vt 0.146520 0.887921
vt 0.184967 0.850440
vt 0.187135 0.849959
vt 0.186039 0.853992
vt 0.184636 0.855058
vt 0.189630 0.850119
vt 0.187220 0.854831
vt 0.184605 0.860721
vt 0.252955 0.829361
vt 0.255947 0.831197
vt 0.254984 0.835976
vt 0.253072 0.835891
vt 0.258155 0.834103
vt 0.256027 0.838528
vt 0.252847 0.843856
vt 0.166926 0.826262
vt 0.170271 0.826351
vt 0.169350 0.832137
vt 0.167264 0.833226
vt 0.173058 0.828310
vt 0.170737 0.834415
vt 0.167548 0.841716
vt 0.257255 0.804549
vt 0.259416 0.801896
vt 0.260355 0.806954
vt 0.259314 0.809421
vt 0.262199 0.800399
vt 0.262154 0.807110
vt 0.262137 0.815215
vt 0.160088 0.828250
vt 0.162768 0.826383
vt 0.164058 0.832159
vt 0.162811 0.834377
vt 0.166127 0.826265
vt 0.166228 0.833235
vt 0.166212 0.841733
vt 0.154809 0.852045
vt 0.156789 0.851920
vt 0.155891 0.855672
vt 0.154542 0.856442
vt 0.158654 0.852413
vt 0.156739 0.856623
vt 0.154734 0.861914
vt 0.250105 0.849597
vt 0.247986 0.848655
vt 0.248436 0.844872
vt 0.249769 0.844698
vt 0.246640 0.847409
vt 0.247767 0.843445
vt 0.249923 0.838496
vt 0.169761 0.853030
vt 0.172605 0.851872
vt 0.172889 0.855640
vt 0.171377 0.857117
vt 0.174664 0.852030
vt 0.174130 0.856403
vt 0.173973 0.861881
vt 0.300355 0.726518
vt 0.298949 0.726408
vt 0.298974 0.723021
vt 0.299781 0.722445
vt 0.296474 0.724695
vt 0.297661 0.721277
vt 0.299647 0.717043
vt 0.267539 0.741688
vt 0.269772 0.745234
vt 0.269257 0.748221
vt 0.267097 0.746735
vt 0.270587 0.748044
vt 0.270710 0.749874
vt 0.270336 0.750872
vt 0.269253 0.751352
vt 0.267097 0.752154
vt 0.309738 0.875297
vt 0.312890 0.872505
vt 0.313330 0.875651
vt 0.311065 0.877745
vt 0.315720 0.871161
vt 0.315720 0.875201
vt 0.314841 0.879937
vt 0.312988 0.879200
vt 0.311497 0.879969
vt 0.225655 0.863310
vt 0.228497 0.863212
vt 0.228298 0.869355
vt 0.225655 0.869975
vt 0.231374 0.864215
vt 0.231016 0.869268
vt 0.231092 0.874688
vt 0.228646 0.876110
vt 0.226329 0.877477
vt 0.239018 0.864321
vt 0.241200 0.863455
vt 0.241475 0.868287
vt 0.239450 0.868340
vt 0.243085 0.863151
vt 0.243295 0.868885
vt 0.242721 0.875466
vt 0.240866 0.874028
vt 0.239018 0.873142
vt 0.148855 0.858378
vt 0.150927 0.858815
vt 0.150787 0.865816
vt 0.148855 0.865968
vt 0.153161 0.859124
vt 0.152845 0.865783
vt 0.153026 0.873314
vt 0.151091 0.873855
vt 0.149184 0.874624
vt 0.148855 0.841441
vt 0.150582 0.841460
vt 0.150961 0.848389
vt 0.149228 0.847169
vt 0.153183 0.841452
vt 0.153943 0.849436
vt 0.153658 0.858034
vt 0.150861 0.855919
vt 0.148855 0.853761
vt 0.178803 0.840224
vt 0.181954 0.840295
vt 0.182032 0.849114
vt 0.178531 0.850285
vt 0.184261 0.840739
vt 0.184181 0.848329
vt 0.184261 0.856985
vt 0.182074 0.858824
vt 0.178939 0.861079
vt 0.243158 0.826726
vt 0.238270 0.825927
vt 0.240451 0.822055
vt 0.243338 0.821943
vt 0.235194 0.821917
vt 0.238987 0.819692
vt 0.243338 0.816457
vt 0.258645 0.752560
vt 0.263149 0.753783
vt 0.261621 0.756727
vt 0.258691 0.758039
vt 0.266715 0.754373
vt 0.263645 0.759847
vt 0.258649 0.762820
vt 0.266869 0.765759
vt 0.258645 0.769722
vt 0.270827 0.755697
vt 0.275447 0.755848
vt 0.273376 0.765686
vt 0.271694 0.776347
vt 0.265801 0.777186
vt 0.258652 0.778628
vt 0.225655 0.826777
vt 0.230509 0.825081
vt 0.234740 0.832700
vt 0.228369 0.834320
vt 0.242855 0.833620
vt 0.242608 0.842526
vt 0.235728 0.842567
vt 0.230259 0.842704
vt 0.166572 0.842792
vt 0.171495 0.842135
vt 0.172088 0.846830
vt 0.167416 0.847876
vt 0.174950 0.842060
vt 0.174950 0.846845
vt 0.154542 0.842077
vt 0.158059 0.842215
vt 0.157581 0.847007
vt 0.154794 0.846854
vt 0.161844 0.842906
vt 0.160493 0.847529
vt 0.184605 0.840414
vt 0.189085 0.840224
vt 0.188339 0.844975
vt 0.184976 0.845218
vt 0.194321 0.840280
vt 0.192298 0.844968
vt 0.252847 0.794570
vt 0.257074 0.789986
vt 0.258269 0.795722
vt 0.255020 0.799192
vt 0.262199 0.786471
vt 0.262199 0.793100
vt 0.154542 0.815471
vt 0.159910 0.812507
vt 0.161203 0.819333
vt 0.157137 0.821572
vt 0.166228 0.811608
vt 0.166022 0.818672
vt 0.166572 0.811608
vt 0.172830 0.812388
vt 0.171406 0.819299
vt 0.166572 0.818677
vt 0.178187 0.815500
vt 0.175585 0.821671
vt 0.253057 0.815559
vt 0.258539 0.819792
vt 0.257124 0.825361
vt 0.252847 0.822262
vt 0.262807 0.824987
vt 0.260449 0.829225
vt 0.250520 0.859820
vt 0.246431 0.857652
vt 0.247421 0.853296
vt 0.250520 0.854965
vt 0.243682 0.855769
vt 0.245334 0.851806
vt 0.300881 0.735377
vt 0.298229 0.734726
vt 0.298806 0.730636
vt 0.300881 0.731074
vt 0.293556 0.733072
vt 0.294482 0.728536
vt 0.298951 0.837358
vt 0.298260 0.837368
vt 0.298408 0.833897
vt 0.299092 0.833815
vt 0.297753 0.837270
vt 0.297916 0.833832
vt 0.297753 0.830293
vt 0.298212 0.830268
vt 0.298903 0.830100
vt 0.288524 0.806799
vt 0.289046 0.806761
vt 0.289082 0.810478
vt 0.288601 0.810496
vt 0.289727 0.806647
vt 0.289780 0.810439
vt 0.289663 0.814887
vt 0.288948 0.814827
vt 0.288524 0.814784
vt 0.231123 0.888898
vt 0.230705 0.888904
vt 0.230358 0.883590
vt 0.230734 0.883758
vt 0.229998 0.888887
vt 0.229661 0.883447
vt 0.229974 0.878811
vt 0.230778 0.879048
vt 0.231123 0.879370
vt 0.305177 0.742739
vt 0.305476 0.742394
vt 0.308307 0.744198
vt 0.307972 0.744631
vt 0.305384 0.741558
vt 0.308120 0.742911
vt 0.310096 0.745612
vt 0.310211 0.747077
vt 0.309848 0.747533
vt 0.311706 0.743996
vt 0.311012 0.744007
vt 0.311389 0.739898
vt 0.312160 0.739810
vt 0.310555 0.743971
vt 0.310926 0.740084
vt 0.310555 0.736719
vt 0.310966 0.736368
vt 0.311898 0.736225
vt 0.279855 0.780427
vt 0.279755 0.781353
vt 0.277446 0.782928
vt 0.277613 0.781629
vt 0.280070 0.781801
vt 0.277712 0.783351
vt 0.275989 0.786088
vt 0.275791 0.785733
vt 0.275838 0.784413
vt 0.222067 0.851981
vt 0.222350 0.851447
vt 0.223866 0.853407
vt 0.223529 0.853837
vt 0.222276 0.849928
vt 0.223814 0.851818
vt 0.225140 0.853174
vt 0.225049 0.854970
vt 0.224611 0.855295
vt 0.205308 0.848775
vt 0.205254 0.850109
vt 0.203963 0.853418
vt 0.203822 0.851967
vt 0.205481 0.850448
vt 0.204243 0.853579
vt 0.203179 0.856446
vt 0.202824 0.856469
vt 0.202494 0.854803
vt 0.162224 0.854516
vt 0.162524 0.854050
vt 0.163861 0.855181
vt 0.163548 0.855592
vt 0.162413 0.852273
vt 0.163800 0.853407
vt 0.165340 0.854421
vt 0.165189 0.856328
vt 0.164863 0.856713
vt 0.293556 0.750320
vt 0.293700 0.749810
vt 0.295494 0.750557
vt 0.295309 0.751026
vt 0.293643 0.747878
vt 0.295492 0.748751
vt 0.297670 0.749559
vt 0.297486 0.751419
vt 0.297205 0.751912
vt 0.204974 0.868975
vt 0.204894 0.870743
vt 0.202821 0.871987
vt 0.202801 0.870280
vt 0.205087 0.871015
vt 0.203027 0.872143
vt 0.201109 0.873076
vt 0.200810 0.872945
vt 0.200694 0.871168
vt 0.285771 0.751384
vt 0.285698 0.750785
vt 0.288358 0.750896
vt 0.288378 0.751514
vt 0.285653 0.748942
vt 0.288337 0.749413
vt 0.291659 0.750005
vt 0.291615 0.751364
vt 0.291589 0.752009
vt 0.281915 0.874017
vt 0.281882 0.875937
vt 0.279670 0.876538
vt 0.279662 0.874895
vt 0.282118 0.876157
vt 0.279925 0.876884
vt 0.277265 0.878138
vt 0.277028 0.877657
vt 0.276980 0.876226
vt 0.309394 0.881466
vt 0.308808 0.881765
vt 0.308605 0.877396
vt 0.309133 0.877233
vt 0.307534 0.882001
vt 0.307430 0.877482
vt 0.307441 0.872189
vt 0.308670 0.872362
vt 0.309158 0.872352
vt 0.297777 0.796561
vt 0.296457 0.795908
vt 0.296562 0.791554
vt 0.297771 0.791959
vt 0.295940 0.795813
vt 0.296055 0.791508
vt 0.295940 0.786558
vt 0.296427 0.786471
vt 0.297633 0.786598
vt 0.275791 0.775893
vt 0.277893 0.774989
vt 0.278134 0.777973
vt 0.275946 0.780686
vt 0.278939 0.774452
vt 0.279400 0.775006
vt 0.280826 0.775464
vt 0.280236 0.777863
vt 0.222317 0.839983
vt 0.224186 0.842071
vt 0.223699 0.847108
vt 0.222110 0.845687
vt 0.225140 0.844140
vt 0.225003 0.848106
vt 0.162242 0.843210
vt 0.163492 0.842077
vt 0.163736 0.848027
vt 0.162188 0.847181
vt 0.165486 0.842298
vt 0.165486 0.848845
vt 0.200694 0.842965
vt 0.203037 0.841627
vt 0.203461 0.847694
vt 0.201617 0.849886
vt 0.205502 0.840224
vt 0.205502 0.845028
vt 0.293556 0.735721
vt 0.295555 0.736230
vt 0.295617 0.743149
vt 0.293680 0.742281
vt 0.297675 0.737273
vt 0.297812 0.744213
vt 0.201079 0.857772
vt 0.203080 0.857168
vt 0.202907 0.864829
vt 0.200754 0.865657
vt 0.205087 0.856813
vt 0.204947 0.863882
vt 0.285653 0.736605
vt 0.288028 0.738399
vt 0.288381 0.744931
vt 0.285781 0.743562
vt 0.291158 0.740021
vt 0.291612 0.746218
vt 0.276752 0.864790
vt 0.279856 0.862426
vt 0.279777 0.870010
vt 0.276917 0.872036
vt 0.282118 0.860654
vt 0.282017 0.868480
vt 0.297661 0.883597
vt 0.297661 0.878075
vt 0.304015 0.877678
vt 0.303794 0.882576
vt 0.297890 0.871161
vt 0.303949 0.871737
vt 0.307170 0.787608
vt 0.308067 0.794885
vt 0.301242 0.793151
vt 0.301118 0.787002
vt 0.308373 0.800859
vt 0.301575 0.798386
vt 0.304202 0.737334
vt 0.305999 0.736719
vt 0.307531 0.739246
vt 0.304924 0.739321
vt 0.306374 0.735929
vt 0.307402 0.735848
vt 0.310211 0.735721
vt 0.309884 0.741420
vt 0.305195 0.782916
vt 0.304805 0.781793
vt 0.306100 0.778920
vt 0.306212 0.783170
vt 0.304132 0.780747
vt 0.303914 0.778420
vt 0.303431 0.773529
vt 0.306198 0.772800
vt 0.309203 0.771930
vt 0.309203 0.777886
vt 0.308932 0.784019
vt 0.311627 0.824285
vt 0.311074 0.824332
vt 0.311181 0.820315
vt 0.311773 0.820194
vt 0.310342 0.824355
vt 0.310456 0.820427
vt 0.310192 0.816277
vt 0.310911 0.816070
vt 0.311569 0.815918
vt 0.309202 0.836740
vt 0.308482 0.836861
vt 0.308318 0.832609
vt 0.309067 0.832576
vt 0.307946 0.837014
vt 0.307785 0.832634
vt 0.307907 0.827553
vt 0.308449 0.827585
vt 0.309202 0.827651
vt 0.309848 0.826819
vt 0.309093 0.826799
vt 0.308993 0.820641
vt 0.309723 0.820764
vt 0.308549 0.826807
vt 0.308440 0.820797
vt 0.308341 0.815873
vt 0.309053 0.815559
vt 0.309848 0.815718
vt 0.299452 0.892559
vt 0.298783 0.892653
vt 0.298714 0.887903
vt 0.299534 0.887835
vt 0.298045 0.892799
vt 0.297942 0.888136
vt 0.297661 0.884371
vt 0.298573 0.884095
vt 0.299725 0.884040
vt 0.304570 0.837658
vt 0.304437 0.832790
vt 0.306503 0.832693
vt 0.306655 0.837399
vt 0.304520 0.827613
vt 0.306598 0.827479
vt 0.305177 0.827135
vt 0.305080 0.822101
vt 0.307099 0.821254
vt 0.307237 0.826833
vt 0.304437 0.818344
vt 0.306518 0.816771
vt 0.315647 0.815743
vt 0.315443 0.820036
vt 0.313227 0.819895
vt 0.313231 0.815559
vt 0.315070 0.824355
vt 0.312971 0.824165
vt 0.306011 0.884744
vt 0.304433 0.888291
vt 0.301685 0.887719
vt 0.302791 0.883942
vt 0.303528 0.892799
vt 0.301142 0.892361
vt 0.293451 0.806048
vt 0.293607 0.810239
vt 0.291679 0.810340
vt 0.291582 0.806346
vt 0.293546 0.815176
vt 0.291597 0.815032
vt 0.226152 0.888837
vt 0.225877 0.882834
vt 0.227766 0.883128
vt 0.228084 0.888853
vt 0.225655 0.877821
vt 0.227751 0.878200
vt 0.302671 0.829171
vt 0.302809 0.833333
vt 0.300942 0.833577
vt 0.300781 0.829640
vt 0.302701 0.837263
vt 0.300818 0.837313
vt 0.316903 0.735721
vt 0.316357 0.739421
vt 0.314264 0.739612
vt 0.314453 0.735900
vt 0.315566 0.744002
vt 0.313627 0.743994
vt 0.172770 0.888691
vt 0.172822 0.887886
vt 0.174587 0.887906
vt 0.174677 0.888965
vt 0.175224 0.887276
vt 0.175394 0.888451
vt 0.157794 0.877171
vt 0.156293 0.877319
vt 0.156240 0.876068
vt 0.157647 0.876230
vt 0.155641 0.877002
vt 0.155505 0.875945
vt 0.154542 0.874379
vt 0.155280 0.874278
vt 0.245450 0.786127
vt 0.237110 0.782590
vt 0.242014 0.776542
vt 0.248821 0.780275
vt 0.228327 0.783807
vt 0.236586 0.774317
vt 0.244035 0.767040
vt 0.247790 0.769950
vt 0.253695 0.773180
vt 0.226609 0.781703
vt 0.235256 0.773373
vt 0.225655 0.778231
vt 0.234796 0.770306
vt 0.242047 0.764360
vt 0.243236 0.766236
vt 0.227385 0.768120
vt 0.233859 0.764454
vt 0.225655 0.759565
vt 0.232017 0.757784
vt 0.238865 0.755252
vt 0.240500 0.760273
vt 0.230018 0.717043
vt 0.241970 0.718396
vt 0.246051 0.725613
vt 0.238966 0.726969
vt 0.252407 0.717043
vt 0.254057 0.724079
vt 0.256665 0.731611
vt 0.250654 0.733022
vt 0.245621 0.735004
vt 0.225655 0.741471
vt 0.228940 0.732444
vt 0.234561 0.737677
vt 0.231347 0.745264
vt 0.227569 0.722287
vt 0.236682 0.731000
vt 0.243328 0.738023
vt 0.240835 0.742810
vt 0.238758 0.749570
vt 0.228217 0.719164
vt 0.237002 0.728121
vt 0.244642 0.736174
vt 0.251268 0.763146
vt 0.258301 0.763189
vt 0.248353 0.762164
vt 0.247790 0.761724
vt 0.247002 0.760881
vt 0.246384 0.758056
vt 0.246480 0.752560
vt 0.252773 0.738852
vt 0.249690 0.739637
vt 0.259312 0.739230
vt 0.248047 0.744852
vt 0.249910 0.752216
vt 0.248367 0.741161
vt 0.249156 0.740150
vt 0.239145 0.808738
vt 0.239325 0.810189
vt 0.235895 0.809786
vt 0.235209 0.808067
vt 0.239466 0.811646
vt 0.236588 0.811686
vt 0.234545 0.811036
vt 0.233531 0.809279
vt 0.233296 0.808054
vt 0.240486 0.801770
vt 0.240243 0.802987
vt 0.236065 0.802617
vt 0.236300 0.801469
vt 0.239993 0.804185
vt 0.235822 0.803764
vt 0.232892 0.803466
vt 0.233137 0.802245
vt 0.233389 0.801013
vt 0.241953 0.796608
vt 0.241585 0.798000
vt 0.238170 0.797609
vt 0.239179 0.796002
vt 0.241040 0.799445
vt 0.237029 0.799304
vt 0.235039 0.798908
vt 0.235406 0.797320
vt 0.237160 0.795983
vt 0.242349 0.792099
vt 0.242272 0.793266
vt 0.239565 0.792865
vt 0.239630 0.791704
vt 0.242178 0.794437
vt 0.239500 0.794003
vt 0.236939 0.793786
vt 0.236955 0.792520
vt 0.236993 0.791252
vt 0.228874 0.809439
vt 0.229882 0.811288
vt 0.228949 0.811975
vt 0.227913 0.810141
vt 0.231265 0.813954
vt 0.230314 0.814637
vt 0.229355 0.815307
vt 0.228033 0.812660
vt 0.226971 0.810868
vt 0.239753 0.805373
vt 0.235573 0.804902
vt 0.239500 0.806559
vt 0.235320 0.806026
vt 0.232411 0.805881
vt 0.232650 0.804677
vt 0.230868 0.808100
vt 0.231737 0.809984
vt 0.230817 0.810616
vt 0.229855 0.808758
vt 0.233131 0.812540
vt 0.232207 0.813257
vt 0.242476 0.789772
vt 0.242416 0.790935
vt 0.239696 0.790534
vt 0.239764 0.789364
vt 0.237048 0.789980
vt 0.237119 0.788707
vt 0.239206 0.807753
vt 0.235069 0.807125
vt 0.232182 0.807079
vt 0.234036 0.811805
vt 0.232596 0.809404
vt 0.232007 0.807533
vt 0.242553 0.787565
vt 0.242526 0.788608
vt 0.239831 0.788205
vt 0.239664 0.787040
vt 0.237219 0.787411
vt 0.237518 0.786471
vt 0.242060 0.795635
vt 0.239441 0.795095
vt 0.236957 0.795047
vt 0.227149 0.813305
vt 0.226045 0.811659
vt 0.228381 0.815962
vt 0.227466 0.816113
vt 0.226471 0.814257
vt 0.225655 0.813074
vt 0.240705 0.800519
vt 0.236521 0.800337
vt 0.233658 0.799764
vt 0.244395 0.811891
vt 0.244636 0.811095
vt 0.246893 0.811496
vt 0.246879 0.811671
vt 0.244777 0.810380
vt 0.246932 0.811359
vt 0.247312 0.811515
vt 0.247359 0.811580
vt 0.247287 0.811630
vt 0.252503 0.811690
vt 0.252303 0.812546
vt 0.250225 0.812139
vt 0.250226 0.811935
vt 0.252174 0.813392
vt 0.250178 0.812302
vt 0.249772 0.812111
vt 0.249727 0.812035
vt 0.249793 0.811974
vt 0.247547 0.816113
vt 0.246167 0.815401
vt 0.247775 0.812666
vt 0.248255 0.812790
vt 0.244722 0.814744
vt 0.247046 0.812659
vt 0.247466 0.812217
vt 0.247825 0.812152
vt 0.248125 0.811749
vt 0.248209 0.811846
vt 0.248418 0.811913
vt 0.244500 0.813075
vt 0.246989 0.812040
vt 0.247406 0.811628
vt 0.247527 0.811663
vt 0.247384 0.811897
vt 0.245257 0.809388
vt 0.247166 0.811042
vt 0.246028 0.807890
vt 0.247438 0.810485
vt 0.247676 0.811019
vt 0.247490 0.811293
vt 0.247545 0.811558
vt 0.247421 0.811554
vt 0.247554 0.807727
vt 0.248126 0.810719
vt 0.249069 0.807495
vt 0.248618 0.810776
vt 0.248471 0.811626
vt 0.248250 0.811615
vt 0.248138 0.811676
vt 0.247994 0.811201
vt 0.248443 0.811768
vt 0.248189 0.811722
vt 0.248105 0.811715
vt 0.247820 0.811673
vt 0.247817 0.811665
vt 0.247822 0.811659
vt 0.248107 0.811704
vt 0.247590 0.811607
vt 0.247503 0.811605
vt 0.247585 0.811634
vt 0.250528 0.808140
vt 0.249115 0.810864
vt 0.252074 0.808771
vt 0.249948 0.810853
vt 0.249545 0.811307
vt 0.249137 0.811368
vt 0.248865 0.811771
vt 0.248717 0.811676
vt 0.252352 0.810501
vt 0.250076 0.811534
vt 0.249627 0.811972
vt 0.249450 0.811926
vt 0.249635 0.811660
vt 0.251664 0.814446
vt 0.249892 0.812634
vt 0.250779 0.816002
vt 0.249515 0.813234
vt 0.249289 0.812644
vt 0.249510 0.812349
vt 0.249434 0.812042
vt 0.249616 0.812063
vt 0.249145 0.816022
vt 0.248742 0.812898
vt 0.248658 0.811959
vt 0.248826 0.811936
vt 0.248932 0.812430
vt 0.248916 0.811863
vt 0.248757 0.811827
vt 0.249141 0.811933
vt 0.249139 0.811944
vt 0.249138 0.811950
vt 0.248902 0.811881
vt 0.249484 0.811989
vt 0.249344 0.812002
vt 0.249348 0.811934
vt 0.247540 0.789592
vt 0.244898 0.789824
vt 0.244949 0.788554
vt 0.247789 0.788011
vt 0.245026 0.787514
vt 0.247758 0.786845
vt 0.247870 0.792550
vt 0.244781 0.792371
vt 0.244842 0.791096
vt 0.247901 0.791069
vt 0.247260 0.795505
vt 0.244642 0.794953
vt 0.244713 0.793655
vt 0.247763 0.794035
vt 0.247260 0.798242
vt 0.244585 0.797334
vt 0.244570 0.796279
vt 0.247360 0.797126
vt 0.246977 0.799872
vt 0.244230 0.799660
vt 0.244501 0.798489
vt 0.247186 0.799071
vt 0.246116 0.802234
vt 0.243560 0.802009
vt 0.243894 0.800700
vt 0.246697 0.800870
vt 0.245828 0.805095
vt 0.242907 0.804572
vt 0.243217 0.803294
vt 0.246122 0.803705
vt 0.245002 0.807778
vt 0.242463 0.807128
vt 0.242674 0.805843
vt 0.245569 0.806465
vt 0.242112 0.809497
vt 0.242223 0.808458
vt 0.244972 0.809325
vt 0.241811 0.811638
vt 0.242016 0.810570
vt 0.191983 0.818089
vt 0.191564 0.816640
vt 0.195423 0.817711
vt 0.196204 0.819426
vt 0.191241 0.815161
vt 0.194630 0.815794
vt 0.196857 0.816815
vt 0.197961 0.818656
vt 0.198185 0.819772
vt 0.190004 0.824873
vt 0.190385 0.823694
vt 0.194778 0.824688
vt 0.194405 0.825785
vt 0.190770 0.822534
vt 0.195158 0.823591
vt 0.198141 0.824316
vt 0.197746 0.825482
vt 0.197345 0.826660
vt 0.187054 0.829154
vt 0.188005 0.828106
vt 0.191634 0.829002
vt 0.190077 0.830201
vt 0.189102 0.827051
vt 0.193310 0.827755
vt 0.195325 0.828405
vt 0.194594 0.829705
vt 0.192364 0.830568
vt 0.185848 0.833467
vt 0.186112 0.832338
vt 0.189106 0.833206
vt 0.188865 0.834341
vt 0.186382 0.831205
vt 0.189340 0.832092
vt 0.192267 0.832729
vt 0.192064 0.833993
vt 0.191836 0.835254
vt 0.202623 0.818384
vt 0.201656 0.816700
vt 0.202564 0.815986
vt 0.203558 0.817651
vt 0.200106 0.813955
vt 0.201029 0.813251
vt 0.201959 0.812559
vt 0.203449 0.815274
vt 0.204470 0.816890
vt 0.191130 0.821378
vt 0.195544 0.822502
vt 0.191502 0.820224
vt 0.195933 0.821427
vt 0.198926 0.822008
vt 0.198535 0.823158
vt 0.200668 0.819790
vt 0.199834 0.818047
vt 0.200742 0.817396
vt 0.201665 0.819098
vt 0.198289 0.815405
vt 0.199189 0.814672
vt 0.185329 0.835719
vt 0.185588 0.834593
vt 0.188618 0.835485
vt 0.188366 0.836631
vt 0.191590 0.836512
vt 0.191328 0.837768
vt 0.191928 0.819077
vt 0.196320 0.820372
vt 0.199312 0.820861
vt 0.197410 0.816153
vt 0.198978 0.818638
vt 0.199530 0.820387
vt 0.185005 0.837885
vt 0.185073 0.836844
vt 0.188112 0.837774
vt 0.188233 0.838958
vt 0.191040 0.839040
vt 0.190622 0.839880
vt 0.186664 0.830042
vt 0.189562 0.831015
vt 0.192434 0.831460
vt 0.204294 0.814603
vt 0.205355 0.816063
vt 0.202903 0.811882
vt 0.203710 0.811608
vt 0.204830 0.813529
vt 0.205600 0.814562
vt 0.189663 0.826089
vt 0.194045 0.826870
vt 0.196927 0.827855
vt 0.185747 0.814367
vt 0.185781 0.815131
vt 0.183786 0.815383
vt 0.183741 0.815223
vt 0.185900 0.815801
vt 0.183800 0.815531
vt 0.183385 0.815503
vt 0.183312 0.815458
vt 0.183374 0.815388
vt 0.178594 0.816707
vt 0.178607 0.815925
vt 0.180486 0.815725
vt 0.180509 0.815921
vt 0.178531 0.815168
vt 0.180481 0.815570
vt 0.180881 0.815657
vt 0.180950 0.815705
vt 0.180888 0.815771
vt 0.181852 0.811608
vt 0.183209 0.811826
vt 0.182553 0.814602
vt 0.182123 0.814636
vt 0.184678 0.811975
vt 0.183294 0.814364
vt 0.183039 0.814896
vt 0.182695 0.815072
vt 0.182584 0.815465
vt 0.182445 0.815422
vt 0.182239 0.815440
vt 0.185349 0.813378
vt 0.183547 0.814932
vt 0.183257 0.815427
vt 0.183127 0.815429
vt 0.183217 0.815165
vt 0.185775 0.816820
vt 0.183697 0.815890
vt 0.185493 0.818405
vt 0.183599 0.816528
vt 0.183213 0.816093
vt 0.183313 0.815771
vt 0.183145 0.815543
vt 0.183266 0.815504
vt 0.184125 0.818975
vt 0.182799 0.816499
vt 0.182845 0.819585
vt 0.182358 0.816571
vt 0.182277 0.815755
vt 0.182482 0.815723
vt 0.182607 0.815648
vt 0.182818 0.816013
vt 0.182262 0.815597
vt 0.182526 0.815565
vt 0.182647 0.815541
vt 0.182865 0.815517
vt 0.182868 0.815522
vt 0.182867 0.815527
vt 0.182649 0.815556
vt 0.183055 0.815513
vt 0.183151 0.815483
vt 0.183050 0.815480
vt 0.181362 0.819458
vt 0.181890 0.816653
vt 0.179715 0.819363
vt 0.181038 0.816945
vt 0.181287 0.816416
vt 0.181740 0.816188
vt 0.181891 0.815745
vt 0.182053 0.815779
vt 0.178975 0.817787
vt 0.180689 0.816281
vt 0.181006 0.815739
vt 0.181138 0.815744
vt 0.181046 0.816061
vt 0.178642 0.814108
vt 0.180602 0.815205
vt 0.179021 0.812445
vt 0.180819 0.814523
vt 0.181170 0.814995
vt 0.180998 0.815361
vt 0.181130 0.815641
vt 0.181001 0.815664
vt 0.180498 0.812051
vt 0.181675 0.814656
vt 0.182017 0.815465
vt 0.181870 0.815535
vt 0.181635 0.815138
vt 0.181798 0.815659
vt 0.181961 0.815631
vt 0.181516 0.815685
vt 0.181517 0.815673
vt 0.181515 0.815670
vt 0.181798 0.815641
vt 0.181129 0.815690
vt 0.181245 0.815665
vt 0.181247 0.815709
vt 0.179687 0.834954
vt 0.182475 0.835187
vt 0.182184 0.836397
vt 0.179169 0.836458
vt 0.182033 0.837407
vt 0.179053 0.837571
vt 0.179984 0.832030
vt 0.183071 0.832757
vt 0.182771 0.833974
vt 0.179661 0.833427
vt 0.181209 0.829340
vt 0.183675 0.830317
vt 0.183372 0.831538
vt 0.180410 0.830663
vt 0.181890 0.826815
vt 0.184275 0.828154
vt 0.183976 0.829093
vt 0.181510 0.827790
vt 0.182993 0.825667
vt 0.185683 0.826386
vt 0.184896 0.827265
vt 0.182394 0.826203
vt 0.184140 0.823534
vt 0.186642 0.824116
vt 0.186210 0.825407
vt 0.183478 0.824820
vt 0.184776 0.820824
vt 0.187588 0.821651
vt 0.187136 0.822883
vt 0.184361 0.822106
vt 0.185627 0.818249
vt 0.188183 0.819121
vt 0.187900 0.820398
vt 0.185076 0.819534
vt 0.188633 0.816731
vt 0.188541 0.817797
vt 0.185773 0.816788
vt 0.188320 0.814644
vt 0.188400 0.815687
vt 0.777448 0.525721
vt 0.777408 0.525376
vt 0.779083 0.525559
vt 0.779456 0.525761
vt 0.777594 0.525038
vt 0.779491 0.525418
vt 0.781186 0.525660
vt 0.777560 0.524659
vt 0.779157 0.525149
vt 0.777734 0.524355
vt 0.779565 0.525095
vt 0.777722 0.523971
vt 0.779279 0.524764
vt 0.777905 0.523715
vt 0.779666 0.524788
vt 0.777953 0.523341
vt 0.779441 0.524408
vt 0.778179 0.523118
vt 0.779791 0.524481
vt 0.778307 0.522772
vt 0.779632 0.524069
vt 0.778590 0.522581
vt 0.779963 0.524173
vt 0.778777 0.522292
vt 0.779868 0.523751
vt 0.779107 0.522164
vt 0.780206 0.523915
vt 0.779327 0.521945
vt 0.780174 0.523491
vt 0.779688 0.521908
vt 0.780517 0.523756
vt 0.779944 0.521742
vt 0.780560 0.523329
vt 0.780320 0.521776
vt 0.780879 0.523694
vt 0.709959 0.576795
vt 0.709590 0.576920
vt 0.709532 0.575960
vt 0.710135 0.576047
vt 0.709000 0.577528
vt 0.708743 0.576363
vt 0.708956 0.575199
vt 0.709879 0.575151
vt 0.710162 0.575341
vt 0.710113 0.577772
vt 0.709727 0.578502
vt 0.710568 0.577293
vt 0.711089 0.577888
vt 0.710993 0.578272
vt 0.710821 0.579073
vt 0.711990 0.578263
vt 0.712038 0.579073
vt 0.711843 0.577657
vt 0.712546 0.577580
vt 0.712769 0.577831
vt 0.713041 0.578564
vt 0.713226 0.577153
vt 0.713673 0.577763
vt 0.712780 0.576941
vt 0.713126 0.576480
vt 0.713380 0.576501
vt 0.713952 0.576918
vt 0.713325 0.575887
vt 0.713991 0.576093
vt 0.712933 0.575976
vt 0.712937 0.575475
vt 0.713134 0.575365
vt 0.713833 0.575303
vt 0.712806 0.574922
vt 0.713456 0.574533
vt 0.712538 0.575202
vt 0.712254 0.574795
vt 0.712360 0.574583
vt 0.712777 0.573863
vt 0.711807 0.574386
vt 0.711785 0.573471
vt 0.711745 0.574808
vt 0.711210 0.574646
vt 0.711156 0.574373
vt 0.710631 0.573575
vt 0.710484 0.574608
vt 0.709612 0.574200
vt 0.710762 0.575039
vt 0.711655 0.576129
vt 0.773799 0.525761
vt 0.774075 0.525105
vt 0.775543 0.525217
vt 0.775372 0.525739
vt 0.774261 0.524412
vt 0.775679 0.524671
vt 0.774330 0.523696
vt 0.775756 0.524111
vt 0.774301 0.522978
vt 0.775787 0.523558
vt 0.774215 0.522267
vt 0.775797 0.523022
vt 0.774137 0.521556
vt 0.775821 0.522500
vt 0.774141 0.520840
vt 0.775901 0.521987
vt 0.774273 0.520133
vt 0.776061 0.521488
vt 0.774570 0.519473
vt 0.776321 0.521019
vt 0.775019 0.518901
vt 0.776668 0.520604
vt 0.775603 0.518468
vt 0.777091 0.520268
vt 0.776272 0.518195
vt 0.777560 0.520023
vt 0.776978 0.518090
vt 0.778056 0.519878
vt 0.777687 0.518114
vt 0.778563 0.519817
vt 0.778388 0.518219
vt 0.779081 0.519816
vt 0.779093 0.518331
vt 0.779613 0.519830
vt 0.653434 0.511792
vt 0.653378 0.511427
vt 0.655223 0.511612
vt 0.655626 0.511820
vt 0.653577 0.511065
vt 0.655665 0.511451
vt 0.657486 0.511685
vt 0.653548 0.510663
vt 0.655302 0.511169
vt 0.653754 0.510337
vt 0.655739 0.511104
vt 0.653759 0.509923
vt 0.655426 0.510752
vt 0.653973 0.509643
vt 0.655840 0.510769
vt 0.654033 0.509242
vt 0.655591 0.510364
vt 0.654281 0.509003
vt 0.655974 0.510439
vt 0.654414 0.508635
vt 0.655797 0.510001
vt 0.654715 0.508434
vt 0.656162 0.510119
vt 0.654911 0.508121
vt 0.656056 0.509668
vt 0.655262 0.507980
vt 0.656422 0.509847
vt 0.655501 0.507733
vt 0.656386 0.509395
vt 0.655887 0.507680
vt 0.656752 0.509672
vt 0.656164 0.507491
vt 0.656794 0.509218
vt 0.656561 0.507519
vt 0.657135 0.509602
vt 0.821857 0.533019
vt 0.821464 0.532910
vt 0.821960 0.532042
vt 0.822448 0.532457
vt 0.820453 0.533028
vt 0.820949 0.531753
vt 0.821907 0.530789
vt 0.822707 0.531501
vt 0.822865 0.531825
vt 0.821395 0.533951
vt 0.820508 0.534399
vt 0.822085 0.533825
vt 0.822150 0.534683
vt 0.821811 0.534943
vt 0.821123 0.535639
vt 0.822645 0.535632
vt 0.822204 0.536495
vt 0.822954 0.535004
vt 0.823645 0.535457
vt 0.823652 0.535858
vt 0.823506 0.536801
vt 0.824611 0.535612
vt 0.824754 0.536541
vt 0.824345 0.535049
vt 0.825047 0.534852
vt 0.825301 0.535074
vt 0.825722 0.535876
vt 0.825710 0.534361
vt 0.826359 0.534975
vt 0.825216 0.534173
vt 0.825561 0.533631
vt 0.825854 0.533639
vt 0.826669 0.533972
vt 0.825763 0.532929
vt 0.826669 0.532918
vt 0.825297 0.533070
vt 0.825237 0.532460
vt 0.825473 0.532295
vt 0.826320 0.531881
vt 0.824988 0.531776
vt 0.825585 0.530970
vt 0.824691 0.532181
vt 0.824240 0.531722
vt 0.824331 0.531422
vt 0.824479 0.530384
vt 0.823550 0.531307
vt 0.823167 0.530300
vt 0.823588 0.531867
vt 0.823819 0.533460
vt 0.649214 0.511820
vt 0.649475 0.511113
vt 0.651214 0.511247
vt 0.651058 0.511806
vt 0.649712 0.510393
vt 0.651375 0.510675
vt 0.649893 0.509652
vt 0.651518 0.510091
vt 0.650016 0.508898
vt 0.651637 0.509506
vt 0.650097 0.508138
vt 0.651743 0.508931
vt 0.650174 0.507378
vt 0.651856 0.508369
vt 0.650293 0.506624
vt 0.652003 0.507825
vt 0.650501 0.505892
vt 0.652203 0.507302
vt 0.650829 0.505205
vt 0.652481 0.506810
vt 0.651280 0.504591
vt 0.652832 0.506365
vt 0.651851 0.504090
vt 0.653258 0.505985
vt 0.652511 0.503717
vt 0.653736 0.505681
vt 0.653230 0.503493
vt 0.654255 0.505467
vt 0.653972 0.503398
vt 0.654795 0.505335
vt 0.654719 0.503410
vt 0.655349 0.505277
vt 0.655465 0.503480
vt 0.655913 0.505264
vt 0.780373 0.545684
vt 0.780326 0.545290
vt 0.782239 0.545497
vt 0.782665 0.545726
vt 0.780539 0.544905
vt 0.782705 0.545334
vt 0.784637 0.545605
vt 0.780500 0.544472
vt 0.782322 0.545028
vt 0.780699 0.544126
vt 0.782788 0.544966
vt 0.780685 0.543687
vt 0.782461 0.544589
vt 0.780894 0.543396
vt 0.782902 0.544616
vt 0.780949 0.542969
vt 0.782645 0.544184
vt 0.781206 0.542715
vt 0.783044 0.544266
vt 0.781352 0.542321
vt 0.782862 0.543798
vt 0.781675 0.542104
vt 0.783240 0.543916
vt 0.781888 0.541776
vt 0.783130 0.543435
vt 0.782263 0.541630
vt 0.783515 0.543621
vt 0.782513 0.541381
vt 0.783478 0.543138
vt 0.782923 0.541340
vt 0.783869 0.543439
vt 0.783214 0.541151
vt 0.783917 0.542954
vt 0.783642 0.541190
vt 0.784280 0.543368
vt 0.712775 0.582483
vt 0.713145 0.582357
vt 0.713202 0.583318
vt 0.712599 0.583231
vt 0.713734 0.581749
vt 0.713991 0.582915
vt 0.713778 0.584079
vt 0.712856 0.584127
vt 0.712572 0.583937
vt 0.712621 0.581506
vt 0.713007 0.580775
vt 0.712166 0.581985
vt 0.711645 0.581390
vt 0.711741 0.581006
vt 0.711914 0.580204
vt 0.710744 0.581015
vt 0.710697 0.580204
vt 0.710891 0.581621
vt 0.710188 0.581698
vt 0.709965 0.581447
vt 0.709693 0.580713
vt 0.709508 0.582124
vt 0.709061 0.581514
vt 0.709954 0.582337
vt 0.709609 0.582798
vt 0.709354 0.582776
vt 0.708782 0.582360
vt 0.709409 0.583391
vt 0.708743 0.583185
vt 0.709801 0.583302
vt 0.709797 0.583803
vt 0.709600 0.583913
vt 0.708901 0.583975
vt 0.709928 0.584356
vt 0.709278 0.584745
vt 0.710196 0.584075
vt 0.710481 0.584483
vt 0.710374 0.584694
vt 0.709957 0.585415
vt 0.710927 0.584892
vt 0.710950 0.585807
vt 0.710989 0.584469
vt 0.711524 0.584631
vt 0.711578 0.584904
vt 0.712103 0.585703
vt 0.712251 0.584670
vt 0.713122 0.585078
vt 0.711972 0.584239
vt 0.711079 0.583149
vt 0.776202 0.545726
vt 0.776518 0.544976
vt 0.778196 0.545107
vt 0.778000 0.545703
vt 0.776732 0.544185
vt 0.778351 0.544483
vt 0.776812 0.543365
vt 0.778440 0.543844
vt 0.776781 0.542545
vt 0.778477 0.543213
vt 0.776685 0.541731
vt 0.778490 0.542601
vt 0.776600 0.540919
vt 0.778519 0.542005
vt 0.776608 0.540100
vt 0.778613 0.541420
vt 0.776764 0.539292
vt 0.778796 0.540851
vt 0.777109 0.538540
vt 0.779096 0.540319
vt 0.777630 0.537896
vt 0.779492 0.539849
vt 0.778301 0.537414
vt 0.779976 0.539468
vt 0.779061 0.537109
vt 0.780511 0.539192
vt 0.779863 0.536995
vt 0.781075 0.539030
vt 0.780667 0.537026
vt 0.781651 0.538963
vt 0.781461 0.537148
vt 0.782239 0.538963
vt 0.782260 0.537279
vt 0.782843 0.538981
vt 0.807435 0.572617
vt 0.808423 0.572402
vt 0.808480 0.574929
vt 0.806771 0.574651
vt 0.811823 0.571906
vt 0.811836 0.575799
vt 0.810427 0.579452
vt 0.807609 0.577386
vt 0.806708 0.576848
vt 0.807444 0.570071
vt 0.810396 0.568259
vt 0.806027 0.571012
vt 0.805137 0.569074
vt 0.805719 0.568241
vt 0.807688 0.565361
vt 0.803406 0.567155
vt 0.804028 0.563656
vt 0.803004 0.568847
vt 0.800973 0.568019
vt 0.800813 0.566973
vt 0.799916 0.563485
vt 0.798280 0.567809
vt 0.795998 0.564941
vt 0.799217 0.569373
vt 0.797100 0.570244
vt 0.796198 0.569585
vt 0.792926 0.567857
vt 0.794962 0.572105
vt 0.791238 0.571776
vt 0.796820 0.572540
vt 0.795957 0.574743
vt 0.794817 0.574954
vt 0.791238 0.576062
vt 0.795872 0.577650
vt 0.792939 0.579988
vt 0.797486 0.576565
vt 0.798523 0.578703
vt 0.797906 0.579683
vt 0.796035 0.582899
vt 0.800598 0.580692
vt 0.799983 0.584329
vt 0.800896 0.578809
vt 0.803104 0.579490
vt 0.803380 0.580567
vt 0.804098 0.584114
vt 0.805849 0.579350
vt 0.807748 0.582372
vt 0.804761 0.577897
vt 0.801868 0.573716
vt 0.749362 0.530560
vt 0.746188 0.529140
vt 0.751593 0.519742
vt 0.754144 0.520884
vt 0.743178 0.527398
vt 0.749173 0.518351
vt 0.755853 0.507873
vt 0.757646 0.508791
vt 0.759517 0.509621
vt 0.740389 0.525311
vt 0.746930 0.516700
vt 0.737834 0.522933
vt 0.744879 0.514835
vt 0.752648 0.505703
vt 0.754195 0.506859
vt 0.735548 0.520287
vt 0.743048 0.512775
vt 0.733503 0.517447
vt 0.741415 0.510582
vt 0.749993 0.502952
vt 0.751242 0.504369
vt 0.731685 0.514455
vt 0.739970 0.508285
vt 0.730043 0.511369
vt 0.738671 0.505926
vt 0.747908 0.499954
vt 0.748883 0.501485
vt 0.728544 0.508222
vt 0.737497 0.503521
vt 0.727152 0.505040
vt 0.736413 0.501082
vt 0.746425 0.496741
vt 0.747112 0.498370
vt 0.725854 0.501835
vt 0.735411 0.498609
vt 0.724652 0.498610
vt 0.734487 0.496096
vt 0.745250 0.493298
vt 0.745789 0.495048
vt 0.723577 0.495355
vt 0.733663 0.493537
vt 0.722662 0.492064
vt 0.732963 0.490926
vt 0.744602 0.489595
vt 0.744871 0.491479
vt 0.721978 0.488724
vt 0.732441 0.488259
vt 0.721563 0.485341
vt 0.732130 0.485541
vt 0.744303 0.485698
vt 0.744417 0.487668
vt 0.760642 0.485744
vt 0.762141 0.487605
vt 0.760703 0.487890
vt 0.759064 0.486699
vt 0.762035 0.488103
vt 0.760772 0.488342
vt 0.759667 0.488763
vt 0.759489 0.488417
vt 0.757666 0.487938
vt 0.763725 0.493512
vt 0.764044 0.493888
vt 0.762845 0.494744
vt 0.762869 0.494393
vt 0.764549 0.495993
vt 0.763026 0.496075
vt 0.762018 0.496176
vt 0.762331 0.494982
vt 0.762288 0.494931
vt 0.762364 0.494872
vt 0.762300 0.494642
vt 0.760878 0.494720
vt 0.760976 0.495014
vt 0.759980 0.494789
vt 0.760028 0.494518
vt 0.760200 0.496211
vt 0.759258 0.495781
vt 0.758456 0.495232
vt 0.759271 0.494435
vt 0.759364 0.494266
vt 0.758623 0.493727
vt 0.758823 0.493746
vt 0.757687 0.494582
vt 0.757098 0.493839
vt 0.758309 0.493063
vt 0.758337 0.493008
vt 0.758415 0.493140
vt 0.758594 0.493119
vt 0.762350 0.493686
vt 0.762294 0.492789
vt 0.761672 0.493855
vt 0.760907 0.492814
vt 0.760530 0.493157
vt 0.761425 0.494017
vt 0.761283 0.494282
vt 0.760650 0.493928
vt 0.762046 0.494792
vt 0.761664 0.494853
vt 0.760076 0.493760
vt 0.759578 0.493671
vt 0.759744 0.492844
vt 0.760083 0.492852
vt 0.759143 0.493471
vt 0.759086 0.492919
vt 0.759951 0.491273
vt 0.758937 0.490662
vt 0.759163 0.489980
vt 0.759982 0.489907
vt 0.758206 0.490109
vt 0.758577 0.489436
vt 0.760797 0.489807
vt 0.761708 0.489700
vt 0.761260 0.491257
vt 0.760540 0.491439
vt 0.761557 0.500875
vt 0.763094 0.501412
vt 0.760106 0.500460
vt 0.758867 0.500127
vt 0.757663 0.499631
vt 0.761178 0.496290
vt 0.756505 0.498818
vt 0.755498 0.497929
vt 0.754578 0.497036
vt 0.753788 0.496031
vt 0.753306 0.494974
vt 0.752949 0.493875
vt 0.756729 0.492320
vt 0.756866 0.493099
vt 0.752516 0.492664
vt 0.752234 0.491386
vt 0.756268 0.490347
vt 0.756412 0.491361
vt 0.752343 0.490031
vt 0.752639 0.488562
vt 0.756738 0.489309
vt 0.752899 0.487066
vt 0.753035 0.485525
vt 0.758536 0.485341
vt 0.758241 0.486671
vt 0.762215 0.494923
vt 0.761921 0.495066
vt 0.758456 0.492809
vt 0.758317 0.492885
vt 0.758117 0.492501
vt 0.758292 0.492464
vt 0.757986 0.491886
vt 0.758082 0.491925
vt 0.758144 0.492048
vt 0.758304 0.492081
vt 0.758268 0.491747
vt 0.758076 0.491760
vt 0.757794 0.491008
vt 0.758020 0.491091
vt 0.757760 0.490145
vt 0.757874 0.490162
vt 0.757908 0.490295
vt 0.758063 0.490452
vt 0.757971 0.490062
vt 0.758190 0.489408
vt 0.758872 0.492135
vt 0.758717 0.492405
vt 0.759569 0.492361
vt 0.758963 0.492641
vt 0.758770 0.490972
vt 0.758568 0.491289
vt 0.759582 0.491784
vt 0.758855 0.491832
vt 0.760491 0.492868
vt 0.761477 0.493928
vt 0.762162 0.494778
vt 0.759778 0.492519
vt 0.759041 0.492730
vt 0.758491 0.492927
vt 0.759778 0.492211
vt 0.758921 0.492030
vt 0.758290 0.491958
vt 0.759834 0.491717
vt 0.758838 0.490860
vt 0.758065 0.490269
vt 0.760393 0.491806
vt 0.760529 0.492337
vt 0.760074 0.492481
vt 0.760031 0.492019
vt 0.759816 0.492302
vt 0.759803 0.491893
vt 0.762268 0.494900
vt 0.758359 0.492975
vt 0.758147 0.491943
vt 0.757939 0.490176
vt 0.773632 0.583343
vt 0.773410 0.582718
vt 0.776378 0.582656
vt 0.777083 0.582933
vt 0.773459 0.582147
vt 0.776867 0.582323
vt 0.779673 0.582414
vt 0.773170 0.581529
vt 0.776137 0.581928
vt 0.773248 0.581015
vt 0.776656 0.581737
vt 0.773095 0.580341
vt 0.775999 0.581218
vt 0.773359 0.579847
vt 0.776601 0.581136
vt 0.773426 0.579200
vt 0.776117 0.580548
vt 0.773891 0.578800
vt 0.776807 0.580594
vt 0.774151 0.578270
vt 0.776511 0.580017
vt 0.774758 0.577981
vt 0.777247 0.580224
vt 0.775131 0.577509
vt 0.777094 0.579692
vt 0.775799 0.577258
vt 0.777816 0.580054
vt 0.776197 0.576833
vt 0.777769 0.579521
vt 0.776873 0.576694
vt 0.778425 0.579973
vt 0.777378 0.576422
vt 0.778504 0.579352
vt 0.778082 0.576423
vt 0.779050 0.579820
vt 0.763492 0.583015
vt 0.764055 0.581756
vt 0.769222 0.582317
vt 0.769019 0.583255
vt 0.764186 0.580681
vt 0.769224 0.581482
vt 0.764107 0.579682
vt 0.769151 0.580690
vt 0.764116 0.578597
vt 0.769116 0.579868
vt 0.764501 0.577392
vt 0.769222 0.578998
vt 0.765071 0.576260
vt 0.769463 0.578144
vt 0.765709 0.575239
vt 0.769845 0.577349
vt 0.766455 0.574240
vt 0.770343 0.576626
vt 0.767292 0.573340
vt 0.770945 0.575985
vt 0.768125 0.572301
vt 0.771594 0.575311
vt 0.768939 0.570810
vt 0.772283 0.574456
vt 0.769582 0.569117
vt 0.772922 0.573561
vt 0.770054 0.567386
vt 0.773507 0.572714
vt 0.770890 0.566250
vt 0.774245 0.572125
vt 0.772438 0.566474
vt 0.775253 0.572083
vt 0.774229 0.567023
vt 0.776353 0.572150
vt 0.722092 0.542598
vt 0.721837 0.542676
vt 0.721842 0.540194
vt 0.722299 0.540951
vt 0.720678 0.543837
vt 0.721018 0.540755
vt 0.721784 0.539443
vt 0.722027 0.539811
vt 0.722249 0.539990
vt 0.722405 0.545210
vt 0.720836 0.546365
vt 0.723262 0.544759
vt 0.723503 0.546330
vt 0.723170 0.546856
vt 0.721768 0.548120
vt 0.724365 0.547612
vt 0.723412 0.549021
vt 0.724538 0.546674
vt 0.725838 0.547588
vt 0.725565 0.548190
vt 0.725445 0.549813
vt 0.728156 0.548838
vt 0.729082 0.550351
vt 0.727615 0.547370
vt 0.730061 0.547526
vt 0.730999 0.548479
vt 0.732359 0.549172
vt 0.732205 0.546899
vt 0.733717 0.546884
vt 0.730560 0.545786
vt 0.731387 0.544033
vt 0.732217 0.544085
vt 0.733717 0.543792
vt 0.731791 0.541600
vt 0.733236 0.541053
vt 0.730136 0.542093
vt 0.729515 0.540072
vt 0.730391 0.539496
vt 0.731701 0.538674
vt 0.727447 0.538032
vt 0.728521 0.536995
vt 0.727137 0.539444
vt 0.724490 0.538928
vt 0.724306 0.538241
vt 0.724964 0.537150
vt 0.722384 0.539570
vt 0.722644 0.538642
vt 0.723010 0.539902
vt 0.725584 0.543523
vt 0.752138 0.583343
vt 0.753303 0.581394
vt 0.758092 0.581464
vt 0.757178 0.583102
vt 0.753521 0.579822
vt 0.758290 0.580113
vt 0.753165 0.578349
vt 0.758079 0.578850
vt 0.753343 0.576629
vt 0.758171 0.577420
vt 0.755150 0.574497
vt 0.759268 0.575727
vt 0.757212 0.572850
vt 0.760595 0.574315
vt 0.758647 0.571635
vt 0.761655 0.573165
vt 0.760061 0.569915
vt 0.762756 0.571795
vt 0.761394 0.568466
vt 0.763868 0.570590
vt 0.762510 0.566812
vt 0.764858 0.569192
vt 0.763445 0.564285
vt 0.765735 0.567083
vt 0.763791 0.561050
vt 0.766232 0.564490
vt 0.763389 0.557143
vt 0.766300 0.561541
vt 0.763678 0.554484
vt 0.766906 0.559571
vt 0.766075 0.554982
vt 0.768956 0.559997
vt 0.769355 0.556379
vt 0.771577 0.561069
vt 0.660855 0.533549
vt 0.659479 0.533818
vt 0.660127 0.526735
vt 0.660855 0.525236
vt 0.658161 0.533125
vt 0.659501 0.525111
vt 0.660142 0.518439
vt 0.656739 0.533301
vt 0.658500 0.526459
vt 0.655588 0.532570
vt 0.658224 0.524871
vt 0.654137 0.532466
vt 0.656969 0.526043
vt 0.653186 0.531559
vt 0.656974 0.524565
vt 0.651820 0.531231
vt 0.655526 0.525518
vt 0.651001 0.530261
vt 0.655735 0.524130
vt 0.649744 0.529774
vt 0.654167 0.524835
vt 0.649031 0.528718
vt 0.654565 0.523474
vt 0.647894 0.528104
vt 0.652944 0.523921
vt 0.647314 0.526926
vt 0.653577 0.522552
vt 0.646289 0.526188
vt 0.651937 0.522741
vt 0.645893 0.524882
vt 0.652878 0.521380
vt 0.644977 0.523993
vt 0.651211 0.521291
vt 0.644819 0.522578
vt 0.652546 0.519987
vt 0.687344 0.458700
vt 0.687492 0.457867
vt 0.689407 0.458734
vt 0.688644 0.459886
vt 0.688170 0.455130
vt 0.691104 0.456606
vt 0.693300 0.458780
vt 0.690908 0.460161
vt 0.690225 0.460644
vt 0.685214 0.457636
vt 0.684420 0.454542
vt 0.685638 0.459186
vt 0.683770 0.459183
vt 0.683073 0.458309
vt 0.680915 0.455697
vt 0.681671 0.459905
vt 0.678983 0.458289
vt 0.683032 0.460821
vt 0.681837 0.462122
vt 0.680982 0.461921
vt 0.678157 0.461480
vt 0.680915 0.464055
vt 0.678157 0.464808
vt 0.682342 0.463836
vt 0.682335 0.465653
vt 0.681576 0.466111
vt 0.679304 0.467953
vt 0.683037 0.467792
vt 0.681638 0.470412
vt 0.683932 0.466566
vt 0.685281 0.467882
vt 0.685081 0.468785
vt 0.684776 0.471751
vt 0.687387 0.468851
vt 0.688184 0.471731
vt 0.687096 0.467328
vt 0.688990 0.467236
vt 0.689515 0.467996
vt 0.691284 0.470373
vt 0.691100 0.466339
vt 0.693566 0.467931
vt 0.689814 0.465529
vt 0.691010 0.464124
vt 0.691885 0.464263
vt 0.694700 0.464857
vt 0.691778 0.462072
vt 0.694576 0.461648
vt 0.690370 0.462406
vt 0.686371 0.463204
vt 0.660377 0.550528
vt 0.657606 0.550048
vt 0.658472 0.542652
vt 0.660653 0.542997
vt 0.655037 0.549471
vt 0.656419 0.542204
vt 0.652631 0.549188
vt 0.654481 0.541939
vt 0.650105 0.548733
vt 0.652486 0.541537
vt 0.647774 0.547754
vt 0.650642 0.540756
vt 0.645655 0.546475
vt 0.648964 0.539769
vt 0.643648 0.545022
vt 0.647377 0.538673
vt 0.641729 0.543469
vt 0.645869 0.537512
vt 0.639887 0.541841
vt 0.644426 0.536289
vt 0.638104 0.540163
vt 0.643043 0.535028
vt 0.636380 0.538440
vt 0.641708 0.533715
vt 0.634715 0.536670
vt 0.640427 0.532354
vt 0.633128 0.534841
vt 0.639203 0.530923
vt 0.631639 0.532936
vt 0.638058 0.529415
vt 0.630291 0.530933
vt 0.637013 0.527814
vt 0.629208 0.528639
vt 0.636163 0.525991
vt 0.683407 0.517582
vt 0.683251 0.517141
vt 0.685343 0.517098
vt 0.685840 0.517293
vt 0.683285 0.516740
vt 0.685688 0.516863
vt 0.687665 0.516927
vt 0.683082 0.516304
vt 0.685173 0.516585
vt 0.683137 0.515941
vt 0.685539 0.516450
vt 0.683029 0.515466
vt 0.685076 0.516084
vt 0.683215 0.515118
vt 0.685500 0.516026
vt 0.683262 0.514662
vt 0.685158 0.515612
vt 0.683590 0.514380
vt 0.685645 0.515645
vt 0.683773 0.514006
vt 0.685436 0.515238
vt 0.684201 0.513803
vt 0.685955 0.515384
vt 0.684464 0.513470
vt 0.685847 0.515009
vt 0.684935 0.513293
vt 0.686356 0.515264
vt 0.685215 0.512993
vt 0.686324 0.514888
vt 0.685692 0.512896
vt 0.686786 0.515207
vt 0.686048 0.512704
vt 0.686841 0.514769
vt 0.686544 0.512704
vt 0.687226 0.515099
vt 0.676260 0.517351
vt 0.676657 0.516463
vt 0.680299 0.516859
vt 0.680156 0.517520
vt 0.676750 0.515706
vt 0.680300 0.516270
vt 0.676693 0.515001
vt 0.680249 0.515712
vt 0.676700 0.514237
vt 0.680224 0.515133
vt 0.676971 0.513387
vt 0.680299 0.514520
vt 0.677373 0.512589
vt 0.680469 0.513917
vt 0.677822 0.511870
vt 0.680738 0.513357
vt 0.678349 0.511166
vt 0.681089 0.512848
vt 0.678939 0.510531
vt 0.681513 0.512396
vt 0.679525 0.509799
vt 0.681971 0.511921
vt 0.680099 0.508748
vt 0.682456 0.511318
vt 0.680553 0.507554
vt 0.682907 0.510687
vt 0.680885 0.506335
vt 0.683319 0.510090
vt 0.681475 0.505534
vt 0.683840 0.509675
vt 0.682566 0.505691
vt 0.684550 0.509646
vt 0.683828 0.506079
vt 0.685326 0.509693
vt 0.736262 0.542598
vt 0.736007 0.542676
vt 0.736012 0.540194
vt 0.736468 0.540951
vt 0.734848 0.543837
vt 0.735187 0.540755
vt 0.735954 0.539443
vt 0.736197 0.539811
vt 0.736419 0.539990
vt 0.736574 0.545210
vt 0.735006 0.546365
vt 0.737432 0.544759
vt 0.737673 0.546330
vt 0.737340 0.546856
vt 0.735938 0.548120
vt 0.738535 0.547612
vt 0.737582 0.549021
vt 0.738708 0.546674
vt 0.740008 0.547588
vt 0.739735 0.548190
vt 0.739615 0.549813
vt 0.742325 0.548838
vt 0.743252 0.550351
vt 0.741785 0.547370
vt 0.744230 0.547526
vt 0.745169 0.548479
vt 0.746529 0.549172
vt 0.746375 0.546899
vt 0.747886 0.546884
vt 0.744730 0.545786
vt 0.745557 0.544033
vt 0.746387 0.544085
vt 0.747886 0.543792
vt 0.745961 0.541600
vt 0.747405 0.541053
vt 0.744306 0.542093
vt 0.743685 0.540072
vt 0.744561 0.539496
vt 0.745870 0.538674
vt 0.741617 0.538033
vt 0.742691 0.536995
vt 0.741307 0.539444
vt 0.738660 0.538928
vt 0.738475 0.538241
vt 0.739134 0.537150
vt 0.736554 0.539570
vt 0.736813 0.538642
vt 0.737179 0.539902
vt 0.739754 0.543523
vt 0.668257 0.517582
vt 0.669078 0.516208
vt 0.672454 0.516258
vt 0.671809 0.517412
vt 0.669232 0.515101
vt 0.672593 0.515305
vt 0.668981 0.514062
vt 0.672444 0.514415
vt 0.669106 0.512850
vt 0.672509 0.513407
vt 0.670380 0.511347
vt 0.673283 0.512214
vt 0.671833 0.510186
vt 0.674218 0.511219
vt 0.672845 0.509329
vt 0.674965 0.510408
vt 0.673842 0.508117
vt 0.675741 0.509442
vt 0.674781 0.507096
vt 0.676525 0.508593
vt 0.675568 0.505930
vt 0.677222 0.507607
vt 0.676227 0.504149
vt 0.677841 0.506121
vt 0.676471 0.501869
vt 0.678192 0.504294
vt 0.676187 0.499114
vt 0.678239 0.502215
vt 0.676391 0.497240
vt 0.678667 0.500826
vt 0.678081 0.497592
vt 0.680111 0.501126
vt 0.680393 0.498576
vt 0.681959 0.501881
vt 0.765963 0.537037
vt 0.768720 0.539016
vt 0.768853 0.543526
vt 0.765580 0.540307
vt 0.771252 0.536995
vt 0.771868 0.540322
vt 0.775071 0.540748
vt 0.773171 0.543487
vt 0.775071 0.546148
vt 0.771839 0.546645
vt 0.771204 0.549918
vt 0.768664 0.547921
vt 0.765851 0.549803
vt 0.765531 0.546579
vt 0.762189 0.545986
vt 0.764264 0.543429
vt 0.762253 0.540743
vt 0.276021 0.191482
vt 0.275860 0.191595
vt 0.275433 0.189682
vt 0.275428 0.189293
vt 0.275640 0.191494
vt 0.275235 0.189294
vt 0.274874 0.187645
vt 0.275468 0.191647
vt 0.275199 0.189704
vt 0.275275 0.191590
vt 0.275060 0.189341
vt 0.275095 0.191778
vt 0.274989 0.189778
vt 0.274920 0.191745
vt 0.274901 0.189452
vt 0.274725 0.191934
vt 0.274790 0.189909
vt 0.274547 0.191888
vt 0.274724 0.189596
vt 0.274339 0.192035
vt 0.274570 0.190037
vt 0.274154 0.191948
vt 0.274521 0.189687
vt 0.273952 0.192032
vt 0.274338 0.190089
vt 0.273779 0.191893
vt 0.274316 0.189710
vt 0.273599 0.191923
vt 0.274118 0.190073
vt 0.273450 0.191733
vt 0.274135 0.189664
vt 0.273281 0.191736
vt 0.273916 0.189994
vt 0.273151 0.191526
vt 0.273994 0.189516
vt 0.280550 0.220680
vt 0.279753 0.222178
vt 0.279724 0.216381
vt 0.280550 0.216341
vt 0.278940 0.220681
vt 0.278910 0.216433
vt 0.278144 0.209388
vt 0.278786 0.209308
vt 0.279424 0.209224
vt 0.278140 0.222196
vt 0.278109 0.216488
vt 0.277326 0.220750
vt 0.277313 0.216550
vt 0.276859 0.209527
vt 0.277503 0.209460
vt 0.276512 0.222276
vt 0.276526 0.216610
vt 0.275710 0.220853
vt 0.275738 0.216665
vt 0.275567 0.209631
vt 0.276214 0.209584
vt 0.274876 0.222370
vt 0.274954 0.216708
vt 0.274088 0.220935
vt 0.274165 0.216741
vt 0.274267 0.209679
vt 0.274918 0.209663
vt 0.273235 0.222421
vt 0.273378 0.216750
vt 0.272463 0.220947
vt 0.272585 0.216738
vt 0.272962 0.209646
vt 0.273615 0.209673
vt 0.271597 0.222395
vt 0.271794 0.216696
vt 0.270840 0.220865
vt 0.270995 0.216634
vt 0.271661 0.209523
vt 0.272311 0.209595
vt 0.269972 0.222288
vt 0.270197 0.216549
vt 0.269228 0.220717
vt 0.269390 0.216451
vt 0.270371 0.209319
vt 0.271014 0.209429
vt 0.268368 0.222160
vt 0.268577 0.216342
vt 0.267626 0.220568
vt 0.267749 0.216226
vt 0.269092 0.209060
vt 0.269730 0.209195
vt 0.277880 0.203035
vt 0.278382 0.202965
vt 0.277377 0.203098
vt 0.276721 0.197982
vt 0.277116 0.197936
vt 0.277510 0.197894
vt 0.276873 0.203157
vt 0.276369 0.203211
vt 0.275943 0.198102
vt 0.276330 0.198038
vt 0.275865 0.203257
vt 0.275361 0.203295
vt 0.275180 0.198228
vt 0.275560 0.198168
vt 0.274857 0.203320
vt 0.274354 0.203332
vt 0.274427 0.198309
vt 0.274803 0.198277
vt 0.273851 0.203327
vt 0.273349 0.203305
vt 0.273677 0.198310
vt 0.274052 0.198320
vt 0.272849 0.203264
vt 0.272350 0.203207
vt 0.272934 0.198224
vt 0.273305 0.198278
vt 0.271854 0.203132
vt 0.271359 0.203043
vt 0.272198 0.198051
vt 0.272565 0.198148
vt 0.270865 0.202940
vt 0.270371 0.202828
vt 0.271457 0.197816
vt 0.271830 0.197936
vt 0.276440 0.194248
vt 0.276733 0.194231
vt 0.276149 0.194280
vt 0.275863 0.194339
vt 0.275584 0.194416
vt 0.275309 0.194502
vt 0.275037 0.194587
vt 0.274764 0.194661
vt 0.274489 0.194715
vt 0.274212 0.194740
vt 0.273936 0.194737
vt 0.273661 0.194707
vt 0.273393 0.194651
vt 0.273130 0.194568
vt 0.272874 0.194461
vt 0.272620 0.194334
vt 0.272363 0.194206
vt 0.295916 0.700963
vt 0.298730 0.702981
vt 0.298865 0.707585
vt 0.295526 0.704299
vt 0.301314 0.700919
vt 0.301942 0.704315
vt 0.305211 0.704749
vt 0.303272 0.707545
vt 0.305211 0.710260
vt 0.301913 0.710767
vt 0.301265 0.714107
vt 0.298672 0.712070
vt 0.295801 0.713990
vt 0.295475 0.710699
vt 0.292065 0.710095
vt 0.294182 0.707485
vt 0.292130 0.704744
vt 0.308850 0.199318
vt 0.308754 0.199386
vt 0.308497 0.198236
vt 0.308495 0.198003
vt 0.308622 0.199325
vt 0.308379 0.198003
vt 0.308161 0.197012
vt 0.308519 0.199417
vt 0.308357 0.198250
vt 0.308403 0.199383
vt 0.308273 0.198032
vt 0.308294 0.199496
vt 0.308231 0.198294
vt 0.308189 0.199476
vt 0.308178 0.198098
vt 0.308072 0.199590
vt 0.308111 0.198373
vt 0.307965 0.199562
vt 0.308071 0.198185
vt 0.307840 0.199650
vt 0.307979 0.198450
vt 0.307729 0.199598
vt 0.307949 0.198240
vt 0.307608 0.199648
vt 0.307840 0.198481
vt 0.307504 0.199565
vt 0.307826 0.198253
vt 0.307395 0.199583
vt 0.307707 0.198471
vt 0.307306 0.199469
vt 0.307718 0.198226
vt 0.307204 0.199470
vt 0.307586 0.198424
vt 0.307126 0.199345
vt 0.307633 0.198136
vt 0.311572 0.216860
vt 0.311093 0.217760
vt 0.311075 0.214278
vt 0.311572 0.214253
vt 0.310605 0.216861
vt 0.310586 0.214309
vt 0.310126 0.210076
vt 0.310512 0.210028
vt 0.310895 0.209978
vt 0.310124 0.217771
vt 0.310105 0.214342
vt 0.309635 0.216902
vt 0.309627 0.214379
vt 0.309354 0.210159
vt 0.309741 0.210119
vt 0.309146 0.217819
vt 0.309154 0.214415
vt 0.308664 0.216964
vt 0.308680 0.214448
vt 0.308578 0.210222
vt 0.308967 0.210194
vt 0.308163 0.217876
vt 0.308210 0.214474
vt 0.307689 0.217013
vt 0.307735 0.214493
vt 0.307797 0.210251
vt 0.308188 0.210241
vt 0.307177 0.217906
vt 0.307263 0.214499
vt 0.306713 0.217021
vt 0.306786 0.214492
vt 0.307013 0.210231
vt 0.307405 0.210247
vt 0.306192 0.217891
vt 0.306311 0.214467
vt 0.305738 0.216972
vt 0.305831 0.214430
vt 0.306231 0.210157
vt 0.306621 0.210200
vt 0.305216 0.217826
vt 0.305352 0.214378
vt 0.304770 0.216883
vt 0.304867 0.214320
vt 0.305456 0.210035
vt 0.305843 0.210101
vt 0.304253 0.217749
vt 0.304378 0.214254
vt 0.303807 0.216793
vt 0.303881 0.214184
vt 0.304688 0.209879
vt 0.305071 0.209960
vt 0.309968 0.206259
vt 0.310269 0.206217
vt 0.309665 0.206297
vt 0.309271 0.203223
vt 0.309508 0.203195
vt 0.309745 0.203170
vt 0.309363 0.206332
vt 0.309060 0.206365
vt 0.308804 0.203296
vt 0.309036 0.203257
vt 0.308757 0.206393
vt 0.308454 0.206415
vt 0.308346 0.203371
vt 0.308574 0.203335
vt 0.308152 0.206430
vt 0.307849 0.206437
vt 0.307893 0.203420
vt 0.308119 0.203401
vt 0.307547 0.206434
vt 0.307245 0.206421
vt 0.307443 0.203420
vt 0.307668 0.203426
vt 0.306945 0.206397
vt 0.306645 0.206362
vt 0.306996 0.203369
vt 0.307219 0.203401
vt 0.306347 0.206317
vt 0.306050 0.206264
vt 0.306554 0.203264
vt 0.306774 0.203323
vt 0.305753 0.206202
vt 0.305456 0.206135
vt 0.306109 0.203124
vt 0.306333 0.203196
vt 0.309102 0.200980
vt 0.309278 0.200970
vt 0.308927 0.200999
vt 0.308756 0.201035
vt 0.308588 0.201081
vt 0.308423 0.201132
vt 0.308259 0.201183
vt 0.308095 0.201228
vt 0.307930 0.201261
vt 0.307764 0.201276
vt 0.307598 0.201273
vt 0.307433 0.201255
vt 0.307272 0.201222
vt 0.307114 0.201172
vt 0.306960 0.201108
vt 0.306807 0.201032
vt 0.306653 0.200954
vt 0.728543 0.567918
vt 0.731924 0.570344
vt 0.732087 0.575875
vt 0.728074 0.571928
vt 0.735029 0.567866
vt 0.735784 0.571947
vt 0.739712 0.572469
vt 0.737382 0.575827
vt 0.739712 0.579091
vt 0.735749 0.579700
vt 0.734970 0.583713
vt 0.731855 0.581265
vt 0.728405 0.583573
vt 0.728013 0.579619
vt 0.723915 0.578891
vt 0.726459 0.575757
vt 0.723994 0.572462
vt 0.290126 0.222718
vt 0.290320 0.222573
vt 0.290926 0.224901
vt 0.290949 0.225377
vt 0.290593 0.222689
vt 0.291185 0.225367
vt 0.291703 0.227369
vt 0.290798 0.222493
vt 0.291211 0.224863
vt 0.291036 0.222556
vt 0.291398 0.225302
vt 0.291251 0.222318
vt 0.291466 0.224764
vt 0.291466 0.222353
vt 0.291588 0.225159
vt 0.291698 0.222113
vt 0.291704 0.224595
vt 0.291918 0.222162
vt 0.291799 0.224975
vt 0.292167 0.221975
vt 0.291967 0.224429
vt 0.292395 0.222075
vt 0.292043 0.224855
vt 0.292639 0.221965
vt 0.292249 0.224356
vt 0.292856 0.222128
vt 0.292293 0.224818
vt 0.293076 0.222085
vt 0.292519 0.224366
vt 0.293264 0.222310
vt 0.292516 0.224868
vt 0.293471 0.222301
vt 0.292768 0.224455
vt 0.293637 0.222552
vt 0.292695 0.225043
vt 0.284154 0.186822
vt 0.285140 0.184972
vt 0.285173 0.192133
vt 0.284154 0.192185
vt 0.286143 0.186827
vt 0.286177 0.192068
vt 0.287150 0.200736
vt 0.286362 0.200839
vt 0.285576 0.200948
vt 0.287133 0.184965
vt 0.287162 0.191999
vt 0.288133 0.186752
vt 0.288142 0.191923
vt 0.288730 0.200555
vt 0.287940 0.200642
vt 0.289138 0.184883
vt 0.289109 0.191848
vt 0.290121 0.186638
vt 0.290078 0.191780
vt 0.290317 0.200416
vt 0.289523 0.200479
vt 0.291147 0.184783
vt 0.291040 0.191727
vt 0.292109 0.186548
vt 0.292008 0.191686
vt 0.291913 0.200347
vt 0.291114 0.200371
vt 0.293154 0.184736
vt 0.292972 0.191674
vt 0.294096 0.186544
vt 0.293944 0.191688
vt 0.293512 0.200377
vt 0.292712 0.200349
vt 0.295152 0.184780
vt 0.294912 0.191737
vt 0.296075 0.186647
vt 0.295889 0.191811
vt 0.295107 0.200518
vt 0.294310 0.200434
vt 0.297132 0.184909
vt 0.296865 0.191914
vt 0.298042 0.186824
vt 0.297852 0.192031
vt 0.296687 0.200756
vt 0.295899 0.200627
vt 0.299088 0.185062
vt 0.298846 0.192162
vt 0.299997 0.187002
vt 0.299857 0.192301
vt 0.298252 0.201063
vt 0.297471 0.200903
vt 0.287548 0.208551
vt 0.286931 0.208644
vt 0.288166 0.208465
vt 0.289068 0.214746
vt 0.288584 0.214811
vt 0.288099 0.214871
vt 0.288785 0.208385
vt 0.289404 0.208312
vt 0.290022 0.214580
vt 0.289548 0.214667
vt 0.290022 0.208247
vt 0.290640 0.208193
vt 0.290955 0.214408
vt 0.290490 0.214491
vt 0.291258 0.208155
vt 0.291876 0.208133
vt 0.291877 0.214292
vt 0.291417 0.214340
vt 0.292492 0.208132
vt 0.293108 0.208151
vt 0.292795 0.214276
vt 0.292337 0.214272
vt 0.293721 0.208194
vt 0.294332 0.208257
vt 0.293707 0.214364
vt 0.293252 0.214307
vt 0.294941 0.208341
vt 0.295548 0.208443
vt 0.294611 0.214560
vt 0.294160 0.214450
vt 0.296153 0.208561
vt 0.296758 0.208691
vt 0.295521 0.214831
vt 0.295063 0.214692
vt 0.289513 0.219331
vt 0.289152 0.219361
vt 0.289870 0.219283
vt 0.290218 0.219201
vt 0.290559 0.219098
vt 0.290894 0.218985
vt 0.291225 0.218872
vt 0.291558 0.218773
vt 0.291893 0.218698
vt 0.292232 0.218660
vt 0.292569 0.218656
vt 0.292906 0.218685
vt 0.293236 0.218745
vt 0.293559 0.218838
vt 0.293876 0.218962
vt 0.294189 0.219109
vt 0.294507 0.219258
vt 0.177620 0.854820
vt 0.177943 0.854863
vt 0.178039 0.855583
vt 0.177817 0.855728
vt 0.177999 0.854869
vt 0.178158 0.856120
vt 0.177775 0.856490
vt 0.262508 0.857789
vt 0.262691 0.858864
vt 0.262553 0.858410
vt 0.262442 0.857800
vt 0.262313 0.859186
vt 0.262341 0.858538
vt 0.262128 0.857772
vt 0.262354 0.856260
vt 0.262691 0.856700
vt 0.262580 0.857178
vt 0.262389 0.856997
vt 0.177875 0.853255
vt 0.178158 0.853776
vt 0.178038 0.854227
vt 0.177870 0.854021
vt 0.175294 0.851731
vt 0.176091 0.850447
vt 0.176932 0.850727
vt 0.176561 0.851503
vt 0.177780 0.849657
vt 0.177844 0.850412
vt 0.177656 0.851328
vt 0.176092 0.855724
vt 0.176908 0.855420
vt 0.175294 0.854433
vt 0.176534 0.854643
vt 0.260617 0.858640
vt 0.261459 0.858328
vt 0.259790 0.857580
vt 0.261070 0.857695
vt 0.151278 0.839604
vt 0.152096 0.838544
vt 0.152916 0.838855
vt 0.152528 0.839487
vt 0.153773 0.837992
vt 0.153800 0.838640
vt 0.153586 0.839410
vt 0.260699 0.856596
vt 0.261509 0.857085
vt 0.153814 0.840924
vt 0.152179 0.840591
vt 0.152965 0.840098
vt 0.153844 0.840186
vt 0.177875 0.852910
vt 0.176240 0.852722
vt 0.177016 0.852138
vt 0.177901 0.852139
vt 0.176247 0.853439
vt 0.176994 0.854010
vt 0.153902 0.839381
vt 0.154036 0.840004
vt 0.153966 0.839391
vt 0.154150 0.840481
vt 0.154150 0.838312
vt 0.154014 0.838769
vt 0.178026 0.851279
vt 0.178187 0.852386
vt 0.178083 0.851930
vt 0.177989 0.851285
vt 0.178187 0.850020
vt 0.178079 0.850559
vt 0.262250 0.850376
vt 0.262623 0.850454
vt 0.262678 0.851329
vt 0.262407 0.851486
vt 0.262672 0.850456
vt 0.262764 0.851900
vt 0.262303 0.852301
vt 0.222183 0.857212
vt 0.222068 0.855985
vt 0.222164 0.856479
vt 0.222233 0.857212
vt 0.222514 0.855639
vt 0.222419 0.856345
vt 0.222587 0.857274
vt 0.222464 0.858905
vt 0.222068 0.858387
vt 0.222145 0.857909
vt 0.222375 0.858137
vt 0.262376 0.848435
vt 0.262764 0.849077
vt 0.262680 0.849609
vt 0.262444 0.849325
vt 0.262749 0.845621
vt 0.261958 0.847119
vt 0.261088 0.846863
vt 0.261449 0.845915
vt 0.260261 0.848091
vt 0.260130 0.847283
vt 0.260276 0.846159
vt 0.260590 0.851360
vt 0.261442 0.851080
vt 0.259790 0.849854
vt 0.261076 0.850130
vt 0.224238 0.856417
vt 0.223355 0.856685
vt 0.225056 0.857695
vt 0.223726 0.857473
vt 0.262779 0.853858
vt 0.261962 0.855133
vt 0.261097 0.854868
vt 0.261472 0.854078
vt 0.260246 0.855916
vt 0.260150 0.855211
vt 0.260320 0.854278
vt 0.224138 0.858690
vt 0.223307 0.858132
vt 0.260200 0.852645
vt 0.261866 0.852864
vt 0.261052 0.853419
vt 0.260111 0.853411
vt 0.260194 0.844200
vt 0.261829 0.844455
vt 0.261040 0.845102
vt 0.260091 0.845092
vt 0.260726 0.848684
vt 0.261494 0.849318
vt 0.259954 0.854340
vt 0.259869 0.853639
vt 0.259906 0.854341
vt 0.259790 0.853162
vt 0.259790 0.855574
vt 0.259884 0.855077
vt 0.259877 0.846242
vt 0.259790 0.844839
vt 0.259847 0.845378
vt 0.259904 0.846239
vt 0.259790 0.847703
vt 0.259854 0.847127
vt 0.677029 0.564019
vt 0.676424 0.564496
vt 0.675487 0.563692
vt 0.676210 0.562915
vt 0.676030 0.565146
vt 0.674958 0.564506
vt 0.673844 0.563959
vt 0.674366 0.562920
vt 0.675118 0.561834
vt 0.675620 0.565759
vt 0.674583 0.565320
vt 0.675432 0.566457
vt 0.674317 0.566130
vt 0.673263 0.565883
vt 0.673495 0.564946
vt 0.675175 0.567111
vt 0.674145 0.566914
vt 0.675130 0.567797
vt 0.674042 0.567685
vt 0.673060 0.567623
vt 0.673127 0.566773
vt 0.674990 0.568451
vt 0.674003 0.568426
vt 0.675050 0.569103
vt 0.674014 0.569152
vt 0.673096 0.569221
vt 0.673055 0.568437
vt 0.675007 0.569740
vt 0.674074 0.569849
vt 0.675152 0.570348
vt 0.674178 0.570533
vt 0.673317 0.570712
vt 0.673187 0.569977
vt 0.675198 0.570957
vt 0.674326 0.571188
vt 0.675419 0.571512
vt 0.674520 0.571829
vt 0.673711 0.572121
vt 0.673493 0.571424
vt 0.675557 0.572082
vt 0.674761 0.572441
vt 0.675858 0.572573
vt 0.675054 0.573033
vt 0.674305 0.573456
vt 0.673982 0.572796
vt 0.676100 0.573086
vt 0.675404 0.573588
vt 0.676486 0.573487
vt 0.675820 0.574111
vt 0.675158 0.574704
vt 0.674695 0.574092
vt 0.676845 0.573909
vt 0.676306 0.574579
vt 0.677321 0.574179
vt 0.676875 0.574983
vt 0.676371 0.575797
vt 0.675712 0.575275
vt 0.677802 0.574443
vt 0.677529 0.575289
vt 0.678345 0.574509
vt 0.678273 0.575470
vt 0.678090 0.576559
vt 0.677157 0.576236
vt 0.673104 0.562288
vt 0.673763 0.560905
vt 0.672669 0.563534
vt 0.671426 0.563248
vt 0.671713 0.561834
vt 0.672180 0.560205
vt 0.672395 0.564671
vt 0.672229 0.565717
vt 0.671192 0.565634
vt 0.671267 0.564502
vt 0.672149 0.566692
vt 0.672129 0.567609
vt 0.671220 0.567641
vt 0.671183 0.566673
vt 0.672164 0.568479
vt 0.672240 0.569311
vt 0.671409 0.569423
vt 0.671299 0.568553
vt 0.672358 0.570113
vt 0.672511 0.570892
vt 0.671729 0.571074
vt 0.671554 0.570260
vt 0.672707 0.571650
vt 0.672943 0.572396
vt 0.672186 0.572660
vt 0.671939 0.571872
vt 0.673230 0.573128
vt 0.673571 0.573852
vt 0.672825 0.574225
vt 0.672480 0.573442
vt 0.673981 0.574564
vt 0.674469 0.575267
vt 0.673732 0.575804
vt 0.673238 0.575011
vt 0.675061 0.575950
vt 0.675777 0.576608
vt 0.675070 0.577406
vt 0.674334 0.576603
vt 0.676653 0.577213
vt 0.677729 0.577740
vt 0.677143 0.578976
vt 0.675988 0.578201
vt 0.670227 0.561588
vt 0.670430 0.559791
vt 0.670132 0.563116
vt 0.668814 0.563147
vt 0.668693 0.561569
vt 0.668596 0.559696
vt 0.670115 0.564448
vt 0.670146 0.565637
vt 0.669101 0.565728
vt 0.668953 0.564514
vt 0.670219 0.566719
vt 0.670318 0.567720
vt 0.669423 0.567846
vt 0.669259 0.566829
vt 0.670444 0.568660
vt 0.670590 0.569556
vt 0.669777 0.569712
vt 0.669596 0.568801
vt 0.670760 0.570420
vt 0.670953 0.571262
vt 0.670177 0.571454
vt 0.669970 0.570593
vt 0.671174 0.572090
vt 0.671425 0.572914
vt 0.670654 0.573158
vt 0.670404 0.572306
vt 0.671717 0.573740
vt 0.672055 0.574577
vt 0.671257 0.574903
vt 0.670936 0.574020
vt 0.672457 0.575431
vt 0.672935 0.576310
vt 0.672075 0.576773
vt 0.671632 0.575816
vt 0.673518 0.577221
vt 0.674236 0.578172
vt 0.673273 0.578878
vt 0.672612 0.577787
vt 0.675141 0.579167
vt 0.676298 0.580212
vt 0.675186 0.581380
vt 0.674109 0.580065
vt 0.667165 0.561781
vt 0.666762 0.559929
vt 0.667506 0.563344
vt 0.666242 0.563700
vt 0.665699 0.562214
vt 0.665014 0.560473
vt 0.667803 0.564701
vt 0.668067 0.565907
vt 0.667058 0.566171
vt 0.666686 0.565003
vt 0.668310 0.567003
vt 0.668537 0.568019
vt 0.667665 0.568236
vt 0.667380 0.567240
vt 0.668755 0.568975
vt 0.668968 0.569890
vt 0.668167 0.570088
vt 0.667925 0.569180
vt 0.669182 0.570777
vt 0.669401 0.571649
vt 0.668623 0.571846
vt 0.668397 0.570973
vt 0.669629 0.572516
vt 0.669872 0.573389
vt 0.669079 0.573605
vt 0.668848 0.572720
vt 0.670137 0.574279
vt 0.670431 0.575198
vt 0.669580 0.575457
vt 0.669320 0.574513
vt 0.670767 0.576159
vt 0.671157 0.577181
vt 0.670187 0.577522
vt 0.669865 0.576453
vt 0.671622 0.578283
vt 0.672189 0.579494
vt 0.671003 0.579992
vt 0.670560 0.578690
vt 0.672902 0.580851
vt 0.673818 0.582406
vt 0.672231 0.583220
vt 0.671546 0.581479
vt 0.664343 0.562842
vt 0.663428 0.561287
vt 0.665056 0.564198
vt 0.663972 0.564815
vt 0.663136 0.563627
vt 0.662059 0.562313
vt 0.665623 0.565410
vt 0.666089 0.566512
vt 0.665170 0.566920
vt 0.664633 0.565906
vt 0.666479 0.567533
vt 0.666814 0.568495
vt 0.665988 0.568790
vt 0.665613 0.567877
vt 0.667109 0.569414
vt 0.667374 0.570303
vt 0.666591 0.570535
vt 0.666309 0.569672
vt 0.667616 0.571177
vt 0.667845 0.572044
vt 0.667068 0.572239
vt 0.666841 0.571387
vt 0.668063 0.572915
vt 0.668277 0.573803
vt 0.667469 0.573980
vt 0.667275 0.573100
vt 0.668490 0.574718
vt 0.668709 0.575674
vt 0.667823 0.575847
vt 0.667650 0.574892
vt 0.668936 0.576689
vt 0.669178 0.577785
vt 0.668144 0.577965
vt 0.667986 0.576864
vt 0.669443 0.578992
vt 0.669740 0.580348
vt 0.668431 0.580546
vt 0.668292 0.579179
vt 0.670080 0.581912
vt 0.670484 0.583764
vt 0.668650 0.583997
vt 0.668553 0.582124
vt 0.662104 0.564526
vt 0.660947 0.563480
vt 0.663010 0.565521
vt 0.662176 0.566287
vt 0.661258 0.565492
vt 0.660102 0.564717
vt 0.663728 0.566472
vt 0.664311 0.567383
vt 0.663513 0.567888
vt 0.662912 0.567090
vt 0.664789 0.568262
vt 0.665190 0.569116
vt 0.664420 0.569467
vt 0.664007 0.568682
vt 0.665528 0.569952
vt 0.665820 0.570778
vt 0.665059 0.571033
vt 0.664765 0.570251
vt 0.666072 0.571603
vt 0.666293 0.572431
vt 0.665517 0.572618
vt 0.665306 0.571821
vt 0.666485 0.573273
vt 0.666656 0.574136
vt 0.665836 0.574270
vt 0.665691 0.573433
vt 0.666802 0.575032
vt 0.666928 0.575973
vt 0.666026 0.576052
vt 0.665947 0.575140
vt 0.667027 0.576974
vt 0.667099 0.578056
vt 0.666054 0.578058
vt 0.666063 0.577019
vt 0.667131 0.579245
vt 0.667114 0.580577
vt 0.665819 0.580445
vt 0.665978 0.579190
vt 0.667019 0.582105
vt 0.666815 0.583902
vt 0.665066 0.583488
vt 0.665532 0.581859
vt 0.660592 0.566480
vt 0.659516 0.565953
vt 0.661469 0.567085
vt 0.660875 0.567896
vt 0.660089 0.567457
vt 0.659155 0.567134
vt 0.662184 0.567743
vt 0.662776 0.568426
vt 0.662087 0.568989
vt 0.661533 0.568418
vt 0.663265 0.569129
vt 0.663675 0.569841
vt 0.662940 0.570237
vt 0.662550 0.569601
vt 0.664015 0.570565
vt 0.664302 0.571297
vt 0.663534 0.571572
vt 0.663264 0.570896
vt 0.664538 0.572042
vt 0.664734 0.572801
vt 0.663929 0.572981
vt 0.663753 0.572268
vt 0.664888 0.573580
vt 0.665006 0.574382
vt 0.664149 0.574472
vt 0.664059 0.573716
vt 0.665081 0.575214
vt 0.665116 0.576084
vt 0.664186 0.576070
vt 0.664191 0.575256
vt 0.665096 0.577001
vt 0.665017 0.577975
vt 0.663983 0.577810
vt 0.664118 0.576920
vt 0.664850 0.579022
vt 0.664577 0.580158
vt 0.663401 0.579734
vt 0.663750 0.578747
vt 0.664142 0.581404
vt 0.663483 0.582788
vt 0.662128 0.581859
vt 0.662880 0.580772
vt 0.659716 0.568403
vt 0.658972 0.568223
vt 0.660370 0.568710
vt 0.659925 0.569514
vt 0.659443 0.569250
vt 0.658901 0.569184
vt 0.660939 0.569114
vt 0.661425 0.569582
vt 0.660759 0.570206
vt 0.660400 0.569784
vt 0.661841 0.570104
vt 0.662191 0.570660
vt 0.661387 0.571120
vt 0.661146 0.570607
vt 0.662485 0.571252
vt 0.662725 0.571864
vt 0.661826 0.572181
vt 0.661688 0.571611
vt 0.662919 0.572505
vt 0.663067 0.573160
vt 0.662094 0.573345
vt 0.662048 0.572736
vt 0.663171 0.573844
vt 0.663231 0.574541
vt 0.662195 0.574590
vt 0.662238 0.573953
vt 0.663243 0.575267
vt 0.663203 0.576008
vt 0.662115 0.575896
vt 0.662255 0.575241
vt 0.663101 0.576779
vt 0.662929 0.577563
vt 0.661813 0.577236
vt 0.662071 0.576582
vt 0.662663 0.578373
vt 0.662288 0.579187
vt 0.661215 0.578547
vt 0.661625 0.577934
vt 0.661758 0.580001
vt 0.661035 0.580778
vt 0.660216 0.579674
vt 0.660822 0.579197
vt 0.677137 0.565126
vt 0.677056 0.565638
vt 0.677637 0.564986
vt 0.678373 0.566226
vt 0.676446 0.566133
vt 0.676514 0.566626
vt 0.676866 0.565863
vt 0.677892 0.566798
vt 0.676016 0.567298
vt 0.676175 0.567746
vt 0.676356 0.566963
vt 0.677499 0.567638
vt 0.675809 0.568500
vt 0.676027 0.568897
vt 0.676078 0.568132
vt 0.677258 0.568594
vt 0.675787 0.569675
vt 0.676046 0.570021
vt 0.675991 0.569291
vt 0.677168 0.569567
vt 0.675927 0.570787
vt 0.676221 0.571079
vt 0.676067 0.570396
vt 0.677220 0.570495
vt 0.676222 0.571805
vt 0.676547 0.572034
vt 0.676293 0.571413
vt 0.677399 0.571323
vt 0.676674 0.572690
vt 0.677027 0.572840
vt 0.676662 0.572305
vt 0.677686 0.571999
vt 0.677281 0.573382
vt 0.677651 0.573428
vt 0.677168 0.573025
vt 0.678043 0.572465
vt 0.678011 0.573793
vt 0.678367 0.573699
vt 0.677777 0.573508
vt 0.678373 0.572674
vt 0.659234 0.569900
vt 0.658878 0.569994
vt 0.659468 0.570185
vt 0.658872 0.571019
vt 0.659965 0.570311
vt 0.659594 0.570265
vt 0.660078 0.570668
vt 0.659202 0.571228
vt 0.660571 0.571003
vt 0.660219 0.570853
vt 0.660583 0.571387
vt 0.659559 0.571694
vt 0.661023 0.571888
vt 0.660698 0.571658
vt 0.660952 0.572280
vt 0.659847 0.572370
vt 0.661318 0.572906
vt 0.661024 0.572614
vt 0.661178 0.573297
vt 0.660026 0.573198
vt 0.661459 0.574018
vt 0.661199 0.573672
vt 0.661254 0.574401
vt 0.660077 0.574125
vt 0.661437 0.575193
vt 0.661218 0.574795
vt 0.661168 0.575561
vt 0.659988 0.575099
vt 0.661229 0.576395
vt 0.661070 0.575946
vt 0.660890 0.576730
vt 0.659746 0.576055
vt 0.660800 0.577560
vt 0.660732 0.577067
vt 0.660380 0.577830
vt 0.659353 0.576895
vt 0.660108 0.578567
vt 0.660189 0.578055
vt 0.659608 0.578706
vt 0.658873 0.577467
vt 0.218947 0.202346
vt 0.218901 0.202351
vt 0.218124 0.191917
vt 0.218170 0.191913
vt 0.217514 0.207174
vt 0.217468 0.207167
vt 0.216669 0.191913
vt 0.216715 0.191920
vt 0.249265 0.197834
vt 0.249291 0.197833
vt 0.249092 0.200090
vt 0.249066 0.200091
vt 0.250549 0.207138
vt 0.250523 0.207140
vt 0.250753 0.201533
vt 0.250779 0.201530
vt 0.300576 0.250851
vt 0.308868 0.253545
vt 0.299071 0.264685
vt 0.295075 0.265099
vt 0.316995 0.304684
vt 0.307199 0.293544
vt 0.315491 0.290850
vt 0.320991 0.305098
vt 0.216715 0.224982
vt 0.216669 0.224974
vt 0.304614 0.238193
vt 0.295075 0.233900
vt 0.250523 0.197835
vt 0.250549 0.197833
vt 0.311452 0.278191
vt 0.320991 0.273898
vt 0.218170 0.224537
vt 0.218124 0.224542
vt 0.320946 0.253235
vt 0.316659 0.258209
vt 0.313596 0.267677
vt 0.249291 0.208451
vt 0.249265 0.208452
vt 0.302473 0.307667
vt 0.299404 0.298203
vt 0.295111 0.293230
vt 0.214006 0.222653
vt 0.214130 0.222650
vt 0.213279 0.234562
vt 0.213154 0.234565
vt 0.216059 0.207415
vt 0.215935 0.207426
vt 0.214740 0.191924
vt 0.214864 0.191913
vt 0.710939 0.501027
vt 0.711169 0.501044
vt 0.712322 0.518645
vt 0.712092 0.518628
vt 0.249635 0.197833
vt 0.249705 0.197842
vt 0.249867 0.201639
vt 0.249797 0.201630
vt 0.275131 0.278300
vt 0.268277 0.287988
vt 0.262388 0.283169
vt 0.260203 0.273898
vt 0.262378 0.264021
vt 0.268250 0.259172
vt 0.275117 0.268875
vt 0.260203 0.273288
vt 0.215048 0.218432
vt 0.214925 0.218444
vt 0.286216 0.278158
vt 0.274453 0.289005
vt 0.250179 0.204641
vt 0.250110 0.204632
vt 0.274443 0.258180
vt 0.286189 0.269025
vt 0.214864 0.227730
vt 0.214740 0.227742
vt 0.291857 0.285566
vt 0.294501 0.273898
vt 0.249705 0.208375
vt 0.249635 0.208367
vt 0.291831 0.261627
vt 0.294465 0.273288
vt 0.213154 0.191916
vt 0.213279 0.191913
vt 0.278390 0.313251
vt 0.273202 0.309046
vt 0.267985 0.307805
vt 0.261482 0.306066
vt 0.711169 0.561151
vt 0.710939 0.561134
vt 0.261639 0.241095
vt 0.268143 0.239325
vt 0.273364 0.238133
vt 0.278527 0.233900
vt 0.870397 0.785744
vt 0.865959 0.788747
vt 0.858471 0.787314
vt 0.863623 0.782669
vt 0.863374 0.792293
vt 0.855651 0.791064
vt 0.850646 0.791008
vt 0.852546 0.787207
vt 0.857070 0.781254
vt 0.861354 0.795310
vt 0.854565 0.794059
vt 0.861600 0.798940
vt 0.854577 0.797070
vt 0.850447 0.796284
vt 0.850093 0.793718
vt 0.861059 0.803265
vt 0.855491 0.800884
vt 0.862096 0.808159
vt 0.856833 0.805786
vt 0.853418 0.804635
vt 0.851736 0.799671
vt 0.862683 0.813008
vt 0.858870 0.811535
vt 0.864325 0.817350
vt 0.860525 0.817322
vt 0.857518 0.817529
vt 0.855630 0.810910
vt 0.864783 0.820300
vt 0.861410 0.821154
vt 0.865811 0.822703
vt 0.861946 0.824356
vt 0.859165 0.826056
vt 0.858632 0.822239
vt 0.865621 0.825236
vt 0.861534 0.827624
vt 0.865737 0.827380
vt 0.861053 0.830056
vt 0.858463 0.831708
vt 0.858836 0.829482
vt 0.866054 0.829232
vt 0.861284 0.831614
vt 0.867463 0.830711
vt 0.862337 0.832857
vt 0.859484 0.833925
vt 0.858644 0.832965
vt 0.869170 0.832974
vt 0.864607 0.834248
vt 0.871529 0.835236
vt 0.867545 0.836549
vt 0.864361 0.837302
vt 0.861471 0.835094
vt 0.872797 0.837922
vt 0.869705 0.839310
vt 0.874568 0.840283
vt 0.872051 0.842515
vt 0.869764 0.844410
vt 0.866862 0.840370
vt 0.876480 0.843253
vt 0.875398 0.846786
vt 0.879260 0.845544
vt 0.879724 0.850809
vt 0.880365 0.855841
vt 0.874459 0.850275
vt 0.848728 0.787899
vt 0.851894 0.781241
vt 0.847645 0.791488
vt 0.845857 0.792009
vt 0.846321 0.788777
vt 0.848076 0.781931
vt 0.847455 0.793763
vt 0.848069 0.795887
vt 0.846484 0.795658
vt 0.845861 0.793884
vt 0.849778 0.799269
vt 0.851750 0.804923
vt 0.850292 0.804736
vt 0.848225 0.798871
vt 0.853486 0.811471
vt 0.855178 0.817965
vt 0.853280 0.818229
vt 0.851710 0.811546
vt 0.856629 0.823314
vt 0.857370 0.827503
vt 0.856155 0.828638
vt 0.855132 0.824265
vt 0.857422 0.830530
vt 0.857386 0.832375
vt 0.856715 0.832759
vt 0.856507 0.831234
vt 0.857639 0.833461
vt 0.858307 0.834350
vt 0.857587 0.834625
vt 0.857031 0.833747
vt 0.859764 0.835521
vt 0.862045 0.837646
vt 0.860373 0.837790
vt 0.858627 0.835775
vt 0.864656 0.841077
vt 0.868045 0.846224
vt 0.866651 0.847853
vt 0.862912 0.841571
vt 0.873751 0.853494
vt 0.880938 0.860295
vt 0.881354 0.864225
vt 0.873109 0.856355
vt 0.844792 0.789490
vt 0.845383 0.782793
vt 0.844758 0.792386
vt 0.844042 0.792646
vt 0.843784 0.790003
vt 0.843511 0.783541
vt 0.844864 0.793999
vt 0.845324 0.795501
vt 0.844555 0.795410
vt 0.844223 0.794088
vt 0.846568 0.798070
vt 0.848247 0.802866
vt 0.846595 0.801257
vt 0.845324 0.797477
vt 0.849920 0.809923
vt 0.851693 0.818043
vt 0.850302 0.817786
vt 0.848359 0.808214
vt 0.853842 0.824982
vt 0.855185 0.829447
vt 0.854398 0.830039
vt 0.852711 0.825536
vt 0.855729 0.831844
vt 0.856044 0.833187
vt 0.855530 0.833527
vt 0.855128 0.832312
vt 0.856362 0.834061
vt 0.856830 0.834865
vt 0.856244 0.835031
vt 0.855847 0.834298
vt 0.857652 0.835976
vt 0.859098 0.837986
vt 0.858112 0.838193
vt 0.856907 0.836127
vt 0.861449 0.842071
vt 0.865371 0.849232
vt 0.864182 0.850404
vt 0.860219 0.842554
vt 0.872411 0.858758
vt 0.881469 0.867638
vt 0.881230 0.870476
vt 0.871619 0.860732
vt 0.843104 0.790323
vt 0.842168 0.784043
vt 0.843576 0.792808
vt 0.843238 0.792884
vt 0.842579 0.790463
vt 0.841048 0.784289
vt 0.843815 0.794149
vt 0.844094 0.795395
vt 0.843781 0.795435
vt 0.843530 0.794192
vt 0.844651 0.797337
vt 0.845636 0.800870
vt 0.844974 0.800986
vt 0.844217 0.797414
vt 0.847090 0.807756
vt 0.848966 0.817814
vt 0.847678 0.818014
vt 0.846026 0.807902
vt 0.851745 0.825934
vt 0.853789 0.830423
vt 0.853217 0.830652
vt 0.850802 0.826207
vt 0.854706 0.832572
vt 0.855204 0.833698
vt 0.854924 0.833803
vt 0.854329 0.832716
vt 0.855545 0.834433
vt 0.855901 0.835162
vt 0.855633 0.835303
vt 0.855297 0.834543
vt 0.856435 0.836274
vt 0.857409 0.838394
vt 0.856857 0.838665
vt 0.856077 0.836464
vt 0.859235 0.842998
vt 0.863067 0.851403
vt 0.861940 0.852298
vt 0.858383 0.843494
vt 0.870683 0.862303
vt 0.880602 0.872661
vt 0.879517 0.874213
vt 0.869539 0.863525
vt 0.842032 0.790458
vt 0.839847 0.784308
vt 0.842893 0.792896
vt 0.842397 0.792865
vt 0.841322 0.790327
vt 0.838470 0.784125
vt 0.843246 0.794238
vt 0.843477 0.795533
vt 0.843059 0.795735
vt 0.842832 0.794319
vt 0.843825 0.797589
vt 0.844402 0.801240
vt 0.843678 0.801674
vt 0.843313 0.797927
vt 0.845063 0.808221
vt 0.846391 0.818274
vt 0.844972 0.818590
vt 0.843944 0.808677
vt 0.849789 0.826371
vt 0.852595 0.830755
vt 0.851862 0.830798
vt 0.848634 0.826493
vt 0.853930 0.832805
vt 0.854636 0.833904
vt 0.854328 0.834013
vt 0.853476 0.832883
vt 0.855045 0.834658
vt 0.855366 0.835455
vt 0.855079 0.835617
vt 0.854781 0.834777
vt 0.855748 0.836706
vt 0.856377 0.839046
vt 0.855870 0.839541
vt 0.855392 0.836994
vt 0.857586 0.844091
vt 0.860721 0.853132
vt 0.859355 0.853908
vt 0.856731 0.844806
vt 0.868116 0.864456
vt 0.877879 0.875193
vt 0.875875 0.875462
vt 0.866498 0.865028
vt 0.840266 0.790099
vt 0.836582 0.783871
vt 0.841617 0.792830
vt 0.840370 0.792863
vt 0.838526 0.789911
vt 0.833415 0.783952
vt 0.842172 0.794467
vt 0.842419 0.796089
vt 0.841426 0.796625
vt 0.841123 0.794738
vt 0.842597 0.798476
vt 0.842694 0.802252
vt 0.841515 0.803105
vt 0.841582 0.799283
vt 0.842546 0.809190
vt 0.843317 0.818953
vt 0.841380 0.819489
vt 0.840970 0.809965
vt 0.847181 0.826696
vt 0.850877 0.830910
vt 0.849432 0.831209
vt 0.845263 0.827109
vt 0.852913 0.833020
vt 0.853991 0.834147
vt 0.853430 0.834353
vt 0.852029 0.833269
vt 0.854503 0.834905
vt 0.854757 0.835785
vt 0.854236 0.836084
vt 0.854038 0.835124
vt 0.854925 0.837326
vt 0.855155 0.840175
vt 0.854044 0.841029
vt 0.854177 0.837835
vt 0.855615 0.845672
vt 0.857767 0.854624
vt 0.855769 0.855347
vt 0.854071 0.846694
vt 0.864680 0.865215
vt 0.873480 0.875103
vt 0.870253 0.874574
vt 0.862226 0.865320
vt 0.835626 0.790152
vt 0.828516 0.785674
vt 0.838380 0.793141
vt 0.835265 0.794111
vt 0.831424 0.791643
vt 0.823560 0.789863
vt 0.839481 0.795256
vt 0.839869 0.797430
vt 0.837477 0.798807
vt 0.836901 0.796357
vt 0.839933 0.800433
vt 0.839726 0.804605
vt 0.837039 0.806684
vt 0.837439 0.802144
vt 0.838926 0.811434
vt 0.839033 0.820396
vt 0.836189 0.821540
vt 0.836189 0.813382
vt 0.842722 0.827872
vt 0.847284 0.831880
vt 0.844186 0.832882
vt 0.839454 0.828747
vt 0.850515 0.833768
vt 0.852324 0.834759
vt 0.850419 0.835536
vt 0.848112 0.834654
vt 0.853078 0.835589
vt 0.853228 0.836687
vt 0.851484 0.837741
vt 0.851368 0.836444
vt 0.852888 0.838676
vt 0.852315 0.842152
vt 0.849894 0.843703
vt 0.850858 0.840016
vt 0.851935 0.847833
vt 0.853174 0.856090
vt 0.850064 0.856797
vt 0.849238 0.849193
vt 0.858769 0.865498
vt 0.865780 0.874105
vt 0.860359 0.873489
vt 0.854641 0.865527
vt 0.826535 0.795205
vt 0.819930 0.795331
vt 0.830737 0.796694
vt 0.825408 0.801523
vt 0.821950 0.800210
vt 0.817016 0.800899
vt 0.832910 0.798761
vt 0.833852 0.801311
vt 0.828911 0.805457
vt 0.828002 0.802882
vt 0.834008 0.804711
vt 0.833643 0.809120
vt 0.829371 0.812237
vt 0.829771 0.808222
vt 0.832873 0.815413
vt 0.832758 0.822642
vt 0.828569 0.823869
vt 0.829150 0.817604
vt 0.835148 0.829167
vt 0.839212 0.833632
vt 0.831987 0.834009
vt 0.830244 0.828991
vt 0.844041 0.836175
vt 0.847134 0.837060
vt 0.841354 0.839984
vt 0.837501 0.837399
vt 0.848388 0.838071
vt 0.848496 0.839658
vt 0.843556 0.843064
vt 0.843663 0.840964
vt 0.847613 0.842388
vt 0.846447 0.846291
vt 0.841768 0.849656
vt 0.842954 0.845884
vt 0.845851 0.851214
vt 0.846448 0.857525
vt 0.842104 0.858270
vt 0.841856 0.853533
vt 0.850146 0.865183
vt 0.854415 0.872345
vt 0.847975 0.870346
vt 0.845558 0.864433
vt 0.871937 0.790280
vt 0.871570 0.792822
vt 0.875635 0.789080
vt 0.881469 0.793541
vt 0.867880 0.797030
vt 0.869495 0.799533
vt 0.870539 0.795653
vt 0.878919 0.799883
vt 0.866024 0.806058
vt 0.867792 0.809443
vt 0.867519 0.804101
vt 0.874707 0.810198
vt 0.866285 0.814125
vt 0.868051 0.816545
vt 0.866774 0.811494
vt 0.872908 0.815077
vt 0.867793 0.820049
vt 0.869176 0.821271
vt 0.868195 0.818428
vt 0.873562 0.819659
vt 0.868199 0.824185
vt 0.868846 0.825299
vt 0.868639 0.822870
vt 0.872108 0.823369
vt 0.869242 0.827559
vt 0.870434 0.828141
vt 0.869408 0.826208
vt 0.873089 0.825316
vt 0.872534 0.831777
vt 0.874226 0.832653
vt 0.872304 0.830079
vt 0.877167 0.829039
vt 0.875134 0.836254
vt 0.876578 0.837197
vt 0.874972 0.834322
vt 0.879175 0.832798
vt 0.877440 0.840194
vt 0.879194 0.840779
vt 0.876735 0.838028
vt 0.879587 0.834946
vt 0.817852 0.804846
vt 0.814212 0.806232
vt 0.818960 0.806610
vt 0.810700 0.813165
vt 0.823314 0.806891
vt 0.820873 0.807007
vt 0.822912 0.809288
vt 0.815128 0.814087
vt 0.826056 0.811471
vt 0.824615 0.810539
vt 0.824863 0.814459
vt 0.819037 0.817248
vt 0.825921 0.819690
vt 0.825244 0.816721
vt 0.824559 0.823712
vt 0.819619 0.823359
vt 0.826224 0.829260
vt 0.824438 0.826476
vt 0.826113 0.832262
vt 0.819206 0.830245
vt 0.831294 0.838052
vt 0.826699 0.836573
vt 0.832735 0.839969
vt 0.821036 0.839847
vt 0.838686 0.843860
vt 0.836338 0.844052
vt 0.837525 0.845922
vt 0.829903 0.849405
vt 0.839773 0.848127
vt 0.839576 0.846638
vt 0.838300 0.850627
vt 0.834253 0.851398
vt 0.838649 0.854708
vt 0.837790 0.852531
vt 0.837905 0.857425
vt 0.832711 0.856075
vt 0.841232 0.863640
vt 0.838212 0.860107
vt 0.841733 0.867109
vt 0.833320 0.862561
vt 0.538383 0.665295
vt 0.537982 0.680187
vt 0.532958 0.679933
vt 0.532961 0.665342
vt 0.535693 0.697343
vt 0.531428 0.696441
vt 0.525864 0.695272
vt 0.526394 0.679596
vt 0.525864 0.665385
vt 0.433703 0.665509
vt 0.433703 0.644738
vt 0.437434 0.646401
vt 0.438053 0.665726
vt 0.434316 0.627226
vt 0.437902 0.630255
vt 0.442577 0.634183
vt 0.442293 0.648564
vt 0.443730 0.666000
vt 0.369396 0.650997
vt 0.368005 0.636804
vt 0.373174 0.637367
vt 0.374154 0.650613
vt 0.368034 0.622940
vt 0.373382 0.623834
vt 0.380377 0.625022
vt 0.379936 0.638129
vt 0.380377 0.650137
vt 0.477113 0.623339
vt 0.478014 0.636793
vt 0.473297 0.638825
vt 0.472710 0.626907
vt 0.477872 0.652537
vt 0.473098 0.652489
vt 0.466875 0.652420
vt 0.467137 0.641518
vt 0.466875 0.631501
vt 0.499300 0.656414
vt 0.503295 0.669594
vt 0.497691 0.670566
vt 0.494623 0.656795
vt 0.502852 0.683772
vt 0.496663 0.684864
vt 0.488524 0.686159
vt 0.490349 0.671733
vt 0.488524 0.657198
vt 0.385966 0.648397
vt 0.381762 0.635972
vt 0.386651 0.636072
vt 0.389794 0.648932
vt 0.381775 0.624591
vt 0.387425 0.624001
vt 0.394725 0.622940
vt 0.392994 0.636186
vt 0.394725 0.649687
vt 0.437990 0.669008
vt 0.438817 0.678620
vt 0.432802 0.679472
vt 0.432204 0.671447
vt 0.438342 0.685902
vt 0.432387 0.684802
vt 0.424543 0.683245
vt 0.424857 0.680430
vt 0.424543 0.674496
vt 0.384369 0.684940
vt 0.377417 0.685025
vt 0.378153 0.679138
vt 0.384292 0.678892
vt 0.370376 0.684201
vt 0.371579 0.678682
vt 0.373216 0.671419
vt 0.379278 0.671382
vt 0.384369 0.670893
vt 0.498364 0.647781
vt 0.497403 0.635501
vt 0.500530 0.635515
vt 0.501409 0.645606
vt 0.498053 0.621809
vt 0.501265 0.623993
vt 0.505426 0.626743
vt 0.504573 0.635448
vt 0.505426 0.642744
vt 0.394447 0.687924
vt 0.392643 0.680440
vt 0.398442 0.679932
vt 0.399905 0.686579
vt 0.392470 0.671787
vt 0.398845 0.672446
vt 0.407218 0.673217
vt 0.406104 0.679387
vt 0.407218 0.685190
vt 0.563157 0.681166
vt 0.559978 0.672469
vt 0.562191 0.670467
vt 0.564670 0.678500
vt 0.559022 0.662552
vt 0.562629 0.661446
vt 0.567162 0.659888
vt 0.565043 0.667787
vt 0.567162 0.675293
vt 0.399212 0.647895
vt 0.396110 0.637769
vt 0.402924 0.635918
vt 0.404977 0.645104
vt 0.396215 0.624569
vt 0.403295 0.623865
vt 0.412613 0.622940
vt 0.411908 0.633503
vt 0.412613 0.641489
vt 0.426784 0.624275
vt 0.424845 0.636179
vt 0.420358 0.636211
vt 0.421251 0.623683
vt 0.421085 0.644790
vt 0.417988 0.645284
vt 0.413998 0.645993
vt 0.414517 0.636279
vt 0.413998 0.622940
vt 0.487138 0.656414
vt 0.487138 0.673691
vt 0.481172 0.674853
vt 0.480586 0.659168
vt 0.484006 0.693185
vt 0.478838 0.692565
vt 0.472064 0.691781
vt 0.473325 0.676368
vt 0.471927 0.662744
vt 0.537520 0.626522
vt 0.539146 0.646467
vt 0.533708 0.646252
vt 0.532476 0.627807
vt 0.538583 0.663910
vt 0.533078 0.663071
vt 0.525864 0.662011
vt 0.526579 0.645998
vt 0.525864 0.629503
vt 0.246891 0.199267
vt 0.247745 0.197833
vt 0.246908 0.212591
vt 0.246743 0.212627
vt 0.248384 0.199416
vt 0.247014 0.212828
vt 0.246687 0.213376
vt 0.246156 0.201884
vt 0.246372 0.200654
vt 0.246589 0.212600
vt 0.246436 0.212824
vt 0.246440 0.203763
vt 0.246192 0.202957
vt 0.246275 0.213031
vt 0.246212 0.213440
vt 0.247298 0.204535
vt 0.246821 0.204323
vt 0.246156 0.213946
vt 0.246282 0.214564
vt 0.248175 0.203981
vt 0.247752 0.204453
vt 0.246533 0.215462
vt 0.246909 0.214587
vt 0.248722 0.202176
vt 0.248532 0.203244
vt 0.247120 0.213980
vt 0.247138 0.213463
vt 0.248697 0.200909
vt 0.247131 0.213044
vt 0.096117 0.270905
vt 0.095456 0.270820
vt 0.096976 0.254048
vt 0.097899 0.254134
vt 0.094790 0.270765
vt 0.096053 0.253994
vt 0.096701 0.229734
vt 0.097758 0.229737
vt 0.098816 0.229770
vt 0.094121 0.270734
vt 0.095130 0.253976
vt 0.093457 0.270731
vt 0.094210 0.253986
vt 0.094596 0.229817
vt 0.095648 0.229764
vt 0.092785 0.270743
vt 0.093291 0.254018
vt 0.092122 0.270767
vt 0.092374 0.254060
vt 0.092500 0.229955
vt 0.093548 0.229886
vt 0.091452 0.270793
vt 0.091457 0.254100
vt 0.090786 0.270815
vt 0.090540 0.254130
vt 0.090403 0.230042
vt 0.091452 0.230010
vt 0.090118 0.270831
vt 0.089622 0.254145
vt 0.089449 0.270839
vt 0.088703 0.254146
vt 0.088302 0.230014
vt 0.089352 0.230042
vt 0.088784 0.270844
vt 0.087783 0.254135
vt 0.088112 0.270851
vt 0.086861 0.254122
vt 0.086199 0.229895
vt 0.087251 0.229961
vt 0.087447 0.270866
vt 0.085937 0.254119
vt 0.086777 0.270901
vt 0.085010 0.254135
vt 0.084088 0.229775
vt 0.085145 0.229828
vt 0.095958 0.171238
vt 0.096028 0.171415
vt 0.095404 0.171499
vt 0.095398 0.171359
vt 0.096519 0.178750
vt 0.095805 0.178771
vt 0.095065 0.178805
vt 0.094786 0.171460
vt 0.094838 0.171292
vt 0.086365 0.178744
vt 0.086859 0.171398
vt 0.087467 0.171533
vt 0.087100 0.178829
vt 0.086936 0.171238
vt 0.087481 0.171393
vt 0.088052 0.171357
vt 0.088097 0.171542
vt 0.087811 0.178913
vt 0.094628 0.171287
vt 0.094705 0.171461
vt 0.094082 0.171571
vt 0.094072 0.171432
vt 0.094353 0.178858
vt 0.093616 0.178921
vt 0.093464 0.171557
vt 0.093511 0.171387
vt 0.093311 0.171378
vt 0.093389 0.171552
vt 0.092765 0.171671
vt 0.092754 0.171530
vt 0.092903 0.178988
vt 0.092167 0.179048
vt 0.092145 0.171657
vt 0.092191 0.171486
vt 0.092002 0.171473
vt 0.092073 0.171650
vt 0.091444 0.171746
vt 0.091439 0.171603
vt 0.091451 0.179092
vt 0.090713 0.179110
vt 0.090822 0.171700
vt 0.090877 0.171530
vt 0.090691 0.171518
vt 0.090750 0.171699
vt 0.090117 0.171748
vt 0.090121 0.171605
vt 0.089996 0.179100
vt 0.089259 0.179058
vt 0.089499 0.171654
vt 0.089565 0.171488
vt 0.089374 0.171476
vt 0.089422 0.171660
vt 0.088790 0.171666
vt 0.088802 0.171524
vt 0.088545 0.178996
vt 0.088179 0.171536
vt 0.088254 0.171374
vt 0.096987 0.201475
vt 0.097916 0.201462
vt 0.096060 0.201509
vt 0.095135 0.201567
vt 0.094211 0.201640
vt 0.093289 0.201721
vt 0.092366 0.201795
vt 0.091442 0.201849
vt 0.090517 0.201875
vt 0.089591 0.201865
vt 0.088666 0.201821
vt 0.087743 0.201747
vt 0.086820 0.201655
vt 0.085897 0.201557
vt 0.084973 0.201466
vt 0.101091 0.174591
vt 0.100532 0.174464
vt 0.100702 0.174146
vt 0.101111 0.174131
vt 0.100116 0.174070
vt 0.100488 0.173798
vt 0.101145 0.173318
vt 0.099866 0.173553
vt 0.100222 0.173488
vt 0.099915 0.172982
vt 0.100360 0.173104
vt 0.100163 0.172464
vt 0.100436 0.172702
vt 0.100641 0.172145
vt 0.100823 0.172570
vt 0.101201 0.172017
vt 0.101185 0.172379
vt 0.101748 0.172192
vt 0.101529 0.172600
vt 0.102197 0.172550
vt 0.101904 0.172764
vt 0.102400 0.173087
vt 0.101946 0.173171
vt 0.102400 0.173661
vt 0.102051 0.173566
vt 0.102108 0.174154
vt 0.101759 0.173852
vt 0.101659 0.174512
vt 0.101516 0.174181
vt 0.640395 0.581386
vt 0.640131 0.583372
vt 0.638387 0.583018
vt 0.638625 0.581569
vt 0.639913 0.583930
vt 0.638320 0.583479
vt 0.636627 0.583492
vt 0.636581 0.582847
vt 0.637033 0.580926
vt 0.631416 0.555898
vt 0.631915 0.556309
vt 0.630475 0.557556
vt 0.630192 0.557182
vt 0.633197 0.557792
vt 0.631519 0.558591
vt 0.630445 0.560030
vt 0.628966 0.558623
vt 0.628726 0.558060
vt 0.628082 0.558771
vt 0.628756 0.558891
vt 0.628000 0.560637
vt 0.627559 0.560464
vt 0.629293 0.561390
vt 0.628904 0.563314
vt 0.627089 0.562330
vt 0.626593 0.561990
vt 0.626334 0.562691
vt 0.626985 0.562657
vt 0.626517 0.564713
vt 0.626063 0.564604
vt 0.628004 0.565078
vt 0.627921 0.567043
vt 0.625881 0.566649
vt 0.625364 0.566343
vt 0.625256 0.567135
vt 0.625892 0.566998
vt 0.626071 0.568791
vt 0.625601 0.568797
vt 0.627566 0.568729
vt 0.628129 0.570355
vt 0.626071 0.570478
vt 0.625472 0.570368
vt 0.625583 0.571154
vt 0.626153 0.570814
vt 0.626794 0.572612
vt 0.626331 0.572752
vt 0.628250 0.572148
vt 0.629163 0.573786
vt 0.627215 0.574497
vt 0.626593 0.574516
vt 0.626907 0.575236
vt 0.627407 0.574799
vt 0.628378 0.576478
vt 0.627959 0.576702
vt 0.629626 0.575625
vt 0.630899 0.576975
vt 0.629183 0.578197
vt 0.628588 0.578347
vt 0.629188 0.579049
vt 0.629469 0.578444
vt 0.631052 0.579565
vt 0.630759 0.579942
vt 0.632029 0.578404
vt 0.633781 0.579179
vt 0.632498 0.580812
vt 0.632014 0.581196
vt 0.632660 0.581578
vt 0.632826 0.580941
vt 0.634612 0.581822
vt 0.634382 0.582237
vt 0.635220 0.580444
vt 0.636257 0.582851
vt 0.635829 0.583292
vt 0.640745 0.568375
vt 0.634931 0.563590
vt 0.634698 0.561788
vt 0.636614 0.562257
vt 0.634045 0.565493
vt 0.633161 0.563730
vt 0.633513 0.567616
vt 0.632341 0.566197
vt 0.633625 0.569503
vt 0.632059 0.568619
vt 0.634207 0.571425
vt 0.632522 0.570870
vt 0.635191 0.573228
vt 0.633415 0.573159
vt 0.636813 0.574502
vt 0.635008 0.575012
vt 0.638694 0.575507
vt 0.637126 0.576379
vt 0.640745 0.575764
vt 0.639470 0.577158
vt 0.650381 0.584716
vt 0.648633 0.584697
vt 0.649015 0.583361
vt 0.650254 0.582983
vt 0.647106 0.583900
vt 0.648146 0.582449
vt 0.650038 0.579823
vt 0.645883 0.582714
vt 0.647019 0.581921
vt 0.645388 0.581011
vt 0.647036 0.580586
vt 0.645303 0.579184
vt 0.646598 0.579357
vt 0.645945 0.577503
vt 0.647389 0.578328
vt 0.646777 0.576136
vt 0.647668 0.577144
vt 0.648118 0.575391
vt 0.648800 0.576957
vt 0.649697 0.574910
vt 0.649789 0.576253
vt 0.651375 0.575189
vt 0.650899 0.576830
vt 0.652956 0.575838
vt 0.652156 0.576927
vt 0.654065 0.577133
vt 0.652635 0.578085
vt 0.654860 0.578642
vt 0.653538 0.578963
vt 0.654860 0.580360
vt 0.653147 0.580169
vt 0.654450 0.582079
vt 0.653241 0.581460
vt 0.653337 0.583429
vt 0.652167 0.582146
vt 0.652022 0.584440
vt 0.651477 0.583175
vt 0.700081 0.564356
vt 0.699476 0.564832
vt 0.698539 0.564029
vt 0.699262 0.563251
vt 0.699082 0.565482
vt 0.698010 0.564843
vt 0.696896 0.564295
vt 0.697418 0.563257
vt 0.698170 0.562170
vt 0.698672 0.566095
vt 0.697635 0.565657
vt 0.698484 0.566794
vt 0.697369 0.566466
vt 0.696315 0.566219
vt 0.696547 0.565282
vt 0.698227 0.567447
vt 0.697197 0.567251
vt 0.698182 0.568134
vt 0.697094 0.568021
vt 0.696111 0.567960
vt 0.696179 0.567109
vt 0.698042 0.568788
vt 0.697055 0.568762
vt 0.698102 0.569440
vt 0.697066 0.569488
vt 0.696148 0.569558
vt 0.696107 0.568773
vt 0.698059 0.570077
vt 0.697126 0.570185
vt 0.698204 0.570684
vt 0.697230 0.570869
vt 0.696369 0.571049
vt 0.696239 0.570314
vt 0.698249 0.571293
vt 0.697378 0.571524
vt 0.698471 0.571849
vt 0.697572 0.572166
vt 0.696763 0.572457
vt 0.696545 0.571761
vt 0.698609 0.572419
vt 0.697813 0.572777
vt 0.698910 0.572909
vt 0.698106 0.573369
vt 0.697357 0.573793
vt 0.697033 0.573133
vt 0.699152 0.573422
vt 0.698456 0.573925
vt 0.699538 0.573824
vt 0.698872 0.574448
vt 0.698210 0.575040
vt 0.697747 0.574428
vt 0.699897 0.574245
vt 0.699358 0.574915
vt 0.700373 0.574515
vt 0.699927 0.575320
vt 0.699422 0.576134
vt 0.698764 0.575612
vt 0.700854 0.574780
vt 0.700581 0.575626
vt 0.701396 0.574845
vt 0.701325 0.575806
vt 0.701142 0.576896
vt 0.700209 0.576572
vt 0.696156 0.562625
vt 0.696815 0.561242
vt 0.695721 0.563871
vt 0.694478 0.563585
vt 0.694765 0.562171
vt 0.695232 0.560542
vt 0.695447 0.565007
vt 0.695281 0.566054
vt 0.694243 0.565971
vt 0.694319 0.564839
vt 0.695201 0.567029
vt 0.695181 0.567946
vt 0.694271 0.567977
vt 0.694235 0.567010
vt 0.695216 0.568815
vt 0.695291 0.569648
vt 0.694461 0.569759
vt 0.694350 0.568889
vt 0.695410 0.570449
vt 0.695563 0.571228
vt 0.694780 0.571411
vt 0.694606 0.570596
vt 0.695759 0.571987
vt 0.695995 0.572732
vt 0.695238 0.572996
vt 0.694991 0.572208
vt 0.696282 0.573464
vt 0.696623 0.574188
vt 0.695877 0.574562
vt 0.695532 0.573779
vt 0.697033 0.574901
vt 0.697521 0.575604
vt 0.696784 0.576141
vt 0.696290 0.575348
vt 0.698113 0.576287
vt 0.698829 0.576944
vt 0.698121 0.577743
vt 0.697386 0.576939
vt 0.699705 0.577550
vt 0.700781 0.578076
vt 0.700195 0.579312
vt 0.699040 0.578538
vt 0.693279 0.561924
vt 0.693482 0.560127
vt 0.693184 0.563452
vt 0.691866 0.563484
vt 0.691745 0.561905
vt 0.691648 0.560032
vt 0.693166 0.564785
vt 0.693198 0.565974
vt 0.692153 0.566065
vt 0.692005 0.564851
vt 0.693271 0.567055
vt 0.693370 0.568056
vt 0.692475 0.568182
vt 0.692311 0.567165
vt 0.693496 0.568997
vt 0.693642 0.569893
vt 0.692829 0.570049
vt 0.692648 0.569138
vt 0.693812 0.570756
vt 0.694004 0.571598
vt 0.693229 0.571790
vt 0.693022 0.570929
vt 0.694226 0.572427
vt 0.694477 0.573251
vt 0.693706 0.573495
vt 0.693456 0.572642
vt 0.694769 0.574077
vt 0.695107 0.574914
vt 0.694309 0.575240
vt 0.693988 0.574357
vt 0.695508 0.575767
vt 0.695987 0.576647
vt 0.695127 0.577109
vt 0.694684 0.576153
vt 0.696570 0.577557
vt 0.697287 0.578509
vt 0.696325 0.579214
vt 0.695664 0.578124
vt 0.698193 0.579503
vt 0.699350 0.580549
vt 0.698238 0.581716
vt 0.697161 0.580402
vt 0.690217 0.562118
vt 0.689814 0.560266
vt 0.690558 0.563681
vt 0.689294 0.564037
vt 0.688751 0.562551
vt 0.688066 0.560809
vt 0.690855 0.565037
vt 0.691119 0.566244
vt 0.690110 0.566508
vt 0.689738 0.565340
vt 0.691362 0.567340
vt 0.691589 0.568355
vt 0.690717 0.568573
vt 0.690432 0.567576
vt 0.691807 0.569312
vt 0.692020 0.570227
vt 0.691219 0.570424
vt 0.690977 0.569517
vt 0.692234 0.571114
vt 0.692452 0.571986
vt 0.691675 0.572183
vt 0.691449 0.571309
vt 0.692681 0.572853
vt 0.692924 0.573726
vt 0.692131 0.573942
vt 0.691900 0.573057
vt 0.693189 0.574616
vt 0.693483 0.575535
vt 0.692632 0.575793
vt 0.692372 0.574849
vt 0.693819 0.576496
vt 0.694209 0.577517
vt 0.693239 0.577858
vt 0.692917 0.576789
vt 0.694674 0.578619
vt 0.695241 0.579831
vt 0.694055 0.580329
vt 0.693612 0.579026
vt 0.695954 0.581187
vt 0.696870 0.582742
vt 0.695283 0.583556
vt 0.694598 0.581815
vt 0.687395 0.563178
vt 0.686480 0.561624
vt 0.688108 0.564535
vt 0.687024 0.565151
vt 0.686188 0.563964
vt 0.685111 0.562649
vt 0.688675 0.565746
vt 0.689141 0.566849
vt 0.688222 0.567256
vt 0.687685 0.566242
vt 0.689530 0.567870
vt 0.689866 0.568831
vt 0.689040 0.569126
vt 0.688665 0.568213
vt 0.690161 0.569750
vt 0.690426 0.570640
vt 0.689643 0.570871
vt 0.689361 0.570009
vt 0.690668 0.571513
vt 0.690897 0.572380
vt 0.690120 0.572576
vt 0.689893 0.571724
vt 0.691115 0.573252
vt 0.691329 0.574139
vt 0.690521 0.574317
vt 0.690327 0.573437
vt 0.691542 0.575054
vt 0.691760 0.576011
vt 0.690875 0.576183
vt 0.690701 0.575228
vt 0.691988 0.577026
vt 0.692230 0.578122
vt 0.691196 0.578301
vt 0.691038 0.577201
vt 0.692495 0.579328
vt 0.692791 0.580685
vt 0.691483 0.580882
vt 0.691344 0.579515
vt 0.693132 0.582248
vt 0.693535 0.584100
vt 0.691702 0.584333
vt 0.691604 0.582461
vt 0.685156 0.564863
vt 0.683999 0.563817
vt 0.686062 0.565857
vt 0.685228 0.566623
vt 0.684309 0.565828
vt 0.683154 0.565053
vt 0.686780 0.566809
vt 0.687363 0.567719
vt 0.686565 0.568225
vt 0.685964 0.567427
vt 0.687841 0.568599
vt 0.688242 0.569452
vt 0.687472 0.569804
vt 0.687059 0.569018
vt 0.688580 0.570289
vt 0.688872 0.571115
vt 0.688111 0.571370
vt 0.687817 0.570587
vt 0.689124 0.571939
vt 0.689345 0.572767
vt 0.688569 0.572955
vt 0.688358 0.572158
vt 0.689537 0.573609
vt 0.689708 0.574473
vt 0.688888 0.574607
vt 0.688743 0.573769
vt 0.689854 0.575369
vt 0.689979 0.576310
vt 0.689078 0.576388
vt 0.688999 0.575476
vt 0.690079 0.577311
vt 0.690151 0.578392
vt 0.689106 0.578395
vt 0.689114 0.577356
vt 0.690183 0.579581
vt 0.690166 0.580914
vt 0.688871 0.580781
vt 0.689030 0.579527
vt 0.690071 0.582441
vt 0.689867 0.584239
vt 0.688118 0.583824
vt 0.688584 0.582195
vt 0.683644 0.566816
vt 0.682568 0.566290
vt 0.684520 0.567422
vt 0.683927 0.568232
vt 0.683141 0.567794
vt 0.682207 0.567470
vt 0.685236 0.568079
vt 0.685828 0.568762
vt 0.685139 0.569326
vt 0.684585 0.568754
vt 0.686317 0.569465
vt 0.686727 0.570178
vt 0.685992 0.570573
vt 0.685602 0.569937
vt 0.687067 0.570901
vt 0.687354 0.571634
vt 0.686586 0.571909
vt 0.686316 0.571233
vt 0.687590 0.572379
vt 0.687786 0.573138
vt 0.686981 0.573317
vt 0.686805 0.572605
vt 0.687940 0.573917
vt 0.688058 0.574718
vt 0.687201 0.574808
vt 0.687111 0.574052
vt 0.688133 0.575551
vt 0.688168 0.576420
vt 0.687238 0.576406
vt 0.687243 0.575593
vt 0.688148 0.577337
vt 0.688069 0.578312
vt 0.687035 0.578147
vt 0.687170 0.577257
vt 0.687902 0.579359
vt 0.687629 0.580495
vt 0.686453 0.580070
vt 0.686802 0.579084
vt 0.687193 0.581741
vt 0.686535 0.583124
vt 0.685179 0.582196
vt 0.685932 0.581109
vt 0.682768 0.568740
vt 0.682024 0.568559
vt 0.683422 0.569046
vt 0.682977 0.569851
vt 0.682495 0.569586
vt 0.681953 0.569521
vt 0.683991 0.569451
vt 0.684477 0.569918
vt 0.683811 0.570542
vt 0.683452 0.570121
vt 0.684893 0.570441
vt 0.685243 0.570997
vt 0.684439 0.571457
vt 0.684198 0.570944
vt 0.685537 0.571589
vt 0.685777 0.572200
vt 0.684878 0.572517
vt 0.684740 0.571947
vt 0.685971 0.572842
vt 0.686119 0.573497
vt 0.685146 0.573682
vt 0.685100 0.573073
vt 0.686223 0.574180
vt 0.686283 0.574877
vt 0.685247 0.574926
vt 0.685290 0.574289
vt 0.686295 0.575604
vt 0.686255 0.576344
vt 0.685167 0.576232
vt 0.685307 0.575578
vt 0.686153 0.577115
vt 0.685981 0.577900
vt 0.684865 0.577572
vt 0.685122 0.576918
vt 0.685714 0.578709
vt 0.685340 0.579523
vt 0.684267 0.578883
vt 0.684677 0.578271
vt 0.684810 0.580337
vt 0.684087 0.581114
vt 0.683268 0.580010
vt 0.683873 0.579534
vt 0.700189 0.565463
vt 0.700108 0.565974
vt 0.700689 0.565323
vt 0.701425 0.566562
vt 0.699498 0.566469
vt 0.699566 0.566963
vt 0.699918 0.566200
vt 0.700944 0.567134
vt 0.699068 0.567635
vt 0.699227 0.568083
vt 0.699408 0.567300
vt 0.700551 0.567975
vt 0.698861 0.568836
vt 0.699079 0.569234
vt 0.699130 0.568469
vt 0.700310 0.568930
vt 0.698839 0.570011
vt 0.699098 0.570358
vt 0.699043 0.569628
vt 0.700220 0.569904
vt 0.698979 0.571124
vt 0.699273 0.571416
vt 0.699119 0.570733
vt 0.700272 0.570831
vt 0.699274 0.572142
vt 0.699599 0.572371
vt 0.699345 0.571750
vt 0.700450 0.571659
vt 0.699726 0.573026
vt 0.700079 0.573177
vt 0.699714 0.572642
vt 0.700738 0.572335
vt 0.700333 0.573718
vt 0.700703 0.573764
vt 0.700220 0.573362
vt 0.701095 0.572802
vt 0.701063 0.574130
vt 0.701419 0.574035
vt 0.700829 0.573844
vt 0.701425 0.573010
vt 0.682286 0.570236
vt 0.681930 0.570331
vt 0.682520 0.570522
vt 0.681924 0.571356
vt 0.683017 0.570648
vt 0.682646 0.570601
vt 0.683130 0.571004
vt 0.682254 0.571564
vt 0.683623 0.571340
vt 0.683271 0.571189
vt 0.683635 0.571724
vt 0.682611 0.572031
vt 0.684075 0.572224
vt 0.683750 0.571995
vt 0.684004 0.572616
vt 0.682899 0.572707
vt 0.684370 0.573242
vt 0.684076 0.572950
vt 0.684230 0.573633
vt 0.683078 0.573535
vt 0.684511 0.574355
vt 0.684251 0.574008
vt 0.684306 0.574738
vt 0.683129 0.574462
vt 0.684488 0.575530
vt 0.684270 0.575132
vt 0.684219 0.575897
vt 0.683039 0.575436
vt 0.684281 0.576731
vt 0.684122 0.576283
vt 0.683941 0.577066
vt 0.682798 0.576391
vt 0.683851 0.577896
vt 0.683784 0.577403
vt 0.683432 0.578166
vt 0.682405 0.577231
vt 0.683160 0.578903
vt 0.683241 0.578392
vt 0.682660 0.579043
vt 0.681924 0.577803
s 1
g off
g pasted__polySurface3_pasted__lambert12_0_Material.001
usemtl Material.001
f 1/1/1 2/2/2 3/3/3
f 1/1/1 3/3/3 4/4/4
f 2/2/2 5/5/5 6/6/6
f 2/2/2 6/6/6 3/3/3
f 3/3/3 6/6/6 7/7/7
f 3/3/3 7/7/7 8/8/8
f 4/4/4 3/3/3 8/8/8
f 4/4/4 8/8/8 9/9/9
s 2
f 10/10/10 11/11/11 12/12/12
f 10/10/10 12/12/12 13/13/13
f 11/11/11 14/14/14 15/15/15
f 11/11/11 15/15/15 12/12/12
f 12/12/12 15/15/15 16/16/16
f 12/12/12 16/16/16 17/17/17
f 13/13/13 12/12/12 17/17/17
f 13/13/13 17/17/17 18/18/18
s 3
f 19/19/7 20/20/19 21/21/20
f 19/19/7 21/21/20 22/22/21
f 20/20/19 5/23/10 23/24/22
f 20/20/19 23/24/22 21/21/20
f 21/21/20 23/24/22 24/25/23
f 21/21/20 24/25/23 25/26/24
f 22/22/21 21/21/20 25/26/24
f 22/22/21 25/26/24 26/27/25
s 4
f 27/28/26 28/29/27 29/30/28
f 27/28/26 29/30/28 30/31/29
f 28/29/27 31/32/7 32/33/21
f 28/29/27 32/33/21 29/30/28
f 29/30/28 32/33/21 33/34/30
f 29/30/28 33/34/30 34/35/31
f 30/31/29 29/30/28 34/35/31
f 30/31/29 34/35/31 35/36/32
s 5
f 36/37/16 37/38/33 38/39/34
f 36/37/16 38/39/34 39/40/35
f 37/38/33 14/41/36 40/42/37
f 37/38/33 40/42/37 38/39/34
f 38/39/34 40/42/37 41/43/38
f 38/39/34 41/43/38 42/44/39
f 39/40/35 38/39/34 42/44/39
f 39/40/35 42/44/39 43/45/40
s 6
f 44/46/41 45/47/17 46/48/42
f 44/46/41 46/48/42 47/49/43
f 45/47/17 48/50/16 49/51/35
f 45/47/17 49/51/35 46/48/42
f 46/48/42 49/51/35 50/52/40
f 46/48/42 50/52/40 51/53/44
f 47/49/43 46/48/42 51/53/44
f 47/49/43 51/53/44 52/54/45
s 7
f 53/55/25 54/56/46 55/57/47
f 53/55/25 55/57/47 56/58/48
f 54/56/46 57/59/49 58/60/50
f 54/56/46 58/60/50 55/57/47
f 55/57/47 58/60/50 59/61/51
f 55/57/47 59/61/51 60/62/52
f 56/58/48 55/57/47 60/62/52
f 56/58/48 60/62/52 61/63/53
s 8
f 62/64/54 63/65/55 64/66/56
f 62/64/54 64/66/56 65/67/57
f 63/65/55 66/68/58 67/69/59
f 63/65/55 67/69/59 64/66/56
f 64/66/56 67/69/59 68/70/60
f 64/66/56 68/70/60 69/71/61
f 65/67/57 64/66/56 69/71/61
f 65/67/57 69/71/61 70/72/62
s 9
f 71/73/63 72/74/64 73/75/65
f 71/73/63 73/75/65 74/76/66
f 72/74/64 75/77/1 76/78/67
f 72/74/64 76/78/67 73/75/65
f 73/75/65 76/78/67 77/79/68
f 73/75/65 77/79/68 78/80/69
f 74/76/66 73/75/65 78/80/69
f 74/76/66 78/80/69 79/81/70
s 10
f 1/82/71 80/83/72 81/84/73
f 1/82/71 81/84/73 82/85/74
f 80/83/72 83/86/26 84/87/75
f 80/83/72 84/87/75 81/84/73
f 81/84/73 84/87/75 85/88/76
f 81/84/73 85/88/76 86/89/77
f 82/85/74 81/84/73 86/89/77
f 82/85/74 86/89/77 87/90/78
s 11
f 88/91/79 89/92/80 90/93/81
f 88/91/79 90/93/81 91/94/82
f 89/92/80 14/95/83 92/96/84
f 89/92/80 92/96/84 90/93/81
f 90/93/81 92/96/84 93/97/85
f 90/93/81 93/97/85 94/98/86
f 91/94/82 90/93/81 94/98/86
f 91/94/82 94/98/86 95/99/87
s 12
f 96/100/88 97/101/39 98/102/89
f 96/100/88 98/102/89 99/103/90
f 97/101/39 100/104/38 101/105/91
f 97/101/39 101/105/91 98/102/89
f 98/102/89 101/105/91 102/106/92
f 98/102/89 102/106/92 103/107/93
f 99/103/90 98/102/89 103/107/93
f 99/103/90 103/107/93 104/108/94
s 13
f 105/109/95 106/110/96 107/111/97
f 105/109/95 107/111/97 108/112/98
f 106/110/96 109/113/99 110/114/100
f 106/110/96 110/114/100 107/111/97
f 107/111/97 110/114/100 111/115/101
f 107/111/97 111/115/101 112/116/102
f 108/112/98 107/111/97 112/116/102
f 108/112/98 112/116/102 113/117/103
s 14
f 114/118/68 115/119/104 116/120/105
f 114/118/68 116/120/105 117/121/100
f 115/119/104 118/122/106 119/123/107
f 115/119/104 119/123/107 116/120/105
f 116/120/105 119/123/107 120/124/108
f 116/120/105 120/124/108 121/125/109
f 117/121/100 116/120/105 121/125/109
f 117/121/100 121/125/109 122/126/101
s 15
f 123/127/110 124/128/111 125/129/112
f 123/127/110 125/129/112 126/130/113
f 124/128/111 127/131/114 128/132/115
f 124/128/111 128/132/115 125/129/112
f 125/129/112 128/132/115 129/133/116
f 125/129/112 129/133/116 130/134/117
f 126/130/113 125/129/112 130/134/117
f 126/130/113 130/134/117 131/135/118
s 16
f 132/136/119 133/137/120 134/138/121
f 132/136/119 134/138/121 135/139/122
f 133/137/120 136/140/92 137/141/123
f 133/137/120 137/141/123 134/138/121
f 134/138/121 137/141/123 138/142/124
f 134/138/121 138/142/124 139/143/125
f 135/139/122 134/138/121 139/143/125
f 135/139/122 139/143/125 140/144/126
s 17
f 27/145/26 141/146/29 142/147/127
f 27/145/26 142/147/127 143/148/128
f 141/146/29 144/149/54 145/150/129
f 141/146/29 145/150/129 142/147/127
f 142/147/127 145/150/129 146/151/130
f 142/147/127 146/151/130 147/152/131
f 143/148/128 142/147/127 147/152/131
f 143/148/128 147/152/131 148/153/132
s 18
f 149/154/133 150/155/44 151/156/134
f 149/154/133 151/156/134 152/157/135
f 150/155/44 153/158/40 154/159/136
f 150/155/44 154/159/136 151/156/134
f 151/156/134 154/159/136 155/160/137
f 151/156/134 155/160/137 156/161/138
f 152/157/135 151/156/134 156/161/138
f 152/157/135 156/161/138 157/162/139
s 19
f 158/163/140 159/164/141 160/165/142
f 158/163/140 160/165/142 161/166/143
f 159/164/141 162/167/144 163/168/145
f 159/164/141 163/168/145 160/165/142
f 160/165/142 163/168/145 164/169/146
f 160/165/142 164/169/146 165/170/147
f 161/166/143 160/165/142 165/170/147
f 161/166/143 165/170/147 166/171/148
s 20
f 62/172/54 167/173/149 168/174/150
f 62/172/54 168/174/150 169/175/151
f 167/173/149 170/176/62 171/177/152
f 167/173/149 171/177/152 168/174/150
f 168/174/150 171/177/152 172/178/153
f 168/174/150 172/178/153 173/179/154
f 169/175/151 168/174/150 173/179/154
f 169/175/151 173/179/154 174/180/130
s 21
f 175/181/62 176/182/155 177/183/156
f 175/181/62 177/183/156 178/184/152
f 176/182/155 179/185/140 180/186/157
f 176/182/155 180/186/157 177/183/156
f 177/183/156 180/186/157 181/187/158
f 177/183/156 181/187/158 182/188/159
f 178/184/152 177/183/156 182/188/159
f 178/184/152 182/188/159 183/189/160
s 22
f 184/190/161 185/191/75 186/192/162
f 184/190/161 186/192/162 187/193/163
f 185/191/75 83/194/26 188/195/128
f 185/191/75 188/195/128 186/192/162
f 186/192/162 188/195/128 189/196/132
f 186/192/162 189/196/132 190/197/164
f 187/193/163 186/192/162 190/197/164
f 187/193/163 190/197/164 191/198/165
s 23
f 96/199/88 192/200/90 193/201/166
f 96/199/88 193/201/166 194/202/136
f 192/200/90 195/203/94 196/204/167
f 192/200/90 196/204/167 193/201/166
f 193/201/166 196/204/167 197/205/168
f 193/201/166 197/205/168 198/206/169
f 194/202/136 193/201/166 198/206/169
f 194/202/136 198/206/169 199/207/137
s 24
f 200/208/103 201/209/170 202/210/171
f 200/208/103 202/210/171 203/211/172
f 201/209/170 204/212/173 205/213/174
f 201/209/170 205/213/174 202/210/171
f 202/210/171 205/213/174 206/214/175
f 202/210/171 206/214/175 207/215/176
f 203/211/172 202/210/171 207/215/176
f 203/211/172 207/215/176 208/216/177
s 25
f 209/217/178 210/218/107 211/219/179
f 209/217/178 211/219/179 212/220/180
f 210/218/107 118/221/181 213/222/182
f 210/218/107 213/222/182 211/219/179
f 211/219/179 213/222/182 214/223/183
f 211/219/179 214/223/183 215/224/184
f 212/220/180 211/219/179 215/224/184
f 212/220/180 215/224/184 216/225/185
s 26
f 217/226/173 218/227/109 219/228/186
f 217/226/173 219/228/186 220/229/187
f 218/227/109 221/230/178 222/231/188
f 218/227/109 222/231/188 219/228/186
f 219/228/186 222/231/188 223/232/189
f 219/228/186 223/232/189 224/233/190
f 220/229/187 219/228/186 224/233/190
f 220/229/187 224/233/190 225/234/175
s 27
f 226/235/124 227/236/117 228/237/191
f 226/235/124 228/237/191 229/238/192
f 227/236/117 230/239/116 231/240/193
f 227/236/117 231/240/193 228/237/191
f 228/237/191 231/240/193 232/241/194
f 228/237/191 232/241/194 233/242/195
f 229/238/192 228/237/191 233/242/195
f 229/238/192 233/242/195 234/243/196
s 28
f 132/244/94 235/245/197 236/246/198
f 132/244/94 236/246/198 237/247/199
f 235/245/197 238/248/200 239/249/201
f 235/245/197 239/249/201 236/246/198
f 236/246/198 239/249/201 240/250/202
f 236/246/198 240/250/202 241/251/203
f 237/247/199 236/246/198 241/251/203
f 237/247/199 241/251/203 242/252/204
s 29
f 243/253/205 244/254/125 245/255/206
f 243/253/205 245/255/206 246/256/201
f 244/254/125 247/257/124 248/258/207
f 244/254/125 248/258/207 245/255/206
f 245/255/206 248/258/207 249/259/196
f 245/255/206 249/259/196 250/260/208
f 246/256/201 245/255/206 250/260/208
f 246/256/201 250/260/208 251/261/209
s 30
f 252/262/132 253/263/210 254/264/211
f 252/262/132 254/264/211 255/265/212
f 253/263/210 256/266/213 257/267/214
f 253/263/210 257/267/214 254/264/211
f 254/264/211 257/267/214 258/268/215
f 254/264/211 258/268/215 259/269/216
f 255/265/212 254/264/211 259/269/216
f 255/265/212 259/269/216 260/270/217
s 31
f 261/271/139 262/272/138 263/273/218
f 261/271/139 263/273/218 264/274/219
f 262/272/138 265/275/220 266/276/221
f 262/272/138 266/276/221 263/273/218
f 263/273/218 266/276/221 267/277/222
f 263/273/218 267/277/222 268/278/223
f 264/274/219 263/273/218 268/278/223
f 264/274/219 268/278/223 269/279/224
s 32
f 270/280/148 271/281/225 272/282/226
f 270/280/148 272/282/226 273/283/227
f 271/281/225 274/284/146 275/285/219
f 271/281/225 275/285/219 272/282/226
f 272/282/226 275/285/219 276/286/228
f 272/282/226 276/286/228 277/287/229
f 273/283/227 272/282/226 277/287/229
f 273/283/227 277/287/229 278/288/230
s 33
f 279/289/231 280/290/232 281/291/233
f 279/289/231 281/291/233 282/292/234
f 280/290/232 283/293/160 284/294/235
f 280/290/232 284/294/235 281/291/233
f 281/291/233 284/294/235 285/295/236
f 281/291/233 285/295/236 286/296/237
f 282/292/234 281/291/233 286/296/237
f 282/292/234 286/296/237 287/297/238
s 34
f 288/298/239 289/299/159 290/300/240
f 288/298/239 290/300/240 291/301/241
f 289/299/159 292/302/158 293/303/227
f 289/299/159 293/303/227 290/300/240
f 290/300/240 293/303/227 294/304/230
f 290/300/240 294/304/230 295/305/242
f 291/301/241 290/300/240 295/305/242
f 291/301/241 295/305/242 296/306/236
s 35
f 297/307/243 298/308/244 299/309/245
f 297/307/243 299/309/245 300/310/246
f 298/308/244 301/311/132 302/312/212
f 298/308/244 302/312/212 299/309/245
f 299/309/245 302/312/212 303/313/247
f 299/309/245 303/313/247 304/314/248
f 300/310/246 299/309/245 304/314/248
f 300/310/246 304/314/248 305/315/249
s 36
f 306/316/250 307/317/169 308/318/251
f 306/316/250 308/318/251 309/319/221
f 307/317/169 310/320/168 311/321/252
f 307/317/169 311/321/252 308/318/251
f 308/318/251 311/321/252 312/322/253
f 308/318/251 312/322/253 313/323/254
f 309/319/221 308/318/251 313/323/254
f 309/319/221 313/323/254 314/324/255
s 37
f 315/325/185 316/326/256 317/327/257
f 315/325/185 317/327/257 318/328/258
f 319/329/259 320/330/246 317/327/257
f 319/329/259 317/327/257 316/326/256
f 321/331/249 322/332/260 317/327/257
f 321/331/249 317/327/257 320/330/246
f 323/333/261 324/334/262 317/327/257
f 323/333/261 317/327/257 322/332/260
f 325/335/263 318/328/258 317/327/257
f 325/335/263 317/327/257 324/334/262
s 38
f 326/336/204 327/337/264 328/338/265
f 326/336/204 328/338/265 329/339/266
f 330/340/267 331/341/268 328/338/265
f 330/340/267 328/338/265 327/337/264
f 332/342/269 333/343/270 328/338/265
f 332/342/269 328/338/265 331/341/268
f 334/344/271 335/345/272 328/338/265
f 334/344/271 328/338/265 333/343/270
f 336/346/253 329/339/266 328/338/265
f 336/346/253 328/338/265 335/345/272
s 39
f 337/347/217 338/348/273 339/349/274
f 337/347/217 339/349/274 340/350/275
f 338/348/273 341/351/215 342/352/276
f 338/348/273 342/352/276 339/349/274
f 339/349/274 342/352/276 343/353/277
f 339/349/274 343/353/277 344/354/278
f 340/350/275 339/349/274 344/354/278
f 340/350/275 344/354/278 345/355/279
s 40
f 346/356/224 347/357/223 348/358/280
f 346/356/224 348/358/280 349/359/281
f 347/357/223 350/360/222 351/361/282
f 347/357/223 351/361/282 348/358/280
f 348/358/280 351/361/282 352/362/283
f 348/358/280 352/362/283 353/363/284
f 349/359/281 348/358/280 353/363/284
f 349/359/281 353/363/284 354/364/285
s 41
f 355/365/230 356/366/286 357/367/287
f 355/365/230 357/367/287 358/368/288
f 356/366/286 359/369/228 360/370/281
f 356/366/286 360/370/281 357/367/287
f 357/367/287 360/370/281 361/371/289
f 357/367/287 361/371/289 362/372/290
f 358/368/288 357/367/287 362/372/290
f 358/368/288 362/372/290 363/373/291
s 42
f 364/374/292 365/375/293 366/376/294
f 364/374/292 366/376/294 367/377/295
f 365/375/293 368/378/296 369/379/297
f 365/375/293 369/379/297 366/376/294
f 366/376/294 369/379/297 370/380/298
f 366/376/294 370/380/298 371/381/299
f 367/377/295 366/376/294 371/381/299
f 367/377/295 371/381/299 372/382/277
s 43
f 373/383/236 374/384/242 375/385/300
f 373/383/236 375/385/300 376/386/297
f 374/384/242 377/387/301 378/388/302
f 374/384/242 378/388/302 375/385/300
f 375/385/300 378/388/302 379/389/303
f 375/385/300 379/389/303 380/390/304
f 376/386/297 375/385/300 380/390/304
f 376/386/297 380/390/304 381/391/305
s 44
f 382/392/249 383/393/248 384/394/306
f 382/392/249 384/394/306 385/395/307
f 383/393/248 386/396/217 387/397/275
f 383/393/248 387/397/275 384/394/306
f 384/394/306 387/397/275 388/398/308
f 384/394/306 388/398/308 389/399/309
f 385/395/307 384/394/306 389/399/309
f 385/395/307 389/399/309 390/400/310
s 45
f 391/401/255 392/402/311 393/403/312
f 391/401/255 393/403/312 394/404/313
f 392/402/311 395/405/314 396/406/315
f 392/402/311 396/406/315 393/403/312
f 393/403/312 396/406/315 397/407/316
f 393/403/312 397/407/316 398/408/317
f 394/404/313 393/403/312 398/408/317
f 394/404/313 398/408/317 399/409/283
s 46
f 400/410/314 401/411/318 402/412/319
f 400/410/314 402/412/319 403/413/315
f 404/414/271 405/415/320 402/412/319
f 404/414/271 402/412/319 401/411/318
f 406/416/321 407/417/322 402/412/319
f 406/416/321 402/412/319 405/415/320
f 408/418/323 409/419/324 402/412/319
f 408/418/323 402/412/319 407/417/322
f 410/420/316 403/413/315 402/412/319
f 410/420/316 402/412/319 409/419/324
s 47
f 411/421/325 412/422/326 413/423/327
f 411/421/325 413/423/327 414/424/328
f 412/422/326 415/425/329 416/426/330
f 412/422/326 416/426/330 413/423/327
f 413/423/327 416/426/330 417/427/331
f 413/423/327 417/427/331 418/428/332
f 414/424/328 413/423/327 418/428/332
f 414/424/328 418/428/332 419/429/333
s 48
f 420/430/285 421/431/334 422/432/335
f 420/430/285 422/432/335 423/433/336
f 421/431/334 424/434/283 425/435/337
f 421/431/334 425/435/337 422/432/335
f 422/432/335 425/435/337 426/436/338
f 422/432/335 426/436/338 427/437/339
f 423/433/336 422/432/335 427/437/339
f 423/433/336 427/437/339 428/438/340
s 49
f 429/439/341 430/440/342 431/441/343
f 429/439/341 431/441/343 432/442/344
f 430/440/342 433/443/345 434/444/336
f 430/440/342 434/444/336 431/441/343
f 431/441/343 434/444/336 435/445/346
f 431/441/343 435/445/346 436/446/347
f 432/442/344 431/441/343 436/446/347
f 432/442/344 436/446/347 437/447/348
s 50
f 438/448/329 439/449/349 440/450/350
f 438/448/329 440/450/350 441/451/351
f 439/449/349 442/452/352 443/453/353
f 439/449/349 443/453/353 440/450/350
f 440/450/350 443/453/353 444/454/354
f 440/450/350 444/454/354 445/455/355
f 441/451/351 440/450/350 445/455/355
f 441/451/351 445/455/355 446/456/356
s 51
f 447/457/357 448/458/358 449/459/359
f 447/457/357 449/459/359 450/460/360
f 448/458/358 451/461/361 452/462/362
f 448/458/358 452/462/362 449/459/359
f 449/459/359 452/462/362 453/463/363
f 449/459/359 453/463/363 454/464/364
f 450/460/360 449/459/359 454/464/364
f 450/460/360 454/464/364 455/465/365
s 52
f 456/466/366 457/467/367 458/468/368
f 456/466/366 458/468/368 459/469/369
f 457/467/367 460/470/325 461/471/370
f 457/467/367 461/471/370 458/468/368
f 458/468/368 461/471/370 462/472/333
f 458/468/368 462/472/333 463/473/371
f 459/469/369 458/468/368 463/473/371
f 459/469/369 463/473/371 464/474/372
s 53
f 465/475/283 466/476/317 467/477/373
f 465/475/283 467/477/373 468/478/337
f 466/476/317 469/479/316 470/480/374
f 466/476/317 470/480/374 467/477/373
f 467/477/373 470/480/374 471/481/375
f 467/477/373 471/481/375 472/482/376
f 468/478/337 467/477/373 472/482/376
f 468/478/337 472/482/376 473/483/377
s 54
f 474/484/378 475/485/379 476/486/380
f 474/484/378 476/486/380 477/487/381
f 475/485/379 478/488/382 479/489/383
f 475/485/379 479/489/383 476/486/380
f 476/486/380 479/489/383 480/490/384
f 476/486/380 480/490/384 481/491/385
f 477/487/381 476/486/380 481/491/385
f 477/487/381 481/491/385 482/492/386
s 55
f 483/493/316 484/494/324 485/495/387
f 483/493/316 485/495/387 486/496/388
f 484/494/324 487/497/389 488/498/390
f 484/494/324 488/498/390 485/495/387
f 485/495/387 488/498/390 489/499/391
f 485/495/387 489/499/391 490/500/392
f 486/496/388 485/495/387 490/500/392
f 486/496/388 490/500/392 491/501/393
s 56
f 492/502/394 493/503/332 494/504/395
f 492/502/394 494/504/395 495/505/396
f 493/503/332 496/506/331 497/507/397
f 493/503/332 497/507/397 494/504/395
f 494/504/395 497/507/397 498/508/398
f 494/504/395 498/508/398 499/509/399
f 495/505/396 494/504/395 499/509/399
f 495/505/396 499/509/399 500/510/400
s 57
f 501/511/401 502/512/402 503/513/403
f 501/511/401 503/513/403 504/514/404
f 502/512/402 505/515/338 506/516/405
f 502/512/402 506/516/405 503/513/403
f 503/513/403 506/516/405 507/517/406
f 503/513/403 507/517/406 508/518/407
f 504/514/404 503/513/403 508/518/407
f 504/514/404 508/518/407 509/519/408
s 58
f 510/520/409 511/521/410 512/522/411
f 510/520/409 512/522/411 513/523/412
f 511/521/410 514/524/413 515/525/414
f 511/521/410 515/525/414 512/522/411
f 512/522/411 515/525/414 516/526/415
f 512/522/411 516/526/415 517/527/416
f 513/523/412 512/522/411 517/527/416
f 513/523/412 517/527/416 518/528/417
s 59
f 519/529/331 520/530/418 521/531/419
f 519/529/331 521/531/419 522/532/397
f 520/530/418 523/533/354 524/534/420
f 520/530/418 524/534/420 521/531/419
f 521/531/419 524/534/420 525/535/421
f 521/531/419 525/535/421 526/536/422
f 522/532/397 521/531/419 526/536/422
f 522/532/397 526/536/422 527/537/423
s 60
f 528/538/424 529/539/425 530/540/426
f 528/538/424 530/540/426 531/541/427
f 529/539/425 532/542/409 533/543/428
f 529/539/425 533/543/428 530/540/426
f 530/540/426 533/543/428 534/544/417
f 530/540/426 534/544/417 535/545/429
f 531/541/427 530/540/426 535/545/429
f 531/541/427 535/545/429 536/546/430
s 61
f 537/547/431 538/548/432 539/549/433
f 537/547/431 539/549/433 540/550/434
f 538/548/432 541/551/394 542/552/435
f 538/548/432 542/552/435 539/549/433
f 539/549/433 542/552/435 543/553/400
f 539/549/433 543/553/400 544/554/436
f 540/550/434 539/549/433 544/554/436
f 540/550/434 544/554/436 545/555/437
s 62
f 546/556/338 547/557/438 548/558/439
f 546/556/338 548/558/439 549/559/405
f 547/557/438 550/560/375 551/561/440
f 547/557/438 551/561/440 548/558/439
f 548/558/439 551/561/440 552/562/441
f 548/558/439 552/562/441 553/563/442
f 549/559/405 548/558/439 553/563/442
f 549/559/405 553/563/442 554/564/443
s 63
f 555/565/386 556/566/444 557/567/445
f 555/565/386 557/567/445 558/568/446
f 556/566/444 559/569/447 560/570/448
f 556/566/444 560/570/448 557/567/445
f 557/567/445 560/570/448 561/571/449
f 557/567/445 561/571/449 562/572/450
f 558/568/446 557/567/445 562/572/450
f 558/568/446 562/572/450 563/573/451
s 64
f 564/574/375 565/575/392 566/576/452
f 564/574/375 566/576/452 567/577/440
f 565/575/392 568/578/453 569/579/454
f 565/575/392 569/579/454 566/576/452
f 566/576/452 569/579/454 570/580/455
f 566/576/452 570/580/455 571/581/456
f 567/577/440 566/576/452 571/581/456
f 567/577/440 571/581/456 572/582/441
s 65
f 573/583/400 574/584/399 575/585/457
f 573/583/400 575/585/457 576/586/458
f 574/584/399 577/587/398 578/588/459
f 574/584/399 578/588/459 575/585/457
f 575/585/457 578/588/459 579/589/460
f 575/585/457 579/589/460 580/590/461
f 576/586/458 575/585/457 580/590/461
f 576/586/458 580/590/461 581/591/462
s 66
f 582/592/408 583/593/407 584/594/463
f 582/592/408 584/594/463 585/595/464
f 583/593/407 586/596/465 587/597/466
f 583/593/407 587/597/466 584/594/463
f 584/594/463 587/597/466 588/598/467
f 584/594/463 588/598/467 589/599/468
f 585/595/464 584/594/463 589/599/468
f 585/595/464 589/599/468 590/600/469
s 67
f 591/601/470 592/602/471 593/603/472
f 591/601/470 593/603/472 594/604/473
f 592/602/471 595/605/408 596/606/464
f 592/602/471 596/606/464 593/603/472
f 593/603/472 596/606/464 597/607/474
f 593/603/472 597/607/474 598/608/475
f 594/604/473 593/603/472 598/608/475
f 594/604/473 598/608/475 599/609/476
s 68
f 600/610/398 601/611/477 602/612/478
f 600/610/398 602/612/478 603/613/459
f 601/611/477 604/614/421 605/615/479
f 601/611/477 605/615/479 602/612/478
f 602/612/478 605/615/479 606/616/480
f 602/612/478 606/616/480 607/617/481
f 603/613/459 602/612/478 607/617/481
f 603/613/459 607/617/481 608/618/482
s 69
f 609/619/483 610/620/484 611/621/485
f 609/619/483 611/621/485 612/622/486
f 610/620/484 613/623/470 614/624/473
f 610/620/484 614/624/473 611/621/485
f 611/621/485 614/624/473 615/625/487
f 611/621/485 615/625/487 616/626/488
f 612/622/486 611/621/485 616/626/488
f 612/622/486 616/626/488 617/627/489
s 70
f 618/628/437 619/629/436 620/630/490
f 618/628/437 620/630/490 621/631/491
f 619/629/436 622/632/400 623/633/458
f 619/629/436 623/633/458 620/630/490
f 620/630/490 623/633/458 624/634/492
f 620/630/490 624/634/492 625/635/493
f 621/631/491 620/630/490 625/635/493
f 621/631/491 625/635/493 626/636/494
s 71
f 627/637/495 628/638/442 629/639/496
f 627/637/495 629/639/496 630/640/497
f 628/638/442 631/641/498 632/642/499
f 628/638/442 632/642/499 629/639/496
f 629/639/496 632/642/499 633/643/500
f 629/639/496 633/643/500 634/644/501
f 630/640/497 629/639/496 634/644/501
f 630/640/497 634/644/501 635/645/502
s 72
f 636/646/503 637/647/504 638/648/505
f 636/646/503 638/648/505 639/649/506
f 637/647/504 640/650/507 641/651/508
f 637/647/504 641/651/508 638/648/505
f 638/648/505 641/651/508 642/652/494
f 638/648/505 642/652/494 643/653/509
f 639/649/506 638/648/505 643/653/509
f 639/649/506 643/653/509 644/654/510
s 73
f 645/655/511 646/656/512 647/657/513
f 645/655/511 647/657/513 648/658/499
f 646/656/512 649/659/514 650/660/515
f 646/656/512 650/660/515 647/657/513
f 647/657/513 650/660/515 651/661/516
f 647/657/513 651/661/516 652/662/517
f 648/658/499 647/657/513 652/662/517
f 648/658/499 652/662/517 653/663/518
s 74
f 654/664/519 655/665/520 656/666/521
f 654/664/519 656/666/521 657/667/522
f 658/668/523 659/669/524 656/666/521
f 658/668/523 656/666/521 655/665/520
f 660/670/525 657/667/522 656/666/521
f 660/670/525 656/666/521 659/669/524
s 75
f 661/671/526 662/672/527 663/673/528
f 661/671/526 663/673/528 664/674/529
f 665/675/530 666/676/531 663/673/528
f 665/675/530 663/673/528 662/672/527
f 667/677/532 664/674/529 663/673/528
f 667/677/532 663/673/528 666/676/531
s 76
f 668/678/533 669/679/534 670/680/535
f 668/678/533 670/680/535 671/681/536
f 672/682/526 673/683/537 670/680/535
f 672/682/526 670/680/535 669/679/534
f 674/684/525 671/681/536 670/680/535
f 674/684/525 670/680/535 673/683/537
s 77
f 675/685/523 676/686/538 677/687/539
f 675/685/523 677/687/539 678/688/524
f 679/689/540 680/690/541 677/687/539
f 679/689/540 677/687/539 676/686/538
f 681/691/525 678/688/524 677/687/539
f 681/691/525 677/687/539 680/690/541
s 78
f 682/692/540 683/693/542 684/694/543
f 682/692/540 684/694/543 685/695/541
f 686/696/533 687/697/544 684/694/543
f 686/696/533 684/694/543 683/693/542
f 688/698/525 685/695/541 684/694/543
f 688/698/525 684/694/543 687/697/544
s 79
f 689/699/545 690/700/546 691/701/547
f 689/699/545 691/701/547 692/702/548
f 693/703/519 694/704/549 691/701/547
f 693/703/519 691/701/547 690/700/546
f 695/705/550 692/702/548 691/701/547
f 695/705/550 691/701/547 694/704/549
s 80
f 696/706/530 697/707/551 698/708/552
f 696/706/530 698/708/552 699/709/553
f 700/710/554 701/711/555 698/708/552
f 700/710/554 698/708/552 697/707/551
f 702/712/532 699/709/553 698/708/552
f 702/712/532 698/708/552 701/711/555
s 81
f 703/713/556 704/714/557 705/715/558
f 703/713/556 705/715/558 706/716/559
f 707/717/560 708/718/548 705/715/558
f 707/717/560 705/715/558 704/714/557
f 709/719/561 706/716/559 705/715/558
f 709/719/561 705/715/558 708/718/548
s 82
f 710/720/562 711/721/563 712/722/564
f 710/720/562 712/722/564 713/723/555
f 714/724/565 715/725/566 712/722/564
f 714/724/565 712/722/564 711/721/563
f 716/726/567 713/723/555 712/722/564
f 716/726/567 712/722/564 715/725/566
s 83
f 717/727/323 718/728/322 719/729/568
f 717/727/323 719/729/568 720/730/569
f 718/728/322 721/731/570 722/732/571
f 718/728/322 722/732/571 719/729/568
f 719/729/568 722/732/571 723/733/572
f 719/729/568 723/733/572 724/734/573
f 720/730/569 719/729/568 724/734/573
f 720/730/569 724/734/573 725/735/574
s 84
f 474/736/378 726/737/381 727/738/575
f 474/736/378 727/738/575 728/739/576
f 726/737/381 729/740/386 730/741/577
f 726/737/381 730/741/577 727/738/575
f 727/738/575 730/741/577 731/742/578
f 727/738/575 731/742/578 732/743/579
f 728/739/576 727/738/575 732/743/579
f 728/739/576 732/743/579 733/744/580
s 85
f 734/745/453 735/746/390 736/747/581
f 734/745/453 736/747/581 737/748/582
f 735/746/390 487/749/323 738/750/569
f 735/746/390 738/750/569 736/747/581
f 736/747/581 738/750/569 739/751/574
f 736/747/581 739/751/574 740/752/583
f 737/748/582 736/747/581 740/752/583
f 737/748/582 740/752/583 741/753/584
s 86
f 555/754/386 742/755/446 743/756/585
f 555/754/386 743/756/585 744/757/586
f 742/755/446 745/758/451 746/759/587
f 742/755/446 746/759/587 743/756/585
f 743/756/585 746/759/587 747/760/588
f 743/756/585 747/760/588 748/761/589
f 744/757/586 743/756/585 748/761/589
f 744/757/586 748/761/589 749/762/590
s 87
f 750/763/455 751/764/591 752/765/592
f 750/763/455 752/765/592 753/766/593
f 751/764/591 568/767/453 754/768/594
f 751/764/591 754/768/594 752/765/592
f 752/765/592 754/768/594 755/769/595
f 752/765/592 755/769/595 756/770/596
f 753/766/593 752/765/592 756/770/596
f 753/766/593 756/770/596 757/771/597
s 88
f 636/772/451 758/773/598 759/774/599
f 636/772/451 759/774/599 760/775/587
f 758/773/598 761/776/600 762/777/601
f 758/773/598 762/777/601 759/774/599
f 759/774/599 762/777/601 763/778/602
f 759/774/599 763/778/602 764/779/603
f 760/775/587 759/774/599 764/779/603
f 760/775/587 764/779/603 765/780/588
s 89
f 766/781/516 767/782/515 768/783/604
f 766/781/516 768/783/604 769/784/605
f 767/782/515 649/785/606 770/786/593
f 767/782/515 770/786/593 768/783/604
f 768/783/604 770/786/593 771/787/597
f 768/783/604 771/787/597 772/788/607
f 769/784/605 768/783/604 772/788/607
f 769/784/605 772/788/607 773/789/608
s 90
f 774/790/609 775/791/610 776/792/611
f 774/790/609 776/792/611 777/793/612
f 778/794/556 779/795/559 776/792/611
f 778/794/556 776/792/611 775/791/610
f 780/796/561 777/793/612 776/792/611
f 780/796/561 776/792/611 779/795/559
s 91
f 781/797/567 782/798/566 783/799/613
f 781/797/567 783/799/613 784/800/614
f 785/801/565 786/802/615 783/799/613
f 785/801/565 783/799/613 782/798/566
f 787/803/609 784/800/614 783/799/613
f 787/803/609 783/799/613 786/802/615
f 787/803/609 786/802/615 788/804/616
f 787/803/609 788/804/616 789/805/617
f 785/801/565 790/806/618 788/804/616
f 785/801/565 788/804/616 786/802/615
f 791/807/619 792/808/620 788/804/616
f 791/807/619 788/804/616 790/806/618
f 793/809/608 794/810/621 788/804/616
f 793/809/608 788/804/616 792/808/620
f 795/811/622 789/805/617 788/804/616
f 795/811/622 788/804/616 794/810/621
s 90
f 796/812/510 797/813/623 798/814/624
f 796/812/510 798/814/624 799/815/601
f 778/794/556 775/791/610 798/814/624
f 778/794/556 798/814/624 797/813/623
f 774/790/609 800/816/617 798/814/624
f 774/790/609 798/814/624 775/791/610
f 801/817/622 802/818/625 798/814/624
f 801/817/622 798/814/624 800/816/617
f 803/819/626 799/815/601 798/814/624
f 803/819/626 798/814/624 802/818/625
s 81
f 796/820/510 804/821/627 805/822/628
f 796/820/510 805/822/628 806/823/623
f 804/821/627 807/824/494 808/825/629
f 804/821/627 808/825/629 805/822/628
f 805/822/628 808/825/629 707/717/560
f 805/822/628 707/717/560 704/714/557
f 806/823/623 805/822/628 704/714/557
f 806/823/623 704/714/557 703/713/556
s 79
f 809/826/494 810/827/630 811/828/631
f 809/826/494 811/828/631 812/829/629
f 810/827/630 813/830/632 814/831/633
f 810/827/630 814/831/633 811/828/631
f 811/828/631 814/831/633 693/703/519
f 811/828/631 693/703/519 690/700/546
f 812/829/629 811/828/631 690/700/546
f 812/829/629 690/700/546 689/699/545
s 74
f 815/832/632 816/833/634 817/834/635
f 815/832/632 817/834/635 818/835/636
f 816/833/634 819/836/637 820/837/638
f 816/833/634 820/837/638 817/834/635
f 817/834/635 820/837/638 658/668/523
f 817/834/635 658/668/523 655/665/520
f 818/835/636 817/834/635 655/665/520
f 818/835/636 655/665/520 654/664/519
s 77
f 821/838/639 822/839/640 823/840/641
f 821/838/639 823/840/641 824/841/638
f 822/839/640 825/842/642 826/843/643
f 822/839/640 826/843/643 823/840/641
f 823/840/641 826/843/643 679/689/540
f 823/840/641 679/689/540 676/686/538
f 824/841/638 823/840/641 676/686/538
f 824/841/638 676/686/538 675/685/523
s 78
f 827/844/642 828/845/644 829/846/645
f 827/844/642 829/846/645 830/847/646
f 828/845/644 831/848/487 832/849/647
f 828/845/644 832/849/647 829/846/645
f 829/846/645 832/849/647 686/696/533
f 829/846/645 686/696/533 683/693/542
f 830/847/646 829/846/645 683/693/542
f 830/847/646 683/693/542 682/692/540
s 76
f 833/850/487 834/851/648 835/852/649
f 833/850/487 835/852/649 836/853/647
f 834/851/648 837/854/474 838/855/650
f 834/851/648 838/855/650 835/852/649
f 835/852/649 838/855/650 672/682/526
f 835/852/649 672/682/526 669/679/534
f 836/853/647 835/852/649 669/679/534
f 836/853/647 669/679/534 668/678/533
s 75
f 839/856/474 840/857/651 841/858/652
f 839/856/474 841/858/652 842/859/650
f 840/857/651 843/860/653 844/861/654
f 840/857/651 844/861/654 841/858/652
f 841/858/652 844/861/654 665/675/530
f 841/858/652 665/675/530 662/672/527
f 842/859/650 841/858/652 662/672/527
f 842/859/650 662/672/527 661/671/526
s 80
f 845/862/653 846/863/655 847/864/656
f 845/862/653 847/864/656 848/865/654
f 846/863/655 849/866/657 850/867/658
f 846/863/655 850/867/658 847/864/656
f 847/864/656 850/867/658 700/710/554
f 847/864/656 700/710/554 697/707/551
f 848/865/654 847/864/656 697/707/551
f 848/865/654 697/707/551 696/706/530
s 82
f 851/868/657 852/869/659 853/870/660
f 851/868/657 853/870/660 854/871/658
f 852/869/659 791/872/619 855/873/618
f 852/869/659 855/873/618 853/870/660
f 853/870/660 855/873/618 714/724/565
f 853/870/660 714/724/565 711/721/563
f 854/871/658 853/870/660 711/721/563
f 854/871/658 711/721/563 710/720/562
s 92
f 856/874/661 857/875/662 858/876/663
f 856/874/661 858/876/663 859/877/664
f 857/875/662 860/878/665 861/879/666
f 857/875/662 861/879/666 858/876/663
f 858/876/663 861/879/666 862/880/667
f 858/876/663 862/880/667 863/881/668
f 859/877/664 858/876/663 863/881/668
f 859/877/664 863/881/668 864/882/669
s 93
f 865/883/670 866/884/671 867/885/672
f 865/883/670 867/885/672 868/886/673
f 866/884/671 869/887/661 870/888/674
f 866/884/671 870/888/674 867/885/672
f 867/885/672 870/888/674 871/889/675
f 867/885/672 871/889/675 872/890/676
f 868/886/673 867/885/672 872/890/676
f 868/886/673 872/890/676 873/891/677
s 94
f 874/892/677 875/893/678 876/894/679
f 874/892/677 876/894/679 877/895/680
f 875/893/678 878/896/681 879/897/682
f 875/893/678 879/897/682 876/894/679
f 876/894/679 879/897/682 880/898/683
f 876/894/679 880/898/683 881/899/684
f 877/895/680 876/894/679 881/899/684
f 877/895/680 881/899/684 882/900/685
s 95
f 883/901/686 884/902/687 885/903/688
f 883/901/686 885/903/688 886/904/689
f 884/902/687 887/905/690 888/906/691
f 884/902/687 888/906/691 885/903/688
f 885/903/688 888/906/691 889/907/692
f 885/903/688 889/907/692 890/908/693
f 886/904/689 885/903/688 890/908/693
f 886/904/689 890/908/693 891/909/694
s 96
f 892/910/695 893/911/696 894/912/697
f 892/910/695 894/912/697 895/913/698
f 893/911/696 896/914/699 897/915/700
f 893/911/696 897/915/700 894/912/697
f 894/912/697 897/915/700 898/916/701
f 894/912/697 898/916/701 899/917/702
f 895/913/698 894/912/697 899/917/702
f 895/913/698 899/917/702 900/918/703
s 97
f 901/919/703 902/920/702 903/921/704
f 901/919/703 903/921/704 904/922/705
f 902/920/702 905/923/706 906/924/707
f 902/920/702 906/924/707 903/921/704
f 903/921/704 906/924/707 907/925/708
f 903/921/704 907/925/708 908/926/709
f 904/922/705 903/921/704 908/926/709
f 904/922/705 908/926/709 909/927/710
s 98
f 910/928/694 911/929/711 912/930/712
f 910/928/694 912/930/712 913/931/713
f 911/929/711 914/932/692 915/933/714
f 911/929/711 915/933/714 912/930/712
f 912/930/712 915/933/714 916/934/715
f 912/930/712 916/934/715 917/935/716
f 913/931/713 912/930/712 917/935/716
f 913/931/713 917/935/716 918/936/717
s 99
f 919/937/718 920/938/719 921/939/720
f 919/937/718 921/939/720 922/940/721
f 920/938/719 923/941/708 924/942/722
f 920/938/719 924/942/722 921/939/720
f 921/939/720 924/942/722 925/943/723
f 921/939/720 925/943/723 926/944/724
f 922/940/721 921/939/720 926/944/724
f 922/940/721 926/944/724 927/945/725
s 100
f 928/946/726 929/947/727 930/948/728
f 928/946/726 930/948/728 931/949/729
f 929/947/727 932/950/730 933/951/731
f 929/947/727 933/951/731 930/948/728
f 930/948/728 933/951/731 934/952/732
f 930/948/728 934/952/732 935/953/733
f 931/949/729 930/948/728 935/953/733
f 931/949/729 935/953/733 936/954/734
s 101
f 937/955/735 938/956/736 939/957/737
f 937/955/735 939/957/737 940/958/738
f 938/956/736 941/959/739 942/960/740
f 938/956/736 942/960/740 939/957/737
f 939/957/737 942/960/740 943/961/741
f 939/957/737 943/961/741 944/962/742
f 940/958/738 939/957/737 944/962/742
f 940/958/738 944/962/742 945/963/743
s 102
f 946/964/744 947/965/745 948/966/746
f 946/964/744 948/966/746 949/967/747
f 947/965/745 950/968/748 951/969/749
f 947/965/745 951/969/749 948/966/746
f 948/966/746 951/969/749 952/970/750
f 948/966/746 952/970/750 953/971/751
f 949/967/747 948/966/746 953/971/751
f 949/967/747 953/971/751 954/972/752
s 103
f 955/973/753 956/974/754 957/975/755
f 955/973/753 957/975/755 958/976/756
f 956/974/754 959/977/757 960/978/758
f 956/974/754 960/978/758 957/975/755
f 957/975/755 960/978/758 961/979/759
f 957/975/755 961/979/759 962/980/760
f 958/976/756 957/975/755 962/980/760
f 958/976/756 962/980/760 963/981/761
s 104
f 964/982/762 965/983/751 966/984/763
f 964/982/762 966/984/763 967/985/764
f 965/983/751 968/986/750 969/987/765
f 965/983/751 969/987/765 966/984/763
f 966/984/763 969/987/765 970/988/766
f 966/984/763 970/988/766 971/989/767
f 967/985/764 966/984/763 971/989/767
f 967/985/764 971/989/767 972/990/768
s 105
f 973/991/761 974/992/760 975/993/769
f 973/991/761 975/993/769 976/994/770
f 974/992/760 977/995/771 978/996/772
f 974/992/760 978/996/772 975/993/769
f 975/993/769 978/996/772 979/997/773
f 975/993/769 979/997/773 980/998/774
f 976/994/770 975/993/769 980/998/774
f 976/994/770 980/998/774 981/999/775
s 106
f 982/1000/776 983/1001/777 984/1002/778
f 982/1000/776 984/1002/778 985/1003/779
f 983/1001/777 986/1004/766 987/1005/780
f 983/1001/777 987/1005/780 984/1002/778
f 984/1002/778 987/1005/780 988/1006/775
f 984/1002/778 988/1006/775 989/1007/781
f 985/1003/779 984/1002/778 989/1007/781
f 985/1003/779 989/1007/781 990/1008/782
s 97
f 991/1009/574 992/1010/573 993/1011/783
f 991/1009/574 993/1011/783 994/1012/784
f 995/1013/572 996/1014/785 993/1011/783
f 995/1013/572 993/1011/783 992/1010/573
f 997/1015/786 998/1016/787 993/1011/783
f 997/1015/786 993/1011/783 996/1014/785
f 901/919/703 904/922/705 993/1011/783
f 901/919/703 993/1011/783 998/1016/787
f 909/927/710 994/1012/784 993/1011/783
f 909/927/710 993/1011/783 904/922/705
s 98
f 474/1017/378 999/1018/576 1000/1019/788
f 474/1017/378 1000/1019/788 1001/1020/789
f 999/1018/576 1002/1021/580 1003/1022/790
f 999/1018/576 1003/1022/790 1000/1019/788
f 1000/1019/788 1003/1022/790 916/934/715
f 1000/1019/788 916/934/715 915/933/714
f 1001/1020/789 1000/1019/788 915/933/714
f 1001/1020/789 915/933/714 914/932/692
s 100
f 1004/1023/580 1005/1024/579 1006/1025/791
f 1004/1023/580 1006/1025/791 1007/1026/792
f 1005/1024/579 1008/1027/793 1009/1028/794
f 1005/1024/579 1009/1028/794 1006/1025/791
f 1006/1025/791 1009/1028/794 934/952/732
f 1006/1025/791 934/952/732 933/951/731
f 1007/1026/792 1006/1025/791 933/951/731
f 1007/1026/792 933/951/731 932/950/730
s 99
f 1010/1029/795 1011/1030/583 1012/1031/796
f 1010/1029/795 1012/1031/796 1013/1032/797
f 1011/1030/583 1014/1033/574 1015/1034/784
f 1011/1030/583 1015/1034/784 1012/1031/796
f 1012/1031/796 1015/1034/784 919/937/718
f 1012/1031/796 919/937/718 922/940/721
f 1013/1032/797 1012/1031/796 922/940/721
f 1013/1032/797 922/940/721 927/945/725
s 101
f 1016/1035/793 1017/1036/798 1018/1037/799
f 1016/1035/793 1018/1037/799 1019/1038/800
f 1017/1036/798 1020/1039/588 1021/1040/801
f 1017/1036/798 1021/1040/801 1018/1037/799
f 1018/1037/799 1021/1040/801 943/961/741
f 1018/1037/799 943/961/741 942/960/740
f 1019/1038/800 1018/1037/799 942/960/740
f 1019/1038/800 942/960/740 941/959/739
s 102
f 1022/1041/597 1023/1042/802 1024/1043/803
f 1022/1041/597 1024/1043/803 1025/1044/804
f 1023/1042/802 1026/1045/805 1027/1046/806
f 1023/1042/802 1027/1046/806 1024/1043/803
f 1024/1043/803 1027/1046/806 946/964/744
f 1024/1043/803 946/964/744 949/967/747
f 1025/1044/804 1024/1043/803 949/967/747
f 1025/1044/804 949/967/747 954/972/752
s 103
f 1028/1047/588 1029/1048/807 1030/1049/808
f 1028/1047/588 1030/1049/808 1031/1050/801
f 1029/1048/807 1032/1051/809 1033/1052/810
f 1029/1048/807 1033/1052/810 1030/1049/808
f 1030/1049/808 1033/1052/810 961/979/759
f 1030/1049/808 961/979/759 960/978/758
f 1031/1050/801 1030/1049/808 960/978/758
f 1031/1050/801 960/978/758 959/977/757
s 104
f 1034/1053/608 1035/1054/811 1036/1055/812
f 1034/1053/608 1036/1055/812 1037/1056/813
f 1035/1054/811 1038/1057/597 1039/1058/814
f 1035/1054/811 1039/1058/814 1036/1055/812
f 1036/1055/812 1039/1058/814 964/982/762
f 1036/1055/812 964/982/762 967/985/764
f 1037/1056/813 1036/1055/812 967/985/764
f 1037/1056/813 967/985/764 972/990/768
s 105
f 1040/1059/815 1041/1060/625 1042/1061/816
f 1040/1059/815 1042/1061/816 1043/1062/817
f 1041/1060/625 1044/1063/622 1045/1064/818
f 1041/1060/625 1045/1064/818 1042/1061/816
f 1042/1061/816 1045/1064/818 979/997/773
f 1042/1061/816 979/997/773 978/996/772
f 1043/1062/817 1042/1061/816 978/996/772
f 1043/1062/817 978/996/772 977/995/771
s 106
f 1046/1065/819 1047/1066/621 1048/1067/820
f 1046/1065/819 1048/1067/820 1049/1068/818
f 1047/1066/621 1050/1069/608 1051/1070/821
f 1047/1066/621 1051/1070/821 1048/1067/820
f 1048/1067/820 1051/1070/821 982/1000/776
f 1048/1067/820 982/1000/776 985/1003/779
f 1049/1068/818 1048/1067/820 985/1003/779
f 1049/1068/818 985/1003/779 990/1008/782
s 95
f 1052/1071/822 1053/1072/823 1054/1073/824
f 1052/1071/822 1054/1073/824 1055/1074/825
f 1056/1075/826 1057/1076/827 1054/1073/824
f 1056/1075/826 1054/1073/824 1053/1072/823
f 1058/1077/828 1059/1078/829 1054/1073/824
f 1058/1077/828 1054/1073/824 1057/1076/827
f 889/907/692 888/906/691 1054/1073/824
f 889/907/692 1054/1073/824 1059/1078/829
f 887/905/690 1055/1074/825 1054/1073/824
f 887/905/690 1054/1073/824 888/906/691
s 107
f 1060/1079/830 1061/1080/831 1062/1081/832
f 1060/1079/830 1062/1081/832 1063/1082/827
f 1064/1083/261 1065/1084/260 1062/1081/832
f 1064/1083/261 1062/1081/832 1061/1080/831
f 1066/1085/249 1067/1086/307 1062/1081/832
f 1066/1085/249 1062/1081/832 1065/1084/260
f 1068/1087/310 1069/1088/379 1062/1081/832
f 1068/1087/310 1062/1081/832 1067/1086/307
f 1070/1089/833 1063/1082/827 1062/1081/832
f 1070/1089/833 1062/1081/832 1069/1088/379
s 108
f 1071/1090/834 1072/1091/835 1073/1092/836
f 1071/1090/834 1073/1092/836 1074/1093/837
f 1072/1091/835 1075/1094/838 1076/1095/839
f 1072/1091/835 1076/1095/839 1073/1092/836
f 1073/1092/836 1076/1095/839 1077/1096/840
f 1073/1092/836 1077/1096/840 1078/1097/841
f 1074/1093/837 1073/1092/836 1078/1097/841
f 1074/1093/837 1078/1097/841 1079/1098/842
s 109
f 1080/1099/838 1081/1100/843 1082/1101/844
f 1080/1099/838 1082/1101/844 1083/1102/845
f 1081/1100/843 1084/1103/846 1085/1104/847
f 1081/1100/843 1085/1104/847 1082/1101/844
f 1082/1101/844 1085/1104/847 1086/1105/848
f 1082/1101/844 1086/1105/848 1087/1106/849
f 1083/1102/845 1082/1101/844 1087/1106/849
f 1083/1102/845 1087/1106/849 1088/1107/850
s 110
f 1089/1108/851 1090/1109/852 1091/1110/853
f 1089/1108/851 1091/1110/853 1092/1111/854
f 1090/1109/852 1093/1112/848 1094/1113/855
f 1090/1109/852 1094/1113/855 1091/1110/853
f 1091/1110/853 1094/1113/855 1095/1114/856
f 1091/1110/853 1095/1114/856 1096/1115/857
f 1092/1111/854 1091/1110/853 1096/1115/857
f 1092/1111/854 1096/1115/857 1097/1116/858
s 111
f 1098/1117/842 1099/1118/841 1100/1119/859
f 1098/1117/842 1100/1119/859 1101/1120/860
f 1099/1118/841 1102/1121/861 1103/1122/862
f 1099/1118/841 1103/1122/862 1100/1119/859
f 1100/1119/859 1103/1122/862 1104/1123/863
f 1100/1119/859 1104/1123/863 1105/1124/864
f 1101/1120/860 1100/1119/859 1105/1124/864
f 1101/1120/860 1105/1124/864 1106/1125/269
s 109
f 1107/1126/177 1108/1127/865 1109/1128/866
f 1107/1126/177 1109/1128/866 1110/1129/867
f 1108/1127/865 1111/1130/175 1112/1131/868
f 1108/1127/865 1112/1131/868 1109/1128/866
f 1109/1128/866 1112/1131/868 1086/1105/848
f 1109/1128/866 1086/1105/848 1085/1104/847
f 1110/1129/867 1109/1128/866 1085/1104/847
f 1110/1129/867 1085/1104/847 1084/1103/846
s 110
f 1113/1132/175 1114/1133/190 1115/1134/869
f 1113/1132/175 1115/1134/869 1116/1135/868
f 1114/1133/190 1117/1136/189 1118/1137/258
f 1114/1133/190 1118/1137/258 1115/1134/869
f 1115/1134/869 1118/1137/258 1095/1114/856
f 1115/1134/869 1095/1114/856 1094/1113/855
f 1116/1135/868 1115/1134/869 1094/1113/855
f 1116/1135/868 1094/1113/855 1093/1112/848
s 108
f 1119/1138/196 1120/1139/195 1121/1140/870
f 1119/1138/196 1121/1140/870 1122/1141/871
f 1120/1139/195 1123/1142/194 1124/1143/867
f 1120/1139/195 1124/1143/867 1121/1140/870
f 1121/1140/870 1124/1143/867 1071/1090/834
f 1121/1140/870 1071/1090/834 1074/1093/837
f 1122/1141/871 1121/1140/870 1074/1093/837
f 1122/1141/871 1074/1093/837 1079/1098/842
s 111
f 1125/1144/209 1126/1145/208 1127/1146/872
f 1125/1144/209 1127/1146/872 1128/1147/873
f 1126/1145/208 1129/1148/196 1130/1149/874
f 1126/1145/208 1130/1149/874 1127/1146/872
f 1127/1146/872 1130/1149/874 1098/1117/842
f 1127/1146/872 1098/1117/842 1101/1120/860
f 1128/1147/873 1127/1146/872 1101/1120/860
f 1128/1147/873 1101/1120/860 1106/1125/269
s 93
f 1131/1150/838 1132/1151/875 1133/1152/876
f 1131/1150/838 1133/1152/876 1134/1153/877
f 1132/1151/875 1135/1154/850 1136/1155/878
f 1132/1151/875 1136/1155/878 1133/1152/876
f 1133/1152/876 1136/1155/878 871/889/675
f 1133/1152/876 871/889/675 870/888/674
f 1134/1153/877 1133/1152/876 870/888/674
f 1134/1153/877 870/888/674 869/887/661
s 94
f 1137/1156/850 1138/1157/879 1139/1158/880
f 1137/1156/850 1139/1158/880 1140/1159/878
f 1138/1157/879 1141/1160/822 1142/1161/881
f 1138/1157/879 1142/1161/881 1139/1158/880
f 1139/1158/880 1142/1161/881 880/898/683
f 1139/1158/880 880/898/683 879/897/682
f 1140/1159/878 1139/1158/880 879/897/682
f 1140/1159/878 879/897/682 878/896/681
s 92
f 1143/1162/861 1144/1163/839 1145/1164/882
f 1143/1162/861 1145/1164/882 1146/1165/883
f 1144/1163/839 1147/1166/884 1148/1167/877
f 1144/1163/839 1148/1167/877 1145/1164/882
f 1145/1164/882 1148/1167/877 856/874/661
f 1145/1164/882 856/874/661 859/877/664
f 1146/1165/883 1145/1164/882 859/877/664
f 1146/1165/883 859/877/664 864/882/669
s 96
f 1149/1168/885 1150/1169/886 1151/1170/887
f 1149/1168/885 1151/1170/887 1152/1171/888
f 1150/1169/886 1153/1172/889 1154/1173/890
f 1150/1169/886 1154/1173/890 1151/1170/887
f 1151/1170/887 1154/1173/890 892/910/695
f 1151/1170/887 892/910/695 895/913/698
f 1152/1171/888 1151/1170/887 895/913/698
f 1152/1171/888 895/913/698 900/918/703
s 37
f 1155/1174/822 1156/1175/891 1157/1176/892
f 1155/1174/822 1157/1176/892 1158/1177/893
f 1156/1175/891 325/335/263 324/334/262
f 1156/1175/891 324/334/262 1157/1176/892
f 1157/1176/892 324/334/262 323/333/261
f 1157/1176/892 323/333/261 1159/1178/831
f 1158/1177/893 1157/1176/892 1159/1178/831
f 1158/1177/893 1159/1178/831 1160/1179/830
s 38
f 1161/1180/863 1162/1181/785 1163/1182/894
f 1161/1180/863 1163/1182/894 1164/1183/864
f 1165/1184/895 1166/1185/896 1163/1182/894
f 1165/1184/895 1163/1182/894 1162/1181/785
f 1167/1186/321 1168/1187/320 1163/1182/894
f 1167/1186/321 1163/1182/894 1166/1185/896
f 334/344/271 333/343/270 1163/1182/894
f 334/344/271 1163/1182/894 1168/1187/320
f 332/342/269 1164/1183/864 1163/1182/894
f 332/342/269 1163/1182/894 333/343/270
s 58
f 1169/1188/897 1170/1189/898 1171/1190/899
f 1169/1188/897 1171/1190/899 1172/1191/900
f 1170/1189/898 1173/1192/401 1174/1193/901
f 1170/1189/898 1174/1193/901 1171/1190/899
f 1171/1190/899 1174/1193/901 1175/1194/902
f 1171/1190/899 1175/1194/902 1176/1195/903
f 1172/1191/900 1171/1190/899 1176/1195/903
f 1172/1191/900 1176/1195/903 1177/1196/904
f 1173/1192/401 1178/1197/905 1179/1198/906
f 1173/1192/401 1179/1198/906 1174/1193/901
f 1178/1197/905 1180/1199/408 1181/1200/907
f 1178/1197/905 1181/1200/907 1179/1198/906
f 1179/1198/906 1181/1200/907 1182/1201/908
f 1179/1198/906 1182/1201/908 1183/1202/909
f 1174/1193/901 1179/1198/906 1183/1202/909
f 1174/1193/901 1183/1202/909 1175/1194/902
f 1180/1199/408 1184/1203/471 1185/1204/910
f 1180/1199/408 1185/1204/910 1181/1200/907
f 1184/1203/471 1186/1205/911 1187/1206/912
f 1184/1203/471 1187/1206/912 1185/1204/910
f 1185/1204/910 1187/1206/912 1188/1207/913
f 1185/1204/910 1188/1207/913 1189/1208/914
f 1181/1200/907 1185/1204/910 1189/1208/914
f 1181/1200/907 1189/1208/914 1182/1201/908
s 60
f 1190/1209/915 1191/1210/916 1192/1211/917
f 1190/1209/915 1192/1211/917 1193/1212/918
f 1191/1210/916 1194/1213/897 1195/1214/900
f 1191/1210/916 1195/1214/900 1192/1211/917
f 1192/1211/917 1195/1214/900 1196/1215/904
f 1192/1211/917 1196/1215/904 1197/1216/919
f 1193/1212/918 1192/1211/917 1197/1216/919
f 1193/1212/918 1197/1216/919 1198/1217/920
f 1199/1218/921 1200/1219/922 1201/1220/923
f 1199/1218/921 1201/1220/923 1202/1221/924
f 1200/1219/922 1203/1222/483 1204/1223/925
f 1200/1219/922 1204/1223/925 1201/1220/923
f 1201/1220/923 1204/1223/925 1205/1224/926
f 1201/1220/923 1205/1224/926 1206/1225/927
f 1202/1221/924 1201/1220/923 1206/1225/927
f 1202/1221/924 1206/1225/927 1207/1226/913
f 1203/1222/483 1208/1227/928 1209/1228/929
f 1203/1222/483 1209/1228/929 1204/1223/925
f 1208/1227/928 1190/1209/915 1193/1212/918
f 1208/1227/928 1193/1212/918 1209/1228/929
f 1209/1228/929 1193/1212/918 1198/1217/920
f 1209/1228/929 1198/1217/920 1210/1229/930
f 1204/1223/925 1209/1228/929 1210/1229/930
f 1204/1223/925 1210/1229/930 1205/1224/926
s 58
f 1177/1196/904 1176/1195/903 1211/1230/931
f 1177/1196/904 1211/1230/931 1212/1231/932
f 1176/1195/903 1175/1194/902 1213/1232/933
f 1176/1195/903 1213/1232/933 1211/1230/931
f 1211/1230/931 1213/1232/933 514/524/413
f 1211/1230/931 514/524/413 511/521/410
f 1212/1231/932 1211/1230/931 511/521/410
f 1212/1231/932 511/521/410 510/520/409
f 1175/1194/902 1183/1202/909 1214/1233/934
f 1175/1194/902 1214/1233/934 1213/1232/933
f 1183/1202/909 1182/1201/908 1215/1234/935
f 1183/1202/909 1215/1234/935 1214/1233/934
f 1214/1233/934 1215/1234/935 516/526/415
f 1214/1233/934 516/526/415 515/525/414
f 1213/1232/933 1214/1233/934 515/525/414
f 1213/1232/933 515/525/414 514/524/413
f 1182/1201/908 1189/1208/914 1216/1235/936
f 1182/1201/908 1216/1235/936 1215/1234/935
f 1189/1208/914 1188/1207/913 1217/1236/937
f 1189/1208/914 1217/1236/937 1216/1235/936
f 1216/1235/936 1217/1236/937 518/528/417
f 1216/1235/936 518/528/417 517/527/416
f 1215/1234/935 1216/1235/936 517/527/416
f 1215/1234/935 517/527/416 516/526/415
s 60
f 1198/1217/920 1197/1216/919 1218/1237/938
f 1198/1217/920 1218/1237/938 1219/1238/939
f 1197/1216/919 1196/1215/904 1220/1239/940
f 1197/1216/919 1220/1239/940 1218/1237/938
f 1218/1237/938 1220/1239/940 532/542/409
f 1218/1237/938 532/542/409 529/539/425
f 1219/1238/939 1218/1237/938 529/539/425
f 1219/1238/939 529/539/425 528/538/424
f 1207/1226/913 1206/1225/927 1221/1240/941
f 1207/1226/913 1221/1240/941 1222/1241/942
f 1206/1225/927 1205/1224/926 1223/1242/943
f 1206/1225/927 1223/1242/943 1221/1240/941
f 1221/1240/941 1223/1242/943 536/546/430
f 1221/1240/941 536/546/430 535/545/429
f 1222/1241/942 1221/1240/941 535/545/429
f 1222/1241/942 535/545/429 534/544/417
f 1205/1224/926 1210/1229/930 1224/1243/944
f 1205/1224/926 1224/1243/944 1223/1242/943
f 1210/1229/930 1198/1217/920 1219/1238/939
f 1210/1229/930 1219/1238/939 1224/1243/944
f 1224/1243/944 1219/1238/939 528/538/424
f 1224/1243/944 528/538/424 531/541/427
f 1223/1242/943 1224/1243/944 531/541/427
f 1223/1242/943 531/541/427 536/546/430
s 112
f 2277/1244/945 2278/1245/946 2279/1246/947
f 2277/1244/945 2279/1246/947 2280/1247/948
f 2278/1245/946 2281/1248/949 2282/1249/950
f 2278/1245/946 2282/1249/950 2279/1246/947
f 2279/1246/947 2282/1249/950 2283/1250/951
f 2279/1246/947 2283/1250/951 2284/1251/952
f 2280/1247/948 2279/1246/947 2284/1251/952
f 2280/1247/948 2284/1251/952 2285/1252/953
f 2286/1253/954 2287/1254/955 2288/1255/956
f 2286/1253/954 2288/1255/956 2289/1256/957
f 2287/1254/955 2290/1257/958 2291/1258/959
f 2287/1254/955 2291/1258/959 2288/1255/956
f 2288/1255/956 2291/1258/959 2292/1259/960
f 2288/1255/956 2292/1259/960 2293/1260/961
f 2289/1256/957 2288/1255/956 2293/1260/961
f 2289/1256/957 2293/1260/961 2294/1261/962
f 2295/1262/963 2296/1263/964 2297/1264/965
f 2295/1262/963 2297/1264/965 2298/1265/966
f 2296/1263/964 2299/1266/967 2300/1267/968
f 2296/1263/964 2300/1267/968 2297/1264/965
f 2297/1264/965 2300/1267/968 2301/1268/969
f 2297/1264/965 2301/1268/969 2302/1269/970
f 2298/1265/966 2297/1264/965 2302/1269/970
f 2298/1265/966 2302/1269/970 2303/1270/971
f 2304/1271/972 2305/1272/973 2306/1273/974
f 2304/1271/972 2306/1273/974 2307/1274/975
f 2305/1272/973 2308/1275/976 2309/1276/977
f 2305/1272/973 2309/1276/977 2306/1273/974
f 2306/1273/974 2309/1276/977 2310/1277/978
f 2306/1273/974 2310/1277/978 2311/1278/979
f 2307/1274/975 2306/1273/974 2311/1278/979
f 2307/1274/975 2311/1278/979 2312/1279/980
f 2313/1280/981 2314/1281/982 2315/1282/983
f 2313/1280/981 2315/1282/983 2316/1283/984
f 2314/1281/982 2317/1284/985 2318/1285/986
f 2314/1281/982 2318/1285/986 2315/1282/983
f 2315/1282/983 2318/1285/986 2319/1286/987
f 2315/1282/983 2319/1286/987 2320/1287/982
f 2316/1283/984 2315/1282/983 2320/1287/982
f 2316/1283/984 2320/1287/982 2321/1288/988
f 2290/1257/958 2322/1289/989 2323/1290/990
f 2290/1257/958 2323/1290/990 2291/1258/959
f 2322/1289/989 2324/1291/991 2325/1292/992
f 2322/1289/989 2325/1292/992 2323/1290/990
f 2323/1290/990 2325/1292/992 2326/1293/993
f 2323/1290/990 2326/1293/993 2327/1294/994
f 2291/1258/959 2323/1290/990 2327/1294/994
f 2291/1258/959 2327/1294/994 2292/1259/960
f 2328/1295/995 2329/1296/982 2330/1297/982
f 2328/1295/995 2330/1297/982 2331/1298/996
f 2329/1296/982 2332/1299/997 2333/1300/998
f 2329/1296/982 2333/1300/998 2330/1297/982
f 2330/1297/982 2333/1300/998 2317/1284/985
f 2330/1297/982 2317/1284/985 2314/1281/982
f 2331/1298/996 2330/1297/982 2314/1281/982
f 2331/1298/996 2314/1281/982 2313/1280/981
f 2334/1301/999 2335/1302/1000 2336/1303/1001
f 2334/1301/999 2336/1303/1001 2337/1304/1002
f 2335/1302/1000 2304/1271/972 2307/1274/975
f 2335/1302/1000 2307/1274/975 2336/1303/1001
f 2336/1303/1001 2307/1274/975 2312/1279/980
f 2336/1303/1001 2312/1279/980 2338/1305/1003
f 2337/1304/1002 2336/1303/1001 2338/1305/1003
f 2337/1304/1002 2338/1305/1003 2339/1306/1004
f 2324/1291/991 2340/1307/1005 2341/1308/1006
f 2324/1291/991 2341/1308/1006 2325/1292/992
f 2340/1307/1005 2277/1244/945 2280/1247/948
f 2340/1307/1005 2280/1247/948 2341/1308/1006
f 2341/1308/1006 2280/1247/948 2285/1252/953
f 2341/1308/1006 2285/1252/953 2342/1309/1007
f 2325/1292/992 2341/1308/1006 2342/1309/1007
f 2325/1292/992 2342/1309/1007 2326/1293/993
f 2283/1250/951 2343/1310/1008 2344/1311/1009
f 2283/1250/951 2344/1311/1009 2284/1251/952
f 2343/1310/1008 2332/1299/997 2329/1296/982
f 2343/1310/1008 2329/1296/982 2344/1311/1009
f 2344/1311/1009 2329/1296/982 2328/1295/995
f 2344/1311/1009 2328/1295/995 2345/1312/1010
f 2284/1251/952 2344/1311/1009 2345/1312/1010
f 2284/1251/952 2345/1312/1010 2285/1252/953
f 2346/1313/1011 2347/1314/1012 2348/1315/1013
f 2346/1313/1011 2348/1315/1013 2349/1316/1014
f 2347/1314/1012 2334/1301/999 2337/1304/1002
f 2347/1314/1012 2337/1304/1002 2348/1315/1013
f 2348/1315/1013 2337/1304/1002 2339/1306/1004
f 2348/1315/1013 2339/1306/1004 2350/1317/1008
f 2349/1316/1014 2348/1315/1013 2350/1317/1008
f 2349/1316/1014 2350/1317/1008 2351/1318/1015
f 2308/1275/976 2352/1319/1016 2353/1320/1017
f 2308/1275/976 2353/1320/1017 2309/1276/977
f 2352/1319/1016 2295/1262/963 2298/1265/966
f 2352/1319/1016 2298/1265/966 2353/1320/1017
f 2353/1320/1017 2298/1265/966 2303/1270/971
f 2353/1320/1017 2303/1270/971 2354/1321/1018
f 2309/1276/977 2353/1320/1017 2354/1321/1018
f 2309/1276/977 2354/1321/1018 2310/1277/978
f 2321/1288/988 2320/1287/982 2355/1322/1019
f 2321/1288/988 2355/1322/1019 2356/1323/1020
f 2320/1287/982 2319/1286/987 2357/1324/1018
f 2320/1287/982 2357/1324/1018 2355/1322/1019
f 2355/1322/1019 2357/1324/1018 2358/1325/1021
f 2355/1322/1019 2358/1325/1021 2359/1326/970
f 2356/1323/1020 2355/1322/1019 2359/1326/970
f 2356/1323/1020 2359/1326/970 2360/1327/1022
f 2299/1266/967 2361/1328/1023 2362/1329/1024
f 2299/1266/967 2362/1329/1024 2300/1267/968
f 2361/1328/1023 2286/1253/954 2289/1256/957
f 2361/1328/1023 2289/1256/957 2362/1329/1024
f 2362/1329/1024 2289/1256/957 2294/1261/962
f 2362/1329/1024 2294/1261/962 2363/1330/1025
f 2300/1267/968 2362/1329/1024 2363/1330/1025
f 2300/1267/968 2363/1330/1025 2301/1268/969
f 2364/1331/1026 2365/1332/1027 2366/1333/1028
f 2364/1331/1026 2366/1333/1028 2367/1334/1029
f 2365/1332/1027 2368/1335/1030 2369/1336/1031
f 2365/1332/1027 2369/1336/1031 2366/1333/1028
f 2366/1333/1028 2369/1336/1031 2370/1337/1032
f 2366/1333/1028 2370/1337/1032 2371/1338/1033
f 2367/1334/1029 2366/1333/1028 2371/1338/1033
f 2367/1334/1029 2371/1338/1033 2372/1339/1034
f 2373/1340/1035 2374/1341/1036 2375/1342/1037
f 2373/1340/1035 2375/1342/1037 2376/1343/1038
f 2374/1341/1036 2377/1344/1039 2378/1345/1040
f 2374/1341/1036 2378/1345/1040 2375/1342/1037
f 2375/1342/1037 2378/1345/1040 2379/1346/1041
f 2375/1342/1037 2379/1346/1041 2380/1347/1042
f 2376/1343/1038 2375/1342/1037 2380/1347/1042
f 2376/1343/1038 2380/1347/1042 2381/1348/1043
f 2382/1349/1044 2383/1350/1045 2384/1351/1046
f 2382/1349/1044 2384/1351/1046 2385/1352/1047
f 2386/1353/1048 2387/1354/1049 2384/1351/1046
f 2386/1353/1048 2384/1351/1046 2383/1350/1045
f 2388/1355/1050 2389/1356/1051 2384/1351/1046
f 2388/1355/1050 2384/1351/1046 2387/1354/1049
f 2390/1357/1052 2391/1358/1053 2384/1351/1046
f 2390/1357/1052 2384/1351/1046 2389/1356/1051
f 2392/1359/1054 2385/1352/1047 2384/1351/1046
f 2392/1359/1054 2384/1351/1046 2391/1358/1053
f 2386/1353/1048 2393/1360/1055 2394/1361/1056
f 2386/1353/1048 2394/1361/1056 2387/1354/1049
f 2364/1331/1026 2367/1334/1029 2394/1361/1056
f 2364/1331/1026 2394/1361/1056 2393/1360/1055
f 2372/1339/1034 2395/1362/1057 2394/1361/1056
f 2372/1339/1034 2394/1361/1056 2367/1334/1029
f 2396/1363/1058 2397/1364/1059 2394/1361/1056
f 2396/1363/1058 2394/1361/1056 2395/1362/1057
f 2388/1355/1050 2387/1354/1049 2394/1361/1056
f 2388/1355/1050 2394/1361/1056 2397/1364/1059
f 2368/1335/1030 2398/1365/1060 2399/1366/1061
f 2368/1335/1030 2399/1366/1061 2369/1336/1031
f 2400/1367/1062 2401/1368/1063 2399/1366/1061
f 2400/1367/1062 2399/1366/1061 2398/1365/1060
f 2402/1369/1064 2403/1370/1065 2399/1366/1061
f 2402/1369/1064 2399/1366/1061 2401/1368/1063
f 2404/1371/1066 2405/1372/1067 2399/1366/1061
f 2404/1371/1066 2399/1366/1061 2403/1370/1065
f 2370/1337/1032 2369/1336/1031 2399/1366/1061
f 2370/1337/1032 2399/1366/1061 2405/1372/1067
f 2400/1367/1062 2406/1373/1068 2407/1374/1069
f 2400/1367/1062 2407/1374/1069 2401/1368/1063
f 2408/1375/1070 2409/1376/1071 2407/1374/1069
f 2408/1375/1070 2407/1374/1069 2406/1373/1068
f 2410/1377/1072 2411/1378/1073 2407/1374/1069
f 2410/1377/1072 2407/1374/1069 2409/1376/1071
f 2412/1379/1074 2413/1380/1075 2407/1374/1069
f 2412/1379/1074 2407/1374/1069 2411/1378/1073
f 2402/1369/1064 2401/1368/1063 2407/1374/1069
f 2402/1369/1064 2407/1374/1069 2413/1380/1075
f 2410/1377/1072 2414/1381/1076 2415/1382/1077
f 2410/1377/1072 2415/1382/1077 2411/1378/1073
f 2392/1359/1054 2391/1358/1053 2415/1382/1077
f 2392/1359/1054 2415/1382/1077 2414/1381/1076
f 2390/1357/1052 2416/1383/1078 2415/1382/1077
f 2390/1357/1052 2415/1382/1077 2391/1358/1053
f 2417/1384/1079 2418/1385/1080 2415/1382/1077
f 2417/1384/1079 2415/1382/1077 2416/1383/1078
f 2419/1386/1081 2420/1387/1082 2415/1382/1077
f 2419/1386/1081 2415/1382/1077 2418/1385/1080
f 2412/1379/1074 2411/1378/1073 2415/1382/1077
f 2412/1379/1074 2415/1382/1077 2420/1387/1082
f 2404/1371/1066 2421/1388/1083 2422/1389/1084
f 2404/1371/1066 2422/1389/1084 2405/1372/1067
f 2419/1386/1081 2418/1385/1080 2422/1389/1084
f 2419/1386/1081 2422/1389/1084 2421/1388/1083
f 2417/1384/1079 2423/1390/1085 2422/1389/1084
f 2417/1384/1079 2422/1389/1084 2418/1385/1080
f 2396/1363/1058 2395/1362/1057 2422/1389/1084
f 2396/1363/1058 2422/1389/1084 2423/1390/1085
f 2372/1339/1034 2371/1338/1033 2422/1389/1084
f 2372/1339/1034 2422/1389/1084 2395/1362/1057
f 2370/1337/1032 2405/1372/1067 2422/1389/1084
f 2370/1337/1032 2422/1389/1084 2371/1338/1033
f 2408/1375/1070 2424/1391/1086 2425/1392/1087
f 2408/1375/1070 2425/1392/1087 2409/1376/1071
f 2426/1393/1088 2427/1394/1089 2425/1392/1087
f 2426/1393/1088 2425/1392/1087 2424/1391/1086
f 2428/1395/1090 2429/1396/1091 2425/1392/1087
f 2428/1395/1090 2425/1392/1087 2427/1394/1089
f 2430/1397/1092 2431/1398/1093 2425/1392/1087
f 2430/1397/1092 2425/1392/1087 2429/1396/1091
f 2410/1377/1072 2409/1376/1071 2425/1392/1087
f 2410/1377/1072 2425/1392/1087 2431/1398/1093
f 2426/1393/1088 2432/1399/1094 2433/1400/1095
f 2426/1393/1088 2433/1400/1095 2427/1394/1089
f 2373/1340/1035 2376/1343/1038 2433/1400/1095
f 2373/1340/1035 2433/1400/1095 2432/1399/1094
f 2381/1348/1043 2434/1401/1096 2433/1400/1095
f 2381/1348/1043 2433/1400/1095 2376/1343/1038
f 2435/1402/1097 2436/1403/1098 2433/1400/1095
f 2435/1402/1097 2433/1400/1095 2434/1401/1096
f 2428/1395/1090 2427/1394/1089 2433/1400/1095
f 2428/1395/1090 2433/1400/1095 2436/1403/1098
f 2377/1344/1039 2437/1404/1099 2438/1405/1100
f 2377/1344/1039 2438/1405/1100 2378/1345/1040
f 2439/1406/1101 2440/1407/1102 2438/1405/1100
f 2439/1406/1101 2438/1405/1100 2437/1404/1099
f 2441/1408/1103 2442/1409/1104 2438/1405/1100
f 2441/1408/1103 2438/1405/1100 2440/1407/1102
f 2443/1410/1105 2444/1411/1106 2438/1405/1100
f 2443/1410/1105 2438/1405/1100 2442/1409/1104
f 2379/1346/1041 2378/1345/1040 2438/1405/1100
f 2379/1346/1041 2438/1405/1100 2444/1411/1106
f 2439/1406/1101 2445/1412/1107 2446/1413/1108
f 2439/1406/1101 2446/1413/1108 2440/1407/1102
f 2382/1349/1044 2385/1352/1047 2446/1413/1108
f 2382/1349/1044 2446/1413/1108 2445/1412/1107
f 2392/1359/1054 2447/1414/1109 2446/1413/1108
f 2392/1359/1054 2446/1413/1108 2385/1352/1047
f 2448/1415/1110 2449/1416/1111 2446/1413/1108
f 2448/1415/1110 2446/1413/1108 2447/1414/1109
f 2441/1408/1103 2440/1407/1102 2446/1413/1108
f 2441/1408/1103 2446/1413/1108 2449/1416/1111
f 2430/1397/1092 2450/1417/1112 2451/1418/1113
f 2430/1397/1092 2451/1418/1113 2431/1398/1093
f 2452/1419/1114 2453/1420/1115 2451/1418/1113
f 2452/1419/1114 2451/1418/1113 2450/1417/1112
f 2454/1421/1116 2455/1422/1117 2451/1418/1113
f 2454/1421/1116 2451/1418/1113 2453/1420/1115
f 2448/1415/1110 2447/1414/1109 2451/1418/1113
f 2448/1415/1110 2451/1418/1113 2455/1422/1117
f 2392/1359/1054 2414/1381/1076 2451/1418/1113
f 2392/1359/1054 2451/1418/1113 2447/1414/1109
f 2410/1377/1072 2431/1398/1093 2451/1418/1113
f 2410/1377/1072 2451/1418/1113 2414/1381/1076
f 2379/1346/1041 2444/1411/1106 2456/1423/1118
f 2379/1346/1041 2456/1423/1118 2380/1347/1042
f 2443/1410/1105 2457/1424/1119 2456/1423/1118
f 2443/1410/1105 2456/1423/1118 2444/1411/1106
f 2454/1421/1116 2453/1420/1115 2456/1423/1118
f 2454/1421/1116 2456/1423/1118 2457/1424/1119
f 2452/1419/1114 2458/1425/1120 2456/1423/1118
f 2452/1419/1114 2456/1423/1118 2453/1420/1115
f 2435/1402/1097 2434/1401/1096 2456/1423/1118
f 2435/1402/1097 2456/1423/1118 2458/1425/1120
f 2381/1348/1043 2380/1347/1042 2456/1423/1118
f 2381/1348/1043 2456/1423/1118 2434/1401/1096
f 2459/1426/1048 2460/1427/1121 2461/1428/1122
f 2459/1426/1048 2461/1428/1122 2462/1429/1123
f 2460/1427/1121 2334/1301/999 2347/1314/1012
f 2460/1427/1121 2347/1314/1012 2461/1428/1122
f 2461/1428/1122 2347/1314/1012 2346/1313/1011
f 2461/1428/1122 2346/1313/1011 2463/1430/1124
f 2462/1429/1123 2461/1428/1122 2463/1430/1124
f 2462/1429/1123 2463/1430/1124 2464/1431/1125
f 2465/1432/1044 2466/1433/1126 2467/1434/1127
f 2465/1432/1044 2467/1434/1127 2468/1435/1128
f 2466/1433/1126 2304/1271/972 2335/1302/1000
f 2466/1433/1126 2335/1302/1000 2467/1434/1127
f 2467/1434/1127 2335/1302/1000 2334/1301/999
f 2467/1434/1127 2334/1301/999 2460/1427/1121
f 2468/1435/1128 2467/1434/1127 2460/1427/1121
f 2468/1435/1128 2460/1427/1121 2459/1426/1048
f 2469/1436/1129 2470/1437/1130 2471/1438/1131
f 2469/1436/1129 2471/1438/1131 2472/1439/1107
f 2470/1437/1130 2308/1275/976 2305/1272/973
f 2470/1437/1130 2305/1272/973 2471/1438/1131
f 2471/1438/1131 2305/1272/973 2304/1271/972
f 2471/1438/1131 2304/1271/972 2466/1433/1126
f 2472/1439/1107 2471/1438/1131 2466/1433/1126
f 2472/1439/1107 2466/1433/1126 2465/1432/1044
f 2473/1440/1132 2474/1441/1133 2475/1442/1134
f 2473/1440/1132 2475/1442/1134 2476/1443/1099
f 2474/1441/1133 2295/1262/963 2352/1319/1016
f 2474/1441/1133 2352/1319/1016 2475/1442/1134
f 2475/1442/1134 2352/1319/1016 2308/1275/976
f 2475/1442/1134 2308/1275/976 2470/1437/1130
f 2476/1443/1099 2475/1442/1134 2470/1437/1130
f 2476/1443/1099 2470/1437/1130 2469/1436/1129
f 2477/1444/1135 2478/1445/1136 2479/1446/1137
f 2477/1444/1135 2479/1446/1137 2480/1447/1036
f 2478/1445/1136 2299/1266/967 2296/1263/964
f 2478/1445/1136 2296/1263/964 2479/1446/1137
f 2479/1446/1137 2296/1263/964 2295/1262/963
f 2479/1446/1137 2295/1262/963 2474/1441/1133
f 2480/1447/1036 2479/1446/1137 2474/1441/1133
f 2480/1447/1036 2474/1441/1133 2473/1440/1132
f 2481/1448/1088 2482/1449/1138 2483/1450/1139
f 2481/1448/1088 2483/1450/1139 2484/1451/1094
f 2482/1449/1138 2286/1253/954 2361/1328/1023
f 2482/1449/1138 2361/1328/1023 2483/1450/1139
f 2483/1450/1139 2361/1328/1023 2299/1266/967
f 2483/1450/1139 2299/1266/967 2478/1445/1136
f 2484/1451/1094 2483/1450/1139 2478/1445/1136
f 2484/1451/1094 2478/1445/1136 2477/1444/1135
f 2485/1452/1070 2486/1453/1140 2487/1454/1141
f 2485/1452/1070 2487/1454/1141 2488/1455/1086
f 2486/1453/1140 2290/1257/958 2287/1254/955
f 2486/1453/1140 2287/1254/955 2487/1454/1141
f 2487/1454/1141 2287/1254/955 2286/1253/954
f 2487/1454/1141 2286/1253/954 2482/1449/1138
f 2488/1455/1086 2487/1454/1141 2482/1449/1138
f 2488/1455/1086 2482/1449/1138 2481/1448/1088
f 2489/1456/1142 2490/1457/1143 2491/1458/1144
f 2489/1456/1142 2491/1458/1144 2492/1459/1068
f 2490/1457/1143 2324/1291/991 2322/1289/989
f 2490/1457/1143 2322/1289/989 2491/1458/1144
f 2491/1458/1144 2322/1289/989 2290/1257/958
f 2491/1458/1144 2290/1257/958 2486/1453/1140
f 2492/1459/1068 2491/1458/1144 2486/1453/1140
f 2492/1459/1068 2486/1453/1140 2485/1452/1070
f 2368/1335/1030 2493/1460/1145 2494/1461/1146
f 2368/1335/1030 2494/1461/1146 2495/1462/1060
f 2493/1460/1145 2277/1244/945 2340/1307/1005
f 2493/1460/1145 2340/1307/1005 2494/1461/1146
f 2494/1461/1146 2340/1307/1005 2324/1291/991
f 2494/1461/1146 2324/1291/991 2490/1457/1143
f 2495/1462/1060 2494/1461/1146 2490/1457/1143
f 2495/1462/1060 2490/1457/1143 2489/1456/1142
f 2364/1331/1026 2496/1463/1147 2497/1464/1148
f 2364/1331/1026 2497/1464/1148 2365/1332/1027
f 2496/1463/1147 2281/1248/949 2278/1245/946
f 2496/1463/1147 2278/1245/946 2497/1464/1148
f 2497/1464/1148 2278/1245/946 2277/1244/945
f 2497/1464/1148 2277/1244/945 2493/1460/1145
f 2365/1332/1027 2497/1464/1148 2493/1460/1145
f 2365/1332/1027 2493/1460/1145 2368/1335/1030
s 113
f 3521/1465/1149 3522/1466/1150 3523/1467/1151
f 3521/1465/1149 3523/1467/1151 3524/1468/1152
f 3522/1466/1150 3525/1469/1153 3526/1470/1154
f 3522/1466/1150 3526/1470/1154 3523/1467/1151
f 3523/1467/1151 3526/1470/1154 3527/1471/1155
f 3523/1467/1151 3527/1471/1155 3528/1472/1156
f 3524/1468/1152 3523/1467/1151 3528/1472/1156
f 3524/1468/1152 3528/1472/1156 3529/1473/1157
f 3530/1474/1158 3531/1475/1159 3532/1476/1160
f 3530/1474/1158 3532/1476/1160 3533/1477/1161
f 3531/1475/1159 3534/1478/1162 3535/1479/1163
f 3531/1475/1159 3535/1479/1163 3532/1476/1160
f 3532/1476/1160 3535/1479/1163 3536/1480/1164
f 3532/1476/1160 3536/1480/1164 3537/1481/1165
f 3533/1477/1161 3532/1476/1160 3537/1481/1165
f 3533/1477/1161 3537/1481/1165 3538/1482/1166
f 3539/1483/1167 3540/1484/1168 3541/1485/1169
f 3539/1483/1167 3541/1485/1169 3542/1486/1170
f 3540/1484/1168 3543/1487/1171 3544/1488/1172
f 3540/1484/1168 3544/1488/1172 3541/1485/1169
f 3541/1485/1169 3544/1488/1172 3545/1489/1173
f 3541/1485/1169 3545/1489/1173 3546/1490/1174
f 3542/1486/1170 3541/1485/1169 3546/1490/1174
f 3542/1486/1170 3546/1490/1174 3547/1491/1175
f 3548/1492/1176 3549/1493/1177 3550/1494/1178
f 3548/1492/1176 3550/1494/1178 3551/1495/1179
f 3549/1493/1177 3552/1496/1180 3553/1497/1181
f 3549/1493/1177 3553/1497/1181 3550/1494/1178
f 3550/1494/1178 3553/1497/1181 3554/1498/1182
f 3550/1494/1178 3554/1498/1182 3555/1499/1183
f 3551/1495/1179 3550/1494/1178 3555/1499/1183
f 3551/1495/1179 3555/1499/1183 3556/1500/1184
f 3557/1501/1185 3558/1502/1186 3559/1503/1186
f 3557/1501/1185 3559/1503/1186 3560/1504/1187
f 3558/1502/1186 3561/1505/1188 3562/1506/1189
f 3558/1502/1186 3562/1506/1189 3559/1503/1186
f 3559/1503/1186 3562/1506/1189 3563/1507/1190
f 3559/1503/1186 3563/1507/1190 3564/1508/1186
f 3560/1504/1187 3559/1503/1186 3564/1508/1186
f 3560/1504/1187 3564/1508/1186 3565/1509/1191
f 3534/1478/1162 3566/1510/1192 3567/1511/1193
f 3534/1478/1162 3567/1511/1193 3535/1479/1163
f 3566/1510/1192 3568/1512/1194 3569/1513/1195
f 3566/1510/1192 3569/1513/1195 3567/1511/1193
f 3567/1511/1193 3569/1513/1195 3570/1514/1196
f 3567/1511/1193 3570/1514/1196 3571/1515/1197
f 3535/1479/1163 3567/1511/1193 3571/1515/1197
f 3535/1479/1163 3571/1515/1197 3536/1480/1164
f 3572/1516/1198 3573/1517/1186 3574/1518/1199
f 3572/1516/1198 3574/1518/1199 3575/1519/1197
f 3573/1517/1186 3576/1520/1200 3577/1521/1201
f 3573/1517/1186 3577/1521/1201 3574/1518/1199
f 3574/1518/1199 3577/1521/1201 3561/1505/1188
f 3574/1518/1199 3561/1505/1188 3558/1502/1186
f 3575/1519/1197 3574/1518/1199 3558/1502/1186
f 3575/1519/1197 3558/1502/1186 3557/1501/1185
f 3578/1522/1202 3579/1523/1203 3580/1524/1204
f 3578/1522/1202 3580/1524/1204 3581/1525/1205
f 3579/1523/1203 3548/1492/1176 3551/1495/1179
f 3579/1523/1203 3551/1495/1179 3580/1524/1204
f 3580/1524/1204 3551/1495/1179 3556/1500/1184
f 3580/1524/1204 3556/1500/1184 3582/1526/1201
f 3581/1525/1205 3580/1524/1204 3582/1526/1201
f 3581/1525/1205 3582/1526/1201 3583/1527/1206
f 3568/1512/1194 3584/1528/1207 3585/1529/1208
f 3568/1512/1194 3585/1529/1208 3569/1513/1195
f 3584/1528/1207 3521/1465/1149 3524/1468/1152
f 3584/1528/1207 3524/1468/1152 3585/1529/1208
f 3585/1529/1208 3524/1468/1152 3529/1473/1157
f 3585/1529/1208 3529/1473/1157 3586/1530/1209
f 3569/1513/1195 3585/1529/1208 3586/1530/1209
f 3569/1513/1195 3586/1530/1209 3570/1514/1196
f 3527/1471/1155 3587/1531/1210 3588/1532/1211
f 3527/1471/1155 3588/1532/1211 3528/1472/1156
f 3587/1531/1210 3576/1520/1200 3573/1517/1186
f 3587/1531/1210 3573/1517/1186 3588/1532/1211
f 3588/1532/1211 3573/1517/1186 3572/1516/1198
f 3588/1532/1211 3572/1516/1198 3589/1533/1212
f 3528/1472/1156 3588/1532/1211 3589/1533/1212
f 3528/1472/1156 3589/1533/1212 3529/1473/1157
f 3590/1534/1213 3591/1535/1214 3592/1536/1215
f 3590/1534/1213 3592/1536/1215 3593/1537/1216
f 3591/1535/1214 3578/1522/1202 3581/1525/1205
f 3591/1535/1214 3581/1525/1205 3592/1536/1215
f 3592/1536/1215 3581/1525/1205 3583/1527/1206
f 3592/1536/1215 3583/1527/1206 3594/1538/1210
f 3593/1537/1216 3592/1536/1215 3594/1538/1210
f 3593/1537/1216 3594/1538/1210 3595/1539/1217
f 3552/1496/1180 3596/1540/1218 3597/1541/1219
f 3552/1496/1180 3597/1541/1219 3553/1497/1181
f 3596/1540/1218 3539/1483/1167 3542/1486/1170
f 3596/1540/1218 3542/1486/1170 3597/1541/1219
f 3597/1541/1219 3542/1486/1170 3547/1491/1175
f 3597/1541/1219 3547/1491/1175 3598/1542/1220
f 3553/1497/1181 3597/1541/1219 3598/1542/1220
f 3553/1497/1181 3598/1542/1220 3554/1498/1182
f 3565/1509/1191 3564/1508/1186 3599/1543/1221
f 3565/1509/1191 3599/1543/1221 3600/1544/1222
f 3564/1508/1186 3563/1507/1190 3601/1545/1223
f 3564/1508/1186 3601/1545/1223 3599/1543/1221
f 3599/1543/1221 3601/1545/1223 3602/1546/1224
f 3599/1543/1221 3602/1546/1224 3603/1547/1174
f 3600/1544/1222 3599/1543/1221 3603/1547/1174
f 3600/1544/1222 3603/1547/1174 3604/1548/1225
f 3543/1487/1171 3605/1549/1226 3606/1550/1227
f 3543/1487/1171 3606/1550/1227 3544/1488/1172
f 3605/1549/1226 3530/1474/1158 3533/1477/1161
f 3605/1549/1226 3533/1477/1161 3606/1550/1227
f 3606/1550/1227 3533/1477/1161 3538/1482/1166
f 3606/1550/1227 3538/1482/1166 3607/1551/1228
f 3544/1488/1172 3606/1550/1227 3607/1551/1228
f 3544/1488/1172 3607/1551/1228 3545/1489/1173
f 3608/1552/1229 3609/1553/1230 3610/1554/1231
f 3608/1552/1229 3610/1554/1231 3611/1555/1232
f 3609/1553/1230 3612/1556/1233 3613/1557/1234
f 3609/1553/1230 3613/1557/1234 3610/1554/1231
f 3610/1554/1231 3613/1557/1234 3614/1558/1235
f 3610/1554/1231 3614/1558/1235 3615/1559/1236
f 3611/1555/1232 3610/1554/1231 3615/1559/1236
f 3611/1555/1232 3615/1559/1236 3616/1560/1237
f 3617/1561/1238 3618/1562/1239 3619/1563/1240
f 3617/1561/1238 3619/1563/1240 3620/1564/1241
f 3618/1562/1239 3621/1565/1242 3622/1566/1243
f 3618/1562/1239 3622/1566/1243 3619/1563/1240
f 3619/1563/1240 3622/1566/1243 3623/1567/1244
f 3619/1563/1240 3623/1567/1244 3624/1568/1245
f 3620/1564/1241 3619/1563/1240 3624/1568/1245
f 3620/1564/1241 3624/1568/1245 3625/1569/1246
f 3626/1570/1247 3627/1571/1248 3628/1572/1249
f 3626/1570/1247 3628/1572/1249 3629/1573/1250
f 3630/1574/1251 3631/1575/1252 3628/1572/1249
f 3630/1574/1251 3628/1572/1249 3627/1571/1248
f 3632/1576/1253 3633/1577/1254 3628/1572/1249
f 3632/1576/1253 3628/1572/1249 3631/1575/1252
f 3634/1578/1255 3635/1579/1256 3628/1572/1249
f 3634/1578/1255 3628/1572/1249 3633/1577/1254
f 3636/1580/1257 3629/1573/1250 3628/1572/1249
f 3636/1580/1257 3628/1572/1249 3635/1579/1256
f 3630/1574/1251 3637/1581/1258 3638/1582/1259
f 3630/1574/1251 3638/1582/1259 3631/1575/1252
f 3608/1552/1229 3611/1555/1232 3638/1582/1259
f 3608/1552/1229 3638/1582/1259 3637/1581/1258
f 3616/1560/1237 3639/1583/1260 3638/1582/1259
f 3616/1560/1237 3638/1582/1259 3611/1555/1232
f 3640/1584/1261 3641/1585/1262 3638/1582/1259
f 3640/1584/1261 3638/1582/1259 3639/1583/1260
f 3632/1576/1253 3631/1575/1252 3638/1582/1259
f 3632/1576/1253 3638/1582/1259 3641/1585/1262
f 3612/1556/1233 3642/1586/1263 3643/1587/1264
f 3612/1556/1233 3643/1587/1264 3613/1557/1234
f 3644/1588/1265 3645/1589/1266 3643/1587/1264
f 3644/1588/1265 3643/1587/1264 3642/1586/1263
f 3646/1590/1267 3647/1591/1268 3643/1587/1264
f 3646/1590/1267 3643/1587/1264 3645/1589/1266
f 3648/1592/1269 3649/1593/1270 3643/1587/1264
f 3648/1592/1269 3643/1587/1264 3647/1591/1268
f 3614/1558/1235 3613/1557/1234 3643/1587/1264
f 3614/1558/1235 3643/1587/1264 3649/1593/1270
f 3644/1588/1265 3650/1594/1271 3651/1595/1272
f 3644/1588/1265 3651/1595/1272 3645/1589/1266
f 3652/1596/1273 3653/1597/1274 3651/1595/1272
f 3652/1596/1273 3651/1595/1272 3650/1594/1271
f 3654/1598/1275 3655/1599/1276 3651/1595/1272
f 3654/1598/1275 3651/1595/1272 3653/1597/1274
f 3656/1600/1277 3657/1601/1278 3651/1595/1272
f 3656/1600/1277 3651/1595/1272 3655/1599/1276
f 3646/1590/1267 3645/1589/1266 3651/1595/1272
f 3646/1590/1267 3651/1595/1272 3657/1601/1278
f 3654/1598/1275 3658/1602/1279 3659/1603/1280
f 3654/1598/1275 3659/1603/1280 3655/1599/1276
f 3636/1580/1257 3635/1579/1256 3659/1603/1280
f 3636/1580/1257 3659/1603/1280 3658/1602/1279
f 3634/1578/1255 3660/1604/1281 3659/1603/1280
f 3634/1578/1255 3659/1603/1280 3635/1579/1256
f 3661/1605/1282 3662/1606/1283 3659/1603/1280
f 3661/1605/1282 3659/1603/1280 3660/1604/1281
f 3663/1607/1284 3664/1608/1285 3659/1603/1280
f 3663/1607/1284 3659/1603/1280 3662/1606/1283
f 3656/1600/1277 3655/1599/1276 3659/1603/1280
f 3656/1600/1277 3659/1603/1280 3664/1608/1285
f 3648/1592/1269 3665/1609/1286 3666/1610/1287
f 3648/1592/1269 3666/1610/1287 3649/1593/1270
f 3663/1607/1284 3662/1606/1283 3666/1610/1287
f 3663/1607/1284 3666/1610/1287 3665/1609/1286
f 3661/1605/1282 3667/1611/1288 3666/1610/1287
f 3661/1605/1282 3666/1610/1287 3662/1606/1283
f 3640/1584/1261 3639/1583/1260 3666/1610/1287
f 3640/1584/1261 3666/1610/1287 3667/1611/1288
f 3616/1560/1237 3615/1559/1236 3666/1610/1287
f 3616/1560/1237 3666/1610/1287 3639/1583/1260
f 3614/1558/1235 3649/1593/1270 3666/1610/1287
f 3614/1558/1235 3666/1610/1287 3615/1559/1236
f 3652/1596/1273 3668/1612/1289 3669/1613/1290
f 3652/1596/1273 3669/1613/1290 3653/1597/1274
f 3670/1614/1291 3671/1615/1292 3669/1613/1290
f 3670/1614/1291 3669/1613/1290 3668/1612/1289
f 3672/1616/1293 3673/1617/1294 3669/1613/1290
f 3672/1616/1293 3669/1613/1290 3671/1615/1292
f 3674/1618/1295 3675/1619/1296 3669/1613/1290
f 3674/1618/1295 3669/1613/1290 3673/1617/1294
f 3654/1598/1275 3653/1597/1274 3669/1613/1290
f 3654/1598/1275 3669/1613/1290 3675/1619/1296
f 3670/1614/1291 3676/1620/1297 3677/1621/1298
f 3670/1614/1291 3677/1621/1298 3671/1615/1292
f 3617/1561/1238 3620/1564/1241 3677/1621/1298
f 3617/1561/1238 3677/1621/1298 3676/1620/1297
f 3625/1569/1246 3678/1622/1299 3677/1621/1298
f 3625/1569/1246 3677/1621/1298 3620/1564/1241
f 3679/1623/1300 3680/1624/1301 3677/1621/1298
f 3679/1623/1300 3677/1621/1298 3678/1622/1299
f 3672/1616/1293 3671/1615/1292 3677/1621/1298
f 3672/1616/1293 3677/1621/1298 3680/1624/1301
f 3621/1565/1242 3681/1625/1302 3682/1626/1303
f 3621/1565/1242 3682/1626/1303 3622/1566/1243
f 3683/1627/1304 3684/1628/1305 3682/1626/1303
f 3683/1627/1304 3682/1626/1303 3681/1625/1302
f 3685/1629/1306 3686/1630/1307 3682/1626/1303
f 3685/1629/1306 3682/1626/1303 3684/1628/1305
f 3687/1631/1308 3688/1632/1309 3682/1626/1303
f 3687/1631/1308 3682/1626/1303 3686/1630/1307
f 3623/1567/1244 3622/1566/1243 3682/1626/1303
f 3623/1567/1244 3682/1626/1303 3688/1632/1309
f 3683/1627/1304 3689/1633/1310 3690/1634/1311
f 3683/1627/1304 3690/1634/1311 3684/1628/1305
f 3626/1570/1247 3629/1573/1250 3690/1634/1311
f 3626/1570/1247 3690/1634/1311 3689/1633/1310
f 3636/1580/1257 3691/1635/1312 3690/1634/1311
f 3636/1580/1257 3690/1634/1311 3629/1573/1250
f 3692/1636/1313 3693/1637/1314 3690/1634/1311
f 3692/1636/1313 3690/1634/1311 3691/1635/1312
f 3685/1629/1306 3684/1628/1305 3690/1634/1311
f 3685/1629/1306 3690/1634/1311 3693/1637/1314
f 3674/1618/1295 3694/1638/1315 3695/1639/1316
f 3674/1618/1295 3695/1639/1316 3675/1619/1296
f 3696/1640/1317 3697/1641/1318 3695/1639/1316
f 3696/1640/1317 3695/1639/1316 3694/1638/1315
f 3698/1642/1319 3699/1643/1320 3695/1639/1316
f 3698/1642/1319 3695/1639/1316 3697/1641/1318
f 3692/1636/1313 3691/1635/1312 3695/1639/1316
f 3692/1636/1313 3695/1639/1316 3699/1643/1320
f 3636/1580/1257 3658/1602/1279 3695/1639/1316
f 3636/1580/1257 3695/1639/1316 3691/1635/1312
f 3654/1598/1275 3675/1619/1296 3695/1639/1316
f 3654/1598/1275 3695/1639/1316 3658/1602/1279
f 3623/1567/1244 3688/1632/1309 3700/1644/1321
f 3623/1567/1244 3700/1644/1321 3624/1568/1245
f 3687/1631/1308 3701/1645/1322 3700/1644/1321
f 3687/1631/1308 3700/1644/1321 3688/1632/1309
f 3698/1642/1319 3697/1641/1318 3700/1644/1321
f 3698/1642/1319 3700/1644/1321 3701/1645/1322
f 3696/1640/1317 3702/1646/1323 3700/1644/1321
f 3696/1640/1317 3700/1644/1321 3697/1641/1318
f 3679/1623/1300 3678/1622/1299 3700/1644/1321
f 3679/1623/1300 3700/1644/1321 3702/1646/1323
f 3625/1569/1246 3624/1568/1245 3700/1644/1321
f 3625/1569/1246 3700/1644/1321 3678/1622/1299
f 3703/1647/1324 3704/1648/1325 3705/1649/1326
f 3703/1647/1324 3705/1649/1326 3706/1650/1258
f 3704/1648/1325 3578/1522/1202 3591/1535/1214
f 3704/1648/1325 3591/1535/1214 3705/1649/1326
f 3705/1649/1326 3591/1535/1214 3590/1534/1213
f 3705/1649/1326 3590/1534/1213 3707/1651/1327
f 3706/1650/1258 3705/1649/1326 3707/1651/1327
f 3706/1650/1258 3707/1651/1327 3708/1652/1328
f 3709/1653/1247 3710/1654/1329 3711/1655/1330
f 3709/1653/1247 3711/1655/1330 3712/1656/1331
f 3710/1654/1329 3548/1492/1176 3579/1523/1203
f 3710/1654/1329 3579/1523/1203 3711/1655/1330
f 3711/1655/1330 3579/1523/1203 3578/1522/1202
f 3711/1655/1330 3578/1522/1202 3704/1648/1325
f 3712/1656/1331 3711/1655/1330 3704/1648/1325
f 3712/1656/1331 3704/1648/1325 3703/1647/1324
f 3713/1657/1332 3714/1658/1333 3715/1659/1334
f 3713/1657/1332 3715/1659/1334 3716/1660/1335
f 3714/1658/1333 3552/1496/1180 3549/1493/1177
f 3714/1658/1333 3549/1493/1177 3715/1659/1334
f 3715/1659/1334 3549/1493/1177 3548/1492/1176
f 3715/1659/1334 3548/1492/1176 3710/1654/1329
f 3716/1660/1335 3715/1659/1334 3710/1654/1329
f 3716/1660/1335 3710/1654/1329 3709/1653/1247
f 3717/1661/1336 3718/1662/1337 3719/1663/1338
f 3717/1661/1336 3719/1663/1338 3720/1664/1339
f 3718/1662/1337 3539/1483/1167 3596/1540/1218
f 3718/1662/1337 3596/1540/1218 3719/1663/1338
f 3719/1663/1338 3596/1540/1218 3552/1496/1180
f 3719/1663/1338 3552/1496/1180 3714/1658/1333
f 3720/1664/1339 3719/1663/1338 3714/1658/1333
f 3720/1664/1339 3714/1658/1333 3713/1657/1332
f 3721/1665/1340 3722/1666/1341 3723/1667/1342
f 3721/1665/1340 3723/1667/1342 3724/1668/1343
f 3722/1666/1341 3543/1487/1171 3540/1484/1168
f 3722/1666/1341 3540/1484/1168 3723/1667/1342
f 3723/1667/1342 3540/1484/1168 3539/1483/1167
f 3723/1667/1342 3539/1483/1167 3718/1662/1337
f 3724/1668/1343 3723/1667/1342 3718/1662/1337
f 3724/1668/1343 3718/1662/1337 3717/1661/1336
f 3725/1669/1344 3726/1670/1345 3727/1671/1346
f 3725/1669/1344 3727/1671/1346 3728/1672/1347
f 3726/1670/1345 3530/1474/1158 3605/1549/1226
f 3726/1670/1345 3605/1549/1226 3727/1671/1346
f 3727/1671/1346 3605/1549/1226 3543/1487/1171
f 3727/1671/1346 3543/1487/1171 3722/1666/1341
f 3728/1672/1347 3727/1671/1346 3722/1666/1341
f 3728/1672/1347 3722/1666/1341 3721/1665/1340
f 3729/1673/1348 3730/1674/1349 3731/1675/1350
f 3729/1673/1348 3731/1675/1350 3732/1676/1289
f 3730/1674/1349 3534/1478/1162 3531/1475/1159
f 3730/1674/1349 3531/1475/1159 3731/1675/1350
f 3731/1675/1350 3531/1475/1159 3530/1474/1158
f 3731/1675/1350 3530/1474/1158 3726/1670/1345
f 3732/1676/1289 3731/1675/1350 3726/1670/1345
f 3732/1676/1289 3726/1670/1345 3725/1669/1344
f 3733/1677/1351 3734/1678/1352 3735/1679/1353
f 3733/1677/1351 3735/1679/1353 3736/1680/1354
f 3734/1678/1352 3568/1512/1194 3566/1510/1192
f 3734/1678/1352 3566/1510/1192 3735/1679/1353
f 3735/1679/1353 3566/1510/1192 3534/1478/1162
f 3735/1679/1353 3534/1478/1162 3730/1674/1349
f 3736/1680/1354 3735/1679/1353 3730/1674/1349
f 3736/1680/1354 3730/1674/1349 3729/1673/1348
f 3612/1556/1233 3737/1681/1355 3738/1682/1356
f 3612/1556/1233 3738/1682/1356 3739/1683/1357
f 3737/1681/1355 3521/1465/1149 3584/1528/1207
f 3737/1681/1355 3584/1528/1207 3738/1682/1356
f 3738/1682/1356 3584/1528/1207 3568/1512/1194
f 3738/1682/1356 3568/1512/1194 3734/1678/1352
f 3739/1683/1357 3738/1682/1356 3734/1678/1352
f 3739/1683/1357 3734/1678/1352 3733/1677/1351
f 3608/1552/1229 3740/1684/1358 3741/1685/1359
f 3608/1552/1229 3741/1685/1359 3609/1553/1230
f 3740/1684/1358 3525/1469/1153 3522/1466/1150
f 3740/1684/1358 3522/1466/1150 3741/1685/1359
f 3741/1685/1359 3522/1466/1150 3521/1465/1149
f 3741/1685/1359 3521/1465/1149 3737/1681/1355
f 3609/1553/1230 3741/1685/1359 3737/1681/1355
f 3609/1553/1230 3737/1681/1355 3612/1556/1233
s 114
f 1225/1686/1360 1226/1687/1361 1227/1688/1362
f 1225/1686/1360 1227/1688/1362 1228/1689/1363
f 1229/1690/1364 1230/1691/1365 1227/1688/1362
f 1229/1690/1364 1227/1688/1362 1226/1687/1361
f 1231/1692/1366 1228/1689/1363 1227/1688/1362
f 1231/1692/1366 1227/1688/1362 1230/1691/1365
f 1229/1690/1364 1232/1693/1367 1233/1694/1368
f 1229/1690/1364 1233/1694/1368 1230/1691/1365
f 1234/1695/1369 1235/1696/1370 1233/1694/1368
f 1234/1695/1369 1233/1694/1368 1232/1693/1367
f 1231/1692/1366 1230/1691/1365 1233/1694/1368
f 1231/1692/1366 1233/1694/1368 1235/1696/1370
f 1234/1695/1369 1236/1697/1371 1237/1698/1372
f 1234/1695/1369 1237/1698/1372 1235/1696/1370
f 1238/1699/1373 1239/1700/1374 1237/1698/1372
f 1238/1699/1373 1237/1698/1372 1236/1697/1371
f 1231/1692/1366 1235/1696/1370 1237/1698/1372
f 1231/1692/1366 1237/1698/1372 1239/1700/1374
f 1238/1699/1373 1240/1701/1375 1241/1702/1376
f 1238/1699/1373 1241/1702/1376 1239/1700/1374
f 1242/1703/1377 1243/1704/1378 1241/1702/1376
f 1242/1703/1377 1241/1702/1376 1240/1701/1375
f 1231/1692/1366 1239/1700/1374 1241/1702/1376
f 1231/1692/1366 1241/1702/1376 1243/1704/1378
f 1242/1703/1377 1244/1705/1379 1245/1706/1380
f 1242/1703/1377 1245/1706/1380 1243/1704/1378
f 1246/1707/1381 1247/1708/1382 1245/1706/1380
f 1246/1707/1381 1245/1706/1380 1244/1705/1379
f 1231/1692/1366 1243/1704/1378 1245/1706/1380
f 1231/1692/1366 1245/1706/1380 1247/1708/1382
f 1246/1707/1381 1248/1709/1383 1249/1710/1384
f 1246/1707/1381 1249/1710/1384 1247/1708/1382
f 1250/1711/1385 1251/1712/1386 1249/1710/1384
f 1250/1711/1385 1249/1710/1384 1248/1709/1383
f 1231/1692/1366 1247/1708/1382 1249/1710/1384
f 1231/1692/1366 1249/1710/1384 1251/1712/1386
f 1250/1711/1385 1252/1713/1387 1253/1714/1388
f 1250/1711/1385 1253/1714/1388 1251/1712/1386
f 1254/1715/1389 1255/1716/1390 1253/1714/1388
f 1254/1715/1389 1253/1714/1388 1252/1713/1387
f 1231/1692/1366 1251/1712/1386 1253/1714/1388
f 1231/1692/1366 1253/1714/1388 1255/1716/1390
f 1254/1715/1389 1256/1717/1391 1257/1718/1392
f 1254/1715/1389 1257/1718/1392 1255/1716/1390
f 1258/1719/1393 1259/1720/1394 1257/1718/1392
f 1258/1719/1393 1257/1718/1392 1256/1717/1391
f 1231/1692/1366 1255/1716/1390 1257/1718/1392
f 1231/1692/1366 1257/1718/1392 1259/1720/1394
s 115
f 1260/1721/1395 1261/1722/1396 1262/1723/1397
f 1260/1721/1395 1262/1723/1397 1263/1724/1398
f 1261/1722/1396 1264/1725/1399 1265/1726/1400
f 1261/1722/1396 1265/1726/1400 1262/1723/1397
f 1262/1723/1397 1265/1726/1400 1266/1727/1401
f 1262/1723/1397 1266/1727/1401 1267/1728/1402
f 1263/1724/1398 1262/1723/1397 1267/1728/1402
f 1263/1724/1398 1267/1728/1402 1268/1729/1403
f 1264/1725/1399 1261/1722/1396 1269/1730/1404
f 1264/1725/1399 1269/1730/1404 1270/1731/1405
f 1261/1722/1396 1260/1721/1395 1271/1732/1406
f 1261/1722/1396 1271/1732/1406 1269/1730/1404
f 1269/1730/1404 1271/1732/1406 1272/1733/1407
f 1269/1730/1404 1272/1733/1407 1273/1734/1408
f 1270/1731/1405 1269/1730/1404 1273/1734/1408
f 1270/1731/1405 1273/1734/1408 1274/1735/1409
f 1274/1735/1409 1273/1734/1408 1275/1736/1410
f 1274/1735/1409 1275/1736/1410 1276/1737/1411
f 1273/1734/1408 1272/1733/1407 1277/1738/1412
f 1273/1734/1408 1277/1738/1412 1275/1736/1410
f 1275/1736/1410 1277/1738/1412 1278/1739/1413
f 1275/1736/1410 1278/1739/1413 1279/1740/1414
f 1276/1737/1411 1275/1736/1410 1279/1740/1414
f 1276/1737/1411 1279/1740/1414 1280/1741/1415
f 1280/1741/1415 1279/1740/1414 1281/1742/1416
f 1280/1741/1415 1281/1742/1416 1282/1743/1417
f 1279/1740/1414 1278/1739/1413 1283/1744/1418
f 1279/1740/1414 1283/1744/1418 1281/1742/1416
f 1281/1742/1416 1283/1744/1418 1284/1745/1419
f 1281/1742/1416 1284/1745/1419 1285/1746/1420
f 1282/1743/1417 1281/1742/1416 1285/1746/1420
f 1282/1743/1417 1285/1746/1420 1286/1747/1421
f 1286/1747/1421 1285/1746/1420 1287/1748/1422
f 1286/1747/1421 1287/1748/1422 1288/1749/1423
f 1285/1746/1420 1284/1745/1419 1289/1750/1424
f 1285/1746/1420 1289/1750/1424 1287/1748/1422
f 1287/1748/1422 1289/1750/1424 1290/1751/1425
f 1287/1748/1422 1290/1751/1425 1291/1752/1426
f 1288/1749/1423 1287/1748/1422 1291/1752/1426
f 1288/1749/1423 1291/1752/1426 1292/1753/1427
f 1292/1753/1427 1291/1752/1426 1293/1754/1428
f 1292/1753/1427 1293/1754/1428 1294/1755/1429
f 1291/1752/1426 1290/1751/1425 1295/1756/1430
f 1291/1752/1426 1295/1756/1430 1293/1754/1428
f 1293/1754/1428 1295/1756/1430 1296/1757/1431
f 1293/1754/1428 1296/1757/1431 1297/1758/1432
f 1294/1755/1429 1293/1754/1428 1297/1758/1432
f 1294/1755/1429 1297/1758/1432 1298/1759/1433
f 1298/1759/1433 1297/1758/1432 1299/1760/1434
f 1298/1759/1433 1299/1760/1434 1300/1761/1435
f 1297/1758/1432 1296/1757/1431 1301/1762/1436
f 1297/1758/1432 1301/1762/1436 1299/1760/1434
f 1299/1760/1434 1301/1762/1436 1302/1763/1437
f 1299/1760/1434 1302/1763/1437 1303/1764/1438
f 1300/1761/1435 1299/1760/1434 1303/1764/1438
f 1300/1761/1435 1303/1764/1438 1304/1765/1439
f 1304/1765/1439 1303/1764/1438 1305/1766/1440
f 1304/1765/1439 1305/1766/1440 1306/1767/1441
f 1303/1764/1438 1302/1763/1437 1307/1768/1442
f 1303/1764/1438 1307/1768/1442 1305/1766/1440
f 1305/1766/1440 1307/1768/1442 1268/1729/1403
f 1305/1766/1440 1268/1729/1403 1267/1728/1402
f 1306/1767/1441 1305/1766/1440 1267/1728/1402
f 1306/1767/1441 1267/1728/1402 1266/1727/1401
f 1260/1721/1395 1263/1724/1398 1308/1769/1443
f 1260/1721/1395 1308/1769/1443 1271/1732/1406
f 1268/1729/1403 1307/1768/1442 1308/1769/1443
f 1268/1729/1403 1308/1769/1443 1263/1724/1398
f 1302/1763/1437 1301/1762/1436 1308/1769/1443
f 1302/1763/1437 1308/1769/1443 1307/1768/1442
f 1296/1757/1431 1295/1756/1430 1308/1769/1443
f 1296/1757/1431 1308/1769/1443 1301/1762/1436
f 1290/1751/1425 1289/1750/1424 1308/1769/1443
f 1290/1751/1425 1308/1769/1443 1295/1756/1430
f 1284/1745/1419 1283/1744/1418 1308/1769/1443
f 1284/1745/1419 1308/1769/1443 1289/1750/1424
f 1278/1739/1413 1277/1738/1412 1308/1769/1443
f 1278/1739/1413 1308/1769/1443 1283/1744/1418
f 1272/1733/1407 1271/1732/1406 1308/1769/1443
f 1272/1733/1407 1308/1769/1443 1277/1738/1412
s 114
f 1309/1770/1444 1310/1771/1405 1311/1772/1445
f 1309/1770/1444 1311/1772/1445 1312/1773/1446
f 1310/1771/1405 1313/1774/1409 1314/1775/1447
f 1310/1771/1405 1314/1775/1447 1311/1772/1445
f 1311/1772/1445 1314/1775/1447 1229/1690/1364
f 1311/1772/1445 1229/1690/1364 1226/1687/1361
f 1312/1773/1446 1311/1772/1445 1226/1687/1361
f 1312/1773/1446 1226/1687/1361 1225/1686/1360
f 1313/1774/1409 1315/1776/1448 1316/1777/1449
f 1313/1774/1409 1316/1777/1449 1314/1775/1447
f 1315/1776/1448 1317/1778/1450 1318/1779/1451
f 1315/1776/1448 1318/1779/1451 1316/1777/1449
f 1316/1777/1449 1318/1779/1451 1234/1695/1369
f 1316/1777/1449 1234/1695/1369 1232/1693/1367
f 1314/1775/1447 1316/1777/1449 1232/1693/1367
f 1314/1775/1447 1232/1693/1367 1229/1690/1364
f 1317/1778/1450 1319/1780/1417 1320/1781/1452
f 1317/1778/1450 1320/1781/1452 1318/1779/1451
f 1319/1780/1417 1321/1782/1421 1322/1783/1453
f 1319/1780/1417 1322/1783/1453 1320/1781/1452
f 1320/1781/1452 1322/1783/1453 1238/1699/1373
f 1320/1781/1452 1238/1699/1373 1236/1697/1371
f 1318/1779/1451 1320/1781/1452 1236/1697/1371
f 1318/1779/1451 1236/1697/1371 1234/1695/1369
f 1321/1782/1421 1323/1784/1423 1324/1785/1454
f 1321/1782/1421 1324/1785/1454 1322/1783/1453
f 1323/1784/1423 1325/1786/1427 1326/1787/1455
f 1323/1784/1423 1326/1787/1455 1324/1785/1454
f 1324/1785/1454 1326/1787/1455 1242/1703/1377
f 1324/1785/1454 1242/1703/1377 1240/1701/1375
f 1322/1783/1453 1324/1785/1454 1240/1701/1375
f 1322/1783/1453 1240/1701/1375 1238/1699/1373
f 1325/1786/1427 1327/1788/1429 1328/1789/1456
f 1325/1786/1427 1328/1789/1456 1326/1787/1455
f 1327/1788/1429 1329/1790/1433 1330/1791/1457
f 1327/1788/1429 1330/1791/1457 1328/1789/1456
f 1328/1789/1456 1330/1791/1457 1246/1707/1381
f 1328/1789/1456 1246/1707/1381 1244/1705/1379
f 1326/1787/1455 1328/1789/1456 1244/1705/1379
f 1326/1787/1455 1244/1705/1379 1242/1703/1377
f 1329/1790/1433 1331/1792/1458 1332/1793/1459
f 1329/1790/1433 1332/1793/1459 1330/1791/1457
f 1331/1792/1458 1333/1794/1439 1334/1795/1460
f 1331/1792/1458 1334/1795/1460 1332/1793/1459
f 1332/1793/1459 1334/1795/1460 1250/1711/1385
f 1332/1793/1459 1250/1711/1385 1248/1709/1383
f 1330/1791/1457 1332/1793/1459 1248/1709/1383
f 1330/1791/1457 1248/1709/1383 1246/1707/1381
f 1333/1794/1439 1335/1796/1441 1336/1797/1461
f 1333/1794/1439 1336/1797/1461 1334/1795/1460
f 1335/1796/1441 1337/1798/1462 1338/1799/1463
f 1335/1796/1441 1338/1799/1463 1336/1797/1461
f 1336/1797/1461 1338/1799/1463 1254/1715/1389
f 1336/1797/1461 1254/1715/1389 1252/1713/1387
f 1334/1795/1460 1336/1797/1461 1252/1713/1387
f 1334/1795/1460 1252/1713/1387 1250/1711/1385
f 1337/1798/1462 1339/1800/1464 1340/1801/1465
f 1337/1798/1462 1340/1801/1465 1338/1799/1463
f 1339/1800/1464 1341/1802/1399 1342/1803/1466
f 1339/1800/1464 1342/1803/1466 1340/1801/1465
f 1340/1801/1465 1342/1803/1466 1258/1719/1393
f 1340/1801/1465 1258/1719/1393 1256/1717/1391
f 1338/1799/1463 1340/1801/1465 1256/1717/1391
f 1338/1799/1463 1256/1717/1391 1254/1715/1389
s 116
f 1343/1804/1467 1344/1805/1468 1345/1806/1469
f 1343/1804/1467 1345/1806/1469 1346/1807/1470
f 1347/1808/1471 1348/1809/1472 1345/1806/1469
f 1347/1808/1471 1345/1806/1469 1344/1805/1468
f 1349/1810/1473 1346/1807/1470 1345/1806/1469
f 1349/1810/1473 1345/1806/1469 1348/1809/1472
f 1347/1808/1471 1350/1811/1474 1351/1812/1475
f 1347/1808/1471 1351/1812/1475 1348/1809/1472
f 1352/1813/1476 1353/1814/1477 1351/1812/1475
f 1352/1813/1476 1351/1812/1475 1350/1811/1474
f 1349/1810/1473 1348/1809/1472 1351/1812/1475
f 1349/1810/1473 1351/1812/1475 1353/1814/1477
f 1352/1813/1476 1354/1815/1478 1355/1816/1479
f 1352/1813/1476 1355/1816/1479 1353/1814/1477
f 1356/1817/1480 1357/1818/1481 1355/1816/1479
f 1356/1817/1480 1355/1816/1479 1354/1815/1478
f 1349/1810/1473 1353/1814/1477 1355/1816/1479
f 1349/1810/1473 1355/1816/1479 1357/1818/1481
f 1356/1817/1480 1358/1819/1482 1359/1820/1483
f 1356/1817/1480 1359/1820/1483 1357/1818/1481
f 1360/1821/1484 1361/1822/1485 1359/1820/1483
f 1360/1821/1484 1359/1820/1483 1358/1819/1482
f 1349/1810/1473 1357/1818/1481 1359/1820/1483
f 1349/1810/1473 1359/1820/1483 1361/1822/1485
f 1360/1821/1484 1362/1823/1486 1363/1824/1487
f 1360/1821/1484 1363/1824/1487 1361/1822/1485
f 1364/1825/1488 1365/1826/1489 1363/1824/1487
f 1364/1825/1488 1363/1824/1487 1362/1823/1486
f 1349/1810/1473 1361/1822/1485 1363/1824/1487
f 1349/1810/1473 1363/1824/1487 1365/1826/1489
f 1364/1825/1488 1366/1827/1490 1367/1828/1491
f 1364/1825/1488 1367/1828/1491 1365/1826/1489
f 1368/1829/1492 1369/1830/1493 1367/1828/1491
f 1368/1829/1492 1367/1828/1491 1366/1827/1490
f 1349/1810/1473 1365/1826/1489 1367/1828/1491
f 1349/1810/1473 1367/1828/1491 1369/1830/1493
f 1368/1829/1492 1370/1831/1494 1371/1832/1495
f 1368/1829/1492 1371/1832/1495 1369/1830/1493
f 1372/1833/1496 1373/1834/1497 1371/1832/1495
f 1372/1833/1496 1371/1832/1495 1370/1831/1494
f 1349/1810/1473 1369/1830/1493 1371/1832/1495
f 1349/1810/1473 1371/1832/1495 1373/1834/1497
f 1372/1833/1496 1374/1835/1498 1375/1836/1499
f 1372/1833/1496 1375/1836/1499 1373/1834/1497
f 1376/1837/1500 1377/1838/1501 1375/1836/1499
f 1376/1837/1500 1375/1836/1499 1374/1835/1498
f 1349/1810/1473 1373/1834/1497 1375/1836/1499
f 1349/1810/1473 1375/1836/1499 1377/1838/1501
s 117
f 1378/1839/1502 1379/1840/1503 1380/1841/1504
f 1378/1839/1502 1380/1841/1504 1381/1842/1505
f 1379/1840/1503 1382/1843/1506 1383/1844/1507
f 1379/1840/1503 1383/1844/1507 1380/1841/1504
f 1380/1841/1504 1383/1844/1507 1384/1845/1508
f 1380/1841/1504 1384/1845/1508 1385/1846/1509
f 1381/1842/1505 1380/1841/1504 1385/1846/1509
f 1381/1842/1505 1385/1846/1509 1386/1847/1510
f 1382/1843/1506 1379/1840/1503 1387/1848/1511
f 1382/1843/1506 1387/1848/1511 1388/1849/1512
f 1379/1840/1503 1378/1839/1502 1389/1850/1513
f 1379/1840/1503 1389/1850/1513 1387/1848/1511
f 1387/1848/1511 1389/1850/1513 1390/1851/1514
f 1387/1848/1511 1390/1851/1514 1391/1852/1515
f 1388/1849/1512 1387/1848/1511 1391/1852/1515
f 1388/1849/1512 1391/1852/1515 1392/1853/1516
f 1392/1853/1516 1391/1852/1515 1393/1854/1517
f 1392/1853/1516 1393/1854/1517 1394/1855/1518
f 1391/1852/1515 1390/1851/1514 1395/1856/1519
f 1391/1852/1515 1395/1856/1519 1393/1854/1517
f 1393/1854/1517 1395/1856/1519 1396/1857/1520
f 1393/1854/1517 1396/1857/1520 1397/1858/1521
f 1394/1855/1518 1393/1854/1517 1397/1858/1521
f 1394/1855/1518 1397/1858/1521 1398/1859/1522
f 1398/1859/1522 1397/1858/1521 1399/1860/1523
f 1398/1859/1522 1399/1860/1523 1400/1861/1524
f 1397/1858/1521 1396/1857/1520 1401/1862/1525
f 1397/1858/1521 1401/1862/1525 1399/1860/1523
f 1399/1860/1523 1401/1862/1525 1402/1863/1526
f 1399/1860/1523 1402/1863/1526 1403/1864/1527
f 1400/1861/1524 1399/1860/1523 1403/1864/1527
f 1400/1861/1524 1403/1864/1527 1404/1865/1528
f 1404/1865/1528 1403/1864/1527 1405/1866/1529
f 1404/1865/1528 1405/1866/1529 1406/1867/1530
f 1403/1864/1527 1402/1863/1526 1407/1868/1531
f 1403/1864/1527 1407/1868/1531 1405/1866/1529
f 1405/1866/1529 1407/1868/1531 1408/1869/1532
f 1405/1866/1529 1408/1869/1532 1409/1870/1533
f 1406/1867/1530 1405/1866/1529 1409/1870/1533
f 1406/1867/1530 1409/1870/1533 1410/1871/1534
f 1410/1871/1534 1409/1870/1533 1411/1872/1535
f 1410/1871/1534 1411/1872/1535 1412/1873/1536
f 1409/1870/1533 1408/1869/1532 1413/1874/1537
f 1409/1870/1533 1413/1874/1537 1411/1872/1535
f 1411/1872/1535 1413/1874/1537 1414/1875/1538
f 1411/1872/1535 1414/1875/1538 1415/1876/1539
f 1412/1873/1536 1411/1872/1535 1415/1876/1539
f 1412/1873/1536 1415/1876/1539 1416/1877/1540
f 1416/1877/1540 1415/1876/1539 1417/1878/1541
f 1416/1877/1540 1417/1878/1541 1418/1879/1542
f 1415/1876/1539 1414/1875/1538 1419/1880/1543
f 1415/1876/1539 1419/1880/1543 1417/1878/1541
f 1417/1878/1541 1419/1880/1543 1420/1881/1544
f 1417/1878/1541 1420/1881/1544 1421/1882/1545
f 1418/1879/1542 1417/1878/1541 1421/1882/1545
f 1418/1879/1542 1421/1882/1545 1422/1883/1546
f 1422/1883/1546 1421/1882/1545 1423/1884/1547
f 1422/1883/1546 1423/1884/1547 1424/1885/1548
f 1421/1882/1545 1420/1881/1544 1425/1886/1549
f 1421/1882/1545 1425/1886/1549 1423/1884/1547
f 1423/1884/1547 1425/1886/1549 1386/1847/1510
f 1423/1884/1547 1386/1847/1510 1385/1846/1509
f 1424/1885/1548 1423/1884/1547 1385/1846/1509
f 1424/1885/1548 1385/1846/1509 1384/1845/1508
f 1378/1839/1502 1381/1842/1505 1426/1887/1550
f 1378/1839/1502 1426/1887/1550 1389/1850/1513
f 1386/1847/1510 1425/1886/1549 1426/1887/1550
f 1386/1847/1510 1426/1887/1550 1381/1842/1505
f 1420/1881/1544 1419/1880/1543 1426/1887/1550
f 1420/1881/1544 1426/1887/1550 1425/1886/1549
f 1414/1875/1538 1413/1874/1537 1426/1887/1550
f 1414/1875/1538 1426/1887/1550 1419/1880/1543
f 1408/1869/1532 1407/1868/1531 1426/1887/1550
f 1408/1869/1532 1426/1887/1550 1413/1874/1537
f 1402/1863/1526 1401/1862/1525 1426/1887/1550
f 1402/1863/1526 1426/1887/1550 1407/1868/1531
f 1396/1857/1520 1395/1856/1519 1426/1887/1550
f 1396/1857/1520 1426/1887/1550 1401/1862/1525
f 1390/1851/1514 1389/1850/1513 1426/1887/1550
f 1390/1851/1514 1426/1887/1550 1395/1856/1519
s 116
f 1427/1888/1506 1428/1889/1512 1429/1890/1551
f 1427/1888/1506 1429/1890/1551 1430/1891/1552
f 1428/1889/1512 1431/1892/1553 1432/1893/1554
f 1428/1889/1512 1432/1893/1554 1429/1890/1551
f 1429/1890/1551 1432/1893/1554 1347/1808/1471
f 1429/1890/1551 1347/1808/1471 1344/1805/1468
f 1430/1891/1552 1429/1890/1551 1344/1805/1468
f 1430/1891/1552 1344/1805/1468 1343/1804/1467
f 1431/1892/1553 1433/1894/1518 1434/1895/1555
f 1431/1892/1553 1434/1895/1555 1432/1893/1554
f 1433/1894/1518 1435/1896/1522 1436/1897/1556
f 1433/1894/1518 1436/1897/1556 1434/1895/1555
f 1434/1895/1555 1436/1897/1556 1352/1813/1476
f 1434/1895/1555 1352/1813/1476 1350/1811/1474
f 1432/1893/1554 1434/1895/1555 1350/1811/1474
f 1432/1893/1554 1350/1811/1474 1347/1808/1471
f 1435/1896/1522 1437/1898/1524 1438/1899/1557
f 1435/1896/1522 1438/1899/1557 1436/1897/1556
f 1437/1898/1524 1439/1900/1528 1440/1901/1558
f 1437/1898/1524 1440/1901/1558 1438/1899/1557
f 1438/1899/1557 1440/1901/1558 1356/1817/1480
f 1438/1899/1557 1356/1817/1480 1354/1815/1478
f 1436/1897/1556 1438/1899/1557 1354/1815/1478
f 1436/1897/1556 1354/1815/1478 1352/1813/1476
f 1439/1900/1528 1441/1902/1559 1442/1903/1560
f 1439/1900/1528 1442/1903/1560 1440/1901/1558
f 1441/1902/1559 1443/1904/1534 1444/1905/1561
f 1441/1902/1559 1444/1905/1561 1442/1903/1560
f 1442/1903/1560 1444/1905/1561 1360/1821/1484
f 1442/1903/1560 1360/1821/1484 1358/1819/1482
f 1440/1901/1558 1442/1903/1560 1358/1819/1482
f 1440/1901/1558 1358/1819/1482 1356/1817/1480
f 1443/1904/1534 1445/1906/1536 1446/1907/1562
f 1443/1904/1534 1446/1907/1562 1444/1905/1561
f 1445/1906/1536 1447/1908/1540 1448/1909/1563
f 1445/1906/1536 1448/1909/1563 1446/1907/1562
f 1446/1907/1562 1448/1909/1563 1364/1825/1488
f 1446/1907/1562 1364/1825/1488 1362/1823/1486
f 1444/1905/1561 1446/1907/1562 1362/1823/1486
f 1444/1905/1561 1362/1823/1486 1360/1821/1484
f 1447/1908/1540 1449/1910/1564 1450/1911/1565
f 1447/1908/1540 1450/1911/1565 1448/1909/1563
f 1449/1910/1564 1451/1912/1546 1452/1913/1566
f 1449/1910/1564 1452/1913/1566 1450/1911/1565
f 1450/1911/1565 1452/1913/1566 1368/1829/1492
f 1450/1911/1565 1368/1829/1492 1366/1827/1490
f 1448/1909/1563 1450/1911/1565 1366/1827/1490
f 1448/1909/1563 1366/1827/1490 1364/1825/1488
f 1451/1912/1546 1453/1914/1548 1454/1915/1567
f 1451/1912/1546 1454/1915/1567 1452/1913/1566
f 1453/1914/1548 1455/1916/1568 1456/1917/1569
f 1453/1914/1548 1456/1917/1569 1454/1915/1567
f 1454/1915/1567 1456/1917/1569 1372/1833/1496
f 1454/1915/1567 1372/1833/1496 1370/1831/1494
f 1452/1913/1566 1454/1915/1567 1370/1831/1494
f 1452/1913/1566 1370/1831/1494 1368/1829/1492
f 1455/1916/1568 1457/1918/1507 1458/1919/1570
f 1455/1916/1568 1458/1919/1570 1456/1917/1569
f 1457/1918/1507 1459/1920/1571 1460/1921/1572
f 1457/1918/1507 1460/1921/1572 1458/1919/1570
f 1458/1919/1570 1460/1921/1572 1376/1837/1500
f 1458/1919/1570 1376/1837/1500 1374/1835/1498
f 1456/1917/1569 1458/1919/1570 1374/1835/1498
f 1456/1917/1569 1374/1835/1498 1372/1833/1496
s 118
f 1461/1922/1573 1462/1923/1574 1463/1924/1575
f 1461/1922/1573 1463/1924/1575 1464/1925/1576
f 1465/1926/1577 1466/1927/1578 1463/1924/1575
f 1465/1926/1577 1463/1924/1575 1462/1923/1574
f 1467/1928/1579 1464/1925/1576 1463/1924/1575
f 1467/1928/1579 1463/1924/1575 1466/1927/1578
f 1465/1926/1577 1468/1929/1580 1469/1930/1581
f 1465/1926/1577 1469/1930/1581 1466/1927/1578
f 1470/1931/1582 1471/1932/1583 1469/1930/1581
f 1470/1931/1582 1469/1930/1581 1468/1929/1580
f 1467/1928/1579 1466/1927/1578 1469/1930/1581
f 1467/1928/1579 1469/1930/1581 1471/1932/1583
f 1470/1931/1582 1472/1933/1584 1473/1934/1585
f 1470/1931/1582 1473/1934/1585 1471/1932/1583
f 1474/1935/1586 1475/1936/1587 1473/1934/1585
f 1474/1935/1586 1473/1934/1585 1472/1933/1584
f 1467/1928/1579 1471/1932/1583 1473/1934/1585
f 1467/1928/1579 1473/1934/1585 1475/1936/1587
f 1474/1935/1586 1476/1937/1588 1477/1938/1589
f 1474/1935/1586 1477/1938/1589 1475/1936/1587
f 1478/1939/1590 1479/1940/1591 1477/1938/1589
f 1478/1939/1590 1477/1938/1589 1476/1937/1588
f 1467/1928/1579 1475/1936/1587 1477/1938/1589
f 1467/1928/1579 1477/1938/1589 1479/1940/1591
f 1478/1939/1590 1480/1941/1592 1481/1942/1593
f 1478/1939/1590 1481/1942/1593 1479/1940/1591
f 1482/1943/1594 1483/1944/1595 1481/1942/1593
f 1482/1943/1594 1481/1942/1593 1480/1941/1592
f 1467/1928/1579 1479/1940/1591 1481/1942/1593
f 1467/1928/1579 1481/1942/1593 1483/1944/1595
f 1482/1943/1594 1484/1945/1596 1485/1946/1597
f 1482/1943/1594 1485/1946/1597 1483/1944/1595
f 1486/1947/1598 1487/1948/1599 1485/1946/1597
f 1486/1947/1598 1485/1946/1597 1484/1945/1596
f 1467/1928/1579 1483/1944/1595 1485/1946/1597
f 1467/1928/1579 1485/1946/1597 1487/1948/1599
f 1486/1947/1598 1488/1949/1600 1489/1950/1601
f 1486/1947/1598 1489/1950/1601 1487/1948/1599
f 1490/1951/1602 1491/1952/1603 1489/1950/1601
f 1490/1951/1602 1489/1950/1601 1488/1949/1600
f 1467/1928/1579 1487/1948/1599 1489/1950/1601
f 1467/1928/1579 1489/1950/1601 1491/1952/1603
f 1490/1951/1602 1492/1953/1604 1493/1954/1605
f 1490/1951/1602 1493/1954/1605 1491/1952/1603
f 1494/1955/1606 1495/1956/1607 1493/1954/1605
f 1494/1955/1606 1493/1954/1605 1492/1953/1604
f 1467/1928/1579 1491/1952/1603 1493/1954/1605
f 1467/1928/1579 1493/1954/1605 1495/1956/1607
s 119
f 1496/1957/1608 1497/1958/1609 1498/1959/1610
f 1496/1957/1608 1498/1959/1610 1499/1960/1611
f 1497/1958/1609 1500/1961/1612 1501/1962/1613
f 1497/1958/1609 1501/1962/1613 1498/1959/1610
f 1498/1959/1610 1501/1962/1613 1502/1963/1614
f 1498/1959/1610 1502/1963/1614 1503/1964/1615
f 1499/1960/1611 1498/1959/1610 1503/1964/1615
f 1499/1960/1611 1503/1964/1615 1504/1965/1616
f 1500/1961/1612 1497/1958/1609 1505/1966/1617
f 1500/1961/1612 1505/1966/1617 1506/1967/1618
f 1497/1958/1609 1496/1957/1608 1507/1968/1619
f 1497/1958/1609 1507/1968/1619 1505/1966/1617
f 1505/1966/1617 1507/1968/1619 1508/1969/1620
f 1505/1966/1617 1508/1969/1620 1509/1970/1621
f 1506/1967/1618 1505/1966/1617 1509/1970/1621
f 1506/1967/1618 1509/1970/1621 1510/1971/1622
f 1510/1971/1622 1509/1970/1621 1511/1972/1623
f 1510/1971/1622 1511/1972/1623 1512/1973/1624
f 1509/1970/1621 1508/1969/1620 1513/1974/1625
f 1509/1970/1621 1513/1974/1625 1511/1972/1623
f 1511/1972/1623 1513/1974/1625 1514/1975/1626
f 1511/1972/1623 1514/1975/1626 1515/1976/1627
f 1512/1973/1624 1511/1972/1623 1515/1976/1627
f 1512/1973/1624 1515/1976/1627 1516/1977/1628
f 1516/1977/1628 1515/1976/1627 1517/1978/1629
f 1516/1977/1628 1517/1978/1629 1518/1979/1630
f 1515/1976/1627 1514/1975/1626 1519/1980/1631
f 1515/1976/1627 1519/1980/1631 1517/1978/1629
f 1517/1978/1629 1519/1980/1631 1520/1981/1632
f 1517/1978/1629 1520/1981/1632 1521/1982/1633
f 1518/1979/1630 1517/1978/1629 1521/1982/1633
f 1518/1979/1630 1521/1982/1633 1522/1983/1634
f 1522/1983/1634 1521/1982/1633 1523/1984/1635
f 1522/1983/1634 1523/1984/1635 1524/1985/1636
f 1521/1982/1633 1520/1981/1632 1525/1986/1637
f 1521/1982/1633 1525/1986/1637 1523/1984/1635
f 1523/1984/1635 1525/1986/1637 1526/1987/1638
f 1523/1984/1635 1526/1987/1638 1527/1988/1639
f 1524/1985/1636 1523/1984/1635 1527/1988/1639
f 1524/1985/1636 1527/1988/1639 1528/1989/1640
f 1528/1989/1640 1527/1988/1639 1529/1990/1641
f 1528/1989/1640 1529/1990/1641 1530/1991/1642
f 1527/1988/1639 1526/1987/1638 1531/1992/1643
f 1527/1988/1639 1531/1992/1643 1529/1990/1641
f 1529/1990/1641 1531/1992/1643 1532/1993/1644
f 1529/1990/1641 1532/1993/1644 1533/1994/1645
f 1530/1991/1642 1529/1990/1641 1533/1994/1645
f 1530/1991/1642 1533/1994/1645 1534/1995/1646
f 1534/1995/1646 1533/1994/1645 1535/1996/1647
f 1534/1995/1646 1535/1996/1647 1536/1997/1648
f 1533/1994/1645 1532/1993/1644 1537/1998/1649
f 1533/1994/1645 1537/1998/1649 1535/1996/1647
f 1535/1996/1647 1537/1998/1649 1538/1999/1650
f 1535/1996/1647 1538/1999/1650 1539/2000/1651
f 1536/1997/1648 1535/1996/1647 1539/2000/1651
f 1536/1997/1648 1539/2000/1651 1540/2001/1652
f 1540/2001/1652 1539/2000/1651 1541/2002/1653
f 1540/2001/1652 1541/2002/1653 1542/2003/1654
f 1539/2000/1651 1538/1999/1650 1543/2004/1655
f 1539/2000/1651 1543/2004/1655 1541/2002/1653
f 1541/2002/1653 1543/2004/1655 1504/1965/1616
f 1541/2002/1653 1504/1965/1616 1503/1964/1615
f 1542/2003/1654 1541/2002/1653 1503/1964/1615
f 1542/2003/1654 1503/1964/1615 1502/1963/1614
f 1496/1957/1608 1499/1960/1611 1544/2005/1656
f 1496/1957/1608 1544/2005/1656 1507/1968/1619
f 1504/1965/1616 1543/2004/1655 1544/2005/1656
f 1504/1965/1616 1544/2005/1656 1499/1960/1611
f 1538/1999/1650 1537/1998/1649 1544/2005/1656
f 1538/1999/1650 1544/2005/1656 1543/2004/1655
f 1532/1993/1644 1531/1992/1643 1544/2005/1656
f 1532/1993/1644 1544/2005/1656 1537/1998/1649
f 1526/1987/1638 1525/1986/1637 1544/2005/1656
f 1526/1987/1638 1544/2005/1656 1531/1992/1643
f 1520/1981/1632 1519/1980/1631 1544/2005/1656
f 1520/1981/1632 1544/2005/1656 1525/1986/1637
f 1514/1975/1626 1513/1974/1625 1544/2005/1656
f 1514/1975/1626 1544/2005/1656 1519/1980/1631
f 1508/1969/1620 1507/1968/1619 1544/2005/1656
f 1508/1969/1620 1544/2005/1656 1513/1974/1625
s 118
f 1545/2006/1612 1546/2007/1618 1547/2008/1657
f 1545/2006/1612 1547/2008/1657 1548/2009/1658
f 1546/2007/1618 1549/2010/1622 1550/2011/1659
f 1546/2007/1618 1550/2011/1659 1547/2008/1657
f 1547/2008/1657 1550/2011/1659 1465/1926/1577
f 1547/2008/1657 1465/1926/1577 1462/1923/1574
f 1548/2009/1658 1547/2008/1657 1462/1923/1574
f 1548/2009/1658 1462/1923/1574 1461/1922/1573
f 1549/2010/1622 1551/2012/1660 1552/2013/1661
f 1549/2010/1622 1552/2013/1661 1550/2011/1659
f 1551/2012/1660 1553/2014/1662 1554/2015/1663
f 1551/2012/1660 1554/2015/1663 1552/2013/1661
f 1552/2013/1661 1554/2015/1663 1470/1931/1582
f 1552/2013/1661 1470/1931/1582 1468/1929/1580
f 1550/2011/1659 1552/2013/1661 1468/1929/1580
f 1550/2011/1659 1468/1929/1580 1465/1926/1577
f 1553/2014/1662 1555/2016/1630 1556/2017/1664
f 1553/2014/1662 1556/2017/1664 1554/2015/1663
f 1555/2016/1630 1557/2018/1665 1558/2019/1666
f 1555/2016/1630 1558/2019/1666 1556/2017/1664
f 1556/2017/1664 1558/2019/1666 1474/1935/1586
f 1556/2017/1664 1474/1935/1586 1472/1933/1584
f 1554/2015/1663 1556/2017/1664 1472/1933/1584
f 1554/2015/1663 1472/1933/1584 1470/1931/1582
f 1557/2018/1665 1559/2020/1636 1560/2021/1667
f 1557/2018/1665 1560/2021/1667 1558/2019/1666
f 1559/2020/1636 1561/2022/1640 1562/2023/1668
f 1559/2020/1636 1562/2023/1668 1560/2021/1667
f 1560/2021/1667 1562/2023/1668 1478/1939/1590
f 1560/2021/1667 1478/1939/1590 1476/1937/1588
f 1558/2019/1666 1560/2021/1667 1476/1937/1588
f 1558/2019/1666 1476/1937/1588 1474/1935/1586
f 1561/2022/1640 1563/2024/1642 1564/2025/1669
f 1561/2022/1640 1564/2025/1669 1562/2023/1668
f 1563/2024/1642 1565/2026/1670 1566/2027/1671
f 1563/2024/1642 1566/2027/1671 1564/2025/1669
f 1564/2025/1669 1566/2027/1671 1482/1943/1594
f 1564/2025/1669 1482/1943/1594 1480/1941/1592
f 1562/2023/1668 1564/2025/1669 1480/1941/1592
f 1562/2023/1668 1480/1941/1592 1478/1939/1590
f 1565/2026/1670 1567/2028/1648 1568/2029/1672
f 1565/2026/1670 1568/2029/1672 1566/2027/1671
f 1567/2028/1648 1569/2030/1652 1570/2031/1673
f 1567/2028/1648 1570/2031/1673 1568/2029/1672
f 1568/2029/1672 1570/2031/1673 1486/1947/1598
f 1568/2029/1672 1486/1947/1598 1484/1945/1596
f 1566/2027/1671 1568/2029/1672 1484/1945/1596
f 1566/2027/1671 1484/1945/1596 1482/1943/1594
f 1569/2030/1652 1571/2032/1674 1572/2033/1675
f 1569/2030/1652 1572/2033/1675 1570/2031/1673
f 1571/2032/1674 1573/2034/1676 1574/2035/1677
f 1571/2032/1674 1574/2035/1677 1572/2033/1675
f 1572/2033/1675 1574/2035/1677 1490/1951/1602
f 1572/2033/1675 1490/1951/1602 1488/1949/1600
f 1570/2031/1673 1572/2033/1675 1488/1949/1600
f 1570/2031/1673 1488/1949/1600 1486/1947/1598
f 1573/2034/1676 1575/2036/1613 1576/2037/1678
f 1573/2034/1676 1576/2037/1678 1574/2035/1677
f 1575/2036/1613 1577/2038/1679 1578/2039/1680
f 1575/2036/1613 1578/2039/1680 1576/2037/1678
f 1576/2037/1678 1578/2039/1680 1494/1955/1606
f 1576/2037/1678 1494/1955/1606 1492/1953/1604
f 1574/2035/1677 1576/2037/1678 1492/1953/1604
f 1574/2035/1677 1492/1953/1604 1490/1951/1602
s 120
f 1579/2040/1681 1580/2041/1682 1581/2042/1683
f 1579/2040/1681 1581/2042/1683 1582/2043/1684
f 1580/2041/1682 1583/2044/1685 1584/2045/1686
f 1580/2041/1682 1584/2045/1686 1581/2042/1683
f 1581/2042/1683 1584/2045/1686 1585/2046/1687
f 1581/2042/1683 1585/2046/1687 1586/2047/1688
f 1582/2043/1684 1581/2042/1683 1586/2047/1688
f 1582/2043/1684 1586/2047/1688 1587/2048/1689
f 1583/2044/1685 1580/2041/1682 1588/2049/1690
f 1583/2044/1685 1588/2049/1690 1589/2050/1691
f 1580/2041/1682 1579/2040/1681 1590/2051/1692
f 1580/2041/1682 1590/2051/1692 1588/2049/1690
f 1588/2049/1690 1590/2051/1692 1591/2052/1693
f 1588/2049/1690 1591/2052/1693 1592/2053/1694
f 1589/2050/1691 1588/2049/1690 1592/2053/1694
f 1589/2050/1691 1592/2053/1694 1593/2054/1695
f 1593/2054/1695 1592/2053/1694 1594/2055/1696
f 1593/2054/1695 1594/2055/1696 1595/2056/1697
f 1592/2053/1694 1591/2052/1693 1596/2057/1698
f 1592/2053/1694 1596/2057/1698 1594/2055/1696
f 1594/2055/1696 1596/2057/1698 1597/2058/1699
f 1594/2055/1696 1597/2058/1699 1598/2059/1700
f 1595/2056/1697 1594/2055/1696 1598/2059/1700
f 1595/2056/1697 1598/2059/1700 1599/2060/1701
f 1599/2060/1701 1598/2059/1700 1600/2061/1702
f 1599/2060/1701 1600/2061/1702 1601/2062/1703
f 1598/2059/1700 1597/2058/1699 1602/2063/1704
f 1598/2059/1700 1602/2063/1704 1600/2061/1702
f 1600/2061/1702 1602/2063/1704 1603/2064/1705
f 1600/2061/1702 1603/2064/1705 1604/2065/1706
f 1601/2062/1703 1600/2061/1702 1604/2065/1706
f 1601/2062/1703 1604/2065/1706 1605/2066/1707
f 1605/2066/1707 1604/2065/1706 1606/2067/1708
f 1605/2066/1707 1606/2067/1708 1607/2068/1709
f 1604/2065/1706 1603/2064/1705 1608/2069/1710
f 1604/2065/1706 1608/2069/1710 1606/2067/1708
f 1606/2067/1708 1608/2069/1710 1609/2070/1711
f 1606/2067/1708 1609/2070/1711 1610/2071/1712
f 1607/2068/1709 1606/2067/1708 1610/2071/1712
f 1607/2068/1709 1610/2071/1712 1611/2072/1713
f 1611/2072/1713 1610/2071/1712 1612/2073/1714
f 1611/2072/1713 1612/2073/1714 1613/2074/1715
f 1610/2071/1712 1609/2070/1711 1614/2075/1716
f 1610/2071/1712 1614/2075/1716 1612/2073/1714
f 1612/2073/1714 1614/2075/1716 1615/2076/1717
f 1612/2073/1714 1615/2076/1717 1616/2077/1718
f 1613/2074/1715 1612/2073/1714 1616/2077/1718
f 1613/2074/1715 1616/2077/1718 1617/2078/1719
f 1617/2078/1719 1616/2077/1718 1618/2079/1720
f 1617/2078/1719 1618/2079/1720 1619/2080/1721
f 1616/2077/1718 1615/2076/1717 1620/2081/1722
f 1616/2077/1718 1620/2081/1722 1618/2079/1720
f 1618/2079/1720 1620/2081/1722 1621/2082/1723
f 1618/2079/1720 1621/2082/1723 1622/2083/1724
f 1619/2080/1721 1618/2079/1720 1622/2083/1724
f 1619/2080/1721 1622/2083/1724 1623/2084/1725
f 1623/2084/1725 1622/2083/1724 1624/2085/1726
f 1623/2084/1725 1624/2085/1726 1625/2086/1727
f 1622/2083/1724 1621/2082/1723 1626/2087/1728
f 1622/2083/1724 1626/2087/1728 1624/2085/1726
f 1624/2085/1726 1626/2087/1728 1587/2048/1689
f 1624/2085/1726 1587/2048/1689 1586/2047/1688
f 1625/2086/1727 1624/2085/1726 1586/2047/1688
f 1625/2086/1727 1586/2047/1688 1585/2046/1687
f 1579/2040/1681 1582/2043/1684 1627/2088/1729
f 1579/2040/1681 1627/2088/1729 1590/2051/1692
f 1587/2048/1689 1626/2087/1728 1627/2088/1729
f 1587/2048/1689 1627/2088/1729 1582/2043/1684
f 1621/2082/1723 1620/2081/1722 1627/2088/1729
f 1621/2082/1723 1627/2088/1729 1626/2087/1728
f 1615/2076/1717 1614/2075/1716 1627/2088/1729
f 1615/2076/1717 1627/2088/1729 1620/2081/1722
f 1609/2070/1711 1608/2069/1710 1627/2088/1729
f 1609/2070/1711 1627/2088/1729 1614/2075/1716
f 1603/2064/1705 1602/2063/1704 1627/2088/1729
f 1603/2064/1705 1627/2088/1729 1608/2069/1710
f 1597/2058/1699 1596/2057/1698 1627/2088/1729
f 1597/2058/1699 1627/2088/1729 1602/2063/1704
f 1591/2052/1693 1590/2051/1692 1627/2088/1729
f 1591/2052/1693 1627/2088/1729 1596/2057/1698
s 121
f 1628/2089/1685 1629/2090/1691 1630/2091/1730
f 1628/2089/1685 1630/2091/1730 1631/2092/1731
f 1629/2090/1691 1632/2093/1695 1633/2094/1732
f 1629/2090/1691 1633/2094/1732 1630/2091/1730
f 1630/2091/1730 1633/2094/1732 1634/2095/1733
f 1630/2091/1730 1634/2095/1733 1635/2096/1734
f 1631/2092/1731 1630/2091/1730 1635/2096/1734
f 1631/2092/1731 1635/2096/1734 1636/2097/1735
f 1632/2093/1695 1637/2098/1697 1638/2099/1736
f 1632/2093/1695 1638/2099/1736 1633/2094/1732
f 1637/2098/1697 1639/2100/1737 1640/2101/1738
f 1637/2098/1697 1640/2101/1738 1638/2099/1736
f 1638/2099/1736 1640/2101/1738 1641/2102/1739
f 1638/2099/1736 1641/2102/1739 1642/2103/1740
f 1633/2094/1732 1638/2099/1736 1642/2103/1740
f 1633/2094/1732 1642/2103/1740 1634/2095/1733
f 1639/2100/1737 1643/2104/1703 1644/2105/1741
f 1639/2100/1737 1644/2105/1741 1640/2101/1738
f 1643/2104/1703 1645/2106/1707 1646/2107/1742
f 1643/2104/1703 1646/2107/1742 1644/2105/1741
f 1644/2105/1741 1646/2107/1742 1647/2108/1743
f 1644/2105/1741 1647/2108/1743 1648/2109/1744
f 1640/2101/1738 1644/2105/1741 1648/2109/1744
f 1640/2101/1738 1648/2109/1744 1641/2102/1739
f 1645/2106/1707 1649/2110/1709 1650/2111/1745
f 1645/2106/1707 1650/2111/1745 1646/2107/1742
f 1649/2110/1709 1651/2112/1746 1652/2113/1747
f 1649/2110/1709 1652/2113/1747 1650/2111/1745
f 1650/2111/1745 1652/2113/1747 1653/2114/1748
f 1650/2111/1745 1653/2114/1748 1654/2115/1749
f 1646/2107/1742 1650/2111/1745 1654/2115/1749
f 1646/2107/1742 1654/2115/1749 1647/2108/1743
f 1651/2112/1746 1655/2116/1750 1656/2117/1751
f 1651/2112/1746 1656/2117/1751 1652/2113/1747
f 1655/2116/1750 1657/2118/1719 1658/2119/1752
f 1655/2116/1750 1658/2119/1752 1656/2117/1751
f 1656/2117/1751 1658/2119/1752 1659/2120/1753
f 1656/2117/1751 1659/2120/1753 1660/2121/1754
f 1652/2113/1747 1656/2117/1751 1660/2121/1754
f 1652/2113/1747 1660/2121/1754 1653/2114/1748
f 1657/2118/1719 1661/2122/1721 1662/2123/1755
f 1657/2118/1719 1662/2123/1755 1658/2119/1752
f 1661/2122/1721 1663/2124/1725 1664/2125/1756
f 1661/2122/1721 1664/2125/1756 1662/2123/1755
f 1662/2123/1755 1664/2125/1756 1665/2126/1757
f 1662/2123/1755 1665/2126/1757 1666/2127/1758
f 1658/2119/1752 1662/2123/1755 1666/2127/1758
f 1658/2119/1752 1666/2127/1758 1659/2120/1753
f 1663/2124/1725 1667/2128/1727 1668/2129/1759
f 1663/2124/1725 1668/2129/1759 1664/2125/1756
f 1667/2128/1727 1669/2130/1687 1670/2131/1760
f 1667/2128/1727 1670/2131/1760 1668/2129/1759
f 1668/2129/1759 1670/2131/1760 1671/2132/1761
f 1668/2129/1759 1671/2132/1761 1672/2133/1762
f 1664/2125/1756 1668/2129/1759 1672/2133/1762
f 1664/2125/1756 1672/2133/1762 1665/2126/1757
f 1669/2130/1687 1673/2134/1686 1674/2135/1763
f 1669/2130/1687 1674/2135/1763 1670/2131/1760
f 1673/2134/1686 1675/2136/1764 1676/2137/1765
f 1673/2134/1686 1676/2137/1765 1674/2135/1763
f 1674/2135/1763 1676/2137/1765 1677/2138/1766
f 1674/2135/1763 1677/2138/1766 1678/2139/1767
f 1670/2131/1760 1674/2135/1763 1678/2139/1767
f 1670/2131/1760 1678/2139/1767 1671/2132/1761
f 1679/2140/1768 1680/2141/1769 1681/2142/1770
f 1679/2140/1768 1681/2142/1770 1682/2143/1771
f 1680/2141/1769 1683/2144/1772 1684/2145/1773
f 1680/2141/1769 1684/2145/1773 1681/2142/1770
f 1681/2142/1770 1684/2145/1773 1685/2146/1774
f 1681/2142/1770 1685/2146/1774 1686/2147/1775
f 1682/2143/1771 1681/2142/1770 1686/2147/1775
f 1682/2143/1771 1686/2147/1775 1687/2148/1776
f 1688/2149/1777 1689/2150/1778 1690/2151/1779
f 1688/2149/1777 1690/2151/1779 1691/2152/1780
f 1692/2153/1781 1693/2154/1782 1690/2151/1779
f 1692/2153/1781 1690/2151/1779 1689/2150/1778
f 1694/2155/1783 1695/2156/1784 1690/2151/1779
f 1694/2155/1783 1690/2151/1779 1693/2154/1782
f 1696/2157/1785 1697/2158/1786 1690/2151/1779
f 1696/2157/1785 1690/2151/1779 1695/2156/1784
f 1698/2159/1787 1691/2152/1780 1690/2151/1779
f 1698/2159/1787 1690/2151/1779 1697/2158/1786
f 1699/2160/1788 1700/2161/1789 1701/2162/1790
f 1699/2160/1788 1701/2162/1790 1702/2163/1791
f 1700/2161/1789 1703/2164/1792 1704/2165/1793
f 1700/2161/1789 1704/2165/1793 1701/2162/1790
f 1701/2162/1790 1704/2165/1793 1705/2166/1794
f 1701/2162/1790 1705/2166/1794 1706/2167/1795
f 1702/2163/1791 1701/2162/1790 1706/2167/1795
f 1702/2163/1791 1706/2167/1795 1707/2168/1796
f 1707/2168/1796 1706/2167/1795 1708/2169/1797
f 1707/2168/1796 1708/2169/1797 1709/2170/1798
f 1705/2166/1794 1710/2171/1799 1708/2169/1797
f 1705/2166/1794 1708/2169/1797 1706/2167/1795
f 1711/2172/1800 1712/2173/1801 1708/2169/1797
f 1711/2172/1800 1708/2169/1797 1710/2171/1799
f 1713/2174/1802 1714/2175/1803 1708/2169/1797
f 1713/2174/1802 1708/2169/1797 1712/2173/1801
f 1715/2176/1804 1709/2170/1798 1708/2169/1797
f 1715/2176/1804 1708/2169/1797 1714/2175/1803
f 1688/2149/1777 1691/2152/1780 1716/2177/1805
f 1688/2149/1777 1716/2177/1805 1717/2178/1806
f 1698/2159/1787 1718/2179/1807 1716/2177/1805
f 1698/2159/1787 1716/2177/1805 1691/2152/1780
f 1719/2180/1808 1717/2178/1806 1716/2177/1805
f 1719/2180/1808 1716/2177/1805 1718/2179/1807
f 1720/2181/1809 1721/2182/1810 1722/2183/1811
f 1720/2181/1809 1722/2183/1811 1723/2184/1812
f 1724/2185/1813 1725/2186/1814 1722/2183/1811
f 1724/2185/1813 1722/2183/1811 1721/2182/1810
f 1699/2160/1788 1723/2184/1812 1722/2183/1811
f 1699/2160/1788 1722/2183/1811 1725/2186/1814
f 1699/2160/1788 1702/2163/1791 1726/2187/1815
f 1699/2160/1788 1726/2187/1815 1723/2184/1812
f 1702/2163/1791 1707/2168/1796 1727/2188/1816
f 1702/2163/1791 1727/2188/1816 1726/2187/1815
f 1726/2187/1815 1727/2188/1816 1728/2189/1817
f 1726/2187/1815 1728/2189/1817 1729/2190/1818
f 1723/2184/1812 1726/2187/1815 1729/2190/1818
f 1723/2184/1812 1729/2190/1818 1720/2181/1809
f 1707/2168/1796 1709/2170/1798 1730/2191/1819
f 1707/2168/1796 1730/2191/1819 1727/2188/1816
f 1715/2176/1804 1731/2192/1820 1730/2191/1819
f 1715/2176/1804 1730/2191/1819 1709/2170/1798
f 1728/2189/1817 1727/2188/1816 1730/2191/1819
f 1728/2189/1817 1730/2191/1819 1731/2192/1820
f 1732/2193/1821 1733/2194/1822 1734/2195/1823
f 1732/2193/1821 1734/2195/1823 1735/2196/1824
f 1736/2197/1825 1737/2198/1826 1734/2195/1823
f 1736/2197/1825 1734/2195/1823 1733/2194/1822
f 1685/2146/1774 1735/2196/1824 1734/2195/1823
f 1685/2146/1774 1734/2195/1823 1737/2198/1826
f 1685/2146/1774 1684/2145/1773 1738/2199/1827
f 1685/2146/1774 1738/2199/1827 1735/2196/1824
f 1684/2145/1773 1683/2144/1772 1739/2200/1828
f 1684/2145/1773 1739/2200/1828 1738/2199/1827
f 1738/2199/1827 1739/2200/1828 1740/2201/1808
f 1738/2199/1827 1740/2201/1808 1741/2202/1829
f 1735/2196/1824 1738/2199/1827 1741/2202/1829
f 1735/2196/1824 1741/2202/1829 1732/2193/1821
f 1636/2097/1735 1635/2096/1734 1742/2203/1830
f 1636/2097/1735 1742/2203/1830 1743/2204/1831
f 1635/2096/1734 1634/2095/1733 1744/2205/1832
f 1635/2096/1734 1744/2205/1832 1742/2203/1830
f 1742/2203/1830 1744/2205/1832 1694/2155/1783
f 1742/2203/1830 1694/2155/1783 1693/2154/1782
f 1743/2204/1831 1742/2203/1830 1693/2154/1782
f 1743/2204/1831 1693/2154/1782 1692/2153/1781
f 1634/2095/1733 1642/2103/1740 1745/2206/1833
f 1634/2095/1733 1745/2206/1833 1744/2205/1832
f 1642/2103/1740 1641/2102/1739 1746/2207/1834
f 1642/2103/1740 1746/2207/1834 1745/2206/1833
f 1745/2206/1833 1746/2207/1834 1703/2164/1792
f 1745/2206/1833 1703/2164/1792 1747/2208/1835
f 1744/2205/1832 1745/2206/1833 1747/2208/1835
f 1744/2205/1832 1747/2208/1835 1694/2155/1783
f 1641/2102/1739 1648/2109/1744 1748/2209/1836
f 1641/2102/1739 1748/2209/1836 1746/2207/1834
f 1648/2109/1744 1647/2108/1743 1749/2210/1837
f 1648/2109/1744 1749/2210/1837 1748/2209/1836
f 1748/2209/1836 1749/2210/1837 1705/2166/1794
f 1748/2209/1836 1705/2166/1794 1704/2165/1793
f 1746/2207/1834 1748/2209/1836 1704/2165/1793
f 1746/2207/1834 1704/2165/1793 1703/2164/1792
f 1647/2108/1743 1654/2115/1749 1750/2211/1838
f 1647/2108/1743 1750/2211/1838 1749/2210/1837
f 1654/2115/1749 1653/2114/1748 1751/2212/1839
f 1654/2115/1749 1751/2212/1839 1750/2211/1838
f 1750/2211/1838 1751/2212/1839 1711/2172/1800
f 1750/2211/1838 1711/2172/1800 1710/2171/1799
f 1749/2210/1837 1750/2211/1838 1710/2171/1799
f 1749/2210/1837 1710/2171/1799 1705/2166/1794
f 1653/2114/1748 1660/2121/1754 1752/2213/1840
f 1653/2114/1748 1752/2213/1840 1751/2212/1839
f 1660/2121/1754 1659/2120/1753 1753/2214/1841
f 1660/2121/1754 1753/2214/1841 1752/2213/1840
f 1752/2213/1840 1753/2214/1841 1754/2215/1842
f 1752/2213/1840 1754/2215/1842 1755/2216/1843
f 1751/2212/1839 1752/2213/1840 1755/2216/1843
f 1751/2212/1839 1755/2216/1843 1711/2172/1800
f 1659/2120/1753 1666/2127/1758 1756/2217/1844
f 1659/2120/1753 1756/2217/1844 1753/2214/1841
f 1666/2127/1758 1665/2126/1757 1757/2218/1845
f 1666/2127/1758 1757/2218/1845 1756/2217/1844
f 1756/2217/1844 1757/2218/1845 1758/2219/1846
f 1756/2217/1844 1758/2219/1846 1759/2220/1847
f 1753/2214/1841 1756/2217/1844 1759/2220/1847
f 1753/2214/1841 1759/2220/1847 1754/2215/1842
f 1665/2126/1757 1672/2133/1762 1760/2221/1848
f 1665/2126/1757 1760/2221/1848 1757/2218/1845
f 1672/2133/1762 1671/2132/1761 1761/2222/1849
f 1672/2133/1762 1761/2222/1849 1760/2221/1848
f 1760/2221/1848 1761/2222/1849 1687/2148/1776
f 1760/2221/1848 1687/2148/1776 1762/2223/1850
f 1757/2218/1845 1760/2221/1848 1762/2223/1850
f 1757/2218/1845 1762/2223/1850 1758/2219/1846
f 1671/2132/1761 1678/2139/1767 1763/2224/1851
f 1671/2132/1761 1763/2224/1851 1761/2222/1849
f 1678/2139/1767 1677/2138/1766 1764/2225/1852
f 1678/2139/1767 1764/2225/1852 1763/2224/1851
f 1763/2224/1851 1764/2225/1852 1765/2226/1853
f 1763/2224/1851 1765/2226/1853 1766/2227/1854
f 1761/2222/1849 1763/2224/1851 1766/2227/1854
f 1761/2222/1849 1766/2227/1854 1687/2148/1776
f 1724/2185/1813 1767/2228/1855 1768/2229/1856
f 1724/2185/1813 1768/2229/1856 1725/2186/1814
f 1696/2157/1785 1695/2156/1784 1768/2229/1856
f 1696/2157/1785 1768/2229/1856 1767/2228/1855
f 1694/2155/1783 1747/2208/1835 1768/2229/1856
f 1694/2155/1783 1768/2229/1856 1695/2156/1784
f 1703/2164/1792 1700/2161/1789 1768/2229/1856
f 1703/2164/1792 1768/2229/1856 1747/2208/1835
f 1699/2160/1788 1725/2186/1814 1768/2229/1856
f 1699/2160/1788 1768/2229/1856 1700/2161/1789
f 1769/2230/1857 1770/2231/1858 1771/2232/1859
f 1769/2230/1857 1771/2232/1859 1772/2233/1860
f 1713/2174/1802 1712/2173/1801 1771/2232/1859
f 1713/2174/1802 1771/2232/1859 1770/2231/1858
f 1711/2172/1800 1755/2216/1843 1771/2232/1859
f 1711/2172/1800 1771/2232/1859 1712/2173/1801
f 1754/2215/1842 1773/2234/1861 1771/2232/1859
f 1754/2215/1842 1771/2232/1859 1755/2216/1843
f 1774/2235/1862 1775/2236/1863 1771/2232/1859
f 1774/2235/1862 1771/2232/1859 1773/2234/1861
f 1776/2237/1864 1772/2233/1860 1771/2232/1859
f 1776/2237/1864 1771/2232/1859 1775/2236/1863
f 1777/2238/1865 1778/2239/1866 1779/2240/1867
f 1777/2238/1865 1779/2240/1867 1780/2241/1868
f 1774/2235/1862 1773/2234/1861 1779/2240/1867
f 1774/2235/1862 1779/2240/1867 1778/2239/1866
f 1754/2215/1842 1759/2220/1847 1779/2240/1867
f 1754/2215/1842 1779/2240/1867 1773/2234/1861
f 1758/2219/1846 1781/2242/1869 1779/2240/1867
f 1758/2219/1846 1779/2240/1867 1759/2220/1847
f 1782/2243/1870 1783/2244/1871 1779/2240/1867
f 1782/2243/1870 1779/2240/1867 1781/2242/1869
f 1784/2245/1872 1780/2241/1868 1779/2240/1867
f 1784/2245/1872 1779/2240/1867 1783/2244/1871
f 1736/2197/1825 1785/2246/1873 1786/2247/1874
f 1736/2197/1825 1786/2247/1874 1737/2198/1826
f 1782/2243/1870 1781/2242/1869 1786/2247/1874
f 1782/2243/1870 1786/2247/1874 1785/2246/1873
f 1758/2219/1846 1762/2223/1850 1786/2247/1874
f 1758/2219/1846 1786/2247/1874 1781/2242/1869
f 1687/2148/1776 1686/2147/1775 1786/2247/1874
f 1687/2148/1776 1786/2247/1874 1762/2223/1850
f 1685/2146/1774 1737/2198/1826 1786/2247/1874
f 1685/2146/1774 1786/2247/1874 1686/2147/1775
f 1776/2237/1864 1787/2248/1875 1788/2249/1876
f 1776/2237/1864 1788/2249/1876 1772/2233/1860
f 1789/2250/1877 1790/2251/1878 1788/2249/1876
f 1789/2250/1877 1788/2249/1876 1787/2248/1875
f 1769/2230/1857 1772/2233/1860 1788/2249/1876
f 1769/2230/1857 1788/2249/1876 1790/2251/1878
f 1784/2245/1872 1791/2252/1879 1792/2253/1880
f 1784/2245/1872 1792/2253/1880 1780/2241/1868
f 1793/2254/1881 1794/2255/1882 1792/2253/1880
f 1793/2254/1881 1792/2253/1880 1791/2252/1879
f 1777/2238/1865 1780/2241/1868 1792/2253/1880
f 1777/2238/1865 1792/2253/1880 1794/2255/1882
f 1720/2181/1809 1795/2256/1883 1796/2257/1884
f 1720/2181/1809 1796/2257/1884 1721/2182/1810
f 1795/2256/1883 1719/2180/1808 1718/2179/1807
f 1795/2256/1883 1718/2179/1807 1796/2257/1884
f 1796/2257/1884 1718/2179/1807 1698/2159/1787
f 1796/2257/1884 1698/2159/1787 1797/2258/1885
f 1721/2182/1810 1796/2257/1884 1797/2258/1885
f 1721/2182/1810 1797/2258/1885 1724/2185/1813
f 1789/2250/1877 1798/2259/1886 1799/2260/1887
f 1789/2250/1877 1799/2260/1887 1790/2251/1878
f 1798/2259/1886 1728/2189/1817 1731/2192/1820
f 1798/2259/1886 1731/2192/1820 1799/2260/1887
f 1799/2260/1887 1731/2192/1820 1715/2176/1804
f 1799/2260/1887 1715/2176/1804 1800/2261/1888
f 1790/2251/1878 1799/2260/1887 1800/2261/1888
f 1790/2251/1878 1800/2261/1888 1769/2230/1857
f 1793/2254/1881 1801/2262/1889 1802/2263/1890
f 1793/2254/1881 1802/2263/1890 1794/2255/1882
f 1801/2262/1889 1789/2250/1877 1787/2248/1875
f 1801/2262/1889 1787/2248/1875 1802/2263/1890
f 1802/2263/1890 1787/2248/1875 1776/2237/1864
f 1802/2263/1890 1776/2237/1864 1803/2264/1891
f 1794/2255/1882 1802/2263/1890 1803/2264/1891
f 1794/2255/1882 1803/2264/1891 1777/2238/1865
f 1732/2193/1821 1804/2265/1892 1805/2266/1893
f 1732/2193/1821 1805/2266/1893 1733/2194/1822
f 1804/2265/1892 1793/2254/1881 1791/2252/1879
f 1804/2265/1892 1791/2252/1879 1805/2266/1893
f 1805/2266/1893 1791/2252/1879 1784/2245/1872
f 1805/2266/1893 1784/2245/1872 1806/2267/1894
f 1733/2194/1822 1805/2266/1893 1806/2267/1894
f 1733/2194/1822 1806/2267/1894 1736/2197/1825
f 1807/2268/1821 1808/2269/1829 1809/2270/1895
f 1807/2268/1821 1809/2270/1895 1810/2271/1892
f 1719/2180/1808 1795/2256/1883 1809/2270/1895
f 1719/2180/1808 1809/2270/1895 1808/2269/1829
f 1720/2181/1809 1729/2190/1818 1809/2270/1895
f 1720/2181/1809 1809/2270/1895 1795/2256/1883
f 1728/2189/1817 1798/2259/1886 1809/2270/1895
f 1728/2189/1817 1809/2270/1895 1729/2190/1818
f 1789/2250/1877 1811/2272/1889 1809/2270/1895
f 1789/2250/1877 1809/2270/1895 1798/2259/1886
f 1812/2273/1896 1810/2271/1892 1809/2270/1895
f 1812/2273/1896 1809/2270/1895 1811/2272/1889
f 1698/2159/1787 1697/2158/1786 1813/2274/1897
f 1698/2159/1787 1813/2274/1897 1797/2258/1885
f 1696/2157/1785 1767/2228/1855 1813/2274/1897
f 1696/2157/1785 1813/2274/1897 1697/2158/1786
f 1724/2185/1813 1797/2258/1885 1813/2274/1897
f 1724/2185/1813 1813/2274/1897 1767/2228/1855
f 1715/2176/1804 1714/2175/1803 1814/2275/1898
f 1715/2176/1804 1814/2275/1898 1800/2261/1888
f 1713/2174/1802 1770/2231/1858 1814/2275/1898
f 1713/2174/1802 1814/2275/1898 1714/2175/1803
f 1769/2230/1857 1800/2261/1888 1814/2275/1898
f 1769/2230/1857 1814/2275/1898 1770/2231/1858
f 1776/2237/1864 1775/2236/1863 1815/2276/1899
f 1776/2237/1864 1815/2276/1899 1803/2264/1891
f 1774/2235/1862 1778/2239/1866 1815/2276/1899
f 1774/2235/1862 1815/2276/1899 1775/2236/1863
f 1777/2238/1865 1803/2264/1891 1815/2276/1899
f 1777/2238/1865 1815/2276/1899 1778/2239/1866
f 1784/2245/1872 1783/2244/1871 1816/2277/1900
f 1784/2245/1872 1816/2277/1900 1806/2267/1894
f 1782/2243/1870 1785/2246/1873 1816/2277/1900
f 1782/2243/1870 1816/2277/1900 1783/2244/1871
f 1736/2197/1825 1806/2267/1894 1816/2277/1900
f 1736/2197/1825 1816/2277/1900 1785/2246/1873
s 122
f 1817/2278/1901 1818/2279/1902 1819/2280/1903
f 1817/2278/1901 1819/2280/1903 1820/2281/1904
f 1821/2282/1905 1822/2283/1906 1819/2280/1903
f 1821/2282/1905 1819/2280/1903 1818/2279/1902
f 1823/2284/1907 1820/2281/1904 1819/2280/1903
f 1823/2284/1907 1819/2280/1903 1822/2283/1906
f 1821/2282/1905 1824/2285/1908 1825/2286/1909
f 1821/2282/1905 1825/2286/1909 1822/2283/1906
f 1826/2287/1910 1827/2288/1911 1825/2286/1909
f 1826/2287/1910 1825/2286/1909 1824/2285/1908
f 1823/2284/1907 1822/2283/1906 1825/2286/1909
f 1823/2284/1907 1825/2286/1909 1827/2288/1911
f 1826/2287/1910 1828/2289/1912 1829/2290/1913
f 1826/2287/1910 1829/2290/1913 1827/2288/1911
f 1830/2291/1914 1831/2292/1915 1829/2290/1913
f 1830/2291/1914 1829/2290/1913 1828/2289/1912
f 1823/2284/1907 1827/2288/1911 1829/2290/1913
f 1823/2284/1907 1829/2290/1913 1831/2292/1915
f 1830/2291/1914 1832/2293/1916 1833/2294/1917
f 1830/2291/1914 1833/2294/1917 1831/2292/1915
f 1834/2295/1918 1835/2296/1919 1833/2294/1917
f 1834/2295/1918 1833/2294/1917 1832/2293/1916
f 1823/2284/1907 1831/2292/1915 1833/2294/1917
f 1823/2284/1907 1833/2294/1917 1835/2296/1919
f 1834/2295/1918 1836/2297/1920 1837/2298/1921
f 1834/2295/1918 1837/2298/1921 1835/2296/1919
f 1838/2299/1922 1839/2300/1923 1837/2298/1921
f 1838/2299/1922 1837/2298/1921 1836/2297/1920
f 1823/2284/1907 1835/2296/1919 1837/2298/1921
f 1823/2284/1907 1837/2298/1921 1839/2300/1923
f 1838/2299/1922 1840/2301/1924 1841/2302/1925
f 1838/2299/1922 1841/2302/1925 1839/2300/1923
f 1842/2303/1926 1843/2304/1927 1841/2302/1925
f 1842/2303/1926 1841/2302/1925 1840/2301/1924
f 1823/2284/1907 1839/2300/1923 1841/2302/1925
f 1823/2284/1907 1841/2302/1925 1843/2304/1927
f 1842/2303/1926 1844/2305/1928 1845/2306/1929
f 1842/2303/1926 1845/2306/1929 1843/2304/1927
f 1846/2307/1930 1847/2308/1931 1845/2306/1929
f 1846/2307/1930 1845/2306/1929 1844/2305/1928
f 1823/2284/1907 1843/2304/1927 1845/2306/1929
f 1823/2284/1907 1845/2306/1929 1847/2308/1931
f 1846/2307/1930 1848/2309/1932 1849/2310/1933
f 1846/2307/1930 1849/2310/1933 1847/2308/1931
f 1850/2311/1934 1851/2312/1935 1849/2310/1933
f 1850/2311/1934 1849/2310/1933 1848/2309/1932
f 1823/2284/1907 1847/2308/1931 1849/2310/1933
f 1823/2284/1907 1849/2310/1933 1851/2312/1935
f 1852/2313/1936 1853/2314/1937 1854/2315/1938
f 1852/2313/1936 1854/2315/1938 1855/2316/1939
f 1853/2314/1937 1856/2317/1940 1857/2318/1941
f 1853/2314/1937 1857/2318/1941 1854/2315/1938
f 1854/2315/1938 1857/2318/1941 1821/2282/1905
f 1854/2315/1938 1821/2282/1905 1818/2279/1902
f 1855/2316/1939 1854/2315/1938 1818/2279/1902
f 1855/2316/1939 1818/2279/1902 1817/2278/1901
f 1856/2317/1940 1858/2319/1942 1859/2320/1943
f 1856/2317/1940 1859/2320/1943 1857/2318/1941
f 1858/2319/1942 1860/2321/1944 1861/2322/1945
f 1858/2319/1942 1861/2322/1945 1859/2320/1943
f 1859/2320/1943 1861/2322/1945 1826/2287/1910
f 1859/2320/1943 1826/2287/1910 1824/2285/1908
f 1857/2318/1941 1859/2320/1943 1824/2285/1908
f 1857/2318/1941 1824/2285/1908 1821/2282/1905
f 1860/2321/1944 1862/2323/1946 1863/2324/1947
f 1860/2321/1944 1863/2324/1947 1861/2322/1945
f 1862/2323/1946 1864/2325/1948 1865/2326/1949
f 1862/2323/1946 1865/2326/1949 1863/2324/1947
f 1863/2324/1947 1865/2326/1949 1830/2291/1914
f 1863/2324/1947 1830/2291/1914 1828/2289/1912
f 1861/2322/1945 1863/2324/1947 1828/2289/1912
f 1861/2322/1945 1828/2289/1912 1826/2287/1910
f 1864/2325/1948 1866/2327/1950 1867/2328/1951
f 1864/2325/1948 1867/2328/1951 1865/2326/1949
f 1866/2327/1950 1868/2329/1952 1869/2330/1953
f 1866/2327/1950 1869/2330/1953 1867/2328/1951
f 1867/2328/1951 1869/2330/1953 1834/2295/1918
f 1867/2328/1951 1834/2295/1918 1832/2293/1916
f 1865/2326/1949 1867/2328/1951 1832/2293/1916
f 1865/2326/1949 1832/2293/1916 1830/2291/1914
f 1868/2329/1952 1870/2331/1954 1871/2332/1955
f 1868/2329/1952 1871/2332/1955 1869/2330/1953
f 1870/2331/1954 1872/2333/1956 1873/2334/1957
f 1870/2331/1954 1873/2334/1957 1871/2332/1955
f 1871/2332/1955 1873/2334/1957 1838/2299/1922
f 1871/2332/1955 1838/2299/1922 1836/2297/1920
f 1869/2330/1953 1871/2332/1955 1836/2297/1920
f 1869/2330/1953 1836/2297/1920 1834/2295/1918
f 1872/2333/1956 1874/2335/1958 1875/2336/1959
f 1872/2333/1956 1875/2336/1959 1873/2334/1957
f 1874/2335/1958 1876/2337/1960 1877/2338/1961
f 1874/2335/1958 1877/2338/1961 1875/2336/1959
f 1875/2336/1959 1877/2338/1961 1842/2303/1926
f 1875/2336/1959 1842/2303/1926 1840/2301/1924
f 1873/2334/1957 1875/2336/1959 1840/2301/1924
f 1873/2334/1957 1840/2301/1924 1838/2299/1922
f 1876/2337/1960 1878/2339/1962 1879/2340/1963
f 1876/2337/1960 1879/2340/1963 1877/2338/1961
f 1878/2339/1962 1880/2341/1964 1881/2342/1965
f 1878/2339/1962 1881/2342/1965 1879/2340/1963
f 1879/2340/1963 1881/2342/1965 1846/2307/1930
f 1879/2340/1963 1846/2307/1930 1844/2305/1928
f 1877/2338/1961 1879/2340/1963 1844/2305/1928
f 1877/2338/1961 1844/2305/1928 1842/2303/1926
f 1880/2341/1964 1882/2343/1966 1883/2344/1967
f 1880/2341/1964 1883/2344/1967 1881/2342/1965
f 1882/2343/1966 1884/2345/1936 1885/2346/1968
f 1882/2343/1966 1885/2346/1968 1883/2344/1967
f 1883/2344/1967 1885/2346/1968 1850/2311/1934
f 1883/2344/1967 1850/2311/1934 1848/2309/1932
f 1881/2342/1965 1883/2344/1967 1848/2309/1932
f 1881/2342/1965 1848/2309/1932 1846/2307/1930
s 123
f 1886/2347/1969 1887/2348/1970 1888/2349/1971
f 1886/2347/1969 1888/2349/1971 1889/2350/1972
f 1887/2348/1970 1890/2351/1973 1891/2352/1974
f 1887/2348/1970 1891/2352/1974 1888/2349/1971
f 1888/2349/1971 1891/2352/1974 1892/2353/1975
f 1888/2349/1971 1892/2353/1975 1893/2354/1976
f 1889/2350/1972 1888/2349/1971 1893/2354/1976
f 1889/2350/1972 1893/2354/1976 1894/2355/1977
f 1890/2351/1973 1887/2348/1970 1895/2356/1978
f 1890/2351/1973 1895/2356/1978 1896/2357/1979
f 1887/2348/1970 1886/2347/1969 1897/2358/1980
f 1887/2348/1970 1897/2358/1980 1895/2356/1978
f 1895/2356/1978 1897/2358/1980 1898/2359/1981
f 1895/2356/1978 1898/2359/1981 1899/2360/1982
f 1896/2357/1979 1895/2356/1978 1899/2360/1982
f 1896/2357/1979 1899/2360/1982 1900/2361/1983
f 1900/2361/1983 1899/2360/1982 1901/2362/1984
f 1900/2361/1983 1901/2362/1984 1902/2363/1985
f 1899/2360/1982 1898/2359/1981 1903/2364/1986
f 1899/2360/1982 1903/2364/1986 1901/2362/1984
f 1901/2362/1984 1903/2364/1986 1904/2365/1987
f 1901/2362/1984 1904/2365/1987 1905/2366/1988
f 1902/2363/1985 1901/2362/1984 1905/2366/1988
f 1902/2363/1985 1905/2366/1988 1906/2367/1989
f 1906/2367/1989 1905/2366/1988 1907/2368/1990
f 1906/2367/1989 1907/2368/1990 1908/2369/1991
f 1905/2366/1988 1904/2365/1987 1909/2370/1992
f 1905/2366/1988 1909/2370/1992 1907/2368/1990
f 1907/2368/1990 1909/2370/1992 1910/2371/1993
f 1907/2368/1990 1910/2371/1993 1911/2372/1994
f 1908/2369/1991 1907/2368/1990 1911/2372/1994
f 1908/2369/1991 1911/2372/1994 1912/2373/1995
f 1912/2373/1995 1911/2372/1994 1913/2374/1996
f 1912/2373/1995 1913/2374/1996 1914/2375/1997
f 1911/2372/1994 1910/2371/1993 1915/2376/1998
f 1911/2372/1994 1915/2376/1998 1913/2374/1996
f 1913/2374/1996 1915/2376/1998 1916/2377/1999
f 1913/2374/1996 1916/2377/1999 1917/2378/2000
f 1914/2375/1997 1913/2374/1996 1917/2378/2000
f 1914/2375/1997 1917/2378/2000 1918/2379/2001
f 1918/2379/2001 1917/2378/2000 1919/2380/2002
f 1918/2379/2001 1919/2380/2002 1920/2381/2003
f 1917/2378/2000 1916/2377/1999 1921/2382/2004
f 1917/2378/2000 1921/2382/2004 1919/2380/2002
f 1919/2380/2002 1921/2382/2004 1922/2383/2005
f 1919/2380/2002 1922/2383/2005 1923/2384/2006
f 1920/2381/2003 1919/2380/2002 1923/2384/2006
f 1920/2381/2003 1923/2384/2006 1924/2385/2007
f 1924/2385/2007 1923/2384/2006 1925/2386/2008
f 1924/2385/2007 1925/2386/2008 1926/2387/2009
f 1923/2384/2006 1922/2383/2005 1927/2388/2010
f 1923/2384/2006 1927/2388/2010 1925/2386/2008
f 1925/2386/2008 1927/2388/2010 1928/2389/2011
f 1925/2386/2008 1928/2389/2011 1929/2390/2012
f 1926/2387/2009 1925/2386/2008 1929/2390/2012
f 1926/2387/2009 1929/2390/2012 1930/2391/2013
f 1930/2391/2013 1929/2390/2012 1931/2392/2014
f 1930/2391/2013 1931/2392/2014 1932/2393/2015
f 1929/2390/2012 1928/2389/2011 1933/2394/2016
f 1929/2390/2012 1933/2394/2016 1931/2392/2014
f 1931/2392/2014 1933/2394/2016 1894/2355/1977
f 1931/2392/2014 1894/2355/1977 1893/2354/1976
f 1932/2393/2015 1931/2392/2014 1893/2354/1976
f 1932/2393/2015 1893/2354/1976 1892/2353/1975
f 1886/2347/1969 1889/2350/1972 1934/2395/2017
f 1886/2347/1969 1934/2395/2017 1897/2358/1980
f 1894/2355/1977 1933/2394/2016 1934/2395/2017
f 1894/2355/1977 1934/2395/2017 1889/2350/1972
f 1928/2389/2011 1927/2388/2010 1934/2395/2017
f 1928/2389/2011 1934/2395/2017 1933/2394/2016
f 1922/2383/2005 1921/2382/2004 1934/2395/2017
f 1922/2383/2005 1934/2395/2017 1927/2388/2010
f 1916/2377/1999 1915/2376/1998 1934/2395/2017
f 1916/2377/1999 1934/2395/2017 1921/2382/2004
f 1910/2371/1993 1909/2370/1992 1934/2395/2017
f 1910/2371/1993 1934/2395/2017 1915/2376/1998
f 1904/2365/1987 1903/2364/1986 1934/2395/2017
f 1904/2365/1987 1934/2395/2017 1909/2370/1992
f 1898/2359/1981 1897/2358/1980 1934/2395/2017
f 1898/2359/1981 1934/2395/2017 1903/2364/1986
s 122
f 1935/2396/1973 1936/2397/1979 1937/2398/2018
f 1935/2396/1973 1937/2398/2018 1938/2399/2019
f 1936/2397/1979 1939/2400/1983 1940/2401/2020
f 1936/2397/1979 1940/2401/2020 1937/2398/2018
f 1937/2398/2018 1940/2401/2020 1856/2317/1940
f 1937/2398/2018 1856/2317/1940 1853/2314/1937
f 1938/2399/2019 1937/2398/2018 1853/2314/1937
f 1938/2399/2019 1853/2314/1937 1852/2313/1936
f 1939/2400/1983 1941/2402/1985 1942/2403/2021
f 1939/2400/1983 1942/2403/2021 1940/2401/2020
f 1941/2402/1985 1943/2404/1989 1944/2405/2022
f 1941/2402/1985 1944/2405/2022 1942/2403/2021
f 1942/2403/2021 1944/2405/2022 1860/2321/1944
f 1942/2403/2021 1860/2321/1944 1858/2319/1942
f 1940/2401/2020 1942/2403/2021 1858/2319/1942
f 1940/2401/2020 1858/2319/1942 1856/2317/1940
f 1943/2404/1989 1945/2406/2023 1946/2407/2024
f 1943/2404/1989 1946/2407/2024 1944/2405/2022
f 1945/2406/2023 1947/2408/2025 1948/2409/2026
f 1945/2406/2023 1948/2409/2026 1946/2407/2024
f 1946/2407/2024 1948/2409/2026 1864/2325/1948
f 1946/2407/2024 1864/2325/1948 1862/2323/1946
f 1944/2405/2022 1946/2407/2024 1862/2323/1946
f 1944/2405/2022 1862/2323/1946 1860/2321/1944
f 1947/2408/2025 1949/2410/2027 1950/2411/2028
f 1947/2408/2025 1950/2411/2028 1948/2409/2026
f 1949/2410/2027 1951/2412/2029 1952/2413/2030
f 1949/2410/2027 1952/2413/2030 1950/2411/2028
f 1950/2411/2028 1952/2413/2030 1868/2329/1952
f 1950/2411/2028 1868/2329/1952 1866/2327/1950
f 1948/2409/2026 1950/2411/2028 1866/2327/1950
f 1948/2409/2026 1866/2327/1950 1864/2325/1948
f 1951/2412/2029 1953/2414/2003 1954/2415/2031
f 1951/2412/2029 1954/2415/2031 1952/2413/2030
f 1953/2414/2003 1955/2416/2007 1956/2417/2032
f 1953/2414/2003 1956/2417/2032 1954/2415/2031
f 1954/2415/2031 1956/2417/2032 1872/2333/1956
f 1954/2415/2031 1872/2333/1956 1870/2331/1954
f 1952/2413/2030 1954/2415/2031 1870/2331/1954
f 1952/2413/2030 1870/2331/1954 1868/2329/1952
f 1955/2416/2007 1957/2418/2033 1958/2419/2034
f 1955/2416/2007 1958/2419/2034 1956/2417/2032
f 1957/2418/2033 1959/2420/2013 1960/2421/2035
f 1957/2418/2033 1960/2421/2035 1958/2419/2034
f 1958/2419/2034 1960/2421/2035 1876/2337/1960
f 1958/2419/2034 1876/2337/1960 1874/2335/1958
f 1956/2417/2032 1958/2419/2034 1874/2335/1958
f 1956/2417/2032 1874/2335/1958 1872/2333/1956
f 1959/2420/2013 1961/2422/2036 1962/2423/2037
f 1959/2420/2013 1962/2423/2037 1960/2421/2035
f 1961/2422/2036 1963/2424/1975 1964/2425/2038
f 1961/2422/2036 1964/2425/2038 1962/2423/2037
f 1962/2423/2037 1964/2425/2038 1880/2341/1964
f 1962/2423/2037 1880/2341/1964 1878/2339/1962
f 1960/2421/2035 1962/2423/2037 1878/2339/1962
f 1960/2421/2035 1878/2339/1962 1876/2337/1960
f 1963/2424/1975 1965/2426/2039 1966/2427/2040
f 1963/2424/1975 1966/2427/2040 1964/2425/2038
f 1965/2426/2039 1967/2428/1973 1968/2429/2019
f 1965/2426/2039 1968/2429/2019 1966/2427/2040
f 1966/2427/2040 1968/2429/2019 1884/2345/1936
f 1966/2427/2040 1884/2345/1936 1882/2343/1966
f 1964/2425/2038 1966/2427/2040 1882/2343/1966
f 1964/2425/2038 1882/2343/1966 1880/2341/1964
s 124
f 3003/2430/2041 3004/2431/2042 3005/2432/2043
f 3003/2430/2041 3005/2432/2043 3006/2433/2044
f 3007/2434/2045 3008/2435/2046 3005/2432/2043
f 3007/2434/2045 3005/2432/2043 3004/2431/2042
f 3009/2436/2047 3006/2433/2044 3005/2432/2043
f 3009/2436/2047 3005/2432/2043 3008/2435/2046
f 3007/2434/2045 3010/2437/2048 3011/2438/2049
f 3007/2434/2045 3011/2438/2049 3008/2435/2046
f 3012/2439/2050 3013/2440/2051 3011/2438/2049
f 3012/2439/2050 3011/2438/2049 3010/2437/2048
f 3009/2436/2047 3008/2435/2046 3011/2438/2049
f 3009/2436/2047 3011/2438/2049 3013/2440/2051
f 3012/2439/2050 3014/2441/2052 3015/2442/2053
f 3012/2439/2050 3015/2442/2053 3013/2440/2051
f 3016/2443/2054 3017/2444/2055 3015/2442/2053
f 3016/2443/2054 3015/2442/2053 3014/2441/2052
f 3009/2436/2047 3013/2440/2051 3015/2442/2053
f 3009/2436/2047 3015/2442/2053 3017/2444/2055
f 3016/2443/2054 3018/2445/2056 3019/2446/2057
f 3016/2443/2054 3019/2446/2057 3017/2444/2055
f 3020/2447/2058 3021/2448/2059 3019/2446/2057
f 3020/2447/2058 3019/2446/2057 3018/2445/2056
f 3009/2436/2047 3017/2444/2055 3019/2446/2057
f 3009/2436/2047 3019/2446/2057 3021/2448/2059
f 3020/2447/2058 3022/2449/2060 3023/2450/2061
f 3020/2447/2058 3023/2450/2061 3021/2448/2059
f 3024/2451/2062 3025/2452/2063 3023/2450/2061
f 3024/2451/2062 3023/2450/2061 3022/2449/2060
f 3009/2436/2047 3021/2448/2059 3023/2450/2061
f 3009/2436/2047 3023/2450/2061 3025/2452/2063
f 3024/2451/2062 3026/2453/2064 3027/2454/2065
f 3024/2451/2062 3027/2454/2065 3025/2452/2063
f 3028/2455/2066 3029/2456/2067 3027/2454/2065
f 3028/2455/2066 3027/2454/2065 3026/2453/2064
f 3009/2436/2047 3025/2452/2063 3027/2454/2065
f 3009/2436/2047 3027/2454/2065 3029/2456/2067
f 3028/2455/2066 3030/2457/2068 3031/2458/2069
f 3028/2455/2066 3031/2458/2069 3029/2456/2067
f 3032/2459/2070 3033/2460/2071 3031/2458/2069
f 3032/2459/2070 3031/2458/2069 3030/2457/2068
f 3009/2436/2047 3029/2456/2067 3031/2458/2069
f 3009/2436/2047 3031/2458/2069 3033/2460/2071
f 3032/2459/2070 3034/2461/2072 3035/2462/2073
f 3032/2459/2070 3035/2462/2073 3033/2460/2071
f 3036/2463/2074 3037/2464/2075 3035/2462/2073
f 3036/2463/2074 3035/2462/2073 3034/2461/2072
f 3009/2436/2047 3033/2460/2071 3035/2462/2073
f 3009/2436/2047 3035/2462/2073 3037/2464/2075
s 125
f 3038/2465/2076 3039/2466/2077 3040/2467/2078
f 3038/2465/2076 3040/2467/2078 3041/2468/2079
f 3039/2466/2077 3042/2469/2080 3043/2470/2081
f 3039/2466/2077 3043/2470/2081 3040/2467/2078
f 3040/2467/2078 3043/2470/2081 3044/2471/2082
f 3040/2467/2078 3044/2471/2082 3045/2472/2083
f 3041/2468/2079 3040/2467/2078 3045/2472/2083
f 3041/2468/2079 3045/2472/2083 3046/2473/2084
f 3042/2469/2080 3039/2466/2077 3047/2474/2085
f 3042/2469/2080 3047/2474/2085 3048/2475/2086
f 3039/2466/2077 3038/2465/2076 3049/2476/2087
f 3039/2466/2077 3049/2476/2087 3047/2474/2085
f 3047/2474/2085 3049/2476/2087 3050/2477/2088
f 3047/2474/2085 3050/2477/2088 3051/2478/2089
f 3048/2475/2086 3047/2474/2085 3051/2478/2089
f 3048/2475/2086 3051/2478/2089 3052/2479/2090
f 3052/2479/2090 3051/2478/2089 3053/2480/2091
f 3052/2479/2090 3053/2480/2091 3054/2481/2092
f 3051/2478/2089 3050/2477/2088 3055/2482/2093
f 3051/2478/2089 3055/2482/2093 3053/2480/2091
f 3053/2480/2091 3055/2482/2093 3056/2483/2094
f 3053/2480/2091 3056/2483/2094 3057/2484/2095
f 3054/2481/2092 3053/2480/2091 3057/2484/2095
f 3054/2481/2092 3057/2484/2095 3058/2485/2096
f 3058/2485/2096 3057/2484/2095 3059/2486/2097
f 3058/2485/2096 3059/2486/2097 3060/2487/2098
f 3057/2484/2095 3056/2483/2094 3061/2488/2099
f 3057/2484/2095 3061/2488/2099 3059/2486/2097
f 3059/2486/2097 3061/2488/2099 3062/2489/2100
f 3059/2486/2097 3062/2489/2100 3063/2490/2101
f 3060/2487/2098 3059/2486/2097 3063/2490/2101
f 3060/2487/2098 3063/2490/2101 3064/2491/2102
f 3064/2491/2102 3063/2490/2101 3065/2492/2103
f 3064/2491/2102 3065/2492/2103 3066/2493/2104
f 3063/2490/2101 3062/2489/2100 3067/2494/2105
f 3063/2490/2101 3067/2494/2105 3065/2492/2103
f 3065/2492/2103 3067/2494/2105 3068/2495/2106
f 3065/2492/2103 3068/2495/2106 3069/2496/2107
f 3066/2493/2104 3065/2492/2103 3069/2496/2107
f 3066/2493/2104 3069/2496/2107 3070/2497/2108
f 3070/2497/2108 3069/2496/2107 3071/2498/2109
f 3070/2497/2108 3071/2498/2109 3072/2499/2110
f 3069/2496/2107 3068/2495/2106 3073/2500/2111
f 3069/2496/2107 3073/2500/2111 3071/2498/2109
f 3071/2498/2109 3073/2500/2111 3074/2501/2112
f 3071/2498/2109 3074/2501/2112 3075/2502/2113
f 3072/2499/2110 3071/2498/2109 3075/2502/2113
f 3072/2499/2110 3075/2502/2113 3076/2503/2114
f 3076/2503/2114 3075/2502/2113 3077/2504/2115
f 3076/2503/2114 3077/2504/2115 3078/2505/2116
f 3075/2502/2113 3074/2501/2112 3079/2506/2117
f 3075/2502/2113 3079/2506/2117 3077/2504/2115
f 3077/2504/2115 3079/2506/2117 3080/2507/2118
f 3077/2504/2115 3080/2507/2118 3081/2508/2119
f 3078/2505/2116 3077/2504/2115 3081/2508/2119
f 3078/2505/2116 3081/2508/2119 3082/2509/2120
f 3082/2509/2120 3081/2508/2119 3083/2510/2121
f 3082/2509/2120 3083/2510/2121 3084/2511/2122
f 3081/2508/2119 3080/2507/2118 3085/2512/2123
f 3081/2508/2119 3085/2512/2123 3083/2510/2121
f 3083/2510/2121 3085/2512/2123 3046/2473/2084
f 3083/2510/2121 3046/2473/2084 3045/2472/2083
f 3084/2511/2122 3083/2510/2121 3045/2472/2083
f 3084/2511/2122 3045/2472/2083 3044/2471/2082
f 3038/2465/2076 3041/2468/2079 3086/2513/2124
f 3038/2465/2076 3086/2513/2124 3049/2476/2087
f 3046/2473/2084 3085/2512/2123 3086/2513/2124
f 3046/2473/2084 3086/2513/2124 3041/2468/2079
f 3080/2507/2118 3079/2506/2117 3086/2513/2124
f 3080/2507/2118 3086/2513/2124 3085/2512/2123
f 3074/2501/2112 3073/2500/2111 3086/2513/2124
f 3074/2501/2112 3086/2513/2124 3079/2506/2117
f 3068/2495/2106 3067/2494/2105 3086/2513/2124
f 3068/2495/2106 3086/2513/2124 3073/2500/2111
f 3062/2489/2100 3061/2488/2099 3086/2513/2124
f 3062/2489/2100 3086/2513/2124 3067/2494/2105
f 3056/2483/2094 3055/2482/2093 3086/2513/2124
f 3056/2483/2094 3086/2513/2124 3061/2488/2099
f 3050/2477/2088 3049/2476/2087 3086/2513/2124
f 3050/2477/2088 3086/2513/2124 3055/2482/2093
s 124
f 3087/2514/2080 3088/2515/2125 3089/2516/2126
f 3087/2514/2080 3089/2516/2126 3090/2517/2127
f 3088/2515/2125 3091/2518/2128 3092/2519/2129
f 3088/2515/2125 3092/2519/2129 3089/2516/2126
f 3089/2516/2126 3092/2519/2129 3007/2434/2045
f 3089/2516/2126 3007/2434/2045 3004/2431/2042
f 3090/2517/2127 3089/2516/2126 3004/2431/2042
f 3090/2517/2127 3004/2431/2042 3003/2430/2041
f 3091/2518/2128 3093/2520/2092 3094/2521/2130
f 3091/2518/2128 3094/2521/2130 3092/2519/2129
f 3093/2520/2092 3095/2522/2096 3096/2523/2131
f 3093/2520/2092 3096/2523/2131 3094/2521/2130
f 3094/2521/2130 3096/2523/2131 3012/2439/2050
f 3094/2521/2130 3012/2439/2050 3010/2437/2048
f 3092/2519/2129 3094/2521/2130 3010/2437/2048
f 3092/2519/2129 3010/2437/2048 3007/2434/2045
f 3095/2522/2096 3097/2524/2132 3098/2525/2133
f 3095/2522/2096 3098/2525/2133 3096/2523/2131
f 3097/2524/2132 3099/2526/2102 3100/2527/2134
f 3097/2524/2132 3100/2527/2134 3098/2525/2133
f 3098/2525/2133 3100/2527/2134 3016/2443/2054
f 3098/2525/2133 3016/2443/2054 3014/2441/2052
f 3096/2523/2131 3098/2525/2133 3014/2441/2052
f 3096/2523/2131 3014/2441/2052 3012/2439/2050
f 3099/2526/2102 3101/2528/2135 3102/2529/2136
f 3099/2526/2102 3102/2529/2136 3100/2527/2134
f 3101/2528/2135 3103/2530/2137 3104/2531/2138
f 3101/2528/2135 3104/2531/2138 3102/2529/2136
f 3102/2529/2136 3104/2531/2138 3020/2447/2058
f 3102/2529/2136 3020/2447/2058 3018/2445/2056
f 3100/2527/2134 3102/2529/2136 3018/2445/2056
f 3100/2527/2134 3018/2445/2056 3016/2443/2054
f 3103/2530/2137 3105/2532/2110 3106/2533/2139
f 3103/2530/2137 3106/2533/2139 3104/2531/2138
f 3105/2532/2110 3107/2534/2114 3108/2535/2140
f 3105/2532/2110 3108/2535/2140 3106/2533/2139
f 3106/2533/2139 3108/2535/2140 3024/2451/2062
f 3106/2533/2139 3024/2451/2062 3022/2449/2060
f 3104/2531/2138 3106/2533/2139 3022/2449/2060
f 3104/2531/2138 3022/2449/2060 3020/2447/2058
f 3107/2534/2114 3109/2536/2141 3110/2537/2142
f 3107/2534/2114 3110/2537/2142 3108/2535/2140
f 3109/2536/2141 3111/2538/2143 3112/2539/2144
f 3109/2536/2141 3112/2539/2144 3110/2537/2142
f 3110/2537/2142 3112/2539/2144 3028/2455/2066
f 3110/2537/2142 3028/2455/2066 3026/2453/2064
f 3108/2535/2140 3110/2537/2142 3026/2453/2064
f 3108/2535/2140 3026/2453/2064 3024/2451/2062
f 3111/2538/2143 3113/2540/2145 3114/2541/2146
f 3111/2538/2143 3114/2541/2146 3112/2539/2144
f 3113/2540/2145 3115/2542/2147 3116/2543/2148
f 3113/2540/2145 3116/2543/2148 3114/2541/2146
f 3114/2541/2146 3116/2543/2148 3032/2459/2070
f 3114/2541/2146 3032/2459/2070 3030/2457/2068
f 3112/2539/2144 3114/2541/2146 3030/2457/2068
f 3112/2539/2144 3030/2457/2068 3028/2455/2066
f 3115/2542/2147 3117/2544/2149 3118/2545/2150
f 3115/2542/2147 3118/2545/2150 3116/2543/2148
f 3117/2544/2149 3119/2546/2080 3120/2547/2151
f 3117/2544/2149 3120/2547/2151 3118/2545/2150
f 3118/2545/2150 3120/2547/2151 3036/2463/2074
f 3118/2545/2150 3036/2463/2074 3034/2461/2072
f 3116/2543/2148 3118/2545/2150 3034/2461/2072
f 3116/2543/2148 3034/2461/2072 3032/2459/2070
s 126
f 3121/2548/2152 3122/2549/2153 3123/2550/2154
f 3121/2548/2152 3123/2550/2154 3124/2551/2155
f 3125/2552/2156 3126/2553/2157 3123/2550/2154
f 3125/2552/2156 3123/2550/2154 3122/2549/2153
f 3127/2554/2158 3124/2551/2155 3123/2550/2154
f 3127/2554/2158 3123/2550/2154 3126/2553/2157
f 3125/2552/2156 3128/2555/2159 3129/2556/2160
f 3125/2552/2156 3129/2556/2160 3126/2553/2157
f 3130/2557/2161 3131/2558/2162 3129/2556/2160
f 3130/2557/2161 3129/2556/2160 3128/2555/2159
f 3127/2554/2158 3126/2553/2157 3129/2556/2160
f 3127/2554/2158 3129/2556/2160 3131/2558/2162
f 3130/2557/2161 3132/2559/2163 3133/2560/2164
f 3130/2557/2161 3133/2560/2164 3131/2558/2162
f 3134/2561/2165 3135/2562/2166 3133/2560/2164
f 3134/2561/2165 3133/2560/2164 3132/2559/2163
f 3127/2554/2158 3131/2558/2162 3133/2560/2164
f 3127/2554/2158 3133/2560/2164 3135/2562/2166
f 3134/2561/2165 3136/2563/2167 3137/2564/2168
f 3134/2561/2165 3137/2564/2168 3135/2562/2166
f 3138/2565/2169 3139/2566/2170 3137/2564/2168
f 3138/2565/2169 3137/2564/2168 3136/2563/2167
f 3127/2554/2158 3135/2562/2166 3137/2564/2168
f 3127/2554/2158 3137/2564/2168 3139/2566/2170
f 3138/2565/2169 3140/2567/2171 3141/2568/2172
f 3138/2565/2169 3141/2568/2172 3139/2566/2170
f 3142/2569/2173 3143/2570/2174 3141/2568/2172
f 3142/2569/2173 3141/2568/2172 3140/2567/2171
f 3127/2554/2158 3139/2566/2170 3141/2568/2172
f 3127/2554/2158 3141/2568/2172 3143/2570/2174
f 3142/2569/2173 3144/2571/2175 3145/2572/2176
f 3142/2569/2173 3145/2572/2176 3143/2570/2174
f 3146/2573/2177 3147/2574/2178 3145/2572/2176
f 3146/2573/2177 3145/2572/2176 3144/2571/2175
f 3127/2554/2158 3143/2570/2174 3145/2572/2176
f 3127/2554/2158 3145/2572/2176 3147/2574/2178
f 3146/2573/2177 3148/2575/2179 3149/2576/2180
f 3146/2573/2177 3149/2576/2180 3147/2574/2178
f 3150/2577/2181 3151/2578/2182 3149/2576/2180
f 3150/2577/2181 3149/2576/2180 3148/2575/2179
f 3127/2554/2158 3147/2574/2178 3149/2576/2180
f 3127/2554/2158 3149/2576/2180 3151/2578/2182
f 3150/2577/2181 3152/2579/2183 3153/2580/2184
f 3150/2577/2181 3153/2580/2184 3151/2578/2182
f 3154/2581/2185 3155/2582/2155 3153/2580/2184
f 3154/2581/2185 3153/2580/2184 3152/2579/2183
f 3127/2554/2158 3151/2578/2182 3153/2580/2184
f 3127/2554/2158 3153/2580/2184 3155/2582/2155
f 3156/2583/2186 3157/2584/2187 3158/2585/2188
f 3156/2583/2186 3158/2585/2188 3159/2586/2189
f 3157/2584/2187 3160/2587/2190 3161/2588/2191
f 3157/2584/2187 3161/2588/2191 3158/2585/2188
f 3158/2585/2188 3161/2588/2191 3125/2552/2156
f 3158/2585/2188 3125/2552/2156 3122/2549/2153
f 3159/2586/2189 3158/2585/2188 3122/2549/2153
f 3159/2586/2189 3122/2549/2153 3121/2548/2152
f 3160/2587/2190 3162/2589/2192 3163/2590/2193
f 3160/2587/2190 3163/2590/2193 3161/2588/2191
f 3162/2589/2192 3164/2591/2194 3165/2592/2195
f 3162/2589/2192 3165/2592/2195 3163/2590/2193
f 3163/2590/2193 3165/2592/2195 3130/2557/2161
f 3163/2590/2193 3130/2557/2161 3128/2555/2159
f 3161/2588/2191 3163/2590/2193 3128/2555/2159
f 3161/2588/2191 3128/2555/2159 3125/2552/2156
f 3164/2591/2194 3166/2593/2196 3167/2594/2197
f 3164/2591/2194 3167/2594/2197 3165/2592/2195
f 3166/2593/2196 3168/2595/2198 3169/2596/2199
f 3166/2593/2196 3169/2596/2199 3167/2594/2197
f 3167/2594/2197 3169/2596/2199 3134/2561/2165
f 3167/2594/2197 3134/2561/2165 3132/2559/2163
f 3165/2592/2195 3167/2594/2197 3132/2559/2163
f 3165/2592/2195 3132/2559/2163 3130/2557/2161
f 3168/2595/2198 3170/2597/2200 3171/2598/2201
f 3168/2595/2198 3171/2598/2201 3169/2596/2199
f 3170/2597/2200 3172/2599/2202 3173/2600/2203
f 3170/2597/2200 3173/2600/2203 3171/2598/2201
f 3171/2598/2201 3173/2600/2203 3138/2565/2169
f 3171/2598/2201 3138/2565/2169 3136/2563/2167
f 3169/2596/2199 3171/2598/2201 3136/2563/2167
f 3169/2596/2199 3136/2563/2167 3134/2561/2165
f 3172/2599/2202 3174/2601/2204 3175/2602/2205
f 3172/2599/2202 3175/2602/2205 3173/2600/2203
f 3174/2601/2204 3176/2603/2206 3177/2604/2207
f 3174/2601/2204 3177/2604/2207 3175/2602/2205
f 3175/2602/2205 3177/2604/2207 3142/2569/2173
f 3175/2602/2205 3142/2569/2173 3140/2567/2171
f 3173/2600/2203 3175/2602/2205 3140/2567/2171
f 3173/2600/2203 3140/2567/2171 3138/2565/2169
f 3176/2603/2206 3178/2605/2208 3179/2606/2209
f 3176/2603/2206 3179/2606/2209 3177/2604/2207
f 3178/2605/2208 3180/2607/2210 3181/2608/2211
f 3178/2605/2208 3181/2608/2211 3179/2606/2209
f 3179/2606/2209 3181/2608/2211 3146/2573/2177
f 3179/2606/2209 3146/2573/2177 3144/2571/2175
f 3177/2604/2207 3179/2606/2209 3144/2571/2175
f 3177/2604/2207 3144/2571/2175 3142/2569/2173
f 3180/2607/2210 3182/2609/2212 3183/2610/2213
f 3180/2607/2210 3183/2610/2213 3181/2608/2211
f 3182/2609/2212 3184/2611/2214 3185/2612/2215
f 3182/2609/2212 3185/2612/2215 3183/2610/2213
f 3183/2610/2213 3185/2612/2215 3150/2577/2181
f 3183/2610/2213 3150/2577/2181 3148/2575/2179
f 3181/2608/2211 3183/2610/2213 3148/2575/2179
f 3181/2608/2211 3148/2575/2179 3146/2573/2177
f 3184/2611/2214 3186/2613/2216 3187/2614/2217
f 3184/2611/2214 3187/2614/2217 3185/2612/2215
f 3186/2613/2216 3188/2615/2186 3189/2616/2218
f 3186/2613/2216 3189/2616/2218 3187/2614/2217
f 3187/2614/2217 3189/2616/2218 3154/2581/2185
f 3187/2614/2217 3154/2581/2185 3152/2579/2183
f 3185/2612/2215 3187/2614/2217 3152/2579/2183
f 3185/2612/2215 3152/2579/2183 3150/2577/2181
s 127
f 3190/2617/2219 3191/2618/2220 3192/2619/2221
f 3190/2617/2219 3192/2619/2221 3193/2620/2222
f 3191/2618/2220 3194/2621/2223 3195/2622/2224
f 3191/2618/2220 3195/2622/2224 3192/2619/2221
f 3192/2619/2221 3195/2622/2224 3196/2623/2225
f 3192/2619/2221 3196/2623/2225 3197/2624/2226
f 3193/2620/2222 3192/2619/2221 3197/2624/2226
f 3193/2620/2222 3197/2624/2226 3198/2625/2227
f 3194/2621/2223 3191/2618/2220 3199/2626/2228
f 3194/2621/2223 3199/2626/2228 3200/2627/2229
f 3191/2618/2220 3190/2617/2219 3201/2628/2230
f 3191/2618/2220 3201/2628/2230 3199/2626/2228
f 3199/2626/2228 3201/2628/2230 3202/2629/2231
f 3199/2626/2228 3202/2629/2231 3203/2630/2232
f 3200/2627/2229 3199/2626/2228 3203/2630/2232
f 3200/2627/2229 3203/2630/2232 3204/2631/2233
f 3204/2631/2233 3203/2630/2232 3205/2632/2234
f 3204/2631/2233 3205/2632/2234 3206/2633/2235
f 3203/2630/2232 3202/2629/2231 3207/2634/2236
f 3203/2630/2232 3207/2634/2236 3205/2632/2234
f 3205/2632/2234 3207/2634/2236 3208/2635/2237
f 3205/2632/2234 3208/2635/2237 3209/2636/2238
f 3206/2633/2235 3205/2632/2234 3209/2636/2238
f 3206/2633/2235 3209/2636/2238 3210/2637/2239
f 3210/2637/2239 3209/2636/2238 3211/2638/2240
f 3210/2637/2239 3211/2638/2240 3212/2639/2241
f 3209/2636/2238 3208/2635/2237 3213/2640/2242
f 3209/2636/2238 3213/2640/2242 3211/2638/2240
f 3211/2638/2240 3213/2640/2242 3214/2641/2243
f 3211/2638/2240 3214/2641/2243 3215/2642/2244
f 3212/2639/2241 3211/2638/2240 3215/2642/2244
f 3212/2639/2241 3215/2642/2244 3216/2643/2245
f 3216/2643/2245 3215/2642/2244 3217/2644/2246
f 3216/2643/2245 3217/2644/2246 3218/2645/2247
f 3215/2642/2244 3214/2641/2243 3219/2646/2248
f 3215/2642/2244 3219/2646/2248 3217/2644/2246
f 3217/2644/2246 3219/2646/2248 3220/2647/2249
f 3217/2644/2246 3220/2647/2249 3221/2648/2250
f 3218/2645/2247 3217/2644/2246 3221/2648/2250
f 3218/2645/2247 3221/2648/2250 3222/2649/2251
f 3222/2649/2251 3221/2648/2250 3223/2650/2252
f 3222/2649/2251 3223/2650/2252 3224/2651/2253
f 3221/2648/2250 3220/2647/2249 3225/2652/2254
f 3221/2648/2250 3225/2652/2254 3223/2650/2252
f 3223/2650/2252 3225/2652/2254 3226/2653/2255
f 3223/2650/2252 3226/2653/2255 3227/2654/2256
f 3224/2651/2253 3223/2650/2252 3227/2654/2256
f 3224/2651/2253 3227/2654/2256 3228/2655/2257
f 3228/2655/2257 3227/2654/2256 3229/2656/2258
f 3228/2655/2257 3229/2656/2258 3230/2657/2259
f 3227/2654/2256 3226/2653/2255 3231/2658/2260
f 3227/2654/2256 3231/2658/2260 3229/2656/2258
f 3229/2656/2258 3231/2658/2260 3232/2659/2261
f 3229/2656/2258 3232/2659/2261 3233/2660/2262
f 3230/2657/2259 3229/2656/2258 3233/2660/2262
f 3230/2657/2259 3233/2660/2262 3234/2661/2263
f 3234/2661/2263 3233/2660/2262 3235/2662/2264
f 3234/2661/2263 3235/2662/2264 3236/2663/2265
f 3233/2660/2262 3232/2659/2261 3237/2664/2266
f 3233/2660/2262 3237/2664/2266 3235/2662/2264
f 3235/2662/2264 3237/2664/2266 3198/2625/2227
f 3235/2662/2264 3198/2625/2227 3197/2624/2226
f 3236/2663/2265 3235/2662/2264 3197/2624/2226
f 3236/2663/2265 3197/2624/2226 3196/2623/2225
f 3190/2617/2219 3193/2620/2222 3238/2665/2267
f 3190/2617/2219 3238/2665/2267 3201/2628/2230
f 3198/2625/2227 3237/2664/2266 3238/2665/2267
f 3198/2625/2227 3238/2665/2267 3193/2620/2222
f 3232/2659/2261 3231/2658/2260 3238/2665/2267
f 3232/2659/2261 3238/2665/2267 3237/2664/2266
f 3226/2653/2255 3225/2652/2254 3238/2665/2267
f 3226/2653/2255 3238/2665/2267 3231/2658/2260
f 3220/2647/2249 3219/2646/2248 3238/2665/2267
f 3220/2647/2249 3238/2665/2267 3225/2652/2254
f 3214/2641/2243 3213/2640/2242 3238/2665/2267
f 3214/2641/2243 3238/2665/2267 3219/2646/2248
f 3208/2635/2237 3207/2634/2236 3238/2665/2267
f 3208/2635/2237 3238/2665/2267 3213/2640/2242
f 3202/2629/2231 3201/2628/2230 3238/2665/2267
f 3202/2629/2231 3238/2665/2267 3207/2634/2236
s 126
f 3239/2666/2223 3240/2667/2229 3241/2668/2268
f 3239/2666/2223 3241/2668/2268 3242/2669/2269
f 3240/2667/2229 3243/2670/2233 3244/2671/2270
f 3240/2667/2229 3244/2671/2270 3241/2668/2268
f 3241/2668/2268 3244/2671/2270 3160/2587/2190
f 3241/2668/2268 3160/2587/2190 3157/2584/2187
f 3242/2669/2269 3241/2668/2268 3157/2584/2187
f 3242/2669/2269 3157/2584/2187 3156/2583/2186
f 3243/2670/2233 3245/2672/2235 3246/2673/2271
f 3243/2670/2233 3246/2673/2271 3244/2671/2270
f 3245/2672/2235 3247/2674/2272 3248/2675/2273
f 3245/2672/2235 3248/2675/2273 3246/2673/2271
f 3246/2673/2271 3248/2675/2273 3164/2591/2194
f 3246/2673/2271 3164/2591/2194 3162/2589/2192
f 3244/2671/2270 3246/2673/2271 3162/2589/2192
f 3244/2671/2270 3162/2589/2192 3160/2587/2190
f 3247/2674/2272 3249/2676/2274 3250/2677/2275
f 3247/2674/2272 3250/2677/2275 3248/2675/2273
f 3249/2676/2274 3251/2678/2276 3252/2679/2277
f 3249/2676/2274 3252/2679/2277 3250/2677/2275
f 3250/2677/2275 3252/2679/2277 3168/2595/2198
f 3250/2677/2275 3168/2595/2198 3166/2593/2196
f 3248/2675/2273 3250/2677/2275 3166/2593/2196
f 3248/2675/2273 3166/2593/2196 3164/2591/2194
f 3251/2678/2276 3253/2680/2247 3254/2681/2278
f 3251/2678/2276 3254/2681/2278 3252/2679/2277
f 3253/2680/2247 3255/2682/2279 3256/2683/2280
f 3253/2680/2247 3256/2683/2280 3254/2681/2278
f 3254/2681/2278 3256/2683/2280 3172/2599/2202
f 3254/2681/2278 3172/2599/2202 3170/2597/2200
f 3252/2679/2277 3254/2681/2278 3170/2597/2200
f 3252/2679/2277 3170/2597/2200 3168/2595/2198
f 3255/2682/2279 3257/2684/2253 3258/2685/2281
f 3255/2682/2279 3258/2685/2281 3256/2683/2280
f 3257/2684/2253 3259/2686/2282 3260/2687/2283
f 3257/2684/2253 3260/2687/2283 3258/2685/2281
f 3258/2685/2281 3260/2687/2283 3176/2603/2206
f 3258/2685/2281 3176/2603/2206 3174/2601/2204
f 3256/2683/2280 3258/2685/2281 3174/2601/2204
f 3256/2683/2280 3174/2601/2204 3172/2599/2202
f 3259/2686/2282 3261/2688/2284 3262/2689/2285
f 3259/2686/2282 3262/2689/2285 3260/2687/2283
f 3261/2688/2284 3263/2690/2286 3264/2691/2287
f 3261/2688/2284 3264/2691/2287 3262/2689/2285
f 3262/2689/2285 3264/2691/2287 3180/2607/2210
f 3262/2689/2285 3180/2607/2210 3178/2605/2208
f 3260/2687/2283 3262/2689/2285 3178/2605/2208
f 3260/2687/2283 3178/2605/2208 3176/2603/2206
f 3263/2690/2286 3265/2692/2288 3266/2693/2289
f 3263/2690/2286 3266/2693/2289 3264/2691/2287
f 3265/2692/2288 3267/2694/2225 3268/2695/2290
f 3265/2692/2288 3268/2695/2290 3266/2693/2289
f 3266/2693/2289 3268/2695/2290 3184/2611/2214
f 3266/2693/2289 3184/2611/2214 3182/2609/2212
f 3264/2691/2287 3266/2693/2289 3182/2609/2212
f 3264/2691/2287 3182/2609/2212 3180/2607/2210
f 3267/2694/2225 3269/2696/2224 3270/2697/2291
f 3267/2694/2225 3270/2697/2291 3268/2695/2290
f 3269/2696/2224 3271/2698/2292 3272/2699/2269
f 3269/2696/2224 3272/2699/2269 3270/2697/2291
f 3270/2697/2291 3272/2699/2269 3188/2615/2186
f 3270/2697/2291 3188/2615/2186 3186/2613/2216
f 3268/2695/2290 3270/2697/2291 3186/2613/2216
f 3268/2695/2290 3186/2613/2216 3184/2611/2214
s 128
f 1969/2700/2293 1970/2701/2294 1971/2702/2295
f 1969/2700/2293 1971/2702/2295 1972/2703/2296
f 1973/2704/2297 1974/2705/2298 1971/2702/2295
f 1973/2704/2297 1971/2702/2295 1970/2701/2294
f 1975/2706/2299 1976/2707/2300 1971/2702/2295
f 1975/2706/2299 1971/2702/2295 1974/2705/2298
f 1977/2708/2301 1978/2709/2302 1971/2702/2295
f 1977/2708/2301 1971/2702/2295 1976/2707/2300
f 1979/2710/2303 1980/2711/2304 1971/2702/2295
f 1979/2710/2303 1971/2702/2295 1978/2709/2302
f 1981/2712/2305 1982/2713/2306 1971/2702/2295
f 1981/2712/2305 1971/2702/2295 1980/2711/2304
f 1983/2714/2307 1984/2715/2308 1971/2702/2295
f 1983/2714/2307 1971/2702/2295 1982/2713/2306
f 1985/2716/2309 1972/2703/2296 1971/2702/2295
f 1985/2716/2309 1971/2702/2295 1984/2715/2308
s 129
f 1986/2717/2310 1987/2718/2311 1988/2719/2312
f 1986/2717/2310 1988/2719/2312 1989/2720/2313
f 1990/2721/2314 1991/2722/2315 1988/2719/2312
f 1990/2721/2314 1988/2719/2312 1987/2718/2311
f 1992/2723/2316 1989/2720/2313 1988/2719/2312
f 1992/2723/2316 1988/2719/2312 1991/2722/2315
f 1990/2721/2314 1993/2724/2317 1994/2725/2318
f 1990/2721/2314 1994/2725/2318 1991/2722/2315
f 1995/2726/2319 1996/2727/2320 1994/2725/2318
f 1995/2726/2319 1994/2725/2318 1993/2724/2317
f 1992/2723/2316 1991/2722/2315 1994/2725/2318
f 1992/2723/2316 1994/2725/2318 1996/2727/2320
f 1995/2726/2319 1997/2728/2321 1998/2729/2322
f 1995/2726/2319 1998/2729/2322 1996/2727/2320
f 1999/2730/2323 2000/2731/2324 1998/2729/2322
f 1999/2730/2323 1998/2729/2322 1997/2728/2321
f 1992/2723/2316 1996/2727/2320 1998/2729/2322
f 1992/2723/2316 1998/2729/2322 2000/2731/2324
f 1999/2730/2323 2001/2732/2325 2002/2733/2326
f 1999/2730/2323 2002/2733/2326 2000/2731/2324
f 2003/2734/2327 2004/2735/2328 2002/2733/2326
f 2003/2734/2327 2002/2733/2326 2001/2732/2325
f 1992/2723/2316 2000/2731/2324 2002/2733/2326
f 1992/2723/2316 2002/2733/2326 2004/2735/2328
f 2003/2734/2327 2005/2736/2329 2006/2737/2330
f 2003/2734/2327 2006/2737/2330 2004/2735/2328
f 2007/2738/2331 2008/2739/2332 2006/2737/2330
f 2007/2738/2331 2006/2737/2330 2005/2736/2329
f 1992/2723/2316 2004/2735/2328 2006/2737/2330
f 1992/2723/2316 2006/2737/2330 2008/2739/2332
f 2007/2738/2331 2009/2740/2333 2010/2741/2334
f 2007/2738/2331 2010/2741/2334 2008/2739/2332
f 2011/2742/2335 2012/2743/2336 2010/2741/2334
f 2011/2742/2335 2010/2741/2334 2009/2740/2333
f 1992/2723/2316 2008/2739/2332 2010/2741/2334
f 1992/2723/2316 2010/2741/2334 2012/2743/2336
f 2011/2742/2335 2013/2744/2337 2014/2745/2338
f 2011/2742/2335 2014/2745/2338 2012/2743/2336
f 2015/2746/2339 2016/2747/2340 2014/2745/2338
f 2015/2746/2339 2014/2745/2338 2013/2744/2337
f 1992/2723/2316 2012/2743/2336 2014/2745/2338
f 1992/2723/2316 2014/2745/2338 2016/2747/2340
f 2015/2746/2339 2017/2748/2341 2018/2749/2342
f 2015/2746/2339 2018/2749/2342 2016/2747/2340
f 2019/2750/2310 2020/2751/2343 2018/2749/2342
f 2019/2750/2310 2018/2749/2342 2017/2748/2341
f 1992/2723/2316 2016/2747/2340 2018/2749/2342
f 1992/2723/2316 2018/2749/2342 2020/2751/2343
f 2021/2752/2344 2022/2753/2345 2023/2754/2346
f 2021/2752/2344 2023/2754/2346 2024/2755/2347
f 2022/2753/2345 2025/2756/2309 2026/2757/2348
f 2022/2753/2345 2026/2757/2348 2023/2754/2346
f 2023/2754/2346 2026/2757/2348 2027/2758/2349
f 2023/2754/2346 2027/2758/2349 2028/2759/2350
f 2024/2755/2347 2023/2754/2346 2028/2759/2350
f 2024/2755/2347 2028/2759/2350 2029/2760/2351
f 2025/2756/2309 2030/2761/2352 2031/2762/2353
f 2025/2756/2309 2031/2762/2353 2026/2757/2348
f 2030/2761/2352 2032/2763/2354 2033/2764/2355
f 2030/2761/2352 2033/2764/2355 2031/2762/2353
f 2031/2762/2353 2033/2764/2355 2034/2765/2356
f 2031/2762/2353 2034/2765/2356 2035/2766/2357
f 2026/2757/2348 2031/2762/2353 2035/2766/2357
f 2026/2757/2348 2035/2766/2357 2027/2758/2349
f 2032/2763/2354 2036/2767/2358 2037/2768/2359
f 2032/2763/2354 2037/2768/2359 2033/2764/2355
f 2036/2767/2358 2038/2769/2360 2039/2770/2361
f 2036/2767/2358 2039/2770/2361 2037/2768/2359
f 2037/2768/2359 2039/2770/2361 2040/2771/2362
f 2037/2768/2359 2040/2771/2362 2041/2772/2363
f 2033/2764/2355 2037/2768/2359 2041/2772/2363
f 2033/2764/2355 2041/2772/2363 2034/2765/2356
f 2038/2769/2360 2042/2773/2364 2043/2774/2365
f 2038/2769/2360 2043/2774/2365 2039/2770/2361
f 2042/2773/2364 2044/2775/2366 2045/2776/2367
f 2042/2773/2364 2045/2776/2367 2043/2774/2365
f 2043/2774/2365 2045/2776/2367 2046/2777/2368
f 2043/2774/2365 2046/2777/2368 2047/2778/2369
f 2039/2770/2361 2043/2774/2365 2047/2778/2369
f 2039/2770/2361 2047/2778/2369 2040/2771/2362
f 2044/2775/2366 2048/2779/2302 2049/2780/2370
f 2044/2775/2366 2049/2780/2370 2045/2776/2367
f 2048/2779/2302 2050/2781/2371 2051/2782/2372
f 2048/2779/2302 2051/2782/2372 2049/2780/2370
f 2049/2780/2370 2051/2782/2372 2052/2783/2373
f 2049/2780/2370 2052/2783/2373 2053/2784/2374
f 2045/2776/2367 2049/2780/2370 2053/2784/2374
f 2045/2776/2367 2053/2784/2374 2046/2777/2368
f 2050/2781/2371 2054/2785/2375 2055/2786/2376
f 2050/2781/2371 2055/2786/2376 2051/2782/2372
f 2054/2785/2375 2056/2787/2299 2057/2788/2377
f 2054/2785/2375 2057/2788/2377 2055/2786/2376
f 2055/2786/2376 2057/2788/2377 2058/2789/2378
f 2055/2786/2376 2058/2789/2378 2059/2790/2379
f 2051/2782/2372 2055/2786/2376 2059/2790/2379
f 2051/2782/2372 2059/2790/2379 2052/2783/2373
f 2056/2787/2299 2060/2791/2380 2061/2792/2381
f 2056/2787/2299 2061/2792/2381 2057/2788/2377
f 2060/2791/2380 2062/2793/2297 2063/2794/2382
f 2060/2791/2380 2063/2794/2382 2061/2792/2381
f 2061/2792/2381 2063/2794/2382 2064/2795/2383
f 2061/2792/2381 2064/2795/2383 2065/2796/2384
f 2057/2788/2377 2061/2792/2381 2065/2796/2384
f 2057/2788/2377 2065/2796/2384 2058/2789/2378
f 2062/2793/2297 2066/2797/2385 2067/2798/2386
f 2062/2793/2297 2067/2798/2386 2063/2794/2382
f 2066/2797/2385 2068/2799/2293 2069/2800/2387
f 2066/2797/2385 2069/2800/2387 2067/2798/2386
f 2067/2798/2386 2069/2800/2387 2070/2801/2388
f 2067/2798/2386 2070/2801/2388 2071/2802/2389
f 2063/2794/2382 2067/2798/2386 2071/2802/2389
f 2063/2794/2382 2071/2802/2389 2064/2795/2383
f 2029/2760/2351 2028/2759/2350 2072/2803/2390
f 2029/2760/2351 2072/2803/2390 2073/2804/2391
f 2028/2759/2350 2027/2758/2349 2074/2805/2392
f 2028/2759/2350 2074/2805/2392 2072/2803/2390
f 2072/2803/2390 2074/2805/2392 2075/2806/2393
f 2072/2803/2390 2075/2806/2393 2076/2807/2394
f 2073/2804/2391 2072/2803/2390 2076/2807/2394
f 2073/2804/2391 2076/2807/2394 2077/2808/2395
f 2027/2758/2349 2035/2766/2357 2078/2809/2396
f 2027/2758/2349 2078/2809/2396 2074/2805/2392
f 2035/2766/2357 2034/2765/2356 2079/2810/2397
f 2035/2766/2357 2079/2810/2397 2078/2809/2396
f 2078/2809/2396 2079/2810/2397 2080/2811/2398
f 2078/2809/2396 2080/2811/2398 2081/2812/2399
f 2074/2805/2392 2078/2809/2396 2081/2812/2399
f 2074/2805/2392 2081/2812/2399 2075/2806/2393
f 2034/2765/2356 2041/2772/2363 2082/2813/2400
f 2034/2765/2356 2082/2813/2400 2079/2810/2397
f 2041/2772/2363 2040/2771/2362 2083/2814/2401
f 2041/2772/2363 2083/2814/2401 2082/2813/2400
f 2082/2813/2400 2083/2814/2401 2084/2815/2402
f 2082/2813/2400 2084/2815/2402 2085/2816/2403
f 2079/2810/2397 2082/2813/2400 2085/2816/2403
f 2079/2810/2397 2085/2816/2403 2080/2811/2398
f 2040/2771/2362 2047/2778/2369 2086/2817/2404
f 2040/2771/2362 2086/2817/2404 2083/2814/2401
f 2047/2778/2369 2046/2777/2368 2087/2818/2405
f 2047/2778/2369 2087/2818/2405 2086/2817/2404
f 2086/2817/2404 2087/2818/2405 2088/2819/2406
f 2086/2817/2404 2088/2819/2406 2089/2820/2407
f 2083/2814/2401 2086/2817/2404 2089/2820/2407
f 2083/2814/2401 2089/2820/2407 2084/2815/2402
f 2046/2777/2368 2053/2784/2374 2090/2821/2408
f 2046/2777/2368 2090/2821/2408 2087/2818/2405
f 2053/2784/2374 2052/2783/2373 2091/2822/2409
f 2053/2784/2374 2091/2822/2409 2090/2821/2408
f 2090/2821/2408 2091/2822/2409 2092/2823/2410
f 2090/2821/2408 2092/2823/2410 2093/2824/2411
f 2087/2818/2405 2090/2821/2408 2093/2824/2411
f 2087/2818/2405 2093/2824/2411 2088/2819/2406
f 2052/2783/2373 2059/2790/2379 2094/2825/2412
f 2052/2783/2373 2094/2825/2412 2091/2822/2409
f 2059/2790/2379 2058/2789/2378 2095/2826/2413
f 2059/2790/2379 2095/2826/2413 2094/2825/2412
f 2094/2825/2412 2095/2826/2413 2096/2827/2414
f 2094/2825/2412 2096/2827/2414 2097/2828/2415
f 2091/2822/2409 2094/2825/2412 2097/2828/2415
f 2091/2822/2409 2097/2828/2415 2092/2823/2410
f 2058/2789/2378 2065/2796/2384 2098/2829/2416
f 2058/2789/2378 2098/2829/2416 2095/2826/2413
f 2065/2796/2384 2064/2795/2383 2099/2830/2417
f 2065/2796/2384 2099/2830/2417 2098/2829/2416
f 2098/2829/2416 2099/2830/2417 2100/2831/2418
f 2098/2829/2416 2100/2831/2418 2101/2832/2419
f 2095/2826/2413 2098/2829/2416 2101/2832/2419
f 2095/2826/2413 2101/2832/2419 2096/2827/2414
f 2064/2795/2383 2071/2802/2389 2102/2833/2420
f 2064/2795/2383 2102/2833/2420 2099/2830/2417
f 2071/2802/2389 2070/2801/2388 2103/2834/2421
f 2071/2802/2389 2103/2834/2421 2102/2833/2420
f 2102/2833/2420 2103/2834/2421 2104/2835/2422
f 2102/2833/2420 2104/2835/2422 2105/2836/2423
f 2099/2830/2417 2102/2833/2420 2105/2836/2423
f 2099/2830/2417 2105/2836/2423 2100/2831/2418
f 2077/2808/2395 2076/2807/2394 2106/2837/2424
f 2077/2808/2395 2106/2837/2424 2107/2838/2425
f 2076/2807/2394 2075/2806/2393 2108/2839/2426
f 2076/2807/2394 2108/2839/2426 2106/2837/2424
f 2106/2837/2424 2108/2839/2426 1990/2721/2314
f 2106/2837/2424 1990/2721/2314 1987/2718/2311
f 2107/2838/2425 2106/2837/2424 1987/2718/2311
f 2107/2838/2425 1987/2718/2311 1986/2717/2310
f 2075/2806/2393 2081/2812/2399 2109/2840/2427
f 2075/2806/2393 2109/2840/2427 2108/2839/2426
f 2081/2812/2399 2080/2811/2398 2110/2841/2428
f 2081/2812/2399 2110/2841/2428 2109/2840/2427
f 2109/2840/2427 2110/2841/2428 1995/2726/2319
f 2109/2840/2427 1995/2726/2319 1993/2724/2317
f 2108/2839/2426 2109/2840/2427 1993/2724/2317
f 2108/2839/2426 1993/2724/2317 1990/2721/2314
f 2080/2811/2398 2085/2816/2403 2111/2842/2429
f 2080/2811/2398 2111/2842/2429 2110/2841/2428
f 2085/2816/2403 2084/2815/2402 2112/2843/2430
f 2085/2816/2403 2112/2843/2430 2111/2842/2429
f 2111/2842/2429 2112/2843/2430 1999/2730/2323
f 2111/2842/2429 1999/2730/2323 1997/2728/2321
f 2110/2841/2428 2111/2842/2429 1997/2728/2321
f 2110/2841/2428 1997/2728/2321 1995/2726/2319
f 2084/2815/2402 2089/2820/2407 2113/2844/2431
f 2084/2815/2402 2113/2844/2431 2112/2843/2430
f 2089/2820/2407 2088/2819/2406 2114/2845/2432
f 2089/2820/2407 2114/2845/2432 2113/2844/2431
f 2113/2844/2431 2114/2845/2432 2003/2734/2327
f 2113/2844/2431 2003/2734/2327 2001/2732/2325
f 2112/2843/2430 2113/2844/2431 2001/2732/2325
f 2112/2843/2430 2001/2732/2325 1999/2730/2323
f 2088/2819/2406 2093/2824/2411 2115/2846/2433
f 2088/2819/2406 2115/2846/2433 2114/2845/2432
f 2093/2824/2411 2092/2823/2410 2116/2847/2434
f 2093/2824/2411 2116/2847/2434 2115/2846/2433
f 2115/2846/2433 2116/2847/2434 2007/2738/2331
f 2115/2846/2433 2007/2738/2331 2005/2736/2329
f 2114/2845/2432 2115/2846/2433 2005/2736/2329
f 2114/2845/2432 2005/2736/2329 2003/2734/2327
f 2092/2823/2410 2097/2828/2415 2117/2848/2435
f 2092/2823/2410 2117/2848/2435 2116/2847/2434
f 2097/2828/2415 2096/2827/2414 2118/2849/2436
f 2097/2828/2415 2118/2849/2436 2117/2848/2435
f 2117/2848/2435 2118/2849/2436 2011/2742/2335
f 2117/2848/2435 2011/2742/2335 2009/2740/2333
f 2116/2847/2434 2117/2848/2435 2009/2740/2333
f 2116/2847/2434 2009/2740/2333 2007/2738/2331
f 2096/2827/2414 2101/2832/2419 2119/2850/2437
f 2096/2827/2414 2119/2850/2437 2118/2849/2436
f 2101/2832/2419 2100/2831/2418 2120/2851/2438
f 2101/2832/2419 2120/2851/2438 2119/2850/2437
f 2119/2850/2437 2120/2851/2438 2015/2746/2339
f 2119/2850/2437 2015/2746/2339 2013/2744/2337
f 2118/2849/2436 2119/2850/2437 2013/2744/2337
f 2118/2849/2436 2013/2744/2337 2011/2742/2335
f 2100/2831/2418 2105/2836/2423 2121/2852/2439
f 2100/2831/2418 2121/2852/2439 2120/2851/2438
f 2105/2836/2423 2104/2835/2422 2122/2853/2440
f 2105/2836/2423 2122/2853/2440 2121/2852/2439
f 2121/2852/2439 2122/2853/2440 2019/2750/2310
f 2121/2852/2439 2019/2750/2310 2017/2748/2341
f 2120/2851/2438 2121/2852/2439 2017/2748/2341
f 2120/2851/2438 2017/2748/2341 2015/2746/2339
s 130
f 2123/2854/2441 2124/2855/2442 2125/2856/2443
f 2123/2854/2441 2125/2856/2443 2126/2857/2444
f 2127/2858/2445 2128/2859/2446 2125/2856/2443
f 2127/2858/2445 2125/2856/2443 2124/2855/2442
f 2129/2860/2447 2130/2861/2448 2125/2856/2443
f 2129/2860/2447 2125/2856/2443 2128/2859/2446
f 2131/2862/2449 2132/2863/2450 2125/2856/2443
f 2131/2862/2449 2125/2856/2443 2130/2861/2448
f 2133/2864/2451 2134/2865/2452 2125/2856/2443
f 2133/2864/2451 2125/2856/2443 2132/2863/2450
f 2135/2866/2453 2136/2867/2454 2125/2856/2443
f 2135/2866/2453 2125/2856/2443 2134/2865/2452
f 2137/2868/2455 2138/2869/2456 2125/2856/2443
f 2137/2868/2455 2125/2856/2443 2136/2867/2454
f 2139/2870/2457 2126/2857/2444 2125/2856/2443
f 2139/2870/2457 2125/2856/2443 2138/2869/2456
s 131
f 2140/2871/2458 2141/2872/2459 2142/2873/2460
f 2140/2871/2458 2142/2873/2460 2143/2874/2461
f 2144/2875/2462 2145/2876/2463 2142/2873/2460
f 2144/2875/2462 2142/2873/2460 2141/2872/2459
f 2146/2877/2464 2143/2874/2461 2142/2873/2460
f 2146/2877/2464 2142/2873/2460 2145/2876/2463
f 2144/2875/2462 2147/2878/2465 2148/2879/2466
f 2144/2875/2462 2148/2879/2466 2145/2876/2463
f 2149/2880/2467 2150/2881/2468 2148/2879/2466
f 2149/2880/2467 2148/2879/2466 2147/2878/2465
f 2146/2877/2464 2145/2876/2463 2148/2879/2466
f 2146/2877/2464 2148/2879/2466 2150/2881/2468
f 2149/2880/2467 2151/2882/2469 2152/2883/2470
f 2149/2880/2467 2152/2883/2470 2150/2881/2468
f 2153/2884/2471 2154/2885/2472 2152/2883/2470
f 2153/2884/2471 2152/2883/2470 2151/2882/2469
f 2146/2877/2464 2150/2881/2468 2152/2883/2470
f 2146/2877/2464 2152/2883/2470 2154/2885/2472
f 2153/2884/2471 2155/2886/2473 2156/2887/2474
f 2153/2884/2471 2156/2887/2474 2154/2885/2472
f 2157/2888/2475 2158/2889/2476 2156/2887/2474
f 2157/2888/2475 2156/2887/2474 2155/2886/2473
f 2146/2877/2464 2154/2885/2472 2156/2887/2474
f 2146/2877/2464 2156/2887/2474 2158/2889/2476
f 2157/2888/2475 2159/2890/2477 2160/2891/2478
f 2157/2888/2475 2160/2891/2478 2158/2889/2476
f 2161/2892/2479 2162/2893/2480 2160/2891/2478
f 2161/2892/2479 2160/2891/2478 2159/2890/2477
f 2146/2877/2464 2158/2889/2476 2160/2891/2478
f 2146/2877/2464 2160/2891/2478 2162/2893/2480
f 2161/2892/2479 2163/2894/2481 2164/2895/2482
f 2161/2892/2479 2164/2895/2482 2162/2893/2480
f 2165/2896/2483 2166/2897/2484 2164/2895/2482
f 2165/2896/2483 2164/2895/2482 2163/2894/2481
f 2146/2877/2464 2162/2893/2480 2164/2895/2482
f 2146/2877/2464 2164/2895/2482 2166/2897/2484
f 2165/2896/2483 2167/2898/2485 2168/2899/2486
f 2165/2896/2483 2168/2899/2486 2166/2897/2484
f 2169/2900/2487 2170/2901/2488 2168/2899/2486
f 2169/2900/2487 2168/2899/2486 2167/2898/2485
f 2146/2877/2464 2166/2897/2484 2168/2899/2486
f 2146/2877/2464 2168/2899/2486 2170/2901/2488
f 2169/2900/2487 2171/2902/2489 2172/2903/2490
f 2169/2900/2487 2172/2903/2490 2170/2901/2488
f 2173/2904/2491 2174/2905/2492 2172/2903/2490
f 2173/2904/2491 2172/2903/2490 2171/2902/2489
f 2146/2877/2464 2170/2901/2488 2172/2903/2490
f 2146/2877/2464 2172/2903/2490 2174/2905/2492
f 2175/2906/2493 2176/2907/2494 2177/2908/2495
f 2175/2906/2493 2177/2908/2495 2178/2909/2496
f 2176/2907/2494 2179/2910/2457 2180/2911/2497
f 2176/2907/2494 2180/2911/2497 2177/2908/2495
f 2177/2908/2495 2180/2911/2497 2181/2912/2498
f 2177/2908/2495 2181/2912/2498 2182/2913/2499
f 2178/2909/2496 2177/2908/2495 2182/2913/2499
f 2178/2909/2496 2182/2913/2499 2183/2914/2500
f 2179/2910/2457 2184/2915/2501 2185/2916/2502
f 2179/2910/2457 2185/2916/2502 2180/2911/2497
f 2184/2915/2501 2186/2917/2503 2187/2918/2504
f 2184/2915/2501 2187/2918/2504 2185/2916/2502
f 2185/2916/2502 2187/2918/2504 2188/2919/2505
f 2185/2916/2502 2188/2919/2505 2189/2920/2506
f 2180/2911/2497 2185/2916/2502 2189/2920/2506
f 2180/2911/2497 2189/2920/2506 2181/2912/2498
f 2186/2917/2503 2190/2921/2507 2191/2922/2508
f 2186/2917/2503 2191/2922/2508 2187/2918/2504
f 2190/2921/2507 2192/2923/2509 2193/2924/2510
f 2190/2921/2507 2193/2924/2510 2191/2922/2508
f 2191/2922/2508 2193/2924/2510 2194/2925/2511
f 2191/2922/2508 2194/2925/2511 2195/2926/2512
f 2187/2918/2504 2191/2922/2508 2195/2926/2512
f 2187/2918/2504 2195/2926/2512 2188/2919/2505
f 2192/2923/2509 2196/2927/2513 2197/2928/2514
f 2192/2923/2509 2197/2928/2514 2193/2924/2510
f 2196/2927/2513 2198/2929/2515 2199/2930/2516
f 2196/2927/2513 2199/2930/2516 2197/2928/2514
f 2197/2928/2514 2199/2930/2516 2200/2931/2517
f 2197/2928/2514 2200/2931/2517 2201/2932/2518
f 2193/2924/2510 2197/2928/2514 2201/2932/2518
f 2193/2924/2510 2201/2932/2518 2194/2925/2511
f 2198/2929/2515 2202/2933/2519 2203/2934/2520
f 2198/2929/2515 2203/2934/2520 2199/2930/2516
f 2202/2933/2519 2204/2935/2521 2205/2936/2522
f 2202/2933/2519 2205/2936/2522 2203/2934/2520
f 2203/2934/2520 2205/2936/2522 2206/2937/2523
f 2203/2934/2520 2206/2937/2523 2207/2938/2524
f 2199/2930/2516 2203/2934/2520 2207/2938/2524
f 2199/2930/2516 2207/2938/2524 2200/2931/2517
f 2204/2935/2521 2208/2939/2525 2209/2940/2526
f 2204/2935/2521 2209/2940/2526 2205/2936/2522
f 2208/2939/2525 2210/2941/2447 2211/2942/2527
f 2208/2939/2525 2211/2942/2527 2209/2940/2526
f 2209/2940/2526 2211/2942/2527 2212/2943/2528
f 2209/2940/2526 2212/2943/2528 2213/2944/2529
f 2205/2936/2522 2209/2940/2526 2213/2944/2529
f 2205/2936/2522 2213/2944/2529 2206/2937/2523
f 2210/2941/2447 2214/2945/2530 2215/2946/2531
f 2210/2941/2447 2215/2946/2531 2211/2942/2527
f 2214/2945/2530 2216/2947/2445 2217/2948/2532
f 2214/2945/2530 2217/2948/2532 2215/2946/2531
f 2215/2946/2531 2217/2948/2532 2218/2949/2533
f 2215/2946/2531 2218/2949/2533 2219/2950/2534
f 2211/2942/2527 2215/2946/2531 2219/2950/2534
f 2211/2942/2527 2219/2950/2534 2212/2943/2528
f 2216/2947/2445 2220/2951/2535 2221/2952/2536
f 2216/2947/2445 2221/2952/2536 2217/2948/2532
f 2220/2951/2535 2222/2953/2537 2223/2954/2538
f 2220/2951/2535 2223/2954/2538 2221/2952/2536
f 2221/2952/2536 2223/2954/2538 2224/2955/2539
f 2221/2952/2536 2224/2955/2539 2225/2956/2540
f 2217/2948/2532 2221/2952/2536 2225/2956/2540
f 2217/2948/2532 2225/2956/2540 2218/2949/2533
f 2183/2914/2500 2182/2913/2499 2226/2957/2541
f 2183/2914/2500 2226/2957/2541 2227/2958/2542
f 2182/2913/2499 2181/2912/2498 2228/2959/2543
f 2182/2913/2499 2228/2959/2543 2226/2957/2541
f 2226/2957/2541 2228/2959/2543 2229/2960/2544
f 2226/2957/2541 2229/2960/2544 2230/2961/2545
f 2227/2958/2542 2226/2957/2541 2230/2961/2545
f 2227/2958/2542 2230/2961/2545 2231/2962/2546
f 2181/2912/2498 2189/2920/2506 2232/2963/2547
f 2181/2912/2498 2232/2963/2547 2228/2959/2543
f 2189/2920/2506 2188/2919/2505 2233/2964/2548
f 2189/2920/2506 2233/2964/2548 2232/2963/2547
f 2232/2963/2547 2233/2964/2548 2234/2965/2549
f 2232/2963/2547 2234/2965/2549 2235/2966/2550
f 2228/2959/2543 2232/2963/2547 2235/2966/2550
f 2228/2959/2543 2235/2966/2550 2229/2960/2544
f 2188/2919/2505 2195/2926/2512 2236/2967/2551
f 2188/2919/2505 2236/2967/2551 2233/2964/2548
f 2195/2926/2512 2194/2925/2511 2237/2968/2552
f 2195/2926/2512 2237/2968/2552 2236/2967/2551
f 2236/2967/2551 2237/2968/2552 2238/2969/2553
f 2236/2967/2551 2238/2969/2553 2239/2970/2554
f 2233/2964/2548 2236/2967/2551 2239/2970/2554
f 2233/2964/2548 2239/2970/2554 2234/2965/2549
f 2194/2925/2511 2201/2932/2518 2240/2971/2555
f 2194/2925/2511 2240/2971/2555 2237/2968/2552
f 2201/2932/2518 2200/2931/2517 2241/2972/2556
f 2201/2932/2518 2241/2972/2556 2240/2971/2555
f 2240/2971/2555 2241/2972/2556 2242/2973/2557
f 2240/2971/2555 2242/2973/2557 2243/2974/2558
f 2237/2968/2552 2240/2971/2555 2243/2974/2558
f 2237/2968/2552 2243/2974/2558 2238/2969/2553
f 2200/2931/2517 2207/2938/2524 2244/2975/2559
f 2200/2931/2517 2244/2975/2559 2241/2972/2556
f 2207/2938/2524 2206/2937/2523 2245/2976/2560
f 2207/2938/2524 2245/2976/2560 2244/2975/2559
f 2244/2975/2559 2245/2976/2560 2246/2977/2561
f 2244/2975/2559 2246/2977/2561 2247/2978/2562
f 2241/2972/2556 2244/2975/2559 2247/2978/2562
f 2241/2972/2556 2247/2978/2562 2242/2973/2557
f 2206/2937/2523 2213/2944/2529 2248/2979/2563
f 2206/2937/2523 2248/2979/2563 2245/2976/2560
f 2213/2944/2529 2212/2943/2528 2249/2980/2564
f 2213/2944/2529 2249/2980/2564 2248/2979/2563
f 2248/2979/2563 2249/2980/2564 2250/2981/2565
f 2248/2979/2563 2250/2981/2565 2251/2982/2566
f 2245/2976/2560 2248/2979/2563 2251/2982/2566
f 2245/2976/2560 2251/2982/2566 2246/2977/2561
f 2212/2943/2528 2219/2950/2534 2252/2983/2567
f 2212/2943/2528 2252/2983/2567 2249/2980/2564
f 2219/2950/2534 2218/2949/2533 2253/2984/2568
f 2219/2950/2534 2253/2984/2568 2252/2983/2567
f 2252/2983/2567 2253/2984/2568 2254/2985/2569
f 2252/2983/2567 2254/2985/2569 2255/2986/2570
f 2249/2980/2564 2252/2983/2567 2255/2986/2570
f 2249/2980/2564 2255/2986/2570 2250/2981/2565
f 2218/2949/2533 2225/2956/2540 2256/2987/2571
f 2218/2949/2533 2256/2987/2571 2253/2984/2568
f 2225/2956/2540 2224/2955/2539 2257/2988/2572
f 2225/2956/2540 2257/2988/2572 2256/2987/2571
f 2256/2987/2571 2257/2988/2572 2258/2989/2573
f 2256/2987/2571 2258/2989/2573 2259/2990/2574
f 2253/2984/2568 2256/2987/2571 2259/2990/2574
f 2253/2984/2568 2259/2990/2574 2254/2985/2569
f 2231/2962/2546 2230/2961/2545 2260/2991/2575
f 2231/2962/2546 2260/2991/2575 2261/2992/2576
f 2230/2961/2545 2229/2960/2544 2262/2993/2577
f 2230/2961/2545 2262/2993/2577 2260/2991/2575
f 2260/2991/2575 2262/2993/2577 2144/2875/2462
f 2260/2991/2575 2144/2875/2462 2141/2872/2459
f 2261/2992/2576 2260/2991/2575 2141/2872/2459
f 2261/2992/2576 2141/2872/2459 2140/2871/2458
f 2229/2960/2544 2235/2966/2550 2263/2994/2578
f 2229/2960/2544 2263/2994/2578 2262/2993/2577
f 2235/2966/2550 2234/2965/2549 2264/2995/2579
f 2235/2966/2550 2264/2995/2579 2263/2994/2578
f 2263/2994/2578 2264/2995/2579 2149/2880/2467
f 2263/2994/2578 2149/2880/2467 2147/2878/2465
f 2262/2993/2577 2263/2994/2578 2147/2878/2465
f 2262/2993/2577 2147/2878/2465 2144/2875/2462
f 2234/2965/2549 2239/2970/2554 2265/2996/2580
f 2234/2965/2549 2265/2996/2580 2264/2995/2579
f 2239/2970/2554 2238/2969/2553 2266/2997/2581
f 2239/2970/2554 2266/2997/2581 2265/2996/2580
f 2265/2996/2580 2266/2997/2581 2153/2884/2471
f 2265/2996/2580 2153/2884/2471 2151/2882/2469
f 2264/2995/2579 2265/2996/2580 2151/2882/2469
f 2264/2995/2579 2151/2882/2469 2149/2880/2467
f 2238/2969/2553 2243/2974/2558 2267/2998/2582
f 2238/2969/2553 2267/2998/2582 2266/2997/2581
f 2243/2974/2558 2242/2973/2557 2268/2999/2583
f 2243/2974/2558 2268/2999/2583 2267/2998/2582
f 2267/2998/2582 2268/2999/2583 2157/2888/2475
f 2267/2998/2582 2157/2888/2475 2155/2886/2473
f 2266/2997/2581 2267/2998/2582 2155/2886/2473
f 2266/2997/2581 2155/2886/2473 2153/2884/2471
f 2242/2973/2557 2247/2978/2562 2269/3000/2584
f 2242/2973/2557 2269/3000/2584 2268/2999/2583
f 2247/2978/2562 2246/2977/2561 2270/3001/2585
f 2247/2978/2562 2270/3001/2585 2269/3000/2584
f 2269/3000/2584 2270/3001/2585 2161/2892/2479
f 2269/3000/2584 2161/2892/2479 2159/2890/2477
f 2268/2999/2583 2269/3000/2584 2159/2890/2477
f 2268/2999/2583 2159/2890/2477 2157/2888/2475
f 2246/2977/2561 2251/2982/2566 2271/3002/2586
f 2246/2977/2561 2271/3002/2586 2270/3001/2585
f 2251/2982/2566 2250/2981/2565 2272/3003/2587
f 2251/2982/2566 2272/3003/2587 2271/3002/2586
f 2271/3002/2586 2272/3003/2587 2165/2896/2483
f 2271/3002/2586 2165/2896/2483 2163/2894/2481
f 2270/3001/2585 2271/3002/2586 2163/2894/2481
f 2270/3001/2585 2163/2894/2481 2161/2892/2479
f 2250/2981/2565 2255/2986/2570 2273/3004/2588
f 2250/2981/2565 2273/3004/2588 2272/3003/2587
f 2255/2986/2570 2254/2985/2569 2274/3005/2589
f 2255/2986/2570 2274/3005/2589 2273/3004/2588
f 2273/3004/2588 2274/3005/2589 2169/2900/2487
f 2273/3004/2588 2169/2900/2487 2167/2898/2485
f 2272/3003/2587 2273/3004/2588 2167/2898/2485
f 2272/3003/2587 2167/2898/2485 2165/2896/2483
f 2254/2985/2569 2259/2990/2574 2275/3006/2590
f 2254/2985/2569 2275/3006/2590 2274/3005/2589
f 2259/2990/2574 2258/2989/2573 2276/3007/2591
f 2259/2990/2574 2276/3007/2591 2275/3006/2590
f 2275/3006/2590 2276/3007/2591 2173/2904/2491
f 2275/3006/2590 2173/2904/2491 2171/2902/2489
f 2274/3005/2589 2275/3006/2590 2171/2902/2489
f 2274/3005/2589 2171/2902/2489 2169/2900/2487
s 132
f 3273/3008/2592 3274/3009/2593 3275/3010/2594
f 3273/3008/2592 3275/3010/2594 3276/3011/2595
f 3277/3012/2596 3278/3013/2597 3275/3010/2594
f 3277/3012/2596 3275/3010/2594 3274/3009/2593
f 3279/3014/2598 3280/3015/2599 3275/3010/2594
f 3279/3014/2598 3275/3010/2594 3278/3013/2597
f 3281/3016/2600 3282/3017/2601 3275/3010/2594
f 3281/3016/2600 3275/3010/2594 3280/3015/2599
f 3283/3018/2602 3284/3019/2603 3275/3010/2594
f 3283/3018/2602 3275/3010/2594 3282/3017/2601
f 3285/3020/2604 3286/3021/2605 3275/3010/2594
f 3285/3020/2604 3275/3010/2594 3284/3019/2603
f 3287/3022/2606 3288/3023/2607 3275/3010/2594
f 3287/3022/2606 3275/3010/2594 3286/3021/2605
f 3289/3024/2608 3276/3011/2595 3275/3010/2594
f 3289/3024/2608 3275/3010/2594 3288/3023/2607
s 133
f 3290/3025/2609 3291/3026/2610 3292/3027/2611
f 3290/3025/2609 3292/3027/2611 3293/3028/2612
f 3294/3029/2613 3295/3030/2614 3292/3027/2611
f 3294/3029/2613 3292/3027/2611 3291/3026/2610
f 3296/3031/2615 3293/3028/2612 3292/3027/2611
f 3296/3031/2615 3292/3027/2611 3295/3030/2614
f 3294/3029/2613 3297/3032/2616 3298/3033/2617
f 3294/3029/2613 3298/3033/2617 3295/3030/2614
f 3299/3034/2618 3300/3035/2619 3298/3033/2617
f 3299/3034/2618 3298/3033/2617 3297/3032/2616
f 3296/3031/2615 3295/3030/2614 3298/3033/2617
f 3296/3031/2615 3298/3033/2617 3300/3035/2619
f 3299/3034/2618 3301/3036/2620 3302/3037/2621
f 3299/3034/2618 3302/3037/2621 3300/3035/2619
f 3303/3038/2622 3304/3039/2623 3302/3037/2621
f 3303/3038/2622 3302/3037/2621 3301/3036/2620
f 3296/3031/2615 3300/3035/2619 3302/3037/2621
f 3296/3031/2615 3302/3037/2621 3304/3039/2623
f 3303/3038/2622 3305/3040/2624 3306/3041/2625
f 3303/3038/2622 3306/3041/2625 3304/3039/2623
f 3307/3042/2626 3308/3043/2627 3306/3041/2625
f 3307/3042/2626 3306/3041/2625 3305/3040/2624
f 3296/3031/2615 3304/3039/2623 3306/3041/2625
f 3296/3031/2615 3306/3041/2625 3308/3043/2627
f 3307/3042/2626 3309/3044/2628 3310/3045/2629
f 3307/3042/2626 3310/3045/2629 3308/3043/2627
f 3311/3046/2630 3312/3047/2631 3310/3045/2629
f 3311/3046/2630 3310/3045/2629 3309/3044/2628
f 3296/3031/2615 3308/3043/2627 3310/3045/2629
f 3296/3031/2615 3310/3045/2629 3312/3047/2631
f 3311/3046/2630 3313/3048/2632 3314/3049/2633
f 3311/3046/2630 3314/3049/2633 3312/3047/2631
f 3315/3050/2634 3316/3051/2635 3314/3049/2633
f 3315/3050/2634 3314/3049/2633 3313/3048/2632
f 3296/3031/2615 3312/3047/2631 3314/3049/2633
f 3296/3031/2615 3314/3049/2633 3316/3051/2635
f 3315/3050/2634 3317/3052/2636 3318/3053/2637
f 3315/3050/2634 3318/3053/2637 3316/3051/2635
f 3319/3054/2638 3320/3055/2639 3318/3053/2637
f 3319/3054/2638 3318/3053/2637 3317/3052/2636
f 3296/3031/2615 3316/3051/2635 3318/3053/2637
f 3296/3031/2615 3318/3053/2637 3320/3055/2639
f 3319/3054/2638 3321/3056/2640 3322/3057/2641
f 3319/3054/2638 3322/3057/2641 3320/3055/2639
f 3323/3058/2642 3324/3059/2643 3322/3057/2641
f 3323/3058/2642 3322/3057/2641 3321/3056/2640
f 3296/3031/2615 3320/3055/2639 3322/3057/2641
f 3296/3031/2615 3322/3057/2641 3324/3059/2643
f 3325/3060/2644 3326/3061/2645 3327/3062/2646
f 3325/3060/2644 3327/3062/2646 3328/3063/2647
f 3326/3061/2645 3329/3064/2608 3330/3065/2648
f 3326/3061/2645 3330/3065/2648 3327/3062/2646
f 3327/3062/2646 3330/3065/2648 3331/3066/2649
f 3327/3062/2646 3331/3066/2649 3332/3067/2650
f 3328/3063/2647 3327/3062/2646 3332/3067/2650
f 3328/3063/2647 3332/3067/2650 3333/3068/2651
f 3329/3064/2608 3334/3069/2652 3335/3070/2653
f 3329/3064/2608 3335/3070/2653 3330/3065/2648
f 3334/3069/2652 3336/3071/2654 3337/3072/2655
f 3334/3069/2652 3337/3072/2655 3335/3070/2653
f 3335/3070/2653 3337/3072/2655 3338/3073/2656
f 3335/3070/2653 3338/3073/2656 3339/3074/2657
f 3330/3065/2648 3335/3070/2653 3339/3074/2657
f 3330/3065/2648 3339/3074/2657 3331/3066/2649
f 3336/3071/2654 3340/3075/2658 3341/3076/2659
f 3336/3071/2654 3341/3076/2659 3337/3072/2655
f 3340/3075/2658 3342/3077/2660 3343/3078/2661
f 3340/3075/2658 3343/3078/2661 3341/3076/2659
f 3341/3076/2659 3343/3078/2661 3344/3079/2662
f 3341/3076/2659 3344/3079/2662 3345/3080/2663
f 3337/3072/2655 3341/3076/2659 3345/3080/2663
f 3337/3072/2655 3345/3080/2663 3338/3073/2656
f 3342/3077/2660 3346/3081/2664 3347/3082/2665
f 3342/3077/2660 3347/3082/2665 3343/3078/2661
f 3346/3081/2664 3348/3083/2666 3349/3084/2667
f 3346/3081/2664 3349/3084/2667 3347/3082/2665
f 3347/3082/2665 3349/3084/2667 3350/3085/2668
f 3347/3082/2665 3350/3085/2668 3351/3086/2669
f 3343/3078/2661 3347/3082/2665 3351/3086/2669
f 3343/3078/2661 3351/3086/2669 3344/3079/2662
f 3348/3083/2666 3352/3087/2670 3353/3088/2671
f 3348/3083/2666 3353/3088/2671 3349/3084/2667
f 3352/3087/2670 3354/3089/2672 3355/3090/2673
f 3352/3087/2670 3355/3090/2673 3353/3088/2671
f 3353/3088/2671 3355/3090/2673 3356/3091/2674
f 3353/3088/2671 3356/3091/2674 3357/3092/2675
f 3349/3084/2667 3353/3088/2671 3357/3092/2675
f 3349/3084/2667 3357/3092/2675 3350/3085/2668
f 3354/3089/2672 3358/3093/2676 3359/3094/2677
f 3354/3089/2672 3359/3094/2677 3355/3090/2673
f 3358/3093/2676 3360/3095/2598 3361/3096/2678
f 3358/3093/2676 3361/3096/2678 3359/3094/2677
f 3359/3094/2677 3361/3096/2678 3362/3097/2679
f 3359/3094/2677 3362/3097/2679 3363/3098/2680
f 3355/3090/2673 3359/3094/2677 3363/3098/2680
f 3355/3090/2673 3363/3098/2680 3356/3091/2674
f 3360/3095/2598 3364/3099/2681 3365/3100/2682
f 3360/3095/2598 3365/3100/2682 3361/3096/2678
f 3364/3099/2681 3366/3101/2596 3367/3102/2683
f 3364/3099/2681 3367/3102/2683 3365/3100/2682
f 3365/3100/2682 3367/3102/2683 3368/3103/2684
f 3365/3100/2682 3368/3103/2684 3369/3104/2685
f 3361/3096/2678 3365/3100/2682 3369/3104/2685
f 3361/3096/2678 3369/3104/2685 3362/3097/2679
f 3366/3101/2596 3370/3105/2686 3371/3106/2687
f 3366/3101/2596 3371/3106/2687 3367/3102/2683
f 3370/3105/2686 3372/3107/2592 3373/3108/2688
f 3370/3105/2686 3373/3108/2688 3371/3106/2687
f 3371/3106/2687 3373/3108/2688 3374/3109/2689
f 3371/3106/2687 3374/3109/2689 3375/3110/2690
f 3367/3102/2683 3371/3106/2687 3375/3110/2690
f 3367/3102/2683 3375/3110/2690 3368/3103/2684
f 3333/3068/2651 3332/3067/2650 3376/3111/2691
f 3333/3068/2651 3376/3111/2691 3377/3112/2692
f 3332/3067/2650 3331/3066/2649 3378/3113/2693
f 3332/3067/2650 3378/3113/2693 3376/3111/2691
f 3376/3111/2691 3378/3113/2693 3379/3114/2694
f 3376/3111/2691 3379/3114/2694 3380/3115/2695
f 3377/3112/2692 3376/3111/2691 3380/3115/2695
f 3377/3112/2692 3380/3115/2695 3381/3116/2696
f 3331/3066/2649 3339/3074/2657 3382/3117/2697
f 3331/3066/2649 3382/3117/2697 3378/3113/2693
f 3339/3074/2657 3338/3073/2656 3383/3118/2698
f 3339/3074/2657 3383/3118/2698 3382/3117/2697
f 3382/3117/2697 3383/3118/2698 3384/3119/2699
f 3382/3117/2697 3384/3119/2699 3385/3120/2700
f 3378/3113/2693 3382/3117/2697 3385/3120/2700
f 3378/3113/2693 3385/3120/2700 3379/3114/2694
f 3338/3073/2656 3345/3080/2663 3386/3121/2701
f 3338/3073/2656 3386/3121/2701 3383/3118/2698
f 3345/3080/2663 3344/3079/2662 3387/3122/2702
f 3345/3080/2663 3387/3122/2702 3386/3121/2701
f 3386/3121/2701 3387/3122/2702 3388/3123/2703
f 3386/3121/2701 3388/3123/2703 3389/3124/2704
f 3383/3118/2698 3386/3121/2701 3389/3124/2704
f 3383/3118/2698 3389/3124/2704 3384/3119/2699
f 3344/3079/2662 3351/3086/2669 3390/3125/2705
f 3344/3079/2662 3390/3125/2705 3387/3122/2702
f 3351/3086/2669 3350/3085/2668 3391/3126/2706
f 3351/3086/2669 3391/3126/2706 3390/3125/2705
f 3390/3125/2705 3391/3126/2706 3392/3127/2707
f 3390/3125/2705 3392/3127/2707 3393/3128/2708
f 3387/3122/2702 3390/3125/2705 3393/3128/2708
f 3387/3122/2702 3393/3128/2708 3388/3123/2703
f 3350/3085/2668 3357/3092/2675 3394/3129/2709
f 3350/3085/2668 3394/3129/2709 3391/3126/2706
f 3357/3092/2675 3356/3091/2674 3395/3130/2710
f 3357/3092/2675 3395/3130/2710 3394/3129/2709
f 3394/3129/2709 3395/3130/2710 3396/3131/2711
f 3394/3129/2709 3396/3131/2711 3397/3132/2712
f 3391/3126/2706 3394/3129/2709 3397/3132/2712
f 3391/3126/2706 3397/3132/2712 3392/3127/2707
f 3356/3091/2674 3363/3098/2680 3398/3133/2713
f 3356/3091/2674 3398/3133/2713 3395/3130/2710
f 3363/3098/2680 3362/3097/2679 3399/3134/2714
f 3363/3098/2680 3399/3134/2714 3398/3133/2713
f 3398/3133/2713 3399/3134/2714 3400/3135/2715
f 3398/3133/2713 3400/3135/2715 3401/3136/2716
f 3395/3130/2710 3398/3133/2713 3401/3136/2716
f 3395/3130/2710 3401/3136/2716 3396/3131/2711
f 3362/3097/2679 3369/3104/2685 3402/3137/2717
f 3362/3097/2679 3402/3137/2717 3399/3134/2714
f 3369/3104/2685 3368/3103/2684 3403/3138/2718
f 3369/3104/2685 3403/3138/2718 3402/3137/2717
f 3402/3137/2717 3403/3138/2718 3404/3139/2719
f 3402/3137/2717 3404/3139/2719 3405/3140/2720
f 3399/3134/2714 3402/3137/2717 3405/3140/2720
f 3399/3134/2714 3405/3140/2720 3400/3135/2715
f 3368/3103/2684 3375/3110/2690 3406/3141/2721
f 3368/3103/2684 3406/3141/2721 3403/3138/2718
f 3375/3110/2690 3374/3109/2689 3407/3142/2722
f 3375/3110/2690 3407/3142/2722 3406/3141/2721
f 3406/3141/2721 3407/3142/2722 3408/3143/2723
f 3406/3141/2721 3408/3143/2723 3409/3144/2724
f 3403/3138/2718 3406/3141/2721 3409/3144/2724
f 3403/3138/2718 3409/3144/2724 3404/3139/2719
f 3381/3116/2696 3380/3115/2695 3410/3145/2725
f 3381/3116/2696 3410/3145/2725 3411/3146/2726
f 3380/3115/2695 3379/3114/2694 3412/3147/2727
f 3380/3115/2695 3412/3147/2727 3410/3145/2725
f 3410/3145/2725 3412/3147/2727 3294/3029/2613
f 3410/3145/2725 3294/3029/2613 3291/3026/2610
f 3411/3146/2726 3410/3145/2725 3291/3026/2610
f 3411/3146/2726 3291/3026/2610 3290/3025/2609
f 3379/3114/2694 3385/3120/2700 3413/3148/2728
f 3379/3114/2694 3413/3148/2728 3412/3147/2727
f 3385/3120/2700 3384/3119/2699 3414/3149/2729
f 3385/3120/2700 3414/3149/2729 3413/3148/2728
f 3413/3148/2728 3414/3149/2729 3299/3034/2618
f 3413/3148/2728 3299/3034/2618 3297/3032/2616
f 3412/3147/2727 3413/3148/2728 3297/3032/2616
f 3412/3147/2727 3297/3032/2616 3294/3029/2613
f 3384/3119/2699 3389/3124/2704 3415/3150/2730
f 3384/3119/2699 3415/3150/2730 3414/3149/2729
f 3389/3124/2704 3388/3123/2703 3416/3151/2731
f 3389/3124/2704 3416/3151/2731 3415/3150/2730
f 3415/3150/2730 3416/3151/2731 3303/3038/2622
f 3415/3150/2730 3303/3038/2622 3301/3036/2620
f 3414/3149/2729 3415/3150/2730 3301/3036/2620
f 3414/3149/2729 3301/3036/2620 3299/3034/2618
f 3388/3123/2703 3393/3128/2708 3417/3152/2732
f 3388/3123/2703 3417/3152/2732 3416/3151/2731
f 3393/3128/2708 3392/3127/2707 3418/3153/2733
f 3393/3128/2708 3418/3153/2733 3417/3152/2732
f 3417/3152/2732 3418/3153/2733 3307/3042/2626
f 3417/3152/2732 3307/3042/2626 3305/3040/2624
f 3416/3151/2731 3417/3152/2732 3305/3040/2624
f 3416/3151/2731 3305/3040/2624 3303/3038/2622
f 3392/3127/2707 3397/3132/2712 3419/3154/2734
f 3392/3127/2707 3419/3154/2734 3418/3153/2733
f 3397/3132/2712 3396/3131/2711 3420/3155/2735
f 3397/3132/2712 3420/3155/2735 3419/3154/2734
f 3419/3154/2734 3420/3155/2735 3311/3046/2630
f 3419/3154/2734 3311/3046/2630 3309/3044/2628
f 3418/3153/2733 3419/3154/2734 3309/3044/2628
f 3418/3153/2733 3309/3044/2628 3307/3042/2626
f 3396/3131/2711 3401/3136/2716 3421/3156/2736
f 3396/3131/2711 3421/3156/2736 3420/3155/2735
f 3401/3136/2716 3400/3135/2715 3422/3157/2737
f 3401/3136/2716 3422/3157/2737 3421/3156/2736
f 3421/3156/2736 3422/3157/2737 3315/3050/2634
f 3421/3156/2736 3315/3050/2634 3313/3048/2632
f 3420/3155/2735 3421/3156/2736 3313/3048/2632
f 3420/3155/2735 3313/3048/2632 3311/3046/2630
f 3400/3135/2715 3405/3140/2720 3423/3158/2738
f 3400/3135/2715 3423/3158/2738 3422/3157/2737
f 3405/3140/2720 3404/3139/2719 3424/3159/2739
f 3405/3140/2720 3424/3159/2739 3423/3158/2738
f 3423/3158/2738 3424/3159/2739 3319/3054/2638
f 3423/3158/2738 3319/3054/2638 3317/3052/2636
f 3422/3157/2737 3423/3158/2738 3317/3052/2636
f 3422/3157/2737 3317/3052/2636 3315/3050/2634
f 3404/3139/2719 3409/3144/2724 3425/3160/2740
f 3404/3139/2719 3425/3160/2740 3424/3159/2739
f 3409/3144/2724 3408/3143/2723 3426/3161/2741
f 3409/3144/2724 3426/3161/2741 3425/3160/2740
f 3425/3160/2740 3426/3161/2741 3323/3058/2642
f 3425/3160/2740 3323/3058/2642 3321/3056/2640
f 3424/3159/2739 3425/3160/2740 3321/3056/2640
f 3424/3159/2739 3321/3056/2640 3319/3054/2638
s 134
f 2498/3162/2742 2499/3163/2743 2500/3164/2744
f 2498/3162/2742 2500/3164/2744 2501/3165/2745
f 2502/3166/2746 2503/3167/2747 2500/3164/2744
f 2502/3166/2746 2500/3164/2744 2499/3163/2743
f 2504/3168/2748 2501/3165/2745 2500/3164/2744
f 2504/3168/2748 2500/3164/2744 2503/3167/2747
s 135
f 2505/3169/1079 2506/3170/1078 2507/3171/2749
f 2505/3169/1079 2507/3171/2749 2508/3172/2750
f 2509/3173/1052 2510/3174/2751 2507/3171/2749
f 2509/3173/1052 2507/3171/2749 2506/3170/1078
f 2511/3175/2752 2508/3172/2750 2507/3171/2749
f 2511/3175/2752 2507/3171/2749 2510/3174/2751
f 2512/3176/2753 2513/3177/2754 2514/3178/2755
f 2512/3176/2753 2514/3178/2755 2515/3179/2756
f 2505/3169/1079 2508/3172/2750 2514/3178/2755
f 2505/3169/1079 2514/3178/2755 2513/3177/2754
f 2511/3175/2752 2515/3179/2756 2514/3178/2755
f 2511/3175/2752 2514/3178/2755 2508/3172/2750
s 134
f 2516/3180/2757 2517/3181/1120 2518/3182/2758
f 2516/3180/2757 2518/3182/2758 2519/3183/2759
f 2502/3166/2746 2499/3163/2743 2518/3182/2758
f 2502/3166/2746 2518/3182/2758 2517/3181/1120
f 2498/3162/2742 2519/3183/2759 2518/3182/2758
f 2498/3162/2742 2518/3182/2758 2499/3163/2743
s 136
f 2520/3184/1103 2521/3185/2760 2522/3186/2761
f 2520/3184/1103 2522/3186/2761 2523/3187/2762
f 2524/3188/1110 2525/3189/2763 2522/3186/2761
f 2524/3188/1110 2522/3186/2761 2521/3185/2760
f 2526/3190/2764 2523/3187/2762 2522/3186/2761
f 2526/3190/2764 2522/3186/2761 2525/3189/2763
s 134
f 2504/3168/2748 2527/3191/1091 2528/3192/2765
f 2504/3168/2748 2528/3192/2765 2501/3165/2745
f 2529/3193/1090 2530/3194/2766 2528/3192/2765
f 2529/3193/1090 2528/3192/2765 2527/3191/1091
f 2498/3162/2742 2501/3165/2745 2528/3192/2765
f 2498/3162/2742 2528/3192/2765 2530/3194/2766
s 135
f 2509/3173/1052 2531/3195/1051 2532/3196/2767
f 2509/3173/1052 2532/3196/2767 2510/3174/2751
f 2533/3197/2768 2534/3198/2769 2532/3196/2767
f 2533/3197/2768 2532/3196/2767 2531/3195/1051
f 2511/3175/2752 2510/3174/2751 2532/3196/2767
f 2511/3175/2752 2532/3196/2767 2534/3198/2769
s 137
f 2535/3199/1064 2536/3200/1075 2537/3201/2770
f 2535/3199/1064 2537/3201/2770 2538/3202/2771
f 2539/3203/1074 2540/3204/2772 2537/3201/2770
f 2539/3203/1074 2537/3201/2770 2536/3200/1075
f 2541/3205/2773 2538/3202/2771 2537/3201/2770
f 2541/3205/2773 2537/3201/2770 2540/3204/2772
s 135
f 2533/3197/2768 2542/3206/2774 2543/3207/2775
f 2533/3197/2768 2543/3207/2775 2534/3198/2769
f 2512/3176/2753 2515/3179/2756 2543/3207/2775
f 2512/3176/2753 2543/3207/2775 2542/3206/2774
f 2511/3175/2752 2534/3198/2769 2543/3207/2775
f 2511/3175/2752 2543/3207/2775 2515/3179/2756
s 137
f 2544/3208/2776 2545/3209/1065 2546/3210/2777
f 2544/3208/2776 2546/3210/2777 2547/3211/2778
f 2535/3199/1064 2538/3202/2771 2546/3210/2777
f 2535/3199/1064 2546/3210/2777 2545/3209/1065
f 2541/3205/2773 2547/3211/2778 2546/3210/2777
f 2541/3205/2773 2546/3210/2777 2538/3202/2771
s 136
f 2548/3212/2779 2549/3213/1104 2550/3214/2780
f 2548/3212/2779 2550/3214/2780 2551/3215/2781
f 2520/3184/1103 2523/3187/2762 2550/3214/2780
f 2520/3184/1103 2550/3214/2780 2549/3213/1104
f 2526/3190/2764 2551/3215/2781 2550/3214/2780
f 2526/3190/2764 2550/3214/2780 2523/3187/2762
s 134
f 2529/3193/1090 2552/3216/1098 2553/3217/2782
f 2529/3193/1090 2553/3217/2782 2530/3194/2766
f 2516/3180/2757 2519/3183/2759 2553/3217/2782
f 2516/3180/2757 2553/3217/2782 2552/3216/1098
f 2498/3162/2742 2530/3194/2766 2553/3217/2782
f 2498/3162/2742 2553/3217/2782 2519/3183/2759
s 137
f 2541/3205/2773 2554/3218/2783 2555/3219/2784
f 2541/3205/2773 2555/3219/2784 2547/3211/2778
f 2556/3220/1081 2557/3221/1083 2555/3219/2784
f 2556/3220/1081 2555/3219/2784 2554/3218/2783
f 2544/3208/2776 2547/3211/2778 2555/3219/2784
f 2544/3208/2776 2555/3219/2784 2557/3221/1083
f 2539/3203/1074 2558/3222/2785 2559/3223/2786
f 2539/3203/1074 2559/3223/2786 2540/3204/2772
f 2556/3220/1081 2554/3218/2783 2559/3223/2786
f 2556/3220/1081 2559/3223/2786 2558/3222/2785
f 2541/3205/2773 2540/3204/2772 2559/3223/2786
f 2541/3205/2773 2559/3223/2786 2554/3218/2783
s 136
f 2560/3224/2787 2561/3225/2788 2562/3226/2789
f 2560/3224/2787 2562/3226/2789 2563/3227/2790
f 2548/3212/2779 2551/3215/2781 2562/3226/2789
f 2548/3212/2779 2562/3226/2789 2561/3225/2788
f 2526/3190/2764 2563/3227/2790 2562/3226/2789
f 2526/3190/2764 2562/3226/2789 2551/3215/2781
f 2524/3188/1110 2564/3228/2791 2565/3229/2792
f 2524/3188/1110 2565/3229/2792 2525/3189/2763
f 2560/3224/2787 2563/3227/2790 2565/3229/2792
f 2560/3224/2787 2565/3229/2792 2564/3228/2791
f 2526/3190/2764 2525/3189/2763 2565/3229/2792
f 2526/3190/2764 2565/3229/2792 2563/3227/2790
s 138
f 3742/3230/2793 3743/3231/2794 3744/3232/2795
f 3742/3230/2793 3744/3232/2795 3745/3233/2796
f 3746/3234/2797 3747/3235/2798 3744/3232/2795
f 3746/3234/2797 3744/3232/2795 3743/3231/2794
f 3748/3236/1295 3745/3233/2796 3744/3232/2795
f 3748/3236/1295 3744/3232/2795 3747/3235/2798
s 139
f 3749/3237/1282 3750/3238/2799 3751/3239/2800
f 3749/3237/1282 3751/3239/2800 3752/3240/2801
f 3753/3241/1255 3754/3242/2802 3751/3239/2800
f 3753/3241/1255 3751/3239/2800 3750/3238/2799
f 3755/3243/2803 3752/3240/2801 3751/3239/2800
f 3755/3243/2803 3751/3239/2800 3754/3242/2802
f 3756/3244/2804 3757/3245/2805 3758/3246/2806
f 3756/3244/2804 3758/3246/2806 3759/3247/2807
f 3749/3237/1282 3752/3240/2801 3758/3246/2806
f 3749/3237/1282 3758/3246/2806 3757/3245/2805
f 3755/3243/2803 3759/3247/2807 3758/3246/2806
f 3755/3243/2803 3758/3246/2806 3752/3240/2801
s 138
f 3760/3248/1300 3761/3249/2808 3762/3250/2809
f 3760/3248/1300 3762/3250/2809 3763/3251/2810
f 3746/3234/2797 3743/3231/2794 3762/3250/2809
f 3746/3234/2797 3762/3250/2809 3761/3249/2808
f 3742/3230/2793 3763/3251/2810 3762/3250/2809
f 3742/3230/2793 3762/3250/2809 3743/3231/2794
s 140
f 3764/3252/1306 3765/3253/1314 3766/3254/2811
f 3764/3252/1306 3766/3254/2811 3767/3255/2812
f 3768/3256/2813 3769/3257/2814 3766/3254/2811
f 3768/3256/2813 3766/3254/2811 3765/3253/1314
f 3770/3258/2815 3767/3255/2812 3766/3254/2811
f 3770/3258/2815 3766/3254/2811 3769/3257/2814
s 138
f 3748/3236/1295 3771/3259/1294 3772/3260/2816
f 3748/3236/1295 3772/3260/2816 3745/3233/2796
f 3773/3261/1293 3774/3262/2817 3772/3260/2816
f 3773/3261/1293 3772/3260/2816 3771/3259/1294
f 3742/3230/2793 3745/3233/2796 3772/3260/2816
f 3742/3230/2793 3772/3260/2816 3774/3262/2817
s 139
f 3753/3241/1255 3775/3263/1254 3776/3264/2818
f 3753/3241/1255 3776/3264/2818 3754/3242/2802
f 3777/3265/1253 3778/3266/2819 3776/3264/2818
f 3777/3265/1253 3776/3264/2818 3775/3263/1254
f 3755/3243/2803 3754/3242/2802 3776/3264/2818
f 3755/3243/2803 3776/3264/2818 3778/3266/2819
s 141
f 3779/3267/1267 3780/3268/1278 3781/3269/2820
f 3779/3267/1267 3781/3269/2820 3782/3270/2821
f 3783/3271/1277 3784/3272/2822 3781/3269/2820
f 3783/3271/1277 3781/3269/2820 3780/3268/1278
f 3785/3273/2823 3782/3270/2821 3781/3269/2820
f 3785/3273/2823 3781/3269/2820 3784/3272/2822
s 139
f 3777/3265/1253 3786/3274/1262 3787/3275/2824
f 3777/3265/1253 3787/3275/2824 3778/3266/2819
f 3756/3244/2804 3759/3247/2807 3787/3275/2824
f 3756/3244/2804 3787/3275/2824 3786/3274/1262
f 3755/3243/2803 3778/3266/2819 3787/3275/2824
f 3755/3243/2803 3787/3275/2824 3759/3247/2807
s 141
f 3788/3276/1269 3789/3277/2825 3790/3278/2826
f 3788/3276/1269 3790/3278/2826 3791/3279/2827
f 3779/3267/1267 3782/3270/2821 3790/3278/2826
f 3779/3267/1267 3790/3278/2826 3789/3277/2825
f 3785/3273/2823 3791/3279/2827 3790/3278/2826
f 3785/3273/2823 3790/3278/2826 3782/3270/2821
s 140
f 3792/3280/1308 3793/3281/1307 3794/3282/2828
f 3792/3280/1308 3794/3282/2828 3795/3283/2829
f 3764/3252/1306 3767/3255/2812 3794/3282/2828
f 3764/3252/1306 3794/3282/2828 3793/3281/1307
f 3770/3258/2815 3795/3283/2829 3794/3282/2828
f 3770/3258/2815 3794/3282/2828 3767/3255/2812
s 138
f 3773/3261/1293 3796/3284/1301 3797/3285/2830
f 3773/3261/1293 3797/3285/2830 3774/3262/2817
f 3760/3248/1300 3763/3251/2810 3797/3285/2830
f 3760/3248/1300 3797/3285/2830 3796/3284/1301
f 3742/3230/2793 3774/3262/2817 3797/3285/2830
f 3742/3230/2793 3797/3285/2830 3763/3251/2810
s 141
f 3785/3273/2823 3798/3286/2831 3799/3287/2832
f 3785/3273/2823 3799/3287/2832 3791/3279/2827
f 3800/3288/2833 3801/3289/1286 3799/3287/2832
f 3800/3288/2833 3799/3287/2832 3798/3286/2831
f 3788/3276/1269 3791/3279/2827 3799/3287/2832
f 3788/3276/1269 3799/3287/2832 3801/3289/1286
f 3783/3271/1277 3802/3290/2834 3803/3291/2835
f 3783/3271/1277 3803/3291/2835 3784/3272/2822
f 3800/3288/2833 3798/3286/2831 3803/3291/2835
f 3800/3288/2833 3803/3291/2835 3802/3290/2834
f 3785/3273/2823 3784/3272/2822 3803/3291/2835
f 3785/3273/2823 3803/3291/2835 3798/3286/2831
s 140
f 3804/3292/2836 3805/3293/2837 3806/3294/2838
f 3804/3292/2836 3806/3294/2838 3807/3295/2839
f 3792/3280/1308 3795/3283/2829 3806/3294/2838
f 3792/3280/1308 3806/3294/2838 3805/3293/2837
f 3770/3258/2815 3807/3295/2839 3806/3294/2838
f 3770/3258/2815 3806/3294/2838 3795/3283/2829
f 3768/3256/2813 3808/3296/2840 3809/3297/2841
f 3768/3256/2813 3809/3297/2841 3769/3257/2814
f 3804/3292/2836 3807/3295/2839 3809/3297/2841
f 3804/3292/2836 3809/3297/2841 3808/3296/2840
f 3770/3258/2815 3769/3257/2814 3809/3297/2841
f 3770/3258/2815 3809/3297/2841 3807/3295/2839
s 142
f 2566/3298/2842 2567/3299/2843 2568/3300/2844
f 2566/3298/2842 2568/3300/2844 2569/3301/2845
f 2567/3299/2843 2570/3302/2846 2571/3303/2847
f 2567/3299/2843 2571/3303/2847 2568/3300/2844
f 2568/3300/2844 2571/3303/2847 2572/3304/2848
f 2568/3300/2844 2572/3304/2848 2573/3305/2849
f 2569/3301/2845 2568/3300/2844 2573/3305/2849
f 2569/3301/2845 2573/3305/2849 2574/3306/2850
f 2570/3302/2846 2575/3307/2851 2576/3308/2852
f 2570/3302/2846 2576/3308/2852 2571/3303/2847
f 2575/3307/2851 2577/3309/2853 2578/3310/2854
f 2575/3307/2851 2578/3310/2854 2576/3308/2852
f 2576/3308/2852 2578/3310/2854 2579/3311/2855
f 2576/3308/2852 2579/3311/2855 2580/3312/2856
f 2571/3303/2847 2576/3308/2852 2580/3312/2856
f 2571/3303/2847 2580/3312/2856 2572/3304/2848
f 2577/3309/2853 2581/3313/2857 2582/3314/2858
f 2577/3309/2853 2582/3314/2858 2578/3310/2854
f 2581/3313/2857 2583/3315/2859 2584/3316/2860
f 2581/3313/2857 2584/3316/2860 2582/3314/2858
f 2582/3314/2858 2584/3316/2860 2585/3317/2861
f 2582/3314/2858 2585/3317/2861 2586/3318/2862
f 2578/3310/2854 2582/3314/2858 2586/3318/2862
f 2578/3310/2854 2586/3318/2862 2579/3311/2855
f 2583/3315/2859 2587/3319/2863 2588/3320/2864
f 2583/3315/2859 2588/3320/2864 2584/3316/2860
f 2587/3319/2863 2589/3321/2865 2590/3322/2866
f 2587/3319/2863 2590/3322/2866 2588/3320/2864
f 2588/3320/2864 2590/3322/2866 2591/3323/2867
f 2588/3320/2864 2591/3323/2867 2592/3324/2868
f 2584/3316/2860 2588/3320/2864 2592/3324/2868
f 2584/3316/2860 2592/3324/2868 2585/3317/2861
f 2589/3321/2865 2593/3325/2869 2594/3326/2870
f 2589/3321/2865 2594/3326/2870 2590/3322/2866
f 2593/3325/2869 2595/3327/2871 2596/3328/2872
f 2593/3325/2869 2596/3328/2872 2594/3326/2870
f 2594/3326/2870 2596/3328/2872 2597/3329/2873
f 2594/3326/2870 2597/3329/2873 2598/3330/2874
f 2590/3322/2866 2594/3326/2870 2598/3330/2874
f 2590/3322/2866 2598/3330/2874 2591/3323/2867
f 2595/3327/2871 2599/3331/2875 2600/3332/2876
f 2595/3327/2871 2600/3332/2876 2596/3328/2872
f 2599/3331/2875 2601/3333/2877 2602/3334/2878
f 2599/3331/2875 2602/3334/2878 2600/3332/2876
f 2600/3332/2876 2602/3334/2878 2603/3335/2879
f 2600/3332/2876 2603/3335/2879 2604/3336/2880
f 2596/3328/2872 2600/3332/2876 2604/3336/2880
f 2596/3328/2872 2604/3336/2880 2597/3329/2873
f 2601/3333/2877 2605/3337/2881 2606/3338/2882
f 2601/3333/2877 2606/3338/2882 2602/3334/2878
f 2605/3337/2881 2607/3339/2883 2608/3340/2884
f 2605/3337/2881 2608/3340/2884 2606/3338/2882
f 2606/3338/2882 2608/3340/2884 2609/3341/2885
f 2606/3338/2882 2609/3341/2885 2610/3342/2886
f 2602/3334/2878 2606/3338/2882 2610/3342/2886
f 2602/3334/2878 2610/3342/2886 2603/3335/2879
f 2607/3339/2883 2611/3343/2887 2612/3344/2888
f 2607/3339/2883 2612/3344/2888 2608/3340/2884
f 2611/3343/2887 2613/3345/2889 2614/3346/2890
f 2611/3343/2887 2614/3346/2890 2612/3344/2888
f 2612/3344/2888 2614/3346/2890 2615/3347/2891
f 2612/3344/2888 2615/3347/2891 2616/3348/2892
f 2608/3340/2884 2612/3344/2888 2616/3348/2892
f 2608/3340/2884 2616/3348/2892 2609/3341/2885
f 2613/3345/2889 2617/3349/2893 2618/3350/2894
f 2613/3345/2889 2618/3350/2894 2614/3346/2890
f 2617/3349/2893 2619/3351/2895 2620/3352/2896
f 2617/3349/2893 2620/3352/2896 2618/3350/2894
f 2618/3350/2894 2620/3352/2896 2621/3353/2897
f 2618/3350/2894 2621/3353/2897 2622/3354/2898
f 2614/3346/2890 2618/3350/2894 2622/3354/2898
f 2614/3346/2890 2622/3354/2898 2615/3347/2891
f 2619/3351/2895 2623/3355/2899 2624/3356/2900
f 2619/3351/2895 2624/3356/2900 2620/3352/2896
f 2623/3355/2899 2625/3357/2842 2626/3358/2901
f 2623/3355/2899 2626/3358/2901 2624/3356/2900
f 2624/3356/2900 2626/3358/2901 2627/3359/2902
f 2624/3356/2900 2627/3359/2902 2628/3360/2903
f 2620/3352/2896 2624/3356/2900 2628/3360/2903
f 2620/3352/2896 2628/3360/2903 2621/3353/2897
f 2574/3306/2850 2573/3305/2849 2629/3361/2904
f 2574/3306/2850 2629/3361/2904 2630/3362/2905
f 2573/3305/2849 2572/3304/2848 2631/3363/2906
f 2573/3305/2849 2631/3363/2906 2629/3361/2904
f 2629/3361/2904 2631/3363/2906 2632/3364/2907
f 2629/3361/2904 2632/3364/2907 2633/3365/2908
f 2630/3362/2905 2629/3361/2904 2633/3365/2908
f 2630/3362/2905 2633/3365/2908 2634/3366/2909
f 2572/3304/2848 2580/3312/2856 2635/3367/2910
f 2572/3304/2848 2635/3367/2910 2631/3363/2906
f 2580/3312/2856 2579/3311/2855 2636/3368/2911
f 2580/3312/2856 2636/3368/2911 2635/3367/2910
f 2635/3367/2910 2636/3368/2911 2637/3369/2912
f 2635/3367/2910 2637/3369/2912 2638/3370/2913
f 2631/3363/2906 2635/3367/2910 2638/3370/2913
f 2631/3363/2906 2638/3370/2913 2632/3364/2907
f 2579/3311/2855 2586/3318/2862 2639/3371/2914
f 2579/3311/2855 2639/3371/2914 2636/3368/2911
f 2586/3318/2862 2585/3317/2861 2640/3372/2915
f 2586/3318/2862 2640/3372/2915 2639/3371/2914
f 2639/3371/2914 2640/3372/2915 2641/3373/2916
f 2639/3371/2914 2641/3373/2916 2642/3374/2917
f 2636/3368/2911 2639/3371/2914 2642/3374/2917
f 2636/3368/2911 2642/3374/2917 2637/3369/2912
f 2585/3317/2861 2592/3324/2868 2643/3375/2918
f 2585/3317/2861 2643/3375/2918 2640/3372/2915
f 2592/3324/2868 2591/3323/2867 2644/3376/2919
f 2592/3324/2868 2644/3376/2919 2643/3375/2918
f 2643/3375/2918 2644/3376/2919 2645/3377/2920
f 2643/3375/2918 2645/3377/2920 2646/3378/2921
f 2640/3372/2915 2643/3375/2918 2646/3378/2921
f 2640/3372/2915 2646/3378/2921 2641/3373/2916
f 2591/3323/2867 2598/3330/2874 2647/3379/2922
f 2591/3323/2867 2647/3379/2922 2644/3376/2919
f 2598/3330/2874 2597/3329/2873 2648/3380/2923
f 2598/3330/2874 2648/3380/2923 2647/3379/2922
f 2647/3379/2922 2648/3380/2923 2649/3381/2924
f 2647/3379/2922 2649/3381/2924 2650/3382/2925
f 2644/3376/2919 2647/3379/2922 2650/3382/2925
f 2644/3376/2919 2650/3382/2925 2645/3377/2920
f 2597/3329/2873 2604/3336/2880 2651/3383/2926
f 2597/3329/2873 2651/3383/2926 2648/3380/2923
f 2604/3336/2880 2603/3335/2879 2652/3384/2927
f 2604/3336/2880 2652/3384/2927 2651/3383/2926
f 2651/3383/2926 2652/3384/2927 2653/3385/2928
f 2651/3383/2926 2653/3385/2928 2654/3386/2929
f 2648/3380/2923 2651/3383/2926 2654/3386/2929
f 2648/3380/2923 2654/3386/2929 2649/3381/2924
f 2603/3335/2879 2610/3342/2886 2655/3387/2930
f 2603/3335/2879 2655/3387/2930 2652/3384/2927
f 2610/3342/2886 2609/3341/2885 2656/3388/2931
f 2610/3342/2886 2656/3388/2931 2655/3387/2930
f 2655/3387/2930 2656/3388/2931 2657/3389/2932
f 2655/3387/2930 2657/3389/2932 2658/3390/2933
f 2652/3384/2927 2655/3387/2930 2658/3390/2933
f 2652/3384/2927 2658/3390/2933 2653/3385/2928
f 2609/3341/2885 2616/3348/2892 2659/3391/2934
f 2609/3341/2885 2659/3391/2934 2656/3388/2931
f 2616/3348/2892 2615/3347/2891 2660/3392/2935
f 2616/3348/2892 2660/3392/2935 2659/3391/2934
f 2659/3391/2934 2660/3392/2935 2661/3393/2936
f 2659/3391/2934 2661/3393/2936 2662/3394/2937
f 2656/3388/2931 2659/3391/2934 2662/3394/2937
f 2656/3388/2931 2662/3394/2937 2657/3389/2932
f 2615/3347/2891 2622/3354/2898 2663/3395/2938
f 2615/3347/2891 2663/3395/2938 2660/3392/2935
f 2622/3354/2898 2621/3353/2897 2664/3396/2939
f 2622/3354/2898 2664/3396/2939 2663/3395/2938
f 2663/3395/2938 2664/3396/2939 2665/3397/2940
f 2663/3395/2938 2665/3397/2940 2666/3398/2941
f 2660/3392/2935 2663/3395/2938 2666/3398/2941
f 2660/3392/2935 2666/3398/2941 2661/3393/2936
f 2621/3353/2897 2628/3360/2903 2667/3399/2942
f 2621/3353/2897 2667/3399/2942 2664/3396/2939
f 2628/3360/2903 2627/3359/2902 2668/3400/2943
f 2628/3360/2903 2668/3400/2943 2667/3399/2942
f 2667/3399/2942 2668/3400/2943 2669/3401/2944
f 2667/3399/2942 2669/3401/2944 2670/3402/2945
f 2664/3396/2939 2667/3399/2942 2670/3402/2945
f 2664/3396/2939 2670/3402/2945 2665/3397/2940
f 2634/3366/2909 2633/3365/2908 2671/3403/2946
f 2634/3366/2909 2671/3403/2946 2672/3404/2947
f 2633/3365/2908 2632/3364/2907 2673/3405/2948
f 2633/3365/2908 2673/3405/2948 2671/3403/2946
f 2671/3403/2946 2673/3405/2948 2674/3406/2949
f 2671/3403/2946 2674/3406/2949 2675/3407/2950
f 2672/3404/2947 2671/3403/2946 2675/3407/2950
f 2672/3404/2947 2675/3407/2950 2676/3408/2951
f 2632/3364/2907 2638/3370/2913 2677/3409/2952
f 2632/3364/2907 2677/3409/2952 2673/3405/2948
f 2638/3370/2913 2637/3369/2912 2678/3410/2953
f 2638/3370/2913 2678/3410/2953 2677/3409/2952
f 2677/3409/2952 2678/3410/2953 2679/3411/2954
f 2677/3409/2952 2679/3411/2954 2680/3412/2955
f 2673/3405/2948 2677/3409/2952 2680/3412/2955
f 2673/3405/2948 2680/3412/2955 2674/3406/2949
f 2637/3369/2912 2642/3374/2917 2681/3413/2956
f 2637/3369/2912 2681/3413/2956 2678/3410/2953
f 2642/3374/2917 2641/3373/2916 2682/3414/2957
f 2642/3374/2917 2682/3414/2957 2681/3413/2956
f 2681/3413/2956 2682/3414/2957 2683/3415/2958
f 2681/3413/2956 2683/3415/2958 2684/3416/2959
f 2678/3410/2953 2681/3413/2956 2684/3416/2959
f 2678/3410/2953 2684/3416/2959 2679/3411/2954
f 2641/3373/2916 2646/3378/2921 2685/3417/2960
f 2641/3373/2916 2685/3417/2960 2682/3414/2957
f 2646/3378/2921 2645/3377/2920 2686/3418/2961
f 2646/3378/2921 2686/3418/2961 2685/3417/2960
f 2685/3417/2960 2686/3418/2961 2687/3419/2962
f 2685/3417/2960 2687/3419/2962 2688/3420/2963
f 2682/3414/2957 2685/3417/2960 2688/3420/2963
f 2682/3414/2957 2688/3420/2963 2683/3415/2958
f 2645/3377/2920 2650/3382/2925 2689/3421/2964
f 2645/3377/2920 2689/3421/2964 2686/3418/2961
f 2650/3382/2925 2649/3381/2924 2690/3422/2965
f 2650/3382/2925 2690/3422/2965 2689/3421/2964
f 2689/3421/2964 2690/3422/2965 2691/3423/2966
f 2689/3421/2964 2691/3423/2966 2692/3424/2967
f 2686/3418/2961 2689/3421/2964 2692/3424/2967
f 2686/3418/2961 2692/3424/2967 2687/3419/2962
f 2649/3381/2924 2654/3386/2929 2693/3425/2968
f 2649/3381/2924 2693/3425/2968 2690/3422/2965
f 2654/3386/2929 2653/3385/2928 2694/3426/2969
f 2654/3386/2929 2694/3426/2969 2693/3425/2968
f 2693/3425/2968 2694/3426/2969 2695/3427/2970
f 2693/3425/2968 2695/3427/2970 2696/3428/2971
f 2690/3422/2965 2693/3425/2968 2696/3428/2971
f 2690/3422/2965 2696/3428/2971 2691/3423/2966
f 2653/3385/2928 2658/3390/2933 2697/3429/2972
f 2653/3385/2928 2697/3429/2972 2694/3426/2969
f 2658/3390/2933 2657/3389/2932 2698/3430/2973
f 2658/3390/2933 2698/3430/2973 2697/3429/2972
f 2697/3429/2972 2698/3430/2973 2699/3431/2974
f 2697/3429/2972 2699/3431/2974 2700/3432/2975
f 2694/3426/2969 2697/3429/2972 2700/3432/2975
f 2694/3426/2969 2700/3432/2975 2695/3427/2970
f 2657/3389/2932 2662/3394/2937 2701/3433/2976
f 2657/3389/2932 2701/3433/2976 2698/3430/2973
f 2662/3394/2937 2661/3393/2936 2702/3434/2977
f 2662/3394/2937 2702/3434/2977 2701/3433/2976
f 2701/3433/2976 2702/3434/2977 2703/3435/2978
f 2701/3433/2976 2703/3435/2978 2704/3436/2979
f 2698/3430/2973 2701/3433/2976 2704/3436/2979
f 2698/3430/2973 2704/3436/2979 2699/3431/2974
f 2661/3393/2936 2666/3398/2941 2705/3437/2980
f 2661/3393/2936 2705/3437/2980 2702/3434/2977
f 2666/3398/2941 2665/3397/2940 2706/3438/2981
f 2666/3398/2941 2706/3438/2981 2705/3437/2980
f 2705/3437/2980 2706/3438/2981 2707/3439/2982
f 2705/3437/2980 2707/3439/2982 2708/3440/2983
f 2702/3434/2977 2705/3437/2980 2708/3440/2983
f 2702/3434/2977 2708/3440/2983 2703/3435/2978
f 2665/3397/2940 2670/3402/2945 2709/3441/2984
f 2665/3397/2940 2709/3441/2984 2706/3438/2981
f 2670/3402/2945 2669/3401/2944 2710/3442/2985
f 2670/3402/2945 2710/3442/2985 2709/3441/2984
f 2709/3441/2984 2710/3442/2985 2711/3443/2951
f 2709/3441/2984 2711/3443/2951 2712/3444/2986
f 2706/3438/2981 2709/3441/2984 2712/3444/2986
f 2706/3438/2981 2712/3444/2986 2707/3439/2982
f 2676/3408/2951 2675/3407/2950 2713/3445/2987
f 2676/3408/2951 2713/3445/2987 2714/3446/2988
f 2675/3407/2950 2674/3406/2949 2715/3447/2989
f 2675/3407/2950 2715/3447/2989 2713/3445/2987
f 2713/3445/2987 2715/3447/2989 2716/3448/2990
f 2713/3445/2987 2716/3448/2990 2717/3449/2991
f 2714/3446/2988 2713/3445/2987 2717/3449/2991
f 2714/3446/2988 2717/3449/2991 2718/3450/2992
f 2674/3406/2949 2680/3412/2955 2719/3451/2993
f 2674/3406/2949 2719/3451/2993 2715/3447/2989
f 2680/3412/2955 2679/3411/2954 2720/3452/2994
f 2680/3412/2955 2720/3452/2994 2719/3451/2993
f 2719/3451/2993 2720/3452/2994 2721/3453/2995
f 2719/3451/2993 2721/3453/2995 2722/3454/2996
f 2715/3447/2989 2719/3451/2993 2722/3454/2996
f 2715/3447/2989 2722/3454/2996 2716/3448/2990
f 2679/3411/2954 2684/3416/2959 2723/3455/2997
f 2679/3411/2954 2723/3455/2997 2720/3452/2994
f 2684/3416/2959 2683/3415/2958 2724/3456/2998
f 2684/3416/2959 2724/3456/2998 2723/3455/2997
f 2723/3455/2997 2724/3456/2998 2725/3457/2999
f 2723/3455/2997 2725/3457/2999 2726/3458/3000
f 2720/3452/2994 2723/3455/2997 2726/3458/3000
f 2720/3452/2994 2726/3458/3000 2721/3453/2995
f 2683/3415/2958 2688/3420/2963 2727/3459/3001
f 2683/3415/2958 2727/3459/3001 2724/3456/2998
f 2688/3420/2963 2687/3419/2962 2728/3460/3002
f 2688/3420/2963 2728/3460/3002 2727/3459/3001
f 2727/3459/3001 2728/3460/3002 2729/3461/3003
f 2727/3459/3001 2729/3461/3003 2730/3462/3004
f 2724/3456/2998 2727/3459/3001 2730/3462/3004
f 2724/3456/2998 2730/3462/3004 2725/3457/2999
f 2687/3419/2962 2692/3424/2967 2731/3463/3005
f 2687/3419/2962 2731/3463/3005 2728/3460/3002
f 2692/3424/2967 2691/3423/2966 2732/3464/3006
f 2692/3424/2967 2732/3464/3006 2731/3463/3005
f 2731/3463/3005 2732/3464/3006 2733/3465/3007
f 2731/3463/3005 2733/3465/3007 2734/3466/3008
f 2728/3460/3002 2731/3463/3005 2734/3466/3008
f 2728/3460/3002 2734/3466/3008 2729/3461/3003
f 2691/3423/2966 2696/3428/2971 2735/3467/3009
f 2691/3423/2966 2735/3467/3009 2732/3464/3006
f 2696/3428/2971 2695/3427/2970 2736/3468/3010
f 2696/3428/2971 2736/3468/3010 2735/3467/3009
f 2735/3467/3009 2736/3468/3010 2737/3469/3011
f 2735/3467/3009 2737/3469/3011 2738/3470/3012
f 2732/3464/3006 2735/3467/3009 2738/3470/3012
f 2732/3464/3006 2738/3470/3012 2733/3465/3007
f 2695/3427/2970 2700/3432/2975 2739/3471/3013
f 2695/3427/2970 2739/3471/3013 2736/3468/3010
f 2700/3432/2975 2699/3431/2974 2740/3472/3014
f 2700/3432/2975 2740/3472/3014 2739/3471/3013
f 2739/3471/3013 2740/3472/3014 2741/3473/3015
f 2739/3471/3013 2741/3473/3015 2742/3474/3016
f 2736/3468/3010 2739/3471/3013 2742/3474/3016
f 2736/3468/3010 2742/3474/3016 2737/3469/3011
f 2699/3431/2974 2704/3436/2979 2743/3475/3017
f 2699/3431/2974 2743/3475/3017 2740/3472/3014
f 2704/3436/2979 2703/3435/2978 2744/3476/3018
f 2704/3436/2979 2744/3476/3018 2743/3475/3017
f 2743/3475/3017 2744/3476/3018 2745/3477/3019
f 2743/3475/3017 2745/3477/3019 2746/3478/3020
f 2740/3472/3014 2743/3475/3017 2746/3478/3020
f 2740/3472/3014 2746/3478/3020 2741/3473/3015
f 2703/3435/2978 2708/3440/2983 2747/3479/3021
f 2703/3435/2978 2747/3479/3021 2744/3476/3018
f 2708/3440/2983 2707/3439/2982 2748/3480/3022
f 2708/3440/2983 2748/3480/3022 2747/3479/3021
f 2747/3479/3021 2748/3480/3022 2749/3481/3023
f 2747/3479/3021 2749/3481/3023 2750/3482/3024
f 2744/3476/3018 2747/3479/3021 2750/3482/3024
f 2744/3476/3018 2750/3482/3024 2745/3477/3019
f 2707/3439/2982 2712/3444/2986 2751/3483/3025
f 2707/3439/2982 2751/3483/3025 2748/3480/3022
f 2712/3444/2986 2711/3443/2951 2752/3484/3026
f 2712/3444/2986 2752/3484/3026 2751/3483/3025
f 2751/3483/3025 2752/3484/3026 2753/3485/2992
f 2751/3483/3025 2753/3485/2992 2754/3486/3027
f 2748/3480/3022 2751/3483/3025 2754/3486/3027
f 2748/3480/3022 2754/3486/3027 2749/3481/3023
f 2718/3450/2992 2717/3449/2991 2755/3487/3028
f 2718/3450/2992 2755/3487/3028 2756/3488/3029
f 2717/3449/2991 2716/3448/2990 2757/3489/3030
f 2717/3449/2991 2757/3489/3030 2755/3487/3028
f 2755/3487/3028 2757/3489/3030 2758/3490/3031
f 2755/3487/3028 2758/3490/3031 2759/3491/3032
f 2756/3488/3029 2755/3487/3028 2759/3491/3032
f 2756/3488/3029 2759/3491/3032 2760/3492/3033
f 2716/3448/2990 2722/3454/2996 2761/3493/3034
f 2716/3448/2990 2761/3493/3034 2757/3489/3030
f 2722/3454/2996 2721/3453/2995 2762/3494/3035
f 2722/3454/2996 2762/3494/3035 2761/3493/3034
f 2761/3493/3034 2762/3494/3035 2763/3495/3036
f 2761/3493/3034 2763/3495/3036 2764/3496/3037
f 2757/3489/3030 2761/3493/3034 2764/3496/3037
f 2757/3489/3030 2764/3496/3037 2758/3490/3031
f 2721/3453/2995 2726/3458/3000 2765/3497/3038
f 2721/3453/2995 2765/3497/3038 2762/3494/3035
f 2726/3458/3000 2725/3457/2999 2766/3498/3039
f 2726/3458/3000 2766/3498/3039 2765/3497/3038
f 2765/3497/3038 2766/3498/3039 2767/3499/3040
f 2765/3497/3038 2767/3499/3040 2768/3500/3041
f 2762/3494/3035 2765/3497/3038 2768/3500/3041
f 2762/3494/3035 2768/3500/3041 2763/3495/3036
f 2725/3457/2999 2730/3462/3004 2769/3501/3042
f 2725/3457/2999 2769/3501/3042 2766/3498/3039
f 2730/3462/3004 2729/3461/3003 2770/3502/3043
f 2730/3462/3004 2770/3502/3043 2769/3501/3042
f 2769/3501/3042 2770/3502/3043 2771/3503/3044
f 2769/3501/3042 2771/3503/3044 2772/3504/3045
f 2766/3498/3039 2769/3501/3042 2772/3504/3045
f 2766/3498/3039 2772/3504/3045 2767/3499/3040
f 2729/3461/3003 2734/3466/3008 2773/3505/3046
f 2729/3461/3003 2773/3505/3046 2770/3502/3043
f 2734/3466/3008 2733/3465/3007 2774/3506/3047
f 2734/3466/3008 2774/3506/3047 2773/3505/3046
f 2773/3505/3046 2774/3506/3047 2775/3507/3048
f 2773/3505/3046 2775/3507/3048 2776/3508/3049
f 2770/3502/3043 2773/3505/3046 2776/3508/3049
f 2770/3502/3043 2776/3508/3049 2771/3503/3044
f 2733/3465/3007 2738/3470/3012 2777/3509/3050
f 2733/3465/3007 2777/3509/3050 2774/3506/3047
f 2738/3470/3012 2737/3469/3011 2778/3510/3051
f 2738/3470/3012 2778/3510/3051 2777/3509/3050
f 2777/3509/3050 2778/3510/3051 2779/3511/3052
f 2777/3509/3050 2779/3511/3052 2780/3512/3053
f 2774/3506/3047 2777/3509/3050 2780/3512/3053
f 2774/3506/3047 2780/3512/3053 2775/3507/3048
f 2737/3469/3011 2742/3474/3016 2781/3513/3054
f 2737/3469/3011 2781/3513/3054 2778/3510/3051
f 2742/3474/3016 2741/3473/3015 2782/3514/3055
f 2742/3474/3016 2782/3514/3055 2781/3513/3054
f 2781/3513/3054 2782/3514/3055 2783/3515/3056
f 2781/3513/3054 2783/3515/3056 2784/3516/3057
f 2778/3510/3051 2781/3513/3054 2784/3516/3057
f 2778/3510/3051 2784/3516/3057 2779/3511/3052
f 2741/3473/3015 2746/3478/3020 2785/3517/3058
f 2741/3473/3015 2785/3517/3058 2782/3514/3055
f 2746/3478/3020 2745/3477/3019 2786/3518/3059
f 2746/3478/3020 2786/3518/3059 2785/3517/3058
f 2785/3517/3058 2786/3518/3059 2787/3519/3060
f 2785/3517/3058 2787/3519/3060 2788/3520/3061
f 2782/3514/3055 2785/3517/3058 2788/3520/3061
f 2782/3514/3055 2788/3520/3061 2783/3515/3056
f 2745/3477/3019 2750/3482/3024 2789/3521/3062
f 2745/3477/3019 2789/3521/3062 2786/3518/3059
f 2750/3482/3024 2749/3481/3023 2790/3522/3063
f 2750/3482/3024 2790/3522/3063 2789/3521/3062
f 2789/3521/3062 2790/3522/3063 2791/3523/3064
f 2789/3521/3062 2791/3523/3064 2792/3524/3065
f 2786/3518/3059 2789/3521/3062 2792/3524/3065
f 2786/3518/3059 2792/3524/3065 2787/3519/3060
f 2749/3481/3023 2754/3486/3027 2793/3525/3066
f 2749/3481/3023 2793/3525/3066 2790/3522/3063
f 2754/3486/3027 2753/3485/2992 2794/3526/3029
f 2754/3486/3027 2794/3526/3029 2793/3525/3066
f 2793/3525/3066 2794/3526/3029 2795/3527/3067
f 2793/3525/3066 2795/3527/3067 2796/3528/3068
f 2790/3522/3063 2793/3525/3066 2796/3528/3068
f 2790/3522/3063 2796/3528/3068 2791/3523/3064
f 2760/3492/3033 2759/3491/3032 2797/3529/3069
f 2760/3492/3033 2797/3529/3069 2798/3530/3070
f 2759/3491/3032 2758/3490/3031 2799/3531/3071
f 2759/3491/3032 2799/3531/3071 2797/3529/3069
f 2797/3529/3069 2799/3531/3071 2800/3532/3072
f 2797/3529/3069 2800/3532/3072 2801/3533/3073
f 2798/3530/3070 2797/3529/3069 2801/3533/3073
f 2798/3530/3070 2801/3533/3073 2802/3534/3074
f 2758/3490/3031 2764/3496/3037 2803/3535/3075
f 2758/3490/3031 2803/3535/3075 2799/3531/3071
f 2764/3496/3037 2763/3495/3036 2804/3536/3076
f 2764/3496/3037 2804/3536/3076 2803/3535/3075
f 2803/3535/3075 2804/3536/3076 2805/3537/3077
f 2803/3535/3075 2805/3537/3077 2806/3538/3078
f 2799/3531/3071 2803/3535/3075 2806/3538/3078
f 2799/3531/3071 2806/3538/3078 2800/3532/3072
f 2763/3495/3036 2768/3500/3041 2807/3539/3079
f 2763/3495/3036 2807/3539/3079 2804/3536/3076
f 2768/3500/3041 2767/3499/3040 2808/3540/3080
f 2768/3500/3041 2808/3540/3080 2807/3539/3079
f 2807/3539/3079 2808/3540/3080 2809/3541/3081
f 2807/3539/3079 2809/3541/3081 2810/3542/3082
f 2804/3536/3076 2807/3539/3079 2810/3542/3082
f 2804/3536/3076 2810/3542/3082 2805/3537/3077
f 2767/3499/3040 2772/3504/3045 2811/3543/3083
f 2767/3499/3040 2811/3543/3083 2808/3540/3080
f 2772/3504/3045 2771/3503/3044 2812/3544/3084
f 2772/3504/3045 2812/3544/3084 2811/3543/3083
f 2811/3543/3083 2812/3544/3084 2813/3545/3085
f 2811/3543/3083 2813/3545/3085 2814/3546/3086
f 2808/3540/3080 2811/3543/3083 2814/3546/3086
f 2808/3540/3080 2814/3546/3086 2809/3541/3081
f 2771/3503/3044 2776/3508/3049 2815/3547/3087
f 2771/3503/3044 2815/3547/3087 2812/3544/3084
f 2776/3508/3049 2775/3507/3048 2816/3548/3088
f 2776/3508/3049 2816/3548/3088 2815/3547/3087
f 2815/3547/3087 2816/3548/3088 2817/3549/3089
f 2815/3547/3087 2817/3549/3089 2818/3550/3090
f 2812/3544/3084 2815/3547/3087 2818/3550/3090
f 2812/3544/3084 2818/3550/3090 2813/3545/3085
f 2775/3507/3048 2780/3512/3053 2819/3551/3091
f 2775/3507/3048 2819/3551/3091 2816/3548/3088
f 2780/3512/3053 2779/3511/3052 2820/3552/3092
f 2780/3512/3053 2820/3552/3092 2819/3551/3091
f 2819/3551/3091 2820/3552/3092 2821/3553/3093
f 2819/3551/3091 2821/3553/3093 2822/3554/3094
f 2816/3548/3088 2819/3551/3091 2822/3554/3094
f 2816/3548/3088 2822/3554/3094 2817/3549/3089
f 2779/3511/3052 2784/3516/3057 2823/3555/3095
f 2779/3511/3052 2823/3555/3095 2820/3552/3092
f 2784/3516/3057 2783/3515/3056 2824/3556/3096
f 2784/3516/3057 2824/3556/3096 2823/3555/3095
f 2823/3555/3095 2824/3556/3096 2825/3557/3097
f 2823/3555/3095 2825/3557/3097 2826/3558/3098
f 2820/3552/3092 2823/3555/3095 2826/3558/3098
f 2820/3552/3092 2826/3558/3098 2821/3553/3093
f 2783/3515/3056 2788/3520/3061 2827/3559/3099
f 2783/3515/3056 2827/3559/3099 2824/3556/3096
f 2788/3520/3061 2787/3519/3060 2828/3560/3100
f 2788/3520/3061 2828/3560/3100 2827/3559/3099
f 2827/3559/3099 2828/3560/3100 2829/3561/3101
f 2827/3559/3099 2829/3561/3101 2830/3562/3102
f 2824/3556/3096 2827/3559/3099 2830/3562/3102
f 2824/3556/3096 2830/3562/3102 2825/3557/3097
f 2787/3519/3060 2792/3524/3065 2831/3563/3103
f 2787/3519/3060 2831/3563/3103 2828/3560/3100
f 2792/3524/3065 2791/3523/3064 2832/3564/3104
f 2792/3524/3065 2832/3564/3104 2831/3563/3103
f 2831/3563/3103 2832/3564/3104 2833/3565/3105
f 2831/3563/3103 2833/3565/3105 2834/3566/3106
f 2828/3560/3100 2831/3563/3103 2834/3566/3106
f 2828/3560/3100 2834/3566/3106 2829/3561/3101
f 2791/3523/3064 2796/3528/3068 2835/3567/3107
f 2791/3523/3064 2835/3567/3107 2832/3564/3104
f 2796/3528/3068 2795/3527/3067 2836/3568/3070
f 2796/3528/3068 2836/3568/3070 2835/3567/3107
f 2835/3567/3107 2836/3568/3070 2837/3569/3074
f 2835/3567/3107 2837/3569/3074 2838/3570/3108
f 2832/3564/3104 2835/3567/3107 2838/3570/3108
f 2832/3564/3104 2838/3570/3108 2833/3565/3105
f 2802/3534/3074 2801/3533/3073 2839/3571/3109
f 2802/3534/3074 2839/3571/3109 2840/3572/3110
f 2801/3533/3073 2800/3532/3072 2841/3573/3111
f 2801/3533/3073 2841/3573/3111 2839/3571/3109
f 2839/3571/3109 2841/3573/3111 2842/3574/3112
f 2839/3571/3109 2842/3574/3112 2843/3575/3113
f 2840/3572/3110 2839/3571/3109 2843/3575/3113
f 2840/3572/3110 2843/3575/3113 2844/3576/3114
f 2800/3532/3072 2806/3538/3078 2845/3577/3115
f 2800/3532/3072 2845/3577/3115 2841/3573/3111
f 2806/3538/3078 2805/3537/3077 2846/3578/3116
f 2806/3538/3078 2846/3578/3116 2845/3577/3115
f 2845/3577/3115 2846/3578/3116 2847/3579/3117
f 2845/3577/3115 2847/3579/3117 2848/3580/3118
f 2841/3573/3111 2845/3577/3115 2848/3580/3118
f 2841/3573/3111 2848/3580/3118 2842/3574/3112
f 2805/3537/3077 2810/3542/3082 2849/3581/3119
f 2805/3537/3077 2849/3581/3119 2846/3578/3116
f 2810/3542/3082 2809/3541/3081 2850/3582/3120
f 2810/3542/3082 2850/3582/3120 2849/3581/3119
f 2849/3581/3119 2850/3582/3120 2851/3583/3121
f 2849/3581/3119 2851/3583/3121 2852/3584/3122
f 2846/3578/3116 2849/3581/3119 2852/3584/3122
f 2846/3578/3116 2852/3584/3122 2847/3579/3117
f 2809/3541/3081 2814/3546/3086 2853/3585/3123
f 2809/3541/3081 2853/3585/3123 2850/3582/3120
f 2814/3546/3086 2813/3545/3085 2854/3586/3124
f 2814/3546/3086 2854/3586/3124 2853/3585/3123
f 2853/3585/3123 2854/3586/3124 2855/3587/3125
f 2853/3585/3123 2855/3587/3125 2856/3588/3126
f 2850/3582/3120 2853/3585/3123 2856/3588/3126
f 2850/3582/3120 2856/3588/3126 2851/3583/3121
f 2813/3545/3085 2818/3550/3090 2857/3589/3127
f 2813/3545/3085 2857/3589/3127 2854/3586/3124
f 2818/3550/3090 2817/3549/3089 2858/3590/3128
f 2818/3550/3090 2858/3590/3128 2857/3589/3127
f 2857/3589/3127 2858/3590/3128 2859/3591/3129
f 2857/3589/3127 2859/3591/3129 2860/3592/3130
f 2854/3586/3124 2857/3589/3127 2860/3592/3130
f 2854/3586/3124 2860/3592/3130 2855/3587/3125
f 2817/3549/3089 2822/3554/3094 2861/3593/3131
f 2817/3549/3089 2861/3593/3131 2858/3590/3128
f 2822/3554/3094 2821/3553/3093 2862/3594/3132
f 2822/3554/3094 2862/3594/3132 2861/3593/3131
f 2861/3593/3131 2862/3594/3132 2863/3595/3133
f 2861/3593/3131 2863/3595/3133 2864/3596/3134
f 2858/3590/3128 2861/3593/3131 2864/3596/3134
f 2858/3590/3128 2864/3596/3134 2859/3591/3129
f 2821/3553/3093 2826/3558/3098 2865/3597/3135
f 2821/3553/3093 2865/3597/3135 2862/3594/3132
f 2826/3558/3098 2825/3557/3097 2866/3598/3136
f 2826/3558/3098 2866/3598/3136 2865/3597/3135
f 2865/3597/3135 2866/3598/3136 2867/3599/3137
f 2865/3597/3135 2867/3599/3137 2868/3600/3138
f 2862/3594/3132 2865/3597/3135 2868/3600/3138
f 2862/3594/3132 2868/3600/3138 2863/3595/3133
f 2825/3557/3097 2830/3562/3102 2869/3601/3139
f 2825/3557/3097 2869/3601/3139 2866/3598/3136
f 2830/3562/3102 2829/3561/3101 2870/3602/3140
f 2830/3562/3102 2870/3602/3140 2869/3601/3139
f 2869/3601/3139 2870/3602/3140 2871/3603/3141
f 2869/3601/3139 2871/3603/3141 2872/3604/3142
f 2866/3598/3136 2869/3601/3139 2872/3604/3142
f 2866/3598/3136 2872/3604/3142 2867/3599/3137
f 2829/3561/3101 2834/3566/3106 2873/3605/3143
f 2829/3561/3101 2873/3605/3143 2870/3602/3140
f 2834/3566/3106 2833/3565/3105 2874/3606/3144
f 2834/3566/3106 2874/3606/3144 2873/3605/3143
f 2873/3605/3143 2874/3606/3144 2875/3607/3145
f 2873/3605/3143 2875/3607/3145 2876/3608/3146
f 2870/3602/3140 2873/3605/3143 2876/3608/3146
f 2870/3602/3140 2876/3608/3146 2871/3603/3141
f 2833/3565/3105 2838/3570/3108 2877/3609/3147
f 2833/3565/3105 2877/3609/3147 2874/3606/3144
f 2838/3570/3108 2837/3569/3074 2878/3610/3148
f 2838/3570/3108 2878/3610/3148 2877/3609/3147
f 2877/3609/3147 2878/3610/3148 2879/3611/3149
f 2877/3609/3147 2879/3611/3149 2880/3612/3150
f 2874/3606/3144 2877/3609/3147 2880/3612/3150
f 2874/3606/3144 2880/3612/3150 2875/3607/3145
f 2844/3576/3114 2843/3575/3113 2881/3613/3151
f 2844/3576/3114 2881/3613/3151 2882/3614/3152
f 2843/3575/3113 2842/3574/3112 2883/3615/3153
f 2843/3575/3113 2883/3615/3153 2881/3613/3151
f 2881/3613/3151 2883/3615/3153 2884/3616/3154
f 2881/3613/3151 2884/3616/3154 2885/3617/3155
f 2882/3614/3152 2881/3613/3151 2885/3617/3155
f 2882/3614/3152 2885/3617/3155 2886/3618/3156
f 2842/3574/3112 2848/3580/3118 2887/3619/3157
f 2842/3574/3112 2887/3619/3157 2883/3615/3153
f 2848/3580/3118 2847/3579/3117 2888/3620/3158
f 2848/3580/3118 2888/3620/3158 2887/3619/3157
f 2887/3619/3157 2888/3620/3158 2889/3621/3159
f 2887/3619/3157 2889/3621/3159 2890/3622/3160
f 2883/3615/3153 2887/3619/3157 2890/3622/3160
f 2883/3615/3153 2890/3622/3160 2884/3616/3154
f 2847/3579/3117 2852/3584/3122 2891/3623/3161
f 2847/3579/3117 2891/3623/3161 2888/3620/3158
f 2852/3584/3122 2851/3583/3121 2892/3624/3162
f 2852/3584/3122 2892/3624/3162 2891/3623/3161
f 2891/3623/3161 2892/3624/3162 2893/3625/3163
f 2891/3623/3161 2893/3625/3163 2894/3626/3164
f 2888/3620/3158 2891/3623/3161 2894/3626/3164
f 2888/3620/3158 2894/3626/3164 2889/3621/3159
f 2851/3583/3121 2856/3588/3126 2895/3627/3165
f 2851/3583/3121 2895/3627/3165 2892/3624/3162
f 2856/3588/3126 2855/3587/3125 2896/3628/3166
f 2856/3588/3126 2896/3628/3166 2895/3627/3165
f 2895/3627/3165 2896/3628/3166 2897/3629/3167
f 2895/3627/3165 2897/3629/3167 2898/3630/3168
f 2892/3624/3162 2895/3627/3165 2898/3630/3168
f 2892/3624/3162 2898/3630/3168 2893/3625/3163
f 2855/3587/3125 2860/3592/3130 2899/3631/3169
f 2855/3587/3125 2899/3631/3169 2896/3628/3166
f 2860/3592/3130 2859/3591/3129 2900/3632/3170
f 2860/3592/3130 2900/3632/3170 2899/3631/3169
f 2899/3631/3169 2900/3632/3170 2901/3633/3171
f 2899/3631/3169 2901/3633/3171 2902/3634/3172
f 2896/3628/3166 2899/3631/3169 2902/3634/3172
f 2896/3628/3166 2902/3634/3172 2897/3629/3167
f 2859/3591/3129 2864/3596/3134 2903/3635/3173
f 2859/3591/3129 2903/3635/3173 2900/3632/3170
f 2864/3596/3134 2863/3595/3133 2904/3636/3174
f 2864/3596/3134 2904/3636/3174 2903/3635/3173
f 2903/3635/3173 2904/3636/3174 2905/3637/3175
f 2903/3635/3173 2905/3637/3175 2906/3638/3176
f 2900/3632/3170 2903/3635/3173 2906/3638/3176
f 2900/3632/3170 2906/3638/3176 2901/3633/3171
f 2863/3595/3133 2868/3600/3138 2907/3639/3177
f 2863/3595/3133 2907/3639/3177 2904/3636/3174
f 2868/3600/3138 2867/3599/3137 2908/3640/3178
f 2868/3600/3138 2908/3640/3178 2907/3639/3177
f 2907/3639/3177 2908/3640/3178 2909/3641/3179
f 2907/3639/3177 2909/3641/3179 2910/3642/3180
f 2904/3636/3174 2907/3639/3177 2910/3642/3180
f 2904/3636/3174 2910/3642/3180 2905/3637/3175
f 2867/3599/3137 2872/3604/3142 2911/3643/3181
f 2867/3599/3137 2911/3643/3181 2908/3640/3178
f 2872/3604/3142 2871/3603/3141 2912/3644/3182
f 2872/3604/3142 2912/3644/3182 2911/3643/3181
f 2911/3643/3181 2912/3644/3182 2913/3645/3183
f 2911/3643/3181 2913/3645/3183 2914/3646/3184
f 2908/3640/3178 2911/3643/3181 2914/3646/3184
f 2908/3640/3178 2914/3646/3184 2909/3641/3179
f 2871/3603/3141 2876/3608/3146 2915/3647/3185
f 2871/3603/3141 2915/3647/3185 2912/3644/3182
f 2876/3608/3146 2875/3607/3145 2916/3648/3186
f 2876/3608/3146 2916/3648/3186 2915/3647/3185
f 2915/3647/3185 2916/3648/3186 2917/3649/3187
f 2915/3647/3185 2917/3649/3187 2918/3650/3188
f 2912/3644/3182 2915/3647/3185 2918/3650/3188
f 2912/3644/3182 2918/3650/3188 2913/3645/3183
f 2875/3607/3145 2880/3612/3150 2919/3651/3189
f 2875/3607/3145 2919/3651/3189 2916/3648/3186
f 2880/3612/3150 2879/3611/3149 2920/3652/3190
f 2880/3612/3150 2920/3652/3190 2919/3651/3189
f 2919/3651/3189 2920/3652/3190 2921/3653/3156
f 2919/3651/3189 2921/3653/3156 2922/3654/3191
f 2916/3648/3186 2919/3651/3189 2922/3654/3191
f 2916/3648/3186 2922/3654/3191 2917/3649/3187
f 2570/3302/2846 2567/3299/2843 2923/3655/3192
f 2570/3302/2846 2923/3655/3192 2924/3656/3193
f 2566/3298/2842 2925/3657/3194 2923/3655/3192
f 2566/3298/2842 2923/3655/3192 2567/3299/2843
f 2926/3658/3195 2924/3656/3193 2923/3655/3192
f 2926/3658/3195 2923/3655/3192 2925/3657/3194
f 2577/3309/2853 2575/3307/2851 2927/3659/3196
f 2577/3309/2853 2927/3659/3196 2928/3660/3197
f 2570/3302/2846 2929/3661/3198 2927/3659/3196
f 2570/3302/2846 2927/3659/3196 2575/3307/2851
f 2930/3662/3199 2928/3660/3197 2927/3659/3196
f 2930/3662/3199 2927/3659/3196 2929/3661/3198
f 2583/3315/2859 2581/3313/2857 2931/3663/3200
f 2583/3315/2859 2931/3663/3200 2932/3664/3201
f 2577/3309/2853 2933/3665/3202 2931/3663/3200
f 2577/3309/2853 2931/3663/3200 2581/3313/2857
f 2934/3666/3203 2932/3664/3201 2931/3663/3200
f 2934/3666/3203 2931/3663/3200 2933/3665/3202
f 2589/3321/2865 2587/3319/2863 2935/3667/3204
f 2589/3321/2865 2935/3667/3204 2936/3668/3205
f 2583/3315/2859 2937/3669/3201 2935/3667/3204
f 2583/3315/2859 2935/3667/3204 2587/3319/2863
f 2938/3670/3206 2936/3668/3205 2935/3667/3204
f 2938/3670/3206 2935/3667/3204 2937/3669/3201
f 2595/3327/2871 2593/3325/2869 2939/3671/3207
f 2595/3327/2871 2939/3671/3207 2940/3672/3208
f 2589/3321/2865 2941/3673/3209 2939/3671/3207
f 2589/3321/2865 2939/3671/3207 2593/3325/2869
f 2942/3674/3210 2940/3672/3208 2939/3671/3207
f 2942/3674/3210 2939/3671/3207 2941/3673/3209
f 2601/3333/2877 2599/3331/2875 2943/3675/3211
f 2601/3333/2877 2943/3675/3211 2944/3676/3212
f 2595/3327/2871 2945/3677/3213 2943/3675/3211
f 2595/3327/2871 2943/3675/3211 2599/3331/2875
f 2946/3678/3214 2944/3676/3212 2943/3675/3211
f 2946/3678/3214 2943/3675/3211 2945/3677/3213
f 2607/3339/2883 2605/3337/2881 2947/3679/3215
f 2607/3339/2883 2947/3679/3215 2948/3680/3216
f 2601/3333/2877 2949/3681/3212 2947/3679/3215
f 2601/3333/2877 2947/3679/3215 2605/3337/2881
f 2950/3682/3217 2948/3680/3216 2947/3679/3215
f 2950/3682/3217 2947/3679/3215 2949/3681/3212
f 2613/3345/2889 2611/3343/2887 2951/3683/3218
f 2613/3345/2889 2951/3683/3218 2952/3684/3219
f 2607/3339/2883 2953/3685/3220 2951/3683/3218
f 2607/3339/2883 2951/3683/3218 2611/3343/2887
f 2954/3686/3217 2952/3684/3219 2951/3683/3218
f 2954/3686/3217 2951/3683/3218 2953/3685/3220
f 2619/3351/2895 2617/3349/2893 2955/3687/3221
f 2619/3351/2895 2955/3687/3221 2956/3688/3222
f 2613/3345/2889 2957/3689/3223 2955/3687/3221
f 2613/3345/2889 2955/3687/3221 2617/3349/2893
f 2958/3690/3217 2956/3688/3222 2955/3687/3221
f 2958/3690/3217 2955/3687/3221 2957/3689/3223
f 2625/3357/2842 2623/3355/2899 2959/3691/3224
f 2625/3357/2842 2959/3691/3224 2960/3692/3225
f 2619/3351/2895 2961/3693/3222 2959/3691/3224
f 2619/3351/2895 2959/3691/3224 2623/3355/2899
f 2962/3694/3226 2960/3692/3225 2959/3691/3224
f 2962/3694/3226 2959/3691/3224 2961/3693/3222
f 2886/3618/3156 2885/3617/3155 2963/3695/3227
f 2886/3618/3156 2963/3695/3227 2964/3696/3228
f 2884/3616/3154 2965/3697/3229 2963/3695/3227
f 2884/3616/3154 2963/3695/3227 2885/3617/3155
f 2966/3698/3230 2964/3696/3228 2963/3695/3227
f 2966/3698/3230 2963/3695/3227 2965/3697/3229
f 2884/3616/3154 2890/3622/3160 2967/3699/3231
f 2884/3616/3154 2967/3699/3231 2968/3700/3232
f 2889/3621/3159 2969/3701/3233 2967/3699/3231
f 2889/3621/3159 2967/3699/3231 2890/3622/3160
f 2970/3702/3234 2968/3700/3232 2967/3699/3231
f 2970/3702/3234 2967/3699/3231 2969/3701/3233
f 2889/3621/3159 2894/3626/3164 2971/3703/3235
f 2889/3621/3159 2971/3703/3235 2972/3704/3236
f 2893/3625/3163 2973/3705/3237 2971/3703/3235
f 2893/3625/3163 2971/3703/3235 2894/3626/3164
f 2974/3706/3234 2972/3704/3236 2971/3703/3235
f 2974/3706/3234 2971/3703/3235 2973/3705/3237
f 2893/3625/3163 2898/3630/3168 2975/3707/3238
f 2893/3625/3163 2975/3707/3238 2976/3708/3239
f 2897/3629/3167 2977/3709/3240 2975/3707/3238
f 2897/3629/3167 2975/3707/3238 2898/3630/3168
f 2978/3710/3241 2976/3708/3239 2975/3707/3238
f 2978/3710/3241 2975/3707/3238 2977/3709/3240
f 2897/3629/3167 2902/3634/3172 2979/3711/3242
f 2897/3629/3167 2979/3711/3242 2980/3712/3243
f 2901/3633/3171 2981/3713/3244 2979/3711/3242
f 2901/3633/3171 2979/3711/3242 2902/3634/3172
f 2982/3714/3241 2980/3712/3243 2979/3711/3242
f 2982/3714/3241 2979/3711/3242 2981/3713/3244
f 2901/3633/3171 2906/3638/3176 2983/3715/3245
f 2901/3633/3171 2983/3715/3245 2984/3716/3246
f 2905/3637/3175 2985/3717/3247 2983/3715/3245
f 2905/3637/3175 2983/3715/3245 2906/3638/3176
f 2986/3718/3248 2984/3716/3246 2983/3715/3245
f 2986/3718/3248 2983/3715/3245 2985/3717/3247
f 2905/3637/3175 2910/3642/3180 2987/3719/3249
f 2905/3637/3175 2987/3719/3249 2988/3720/3247
f 2909/3641/3179 2989/3721/3250 2987/3719/3249
f 2909/3641/3179 2987/3719/3249 2910/3642/3180
f 2990/3722/3251 2988/3720/3247 2987/3719/3249
f 2990/3722/3251 2987/3719/3249 2989/3721/3250
f 2909/3641/3179 2914/3646/3184 2991/3723/3252
f 2909/3641/3179 2991/3723/3252 2992/3724/3253
f 2913/3645/3183 2993/3725/3254 2991/3723/3252
f 2913/3645/3183 2991/3723/3252 2914/3646/3184
f 2994/3726/3255 2992/3724/3253 2991/3723/3252
f 2994/3726/3255 2991/3723/3252 2993/3725/3254
f 2913/3645/3183 2918/3650/3188 2995/3727/3256
f 2913/3645/3183 2995/3727/3256 2996/3728/3257
f 2917/3649/3187 2997/3729/3258 2995/3727/3256
f 2917/3649/3187 2995/3727/3256 2918/3650/3188
f 2998/3730/3259 2996/3728/3257 2995/3727/3256
f 2998/3730/3259 2995/3727/3256 2997/3729/3258
f 2917/3649/3187 2922/3654/3191 2999/3731/3260
f 2917/3649/3187 2999/3731/3260 3000/3732/3261
f 2921/3653/3156 3001/3733/3262 2999/3731/3260
f 2921/3653/3156 2999/3731/3260 2922/3654/3191
f 3002/3734/3263 3000/3732/3261 2999/3731/3260
f 3002/3734/3263 2999/3731/3260 3001/3733/3262
s 143
f 3427/3735/3264 3428/3736/3265 3429/3737/3266
f 3427/3735/3264 3429/3737/3266 3430/3738/3266
s 144
f 3431/3739/3267 3432/3740/3268 3433/3741/3269
f 3431/3739/3267 3433/3741/3269 3434/3742/3269
s 145
f 3435/3743/3270 3436/3744/3270 3437/3745/3271
f 3435/3743/3270 3437/3745/3271 3438/3746/3272
s 146
f 3439/3747/3273 3440/3748/3273 3441/3749/3274
f 3439/3747/3273 3441/3749/3274 3442/3750/3275
s 147
f 3443/3751/3276 3444/3752/3277 3445/3753/3278
f 3443/3751/3276 3445/3753/3278 3446/3754/3279
s 148
f 3447/3755/3280 3448/3756/3281 3449/3757/3282
f 3447/3755/3280 3449/3757/3282 3450/3758/3283
s 144
f 3451/3759/3284 3452/3760/3284 3432/3740/3268
f 3451/3759/3284 3432/3740/3268 3431/3739/3267
s 147
f 3453/3761/3285 3444/3752/3277 3443/3751/3276
f 3453/3761/3285 3443/3751/3276 3454/3762/3286
s 146
f 3442/3750/3275 3441/3749/3274 3455/3763/3287
f 3442/3750/3275 3455/3763/3287 3456/3764/3287
s 148
f 3449/3757/3282 3448/3756/3281 3457/3765/3288
f 3449/3757/3282 3457/3765/3288 3458/3766/3289
s 143
f 3459/3767/3290 3460/3768/3290 3428/3736/3265
f 3459/3767/3290 3428/3736/3265 3427/3735/3264
s 147
f 3461/3769/3291 3462/3770/3292 3444/3752/3277
f 3461/3769/3291 3444/3752/3277 3453/3761/3285
f 3445/3753/3278 3444/3752/3277 3462/3770/3292
f 3445/3753/3278 3462/3770/3292 3463/3771/3293
s 145
f 3438/3746/3272 3437/3745/3271 3464/3772/3294
f 3438/3746/3272 3464/3772/3294 3465/3773/3294
s 148
f 3466/3774/3295 3467/3775/3296 3448/3756/3281
f 3466/3774/3295 3448/3756/3281 3447/3755/3280
f 3457/3765/3288 3448/3756/3281 3467/3775/3296
f 3457/3765/3288 3467/3775/3296 3468/3776/3297
s 149
f 3469/3777/3298 3470/3778/3299 3471/3779/3300
f 3469/3777/3298 3471/3779/3300 3472/3780/3300
s 150
f 3473/3781/3301 3474/3782/3302 3475/3783/3303
f 3473/3781/3301 3475/3783/3303 3476/3784/3303
s 151
f 3477/3785/3304 3478/3786/3304 3479/3787/3305
f 3477/3785/3304 3479/3787/3305 3480/3788/3306
s 152
f 3481/3789/3307 3482/3790/3307 3483/3791/3308
f 3481/3789/3307 3483/3791/3308 3484/3792/3309
s 153
f 3485/3793/3310 3486/3794/3311 3487/3795/3312
f 3485/3793/3310 3487/3795/3312 3488/3796/3313
s 154
f 3489/3797/3314 3490/3798/3315 3491/3799/3316
f 3489/3797/3314 3491/3799/3316 3492/3800/3317
s 150
f 3493/3801/3318 3494/3802/3319 3474/3782/3302
f 3493/3801/3318 3474/3782/3302 3473/3781/3301
s 153
f 3495/3803/3320 3496/3804/3321 3486/3794/3311
f 3495/3803/3320 3486/3794/3311 3485/3793/3310
s 152
f 3484/3792/3309 3483/3791/3308 3497/3805/3322
f 3484/3792/3309 3497/3805/3322 3498/3806/3323
s 154
f 3491/3799/3316 3490/3798/3315 3499/3807/3324
f 3491/3799/3316 3499/3807/3324 3500/3808/3325
s 150
f 3501/3809/3326 3502/3810/3326 3494/3802/3319
f 3501/3809/3326 3494/3802/3319 3493/3801/3318
s 153
f 3503/3811/3327 3496/3804/3321 3495/3803/3320
f 3503/3811/3327 3495/3803/3320 3504/3812/3328
s 152
f 3498/3806/3323 3497/3805/3322 3505/3813/3329
f 3498/3806/3323 3505/3813/3329 3506/3814/3329
s 154
f 3500/3808/3325 3499/3807/3324 3507/3815/3330
f 3500/3808/3325 3507/3815/3330 3508/3816/3331
s 149
f 3509/3817/3332 3510/3818/3332 3470/3778/3299
f 3509/3817/3332 3470/3778/3299 3469/3777/3298
s 153
f 3511/3819/3333 3512/3820/3334 3496/3804/3321
f 3511/3819/3333 3496/3804/3321 3503/3811/3327
f 3486/3794/3311 3496/3804/3321 3512/3820/3334
f 3486/3794/3311 3512/3820/3334 3513/3821/3335
f 3487/3795/3312 3486/3794/3311 3513/3821/3335
f 3487/3795/3312 3513/3821/3335 3514/3822/3336
s 151
f 3480/3788/3306 3479/3787/3305 3515/3823/3337
f 3480/3788/3306 3515/3823/3337 3516/3824/3337
s 154
f 3517/3825/3338 3518/3826/3339 3490/3798/3315
f 3517/3825/3338 3490/3798/3315 3489/3797/3314
f 3499/3807/3324 3490/3798/3315 3518/3826/3339
f 3499/3807/3324 3518/3826/3339 3519/3827/3340
f 3507/3815/3330 3499/3807/3324 3519/3827/3340
f 3507/3815/3330 3519/3827/3340 3520/3828/3341
s 155
f 3810/3829/3342 3811/3830/3343 3812/3831/3344
f 3810/3829/3342 3812/3831/3344 3813/3832/3345
f 3811/3830/3343 3814/3833/3346 3815/3834/3347
f 3811/3830/3343 3815/3834/3347 3812/3831/3344
f 3812/3831/3344 3815/3834/3347 3816/3835/3348
f 3812/3831/3344 3816/3835/3348 3817/3836/3349
f 3813/3832/3345 3812/3831/3344 3817/3836/3349
f 3813/3832/3345 3817/3836/3349 3818/3837/3350
f 3814/3833/3346 3819/3838/3351 3820/3839/3352
f 3814/3833/3346 3820/3839/3352 3815/3834/3347
f 3819/3838/3351 3821/3840/3353 3822/3841/3354
f 3819/3838/3351 3822/3841/3354 3820/3839/3352
f 3820/3839/3352 3822/3841/3354 3823/3842/3355
f 3820/3839/3352 3823/3842/3355 3824/3843/3356
f 3815/3834/3347 3820/3839/3352 3824/3843/3356
f 3815/3834/3347 3824/3843/3356 3816/3835/3348
f 3821/3840/3353 3825/3844/3357 3826/3845/3358
f 3821/3840/3353 3826/3845/3358 3822/3841/3354
f 3825/3844/3357 3827/3846/3359 3828/3847/3360
f 3825/3844/3357 3828/3847/3360 3826/3845/3358
f 3826/3845/3358 3828/3847/3360 3829/3848/3361
f 3826/3845/3358 3829/3848/3361 3830/3849/3362
f 3822/3841/3354 3826/3845/3358 3830/3849/3362
f 3822/3841/3354 3830/3849/3362 3823/3842/3355
f 3827/3846/3359 3831/3850/3363 3832/3851/3364
f 3827/3846/3359 3832/3851/3364 3828/3847/3360
f 3831/3850/3363 3833/3852/3365 3834/3853/3366
f 3831/3850/3363 3834/3853/3366 3832/3851/3364
f 3832/3851/3364 3834/3853/3366 3835/3854/3367
f 3832/3851/3364 3835/3854/3367 3836/3855/3368
f 3828/3847/3360 3832/3851/3364 3836/3855/3368
f 3828/3847/3360 3836/3855/3368 3829/3848/3361
f 3833/3852/3365 3837/3856/3369 3838/3857/3370
f 3833/3852/3365 3838/3857/3370 3834/3853/3366
f 3837/3856/3369 3839/3858/3371 3840/3859/3372
f 3837/3856/3369 3840/3859/3372 3838/3857/3370
f 3838/3857/3370 3840/3859/3372 3841/3860/3373
f 3838/3857/3370 3841/3860/3373 3842/3861/3374
f 3834/3853/3366 3838/3857/3370 3842/3861/3374
f 3834/3853/3366 3842/3861/3374 3835/3854/3367
f 3839/3858/3371 3843/3862/3375 3844/3863/3376
f 3839/3858/3371 3844/3863/3376 3840/3859/3372
f 3843/3862/3375 3845/3864/3377 3846/3865/3378
f 3843/3862/3375 3846/3865/3378 3844/3863/3376
f 3844/3863/3376 3846/3865/3378 3847/3866/3379
f 3844/3863/3376 3847/3866/3379 3848/3867/3380
f 3840/3859/3372 3844/3863/3376 3848/3867/3380
f 3840/3859/3372 3848/3867/3380 3841/3860/3373
f 3845/3864/3377 3849/3868/3381 3850/3869/3382
f 3845/3864/3377 3850/3869/3382 3846/3865/3378
f 3849/3868/3381 3851/3870/3383 3852/3871/3384
f 3849/3868/3381 3852/3871/3384 3850/3869/3382
f 3850/3869/3382 3852/3871/3384 3853/3872/3385
f 3850/3869/3382 3853/3872/3385 3854/3873/3386
f 3846/3865/3378 3850/3869/3382 3854/3873/3386
f 3846/3865/3378 3854/3873/3386 3847/3866/3379
f 3851/3870/3383 3855/3874/3387 3856/3875/3388
f 3851/3870/3383 3856/3875/3388 3852/3871/3384
f 3855/3874/3387 3857/3876/3389 3858/3877/3390
f 3855/3874/3387 3858/3877/3390 3856/3875/3388
f 3856/3875/3388 3858/3877/3390 3859/3878/3391
f 3856/3875/3388 3859/3878/3391 3860/3879/3392
f 3852/3871/3384 3856/3875/3388 3860/3879/3392
f 3852/3871/3384 3860/3879/3392 3853/3872/3385
f 3857/3876/3389 3861/3880/3393 3862/3881/3394
f 3857/3876/3389 3862/3881/3394 3858/3877/3390
f 3861/3880/3393 3863/3882/3395 3864/3883/3396
f 3861/3880/3393 3864/3883/3396 3862/3881/3394
f 3862/3881/3394 3864/3883/3396 3865/3884/3397
f 3862/3881/3394 3865/3884/3397 3866/3885/3398
f 3858/3877/3390 3862/3881/3394 3866/3885/3398
f 3858/3877/3390 3866/3885/3398 3859/3878/3391
f 3863/3882/3395 3867/3886/3399 3868/3887/3400
f 3863/3882/3395 3868/3887/3400 3864/3883/3396
f 3867/3886/3399 3869/3888/3342 3870/3889/3345
f 3867/3886/3399 3870/3889/3345 3868/3887/3400
f 3868/3887/3400 3870/3889/3345 3871/3890/3350
f 3868/3887/3400 3871/3890/3350 3872/3891/3401
f 3864/3883/3396 3868/3887/3400 3872/3891/3401
f 3864/3883/3396 3872/3891/3401 3865/3884/3397
f 3818/3837/3350 3817/3836/3349 3873/3892/3402
f 3818/3837/3350 3873/3892/3402 3874/3893/3403
f 3817/3836/3349 3816/3835/3348 3875/3894/3404
f 3817/3836/3349 3875/3894/3404 3873/3892/3402
f 3873/3892/3402 3875/3894/3404 3876/3895/3405
f 3873/3892/3402 3876/3895/3405 3877/3896/3406
f 3874/3893/3403 3873/3892/3402 3877/3896/3406
f 3874/3893/3403 3877/3896/3406 3878/3897/3407
f 3816/3835/3348 3824/3843/3356 3879/3898/3408
f 3816/3835/3348 3879/3898/3408 3875/3894/3404
f 3824/3843/3356 3823/3842/3355 3880/3899/3409
f 3824/3843/3356 3880/3899/3409 3879/3898/3408
f 3879/3898/3408 3880/3899/3409 3881/3900/3410
f 3879/3898/3408 3881/3900/3410 3882/3901/3411
f 3875/3894/3404 3879/3898/3408 3882/3901/3411
f 3875/3894/3404 3882/3901/3411 3876/3895/3405
f 3823/3842/3355 3830/3849/3362 3883/3902/3412
f 3823/3842/3355 3883/3902/3412 3880/3899/3409
f 3830/3849/3362 3829/3848/3361 3884/3903/3413
f 3830/3849/3362 3884/3903/3413 3883/3902/3412
f 3883/3902/3412 3884/3903/3413 3885/3904/3414
f 3883/3902/3412 3885/3904/3414 3886/3905/3415
f 3880/3899/3409 3883/3902/3412 3886/3905/3415
f 3880/3899/3409 3886/3905/3415 3881/3900/3410
f 3829/3848/3361 3836/3855/3368 3887/3906/3416
f 3829/3848/3361 3887/3906/3416 3884/3903/3413
f 3836/3855/3368 3835/3854/3367 3888/3907/3417
f 3836/3855/3368 3888/3907/3417 3887/3906/3416
f 3887/3906/3416 3888/3907/3417 3889/3908/3418
f 3887/3906/3416 3889/3908/3418 3890/3909/3419
f 3884/3903/3413 3887/3906/3416 3890/3909/3419
f 3884/3903/3413 3890/3909/3419 3885/3904/3414
f 3835/3854/3367 3842/3861/3374 3891/3910/3420
f 3835/3854/3367 3891/3910/3420 3888/3907/3417
f 3842/3861/3374 3841/3860/3373 3892/3911/3421
f 3842/3861/3374 3892/3911/3421 3891/3910/3420
f 3891/3910/3420 3892/3911/3421 3893/3912/3422
f 3891/3910/3420 3893/3912/3422 3894/3913/3423
f 3888/3907/3417 3891/3910/3420 3894/3913/3423
f 3888/3907/3417 3894/3913/3423 3889/3908/3418
f 3841/3860/3373 3848/3867/3380 3895/3914/3424
f 3841/3860/3373 3895/3914/3424 3892/3911/3421
f 3848/3867/3380 3847/3866/3379 3896/3915/3425
f 3848/3867/3380 3896/3915/3425 3895/3914/3424
f 3895/3914/3424 3896/3915/3425 3897/3916/3426
f 3895/3914/3424 3897/3916/3426 3898/3917/3427
f 3892/3911/3421 3895/3914/3424 3898/3917/3427
f 3892/3911/3421 3898/3917/3427 3893/3912/3422
f 3847/3866/3379 3854/3873/3386 3899/3918/3428
f 3847/3866/3379 3899/3918/3428 3896/3915/3425
f 3854/3873/3386 3853/3872/3385 3900/3919/3429
f 3854/3873/3386 3900/3919/3429 3899/3918/3428
f 3899/3918/3428 3900/3919/3429 3901/3920/3430
f 3899/3918/3428 3901/3920/3430 3902/3921/3431
f 3896/3915/3425 3899/3918/3428 3902/3921/3431
f 3896/3915/3425 3902/3921/3431 3897/3916/3426
f 3853/3872/3385 3860/3879/3392 3903/3922/3432
f 3853/3872/3385 3903/3922/3432 3900/3919/3429
f 3860/3879/3392 3859/3878/3391 3904/3923/3433
f 3860/3879/3392 3904/3923/3433 3903/3922/3432
f 3903/3922/3432 3904/3923/3433 3905/3924/3434
f 3903/3922/3432 3905/3924/3434 3906/3925/3435
f 3900/3919/3429 3903/3922/3432 3906/3925/3435
f 3900/3919/3429 3906/3925/3435 3901/3920/3430
f 3859/3878/3391 3866/3885/3398 3907/3926/3436
f 3859/3878/3391 3907/3926/3436 3904/3923/3433
f 3866/3885/3398 3865/3884/3397 3908/3927/3437
f 3866/3885/3398 3908/3927/3437 3907/3926/3436
f 3907/3926/3436 3908/3927/3437 3909/3928/3438
f 3907/3926/3436 3909/3928/3438 3910/3929/3439
f 3904/3923/3433 3907/3926/3436 3910/3929/3439
f 3904/3923/3433 3910/3929/3439 3905/3924/3434
f 3865/3884/3397 3872/3891/3401 3911/3930/3440
f 3865/3884/3397 3911/3930/3440 3908/3927/3437
f 3872/3891/3401 3871/3890/3350 3912/3931/3403
f 3872/3891/3401 3912/3931/3403 3911/3930/3440
f 3911/3930/3440 3912/3931/3403 3913/3932/3441
f 3911/3930/3440 3913/3932/3441 3914/3933/3442
f 3908/3927/3437 3911/3930/3440 3914/3933/3442
f 3908/3927/3437 3914/3933/3442 3909/3928/3438
f 3878/3897/3407 3877/3896/3406 3915/3934/3443
f 3878/3897/3407 3915/3934/3443 3916/3935/3444
f 3877/3896/3406 3876/3895/3405 3917/3936/3445
f 3877/3896/3406 3917/3936/3445 3915/3934/3443
f 3915/3934/3443 3917/3936/3445 3918/3937/3446
f 3915/3934/3443 3918/3937/3446 3919/3938/3447
f 3916/3935/3444 3915/3934/3443 3919/3938/3447
f 3916/3935/3444 3919/3938/3447 3920/3939/3448
f 3876/3895/3405 3882/3901/3411 3921/3940/3449
f 3876/3895/3405 3921/3940/3449 3917/3936/3445
f 3882/3901/3411 3881/3900/3410 3922/3941/3450
f 3882/3901/3411 3922/3941/3450 3921/3940/3449
f 3921/3940/3449 3922/3941/3450 3923/3942/3451
f 3921/3940/3449 3923/3942/3451 3924/3943/3452
f 3917/3936/3445 3921/3940/3449 3924/3943/3452
f 3917/3936/3445 3924/3943/3452 3918/3937/3446
f 3881/3900/3410 3886/3905/3415 3925/3944/3453
f 3881/3900/3410 3925/3944/3453 3922/3941/3450
f 3886/3905/3415 3885/3904/3414 3926/3945/3454
f 3886/3905/3415 3926/3945/3454 3925/3944/3453
f 3925/3944/3453 3926/3945/3454 3927/3946/3455
f 3925/3944/3453 3927/3946/3455 3928/3947/3456
f 3922/3941/3450 3925/3944/3453 3928/3947/3456
f 3922/3941/3450 3928/3947/3456 3923/3942/3451
f 3885/3904/3414 3890/3909/3419 3929/3948/3457
f 3885/3904/3414 3929/3948/3457 3926/3945/3454
f 3890/3909/3419 3889/3908/3418 3930/3949/3458
f 3890/3909/3419 3930/3949/3458 3929/3948/3457
f 3929/3948/3457 3930/3949/3458 3931/3950/3459
f 3929/3948/3457 3931/3950/3459 3932/3951/3460
f 3926/3945/3454 3929/3948/3457 3932/3951/3460
f 3926/3945/3454 3932/3951/3460 3927/3946/3455
f 3889/3908/3418 3894/3913/3423 3933/3952/3461
f 3889/3908/3418 3933/3952/3461 3930/3949/3458
f 3894/3913/3423 3893/3912/3422 3934/3953/3462
f 3894/3913/3423 3934/3953/3462 3933/3952/3461
f 3933/3952/3461 3934/3953/3462 3935/3954/3463
f 3933/3952/3461 3935/3954/3463 3936/3955/3464
f 3930/3949/3458 3933/3952/3461 3936/3955/3464
f 3930/3949/3458 3936/3955/3464 3931/3950/3459
f 3893/3912/3422 3898/3917/3427 3937/3956/3465
f 3893/3912/3422 3937/3956/3465 3934/3953/3462
f 3898/3917/3427 3897/3916/3426 3938/3957/3466
f 3898/3917/3427 3938/3957/3466 3937/3956/3465
f 3937/3956/3465 3938/3957/3466 3939/3958/3467
f 3937/3956/3465 3939/3958/3467 3940/3959/3468
f 3934/3953/3462 3937/3956/3465 3940/3959/3468
f 3934/3953/3462 3940/3959/3468 3935/3954/3463
f 3897/3916/3426 3902/3921/3431 3941/3960/3469
f 3897/3916/3426 3941/3960/3469 3938/3957/3466
f 3902/3921/3431 3901/3920/3430 3942/3961/3470
f 3902/3921/3431 3942/3961/3470 3941/3960/3469
f 3941/3960/3469 3942/3961/3470 3943/3962/3471
f 3941/3960/3469 3943/3962/3471 3944/3963/3472
f 3938/3957/3466 3941/3960/3469 3944/3963/3472
f 3938/3957/3466 3944/3963/3472 3939/3958/3467
f 3901/3920/3430 3906/3925/3435 3945/3964/3473
f 3901/3920/3430 3945/3964/3473 3942/3961/3470
f 3906/3925/3435 3905/3924/3434 3946/3965/3474
f 3906/3925/3435 3946/3965/3474 3945/3964/3473
f 3945/3964/3473 3946/3965/3474 3947/3966/3475
f 3945/3964/3473 3947/3966/3475 3948/3967/3476
f 3942/3961/3470 3945/3964/3473 3948/3967/3476
f 3942/3961/3470 3948/3967/3476 3943/3962/3471
f 3905/3924/3434 3910/3929/3439 3949/3968/3477
f 3905/3924/3434 3949/3968/3477 3946/3965/3474
f 3910/3929/3439 3909/3928/3438 3950/3969/3478
f 3910/3929/3439 3950/3969/3478 3949/3968/3477
f 3949/3968/3477 3950/3969/3478 3951/3970/3479
f 3949/3968/3477 3951/3970/3479 3952/3971/3480
f 3946/3965/3474 3949/3968/3477 3952/3971/3480
f 3946/3965/3474 3952/3971/3480 3947/3966/3475
f 3909/3928/3438 3914/3933/3442 3953/3972/3481
f 3909/3928/3438 3953/3972/3481 3950/3969/3478
f 3914/3933/3442 3913/3932/3441 3954/3973/3444
f 3914/3933/3442 3954/3973/3444 3953/3972/3481
f 3953/3972/3481 3954/3973/3444 3955/3974/3482
f 3953/3972/3481 3955/3974/3482 3956/3975/3483
f 3950/3969/3478 3953/3972/3481 3956/3975/3483
f 3950/3969/3478 3956/3975/3483 3951/3970/3479
f 3920/3939/3448 3919/3938/3447 3957/3976/3484
f 3920/3939/3448 3957/3976/3484 3958/3977/3485
f 3919/3938/3447 3918/3937/3446 3959/3978/3486
f 3919/3938/3447 3959/3978/3486 3957/3976/3484
f 3957/3976/3484 3959/3978/3486 3960/3979/3487
f 3957/3976/3484 3960/3979/3487 3961/3980/3488
f 3958/3977/3485 3957/3976/3484 3961/3980/3488
f 3958/3977/3485 3961/3980/3488 3962/3981/3489
f 3918/3937/3446 3924/3943/3452 3963/3982/3490
f 3918/3937/3446 3963/3982/3490 3959/3978/3486
f 3924/3943/3452 3923/3942/3451 3964/3983/3491
f 3924/3943/3452 3964/3983/3491 3963/3982/3490
f 3963/3982/3490 3964/3983/3491 3965/3984/3492
f 3963/3982/3490 3965/3984/3492 3966/3985/3493
f 3959/3978/3486 3963/3982/3490 3966/3985/3493
f 3959/3978/3486 3966/3985/3493 3960/3979/3487
f 3923/3942/3451 3928/3947/3456 3967/3986/3494
f 3923/3942/3451 3967/3986/3494 3964/3983/3491
f 3928/3947/3456 3927/3946/3455 3968/3987/3495
f 3928/3947/3456 3968/3987/3495 3967/3986/3494
f 3967/3986/3494 3968/3987/3495 3969/3988/3496
f 3967/3986/3494 3969/3988/3496 3970/3989/3497
f 3964/3983/3491 3967/3986/3494 3970/3989/3497
f 3964/3983/3491 3970/3989/3497 3965/3984/3492
f 3927/3946/3455 3932/3951/3460 3971/3990/3498
f 3927/3946/3455 3971/3990/3498 3968/3987/3495
f 3932/3951/3460 3931/3950/3459 3972/3991/3499
f 3932/3951/3460 3972/3991/3499 3971/3990/3498
f 3971/3990/3498 3972/3991/3499 3973/3992/3500
f 3971/3990/3498 3973/3992/3500 3974/3993/3501
f 3968/3987/3495 3971/3990/3498 3974/3993/3501
f 3968/3987/3495 3974/3993/3501 3969/3988/3496
f 3931/3950/3459 3936/3955/3464 3975/3994/3502
f 3931/3950/3459 3975/3994/3502 3972/3991/3499
f 3936/3955/3464 3935/3954/3463 3976/3995/3503
f 3936/3955/3464 3976/3995/3503 3975/3994/3502
f 3975/3994/3502 3976/3995/3503 3977/3996/3504
f 3975/3994/3502 3977/3996/3504 3978/3997/3505
f 3972/3991/3499 3975/3994/3502 3978/3997/3505
f 3972/3991/3499 3978/3997/3505 3973/3992/3500
f 3935/3954/3463 3940/3959/3468 3979/3998/3506
f 3935/3954/3463 3979/3998/3506 3976/3995/3503
f 3940/3959/3468 3939/3958/3467 3980/3999/3507
f 3940/3959/3468 3980/3999/3507 3979/3998/3506
f 3979/3998/3506 3980/3999/3507 3981/4000/3508
f 3979/3998/3506 3981/4000/3508 3982/4001/3509
f 3976/3995/3503 3979/3998/3506 3982/4001/3509
f 3976/3995/3503 3982/4001/3509 3977/3996/3504
f 3939/3958/3467 3944/3963/3472 3983/4002/3510
f 3939/3958/3467 3983/4002/3510 3980/3999/3507
f 3944/3963/3472 3943/3962/3471 3984/4003/3511
f 3944/3963/3472 3984/4003/3511 3983/4002/3510
f 3983/4002/3510 3984/4003/3511 3985/4004/3512
f 3983/4002/3510 3985/4004/3512 3986/4005/3513
f 3980/3999/3507 3983/4002/3510 3986/4005/3513
f 3980/3999/3507 3986/4005/3513 3981/4000/3508
f 3943/3962/3471 3948/3967/3476 3987/4006/3514
f 3943/3962/3471 3987/4006/3514 3984/4003/3511
f 3948/3967/3476 3947/3966/3475 3988/4007/3515
f 3948/3967/3476 3988/4007/3515 3987/4006/3514
f 3987/4006/3514 3988/4007/3515 3989/4008/3516
f 3987/4006/3514 3989/4008/3516 3990/4009/3517
f 3984/4003/3511 3987/4006/3514 3990/4009/3517
f 3984/4003/3511 3990/4009/3517 3985/4004/3512
f 3947/3966/3475 3952/3971/3480 3991/4010/3518
f 3947/3966/3475 3991/4010/3518 3988/4007/3515
f 3952/3971/3480 3951/3970/3479 3992/4011/3519
f 3952/3971/3480 3992/4011/3519 3991/4010/3518
f 3991/4010/3518 3992/4011/3519 3993/4012/3520
f 3991/4010/3518 3993/4012/3520 3994/4013/3521
f 3988/4007/3515 3991/4010/3518 3994/4013/3521
f 3988/4007/3515 3994/4013/3521 3989/4008/3516
f 3951/3970/3479 3956/3975/3483 3995/4014/3522
f 3951/3970/3479 3995/4014/3522 3992/4011/3519
f 3956/3975/3483 3955/3974/3482 3996/4015/3523
f 3956/3975/3483 3996/4015/3523 3995/4014/3522
f 3995/4014/3522 3996/4015/3523 3997/4016/3524
f 3995/4014/3522 3997/4016/3524 3998/4017/3525
f 3992/4011/3519 3995/4014/3522 3998/4017/3525
f 3992/4011/3519 3998/4017/3525 3993/4012/3520
f 3962/3981/3489 3961/3980/3488 3999/4018/3526
f 3962/3981/3489 3999/4018/3526 4000/4019/3527
f 3961/3980/3488 3960/3979/3487 4001/4020/3528
f 3961/3980/3488 4001/4020/3528 3999/4018/3526
f 3999/4018/3526 4001/4020/3528 4002/4021/3529
f 3999/4018/3526 4002/4021/3529 4003/4022/3530
f 4000/4019/3527 3999/4018/3526 4003/4022/3530
f 4000/4019/3527 4003/4022/3530 4004/4023/3531
f 3960/3979/3487 3966/3985/3493 4005/4024/3532
f 3960/3979/3487 4005/4024/3532 4001/4020/3528
f 3966/3985/3493 3965/3984/3492 4006/4025/3533
f 3966/3985/3493 4006/4025/3533 4005/4024/3532
f 4005/4024/3532 4006/4025/3533 4007/4026/3534
f 4005/4024/3532 4007/4026/3534 4008/4027/3535
f 4001/4020/3528 4005/4024/3532 4008/4027/3535
f 4001/4020/3528 4008/4027/3535 4002/4021/3529
f 3965/3984/3492 3970/3989/3497 4009/4028/3536
f 3965/3984/3492 4009/4028/3536 4006/4025/3533
f 3970/3989/3497 3969/3988/3496 4010/4029/3537
f 3970/3989/3497 4010/4029/3537 4009/4028/3536
f 4009/4028/3536 4010/4029/3537 4011/4030/3538
f 4009/4028/3536 4011/4030/3538 4012/4031/3539
f 4006/4025/3533 4009/4028/3536 4012/4031/3539
f 4006/4025/3533 4012/4031/3539 4007/4026/3534
f 3969/3988/3496 3974/3993/3501 4013/4032/3540
f 3969/3988/3496 4013/4032/3540 4010/4029/3537
f 3974/3993/3501 3973/3992/3500 4014/4033/3541
f 3974/3993/3501 4014/4033/3541 4013/4032/3540
f 4013/4032/3540 4014/4033/3541 4015/4034/3542
f 4013/4032/3540 4015/4034/3542 4016/4035/3543
f 4010/4029/3537 4013/4032/3540 4016/4035/3543
f 4010/4029/3537 4016/4035/3543 4011/4030/3538
f 3973/3992/3500 3978/3997/3505 4017/4036/3544
f 3973/3992/3500 4017/4036/3544 4014/4033/3541
f 3978/3997/3505 3977/3996/3504 4018/4037/3545
f 3978/3997/3505 4018/4037/3545 4017/4036/3544
f 4017/4036/3544 4018/4037/3545 4019/4038/3546
f 4017/4036/3544 4019/4038/3546 4020/4039/3547
f 4014/4033/3541 4017/4036/3544 4020/4039/3547
f 4014/4033/3541 4020/4039/3547 4015/4034/3542
f 3977/3996/3504 3982/4001/3509 4021/4040/3548
f 3977/3996/3504 4021/4040/3548 4018/4037/3545
f 3982/4001/3509 3981/4000/3508 4022/4041/3549
f 3982/4001/3509 4022/4041/3549 4021/4040/3548
f 4021/4040/3548 4022/4041/3549 4023/4042/3550
f 4021/4040/3548 4023/4042/3550 4024/4043/3551
f 4018/4037/3545 4021/4040/3548 4024/4043/3551
f 4018/4037/3545 4024/4043/3551 4019/4038/3546
f 3981/4000/3508 3986/4005/3513 4025/4044/3552
f 3981/4000/3508 4025/4044/3552 4022/4041/3549
f 3986/4005/3513 3985/4004/3512 4026/4045/3553
f 3986/4005/3513 4026/4045/3553 4025/4044/3552
f 4025/4044/3552 4026/4045/3553 4027/4046/3554
f 4025/4044/3552 4027/4046/3554 4028/4047/3555
f 4022/4041/3549 4025/4044/3552 4028/4047/3555
f 4022/4041/3549 4028/4047/3555 4023/4042/3550
f 3985/4004/3512 3990/4009/3517 4029/4048/3556
f 3985/4004/3512 4029/4048/3556 4026/4045/3553
f 3990/4009/3517 3989/4008/3516 4030/4049/3557
f 3990/4009/3517 4030/4049/3557 4029/4048/3556
f 4029/4048/3556 4030/4049/3557 4031/4050/3558
f 4029/4048/3556 4031/4050/3558 4032/4051/3559
f 4026/4045/3553 4029/4048/3556 4032/4051/3559
f 4026/4045/3553 4032/4051/3559 4027/4046/3554
f 3989/4008/3516 3994/4013/3521 4033/4052/3560
f 3989/4008/3516 4033/4052/3560 4030/4049/3557
f 3994/4013/3521 3993/4012/3520 4034/4053/3561
f 3994/4013/3521 4034/4053/3561 4033/4052/3560
f 4033/4052/3560 4034/4053/3561 4035/4054/3562
f 4033/4052/3560 4035/4054/3562 4036/4055/3563
f 4030/4049/3557 4033/4052/3560 4036/4055/3563
f 4030/4049/3557 4036/4055/3563 4031/4050/3558
f 3993/4012/3520 3998/4017/3525 4037/4056/3564
f 3993/4012/3520 4037/4056/3564 4034/4053/3561
f 3998/4017/3525 3997/4016/3524 4038/4057/3565
f 3998/4017/3525 4038/4057/3565 4037/4056/3564
f 4037/4056/3564 4038/4057/3565 4039/4058/3566
f 4037/4056/3564 4039/4058/3566 4040/4059/3567
f 4034/4053/3561 4037/4056/3564 4040/4059/3567
f 4034/4053/3561 4040/4059/3567 4035/4054/3562
f 4004/4023/3531 4003/4022/3530 4041/4060/3568
f 4004/4023/3531 4041/4060/3568 4042/4061/3569
f 4003/4022/3530 4002/4021/3529 4043/4062/3570
f 4003/4022/3530 4043/4062/3570 4041/4060/3568
f 4041/4060/3568 4043/4062/3570 4044/4063/3571
f 4041/4060/3568 4044/4063/3571 4045/4064/3572
f 4042/4061/3569 4041/4060/3568 4045/4064/3572
f 4042/4061/3569 4045/4064/3572 4046/4065/3573
f 4002/4021/3529 4008/4027/3535 4047/4066/3574
f 4002/4021/3529 4047/4066/3574 4043/4062/3570
f 4008/4027/3535 4007/4026/3534 4048/4067/3575
f 4008/4027/3535 4048/4067/3575 4047/4066/3574
f 4047/4066/3574 4048/4067/3575 4049/4068/3576
f 4047/4066/3574 4049/4068/3576 4050/4069/3577
f 4043/4062/3570 4047/4066/3574 4050/4069/3577
f 4043/4062/3570 4050/4069/3577 4044/4063/3571
f 4007/4026/3534 4012/4031/3539 4051/4070/3578
f 4007/4026/3534 4051/4070/3578 4048/4067/3575
f 4012/4031/3539 4011/4030/3538 4052/4071/3579
f 4012/4031/3539 4052/4071/3579 4051/4070/3578
f 4051/4070/3578 4052/4071/3579 4053/4072/3580
f 4051/4070/3578 4053/4072/3580 4054/4073/3581
f 4048/4067/3575 4051/4070/3578 4054/4073/3581
f 4048/4067/3575 4054/4073/3581 4049/4068/3576
f 4011/4030/3538 4016/4035/3543 4055/4074/3582
f 4011/4030/3538 4055/4074/3582 4052/4071/3579
f 4016/4035/3543 4015/4034/3542 4056/4075/3583
f 4016/4035/3543 4056/4075/3583 4055/4074/3582
f 4055/4074/3582 4056/4075/3583 4057/4076/3584
f 4055/4074/3582 4057/4076/3584 4058/4077/3585
f 4052/4071/3579 4055/4074/3582 4058/4077/3585
f 4052/4071/3579 4058/4077/3585 4053/4072/3580
f 4015/4034/3542 4020/4039/3547 4059/4078/3586
f 4015/4034/3542 4059/4078/3586 4056/4075/3583
f 4020/4039/3547 4019/4038/3546 4060/4079/3587
f 4020/4039/3547 4060/4079/3587 4059/4078/3586
f 4059/4078/3586 4060/4079/3587 4061/4080/3588
f 4059/4078/3586 4061/4080/3588 4062/4081/3589
f 4056/4075/3583 4059/4078/3586 4062/4081/3589
f 4056/4075/3583 4062/4081/3589 4057/4076/3584
f 4019/4038/3546 4024/4043/3551 4063/4082/3590
f 4019/4038/3546 4063/4082/3590 4060/4079/3587
f 4024/4043/3551 4023/4042/3550 4064/4083/3591
f 4024/4043/3551 4064/4083/3591 4063/4082/3590
f 4063/4082/3590 4064/4083/3591 4065/4084/3592
f 4063/4082/3590 4065/4084/3592 4066/4085/3593
f 4060/4079/3587 4063/4082/3590 4066/4085/3593
f 4060/4079/3587 4066/4085/3593 4061/4080/3588
f 4023/4042/3550 4028/4047/3555 4067/4086/3594
f 4023/4042/3550 4067/4086/3594 4064/4083/3591
f 4028/4047/3555 4027/4046/3554 4068/4087/3595
f 4028/4047/3555 4068/4087/3595 4067/4086/3594
f 4067/4086/3594 4068/4087/3595 4069/4088/3596
f 4067/4086/3594 4069/4088/3596 4070/4089/3597
f 4064/4083/3591 4067/4086/3594 4070/4089/3597
f 4064/4083/3591 4070/4089/3597 4065/4084/3592
f 4027/4046/3554 4032/4051/3559 4071/4090/3598
f 4027/4046/3554 4071/4090/3598 4068/4087/3595
f 4032/4051/3559 4031/4050/3558 4072/4091/3599
f 4032/4051/3559 4072/4091/3599 4071/4090/3598
f 4071/4090/3598 4072/4091/3599 4073/4092/3600
f 4071/4090/3598 4073/4092/3600 4074/4093/3601
f 4068/4087/3595 4071/4090/3598 4074/4093/3601
f 4068/4087/3595 4074/4093/3601 4069/4088/3596
f 4031/4050/3558 4036/4055/3563 4075/4094/3602
f 4031/4050/3558 4075/4094/3602 4072/4091/3599
f 4036/4055/3563 4035/4054/3562 4076/4095/3603
f 4036/4055/3563 4076/4095/3603 4075/4094/3602
f 4075/4094/3602 4076/4095/3603 4077/4096/3604
f 4075/4094/3602 4077/4096/3604 4078/4097/3605
f 4072/4091/3599 4075/4094/3602 4078/4097/3605
f 4072/4091/3599 4078/4097/3605 4073/4092/3600
f 4035/4054/3562 4040/4059/3567 4079/4098/3606
f 4035/4054/3562 4079/4098/3606 4076/4095/3603
f 4040/4059/3567 4039/4058/3566 4080/4099/3607
f 4040/4059/3567 4080/4099/3607 4079/4098/3606
f 4079/4098/3606 4080/4099/3607 4081/4100/3573
f 4079/4098/3606 4081/4100/3573 4082/4101/3608
f 4076/4095/3603 4079/4098/3606 4082/4101/3608
f 4076/4095/3603 4082/4101/3608 4077/4096/3604
f 4046/4065/3573 4045/4064/3572 4083/4102/3609
f 4046/4065/3573 4083/4102/3609 4084/4103/3610
f 4045/4064/3572 4044/4063/3571 4085/4104/3611
f 4045/4064/3572 4085/4104/3611 4083/4102/3609
f 4083/4102/3609 4085/4104/3611 4086/4105/3612
f 4083/4102/3609 4086/4105/3612 4087/4106/3613
f 4084/4103/3610 4083/4102/3609 4087/4106/3613
f 4084/4103/3610 4087/4106/3613 4088/4107/3614
f 4044/4063/3571 4050/4069/3577 4089/4108/3615
f 4044/4063/3571 4089/4108/3615 4085/4104/3611
f 4050/4069/3577 4049/4068/3576 4090/4109/3616
f 4050/4069/3577 4090/4109/3616 4089/4108/3615
f 4089/4108/3615 4090/4109/3616 4091/4110/3617
f 4089/4108/3615 4091/4110/3617 4092/4111/3618
f 4085/4104/3611 4089/4108/3615 4092/4111/3618
f 4085/4104/3611 4092/4111/3618 4086/4105/3612
f 4049/4068/3576 4054/4073/3581 4093/4112/3619
f 4049/4068/3576 4093/4112/3619 4090/4109/3616
f 4054/4073/3581 4053/4072/3580 4094/4113/3620
f 4054/4073/3581 4094/4113/3620 4093/4112/3619
f 4093/4112/3619 4094/4113/3620 4095/4114/3621
f 4093/4112/3619 4095/4114/3621 4096/4115/3622
f 4090/4109/3616 4093/4112/3619 4096/4115/3622
f 4090/4109/3616 4096/4115/3622 4091/4110/3617
f 4053/4072/3580 4058/4077/3585 4097/4116/3623
f 4053/4072/3580 4097/4116/3623 4094/4113/3620
f 4058/4077/3585 4057/4076/3584 4098/4117/3624
f 4058/4077/3585 4098/4117/3624 4097/4116/3623
f 4097/4116/3623 4098/4117/3624 4099/4118/3625
f 4097/4116/3623 4099/4118/3625 4100/4119/3626
f 4094/4113/3620 4097/4116/3623 4100/4119/3626
f 4094/4113/3620 4100/4119/3626 4095/4114/3621
f 4057/4076/3584 4062/4081/3589 4101/4120/3627
f 4057/4076/3584 4101/4120/3627 4098/4117/3624
f 4062/4081/3589 4061/4080/3588 4102/4121/3628
f 4062/4081/3589 4102/4121/3628 4101/4120/3627
f 4101/4120/3627 4102/4121/3628 4103/4122/3629
f 4101/4120/3627 4103/4122/3629 4104/4123/3630
f 4098/4117/3624 4101/4120/3627 4104/4123/3630
f 4098/4117/3624 4104/4123/3630 4099/4118/3625
f 4061/4080/3588 4066/4085/3593 4105/4124/3631
f 4061/4080/3588 4105/4124/3631 4102/4121/3628
f 4066/4085/3593 4065/4084/3592 4106/4125/3632
f 4066/4085/3593 4106/4125/3632 4105/4124/3631
f 4105/4124/3631 4106/4125/3632 4107/4126/3633
f 4105/4124/3631 4107/4126/3633 4108/4127/3634
f 4102/4121/3628 4105/4124/3631 4108/4127/3634
f 4102/4121/3628 4108/4127/3634 4103/4122/3629
f 4065/4084/3592 4070/4089/3597 4109/4128/3635
f 4065/4084/3592 4109/4128/3635 4106/4125/3632
f 4070/4089/3597 4069/4088/3596 4110/4129/3636
f 4070/4089/3597 4110/4129/3636 4109/4128/3635
f 4109/4128/3635 4110/4129/3636 4111/4130/3637
f 4109/4128/3635 4111/4130/3637 4112/4131/3638
f 4106/4125/3632 4109/4128/3635 4112/4131/3638
f 4106/4125/3632 4112/4131/3638 4107/4126/3633
f 4069/4088/3596 4074/4093/3601 4113/4132/3639
f 4069/4088/3596 4113/4132/3639 4110/4129/3636
f 4074/4093/3601 4073/4092/3600 4114/4133/3640
f 4074/4093/3601 4114/4133/3640 4113/4132/3639
f 4113/4132/3639 4114/4133/3640 4115/4134/3641
f 4113/4132/3639 4115/4134/3641 4116/4135/3642
f 4110/4129/3636 4113/4132/3639 4116/4135/3642
f 4110/4129/3636 4116/4135/3642 4111/4130/3637
f 4073/4092/3600 4078/4097/3605 4117/4136/3643
f 4073/4092/3600 4117/4136/3643 4114/4133/3640
f 4078/4097/3605 4077/4096/3604 4118/4137/3644
f 4078/4097/3605 4118/4137/3644 4117/4136/3643
f 4117/4136/3643 4118/4137/3644 4119/4138/3645
f 4117/4136/3643 4119/4138/3645 4120/4139/3646
f 4114/4133/3640 4117/4136/3643 4120/4139/3646
f 4114/4133/3640 4120/4139/3646 4115/4134/3641
f 4077/4096/3604 4082/4101/3608 4121/4140/3647
f 4077/4096/3604 4121/4140/3647 4118/4137/3644
f 4082/4101/3608 4081/4100/3573 4122/4141/3648
f 4082/4101/3608 4122/4141/3648 4121/4140/3647
f 4121/4140/3647 4122/4141/3648 4123/4142/3649
f 4121/4140/3647 4123/4142/3649 4124/4143/3650
f 4118/4137/3644 4121/4140/3647 4124/4143/3650
f 4118/4137/3644 4124/4143/3650 4119/4138/3645
f 4088/4107/3614 4087/4106/3613 4125/4144/3651
f 4088/4107/3614 4125/4144/3651 4126/4145/3652
f 4087/4106/3613 4086/4105/3612 4127/4146/3653
f 4087/4106/3613 4127/4146/3653 4125/4144/3651
f 4125/4144/3651 4127/4146/3653 4128/4147/3654
f 4125/4144/3651 4128/4147/3654 4129/4148/3655
f 4126/4145/3652 4125/4144/3651 4129/4148/3655
f 4126/4145/3652 4129/4148/3655 4130/4149/3656
f 4086/4105/3612 4092/4111/3618 4131/4150/3657
f 4086/4105/3612 4131/4150/3657 4127/4146/3653
f 4092/4111/3618 4091/4110/3617 4132/4151/3658
f 4092/4111/3618 4132/4151/3658 4131/4150/3657
f 4131/4150/3657 4132/4151/3658 4133/4152/3659
f 4131/4150/3657 4133/4152/3659 4134/4153/3660
f 4127/4146/3653 4131/4150/3657 4134/4153/3660
f 4127/4146/3653 4134/4153/3660 4128/4147/3654
f 4091/4110/3617 4096/4115/3622 4135/4154/3661
f 4091/4110/3617 4135/4154/3661 4132/4151/3658
f 4096/4115/3622 4095/4114/3621 4136/4155/3662
f 4096/4115/3622 4136/4155/3662 4135/4154/3661
f 4135/4154/3661 4136/4155/3662 4137/4156/3663
f 4135/4154/3661 4137/4156/3663 4138/4157/3664
f 4132/4151/3658 4135/4154/3661 4138/4157/3664
f 4132/4151/3658 4138/4157/3664 4133/4152/3659
f 4095/4114/3621 4100/4119/3626 4139/4158/3665
f 4095/4114/3621 4139/4158/3665 4136/4155/3662
f 4100/4119/3626 4099/4118/3625 4140/4159/3666
f 4100/4119/3626 4140/4159/3666 4139/4158/3665
f 4139/4158/3665 4140/4159/3666 4141/4160/3667
f 4139/4158/3665 4141/4160/3667 4142/4161/3668
f 4136/4155/3662 4139/4158/3665 4142/4161/3668
f 4136/4155/3662 4142/4161/3668 4137/4156/3663
f 4099/4118/3625 4104/4123/3630 4143/4162/3669
f 4099/4118/3625 4143/4162/3669 4140/4159/3666
f 4104/4123/3630 4103/4122/3629 4144/4163/3670
f 4104/4123/3630 4144/4163/3670 4143/4162/3669
f 4143/4162/3669 4144/4163/3670 4145/4164/3671
f 4143/4162/3669 4145/4164/3671 4146/4165/3672
f 4140/4159/3666 4143/4162/3669 4146/4165/3672
f 4140/4159/3666 4146/4165/3672 4141/4160/3667
f 4103/4122/3629 4108/4127/3634 4147/4166/3673
f 4103/4122/3629 4147/4166/3673 4144/4163/3670
f 4108/4127/3634 4107/4126/3633 4148/4167/3674
f 4108/4127/3634 4148/4167/3674 4147/4166/3673
f 4147/4166/3673 4148/4167/3674 4149/4168/3675
f 4147/4166/3673 4149/4168/3675 4150/4169/3676
f 4144/4163/3670 4147/4166/3673 4150/4169/3676
f 4144/4163/3670 4150/4169/3676 4145/4164/3671
f 4107/4126/3633 4112/4131/3638 4151/4170/3677
f 4107/4126/3633 4151/4170/3677 4148/4167/3674
f 4112/4131/3638 4111/4130/3637 4152/4171/3678
f 4112/4131/3638 4152/4171/3678 4151/4170/3677
f 4151/4170/3677 4152/4171/3678 4153/4172/3679
f 4151/4170/3677 4153/4172/3679 4154/4173/3680
f 4148/4167/3674 4151/4170/3677 4154/4173/3680
f 4148/4167/3674 4154/4173/3680 4149/4168/3675
f 4111/4130/3637 4116/4135/3642 4155/4174/3681
f 4111/4130/3637 4155/4174/3681 4152/4171/3678
f 4116/4135/3642 4115/4134/3641 4156/4175/3682
f 4116/4135/3642 4156/4175/3682 4155/4174/3681
f 4155/4174/3681 4156/4175/3682 4157/4176/3683
f 4155/4174/3681 4157/4176/3683 4158/4177/3684
f 4152/4171/3678 4155/4174/3681 4158/4177/3684
f 4152/4171/3678 4158/4177/3684 4153/4172/3679
f 4115/4134/3641 4120/4139/3646 4159/4178/3685
f 4115/4134/3641 4159/4178/3685 4156/4175/3682
f 4120/4139/3646 4119/4138/3645 4160/4179/3686
f 4120/4139/3646 4160/4179/3686 4159/4178/3685
f 4159/4178/3685 4160/4179/3686 4161/4180/3687
f 4159/4178/3685 4161/4180/3687 4162/4181/3688
f 4156/4175/3682 4159/4178/3685 4162/4181/3688
f 4156/4175/3682 4162/4181/3688 4157/4176/3683
f 4119/4138/3645 4124/4143/3650 4163/4182/3689
f 4119/4138/3645 4163/4182/3689 4160/4179/3686
f 4124/4143/3650 4123/4142/3649 4164/4183/3690
f 4124/4143/3650 4164/4183/3690 4163/4182/3689
f 4163/4182/3689 4164/4183/3690 4165/4184/3691
f 4163/4182/3689 4165/4184/3691 4166/4185/3692
f 4160/4179/3686 4163/4182/3689 4166/4185/3692
f 4160/4179/3686 4166/4185/3692 4161/4180/3687
f 3814/3833/3346 3811/3830/3343 4167/4186/3693
f 3814/3833/3346 4167/4186/3693 4168/4187/3694
f 3810/3829/3342 4169/4188/3695 4167/4186/3693
f 3810/3829/3342 4167/4186/3693 3811/3830/3343
f 4170/4189/3696 4168/4187/3694 4167/4186/3693
f 4170/4189/3696 4167/4186/3693 4169/4188/3695
f 3821/3840/3353 3819/3838/3351 4171/4190/3697
f 3821/3840/3353 4171/4190/3697 4172/4191/3698
f 3814/3833/3346 4173/4192/3694 4171/4190/3697
f 3814/3833/3346 4171/4190/3697 3819/3838/3351
f 4174/4193/3699 4172/4191/3698 4171/4190/3697
f 4174/4193/3699 4171/4190/3697 4173/4192/3694
f 3827/3846/3359 3825/3844/3357 4175/4194/3700
f 3827/3846/3359 4175/4194/3700 4176/4195/3701
f 3821/3840/3353 4177/4196/3698 4175/4194/3700
f 3821/3840/3353 4175/4194/3700 3825/3844/3357
f 4178/4197/3699 4176/4195/3701 4175/4194/3700
f 4178/4197/3699 4175/4194/3700 4177/4196/3698
f 3833/3852/3365 3831/3850/3363 4179/4198/3702
f 3833/3852/3365 4179/4198/3702 4180/4199/3703
f 3827/3846/3359 4181/4200/3701 4179/4198/3702
f 3827/3846/3359 4179/4198/3702 3831/3850/3363
f 4182/4201/3696 4180/4199/3703 4179/4198/3702
f 4182/4201/3696 4179/4198/3702 4181/4200/3701
f 3839/3858/3371 3837/3856/3369 4183/4202/3704
f 3839/3858/3371 4183/4202/3704 4184/4203/3705
f 3833/3852/3365 4185/4204/3706 4183/4202/3704
f 3833/3852/3365 4183/4202/3704 3837/3856/3369
f 4186/4205/3696 4184/4203/3705 4183/4202/3704
f 4186/4205/3696 4183/4202/3704 4185/4204/3706
f 3845/3864/3377 3843/3862/3375 4187/4206/3707
f 3845/3864/3377 4187/4206/3707 4188/4207/3708
f 3839/3858/3371 4189/4208/3705 4187/4206/3707
f 3839/3858/3371 4187/4206/3707 3843/3862/3375
f 4190/4209/3709 4188/4207/3708 4187/4206/3707
f 4190/4209/3709 4187/4206/3707 4189/4208/3705
f 3851/3870/3383 3849/3868/3381 4191/4210/3710
f 3851/3870/3383 4191/4210/3710 4192/4211/3711
f 3845/3864/3377 4193/4212/3708 4191/4210/3710
f 3845/3864/3377 4191/4210/3710 3849/3868/3381
f 4194/4213/3712 4192/4211/3711 4191/4210/3710
f 4194/4213/3712 4191/4210/3710 4193/4212/3708
f 3857/3876/3389 3855/3874/3387 4195/4214/3713
f 3857/3876/3389 4195/4214/3713 4196/4215/3714
f 3851/3870/3383 4197/4216/3711 4195/4214/3713
f 3851/3870/3383 4195/4214/3713 3855/3874/3387
f 4198/4217/3696 4196/4215/3714 4195/4214/3713
f 4198/4217/3696 4195/4214/3713 4197/4216/3711
f 3863/3882/3395 3861/3880/3393 4199/4218/3715
f 3863/3882/3395 4199/4218/3715 4200/4219/3716
f 3857/3876/3389 4201/4220/3717 4199/4218/3715
f 3857/3876/3389 4199/4218/3715 3861/3880/3393
f 4202/4221/3696 4200/4219/3716 4199/4218/3715
f 4202/4221/3696 4199/4218/3715 4201/4220/3717
f 3869/3888/3342 3867/3886/3399 4203/4222/3718
f 3869/3888/3342 4203/4222/3718 4204/4223/3719
f 3863/3882/3395 4205/4224/3720 4203/4222/3718
f 3863/3882/3395 4203/4222/3718 3867/3886/3399
f 4206/4225/3696 4204/4223/3719 4203/4222/3718
f 4206/4225/3696 4203/4222/3718 4205/4224/3720
f 4130/4149/3656 4129/4148/3655 4207/4226/3721
f 4130/4149/3656 4207/4226/3721 4208/4227/3722
f 4128/4147/3654 4209/4228/3723 4207/4226/3721
f 4128/4147/3654 4207/4226/3721 4129/4148/3655
f 4210/4229/3724 4208/4227/3722 4207/4226/3721
f 4210/4229/3724 4207/4226/3721 4209/4228/3723
f 4128/4147/3654 4134/4153/3660 4211/4230/3725
f 4128/4147/3654 4211/4230/3725 4212/4231/3723
f 4133/4152/3659 4213/4232/3726 4211/4230/3725
f 4133/4152/3659 4211/4230/3725 4134/4153/3660
f 4214/4233/3724 4212/4231/3723 4211/4230/3725
f 4214/4233/3724 4211/4230/3725 4213/4232/3726
f 4133/4152/3659 4138/4157/3664 4215/4234/3727
f 4133/4152/3659 4215/4234/3727 4216/4235/3726
f 4137/4156/3663 4217/4236/3728 4215/4234/3727
f 4137/4156/3663 4215/4234/3727 4138/4157/3664
f 4218/4237/3724 4216/4235/3726 4215/4234/3727
f 4218/4237/3724 4215/4234/3727 4217/4236/3728
f 4137/4156/3663 4142/4161/3668 4219/4238/3729
f 4137/4156/3663 4219/4238/3729 4220/4239/3728
f 4141/4160/3667 4221/4240/3730 4219/4238/3729
f 4141/4160/3667 4219/4238/3729 4142/4161/3668
f 4222/4241/3724 4220/4239/3728 4219/4238/3729
f 4222/4241/3724 4219/4238/3729 4221/4240/3730
f 4141/4160/3667 4146/4165/3672 4223/4242/3731
f 4141/4160/3667 4223/4242/3731 4224/4243/3732
f 4145/4164/3671 4225/4244/3733 4223/4242/3731
f 4145/4164/3671 4223/4242/3731 4146/4165/3672
f 4226/4245/3734 4224/4243/3732 4223/4242/3731
f 4226/4245/3734 4223/4242/3731 4225/4244/3733
f 4145/4164/3671 4150/4169/3676 4227/4246/3735
f 4145/4164/3671 4227/4246/3735 4228/4247/3733
f 4149/4168/3675 4229/4248/3736 4227/4246/3735
f 4149/4168/3675 4227/4246/3735 4150/4169/3676
f 4230/4249/3737 4228/4247/3733 4227/4246/3735
f 4230/4249/3737 4227/4246/3735 4229/4248/3736
f 4149/4168/3675 4154/4173/3680 4231/4250/3738
f 4149/4168/3675 4231/4250/3738 4232/4251/3739
f 4153/4172/3679 4233/4252/3740 4231/4250/3738
f 4153/4172/3679 4231/4250/3738 4154/4173/3680
f 4234/4253/3741 4232/4251/3739 4231/4250/3738
f 4234/4253/3741 4231/4250/3738 4233/4252/3740
f 4153/4172/3679 4158/4177/3684 4235/4254/3742
f 4153/4172/3679 4235/4254/3742 4236/4255/3743
f 4157/4176/3683 4237/4256/3744 4235/4254/3742
f 4157/4176/3683 4235/4254/3742 4158/4177/3684
f 4238/4257/3734 4236/4255/3743 4235/4254/3742
f 4238/4257/3734 4235/4254/3742 4237/4256/3744
f 4157/4176/3683 4162/4181/3688 4239/4258/3745
f 4157/4176/3683 4239/4258/3745 4240/4259/3744
f 4161/4180/3687 4241/4260/3746 4239/4258/3745
f 4161/4180/3687 4239/4258/3745 4162/4181/3688
f 4242/4261/3741 4240/4259/3744 4239/4258/3745
f 4242/4261/3741 4239/4258/3745 4241/4260/3746
f 4161/4180/3687 4166/4185/3692 4243/4262/3747
f 4161/4180/3687 4243/4262/3747 4244/4263/3746
f 4165/4184/3691 4245/4264/3722 4243/4262/3747
f 4165/4184/3691 4243/4262/3747 4166/4185/3692
f 4246/4265/3724 4244/4263/3746 4243/4262/3747
f 4246/4265/3724 4243/4262/3747 4245/4264/3722
s 156
f 4247/4266/670 4248/4267/673 4249/4268/3748
f 4247/4266/670 4249/4268/3748 4250/4269/3749
f 4248/4267/673 4251/4270/3750 4252/4271/3751
f 4248/4267/673 4252/4271/3751 4249/4268/3748
f 4249/4268/3748 4252/4271/3751 4253/4272/3752
f 4249/4268/3748 4253/4272/3752 4254/4273/3753
f 4250/4269/3749 4249/4268/3748 4254/4273/3753
f 4250/4269/3749 4254/4273/3753 4255/4274/3754
s 157
f 4256/4275/677 4257/4276/3755 4258/4277/3756
f 4256/4275/677 4258/4277/3756 4259/4278/3751
f 4257/4276/3755 4260/4279/685 4261/4280/3757
f 4257/4276/3755 4261/4280/3757 4258/4277/3756
f 4258/4277/3756 4261/4280/3757 4262/4281/3758
f 4258/4277/3756 4262/4281/3758 4263/4282/3759
f 4259/4278/3751 4258/4277/3756 4263/4282/3759
f 4259/4278/3751 4263/4282/3759 4264/4283/3760
s 158
f 4265/4284/667 4266/4285/666 4267/4286/3761
f 4265/4284/667 4267/4286/3761 4268/4287/3762
f 4266/4285/666 4269/4288/670 4270/4289/3749
f 4266/4285/666 4270/4289/3749 4267/4286/3761
f 4267/4286/3761 4270/4289/3749 4271/4290/3754
f 4267/4286/3761 4271/4290/3754 4272/4291/3763
f 4268/4287/3762 4267/4286/3761 4272/4291/3763
f 4268/4287/3762 4272/4291/3763 4273/4292/3764
s 159
f 4274/4293/3765 4275/4294/3766 4276/4295/3767
f 4274/4293/3765 4276/4295/3767 4277/4296/3768
f 4275/4294/3766 4278/4297/699 4279/4298/3762
f 4275/4294/3766 4279/4298/3762 4276/4295/3767
f 4276/4295/3767 4279/4298/3762 4280/4299/3769
f 4276/4295/3767 4280/4299/3769 4281/4300/3770
f 4277/4296/3768 4276/4295/3767 4281/4300/3770
f 4277/4296/3768 4281/4300/3770 4282/4301/3771
s 160
f 4283/4302/685 4284/4303/689 4285/4304/3772
f 4283/4302/685 4285/4304/3772 4286/4305/3773
f 4284/4303/689 4287/4306/3774 4288/4307/3775
f 4284/4303/689 4288/4307/3775 4285/4304/3772
f 4285/4304/3772 4288/4307/3775 4289/4308/3776
f 4285/4304/3772 4289/4308/3776 4290/4309/3777
f 4286/4305/3773 4285/4304/3772 4290/4309/3777
f 4286/4305/3773 4290/4309/3777 4291/4310/3758
s 161
f 4292/4311/708 4293/4312/3778 4294/4313/3779
f 4292/4311/708 4294/4313/3779 4295/4314/3780
f 4293/4312/3778 4296/4315/3765 4297/4316/3781
f 4293/4312/3778 4297/4316/3781 4294/4313/3779
f 4294/4313/3779 4297/4316/3781 4298/4317/3782
f 4294/4313/3779 4298/4317/3782 4299/4318/3783
f 4295/4314/3780 4294/4313/3779 4299/4318/3783
f 4295/4314/3780 4299/4318/3783 4300/4319/3784
s 162
f 4301/4320/694 4302/4321/713 4303/4322/3785
f 4301/4320/694 4303/4322/3785 4304/4323/3775
f 4302/4321/713 4305/4324/717 4306/4325/3786
f 4302/4321/713 4306/4325/3786 4303/4322/3785
f 4303/4322/3785 4306/4325/3786 4307/4326/3787
f 4303/4322/3785 4307/4326/3787 4308/4327/3788
f 4304/4323/3775 4303/4322/3785 4308/4327/3788
f 4304/4323/3775 4308/4327/3788 4309/4328/3789
s 163
f 4310/4329/726 4311/4330/729 4312/4331/3790
f 4310/4329/726 4312/4331/3790 4313/4332/3786
f 4311/4330/729 4314/4333/3791 4315/4334/3792
f 4311/4330/729 4315/4334/3792 4312/4331/3790
f 4312/4331/3790 4315/4334/3792 4316/4335/3793
f 4312/4331/3790 4316/4335/3793 4317/4336/3794
f 4313/4332/3786 4312/4331/3790 4317/4336/3794
f 4313/4332/3786 4317/4336/3794 4318/4337/3795
s 164
f 4319/4338/723 4320/4339/722 4321/4340/3796
f 4319/4338/723 4321/4340/3796 4322/4341/3797
f 4320/4339/722 4323/4342/3798 4324/4343/3799
f 4320/4339/722 4324/4343/3799 4321/4340/3796
f 4321/4340/3796 4324/4343/3799 4325/4344/3784
f 4321/4340/3796 4325/4344/3784 4326/4345/3800
f 4322/4341/3797 4321/4340/3796 4326/4345/3800
f 4322/4341/3797 4326/4345/3800 4327/4346/3801
s 165
f 4328/4347/3791 4329/4348/738 4330/4349/3802
f 4328/4347/3791 4330/4349/3802 4331/4350/3792
f 4329/4348/738 4332/4351/743 4333/4352/3803
f 4329/4348/738 4333/4352/3803 4330/4349/3802
f 4330/4349/3802 4333/4352/3803 4334/4353/3804
f 4330/4349/3802 4334/4353/3804 4335/4354/3805
f 4331/4350/3792 4330/4349/3802 4335/4354/3805
f 4331/4350/3792 4335/4354/3805 4336/4355/3806
s 166
f 4337/4356/3807 4338/4357/3808 4339/4358/3809
f 4337/4356/3807 4339/4358/3809 4340/4359/3810
f 4338/4357/3808 4341/4360/748 4342/4361/3811
f 4338/4357/3808 4342/4361/3811 4339/4358/3809
f 4339/4358/3809 4342/4361/3811 4343/4362/3801
f 4339/4358/3809 4343/4362/3801 4344/4363/3812
f 4340/4359/3810 4339/4358/3809 4344/4363/3812
f 4340/4359/3810 4344/4363/3812 4345/4364/3813
s 167
f 4346/4365/753 4347/4366/756 4348/4367/3814
f 4346/4365/753 4348/4367/3814 4349/4368/3815
f 4347/4366/756 4350/4369/761 4351/4370/3816
f 4347/4366/756 4351/4370/3816 4348/4367/3814
f 4348/4367/3814 4351/4370/3816 4352/4371/3817
f 4348/4367/3814 4352/4371/3817 4353/4372/3818
f 4349/4368/3815 4348/4367/3814 4353/4372/3818
f 4349/4368/3815 4353/4372/3818 4354/4373/3804
s 168
f 4355/4374/766 4356/4375/765 4357/4376/3819
f 4355/4374/766 4357/4376/3819 4358/4377/3820
f 4356/4375/765 4359/4378/3821 4360/4379/3810
f 4356/4375/765 4360/4379/3810 4357/4376/3819
f 4357/4376/3819 4360/4379/3810 4361/4380/3822
f 4357/4376/3819 4361/4380/3822 4362/4381/3823
f 4358/4377/3820 4357/4376/3819 4362/4381/3823
f 4358/4377/3820 4362/4381/3823 4363/4382/3824
s 169
f 4364/4383/761 4365/4384/770 4366/4385/3825
f 4364/4383/761 4366/4385/3825 4367/4386/3816
f 4365/4384/770 4368/4387/775 4369/4388/3826
f 4365/4384/770 4369/4388/3826 4366/4385/3825
f 4366/4385/3825 4369/4388/3826 4370/4389/3827
f 4366/4385/3825 4370/4389/3827 4371/4390/3828
f 4367/4386/3816 4366/4385/3825 4371/4390/3828
f 4367/4386/3816 4371/4390/3828 4372/4391/3829
s 170
f 4373/4392/3830 4374/4393/3831 4375/4394/3832
f 4373/4392/3830 4375/4394/3832 4376/4395/3826
f 4374/4393/3831 4377/4396/766 4378/4397/3820
f 4374/4393/3831 4378/4397/3820 4375/4394/3832
f 4375/4394/3832 4378/4397/3820 4379/4398/3824
f 4375/4394/3832 4379/4398/3824 4380/4399/3833
f 4376/4395/3826 4375/4394/3832 4380/4399/3833
f 4376/4395/3826 4380/4399/3833 4381/4400/3827
s 171
f 4382/4401/3834 4383/4402/3835 4384/4403/3836
f 4382/4401/3834 4384/4403/3836 4385/4404/3837
f 4386/4405/3838 4387/4406/3839 4384/4403/3836
f 4386/4405/3838 4384/4403/3836 4383/4402/3835
f 4388/4407/3840 4385/4404/3837 4384/4403/3836
f 4388/4407/3840 4384/4403/3836 4387/4406/3839
f 4389/4408/3841 4390/4409/3842 4391/4410/3843
f 4389/4408/3841 4391/4410/3843 4392/4411/3844
f 4382/4401/3834 4385/4404/3837 4391/4410/3843
f 4382/4401/3834 4391/4410/3843 4390/4409/3842
f 4388/4407/3840 4392/4411/3844 4391/4410/3843
f 4388/4407/3840 4391/4410/3843 4385/4404/3837
f 4393/4412/3845 4394/4413/3846 4395/4414/3847
f 4393/4412/3845 4395/4414/3847 4396/4415/3848
f 4389/4408/3841 4392/4411/3844 4395/4414/3847
f 4389/4408/3841 4395/4414/3847 4394/4413/3846
f 4388/4407/3840 4396/4415/3848 4395/4414/3847
f 4388/4407/3840 4395/4414/3847 4392/4411/3844
f 4397/4416/3849 4398/4417/3850 4399/4418/3851
f 4397/4416/3849 4399/4418/3851 4400/4419/3852
f 4393/4412/3845 4396/4415/3848 4399/4418/3851
f 4393/4412/3845 4399/4418/3851 4398/4417/3850
f 4388/4407/3840 4400/4419/3852 4399/4418/3851
f 4388/4407/3840 4399/4418/3851 4396/4415/3848
f 4401/4420/3853 4402/4421/3854 4403/4422/3855
f 4401/4420/3853 4403/4422/3855 4404/4423/3856
f 4397/4416/3849 4400/4419/3852 4403/4422/3855
f 4397/4416/3849 4403/4422/3855 4402/4421/3854
f 4388/4407/3840 4404/4423/3856 4403/4422/3855
f 4388/4407/3840 4403/4422/3855 4400/4419/3852
f 4405/4424/3857 4406/4425/3858 4407/4426/3859
f 4405/4424/3857 4407/4426/3859 4408/4427/3860
f 4401/4420/3853 4404/4423/3856 4407/4426/3859
f 4401/4420/3853 4407/4426/3859 4406/4425/3858
f 4388/4407/3840 4408/4427/3860 4407/4426/3859
f 4388/4407/3840 4407/4426/3859 4404/4423/3856
f 4386/4405/3838 4409/4428/3861 4410/4429/3862
f 4386/4405/3838 4410/4429/3862 4387/4406/3839
f 4405/4424/3857 4408/4427/3860 4410/4429/3862
f 4405/4424/3857 4410/4429/3862 4409/4428/3861
f 4388/4407/3840 4387/4406/3839 4410/4429/3862
f 4388/4407/3840 4410/4429/3862 4408/4427/3860
s 172
f 4411/4430/3863 4412/4431/3835 4413/4432/3864
f 4411/4430/3863 4413/4432/3864 4414/4433/3865
f 4412/4431/3835 4415/4434/3866 4416/4435/3867
f 4412/4431/3835 4416/4435/3867 4413/4432/3864
f 4413/4432/3864 4416/4435/3867 4417/4436/3868
f 4413/4432/3864 4417/4436/3868 4418/4437/3869
f 4414/4433/3865 4413/4432/3864 4418/4437/3869
f 4414/4433/3865 4418/4437/3869 4419/4438/3870
f 4415/4434/3866 4420/4439/3842 4421/4440/3871
f 4415/4434/3866 4421/4440/3871 4416/4435/3867
f 4420/4439/3842 4422/4441/3872 4423/4442/3873
f 4420/4439/3842 4423/4442/3873 4421/4440/3871
f 4421/4440/3871 4423/4442/3873 4424/4443/3874
f 4421/4440/3871 4424/4443/3874 4425/4444/3875
f 4416/4435/3867 4421/4440/3871 4425/4444/3875
f 4416/4435/3867 4425/4444/3875 4417/4436/3868
f 4422/4441/3872 4426/4445/3846 4427/4446/3876
f 4422/4441/3872 4427/4446/3876 4423/4442/3873
f 4426/4445/3846 4428/4447/3845 4429/4448/3877
f 4426/4445/3846 4429/4448/3877 4427/4446/3876
f 4427/4446/3876 4429/4448/3877 4430/4449/3878
f 4427/4446/3876 4430/4449/3878 4431/4450/3879
f 4423/4442/3873 4427/4446/3876 4431/4450/3879
f 4423/4442/3873 4431/4450/3879 4424/4443/3874
f 4428/4447/3845 4432/4451/3850 4433/4452/3880
f 4428/4447/3845 4433/4452/3880 4429/4448/3877
f 4432/4451/3850 4434/4453/3881 4435/4454/3882
f 4432/4451/3850 4435/4454/3882 4433/4452/3880
f 4433/4452/3880 4435/4454/3882 4436/4455/3883
f 4433/4452/3880 4436/4455/3883 4437/4456/3884
f 4429/4448/3877 4433/4452/3880 4437/4456/3884
f 4429/4448/3877 4437/4456/3884 4430/4449/3878
f 4434/4453/3881 4438/4457/3854 4439/4458/3885
f 4434/4453/3881 4439/4458/3885 4435/4454/3882
f 4438/4457/3854 4440/4459/3853 4441/4460/3886
f 4438/4457/3854 4441/4460/3886 4439/4458/3885
f 4439/4458/3885 4441/4460/3886 4442/4461/3887
f 4439/4458/3885 4442/4461/3887 4443/4462/3888
f 4435/4454/3882 4439/4458/3885 4443/4462/3888
f 4435/4454/3882 4443/4462/3888 4436/4455/3883
f 4440/4459/3853 4444/4463/3858 4445/4464/3889
f 4440/4459/3853 4445/4464/3889 4441/4460/3886
f 4444/4463/3858 4446/4465/3890 4447/4466/3891
f 4444/4463/3858 4447/4466/3891 4445/4464/3889
f 4445/4464/3889 4447/4466/3891 4448/4467/3892
f 4445/4464/3889 4448/4467/3892 4449/4468/3893
f 4441/4460/3886 4445/4464/3889 4449/4468/3893
f 4441/4460/3886 4449/4468/3893 4442/4461/3887
f 4446/4465/3890 4450/4469/3894 4451/4470/3895
f 4446/4465/3890 4451/4470/3895 4447/4466/3891
f 4450/4469/3894 4452/4471/3838 4453/4472/3865
f 4450/4469/3894 4453/4472/3865 4451/4470/3895
f 4451/4470/3895 4453/4472/3865 4454/4473/3896
f 4451/4470/3895 4454/4473/3896 4455/4474/3897
f 4447/4466/3891 4451/4470/3895 4455/4474/3897
f 4447/4466/3891 4455/4474/3897 4448/4467/3892
f 4456/4475/3898 4457/4476/3899 4458/4477/3900
f 4456/4475/3898 4458/4477/3900 4459/4478/3901
f 4457/4476/3899 4460/4479/3902 4461/4480/3903
f 4457/4476/3899 4461/4480/3903 4458/4477/3900
f 4458/4477/3900 4461/4480/3903 4462/4481/3904
f 4458/4477/3900 4462/4481/3904 4463/4482/3905
f 4459/4478/3901 4458/4477/3900 4463/4482/3905
f 4459/4478/3901 4463/4482/3905 4464/4483/3906
f 4465/4484/3907 4466/4485/3899 4467/4486/3908
f 4465/4484/3907 4467/4486/3908 4468/4487/3909
f 4466/4485/3899 4469/4488/3910 4470/4489/3911
f 4466/4485/3899 4470/4489/3911 4467/4486/3908
f 4467/4486/3908 4470/4489/3911 4471/4490/3912
f 4467/4486/3908 4471/4490/3912 4472/4491/3913
f 4468/4487/3909 4467/4486/3908 4472/4491/3913
f 4468/4487/3909 4472/4491/3913 4473/4492/3914
f 4474/4493/3915 4475/4494/3916 4476/4495/3917
f 4474/4493/3915 4476/4495/3917 4477/4496/3918
f 4475/4494/3916 4462/4481/3904 4478/4497/3919
f 4475/4494/3916 4478/4497/3919 4476/4495/3917
f 4476/4495/3917 4478/4497/3919 4479/4498/3920
f 4476/4495/3917 4479/4498/3920 4480/4499/3921
f 4477/4496/3918 4476/4495/3917 4480/4499/3921
f 4477/4496/3918 4480/4499/3921 4481/4500/3922
f 4482/4501/3922 4483/4502/3921 4484/4503/3923
f 4482/4501/3922 4484/4503/3923 4485/4504/3924
f 4483/4502/3921 4479/4498/3920 4486/4505/3925
f 4483/4502/3921 4486/4505/3925 4484/4503/3923
f 4484/4503/3923 4486/4505/3925 4487/4506/3926
f 4484/4503/3923 4487/4506/3926 4488/4507/3927
f 4485/4504/3924 4484/4503/3923 4488/4507/3927
f 4485/4504/3924 4488/4507/3927 4489/4508/3928
f 4490/4509/3929 4491/4510/3930 4492/4511/3931
f 4490/4509/3929 4492/4511/3931 4493/4512/3932
f 4491/4510/3930 4487/4506/3926 4494/4513/3933
f 4491/4510/3930 4494/4513/3933 4492/4511/3931
f 4492/4511/3931 4494/4513/3933 4495/4514/3934
f 4492/4511/3931 4495/4514/3934 4496/4515/3935
f 4493/4512/3932 4492/4511/3931 4496/4515/3935
f 4493/4512/3932 4496/4515/3935 4497/4516/3936
f 4498/4517/3936 4499/4518/3937 4500/4519/3938
f 4498/4517/3936 4500/4519/3938 4501/4520/3939
f 4499/4518/3937 4495/4514/3934 4502/4521/3940
f 4499/4518/3937 4502/4521/3940 4500/4519/3938
f 4500/4519/3938 4502/4521/3940 4503/4522/3941
f 4500/4519/3938 4503/4522/3941 4504/4523/3942
f 4501/4520/3939 4500/4519/3938 4504/4523/3942
f 4501/4520/3939 4504/4523/3942 4505/4524/3943
f 4506/4525/3943 4507/4526/3944 4508/4527/3945
f 4506/4525/3943 4508/4527/3945 4509/4528/3946
f 4507/4526/3944 4503/4522/3941 4510/4529/3947
f 4507/4526/3944 4510/4529/3947 4508/4527/3945
f 4508/4527/3945 4510/4529/3947 4473/4492/3914
f 4508/4527/3945 4473/4492/3914 4511/4530/3913
f 4509/4528/3946 4508/4527/3945 4511/4530/3913
f 4509/4528/3946 4511/4530/3913 4512/4531/3948
f 4419/4438/3870 4418/4437/3869 4513/4532/3949
f 4419/4438/3870 4513/4532/3949 4514/4533/3950
f 4418/4437/3869 4417/4436/3868 4515/4534/3951
f 4418/4437/3869 4515/4534/3951 4513/4532/3949
f 4513/4532/3949 4515/4534/3951 4462/4481/3904
f 4513/4532/3949 4462/4481/3904 4461/4480/3903
f 4514/4533/3950 4513/4532/3949 4461/4480/3903
f 4514/4533/3950 4461/4480/3903 4460/4479/3902
f 4417/4436/3868 4425/4444/3875 4516/4535/3952
f 4417/4436/3868 4516/4535/3952 4515/4534/3951
f 4425/4444/3875 4424/4443/3874 4517/4536/3953
f 4425/4444/3875 4517/4536/3953 4516/4535/3952
f 4516/4535/3952 4517/4536/3953 4479/4498/3920
f 4516/4535/3952 4479/4498/3920 4478/4497/3919
f 4515/4534/3951 4516/4535/3952 4478/4497/3919
f 4515/4534/3951 4478/4497/3919 4462/4481/3904
f 4424/4443/3874 4431/4450/3879 4518/4537/3954
f 4424/4443/3874 4518/4537/3954 4517/4536/3953
f 4431/4450/3879 4430/4449/3878 4519/4538/3955
f 4431/4450/3879 4519/4538/3955 4518/4537/3954
f 4518/4537/3954 4519/4538/3955 4487/4506/3926
f 4518/4537/3954 4487/4506/3926 4486/4505/3925
f 4517/4536/3953 4518/4537/3954 4486/4505/3925
f 4517/4536/3953 4486/4505/3925 4479/4498/3920
f 4430/4449/3878 4437/4456/3884 4520/4539/3956
f 4430/4449/3878 4520/4539/3956 4519/4538/3955
f 4437/4456/3884 4436/4455/3883 4521/4540/3957
f 4437/4456/3884 4521/4540/3957 4520/4539/3956
f 4520/4539/3956 4521/4540/3957 4495/4514/3934
f 4520/4539/3956 4495/4514/3934 4494/4513/3933
f 4519/4538/3955 4520/4539/3956 4494/4513/3933
f 4519/4538/3955 4494/4513/3933 4487/4506/3926
f 4436/4455/3883 4443/4462/3888 4522/4541/3958
f 4436/4455/3883 4522/4541/3958 4521/4540/3957
f 4443/4462/3888 4442/4461/3887 4523/4542/3959
f 4443/4462/3888 4523/4542/3959 4522/4541/3958
f 4522/4541/3958 4523/4542/3959 4503/4522/3941
f 4522/4541/3958 4503/4522/3941 4502/4521/3940
f 4521/4540/3957 4522/4541/3958 4502/4521/3940
f 4521/4540/3957 4502/4521/3940 4495/4514/3934
f 4442/4461/3887 4449/4468/3893 4524/4543/3960
f 4442/4461/3887 4524/4543/3960 4523/4542/3959
f 4449/4468/3893 4448/4467/3892 4525/4544/3961
f 4449/4468/3893 4525/4544/3961 4524/4543/3960
f 4524/4543/3960 4525/4544/3961 4473/4492/3914
f 4524/4543/3960 4473/4492/3914 4510/4529/3947
f 4523/4542/3959 4524/4543/3960 4510/4529/3947
f 4523/4542/3959 4510/4529/3947 4503/4522/3941
f 4448/4467/3892 4455/4474/3897 4526/4545/3962
f 4448/4467/3892 4526/4545/3962 4525/4544/3961
f 4455/4474/3897 4454/4473/3896 4527/4546/3963
f 4455/4474/3897 4527/4546/3963 4526/4545/3962
f 4526/4545/3962 4527/4546/3963 4465/4484/3907
f 4526/4545/3962 4465/4484/3907 4468/4487/3909
f 4525/4544/3961 4526/4545/3962 4468/4487/3909
f 4525/4544/3961 4468/4487/3909 4473/4492/3914
s 173
f 4528/4547/3898 4529/4548/3964 4530/4549/3965
f 4528/4547/3898 4530/4549/3965 4531/4550/3966
f 4532/4551/3915 4533/4552/3967 4530/4549/3965
f 4532/4551/3915 4530/4549/3965 4529/4548/3964
f 4534/4553/3968 4531/4550/3966 4530/4549/3965
f 4534/4553/3968 4530/4549/3965 4533/4552/3967
f 4532/4551/3915 4535/4554/3918 4536/4555/3969
f 4532/4551/3915 4536/4555/3969 4533/4552/3967
f 4537/4556/3922 4538/4557/3970 4536/4555/3969
f 4537/4556/3922 4536/4555/3969 4535/4554/3918
f 4534/4553/3968 4533/4552/3967 4536/4555/3969
f 4534/4553/3968 4536/4555/3969 4538/4557/3970
f 4537/4556/3922 4539/4558/3924 4540/4559/3971
f 4537/4556/3922 4540/4559/3971 4538/4557/3970
f 4541/4560/3928 4542/4561/3972 4540/4559/3971
f 4541/4560/3928 4540/4559/3971 4539/4558/3924
f 4534/4553/3968 4538/4557/3970 4540/4559/3971
f 4534/4553/3968 4540/4559/3971 4542/4561/3972
f 4541/4560/3928 4543/4562/3932 4544/4563/3973
f 4541/4560/3928 4544/4563/3973 4542/4561/3972
f 4545/4564/3974 4546/4565/3975 4544/4563/3973
f 4545/4564/3974 4544/4563/3973 4543/4562/3932
f 4534/4553/3968 4542/4561/3972 4544/4563/3973
f 4534/4553/3968 4544/4563/3973 4546/4565/3975
f 4545/4564/3974 4547/4566/3976 4548/4567/3977
f 4545/4564/3974 4548/4567/3977 4546/4565/3975
f 4549/4568/3978 4550/4569/3979 4548/4567/3977
f 4549/4568/3978 4548/4567/3977 4547/4566/3976
f 4534/4553/3968 4546/4565/3975 4548/4567/3977
f 4534/4553/3968 4548/4567/3977 4550/4569/3979
f 4549/4568/3978 4551/4570/3980 4552/4571/3981
f 4549/4568/3978 4552/4571/3981 4550/4569/3979
f 4553/4572/3982 4554/4573/3983 4552/4571/3981
f 4553/4572/3982 4552/4571/3981 4551/4570/3980
f 4534/4553/3968 4550/4569/3979 4552/4571/3981
f 4534/4553/3968 4552/4571/3981 4554/4573/3983
f 4553/4572/3982 4555/4574/3911 4556/4575/3984
f 4553/4572/3982 4556/4575/3984 4554/4573/3983
f 4528/4547/3898 4531/4550/3966 4556/4575/3984
f 4528/4547/3898 4556/4575/3984 4555/4574/3911
f 4534/4553/3968 4554/4573/3983 4556/4575/3984
f 4534/4553/3968 4556/4575/3984 4531/4550/3966
s 174
f 4557/4576/3985 4558/4577/3986 4559/4578/3987
f 4557/4576/3985 4559/4578/3987 4560/4579/3988
f 4558/4577/3986 4561/4580/3989 4562/4581/3990
f 4558/4577/3986 4562/4581/3990 4559/4578/3987
f 4559/4578/3987 4562/4581/3990 4563/4582/3991
f 4559/4578/3987 4563/4582/3991 4564/4583/3992
f 4560/4579/3988 4559/4578/3987 4564/4583/3992
f 4560/4579/3988 4564/4583/3992 4565/4584/3993
f 4566/4585/3989 4567/4586/3994 4568/4587/3995
f 4566/4585/3989 4568/4587/3995 4569/4588/3996
f 4567/4586/3994 4570/4589/3997 4571/4590/3998
f 4567/4586/3994 4571/4590/3998 4568/4587/3995
f 4568/4587/3995 4571/4590/3998 4572/4591/3999
f 4568/4587/3995 4572/4591/3999 4573/4592/4000
f 4569/4588/3996 4568/4587/3995 4573/4592/4000
f 4569/4588/3996 4573/4592/4000 4574/4593/4001
f 4575/4594/4001 4576/4595/4002 4577/4596/4003
f 4575/4594/4001 4577/4596/4003 4578/4597/4004
f 4576/4595/4002 4572/4591/3999 4579/4598/4005
f 4576/4595/4002 4579/4598/4005 4577/4596/4003
f 4577/4596/4003 4579/4598/4005 4580/4599/4006
f 4577/4596/4003 4580/4599/4006 4581/4600/4007
f 4578/4597/4004 4577/4596/4003 4581/4600/4007
f 4578/4597/4004 4581/4600/4007 4582/4601/4008
f 4583/4602/4008 4584/4603/4009 4585/4604/4010
f 4583/4602/4008 4585/4604/4010 4586/4605/4011
f 4584/4603/4009 4580/4599/4006 4587/4606/4012
f 4584/4603/4009 4587/4606/4012 4585/4604/4010
f 4585/4604/4010 4587/4606/4012 4588/4607/4013
f 4585/4604/4010 4588/4607/4013 4589/4608/4014
f 4586/4605/4011 4585/4604/4010 4589/4608/4014
f 4586/4605/4011 4589/4608/4014 4590/4609/4015
f 4591/4610/4015 4592/4611/4016 4593/4612/4017
f 4591/4610/4015 4593/4612/4017 4594/4613/4018
f 4592/4611/4016 4588/4607/4013 4595/4614/4019
f 4592/4611/4016 4595/4614/4019 4593/4612/4017
f 4593/4612/4017 4595/4614/4019 4596/4615/4020
f 4593/4612/4017 4596/4615/4020 4597/4616/4021
f 4594/4613/4018 4593/4612/4017 4597/4616/4021
f 4594/4613/4018 4597/4616/4021 4598/4617/4022
f 4599/4618/4022 4600/4619/4023 4601/4620/4024
f 4599/4618/4022 4601/4620/4024 4602/4621/4025
f 4600/4619/4023 4596/4615/4020 4603/4622/4026
f 4600/4619/4023 4603/4622/4026 4601/4620/4024
f 4601/4620/4024 4603/4622/4026 4604/4623/4027
f 4601/4620/4024 4604/4623/4027 4605/4624/4028
f 4602/4621/4025 4601/4620/4024 4605/4624/4028
f 4602/4621/4025 4605/4624/4028 4606/4625/4029
f 4607/4626/4030 4608/4627/4031 4609/4628/4032
f 4607/4626/4030 4609/4628/4032 4610/4629/4033
f 4608/4627/4031 4604/4623/4027 4611/4630/4034
f 4608/4627/4031 4611/4630/4034 4609/4628/4032
f 4609/4628/4032 4611/4630/4034 4612/4631/4035
f 4609/4628/4032 4612/4631/4035 4613/4632/4036
f 4610/4629/4033 4609/4628/4032 4613/4632/4036
f 4610/4629/4033 4613/4632/4036 4614/4633/4037
f 4615/4634/4037 4616/4635/4036 4617/4636/4038
f 4615/4634/4037 4617/4636/4038 4618/4637/4039
f 4616/4635/4036 4612/4631/4035 4619/4638/4040
f 4616/4635/4036 4619/4638/4040 4617/4636/4038
f 4617/4636/4038 4619/4638/4040 4620/4639/4041
f 4617/4636/4038 4620/4639/4041 4621/4640/4042
f 4618/4637/4039 4617/4636/4038 4621/4640/4042
f 4618/4637/4039 4621/4640/4042 4622/4641/4043
f 4623/4642/4043 4624/4643/4044 4625/4644/4045
f 4623/4642/4043 4625/4644/4045 4626/4645/4046
f 4624/4643/4044 4620/4639/4041 4627/4646/4047
f 4624/4643/4044 4627/4646/4047 4625/4644/4045
f 4625/4644/4045 4627/4646/4047 4565/4584/3993
f 4625/4644/4045 4565/4584/3993 4628/4647/4048
f 4626/4645/4046 4625/4644/4045 4628/4647/4048
f 4626/4645/4046 4628/4647/4048 4629/4648/3991
f 4630/4649/4049 4631/4650/4050 4632/4651/4051
f 4630/4649/4049 4632/4651/4051 4633/4652/4052
f 4572/4591/3999 4571/4590/3998 4632/4651/4051
f 4572/4591/3999 4632/4651/4051 4631/4650/4050
f 4570/4589/3997 4633/4652/4052 4632/4651/4051
f 4570/4589/3997 4632/4651/4051 4571/4590/3998
f 4630/4649/4049 4634/4653/4053 4635/4654/4054
f 4630/4649/4049 4635/4654/4054 4631/4650/4050
f 4580/4599/4006 4579/4598/4005 4635/4654/4054
f 4580/4599/4006 4635/4654/4054 4634/4653/4053
f 4572/4591/3999 4631/4650/4050 4635/4654/4054
f 4572/4591/3999 4635/4654/4054 4579/4598/4005
f 4630/4649/4049 4636/4655/4055 4637/4656/4056
f 4630/4649/4049 4637/4656/4056 4634/4653/4053
f 4588/4607/4013 4587/4606/4012 4637/4656/4056
f 4588/4607/4013 4637/4656/4056 4636/4655/4055
f 4580/4599/4006 4634/4653/4053 4637/4656/4056
f 4580/4599/4006 4637/4656/4056 4587/4606/4012
f 4630/4649/4049 4638/4657/4057 4639/4658/4058
f 4630/4649/4049 4639/4658/4058 4636/4655/4055
f 4596/4615/4020 4595/4614/4019 4639/4658/4058
f 4596/4615/4020 4639/4658/4058 4638/4657/4057
f 4588/4607/4013 4636/4655/4055 4639/4658/4058
f 4588/4607/4013 4639/4658/4058 4595/4614/4019
f 4630/4649/4049 4640/4659/4059 4641/4660/4060
f 4630/4649/4049 4641/4660/4060 4638/4657/4057
f 4604/4623/4027 4603/4622/4026 4641/4660/4060
f 4604/4623/4027 4641/4660/4060 4640/4659/4059
f 4596/4615/4020 4638/4657/4057 4641/4660/4060
f 4596/4615/4020 4641/4660/4060 4603/4622/4026
f 4630/4649/4049 4642/4661/4061 4643/4662/4062
f 4630/4649/4049 4643/4662/4062 4640/4659/4059
f 4612/4631/4035 4611/4630/4034 4643/4662/4062
f 4612/4631/4035 4643/4662/4062 4642/4661/4061
f 4604/4623/4027 4640/4659/4059 4643/4662/4062
f 4604/4623/4027 4643/4662/4062 4611/4630/4034
f 4630/4649/4049 4644/4663/4063 4645/4664/4064
f 4630/4649/4049 4645/4664/4064 4642/4661/4061
f 4620/4639/4041 4619/4638/4040 4645/4664/4064
f 4620/4639/4041 4645/4664/4064 4644/4663/4063
f 4612/4631/4035 4642/4661/4061 4645/4664/4064
f 4612/4631/4035 4645/4664/4064 4619/4638/4040
f 4630/4649/4049 4646/4665/4065 4647/4666/4066
f 4630/4649/4049 4647/4666/4066 4644/4663/4063
f 4565/4584/3993 4627/4646/4047 4647/4666/4066
f 4565/4584/3993 4647/4666/4066 4646/4665/4065
f 4620/4639/4041 4644/4663/4063 4647/4666/4066
f 4620/4639/4041 4647/4666/4066 4627/4646/4047
f 4630/4649/4049 4648/4667/4067 4649/4668/4068
f 4630/4649/4049 4649/4668/4068 4646/4665/4065
f 4557/4576/3985 4560/4579/3988 4649/4668/4068
f 4557/4576/3985 4649/4668/4068 4648/4667/4067
f 4565/4584/3993 4646/4665/4065 4649/4668/4068
f 4565/4584/3993 4649/4668/4068 4560/4579/3988
s 175
f 4650/4669/4069 4651/4670/4070 4652/4671/4071
f 4650/4669/4069 4652/4671/4071 4653/4672/4072
f 4654/4673/4001 4655/4674/4073 4652/4671/4071
f 4654/4673/4001 4652/4671/4071 4651/4670/4070
f 4656/4675/4074 4653/4672/4072 4652/4671/4071
f 4656/4675/4074 4652/4671/4071 4655/4674/4073
f 4654/4673/4001 4657/4676/4004 4658/4677/4075
f 4654/4673/4001 4658/4677/4075 4655/4674/4073
f 4659/4678/4008 4660/4679/4076 4658/4677/4075
f 4659/4678/4008 4658/4677/4075 4657/4676/4004
f 4656/4675/4074 4655/4674/4073 4658/4677/4075
f 4656/4675/4074 4658/4677/4075 4660/4679/4076
f 4659/4678/4008 4661/4680/4011 4662/4681/4077
f 4659/4678/4008 4662/4681/4077 4660/4679/4076
f 4663/4682/4015 4664/4683/4078 4662/4681/4077
f 4663/4682/4015 4662/4681/4077 4661/4680/4011
f 4656/4675/4074 4660/4679/4076 4662/4681/4077
f 4656/4675/4074 4662/4681/4077 4664/4683/4078
f 4663/4682/4015 4665/4684/4018 4666/4685/4079
f 4663/4682/4015 4666/4685/4079 4664/4683/4078
f 4667/4686/4022 4668/4687/4080 4666/4685/4079
f 4667/4686/4022 4666/4685/4079 4665/4684/4018
f 4656/4675/4074 4664/4683/4078 4666/4685/4079
f 4656/4675/4074 4666/4685/4079 4668/4687/4080
f 4667/4686/4022 4669/4688/4081 4670/4689/4082
f 4667/4686/4022 4670/4689/4082 4668/4687/4080
f 4671/4690/4030 4672/4691/4083 4670/4689/4082
f 4671/4690/4030 4670/4689/4082 4669/4688/4081
f 4656/4675/4074 4668/4687/4080 4670/4689/4082
f 4656/4675/4074 4670/4689/4082 4672/4691/4083
f 4671/4690/4030 4673/4692/4033 4674/4693/4084
f 4671/4690/4030 4674/4693/4084 4672/4691/4083
f 4675/4694/4037 4676/4695/4085 4674/4693/4084
f 4675/4694/4037 4674/4693/4084 4673/4692/4033
f 4656/4675/4074 4672/4691/4083 4674/4693/4084
f 4656/4675/4074 4674/4693/4084 4676/4695/4085
f 4675/4694/4037 4677/4696/4039 4678/4697/4086
f 4675/4694/4037 4678/4697/4086 4676/4695/4085
f 4679/4698/4043 4680/4699/4087 4678/4697/4086
f 4679/4698/4043 4678/4697/4086 4677/4696/4039
f 4656/4675/4074 4676/4695/4085 4678/4697/4086
f 4656/4675/4074 4678/4697/4086 4680/4699/4087
f 4679/4698/4043 4681/4700/4046 4682/4701/4088
f 4679/4698/4043 4682/4701/4088 4680/4699/4087
f 4683/4702/3991 4684/4703/4089 4682/4701/4088
f 4683/4702/3991 4682/4701/4088 4681/4700/4046
f 4656/4675/4074 4680/4699/4087 4682/4701/4088
f 4656/4675/4074 4682/4701/4088 4684/4703/4089
f 4683/4702/3991 4685/4704/3990 4686/4705/4090
f 4683/4702/3991 4686/4705/4090 4684/4703/4089
f 4650/4669/4069 4653/4672/4072 4686/4705/4090
f 4650/4669/4069 4686/4705/4090 4685/4704/3990
f 4656/4675/4074 4684/4703/4089 4686/4705/4090
f 4656/4675/4074 4686/4705/4090 4653/4672/4072
s 176
f 4687/4706/4091 4688/4707/4092 4689/4708/4093
f 4687/4706/4091 4689/4708/4093 4690/4709/4094
f 4688/4707/4092 4691/4710/4095 4692/4711/4096
f 4688/4707/4092 4692/4711/4096 4689/4708/4093
f 4689/4708/4093 4692/4711/4096 4693/4712/4097
f 4689/4708/4093 4693/4712/4097 4694/4713/4098
f 4690/4709/4094 4689/4708/4093 4694/4713/4098
f 4690/4709/4094 4694/4713/4098 4695/4714/4099
f 4691/4710/4095 4696/4715/4100 4697/4716/4101
f 4691/4710/4095 4697/4716/4101 4692/4711/4096
f 4696/4715/4100 4698/4717/4102 4699/4718/4103
f 4696/4715/4100 4699/4718/4103 4697/4716/4101
f 4697/4716/4101 4699/4718/4103 4700/4719/4104
f 4697/4716/4101 4700/4719/4104 4701/4720/4105
f 4692/4711/4096 4697/4716/4101 4701/4720/4105
f 4692/4711/4096 4701/4720/4105 4693/4712/4097
f 4698/4717/4102 4702/4721/4106 4703/4722/4107
f 4698/4717/4102 4703/4722/4107 4699/4718/4103
f 4702/4721/4106 4704/4723/4108 4705/4724/4109
f 4702/4721/4106 4705/4724/4109 4703/4722/4107
f 4703/4722/4107 4705/4724/4109 4706/4725/4110
f 4703/4722/4107 4706/4725/4110 4707/4726/4111
f 4699/4718/4103 4703/4722/4107 4707/4726/4111
f 4699/4718/4103 4707/4726/4111 4700/4719/4104
f 4704/4723/4108 4708/4727/4112 4709/4728/4113
f 4704/4723/4108 4709/4728/4113 4705/4724/4109
f 4708/4727/4112 4710/4729/4114 4711/4730/4115
f 4708/4727/4112 4711/4730/4115 4709/4728/4113
f 4709/4728/4113 4711/4730/4115 4712/4731/4116
f 4709/4728/4113 4712/4731/4116 4713/4732/4117
f 4705/4724/4109 4709/4728/4113 4713/4732/4117
f 4705/4724/4109 4713/4732/4117 4706/4725/4110
f 4710/4729/4114 4714/4733/4118 4715/4734/4119
f 4710/4729/4114 4715/4734/4119 4711/4730/4115
f 4714/4733/4118 4716/4735/4120 4717/4736/4121
f 4714/4733/4118 4717/4736/4121 4715/4734/4119
f 4715/4734/4119 4717/4736/4121 4718/4737/4122
f 4715/4734/4119 4718/4737/4122 4719/4738/4123
f 4711/4730/4115 4715/4734/4119 4719/4738/4123
f 4711/4730/4115 4719/4738/4123 4712/4731/4116
f 4716/4735/4120 4720/4739/4124 4721/4740/4125
f 4716/4735/4120 4721/4740/4125 4717/4736/4121
f 4720/4739/4124 4722/4741/4126 4723/4742/4127
f 4720/4739/4124 4723/4742/4127 4721/4740/4125
f 4721/4740/4125 4723/4742/4127 4724/4743/4128
f 4721/4740/4125 4724/4743/4128 4725/4744/4129
f 4717/4736/4121 4721/4740/4125 4725/4744/4129
f 4717/4736/4121 4725/4744/4129 4718/4737/4122
f 4722/4741/4126 4726/4745/4130 4727/4746/4131
f 4722/4741/4126 4727/4746/4131 4723/4742/4127
f 4726/4745/4130 4728/4747/4132 4729/4748/4133
f 4726/4745/4130 4729/4748/4133 4727/4746/4131
f 4727/4746/4131 4729/4748/4133 4730/4749/4134
f 4727/4746/4131 4730/4749/4134 4731/4750/4135
f 4723/4742/4127 4727/4746/4131 4731/4750/4135
f 4723/4742/4127 4731/4750/4135 4724/4743/4128
f 4728/4747/4132 4732/4751/4136 4733/4752/4137
f 4728/4747/4132 4733/4752/4137 4729/4748/4133
f 4732/4751/4136 4734/4753/4138 4735/4754/4139
f 4732/4751/4136 4735/4754/4139 4733/4752/4137
f 4733/4752/4137 4735/4754/4139 4736/4755/4140
f 4733/4752/4137 4736/4755/4140 4737/4756/4141
f 4729/4748/4133 4733/4752/4137 4737/4756/4141
f 4729/4748/4133 4737/4756/4141 4730/4749/4134
f 4734/4753/4138 4738/4757/4142 4739/4758/4143
f 4734/4753/4138 4739/4758/4143 4735/4754/4139
f 4738/4757/4142 4740/4759/4144 4741/4760/4145
f 4738/4757/4142 4741/4760/4145 4739/4758/4143
f 4739/4758/4143 4741/4760/4145 4742/4761/4146
f 4739/4758/4143 4742/4761/4146 4743/4762/4147
f 4735/4754/4139 4739/4758/4143 4743/4762/4147
f 4735/4754/4139 4743/4762/4147 4736/4755/4140
f 4740/4759/4144 4744/4763/4148 4745/4764/4149
f 4740/4759/4144 4745/4764/4149 4741/4760/4145
f 4744/4763/4148 4746/4765/4091 4747/4766/4094
f 4744/4763/4148 4747/4766/4094 4745/4764/4149
f 4745/4764/4149 4747/4766/4094 4748/4767/4150
f 4745/4764/4149 4748/4767/4150 4749/4768/4151
f 4741/4760/4145 4745/4764/4149 4749/4768/4151
f 4741/4760/4145 4749/4768/4151 4742/4761/4146
f 4695/4714/4099 4694/4713/4098 4750/4769/4152
f 4695/4714/4099 4750/4769/4152 4751/4770/4153
f 4694/4713/4098 4693/4712/4097 4752/4771/4154
f 4694/4713/4098 4752/4771/4154 4750/4769/4152
f 4750/4769/4152 4752/4771/4154 4753/4772/4155
f 4750/4769/4152 4753/4772/4155 4754/4773/4156
f 4751/4770/4153 4750/4769/4152 4754/4773/4156
f 4751/4770/4153 4754/4773/4156 4755/4774/4157
f 4693/4712/4097 4701/4720/4105 4756/4775/4158
f 4693/4712/4097 4756/4775/4158 4752/4771/4154
f 4701/4720/4105 4700/4719/4104 4757/4776/4159
f 4701/4720/4105 4757/4776/4159 4756/4775/4158
f 4756/4775/4158 4757/4776/4159 4758/4777/4160
f 4756/4775/4158 4758/4777/4160 4759/4778/4161
f 4752/4771/4154 4756/4775/4158 4759/4778/4161
f 4752/4771/4154 4759/4778/4161 4753/4772/4155
f 4700/4719/4104 4707/4726/4111 4760/4779/4162
f 4700/4719/4104 4760/4779/4162 4757/4776/4159
f 4707/4726/4111 4706/4725/4110 4761/4780/4163
f 4707/4726/4111 4761/4780/4163 4760/4779/4162
f 4760/4779/4162 4761/4780/4163 4762/4781/4164
f 4760/4779/4162 4762/4781/4164 4763/4782/4165
f 4757/4776/4159 4760/4779/4162 4763/4782/4165
f 4757/4776/4159 4763/4782/4165 4758/4777/4160
f 4706/4725/4110 4713/4732/4117 4764/4783/4166
f 4706/4725/4110 4764/4783/4166 4761/4780/4163
f 4713/4732/4117 4712/4731/4116 4765/4784/4167
f 4713/4732/4117 4765/4784/4167 4764/4783/4166
f 4764/4783/4166 4765/4784/4167 4766/4785/4168
f 4764/4783/4166 4766/4785/4168 4767/4786/4169
f 4761/4780/4163 4764/4783/4166 4767/4786/4169
f 4761/4780/4163 4767/4786/4169 4762/4781/4164
f 4712/4731/4116 4719/4738/4123 4768/4787/4170
f 4712/4731/4116 4768/4787/4170 4765/4784/4167
f 4719/4738/4123 4718/4737/4122 4769/4788/4171
f 4719/4738/4123 4769/4788/4171 4768/4787/4170
f 4768/4787/4170 4769/4788/4171 4770/4789/4172
f 4768/4787/4170 4770/4789/4172 4771/4790/4173
f 4765/4784/4167 4768/4787/4170 4771/4790/4173
f 4765/4784/4167 4771/4790/4173 4766/4785/4168
f 4718/4737/4122 4725/4744/4129 4772/4791/4174
f 4718/4737/4122 4772/4791/4174 4769/4788/4171
f 4725/4744/4129 4724/4743/4128 4773/4792/4175
f 4725/4744/4129 4773/4792/4175 4772/4791/4174
f 4772/4791/4174 4773/4792/4175 4774/4793/4176
f 4772/4791/4174 4774/4793/4176 4775/4794/4177
f 4769/4788/4171 4772/4791/4174 4775/4794/4177
f 4769/4788/4171 4775/4794/4177 4770/4789/4172
f 4724/4743/4128 4731/4750/4135 4776/4795/4178
f 4724/4743/4128 4776/4795/4178 4773/4792/4175
f 4731/4750/4135 4730/4749/4134 4777/4796/4179
f 4731/4750/4135 4777/4796/4179 4776/4795/4178
f 4776/4795/4178 4777/4796/4179 4778/4797/4180
f 4776/4795/4178 4778/4797/4180 4779/4798/4181
f 4773/4792/4175 4776/4795/4178 4779/4798/4181
f 4773/4792/4175 4779/4798/4181 4774/4793/4176
f 4730/4749/4134 4737/4756/4141 4780/4799/4182
f 4730/4749/4134 4780/4799/4182 4777/4796/4179
f 4737/4756/4141 4736/4755/4140 4781/4800/4183
f 4737/4756/4141 4781/4800/4183 4780/4799/4182
f 4780/4799/4182 4781/4800/4183 4782/4801/4184
f 4780/4799/4182 4782/4801/4184 4783/4802/4185
f 4777/4796/4179 4780/4799/4182 4783/4802/4185
f 4777/4796/4179 4783/4802/4185 4778/4797/4180
f 4736/4755/4140 4743/4762/4147 4784/4803/4186
f 4736/4755/4140 4784/4803/4186 4781/4800/4183
f 4743/4762/4147 4742/4761/4146 4785/4804/4187
f 4743/4762/4147 4785/4804/4187 4784/4803/4186
f 4784/4803/4186 4785/4804/4187 4786/4805/4188
f 4784/4803/4186 4786/4805/4188 4787/4806/4189
f 4781/4800/4183 4784/4803/4186 4787/4806/4189
f 4781/4800/4183 4787/4806/4189 4782/4801/4184
f 4742/4761/4146 4749/4768/4151 4788/4807/4190
f 4742/4761/4146 4788/4807/4190 4785/4804/4187
f 4749/4768/4151 4748/4767/4150 4789/4808/4191
f 4749/4768/4151 4789/4808/4191 4788/4807/4190
f 4788/4807/4190 4789/4808/4191 4790/4809/4192
f 4788/4807/4190 4790/4809/4192 4791/4810/4193
f 4785/4804/4187 4788/4807/4190 4791/4810/4193
f 4785/4804/4187 4791/4810/4193 4786/4805/4188
f 4755/4774/4157 4754/4773/4156 4792/4811/4194
f 4755/4774/4157 4792/4811/4194 4793/4812/4195
f 4754/4773/4156 4753/4772/4155 4794/4813/4196
f 4754/4773/4156 4794/4813/4196 4792/4811/4194
f 4792/4811/4194 4794/4813/4196 4795/4814/4197
f 4792/4811/4194 4795/4814/4197 4796/4815/4198
f 4793/4812/4195 4792/4811/4194 4796/4815/4198
f 4793/4812/4195 4796/4815/4198 4797/4816/4199
f 4753/4772/4155 4759/4778/4161 4798/4817/4200
f 4753/4772/4155 4798/4817/4200 4794/4813/4196
f 4759/4778/4161 4758/4777/4160 4799/4818/4201
f 4759/4778/4161 4799/4818/4201 4798/4817/4200
f 4798/4817/4200 4799/4818/4201 4800/4819/4202
f 4798/4817/4200 4800/4819/4202 4801/4820/4203
f 4794/4813/4196 4798/4817/4200 4801/4820/4203
f 4794/4813/4196 4801/4820/4203 4795/4814/4197
f 4758/4777/4160 4763/4782/4165 4802/4821/4204
f 4758/4777/4160 4802/4821/4204 4799/4818/4201
f 4763/4782/4165 4762/4781/4164 4803/4822/4205
f 4763/4782/4165 4803/4822/4205 4802/4821/4204
f 4802/4821/4204 4803/4822/4205 4804/4823/4206
f 4802/4821/4204 4804/4823/4206 4805/4824/4207
f 4799/4818/4201 4802/4821/4204 4805/4824/4207
f 4799/4818/4201 4805/4824/4207 4800/4819/4202
f 4762/4781/4164 4767/4786/4169 4806/4825/4208
f 4762/4781/4164 4806/4825/4208 4803/4822/4205
f 4767/4786/4169 4766/4785/4168 4807/4826/4209
f 4767/4786/4169 4807/4826/4209 4806/4825/4208
f 4806/4825/4208 4807/4826/4209 4808/4827/4210
f 4806/4825/4208 4808/4827/4210 4809/4828/4211
f 4803/4822/4205 4806/4825/4208 4809/4828/4211
f 4803/4822/4205 4809/4828/4211 4804/4823/4206
f 4766/4785/4168 4771/4790/4173 4810/4829/4212
f 4766/4785/4168 4810/4829/4212 4807/4826/4209
f 4771/4790/4173 4770/4789/4172 4811/4830/4213
f 4771/4790/4173 4811/4830/4213 4810/4829/4212
f 4810/4829/4212 4811/4830/4213 4812/4831/4214
f 4810/4829/4212 4812/4831/4214 4813/4832/4215
f 4807/4826/4209 4810/4829/4212 4813/4832/4215
f 4807/4826/4209 4813/4832/4215 4808/4827/4210
f 4770/4789/4172 4775/4794/4177 4814/4833/4216
f 4770/4789/4172 4814/4833/4216 4811/4830/4213
f 4775/4794/4177 4774/4793/4176 4815/4834/4217
f 4775/4794/4177 4815/4834/4217 4814/4833/4216
f 4814/4833/4216 4815/4834/4217 4816/4835/4218
f 4814/4833/4216 4816/4835/4218 4817/4836/4219
f 4811/4830/4213 4814/4833/4216 4817/4836/4219
f 4811/4830/4213 4817/4836/4219 4812/4831/4214
f 4774/4793/4176 4779/4798/4181 4818/4837/4220
f 4774/4793/4176 4818/4837/4220 4815/4834/4217
f 4779/4798/4181 4778/4797/4180 4819/4838/4221
f 4779/4798/4181 4819/4838/4221 4818/4837/4220
f 4818/4837/4220 4819/4838/4221 4820/4839/4222
f 4818/4837/4220 4820/4839/4222 4821/4840/4223
f 4815/4834/4217 4818/4837/4220 4821/4840/4223
f 4815/4834/4217 4821/4840/4223 4816/4835/4218
f 4778/4797/4180 4783/4802/4185 4822/4841/4224
f 4778/4797/4180 4822/4841/4224 4819/4838/4221
f 4783/4802/4185 4782/4801/4184 4823/4842/4225
f 4783/4802/4185 4823/4842/4225 4822/4841/4224
f 4822/4841/4224 4823/4842/4225 4824/4843/4226
f 4822/4841/4224 4824/4843/4226 4825/4844/4227
f 4819/4838/4221 4822/4841/4224 4825/4844/4227
f 4819/4838/4221 4825/4844/4227 4820/4839/4222
f 4782/4801/4184 4787/4806/4189 4826/4845/4228
f 4782/4801/4184 4826/4845/4228 4823/4842/4225
f 4787/4806/4189 4786/4805/4188 4827/4846/4229
f 4787/4806/4189 4827/4846/4229 4826/4845/4228
f 4826/4845/4228 4827/4846/4229 4828/4847/4230
f 4826/4845/4228 4828/4847/4230 4829/4848/4231
f 4823/4842/4225 4826/4845/4228 4829/4848/4231
f 4823/4842/4225 4829/4848/4231 4824/4843/4226
f 4786/4805/4188 4791/4810/4193 4830/4849/4232
f 4786/4805/4188 4830/4849/4232 4827/4846/4229
f 4791/4810/4193 4790/4809/4192 4831/4850/4233
f 4791/4810/4193 4831/4850/4233 4830/4849/4232
f 4830/4849/4232 4831/4850/4233 4832/4851/4199
f 4830/4849/4232 4832/4851/4199 4833/4852/4234
f 4827/4846/4229 4830/4849/4232 4833/4852/4234
f 4827/4846/4229 4833/4852/4234 4828/4847/4230
f 4797/4816/4199 4796/4815/4198 4834/4853/4235
f 4797/4816/4199 4834/4853/4235 4835/4854/4236
f 4796/4815/4198 4795/4814/4197 4836/4855/4237
f 4796/4815/4198 4836/4855/4237 4834/4853/4235
f 4834/4853/4235 4836/4855/4237 4837/4856/4238
f 4834/4853/4235 4837/4856/4238 4838/4857/4239
f 4835/4854/4236 4834/4853/4235 4838/4857/4239
f 4835/4854/4236 4838/4857/4239 4839/4858/4240
f 4795/4814/4197 4801/4820/4203 4840/4859/4241
f 4795/4814/4197 4840/4859/4241 4836/4855/4237
f 4801/4820/4203 4800/4819/4202 4841/4860/4242
f 4801/4820/4203 4841/4860/4242 4840/4859/4241
f 4840/4859/4241 4841/4860/4242 4842/4861/4243
f 4840/4859/4241 4842/4861/4243 4843/4862/4244
f 4836/4855/4237 4840/4859/4241 4843/4862/4244
f 4836/4855/4237 4843/4862/4244 4837/4856/4238
f 4800/4819/4202 4805/4824/4207 4844/4863/4245
f 4800/4819/4202 4844/4863/4245 4841/4860/4242
f 4805/4824/4207 4804/4823/4206 4845/4864/4246
f 4805/4824/4207 4845/4864/4246 4844/4863/4245
f 4844/4863/4245 4845/4864/4246 4846/4865/4247
f 4844/4863/4245 4846/4865/4247 4847/4866/4248
f 4841/4860/4242 4844/4863/4245 4847/4866/4248
f 4841/4860/4242 4847/4866/4248 4842/4861/4243
f 4804/4823/4206 4809/4828/4211 4848/4867/4249
f 4804/4823/4206 4848/4867/4249 4845/4864/4246
f 4809/4828/4211 4808/4827/4210 4849/4868/4250
f 4809/4828/4211 4849/4868/4250 4848/4867/4249
f 4848/4867/4249 4849/4868/4250 4850/4869/4251
f 4848/4867/4249 4850/4869/4251 4851/4870/4252
f 4845/4864/4246 4848/4867/4249 4851/4870/4252
f 4845/4864/4246 4851/4870/4252 4846/4865/4247
f 4808/4827/4210 4813/4832/4215 4852/4871/4253
f 4808/4827/4210 4852/4871/4253 4849/4868/4250
f 4813/4832/4215 4812/4831/4214 4853/4872/4254
f 4813/4832/4215 4853/4872/4254 4852/4871/4253
f 4852/4871/4253 4853/4872/4254 4854/4873/4255
f 4852/4871/4253 4854/4873/4255 4855/4874/4256
f 4849/4868/4250 4852/4871/4253 4855/4874/4256
f 4849/4868/4250 4855/4874/4256 4850/4869/4251
f 4812/4831/4214 4817/4836/4219 4856/4875/4257
f 4812/4831/4214 4856/4875/4257 4853/4872/4254
f 4817/4836/4219 4816/4835/4218 4857/4876/4258
f 4817/4836/4219 4857/4876/4258 4856/4875/4257
f 4856/4875/4257 4857/4876/4258 4858/4877/4259
f 4856/4875/4257 4858/4877/4259 4859/4878/4260
f 4853/4872/4254 4856/4875/4257 4859/4878/4260
f 4853/4872/4254 4859/4878/4260 4854/4873/4255
f 4816/4835/4218 4821/4840/4223 4860/4879/4261
f 4816/4835/4218 4860/4879/4261 4857/4876/4258
f 4821/4840/4223 4820/4839/4222 4861/4880/4262
f 4821/4840/4223 4861/4880/4262 4860/4879/4261
f 4860/4879/4261 4861/4880/4262 4862/4881/4263
f 4860/4879/4261 4862/4881/4263 4863/4882/4264
f 4857/4876/4258 4860/4879/4261 4863/4882/4264
f 4857/4876/4258 4863/4882/4264 4858/4877/4259
f 4820/4839/4222 4825/4844/4227 4864/4883/4265
f 4820/4839/4222 4864/4883/4265 4861/4880/4262
f 4825/4844/4227 4824/4843/4226 4865/4884/4266
f 4825/4844/4227 4865/4884/4266 4864/4883/4265
f 4864/4883/4265 4865/4884/4266 4866/4885/4267
f 4864/4883/4265 4866/4885/4267 4867/4886/4268
f 4861/4880/4262 4864/4883/4265 4867/4886/4268
f 4861/4880/4262 4867/4886/4268 4862/4881/4263
f 4824/4843/4226 4829/4848/4231 4868/4887/4269
f 4824/4843/4226 4868/4887/4269 4865/4884/4266
f 4829/4848/4231 4828/4847/4230 4869/4888/4270
f 4829/4848/4231 4869/4888/4270 4868/4887/4269
f 4868/4887/4269 4869/4888/4270 4870/4889/4271
f 4868/4887/4269 4870/4889/4271 4871/4890/4272
f 4865/4884/4266 4868/4887/4269 4871/4890/4272
f 4865/4884/4266 4871/4890/4272 4866/4885/4267
f 4828/4847/4230 4833/4852/4234 4872/4891/4273
f 4828/4847/4230 4872/4891/4273 4869/4888/4270
f 4833/4852/4234 4832/4851/4199 4873/4892/4236
f 4833/4852/4234 4873/4892/4236 4872/4891/4273
f 4872/4891/4273 4873/4892/4236 4874/4893/4274
f 4872/4891/4273 4874/4893/4274 4875/4894/4275
f 4869/4888/4270 4872/4891/4273 4875/4894/4275
f 4869/4888/4270 4875/4894/4275 4870/4889/4271
f 4839/4858/4240 4838/4857/4239 4876/4895/4276
f 4839/4858/4240 4876/4895/4276 4877/4896/4277
f 4838/4857/4239 4837/4856/4238 4878/4897/4278
f 4838/4857/4239 4878/4897/4278 4876/4895/4276
f 4876/4895/4276 4878/4897/4278 4879/4898/4279
f 4876/4895/4276 4879/4898/4279 4880/4899/4280
f 4877/4896/4277 4876/4895/4276 4880/4899/4280
f 4877/4896/4277 4880/4899/4280 4881/4900/4281
f 4837/4856/4238 4843/4862/4244 4882/4901/4282
f 4837/4856/4238 4882/4901/4282 4878/4897/4278
f 4843/4862/4244 4842/4861/4243 4883/4902/4283
f 4843/4862/4244 4883/4902/4283 4882/4901/4282
f 4882/4901/4282 4883/4902/4283 4884/4903/4284
f 4882/4901/4282 4884/4903/4284 4885/4904/4285
f 4878/4897/4278 4882/4901/4282 4885/4904/4285
f 4878/4897/4278 4885/4904/4285 4879/4898/4279
f 4842/4861/4243 4847/4866/4248 4886/4905/4286
f 4842/4861/4243 4886/4905/4286 4883/4902/4283
f 4847/4866/4248 4846/4865/4247 4887/4906/4287
f 4847/4866/4248 4887/4906/4287 4886/4905/4286
f 4886/4905/4286 4887/4906/4287 4888/4907/4288
f 4886/4905/4286 4888/4907/4288 4889/4908/4289
f 4883/4902/4283 4886/4905/4286 4889/4908/4289
f 4883/4902/4283 4889/4908/4289 4884/4903/4284
f 4846/4865/4247 4851/4870/4252 4890/4909/4290
f 4846/4865/4247 4890/4909/4290 4887/4906/4287
f 4851/4870/4252 4850/4869/4251 4891/4910/4291
f 4851/4870/4252 4891/4910/4291 4890/4909/4290
f 4890/4909/4290 4891/4910/4291 4892/4911/4292
f 4890/4909/4290 4892/4911/4292 4893/4912/4293
f 4887/4906/4287 4890/4909/4290 4893/4912/4293
f 4887/4906/4287 4893/4912/4293 4888/4907/4288
f 4850/4869/4251 4855/4874/4256 4894/4913/4294
f 4850/4869/4251 4894/4913/4294 4891/4910/4291
f 4855/4874/4256 4854/4873/4255 4895/4914/4295
f 4855/4874/4256 4895/4914/4295 4894/4913/4294
f 4894/4913/4294 4895/4914/4295 4896/4915/4296
f 4894/4913/4294 4896/4915/4296 4897/4916/4297
f 4891/4910/4291 4894/4913/4294 4897/4916/4297
f 4891/4910/4291 4897/4916/4297 4892/4911/4292
f 4854/4873/4255 4859/4878/4260 4898/4917/4298
f 4854/4873/4255 4898/4917/4298 4895/4914/4295
f 4859/4878/4260 4858/4877/4259 4899/4918/4299
f 4859/4878/4260 4899/4918/4299 4898/4917/4298
f 4898/4917/4298 4899/4918/4299 4900/4919/4300
f 4898/4917/4298 4900/4919/4300 4901/4920/4301
f 4895/4914/4295 4898/4917/4298 4901/4920/4301
f 4895/4914/4295 4901/4920/4301 4896/4915/4296
f 4858/4877/4259 4863/4882/4264 4902/4921/4302
f 4858/4877/4259 4902/4921/4302 4899/4918/4299
f 4863/4882/4264 4862/4881/4263 4903/4922/4303
f 4863/4882/4264 4903/4922/4303 4902/4921/4302
f 4902/4921/4302 4903/4922/4303 4904/4923/4304
f 4902/4921/4302 4904/4923/4304 4905/4924/4305
f 4899/4918/4299 4902/4921/4302 4905/4924/4305
f 4899/4918/4299 4905/4924/4305 4900/4919/4300
f 4862/4881/4263 4867/4886/4268 4906/4925/4306
f 4862/4881/4263 4906/4925/4306 4903/4922/4303
f 4867/4886/4268 4866/4885/4267 4907/4926/4307
f 4867/4886/4268 4907/4926/4307 4906/4925/4306
f 4906/4925/4306 4907/4926/4307 4908/4927/4308
f 4906/4925/4306 4908/4927/4308 4909/4928/4309
f 4903/4922/4303 4906/4925/4306 4909/4928/4309
f 4903/4922/4303 4909/4928/4309 4904/4923/4304
f 4866/4885/4267 4871/4890/4272 4910/4929/4310
f 4866/4885/4267 4910/4929/4310 4907/4926/4307
f 4871/4890/4272 4870/4889/4271 4911/4930/4311
f 4871/4890/4272 4911/4930/4311 4910/4929/4310
f 4910/4929/4310 4911/4930/4311 4912/4931/4312
f 4910/4929/4310 4912/4931/4312 4913/4932/4313
f 4907/4926/4307 4910/4929/4310 4913/4932/4313
f 4907/4926/4307 4913/4932/4313 4908/4927/4308
f 4870/4889/4271 4875/4894/4275 4914/4933/4314
f 4870/4889/4271 4914/4933/4314 4911/4930/4311
f 4875/4894/4275 4874/4893/4274 4915/4934/4315
f 4875/4894/4275 4915/4934/4315 4914/4933/4314
f 4914/4933/4314 4915/4934/4315 4916/4935/4316
f 4914/4933/4314 4916/4935/4316 4917/4936/4317
f 4911/4930/4311 4914/4933/4314 4917/4936/4317
f 4911/4930/4311 4917/4936/4317 4912/4931/4312
f 4881/4900/4281 4880/4899/4280 4918/4937/4318
f 4881/4900/4281 4918/4937/4318 4919/4938/4319
f 4880/4899/4280 4879/4898/4279 4920/4939/4320
f 4880/4899/4280 4920/4939/4320 4918/4937/4318
f 4918/4937/4318 4920/4939/4320 4921/4940/4321
f 4918/4937/4318 4921/4940/4321 4922/4941/4322
f 4919/4938/4319 4918/4937/4318 4922/4941/4322
f 4919/4938/4319 4922/4941/4322 4923/4942/4323
f 4879/4898/4279 4885/4904/4285 4924/4943/4324
f 4879/4898/4279 4924/4943/4324 4920/4939/4320
f 4885/4904/4285 4884/4903/4284 4925/4944/4325
f 4885/4904/4285 4925/4944/4325 4924/4943/4324
f 4924/4943/4324 4925/4944/4325 4926/4945/4326
f 4924/4943/4324 4926/4945/4326 4927/4946/4327
f 4920/4939/4320 4924/4943/4324 4927/4946/4327
f 4920/4939/4320 4927/4946/4327 4921/4940/4321
f 4884/4903/4284 4889/4908/4289 4928/4947/4328
f 4884/4903/4284 4928/4947/4328 4925/4944/4325
f 4889/4908/4289 4888/4907/4288 4929/4948/4329
f 4889/4908/4289 4929/4948/4329 4928/4947/4328
f 4928/4947/4328 4929/4948/4329 4930/4949/4330
f 4928/4947/4328 4930/4949/4330 4931/4950/4331
f 4925/4944/4325 4928/4947/4328 4931/4950/4331
f 4925/4944/4325 4931/4950/4331 4926/4945/4326
f 4888/4907/4288 4893/4912/4293 4932/4951/4332
f 4888/4907/4288 4932/4951/4332 4929/4948/4329
f 4893/4912/4293 4892/4911/4292 4933/4952/4333
f 4893/4912/4293 4933/4952/4333 4932/4951/4332
f 4932/4951/4332 4933/4952/4333 4934/4953/4334
f 4932/4951/4332 4934/4953/4334 4935/4954/4335
f 4929/4948/4329 4932/4951/4332 4935/4954/4335
f 4929/4948/4329 4935/4954/4335 4930/4949/4330
f 4892/4911/4292 4897/4916/4297 4936/4955/4336
f 4892/4911/4292 4936/4955/4336 4933/4952/4333
f 4897/4916/4297 4896/4915/4296 4937/4956/4337
f 4897/4916/4297 4937/4956/4337 4936/4955/4336
f 4936/4955/4336 4937/4956/4337 4938/4957/4338
f 4936/4955/4336 4938/4957/4338 4939/4958/4339
f 4933/4952/4333 4936/4955/4336 4939/4958/4339
f 4933/4952/4333 4939/4958/4339 4934/4953/4334
f 4896/4915/4296 4901/4920/4301 4940/4959/4340
f 4896/4915/4296 4940/4959/4340 4937/4956/4337
f 4901/4920/4301 4900/4919/4300 4941/4960/4341
f 4901/4920/4301 4941/4960/4341 4940/4959/4340
f 4940/4959/4340 4941/4960/4341 4942/4961/4342
f 4940/4959/4340 4942/4961/4342 4943/4962/4343
f 4937/4956/4337 4940/4959/4340 4943/4962/4343
f 4937/4956/4337 4943/4962/4343 4938/4957/4338
f 4900/4919/4300 4905/4924/4305 4944/4963/4344
f 4900/4919/4300 4944/4963/4344 4941/4960/4341
f 4905/4924/4305 4904/4923/4304 4945/4964/4345
f 4905/4924/4305 4945/4964/4345 4944/4963/4344
f 4944/4963/4344 4945/4964/4345 4946/4965/4346
f 4944/4963/4344 4946/4965/4346 4947/4966/4347
f 4941/4960/4341 4944/4963/4344 4947/4966/4347
f 4941/4960/4341 4947/4966/4347 4942/4961/4342
f 4904/4923/4304 4909/4928/4309 4948/4967/4348
f 4904/4923/4304 4948/4967/4348 4945/4964/4345
f 4909/4928/4309 4908/4927/4308 4949/4968/4349
f 4909/4928/4309 4949/4968/4349 4948/4967/4348
f 4948/4967/4348 4949/4968/4349 4950/4969/4350
f 4948/4967/4348 4950/4969/4350 4951/4970/4351
f 4945/4964/4345 4948/4967/4348 4951/4970/4351
f 4945/4964/4345 4951/4970/4351 4946/4965/4346
f 4908/4927/4308 4913/4932/4313 4952/4971/4352
f 4908/4927/4308 4952/4971/4352 4949/4968/4349
f 4913/4932/4313 4912/4931/4312 4953/4972/4353
f 4913/4932/4313 4953/4972/4353 4952/4971/4352
f 4952/4971/4352 4953/4972/4353 4954/4973/4354
f 4952/4971/4352 4954/4973/4354 4955/4974/4355
f 4949/4968/4349 4952/4971/4352 4955/4974/4355
f 4949/4968/4349 4955/4974/4355 4950/4969/4350
f 4912/4931/4312 4917/4936/4317 4956/4975/4356
f 4912/4931/4312 4956/4975/4356 4953/4972/4353
f 4917/4936/4317 4916/4935/4316 4957/4976/4357
f 4917/4936/4317 4957/4976/4357 4956/4975/4356
f 4956/4975/4356 4957/4976/4357 4958/4977/4358
f 4956/4975/4356 4958/4977/4358 4959/4978/4359
f 4953/4972/4353 4956/4975/4356 4959/4978/4359
f 4953/4972/4353 4959/4978/4359 4954/4973/4354
f 4923/4942/4323 4922/4941/4322 4960/4979/4360
f 4923/4942/4323 4960/4979/4360 4961/4980/4361
f 4922/4941/4322 4921/4940/4321 4962/4981/4362
f 4922/4941/4322 4962/4981/4362 4960/4979/4360
f 4960/4979/4360 4962/4981/4362 4963/4982/4363
f 4960/4979/4360 4963/4982/4363 4964/4983/4364
f 4961/4980/4361 4960/4979/4360 4964/4983/4364
f 4961/4980/4361 4964/4983/4364 4965/4984/4365
f 4921/4940/4321 4927/4946/4327 4966/4985/4366
f 4921/4940/4321 4966/4985/4366 4962/4981/4362
f 4927/4946/4327 4926/4945/4326 4967/4986/4367
f 4927/4946/4327 4967/4986/4367 4966/4985/4366
f 4966/4985/4366 4967/4986/4367 4968/4987/4368
f 4966/4985/4366 4968/4987/4368 4969/4988/4369
f 4962/4981/4362 4966/4985/4366 4969/4988/4369
f 4962/4981/4362 4969/4988/4369 4963/4982/4363
f 4926/4945/4326 4931/4950/4331 4970/4989/4370
f 4926/4945/4326 4970/4989/4370 4967/4986/4367
f 4931/4950/4331 4930/4949/4330 4971/4990/4371
f 4931/4950/4331 4971/4990/4371 4970/4989/4370
f 4970/4989/4370 4971/4990/4371 4972/4991/4372
f 4970/4989/4370 4972/4991/4372 4973/4992/4373
f 4967/4986/4367 4970/4989/4370 4973/4992/4373
f 4967/4986/4367 4973/4992/4373 4968/4987/4368
f 4930/4949/4330 4935/4954/4335 4974/4993/4374
f 4930/4949/4330 4974/4993/4374 4971/4990/4371
f 4935/4954/4335 4934/4953/4334 4975/4994/4375
f 4935/4954/4335 4975/4994/4375 4974/4993/4374
f 4974/4993/4374 4975/4994/4375 4976/4995/4376
f 4974/4993/4374 4976/4995/4376 4977/4996/4377
f 4971/4990/4371 4974/4993/4374 4977/4996/4377
f 4971/4990/4371 4977/4996/4377 4972/4991/4372
f 4934/4953/4334 4939/4958/4339 4978/4997/4378
f 4934/4953/4334 4978/4997/4378 4975/4994/4375
f 4939/4958/4339 4938/4957/4338 4979/4998/4379
f 4939/4958/4339 4979/4998/4379 4978/4997/4378
f 4978/4997/4378 4979/4998/4379 4980/4999/4380
f 4978/4997/4378 4980/4999/4380 4981/5000/4381
f 4975/4994/4375 4978/4997/4378 4981/5000/4381
f 4975/4994/4375 4981/5000/4381 4976/4995/4376
f 4938/4957/4338 4943/4962/4343 4982/5001/4382
f 4938/4957/4338 4982/5001/4382 4979/4998/4379
f 4943/4962/4343 4942/4961/4342 4983/5002/4383
f 4943/4962/4343 4983/5002/4383 4982/5001/4382
f 4982/5001/4382 4983/5002/4383 4984/5003/4384
f 4982/5001/4382 4984/5003/4384 4985/5004/4385
f 4979/4998/4379 4982/5001/4382 4985/5004/4385
f 4979/4998/4379 4985/5004/4385 4980/4999/4380
f 4942/4961/4342 4947/4966/4347 4986/5005/4386
f 4942/4961/4342 4986/5005/4386 4983/5002/4383
f 4947/4966/4347 4946/4965/4346 4987/5006/4387
f 4947/4966/4347 4987/5006/4387 4986/5005/4386
f 4986/5005/4386 4987/5006/4387 4988/5007/4388
f 4986/5005/4386 4988/5007/4388 4989/5008/4389
f 4983/5002/4383 4986/5005/4386 4989/5008/4389
f 4983/5002/4383 4989/5008/4389 4984/5003/4384
f 4946/4965/4346 4951/4970/4351 4990/5009/4390
f 4946/4965/4346 4990/5009/4390 4987/5006/4387
f 4951/4970/4351 4950/4969/4350 4991/5010/4391
f 4951/4970/4351 4991/5010/4391 4990/5009/4390
f 4990/5009/4390 4991/5010/4391 4992/5011/4392
f 4990/5009/4390 4992/5011/4392 4993/5012/4393
f 4987/5006/4387 4990/5009/4390 4993/5012/4393
f 4987/5006/4387 4993/5012/4393 4988/5007/4388
f 4950/4969/4350 4955/4974/4355 4994/5013/4394
f 4950/4969/4350 4994/5013/4394 4991/5010/4391
f 4955/4974/4355 4954/4973/4354 4995/5014/4395
f 4955/4974/4355 4995/5014/4395 4994/5013/4394
f 4994/5013/4394 4995/5014/4395 4996/5015/4396
f 4994/5013/4394 4996/5015/4396 4997/5016/4397
f 4991/5010/4391 4994/5013/4394 4997/5016/4397
f 4991/5010/4391 4997/5016/4397 4992/5011/4392
f 4954/4973/4354 4959/4978/4359 4998/5017/4398
f 4954/4973/4354 4998/5017/4398 4995/5014/4395
f 4959/4978/4359 4958/4977/4358 4999/5018/4399
f 4959/4978/4359 4999/5018/4399 4998/5017/4398
f 4998/5017/4398 4999/5018/4399 5000/5019/4400
f 4998/5017/4398 5000/5019/4400 5001/5020/4401
f 4995/5014/4395 4998/5017/4398 5001/5020/4401
f 4995/5014/4395 5001/5020/4401 4996/5015/4396
f 4965/4984/4365 4964/4983/4364 5002/5021/4402
f 4965/4984/4365 5002/5021/4402 5003/5022/4403
f 4964/4983/4364 4963/4982/4363 5004/5023/4404
f 4964/4983/4364 5004/5023/4404 5002/5021/4402
f 5002/5021/4402 5004/5023/4404 5005/5024/4405
f 5002/5021/4402 5005/5024/4405 5006/5025/4406
f 5003/5022/4403 5002/5021/4402 5006/5025/4406
f 5003/5022/4403 5006/5025/4406 5007/5026/4407
f 4963/4982/4363 4969/4988/4369 5008/5027/4408
f 4963/4982/4363 5008/5027/4408 5004/5023/4404
f 4969/4988/4369 4968/4987/4368 5009/5028/4409
f 4969/4988/4369 5009/5028/4409 5008/5027/4408
f 5008/5027/4408 5009/5028/4409 5010/5029/4410
f 5008/5027/4408 5010/5029/4410 5011/5030/4411
f 5004/5023/4404 5008/5027/4408 5011/5030/4411
f 5004/5023/4404 5011/5030/4411 5005/5024/4405
f 4968/4987/4368 4973/4992/4373 5012/5031/4412
f 4968/4987/4368 5012/5031/4412 5009/5028/4409
f 4973/4992/4373 4972/4991/4372 5013/5032/4413
f 4973/4992/4373 5013/5032/4413 5012/5031/4412
f 5012/5031/4412 5013/5032/4413 5014/5033/4414
f 5012/5031/4412 5014/5033/4414 5015/5034/4415
f 5009/5028/4409 5012/5031/4412 5015/5034/4415
f 5009/5028/4409 5015/5034/4415 5010/5029/4410
f 4972/4991/4372 4977/4996/4377 5016/5035/4416
f 4972/4991/4372 5016/5035/4416 5013/5032/4413
f 4977/4996/4377 4976/4995/4376 5017/5036/4417
f 4977/4996/4377 5017/5036/4417 5016/5035/4416
f 5016/5035/4416 5017/5036/4417 5018/5037/4418
f 5016/5035/4416 5018/5037/4418 5019/5038/4419
f 5013/5032/4413 5016/5035/4416 5019/5038/4419
f 5013/5032/4413 5019/5038/4419 5014/5033/4414
f 4976/4995/4376 4981/5000/4381 5020/5039/4420
f 4976/4995/4376 5020/5039/4420 5017/5036/4417
f 4981/5000/4381 4980/4999/4380 5021/5040/4421
f 4981/5000/4381 5021/5040/4421 5020/5039/4420
f 5020/5039/4420 5021/5040/4421 5022/5041/4422
f 5020/5039/4420 5022/5041/4422 5023/5042/4423
f 5017/5036/4417 5020/5039/4420 5023/5042/4423
f 5017/5036/4417 5023/5042/4423 5018/5037/4418
f 4980/4999/4380 4985/5004/4385 5024/5043/4424
f 4980/4999/4380 5024/5043/4424 5021/5040/4421
f 4985/5004/4385 4984/5003/4384 5025/5044/4425
f 4985/5004/4385 5025/5044/4425 5024/5043/4424
f 5024/5043/4424 5025/5044/4425 5026/5045/4426
f 5024/5043/4424 5026/5045/4426 5027/5046/4427
f 5021/5040/4421 5024/5043/4424 5027/5046/4427
f 5021/5040/4421 5027/5046/4427 5022/5041/4422
f 4984/5003/4384 4989/5008/4389 5028/5047/4428
f 4984/5003/4384 5028/5047/4428 5025/5044/4425
f 4989/5008/4389 4988/5007/4388 5029/5048/4429
f 4989/5008/4389 5029/5048/4429 5028/5047/4428
f 5028/5047/4428 5029/5048/4429 5030/5049/4430
f 5028/5047/4428 5030/5049/4430 5031/5050/4431
f 5025/5044/4425 5028/5047/4428 5031/5050/4431
f 5025/5044/4425 5031/5050/4431 5026/5045/4426
f 4988/5007/4388 4993/5012/4393 5032/5051/4432
f 4988/5007/4388 5032/5051/4432 5029/5048/4429
f 4993/5012/4393 4992/5011/4392 5033/5052/4433
f 4993/5012/4393 5033/5052/4433 5032/5051/4432
f 5032/5051/4432 5033/5052/4433 5034/5053/4434
f 5032/5051/4432 5034/5053/4434 5035/5054/4435
f 5029/5048/4429 5032/5051/4432 5035/5054/4435
f 5029/5048/4429 5035/5054/4435 5030/5049/4430
f 4992/5011/4392 4997/5016/4397 5036/5055/4436
f 4992/5011/4392 5036/5055/4436 5033/5052/4433
f 4997/5016/4397 4996/5015/4396 5037/5056/4437
f 4997/5016/4397 5037/5056/4437 5036/5055/4436
f 5036/5055/4436 5037/5056/4437 5038/5057/4438
f 5036/5055/4436 5038/5057/4438 5039/5058/4439
f 5033/5052/4433 5036/5055/4436 5039/5058/4439
f 5033/5052/4433 5039/5058/4439 5034/5053/4434
f 4996/5015/4396 5001/5020/4401 5040/5059/4440
f 4996/5015/4396 5040/5059/4440 5037/5056/4437
f 5001/5020/4401 5000/5019/4400 5041/5060/4441
f 5001/5020/4401 5041/5060/4441 5040/5059/4440
f 5040/5059/4440 5041/5060/4441 5042/5061/4442
f 5040/5059/4440 5042/5061/4442 5043/5062/4443
f 5037/5056/4437 5040/5059/4440 5043/5062/4443
f 5037/5056/4437 5043/5062/4443 5038/5057/4438
f 4691/4710/4095 4688/4707/4092 5044/5063/4444
f 4691/4710/4095 5044/5063/4444 5045/5064/4445
f 4687/4706/4091 5046/5065/4446 5044/5063/4444
f 4687/4706/4091 5044/5063/4444 4688/4707/4092
f 5047/5066/4447 5045/5064/4445 5044/5063/4444
f 5047/5066/4447 5044/5063/4444 5046/5065/4446
f 4698/4717/4102 4696/4715/4100 5048/5067/4448
f 4698/4717/4102 5048/5067/4448 5049/5068/4449
f 4691/4710/4095 5050/5069/4445 5048/5067/4448
f 4691/4710/4095 5048/5067/4448 4696/4715/4100
f 5051/5070/4450 5049/5068/4449 5048/5067/4448
f 5051/5070/4450 5048/5067/4448 5050/5069/4445
f 4704/4723/4108 4702/4721/4106 5052/5071/4451
f 4704/4723/4108 5052/5071/4451 5053/5072/4452
f 4698/4717/4102 5054/5073/4453 5052/5071/4451
f 4698/4717/4102 5052/5071/4451 4702/4721/4106
f 5055/5074/4454 5053/5072/4452 5052/5071/4451
f 5055/5074/4454 5052/5071/4451 5054/5073/4453
f 4710/4729/4114 4708/4727/4112 5056/5075/4455
f 4710/4729/4114 5056/5075/4455 5057/5076/4456
f 4704/4723/4108 5058/5077/4452 5056/5075/4455
f 4704/4723/4108 5056/5075/4455 4708/4727/4112
f 5059/5078/4457 5057/5076/4456 5056/5075/4455
f 5059/5078/4457 5056/5075/4455 5058/5077/4452
f 4716/4735/4120 4714/4733/4118 5060/5079/4458
f 4716/4735/4120 5060/5079/4458 5061/5080/4459
f 4710/4729/4114 5062/5081/4460 5060/5079/4458
f 4710/4729/4114 5060/5079/4458 4714/4733/4118
f 5063/5082/4461 5061/5080/4459 5060/5079/4458
f 5063/5082/4461 5060/5079/4458 5062/5081/4460
f 4722/4741/4126 4720/4739/4124 5064/5083/4462
f 4722/4741/4126 5064/5083/4462 5065/5084/4463
f 4716/4735/4120 5066/5085/4464 5064/5083/4462
f 4716/4735/4120 5064/5083/4462 4720/4739/4124
f 5067/5086/4465 5065/5084/4463 5064/5083/4462
f 5067/5086/4465 5064/5083/4462 5066/5085/4464
f 4728/4747/4132 4726/4745/4130 5068/5087/4466
f 4728/4747/4132 5068/5087/4466 5069/5088/4467
f 4722/4741/4126 5070/5089/4463 5068/5087/4466
f 4722/4741/4126 5068/5087/4466 4726/4745/4130
f 5071/5090/4468 5069/5088/4467 5068/5087/4466
f 5071/5090/4468 5068/5087/4466 5070/5089/4463
f 4734/4753/4138 4732/4751/4136 5072/5091/4469
f 4734/4753/4138 5072/5091/4469 5073/5092/4470
f 4728/4747/4132 5074/5093/4471 5072/5091/4469
f 4728/4747/4132 5072/5091/4469 4732/4751/4136
f 5075/5094/4468 5073/5092/4470 5072/5091/4469
f 5075/5094/4468 5072/5091/4469 5074/5093/4471
f 4740/4759/4144 4738/4757/4142 5076/5095/4472
f 4740/4759/4144 5076/5095/4472 5077/5096/4473
f 4734/4753/4138 5078/5097/4470 5076/5095/4472
f 4734/4753/4138 5076/5095/4472 4738/4757/4142
f 5079/5098/4474 5077/5096/4473 5076/5095/4472
f 5079/5098/4474 5076/5095/4472 5078/5097/4470
f 4746/4765/4091 4744/4763/4148 5080/5099/4475
f 4746/4765/4091 5080/5099/4475 5081/5100/4446
f 4740/4759/4144 5082/5101/4476 5080/5099/4475
f 4740/4759/4144 5080/5099/4475 4744/4763/4148
f 5083/5102/4447 5081/5100/4446 5080/5099/4475
f 5083/5102/4447 5080/5099/4475 5082/5101/4476
f 5007/5026/4407 5006/5025/4406 5084/5103/4477
f 5007/5026/4407 5084/5103/4477 5085/5104/4478
f 5005/5024/4405 5086/5105/4479 5084/5103/4477
f 5005/5024/4405 5084/5103/4477 5006/5025/4406
f 5087/5106/4480 5085/5104/4478 5084/5103/4477
f 5087/5106/4480 5084/5103/4477 5086/5105/4479
f 5005/5024/4405 5011/5030/4411 5088/5107/4481
f 5005/5024/4405 5088/5107/4481 5089/5108/4482
f 5010/5029/4410 5090/5109/4483 5088/5107/4481
f 5010/5029/4410 5088/5107/4481 5011/5030/4411
f 5091/5110/4484 5089/5108/4482 5088/5107/4481
f 5091/5110/4484 5088/5107/4481 5090/5109/4483
f 5010/5029/4410 5015/5034/4415 5092/5111/4485
f 5010/5029/4410 5092/5111/4485 5093/5112/4486
f 5014/5033/4414 5094/5113/4487 5092/5111/4485
f 5014/5033/4414 5092/5111/4485 5015/5034/4415
f 5095/5114/4484 5093/5112/4486 5092/5111/4485
f 5095/5114/4484 5092/5111/4485 5094/5113/4487
f 5014/5033/4414 5019/5038/4419 5096/5115/4488
f 5014/5033/4414 5096/5115/4488 5097/5116/4487
f 5018/5037/4418 5098/5117/4489 5096/5115/4488
f 5018/5037/4418 5096/5115/4488 5019/5038/4419
f 5099/5118/4490 5097/5116/4487 5096/5115/4488
f 5099/5118/4490 5096/5115/4488 5098/5117/4489
f 5018/5037/4418 5023/5042/4423 5100/5119/4491
f 5018/5037/4418 5100/5119/4491 5101/5120/4489
f 5022/5041/4422 5102/5121/4492 5100/5119/4491
f 5022/5041/4422 5100/5119/4491 5023/5042/4423
f 5103/5122/4493 5101/5120/4489 5100/5119/4491
f 5103/5122/4493 5100/5119/4491 5102/5121/4492
f 5022/5041/4422 5027/5046/4427 5104/5123/4494
f 5022/5041/4422 5104/5123/4494 5105/5124/4492
f 5026/5045/4426 5106/5125/4495 5104/5123/4494
f 5026/5045/4426 5104/5123/4494 5027/5046/4427
f 5107/5126/4493 5105/5124/4492 5104/5123/4494
f 5107/5126/4493 5104/5123/4494 5106/5125/4495
f 5026/5045/4426 5031/5050/4431 5108/5127/4496
f 5026/5045/4426 5108/5127/4496 5109/5128/4495
f 5030/5049/4430 5110/5129/4497 5108/5127/4496
f 5030/5049/4430 5108/5127/4496 5031/5050/4431
f 5111/5130/4498 5109/5128/4495 5108/5127/4496
f 5111/5130/4498 5108/5127/4496 5110/5129/4497
f 5030/5049/4430 5035/5054/4435 5112/5131/4499
f 5030/5049/4430 5112/5131/4499 5113/5132/4500
f 5034/5053/4434 5114/5133/4501 5112/5131/4499
f 5034/5053/4434 5112/5131/4499 5035/5054/4435
f 5115/5134/4498 5113/5132/4500 5112/5131/4499
f 5115/5134/4498 5112/5131/4499 5114/5133/4501
f 5034/5053/4434 5039/5058/4439 5116/5135/4502
f 5034/5053/4434 5116/5135/4502 5117/5136/4503
f 5038/5057/4438 5118/5137/4504 5116/5135/4502
f 5038/5057/4438 5116/5135/4502 5039/5058/4439
f 5119/5138/4480 5117/5136/4503 5116/5135/4502
f 5119/5138/4480 5116/5135/4502 5118/5137/4504
f 5038/5057/4438 5043/5062/4443 5120/5139/4505
f 5038/5057/4438 5120/5139/4505 5121/5140/4504
f 5042/5061/4442 5122/5141/4506 5120/5139/4505
f 5042/5061/4442 5120/5139/4505 5043/5062/4443
f 5123/5142/4480 5121/5140/4504 5120/5139/4505
f 5123/5142/4480 5120/5139/4505 5122/5141/4506
