# Blender 5.0.1
# www.blender.org
mtllib llanta_delantera_der.mtl
o wheel_rf_003
v -0.211497 -0.110654 -0.170087
v -0.199578 -0.104417 -0.170079
v -0.213454 -0.071916 -0.170079
v -0.226202 -0.076211 -0.170087
v -0.191586 -0.142372 -0.170087
v -0.180789 -0.134348 -0.170079
v -0.166957 -0.170584 -0.170087
v -0.157548 -0.160969 -0.170079
v -0.138218 -0.194596 -0.170087
v -0.130430 -0.183629 -0.170079
v -0.106077 -0.213817 -0.170087
v -0.100100 -0.201766 -0.170079
v -0.071324 -0.227773 -0.170087
v -0.067306 -0.214936 -0.170079
v -0.034817 -0.236122 -0.170087
v -0.032857 -0.222813 -0.170079
v 0.002548 -0.238655 -0.170087
v 0.002402 -0.225204 -0.170079
v 0.039848 -0.235313 -0.170087
v 0.037600 -0.222050 -0.170079
v 0.076167 -0.226177 -0.170087
v 0.071872 -0.213430 -0.170079
v 0.110609 -0.211472 -0.170087
v 0.104373 -0.199554 -0.170079
v 0.142327 -0.191561 -0.170087
v 0.134303 -0.180764 -0.170079
v 0.170539 -0.166932 -0.170087
v 0.160925 -0.157523 -0.170079
v 0.194552 -0.138194 -0.170087
v 0.183584 -0.130405 -0.170079
v 0.213772 -0.106052 -0.170087
v 0.201721 -0.100075 -0.170079
v 0.227729 -0.071300 -0.170087
v 0.214891 -0.067281 -0.170079
v 0.236077 -0.034792 -0.170086
v 0.222768 -0.032832 -0.170079
v 0.238611 0.002572 -0.170087
v 0.225161 0.002427 -0.170079
v 0.235269 0.039873 -0.170087
v 0.222006 0.037625 -0.170079
v 0.226133 0.076192 -0.170086
v 0.213385 0.071897 -0.170079
v 0.211428 0.110634 -0.170087
v 0.199509 0.104397 -0.170079
v 0.191516 0.142352 -0.170087
v 0.180719 0.134328 -0.170079
v 0.166887 0.170564 -0.170087
v 0.157479 0.160950 -0.170079
v 0.138149 0.194576 -0.170087
v 0.130360 0.183609 -0.170079
v 0.106008 0.213797 -0.170087
v 0.100030 0.201746 -0.170079
v 0.071255 0.227753 -0.170087
v 0.067237 0.214916 -0.170079
v 0.034748 0.236102 -0.170087
v 0.032787 0.222793 -0.170079
v -0.002617 0.238636 -0.170087
v -0.002471 0.225185 -0.170079
v -0.039918 0.235294 -0.170087
v -0.037669 0.222031 -0.170079
v -0.076236 0.226158 -0.170087
v -0.071941 0.213410 -0.170079
v -0.110678 0.211453 -0.170087
v -0.104442 0.199534 -0.170079
v -0.142396 0.191541 -0.170087
v -0.134372 0.180744 -0.170079
v -0.170609 0.166912 -0.170087
v -0.160994 0.157503 -0.170079
v -0.194621 0.138174 -0.170087
v -0.183653 0.130385 -0.170079
v -0.213842 0.106033 -0.170087
v -0.201790 0.100055 -0.170079
v -0.227798 0.071280 -0.170087
v -0.214961 0.067262 -0.170079
v -0.236146 0.034772 -0.170087
v -0.222838 0.032812 -0.170079
v -0.238680 -0.002592 -0.170087
v -0.225229 -0.002446 -0.170079
v -0.235338 -0.039893 -0.170087
v -0.222075 -0.037645 -0.170079
v -0.113194 -0.087448 -0.126500
v -0.104468 -0.081892 -0.158135
v -0.121943 -0.093081 -0.160060
v -0.067939 -0.057036 -0.118948
v -0.067939 -0.057036 -0.150469
v -0.064532 -0.055277 -0.149984
v -0.064532 -0.055277 -0.118350
v -0.059919 -0.055262 -0.149499
v -0.059919 -0.055262 -0.117753
v -0.050204 -0.064190 -0.149499
v -0.050204 -0.064190 -0.117723
v -0.049824 -0.068786 -0.118335
v -0.049824 -0.068786 -0.149984
v -0.051286 -0.072332 -0.118948
v -0.051286 -0.072332 -0.150469
v -0.077732 -0.119985 -0.126491
v -0.072941 -0.110822 -0.158133
v -0.082606 -0.129185 -0.160059
v -0.064032 -0.127832 -0.126500
v -0.058579 -0.119042 -0.158135
v -0.069474 -0.136701 -0.160060
v -0.036443 -0.080803 -0.118948
v -0.036444 -0.080803 -0.150469
v -0.034137 -0.077740 -0.149984
v -0.034137 -0.077740 -0.118351
v -0.029985 -0.075727 -0.149499
v -0.029985 -0.075727 -0.117753
v -0.017293 -0.079567 -0.149499
v -0.017293 -0.079567 -0.117723
v -0.014950 -0.083540 -0.118335
v -0.014950 -0.083540 -0.149984
v -0.014688 -0.087379 -0.118948
v -0.014688 -0.087379 -0.150468
v -0.017722 -0.141803 -0.126491
v -0.017396 -0.131468 -0.158133
v -0.018106 -0.152207 -0.160060
v -0.000889 -0.132617 -0.158135
v -0.003012 -0.153260 -0.160060
v -0.001972 -0.142905 -0.126500
v 0.002363 -0.088546 -0.118948
v 0.002363 -0.088546 -0.150468
v 0.003072 -0.084773 -0.149984
v 0.003072 -0.084773 -0.118351
v 0.005932 -0.081154 -0.149499
v 0.005932 -0.081154 -0.117753
v 0.018982 -0.079139 -0.149499
v 0.018982 -0.079139 -0.117723
v 0.022817 -0.081703 -0.118335
v 0.022817 -0.081703 -0.149984
v 0.024708 -0.085049 -0.118948
v 0.024708 -0.085049 -0.150468
v 0.045566 -0.135407 -0.126491
v 0.041378 -0.125953 -0.158133
v 0.049731 -0.144949 -0.160060
v 0.056750 -0.119831 -0.158135
v 0.063790 -0.139351 -0.160060
v 0.060236 -0.129571 -0.126500
v 0.040577 -0.078707 -0.118948
v 0.040577 -0.078707 -0.150468
v 0.039589 -0.074999 -0.149984
v 0.039589 -0.074999 -0.118351
v 0.040598 -0.070497 -0.149499
v 0.040598 -0.070497 -0.117753
v 0.051509 -0.062995 -0.149499
v 0.051509 -0.062995 -0.117723
v 0.056077 -0.063642 -0.118335
v 0.056077 -0.063642 -0.149984
v 0.059209 -0.065852 -0.118948
v 0.059209 -0.065852 -0.150468
v 0.099820 -0.102200 -0.126491
v 0.091946 -0.095497 -0.158133
v 0.107712 -0.108990 -0.160060
v 0.103144 -0.083314 -0.158135
v 0.117951 -0.097850 -0.160060
v 0.110507 -0.090579 -0.126500
v 0.070759 -0.053256 -0.118948
v 0.070759 -0.053256 -0.150468
v 0.068284 -0.050327 -0.149984
v 0.068284 -0.050327 -0.118351
v 0.067240 -0.045833 -0.149499
v 0.067240 -0.045833 -0.117753
v 0.073773 -0.034372 -0.149499
v 0.073773 -0.034372 -0.117723
v 0.078168 -0.032974 -0.118335
v 0.078169 -0.032975 -0.149984
v 0.081951 -0.033608 -0.118948
v 0.081951 -0.033608 -0.150468
v 0.134306 -0.048748 -0.126491
v 0.124304 -0.046124 -0.158133
v 0.144361 -0.051446 -0.160059
v 0.129111 -0.030290 -0.158135
v 0.148757 -0.036967 -0.160060
v 0.138897 -0.033643 -0.126500
v 0.086895 -0.017249 -0.118948
v 0.086895 -0.017249 -0.150468
v 0.083394 -0.015685 -0.149984
v 0.083394 -0.015685 -0.118351
v 0.080505 -0.012088 -0.149499
v 0.080505 -0.012088 -0.117753
v 0.081422 0.001074 -0.149499
v 0.081422 0.001074 -0.117723
v 0.084776 0.004239 -0.118335
v 0.084776 0.004239 -0.149984
v 0.088460 0.005308 -0.118948
v 0.088460 0.005308 -0.150468
v 0.142201 0.014370 -0.126491
v 0.132050 0.012397 -0.158133
v 0.152431 0.016300 -0.160059
v 0.139786 0.029972 -0.126500
v 0.129514 0.028749 -0.158135
v 0.150114 0.031253 -0.160060
v 0.085820 0.022193 -0.118948
v 0.085820 0.022193 -0.150468
v 0.081987 0.022085 -0.149984
v 0.081987 0.022085 -0.118350
v 0.077824 0.024073 -0.149499
v 0.077824 0.024073 -0.117753
v 0.072943 0.036330 -0.149499
v 0.072943 0.036330 -0.117723
v 0.074593 0.040637 -0.118335
v 0.074593 0.040637 -0.149984
v 0.077447 0.043197 -0.118948
v 0.077448 0.043197 -0.150468
v 0.121943 0.074668 -0.126491
v 0.113652 0.068489 -0.158133
v 0.130324 0.080844 -0.160059
v 0.113002 0.087681 -0.126500
v 0.104276 0.082124 -0.158135
v 0.121752 0.093312 -0.160060
v 0.067747 0.057267 -0.118948
v 0.067747 0.057267 -0.150468
v 0.064340 0.055508 -0.149984
v 0.064340 0.055508 -0.118350
v 0.059727 0.055494 -0.149499
v 0.059727 0.055494 -0.117753
v 0.050013 0.064421 -0.149499
v 0.050013 0.064421 -0.117723
v 0.049632 0.069017 -0.118335
v 0.049632 0.069017 -0.149984
v 0.051095 0.072563 -0.118948
v 0.051095 0.072563 -0.150469
v 0.077540 0.120216 -0.126491
v 0.072750 0.111054 -0.158133
v 0.082414 0.129416 -0.160059
v 0.063841 0.128064 -0.126500
v 0.058387 0.119273 -0.158135
v 0.069282 0.136933 -0.160060
v 0.036252 0.081034 -0.118948
v 0.036252 0.081034 -0.150469
v 0.033944 0.077972 -0.149984
v 0.033944 0.077972 -0.118350
v 0.029794 0.075959 -0.149499
v 0.029794 0.075959 -0.117753
v 0.017169 0.079790 -0.149499
v 0.017169 0.079790 -0.117723
v 0.014833 0.083767 -0.118335
v 0.014833 0.083767 -0.149985
v 0.014613 0.087596 -0.118948
v 0.014613 0.087596 -0.150469
v 0.017778 0.142003 -0.126491
v 0.017434 0.131669 -0.158133
v 0.018179 0.152407 -0.160059
v 0.003088 0.153485 -0.160060
v 0.002030 0.143134 -0.126500
v 0.000929 0.132847 -0.158135
v -0.002435 0.088792 -0.118948
v -0.002435 0.088792 -0.150469
v -0.003186 0.085032 -0.149985
v -0.003186 0.085032 -0.118350
v -0.006053 0.081418 -0.149499
v -0.006053 0.081418 -0.117753
v -0.019229 0.079362 -0.149499
v -0.019229 0.079362 -0.117723
v -0.023063 0.081925 -0.118335
v -0.023063 0.081925 -0.149985
v -0.024927 0.085276 -0.118948
v -0.024928 0.085277 -0.150469
v -0.045758 0.135640 -0.126491
v -0.041569 0.126186 -0.158133
v -0.049924 0.145181 -0.160059
v -0.063981 0.139582 -0.160060
v -0.060428 0.129803 -0.126500
v -0.056942 0.120062 -0.158135
v -0.040797 0.078935 -0.118948
v -0.040797 0.078935 -0.150469
v -0.039836 0.075222 -0.149985
v -0.039836 0.075222 -0.118350
v -0.040845 0.070721 -0.149499
v -0.040845 0.070721 -0.117753
v -0.051702 0.063226 -0.149499
v -0.051702 0.063226 -0.117723
v -0.056268 0.063873 -0.118335
v -0.056268 0.063873 -0.149985
v -0.059402 0.066084 -0.118948
v -0.059401 0.066085 -0.150469
v -0.100012 0.102431 -0.126491
v -0.092138 0.095729 -0.158133
v -0.107903 0.109223 -0.160059
v -0.118142 0.098082 -0.160060
v -0.110700 0.090811 -0.126500
v -0.103335 0.083545 -0.158135
v -0.070950 0.053487 -0.118948
v -0.070951 0.053487 -0.150469
v -0.068475 0.050559 -0.149985
v -0.068475 0.050559 -0.118350
v -0.067432 0.046065 -0.149499
v -0.067432 0.046065 -0.117753
v -0.073965 0.034604 -0.149499
v -0.073965 0.034604 -0.117723
v -0.078361 0.033206 -0.118335
v -0.078361 0.033206 -0.149985
v -0.082143 0.033841 -0.118948
v -0.082143 0.033841 -0.150469
v -0.134497 0.048980 -0.126491
v -0.124496 0.046355 -0.158133
v -0.144553 0.051677 -0.160059
v -0.148949 0.037198 -0.160060
v -0.139089 0.033874 -0.126500
v -0.129303 0.030521 -0.158135
v -0.087087 0.017481 -0.118948
v -0.087087 0.017481 -0.150469
v -0.083586 0.015916 -0.149985
v -0.083586 0.015916 -0.118350
v -0.080697 0.012319 -0.149499
v -0.080697 0.012319 -0.117753
v -0.081613 -0.000841 -0.149499
v -0.081613 -0.000841 -0.117723
v -0.084969 -0.004007 -0.118335
v -0.084969 -0.004007 -0.149985
v -0.088651 -0.005077 -0.118948
v -0.088651 -0.005077 -0.150469
v -0.142393 -0.014139 -0.126491
v -0.132242 -0.012166 -0.158133
v -0.152623 -0.016069 -0.160059
v -0.211843 -0.071374 -0.136482
v -0.208966 -0.070404 -0.171886
v -0.195381 -0.102221 -0.171886
v -0.198071 -0.103629 -0.136482
v -0.176987 -0.131522 -0.171886
v -0.179424 -0.133333 -0.136482
v -0.154236 -0.157584 -0.171886
v -0.156359 -0.159755 -0.136482
v -0.127687 -0.179767 -0.171886
v -0.129445 -0.182242 -0.136482
v -0.097996 -0.197523 -0.171886
v -0.099344 -0.200243 -0.136482
v -0.065892 -0.210415 -0.171886
v -0.066799 -0.213313 -0.136482
v -0.032166 -0.218127 -0.171886
v -0.032609 -0.221131 -0.136482
v 0.002351 -0.220468 -0.171886
v 0.002384 -0.223504 -0.136482
v 0.036809 -0.217380 -0.171886
v 0.037316 -0.220374 -0.136482
v 0.070360 -0.208941 -0.171886
v 0.071329 -0.211819 -0.136482
v 0.102177 -0.195356 -0.171886
v 0.103585 -0.198047 -0.136482
v 0.131477 -0.176962 -0.171886
v 0.133288 -0.179400 -0.136482
v 0.157540 -0.154211 -0.171886
v 0.159710 -0.156335 -0.136482
v 0.179722 -0.127662 -0.171886
v 0.182198 -0.129421 -0.136482
v 0.197478 -0.097971 -0.171886
v 0.200198 -0.099319 -0.136482
v 0.210371 -0.065867 -0.171886
v 0.213269 -0.066774 -0.136482
v 0.218083 -0.032141 -0.171886
v 0.221087 -0.032583 -0.136482
v 0.220424 0.002376 -0.171886
v 0.223460 0.002409 -0.136482
v 0.217337 0.036834 -0.171886
v 0.220330 0.037341 -0.136482
v 0.208897 0.070384 -0.171886
v 0.211774 0.071354 -0.136482
v 0.195313 0.102202 -0.171886
v 0.198002 0.103609 -0.136482
v 0.176918 0.131503 -0.171886
v 0.179355 0.133313 -0.136482
v 0.154166 0.157565 -0.171886
v 0.156290 0.159735 -0.136482
v 0.127617 0.179747 -0.171886
v 0.129376 0.182222 -0.136482
v 0.097926 0.197503 -0.171886
v 0.099275 0.200223 -0.136482
v 0.065822 0.210396 -0.171886
v 0.066729 0.213293 -0.136482
v 0.032097 0.218107 -0.171886
v 0.032539 0.221111 -0.136482
v -0.002420 0.220448 -0.171886
v -0.002453 0.223484 -0.136482
v -0.036878 0.217361 -0.171886
v -0.037386 0.220355 -0.136482
v -0.070429 0.208921 -0.171886
v -0.071398 0.211799 -0.136482
v -0.102246 0.195337 -0.171886
v -0.103653 0.198027 -0.136482
v -0.131547 0.176942 -0.171886
v -0.133358 0.179380 -0.136482
v -0.157609 0.154191 -0.171886
v -0.159779 0.156315 -0.136482
v -0.179792 0.127642 -0.171886
v -0.182267 0.129401 -0.136482
v -0.197547 0.097951 -0.171886
v -0.200267 0.099299 -0.136482
v -0.210440 0.065847 -0.171886
v -0.213338 0.066754 -0.136482
v -0.218152 0.032121 -0.171886
v -0.221156 0.032564 -0.136482
v -0.220493 -0.002396 -0.171886
v -0.223529 -0.002429 -0.136482
v -0.217405 -0.036853 -0.171886
v -0.220399 -0.037361 -0.136482
v -0.230680 -0.077720 -0.171899
v -0.215795 -0.112902 -0.137085
v -0.215684 -0.112844 -0.171899
v -0.230798 -0.077760 -0.137085
v -0.195478 -0.145264 -0.137085
v -0.195378 -0.145190 -0.171899
v -0.170349 -0.174050 -0.137085
v -0.170261 -0.173961 -0.171899
v -0.141026 -0.198551 -0.137085
v -0.140954 -0.198449 -0.171899
v -0.108232 -0.218162 -0.137085
v -0.108176 -0.218051 -0.171899
v -0.072773 -0.232402 -0.137085
v -0.072735 -0.232283 -0.171899
v -0.035524 -0.240919 -0.137085
v -0.035506 -0.240796 -0.171899
v 0.002600 -0.243505 -0.137085
v 0.002598 -0.243380 -0.171899
v 0.040659 -0.240096 -0.137085
v 0.040638 -0.239972 -0.171899
v 0.077716 -0.230773 -0.137084
v 0.077676 -0.230655 -0.171898
v 0.112857 -0.215770 -0.137084
v 0.112800 -0.215659 -0.171898
v 0.145220 -0.195453 -0.137084
v 0.145145 -0.195353 -0.171898
v 0.174005 -0.170324 -0.137084
v 0.173917 -0.170237 -0.171898
v 0.198506 -0.141001 -0.137084
v 0.198404 -0.140929 -0.171898
v 0.218117 -0.108207 -0.137084
v 0.218006 -0.108151 -0.171898
v 0.232358 -0.072749 -0.137084
v 0.232239 -0.072711 -0.171898
v 0.240752 -0.035481 -0.171898
v 0.240875 -0.035499 -0.137084
v 0.243337 0.002623 -0.171898
v 0.243461 0.002625 -0.137084
v 0.239927 0.040663 -0.171898
v 0.240051 0.040683 -0.137084
v 0.230611 0.077700 -0.171898
v 0.230729 0.077741 -0.137084
v 0.215614 0.112825 -0.171898
v 0.215725 0.112882 -0.137084
v 0.195409 0.145244 -0.137084
v 0.195309 0.145170 -0.171898
v 0.170279 0.174030 -0.137084
v 0.170193 0.173941 -0.171898
v 0.140957 0.198531 -0.137085
v 0.140885 0.198429 -0.171898
v 0.108162 0.218142 -0.137085
v 0.108107 0.218031 -0.171899
v 0.072704 0.232382 -0.137085
v 0.072667 0.232264 -0.171899
v 0.035454 0.240900 -0.137085
v 0.035436 0.240777 -0.171899
v -0.002670 0.243485 -0.137085
v -0.002668 0.243361 -0.171899
v -0.040728 0.240076 -0.137085
v -0.040707 0.239952 -0.171899
v -0.077784 0.230754 -0.137085
v -0.077745 0.230635 -0.171899
v -0.112927 0.215750 -0.137085
v -0.112869 0.215639 -0.171899
v -0.145289 0.195433 -0.137085
v -0.145215 0.195333 -0.171899
v -0.174075 0.170304 -0.137085
v -0.173986 0.170217 -0.171899
v -0.198575 0.140981 -0.137085
v -0.198473 0.140910 -0.171899
v -0.218187 0.108187 -0.137085
v -0.218075 0.108132 -0.171899
v -0.232427 0.072729 -0.137085
v -0.232308 0.072692 -0.171899
v -0.240944 0.035479 -0.137085
v -0.240821 0.035461 -0.171899
v -0.243530 -0.002645 -0.137085
v -0.243405 -0.002643 -0.171899
v -0.240121 -0.040703 -0.137085
v -0.239997 -0.040683 -0.171899
v -0.073134 -0.036098 -0.117723
v -0.074785 -0.040406 -0.118335
v -0.073134 -0.036098 -0.149499
v -0.074785 -0.040405 -0.149984
v -0.077639 -0.042966 -0.118948
v -0.077639 -0.042966 -0.150469
v -0.122135 -0.074436 -0.126491
v -0.113845 -0.068257 -0.158133
v -0.130517 -0.080613 -0.160059
v -0.172993 -0.113991 -0.131437
v -0.173026 -0.113981 -0.160747
v -0.194015 -0.112156 -0.138177
v -0.180788 -0.114469 -0.164788
v -0.191594 -0.110491 -0.169948
v -0.171580 -0.139536 -0.169948
v -0.171449 -0.128019 -0.164788
v -0.168238 -0.120941 -0.160747
v -0.049949 -0.054282 -0.147796
v -0.078017 -0.023841 -0.149499
v -0.068615 -0.027261 -0.147796
v -0.082179 -0.021854 -0.149984
v -0.086011 -0.021961 -0.150469
v -0.129706 -0.028518 -0.158135
v -0.150305 -0.031021 -0.160060
v -0.204102 -0.036050 -0.160747
v -0.205398 -0.027702 -0.160747
v -0.212604 -0.024775 -0.164788
v -0.210065 -0.041034 -0.164788
v -0.220616 -0.016505 -0.169948
v -0.215177 -0.051356 -0.169948
v -0.073709 0.005170 -0.147796
v -0.199604 0.055997 -0.160747
v -0.197151 0.064081 -0.160746
v -0.202376 0.069843 -0.164788
v -0.207140 0.054091 -0.164788
v -0.206009 0.080770 -0.169948
v -0.216222 0.047008 -0.169948
v -0.064231 0.036600 -0.147796
v -0.155635 0.136987 -0.160746
v -0.149919 0.143209 -0.160746
v -0.152128 0.150666 -0.164788
v -0.163251 0.138538 -0.164788
v -0.150663 0.162087 -0.169948
v -0.174508 0.136094 -0.169948
v -0.042059 0.060808 -0.147796
v -0.080893 0.190899 -0.160746
v -0.073045 0.194026 -0.160746
v -0.071801 0.201703 -0.164788
v -0.087084 0.195600 -0.164788
v -0.065528 0.211360 -0.169948
v -0.098285 0.198278 -0.169948
v -0.011544 0.073009 -0.147796
v 0.010196 0.207047 -0.160746
v 0.018623 0.206446 -0.160746
v 0.023083 0.212817 -0.164788
v 0.006668 0.213973 -0.164788
v 0.032934 0.218781 -0.169948
v -0.002252 0.221260 -0.169948
v 0.021239 0.070750 -0.147796
v 0.098916 0.182113 -0.160746
v 0.106248 0.177918 -0.160747
v 0.113031 0.181724 -0.164788
v 0.098740 0.189884 -0.164788
v 0.124492 0.182826 -0.169948
v 0.093863 0.200319 -0.169948
v 0.049766 0.054506 -0.147796
v 0.168046 0.121172 -0.160747
v 0.172834 0.114212 -0.160747
v 0.180596 0.114700 -0.164788
v 0.171257 0.128251 -0.164788
v 0.191401 0.110723 -0.169948
v 0.171388 0.139768 -0.169948
v 0.068423 0.027493 -0.147795
v 0.203910 0.036281 -0.160747
v 0.205206 0.027933 -0.160747
v 0.212412 0.025006 -0.164788
v 0.209874 0.041267 -0.164788
v 0.220424 0.016737 -0.169948
v 0.214986 0.051588 -0.169948
v 0.073517 -0.004937 -0.147795
v 0.199412 -0.055766 -0.160747
v 0.196960 -0.063850 -0.160747
v 0.202184 -0.069612 -0.164788
v 0.206948 -0.053860 -0.164788
v 0.205818 -0.080538 -0.169948
v 0.216030 -0.046776 -0.169948
v 0.064039 -0.036368 -0.147795
v 0.155443 -0.136756 -0.160747
v 0.149728 -0.142977 -0.160747
v 0.151936 -0.150435 -0.164788
v 0.163060 -0.138307 -0.164788
v 0.150471 -0.161855 -0.169948
v 0.174316 -0.135863 -0.169948
v 0.041856 -0.060584 -0.147795
v 0.080701 -0.190668 -0.160747
v 0.072852 -0.193794 -0.160747
v 0.071609 -0.201471 -0.164788
v 0.086891 -0.195368 -0.164788
v 0.065336 -0.211128 -0.169948
v 0.098094 -0.198046 -0.169948
v 0.011356 -0.072777 -0.147795
v -0.010027 -0.206833 -0.160747
v -0.018454 -0.206247 -0.160747
v -0.022905 -0.212626 -0.164788
v -0.006487 -0.213753 -0.164788
v -0.032744 -0.218606 -0.169948
v 0.002446 -0.221025 -0.169948
v -0.021405 -0.070527 -0.147795
v -0.099108 -0.181882 -0.160747
v -0.106440 -0.177686 -0.160747
v -0.113222 -0.181492 -0.164788
v -0.098931 -0.189653 -0.164788
v -0.124685 -0.182594 -0.169948
v -0.094054 -0.200087 -0.169948
v -0.016237 -0.053395 -0.136236
v -0.005141 -0.054875 -0.136236
v -0.012246 -0.040111 -0.097573
v -0.020845 -0.036346 -0.097573
v -0.027567 -0.048160 -0.136236
v -0.037856 -0.041092 -0.136236
v -0.028474 -0.030876 -0.097573
v -0.034502 -0.023657 -0.097573
v -0.042013 -0.026811 -0.120434
v -0.038949 -0.021154 -0.097573
v -0.047206 -0.028992 -0.136236
v -0.048972 -0.025909 -0.136236
v -0.045990 -0.019817 -0.120434
v -0.039122 -0.015464 -0.097573
v -0.041253 -0.007468 -0.097573
v -0.050737 -0.022825 -0.136236
v -0.054655 -0.009563 -0.136236
v -0.055777 0.003057 -0.136236
v -0.041954 0.002084 -0.097573
v -0.040321 0.011153 -0.097573
v -0.053475 0.015111 -0.136236
v -0.037625 0.018400 -0.097573
v -0.044312 0.023071 -0.120434
v -0.037565 0.023259 -0.097573
v -0.048933 0.026299 -0.136236
v -0.046656 0.029573 -0.136236
v -0.039748 0.029796 -0.120434
v -0.033045 0.025380 -0.097573
v -0.044380 0.032849 -0.136236
v -0.034857 0.042934 -0.136236
v -0.027018 0.031573 -0.097573
v -0.017953 0.037326 -0.097573
v -0.023703 0.049891 -0.136236
v -0.008022 0.041141 -0.097573
v -0.010193 0.054849 -0.136236
v 0.001502 0.041923 -0.097573
v 0.002658 0.049872 -0.120434
v 0.005827 0.043958 -0.097573
v 0.003458 0.055366 -0.136236
v 0.006514 0.054944 -0.136236
v 0.009645 0.048868 -0.120434
v 0.009754 0.040691 -0.097573
v 0.019468 0.036900 -0.097573
v 0.009571 0.054521 -0.136236
v 0.023598 0.049692 -0.136236
v 0.028305 0.031087 -0.097573
v 0.037666 0.041323 -0.136236
v 0.034735 0.023278 -0.097573
v 0.041349 0.027846 -0.120397
v 0.039249 0.021067 -0.097573
v 0.045938 0.031016 -0.136236
v 0.048351 0.026838 -0.136236
v 0.045695 0.019913 -0.120397
v 0.038392 0.015953 -0.097573
v 0.041220 0.005987 -0.097573
v 0.050763 0.022661 -0.136236
v 0.054785 0.008121 -0.136236
v 0.041240 -0.005071 -0.097573
v 0.055002 -0.006047 -0.136236
v 0.038877 -0.014314 -0.097573
v 0.045761 -0.018756 -0.120434
v 0.039197 -0.019440 -0.097573
v 0.050518 -0.021828 -0.136236
v 0.049098 -0.025096 -0.136236
v 0.042674 -0.025750 -0.120434
v 0.035434 -0.021967 -0.097573
v 0.029524 -0.029100 -0.097573
v 0.047678 -0.028364 -0.136236
v 0.039655 -0.038395 -0.136236
v 0.021514 -0.035449 -0.097573
v 0.029390 -0.046814 -0.136236
v 0.012300 -0.039457 -0.097573
v 0.016100 -0.052314 -0.136236
v 0.002185 -0.054995 -0.136236
v -0.001478 -0.054935 -0.136236
v -0.005448 -0.049259 -0.120434
v -0.005894 -0.041134 -0.097573
v -0.001697 -0.043224 -0.097573
v 0.002410 -0.049405 -0.120434
v 0.002736 -0.041316 -0.097573
v -0.174002 -0.141202 -0.135943
v -0.168252 -0.120934 -0.131477
v -0.126144 -0.185145 -0.138177
v -0.106407 -0.177683 -0.131437
v -0.095515 -0.202637 -0.135943
v -0.099124 -0.181882 -0.131477
v -0.032948 -0.221538 -0.138177
v -0.018426 -0.206228 -0.131437
v 0.002241 -0.223956 -0.135943
v -0.010042 -0.206840 -0.131477
v 0.066424 -0.213858 -0.138177
v 0.072871 -0.193765 -0.131437
v 0.099182 -0.200777 -0.135943
v 0.080691 -0.190680 -0.131477
v 0.152635 -0.163844 -0.138177
v 0.149731 -0.142943 -0.131437
v 0.176479 -0.137851 -0.135943
v 0.155439 -0.136772 -0.131477
v 0.208630 -0.081392 -0.138177
v 0.196949 -0.063817 -0.131437
v 0.218843 -0.047629 -0.135943
v 0.199416 -0.055781 -0.131477
v 0.223328 0.017187 -0.138177
v 0.205182 0.027957 -0.131437
v 0.217890 0.052038 -0.135943
v 0.203920 0.036268 -0.131477
v 0.193824 0.112389 -0.138177
v 0.172802 0.114224 -0.131437
v 0.173809 0.141434 -0.135943
v 0.168061 0.121165 -0.131477
v 0.125953 0.185376 -0.138177
v 0.106214 0.177914 -0.131437
v 0.095323 0.202870 -0.135943
v 0.098931 0.182114 -0.131477
v 0.033143 0.221712 -0.138177
v 0.018594 0.206428 -0.131437
v -0.002042 0.224192 -0.135943
v 0.010210 0.207054 -0.131477
v -0.066615 0.214090 -0.138177
v -0.073063 0.193998 -0.131437
v -0.099374 0.201008 -0.135943
v -0.080883 0.190912 -0.131477
v -0.152827 0.164076 -0.138177
v -0.149922 0.143175 -0.131437
v -0.176671 0.138083 -0.135943
v -0.155632 0.137004 -0.131477
v -0.208821 0.081623 -0.138177
v -0.197140 0.064050 -0.131437
v -0.219035 0.047862 -0.135943
v -0.199608 0.056013 -0.131477
v -0.223520 -0.016956 -0.138178
v -0.205374 -0.027725 -0.131437
v -0.218082 -0.051807 -0.135943
v -0.204112 -0.036037 -0.131477
v -0.139979 -0.029740 -0.126500
v -0.086011 -0.021961 -0.118948
v -0.082179 -0.021854 -0.118350
v -0.078017 -0.023841 -0.117753
v -0.012508 -0.008710 -0.122165
v -0.016111 -0.011270 -0.093164
v -0.006433 -0.013732 -0.122165
v -0.008273 -0.017752 -0.093164
v 0.001341 -0.015046 -0.122165
v 0.001758 -0.019446 -0.093164
v -0.019658 -0.001738 -0.093164
v -0.015258 -0.001321 -0.122165
v -0.017963 0.008291 -0.093164
v -0.013944 0.006452 -0.122165
v -0.011482 0.016131 -0.093164
v -0.008921 0.012529 -0.122165
v -0.001949 0.019678 -0.093164
v -0.001532 0.015277 -0.122165
v 0.006241 0.013965 -0.122165
v 0.012316 0.008941 -0.122165
v 0.015918 0.011502 -0.093164
v 0.008080 0.017984 -0.093164
v 0.015067 0.001552 -0.122165
v 0.013753 -0.006221 -0.122165
v 0.017772 -0.008060 -0.093164
v 0.019467 0.001969 -0.093164
v 0.008729 -0.012296 -0.122165
v 0.011291 -0.015899 -0.093164
v -0.129002 -0.181619 0.173608
v -0.090224 -0.181854 -0.131706
v -0.099005 -0.199558 0.173608
v -0.117561 -0.165506 -0.131706
v -0.155825 -0.159208 0.173608
v -0.142003 -0.145084 -0.131706
v -0.178810 -0.132877 0.173608
v -0.162949 -0.121089 -0.131706
v -0.197394 -0.103274 0.173608
v -0.179885 -0.094113 -0.131706
v -0.211119 -0.071129 0.173608
v -0.192392 -0.064819 -0.131706
v -0.219646 -0.037233 0.173608
v -0.200161 -0.033930 -0.131706
v -0.222765 -0.002420 0.173608
v -0.203004 -0.002206 -0.131706
v -0.220399 0.032452 0.173608
v -0.200849 0.029572 -0.131706
v -0.212609 0.066525 0.173608
v -0.193749 0.060623 -0.131706
v -0.060667 -0.193724 -0.131706
v -0.066570 -0.212584 0.173608
v -0.029617 -0.200824 -0.131706
v -0.032497 -0.220375 0.173608
v 0.002162 -0.202979 -0.131706
v 0.002376 -0.222740 0.173608
v 0.033886 -0.200137 -0.131706
v 0.037188 -0.219621 0.173608
v 0.064776 -0.192367 -0.131706
v 0.071085 -0.211094 0.173608
v 0.094069 -0.179860 -0.131706
v 0.103230 -0.197370 0.173608
v 0.121044 -0.162925 -0.131706
v 0.132833 -0.178785 0.173608
v 0.145039 -0.141978 -0.131706
v 0.159164 -0.155800 0.173608
v 0.165462 -0.117536 -0.131706
v 0.181574 -0.128977 0.173608
v 0.181810 -0.090200 -0.131706
v 0.199514 -0.098980 0.173608
v 0.193680 -0.060642 -0.131706
v 0.212539 -0.066545 0.173608
v 0.200779 -0.029592 -0.131706
v 0.220330 -0.032472 0.173608
v 0.202935 0.002187 -0.131706
v 0.222696 0.002400 0.173608
v 0.200092 0.033911 -0.131706
v 0.219576 0.037213 0.173608
v 0.192322 0.064800 -0.131706
v 0.211049 0.071109 0.173608
v 0.179815 0.094094 -0.131706
v 0.197326 0.103255 0.173608
v 0.162880 0.121069 -0.131706
v 0.178741 0.132857 0.173608
v 0.141934 0.145064 -0.131706
v 0.155756 0.159188 0.173608
v 0.117491 0.165486 -0.131706
v 0.128933 0.181599 0.173608
v 0.090154 0.181834 -0.131706
v 0.098936 0.199539 0.173608
v 0.060598 0.193704 -0.131706
v 0.066501 0.212563 0.173608
v 0.029547 0.200804 -0.131706
v 0.032427 0.220355 0.173608
v -0.002230 0.202960 -0.131706
v -0.002444 0.222720 0.173608
v -0.033955 0.200117 -0.131706
v -0.037257 0.219601 0.173608
v -0.064844 0.192347 -0.131706
v -0.071154 0.211074 0.173608
v -0.094137 0.179840 -0.131706
v -0.103299 0.197350 0.173608
v -0.121114 0.162905 -0.131706
v -0.132902 0.178766 0.173608
v -0.145109 0.141959 -0.131706
v -0.159233 0.155779 0.173608
v -0.165531 0.117516 -0.131706
v -0.181644 0.128958 0.173608
v -0.181879 0.090179 -0.131706
v -0.199583 0.098960 0.173608
v -0.019022 -0.061376 -0.097573
v 0.021159 -0.040081 -0.097573
v -0.040225 -0.021188 -0.097573
v -0.021301 0.040298 -0.097573
v -0.061427 0.019001 -0.097573
v 0.040083 0.021405 -0.097573
v 0.018826 0.061595 -0.097573
v 0.061339 -0.018786 -0.097573
v -0.205497 -0.069235 -0.132436
v -0.192139 -0.100524 -0.132436
v -0.174050 -0.129338 -0.132436
v -0.151676 -0.154969 -0.132436
v -0.125568 -0.176783 -0.132436
v -0.096369 -0.194244 -0.132436
v -0.064798 -0.206922 -0.132436
v -0.031632 -0.214506 -0.132436
v 0.002311 -0.216808 -0.132436
v 0.036198 -0.213773 -0.132436
v 0.069191 -0.205472 -0.132436
v 0.100481 -0.192114 -0.132436
v 0.129294 -0.174025 -0.132436
v 0.154924 -0.151651 -0.132436
v 0.176738 -0.125543 -0.132436
v 0.194199 -0.096344 -0.132436
v 0.206878 -0.064773 -0.132436
v 0.214462 -0.031607 -0.132436
v 0.216764 0.002336 -0.132436
v 0.213728 0.036223 -0.132436
v 0.205428 0.069215 -0.132436
v 0.192069 0.100505 -0.132436
v 0.173980 0.129319 -0.132436
v 0.151606 0.154949 -0.132436
v 0.125499 0.176763 -0.132436
v 0.096300 0.194224 -0.132436
v 0.064729 0.206902 -0.132436
v 0.031564 0.214486 -0.132436
v -0.002381 0.216789 -0.132436
v -0.036266 0.213752 -0.132436
v -0.069260 0.205453 -0.132436
v -0.100549 0.192095 -0.132436
v -0.129363 0.174005 -0.132436
v -0.154993 0.151631 -0.132436
v -0.176807 0.125523 -0.132436
v -0.194269 0.096325 -0.132436
v -0.206947 0.064753 -0.132436
v -0.214531 0.031587 -0.132436
v -0.216833 -0.002356 -0.132436
v -0.213797 -0.036241 -0.132436
v -0.300026 -0.105488 0.167980
v -0.312854 -0.057269 0.167980
v -0.217757 -0.007197 0.174679
v -0.317981 -0.007636 0.167980
v -0.208151 0.060005 0.174679
v -0.315281 0.042187 0.167980
v -0.304819 0.090975 0.167980
v -0.180360 0.121971 0.174679
v -0.286855 0.137525 0.167980
v -0.261830 0.180693 0.167980
v -0.133044 0.170741 0.174679
v -0.230359 0.219413 0.167980
v -0.193219 0.252734 0.167980
v -0.074107 0.204597 0.174679
v -0.151325 0.279835 0.167980
v -0.105705 0.300048 0.167980
v -0.007155 0.216307 0.174679
v -0.057486 0.312877 0.167980
v -0.007853 0.318004 0.167980
v 0.060415 0.209119 0.174679
v 0.041970 0.315304 0.167980
v 0.090758 0.304842 0.167980
v 0.121429 0.179296 0.174679
v 0.137309 0.286877 0.167980
v 0.180476 0.261852 0.167980
v 0.171823 0.133811 0.174679
v 0.219196 0.230382 0.167980
v 0.252518 0.193242 0.167980
v 0.203595 0.073846 0.174679
v 0.279619 0.151347 0.167980
v 0.299832 0.105728 0.167980
v 0.217564 0.007436 0.174680
v 0.312660 0.057508 0.167980
v 0.317787 0.007876 0.167980
v 0.207958 -0.059765 0.174679
v 0.315087 -0.041948 0.167980
v 0.304626 -0.090735 0.167980
v 0.180166 -0.121732 0.174679
v 0.286661 -0.137286 0.167980
v 0.261636 -0.180454 0.167980
v 0.132850 -0.170502 0.174679
v 0.230166 -0.219174 0.167980
v 0.193025 -0.252495 0.167980
v 0.073914 -0.204358 0.174679
v 0.151130 -0.279595 0.167980
v 0.105511 -0.299809 0.167980
v 0.006962 -0.216068 0.174679
v 0.057292 -0.312637 0.167980
v 0.007660 -0.317765 0.167980
v -0.060608 -0.208880 0.174679
v -0.042164 -0.315065 0.167980
v -0.090952 -0.304603 0.167980
v -0.121624 -0.179057 0.174679
v -0.137502 -0.286638 0.167980
v -0.180669 -0.261613 0.167980
v -0.172016 -0.133572 0.174679
v -0.219390 -0.230143 0.167980
v -0.252712 -0.193003 0.167980
v -0.203790 -0.073607 0.174679
v -0.279812 -0.151108 0.167980
v -0.329009 -0.059900 0.150843
v -0.334368 -0.007671 0.150788
v -0.315545 -0.110647 0.150916
v -0.294310 -0.158663 0.151006
v -0.265823 -0.202767 0.151111
v -0.230788 -0.241870 0.151228
v -0.190068 -0.275012 0.151355
v -0.144663 -0.301376 0.151488
v -0.095694 -0.320312 0.151625
v -0.044366 -0.331354 0.151760
v 0.008058 -0.334232 0.151891
v 0.060286 -0.328872 0.152016
v 0.111034 -0.315409 0.152131
v 0.159051 -0.294173 0.152234
v 0.203153 -0.265686 0.152320
v 0.242257 -0.230652 0.152390
v 0.275398 -0.189931 0.152440
v 0.301762 -0.144526 0.152470
v 0.320699 -0.095557 0.152479
v 0.331741 -0.044228 0.152465
v 0.334618 0.008195 0.152432
v 0.329259 0.060424 0.152377
v 0.315797 0.111172 0.152304
v 0.294560 0.159188 0.152215
v 0.266073 0.203291 0.152110
v 0.231039 0.242395 0.151992
v 0.190318 0.275537 0.151866
v 0.144915 0.301901 0.151733
v 0.095946 0.320837 0.151597
v 0.044617 0.331880 0.151462
v -0.007807 0.334756 0.151329
v -0.060036 0.329397 0.151204
v -0.110783 0.315934 0.151089
v -0.158799 0.294697 0.150987
v -0.202903 0.266211 0.150900
v -0.242006 0.231176 0.150831
v -0.275148 0.190455 0.150780
v -0.301511 0.145051 0.150751
v -0.320448 0.096082 0.150742
v -0.331491 0.044753 0.150755
v -0.329259 -0.060424 -0.146226
v -0.315796 -0.111171 -0.146127
v -0.319662 -0.058518 -0.159190
v -0.306554 -0.107787 -0.159190
v -0.294560 -0.159188 -0.146003
v -0.285902 -0.154399 -0.159190
v -0.266074 -0.203291 -0.145859
v -0.258210 -0.197207 -0.159190
v -0.231040 -0.242395 -0.145700
v -0.224163 -0.235155 -0.159190
v -0.190318 -0.275536 -0.145527
v -0.184600 -0.267311 -0.159190
v -0.144915 -0.301901 -0.145345
v -0.140493 -0.292880 -0.159190
v -0.095946 -0.320837 -0.145159
v -0.092929 -0.311236 -0.159190
v -0.044618 -0.331879 -0.144973
v -0.043079 -0.321925 -0.159190
v 0.007807 -0.334756 -0.144792
v 0.007828 -0.324684 -0.159190
v 0.060036 -0.329397 -0.144621
v 0.058541 -0.319446 -0.159190
v 0.110783 -0.315934 -0.144464
v 0.107810 -0.306338 -0.159190
v 0.158799 -0.294697 -0.144324
v 0.154423 -0.285684 -0.159190
v 0.202903 -0.266211 -0.144206
v 0.197229 -0.257994 -0.159190
v 0.242006 -0.231176 -0.144111
v 0.235178 -0.223947 -0.159190
v 0.275147 -0.190454 -0.144043
v 0.267333 -0.184384 -0.159190
v 0.301511 -0.145050 -0.144002
v 0.292903 -0.140277 -0.159190
v 0.320448 -0.096082 -0.143990
v 0.311259 -0.092713 -0.159190
v 0.331490 -0.044753 -0.144007
v 0.321948 -0.042864 -0.159190
v 0.334368 0.007671 -0.144054
v 0.324707 0.008045 -0.159190
v 0.329009 0.059900 -0.144128
v 0.319468 0.058757 -0.159190
v 0.315545 0.110647 -0.144227
v 0.306360 0.108027 -0.159190
v 0.294309 0.158664 -0.144351
v 0.285708 0.154638 -0.159190
v 0.265823 0.202767 -0.144495
v 0.258016 0.197446 -0.159190
v 0.230788 0.241870 -0.144654
v 0.223970 0.235394 -0.159190
v 0.190068 0.275012 -0.144828
v 0.184406 0.267550 -0.159190
v 0.144663 0.301376 -0.145010
v 0.140300 0.293120 -0.159190
v 0.095694 0.320312 -0.145195
v 0.092736 0.311476 -0.159190
v 0.044365 0.331355 -0.145381
v 0.042886 0.322164 -0.159190
v -0.008058 0.334233 -0.145562
v -0.008022 0.324924 -0.159190
v -0.060287 0.328873 -0.145733
v -0.058735 0.319685 -0.159190
v -0.111034 0.315409 -0.145890
v -0.108004 0.306577 -0.159190
v -0.159051 0.294173 -0.146030
v -0.154616 0.285924 -0.159190
v -0.203153 0.265687 -0.146149
v -0.197423 0.258233 -0.159190
v -0.242257 0.230652 -0.146243
v -0.235371 0.224186 -0.159190
v -0.275399 0.189930 -0.146312
v -0.267526 0.184623 -0.159190
v -0.301763 0.144527 -0.146353
v -0.293097 0.140515 -0.159190
v -0.320699 0.095558 -0.146364
v -0.311453 0.092952 -0.159190
v -0.331742 0.044229 -0.146347
v -0.322140 0.043102 -0.159190
v -0.334619 -0.008195 -0.146300
v -0.324901 -0.007806 -0.159190
v -0.305216 -0.007325 -0.169423
v -0.300294 -0.054964 -0.169423
v -0.287982 -0.101248 -0.169423
v -0.268580 -0.145034 -0.169423
v -0.242568 -0.185248 -0.169423
v -0.210585 -0.220896 -0.169423
v -0.173418 -0.251103 -0.169423
v -0.131984 -0.275123 -0.169423
v -0.087303 -0.292367 -0.169423
v -0.040475 -0.302407 -0.169423
v 0.007348 -0.304999 -0.169423
v 0.054987 -0.300079 -0.169423
v 0.101270 -0.287765 -0.169423
v 0.145058 -0.268364 -0.169423
v 0.185270 -0.242351 -0.169423
v 0.220919 -0.210368 -0.169423
v 0.251125 -0.173202 -0.169423
v 0.275146 -0.131768 -0.169423
v 0.292389 -0.087087 -0.169423
v 0.302431 -0.040258 -0.169423
v 0.305022 0.007564 -0.169423
v 0.300101 0.055204 -0.169423
v 0.287788 0.101487 -0.169423
v 0.268387 0.145274 -0.169423
v 0.242373 0.185487 -0.169423
v 0.210391 0.221135 -0.169423
v 0.173225 0.251342 -0.169423
v 0.131791 0.275363 -0.169423
v 0.087110 0.292606 -0.169423
v 0.040281 0.302646 -0.169423
v -0.007542 0.305238 -0.169423
v -0.055181 0.300318 -0.169423
v -0.101464 0.288004 -0.169423
v -0.145251 0.268603 -0.169423
v -0.185465 0.242590 -0.169423
v -0.221113 0.210607 -0.169423
v -0.251319 0.173441 -0.169423
v -0.275340 0.132007 -0.169423
v -0.292583 0.087326 -0.169423
v -0.302624 0.040498 -0.169423
v -0.269281 0.036047 -0.174680
v -0.271588 -0.006504 -0.174680
v -0.267208 -0.048893 -0.174680
v -0.256252 -0.090075 -0.174679
v -0.238989 -0.129037 -0.174679
v -0.215843 -0.164818 -0.174679
v -0.187385 -0.196537 -0.174679
v -0.154316 -0.223414 -0.174679
v -0.117449 -0.244787 -0.174679
v -0.077692 -0.260130 -0.174679
v -0.036025 -0.269064 -0.174679
v 0.006528 -0.271371 -0.174679
v 0.048917 -0.266992 -0.174679
v 0.090099 -0.256037 -0.174679
v 0.129059 -0.238773 -0.174678
v 0.164840 -0.215627 -0.174678
v 0.196560 -0.187170 -0.174679
v 0.223437 -0.154100 -0.174678
v 0.244810 -0.117233 -0.174679
v 0.260152 -0.077475 -0.174679
v 0.269088 -0.035809 -0.174679
v 0.271394 0.006743 -0.174679
v 0.267015 0.049133 -0.174679
v 0.256059 0.090315 -0.174679
v 0.238795 0.129276 -0.174679
v 0.215651 0.165057 -0.174679
v 0.187192 0.196776 -0.174679
v 0.154122 0.223654 -0.174679
v 0.117255 0.245027 -0.174679
v 0.077499 0.260369 -0.174679
v 0.035832 0.269304 -0.174679
v -0.006721 0.271610 -0.174679
v -0.049110 0.267231 -0.174679
v -0.090292 0.256275 -0.174679
v -0.129253 0.239012 -0.174679
v -0.165034 0.215866 -0.174679
v -0.196754 0.187409 -0.174680
v -0.223631 0.154338 -0.174680
v -0.245004 0.117471 -0.174679
v -0.260346 0.077714 -0.174680
v -0.229874 0.068629 -0.167773
v -0.237763 0.031841 -0.167773
v -0.216328 0.103730 -0.167773
v -0.197458 0.136282 -0.167773
v -0.173727 0.165479 -0.167773
v -0.145722 0.190605 -0.167773
v -0.114131 0.211041 -0.167773
v -0.079731 0.226283 -0.167773
v -0.043371 0.235956 -0.167773
v -0.005946 0.239822 -0.167773
v 0.031624 0.237786 -0.167773
v 0.068412 0.229898 -0.167773
v 0.103515 0.216351 -0.167773
v 0.136065 0.197481 -0.167773
v 0.165263 0.173750 -0.167773
v 0.190389 0.145745 -0.167773
v 0.210824 0.114153 -0.167773
v 0.226066 0.079754 -0.167773
v 0.235740 0.043394 -0.167773
v 0.239606 0.005969 -0.167773
v 0.237569 -0.031601 -0.167773
v 0.229681 -0.068390 -0.167773
v 0.216135 -0.103492 -0.167773
v 0.197264 -0.136043 -0.167773
v 0.173534 -0.165240 -0.167773
v 0.145528 -0.190366 -0.167773
v 0.113937 -0.210802 -0.167773
v 0.079537 -0.226044 -0.167773
v 0.043177 -0.235717 -0.167773
v 0.005752 -0.239583 -0.167773
v -0.031818 -0.237547 -0.167773
v -0.068606 -0.229659 -0.167773
v -0.103708 -0.216112 -0.167773
v -0.136259 -0.197242 -0.167773
v -0.165456 -0.173512 -0.167773
v -0.190583 -0.145506 -0.167773
v -0.211018 -0.113914 -0.167773
v -0.226260 -0.079515 -0.167773
v -0.235933 -0.043155 -0.167773
v -0.239799 -0.005729 -0.167773
vn 0.1707 0.0893 -0.9813
vn -0.1536 -0.0804 -0.9849
vn -0.1643 -0.0554 -0.9848
vn 0.1825 0.0615 -0.9813
vn 0.1546 0.1149 -0.9813
vn -0.1392 -0.1034 -0.9849
vn 0.1347 0.1377 -0.9813
vn -0.1213 -0.1239 -0.9848
vn 0.1115 0.1570 -0.9813
vn -0.1004 -0.1414 -0.9849
vn 0.0856 0.1725 -0.9813
vn -0.0771 -0.1554 -0.9848
vn 0.0575 0.1838 -0.9813
vn -0.0518 -0.1655 -0.9848
vn 0.0281 0.1905 -0.9813
vn -0.0253 -0.1716 -0.9848
vn -0.0021 0.1926 -0.9813
vn 0.0019 -0.1734 -0.9848
vn -0.0322 0.1899 -0.9813
vn 0.0290 -0.1710 -0.9848
vn -0.0615 0.1824 -0.9813
vn 0.0554 -0.1643 -0.9848
vn -0.0892 0.1706 -0.9813
vn 0.0804 -0.1536 -0.9849
vn -0.1148 0.1545 -0.9813
vn 0.1034 -0.1392 -0.9849
vn -0.1376 0.1346 -0.9813
vn 0.1240 -0.1213 -0.9848
vn -0.1569 0.1115 -0.9813
vn 0.1414 -0.1004 -0.9849
vn -0.1724 0.0855 -0.9813
vn 0.1554 -0.0771 -0.9848
vn -0.1837 0.0575 -0.9813
vn 0.1655 -0.0518 -0.9848
vn -0.1905 0.0281 -0.9813
vn 0.1716 -0.0253 -0.9848
vn -0.1924 -0.0021 -0.9813
vn 0.1734 0.0019 -0.9849
vn -0.1898 -0.0322 -0.9813
vn 0.1710 0.0290 -0.9848
vn -0.1825 -0.0615 -0.9813
vn 0.1644 0.0554 -0.9848
vn -0.1705 -0.0892 -0.9813
vn 0.1537 0.0804 -0.9848
vn -0.1545 -0.1148 -0.9813
vn 0.1392 0.1035 -0.9848
vn -0.1346 -0.1376 -0.9813
vn 0.1213 0.1240 -0.9848
vn -0.1115 -0.1570 -0.9813
vn 0.1004 0.1414 -0.9849
vn -0.0856 -0.1725 -0.9813
vn 0.0771 0.1554 -0.9848
vn -0.0575 -0.1838 -0.9813
vn 0.0518 0.1655 -0.9849
vn -0.0281 -0.1905 -0.9813
vn 0.0253 0.1716 -0.9848
vn 0.0021 -0.1926 -0.9813
vn -0.0019 0.1734 -0.9848
vn 0.0322 -0.1899 -0.9813
vn -0.0290 0.1710 -0.9848
vn 0.0615 -0.1825 -0.9813
vn -0.0554 0.1643 -0.9848
vn 0.0893 -0.1707 -0.9813
vn -0.0804 0.1536 -0.9849
vn 0.1149 -0.1546 -0.9813
vn -0.1034 0.1392 -0.9849
vn 0.1377 -0.1347 -0.9813
vn -0.1239 0.1213 -0.9848
vn 0.1570 -0.1115 -0.9813
vn -0.1414 0.1004 -0.9849
vn 0.1725 -0.0856 -0.9813
vn -0.1554 0.0771 -0.9848
vn 0.1838 -0.0575 -0.9813
vn -0.1655 0.0518 -0.9849
vn 0.1905 -0.0281 -0.9813
vn -0.1716 0.0253 -0.9848
vn 0.1926 0.0021 -0.9813
vn -0.1734 -0.0019 -0.9848
vn 0.1899 0.0322 -0.9813
vn -0.1710 -0.0290 -0.9848
vn 0.5393 -0.8421 0.0063
vn 0.5504 -0.8349 0.0035
vn 0.5261 -0.8504 0.0043
vn 0.5064 -0.8623 0.0013
vn 0.5158 -0.8567 -0.0000
vn 0.2525 -0.9676 -0.0000
vn 0.2189 -0.9757 -0.0000
vn -0.3513 -0.9363 -0.0000
vn -0.3754 -0.9269 -0.0000
vn -0.9030 -0.4296 -0.0000
vn -0.8917 -0.4526 -0.0000
vn -0.9910 0.1342 -0.0000
vn -0.9857 0.1688 -0.0000
vn -0.9030 0.4297 -0.0000
vn -0.8986 0.4388 0.0015
vn -0.8841 0.4672 0.0057
vn -0.8777 0.4792 0.0059
vn -0.8920 0.4519 0.0044
vn 0.8512 -0.5249 0.0064
vn 0.8580 -0.5136 0.0035
vn 0.8429 -0.5381 0.0043
vn 0.8303 -0.5573 0.0013
vn 0.8364 -0.5482 -0.0000
vn 0.6471 -0.7624 -0.0000
vn 0.6204 -0.7843 -0.0000
vn 0.0898 -0.9960 -0.0000
vn 0.0640 -0.9979 -0.0000
vn -0.6264 -0.7795 -0.0000
vn -0.6062 -0.7953 -0.0000
vn -0.9493 -0.3143 -0.0000
vn -0.9595 -0.2816 -0.0000
vn -0.9999 -0.0113 -0.0000
vn -1.0000 -0.0005 0.0015
vn -0.9994 0.0355 0.0056
vn -0.9988 0.0490 0.0057
vn -0.9998 0.0187 0.0045
vn 0.9961 -0.0886 0.0036
vn 0.9930 -0.1176 0.0042
vn 0.9948 -0.1018 0.0064
vn 0.9908 -0.1350 0.0013
vn 0.9922 -0.1248 -0.0000
vn 0.9165 -0.4001 -0.0000
vn 0.9018 -0.4321 -0.0000
vn 0.5130 -0.8584 -0.0000
vn 0.4905 -0.8714 -0.0000
vn -0.2271 -0.9739 -0.0000
vn -0.2021 -0.9794 -0.0000
vn -0.7198 -0.6942 -0.0000
vn -0.7433 -0.6690 -0.0000
vn -0.8967 -0.4426 -0.0000
vn -0.9014 -0.4331 0.0015
vn -0.9159 -0.4013 0.0057
vn -0.9213 -0.3889 0.0057
vn -0.9090 -0.4168 0.0044
vn 0.9360 0.3520 0.0036
vn 0.9458 0.3247 0.0043
vn 0.9406 0.3396 0.0064
vn 0.9518 0.3067 0.0013
vn 0.9485 0.3167 -0.0000
vn 0.9994 0.0356 -0.0000
vn 1.0000 0.0005 -0.0000
vn 0.8346 -0.5508 -0.0000
vn 0.8201 -0.5723 -0.0000
vn 0.2190 -0.9757 -0.0000
vn 0.2430 -0.9700 -0.0000
vn -0.3829 -0.9238 -0.0000
vn -0.6191 -0.7853 -0.0000
vn -0.6270 -0.7790 0.0015
vn -0.6515 -0.7587 0.0057
vn -0.6617 -0.7497 0.0058
vn -0.6383 -0.7698 0.0044
vn 0.6910 0.7229 0.0035
vn 0.7115 0.7027 0.0043
vn 0.7004 0.7137 0.0064
vn 0.7275 0.6861 0.0013
vn 0.7199 0.6941 -0.0000
vn 0.8868 0.4621 -0.0000
vn 0.9022 0.4313 -0.0000
vn 0.9911 -0.1334 -0.0000
vn 0.9873 -0.1590 -0.0000
vn 0.6203 -0.7844 -0.0000
vn 0.6403 -0.7681 -0.0000
vn 0.0897 -0.9960 -0.0000
vn 0.0555 -0.9985 -0.0000
vn -0.2173 -0.9761 -0.0000
vn -0.2271 -0.9739 0.0015
vn -0.2580 -0.9661 0.0057
vn -0.2711 -0.9625 0.0059
vn -0.2414 -0.9704 0.0045
vn 0.3091 0.9510 0.0035
vn 0.3364 0.9417 0.0043
vn 0.3216 0.9469 0.0063
vn 0.3578 0.9338 0.0013
vn 0.3476 0.9377 -0.0000
vn 0.5986 0.8010 -0.0000
vn 0.6259 0.7799 -0.0000
vn 0.9509 0.3095 -0.0000
vn 0.9586 0.2848 -0.0000
vn 0.8991 -0.4377 -0.0000
vn 0.9101 -0.4145 -0.0000
vn 0.4830 -0.8756 -0.0000
vn 0.2275 -0.9738 -0.0000
vn 0.2176 -0.9760 0.0015
vn 0.1865 -0.9824 0.0057
vn 0.1731 -0.9849 0.0059
vn 0.2033 -0.9791 0.0044
vn -0.1208 0.9927 0.0063
vn -0.1339 0.9910 0.0035
vn -0.1053 0.9944 0.0043
vn -0.0824 0.9966 0.0013
vn -0.0934 0.9956 -0.0000
vn 0.1922 0.9814 -0.0000
vn 0.2259 0.9741 -0.0000
vn 0.7227 0.6912 -0.0000
vn 0.7403 0.6723 -0.0000
vn 1.0000 -0.0045 -0.0000
vn 0.9998 0.0212 -0.0000
vn 0.8345 -0.5510 -0.0000
vn 0.8149 -0.5796 -0.0000
vn 0.6273 -0.7788 -0.0000
vn 0.6193 -0.7851 0.0015
vn 0.5941 -0.8044 0.0057
vn 0.5831 -0.8124 0.0059
vn 0.6078 -0.7941 0.0044
vn -0.5393 0.8421 0.0063
vn -0.5504 0.8349 0.0035
vn -0.5261 0.8504 0.0043
vn -0.5064 0.8623 0.0013
vn -0.5158 0.8567 -0.0000
vn -0.2524 0.9676 -0.0000
vn -0.2189 0.9758 -0.0000
vn 0.3514 0.9362 -0.0000
vn 0.3754 0.9268 -0.0000
vn 0.9030 0.4296 -0.0000
vn 0.8917 0.4527 -0.0000
vn 0.9857 -0.1688 -0.0000
vn 0.9030 -0.4297 -0.0000
vn 0.8986 -0.4389 0.0015
vn 0.8841 -0.4672 0.0057
vn 0.8777 -0.4792 0.0058
vn 0.8920 -0.4519 0.0044
vn -0.8512 0.5249 0.0063
vn -0.8580 0.5136 0.0035
vn -0.8429 0.5381 0.0043
vn -0.8302 0.5574 0.0013
vn -0.8363 0.5483 -0.0000
vn -0.6471 0.7624 -0.0000
vn -0.6204 0.7843 -0.0000
vn -0.0894 0.9960 -0.0000
vn -0.0637 0.9980 -0.0000
vn 0.6274 0.7787 -0.0000
vn 0.6072 0.7945 -0.0000
vn 0.9614 0.2753 -0.0000
vn 1.0000 0.0044 -0.0000
vn 1.0000 -0.0058 0.0015
vn 0.9993 -0.0376 0.0057
vn 0.9987 -0.0511 0.0058
vn 0.9998 -0.0204 0.0044
vn -0.9928 0.1194 0.0042
vn -0.9946 0.1038 0.0063
vn -0.9959 0.0907 0.0035
vn -0.9898 0.1423 0.0013
vn -0.9913 0.1314 -0.0000
vn -0.9137 0.4064 -0.0000
vn -0.8991 0.4377 -0.0000
vn -0.5129 0.8585 -0.0000
vn -0.4906 0.8714 -0.0000
vn 0.2258 0.9742 -0.0000
vn 0.2012 0.9795 -0.0000
vn 0.7219 0.6920 -0.0000
vn 0.7457 0.6663 -0.0000
vn 0.8984 0.4392 -0.0000
vn 0.9028 0.4300 0.0015
vn 0.9160 0.4011 0.0057
vn 0.9214 0.3886 0.0059
vn 0.9090 0.4168 0.0044
vn -0.9458 -0.3246 0.0042
vn -0.9406 -0.3394 0.0063
vn -0.9361 -0.3518 0.0035
vn -0.9531 -0.3028 0.0013
vn -0.9497 -0.3133 -0.0000
vn -0.9995 -0.0318 -0.0000
vn -1.0000 0.0027 -0.0000
vn -0.8351 0.5501 -0.0000
vn -0.8206 0.5714 -0.0000
vn -0.2439 0.9698 -0.0000
vn 0.3513 0.9363 -0.0000
vn 0.3830 0.9237 -0.0000
vn 0.6190 0.7854 -0.0000
vn 0.6270 0.7790 0.0016
vn 0.6515 0.7587 0.0057
vn 0.6617 0.7497 0.0059
vn 0.6383 0.7698 0.0044
vn -0.7115 -0.7027 0.0043
vn -0.7004 -0.7137 0.0063
vn -0.6910 -0.7229 0.0035
vn -0.7275 -0.6861 0.0013
vn -0.8868 -0.4622 -0.0000
vn -0.9023 -0.4312 -0.0000
vn -0.9910 0.1341 -0.0000
vn -0.9873 0.1590 -0.0000
vn -0.6403 0.7681 -0.0000
vn -0.0895 0.9960 -0.0000
vn -0.0555 0.9985 -0.0000
vn 0.2174 0.9761 -0.0000
vn 0.2272 0.9738 0.0015
vn 0.2580 0.9661 0.0057
vn 0.2711 0.9625 0.0058
vn 0.2414 0.9704 0.0044
vn -0.3364 -0.9417 0.0043
vn -0.3216 -0.9469 0.0063
vn -0.3091 -0.9510 0.0035
vn -0.3580 -0.9337 0.0013
vn -0.3477 -0.9376 -0.0000
vn -0.5988 -0.8009 -0.0000
vn -0.6261 -0.7798 -0.0000
vn -0.9509 -0.3095 -0.0000
vn -0.9586 -0.2848 -0.0000
vn -0.9101 0.4145 -0.0000
vn -0.4831 0.8756 -0.0000
vn -0.2276 0.9738 -0.0000
vn -0.2177 0.9760 0.0015
vn -0.1865 0.9824 0.0057
vn -0.1731 0.9849 0.0059
vn -0.2033 0.9791 0.0044
vn 0.9442 0.3181 0.0854
vn 0.9442 0.3181 0.0855
vn 0.8828 0.4619 0.0855
vn 0.7997 0.5943 0.0855
vn 0.6969 0.7121 0.0855
vn 0.5769 0.8123 0.0855
vn 0.4427 0.8926 0.0854
vn 0.2976 0.9509 0.0854
vn 0.1452 0.9857 0.0854
vn -0.0108 0.9963 0.0854
vn -0.0108 0.9963 0.0855
vn -0.1665 0.9823 0.0855
vn -0.3181 0.9442 0.0855
vn -0.3181 0.9442 0.0854
vn -0.4619 0.8828 0.0855
vn -0.5943 0.7997 0.0855
vn -0.7121 0.6969 0.0855
vn -0.8123 0.5769 0.0855
vn -0.8123 0.5769 0.0854
vn -0.8926 0.4427 0.0854
vn -0.9509 0.2976 0.0854
vn -0.9509 0.2976 0.0855
vn -0.9857 0.1452 0.0855
vn -0.9963 -0.0108 0.0855
vn -0.9963 -0.0108 0.0854
vn -0.9823 -0.1665 0.0854
vn -0.9442 -0.3181 0.0854
vn -0.8828 -0.4619 0.0854
vn -0.7997 -0.5943 0.0854
vn -0.6969 -0.7121 0.0854
vn -0.6969 -0.7121 0.0855
vn -0.5769 -0.8123 0.0855
vn -0.4427 -0.8926 0.0855
vn -0.2976 -0.9509 0.0854
vn -0.1452 -0.9857 0.0854
vn 0.0108 -0.9963 0.0854
vn 0.0108 -0.9963 0.0855
vn 0.1665 -0.9823 0.0855
vn 0.3181 -0.9442 0.0855
vn 0.4619 -0.8828 0.0855
vn 0.5943 -0.7997 0.0855
vn 0.7121 -0.6969 0.0855
vn 0.8123 -0.5769 0.0855
vn 0.8124 -0.5769 0.0854
vn 0.8926 -0.4427 0.0854
vn 0.9509 -0.2976 0.0854
vn 0.9857 -0.1452 0.0854
vn 0.9963 0.0108 0.0854
vn 0.9823 0.1665 0.0855
vn -0.9477 -0.3193 -0.0036
vn -0.8860 -0.4636 -0.0036
vn -0.8026 -0.5965 -0.0036
vn -0.6994 -0.7147 -0.0036
vn -0.5790 -0.8153 -0.0036
vn -0.4443 -0.8959 -0.0036
vn -0.2987 -0.9543 -0.0036
vn -0.1457 -0.9893 -0.0036
vn 0.0108 -0.9999 -0.0036
vn 0.1671 -0.9859 -0.0036
vn 0.3193 -0.9477 -0.0036
vn 0.4636 -0.8860 -0.0036
vn 0.5965 -0.8026 -0.0036
vn 0.7147 -0.6994 -0.0036
vn 0.8153 -0.5790 -0.0036
vn 0.8959 -0.4443 -0.0036
vn 0.9543 -0.2987 -0.0036
vn 0.9893 -0.1457 -0.0036
vn 0.9999 0.0108 -0.0036
vn 0.9859 0.1671 -0.0036
vn 0.9477 0.3193 -0.0036
vn 0.8860 0.4636 -0.0036
vn 0.8026 0.5965 -0.0036
vn 0.6994 0.7147 -0.0036
vn 0.5790 0.8153 -0.0036
vn 0.4443 0.8959 -0.0036
vn 0.2987 0.9543 -0.0036
vn 0.1457 0.9893 -0.0036
vn -0.0108 0.9999 -0.0036
vn -0.1671 0.9859 -0.0036
vn -0.3193 0.9477 -0.0036
vn -0.4636 0.8860 -0.0036
vn -0.5965 0.8026 -0.0036
vn -0.7147 0.6994 -0.0036
vn -0.8153 0.5790 -0.0036
vn -0.8959 0.4443 -0.0036
vn -0.9543 0.2987 -0.0036
vn -0.9893 0.1457 -0.0036
vn -0.9999 -0.0108 -0.0036
vn -0.9859 -0.1671 -0.0036
vn -0.9998 -0.0212 -0.0000
vn -1.0000 0.0046 -0.0000
vn -0.8149 0.5795 -0.0000
vn -0.6273 0.7788 -0.0000
vn -0.6194 0.7850 0.0015
vn -0.5941 0.8044 0.0057
vn -0.5831 0.8124 0.0059
vn -0.6078 0.7941 0.0044
vn -0.3282 0.9446 0.0020
vn -0.2710 0.9620 -0.0325
vn 0.1289 0.9917 0.0032
vn 0.1400 0.9900 -0.0165
vn 0.3134 0.9468 0.0735
vn 0.5052 0.3481 -0.7897
vn 0.4821 0.3322 -0.8107
vn 0.4821 0.3321 -0.8107
vn 0.2552 0.1758 -0.9508
vn 0.0444 0.0306 -0.9985
vn 0.0443 0.0306 -0.9985
vn 0.1090 0.0751 -0.9912
vn 0.1091 0.0751 -0.9912
vn 0.1216 0.0839 -0.9890
vn 0.1040 0.0717 -0.9920
vn 0.1041 0.0718 -0.9920
vn 0.1097 0.0549 -0.9924
vn 0.1425 0.1114 -0.9835
vn 0.2449 0.2663 -0.9322
vn 0.1708 0.0448 -0.9843
vn 0.0992 0.1518 -0.9834
vn 0.3510 0.1597 -0.9226
vn 0.1804 0.0172 -0.9834
vn 0.1249 0.0195 -0.9920
vn 0.1460 0.0228 -0.9890
vn 0.1308 0.0204 -0.9912
vn 0.0533 0.0083 -0.9985
vn 0.0532 0.0083 -0.9985
vn 0.3062 0.0477 -0.9508
vn 0.5784 0.0902 -0.8107
vn 0.5785 0.0903 -0.8107
vn 0.6063 0.0946 -0.7896
vn 0.6062 0.0946 -0.7897
vn 0.3585 -0.0242 -0.9332
vn 0.1761 -0.0419 -0.9835
vn 0.1700 -0.0628 -0.9834
vn 0.1210 -0.0366 -0.9920
vn 0.1414 -0.0428 -0.9890
vn 0.1414 -0.0427 -0.9890
vn 0.1267 -0.0384 -0.9912
vn 0.0516 -0.0156 -0.9985
vn 0.2966 -0.0897 -0.9508
vn 0.2967 -0.0897 -0.9508
vn 0.5603 -0.1695 -0.8107
vn 0.5604 -0.1695 -0.8107
vn 0.5873 -0.1776 -0.7897
vn 0.5872 -0.1776 -0.7897
vn 0.3104 -0.1756 -0.9343
vn 0.1406 -0.1141 -0.9835
vn 0.1260 -0.1303 -0.9834
vn 0.0932 -0.0854 -0.9920
vn 0.1089 -0.0999 -0.9890
vn 0.0975 -0.0895 -0.9912
vn 0.0976 -0.0896 -0.9912
vn 0.0397 -0.0364 -0.9985
vn 0.2283 -0.2095 -0.9508
vn 0.4314 -0.3958 -0.8107
vn 0.4521 -0.4148 -0.7897
vn 0.4521 -0.4147 -0.7897
vn 0.2031 -0.2933 -0.9342
vn 0.0772 -0.1638 -0.9835
vn 0.0569 -0.1720 -0.9835
vn 0.0469 -0.1174 -0.9920
vn 0.0548 -0.1372 -0.9890
vn 0.0491 -0.1229 -0.9912
vn 0.0491 -0.1230 -0.9912
vn 0.0200 -0.0501 -0.9985
vn 0.0200 -0.0500 -0.9985
vn 0.1149 -0.2878 -0.9508
vn 0.1148 -0.2877 -0.9508
vn 0.2171 -0.5437 -0.8107
vn 0.2276 -0.5698 -0.7897
vn 0.0580 -0.3556 -0.9328
vn -0.0018 -0.1808 -0.9835
vn -0.0235 -0.1797 -0.9834
vn -0.0088 -0.1261 -0.9920
vn -0.0104 -0.1474 -0.9890
vn -0.0103 -0.1474 -0.9890
vn -0.0093 -0.1320 -0.9912
vn -0.0094 -0.1321 -0.9912
vn -0.0038 -0.0538 -0.9985
vn -0.0038 -0.0537 -0.9985
vn -0.0218 -0.3091 -0.9508
vn -0.0219 -0.3090 -0.9508
vn -0.0412 -0.5840 -0.8107
vn -0.0411 -0.5840 -0.8107
vn -0.0431 -0.6120 -0.7897
vn -0.1053 -0.3431 -0.9334
vn -0.0801 -0.1623 -0.9835
vn -0.0992 -0.1518 -0.9834
vn -0.0626 -0.1098 -0.9920
vn -0.0627 -0.1098 -0.9920
vn -0.0732 -0.1283 -0.9890
vn -0.0657 -0.1149 -0.9912
vn -0.0657 -0.1150 -0.9912
vn -0.0267 -0.0468 -0.9985
vn -0.1538 -0.2690 -0.9508
vn -0.2904 -0.5083 -0.8107
vn -0.2903 -0.5084 -0.8107
vn -0.3043 -0.5328 -0.7896
vn -0.3043 -0.5328 -0.7897
vn -0.2432 -0.2681 -0.9322
vn -0.1426 -0.1115 -0.9835
vn -0.1552 -0.0937 -0.9834
vn -0.1040 -0.0717 -0.9920
vn -0.1041 -0.0718 -0.9920
vn -0.1216 -0.0839 -0.9890
vn -0.1090 -0.0751 -0.9912
vn -0.1091 -0.0751 -0.9912
vn -0.0444 -0.0306 -0.9985
vn -0.0443 -0.0306 -0.9985
vn -0.2552 -0.1758 -0.9508
vn -0.2551 -0.1757 -0.9508
vn -0.4821 -0.3321 -0.8107
vn -0.4821 -0.3322 -0.8107
vn -0.5052 -0.3481 -0.7897
vn -0.3375 -0.1346 -0.9317
vn -0.1768 -0.0386 -0.9835
vn -0.1804 -0.0172 -0.9834
vn -0.1249 -0.0195 -0.9920
vn -0.1460 -0.0228 -0.9890
vn -0.1308 -0.0204 -0.9912
vn -0.0533 -0.0083 -0.9985
vn -0.0532 -0.0083 -0.9985
vn -0.3062 -0.0477 -0.9508
vn -0.3063 -0.0478 -0.9507
vn -0.5784 -0.0902 -0.8107
vn -0.5784 -0.0903 -0.8107
vn -0.6062 -0.0946 -0.7896
vn -0.6062 -0.0946 -0.7897
vn -0.3586 0.0277 -0.9331
vn -0.1761 0.0419 -0.9835
vn -0.1700 0.0628 -0.9834
vn -0.1210 0.0366 -0.9920
vn -0.1414 0.0428 -0.9890
vn -0.1414 0.0427 -0.9890
vn -0.1267 0.0384 -0.9912
vn -0.0516 0.0156 -0.9985
vn -0.2966 0.0898 -0.9508
vn -0.2965 0.0898 -0.9508
vn -0.5603 0.1695 -0.8108
vn -0.5604 0.1695 -0.8107
vn -0.5872 0.1776 -0.7897
vn -0.1406 0.1141 -0.9835
vn -0.3089 0.1739 -0.9351
vn -0.1259 0.1304 -0.9834
vn -0.0932 0.0854 -0.9920
vn -0.1089 0.0999 -0.9890
vn -0.1089 0.0998 -0.9890
vn -0.0975 0.0895 -0.9912
vn -0.0976 0.0896 -0.9912
vn -0.0397 0.0365 -0.9985
vn -0.0396 0.0364 -0.9985
vn -0.2283 0.2095 -0.9508
vn -0.2282 0.2094 -0.9508
vn -0.4313 0.3957 -0.8108
vn -0.4314 0.3958 -0.8107
vn -0.4521 0.4147 -0.7897
vn -0.1994 0.2951 -0.9344
vn -0.0772 0.1641 -0.9834
vn -0.0569 0.1722 -0.9834
vn -0.0469 0.1173 -0.9920
vn -0.0548 0.1371 -0.9890
vn -0.0490 0.1229 -0.9912
vn -0.0491 0.1230 -0.9912
vn -0.0200 0.0501 -0.9985
vn -0.0199 0.0500 -0.9985
vn -0.1149 0.2878 -0.9508
vn -0.1148 0.2878 -0.9508
vn -0.2170 0.5437 -0.8108
vn -0.2171 0.5437 -0.8107
vn -0.2276 0.5698 -0.7897
vn -0.2275 0.5698 -0.7897
vn 0.0016 0.1815 -0.9834
vn -0.0609 0.3390 -0.9388
vn 0.0234 0.1799 -0.9834
vn 0.0086 0.1260 -0.9920
vn 0.0101 0.1472 -0.9891
vn 0.0101 0.1473 -0.9890
vn 0.0091 0.1320 -0.9912
vn 0.0091 0.1321 -0.9912
vn 0.0037 0.0538 -0.9985
vn 0.0037 0.0537 -0.9985
vn 0.0213 0.3091 -0.9508
vn 0.0213 0.3090 -0.9508
vn 0.0402 0.5840 -0.8108
vn 0.0401 0.5841 -0.8107
vn 0.0421 0.6121 -0.7896
vn 0.0421 0.6121 -0.7897
vn 0.0801 0.1622 -0.9835
vn 0.1032 0.3424 -0.9339
vn 0.0626 0.1098 -0.9920
vn 0.0627 0.1098 -0.9920
vn 0.0733 0.1283 -0.9890
vn 0.0732 0.1283 -0.9890
vn 0.0657 0.1149 -0.9912
vn 0.0657 0.1150 -0.9912
vn 0.0267 0.0468 -0.9985
vn 0.1537 0.2691 -0.9508
vn 0.1537 0.2690 -0.9508
vn 0.2903 0.5083 -0.8108
vn 0.2903 0.5084 -0.8107
vn 0.3043 0.5328 -0.7897
vn 0.2208 0.7550 -0.6174
vn 0.0681 0.7993 -0.5971
vn 0.2634 0.9047 -0.3350
vn 0.4658 0.8186 -0.3360
vn 0.3870 0.7053 -0.5939
vn 0.5357 0.5672 -0.6255
vn 0.6408 0.6895 -0.3377
vn 0.6251 0.7162 -0.3102
vn 0.7149 0.6327 -0.2975
vn 0.8074 0.4997 -0.3138
vn 0.6780 0.4376 -0.5906
vn 0.7113 0.4069 -0.5732
vn 0.9215 0.2461 -0.3004
vn 0.9391 0.1480 -0.3103
vn 0.9302 0.1616 -0.3296
vn 0.7175 0.3224 -0.6174
vn 0.7865 0.1357 -0.6025
vn 0.7830 -0.0302 -0.6213
vn 0.9401 -0.0488 -0.3374
vn 0.9084 -0.2492 -0.3358
vn 0.7650 -0.2395 -0.5978
vn 0.9296 -0.1916 -0.3149
vn 0.8923 -0.3359 -0.3017
vn 0.7963 -0.5108 -0.3239
vn 0.6956 -0.3644 -0.6192
vn 0.6517 -0.4518 -0.6093
vn 0.6611 -0.6870 -0.3016
vn 0.5631 -0.7641 -0.3149
vn 0.6104 -0.5028 -0.6120
vn 0.5003 -0.5994 -0.6248
vn 0.5957 -0.7299 -0.3352
vn 0.4231 -0.8410 -0.3372
vn 0.3366 -0.7121 -0.6161
vn 0.2098 -0.9171 -0.3390
vn 0.1588 -0.7638 -0.6256
vn 0.2257 -0.9217 -0.3154
vn 0.0959 -0.9488 -0.3009
vn -0.1286 -0.9412 -0.3125
vn -0.0426 -0.7899 -0.6117
vn -0.1096 -0.7907 -0.6023
vn -0.3767 -0.8801 -0.2890
vn -0.4695 -0.8320 -0.2954
vn -0.4342 -0.8422 -0.3197
vn -0.1744 -0.7630 -0.6225
vn -0.3374 -0.7089 -0.6194
vn -0.6257 -0.7060 -0.3317
vn -0.5089 -0.5869 -0.6297
vn -0.5982 -0.7339 -0.3219
vn -0.7135 -0.6317 -0.3032
vn -0.8414 -0.4234 -0.3358
vn -0.6541 -0.4479 -0.6095
vn -0.6921 -0.3973 -0.6027
vn -0.9233 -0.2381 -0.3012
vn -0.9462 -0.0727 -0.3154
vn -0.9331 -0.1293 -0.3355
vn -0.7161 -0.3051 -0.6278
vn -0.7754 -0.1121 -0.6214
vn -0.9353 0.1168 -0.3341
vn -0.7718 0.1046 -0.6273
vn -0.9446 0.1083 -0.3099
vn -0.9302 0.2123 -0.2996
vn -0.8531 0.4102 -0.3225
vn -0.7602 0.2870 -0.5828
vn -0.7554 0.3289 -0.5667
vn -0.7372 0.6012 -0.3083
vn -0.6437 0.6957 -0.3189
vn -0.6599 0.6736 -0.3328
vn -0.6756 0.4040 -0.6167
vn -0.5746 0.5489 -0.6071
vn -0.4846 0.8084 -0.3342
vn -0.3969 0.6694 -0.6279
vn -0.2781 0.9022 -0.3296
vn -0.2163 0.7921 -0.5708
vn -0.0743 0.7829 -0.6177
vn 0.0132 0.7974 -0.6033
vn 0.1827 0.9336 -0.3084
vn 0.2790 0.9066 -0.3167
vn 0.0299 0.9459 -0.3230
vn -0.1785 0.9342 -0.3089
vn -0.2721 0.9084 -0.3175
vn 0.9758 -0.2184 -0.0135
vn 0.9967 -0.0422 0.0689
vn 0.9724 -0.2333 0.0029
vn 0.8012 -0.5975 -0.0317
vn 0.7746 -0.6325 0.0019
vn -0.3139 0.9494 0.0033
vn -0.1282 0.9890 0.0735
vn -0.3033 0.9528 -0.0165
vn -0.6614 0.7493 -0.0325
vn -0.7054 0.7089 0.0021
vn 0.9740 0.2264 -0.0135
vn 0.9164 0.3943 0.0689
vn 0.9774 0.2115 0.0029
vn 0.9811 -0.1909 -0.0317
vn 0.9722 -0.2340 0.0019
vn -0.6958 0.7182 0.0032
vn -0.5459 0.8346 0.0735
vn -0.6877 0.7258 -0.0165
vn -0.9216 0.3867 -0.0325
vn -0.9436 0.3312 0.0020
vn 0.7784 0.6277 -0.0135
vn 0.6535 0.7538 0.0689
vn 0.7879 0.6158 0.0029
vn 0.9664 0.2551 -0.0317
vn 0.9772 0.2125 0.0019
vn -0.9385 0.3454 0.0033
vn -0.8538 0.5154 0.0735
vn -0.9344 0.3558 -0.0165
vn -0.9982 -0.0512 -0.0325
vn -0.9938 -0.1108 0.0021
vn 0.4429 0.8965 0.0029
vn 0.4292 0.9031 -0.0135
vn 0.2619 0.9626 0.0689
vn 0.7602 0.6489 -0.0317
vn 0.7883 0.6152 0.0019
vn -0.9963 -0.0846 -0.0164
vn -0.9954 -0.0957 0.0033
vn -0.9928 0.0941 0.0735
vn -0.8772 -0.4790 -0.0325
vn -0.8475 -0.5308 0.0020
vn 0.0103 0.9999 0.0029
vn -0.0049 0.9999 -0.0135
vn -0.1814 0.9810 0.0689
vn 0.4036 0.9144 -0.0317
vn 0.4436 0.8962 0.0019
vn -0.8610 -0.5083 -0.0164
vn -0.8554 -0.5180 0.0033
vn -0.9354 -0.3458 0.0735
vn -0.5827 -0.8120 -0.0325
vn -0.5335 -0.8458 0.0021
vn -0.4243 0.9055 0.0029
vn -0.4381 0.8988 -0.0135
vn -0.5889 0.8053 0.0689
vn -0.0329 0.9990 -0.0317
vn 0.0110 0.9999 0.0019
vn -0.5554 -0.8314 -0.0165
vn -0.5462 -0.8377 0.0033
vn -0.6929 -0.7172 0.0735
vn -0.1729 -0.9844 -0.0325
vn -0.1139 -0.9935 0.0021
vn -0.7750 0.6319 0.0029
vn -0.7845 0.6200 -0.0135
vn -0.8798 0.4703 0.0689
vn -0.4629 0.8859 -0.0317
vn -0.4237 0.9058 0.0019
vn -0.1399 -0.9900 -0.0164
vn -0.1289 -0.9917 0.0033
vn -0.3133 -0.9468 0.0735
vn 0.2711 -0.9620 -0.0325
vn 0.3282 -0.9446 0.0020
vn -0.9724 0.2333 0.0029
vn -0.9758 0.2184 -0.0135
vn -0.9967 0.0422 0.0689
vn -0.8012 0.5975 -0.0317
vn -0.7746 0.6324 0.0019
vn 0.3139 -0.9495 0.0032
vn 0.1282 -0.9890 0.0735
vn 0.3032 -0.9528 -0.0165
vn 0.6614 -0.7493 -0.0325
vn 0.7054 -0.7089 0.0020
vn -0.9774 -0.2114 0.0029
vn -0.9740 -0.2263 -0.0135
vn -0.9164 -0.3943 0.0689
vn -0.9811 0.1910 -0.0317
vn -0.9722 0.2340 0.0019
vn 0.6946 -0.7194 0.0032
vn 0.5444 -0.8356 0.0735
vn 0.6864 -0.7270 -0.0165
vn 0.9209 -0.3883 -0.0325
vn 0.9430 -0.3328 0.0020
vn -0.7890 -0.6144 0.0029
vn -0.7795 -0.6263 -0.0135
vn -0.6548 -0.7527 0.0689
vn -0.9668 -0.2534 -0.0317
vn -0.9775 -0.2108 0.0019
vn 0.9385 -0.3454 0.0032
vn 0.8538 -0.5153 0.0735
vn 0.9344 -0.3558 -0.0165
vn 0.9982 0.0512 -0.0325
vn 0.9938 0.1107 0.0020
vn -0.4429 -0.8965 0.0029
vn -0.4292 -0.9031 -0.0135
vn -0.2619 -0.9626 0.0689
vn -0.7602 -0.6489 -0.0317
vn -0.7883 -0.6152 0.0019
vn 0.9954 0.0958 0.0033
vn 0.9928 -0.0941 0.0735
vn 0.9963 0.0846 -0.0164
vn 0.8772 0.4790 -0.0325
vn 0.8475 0.5308 0.0020
vn -0.0103 -0.9999 0.0029
vn 0.0049 -0.9999 -0.0135
vn 0.1814 -0.9810 0.0689
vn -0.4036 -0.9144 -0.0317
vn -0.4435 -0.8962 0.0019
vn 0.8554 0.5179 0.0033
vn 0.9354 0.3458 0.0735
vn 0.8610 0.5083 -0.0165
vn 0.5827 0.8120 -0.0325
vn 0.5335 0.8458 0.0020
vn 0.4243 -0.9055 0.0029
vn 0.4380 -0.8989 -0.0135
vn 0.5889 -0.8053 0.0689
vn 0.0329 -0.9990 -0.0317
vn -0.0110 -0.9999 0.0019
vn 0.5462 0.8377 0.0033
vn 0.6930 0.7172 0.0735
vn 0.5554 0.8314 -0.0164
vn 0.1729 0.9844 -0.0325
vn 0.1139 0.9935 0.0020
vn 0.7750 -0.6319 0.0029
vn 0.7845 -0.6200 -0.0135
vn 0.8799 -0.4702 0.0689
vn 0.4628 -0.8859 -0.0317
vn 0.4237 -0.9058 0.0019
vn 0.1053 -0.9944 0.0043
vn 0.1208 -0.9927 0.0064
vn 0.1339 -0.9910 0.0035
vn 0.0823 -0.9966 0.0013
vn 0.0933 -0.9956 -0.0000
vn -0.1922 -0.9814 -0.0000
vn -0.7226 -0.6913 -0.0000
vn -0.7402 -0.6724 -0.0000
vn -0.8057 -0.5729 -0.1507
vn -0.8057 -0.5728 -0.1507
vn -0.4113 -0.8989 -0.1507
vn 0.0933 -0.9842 -0.1507
vn 0.0932 -0.9842 -0.1507
vn -0.9842 -0.0932 -0.1507
vn -0.8989 0.4113 -0.1507
vn -0.5729 0.8057 -0.1507
vn -0.0932 0.9842 -0.1507
vn 0.4113 0.8989 -0.1507
vn 0.8057 0.5729 -0.1507
vn 0.4114 0.8989 -0.1507
vn 0.9842 0.0933 -0.1507
vn 0.8989 -0.4114 -0.1507
vn 0.8989 -0.4113 -0.1507
vn 0.5728 -0.8057 -0.1507
vn 0.5778 0.8136 0.0646
vn 0.4434 0.8940 0.0646
vn 0.6980 0.7132 0.0646
vn 0.8009 0.5952 0.0646
vn 0.8009 0.5953 0.0646
vn 0.8842 0.4626 0.0646
vn 0.9457 0.3186 0.0646
vn 0.9839 0.1668 0.0646
vn 0.9979 0.0108 0.0646
vn 0.9873 -0.1454 0.0646
vn 0.9524 -0.2981 0.0646
vn 0.2981 0.9524 0.0646
vn 0.1454 0.9873 0.0646
vn -0.0108 0.9979 0.0646
vn -0.1668 0.9839 0.0646
vn -0.3186 0.9457 0.0646
vn -0.4626 0.8842 0.0646
vn -0.5953 0.8009 0.0646
vn -0.7132 0.6980 0.0646
vn -0.8136 0.5778 0.0646
vn -0.8940 0.4434 0.0646
vn -0.9524 0.2981 0.0646
vn -0.9873 0.1454 0.0646
vn -0.9979 -0.0108 0.0646
vn -0.9839 -0.1668 0.0646
vn -0.9457 -0.3186 0.0646
vn -0.8842 -0.4626 0.0646
vn -0.8009 -0.5953 0.0646
vn -0.6980 -0.7132 0.0646
vn -0.5778 -0.8136 0.0646
vn -0.4434 -0.8940 0.0646
vn -0.2981 -0.9524 0.0646
vn -0.1454 -0.9873 0.0646
vn 0.0108 -0.9979 0.0646
vn 0.1668 -0.9839 0.0646
vn 0.3186 -0.9457 0.0646
vn 0.4626 -0.8842 0.0646
vn 0.5953 -0.8009 0.0646
vn 0.7132 -0.6980 0.0646
vn 0.8136 -0.5778 0.0646
vn 0.8940 -0.4434 0.0646
vn -0.0000 -0.0000 -1.0000
vn -0.3377 -0.1138 -0.9344
vn -0.3513 -0.0596 -0.9344
vn -0.3563 -0.0039 -0.9344
vn -0.3525 0.0519 -0.9344
vn -0.3401 0.1064 -0.9344
vn -0.3193 0.1583 -0.9343
vn -0.2905 0.2063 -0.9344
vn -0.2547 0.2492 -0.9344
vn -0.2125 0.2860 -0.9344
vn -0.1652 0.3157 -0.9344
vn -0.1138 0.3377 -0.9344
vn -0.0595 0.3513 -0.9344
vn -0.0039 0.3563 -0.9344
vn 0.0519 0.3525 -0.9344
vn 0.1064 0.3401 -0.9344
vn 0.1584 0.3193 -0.9343
vn 0.2063 0.2905 -0.9344
vn 0.2492 0.2547 -0.9343
vn 0.2860 0.2126 -0.9343
vn 0.3158 0.1652 -0.9343
vn 0.3377 0.1138 -0.9344
vn 0.3514 0.0596 -0.9343
vn 0.3563 0.0039 -0.9344
vn 0.3525 -0.0519 -0.9344
vn 0.3401 -0.1064 -0.9344
vn 0.3193 -0.1584 -0.9343
vn 0.2905 -0.2063 -0.9344
vn 0.2547 -0.2492 -0.9343
vn 0.2125 -0.2860 -0.9344
vn 0.1652 -0.3157 -0.9344
vn 0.1138 -0.3377 -0.9344
vn 0.0595 -0.3513 -0.9344
vn 0.0039 -0.3563 -0.9344
vn -0.0519 -0.3525 -0.9344
vn -0.1064 -0.3401 -0.9344
vn -0.1583 -0.3193 -0.9343
vn -0.2063 -0.2905 -0.9344
vn -0.2492 -0.2547 -0.9344
vn -0.2860 -0.2125 -0.9344
vn -0.3157 -0.1652 -0.9344
vn 0.3173 0.1660 -0.9337
vn 0.3393 0.1143 -0.9337
vn 0.3530 0.0598 -0.9337
vn 0.3580 0.0039 -0.9337
vn 0.3542 -0.0522 -0.9337
vn 0.3417 -0.1069 -0.9337
vn 0.3208 -0.1591 -0.9337
vn 0.2919 -0.2073 -0.9337
vn 0.2559 -0.2504 -0.9337
vn 0.2136 -0.2874 -0.9337
vn 0.1660 -0.3173 -0.9337
vn 0.1143 -0.3393 -0.9337
vn 0.0598 -0.3530 -0.9337
vn 0.0039 -0.3580 -0.9337
vn -0.0522 -0.3542 -0.9337
vn -0.1069 -0.3417 -0.9337
vn -0.1591 -0.3208 -0.9337
vn -0.2072 -0.2918 -0.9338
vn -0.2503 -0.2558 -0.9338
vn -0.2872 -0.2135 -0.9338
vn -0.3171 -0.1659 -0.9338
vn -0.3393 -0.1143 -0.9337
vn -0.3528 -0.0598 -0.9338
vn -0.3578 -0.0039 -0.9338
vn -0.3542 0.0522 -0.9337
vn -0.3402 0.1065 -0.9343
vn -0.3206 0.1590 -0.9338
vn -0.2918 0.2072 -0.9338
vn -0.2558 0.2503 -0.9338
vn -0.2135 0.2872 -0.9338
vn -0.1659 0.3171 -0.9338
vn -0.1143 0.3391 -0.9338
vn -0.0598 0.3530 -0.9337
vn -0.0039 0.3580 -0.9337
vn 0.0522 0.3542 -0.9337
vn 0.1069 0.3417 -0.9337
vn 0.1591 0.3208 -0.9337
vn 0.2073 0.2919 -0.9337
vn 0.2505 0.2559 -0.9337
vn 0.2874 0.2136 -0.9337
vn 0.2926 0.0986 -0.9511
vn 0.0467 0.0244 -0.9986
vn 0.0500 0.0168 -0.9986
vn 0.2736 0.1432 -0.9511
vn 0.0423 0.0314 -0.9986
vn 0.2478 0.1842 -0.9511
vn 0.0369 0.0377 -0.9986
vn 0.2160 0.2207 -0.9511
vn 0.0305 0.0430 -0.9986
vn 0.1788 0.2518 -0.9511
vn 0.0234 0.0472 -0.9986
vn 0.1372 0.2766 -0.9511
vn 0.0157 0.0503 -0.9986
vn 0.0922 0.2947 -0.9511
vn 0.0077 0.0521 -0.9986
vn 0.0450 0.3055 -0.9511
vn -0.0006 0.0527 -0.9986
vn -0.0033 0.3088 -0.9511
vn -0.0088 0.0520 -0.9986
vn -0.0516 0.3045 -0.9511
vn -0.0168 0.0500 -0.9986
vn -0.0986 0.2926 -0.9511
vn -0.0244 0.0467 -0.9986
vn -0.1432 0.2736 -0.9511
vn -0.0314 0.0423 -0.9986
vn -0.1842 0.2478 -0.9511
vn -0.0377 0.0369 -0.9986
vn -0.2207 0.2160 -0.9511
vn -0.0430 0.0305 -0.9986
vn -0.2518 0.1788 -0.9511
vn -0.0472 0.0234 -0.9986
vn -0.2766 0.1372 -0.9511
vn -0.0503 0.0157 -0.9986
vn -0.2947 0.0922 -0.9511
vn -0.0521 0.0077 -0.9986
vn -0.3055 0.0450 -0.9511
vn -0.0527 -0.0006 -0.9986
vn -0.3088 -0.0033 -0.9511
vn -0.0532 -0.0084 -0.9985
vn -0.3045 -0.0516 -0.9511
vn -0.0500 -0.0168 -0.9986
vn -0.2926 -0.0986 -0.9511
vn -0.0467 -0.0244 -0.9986
vn -0.2736 -0.1432 -0.9511
vn -0.0423 -0.0314 -0.9986
vn -0.2478 -0.1842 -0.9511
vn -0.0369 -0.0377 -0.9986
vn -0.2160 -0.2207 -0.9511
vn -0.0305 -0.0430 -0.9986
vn -0.1788 -0.2518 -0.9511
vn -0.0234 -0.0472 -0.9986
vn -0.1372 -0.2766 -0.9511
vn -0.0157 -0.0503 -0.9986
vn -0.0922 -0.2947 -0.9511
vn -0.0077 -0.0521 -0.9986
vn -0.0450 -0.3055 -0.9511
vn 0.0006 -0.0527 -0.9986
vn 0.0033 -0.3088 -0.9511
vn 0.0088 -0.0520 -0.9986
vn 0.0516 -0.3044 -0.9511
vn 0.0168 -0.0500 -0.9986
vn 0.0986 -0.2926 -0.9511
vn 0.0244 -0.0467 -0.9986
vn 0.1432 -0.2736 -0.9511
vn 0.0314 -0.0423 -0.9986
vn 0.1842 -0.2478 -0.9511
vn 0.0377 -0.0369 -0.9986
vn 0.2207 -0.2160 -0.9511
vn 0.0430 -0.0305 -0.9986
vn 0.2518 -0.1788 -0.9511
vn 0.0472 -0.0234 -0.9986
vn 0.2767 -0.1372 -0.9511
vn 0.0503 -0.0157 -0.9986
vn 0.2947 -0.0922 -0.9511
vn 0.0521 -0.0077 -0.9986
vn 0.3055 -0.0450 -0.9511
vn 0.0527 0.0006 -0.9986
vn 0.3088 0.0033 -0.9511
vn 0.0532 0.0084 -0.9985
vn 0.3044 0.0516 -0.9511
vn 0.5098 0.0864 -0.8559
vn 0.4900 0.1651 -0.8559
vn 0.5171 0.0056 -0.8559
vn 0.5116 -0.0754 -0.8559
vn 0.4935 -0.1545 -0.8559
vn 0.4633 -0.2298 -0.8559
vn 0.4216 -0.2994 -0.8559
vn 0.3696 -0.3617 -0.8559
vn 0.3084 -0.4150 -0.8559
vn 0.2397 -0.4582 -0.8559
vn 0.1651 -0.4900 -0.8559
vn 0.0864 -0.5098 -0.8559
vn 0.0056 -0.5171 -0.8559
vn -0.0754 -0.5116 -0.8559
vn -0.1545 -0.4935 -0.8559
vn -0.2297 -0.4632 -0.8559
vn -0.2994 -0.4216 -0.8559
vn -0.3617 -0.3696 -0.8559
vn -0.4150 -0.3084 -0.8559
vn -0.4582 -0.2397 -0.8559
vn -0.4900 -0.1651 -0.8559
vn -0.5098 -0.0864 -0.8559
vn -0.5171 -0.0056 -0.8559
vn -0.5115 0.0754 -0.8559
vn -0.4935 0.1545 -0.8559
vn -0.4633 0.2298 -0.8559
vn -0.4216 0.2994 -0.8559
vn -0.3696 0.3617 -0.8559
vn -0.3084 0.4150 -0.8559
vn -0.2397 0.4582 -0.8559
vn -0.1651 0.4900 -0.8559
vn -0.0864 0.5098 -0.8559
vn -0.0056 0.5171 -0.8559
vn 0.0754 0.5116 -0.8559
vn 0.1545 0.4935 -0.8559
vn 0.2298 0.4633 -0.8559
vn 0.2994 0.4216 -0.8559
vn 0.3617 0.3696 -0.8559
vn 0.4150 0.3084 -0.8559
vn 0.4582 0.2398 -0.8559
vn -0.4234 -0.1491 0.8936
vn -0.4422 -0.0813 0.8932
vn -0.0657 -0.0016 0.9978
vn -0.4504 -0.0106 0.8928
vn -0.0629 0.0181 0.9979
vn -0.4462 0.0589 0.8930
vn -0.4314 0.1286 0.8930
vn -0.0540 0.0372 0.9978
vn -0.4056 0.1934 0.8934
vn -0.3692 0.2547 0.8938
vn -0.0402 0.0515 0.9979
vn -0.3241 0.3073 0.8947
vn -0.2707 0.3536 0.8954
vn -0.0218 0.0618 0.9979
vn -0.2118 0.3894 0.8964
vn -0.1468 0.4162 0.8973
vn -0.0023 0.0653 0.9979
vn -0.0803 0.4311 0.8987
vn -0.0111 0.4363 0.8997
vn 0.0187 0.0629 0.9978
vn 0.0562 0.4301 0.9010
vn 0.1231 0.4136 0.9021
vn 0.0366 0.0543 0.9979
vn 0.1842 0.3869 0.9035
vn 0.2420 0.3513 0.9044
vn 0.0522 0.0399 0.9978
vn 0.2919 0.3079 0.9055
vn 0.3358 0.2567 0.9063
vn 0.0616 0.0224 0.9978
vn 0.3695 0.2007 0.9073
vn 0.3957 0.1393 0.9077
vn 0.0657 0.0016 0.9978
vn 0.4115 0.0762 0.9082
vn 0.4180 0.0098 0.9084
vn 0.0629 -0.0181 0.9979
vn 0.4138 -0.0548 0.9087
vn 0.4006 -0.1199 0.9084
vn 0.0540 -0.0372 0.9978
vn 0.3777 -0.1807 0.9081
vn 0.3453 -0.2392 0.9075
vn 0.0402 -0.0515 0.9979
vn 0.3048 -0.2902 0.9071
vn 0.2564 -0.3365 0.9061
vn 0.0218 -0.0618 0.9979
vn 0.2021 -0.3738 0.9052
vn 0.1410 -0.4036 0.9040
vn 0.0023 -0.0653 0.9979
vn 0.0774 -0.4224 0.9031
vn 0.0097 -0.4323 0.9017
vn -0.0187 -0.0629 0.9978
vn -0.0576 -0.4311 0.9005
vn -0.1260 -0.4192 0.8991
vn -0.0366 -0.0543 0.9979
vn -0.1900 -0.3965 0.8982
vn -0.2518 -0.3637 0.8968
vn -0.0522 -0.0399 0.9978
vn -0.3063 -0.3219 0.8958
vn -0.3551 -0.2706 0.8948
vn -0.0616 -0.0224 0.9978
vn -0.3934 -0.2131 0.8943
vn -0.9206 -0.1675 0.3528
vn -0.9356 -0.0218 0.3524
vn -0.8826 -0.3098 0.3536
vn -0.8229 -0.4436 0.3549
vn -0.7430 -0.5665 0.3563
vn -0.6448 -0.6754 0.3579
vn -0.5309 -0.7674 0.3596
vn -0.4040 -0.8403 0.3615
vn -0.2673 -0.8924 0.3635
vn -0.1243 -0.9225 0.3655
vn 0.0216 -0.9298 0.3675
vn 0.1667 -0.9142 0.3694
vn 0.3075 -0.8762 0.3712
vn 0.4405 -0.8166 0.3729
vn 0.5625 -0.7372 0.3743
vn 0.6706 -0.6397 0.3755
vn 0.7622 -0.5266 0.3765
vn 0.8350 -0.4008 0.3771
vn 0.8873 -0.2651 0.3774
vn 0.9178 -0.1229 0.3774
vn 0.9259 0.0222 0.3771
vn 0.9113 0.1669 0.3765
vn 0.8743 0.3075 0.3756
vn 0.8158 0.4408 0.3744
vn 0.7373 0.5633 0.3729
vn 0.6405 0.6722 0.3713
vn 0.5279 0.7647 0.3696
vn 0.4021 0.8385 0.3677
vn 0.2662 0.8918 0.3657
vn 0.1235 0.9233 0.3637
vn -0.0224 0.9320 0.3618
vn -0.1680 0.9177 0.3599
vn -0.3096 0.8808 0.3582
vn -0.4438 0.8221 0.3566
vn -0.5672 0.7430 0.3552
vn -0.6768 0.6455 0.3540
vn -0.7696 0.5319 0.3531
vn -0.8436 0.4052 0.3525
vn -0.8967 0.2683 0.3521
vn -0.9276 0.1248 0.3521
vn -0.9372 -0.1720 -0.3035
vn -0.8989 -0.3166 -0.3030
vn -0.6464 -0.1185 -0.7538
vn -0.6202 -0.2184 -0.7534
vn -0.8385 -0.4534 -0.3021
vn -0.5791 -0.3132 -0.7527
vn -0.7576 -0.5793 -0.3008
vn -0.5239 -0.4007 -0.7516
vn -0.6580 -0.6910 -0.2992
vn -0.4557 -0.4789 -0.7503
vn -0.5422 -0.7859 -0.2973
vn -0.3761 -0.5459 -0.7487
vn -0.4129 -0.8616 -0.2951
vn -0.2869 -0.5999 -0.7469
vn -0.2733 -0.9163 -0.2928
vn -0.1901 -0.6396 -0.7448
vn -0.1268 -0.9485 -0.2903
vn -0.0880 -0.6638 -0.7427
vn 0.0230 -0.9574 -0.2877
vn 0.0171 -0.6718 -0.7405
vn 0.1725 -0.9428 -0.2852
vn 0.1225 -0.6633 -0.7383
vn 0.3180 -0.9050 -0.2827
vn 0.2255 -0.6381 -0.7361
vn 0.4559 -0.8448 -0.2803
vn 0.3237 -0.5970 -0.7340
vn 0.5827 -0.7636 -0.2781
vn 0.4144 -0.5407 -0.7321
vn 0.6953 -0.6636 -0.2760
vn 0.4953 -0.4706 -0.7302
vn 0.7909 -0.5470 -0.2742
vn 0.5642 -0.3883 -0.7286
vn 0.8671 -0.4169 -0.2727
vn 0.6193 -0.2959 -0.7273
vn 0.9219 -0.2763 -0.2715
vn 0.6591 -0.1958 -0.7262
vn 0.9540 -0.1288 -0.2706
vn 0.6825 -0.0904 -0.7253
vn 0.9626 0.0219 -0.2701
vn 0.6887 0.0174 -0.7248
vn 0.9473 0.1722 -0.2700
vn 0.6777 0.1249 -0.7246
vn 0.9087 0.3182 -0.2702
vn 0.6497 0.2292 -0.7248
vn 0.8476 0.4563 -0.2708
vn 0.6054 0.3277 -0.7253
vn 0.7655 0.5831 -0.2718
vn 0.5461 0.4178 -0.7261
vn 0.6646 0.6955 -0.2732
vn 0.4732 0.4971 -0.7273
vn 0.5474 0.7905 -0.2748
vn 0.3889 0.5637 -0.7287
vn 0.4166 0.8659 -0.2768
vn 0.2952 0.6159 -0.7304
vn 0.2758 0.9198 -0.2791
vn 0.1947 0.6525 -0.7324
vn 0.1283 0.9509 -0.2816
vn 0.0900 0.6726 -0.7345
vn -0.0221 0.9585 -0.2842
vn -0.0162 0.6759 -0.7368
vn -0.1717 0.9424 -0.2869
vn -0.1212 0.6625 -0.7392
vn -0.3169 0.9031 -0.2896
vn -0.2225 0.6329 -0.7415
vn -0.4540 0.8417 -0.2923
vn -0.3175 0.5881 -0.7439
vn -0.5797 0.7596 -0.2949
vn -0.4041 0.5292 -0.7461
vn -0.6910 0.6589 -0.2972
vn -0.4802 0.4579 -0.7481
vn -0.7851 0.5423 -0.2992
vn -0.5443 0.3760 -0.7499
vn -0.8599 0.4124 -0.3009
vn -0.5949 0.2855 -0.7514
vn -0.9134 0.2726 -0.3022
vn -0.6310 0.1885 -0.7525
vn -0.9446 0.1262 -0.3031
vn -0.6518 0.0872 -0.7533
vn -0.9525 -0.0232 -0.3035
vn -0.6570 -0.0159 -0.7537
vn -0.3209 -0.0078 -0.9471
vn -0.3157 -0.0579 -0.9471
vn -0.3028 -0.1066 -0.9471
vn -0.2824 -0.1527 -0.9471
vn -0.2550 -0.1950 -0.9471
vn -0.2214 -0.2325 -0.9471
vn -0.1823 -0.2642 -0.9471
vn -0.1387 -0.2895 -0.9471
vn -0.0917 -0.3076 -0.9471
vn -0.0425 -0.3182 -0.9471
vn 0.0078 -0.3209 -0.9471
vn 0.0579 -0.3157 -0.9471
vn 0.1066 -0.3028 -0.9471
vn 0.1527 -0.2824 -0.9471
vn 0.1949 -0.2550 -0.9471
vn 0.2324 -0.2214 -0.9471
vn 0.2642 -0.1823 -0.9471
vn 0.2895 -0.1387 -0.9471
vn 0.3076 -0.0917 -0.9471
vn 0.3182 -0.0425 -0.9471
vn 0.3209 0.0078 -0.9471
vn 0.3157 0.0579 -0.9471
vn 0.3028 0.1066 -0.9471
vn 0.2824 0.1527 -0.9471
vn 0.2550 0.1950 -0.9471
vn 0.2214 0.2324 -0.9471
vn 0.1823 0.2642 -0.9471
vn 0.1387 0.2895 -0.9471
vn 0.0917 0.3076 -0.9471
vn 0.0425 0.3182 -0.9471
vn -0.0078 0.3209 -0.9471
vn -0.0579 0.3157 -0.9471
vn -0.1066 0.3028 -0.9471
vn -0.1527 0.2824 -0.9471
vn -0.1950 0.2550 -0.9471
vn -0.2325 0.2214 -0.9471
vn -0.2642 0.1823 -0.9471
vn -0.2895 0.1387 -0.9471
vn -0.3076 0.0917 -0.9471
vn -0.3182 0.0425 -0.9471
vn 0.0203 -0.0027 -0.9998
vn 0.0205 0.0005 -0.9998
vn 0.0201 0.0037 -0.9998
vn 0.0193 0.0068 -0.9998
vn 0.0180 0.0097 -0.9998
vn 0.0163 0.0124 -0.9998
vn 0.0141 0.0148 -0.9998
vn 0.0116 0.0169 -0.9998
vn 0.0088 0.0185 -0.9998
vn 0.0059 0.0196 -0.9998
vn 0.0027 0.0203 -0.9998
vn -0.0005 0.0205 -0.9998
vn -0.0037 0.0201 -0.9998
vn -0.0068 0.0193 -0.9998
vn -0.0097 0.0180 -0.9998
vn -0.0124 0.0163 -0.9998
vn -0.0148 0.0141 -0.9998
vn -0.0168 0.0116 -0.9998
vn -0.0185 0.0088 -0.9998
vn -0.0196 0.0059 -0.9998
vn -0.0203 0.0027 -0.9998
vn -0.0205 -0.0005 -0.9998
vn -0.0201 -0.0037 -0.9998
vn -0.0193 -0.0068 -0.9998
vn -0.0180 -0.0097 -0.9998
vn -0.0163 -0.0124 -0.9998
vn -0.0141 -0.0148 -0.9998
vn -0.0116 -0.0169 -0.9998
vn -0.0088 -0.0185 -0.9998
vn -0.0059 -0.0196 -0.9998
vn -0.0027 -0.0203 -0.9998
vn 0.0005 -0.0205 -0.9998
vn 0.0037 -0.0201 -0.9998
vn 0.0068 -0.0193 -0.9998
vn 0.0097 -0.0180 -0.9998
vn 0.0124 -0.0163 -0.9998
vn 0.0148 -0.0141 -0.9998
vn 0.0169 -0.0116 -0.9998
vn 0.0185 -0.0088 -0.9998
vn 0.0196 -0.0059 -0.9998
vn 0.2034 -0.0606 -0.9772
vn 0.2104 -0.0281 -0.9772
vn 0.1914 -0.0917 -0.9772
vn 0.1747 -0.1205 -0.9772
vn 0.1537 -0.1464 -0.9772
vn 0.1289 -0.1686 -0.9772
vn 0.1009 -0.1867 -0.9772
vn 0.0705 -0.2002 -0.9772
vn 0.0383 -0.2088 -0.9772
vn 0.0052 -0.2122 -0.9772
vn -0.0281 -0.2104 -0.9772
vn -0.0606 -0.2034 -0.9772
vn -0.0917 -0.1914 -0.9772
vn -0.1205 -0.1747 -0.9772
vn -0.1464 -0.1537 -0.9772
vn -0.1686 -0.1289 -0.9772
vn -0.1867 -0.1009 -0.9772
vn -0.2002 -0.0705 -0.9772
vn -0.2088 -0.0383 -0.9772
vn -0.2122 -0.0052 -0.9772
vn -0.2104 0.0281 -0.9772
vn -0.2034 0.0606 -0.9772
vn -0.1914 0.0917 -0.9772
vn -0.1747 0.1205 -0.9772
vn -0.1537 0.1464 -0.9772
vn -0.1289 0.1686 -0.9772
vn -0.1009 0.1867 -0.9772
vn -0.0705 0.2002 -0.9772
vn -0.0383 0.2088 -0.9772
vn -0.0052 0.2122 -0.9772
vn 0.0281 0.2104 -0.9772
vn 0.0606 0.2034 -0.9772
vn 0.0917 0.1914 -0.9772
vn 0.1205 0.1747 -0.9772
vn 0.1464 0.1537 -0.9772
vn 0.1686 0.1289 -0.9772
vn 0.1867 0.1009 -0.9772
vn 0.2002 0.0705 -0.9772
vn 0.2088 0.0383 -0.9772
vn 0.2122 0.0052 -0.9772
vt 0.000000 0.000000
s 1
g off
usemtl dbl_wheel_rf_001.001
f 1/1/1 3/1/3 2/1/2
f 1/1/1 4/1/4 3/1/3
f 1/1/1 2/1/2 5/1/5
f 5/1/5 2/1/2 6/1/6
f 5/1/5 6/1/6 7/1/7
f 7/1/7 6/1/6 8/1/8
f 7/1/7 8/1/8 9/1/9
f 8/1/8 10/1/10 9/1/9
f 9/1/9 10/1/10 11/1/11
f 10/1/10 12/1/12 11/1/11
f 11/1/11 12/1/12 13/1/13
f 12/1/12 14/1/14 13/1/13
f 13/1/13 14/1/14 15/1/15
f 14/1/14 16/1/16 15/1/15
f 15/1/15 16/1/16 17/1/17
f 16/1/16 18/1/18 17/1/17
f 17/1/17 18/1/18 19/1/19
f 18/1/18 20/1/20 19/1/19
f 19/1/19 20/1/20 21/1/21
f 20/1/20 22/1/22 21/1/21
f 21/1/21 22/1/22 23/1/23
f 22/1/22 24/1/24 23/1/23
f 23/1/23 24/1/24 25/1/25
f 24/1/24 26/1/26 25/1/25
f 26/1/26 27/1/27 25/1/25
f 26/1/26 28/1/28 27/1/27
f 28/1/28 29/1/29 27/1/27
f 28/1/28 30/1/30 29/1/29
f 30/1/30 31/1/31 29/1/29
f 30/1/30 32/1/32 31/1/31
f 32/1/32 33/1/33 31/1/31
f 32/1/32 34/1/34 33/1/33
f 34/1/34 35/1/35 33/1/33
f 34/1/34 36/1/36 35/1/35
f 36/1/36 37/1/37 35/1/35
f 36/1/36 38/1/38 37/1/37
f 38/1/38 39/1/39 37/1/37
f 38/1/38 40/1/40 39/1/39
f 40/1/40 41/1/41 39/1/39
f 40/1/40 42/1/42 41/1/41
f 42/1/42 43/1/43 41/1/41
f 42/1/42 44/1/44 43/1/43
f 44/1/44 45/1/45 43/1/43
f 46/1/46 45/1/45 44/1/44
f 46/1/46 47/1/47 45/1/45
f 48/1/48 47/1/47 46/1/46
f 49/1/49 47/1/47 48/1/48
f 50/1/50 49/1/49 48/1/48
f 51/1/51 49/1/49 50/1/50
f 52/1/52 51/1/51 50/1/50
f 53/1/53 51/1/51 52/1/52
f 54/1/54 53/1/53 52/1/52
f 55/1/55 53/1/53 54/1/54
f 56/1/56 55/1/55 54/1/54
f 57/1/57 55/1/55 56/1/56
f 58/1/58 57/1/57 56/1/56
f 59/1/59 57/1/57 58/1/58
f 60/1/60 59/1/59 58/1/58
f 61/1/61 59/1/59 60/1/60
f 62/1/62 61/1/61 60/1/60
f 63/1/63 61/1/61 62/1/62
f 64/1/64 63/1/63 62/1/62
f 65/1/65 63/1/63 64/1/64
f 65/1/65 64/1/64 66/1/66
f 67/1/67 65/1/65 66/1/66
f 67/1/67 66/1/66 68/1/68
f 69/1/69 67/1/67 68/1/68
f 69/1/69 68/1/68 70/1/70
f 71/1/71 69/1/69 70/1/70
f 71/1/71 70/1/70 72/1/72
f 73/1/73 71/1/71 72/1/72
f 73/1/73 72/1/72 74/1/74
f 75/1/75 73/1/73 74/1/74
f 75/1/75 74/1/74 76/1/76
f 77/1/77 75/1/75 76/1/76
f 77/1/77 76/1/76 78/1/78
f 79/1/79 77/1/77 78/1/78
f 79/1/79 78/1/78 80/1/80
f 4/1/4 79/1/79 80/1/80
f 4/1/4 80/1/80 3/1/3
f 81/1/81 83/1/83 82/1/82
f 84/1/84 81/1/81 82/1/82
f 84/1/84 82/1/82 85/1/85
f 84/1/84 85/1/85 86/1/86
f 87/1/87 84/1/84 86/1/86
f 87/1/87 86/1/86 88/1/88
f 89/1/89 87/1/87 88/1/88
f 88/1/88 90/1/90 89/1/89
f 89/1/89 90/1/90 91/1/91
f 90/1/90 92/1/92 91/1/91
f 90/1/90 93/1/93 92/1/92
f 92/1/92 93/1/93 94/1/94
f 94/1/94 93/1/93 95/1/95
f 94/1/94 95/1/95 96/1/96
f 96/1/96 95/1/95 97/1/97
f 96/1/96 97/1/97 98/1/98
f 99/1/99 101/1/101 100/1/100
f 102/1/102 99/1/99 100/1/100
f 102/1/102 100/1/100 103/1/103
f 102/1/102 103/1/103 104/1/104
f 105/1/105 102/1/102 104/1/104
f 105/1/105 104/1/104 106/1/106
f 107/1/107 105/1/105 106/1/106
f 107/1/107 106/1/106 108/1/108
f 109/1/109 107/1/107 108/1/108
f 109/1/109 108/1/108 110/1/110
f 108/1/108 111/1/111 110/1/110
f 111/1/111 112/1/112 110/1/110
f 111/1/111 113/1/113 112/1/112
f 112/1/112 113/1/113 114/1/114
f 113/1/113 115/1/115 114/1/114
f 115/1/115 116/1/116 114/1/114
f 117/1/117 119/1/119 118/1/118
f 120/1/120 119/1/119 117/1/117
f 121/1/121 120/1/120 117/1/117
f 122/1/122 120/1/120 121/1/121
f 122/1/122 123/1/123 120/1/120
f 123/1/123 122/1/122 124/1/124
f 125/1/125 123/1/123 124/1/124
f 125/1/125 124/1/124 126/1/126
f 127/1/127 125/1/125 126/1/126
f 126/1/126 128/1/128 127/1/127
f 126/1/126 129/1/129 128/1/128
f 128/1/128 129/1/129 130/1/130
f 129/1/129 131/1/131 130/1/130
f 130/1/130 131/1/131 132/1/132
f 131/1/131 133/1/133 132/1/132
f 133/1/133 134/1/134 132/1/132
f 135/1/135 137/1/137 136/1/136
f 138/1/138 137/1/137 135/1/135
f 138/1/138 135/1/135 139/1/139
f 140/1/140 138/1/138 139/1/139
f 140/1/140 141/1/141 138/1/138
f 142/1/142 141/1/141 140/1/140
f 142/1/142 143/1/143 141/1/141
f 143/1/143 142/1/142 144/1/144
f 145/1/145 143/1/143 144/1/144
f 145/1/145 144/1/144 146/1/88
f 146/1/88 144/1/144 147/1/146
f 146/1/88 147/1/146 148/1/147
f 147/1/146 149/1/148 148/1/147
f 148/1/147 149/1/148 150/1/149
f 149/1/148 151/1/150 150/1/149
f 151/1/150 152/1/151 150/1/149
f 153/1/152 155/1/154 154/1/153
f 156/1/155 155/1/154 153/1/152
f 156/1/155 153/1/152 157/1/156
f 158/1/157 156/1/155 157/1/156
f 159/1/158 156/1/155 158/1/157
f 160/1/159 159/1/158 158/1/157
f 160/1/159 161/1/160 159/1/158
f 161/1/160 160/1/159 162/1/161
f 163/1/162 161/1/160 162/1/161
f 163/1/162 162/1/161 164/1/163
f 164/1/163 162/1/161 165/1/164
f 164/1/163 165/1/164 166/1/165
f 166/1/165 165/1/164 167/1/166
f 166/1/165 167/1/166 168/1/167
f 168/1/167 167/1/166 169/1/168
f 168/1/167 169/1/168 170/1/169
f 171/1/170 173/1/172 172/1/171
f 174/1/173 173/1/172 171/1/170
f 175/1/174 174/1/173 171/1/170
f 176/1/175 174/1/173 175/1/174
f 177/1/176 174/1/173 176/1/175
f 178/1/177 177/1/176 176/1/175
f 178/1/177 179/1/178 177/1/176
f 180/1/179 179/1/178 178/1/177
f 180/1/179 181/1/180 179/1/178
f 181/1/180 180/1/179 182/1/124
f 182/1/124 180/1/179 183/1/181
f 182/1/124 183/1/181 184/1/182
f 184/1/182 183/1/181 185/1/183
f 184/1/182 185/1/183 186/1/184
f 186/1/184 185/1/183 187/1/185
f 186/1/184 187/1/185 188/1/186
f 189/1/187 191/1/189 190/1/188
f 192/1/190 189/1/187 190/1/188
f 192/1/190 190/1/188 193/1/191
f 192/1/190 193/1/191 194/1/192
f 195/1/193 192/1/190 194/1/192
f 196/1/194 195/1/193 194/1/192
f 196/1/194 197/1/195 195/1/193
f 198/1/196 197/1/195 196/1/194
f 198/1/196 199/1/197 197/1/195
f 199/1/197 198/1/196 200/1/198
f 200/1/198 198/1/196 201/1/199
f 200/1/198 201/1/199 202/1/200
f 202/1/200 201/1/199 203/1/201
f 202/1/200 203/1/201 204/1/202
f 204/1/202 203/1/201 205/1/203
f 204/1/202 205/1/203 206/1/204
f 207/1/205 209/1/207 208/1/206
f 210/1/208 207/1/205 208/1/206
f 210/1/208 208/1/206 211/1/209
f 210/1/208 211/1/209 212/1/210
f 213/1/211 210/1/208 212/1/210
f 213/1/211 212/1/210 214/1/212
f 215/1/213 213/1/211 214/1/212
f 216/1/214 215/1/213 214/1/212
f 216/1/214 217/1/215 215/1/213
f 218/1/159 217/1/215 216/1/214
f 219/1/216 218/1/159 216/1/214
f 218/1/159 219/1/216 220/1/217
f 220/1/217 219/1/216 221/1/218
f 220/1/217 221/1/218 222/1/219
f 222/1/219 221/1/218 223/1/220
f 222/1/219 223/1/220 224/1/221
f 225/1/222 227/1/224 226/1/223
f 228/1/225 225/1/222 226/1/223
f 228/1/225 226/1/223 229/1/226
f 228/1/225 229/1/226 230/1/227
f 231/1/228 228/1/225 230/1/227
f 231/1/228 230/1/227 232/1/229
f 233/1/230 231/1/228 232/1/229
f 233/1/230 232/1/229 234/1/231
f 235/1/232 233/1/230 234/1/231
f 236/1/177 235/1/232 234/1/231
f 236/1/177 234/1/231 237/1/233
f 238/1/234 236/1/177 237/1/233
f 239/1/235 238/1/234 237/1/233
f 240/1/236 238/1/234 239/1/235
f 240/1/236 239/1/235 241/1/237
f 242/1/238 240/1/236 241/1/237
f 243/1/239 245/1/241 244/1/240
f 244/1/240 245/1/241 246/1/242
f 245/1/241 247/1/243 246/1/242
f 246/1/242 247/1/243 248/1/244
f 246/1/242 248/1/244 249/1/245
f 249/1/245 248/1/244 250/1/246
f 251/1/247 249/1/245 250/1/246
f 251/1/247 250/1/246 252/1/248
f 253/1/249 251/1/247 252/1/248
f 254/1/250 253/1/249 252/1/248
f 255/1/251 254/1/250 252/1/248
f 256/1/252 254/1/250 255/1/251
f 257/1/253 256/1/252 255/1/251
f 258/1/254 256/1/252 257/1/253
f 258/1/254 257/1/253 259/1/255
f 260/1/256 258/1/254 259/1/255
f 261/1/257 263/1/259 262/1/258
f 262/1/258 263/1/259 264/1/260
f 263/1/259 265/1/261 264/1/260
f 265/1/261 266/1/262 264/1/260
f 264/1/260 266/1/262 267/1/263
f 267/1/263 266/1/262 268/1/264
f 267/1/263 268/1/264 269/1/265
f 269/1/265 268/1/264 270/1/211
f 271/1/266 269/1/265 270/1/211
f 271/1/266 270/1/211 272/1/267
f 272/1/267 270/1/211 273/1/268
f 274/1/269 272/1/267 273/1/268
f 275/1/270 274/1/269 273/1/268
f 276/1/271 274/1/269 275/1/270
f 276/1/271 275/1/270 277/1/272
f 278/1/273 276/1/271 277/1/272
f 279/1/274 281/1/276 280/1/275
f 280/1/275 281/1/276 282/1/277
f 281/1/276 283/1/128 282/1/277
f 282/1/277 283/1/128 284/1/278
f 282/1/277 284/1/278 285/1/279
f 285/1/279 284/1/278 286/1/280
f 285/1/279 286/1/280 287/1/281
f 287/1/281 286/1/280 288/1/228
f 289/1/282 287/1/281 288/1/228
f 289/1/282 288/1/228 290/1/283
f 290/1/283 288/1/228 291/1/284
f 290/1/283 291/1/284 292/1/285
f 292/1/285 291/1/284 293/1/286
f 292/1/285 293/1/286 294/1/287
f 294/1/287 293/1/286 295/1/288
f 294/1/287 295/1/288 296/1/289
f 297/1/290 299/1/292 298/1/291
f 298/1/291 299/1/292 300/1/293
f 299/1/292 301/1/294 300/1/293
f 300/1/293 301/1/294 302/1/295
f 300/1/293 302/1/295 303/1/296
f 303/1/296 302/1/295 304/1/297
f 303/1/296 304/1/297 305/1/298
f 304/1/297 306/1/245 305/1/298
f 305/1/298 306/1/245 307/1/299
f 307/1/299 306/1/245 308/1/246
f 308/1/246 306/1/245 309/1/300
f 308/1/246 309/1/300 310/1/301
f 310/1/301 309/1/300 311/1/302
f 310/1/301 311/1/302 312/1/303
f 312/1/303 311/1/302 313/1/304
f 312/1/303 313/1/304 314/1/305
f 315/1/306 317/1/308 316/1/307
f 315/1/306 318/1/308 317/1/308
f 318/1/308 319/1/309 317/1/308
f 318/1/308 320/1/309 319/1/309
f 319/1/309 320/1/309 321/1/310
f 320/1/309 322/1/310 321/1/310
f 321/1/310 322/1/310 323/1/311
f 322/1/310 324/1/311 323/1/311
f 323/1/311 324/1/311 325/1/312
f 324/1/311 326/1/312 325/1/312
f 325/1/312 326/1/312 327/1/313
f 326/1/312 328/1/313 327/1/313
f 328/1/313 329/1/314 327/1/313
f 328/1/313 330/1/314 329/1/314
f 330/1/314 331/1/315 329/1/314
f 330/1/314 332/1/316 331/1/315
f 332/1/316 333/1/317 331/1/315
f 332/1/316 334/1/317 333/1/317
f 334/1/317 335/1/318 333/1/317
f 334/1/317 336/1/319 335/1/318
f 336/1/319 337/1/320 335/1/318
f 336/1/319 338/1/320 337/1/320
f 338/1/320 339/1/321 337/1/320
f 338/1/320 340/1/321 339/1/321
f 340/1/321 341/1/322 339/1/321
f 342/1/322 341/1/322 340/1/321
f 342/1/322 343/1/323 341/1/322
f 342/1/322 344/1/324 343/1/323
f 344/1/324 345/1/325 343/1/323
f 344/1/324 346/1/325 345/1/325
f 346/1/325 347/1/326 345/1/325
f 348/1/327 347/1/326 346/1/325
f 349/1/328 347/1/326 348/1/327
f 349/1/328 348/1/327 350/1/328
f 351/1/329 349/1/328 350/1/328
f 351/1/329 350/1/328 352/1/330
f 353/1/331 351/1/329 352/1/330
f 353/1/331 352/1/330 354/1/331
f 355/1/332 353/1/331 354/1/331
f 355/1/332 354/1/331 356/1/332
f 357/1/333 355/1/332 356/1/332
f 357/1/333 356/1/332 358/1/333
f 359/1/334 357/1/333 358/1/333
f 360/1/334 359/1/334 358/1/333
f 361/1/335 359/1/334 360/1/334
f 362/1/336 361/1/335 360/1/334
f 363/1/337 361/1/335 362/1/336
f 364/1/337 363/1/337 362/1/336
f 365/1/338 363/1/337 364/1/337
f 366/1/338 365/1/338 364/1/337
f 367/1/339 365/1/338 366/1/338
f 368/1/339 367/1/339 366/1/338
f 368/1/339 369/1/340 367/1/339
f 370/1/340 369/1/340 368/1/339
f 370/1/340 371/1/341 369/1/340
f 370/1/340 372/1/342 371/1/341
f 372/1/342 373/1/343 371/1/341
f 374/1/343 373/1/343 372/1/342
f 374/1/343 375/1/344 373/1/343
f 374/1/343 376/1/344 375/1/344
f 376/1/344 377/1/345 375/1/344
f 378/1/345 377/1/345 376/1/344
f 378/1/345 379/1/346 377/1/345
f 378/1/345 380/1/346 379/1/346
f 380/1/346 381/1/347 379/1/346
f 382/1/347 381/1/347 380/1/346
f 382/1/347 383/1/348 381/1/347
f 382/1/347 384/1/349 383/1/348
f 384/1/349 385/1/350 383/1/348
f 384/1/349 386/1/350 385/1/350
f 386/1/350 387/1/351 385/1/350
f 386/1/350 388/1/351 387/1/351
f 388/1/351 389/1/352 387/1/351
f 388/1/351 390/1/352 389/1/352
f 390/1/352 391/1/353 389/1/352
f 390/1/352 392/1/353 391/1/353
f 392/1/353 393/1/354 391/1/353
f 392/1/353 394/1/354 393/1/354
f 394/1/354 316/1/307 393/1/354
f 394/1/354 315/1/306 316/1/307
f 395/1/355 397/1/356 396/1/356
f 398/1/355 395/1/355 396/1/356
f 397/1/356 400/1/357 399/1/357
f 396/1/356 397/1/356 399/1/357
f 400/1/357 402/1/358 401/1/358
f 400/1/357 401/1/358 399/1/357
f 402/1/358 404/1/359 403/1/359
f 402/1/358 403/1/359 401/1/358
f 404/1/359 406/1/360 405/1/360
f 404/1/359 405/1/360 403/1/359
f 406/1/360 408/1/361 407/1/361
f 406/1/360 407/1/361 405/1/360
f 409/1/362 408/1/361 410/1/362
f 407/1/361 408/1/361 409/1/362
f 411/1/363 410/1/362 412/1/363
f 411/1/363 409/1/362 410/1/362
f 413/1/364 412/1/363 414/1/364
f 413/1/364 411/1/363 412/1/363
f 415/1/365 414/1/364 416/1/365
f 415/1/365 413/1/364 414/1/364
f 417/1/366 416/1/365 418/1/366
f 417/1/366 415/1/365 416/1/365
f 419/1/367 418/1/366 420/1/367
f 417/1/366 418/1/366 419/1/367
f 421/1/368 420/1/367 422/1/368
f 421/1/368 419/1/367 420/1/367
f 423/1/369 422/1/368 424/1/369
f 423/1/369 421/1/368 422/1/368
f 425/1/370 424/1/369 426/1/370
f 423/1/369 424/1/369 425/1/370
f 427/1/371 426/1/370 428/1/371
f 427/1/371 425/1/370 426/1/370
f 429/1/372 430/1/372 428/1/371
f 430/1/372 427/1/371 428/1/371
f 431/1/373 432/1/373 429/1/372
f 432/1/373 430/1/372 429/1/372
f 433/1/374 434/1/374 431/1/373
f 434/1/374 432/1/373 431/1/373
f 435/1/375 436/1/375 433/1/374
f 436/1/375 434/1/374 433/1/374
f 437/1/376 438/1/376 435/1/375
f 438/1/376 436/1/375 435/1/375
f 439/1/377 437/1/376 440/1/377
f 439/1/377 438/1/376 437/1/376
f 441/1/378 440/1/377 442/1/378
f 441/1/378 439/1/377 440/1/377
f 443/1/379 442/1/378 444/1/379
f 443/1/379 441/1/378 442/1/378
f 445/1/380 444/1/379 446/1/380
f 445/1/380 443/1/379 444/1/379
f 447/1/381 446/1/380 448/1/381
f 447/1/381 445/1/380 446/1/380
f 449/1/382 448/1/381 450/1/382
f 447/1/381 448/1/381 449/1/382
f 451/1/383 450/1/382 452/1/383
f 451/1/383 449/1/382 450/1/382
f 453/1/384 452/1/383 454/1/384
f 453/1/384 451/1/383 452/1/383
f 455/1/385 454/1/384 456/1/385
f 455/1/385 453/1/384 454/1/384
f 457/1/386 456/1/385 458/1/386
f 457/1/386 455/1/385 456/1/385
f 459/1/387 458/1/386 460/1/387
f 459/1/387 457/1/386 458/1/386
f 461/1/388 460/1/387 462/1/388
f 461/1/388 459/1/387 460/1/387
f 463/1/389 462/1/388 464/1/389
f 461/1/388 462/1/388 463/1/389
f 465/1/390 464/1/389 466/1/390
f 465/1/390 463/1/389 464/1/389
f 467/1/391 466/1/390 468/1/391
f 467/1/391 465/1/390 466/1/390
f 468/1/391 470/1/392 469/1/392
f 467/1/391 468/1/391 469/1/392
f 470/1/392 472/1/393 471/1/393
f 469/1/392 470/1/392 471/1/393
f 472/1/393 474/1/394 473/1/394
f 471/1/393 472/1/393 473/1/394
f 474/1/394 395/1/355 398/1/355
f 473/1/394 474/1/394 398/1/355
f 475/1/395 477/1/396 476/1/264
f 476/1/264 477/1/396 478/1/397
f 476/1/264 478/1/397 479/1/398
f 479/1/398 478/1/397 480/1/399
f 479/1/398 480/1/399 481/1/400
f 481/1/400 480/1/399 482/1/401
f 481/1/400 482/1/401 483/1/402
f 481/1/400 483/1/402 484/1/403
f 484/1/403 483/1/402 485/1/404
f 484/1/403 485/1/404 486/1/405
f 486/1/405 485/1/404 487/1/406
f 488/1/407 486/1/405 487/1/406
f 488/1/408 490/1/409 489/1/408
f 488/1/408 487/1/410 490/1/409
f 487/1/410 491/1/411 490/1/409
f 487/1/410 485/1/411 491/1/411
f 485/1/411 483/1/412 491/1/411
f 491/1/411 483/1/412 83/1/413
f 483/1/412 82/1/414 83/1/413
f 483/1/412 482/1/415 82/1/414
f 482/1/415 480/1/416 82/1/414
f 82/1/414 480/1/416 85/1/416
f 480/1/416 86/1/417 85/1/416
f 480/1/416 478/1/418 86/1/417
f 478/1/418 477/1/419 86/1/417
f 86/1/417 477/1/419 88/1/420
f 477/1/419 492/1/421 88/1/420
f 477/1/419 493/1/422 492/1/421
f 88/1/420 492/1/421 90/1/423
f 493/1/422 494/1/424 492/1/421
f 493/1/422 306/1/425 494/1/424
f 495/1/426 306/1/425 493/1/422
f 495/1/426 309/1/426 306/1/425
f 495/1/426 311/1/427 309/1/426
f 496/1/427 311/1/427 495/1/426
f 497/1/428 311/1/427 496/1/427
f 497/1/428 313/1/428 311/1/427
f 314/1/429 313/1/428 497/1/428
f 498/1/430 314/1/429 497/1/428
f 499/1/431 314/1/429 498/1/430
f 499/1/431 500/1/431 314/1/429
f 501/1/432 500/1/431 499/1/431
f 502/1/433 501/1/432 499/1/431
f 502/1/433 503/1/434 501/1/432
f 504/1/435 503/1/434 502/1/433
f 494/1/424 306/1/425 505/1/436
f 306/1/425 304/1/437 505/1/436
f 304/1/437 288/1/438 505/1/436
f 302/1/439 288/1/438 304/1/437
f 302/1/439 291/1/439 288/1/438
f 302/1/439 293/1/440 291/1/439
f 301/1/441 293/1/440 302/1/439
f 299/1/442 293/1/440 301/1/441
f 299/1/442 295/1/442 293/1/440
f 296/1/443 295/1/442 299/1/442
f 297/1/443 296/1/443 299/1/442
f 506/1/444 296/1/443 297/1/443
f 506/1/444 507/1/445 296/1/443
f 506/1/444 508/1/446 507/1/445
f 509/1/447 508/1/446 506/1/444
f 509/1/447 510/1/448 508/1/446
f 511/1/449 510/1/448 509/1/447
f 505/1/436 288/1/438 512/1/450
f 288/1/438 286/1/451 512/1/450
f 512/1/450 286/1/451 270/1/452
f 286/1/451 284/1/453 270/1/452
f 284/1/453 273/1/453 270/1/452
f 284/1/453 275/1/454 273/1/453
f 283/1/454 275/1/454 284/1/453
f 281/1/455 275/1/454 283/1/454
f 281/1/455 277/1/456 275/1/454
f 281/1/455 278/1/457 277/1/456
f 279/1/457 278/1/457 281/1/455
f 513/1/458 278/1/457 279/1/457
f 513/1/458 514/1/458 278/1/457
f 513/1/458 515/1/459 514/1/458
f 516/1/459 515/1/459 513/1/458
f 516/1/459 517/1/460 515/1/459
f 518/1/461 517/1/460 516/1/459
f 270/1/452 268/1/463 519/1/462
f 512/1/450 270/1/452 519/1/462
f 519/1/462 268/1/463 252/1/464
f 268/1/463 266/1/465 252/1/464
f 266/1/465 255/1/465 252/1/464
f 266/1/465 257/1/466 255/1/465
f 266/1/465 265/1/466 257/1/466
f 265/1/466 263/1/467 257/1/466
f 263/1/467 259/1/468 257/1/466
f 263/1/467 260/1/469 259/1/468
f 263/1/467 261/1/470 260/1/469
f 261/1/470 520/1/471 260/1/469
f 520/1/471 521/1/472 260/1/469
f 520/1/471 522/1/473 521/1/472
f 523/1/473 522/1/473 520/1/471
f 523/1/473 524/1/474 522/1/473
f 525/1/474 524/1/474 523/1/473
f 519/1/462 252/1/464 526/1/475
f 252/1/464 250/1/476 526/1/475
f 526/1/475 250/1/476 234/1/477
f 250/1/476 248/1/478 234/1/477
f 248/1/478 237/1/478 234/1/477
f 248/1/478 239/1/479 237/1/478
f 248/1/478 247/1/480 239/1/479
f 247/1/480 245/1/481 239/1/479
f 239/1/479 245/1/481 241/1/482
f 245/1/481 242/1/483 241/1/482
f 245/1/481 243/1/484 242/1/483
f 243/1/484 527/1/485 242/1/483
f 242/1/483 527/1/485 528/1/486
f 527/1/485 529/1/487 528/1/486
f 527/1/485 530/1/488 529/1/487
f 530/1/488 531/1/489 529/1/487
f 532/1/489 531/1/489 530/1/488
f 526/1/475 234/1/477 533/1/490
f 533/1/490 234/1/477 232/1/491
f 533/1/490 232/1/491 216/1/492
f 232/1/491 230/1/493 216/1/492
f 230/1/493 219/1/494 216/1/492
f 230/1/493 221/1/495 219/1/494
f 230/1/493 229/1/495 221/1/495
f 229/1/495 226/1/496 221/1/495
f 221/1/495 226/1/496 223/1/497
f 226/1/496 224/1/498 223/1/497
f 226/1/496 227/1/498 224/1/498
f 227/1/498 534/1/499 224/1/498
f 224/1/498 534/1/499 535/1/499
f 534/1/499 536/1/500 535/1/499
f 534/1/499 537/1/501 536/1/500
f 537/1/501 538/1/502 536/1/500
f 537/1/501 539/1/503 538/1/502
f 540/1/504 216/1/492 214/1/505
f 533/1/490 216/1/492 540/1/504
f 540/1/504 214/1/505 198/1/506
f 214/1/505 212/1/507 198/1/506
f 198/1/506 212/1/507 201/1/508
f 212/1/507 203/1/509 201/1/508
f 212/1/507 211/1/509 203/1/509
f 211/1/509 208/1/510 203/1/509
f 203/1/509 208/1/510 205/1/511
f 208/1/510 206/1/512 205/1/511
f 208/1/510 209/1/513 206/1/512
f 209/1/513 541/1/514 206/1/512
f 206/1/512 541/1/514 542/1/515
f 541/1/514 543/1/516 542/1/515
f 541/1/514 544/1/517 543/1/516
f 544/1/517 545/1/518 543/1/516
f 544/1/517 546/1/518 545/1/518
f 540/1/504 198/1/506 547/1/519
f 547/1/519 198/1/506 196/1/520
f 180/1/521 547/1/519 196/1/520
f 180/1/521 196/1/520 194/1/522
f 180/1/521 194/1/522 183/1/522
f 183/1/522 194/1/522 185/1/523
f 185/1/523 194/1/522 193/1/523
f 185/1/523 193/1/523 190/1/524
f 185/1/523 190/1/524 187/1/524
f 187/1/524 190/1/524 188/1/525
f 190/1/524 191/1/526 188/1/525
f 188/1/525 191/1/526 548/1/527
f 188/1/525 548/1/527 549/1/528
f 549/1/528 548/1/527 550/1/529
f 548/1/527 551/1/530 550/1/529
f 550/1/529 551/1/530 552/1/531
f 552/1/531 551/1/530 553/1/532
f 554/1/533 180/1/521 178/1/534
f 554/1/533 547/1/519 180/1/521
f 162/1/535 554/1/533 178/1/534
f 162/1/535 178/1/534 176/1/536
f 162/1/535 176/1/536 165/1/536
f 165/1/536 176/1/536 167/1/537
f 167/1/537 176/1/536 175/1/538
f 167/1/537 175/1/538 171/1/539
f 167/1/537 171/1/539 169/1/539
f 169/1/539 171/1/539 170/1/540
f 171/1/539 172/1/540 170/1/540
f 170/1/540 172/1/540 555/1/541
f 170/1/540 555/1/541 556/1/542
f 556/1/542 555/1/541 557/1/543
f 557/1/543 555/1/541 558/1/544
f 559/1/545 557/1/543 558/1/544
f 559/1/545 558/1/544 560/1/545
f 160/1/546 561/1/547 162/1/535
f 561/1/547 554/1/533 162/1/535
f 144/1/548 561/1/547 160/1/546
f 144/1/548 160/1/546 158/1/549
f 144/1/548 158/1/549 147/1/549
f 147/1/549 158/1/549 149/1/550
f 149/1/550 158/1/549 157/1/551
f 149/1/550 157/1/551 153/1/552
f 149/1/550 153/1/552 151/1/553
f 151/1/553 153/1/552 152/1/554
f 152/1/554 153/1/552 154/1/555
f 152/1/554 154/1/555 562/1/556
f 152/1/554 562/1/556 563/1/557
f 564/1/558 563/1/557 562/1/556
f 564/1/558 562/1/556 565/1/559
f 566/1/560 564/1/558 565/1/559
f 566/1/560 565/1/559 567/1/560
f 568/1/561 561/1/547 144/1/548
f 142/1/562 568/1/561 144/1/548
f 126/1/563 568/1/561 142/1/562
f 126/1/563 142/1/562 140/1/564
f 126/1/563 140/1/564 129/1/564
f 129/1/564 140/1/564 131/1/565
f 131/1/565 140/1/564 139/1/565
f 131/1/565 139/1/565 135/1/566
f 133/1/567 131/1/565 135/1/566
f 134/1/568 133/1/567 135/1/566
f 134/1/568 135/1/566 136/1/569
f 134/1/568 136/1/569 569/1/570
f 570/1/571 134/1/568 569/1/570
f 571/1/572 570/1/571 569/1/570
f 571/1/572 569/1/570 572/1/573
f 573/1/574 571/1/572 572/1/573
f 573/1/574 572/1/573 574/1/575
f 124/1/576 575/1/577 126/1/563
f 575/1/577 568/1/561 126/1/563
f 108/1/578 575/1/577 124/1/576
f 108/1/578 124/1/576 122/1/579
f 108/1/578 122/1/579 111/1/579
f 113/1/580 111/1/579 122/1/579
f 113/1/580 122/1/579 121/1/581
f 117/1/582 113/1/580 121/1/581
f 115/1/583 113/1/580 117/1/582
f 116/1/584 115/1/583 117/1/582
f 116/1/584 117/1/582 118/1/585
f 576/1/586 116/1/584 118/1/585
f 577/1/587 116/1/584 576/1/586
f 578/1/588 577/1/587 576/1/586
f 578/1/588 576/1/586 579/1/589
f 580/1/590 578/1/588 579/1/589
f 580/1/590 579/1/589 581/1/591
f 106/1/592 582/1/593 108/1/578
f 108/1/578 582/1/593 575/1/577
f 90/1/423 582/1/593 106/1/592
f 90/1/423 106/1/592 104/1/594
f 93/1/595 90/1/423 104/1/594
f 95/1/596 93/1/595 104/1/594
f 95/1/596 104/1/594 103/1/597
f 100/1/598 95/1/596 103/1/597
f 97/1/599 95/1/596 100/1/598
f 98/1/600 97/1/599 100/1/598
f 98/1/600 100/1/598 101/1/600
f 583/1/601 98/1/600 101/1/600
f 584/1/602 98/1/600 583/1/601
f 585/1/603 584/1/602 583/1/601
f 585/1/603 583/1/601 586/1/604
f 587/1/605 585/1/603 586/1/604
f 587/1/605 586/1/604 588/1/605
f 90/1/423 492/1/421 582/1/593
f 492/1/421 589/1/606 582/1/593
f 582/1/593 589/1/606 575/1/577
f 589/1/606 590/1/607 575/1/577
f 591/1/608 590/1/607 589/1/606
f 592/1/609 591/1/608 589/1/606
f 592/1/609 589/1/606 593/1/610
f 492/1/421 593/1/610 589/1/606
f 594/1/611 592/1/609 593/1/610
f 492/1/421 594/1/611 593/1/610
f 595/1/612 592/1/609 594/1/611
f 596/1/613 595/1/612 594/1/611
f 597/1/614 596/1/613 594/1/611
f 598/1/615 596/1/613 597/1/614
f 599/1/616 597/1/614 594/1/611
f 492/1/421 599/1/616 594/1/611
f 600/1/617 597/1/614 599/1/616
f 492/1/421 600/1/617 599/1/616
f 600/1/617 598/1/615 597/1/614
f 601/1/618 598/1/615 600/1/617
f 602/1/619 598/1/615 601/1/618
f 603/1/620 602/1/619 601/1/618
f 601/1/618 600/1/617 604/1/621
f 492/1/421 604/1/621 600/1/617
f 603/1/620 601/1/618 604/1/621
f 494/1/424 604/1/621 492/1/421
f 494/1/424 605/1/622 604/1/621
f 605/1/622 603/1/620 604/1/621
f 606/1/623 603/1/620 605/1/622
f 494/1/424 606/1/623 605/1/622
f 606/1/623 607/1/624 603/1/620
f 606/1/623 608/1/625 607/1/624
f 494/1/424 505/1/436 606/1/623
f 609/1/626 608/1/625 606/1/623
f 505/1/436 609/1/626 606/1/623
f 610/1/627 608/1/625 609/1/626
f 610/1/627 609/1/626 611/1/628
f 611/1/628 612/1/629 610/1/627
f 611/1/628 609/1/626 613/1/630
f 505/1/436 613/1/630 609/1/626
f 505/1/436 512/1/450 613/1/630
f 611/1/628 613/1/630 614/1/631
f 512/1/450 614/1/631 613/1/630
f 612/1/629 611/1/628 614/1/631
f 612/1/629 614/1/631 615/1/632
f 612/1/629 615/1/632 616/1/633
f 615/1/632 614/1/631 617/1/634
f 512/1/450 617/1/634 614/1/631
f 512/1/450 618/1/635 617/1/634
f 615/1/632 617/1/634 618/1/635
f 616/1/633 615/1/632 618/1/635
f 619/1/636 616/1/633 618/1/635
f 620/1/637 619/1/636 618/1/635
f 512/1/450 519/1/462 618/1/635
f 620/1/637 618/1/635 621/1/638
f 618/1/635 519/1/462 621/1/638
f 622/1/639 620/1/637 621/1/638
f 622/1/639 621/1/638 623/1/640
f 519/1/462 623/1/640 621/1/638
f 519/1/462 526/1/475 623/1/640
f 624/1/641 622/1/639 623/1/640
f 624/1/641 623/1/640 625/1/642
f 624/1/641 625/1/642 626/1/643
f 625/1/642 623/1/640 627/1/644
f 623/1/640 526/1/475 627/1/644
f 526/1/475 533/1/490 627/1/644
f 625/1/642 627/1/644 628/1/645
f 627/1/644 533/1/490 628/1/645
f 626/1/643 625/1/642 628/1/645
f 628/1/645 629/1/646 626/1/643
f 629/1/646 630/1/647 626/1/643
f 629/1/646 631/1/648 630/1/647
f 629/1/646 628/1/645 632/1/649
f 632/1/649 631/1/648 629/1/646
f 628/1/645 533/1/490 632/1/649
f 632/1/649 533/1/490 633/1/650
f 632/1/649 633/1/650 631/1/648
f 633/1/650 634/1/651 631/1/648
f 633/1/650 533/1/490 540/1/504
f 633/1/650 540/1/504 635/1/652
f 633/1/650 635/1/652 634/1/651
f 635/1/652 636/1/653 634/1/651
f 635/1/652 637/1/654 636/1/653
f 637/1/654 638/1/655 636/1/653
f 635/1/652 639/1/656 637/1/654
f 635/1/652 540/1/504 639/1/656
f 639/1/656 540/1/504 547/1/519
f 639/1/656 640/1/657 637/1/654
f 639/1/656 547/1/519 640/1/657
f 637/1/654 640/1/657 638/1/655
f 640/1/657 641/1/658 638/1/655
f 638/1/655 641/1/658 642/1/659
f 641/1/658 643/1/660 642/1/659
f 640/1/657 644/1/661 641/1/658
f 644/1/661 643/1/660 641/1/658
f 640/1/657 547/1/519 644/1/661
f 645/1/662 644/1/661 547/1/519
f 644/1/661 645/1/662 643/1/660
f 643/1/660 645/1/662 646/1/663
f 645/1/662 547/1/519 554/1/533
f 645/1/662 647/1/664 646/1/663
f 647/1/664 645/1/662 554/1/533
f 646/1/663 647/1/664 648/1/665
f 648/1/665 647/1/664 649/1/666
f 648/1/665 649/1/666 650/1/667
f 647/1/664 651/1/668 649/1/666
f 651/1/668 647/1/664 554/1/533
f 649/1/666 651/1/668 652/1/669
f 652/1/669 651/1/668 554/1/533
f 650/1/667 649/1/666 652/1/669
f 650/1/667 652/1/669 653/1/670
f 654/1/671 650/1/667 653/1/670
f 654/1/671 653/1/670 655/1/672
f 653/1/670 652/1/669 656/1/673
f 655/1/672 653/1/670 656/1/673
f 656/1/673 652/1/669 554/1/533
f 656/1/673 554/1/533 561/1/547
f 568/1/561 656/1/673 561/1/547
f 655/1/672 656/1/673 657/1/674
f 568/1/561 657/1/674 656/1/673
f 658/1/675 655/1/672 657/1/674
f 658/1/675 657/1/674 659/1/676
f 659/1/676 657/1/674 568/1/561
f 658/1/675 659/1/676 660/1/677
f 660/1/677 659/1/676 661/1/678
f 661/1/678 659/1/676 568/1/561
f 662/1/679 661/1/678 568/1/561
f 660/1/677 661/1/678 662/1/679
f 575/1/577 662/1/679 568/1/561
f 663/1/680 662/1/679 575/1/577
f 590/1/607 663/1/680 575/1/577
f 664/1/681 663/1/680 590/1/607
f 591/1/608 664/1/681 590/1/607
f 591/1/608 665/1/682 664/1/681
f 665/1/682 666/1/683 664/1/681
f 666/1/683 663/1/680 664/1/681
f 666/1/683 667/1/684 663/1/680
f 667/1/684 662/1/679 663/1/680
f 660/1/677 662/1/679 667/1/684
f 668/1/685 660/1/677 667/1/684
f 666/1/683 668/1/685 667/1/684
f 490/1/686 669/1/688 489/1/687
f 669/1/688 490/1/686 491/1/689
f 670/1/690 669/1/688 491/1/689
f 670/1/690 491/1/689 83/1/83
f 81/1/81 670/1/690 83/1/83
f 671/1/691 585/1/693 587/1/692
f 671/1/691 584/1/694 585/1/693
f 672/1/695 584/1/694 671/1/691
f 672/1/695 98/1/98 584/1/694
f 96/1/96 98/1/98 672/1/695
f 586/1/696 673/1/698 588/1/697
f 583/1/699 673/1/698 586/1/696
f 674/1/700 673/1/698 583/1/699
f 674/1/700 583/1/699 101/1/101
f 99/1/99 674/1/700 101/1/101
f 675/1/701 578/1/703 580/1/702
f 675/1/701 577/1/704 578/1/703
f 676/1/705 577/1/704 675/1/701
f 116/1/116 577/1/704 676/1/705
f 114/1/114 116/1/116 676/1/705
f 579/1/706 677/1/708 581/1/707
f 576/1/709 677/1/708 579/1/706
f 678/1/710 677/1/708 576/1/709
f 118/1/118 678/1/710 576/1/709
f 119/1/119 678/1/710 118/1/118
f 679/1/711 571/1/713 573/1/712
f 570/1/714 571/1/713 679/1/711
f 680/1/715 570/1/714 679/1/711
f 134/1/134 570/1/714 680/1/715
f 132/1/132 134/1/134 680/1/715
f 681/1/716 574/1/718 572/1/717
f 569/1/719 681/1/716 572/1/717
f 569/1/719 682/1/720 681/1/716
f 136/1/136 682/1/720 569/1/719
f 137/1/137 682/1/720 136/1/136
f 564/1/721 566/1/723 683/1/722
f 563/1/724 564/1/721 683/1/722
f 684/1/725 563/1/724 683/1/722
f 152/1/151 563/1/724 684/1/725
f 150/1/149 152/1/151 684/1/725
f 685/1/726 567/1/728 565/1/727
f 685/1/726 565/1/727 562/1/729
f 686/1/730 685/1/726 562/1/729
f 154/1/153 686/1/730 562/1/729
f 155/1/154 686/1/730 154/1/153
f 557/1/731 559/1/733 687/1/732
f 556/1/734 557/1/731 687/1/732
f 688/1/735 556/1/734 687/1/732
f 688/1/735 170/1/169 556/1/734
f 168/1/167 170/1/169 688/1/735
f 689/1/736 560/1/738 558/1/737
f 689/1/736 558/1/737 555/1/739
f 690/1/740 689/1/736 555/1/739
f 172/1/171 690/1/740 555/1/739
f 173/1/172 690/1/740 172/1/171
f 550/1/741 552/1/743 691/1/742
f 549/1/744 550/1/741 691/1/742
f 692/1/745 549/1/744 691/1/742
f 692/1/745 188/1/186 549/1/744
f 186/1/184 188/1/186 692/1/745
f 693/1/746 553/1/748 551/1/747
f 693/1/746 551/1/747 548/1/749
f 694/1/750 693/1/746 548/1/749
f 694/1/750 548/1/749 191/1/189
f 189/1/187 694/1/750 191/1/189
f 543/1/751 545/1/753 695/1/752
f 695/1/752 542/1/754 543/1/751
f 696/1/755 542/1/754 695/1/752
f 696/1/755 206/1/204 542/1/754
f 204/1/202 206/1/204 696/1/755
f 697/1/756 546/1/758 544/1/757
f 697/1/756 544/1/757 541/1/759
f 697/1/756 541/1/759 698/1/760
f 698/1/760 541/1/759 209/1/207
f 207/1/205 698/1/760 209/1/207
f 699/1/761 536/1/763 538/1/762
f 699/1/761 535/1/764 536/1/763
f 700/1/765 535/1/764 699/1/761
f 700/1/765 224/1/221 535/1/764
f 222/1/219 224/1/221 700/1/765
f 701/1/766 539/1/768 537/1/767
f 701/1/766 537/1/767 534/1/769
f 701/1/766 534/1/769 702/1/770
f 702/1/770 534/1/769 227/1/224
f 225/1/222 702/1/770 227/1/224
f 703/1/771 529/1/773 531/1/772
f 703/1/771 528/1/774 529/1/773
f 704/1/775 528/1/774 703/1/771
f 528/1/774 704/1/775 242/1/238
f 704/1/775 240/1/236 242/1/238
f 705/1/776 532/1/778 530/1/777
f 705/1/776 530/1/777 527/1/779
f 705/1/776 527/1/779 706/1/780
f 527/1/779 243/1/239 706/1/780
f 706/1/780 243/1/239 244/1/240
f 707/1/781 522/1/783 524/1/782
f 707/1/781 521/1/784 522/1/783
f 708/1/785 521/1/784 707/1/781
f 521/1/784 708/1/785 260/1/256
f 708/1/785 258/1/254 260/1/256
f 709/1/786 525/1/788 523/1/787
f 709/1/786 523/1/787 520/1/789
f 709/1/786 520/1/789 710/1/790
f 710/1/790 520/1/789 261/1/257
f 710/1/790 261/1/257 262/1/258
f 711/1/791 515/1/793 517/1/792
f 711/1/791 514/1/794 515/1/793
f 711/1/791 712/1/795 514/1/794
f 514/1/794 712/1/795 278/1/273
f 712/1/795 276/1/271 278/1/273
f 713/1/796 518/1/798 516/1/797
f 713/1/796 516/1/797 513/1/799
f 714/1/800 713/1/796 513/1/799
f 714/1/800 513/1/799 279/1/274
f 714/1/800 279/1/274 280/1/275
f 715/1/801 508/1/803 510/1/802
f 715/1/801 507/1/804 508/1/803
f 715/1/801 716/1/805 507/1/804
f 716/1/805 296/1/289 507/1/804
f 294/1/287 296/1/289 716/1/805
f 717/1/806 511/1/808 509/1/807
f 717/1/806 509/1/807 506/1/809
f 718/1/810 717/1/806 506/1/809
f 718/1/810 506/1/809 297/1/290
f 718/1/810 297/1/290 298/1/291
f 719/1/811 501/1/813 503/1/812
f 719/1/811 500/1/814 501/1/813
f 719/1/811 720/1/815 500/1/814
f 720/1/815 314/1/305 500/1/814
f 312/1/303 314/1/305 720/1/815
f 721/1/816 504/1/818 502/1/817
f 721/1/816 502/1/817 499/1/819
f 722/1/820 721/1/816 499/1/819
f 722/1/820 499/1/819 498/1/821
f 723/1/822 722/1/820 498/1/821
f 723/1/822 498/1/821 497/1/823
f 724/1/824 723/1/822 497/1/823
f 724/1/824 497/1/823 496/1/825
f 724/1/824 496/1/825 495/1/826
f 725/1/126 724/1/824 495/1/826
f 725/1/126 495/1/826 493/1/827
f 725/1/126 493/1/827 726/1/828
f 493/1/827 475/1/395 726/1/828
f 493/1/827 477/1/396 475/1/395
f 727/1/829 729/1/831 728/1/830
f 728/1/830 729/1/831 730/1/831
f 730/1/831 729/1/831 731/1/832
f 732/1/833 730/1/831 731/1/832
f 733/1/834 727/1/829 728/1/830
f 733/1/834 734/1/834 727/1/829
f 735/1/835 734/1/834 733/1/834
f 735/1/835 736/1/835 734/1/834
f 735/1/835 737/1/836 736/1/835
f 737/1/836 738/1/836 736/1/835
f 737/1/836 739/1/837 738/1/836
f 739/1/837 740/1/837 738/1/836
f 741/1/838 743/1/839 742/1/839
f 744/1/840 743/1/839 741/1/838
f 744/1/840 741/1/838 740/1/837
f 739/1/837 744/1/840 740/1/837
f 745/1/841 747/1/843 746/1/842
f 745/1/841 748/1/841 747/1/843
f 742/1/839 748/1/841 745/1/841
f 743/1/839 748/1/841 742/1/839
f 732/1/833 731/1/832 749/1/844
f 732/1/833 749/1/844 750/1/844
f 750/1/844 749/1/844 746/1/842
f 747/1/843 750/1/844 746/1/842
f 751/1/845 753/1/846 752/1/846
f 754/1/845 751/1/845 752/1/846
f 755/1/847 751/1/845 754/1/845
f 756/1/847 755/1/847 754/1/845
f 757/1/848 755/1/847 756/1/847
f 758/1/849 757/1/848 756/1/847
f 759/1/850 757/1/848 758/1/849
f 759/1/850 758/1/849 760/1/850
f 761/1/851 759/1/850 760/1/850
f 761/1/851 760/1/850 762/1/851
f 763/1/852 761/1/851 762/1/851
f 763/1/852 762/1/851 764/1/852
f 765/1/853 763/1/852 764/1/852
f 765/1/853 764/1/852 766/1/853
f 767/1/854 765/1/853 766/1/853
f 767/1/854 766/1/853 768/1/854
f 769/1/855 767/1/854 768/1/854
f 769/1/855 768/1/854 770/1/855
f 752/1/846 753/1/846 771/1/856
f 753/1/846 772/1/856 771/1/856
f 772/1/856 773/1/857 771/1/856
f 772/1/856 774/1/857 773/1/857
f 774/1/857 775/1/858 773/1/857
f 774/1/857 776/1/858 775/1/858
f 776/1/858 777/1/859 775/1/858
f 778/1/859 777/1/859 776/1/858
f 778/1/859 779/1/860 777/1/859
f 778/1/859 780/1/860 779/1/860
f 780/1/860 781/1/861 779/1/860
f 780/1/860 782/1/861 781/1/861
f 782/1/861 783/1/862 781/1/861
f 782/1/861 784/1/862 783/1/862
f 784/1/862 785/1/863 783/1/862
f 784/1/862 786/1/863 785/1/863
f 786/1/863 787/1/864 785/1/863
f 788/1/864 787/1/864 786/1/863
f 788/1/864 789/1/865 787/1/864
f 788/1/864 790/1/865 789/1/865
f 790/1/865 791/1/866 789/1/865
f 790/1/865 792/1/866 791/1/866
f 793/1/867 791/1/866 792/1/866
f 793/1/867 792/1/866 794/1/867
f 795/1/868 793/1/867 794/1/867
f 795/1/868 794/1/867 796/1/868
f 797/1/869 795/1/868 796/1/868
f 797/1/869 796/1/868 798/1/869
f 799/1/870 797/1/869 798/1/869
f 799/1/870 798/1/869 800/1/870
f 801/1/871 799/1/870 800/1/870
f 801/1/871 800/1/870 802/1/871
f 803/1/872 801/1/871 802/1/871
f 804/1/872 803/1/872 802/1/871
f 805/1/873 803/1/872 804/1/872
f 806/1/873 805/1/873 804/1/872
f 807/1/874 805/1/873 806/1/873
f 808/1/874 807/1/874 806/1/873
f 809/1/875 807/1/874 808/1/874
f 810/1/875 809/1/875 808/1/874
f 811/1/876 809/1/875 810/1/875
f 812/1/876 811/1/876 810/1/875
f 812/1/876 813/1/877 811/1/876
f 814/1/877 813/1/877 812/1/876
f 814/1/877 815/1/878 813/1/877
f 814/1/877 816/1/878 815/1/878
f 816/1/878 817/1/879 815/1/878
f 818/1/879 817/1/879 816/1/878
f 818/1/879 819/1/880 817/1/879
f 820/1/880 819/1/880 818/1/879
f 820/1/880 821/1/881 819/1/880
f 820/1/880 822/1/881 821/1/881
f 822/1/881 823/1/882 821/1/881
f 822/1/881 824/1/882 823/1/882
f 824/1/882 825/1/883 823/1/882
f 826/1/883 825/1/883 824/1/882
f 826/1/883 827/1/884 825/1/883
f 826/1/883 828/1/884 827/1/884
f 828/1/884 829/1/885 827/1/884
f 828/1/884 830/1/885 829/1/885
f 830/1/885 770/1/855 829/1/885
f 830/1/885 769/1/855 770/1/855
f 734/1/886 736/1/886 738/1/886
f 727/1/886 734/1/886 738/1/886
f 727/1/886 738/1/886 729/1/886
f 729/1/886 738/1/886 740/1/886
f 729/1/886 740/1/886 731/1/886
f 731/1/886 740/1/886 749/1/886
f 749/1/886 740/1/886 746/1/886
f 740/1/886 745/1/886 746/1/886
f 740/1/886 742/1/886 745/1/886
f 740/1/886 741/1/886 742/1/886
f 831/1/886 833/1/886 832/1/886
f 833/1/886 835/1/886 834/1/886
f 833/1/886 834/1/886 832/1/886
f 834/1/886 837/1/886 836/1/886
f 832/1/886 834/1/886 836/1/886
f 832/1/886 836/1/886 838/1/886
f 2/1/2 3/1/3 316/1/887
f 3/1/3 393/1/888 316/1/887
f 3/1/3 80/1/80 393/1/888
f 80/1/80 391/1/889 393/1/888
f 80/1/80 78/1/78 391/1/889
f 78/1/78 389/1/890 391/1/889
f 78/1/78 76/1/76 389/1/890
f 76/1/76 387/1/891 389/1/890
f 76/1/76 74/1/74 387/1/891
f 74/1/74 385/1/892 387/1/891
f 74/1/74 72/1/72 385/1/892
f 72/1/72 383/1/893 385/1/892
f 72/1/72 70/1/70 383/1/893
f 70/1/70 381/1/894 383/1/893
f 70/1/70 68/1/68 381/1/894
f 68/1/68 379/1/895 381/1/894
f 68/1/68 66/1/66 379/1/895
f 66/1/66 377/1/896 379/1/895
f 66/1/66 64/1/64 377/1/896
f 377/1/896 64/1/64 375/1/897
f 64/1/64 62/1/62 375/1/897
f 375/1/897 62/1/62 373/1/898
f 62/1/62 60/1/60 373/1/898
f 373/1/898 60/1/60 371/1/899
f 60/1/60 58/1/58 371/1/899
f 371/1/899 58/1/58 369/1/900
f 58/1/58 56/1/56 369/1/900
f 369/1/900 56/1/56 367/1/901
f 56/1/56 54/1/54 367/1/901
f 367/1/901 54/1/54 365/1/902
f 54/1/54 52/1/52 365/1/902
f 365/1/902 52/1/52 363/1/903
f 52/1/52 50/1/50 363/1/903
f 363/1/903 50/1/50 361/1/904
f 50/1/50 48/1/48 361/1/904
f 361/1/904 48/1/48 359/1/905
f 48/1/48 46/1/46 359/1/905
f 359/1/905 46/1/46 357/1/906
f 357/1/906 46/1/46 44/1/44
f 355/1/907 357/1/906 44/1/44
f 355/1/907 44/1/44 42/1/42
f 353/1/908 355/1/907 42/1/42
f 353/1/908 42/1/42 40/1/40
f 351/1/909 353/1/908 40/1/40
f 351/1/909 40/1/40 38/1/38
f 349/1/910 351/1/909 38/1/38
f 349/1/910 38/1/38 36/1/36
f 347/1/911 349/1/910 36/1/36
f 347/1/911 36/1/36 34/1/34
f 345/1/912 347/1/911 34/1/34
f 345/1/912 34/1/34 32/1/32
f 343/1/913 345/1/912 32/1/32
f 343/1/913 32/1/32 30/1/30
f 341/1/914 343/1/913 30/1/30
f 341/1/914 30/1/30 28/1/28
f 339/1/915 341/1/914 28/1/28
f 339/1/915 28/1/28 26/1/26
f 337/1/916 339/1/915 26/1/26
f 24/1/24 337/1/916 26/1/26
f 335/1/917 337/1/916 24/1/24
f 22/1/22 335/1/917 24/1/24
f 333/1/918 335/1/917 22/1/22
f 20/1/20 333/1/918 22/1/22
f 331/1/919 333/1/918 20/1/20
f 18/1/18 331/1/919 20/1/20
f 329/1/920 331/1/919 18/1/18
f 16/1/16 329/1/920 18/1/18
f 327/1/921 329/1/920 16/1/16
f 14/1/14 327/1/921 16/1/16
f 325/1/922 327/1/921 14/1/14
f 12/1/12 325/1/922 14/1/14
f 323/1/923 325/1/922 12/1/12
f 10/1/10 323/1/923 12/1/12
f 321/1/924 323/1/923 10/1/10
f 8/1/8 321/1/924 10/1/10
f 319/1/925 321/1/924 8/1/8
f 6/1/6 319/1/925 8/1/8
f 6/1/6 317/1/926 319/1/925
f 2/1/2 317/1/926 6/1/6
f 2/1/2 316/1/887 317/1/926
f 397/1/927 395/1/928 4/1/4
f 395/1/928 79/1/79 4/1/4
f 395/1/928 474/1/929 79/1/79
f 474/1/929 77/1/77 79/1/79
f 474/1/929 472/1/930 77/1/77
f 472/1/930 75/1/75 77/1/77
f 472/1/930 470/1/931 75/1/75
f 470/1/931 73/1/73 75/1/75
f 470/1/931 468/1/932 73/1/73
f 468/1/932 71/1/71 73/1/73
f 468/1/932 466/1/933 71/1/71
f 466/1/933 69/1/69 71/1/71
f 466/1/933 464/1/934 69/1/69
f 464/1/934 67/1/67 69/1/69
f 464/1/934 462/1/935 67/1/67
f 462/1/935 65/1/65 67/1/67
f 462/1/935 460/1/936 65/1/65
f 460/1/936 63/1/63 65/1/65
f 460/1/936 458/1/937 63/1/63
f 63/1/63 458/1/937 61/1/61
f 458/1/937 456/1/938 61/1/61
f 61/1/61 456/1/938 59/1/59
f 456/1/938 454/1/939 59/1/59
f 59/1/59 454/1/939 57/1/57
f 454/1/939 452/1/940 57/1/57
f 57/1/57 452/1/940 55/1/55
f 452/1/940 450/1/941 55/1/55
f 55/1/55 450/1/941 53/1/53
f 450/1/941 448/1/942 53/1/53
f 53/1/53 448/1/942 51/1/51
f 448/1/942 446/1/943 51/1/51
f 51/1/51 446/1/943 49/1/49
f 446/1/943 444/1/944 49/1/49
f 49/1/49 444/1/944 47/1/47
f 444/1/944 442/1/945 47/1/47
f 47/1/47 442/1/945 45/1/45
f 442/1/945 440/1/946 45/1/45
f 45/1/45 440/1/946 43/1/43
f 43/1/43 440/1/946 437/1/947
f 41/1/41 43/1/43 437/1/947
f 41/1/41 437/1/947 435/1/948
f 39/1/39 41/1/41 435/1/948
f 39/1/39 435/1/948 433/1/949
f 37/1/37 39/1/39 433/1/949
f 37/1/37 433/1/949 431/1/950
f 35/1/35 37/1/37 431/1/950
f 35/1/35 431/1/950 429/1/951
f 33/1/33 35/1/35 429/1/951
f 33/1/33 429/1/951 428/1/952
f 31/1/31 33/1/33 428/1/952
f 31/1/31 428/1/952 426/1/953
f 29/1/29 31/1/31 426/1/953
f 29/1/29 426/1/953 424/1/954
f 27/1/27 29/1/29 424/1/954
f 27/1/27 424/1/954 422/1/955
f 25/1/25 27/1/27 422/1/955
f 25/1/25 422/1/955 420/1/956
f 23/1/23 25/1/25 420/1/956
f 418/1/957 23/1/23 420/1/956
f 21/1/21 23/1/23 418/1/957
f 416/1/958 21/1/21 418/1/957
f 19/1/19 21/1/21 416/1/958
f 414/1/959 19/1/19 416/1/958
f 17/1/17 19/1/19 414/1/959
f 412/1/960 17/1/17 414/1/959
f 15/1/15 17/1/17 412/1/960
f 410/1/961 15/1/15 412/1/960
f 13/1/13 15/1/15 410/1/961
f 408/1/962 13/1/13 410/1/961
f 11/1/11 13/1/13 408/1/962
f 406/1/963 11/1/11 408/1/962
f 9/1/9 11/1/11 406/1/963
f 404/1/964 9/1/9 406/1/963
f 7/1/7 9/1/9 404/1/964
f 402/1/965 7/1/7 404/1/964
f 5/1/5 7/1/7 402/1/965
f 400/1/966 5/1/5 402/1/965
f 400/1/966 1/1/1 5/1/5
f 397/1/927 1/1/1 400/1/966
f 397/1/927 4/1/4 1/1/1
f 839/1/967 762/1/969 760/1/968
f 840/1/970 839/1/967 760/1/968
f 840/1/970 760/1/968 758/1/971
f 840/1/970 758/1/971 841/1/972
f 841/1/972 758/1/971 756/1/973
f 841/1/972 756/1/973 842/1/974
f 842/1/974 756/1/973 754/1/975
f 842/1/974 754/1/975 843/1/976
f 843/1/976 754/1/975 752/1/977
f 843/1/976 752/1/977 844/1/978
f 844/1/978 752/1/977 771/1/979
f 844/1/978 771/1/979 845/1/980
f 845/1/980 771/1/979 773/1/981
f 845/1/980 773/1/981 846/1/982
f 846/1/982 773/1/981 775/1/983
f 846/1/982 775/1/983 847/1/984
f 847/1/984 775/1/983 777/1/985
f 847/1/984 777/1/985 848/1/986
f 848/1/986 777/1/985 779/1/987
f 848/1/986 779/1/987 849/1/988
f 849/1/988 779/1/987 781/1/989
f 849/1/988 781/1/989 850/1/990
f 850/1/990 781/1/989 783/1/991
f 850/1/990 783/1/991 851/1/992
f 783/1/991 785/1/993 851/1/992
f 851/1/992 785/1/993 852/1/994
f 785/1/993 787/1/995 852/1/994
f 852/1/994 787/1/995 853/1/996
f 787/1/995 789/1/997 853/1/996
f 853/1/996 789/1/997 854/1/998
f 789/1/997 791/1/999 854/1/998
f 854/1/998 791/1/999 855/1/1000
f 791/1/999 793/1/1001 855/1/1000
f 855/1/1000 793/1/1001 856/1/1002
f 793/1/1001 795/1/1003 856/1/1002
f 856/1/1002 795/1/1003 857/1/1004
f 795/1/1003 797/1/1005 857/1/1004
f 857/1/1004 797/1/1005 858/1/1006
f 797/1/1005 799/1/1007 858/1/1006
f 799/1/1007 859/1/1008 858/1/1006
f 799/1/1007 801/1/1009 859/1/1008
f 801/1/1009 860/1/1010 859/1/1008
f 803/1/1011 860/1/1010 801/1/1009
f 803/1/1011 861/1/1012 860/1/1010
f 805/1/1013 861/1/1012 803/1/1011
f 805/1/1013 862/1/1014 861/1/1012
f 807/1/1015 862/1/1014 805/1/1013
f 807/1/1015 863/1/1016 862/1/1014
f 809/1/1017 863/1/1016 807/1/1015
f 809/1/1017 864/1/1018 863/1/1016
f 811/1/1019 864/1/1018 809/1/1017
f 811/1/1019 865/1/1020 864/1/1018
f 813/1/1021 865/1/1020 811/1/1019
f 813/1/1021 866/1/1022 865/1/1020
f 815/1/1023 866/1/1022 813/1/1021
f 815/1/1023 867/1/1024 866/1/1022
f 817/1/1025 867/1/1024 815/1/1023
f 817/1/1025 868/1/1026 867/1/1024
f 819/1/1027 868/1/1026 817/1/1025
f 819/1/1027 869/1/1028 868/1/1026
f 821/1/1029 869/1/1028 819/1/1027
f 821/1/1029 870/1/1030 869/1/1028
f 823/1/1031 870/1/1030 821/1/1029
f 871/1/1032 870/1/1030 823/1/1031
f 825/1/1033 871/1/1032 823/1/1031
f 872/1/1034 871/1/1032 825/1/1033
f 827/1/1035 872/1/1034 825/1/1033
f 873/1/1036 872/1/1034 827/1/1035
f 829/1/1037 873/1/1036 827/1/1035
f 874/1/1038 873/1/1036 829/1/1037
f 770/1/1039 874/1/1038 829/1/1037
f 875/1/1040 874/1/1038 770/1/1039
f 768/1/1041 875/1/1040 770/1/1039
f 876/1/1042 875/1/1040 768/1/1041
f 766/1/1043 876/1/1042 768/1/1041
f 877/1/1044 876/1/1042 766/1/1043
f 764/1/1045 877/1/1044 766/1/1043
f 878/1/1046 877/1/1044 764/1/1045
f 878/1/1046 764/1/1045 762/1/969
f 839/1/967 878/1/1046 762/1/969
f 839/1/967 394/1/1047 878/1/1046
f 315/1/1048 394/1/1047 839/1/967
f 394/1/1047 392/1/1049 878/1/1046
f 878/1/1046 392/1/1049 877/1/1044
f 392/1/1049 390/1/1050 877/1/1044
f 877/1/1044 390/1/1050 876/1/1042
f 390/1/1050 388/1/1051 876/1/1042
f 876/1/1042 388/1/1051 875/1/1040
f 388/1/1051 386/1/1052 875/1/1040
f 875/1/1040 386/1/1052 874/1/1038
f 386/1/1052 384/1/1053 874/1/1038
f 874/1/1038 384/1/1053 873/1/1036
f 384/1/1053 382/1/1054 873/1/1036
f 873/1/1036 382/1/1054 872/1/1034
f 382/1/1054 380/1/1055 872/1/1034
f 872/1/1034 380/1/1055 871/1/1032
f 380/1/1055 378/1/1056 871/1/1032
f 871/1/1032 378/1/1056 870/1/1030
f 870/1/1030 378/1/1056 376/1/1057
f 870/1/1030 376/1/1057 869/1/1028
f 869/1/1028 376/1/1057 374/1/1058
f 869/1/1028 374/1/1058 868/1/1026
f 868/1/1026 374/1/1058 372/1/1059
f 868/1/1026 372/1/1059 867/1/1024
f 867/1/1024 372/1/1059 370/1/1060
f 867/1/1024 370/1/1060 866/1/1022
f 866/1/1022 370/1/1060 368/1/1061
f 866/1/1022 368/1/1061 865/1/1020
f 865/1/1020 368/1/1061 366/1/1062
f 865/1/1020 366/1/1062 864/1/1018
f 864/1/1018 366/1/1062 364/1/1063
f 864/1/1018 364/1/1063 863/1/1016
f 863/1/1016 364/1/1063 362/1/1064
f 863/1/1016 362/1/1064 862/1/1014
f 862/1/1014 362/1/1064 360/1/1065
f 862/1/1014 360/1/1065 861/1/1012
f 861/1/1012 360/1/1065 358/1/1066
f 861/1/1012 358/1/1066 860/1/1010
f 860/1/1010 358/1/1066 356/1/1067
f 859/1/1008 860/1/1010 356/1/1067
f 354/1/1068 859/1/1008 356/1/1067
f 858/1/1006 859/1/1008 354/1/1068
f 352/1/1069 858/1/1006 354/1/1068
f 857/1/1004 858/1/1006 352/1/1069
f 350/1/1070 857/1/1004 352/1/1069
f 856/1/1002 857/1/1004 350/1/1070
f 348/1/1071 856/1/1002 350/1/1070
f 855/1/1000 856/1/1002 348/1/1071
f 346/1/1072 855/1/1000 348/1/1071
f 854/1/998 855/1/1000 346/1/1072
f 344/1/1073 854/1/998 346/1/1072
f 853/1/996 854/1/998 344/1/1073
f 342/1/1074 853/1/996 344/1/1073
f 852/1/994 853/1/996 342/1/1074
f 340/1/1075 852/1/994 342/1/1074
f 851/1/992 852/1/994 340/1/1075
f 338/1/1076 851/1/992 340/1/1075
f 338/1/1076 850/1/990 851/1/992
f 336/1/1077 850/1/990 338/1/1076
f 336/1/1077 849/1/988 850/1/990
f 334/1/1078 849/1/988 336/1/1077
f 334/1/1078 848/1/986 849/1/988
f 332/1/1079 848/1/986 334/1/1078
f 332/1/1079 847/1/984 848/1/986
f 330/1/1080 847/1/984 332/1/1079
f 330/1/1080 846/1/982 847/1/984
f 328/1/1081 846/1/982 330/1/1080
f 328/1/1081 845/1/980 846/1/982
f 326/1/1082 845/1/980 328/1/1081
f 326/1/1082 844/1/978 845/1/980
f 324/1/1083 844/1/978 326/1/1082
f 324/1/1083 843/1/976 844/1/978
f 322/1/1084 843/1/976 324/1/1083
f 322/1/1084 842/1/974 843/1/976
f 320/1/1085 842/1/974 322/1/1084
f 320/1/1085 841/1/972 842/1/974
f 318/1/1086 841/1/972 320/1/1085
f 318/1/1086 840/1/970 841/1/972
f 318/1/1086 315/1/1048 840/1/970
f 315/1/1048 839/1/967 840/1/970
usemtl dbl_wheel_rf_002.001
f 879/1/1087 881/1/1089 880/1/1088
f 880/1/1088 881/1/1089 882/1/1090
f 882/1/1090 881/1/1089 883/1/1091
f 882/1/1090 883/1/1091 884/1/1092
f 884/1/1092 883/1/1091 885/1/1093
f 885/1/1093 883/1/1091 886/1/1094
f 885/1/1093 886/1/1094 887/1/1095
f 887/1/1095 886/1/1094 888/1/1096
f 888/1/1096 886/1/1094 889/1/1097
f 888/1/1096 889/1/1097 890/1/1098
f 890/1/1098 889/1/1097 891/1/1099
f 891/1/1099 889/1/1097 892/1/1100
f 891/1/1099 892/1/1100 893/1/1101
f 893/1/1101 892/1/1100 894/1/1102
f 892/1/1100 895/1/1103 894/1/1102
f 894/1/1102 895/1/1103 896/1/1104
f 895/1/1103 897/1/1105 896/1/1104
f 895/1/1103 898/1/1106 897/1/1105
f 897/1/1105 898/1/1106 899/1/1107
f 898/1/1106 900/1/1108 899/1/1107
f 898/1/1106 901/1/1109 900/1/1108
f 901/1/1109 902/1/1110 900/1/1108
f 901/1/1109 903/1/1111 902/1/1110
f 901/1/1109 904/1/1112 903/1/1111
f 904/1/1112 905/1/1113 903/1/1111
f 904/1/1112 906/1/1114 905/1/1113
f 904/1/1112 907/1/1115 906/1/1114
f 907/1/1115 908/1/1116 906/1/1114
f 907/1/1115 909/1/1117 908/1/1116
f 910/1/1118 909/1/1117 907/1/1115
f 910/1/1118 911/1/1119 909/1/1117
f 910/1/1118 912/1/1120 911/1/1119
f 913/1/1121 912/1/1120 910/1/1118
f 913/1/1121 914/1/1122 912/1/1120
f 913/1/1121 915/1/1123 914/1/1122
f 916/1/1124 915/1/1123 913/1/1121
f 916/1/1124 917/1/1125 915/1/1123
f 916/1/1124 918/1/1126 917/1/1125
f 919/1/1127 918/1/1126 916/1/1124
f 919/1/1127 920/1/1128 918/1/1126
f 919/1/1127 921/1/1129 920/1/1128
f 922/1/1130 921/1/1129 919/1/1127
f 922/1/1130 923/1/1131 921/1/1129
f 924/1/1132 923/1/1131 922/1/1130
f 925/1/1133 924/1/1132 922/1/1130
f 926/1/1134 924/1/1132 925/1/1133
f 927/1/1135 926/1/1134 925/1/1133
f 928/1/1136 927/1/1135 925/1/1133
f 929/1/1137 927/1/1135 928/1/1136
f 930/1/1138 929/1/1137 928/1/1136
f 930/1/1138 928/1/1136 931/1/1139
f 932/1/1140 930/1/1138 931/1/1139
f 933/1/1141 932/1/1140 931/1/1139
f 933/1/1141 931/1/1139 934/1/1142
f 935/1/1143 933/1/1141 934/1/1142
f 936/1/1144 935/1/1143 934/1/1142
f 936/1/1144 934/1/1142 937/1/1145
f 938/1/1146 936/1/1144 937/1/1145
f 938/1/1146 937/1/1145 879/1/1087
f 879/1/1087 937/1/1145 881/1/1089
f 939/1/1147 880/1/1088 940/1/1148
f 941/1/1149 880/1/1088 939/1/1147
f 941/1/1149 879/1/1087 880/1/1088
f 941/1/1149 938/1/1146 879/1/1087
f 942/1/1150 938/1/1146 941/1/1149
f 942/1/1150 936/1/1144 938/1/1146
f 942/1/1150 943/1/1151 936/1/1144
f 943/1/1151 935/1/1143 936/1/1144
f 943/1/1151 944/1/1152 935/1/1143
f 944/1/1152 933/1/1141 935/1/1143
f 944/1/1152 945/1/1153 933/1/1141
f 945/1/1153 932/1/1140 933/1/1141
f 945/1/1153 946/1/1154 932/1/1140
f 946/1/1154 930/1/1138 932/1/1140
f 946/1/1154 947/1/1155 930/1/1138
f 947/1/1155 929/1/1137 930/1/1138
f 947/1/1155 948/1/1156 929/1/1137
f 948/1/1156 927/1/1135 929/1/1137
f 948/1/1156 949/1/1157 927/1/1135
f 949/1/1157 926/1/1134 927/1/1135
f 949/1/1157 950/1/1158 926/1/1134
f 950/1/1158 924/1/1132 926/1/1134
f 950/1/1158 951/1/1159 924/1/1132
f 951/1/1159 923/1/1131 924/1/1132
f 951/1/1159 952/1/1160 923/1/1131
f 923/1/1131 952/1/1160 921/1/1129
f 952/1/1160 953/1/1161 921/1/1129
f 921/1/1129 953/1/1161 920/1/1128
f 953/1/1161 954/1/1162 920/1/1128
f 920/1/1128 954/1/1162 918/1/1126
f 954/1/1162 955/1/1163 918/1/1126
f 918/1/1126 955/1/1163 917/1/1125
f 955/1/1163 956/1/1164 917/1/1125
f 917/1/1125 956/1/1164 915/1/1123
f 956/1/1164 957/1/1165 915/1/1123
f 915/1/1123 957/1/1165 914/1/1122
f 957/1/1165 958/1/1166 914/1/1122
f 914/1/1122 958/1/1166 912/1/1120
f 958/1/1166 959/1/1167 912/1/1120
f 912/1/1120 959/1/1167 911/1/1119
f 959/1/1167 960/1/1168 911/1/1119
f 911/1/1119 960/1/1168 909/1/1117
f 909/1/1117 960/1/1168 961/1/1169
f 909/1/1117 961/1/1169 908/1/1116
f 908/1/1116 961/1/1169 962/1/1170
f 906/1/1114 908/1/1116 962/1/1170
f 906/1/1114 962/1/1170 963/1/1171
f 905/1/1113 906/1/1114 963/1/1171
f 905/1/1113 963/1/1171 964/1/1172
f 903/1/1111 905/1/1113 964/1/1172
f 903/1/1111 964/1/1172 965/1/1173
f 902/1/1110 903/1/1111 965/1/1173
f 902/1/1110 965/1/1173 966/1/1174
f 900/1/1108 902/1/1110 966/1/1174
f 900/1/1108 966/1/1174 967/1/1175
f 899/1/1107 900/1/1108 967/1/1175
f 899/1/1107 967/1/1175 968/1/1176
f 897/1/1105 899/1/1107 968/1/1176
f 897/1/1105 968/1/1176 969/1/1177
f 896/1/1104 897/1/1105 969/1/1177
f 896/1/1104 969/1/1177 970/1/1178
f 894/1/1102 896/1/1104 970/1/1178
f 894/1/1102 970/1/1178 971/1/1179
f 893/1/1101 894/1/1102 971/1/1179
f 893/1/1101 971/1/1179 972/1/1180
f 891/1/1099 893/1/1101 972/1/1180
f 973/1/1181 891/1/1099 972/1/1180
f 890/1/1098 891/1/1099 973/1/1181
f 974/1/1182 890/1/1098 973/1/1181
f 888/1/1096 890/1/1098 974/1/1182
f 975/1/1183 888/1/1096 974/1/1182
f 887/1/1095 888/1/1096 975/1/1183
f 976/1/1184 887/1/1095 975/1/1183
f 885/1/1093 887/1/1095 976/1/1184
f 977/1/1185 885/1/1093 976/1/1184
f 884/1/1092 885/1/1093 977/1/1185
f 978/1/1186 884/1/1092 977/1/1185
f 882/1/1090 884/1/1092 978/1/1186
f 940/1/1148 882/1/1090 978/1/1186
f 880/1/1088 882/1/1090 940/1/1148
f 979/1/1187 981/1/1189 980/1/1188
f 981/1/1189 982/1/1190 980/1/1188
f 980/1/1188 982/1/1190 983/1/1191
f 982/1/1190 984/1/1192 983/1/1191
f 984/1/1192 985/1/1193 983/1/1191
f 984/1/1192 986/1/1194 985/1/1193
f 986/1/1194 987/1/1195 985/1/1193
f 986/1/1194 988/1/1196 987/1/1195
f 988/1/1196 989/1/1197 987/1/1195
f 988/1/1196 990/1/1198 989/1/1197
f 990/1/1198 991/1/1199 989/1/1197
f 990/1/1198 992/1/1200 991/1/1199
f 991/1/1199 992/1/1200 993/1/1201
f 992/1/1200 994/1/1202 993/1/1201
f 993/1/1201 994/1/1202 995/1/1203
f 994/1/1202 996/1/1204 995/1/1203
f 997/1/1205 995/1/1203 996/1/1204
f 997/1/1205 996/1/1204 998/1/1206
f 999/1/1207 997/1/1205 998/1/1206
f 999/1/1207 998/1/1206 1000/1/1208
f 1001/1/1209 999/1/1207 1000/1/1208
f 1001/1/1209 1000/1/1208 1002/1/1210
f 1003/1/1211 1001/1/1209 1002/1/1210
f 1003/1/1211 1002/1/1210 1004/1/1212
f 1005/1/1213 1003/1/1211 1004/1/1212
f 1005/1/1213 1004/1/1212 1006/1/1214
f 1007/1/1215 1005/1/1213 1006/1/1214
f 1007/1/1215 1006/1/1214 1008/1/1216
f 1009/1/1217 1007/1/1215 1008/1/1216
f 1009/1/1217 1008/1/1216 1010/1/1218
f 1011/1/1219 1009/1/1217 1010/1/1218
f 1011/1/1219 1010/1/1218 1012/1/1220
f 1013/1/1221 1011/1/1219 1012/1/1220
f 1013/1/1221 1012/1/1220 1014/1/1222
f 1015/1/1223 1013/1/1221 1014/1/1222
f 1016/1/1224 1015/1/1223 1014/1/1222
f 1017/1/1225 1015/1/1223 1016/1/1224
f 1018/1/1226 1017/1/1225 1016/1/1224
f 1019/1/1227 1017/1/1225 1018/1/1226
f 1020/1/1228 1019/1/1227 1018/1/1226
f 1021/1/1229 1019/1/1227 1020/1/1228
f 1022/1/1230 1021/1/1229 1020/1/1228
f 1023/1/1231 1021/1/1229 1022/1/1230
f 1024/1/1232 1023/1/1231 1022/1/1230
f 1025/1/1233 1023/1/1231 1024/1/1232
f 1025/1/1233 1024/1/1232 1026/1/1234
f 1027/1/1235 1025/1/1233 1026/1/1234
f 1027/1/1235 1026/1/1234 1028/1/1236
f 1029/1/1237 1027/1/1235 1028/1/1236
f 1029/1/1237 1028/1/1236 1030/1/1238
f 1031/1/1239 1029/1/1237 1030/1/1238
f 1031/1/1239 1030/1/1238 1032/1/1240
f 1033/1/1241 1031/1/1239 1032/1/1240
f 1034/1/1242 1033/1/1241 1032/1/1240
f 1033/1/1241 1034/1/1242 1035/1/1243
f 1036/1/1244 1035/1/1243 1034/1/1242
f 1035/1/1243 1036/1/1244 1037/1/1245
f 1037/1/1245 1036/1/1244 1038/1/1246
f 1037/1/1245 1038/1/1246 1039/1/1247
f 1039/1/1247 1038/1/1246 1040/1/1248
f 1039/1/1247 1040/1/1248 1041/1/1249
f 1041/1/1249 1040/1/1248 1042/1/1250
f 1041/1/1249 1042/1/1250 1043/1/1251
f 1043/1/1251 1042/1/1250 1044/1/1252
f 1043/1/1251 1044/1/1252 1045/1/1253
f 1045/1/1253 1044/1/1252 1046/1/1254
f 1045/1/1253 1046/1/1254 1047/1/1255
f 1047/1/1255 1046/1/1254 1048/1/1256
f 1047/1/1255 1048/1/1256 1049/1/1257
f 1049/1/1257 1048/1/1256 1050/1/1258
f 1049/1/1257 1050/1/1258 1051/1/1259
f 1051/1/1259 1050/1/1258 1052/1/1260
f 1053/1/1261 1051/1/1259 1052/1/1260
f 1053/1/1261 1052/1/1260 1054/1/1262
f 1055/1/1263 1053/1/1261 1054/1/1262
f 1055/1/1263 1054/1/1262 1056/1/1264
f 1057/1/1265 1055/1/1263 1056/1/1264
f 1057/1/1265 1056/1/1264 1058/1/1266
f 1057/1/1265 1058/1/1266 979/1/1187
f 1058/1/1266 981/1/1189 979/1/1187
f 981/1/1189 1058/1/1266 1059/1/1267
f 981/1/1189 1059/1/1267 1060/1/1268
f 982/1/1190 981/1/1189 1060/1/1268
f 982/1/1190 1060/1/1268 1061/1/1269
f 984/1/1192 982/1/1190 1061/1/1269
f 984/1/1192 1061/1/1269 1062/1/1270
f 984/1/1192 1062/1/1270 986/1/1194
f 986/1/1194 1062/1/1270 1063/1/1271
f 986/1/1194 1063/1/1271 988/1/1196
f 988/1/1196 1063/1/1271 1064/1/1272
f 988/1/1196 1064/1/1272 990/1/1198
f 1064/1/1272 1065/1/1273 990/1/1198
f 990/1/1198 1065/1/1273 992/1/1200
f 1065/1/1273 1066/1/1274 992/1/1200
f 992/1/1200 1066/1/1274 994/1/1202
f 1066/1/1274 1067/1/1275 994/1/1202
f 994/1/1202 1067/1/1275 996/1/1204
f 1067/1/1275 1068/1/1276 996/1/1204
f 996/1/1204 1068/1/1276 998/1/1206
f 1068/1/1276 1069/1/1277 998/1/1206
f 998/1/1206 1069/1/1277 1000/1/1208
f 1069/1/1277 1070/1/1278 1000/1/1208
f 1000/1/1208 1070/1/1278 1002/1/1210
f 1070/1/1278 1071/1/1279 1002/1/1210
f 1002/1/1210 1071/1/1279 1004/1/1212
f 1071/1/1279 1072/1/1280 1004/1/1212
f 1072/1/1280 1006/1/1214 1004/1/1212
f 1072/1/1280 1073/1/1281 1006/1/1214
f 1073/1/1281 1008/1/1216 1006/1/1214
f 1073/1/1281 1074/1/1282 1008/1/1216
f 1074/1/1282 1010/1/1218 1008/1/1216
f 1074/1/1282 1075/1/1283 1010/1/1218
f 1075/1/1283 1012/1/1220 1010/1/1218
f 1075/1/1283 1076/1/1284 1012/1/1220
f 1076/1/1284 1014/1/1222 1012/1/1220
f 1076/1/1284 1077/1/1285 1014/1/1222
f 1077/1/1285 1016/1/1224 1014/1/1222
f 1077/1/1285 1078/1/1286 1016/1/1224
f 1078/1/1286 1018/1/1226 1016/1/1224
f 1078/1/1286 1079/1/1287 1018/1/1226
f 1079/1/1287 1020/1/1228 1018/1/1226
f 1079/1/1287 1080/1/1288 1020/1/1228
f 1080/1/1288 1022/1/1230 1020/1/1228
f 1080/1/1288 1081/1/1289 1022/1/1230
f 1081/1/1289 1024/1/1232 1022/1/1230
f 1081/1/1289 1082/1/1290 1024/1/1232
f 1082/1/1290 1026/1/1234 1024/1/1232
f 1083/1/1291 1026/1/1234 1082/1/1290
f 1083/1/1291 1028/1/1236 1026/1/1234
f 1084/1/1292 1028/1/1236 1083/1/1291
f 1030/1/1238 1028/1/1236 1084/1/1292
f 1085/1/1293 1030/1/1238 1084/1/1292
f 1032/1/1240 1030/1/1238 1085/1/1293
f 1086/1/1294 1032/1/1240 1085/1/1293
f 1034/1/1242 1032/1/1240 1086/1/1294
f 1087/1/1295 1034/1/1242 1086/1/1294
f 1036/1/1244 1034/1/1242 1087/1/1295
f 1088/1/1296 1036/1/1244 1087/1/1295
f 1038/1/1246 1036/1/1244 1088/1/1296
f 1089/1/1297 1038/1/1246 1088/1/1296
f 1040/1/1248 1038/1/1246 1089/1/1297
f 1090/1/1298 1040/1/1248 1089/1/1297
f 1042/1/1250 1040/1/1248 1090/1/1298
f 1091/1/1299 1042/1/1250 1090/1/1298
f 1044/1/1252 1042/1/1250 1091/1/1299
f 1044/1/1252 1091/1/1299 1092/1/1300
f 1046/1/1254 1044/1/1252 1092/1/1300
f 1046/1/1254 1092/1/1300 1093/1/1301
f 1048/1/1256 1046/1/1254 1093/1/1301
f 1048/1/1256 1093/1/1301 1094/1/1302
f 1050/1/1258 1048/1/1256 1094/1/1302
f 1050/1/1258 1094/1/1302 1095/1/1303
f 1052/1/1260 1050/1/1258 1095/1/1303
f 1052/1/1260 1095/1/1303 1096/1/1304
f 1054/1/1262 1052/1/1260 1096/1/1304
f 1054/1/1262 1096/1/1304 1097/1/1305
f 1056/1/1264 1054/1/1262 1097/1/1305
f 1056/1/1264 1097/1/1305 1098/1/1306
f 1058/1/1266 1056/1/1264 1098/1/1306
f 1058/1/1266 1098/1/1306 1059/1/1267
f 1059/1/1267 1098/1/1306 1099/1/1307
f 1059/1/1267 1099/1/1307 1100/1/1308
f 1060/1/1268 1059/1/1267 1100/1/1308
f 1060/1/1268 1100/1/1308 1101/1/1309
f 1061/1/1269 1060/1/1268 1101/1/1309
f 1061/1/1269 1101/1/1309 1102/1/1310
f 1062/1/1270 1061/1/1269 1102/1/1310
f 1062/1/1270 1102/1/1310 1103/1/1311
f 1062/1/1270 1103/1/1311 1063/1/1271
f 1063/1/1271 1103/1/1311 1104/1/1312
f 1063/1/1271 1104/1/1312 1064/1/1272
f 1064/1/1272 1104/1/1312 1105/1/1313
f 1064/1/1272 1105/1/1313 1065/1/1273
f 1065/1/1273 1105/1/1313 1106/1/1314
f 1065/1/1273 1106/1/1314 1066/1/1274
f 1066/1/1274 1106/1/1314 1107/1/1315
f 1066/1/1274 1107/1/1315 1067/1/1275
f 1107/1/1315 1108/1/1316 1067/1/1275
f 1067/1/1275 1108/1/1316 1068/1/1276
f 1108/1/1316 1109/1/1317 1068/1/1276
f 1068/1/1276 1109/1/1317 1069/1/1277
f 1109/1/1317 1110/1/1318 1069/1/1277
f 1069/1/1277 1110/1/1318 1070/1/1278
f 1110/1/1318 1111/1/1319 1070/1/1278
f 1070/1/1278 1111/1/1319 1071/1/1279
f 1111/1/1319 1112/1/1320 1071/1/1279
f 1071/1/1279 1112/1/1320 1072/1/1280
f 1112/1/1320 1113/1/1321 1072/1/1280
f 1113/1/1321 1073/1/1281 1072/1/1280
f 1113/1/1321 1114/1/1322 1073/1/1281
f 1114/1/1322 1074/1/1282 1073/1/1281
f 1114/1/1322 1115/1/1323 1074/1/1282
f 1115/1/1323 1075/1/1283 1074/1/1282
f 1115/1/1323 1116/1/1324 1075/1/1283
f 1116/1/1324 1076/1/1284 1075/1/1283
f 1116/1/1324 1117/1/1325 1076/1/1284
f 1117/1/1325 1077/1/1285 1076/1/1284
f 1117/1/1325 1118/1/1326 1077/1/1285
f 1118/1/1326 1078/1/1286 1077/1/1285
f 1118/1/1326 1119/1/1327 1078/1/1286
f 1119/1/1327 1079/1/1287 1078/1/1286
f 1119/1/1327 1120/1/1328 1079/1/1287
f 1120/1/1328 1080/1/1288 1079/1/1287
f 1120/1/1328 1121/1/1329 1080/1/1288
f 1121/1/1329 1081/1/1289 1080/1/1288
f 1121/1/1329 1122/1/1330 1081/1/1289
f 1122/1/1330 1082/1/1290 1081/1/1289
f 1122/1/1330 1123/1/1331 1082/1/1290
f 1123/1/1331 1083/1/1291 1082/1/1290
f 1124/1/1332 1083/1/1291 1123/1/1331
f 1124/1/1332 1084/1/1292 1083/1/1291
f 1125/1/1333 1084/1/1292 1124/1/1332
f 1125/1/1333 1085/1/1293 1084/1/1292
f 1126/1/1334 1085/1/1293 1125/1/1333
f 1126/1/1334 1086/1/1294 1085/1/1293
f 1127/1/1335 1086/1/1294 1126/1/1334
f 1087/1/1295 1086/1/1294 1127/1/1335
f 1128/1/1336 1087/1/1295 1127/1/1335
f 1088/1/1296 1087/1/1295 1128/1/1336
f 1129/1/1337 1088/1/1296 1128/1/1336
f 1089/1/1297 1088/1/1296 1129/1/1337
f 1130/1/1338 1089/1/1297 1129/1/1337
f 1090/1/1298 1089/1/1297 1130/1/1338
f 1131/1/1339 1090/1/1298 1130/1/1338
f 1091/1/1299 1090/1/1298 1131/1/1339
f 1132/1/1340 1091/1/1299 1131/1/1339
f 1092/1/1300 1091/1/1299 1132/1/1340
f 1092/1/1300 1132/1/1340 1133/1/1341
f 1093/1/1301 1092/1/1300 1133/1/1341
f 1093/1/1301 1133/1/1341 1134/1/1342
f 1094/1/1302 1093/1/1301 1134/1/1342
f 1094/1/1302 1134/1/1342 1135/1/1343
f 1095/1/1303 1094/1/1302 1135/1/1343
f 1095/1/1303 1135/1/1343 1136/1/1344
f 1096/1/1304 1095/1/1303 1136/1/1344
f 1096/1/1304 1136/1/1344 1137/1/1345
f 1097/1/1305 1096/1/1304 1137/1/1345
f 1097/1/1305 1137/1/1345 1138/1/1346
f 1098/1/1306 1097/1/1305 1138/1/1346
f 1098/1/1306 1138/1/1346 1099/1/1307
f 1099/1/1307 1138/1/1346 1139/1/1347
f 1099/1/1307 1139/1/1347 1140/1/1348
f 1138/1/1346 1141/1/1349 1139/1/1347
f 1138/1/1346 1137/1/1345 1141/1/1349
f 1137/1/1345 1142/1/1350 1141/1/1349
f 1137/1/1345 1136/1/1344 1142/1/1350
f 1136/1/1344 1143/1/1351 1142/1/1350
f 1136/1/1344 1135/1/1343 1143/1/1351
f 1135/1/1343 1144/1/1352 1143/1/1351
f 1135/1/1343 1134/1/1342 1144/1/1352
f 1134/1/1342 1145/1/1353 1144/1/1352
f 1134/1/1342 1133/1/1341 1145/1/1353
f 1133/1/1341 1146/1/1354 1145/1/1353
f 1133/1/1341 1132/1/1340 1146/1/1354
f 1146/1/1354 1132/1/1340 1147/1/1355
f 1132/1/1340 1131/1/1339 1147/1/1355
f 1147/1/1355 1131/1/1339 1148/1/1356
f 1131/1/1339 1130/1/1338 1148/1/1356
f 1148/1/1356 1130/1/1338 1149/1/1357
f 1130/1/1338 1129/1/1337 1149/1/1357
f 1149/1/1357 1129/1/1337 1150/1/1358
f 1129/1/1337 1128/1/1336 1150/1/1358
f 1150/1/1358 1128/1/1336 1151/1/1359
f 1128/1/1336 1127/1/1335 1151/1/1359
f 1151/1/1359 1127/1/1335 1152/1/1360
f 1152/1/1360 1127/1/1335 1126/1/1334
f 1152/1/1360 1126/1/1334 1153/1/1361
f 1153/1/1361 1126/1/1334 1125/1/1333
f 1153/1/1361 1125/1/1333 1154/1/1362
f 1154/1/1362 1125/1/1333 1124/1/1332
f 1154/1/1362 1124/1/1332 1155/1/1363
f 1155/1/1363 1124/1/1332 1123/1/1331
f 1156/1/1364 1155/1/1363 1123/1/1331
f 1156/1/1364 1123/1/1331 1122/1/1330
f 1157/1/1365 1156/1/1364 1122/1/1330
f 1157/1/1365 1122/1/1330 1121/1/1329
f 1158/1/1366 1157/1/1365 1121/1/1329
f 1158/1/1366 1121/1/1329 1120/1/1328
f 1159/1/1367 1158/1/1366 1120/1/1328
f 1159/1/1367 1120/1/1328 1119/1/1327
f 1160/1/1368 1159/1/1367 1119/1/1327
f 1160/1/1368 1119/1/1327 1118/1/1326
f 1161/1/1369 1160/1/1368 1118/1/1326
f 1161/1/1369 1118/1/1326 1117/1/1325
f 1162/1/1370 1161/1/1369 1117/1/1325
f 1162/1/1370 1117/1/1325 1116/1/1324
f 1163/1/1371 1162/1/1370 1116/1/1324
f 1163/1/1371 1116/1/1324 1115/1/1323
f 1164/1/1372 1163/1/1371 1115/1/1323
f 1164/1/1372 1115/1/1323 1114/1/1322
f 1165/1/1373 1164/1/1372 1114/1/1322
f 1165/1/1373 1114/1/1322 1113/1/1321
f 1166/1/1374 1165/1/1373 1113/1/1321
f 1112/1/1320 1166/1/1374 1113/1/1321
f 1167/1/1375 1166/1/1374 1112/1/1320
f 1111/1/1319 1167/1/1375 1112/1/1320
f 1168/1/1376 1167/1/1375 1111/1/1319
f 1110/1/1318 1168/1/1376 1111/1/1319
f 1169/1/1377 1168/1/1376 1110/1/1318
f 1109/1/1317 1169/1/1377 1110/1/1318
f 1170/1/1378 1169/1/1377 1109/1/1317
f 1108/1/1316 1170/1/1378 1109/1/1317
f 1171/1/1379 1170/1/1378 1108/1/1316
f 1107/1/1315 1171/1/1379 1108/1/1316
f 1107/1/1315 1172/1/1380 1171/1/1379
f 1106/1/1314 1172/1/1380 1107/1/1315
f 1106/1/1314 1173/1/1381 1172/1/1380
f 1105/1/1313 1173/1/1381 1106/1/1314
f 1105/1/1313 1174/1/1382 1173/1/1381
f 1104/1/1312 1174/1/1382 1105/1/1313
f 1104/1/1312 1175/1/1383 1174/1/1382
f 1103/1/1311 1175/1/1383 1104/1/1312
f 1103/1/1311 1176/1/1384 1175/1/1383
f 1103/1/1311 1102/1/1310 1176/1/1384
f 1102/1/1310 1177/1/1385 1176/1/1384
f 1102/1/1310 1101/1/1309 1177/1/1385
f 1101/1/1309 1178/1/1386 1177/1/1385
f 1101/1/1309 1100/1/1308 1178/1/1386
f 1100/1/1308 1140/1/1348 1178/1/1386
f 1100/1/1308 1099/1/1307 1140/1/1348
f 979/1/1187 980/1/1188 941/1/1149
f 939/1/1147 979/1/1187 941/1/1149
f 1057/1/1265 979/1/1187 939/1/1147
f 940/1/1148 1057/1/1265 939/1/1147
f 1055/1/1263 1057/1/1265 940/1/1148
f 978/1/1186 1055/1/1263 940/1/1148
f 1053/1/1261 1055/1/1263 978/1/1186
f 977/1/1185 1053/1/1261 978/1/1186
f 977/1/1185 1051/1/1259 1053/1/1261
f 976/1/1184 1051/1/1259 977/1/1185
f 976/1/1184 1049/1/1257 1051/1/1259
f 975/1/1183 1049/1/1257 976/1/1184
f 975/1/1183 1047/1/1255 1049/1/1257
f 974/1/1182 1047/1/1255 975/1/1183
f 974/1/1182 1045/1/1253 1047/1/1255
f 973/1/1181 1045/1/1253 974/1/1182
f 973/1/1181 1043/1/1251 1045/1/1253
f 972/1/1180 1043/1/1251 973/1/1181
f 972/1/1180 1041/1/1249 1043/1/1251
f 971/1/1179 1041/1/1249 972/1/1180
f 971/1/1179 1039/1/1247 1041/1/1249
f 970/1/1178 1039/1/1247 971/1/1179
f 970/1/1178 1037/1/1245 1039/1/1247
f 969/1/1177 1037/1/1245 970/1/1178
f 969/1/1177 1035/1/1243 1037/1/1245
f 968/1/1176 1035/1/1243 969/1/1177
f 968/1/1176 1033/1/1241 1035/1/1243
f 967/1/1175 1033/1/1241 968/1/1176
f 967/1/1175 1031/1/1239 1033/1/1241
f 967/1/1175 966/1/1174 1031/1/1239
f 966/1/1174 1029/1/1237 1031/1/1239
f 966/1/1174 965/1/1173 1029/1/1237
f 965/1/1173 1027/1/1235 1029/1/1237
f 965/1/1173 964/1/1172 1027/1/1235
f 964/1/1172 1025/1/1233 1027/1/1235
f 964/1/1172 963/1/1171 1025/1/1233
f 963/1/1171 1023/1/1231 1025/1/1233
f 963/1/1171 962/1/1170 1023/1/1231
f 962/1/1170 1021/1/1229 1023/1/1231
f 962/1/1170 961/1/1169 1021/1/1229
f 961/1/1169 1019/1/1227 1021/1/1229
f 961/1/1169 960/1/1168 1019/1/1227
f 960/1/1168 1017/1/1225 1019/1/1227
f 960/1/1168 959/1/1167 1017/1/1225
f 959/1/1167 1015/1/1223 1017/1/1225
f 959/1/1167 958/1/1166 1015/1/1223
f 958/1/1166 1013/1/1221 1015/1/1223
f 958/1/1166 957/1/1165 1013/1/1221
f 957/1/1165 1011/1/1219 1013/1/1221
f 957/1/1165 956/1/1164 1011/1/1219
f 956/1/1164 1009/1/1217 1011/1/1219
f 956/1/1164 955/1/1163 1009/1/1217
f 955/1/1163 1007/1/1215 1009/1/1217
f 955/1/1163 954/1/1162 1007/1/1215
f 954/1/1162 1005/1/1213 1007/1/1215
f 954/1/1162 953/1/1161 1005/1/1213
f 953/1/1161 1003/1/1211 1005/1/1213
f 953/1/1161 952/1/1160 1003/1/1211
f 952/1/1160 1001/1/1209 1003/1/1211
f 952/1/1160 951/1/1159 1001/1/1209
f 951/1/1159 999/1/1207 1001/1/1209
f 951/1/1159 950/1/1158 999/1/1207
f 950/1/1158 997/1/1205 999/1/1207
f 950/1/1158 949/1/1157 997/1/1205
f 949/1/1157 995/1/1203 997/1/1205
f 949/1/1157 948/1/1156 995/1/1203
f 948/1/1156 993/1/1201 995/1/1203
f 948/1/1156 947/1/1155 993/1/1201
f 991/1/1199 993/1/1201 947/1/1155
f 946/1/1154 991/1/1199 947/1/1155
f 989/1/1197 991/1/1199 946/1/1154
f 945/1/1153 989/1/1197 946/1/1154
f 987/1/1195 989/1/1197 945/1/1153
f 944/1/1152 987/1/1195 945/1/1153
f 985/1/1193 987/1/1195 944/1/1152
f 943/1/1151 985/1/1193 944/1/1152
f 983/1/1191 985/1/1193 943/1/1151
f 942/1/1150 983/1/1191 943/1/1151
f 980/1/1188 983/1/1191 942/1/1150
f 941/1/1149 980/1/1188 942/1/1150
