# Blender 5.0.1
# www.blender.org
mtllib llanta_atras_izq.mtl
o wheel_rf_002
v 0.001257 0.255518 0.182077
v 0.001187 0.241118 0.182069
v 0.038885 0.237966 0.182069
v 0.041207 0.252177 0.182077
v -0.038724 0.252569 0.182077
v -0.036542 0.238335 0.182069
v -0.077752 0.243400 0.182077
v -0.073369 0.229683 0.182069
v -0.114865 0.228240 0.182077
v -0.108390 0.215377 0.182069
v -0.149149 0.207460 0.182077
v -0.140742 0.195769 0.182069
v -0.179761 0.181573 0.182077
v -0.169629 0.171341 0.182069
v -0.205946 0.151216 0.182077
v -0.194337 0.142695 0.182069
v -0.227060 0.117136 0.182077
v -0.214261 0.110536 0.182069
v -0.242582 0.080173 0.182077
v -0.228909 0.075656 0.182069
v -0.252132 0.041237 0.182077
v -0.237920 0.038915 0.182069
v -0.255473 0.001287 0.182077
v -0.241073 0.001216 0.182069
v -0.252523 -0.038695 0.182077
v -0.238289 -0.036512 0.182069
v -0.243354 -0.077722 0.182077
v -0.229637 -0.073339 0.182069
v -0.228194 -0.114835 0.182077
v -0.215332 -0.108361 0.182069
v -0.207414 -0.149119 0.182077
v -0.195723 -0.140712 0.182069
v -0.181527 -0.179731 0.182077
v -0.171295 -0.169599 0.182069
v -0.151170 -0.205916 0.182076
v -0.142649 -0.194307 0.182069
v -0.117090 -0.227030 0.182077
v -0.110490 -0.214232 0.182069
v -0.080127 -0.242553 0.182077
v -0.075611 -0.228879 0.182069
v -0.041191 -0.252102 0.182076
v -0.038869 -0.237890 0.182069
v -0.001241 -0.255443 0.182077
v -0.001171 -0.241043 0.182069
v 0.038741 -0.252493 0.182077
v 0.036558 -0.238259 0.182069
v 0.077768 -0.243325 0.182077
v 0.073385 -0.229607 0.182069
v 0.114881 -0.228164 0.182077
v 0.108406 -0.215302 0.182069
v 0.149165 -0.207385 0.182077
v 0.140758 -0.195693 0.182069
v 0.179777 -0.181497 0.182077
v 0.169645 -0.171265 0.182069
v 0.205962 -0.151141 0.182077
v 0.194353 -0.142620 0.182069
v 0.227076 -0.117060 0.182077
v 0.214277 -0.110461 0.182069
v 0.242598 -0.080098 0.182077
v 0.228925 -0.075581 0.182069
v 0.252148 -0.041162 0.182077
v 0.237936 -0.038839 0.182069
v 0.255488 -0.001211 0.182077
v 0.241089 -0.001141 0.182069
v 0.252539 0.038770 0.182077
v 0.238305 0.036587 0.182069
v 0.243370 0.077798 0.182077
v 0.229653 0.073415 0.182069
v 0.228210 0.114910 0.182077
v 0.215348 0.108436 0.182069
v 0.207431 0.149195 0.182077
v 0.195739 0.140787 0.182069
v 0.181543 0.179807 0.182077
v 0.171311 0.169675 0.182069
v 0.151186 0.205992 0.182077
v 0.142665 0.194383 0.182069
v 0.117106 0.227105 0.182077
v 0.110506 0.214307 0.182069
v 0.080144 0.242628 0.182077
v 0.075627 0.228954 0.182069
v -0.026031 0.150893 0.135418
v -0.025145 0.139854 0.169282
v -0.026977 0.161991 0.171343
v -0.019928 0.092844 0.127333
v -0.019928 0.092844 0.161075
v -0.019970 0.088740 0.160557
v -0.019970 0.088740 0.126693
v -0.022267 0.084369 0.160038
v -0.022267 0.084369 0.126054
v -0.035579 0.079650 0.160038
v -0.035579 0.079650 0.126021
v -0.040119 0.081593 0.126677
v -0.040119 0.081593 0.160557
v -0.042741 0.084752 0.127333
v -0.042741 0.084752 0.161075
v -0.074576 0.133642 0.135408
v -0.068307 0.124519 0.169281
v -0.080839 0.142862 0.171342
v -0.088862 0.124612 0.135418
v -0.083278 0.115050 0.169282
v -0.094527 0.134203 0.171343
v -0.058190 0.074953 0.127333
v -0.058190 0.074954 0.161075
v -0.056447 0.071236 0.160557
v -0.056447 0.071236 0.126694
v -0.056623 0.066301 0.160038
v -0.056623 0.066301 0.126054
v -0.066613 0.056217 0.160038
v -0.066613 0.056217 0.126021
v -0.071546 0.055990 0.126677
v -0.071546 0.055990 0.160557
v -0.075309 0.057665 0.127333
v -0.075309 0.057665 0.161075
v -0.125277 0.087797 0.135408
v -0.115663 0.082313 0.169281
v -0.134928 0.093373 0.171343
v -0.125019 0.067271 0.169282
v -0.143485 0.079619 0.171343
v -0.134210 0.073449 0.135418
v -0.084954 0.042119 0.127333
v -0.084954 0.042119 0.161075
v -0.081739 0.039558 0.160557
v -0.081739 0.039558 0.126694
v -0.079749 0.035039 0.160038
v -0.079749 0.035039 0.126054
v -0.084379 0.021683 0.160038
v -0.084379 0.021683 0.126021
v -0.088725 0.019340 0.126677
v -0.088725 0.019340 0.160557
v -0.092839 0.019227 0.127333
v -0.092839 0.019227 0.161075
v -0.150929 0.024719 0.135408
v -0.139887 0.023946 0.169281
v -0.162042 0.025558 0.171343
v -0.141795 0.006336 0.169282
v -0.163788 0.009454 0.171343
v -0.152756 0.007917 0.135418
v -0.094788 0.001037 0.127333
v -0.094788 0.001037 0.161075
v -0.090785 0.000114 0.160557
v -0.090785 0.000114 0.126694
v -0.087031 -0.003095 0.160038
v -0.087031 -0.003095 0.126054
v -0.085399 -0.017176 0.160038
v -0.085399 -0.017176 0.126021
v -0.088299 -0.021173 0.126677
v -0.088299 -0.021173 0.160557
v -0.091960 -0.023029 0.127333
v -0.091960 -0.023029 0.161075
v -0.146689 -0.043242 0.135408
v -0.136404 -0.039151 0.169281
v -0.157066 -0.047307 0.171343
v -0.130486 -0.055848 0.169282
v -0.151656 -0.062575 0.171343
v -0.141048 -0.059175 0.135418
v -0.085828 -0.040266 0.127333
v -0.085828 -0.040266 0.161075
v -0.081817 -0.039391 0.160557
v -0.081817 -0.039391 0.126694
v -0.077043 -0.040654 0.160038
v -0.077043 -0.040654 0.126054
v -0.069472 -0.052577 0.160038
v -0.069472 -0.052577 0.126021
v -0.070352 -0.057435 0.126677
v -0.070353 -0.057435 0.160557
v -0.072846 -0.060696 0.127333
v -0.072846 -0.060696 0.161075
v -0.113395 -0.102643 0.135408
v -0.105903 -0.094496 0.169281
v -0.120984 -0.110805 0.171342
v -0.093330 -0.106974 0.169282
v -0.109488 -0.122216 0.171343
v -0.101404 -0.114553 0.135418
v -0.059846 -0.073568 0.127333
v -0.059846 -0.073568 0.161075
v -0.056612 -0.071040 0.160557
v -0.056612 -0.071040 0.126694
v -0.051763 -0.070108 0.160038
v -0.051763 -0.070108 0.126054
v -0.039770 -0.077568 0.160038
v -0.039770 -0.077568 0.126021
v -0.038456 -0.082327 0.126677
v -0.038456 -0.082327 0.160557
v -0.039289 -0.086348 0.127333
v -0.039289 -0.086348 0.161075
v -0.057636 -0.141729 0.135408
v -0.054418 -0.131138 0.169281
v -0.060934 -0.152375 0.171342
v -0.041666 -0.147261 0.135418
v -0.037677 -0.136930 0.169282
v -0.045627 -0.157672 0.171343
v -0.021993 -0.092308 0.127333
v -0.021993 -0.092308 0.161075
v -0.020175 -0.088627 0.160557
v -0.020175 -0.088627 0.126693
v -0.016209 -0.085685 0.160038
v -0.016209 -0.085685 0.126054
v -0.002168 -0.087207 0.160038
v -0.002168 -0.087207 0.126021
v 0.001080 -0.090925 0.126677
v 0.001080 -0.090925 0.160557
v 0.002072 -0.094908 0.127333
v 0.002072 -0.094909 0.161075
v 0.009558 -0.152768 0.135408
v 0.007865 -0.141829 0.169281
v 0.011203 -0.163791 0.171342
v 0.026347 -0.150828 0.135418
v 0.025461 -0.139789 0.169282
v 0.027292 -0.161926 0.171344
v 0.020243 -0.092779 0.127333
v 0.020243 -0.092779 0.161075
v 0.020285 -0.088674 0.160557
v 0.020285 -0.088674 0.126693
v 0.022583 -0.084303 0.160038
v 0.022583 -0.084303 0.126054
v 0.035894 -0.079585 0.160038
v 0.035894 -0.079585 0.126021
v 0.040433 -0.081527 0.126677
v 0.040433 -0.081527 0.160557
v 0.043055 -0.084687 0.127333
v 0.043055 -0.084687 0.161076
v 0.074891 -0.133576 0.135408
v 0.068623 -0.124454 0.169281
v 0.081154 -0.142796 0.171342
v 0.089178 -0.124547 0.135418
v 0.083593 -0.114984 0.169282
v 0.094843 -0.134138 0.171344
v 0.058505 -0.074888 0.127333
v 0.058505 -0.074888 0.161076
v 0.056763 -0.071170 0.160557
v 0.056763 -0.071170 0.126693
v 0.056937 -0.066236 0.160038
v 0.056937 -0.066236 0.126054
v 0.066886 -0.056211 0.160038
v 0.066886 -0.056211 0.126021
v 0.071819 -0.055993 0.126677
v 0.071819 -0.055993 0.160557
v 0.075551 -0.057703 0.127333
v 0.075551 -0.057703 0.161076
v 0.125439 -0.087951 0.135408
v 0.115834 -0.082449 0.169281
v 0.135081 -0.093542 0.171342
v 0.143660 -0.079804 0.171344
v 0.134397 -0.073618 0.135418
v 0.125217 -0.067425 0.169282
v 0.085223 -0.042174 0.127333
v 0.085223 -0.042174 0.161076
v 0.082041 -0.039579 0.160557
v 0.082041 -0.039579 0.126693
v 0.080058 -0.035057 0.160038
v 0.080058 -0.035057 0.126054
v 0.084713 -0.021562 0.160038
v 0.084713 -0.021562 0.126021
v 0.089059 -0.019219 0.126677
v 0.089059 -0.019219 0.160557
v 0.093163 -0.019134 0.127333
v 0.093164 -0.019134 0.161076
v 0.151245 -0.024654 0.135408
v 0.140203 -0.023881 0.169281
v 0.162358 -0.025492 0.171342
v 0.164103 -0.009389 0.171344
v 0.153071 -0.007851 0.135418
v 0.142110 -0.006270 0.169282
v 0.095113 -0.000943 0.127333
v 0.095113 -0.000943 0.161076
v 0.091120 0.000007 0.160557
v 0.091120 0.000007 0.126693
v 0.087366 0.003216 0.160038
v 0.087366 0.003216 0.126054
v 0.085714 0.017242 0.160038
v 0.085714 0.017242 0.126021
v 0.088613 0.021238 0.126677
v 0.088613 0.021238 0.160557
v 0.092275 0.023095 0.127333
v 0.092275 0.023094 0.161076
v 0.147004 0.043308 0.135408
v 0.136719 0.039216 0.169281
v 0.157382 0.047372 0.171342
v 0.151971 0.062640 0.171344
v 0.141364 0.059240 0.135418
v 0.130801 0.055912 0.169282
v 0.086142 0.040331 0.127333
v 0.086142 0.040332 0.161076
v 0.082133 0.039456 0.160557
v 0.082133 0.039456 0.126693
v 0.077359 0.040720 0.160038
v 0.077359 0.040720 0.126054
v 0.069788 0.052642 0.160038
v 0.069787 0.052642 0.126021
v 0.070667 0.057501 0.126677
v 0.070667 0.057501 0.160557
v 0.073162 0.060761 0.127333
v 0.073162 0.060761 0.161076
v 0.113710 0.102708 0.135408
v 0.106217 0.094562 0.169281
v 0.121299 0.110871 0.171342
v 0.109802 0.122282 0.171344
v 0.101718 0.114619 0.135418
v 0.093645 0.107040 0.169282
v 0.060161 0.073633 0.127333
v 0.060161 0.073633 0.161076
v 0.056927 0.071106 0.160557
v 0.056927 0.071106 0.126693
v 0.052077 0.070174 0.160038
v 0.052077 0.070174 0.126054
v 0.040086 0.077633 0.160038
v 0.040086 0.077633 0.126021
v 0.038771 0.082393 0.126677
v 0.038771 0.082393 0.160557
v 0.039604 0.086413 0.127333
v 0.039604 0.086413 0.161076
v 0.057951 0.141795 0.135408
v 0.054732 0.131204 0.169281
v 0.061249 0.152441 0.171342
v 0.038592 0.236170 0.146103
v 0.038068 0.232962 0.184002
v 0.001162 0.236048 0.184002
v 0.001177 0.239298 0.146103
v -0.035773 0.233322 0.184002
v -0.036265 0.236536 0.146103
v -0.071825 0.224853 0.184002
v -0.072815 0.227950 0.146103
v -0.106111 0.210848 0.184002
v -0.107572 0.213752 0.146103
v -0.137782 0.191653 0.184002
v -0.139680 0.194291 0.146103
v -0.166060 0.167738 0.184002
v -0.168348 0.170048 0.146103
v -0.190250 0.139694 0.184002
v -0.192870 0.141618 0.146103
v -0.209755 0.108212 0.184002
v -0.212644 0.109702 0.146103
v -0.224094 0.074066 0.184002
v -0.227181 0.075086 0.146103
v -0.232916 0.038097 0.184002
v -0.236124 0.038621 0.146103
v -0.236002 0.001191 0.184002
v -0.239252 0.001207 0.146103
v -0.233277 -0.035743 0.184002
v -0.236490 -0.036235 0.146103
v -0.224808 -0.071797 0.184002
v -0.227904 -0.072785 0.146103
v -0.210802 -0.106081 0.184002
v -0.213706 -0.107542 0.146103
v -0.191607 -0.137752 0.184002
v -0.194245 -0.139650 0.146103
v -0.167693 -0.166031 0.184002
v -0.170002 -0.168318 0.146103
v -0.139649 -0.190220 0.184002
v -0.141572 -0.192841 0.146103
v -0.108166 -0.209725 0.184002
v -0.109656 -0.212614 0.146103
v -0.074020 -0.224065 0.184002
v -0.075040 -0.227151 0.146103
v -0.038051 -0.232886 0.184002
v -0.038576 -0.236094 0.146103
v -0.001145 -0.235973 0.184002
v -0.001161 -0.239222 0.146103
v 0.035789 -0.233248 0.184002
v 0.036281 -0.236460 0.146103
v 0.071842 -0.224778 0.184003
v 0.072831 -0.227874 0.146103
v 0.106127 -0.210772 0.184003
v 0.107588 -0.213676 0.146103
v 0.137797 -0.191577 0.184003
v 0.139695 -0.194216 0.146103
v 0.166076 -0.167663 0.184003
v 0.168363 -0.169972 0.146103
v 0.190266 -0.139619 0.184003
v 0.192886 -0.141542 0.146103
v 0.209771 -0.108136 0.184003
v 0.212660 -0.109626 0.146103
v 0.224110 -0.073990 0.184003
v 0.227197 -0.075010 0.146103
v 0.232932 -0.038022 0.184003
v 0.236140 -0.038546 0.146103
v 0.236018 -0.001116 0.184003
v 0.239268 -0.001132 0.146103
v 0.233293 0.035819 0.184003
v 0.236506 0.036311 0.146103
v 0.224824 0.071871 0.184003
v 0.227920 0.072861 0.146103
v 0.210818 0.106157 0.184003
v 0.213722 0.107617 0.146103
v 0.191623 0.137827 0.184003
v 0.194261 0.139725 0.146103
v 0.167709 0.166106 0.184003
v 0.170018 0.168393 0.146103
v 0.139665 0.190296 0.184003
v 0.141588 0.192916 0.146103
v 0.108182 0.209801 0.184003
v 0.109672 0.212689 0.146103
v 0.074036 0.224140 0.184003
v 0.075056 0.227227 0.146103
v 0.042023 0.257170 0.184017
v 0.001282 0.260710 0.146749
v 0.001281 0.260576 0.184017
v 0.042044 0.257301 0.146749
v -0.039511 0.257700 0.146749
v -0.039491 0.257568 0.184017
v -0.079332 0.248345 0.146749
v -0.079292 0.248218 0.184017
v -0.117200 0.232877 0.146749
v -0.117139 0.232758 0.184017
v -0.152180 0.211675 0.146749
v -0.152103 0.211567 0.184017
v -0.183414 0.185262 0.146749
v -0.183321 0.185167 0.184017
v -0.210131 0.154288 0.146749
v -0.210024 0.154209 0.184017
v -0.231674 0.119516 0.146749
v -0.231555 0.119455 0.184017
v -0.247513 0.081802 0.146749
v -0.247385 0.081760 0.184017
v -0.257256 0.042074 0.146747
v -0.257124 0.042053 0.184016
v -0.260664 0.001312 0.146747
v -0.260530 0.001311 0.184016
v -0.257654 -0.039482 0.146747
v -0.257523 -0.039461 0.184016
v -0.248300 -0.079302 0.146747
v -0.248173 -0.079262 0.184016
v -0.232831 -0.117170 0.146747
v -0.232712 -0.117109 0.184016
v -0.211629 -0.152151 0.146747
v -0.211521 -0.152073 0.184016
v -0.185216 -0.183384 0.146747
v -0.185121 -0.183291 0.184016
v -0.154163 -0.209994 0.184016
v -0.154242 -0.210101 0.146747
v -0.119409 -0.231526 0.184016
v -0.119470 -0.231644 0.146747
v -0.081714 -0.247355 0.184016
v -0.081757 -0.247483 0.146747
v -0.042007 -0.257094 0.184016
v -0.042028 -0.257226 0.146747
v -0.001265 -0.260501 0.184016
v -0.001266 -0.260635 0.146747
v 0.039527 -0.257625 0.146748
v 0.039507 -0.257493 0.184016
v 0.079348 -0.248270 0.146748
v 0.079308 -0.248143 0.184016
v 0.117216 -0.232801 0.146749
v 0.117155 -0.232682 0.184016
v 0.152196 -0.211600 0.146749
v 0.152119 -0.211491 0.184017
v 0.183430 -0.185187 0.146749
v 0.183337 -0.185092 0.184017
v 0.210147 -0.154212 0.146749
v 0.210040 -0.154134 0.184017
v 0.231690 -0.119440 0.146749
v 0.231571 -0.119379 0.184017
v 0.247529 -0.081727 0.146749
v 0.247401 -0.081684 0.184017
v 0.257272 -0.041999 0.146749
v 0.257140 -0.041977 0.184017
v 0.260680 -0.001237 0.146749
v 0.260547 -0.001236 0.184017
v 0.257670 0.039557 0.146749
v 0.257538 0.039537 0.184017
v 0.248316 0.079378 0.146749
v 0.248188 0.079337 0.184017
v 0.232847 0.117245 0.146749
v 0.232728 0.117185 0.184017
v 0.211645 0.152226 0.146749
v 0.211537 0.152149 0.184017
v 0.185232 0.183460 0.146749
v 0.185138 0.183366 0.184017
v 0.154258 0.210177 0.146749
v 0.154179 0.210070 0.184017
v 0.119486 0.231720 0.146749
v 0.119425 0.231601 0.184017
v 0.081772 0.247559 0.146749
v 0.081730 0.247431 0.184017
v 0.002483 0.087272 0.126021
v -0.000766 0.090991 0.126677
v 0.002483 0.087272 0.160038
v -0.000765 0.090991 0.160557
v -0.001758 0.094974 0.127333
v -0.001758 0.094974 0.161075
v -0.009242 0.152834 0.135408
v -0.007549 0.141895 0.169281
v -0.010887 0.163857 0.171342
v -0.021188 0.220763 0.140703
v -0.021162 0.220788 0.172079
v -0.008922 0.239732 0.147918
v -0.017735 0.228376 0.176404
v -0.008559 0.236607 0.181928
v -0.046063 0.232222 0.181928
v -0.035233 0.226329 0.176404
v -0.030145 0.219745 0.172079
v -0.026334 0.074445 0.158214
v 0.016524 0.085751 0.160038
v 0.008580 0.078570 0.158214
v 0.020489 0.088693 0.160557
v 0.022308 0.092373 0.161076
v 0.037992 0.136996 0.169282
v 0.045942 0.157737 0.171344
v 0.068133 0.211152 0.172079
v 0.076679 0.208196 0.172079
v 0.083058 0.213547 0.176404
v 0.066404 0.219290 0.176404
v 0.094895 0.216984 0.181929
v 0.059199 0.229297 0.181929
v 0.041813 0.067144 0.158214
v 0.152962 0.160789 0.172079
v 0.159381 0.154419 0.172078
v 0.167449 0.156475 0.176404
v 0.154933 0.168873 0.176404
v 0.179607 0.154439 0.181929
v 0.152781 0.181013 0.181929
v 0.066800 0.042433 0.158214
v 0.207559 0.078622 0.172078
v 0.210582 0.070098 0.172078
v 0.218743 0.068452 0.176404
v 0.212841 0.085050 0.176404
v 0.228814 0.061345 0.181929
v 0.216167 0.096924 0.181929
v 0.078596 0.009330 0.158214
v 0.221123 -0.019094 0.172078
v 0.220151 -0.028085 0.172078
v 0.226791 -0.033108 0.176404
v 0.228672 -0.015592 0.176405
v 0.232784 -0.043879 0.181929
v 0.236816 -0.006336 0.181929
v 0.074854 -0.025649 0.158214
v 0.190772 -0.113359 0.172078
v 0.185983 -0.121031 0.172078
v 0.189776 -0.128442 0.176404
v 0.199092 -0.113491 0.176404
v 0.190484 -0.140748 0.181929
v 0.210454 -0.108702 0.181929
v 0.056295 -0.055534 0.158214
v 0.122743 -0.184804 0.172077
v 0.115101 -0.189640 0.172079
v 0.115304 -0.197963 0.176404
v 0.130182 -0.188531 0.176404
v 0.110605 -0.209358 0.181929
v 0.142497 -0.189143 0.181929
v 0.026637 -0.074385 0.158214
v 0.030460 -0.219679 0.172079
v 0.021477 -0.220722 0.172079
v 0.018050 -0.228310 0.176404
v 0.035548 -0.226263 0.176404
v 0.008875 -0.236541 0.181928
v 0.046379 -0.232156 0.181929
v -0.008264 -0.078505 0.158214
v -0.067818 -0.211086 0.172079
v -0.076365 -0.208130 0.172079
v -0.082743 -0.213482 0.176404
v -0.066088 -0.219225 0.176404
v -0.094580 -0.216919 0.181928
v -0.058884 -0.229232 0.181928
v -0.041496 -0.067079 0.158214
v -0.152647 -0.160723 0.172079
v -0.159066 -0.154354 0.172079
v -0.167134 -0.156409 0.176404
v -0.154619 -0.168807 0.176404
v -0.179292 -0.154374 0.181928
v -0.152467 -0.180947 0.181928
v -0.066485 -0.042368 0.158214
v -0.207244 -0.078556 0.172079
v -0.210266 -0.070033 0.172079
v -0.218428 -0.068386 0.176404
v -0.212527 -0.084986 0.176404
v -0.228499 -0.061280 0.181928
v -0.215853 -0.096858 0.181928
v -0.078283 -0.009250 0.158214
v -0.220809 0.019160 0.172079
v -0.219835 0.028151 0.172079
v -0.226475 0.033173 0.176404
v -0.228356 0.015658 0.176404
v -0.232468 0.043945 0.181928
v -0.236501 0.006401 0.181928
v -0.074540 0.025711 0.158214
v -0.190655 0.113092 0.172079
v -0.185879 0.120771 0.172079
v -0.189684 0.128177 0.176404
v -0.198975 0.113209 0.176404
v -0.190414 0.140481 0.181928
v -0.210329 0.108401 0.181928
v -0.056001 0.055579 0.158214
v -0.122428 0.184870 0.172079
v -0.114785 0.189705 0.172079
v -0.114988 0.198028 0.176404
v -0.129868 0.188596 0.176404
v -0.110289 0.209424 0.181928
v -0.142182 0.189208 0.181928
v -0.042381 0.042108 0.145839
v -0.049340 0.032351 0.145839
v -0.031813 0.031677 0.104451
v -0.023944 0.037927 0.104451
v -0.031754 0.050205 0.145839
v -0.019913 0.056397 0.145839
v -0.014947 0.042405 0.104451
v -0.005098 0.044491 0.104451
v -0.004320 0.053178 0.128924
v -0.000503 0.047445 0.104451
v -0.003782 0.059182 0.145839
v 0.000019 0.059309 0.145839
v 0.004289 0.053436 0.128924
v 0.004967 0.044759 0.104451
v 0.013599 0.042769 0.104451
v 0.003821 0.059434 0.145839
v 0.018330 0.056497 0.145839
v 0.030832 0.051237 0.145839
v 0.022987 0.038647 0.104451
v 0.030749 0.032560 0.104451
v 0.041082 0.043021 0.145839
v 0.036255 0.026379 0.104451
v 0.044023 0.030365 0.128924
v 0.040821 0.023889 0.104451
v 0.049391 0.033120 0.145839
v 0.051349 0.029326 0.145839
v 0.048099 0.022679 0.128924
v 0.040564 0.018550 0.104451
v 0.053307 0.025531 0.145839
v 0.058078 0.011471 0.145839
v 0.043404 0.009745 0.104451
v 0.044306 -0.001713 0.104451
v 0.059074 -0.002567 0.145839
v 0.042940 -0.013019 0.104451
v 0.056997 -0.017831 0.145839
v 0.038910 -0.022421 0.104451
v 0.045851 -0.027496 0.128924
v 0.038668 -0.027532 0.104451
v 0.050648 -0.031005 0.145839
v 0.048717 -0.033685 0.145839
v 0.041401 -0.033604 0.128924
v 0.033610 -0.029610 0.104451
v 0.025158 -0.036902 0.104451
v 0.046786 -0.036365 0.145839
v 0.035191 -0.047217 0.145839
v 0.015232 -0.042350 0.104451
v 0.020227 -0.056333 0.145839
v 0.004623 -0.044522 0.104451
v 0.005632 -0.053067 0.128884
v 0.000270 -0.047685 0.104451
v 0.006332 -0.058997 0.145839
v 0.001171 -0.059187 0.145839
v -0.004050 -0.053205 0.128884
v -0.004138 -0.044312 0.104451
v -0.014984 -0.041995 0.104451
v -0.003989 -0.059377 0.145839
v -0.019760 -0.055899 0.145839
v -0.025455 -0.036476 0.104451
v -0.033272 -0.049006 0.145839
v -0.033016 -0.029610 0.104451
v -0.040667 -0.033897 0.128924
v -0.038026 -0.027345 0.104451
v -0.045956 -0.036860 0.145839
v -0.048337 -0.033879 0.145839
v -0.045737 -0.027474 0.128924
v -0.038532 -0.022519 0.104451
v -0.042319 -0.013355 0.104451
v -0.050717 -0.030899 0.145839
v -0.056188 -0.018284 0.145839
v -0.044314 -0.002597 0.104451
v -0.059011 -0.004355 0.145839
v -0.043490 0.008128 0.104451
v -0.057557 0.010973 0.145839
v -0.053123 0.025480 0.145839
v -0.051232 0.028916 0.145839
v -0.043873 0.029829 0.128924
v -0.035963 0.026181 0.104451
v -0.040043 0.023257 0.104451
v -0.047947 0.022467 0.128924
v -0.040458 0.018108 0.104451
v -0.046426 0.235347 0.145526
v -0.030131 0.219755 0.140745
v -0.111972 0.212082 0.147918
v -0.114799 0.189672 0.140703
v -0.143863 0.191867 0.145526
v -0.122419 0.184885 0.140745
v -0.193085 0.142143 0.147918
v -0.185876 0.120735 0.140703
v -0.213000 0.110063 0.145526
v -0.190654 0.113109 0.140745
v -0.235597 0.044283 0.147918
v -0.219817 0.028119 0.140703
v -0.239630 0.006740 0.145526
v -0.220815 0.019176 0.140745
v -0.231465 -0.062330 0.147918
v -0.210236 -0.070053 0.140703
v -0.218817 -0.097909 0.145526
v -0.207257 -0.078544 0.140745
v -0.181508 -0.156607 0.147918
v -0.159030 -0.154359 0.140703
v -0.154682 -0.183181 0.145526
v -0.152663 -0.160719 0.140745
v -0.095609 -0.219892 0.147918
v -0.076329 -0.208119 0.140703
v -0.059914 -0.232205 0.145526
v -0.067835 -0.211089 0.140745
v 0.009238 -0.239667 0.147918
v 0.021504 -0.220698 0.140703
v 0.046742 -0.235281 0.145526
v 0.030446 -0.219690 0.140746
v 0.112286 -0.212017 0.147918
v 0.115114 -0.189606 0.140703
v 0.144179 -0.191802 0.145526
v 0.122735 -0.184819 0.140746
v 0.193152 -0.142414 0.147918
v 0.185980 -0.120995 0.140703
v 0.213123 -0.110369 0.145526
v 0.190772 -0.113376 0.140746
v 0.235911 -0.044219 0.147918
v 0.220132 -0.028055 0.140703
v 0.239944 -0.006674 0.145526
v 0.221131 -0.019110 0.140746
v 0.231780 0.062396 0.147918
v 0.210551 0.070118 0.140703
v 0.219133 0.097975 0.145526
v 0.207573 0.078610 0.140746
v 0.181822 0.156672 0.147918
v 0.159346 0.154424 0.140703
v 0.154998 0.183246 0.145526
v 0.152979 0.160784 0.140746
v 0.095924 0.219958 0.147918
v 0.076645 0.208185 0.140703
v 0.060228 0.232271 0.145526
v 0.068150 0.211155 0.140746
v 0.041981 0.147327 0.135418
v 0.022308 0.092373 0.127333
v 0.020489 0.088693 0.126693
v 0.016524 0.085751 0.126054
v -0.001975 0.016196 0.130777
v -0.002592 0.020887 0.099732
v -0.009769 0.012965 0.130777
v -0.012651 0.016719 0.099732
v -0.014906 0.006268 0.130777
v -0.019277 0.008078 0.099732
v 0.008203 0.019469 0.099732
v 0.006393 0.015096 0.130777
v 0.016842 0.012841 0.099732
v 0.013089 0.009960 0.130777
v 0.021012 0.002783 0.099732
v 0.016321 0.002164 0.130777
v 0.019593 -0.008013 0.099732
v 0.015221 -0.006203 0.130777
v 0.010085 -0.012900 0.130777
v 0.002289 -0.016130 0.130777
v 0.002908 -0.020821 0.099732
v 0.012967 -0.016653 0.099732
v -0.006079 -0.015032 0.130777
v -0.012774 -0.009895 0.130777
v -0.016528 -0.012776 0.099732
v -0.007888 -0.019404 0.099732
v -0.016006 -0.002099 0.130777
v -0.020698 -0.002718 0.099732
v -0.107204 0.213020 -0.185846
v -0.126851 0.176451 0.140991
v -0.139202 0.193627 -0.185846
v -0.097692 0.194125 0.140990
v -0.072566 0.227170 -0.185846
v -0.066127 0.207019 0.140990
v -0.036142 0.235726 -0.185846
v -0.032934 0.214816 0.140990
v 0.001174 0.238479 -0.185846
v 0.001070 0.217325 0.140990
v 0.038460 0.235362 -0.185846
v 0.035049 0.214484 0.140991
v 0.074800 0.226449 -0.185846
v 0.068164 0.206362 0.140991
v 0.109297 0.211962 -0.185846
v 0.099600 0.193160 0.140991
v 0.141103 0.192256 -0.185846
v 0.128585 0.175203 0.140991
v 0.169437 0.167818 -0.185846
v 0.154405 0.152932 0.140991
v -0.152886 0.154435 0.140990
v -0.167772 0.169466 -0.185846
v -0.175157 0.128615 0.140990
v -0.192211 0.141133 -0.185846
v -0.193114 0.099630 0.140990
v -0.211916 0.109326 -0.185846
v -0.206316 0.068193 0.140990
v -0.226404 0.074829 -0.185846
v -0.214439 0.035078 0.140990
v -0.235316 0.038490 -0.185846
v -0.217280 0.001099 0.140990
v -0.238435 0.001204 -0.185846
v -0.214770 -0.032904 0.140990
v -0.235681 -0.036112 -0.185846
v -0.206973 -0.066097 0.140990
v -0.227124 -0.072537 -0.185846
v -0.194079 -0.097662 0.140991
v -0.212974 -0.107174 -0.185846
v -0.176406 -0.126821 0.140990
v -0.193581 -0.139172 -0.185846
v -0.154389 -0.152857 0.140990
v -0.169420 -0.167743 -0.185846
v -0.128569 -0.175127 0.140990
v -0.141087 -0.192181 -0.185846
v -0.099585 -0.193085 0.140991
v -0.109282 -0.211887 -0.185846
v -0.068148 -0.206286 0.140990
v -0.074783 -0.226374 -0.185846
v -0.035032 -0.214409 0.140990
v -0.038444 -0.235286 -0.185846
v -0.001054 -0.217250 0.140990
v -0.001158 -0.238405 -0.185846
v 0.032950 -0.214740 0.140991
v 0.036157 -0.235651 -0.185846
v 0.066143 -0.206943 0.140991
v 0.072581 -0.227095 -0.185846
v 0.097708 -0.194049 0.140991
v 0.107220 -0.212945 -0.185846
v 0.126867 -0.176375 0.140991
v 0.139218 -0.193552 -0.185846
v 0.152902 -0.154359 0.140991
v 0.167787 -0.169391 -0.185846
v 0.175173 -0.128540 0.140991
v 0.192227 -0.141058 -0.185846
v 0.193130 -0.099556 0.140991
v 0.211932 -0.109252 -0.185846
v 0.206332 -0.068118 0.140991
v 0.226420 -0.074754 -0.185846
v 0.214455 -0.035003 0.140991
v 0.235332 -0.038414 -0.185846
v 0.217296 -0.001025 0.140991
v 0.238450 -0.001128 -0.185846
v 0.214786 0.032980 0.140991
v 0.235697 0.036188 -0.185846
v 0.206989 0.066173 0.140991
v 0.227139 0.072612 -0.185846
v 0.194095 0.097737 0.140991
v 0.212990 0.107250 -0.185846
v 0.176421 0.126897 0.140991
v 0.193596 0.139248 -0.185846
v -0.048538 0.048741 0.104451
v -0.048518 0.000060 0.104451
v 0.000104 0.048668 0.104451
v 0.048795 -0.000034 0.104451
v 0.048746 0.048596 0.104451
v 0.000172 -0.048643 0.104451
v 0.048843 -0.048664 0.104451
v -0.048498 -0.048620 0.104451
v 0.037436 0.229095 0.141772
v 0.001143 0.232130 0.141772
v -0.035178 0.229450 0.141772
v -0.070634 0.221121 0.141772
v -0.104349 0.207349 0.141772
v -0.135494 0.188471 0.141772
v -0.163303 0.164954 0.141772
v -0.187092 0.137375 0.141772
v -0.206272 0.106416 0.141772
v -0.220375 0.072837 0.141772
v -0.229049 0.037466 0.141772
v -0.232085 0.001172 0.141772
v -0.229404 -0.035149 0.141772
v -0.221075 -0.070604 0.141772
v -0.207303 -0.104319 0.141772
v -0.188425 -0.135465 0.141772
v -0.164908 -0.163275 0.141772
v -0.137330 -0.187062 0.141772
v -0.106370 -0.206243 0.141772
v -0.072791 -0.220345 0.141772
v -0.037420 -0.229019 0.141772
v -0.001126 -0.232055 0.141772
v 0.035194 -0.229374 0.141772
v 0.070649 -0.221046 0.141772
v 0.104365 -0.207273 0.141772
v 0.135510 -0.188396 0.141772
v 0.163319 -0.164878 0.141772
v 0.187107 -0.137301 0.141772
v 0.206288 -0.106340 0.141772
v 0.220390 -0.072762 0.141772
v 0.229065 -0.037390 0.141772
v 0.232101 -0.001097 0.141772
v 0.229420 0.035224 0.141772
v 0.221092 0.070679 0.141772
v 0.207319 0.104395 0.141772
v 0.188442 0.135540 0.141772
v 0.164924 0.163349 0.141772
v 0.137346 0.187138 0.141772
v 0.106386 0.206318 0.141772
v 0.072808 0.220420 0.141772
v 0.050489 0.336685 -0.179822
v 0.102533 0.324667 -0.179822
v 0.102269 0.209618 -0.186993
v 0.152057 0.304655 -0.179822
v 0.161034 0.166867 -0.186993
v 0.197841 0.277144 -0.179822
v 0.238757 0.242808 -0.179822
v 0.205738 0.109535 -0.186993
v 0.273798 0.202495 -0.179822
v 0.302102 0.157196 -0.179822
v 0.228176 0.040341 -0.186993
v 0.322969 0.108027 -0.179822
v 0.335889 0.056199 -0.179822
v 0.230683 -0.032376 -0.186993
v 0.340543 0.002989 -0.179822
v 0.336814 -0.050295 -0.179822
v 0.208225 -0.101582 -0.186993
v 0.324797 -0.102339 -0.179822
v 0.304786 -0.151864 -0.179822
v 0.167578 -0.161907 -0.186993
v 0.277274 -0.197647 -0.179822
v 0.242938 -0.238563 -0.179822
v 0.108800 -0.204693 -0.186993
v 0.202624 -0.273605 -0.179822
v 0.157326 -0.301908 -0.179822
v 0.040525 -0.229584 -0.186993
v 0.108158 -0.322776 -0.179822
v 0.056329 -0.335697 -0.179822
v -0.032121 -0.229605 -0.186993
v 0.003119 -0.340350 -0.179822
v -0.050165 -0.336622 -0.179822
v -0.101946 -0.209555 -0.186993
v -0.102210 -0.324604 -0.179822
v -0.151734 -0.304593 -0.179822
v -0.160711 -0.166805 -0.186993
v -0.197517 -0.277080 -0.179822
v -0.238433 -0.242745 -0.179822
v -0.205414 -0.109471 -0.186993
v -0.273475 -0.202431 -0.179822
v -0.301778 -0.157132 -0.179822
v -0.227853 -0.040278 -0.186993
v -0.322646 -0.107964 -0.179822
v -0.335566 -0.056136 -0.179822
v -0.230361 0.032439 -0.186993
v -0.340219 -0.002925 -0.179822
v -0.336491 0.050359 -0.179822
v -0.207901 0.101645 -0.186993
v -0.324474 0.102403 -0.179822
v -0.304463 0.151926 -0.179822
v -0.167255 0.161970 -0.186993
v -0.276951 0.197711 -0.179822
v -0.242615 0.238627 -0.179822
v -0.108476 0.204756 -0.186993
v -0.202301 0.273667 -0.179822
v -0.157002 0.301971 -0.179822
v -0.040202 0.229647 -0.186993
v -0.107834 0.322840 -0.179822
v -0.056006 0.335760 -0.179822
v 0.032445 0.229669 -0.186993
v -0.002795 0.340412 -0.179822
v 0.108137 0.341268 -0.161477
v 0.160233 0.320176 -0.161418
v 0.053382 0.353951 -0.161555
v -0.002681 0.357913 -0.161651
v -0.058676 0.353055 -0.161763
v -0.113220 0.339497 -0.161889
v -0.164972 0.317574 -0.162024
v -0.212657 0.287825 -0.162167
v -0.255101 0.250982 -0.162313
v -0.291259 0.207954 -0.162458
v -0.320242 0.159799 -0.162598
v -0.341333 0.107703 -0.162732
v -0.354016 0.052948 -0.162856
v -0.357978 -0.003116 -0.162965
v -0.353119 -0.059110 -0.163058
v -0.339562 -0.113654 -0.163132
v -0.317638 -0.165405 -0.163186
v -0.287889 -0.213091 -0.163218
v -0.251046 -0.255536 -0.163227
v -0.208017 -0.291694 -0.163213
v -0.159863 -0.320676 -0.163177
v -0.107766 -0.341768 -0.163119
v -0.053012 -0.354452 -0.163041
v 0.003053 -0.358413 -0.162945
v 0.059046 -0.353554 -0.162832
v 0.113590 -0.339998 -0.162707
v 0.165343 -0.318074 -0.162571
v 0.213028 -0.288326 -0.162429
v 0.255471 -0.251483 -0.162284
v 0.291630 -0.208454 -0.162138
v 0.320612 -0.160299 -0.161997
v 0.341704 -0.108202 -0.161863
v 0.354387 -0.053449 -0.161740
v 0.358348 0.002616 -0.161630
v 0.353490 0.058610 -0.161537
v 0.339932 0.113154 -0.161463
v 0.318008 0.164906 -0.161409
v 0.288260 0.212591 -0.161378
v 0.251417 0.255036 -0.161368
v 0.208389 0.291194 -0.161383
v 0.107766 0.341768 0.156534
v 0.053012 0.354451 0.156428
v 0.104762 0.331734 0.170412
v 0.051584 0.344013 0.170412
v -0.003053 0.358413 0.156295
v -0.002859 0.347822 0.170412
v -0.059046 0.353554 0.156141
v -0.057229 0.343067 0.170412
v -0.113590 0.339998 0.155971
v -0.110185 0.329866 0.170412
v -0.165342 0.318074 0.155785
v -0.160424 0.308544 0.170412
v -0.213028 0.288326 0.155590
v -0.206708 0.279624 0.170412
v -0.255471 0.251483 0.155391
v -0.247900 0.243820 0.170412
v -0.291629 0.208454 0.155193
v -0.282983 0.202013 0.170412
v -0.320612 0.160299 0.154999
v -0.311094 0.155233 0.170412
v -0.341704 0.108202 0.154816
v -0.331540 0.104632 0.170412
v -0.354387 0.053449 0.154648
v -0.343819 0.051454 0.170412
v -0.358348 -0.002616 0.154498
v -0.347629 -0.002990 0.170412
v -0.353490 -0.058610 0.154371
v -0.342874 -0.057358 0.170412
v -0.339932 -0.113154 0.154270
v -0.329673 -0.110315 0.170412
v -0.318008 -0.164906 0.154197
v -0.308350 -0.160554 0.170412
v -0.288259 -0.212592 0.154153
v -0.279431 -0.206838 0.170412
v -0.251417 -0.255035 0.154141
v -0.243627 -0.248030 0.170412
v -0.208387 -0.291193 0.154159
v -0.201821 -0.283112 0.170412
v -0.160233 -0.320176 0.154209
v -0.155040 -0.311223 0.170412
v -0.108136 -0.341268 0.154288
v -0.104438 -0.331670 0.170412
v -0.053382 -0.353951 0.154394
v -0.051261 -0.343949 0.170412
v 0.002683 -0.357913 0.154527
v 0.003182 -0.347759 0.170412
v 0.058676 -0.353055 0.154681
v 0.057552 -0.343004 0.170412
v 0.113220 -0.339497 0.154852
v 0.110507 -0.329803 0.170412
v 0.164972 -0.317574 0.155037
v 0.160747 -0.308480 0.170412
v 0.212657 -0.287825 0.155232
v 0.207032 -0.279561 0.170412
v 0.255101 -0.250982 0.155431
v 0.248223 -0.243757 0.170412
v 0.291260 -0.207954 0.155629
v 0.283306 -0.201950 0.170412
v 0.320242 -0.159799 0.155823
v 0.311417 -0.155170 0.170412
v 0.341334 -0.107703 0.156006
v 0.331864 -0.104568 0.170412
v 0.354016 -0.052948 0.156174
v 0.344142 -0.051390 0.170412
v 0.357978 0.003116 0.156324
v 0.347952 0.003053 0.170412
v 0.353120 0.059110 0.156451
v 0.343197 0.057422 0.170412
v 0.339562 0.113654 0.156552
v 0.329995 0.110378 0.170412
v 0.317638 0.165406 0.156626
v 0.308674 0.160616 0.170412
v 0.287890 0.213091 0.156669
v 0.279753 0.206902 0.170412
v 0.251047 0.255535 0.156682
v 0.243950 0.248093 0.170412
v 0.208019 0.291694 0.156663
v 0.202143 0.283175 0.170412
v 0.159863 0.320677 0.156613
v 0.155363 0.311287 0.170412
v 0.145957 0.292424 0.181367
v 0.098422 0.311631 0.181367
v 0.048467 0.323166 0.181367
v -0.002676 0.326744 0.181366
v -0.053751 0.322278 0.181366
v -0.103497 0.309877 0.181366
v -0.150692 0.289846 0.181366
v -0.194171 0.262679 0.181366
v -0.232866 0.229046 0.181366
v -0.265822 0.189773 0.181366
v -0.292230 0.145827 0.181366
v -0.311438 0.098293 0.181366
v -0.322973 0.048338 0.181366
v -0.326552 -0.002806 0.181366
v -0.322085 -0.053880 0.181366
v -0.309684 -0.103627 0.181366
v -0.289653 -0.150822 0.181366
v -0.262486 -0.194301 0.181366
v -0.228852 -0.232996 0.181366
v -0.189579 -0.265953 0.181366
v -0.145634 -0.292360 0.181366
v -0.098099 -0.311568 0.181366
v -0.048144 -0.323102 0.181366
v 0.002999 -0.326681 0.181366
v 0.054074 -0.322214 0.181367
v 0.103820 -0.309813 0.181367
v 0.151015 -0.289783 0.181367
v 0.194495 -0.262617 0.181367
v 0.233189 -0.228982 0.181367
v 0.266146 -0.189709 0.181367
v 0.292553 -0.145764 0.181367
v 0.311761 -0.098229 0.181367
v 0.323296 -0.048274 0.181367
v 0.326875 0.002870 0.181367
v 0.322408 0.053944 0.181367
v 0.310007 0.103691 0.181367
v 0.289976 0.150885 0.181367
v 0.262809 0.194365 0.181367
v 0.229176 0.233060 0.181367
v 0.189902 0.266016 0.181367
v 0.168990 0.236700 0.186993
v 0.129889 0.260198 0.186993
v 0.087593 0.277288 0.186993
v 0.043144 0.287552 0.186993
v -0.002364 0.290736 0.186993
v -0.047809 0.286762 0.186993
v -0.092072 0.275727 0.186993
v -0.134065 0.257904 0.186993
v -0.172753 0.233732 0.186993
v -0.207183 0.203805 0.186993
v -0.236507 0.168860 0.186993
v -0.260004 0.129758 0.186993
v -0.277095 0.087462 0.186993
v -0.287359 0.043014 0.186993
v -0.290543 -0.002493 0.186992
v -0.286568 -0.047939 0.186992
v -0.275534 -0.092202 0.186993
v -0.257712 -0.134195 0.186992
v -0.233539 -0.172882 0.186993
v -0.203611 -0.207312 0.186993
v -0.168668 -0.236638 0.186993
v -0.129566 -0.260134 0.186993
v -0.087270 -0.277225 0.186993
v -0.042820 -0.287489 0.186993
v 0.002687 -0.290672 0.186993
v 0.048131 -0.286699 0.186993
v 0.092396 -0.275664 0.186993
v 0.134389 -0.257842 0.186993
v 0.173076 -0.233669 0.186993
v 0.207506 -0.203742 0.186993
v 0.236830 -0.168797 0.186993
v 0.260327 -0.129695 0.186993
v 0.277418 -0.087399 0.186993
v 0.287681 -0.042950 0.186993
v 0.290866 0.002557 0.186993
v 0.286891 0.048002 0.186993
v 0.275858 0.092266 0.186993
v 0.258034 0.134259 0.186993
v 0.233861 0.172946 0.186993
v 0.203934 0.207376 0.186993
v 0.180076 0.183098 0.179600
v 0.149222 0.208989 0.179600
v 0.206498 0.152700 0.179600
v 0.227841 0.118543 0.179600
v 0.243577 0.081466 0.179600
v 0.253319 0.042385 0.179600
v 0.256828 0.002262 0.179600
v 0.254017 -0.037918 0.179600
v 0.244955 -0.077162 0.179600
v 0.229866 -0.114505 0.179600
v 0.209120 -0.149029 0.179600
v 0.183229 -0.179882 0.179600
v 0.152830 -0.206306 0.179600
v 0.118672 -0.227648 0.179600
v 0.081596 -0.243384 0.179600
v 0.042515 -0.253126 0.179600
v 0.002391 -0.256635 0.179600
v -0.037788 -0.253823 0.179600
v -0.077032 -0.244762 0.179600
v -0.114376 -0.229672 0.179600
v -0.148899 -0.208926 0.179600
v -0.179752 -0.183036 0.179600
v -0.206176 -0.152637 0.179600
v -0.227518 -0.118479 0.179600
v -0.243253 -0.081403 0.179600
v -0.252996 -0.042322 0.179600
v -0.256505 -0.002198 0.179600
v -0.253694 0.037981 0.179600
v -0.244631 0.077226 0.179600
v -0.229542 0.114569 0.179600
v -0.208797 0.149093 0.179600
v -0.182906 0.179946 0.179600
v -0.152507 0.206368 0.179600
v -0.118349 0.227711 0.179600
v -0.081274 0.243447 0.179600
v -0.042192 0.253190 0.179600
v -0.002068 0.256698 0.179600
v 0.038111 0.253887 0.179600
v 0.077356 0.244825 0.179600
v 0.114699 0.229735 0.179600
vn -0.0009 -0.1926 0.9813
vn 0.0008 0.1734 0.9849
vn 0.0280 0.1712 0.9848
vn -0.0311 -0.1901 0.9813
vn 0.0292 -0.1904 0.9813
vn -0.0263 0.1714 0.9849
vn 0.0586 -0.1835 0.9813
vn -0.0528 0.1652 0.9848
vn 0.0866 -0.1720 0.9813
vn -0.0780 0.1549 0.9849
vn 0.1124 -0.1564 0.9813
vn -0.1013 0.1408 0.9848
vn 0.1355 -0.1368 0.9813
vn -0.1220 0.1232 0.9848
vn 0.1553 -0.1140 0.9813
vn -0.1398 0.1026 0.9848
vn 0.1712 -0.0883 0.9813
vn -0.1541 0.0795 0.9848
vn 0.1829 -0.0604 0.9813
vn -0.1647 0.0544 0.9848
vn 0.1900 -0.0310 0.9813
vn -0.1711 0.0280 0.9848
vn 0.1925 -0.0009 0.9813
vn -0.1734 0.0008 0.9849
vn 0.1903 0.0292 0.9813
vn -0.1714 -0.0263 0.9849
vn 0.1833 0.0586 0.9813
vn -0.1652 -0.0528 0.9848
vn 0.1719 0.0866 0.9813
vn -0.1549 -0.0780 0.9849
vn 0.1563 0.1124 0.9813
vn -0.1408 -0.1013 0.9848
vn 0.1368 0.1354 0.9813
vn -0.1232 -0.1220 0.9848
vn 0.1139 0.1552 0.9813
vn -0.1026 -0.1398 0.9848
vn 0.0882 0.1710 0.9813
vn -0.0795 -0.1541 0.9849
vn 0.0604 0.1828 0.9813
vn -0.0544 -0.1647 0.9848
vn 0.0311 0.1900 0.9813
vn -0.0280 -0.1712 0.9848
vn 0.0009 0.1925 0.9813
vn -0.0009 -0.1734 0.9848
vn -0.0292 0.1903 0.9813
vn 0.0263 -0.1714 0.9848
vn -0.0586 0.1833 0.9813
vn 0.0528 -0.1652 0.9848
vn -0.0866 0.1719 0.9813
vn 0.0780 -0.1549 0.9849
vn -0.1124 0.1564 0.9813
vn 0.1013 -0.1408 0.9848
vn -0.1355 0.1368 0.9813
vn 0.1220 -0.1232 0.9849
vn -0.1553 0.1140 0.9813
vn 0.1398 -0.1026 0.9848
vn -0.1712 0.0883 0.9813
vn 0.1541 -0.0795 0.9848
vn -0.1829 0.0604 0.9813
vn 0.1647 -0.0544 0.9848
vn -0.1901 0.0311 0.9813
vn 0.1711 -0.0280 0.9848
vn -0.1926 0.0009 0.9813
vn 0.1734 -0.0008 0.9849
vn -0.1904 -0.0292 0.9813
vn 0.1714 0.0263 0.9849
vn -0.1835 -0.0586 0.9813
vn 0.1652 0.0528 0.9848
vn -0.1720 -0.0866 0.9813
vn 0.1549 0.0780 0.9849
vn -0.1564 -0.1124 0.9813
vn 0.1408 0.1012 0.9848
vn -0.1368 -0.1355 0.9813
vn 0.1232 0.1220 0.9849
vn -0.1140 -0.1553 0.9813
vn 0.1026 0.1398 0.9848
vn -0.0883 -0.1712 0.9813
vn 0.0795 0.1541 0.9848
vn -0.0604 -0.1829 0.9813
vn 0.0544 0.1647 0.9849
vn -0.9966 -0.0826 -0.0063
vn -0.9954 -0.0958 -0.0035
vn -0.9977 -0.0670 -0.0043
vn -0.9990 -0.0440 -0.0013
vn -0.9985 -0.0550 -0.0000
vn -0.9733 0.2296 -0.0000
vn -0.9648 0.2631 -0.0000
vn -0.6631 0.7486 -0.0000
vn -0.6435 0.7654 -0.0000
vn 0.0429 0.9991 -0.0000
vn 0.0172 0.9999 -0.0000
vn 0.5823 0.8130 -0.0000
vn 0.6104 0.7921 -0.0000
vn 0.8023 0.5970 -0.0000
vn 0.8083 0.5888 -0.0015
vn 0.8266 0.5628 -0.0057
vn 0.8342 0.5515 -0.0059
vn 0.8168 0.5769 -0.0044
vn -0.8622 -0.5066 -0.0063
vn -0.8554 -0.5179 -0.0035
vn -0.8700 -0.4931 -0.0043
vn -0.8810 -0.4731 -0.0013
vn -0.8758 -0.4827 -0.0000
vn -0.9766 -0.2151 -0.0000
vn -0.9834 -0.1813 -0.0000
vn -0.9222 0.3867 -0.0000
vn -0.9119 0.4104 -0.0000
vn -0.3958 0.9183 -0.0000
vn -0.4192 0.9079 -0.0000
vn 0.1664 0.9861 -0.0000
vn 0.2001 0.9798 -0.0000
vn 0.4579 0.8890 -0.0000
vn 0.4674 0.8840 -0.0015
vn 0.4990 0.8666 -0.0056
vn 0.5106 0.8598 -0.0057
vn 0.4843 0.8749 -0.0045
vn -0.5444 -0.8388 -0.0036
vn -0.5686 -0.8226 -0.0042
vn -0.5555 -0.8315 -0.0064
vn -0.5829 -0.8125 -0.0013
vn -0.5746 -0.8185 -0.0000
vn -0.7825 -0.6227 -0.0000
vn -0.8039 -0.5948 -0.0000
vn -0.9987 -0.0517 -0.0000
vn -0.9997 -0.0257 -0.0000
vn -0.7544 0.6564 -0.0000
vn -0.7710 0.6369 -0.0000
vn -0.2767 0.9610 -0.0000
vn -0.2434 0.9699 -0.0000
vn 0.0285 0.9996 -0.0000
vn 0.0391 0.9992 -0.0015
vn 0.0739 0.9972 -0.0057
vn 0.0874 0.9962 -0.0057
vn 0.0570 0.9984 -0.0044
vn -0.1268 -0.9919 -0.0036
vn -0.1557 -0.9878 -0.0043
vn -0.1400 -0.9901 -0.0064
vn -0.1743 -0.9847 -0.0013
vn -0.1640 -0.9865 -0.0000
vn -0.4362 -0.8998 -0.0000
vn -0.4675 -0.8840 -0.0000
vn -0.8773 -0.4799 -0.0000
vn -0.8895 -0.4570 -0.0000
vn -0.9710 0.2392 -0.0000
vn -0.6630 0.7486 -0.0000
vn -0.6372 0.7707 -0.0000
vn -0.4044 0.9146 -0.0000
vn -0.3951 0.9186 -0.0015
vn -0.3656 0.9307 -0.0057
vn -0.3530 0.9356 -0.0058
vn -0.3816 0.9243 -0.0044
vn 0.3155 -0.9489 -0.0035
vn 0.2881 -0.9576 -0.0043
vn 0.3030 -0.9530 -0.0064
vn 0.2660 -0.9640 -0.0013
vn 0.2765 -0.9610 -0.0000
vn -0.0066 -1.0000 -0.0000
vn -0.0410 -0.9992 -0.0000
vn -0.5817 -0.8134 -0.0000
vn -0.6025 -0.7981 -0.0000
vn -0.9834 -0.1815 -0.0000
vn -0.9785 -0.2065 -0.0000
vn -0.9084 0.4181 -0.0000
vn -0.7610 0.6488 -0.0000
vn -0.7544 0.6564 -0.0015
vn -0.7331 0.6801 -0.0057
vn -0.7238 0.6900 -0.0059
vn -0.7447 0.6674 -0.0045
vn 0.6958 -0.7182 -0.0035
vn 0.6749 -0.7379 -0.0043
vn 0.6863 -0.7273 -0.0063
vn 0.6578 -0.7532 -0.0013
vn 0.6660 -0.7459 -0.0000
vn 0.4278 -0.9039 -0.0000
vn 0.3964 -0.9181 -0.0000
vn -0.1714 -0.9852 -0.0000
vn -0.1968 -0.9804 -0.0000
vn -0.8075 -0.5898 -0.0000
vn -0.7921 -0.6104 -0.0000
vn -0.9999 -0.0171 -0.0000
vn -0.9670 0.2546 -0.0000
vn -0.9644 0.2644 -0.0015
vn -0.9555 0.2949 -0.0057
vn -0.9514 0.3079 -0.0059
vn -0.9604 0.2784 -0.0044
vn 0.9338 -0.3577 -0.0063
vn 0.9385 -0.3454 -0.0035
vn 0.9281 -0.3723 -0.0043
vn 0.9193 -0.3935 -0.0013
vn 0.9236 -0.3834 -0.0000
vn 0.7774 -0.6290 -0.0000
vn 0.7552 -0.6555 -0.0000
vn 0.2727 -0.9621 -0.0000
vn 0.2478 -0.9688 -0.0000
vn -0.4719 -0.8817 -0.0000
vn -0.4491 -0.8935 -0.0000
vn -0.8772 -0.4801 -0.0000
vn -0.8935 -0.4490 -0.0000
vn -0.9818 -0.1899 -0.0000
vn -0.9837 -0.1800 -0.0015
vn -0.9889 -0.1486 -0.0057
vn -0.9908 -0.1352 -0.0059
vn -0.9862 -0.1656 -0.0044
vn 0.9966 0.0826 -0.0063
vn 0.9954 0.0957 -0.0035
vn 0.9977 0.0670 -0.0043
vn 0.9990 0.0440 -0.0013
vn 0.9985 0.0550 -0.0000
vn 0.9733 -0.2297 -0.0000
vn 0.9648 -0.2632 -0.0000
vn 0.6630 -0.7486 -0.0000
vn 0.6434 -0.7655 -0.0000
vn -0.0428 -0.9991 -0.0000
vn -0.0172 -0.9999 -0.0000
vn -0.6104 -0.7921 -0.0000
vn -0.8023 -0.5969 -0.0000
vn -0.8083 -0.5888 -0.0015
vn -0.8266 -0.5628 -0.0057
vn -0.8342 -0.5515 -0.0058
vn -0.8168 -0.5769 -0.0044
vn 0.8621 0.5066 -0.0063
vn 0.8554 0.5179 -0.0035
vn 0.8700 0.4931 -0.0043
vn 0.8811 0.4729 -0.0013
vn 0.8759 0.4826 -0.0000
vn 0.9766 0.2151 -0.0000
vn 0.9834 0.1813 -0.0000
vn 0.9221 -0.3870 -0.0000
vn 0.9118 -0.4107 -0.0000
vn 0.3946 -0.9189 -0.0000
vn 0.4181 -0.9084 -0.0000
vn -0.2066 -0.9784 -0.0000
vn -0.4641 -0.8858 -0.0000
vn -0.4730 -0.8811 -0.0015
vn -0.5008 -0.8656 -0.0057
vn -0.5125 -0.8587 -0.0058
vn -0.4858 -0.8740 -0.0044
vn 0.5701 0.8216 -0.0042
vn 0.5571 0.8304 -0.0063
vn 0.5462 0.8377 -0.0035
vn 0.5889 0.8082 -0.0013
vn 0.5800 0.8146 -0.0000
vn 0.7867 0.6173 -0.0000
vn 0.8075 0.5898 -0.0000
vn 0.9987 0.0516 -0.0000
vn 0.9997 0.0258 -0.0000
vn 0.7553 -0.6554 -0.0000
vn 0.7715 -0.6362 -0.0000
vn 0.2738 -0.9618 -0.0000
vn 0.2399 -0.9708 -0.0000
vn -0.0323 -0.9995 -0.0000
vn -0.0424 -0.9991 -0.0015
vn -0.0742 -0.9972 -0.0057
vn -0.0877 -0.9961 -0.0059
vn -0.0570 -0.9984 -0.0044
vn 0.1557 0.9878 -0.0042
vn 0.1402 0.9901 -0.0063
vn 0.1272 0.9919 -0.0035
vn 0.1784 0.9840 -0.0013
vn 0.1675 0.9859 -0.0000
vn 0.4396 0.8982 -0.0000
vn 0.4703 0.8825 -0.0000
vn 0.8769 0.4807 -0.0000
vn 0.8890 0.4579 -0.0000
vn 0.9712 -0.2383 -0.0000
vn 0.6371 -0.7707 -0.0000
vn 0.4044 -0.9146 -0.0000
vn 0.3950 -0.9187 -0.0016
vn 0.3656 -0.9307 -0.0057
vn 0.3530 -0.9356 -0.0059
vn 0.3816 -0.9243 -0.0044
vn -0.2881 0.9576 -0.0043
vn -0.3030 0.9530 -0.0063
vn -0.3156 0.9489 -0.0035
vn -0.2660 0.9640 -0.0013
vn 0.0065 1.0000 -0.0000
vn 0.0411 0.9992 -0.0000
vn 0.5821 0.8131 -0.0000
vn 0.6025 0.7981 -0.0000
vn 0.9785 0.2064 -0.0000
vn 0.9084 -0.4182 -0.0000
vn 0.7609 -0.6488 -0.0000
vn 0.7543 -0.6565 -0.0015
vn 0.7331 -0.6801 -0.0057
vn 0.7238 -0.6900 -0.0058
vn 0.7447 -0.6674 -0.0044
vn -0.6749 0.7379 -0.0043
vn -0.6863 0.7273 -0.0063
vn -0.6959 0.7182 -0.0035
vn -0.6577 0.7533 -0.0013
vn -0.6659 0.7460 -0.0000
vn -0.4276 0.9040 -0.0000
vn -0.3962 0.9182 -0.0000
vn 0.1714 0.9852 -0.0000
vn 0.1968 0.9804 -0.0000
vn 0.8076 0.5898 -0.0000
vn 0.7921 0.6103 -0.0000
vn 0.9999 0.0172 -0.0000
vn 0.9671 -0.2545 -0.0000
vn 0.9644 -0.2643 -0.0015
vn 0.9555 -0.2949 -0.0057
vn 0.9514 -0.3079 -0.0059
vn 0.9604 -0.2785 -0.0044
vn -0.1607 -0.9833 -0.0854
vn -0.1607 -0.9833 -0.0855
vn -0.0049 -0.9963 -0.0855
vn 0.1510 -0.9848 -0.0855
vn 0.3032 -0.9491 -0.0855
vn 0.3033 -0.9491 -0.0855
vn 0.4480 -0.8899 -0.0855
vn 0.5817 -0.8089 -0.0854
vn 0.7011 -0.7080 -0.0854
vn 0.8032 -0.5896 -0.0854
vn 0.8855 -0.4567 -0.0854
vn 0.8855 -0.4567 -0.0855
vn 0.9461 -0.3125 -0.0855
vn 0.9833 -0.1607 -0.0855
vn 0.9963 -0.0049 -0.0855
vn 0.9848 0.1510 -0.0855
vn 0.9491 0.3032 -0.0855
vn 0.9491 0.3033 -0.0854
vn 0.8899 0.4480 -0.0855
vn 0.8899 0.4480 -0.0854
vn 0.8089 0.5817 -0.0854
vn 0.7080 0.7011 -0.0854
vn 0.7080 0.7011 -0.0855
vn 0.5896 0.8032 -0.0855
vn 0.4567 0.8855 -0.0855
vn 0.4567 0.8855 -0.0854
vn 0.3125 0.9461 -0.0854
vn 0.1607 0.9833 -0.0854
vn 0.0049 0.9963 -0.0854
vn -0.1511 0.9848 -0.0854
vn -0.1510 0.9848 -0.0854
vn -0.3033 0.9491 -0.0854
vn -0.3033 0.9491 -0.0855
vn -0.4480 0.8899 -0.0855
vn -0.5817 0.8089 -0.0855
vn -0.7011 0.7080 -0.0854
vn -0.7011 0.7079 -0.0854
vn -0.8032 0.5896 -0.0854
vn -0.8855 0.4567 -0.0854
vn -0.8855 0.4567 -0.0855
vn -0.9461 0.3125 -0.0855
vn -0.9833 0.1607 -0.0855
vn -0.9963 0.0049 -0.0855
vn -0.9848 -0.1510 -0.0855
vn -0.9491 -0.3032 -0.0855
vn -0.9491 -0.3033 -0.0855
vn -0.8899 -0.4480 -0.0855
vn -0.8899 -0.4480 -0.0854
vn -0.8089 -0.5817 -0.0854
vn -0.7080 -0.7011 -0.0854
vn -0.5896 -0.8032 -0.0854
vn -0.4567 -0.8855 -0.0854
vn -0.3125 -0.9461 -0.0855
vn 0.1613 0.9869 0.0036
vn 0.0049 1.0000 0.0036
vn -0.1516 0.9884 0.0036
vn -0.3044 0.9525 0.0036
vn -0.4496 0.8932 0.0036
vn -0.5838 0.8119 0.0036
vn -0.7036 0.7105 0.0036
vn -0.8061 0.5917 0.0036
vn -0.8888 0.4583 0.0036
vn -0.9495 0.3137 0.0036
vn -0.9869 0.1613 0.0036
vn -1.0000 0.0049 0.0036
vn -0.9884 -0.1516 0.0036
vn -0.9526 -0.3044 0.0036
vn -0.8932 -0.4496 0.0036
vn -0.8119 -0.5838 0.0036
vn -0.7105 -0.7036 0.0036
vn -0.5917 -0.8061 0.0036
vn -0.4583 -0.8888 0.0036
vn -0.4584 -0.8888 0.0036
vn -0.3136 -0.9495 0.0036
vn -0.3137 -0.9495 0.0036
vn -0.1613 -0.9869 0.0036
vn -0.0049 -1.0000 0.0036
vn 0.1516 -0.9884 0.0036
vn 0.3044 -0.9526 0.0036
vn 0.4496 -0.8932 0.0036
vn 0.5838 -0.8119 0.0036
vn 0.7036 -0.7106 0.0036
vn 0.7036 -0.7105 0.0036
vn 0.8061 -0.5917 0.0036
vn 0.8888 -0.4583 0.0036
vn 0.9495 -0.3137 0.0036
vn 0.9869 -0.1613 0.0036
vn 1.0000 -0.0049 0.0036
vn 0.9884 0.1516 0.0036
vn 0.9525 0.3044 0.0036
vn 0.8932 0.4496 0.0036
vn 0.8119 0.5838 0.0036
vn 0.7106 0.7036 0.0036
vn 0.7105 0.7036 0.0036
vn 0.5917 0.8061 0.0036
vn 0.4583 0.8888 0.0036
vn 0.3137 0.9495 0.0036
vn 0.4491 0.8935 -0.0000
vn 0.4720 0.8816 -0.0000
vn 0.8935 0.4490 -0.0000
vn 0.9818 0.1900 -0.0000
vn 0.9836 0.1801 -0.0015
vn 0.9889 0.1486 -0.0057
vn 0.9908 0.1352 -0.0059
vn 0.9862 0.1656 -0.0044
vn 0.9884 -0.1520 -0.0020
vn 0.9770 -0.2106 0.0325
vn 0.8161 -0.5779 -0.0032
vn 0.8095 -0.5870 0.0165
vn 0.6901 -0.7200 -0.0735
vn 0.0713 -0.6094 0.7897
vn 0.0712 -0.6094 0.7897
vn 0.0680 -0.5815 0.8107
vn 0.0679 -0.5814 0.8107
vn 0.0359 -0.3078 0.9508
vn 0.0063 -0.0536 0.9985
vn 0.0063 -0.0535 0.9985
vn 0.0153 -0.1315 0.9912
vn 0.0172 -0.1468 0.9890
vn 0.0147 -0.1255 0.9920
vn -0.0028 -0.1226 0.9924
vn 0.0318 -0.1781 0.9835
vn 0.1208 -0.3411 0.9322
vn -0.0404 -0.1719 0.9843
vn 0.0877 -0.1587 0.9834
vn -0.0231 -0.3850 0.9226
vn -0.0693 -0.1675 0.9834
vn -0.0412 -0.1195 0.9920
vn -0.0482 -0.1397 0.9890
vn -0.0481 -0.1397 0.9890
vn -0.0432 -0.1251 0.9912
vn -0.0432 -0.1252 0.9912
vn -0.0176 -0.0510 0.9985
vn -0.0175 -0.0509 0.9985
vn -0.1011 -0.2929 0.9508
vn -0.1011 -0.2928 0.9508
vn -0.1909 -0.5534 0.8107
vn -0.1909 -0.5535 0.8107
vn -0.2001 -0.5801 0.7896
vn -0.2001 -0.5800 0.7897
vn -0.1891 -0.3055 0.9332
vn -0.1194 -0.1361 0.9835
vn -0.1350 -0.1209 0.9834
vn -0.0889 -0.0898 0.9920
vn -0.1040 -0.1050 0.9890
vn -0.0932 -0.0940 0.9912
vn -0.0379 -0.0383 0.9985
vn -0.2181 -0.2201 0.9508
vn -0.2180 -0.2201 0.9508
vn -0.4120 -0.4159 0.8107
vn -0.4318 -0.4359 0.7897
vn -0.3004 -0.1921 0.9343
vn -0.1666 -0.0708 0.9835
vn -0.1741 -0.0503 0.9834
vn -0.1191 -0.0424 0.9920
vn -0.1392 -0.0495 0.9890
vn -0.1247 -0.0443 0.9912
vn -0.1248 -0.0443 0.9912
vn -0.0508 -0.0181 0.9985
vn -0.0507 -0.0181 0.9985
vn -0.2920 -0.1038 0.9508
vn -0.2920 -0.1037 0.9508
vn -0.5516 -0.1960 0.8107
vn -0.5517 -0.1961 0.8107
vn -0.5781 -0.2055 0.7897
vn -0.3543 -0.0423 0.9342
vn -0.1809 0.0084 0.9835
vn -0.1786 0.0302 0.9835
vn -0.1257 0.0135 0.9920
vn -0.1469 0.0158 0.9890
vn -0.1469 0.0157 0.9890
vn -0.1316 0.0142 0.9912
vn -0.1317 0.0142 0.9912
vn -0.0536 0.0057 0.9985
vn -0.0535 0.0057 0.9985
vn -0.3081 0.0332 0.9508
vn -0.3079 0.0332 0.9508
vn -0.5820 0.0626 0.8107
vn -0.5821 0.0625 0.8107
vn -0.6100 0.0655 0.7897
vn -0.3414 0.1151 0.9328
vn -0.1590 0.0862 0.9835
vn -0.1478 0.1049 0.9834
vn -0.1073 0.0668 0.9920
vn -0.1254 0.0781 0.9890
vn -0.1123 0.0700 0.9912
vn -0.1124 0.0701 0.9912
vn -0.0458 0.0285 0.9985
vn -0.0457 0.0285 0.9985
vn -0.2630 0.1639 0.9508
vn -0.2630 0.1640 0.9508
vn -0.4968 0.3097 0.8107
vn -0.4969 0.3096 0.8107
vn -0.5207 0.3245 0.7897
vn -0.2540 0.2537 0.9334
vn -0.1059 0.1467 0.9835
vn -0.0877 0.1587 0.9834
vn -0.0677 0.1067 0.9920
vn -0.0677 0.1068 0.9920
vn -0.0791 0.1248 0.9890
vn -0.0708 0.1118 0.9912
vn -0.0709 0.1119 0.9912
vn -0.0289 0.0455 0.9985
vn -0.0288 0.0455 0.9985
vn -0.1658 0.2618 0.9508
vn -0.3134 0.4945 0.8107
vn -0.3135 0.4945 0.8107
vn -0.3285 0.5182 0.7896
vn -0.3285 0.5182 0.7897
vn -0.1231 0.3404 0.9322
vn -0.0318 0.1782 0.9835
vn -0.0102 0.1810 0.9834
vn -0.0147 0.1255 0.9920
vn -0.0147 0.1256 0.9920
vn -0.0172 0.1467 0.9890
vn -0.0153 0.1315 0.9912
vn -0.0063 0.0536 0.9985
vn -0.0063 0.0535 0.9985
vn -0.0359 0.3078 0.9508
vn -0.0679 0.5814 0.8107
vn -0.0680 0.5815 0.8107
vn -0.0713 0.6094 0.7897
vn -0.0712 0.6093 0.7897
vn 0.0389 0.3612 0.9317
vn 0.0486 0.1744 0.9835
vn 0.0693 0.1675 0.9834
vn 0.0412 0.1195 0.9920
vn 0.0482 0.1397 0.9890
vn 0.0481 0.1397 0.9890
vn 0.0432 0.1251 0.9912
vn 0.0432 0.1252 0.9912
vn 0.0176 0.0510 0.9985
vn 0.0175 0.0509 0.9985
vn 0.1011 0.2929 0.9508
vn 0.1909 0.5534 0.8107
vn 0.2001 0.5800 0.7896
vn 0.2001 0.5800 0.7897
vn 0.1923 0.3039 0.9331
vn 0.1194 0.1361 0.9835
vn 0.1350 0.1209 0.9834
vn 0.0889 0.0898 0.9920
vn 0.1040 0.1050 0.9890
vn 0.0932 0.0940 0.9912
vn 0.0379 0.0383 0.9985
vn 0.2181 0.2201 0.9508
vn 0.4120 0.4158 0.8108
vn 0.4120 0.4159 0.8107
vn 0.4318 0.4359 0.7897
vn 0.1666 0.0708 0.9835
vn 0.2982 0.1916 0.9351
vn 0.1741 0.0503 0.9834
vn 0.1191 0.0424 0.9920
vn 0.1392 0.0495 0.9890
vn 0.1247 0.0443 0.9912
vn 0.1248 0.0443 0.9912
vn 0.0508 0.0180 0.9985
vn 0.2920 0.1037 0.9508
vn 0.2919 0.1036 0.9508
vn 0.5516 0.1960 0.8108
vn 0.5516 0.1961 0.8107
vn 0.5781 0.2055 0.7897
vn 0.3541 0.0381 0.9344
vn 0.1811 -0.0086 0.9834
vn 0.1788 -0.0303 0.9834
vn 0.1256 -0.0134 0.9920
vn 0.1256 -0.0135 0.9920
vn 0.1467 -0.0157 0.9890
vn 0.1468 -0.0157 0.9890
vn 0.1316 -0.0142 0.9912
vn 0.1317 -0.0142 0.9912
vn 0.0536 -0.0058 0.9985
vn 0.0535 -0.0058 0.9985
vn 0.3081 -0.0332 0.9508
vn 0.3081 -0.0331 0.9508
vn 0.5820 -0.0626 0.8108
vn 0.5821 -0.0625 0.8107
vn 0.6100 -0.0655 0.7897
vn 0.1596 -0.0864 0.9834
vn 0.3281 -0.1048 0.9388
vn 0.1480 -0.1048 0.9834
vn 0.1073 -0.0666 0.9920
vn 0.1254 -0.0778 0.9891
vn 0.1255 -0.0778 0.9890
vn 0.1124 -0.0698 0.9912
vn 0.1125 -0.0699 0.9912
vn 0.0458 -0.0285 0.9985
vn 0.0457 -0.0284 0.9985
vn 0.2632 -0.1635 0.9508
vn 0.4973 -0.3088 0.8108
vn 0.4974 -0.3088 0.8107
vn 0.5213 -0.3236 0.7896
vn 0.5212 -0.3236 0.7897
vn 0.1059 -0.1467 0.9835
vn 0.2543 -0.2515 0.9339
vn 0.0677 -0.1067 0.9920
vn 0.0677 -0.1068 0.9920
vn 0.0791 -0.1248 0.9890
vn 0.0708 -0.1118 0.9912
vn 0.0709 -0.1119 0.9912
vn 0.0289 -0.0455 0.9985
vn 0.1658 -0.2618 0.9508
vn 0.1660 -0.2618 0.9507
vn 0.3133 -0.4944 0.8108
vn 0.3134 -0.4945 0.8107
vn 0.3285 -0.5182 0.7897
vn 0.5640 -0.5484 0.6174
vn 0.6745 -0.4342 0.5971
vn 0.6763 -0.6561 0.3350
vn 0.5055 -0.7947 0.3360
vn 0.4422 -0.6720 0.5939
vn 0.2506 -0.7389 0.6255
vn 0.3095 -0.8889 0.3377
vn 0.3405 -0.8876 0.3102
vn 0.2247 -0.9279 0.2975
vn 0.0638 -0.9473 0.3138
vn 0.0695 -0.8040 0.5906
vn 0.0267 -0.8190 0.5732
vn -0.2137 -0.9296 0.3004
vn -0.3086 -0.8992 0.3103
vn -0.2924 -0.8977 0.3296
vn -0.0508 -0.7850 0.6174
vn -0.2481 -0.7586 0.6025
vn -0.3931 -0.6778 0.6213
vn -0.4831 -0.8080 0.3374
vn -0.6453 -0.6862 0.3358
vn -0.5696 -0.5640 0.5978
vn -0.6043 -0.7318 0.3149
vn -0.7143 -0.6314 0.3017
vn -0.8241 -0.4647 0.3239
vn -0.6475 -0.4442 0.6192
vn -0.7042 -0.3645 0.6093
vn -0.9165 -0.2629 0.3016
vn -0.9387 -0.1401 0.3149
vn -0.7300 -0.3042 0.6120
vn -0.7639 -0.1617 0.6248
vn -0.9238 -0.1849 0.3352
vn -0.9412 0.0196 0.3372
vn -0.7869 0.0358 0.6161
vn -0.9087 0.2437 0.3390
vn -0.7493 0.2170 0.6256
vn -0.9202 0.2319 0.3154
vn -0.8834 0.3593 0.3009
vn -0.7716 0.5541 0.3125
vn -0.6782 0.4072 0.6117
vn -0.6475 0.4669 0.6023
vn -0.6015 0.7447 0.2890
vn -0.5156 0.8043 0.2954
vn -0.5411 0.7778 0.3197
vn -0.5927 0.5111 0.6225
vn -0.4686 0.6299 0.6194
vn -0.3312 0.8833 0.3317
vn -0.2805 0.7244 0.6297
vn -0.3687 0.8720 0.3219
vn -0.2244 0.9261 0.3032
vn 0.0195 0.9417 0.3358
vn -0.0898 0.7877 0.6095
vn -0.0272 0.7975 0.6027
vn 0.2216 0.9274 0.3012
vn 0.3785 0.8702 0.3154
vn 0.3223 0.8852 0.3355
vn 0.0655 0.7756 0.6278
vn 0.2638 0.7377 0.6214
vn 0.5409 0.7719 0.3341
vn 0.4536 0.6331 0.6273
vn 0.5377 0.7841 0.3099
vn 0.6229 0.7227 0.2996
vn 0.7617 0.5620 0.3225
vn 0.6094 0.5376 0.5828
vn 0.6442 0.5137 0.5667
vn 0.8763 0.3702 0.3083
vn 0.9160 0.2433 0.3189
vn 0.9041 0.2680 0.3328
vn 0.6732 0.4080 0.6167
vn 0.7539 0.2509 0.6071
vn 0.9412 0.0500 0.3342
vn 0.7774 0.0375 0.6279
vn 0.9275 -0.1764 0.3296
vn 0.8012 -0.1794 0.5708
vn 0.7267 -0.3006 0.6177
vn 0.6986 -0.3848 0.6033
vn 0.7396 -0.5983 0.3084
vn 0.6706 -0.6708 0.3167
vn 0.8220 -0.4690 0.3230
vn 0.9091 -0.2794 0.3089
vn 0.9301 -0.1846 0.3175
vn -0.6496 -0.7601 0.0135
vn -0.5037 -0.8611 -0.0689
vn -0.6612 -0.7502 -0.0029
vn -0.9030 -0.4285 0.0317
vn -0.9214 -0.3886 -0.0019
vn 0.9860 -0.1669 -0.0033
vn 0.9341 -0.3495 -0.0735
vn 0.9839 -0.1778 0.0165
vn 0.9717 0.2339 0.0325
vn 0.9565 0.2917 -0.0021
vn -0.2557 -0.9667 0.0135
vn -0.0804 -0.9944 -0.0689
vn -0.2705 -0.9627 -0.0029
vn -0.6278 -0.7777 0.0317
vn -0.6617 -0.7497 -0.0019
vn 0.9603 0.2789 -0.0032
vn 0.9931 0.0919 -0.0735
vn 0.9632 0.2681 0.0165
vn 0.7730 0.6335 0.0325
vn 0.7342 0.6789 -0.0020
vn 0.1905 -0.9816 0.0135
vn 0.3604 -0.9302 -0.0689
vn 0.1755 -0.9845 -0.0029
vn -0.2268 -0.9734 0.0317
vn -0.2695 -0.9630 -0.0019
vn 0.7444 0.6678 -0.0033
vn 0.8550 0.5134 -0.0735
vn 0.7517 0.6593 0.0165
vn 0.4218 0.9061 0.0325
vn 0.3672 0.9302 -0.0021
vn 0.5851 -0.8110 -0.0029
vn 0.5973 -0.8019 0.0135
vn 0.7282 -0.6819 -0.0689
vn 0.2178 -0.9755 0.0317
vn 0.1748 -0.9846 -0.0019
vn 0.3914 0.9201 0.0164
vn 0.3812 0.9245 -0.0033
vn 0.5477 0.8334 -0.0735
vn -0.0128 0.9994 0.0325
vn -0.0725 0.9974 -0.0020
vn 0.8789 -0.4770 -0.0029
vn 0.8860 -0.4635 0.0135
vn 0.9519 -0.2987 -0.0689
vn 0.6193 -0.7845 0.0317
vn 0.5845 -0.8114 -0.0019
vn -0.0463 0.9988 0.0164
vn -0.0575 0.9983 -0.0033
vn 0.1321 0.9885 -0.0735
vn -0.4450 0.8950 0.0325
vn -0.4979 0.8673 -0.0021
vn 0.9988 -0.0487 -0.0029
vn 0.9993 -0.0335 0.0135
vn 0.9872 0.1436 -0.0689
vn 0.8982 -0.4384 0.0317
vn 0.8786 -0.4776 -0.0019
vn -0.4749 0.8799 0.0165
vn -0.4847 0.8747 -0.0033
vn -0.3096 0.9480 -0.0735
vn -0.7891 0.6135 0.0325
vn -0.8247 0.5656 -0.0021
vn 0.9211 0.3892 -0.0029
vn 0.9150 0.4032 0.0135
vn 0.8273 0.5575 -0.0689
vn 0.9995 -0.0055 0.0317
vn 0.9988 -0.0494 -0.0019
vn -0.8095 0.5869 0.0164
vn -0.8161 0.5779 -0.0033
vn -0.6901 0.7199 -0.0735
vn -0.9770 0.2106 0.0325
vn -0.9884 0.1520 -0.0020
vn 0.6612 0.7502 -0.0029
vn 0.6496 0.7602 0.0135
vn 0.5037 0.8611 -0.0689
vn 0.9030 0.4285 0.0317
vn 0.9214 0.3886 -0.0019
vn -0.9860 0.1669 -0.0032
vn -0.9340 0.3495 -0.0735
vn -0.9839 0.1778 0.0165
vn -0.9717 -0.2339 0.0325
vn -0.9565 -0.2917 -0.0020
vn 0.2705 0.9627 -0.0029
vn 0.2557 0.9667 0.0135
vn 0.0804 0.9944 -0.0689
vn 0.6278 0.7777 0.0317
vn 0.6617 0.7497 -0.0019
vn -0.9608 -0.2772 -0.0032
vn -0.9932 -0.0901 -0.0735
vn -0.9637 -0.2665 0.0165
vn -0.7741 -0.6322 0.0325
vn -0.7354 -0.6776 -0.0020
vn -0.1738 0.9848 -0.0029
vn -0.1888 0.9819 0.0135
vn -0.3588 0.9309 -0.0689
vn 0.2285 0.9730 0.0317
vn 0.2711 0.9625 -0.0019
vn -0.7444 -0.6678 -0.0032
vn -0.8550 -0.5135 -0.0735
vn -0.7517 -0.6593 0.0165
vn -0.4218 -0.9061 0.0325
vn -0.3672 -0.9301 -0.0020
vn -0.5851 0.8110 -0.0029
vn -0.5973 0.8019 0.0135
vn -0.7282 0.6819 -0.0689
vn -0.2178 0.9755 0.0317
vn -0.1749 0.9846 -0.0019
vn -0.3811 -0.9245 -0.0033
vn -0.5478 -0.8334 -0.0735
vn -0.3914 -0.9201 0.0164
vn 0.0128 -0.9994 0.0325
vn 0.0725 -0.9974 -0.0020
vn -0.8789 0.4770 -0.0029
vn -0.8860 0.4636 0.0135
vn -0.9519 0.2987 -0.0689
vn -0.6193 0.7845 0.0317
vn -0.5845 0.8114 -0.0019
vn 0.0575 -0.9983 -0.0033
vn -0.1322 -0.9885 -0.0735
vn 0.0463 -0.9988 0.0165
vn 0.4450 -0.8950 0.0325
vn 0.4979 -0.8673 -0.0020
vn -0.9988 0.0487 -0.0029
vn -0.9993 0.0335 0.0135
vn -0.9872 -0.1436 -0.0689
vn -0.8982 0.4384 0.0317
vn -0.8786 0.4776 -0.0019
vn 0.4847 -0.8747 -0.0033
vn 0.3095 -0.9480 -0.0735
vn 0.4748 -0.8799 0.0164
vn 0.7891 -0.6135 0.0325
vn 0.8247 -0.5656 -0.0020
vn -0.9211 -0.3892 -0.0029
vn -0.9150 -0.4032 0.0135
vn -0.8273 -0.5576 -0.0689
vn -0.9995 0.0055 0.0317
vn -0.9988 0.0494 -0.0019
vn -0.9281 0.3723 -0.0043
vn -0.9338 0.3577 -0.0064
vn -0.9384 0.3454 -0.0035
vn -0.9193 0.3936 -0.0013
vn -0.9236 0.3834 -0.0000
vn -0.7774 0.6290 -0.0000
vn -0.2728 0.9621 -0.0000
vn -0.2479 0.9688 -0.0000
vn -0.1293 0.9801 0.1507
vn -0.1292 0.9801 0.1507
vn -0.6020 0.7842 0.1507
vn -0.9134 0.3781 0.1507
vn 0.3782 0.9134 0.1507
vn 0.7842 0.6020 0.1507
vn 0.9801 0.1293 0.1507
vn 0.9134 -0.3781 0.1507
vn 0.6020 -0.7842 0.1507
vn 0.1293 -0.9801 0.1507
vn -0.3781 -0.9134 0.1507
vn -0.7842 -0.6019 0.1507
vn -0.7842 -0.6020 0.1507
vn -0.9801 -0.1292 0.1507
vn 0.4487 -0.8913 -0.0646
vn 0.5826 -0.8102 -0.0646
vn 0.3037 -0.9506 -0.0646
vn 0.1513 -0.9864 -0.0646
vn -0.0049 -0.9979 -0.0646
vn -0.1609 -0.9849 -0.0646
vn -0.3130 -0.9476 -0.0646
vn -0.3130 -0.9475 -0.0646
vn -0.4574 -0.8869 -0.0646
vn -0.5905 -0.8045 -0.0646
vn -0.7091 -0.7022 -0.0646
vn 0.7022 -0.7091 -0.0646
vn 0.8045 -0.5905 -0.0646
vn 0.8869 -0.4574 -0.0646
vn 0.9476 -0.3130 -0.0646
vn 0.9849 -0.1609 -0.0646
vn 0.9848 -0.1609 -0.0646
vn 0.9979 -0.0049 -0.0646
vn 0.9864 0.1513 -0.0646
vn 0.9506 0.3037 -0.0646
vn 0.8914 0.4487 -0.0646
vn 0.8102 0.5826 -0.0646
vn 0.7091 0.7022 -0.0646
vn 0.5905 0.8045 -0.0646
vn 0.4574 0.8869 -0.0646
vn 0.3130 0.9476 -0.0646
vn 0.1609 0.9849 -0.0646
vn 0.1609 0.9848 -0.0646
vn 0.0049 0.9979 -0.0646
vn -0.1513 0.9864 -0.0646
vn -0.3037 0.9506 -0.0646
vn -0.4487 0.8913 -0.0646
vn -0.4487 0.8914 -0.0646
vn -0.5826 0.8102 -0.0646
vn -0.7022 0.7091 -0.0646
vn -0.8044 0.5905 -0.0646
vn -0.8869 0.4574 -0.0646
vn -0.9476 0.3130 -0.0646
vn -0.9848 0.1609 -0.0646
vn -0.9849 0.1609 -0.0646
vn -0.9979 0.0049 -0.0646
vn -0.9864 -0.1513 -0.0646
vn -0.9506 -0.3037 -0.0646
vn -0.8913 -0.4487 -0.0646
vn -0.8914 -0.4487 -0.0646
vn -0.8102 -0.5826 -0.0646
vn -0.0000 -0.0000 1.0000
vn 0.0575 0.3517 0.9344
vn 0.1118 0.3383 0.9344
vn 0.1633 0.3167 0.9344
vn 0.2109 0.2873 0.9344
vn 0.2532 0.2507 0.9344
vn 0.2893 0.2080 0.9343
vn 0.3183 0.1602 0.9344
vn 0.3394 0.1085 0.9344
vn 0.3522 0.0540 0.9344
vn 0.3563 -0.0017 0.9344
vn 0.3517 -0.0575 0.9344
vn 0.3383 -0.1118 0.9344
vn 0.3167 -0.1633 0.9344
vn 0.2873 -0.2109 0.9344
vn 0.2507 -0.2532 0.9344
vn 0.2080 -0.2893 0.9343
vn 0.1602 -0.3183 0.9344
vn 0.1085 -0.3395 0.9343
vn 0.0540 -0.3523 0.9343
vn -0.0017 -0.3564 0.9343
vn -0.0575 -0.3517 0.9344
vn -0.1118 -0.3384 0.9343
vn -0.1633 -0.3167 0.9344
vn -0.2109 -0.2872 0.9344
vn -0.2532 -0.2507 0.9344
vn -0.2893 -0.2081 0.9343
vn -0.3183 -0.1602 0.9344
vn -0.3395 -0.1085 0.9343
vn -0.3522 -0.0540 0.9344
vn -0.3563 0.0017 0.9344
vn -0.3517 0.0575 0.9344
vn -0.3384 0.1118 0.9344
vn -0.3167 0.1633 0.9344
vn -0.2873 0.2109 0.9344
vn -0.2507 0.2532 0.9344
vn -0.2081 0.2893 0.9343
vn -0.1602 0.3183 0.9344
vn -0.1085 0.3394 0.9344
vn -0.0540 0.3522 0.9344
vn 0.0017 0.3563 0.9344
vn -0.0018 -0.3581 0.9337
vn -0.0577 -0.3534 0.9337
vn -0.1123 -0.3400 0.9337
vn -0.1641 -0.3182 0.9337
vn -0.2119 -0.2886 0.9337
vn -0.2544 -0.2519 0.9337
vn -0.2907 -0.2090 0.9337
vn -0.3198 -0.1610 0.9337
vn -0.3411 -0.1090 0.9337
vn -0.3539 -0.0543 0.9337
vn -0.3581 0.0017 0.9337
vn -0.3534 0.0577 0.9337
vn -0.3400 0.1123 0.9337
vn -0.3182 0.1641 0.9337
vn -0.2886 0.2119 0.9337
vn -0.2519 0.2544 0.9337
vn -0.2090 0.2907 0.9337
vn -0.1609 0.3197 0.9338
vn -0.1089 0.3409 0.9338
vn -0.0543 0.3537 0.9338
vn 0.0017 0.3579 0.9338
vn 0.0578 0.3534 0.9337
vn 0.1122 0.3398 0.9338
vn 0.1640 0.3180 0.9338
vn 0.2119 0.2886 0.9337
vn 0.2533 0.2508 0.9343
vn 0.2905 0.2089 0.9338
vn 0.3197 0.1609 0.9338
vn 0.3409 0.1089 0.9338
vn 0.3537 0.0543 0.9338
vn 0.3579 -0.0017 0.9338
vn 0.3532 -0.0577 0.9338
vn 0.3400 -0.1123 0.9337
vn 0.3182 -0.1641 0.9337
vn 0.2886 -0.2119 0.9337
vn 0.2519 -0.2544 0.9337
vn 0.2090 -0.2907 0.9337
vn 0.1610 -0.3198 0.9337
vn 0.1090 -0.3411 0.9337
vn 0.0543 -0.3539 0.9337
vn -0.0498 -0.3047 0.9511
vn -0.0003 -0.0527 0.9986
vn -0.0085 -0.0520 0.9986
vn -0.0015 -0.3088 0.9511
vn 0.0080 -0.0521 0.9986
vn 0.0468 -0.3052 0.9511
vn 0.0160 -0.0502 0.9986
vn 0.0940 -0.2941 0.9511
vn 0.0237 -0.0471 0.9986
vn 0.1388 -0.2758 0.9511
vn 0.0308 -0.0428 0.9986
vn 0.1803 -0.2507 0.9511
vn 0.0371 -0.0375 0.9986
vn 0.2173 -0.2194 0.9511
vn 0.0425 -0.0312 0.9986
vn 0.2489 -0.1827 0.9511
vn 0.0469 -0.0242 0.9986
vn 0.2744 -0.1415 0.9511
vn 0.0501 -0.0165 0.9986
vn 0.2932 -0.0969 0.9511
vn 0.0520 -0.0085 0.9986
vn 0.3047 -0.0498 0.9511
vn 0.0527 -0.0003 0.9986
vn 0.3088 -0.0015 0.9511
vn 0.0521 0.0080 0.9986
vn 0.3052 0.0468 0.9511
vn 0.0502 0.0160 0.9986
vn 0.2941 0.0940 0.9511
vn 0.0471 0.0237 0.9986
vn 0.2758 0.1388 0.9511
vn 0.0428 0.0308 0.9986
vn 0.2507 0.1803 0.9511
vn 0.0375 0.0371 0.9986
vn 0.2194 0.2173 0.9511
vn 0.0312 0.0425 0.9986
vn 0.1827 0.2489 0.9511
vn 0.0242 0.0468 0.9986
vn 0.1415 0.2744 0.9511
vn 0.0969 0.2932 0.9511
vn 0.0085 0.0520 0.9986
vn 0.0498 0.3047 0.9511
vn 0.0003 0.0527 0.9986
vn 0.0015 0.3088 0.9511
vn -0.0080 0.0521 0.9986
vn -0.0468 0.3052 0.9511
vn -0.0160 0.0502 0.9986
vn -0.0940 0.2941 0.9511
vn -0.0237 0.0471 0.9986
vn -0.1388 0.2758 0.9511
vn -0.0308 0.0428 0.9986
vn -0.1803 0.2507 0.9511
vn -0.0371 0.0375 0.9986
vn -0.2173 0.2194 0.9511
vn -0.0425 0.0312 0.9986
vn -0.2489 0.1827 0.9511
vn -0.0469 0.0242 0.9986
vn -0.2744 0.1415 0.9511
vn -0.0501 0.0165 0.9986
vn -0.2932 0.0969 0.9511
vn -0.0520 0.0085 0.9986
vn -0.3047 0.0498 0.9511
vn -0.0527 0.0003 0.9986
vn -0.3088 0.0015 0.9511
vn -0.0521 -0.0080 0.9986
vn -0.3052 -0.0468 0.9511
vn -0.0502 -0.0160 0.9986
vn -0.2941 -0.0940 0.9511
vn -0.0471 -0.0237 0.9986
vn -0.2758 -0.1388 0.9511
vn -0.0428 -0.0308 0.9986
vn -0.2507 -0.1803 0.9511
vn -0.0375 -0.0371 0.9986
vn -0.2194 -0.2173 0.9511
vn -0.0312 -0.0425 0.9986
vn -0.1827 -0.2489 0.9511
vn -0.0242 -0.0468 0.9986
vn -0.1415 -0.2744 0.9511
vn -0.0969 -0.2932 0.9511
vn -0.1622 -0.4910 0.8559
vn -0.0834 -0.5103 0.8559
vn -0.2370 -0.4596 0.8559
vn -0.3060 -0.4169 0.8559
vn -0.3674 -0.3638 0.8559
vn -0.4198 -0.3019 0.8559
vn -0.4619 -0.2325 0.8559
vn -0.4926 -0.1574 0.8559
vn -0.5111 -0.0784 0.8559
vn -0.5171 0.0025 0.8559
vn -0.5103 0.0834 0.8559
vn -0.4910 0.1622 0.8559
vn -0.4596 0.2370 0.8559
vn -0.4169 0.3060 0.8559
vn -0.3638 0.3674 0.8559
vn -0.3019 0.4198 0.8559
vn -0.2325 0.4619 0.8559
vn -0.1574 0.4926 0.8559
vn -0.0784 0.5111 0.8559
vn 0.0025 0.5171 0.8559
vn 0.0834 0.5103 0.8559
vn 0.1622 0.4910 0.8559
vn 0.2370 0.4596 0.8559
vn 0.3060 0.4168 0.8559
vn 0.3674 0.3638 0.8559
vn 0.4198 0.3019 0.8559
vn 0.4619 0.2325 0.8559
vn 0.4926 0.1574 0.8559
vn 0.5111 0.0784 0.8559
vn 0.5171 -0.0025 0.8559
vn 0.5103 -0.0834 0.8559
vn 0.4910 -0.1622 0.8559
vn 0.4596 -0.2370 0.8559
vn 0.4169 -0.3060 0.8559
vn 0.3638 -0.3674 0.8559
vn 0.3019 -0.4198 0.8559
vn 0.2325 -0.4619 0.8559
vn 0.1574 -0.4926 0.8559
vn 0.0784 -0.5111 0.8559
vn -0.0025 -0.5171 0.8559
vn 0.0664 0.4439 -0.8936
vn 0.1350 0.4288 -0.8932
vn 0.0293 0.0588 -0.9978
vn 0.2014 0.4030 -0.8928
vn 0.0454 0.0472 -0.9979
vn 0.2608 0.3668 -0.8930
vn 0.3155 0.3211 -0.8930
vn 0.0582 0.0303 -0.9978
vn 0.3607 0.2680 -0.8934
vn 0.3979 0.2071 -0.8938
vn 0.0644 0.0114 -0.9979
vn 0.4232 0.1427 -0.8947
vn 0.4392 0.0738 -0.8954
vn 0.0648 -0.0096 -0.9979
vn 0.4433 0.0050 -0.8964
vn 0.4365 -0.0651 -0.8973
vn 0.0588 -0.0285 -0.9979
vn 0.4185 -0.1308 -0.8987
vn 0.3908 -0.1944 -0.8997
vn 0.0468 -0.0459 -0.9978
vn 0.3538 -0.2510 -0.9010
vn 0.3079 -0.3023 -0.9021
vn 0.0309 -0.0577 -0.9979
vn 0.2558 -0.3438 -0.9035
vn 0.1972 -0.3783 -0.9044
vn 0.0109 -0.0648 -0.9978
vn 0.1356 -0.4021 -0.9055
vn 0.0697 -0.4169 -0.9063
vn -0.0090 -0.0649 -0.9978
vn 0.0045 -0.4204 -0.9073
vn -0.0621 -0.4149 -0.9077
vn -0.0293 -0.0588 -0.9978
vn -0.1252 -0.3993 -0.9082
vn -0.1870 -0.3740 -0.9084
vn -0.0454 -0.0472 -0.9979
vn -0.2421 -0.3401 -0.9087
vn -0.2934 -0.2979 -0.9084
vn -0.0582 -0.0303 -0.9978
vn -0.3364 -0.2492 -0.9081
vn -0.3729 -0.1932 -0.9075
vn -0.0644 -0.0114 -0.9979
vn -0.3991 -0.1336 -0.9071
vn -0.4174 -0.0691 -0.9061
vn -0.0648 0.0096 -0.9979
vn -0.4250 -0.0037 -0.9052
vn -0.4227 0.0642 -0.9040
vn -0.0588 0.0285 -0.9979
vn -0.4095 0.1292 -0.9031
vn -0.3866 0.1937 -0.9017
vn -0.0468 0.0459 -0.9978
vn -0.3540 0.2526 -0.9005
vn -0.3115 0.3075 -0.8991
vn -0.0309 0.0577 -0.9979
vn -0.2615 0.3534 -0.8982
vn -0.2036 0.3927 -0.8968
vn -0.0109 0.0648 -0.9978
vn -0.1411 0.4214 -0.8958
vn -0.0729 0.4404 -0.8948
vn 0.0090 0.0649 -0.9978
vn -0.0042 0.4474 -0.8943
vn 0.2827 0.8920 -0.3528
vn 0.4185 0.8370 -0.3524
vn 0.1392 0.9250 -0.3536
vn -0.0069 0.9349 -0.3549
vn -0.1530 0.9218 -0.3563
vn -0.2951 0.8859 -0.3579
vn -0.4298 0.8282 -0.3596
vn -0.5536 0.7502 -0.3615
vn -0.6636 0.6538 -0.3635
vn -0.7571 0.5415 -0.3655
vn -0.8318 0.4160 -0.3675
vn -0.8859 0.2804 -0.3694
vn -0.9182 0.1382 -0.3712
vn -0.9279 -0.0072 -0.3729
vn -0.9147 -0.1522 -0.3743
vn -0.8792 -0.2933 -0.3755
vn -0.8221 -0.4272 -0.3765
vn -0.7449 -0.5504 -0.3771
vn -0.6495 -0.6601 -0.3774
vn -0.5381 -0.7536 -0.3774
vn -0.4136 -0.8287 -0.3771
vn -0.2789 -0.8834 -0.3765
vn -0.1373 -0.9166 -0.3756
vn 0.0078 -0.9272 -0.3744
vn 0.1529 -0.9152 -0.3729
vn 0.2944 -0.8806 -0.3713
vn 0.4288 -0.8243 -0.3696
vn 0.5529 -0.7477 -0.3677
vn 0.6636 -0.6526 -0.3657
vn 0.7581 -0.5412 -0.3637
vn 0.8341 -0.4163 -0.3618
vn 0.8897 -0.2810 -0.3599
vn 0.9233 -0.1385 -0.3582
vn 0.9342 0.0076 -0.3566
vn 0.9221 0.1536 -0.3552
vn 0.8871 0.2961 -0.3540
vn 0.8303 0.4313 -0.3531
vn 0.7528 0.5559 -0.3525
vn 0.6567 0.6669 -0.3521
vn 0.5443 0.7614 -0.3521
vn 0.2865 0.9087 0.3035
vn 0.1408 0.9425 0.3030
vn 0.1977 0.6267 0.7538
vn 0.0972 0.6503 0.7534
vn -0.0084 0.9532 0.3021
vn -0.0058 0.6583 0.7527
vn -0.1574 0.9406 0.3008
vn -0.1090 0.6505 0.7516
vn -0.3028 0.9049 0.2992
vn -0.2100 0.6268 0.7503
vn -0.4409 0.8469 0.2973
vn -0.3064 0.5879 0.7487
vn -0.5683 0.7681 0.2951
vn -0.3959 0.5343 0.7469
vn -0.6819 0.6703 0.2928
vn -0.4763 0.4673 0.7448
vn -0.7789 0.5559 0.2903
vn -0.5455 0.3883 0.7427
vn -0.8569 0.4277 0.2877
vn -0.6017 0.2993 0.7405
vn -0.9140 0.2887 0.2852
vn -0.6435 0.2021 0.7383
vn -0.9486 0.1424 0.2827
vn -0.6695 0.0993 0.7361
vn -0.9599 -0.0076 0.2803
vn -0.6791 -0.0067 0.7340
vn -0.9475 -0.1576 0.2781
vn -0.6718 -0.1132 0.7321
vn -0.9118 -0.3040 0.2760
vn -0.6476 -0.2175 0.7302
vn -0.8535 -0.4430 0.2742
vn -0.6072 -0.3169 0.7286
vn -0.7742 -0.5712 0.2727
vn -0.5513 -0.4088 0.7273
vn -0.6756 -0.6855 0.2715
vn -0.4814 -0.4909 0.7262
vn -0.5603 -0.7829 0.2706
vn -0.3993 -0.5608 0.7253
vn -0.4310 -0.8610 0.2701
vn -0.3069 -0.6168 0.7248
vn -0.2911 -0.9178 0.2700
vn -0.2068 -0.6574 0.7246
vn -0.1440 -0.9520 0.2702
vn -0.1014 -0.6815 0.7248
vn 0.0067 -0.9626 0.2708
vn 0.0063 -0.6884 0.7253
vn 0.1571 -0.9494 0.2718
vn 0.1137 -0.6781 0.7261
vn 0.3036 -0.9128 0.2732
vn 0.2179 -0.6509 0.7273
vn 0.4425 -0.8536 0.2748
vn 0.3163 -0.6074 0.7287
vn 0.5703 -0.7734 0.2768
vn 0.4062 -0.5491 0.7304
vn 0.6838 -0.6742 0.2791
vn 0.4856 -0.4774 0.7324
vn 0.7803 -0.5584 0.2816
vn 0.5523 -0.3942 0.7345
vn 0.8574 -0.4290 0.2842
vn 0.6049 -0.3019 0.7368
vn 0.9133 -0.2892 0.2869
vn 0.6422 -0.2029 0.7392
vn 0.9465 -0.1425 0.2896
vn 0.6635 -0.0996 0.7415
vn 0.9563 0.0074 0.2923
vn 0.6683 0.0054 0.7439
vn 0.9426 0.1569 0.2949
vn 0.6568 0.1095 0.7461
vn 0.9057 0.3023 0.2972
vn 0.6294 0.2101 0.7481
vn 0.8466 0.4401 0.2992
vn 0.5870 0.3051 0.7499
vn 0.7668 0.5669 0.3009
vn 0.5307 0.3922 0.7514
vn 0.6683 0.6797 0.3022
vn 0.4618 0.4695 0.7525
vn 0.5535 0.7757 0.3031
vn 0.3821 0.5352 0.7533
vn 0.4252 0.8527 0.3035
vn 0.2934 0.5880 0.7537
vn 0.1432 0.2873 0.9471
vn 0.0965 0.3061 0.9471
vn 0.0475 0.3175 0.9471
vn -0.0028 0.3210 0.9471
vn -0.0530 0.3166 0.9471
vn -0.1018 0.3044 0.9471
vn -0.1482 0.2847 0.9471
vn -0.1909 0.2580 0.9471
vn -0.2289 0.2250 0.9471
vn -0.2613 0.1864 0.9471
vn -0.2873 0.1432 0.9471
vn -0.3061 0.0965 0.9471
vn -0.3175 0.0475 0.9471
vn -0.3210 -0.0028 0.9471
vn -0.3166 -0.0530 0.9471
vn -0.3044 -0.1018 0.9471
vn -0.2847 -0.1482 0.9471
vn -0.2580 -0.1909 0.9471
vn -0.2250 -0.2289 0.9471
vn -0.1864 -0.2613 0.9471
vn -0.1432 -0.2873 0.9471
vn -0.0965 -0.3061 0.9471
vn -0.0475 -0.3175 0.9471
vn 0.0028 -0.3210 0.9471
vn 0.0530 -0.3166 0.9471
vn 0.1018 -0.3044 0.9471
vn 0.1482 -0.2847 0.9471
vn 0.1909 -0.2580 0.9471
vn 0.2289 -0.2250 0.9471
vn 0.2613 -0.1864 0.9471
vn 0.2873 -0.1432 0.9471
vn 0.3061 -0.0965 0.9471
vn 0.3175 -0.0475 0.9471
vn 0.3210 0.0028 0.9471
vn 0.3166 0.0530 0.9471
vn 0.3044 0.1018 0.9471
vn 0.2847 0.1482 0.9471
vn 0.2580 0.1909 0.9471
vn 0.2250 0.2289 0.9471
vn 0.1864 0.2613 0.9471
vn -0.0119 -0.0167 0.9998
vn -0.0091 -0.0183 0.9998
vn -0.0062 -0.0195 0.9998
vn -0.0030 -0.0203 0.9998
vn 0.0002 -0.0205 0.9998
vn 0.0034 -0.0202 0.9998
vn 0.0065 -0.0194 0.9998
vn 0.0095 -0.0182 0.9998
vn 0.0122 -0.0165 0.9998
vn 0.0146 -0.0144 0.9998
vn 0.0167 -0.0119 0.9998
vn 0.0183 -0.0091 0.9998
vn 0.0195 -0.0062 0.9998
vn 0.0202 -0.0030 0.9998
vn 0.0205 0.0002 0.9998
vn 0.0202 0.0034 0.9998
vn 0.0194 0.0065 0.9998
vn 0.0182 0.0095 0.9998
vn 0.0164 0.0122 0.9998
vn 0.0144 0.0146 0.9998
vn 0.0119 0.0167 0.9998
vn 0.0091 0.0183 0.9998
vn 0.0062 0.0195 0.9998
vn 0.0030 0.0202 0.9998
vn -0.0002 0.0205 0.9998
vn -0.0034 0.0202 0.9998
vn -0.0065 0.0194 0.9998
vn -0.0095 0.0182 0.9998
vn -0.0122 0.0165 0.9998
vn -0.0146 0.0144 0.9998
vn -0.0167 0.0119 0.9998
vn -0.0183 0.0091 0.9998
vn -0.0195 0.0062 0.9998
vn -0.0203 0.0030 0.9998
vn -0.0205 -0.0002 0.9998
vn -0.0202 -0.0034 0.9998
vn -0.0194 -0.0065 0.9998
vn -0.0182 -0.0095 0.9998
vn -0.0165 -0.0122 0.9998
vn -0.0144 -0.0146 0.9998
vn -0.1488 -0.1514 0.9772
vn -0.1233 -0.1728 0.9772
vn -0.1706 -0.1262 0.9772
vn -0.1883 -0.0980 0.9772
vn -0.2013 -0.0673 0.9772
vn -0.2093 -0.0350 0.9772
vn -0.2122 -0.0018 0.9772
vn -0.2099 0.0314 0.9772
vn -0.2024 0.0638 0.9772
vn -0.1899 0.0947 0.9772
vn -0.1728 0.1233 0.9772
vn -0.1514 0.1488 0.9772
vn -0.1262 0.1706 0.9772
vn -0.0980 0.1883 0.9772
vn -0.0673 0.2013 0.9772
vn -0.0350 0.2093 0.9772
vn -0.0018 0.2122 0.9772
vn 0.0314 0.2099 0.9772
vn 0.0638 0.2024 0.9772
vn 0.0947 0.1899 0.9772
vn 0.1233 0.1728 0.9772
vn 0.1488 0.1514 0.9772
vn 0.1706 0.1262 0.9772
vn 0.1882 0.0980 0.9772
vn 0.2013 0.0673 0.9772
vn 0.2093 0.0350 0.9772
vn 0.2122 0.0018 0.9772
vn 0.2099 -0.0314 0.9772
vn 0.2024 -0.0638 0.9772
vn 0.1899 -0.0947 0.9772
vn 0.1728 -0.1233 0.9772
vn 0.1514 -0.1488 0.9772
vn 0.1262 -0.1706 0.9772
vn 0.0980 -0.1883 0.9772
vn 0.0673 -0.2013 0.9772
vn 0.0350 -0.2093 0.9772
vn 0.0018 -0.2122 0.9772
vn -0.0314 -0.2099 0.9772
vn -0.0638 -0.2024 0.9772
vn -0.0947 -0.1899 0.9772
vt 0.000000 0.000000
s 1
g off
usemtl dbl_wheel_rf_001.002
f 1/1/1 2/1/2 3/1/3
f 1/1/1 3/1/3 4/1/4
f 1/1/1 5/1/5 2/1/2
f 5/1/5 6/1/6 2/1/2
f 5/1/5 7/1/7 6/1/6
f 7/1/7 8/1/8 6/1/6
f 7/1/7 9/1/9 8/1/8
f 8/1/8 9/1/9 10/1/10
f 9/1/9 11/1/11 10/1/10
f 10/1/10 11/1/11 12/1/12
f 11/1/11 13/1/13 12/1/12
f 12/1/12 13/1/13 14/1/14
f 13/1/13 15/1/15 14/1/14
f 14/1/14 15/1/15 16/1/16
f 15/1/15 17/1/17 16/1/16
f 16/1/16 17/1/17 18/1/18
f 17/1/17 19/1/19 18/1/18
f 18/1/18 19/1/19 20/1/20
f 19/1/19 21/1/21 20/1/20
f 20/1/20 21/1/21 22/1/22
f 21/1/21 23/1/23 22/1/22
f 22/1/22 23/1/23 24/1/24
f 23/1/23 25/1/25 24/1/24
f 24/1/24 25/1/25 26/1/26
f 26/1/26 25/1/25 27/1/27
f 26/1/26 27/1/27 28/1/28
f 28/1/28 27/1/27 29/1/29
f 28/1/28 29/1/29 30/1/30
f 30/1/30 29/1/29 31/1/31
f 30/1/30 31/1/31 32/1/32
f 32/1/32 31/1/31 33/1/33
f 32/1/32 33/1/33 34/1/34
f 34/1/34 33/1/33 35/1/35
f 34/1/34 35/1/35 36/1/36
f 36/1/36 35/1/35 37/1/37
f 36/1/36 37/1/37 38/1/38
f 38/1/38 37/1/37 39/1/39
f 38/1/38 39/1/39 40/1/40
f 40/1/40 39/1/39 41/1/41
f 40/1/40 41/1/41 42/1/42
f 42/1/42 41/1/41 43/1/43
f 42/1/42 43/1/43 44/1/44
f 44/1/44 43/1/43 45/1/45
f 46/1/46 44/1/44 45/1/45
f 46/1/46 45/1/45 47/1/47
f 48/1/48 46/1/46 47/1/47
f 49/1/49 48/1/48 47/1/47
f 50/1/50 48/1/48 49/1/49
f 51/1/51 50/1/50 49/1/49
f 52/1/52 50/1/50 51/1/51
f 53/1/53 52/1/52 51/1/51
f 54/1/54 52/1/52 53/1/53
f 55/1/55 54/1/54 53/1/53
f 56/1/56 54/1/54 55/1/55
f 57/1/57 56/1/56 55/1/55
f 58/1/58 56/1/56 57/1/57
f 59/1/59 58/1/58 57/1/57
f 60/1/60 58/1/58 59/1/59
f 61/1/61 60/1/60 59/1/59
f 62/1/62 60/1/60 61/1/61
f 63/1/63 62/1/62 61/1/61
f 64/1/64 62/1/62 63/1/63
f 65/1/65 64/1/64 63/1/63
f 65/1/65 66/1/66 64/1/64
f 67/1/67 66/1/66 65/1/65
f 67/1/67 68/1/68 66/1/66
f 69/1/69 68/1/68 67/1/67
f 69/1/69 70/1/70 68/1/68
f 71/1/71 70/1/70 69/1/69
f 71/1/71 72/1/72 70/1/70
f 73/1/73 72/1/72 71/1/71
f 73/1/73 74/1/74 72/1/72
f 75/1/75 74/1/74 73/1/73
f 75/1/75 76/1/76 74/1/74
f 77/1/77 76/1/76 75/1/75
f 77/1/77 78/1/78 76/1/76
f 79/1/79 78/1/78 77/1/77
f 79/1/79 80/1/80 78/1/78
f 4/1/4 80/1/80 79/1/79
f 4/1/4 3/1/3 80/1/80
f 81/1/81 82/1/82 83/1/83
f 84/1/84 82/1/82 81/1/81
f 84/1/84 85/1/85 82/1/82
f 84/1/84 86/1/86 85/1/85
f 87/1/87 86/1/86 84/1/84
f 87/1/87 88/1/88 86/1/86
f 89/1/89 88/1/88 87/1/87
f 88/1/88 89/1/89 90/1/90
f 89/1/89 91/1/91 90/1/90
f 90/1/90 91/1/91 92/1/92
f 90/1/90 92/1/92 93/1/93
f 92/1/92 94/1/94 93/1/93
f 94/1/94 95/1/95 93/1/93
f 94/1/94 96/1/96 95/1/95
f 96/1/96 97/1/97 95/1/95
f 96/1/96 98/1/98 97/1/97
f 99/1/99 100/1/100 101/1/101
f 102/1/102 100/1/100 99/1/99
f 102/1/102 103/1/103 100/1/100
f 102/1/102 104/1/104 103/1/103
f 105/1/105 104/1/104 102/1/102
f 105/1/105 106/1/106 104/1/104
f 107/1/107 106/1/106 105/1/105
f 107/1/107 108/1/108 106/1/106
f 109/1/109 108/1/108 107/1/107
f 109/1/109 110/1/110 108/1/108
f 108/1/108 110/1/110 111/1/111
f 111/1/111 110/1/110 112/1/112
f 111/1/111 112/1/112 113/1/113
f 112/1/112 114/1/114 113/1/113
f 113/1/113 114/1/114 115/1/115
f 115/1/115 114/1/114 116/1/116
f 117/1/117 118/1/118 119/1/119
f 120/1/120 117/1/117 119/1/119
f 121/1/121 117/1/117 120/1/120
f 122/1/122 121/1/121 120/1/120
f 122/1/122 120/1/120 123/1/123
f 123/1/123 124/1/124 122/1/122
f 125/1/125 124/1/124 123/1/123
f 125/1/125 126/1/126 124/1/124
f 127/1/127 126/1/126 125/1/125
f 126/1/126 127/1/127 128/1/128
f 126/1/126 128/1/128 129/1/129
f 128/1/128 130/1/130 129/1/129
f 129/1/129 130/1/130 131/1/131
f 130/1/130 132/1/132 131/1/131
f 131/1/131 132/1/132 133/1/133
f 133/1/133 132/1/132 134/1/134
f 135/1/135 136/1/136 137/1/137
f 138/1/138 135/1/135 137/1/137
f 138/1/138 139/1/139 135/1/135
f 140/1/140 139/1/139 138/1/138
f 140/1/140 138/1/138 141/1/141
f 142/1/142 140/1/140 141/1/141
f 142/1/142 141/1/141 143/1/143
f 143/1/143 144/1/87 142/1/142
f 145/1/144 144/1/87 143/1/143
f 145/1/144 146/1/145 144/1/87
f 146/1/145 147/1/146 144/1/87
f 146/1/145 148/1/147 147/1/146
f 147/1/146 148/1/147 149/1/148
f 148/1/147 150/1/149 149/1/148
f 149/1/148 150/1/149 151/1/150
f 151/1/150 150/1/149 152/1/151
f 153/1/152 154/1/153 155/1/154
f 156/1/155 153/1/152 155/1/154
f 156/1/155 157/1/156 153/1/152
f 158/1/157 157/1/156 156/1/155
f 159/1/158 158/1/157 156/1/155
f 160/1/159 158/1/157 159/1/158
f 160/1/159 159/1/158 161/1/160
f 161/1/160 162/1/161 160/1/159
f 163/1/162 162/1/161 161/1/160
f 163/1/162 164/1/106 162/1/161
f 164/1/106 165/1/163 162/1/161
f 164/1/106 166/1/164 165/1/163
f 166/1/164 167/1/165 165/1/163
f 166/1/164 168/1/166 167/1/165
f 168/1/166 169/1/167 167/1/165
f 168/1/166 170/1/168 169/1/167
f 171/1/169 172/1/170 173/1/171
f 174/1/172 171/1/169 173/1/171
f 175/1/173 171/1/169 174/1/172
f 176/1/174 175/1/173 174/1/172
f 177/1/175 176/1/174 174/1/172
f 178/1/176 176/1/174 177/1/175
f 178/1/176 177/1/175 179/1/177
f 180/1/178 178/1/176 179/1/177
f 180/1/178 179/1/177 181/1/179
f 181/1/179 182/1/124 180/1/178
f 182/1/124 183/1/180 180/1/178
f 182/1/124 184/1/181 183/1/180
f 184/1/181 185/1/182 183/1/180
f 184/1/181 186/1/183 185/1/182
f 186/1/183 187/1/184 185/1/182
f 186/1/183 188/1/185 187/1/184
f 189/1/186 190/1/187 191/1/188
f 192/1/189 190/1/187 189/1/186
f 192/1/189 193/1/190 190/1/187
f 192/1/189 194/1/191 193/1/190
f 195/1/192 194/1/191 192/1/189
f 196/1/193 194/1/191 195/1/192
f 196/1/193 195/1/192 197/1/194
f 198/1/195 196/1/193 197/1/194
f 198/1/195 197/1/194 199/1/196
f 199/1/196 200/1/197 198/1/195
f 200/1/197 201/1/198 198/1/195
f 200/1/197 202/1/199 201/1/198
f 202/1/199 203/1/200 201/1/198
f 202/1/199 204/1/201 203/1/200
f 204/1/201 205/1/202 203/1/200
f 204/1/201 206/1/203 205/1/202
f 207/1/204 208/1/205 209/1/206
f 210/1/207 208/1/205 207/1/204
f 210/1/207 211/1/208 208/1/205
f 210/1/207 212/1/209 211/1/208
f 213/1/210 212/1/209 210/1/207
f 213/1/210 214/1/211 212/1/209
f 215/1/212 214/1/211 213/1/210
f 216/1/213 214/1/211 215/1/212
f 216/1/213 215/1/212 217/1/214
f 218/1/159 216/1/213 217/1/214
f 219/1/215 216/1/213 218/1/159
f 218/1/159 220/1/216 219/1/215
f 220/1/216 221/1/217 219/1/215
f 220/1/216 222/1/218 221/1/217
f 222/1/218 223/1/219 221/1/217
f 222/1/218 224/1/220 223/1/219
f 225/1/221 226/1/222 227/1/223
f 228/1/224 226/1/222 225/1/221
f 228/1/224 229/1/225 226/1/222
f 228/1/224 230/1/226 229/1/225
f 231/1/227 230/1/226 228/1/224
f 231/1/227 232/1/228 230/1/226
f 233/1/229 232/1/228 231/1/227
f 233/1/229 234/1/230 232/1/228
f 235/1/231 234/1/230 233/1/229
f 236/1/176 234/1/230 235/1/231
f 236/1/176 237/1/232 234/1/230
f 238/1/233 237/1/232 236/1/176
f 239/1/234 237/1/232 238/1/233
f 240/1/235 239/1/234 238/1/233
f 240/1/235 241/1/236 239/1/234
f 242/1/237 241/1/236 240/1/235
f 243/1/238 244/1/239 245/1/240
f 244/1/239 246/1/241 245/1/240
f 245/1/240 246/1/241 247/1/242
f 246/1/241 248/1/243 247/1/242
f 246/1/241 249/1/244 248/1/243
f 249/1/244 250/1/245 248/1/243
f 251/1/246 250/1/245 249/1/244
f 251/1/246 252/1/247 250/1/245
f 253/1/248 252/1/247 251/1/246
f 254/1/249 252/1/247 253/1/248
f 255/1/250 252/1/247 254/1/249
f 256/1/251 255/1/250 254/1/249
f 257/1/252 255/1/250 256/1/251
f 258/1/253 257/1/252 256/1/251
f 258/1/253 259/1/254 257/1/252
f 260/1/255 259/1/254 258/1/253
f 261/1/256 262/1/257 263/1/258
f 262/1/257 264/1/259 263/1/258
f 263/1/258 264/1/259 265/1/260
f 265/1/260 264/1/259 266/1/261
f 264/1/259 267/1/262 266/1/261
f 267/1/262 268/1/263 266/1/261
f 267/1/262 269/1/264 268/1/263
f 269/1/264 270/1/210 268/1/263
f 271/1/265 270/1/210 269/1/264
f 271/1/265 272/1/211 270/1/210
f 272/1/211 273/1/266 270/1/210
f 274/1/267 273/1/266 272/1/211
f 275/1/268 273/1/266 274/1/267
f 276/1/269 275/1/268 274/1/267
f 276/1/269 277/1/270 275/1/268
f 278/1/271 277/1/270 276/1/269
f 279/1/272 280/1/273 281/1/274
f 280/1/273 282/1/275 281/1/274
f 281/1/274 282/1/275 283/1/128
f 282/1/275 284/1/276 283/1/128
f 282/1/275 285/1/277 284/1/276
f 285/1/277 286/1/278 284/1/276
f 285/1/277 287/1/279 286/1/278
f 287/1/279 288/1/227 286/1/278
f 289/1/280 288/1/227 287/1/279
f 289/1/280 290/1/228 288/1/227
f 290/1/228 291/1/281 288/1/227
f 290/1/228 292/1/282 291/1/281
f 292/1/282 293/1/283 291/1/281
f 292/1/282 294/1/284 293/1/283
f 294/1/284 295/1/285 293/1/283
f 294/1/284 296/1/286 295/1/285
f 297/1/287 298/1/288 299/1/289
f 298/1/288 300/1/290 299/1/289
f 299/1/289 300/1/290 301/1/291
f 300/1/290 302/1/292 301/1/291
f 300/1/290 303/1/293 302/1/292
f 303/1/293 304/1/294 302/1/292
f 303/1/293 305/1/295 304/1/294
f 304/1/294 305/1/295 306/1/296
f 305/1/295 307/1/297 306/1/296
f 307/1/297 308/1/245 306/1/296
f 308/1/245 309/1/298 306/1/296
f 308/1/245 310/1/299 309/1/298
f 310/1/299 311/1/300 309/1/298
f 310/1/299 312/1/301 311/1/300
f 312/1/301 313/1/302 311/1/300
f 312/1/301 314/1/303 313/1/302
f 315/1/304 316/1/305 317/1/306
f 315/1/304 317/1/306 318/1/306
f 318/1/306 317/1/306 319/1/307
f 318/1/306 319/1/307 320/1/307
f 319/1/307 321/1/308 320/1/307
f 320/1/307 321/1/308 322/1/309
f 321/1/308 323/1/310 322/1/309
f 322/1/309 323/1/310 324/1/310
f 323/1/310 325/1/311 324/1/310
f 324/1/310 325/1/311 326/1/311
f 325/1/311 327/1/312 326/1/311
f 326/1/311 327/1/312 328/1/312
f 328/1/312 327/1/312 329/1/313
f 328/1/312 329/1/313 330/1/313
f 330/1/313 329/1/313 331/1/314
f 330/1/313 331/1/314 332/1/315
f 332/1/315 331/1/314 333/1/316
f 332/1/315 333/1/316 334/1/316
f 334/1/316 333/1/316 335/1/317
f 334/1/316 335/1/317 336/1/317
f 336/1/317 335/1/317 337/1/318
f 336/1/317 337/1/318 338/1/318
f 338/1/318 337/1/318 339/1/319
f 338/1/318 339/1/319 340/1/319
f 340/1/319 339/1/319 341/1/320
f 342/1/321 340/1/319 341/1/320
f 342/1/321 341/1/320 343/1/322
f 342/1/321 343/1/322 344/1/323
f 344/1/323 343/1/322 345/1/324
f 344/1/323 345/1/324 346/1/324
f 346/1/324 345/1/324 347/1/325
f 348/1/326 346/1/324 347/1/325
f 349/1/327 348/1/326 347/1/325
f 349/1/327 350/1/327 348/1/326
f 351/1/328 350/1/327 349/1/327
f 351/1/328 352/1/329 350/1/327
f 353/1/330 352/1/329 351/1/328
f 353/1/330 354/1/330 352/1/329
f 355/1/331 354/1/330 353/1/330
f 355/1/331 356/1/331 354/1/330
f 357/1/332 356/1/331 355/1/331
f 357/1/332 358/1/332 356/1/331
f 359/1/333 358/1/332 357/1/332
f 360/1/334 358/1/332 359/1/333
f 361/1/335 360/1/334 359/1/333
f 362/1/336 360/1/334 361/1/335
f 363/1/337 362/1/336 361/1/335
f 364/1/337 362/1/336 363/1/337
f 365/1/338 364/1/337 363/1/337
f 366/1/338 364/1/337 365/1/338
f 367/1/339 366/1/338 365/1/338
f 368/1/340 366/1/338 367/1/339
f 368/1/340 367/1/339 369/1/341
f 370/1/341 368/1/340 369/1/341
f 370/1/341 369/1/341 371/1/342
f 370/1/341 371/1/342 372/1/343
f 372/1/343 371/1/342 373/1/344
f 374/1/344 372/1/343 373/1/344
f 374/1/344 373/1/344 375/1/345
f 374/1/344 375/1/345 376/1/345
f 376/1/345 375/1/345 377/1/346
f 378/1/346 376/1/345 377/1/346
f 378/1/346 377/1/346 379/1/347
f 378/1/346 379/1/347 380/1/347
f 380/1/347 379/1/347 381/1/348
f 382/1/349 380/1/347 381/1/348
f 382/1/349 381/1/348 383/1/350
f 382/1/349 383/1/350 384/1/351
f 384/1/351 383/1/350 385/1/352
f 384/1/351 385/1/352 386/1/352
f 386/1/352 385/1/352 387/1/353
f 386/1/352 387/1/353 388/1/353
f 388/1/353 387/1/353 389/1/354
f 388/1/353 389/1/354 390/1/354
f 390/1/354 389/1/354 391/1/355
f 390/1/354 391/1/355 392/1/355
f 392/1/355 391/1/355 393/1/356
f 392/1/355 393/1/356 394/1/356
f 394/1/356 393/1/356 316/1/305
f 394/1/356 316/1/305 315/1/304
f 395/1/357 396/1/358 397/1/358
f 398/1/357 396/1/358 395/1/357
f 397/1/358 399/1/359 400/1/359
f 396/1/358 399/1/359 397/1/358
f 400/1/359 401/1/360 402/1/360
f 400/1/359 399/1/359 401/1/360
f 402/1/360 403/1/361 404/1/361
f 402/1/360 401/1/360 403/1/361
f 404/1/361 405/1/362 406/1/362
f 404/1/361 403/1/361 405/1/362
f 406/1/362 407/1/363 408/1/363
f 406/1/362 405/1/362 407/1/363
f 409/1/364 410/1/364 408/1/363
f 407/1/363 409/1/364 408/1/363
f 411/1/365 412/1/365 410/1/364
f 411/1/365 410/1/364 409/1/364
f 413/1/366 414/1/366 412/1/365
f 413/1/366 412/1/365 411/1/365
f 415/1/367 416/1/367 414/1/366
f 415/1/367 414/1/366 413/1/366
f 417/1/368 418/1/368 416/1/367
f 417/1/368 416/1/367 415/1/367
f 419/1/369 420/1/369 418/1/368
f 417/1/368 419/1/369 418/1/368
f 421/1/370 422/1/370 420/1/369
f 421/1/370 420/1/369 419/1/369
f 423/1/371 424/1/371 422/1/370
f 423/1/371 422/1/370 421/1/370
f 425/1/372 426/1/372 424/1/371
f 423/1/371 425/1/372 424/1/371
f 427/1/373 428/1/373 426/1/372
f 427/1/373 426/1/372 425/1/372
f 429/1/374 428/1/373 430/1/374
f 430/1/374 428/1/373 427/1/373
f 431/1/375 429/1/374 432/1/376
f 432/1/376 429/1/374 430/1/374
f 433/1/377 431/1/375 434/1/378
f 434/1/378 431/1/375 432/1/376
f 435/1/379 433/1/377 436/1/379
f 436/1/379 433/1/377 434/1/378
f 437/1/380 435/1/379 438/1/380
f 438/1/380 435/1/379 436/1/379
f 439/1/381 440/1/381 437/1/380
f 439/1/381 437/1/380 438/1/380
f 441/1/382 442/1/382 440/1/381
f 441/1/382 440/1/381 439/1/381
f 443/1/383 444/1/383 442/1/382
f 443/1/383 442/1/382 441/1/382
f 445/1/384 446/1/384 444/1/383
f 445/1/384 444/1/383 443/1/383
f 447/1/385 448/1/386 446/1/384
f 447/1/385 446/1/384 445/1/384
f 449/1/387 450/1/387 448/1/386
f 447/1/385 449/1/387 448/1/386
f 451/1/388 452/1/388 450/1/387
f 451/1/388 450/1/387 449/1/387
f 453/1/389 454/1/389 452/1/388
f 453/1/389 452/1/388 451/1/388
f 455/1/390 456/1/390 454/1/389
f 455/1/390 454/1/389 453/1/389
f 457/1/391 458/1/391 456/1/390
f 457/1/391 456/1/390 455/1/390
f 459/1/392 460/1/392 458/1/391
f 459/1/392 458/1/391 457/1/391
f 461/1/393 462/1/393 460/1/392
f 461/1/393 460/1/392 459/1/392
f 463/1/394 464/1/394 462/1/393
f 461/1/393 463/1/394 462/1/393
f 465/1/395 466/1/395 464/1/394
f 465/1/395 464/1/394 463/1/394
f 467/1/396 468/1/397 466/1/395
f 467/1/396 466/1/395 465/1/395
f 468/1/397 469/1/398 470/1/398
f 467/1/396 469/1/398 468/1/397
f 470/1/398 471/1/399 472/1/399
f 469/1/398 471/1/399 470/1/398
f 472/1/399 473/1/400 474/1/400
f 471/1/399 473/1/400 472/1/399
f 474/1/400 398/1/357 395/1/357
f 473/1/400 398/1/357 474/1/400
f 475/1/401 476/1/263 477/1/402
f 476/1/263 478/1/403 477/1/402
f 476/1/263 479/1/404 478/1/403
f 479/1/404 480/1/405 478/1/403
f 479/1/404 481/1/406 480/1/405
f 481/1/406 482/1/407 480/1/405
f 481/1/406 483/1/408 482/1/407
f 481/1/406 484/1/409 483/1/408
f 484/1/409 485/1/410 483/1/408
f 484/1/409 486/1/411 485/1/410
f 486/1/411 487/1/412 485/1/410
f 488/1/413 487/1/412 486/1/411
f 488/1/414 489/1/415 490/1/416
f 488/1/414 490/1/416 487/1/417
f 487/1/417 490/1/416 491/1/418
f 487/1/417 491/1/418 485/1/418
f 485/1/418 491/1/418 483/1/419
f 491/1/418 83/1/420 483/1/419
f 483/1/419 83/1/420 82/1/421
f 483/1/419 82/1/421 482/1/421
f 482/1/421 82/1/421 480/1/422
f 82/1/421 85/1/422 480/1/422
f 480/1/422 85/1/422 86/1/423
f 480/1/422 86/1/423 478/1/423
f 478/1/423 86/1/423 477/1/424
f 86/1/423 88/1/425 477/1/424
f 477/1/424 88/1/425 492/1/426
f 477/1/424 492/1/426 493/1/427
f 88/1/425 90/1/428 492/1/426
f 493/1/427 492/1/426 494/1/429
f 493/1/427 494/1/429 306/1/430
f 495/1/431 493/1/427 306/1/430
f 495/1/431 306/1/430 309/1/431
f 495/1/431 309/1/431 311/1/432
f 496/1/433 495/1/431 311/1/432
f 497/1/434 496/1/433 311/1/432
f 497/1/434 311/1/432 313/1/435
f 314/1/436 497/1/434 313/1/435
f 498/1/437 497/1/434 314/1/436
f 499/1/438 498/1/437 314/1/436
f 499/1/438 314/1/436 500/1/439
f 501/1/440 499/1/438 500/1/439
f 502/1/441 499/1/438 501/1/440
f 502/1/441 501/1/440 503/1/442
f 504/1/443 502/1/441 503/1/442
f 494/1/429 505/1/444 306/1/430
f 306/1/430 505/1/444 304/1/445
f 304/1/445 505/1/444 288/1/446
f 302/1/447 304/1/445 288/1/446
f 302/1/447 288/1/446 291/1/447
f 302/1/447 291/1/447 293/1/448
f 301/1/448 302/1/447 293/1/448
f 299/1/449 301/1/448 293/1/448
f 299/1/449 293/1/448 295/1/449
f 296/1/450 299/1/449 295/1/449
f 297/1/450 299/1/449 296/1/450
f 506/1/451 297/1/450 296/1/450
f 506/1/451 296/1/450 507/1/452
f 506/1/451 507/1/452 508/1/453
f 509/1/453 506/1/451 508/1/453
f 509/1/453 508/1/453 510/1/454
f 511/1/454 509/1/453 510/1/454
f 505/1/444 512/1/455 288/1/446
f 288/1/446 512/1/455 286/1/456
f 512/1/455 270/1/457 286/1/456
f 286/1/456 270/1/457 284/1/458
f 284/1/458 270/1/457 273/1/458
f 284/1/458 273/1/458 275/1/459
f 283/1/459 284/1/458 275/1/459
f 281/1/460 283/1/459 275/1/459
f 281/1/460 275/1/459 277/1/461
f 281/1/460 277/1/461 278/1/462
f 279/1/463 281/1/460 278/1/462
f 513/1/464 279/1/463 278/1/462
f 513/1/464 278/1/462 514/1/465
f 513/1/464 514/1/465 515/1/466
f 516/1/467 513/1/464 515/1/466
f 516/1/467 515/1/466 517/1/468
f 518/1/468 516/1/467 517/1/468
f 270/1/457 519/1/469 268/1/470
f 512/1/455 519/1/469 270/1/457
f 519/1/469 252/1/471 268/1/470
f 268/1/470 252/1/471 266/1/472
f 266/1/472 252/1/471 255/1/472
f 266/1/472 255/1/472 257/1/473
f 266/1/472 257/1/473 265/1/474
f 265/1/474 257/1/473 263/1/475
f 263/1/475 257/1/473 259/1/476
f 263/1/475 259/1/476 260/1/477
f 263/1/475 260/1/477 261/1/478
f 261/1/478 260/1/477 520/1/479
f 520/1/479 260/1/477 521/1/480
f 520/1/479 521/1/480 522/1/481
f 523/1/482 520/1/479 522/1/481
f 523/1/482 522/1/481 524/1/483
f 525/1/483 523/1/482 524/1/483
f 519/1/469 526/1/484 252/1/471
f 252/1/471 526/1/484 250/1/485
f 526/1/484 234/1/486 250/1/485
f 250/1/485 234/1/486 248/1/487
f 248/1/487 234/1/486 237/1/487
f 248/1/487 237/1/487 239/1/488
f 248/1/487 239/1/488 247/1/488
f 247/1/488 239/1/488 245/1/489
f 239/1/488 241/1/490 245/1/489
f 245/1/489 241/1/490 242/1/491
f 245/1/489 242/1/491 243/1/492
f 243/1/492 242/1/491 527/1/493
f 242/1/491 528/1/494 527/1/493
f 527/1/493 528/1/494 529/1/495
f 527/1/493 529/1/495 530/1/496
f 530/1/496 529/1/495 531/1/497
f 532/1/497 530/1/496 531/1/497
f 526/1/484 533/1/498 234/1/486
f 533/1/498 232/1/499 234/1/486
f 533/1/498 216/1/500 232/1/499
f 232/1/499 216/1/500 230/1/501
f 230/1/501 216/1/500 219/1/502
f 230/1/501 219/1/502 221/1/503
f 230/1/501 221/1/503 229/1/503
f 229/1/503 221/1/503 226/1/504
f 221/1/503 223/1/505 226/1/504
f 226/1/504 223/1/505 224/1/506
f 226/1/504 224/1/506 227/1/507
f 227/1/507 224/1/506 534/1/508
f 224/1/506 535/1/508 534/1/508
f 534/1/508 535/1/508 536/1/509
f 534/1/508 536/1/509 537/1/510
f 537/1/510 536/1/509 538/1/511
f 537/1/510 538/1/511 539/1/512
f 540/1/513 214/1/514 216/1/500
f 533/1/498 540/1/513 216/1/500
f 540/1/513 198/1/515 214/1/514
f 214/1/514 198/1/515 212/1/516
f 198/1/515 201/1/517 212/1/516
f 212/1/516 201/1/517 203/1/518
f 212/1/516 203/1/518 211/1/518
f 211/1/518 203/1/518 208/1/519
f 203/1/518 205/1/519 208/1/519
f 208/1/519 205/1/519 206/1/520
f 208/1/519 206/1/520 209/1/521
f 209/1/521 206/1/520 541/1/522
f 206/1/520 542/1/522 541/1/522
f 541/1/522 542/1/522 543/1/523
f 541/1/522 543/1/523 544/1/524
f 544/1/524 543/1/523 545/1/525
f 544/1/524 545/1/525 546/1/526
f 540/1/513 547/1/527 198/1/515
f 547/1/527 196/1/528 198/1/515
f 180/1/529 196/1/528 547/1/527
f 180/1/529 194/1/530 196/1/528
f 180/1/529 183/1/530 194/1/530
f 183/1/530 185/1/531 194/1/530
f 185/1/531 193/1/532 194/1/530
f 185/1/531 190/1/533 193/1/532
f 185/1/531 187/1/534 190/1/533
f 187/1/534 188/1/535 190/1/533
f 190/1/533 188/1/535 191/1/536
f 188/1/535 548/1/537 191/1/536
f 188/1/535 549/1/537 548/1/537
f 549/1/537 550/1/538 548/1/537
f 548/1/537 550/1/538 551/1/538
f 550/1/538 552/1/539 551/1/538
f 552/1/539 553/1/540 551/1/538
f 554/1/541 178/1/542 180/1/529
f 554/1/541 180/1/529 547/1/527
f 162/1/543 178/1/542 554/1/541
f 162/1/543 176/1/544 178/1/542
f 162/1/543 165/1/544 176/1/544
f 165/1/544 167/1/545 176/1/544
f 167/1/545 175/1/545 176/1/544
f 167/1/545 171/1/546 175/1/545
f 167/1/545 169/1/546 171/1/546
f 169/1/546 170/1/547 171/1/546
f 171/1/546 170/1/547 172/1/547
f 170/1/547 555/1/548 172/1/547
f 170/1/547 556/1/548 555/1/548
f 556/1/548 557/1/549 555/1/548
f 557/1/549 558/1/550 555/1/548
f 559/1/551 558/1/550 557/1/549
f 559/1/551 560/1/551 558/1/550
f 160/1/552 162/1/543 561/1/553
f 561/1/553 162/1/543 554/1/541
f 144/1/554 160/1/552 561/1/553
f 144/1/554 158/1/555 160/1/552
f 144/1/554 147/1/555 158/1/555
f 147/1/555 149/1/556 158/1/555
f 149/1/556 157/1/556 158/1/555
f 149/1/556 153/1/557 157/1/556
f 149/1/556 151/1/558 153/1/557
f 151/1/558 152/1/559 153/1/557
f 152/1/559 154/1/559 153/1/557
f 152/1/559 562/1/560 154/1/559
f 152/1/559 563/1/561 562/1/560
f 564/1/562 562/1/560 563/1/561
f 564/1/562 565/1/563 562/1/560
f 566/1/564 565/1/563 564/1/562
f 566/1/564 567/1/564 565/1/563
f 568/1/565 144/1/554 561/1/553
f 142/1/566 144/1/554 568/1/565
f 126/1/567 142/1/566 568/1/565
f 126/1/567 140/1/568 142/1/566
f 126/1/567 129/1/569 140/1/568
f 129/1/569 131/1/570 140/1/568
f 131/1/570 139/1/571 140/1/568
f 131/1/570 135/1/572 139/1/571
f 133/1/573 135/1/572 131/1/570
f 134/1/574 135/1/572 133/1/573
f 134/1/574 136/1/575 135/1/572
f 134/1/574 569/1/576 136/1/575
f 570/1/577 569/1/576 134/1/574
f 571/1/578 569/1/576 570/1/577
f 571/1/578 572/1/579 569/1/576
f 573/1/580 572/1/579 571/1/578
f 573/1/580 574/1/580 572/1/579
f 124/1/581 126/1/567 575/1/582
f 575/1/582 126/1/567 568/1/565
f 108/1/583 124/1/581 575/1/582
f 108/1/583 122/1/584 124/1/581
f 108/1/583 111/1/584 122/1/584
f 113/1/585 122/1/584 111/1/584
f 113/1/585 121/1/586 122/1/584
f 117/1/587 121/1/586 113/1/585
f 115/1/588 117/1/587 113/1/585
f 116/1/589 117/1/587 115/1/588
f 116/1/589 118/1/590 117/1/587
f 576/1/591 118/1/590 116/1/589
f 577/1/591 576/1/591 116/1/589
f 578/1/592 576/1/591 577/1/591
f 578/1/592 579/1/593 576/1/591
f 580/1/594 579/1/593 578/1/592
f 580/1/594 581/1/595 579/1/593
f 106/1/596 108/1/583 582/1/597
f 108/1/583 575/1/582 582/1/597
f 90/1/428 106/1/596 582/1/597
f 90/1/428 104/1/598 106/1/596
f 93/1/599 104/1/598 90/1/428
f 95/1/600 104/1/598 93/1/599
f 95/1/600 103/1/600 104/1/598
f 100/1/601 103/1/600 95/1/600
f 97/1/602 100/1/601 95/1/600
f 98/1/603 100/1/601 97/1/602
f 98/1/603 101/1/603 100/1/601
f 583/1/604 101/1/603 98/1/603
f 584/1/605 583/1/604 98/1/603
f 585/1/606 583/1/604 584/1/605
f 585/1/606 586/1/607 583/1/604
f 587/1/608 586/1/607 585/1/606
f 587/1/608 588/1/608 586/1/607
f 90/1/428 582/1/597 492/1/426
f 492/1/426 582/1/597 589/1/609
f 582/1/597 575/1/582 589/1/609
f 589/1/609 575/1/582 590/1/610
f 591/1/611 589/1/609 590/1/610
f 592/1/612 589/1/609 591/1/611
f 592/1/612 593/1/613 589/1/609
f 492/1/426 589/1/609 593/1/613
f 594/1/614 593/1/613 592/1/612
f 492/1/426 593/1/613 594/1/614
f 595/1/615 594/1/614 592/1/612
f 596/1/616 594/1/614 595/1/615
f 597/1/617 594/1/614 596/1/616
f 598/1/618 597/1/617 596/1/616
f 599/1/619 594/1/614 597/1/617
f 492/1/426 594/1/614 599/1/619
f 600/1/620 599/1/619 597/1/617
f 492/1/426 599/1/619 600/1/620
f 600/1/620 597/1/617 598/1/618
f 601/1/621 600/1/620 598/1/618
f 602/1/622 601/1/621 598/1/618
f 603/1/623 601/1/621 602/1/622
f 601/1/621 604/1/624 600/1/620
f 492/1/426 600/1/620 604/1/624
f 603/1/623 604/1/624 601/1/621
f 494/1/429 492/1/426 604/1/624
f 494/1/429 604/1/624 605/1/625
f 605/1/625 604/1/624 603/1/623
f 606/1/626 605/1/625 603/1/623
f 494/1/429 605/1/625 606/1/626
f 606/1/626 603/1/623 607/1/627
f 606/1/626 607/1/627 608/1/628
f 494/1/429 606/1/626 505/1/444
f 609/1/629 606/1/626 608/1/628
f 505/1/444 606/1/626 609/1/629
f 610/1/630 609/1/629 608/1/628
f 610/1/630 611/1/631 609/1/629
f 611/1/631 610/1/630 612/1/632
f 611/1/631 613/1/633 609/1/629
f 505/1/444 609/1/629 613/1/633
f 505/1/444 613/1/633 512/1/455
f 611/1/631 614/1/634 613/1/633
f 512/1/455 613/1/633 614/1/634
f 612/1/632 614/1/634 611/1/631
f 612/1/632 615/1/635 614/1/634
f 612/1/632 616/1/636 615/1/635
f 615/1/635 617/1/637 614/1/634
f 512/1/455 614/1/634 617/1/637
f 512/1/455 617/1/637 618/1/638
f 615/1/635 618/1/638 617/1/637
f 616/1/636 618/1/638 615/1/635
f 619/1/639 618/1/638 616/1/636
f 620/1/640 618/1/638 619/1/639
f 512/1/455 618/1/638 519/1/469
f 620/1/640 621/1/641 618/1/638
f 618/1/638 621/1/641 519/1/469
f 622/1/642 621/1/641 620/1/640
f 622/1/642 623/1/643 621/1/641
f 519/1/469 621/1/641 623/1/643
f 519/1/469 623/1/643 526/1/484
f 624/1/644 623/1/643 622/1/642
f 624/1/644 625/1/645 623/1/643
f 624/1/644 626/1/646 625/1/645
f 625/1/645 627/1/647 623/1/643
f 623/1/643 627/1/647 526/1/484
f 526/1/484 627/1/647 533/1/498
f 625/1/645 628/1/648 627/1/647
f 627/1/647 628/1/648 533/1/498
f 626/1/646 628/1/648 625/1/645
f 628/1/648 626/1/646 629/1/649
f 629/1/649 626/1/646 630/1/650
f 629/1/649 630/1/650 631/1/651
f 629/1/649 632/1/652 628/1/648
f 632/1/652 629/1/649 631/1/651
f 628/1/648 632/1/652 533/1/498
f 632/1/652 633/1/653 533/1/498
f 632/1/652 631/1/651 633/1/653
f 633/1/653 631/1/651 634/1/654
f 633/1/653 540/1/513 533/1/498
f 633/1/653 635/1/655 540/1/513
f 633/1/653 634/1/654 635/1/655
f 635/1/655 634/1/654 636/1/656
f 635/1/655 636/1/656 637/1/657
f 637/1/657 636/1/656 638/1/658
f 635/1/655 637/1/657 639/1/659
f 635/1/655 639/1/659 540/1/513
f 639/1/659 547/1/527 540/1/513
f 639/1/659 637/1/657 640/1/660
f 639/1/659 640/1/660 547/1/527
f 637/1/657 638/1/658 640/1/660
f 640/1/660 638/1/658 641/1/661
f 638/1/658 642/1/662 641/1/661
f 641/1/661 642/1/662 643/1/663
f 640/1/660 641/1/661 644/1/664
f 644/1/664 641/1/661 643/1/663
f 640/1/660 644/1/664 547/1/527
f 645/1/665 547/1/527 644/1/664
f 644/1/664 643/1/663 645/1/665
f 643/1/663 646/1/666 645/1/665
f 645/1/665 554/1/541 547/1/527
f 645/1/665 646/1/666 647/1/667
f 647/1/667 554/1/541 645/1/665
f 646/1/666 648/1/668 647/1/667
f 648/1/668 649/1/669 647/1/667
f 648/1/668 650/1/670 649/1/669
f 647/1/667 649/1/669 651/1/671
f 651/1/671 554/1/541 647/1/667
f 649/1/669 652/1/672 651/1/671
f 652/1/672 554/1/541 651/1/671
f 650/1/670 652/1/672 649/1/669
f 650/1/670 653/1/673 652/1/672
f 654/1/674 653/1/673 650/1/670
f 654/1/674 655/1/675 653/1/673
f 653/1/673 656/1/676 652/1/672
f 655/1/675 656/1/676 653/1/673
f 656/1/676 554/1/541 652/1/672
f 656/1/676 561/1/553 554/1/541
f 568/1/565 561/1/553 656/1/676
f 655/1/675 657/1/677 656/1/676
f 568/1/565 656/1/676 657/1/677
f 658/1/678 657/1/677 655/1/675
f 658/1/678 659/1/679 657/1/677
f 659/1/679 568/1/565 657/1/677
f 658/1/678 660/1/680 659/1/679
f 660/1/680 661/1/681 659/1/679
f 661/1/681 568/1/565 659/1/679
f 662/1/682 568/1/565 661/1/681
f 660/1/680 662/1/682 661/1/681
f 575/1/582 568/1/565 662/1/682
f 663/1/683 575/1/582 662/1/682
f 590/1/610 575/1/582 663/1/683
f 664/1/684 590/1/610 663/1/683
f 591/1/611 590/1/610 664/1/684
f 591/1/611 664/1/684 665/1/685
f 665/1/685 664/1/684 666/1/686
f 666/1/686 664/1/684 663/1/683
f 666/1/686 663/1/683 667/1/687
f 667/1/687 663/1/683 662/1/682
f 660/1/680 667/1/687 662/1/682
f 668/1/688 667/1/687 660/1/680
f 666/1/686 667/1/687 668/1/688
f 490/1/689 489/1/690 669/1/691
f 669/1/691 491/1/692 490/1/689
f 670/1/693 491/1/692 669/1/691
f 670/1/693 83/1/83 491/1/692
f 81/1/81 83/1/83 670/1/693
f 671/1/694 587/1/695 585/1/696
f 671/1/694 585/1/696 584/1/697
f 672/1/698 671/1/694 584/1/697
f 672/1/698 584/1/697 98/1/98
f 96/1/96 672/1/698 98/1/98
f 586/1/699 588/1/700 673/1/701
f 583/1/702 586/1/699 673/1/701
f 674/1/703 583/1/702 673/1/701
f 674/1/703 101/1/101 583/1/702
f 99/1/99 101/1/101 674/1/703
f 675/1/704 580/1/705 578/1/706
f 675/1/704 578/1/706 577/1/707
f 676/1/708 675/1/704 577/1/707
f 116/1/116 676/1/708 577/1/707
f 114/1/114 676/1/708 116/1/116
f 579/1/709 581/1/710 677/1/711
f 576/1/712 579/1/709 677/1/711
f 678/1/713 576/1/712 677/1/711
f 118/1/118 576/1/712 678/1/713
f 119/1/119 118/1/118 678/1/713
f 679/1/714 573/1/715 571/1/716
f 570/1/717 679/1/714 571/1/716
f 680/1/718 679/1/714 570/1/717
f 134/1/134 680/1/718 570/1/717
f 132/1/132 680/1/718 134/1/134
f 681/1/719 572/1/720 574/1/721
f 569/1/722 572/1/720 681/1/719
f 569/1/722 681/1/719 682/1/723
f 136/1/136 569/1/722 682/1/723
f 137/1/137 136/1/136 682/1/723
f 564/1/724 683/1/725 566/1/726
f 563/1/727 683/1/725 564/1/724
f 684/1/728 683/1/725 563/1/727
f 152/1/151 684/1/728 563/1/727
f 150/1/149 684/1/728 152/1/151
f 685/1/729 565/1/730 567/1/731
f 685/1/729 562/1/732 565/1/730
f 686/1/733 562/1/732 685/1/729
f 154/1/153 562/1/732 686/1/733
f 155/1/154 154/1/153 686/1/733
f 557/1/734 687/1/735 559/1/736
f 556/1/737 687/1/735 557/1/734
f 688/1/738 687/1/735 556/1/737
f 688/1/738 556/1/737 170/1/168
f 168/1/166 688/1/738 170/1/168
f 689/1/739 558/1/740 560/1/741
f 689/1/739 555/1/742 558/1/740
f 690/1/743 555/1/742 689/1/739
f 172/1/170 555/1/742 690/1/743
f 173/1/171 172/1/170 690/1/743
f 550/1/744 691/1/745 552/1/746
f 549/1/747 691/1/745 550/1/744
f 692/1/748 691/1/745 549/1/747
f 692/1/748 549/1/747 188/1/185
f 186/1/183 692/1/748 188/1/185
f 693/1/749 551/1/750 553/1/751
f 693/1/749 548/1/752 551/1/750
f 694/1/753 548/1/752 693/1/749
f 694/1/753 191/1/188 548/1/752
f 189/1/186 191/1/188 694/1/753
f 543/1/754 695/1/755 545/1/756
f 695/1/755 543/1/754 542/1/757
f 696/1/758 695/1/755 542/1/757
f 696/1/758 542/1/757 206/1/203
f 204/1/201 696/1/758 206/1/203
f 697/1/759 544/1/760 546/1/761
f 697/1/759 541/1/762 544/1/760
f 697/1/759 698/1/763 541/1/762
f 698/1/763 209/1/206 541/1/762
f 207/1/204 209/1/206 698/1/763
f 699/1/764 538/1/765 536/1/766
f 699/1/764 536/1/766 535/1/767
f 700/1/768 699/1/764 535/1/767
f 700/1/768 535/1/767 224/1/220
f 222/1/218 700/1/768 224/1/220
f 701/1/769 537/1/770 539/1/771
f 701/1/769 534/1/772 537/1/770
f 701/1/769 702/1/773 534/1/772
f 702/1/773 227/1/223 534/1/772
f 225/1/221 227/1/223 702/1/773
f 703/1/774 531/1/775 529/1/776
f 703/1/774 529/1/776 528/1/777
f 704/1/778 703/1/774 528/1/777
f 528/1/777 242/1/237 704/1/778
f 704/1/778 242/1/237 240/1/235
f 705/1/779 530/1/780 532/1/781
f 705/1/779 527/1/782 530/1/780
f 705/1/779 706/1/783 527/1/782
f 527/1/782 706/1/783 243/1/238
f 706/1/783 244/1/239 243/1/238
f 707/1/784 524/1/785 522/1/786
f 707/1/784 522/1/786 521/1/787
f 708/1/788 707/1/784 521/1/787
f 521/1/787 260/1/255 708/1/788
f 708/1/788 260/1/255 258/1/253
f 709/1/789 523/1/790 525/1/791
f 709/1/789 520/1/792 523/1/790
f 709/1/789 710/1/793 520/1/792
f 710/1/793 261/1/256 520/1/792
f 710/1/793 262/1/257 261/1/256
f 711/1/794 517/1/795 515/1/796
f 711/1/794 515/1/796 514/1/797
f 711/1/794 514/1/797 712/1/798
f 514/1/797 278/1/271 712/1/798
f 712/1/798 278/1/271 276/1/269
f 713/1/799 516/1/800 518/1/801
f 713/1/799 513/1/802 516/1/800
f 714/1/803 513/1/802 713/1/799
f 714/1/803 279/1/272 513/1/802
f 714/1/803 280/1/273 279/1/272
f 715/1/804 510/1/805 508/1/806
f 715/1/804 508/1/806 507/1/807
f 715/1/804 507/1/807 716/1/808
f 716/1/808 507/1/807 296/1/286
f 294/1/284 716/1/808 296/1/286
f 717/1/809 509/1/810 511/1/811
f 717/1/809 506/1/812 509/1/810
f 718/1/813 506/1/812 717/1/809
f 718/1/813 297/1/287 506/1/812
f 718/1/813 298/1/288 297/1/287
f 719/1/814 503/1/815 501/1/816
f 719/1/814 501/1/816 500/1/817
f 719/1/814 500/1/817 720/1/818
f 720/1/818 500/1/817 314/1/303
f 312/1/301 720/1/818 314/1/303
f 721/1/819 502/1/820 504/1/821
f 721/1/819 499/1/822 502/1/820
f 722/1/823 499/1/822 721/1/819
f 722/1/823 498/1/824 499/1/822
f 723/1/825 498/1/824 722/1/823
f 723/1/825 497/1/826 498/1/824
f 724/1/827 497/1/826 723/1/825
f 724/1/827 496/1/828 497/1/826
f 724/1/827 495/1/829 496/1/828
f 725/1/126 495/1/829 724/1/827
f 725/1/126 493/1/830 495/1/829
f 725/1/126 726/1/831 493/1/830
f 493/1/830 726/1/831 475/1/401
f 493/1/830 475/1/401 477/1/402
f 727/1/832 728/1/833 729/1/834
f 728/1/833 730/1/834 729/1/834
f 730/1/834 731/1/835 729/1/834
f 732/1/835 731/1/835 730/1/834
f 733/1/836 728/1/833 727/1/832
f 733/1/836 727/1/832 734/1/836
f 735/1/837 733/1/836 734/1/836
f 735/1/837 734/1/836 736/1/837
f 735/1/837 736/1/837 737/1/838
f 737/1/838 736/1/837 738/1/838
f 737/1/838 738/1/838 739/1/839
f 739/1/839 738/1/838 740/1/839
f 741/1/840 742/1/841 743/1/841
f 744/1/840 741/1/840 743/1/841
f 744/1/840 740/1/839 741/1/840
f 739/1/839 740/1/839 744/1/840
f 745/1/842 746/1/843 747/1/844
f 745/1/842 747/1/844 748/1/842
f 742/1/841 745/1/842 748/1/842
f 743/1/841 742/1/841 748/1/842
f 732/1/835 749/1/845 731/1/835
f 732/1/835 750/1/845 749/1/845
f 750/1/845 746/1/843 749/1/845
f 747/1/844 746/1/843 750/1/845
f 751/1/846 752/1/847 753/1/847
f 754/1/846 752/1/847 751/1/846
f 755/1/848 754/1/846 751/1/846
f 756/1/848 754/1/846 755/1/848
f 757/1/849 756/1/848 755/1/848
f 758/1/849 756/1/848 757/1/849
f 759/1/850 758/1/849 757/1/849
f 759/1/850 760/1/850 758/1/849
f 761/1/851 760/1/850 759/1/850
f 761/1/851 762/1/851 760/1/850
f 763/1/852 762/1/851 761/1/851
f 763/1/852 764/1/853 762/1/851
f 765/1/854 764/1/853 763/1/852
f 765/1/854 766/1/854 764/1/853
f 767/1/855 766/1/854 765/1/854
f 767/1/855 768/1/855 766/1/854
f 769/1/856 768/1/855 767/1/855
f 769/1/856 770/1/856 768/1/855
f 752/1/847 771/1/857 753/1/847
f 753/1/847 771/1/857 772/1/857
f 772/1/857 771/1/857 773/1/858
f 772/1/857 773/1/858 774/1/858
f 774/1/858 773/1/858 775/1/859
f 774/1/858 775/1/859 776/1/859
f 776/1/859 775/1/859 777/1/860
f 778/1/860 776/1/859 777/1/860
f 778/1/860 777/1/860 779/1/861
f 778/1/860 779/1/861 780/1/862
f 780/1/862 779/1/861 781/1/863
f 780/1/862 781/1/863 782/1/863
f 782/1/863 781/1/863 783/1/864
f 782/1/863 783/1/864 784/1/864
f 784/1/864 783/1/864 785/1/865
f 784/1/864 785/1/865 786/1/865
f 786/1/865 785/1/865 787/1/866
f 788/1/866 786/1/865 787/1/866
f 788/1/866 787/1/866 789/1/867
f 788/1/866 789/1/867 790/1/867
f 790/1/867 789/1/867 791/1/868
f 790/1/867 791/1/868 792/1/868
f 793/1/869 792/1/868 791/1/868
f 793/1/869 794/1/869 792/1/868
f 795/1/870 794/1/869 793/1/869
f 795/1/870 796/1/870 794/1/869
f 797/1/871 796/1/870 795/1/870
f 797/1/871 798/1/871 796/1/870
f 799/1/872 798/1/871 797/1/871
f 799/1/872 800/1/873 798/1/871
f 801/1/874 800/1/873 799/1/872
f 801/1/874 802/1/874 800/1/873
f 803/1/875 802/1/874 801/1/874
f 804/1/875 802/1/874 803/1/875
f 805/1/876 804/1/875 803/1/875
f 806/1/876 804/1/875 805/1/876
f 807/1/877 806/1/876 805/1/876
f 808/1/878 806/1/876 807/1/877
f 809/1/879 808/1/878 807/1/877
f 810/1/879 808/1/878 809/1/879
f 811/1/880 810/1/879 809/1/879
f 812/1/880 810/1/879 811/1/880
f 812/1/880 811/1/880 813/1/881
f 814/1/881 812/1/880 813/1/881
f 814/1/881 813/1/881 815/1/882
f 814/1/881 815/1/882 816/1/882
f 816/1/882 815/1/882 817/1/883
f 818/1/883 816/1/882 817/1/883
f 818/1/883 817/1/883 819/1/884
f 820/1/885 818/1/883 819/1/884
f 820/1/885 819/1/884 821/1/886
f 820/1/885 821/1/886 822/1/886
f 822/1/886 821/1/886 823/1/887
f 822/1/886 823/1/887 824/1/887
f 824/1/887 823/1/887 825/1/888
f 826/1/888 824/1/887 825/1/888
f 826/1/888 825/1/888 827/1/889
f 826/1/888 827/1/889 828/1/890
f 828/1/890 827/1/889 829/1/891
f 828/1/890 829/1/891 830/1/891
f 830/1/891 829/1/891 770/1/856
f 830/1/891 770/1/856 769/1/856
f 734/1/892 738/1/892 736/1/892
f 727/1/892 738/1/892 734/1/892
f 727/1/892 729/1/892 738/1/892
f 729/1/892 740/1/892 738/1/892
f 729/1/892 731/1/892 740/1/892
f 731/1/892 749/1/892 740/1/892
f 749/1/892 746/1/892 740/1/892
f 740/1/892 746/1/892 745/1/892
f 740/1/892 745/1/892 742/1/892
f 740/1/892 742/1/892 741/1/892
f 831/1/892 832/1/892 833/1/892
f 833/1/892 834/1/892 835/1/892
f 833/1/892 832/1/892 834/1/892
f 834/1/892 836/1/892 837/1/892
f 832/1/892 836/1/892 834/1/892
f 832/1/892 838/1/892 836/1/892
f 2/1/2 316/1/893 3/1/3
f 3/1/3 316/1/893 393/1/894
f 3/1/3 393/1/894 80/1/80
f 80/1/80 393/1/894 391/1/895
f 80/1/80 391/1/895 78/1/78
f 78/1/78 391/1/895 389/1/896
f 78/1/78 389/1/896 76/1/76
f 76/1/76 389/1/896 387/1/897
f 76/1/76 387/1/897 74/1/74
f 74/1/74 387/1/897 385/1/898
f 74/1/74 385/1/898 72/1/72
f 72/1/72 385/1/898 383/1/899
f 72/1/72 383/1/899 70/1/70
f 70/1/70 383/1/899 381/1/900
f 70/1/70 381/1/900 68/1/68
f 68/1/68 381/1/900 379/1/901
f 68/1/68 379/1/901 66/1/66
f 66/1/66 379/1/901 377/1/902
f 66/1/66 377/1/902 64/1/64
f 377/1/902 375/1/903 64/1/64
f 64/1/64 375/1/903 62/1/62
f 375/1/903 373/1/904 62/1/62
f 62/1/62 373/1/904 60/1/60
f 373/1/904 371/1/905 60/1/60
f 60/1/60 371/1/905 58/1/58
f 371/1/905 369/1/906 58/1/58
f 58/1/58 369/1/906 56/1/56
f 369/1/906 367/1/907 56/1/56
f 56/1/56 367/1/907 54/1/54
f 367/1/907 365/1/908 54/1/54
f 54/1/54 365/1/908 52/1/52
f 365/1/908 363/1/909 52/1/52
f 52/1/52 363/1/909 50/1/50
f 363/1/909 361/1/910 50/1/50
f 50/1/50 361/1/910 48/1/48
f 361/1/910 359/1/911 48/1/48
f 48/1/48 359/1/911 46/1/46
f 359/1/911 357/1/912 46/1/46
f 357/1/912 44/1/44 46/1/46
f 355/1/913 44/1/44 357/1/912
f 355/1/913 42/1/42 44/1/44
f 353/1/914 42/1/42 355/1/913
f 353/1/914 40/1/40 42/1/42
f 351/1/915 40/1/40 353/1/914
f 351/1/915 38/1/38 40/1/40
f 349/1/916 38/1/38 351/1/915
f 349/1/916 36/1/36 38/1/38
f 347/1/917 36/1/36 349/1/916
f 347/1/917 34/1/34 36/1/36
f 345/1/918 34/1/34 347/1/917
f 345/1/918 32/1/32 34/1/34
f 343/1/919 32/1/32 345/1/918
f 343/1/919 30/1/30 32/1/32
f 341/1/920 30/1/30 343/1/919
f 341/1/920 28/1/28 30/1/30
f 339/1/921 28/1/28 341/1/920
f 339/1/921 26/1/26 28/1/28
f 337/1/922 26/1/26 339/1/921
f 24/1/24 26/1/26 337/1/922
f 335/1/923 24/1/24 337/1/922
f 22/1/22 24/1/24 335/1/923
f 333/1/924 22/1/22 335/1/923
f 20/1/20 22/1/22 333/1/924
f 331/1/925 20/1/20 333/1/924
f 18/1/18 20/1/20 331/1/925
f 329/1/926 18/1/18 331/1/925
f 16/1/16 18/1/18 329/1/926
f 327/1/927 16/1/16 329/1/926
f 14/1/14 16/1/16 327/1/927
f 325/1/928 14/1/14 327/1/927
f 12/1/12 14/1/14 325/1/928
f 323/1/929 12/1/12 325/1/928
f 10/1/10 12/1/12 323/1/929
f 321/1/930 10/1/10 323/1/929
f 8/1/8 10/1/10 321/1/930
f 319/1/931 8/1/8 321/1/930
f 6/1/6 8/1/8 319/1/931
f 6/1/6 319/1/931 317/1/932
f 2/1/2 6/1/6 317/1/932
f 2/1/2 317/1/932 316/1/893
f 397/1/933 4/1/4 395/1/934
f 395/1/934 4/1/4 79/1/79
f 395/1/934 79/1/79 474/1/935
f 474/1/935 79/1/79 77/1/77
f 474/1/935 77/1/77 472/1/936
f 472/1/936 77/1/77 75/1/75
f 472/1/936 75/1/75 470/1/937
f 470/1/937 75/1/75 73/1/73
f 470/1/937 73/1/73 468/1/938
f 468/1/938 73/1/73 71/1/71
f 468/1/938 71/1/71 466/1/939
f 466/1/939 71/1/71 69/1/69
f 466/1/939 69/1/69 464/1/940
f 464/1/940 69/1/69 67/1/67
f 464/1/940 67/1/67 462/1/941
f 462/1/941 67/1/67 65/1/65
f 462/1/941 65/1/65 460/1/942
f 460/1/942 65/1/65 63/1/63
f 460/1/942 63/1/63 458/1/943
f 63/1/63 61/1/61 458/1/943
f 458/1/943 61/1/61 456/1/944
f 61/1/61 59/1/59 456/1/944
f 456/1/944 59/1/59 454/1/945
f 59/1/59 57/1/57 454/1/945
f 454/1/945 57/1/57 452/1/946
f 57/1/57 55/1/55 452/1/946
f 452/1/946 55/1/55 450/1/947
f 55/1/55 53/1/53 450/1/947
f 450/1/947 53/1/53 448/1/948
f 53/1/53 51/1/51 448/1/948
f 448/1/948 51/1/51 446/1/949
f 51/1/51 49/1/49 446/1/949
f 446/1/949 49/1/49 444/1/950
f 49/1/49 47/1/47 444/1/950
f 444/1/950 47/1/47 442/1/951
f 47/1/47 45/1/45 442/1/951
f 442/1/951 45/1/45 440/1/952
f 45/1/45 43/1/43 440/1/952
f 43/1/43 437/1/953 440/1/952
f 41/1/41 437/1/953 43/1/43
f 41/1/41 435/1/954 437/1/953
f 39/1/39 435/1/954 41/1/41
f 39/1/39 433/1/955 435/1/954
f 37/1/37 433/1/955 39/1/39
f 37/1/37 431/1/956 433/1/955
f 35/1/35 431/1/956 37/1/37
f 35/1/35 429/1/957 431/1/956
f 33/1/33 429/1/957 35/1/35
f 33/1/33 428/1/958 429/1/957
f 31/1/31 428/1/958 33/1/33
f 31/1/31 426/1/959 428/1/958
f 29/1/29 426/1/959 31/1/31
f 29/1/29 424/1/960 426/1/959
f 27/1/27 424/1/960 29/1/29
f 27/1/27 422/1/961 424/1/960
f 25/1/25 422/1/961 27/1/27
f 25/1/25 420/1/962 422/1/961
f 23/1/23 420/1/962 25/1/25
f 418/1/963 420/1/962 23/1/23
f 21/1/21 418/1/963 23/1/23
f 416/1/964 418/1/963 21/1/21
f 19/1/19 416/1/964 21/1/21
f 414/1/965 416/1/964 19/1/19
f 17/1/17 414/1/965 19/1/19
f 412/1/966 414/1/965 17/1/17
f 15/1/15 412/1/966 17/1/17
f 410/1/967 412/1/966 15/1/15
f 13/1/13 410/1/967 15/1/15
f 408/1/968 410/1/967 13/1/13
f 11/1/11 408/1/968 13/1/13
f 406/1/969 408/1/968 11/1/11
f 9/1/9 406/1/969 11/1/11
f 404/1/970 406/1/969 9/1/9
f 7/1/7 404/1/970 9/1/9
f 402/1/971 404/1/970 7/1/7
f 5/1/5 402/1/971 7/1/7
f 400/1/972 402/1/971 5/1/5
f 400/1/972 5/1/5 1/1/1
f 397/1/933 400/1/972 1/1/1
f 397/1/933 1/1/1 4/1/4
f 839/1/973 760/1/974 762/1/975
f 840/1/976 760/1/974 839/1/973
f 840/1/976 758/1/977 760/1/974
f 840/1/976 841/1/978 758/1/977
f 841/1/978 756/1/979 758/1/977
f 841/1/978 842/1/980 756/1/979
f 842/1/980 754/1/981 756/1/979
f 842/1/980 843/1/982 754/1/981
f 843/1/982 752/1/983 754/1/981
f 843/1/982 844/1/984 752/1/983
f 844/1/984 771/1/985 752/1/983
f 844/1/984 845/1/986 771/1/985
f 845/1/986 773/1/987 771/1/985
f 845/1/986 846/1/988 773/1/987
f 846/1/988 775/1/989 773/1/987
f 846/1/988 847/1/990 775/1/989
f 847/1/990 777/1/991 775/1/989
f 847/1/990 848/1/992 777/1/991
f 848/1/992 779/1/993 777/1/991
f 848/1/992 849/1/994 779/1/993
f 849/1/994 781/1/995 779/1/993
f 849/1/994 850/1/996 781/1/995
f 850/1/996 783/1/997 781/1/995
f 850/1/996 851/1/998 783/1/997
f 783/1/997 851/1/998 785/1/999
f 851/1/998 852/1/1000 785/1/999
f 785/1/999 852/1/1000 787/1/1001
f 852/1/1000 853/1/1002 787/1/1001
f 787/1/1001 853/1/1002 789/1/1003
f 853/1/1002 854/1/1004 789/1/1003
f 789/1/1003 854/1/1004 791/1/1005
f 854/1/1004 855/1/1006 791/1/1005
f 791/1/1005 855/1/1006 793/1/1007
f 855/1/1006 856/1/1008 793/1/1007
f 793/1/1007 856/1/1008 795/1/1009
f 856/1/1008 857/1/1010 795/1/1009
f 795/1/1009 857/1/1010 797/1/535
f 857/1/1010 858/1/1011 797/1/535
f 797/1/535 858/1/1011 799/1/1012
f 799/1/1012 858/1/1011 859/1/1013
f 799/1/1012 859/1/1013 801/1/1014
f 801/1/1014 859/1/1013 860/1/1015
f 803/1/1016 801/1/1014 860/1/1015
f 803/1/1016 860/1/1015 861/1/1017
f 805/1/1018 803/1/1016 861/1/1017
f 805/1/1018 861/1/1017 862/1/1019
f 807/1/1020 805/1/1018 862/1/1019
f 807/1/1020 862/1/1019 863/1/1021
f 809/1/1022 807/1/1020 863/1/1021
f 809/1/1022 863/1/1021 864/1/1023
f 811/1/1024 809/1/1022 864/1/1023
f 811/1/1024 864/1/1023 865/1/1025
f 813/1/1026 811/1/1024 865/1/1025
f 813/1/1026 865/1/1025 866/1/1027
f 815/1/1028 813/1/1026 866/1/1027
f 815/1/1028 866/1/1027 867/1/1029
f 817/1/1030 815/1/1028 867/1/1029
f 817/1/1030 867/1/1029 868/1/1031
f 819/1/1032 817/1/1030 868/1/1031
f 819/1/1032 868/1/1031 869/1/1033
f 821/1/1034 819/1/1032 869/1/1033
f 821/1/1034 869/1/1033 870/1/1035
f 823/1/1036 821/1/1034 870/1/1035
f 871/1/1037 823/1/1036 870/1/1035
f 825/1/1038 823/1/1036 871/1/1037
f 872/1/1039 825/1/1038 871/1/1037
f 827/1/1040 825/1/1038 872/1/1039
f 873/1/1041 827/1/1040 872/1/1039
f 829/1/1042 827/1/1040 873/1/1041
f 874/1/1043 829/1/1042 873/1/1041
f 770/1/1044 829/1/1042 874/1/1043
f 875/1/1045 770/1/1044 874/1/1043
f 768/1/1046 770/1/1044 875/1/1045
f 876/1/1047 768/1/1046 875/1/1045
f 766/1/1048 768/1/1046 876/1/1047
f 877/1/1049 766/1/1048 876/1/1047
f 764/1/437 766/1/1048 877/1/1049
f 878/1/1050 764/1/437 877/1/1049
f 878/1/1050 762/1/975 764/1/437
f 839/1/973 762/1/975 878/1/1050
f 839/1/973 878/1/1050 394/1/1051
f 315/1/1052 839/1/973 394/1/1051
f 394/1/1051 878/1/1050 392/1/1053
f 878/1/1050 877/1/1049 392/1/1053
f 392/1/1053 877/1/1049 390/1/1054
f 877/1/1049 876/1/1047 390/1/1054
f 390/1/1054 876/1/1047 388/1/1055
f 876/1/1047 875/1/1045 388/1/1055
f 388/1/1055 875/1/1045 386/1/1056
f 875/1/1045 874/1/1043 386/1/1056
f 386/1/1056 874/1/1043 384/1/1057
f 874/1/1043 873/1/1041 384/1/1057
f 384/1/1057 873/1/1041 382/1/1058
f 873/1/1041 872/1/1039 382/1/1058
f 382/1/1058 872/1/1039 380/1/1059
f 872/1/1039 871/1/1037 380/1/1059
f 380/1/1059 871/1/1037 378/1/1060
f 871/1/1037 870/1/1035 378/1/1060
f 870/1/1035 376/1/1061 378/1/1060
f 870/1/1035 869/1/1033 376/1/1061
f 869/1/1033 374/1/1062 376/1/1061
f 869/1/1033 868/1/1031 374/1/1062
f 868/1/1031 372/1/1063 374/1/1062
f 868/1/1031 867/1/1029 372/1/1063
f 867/1/1029 370/1/1064 372/1/1063
f 867/1/1029 866/1/1027 370/1/1064
f 866/1/1027 368/1/1065 370/1/1064
f 866/1/1027 865/1/1025 368/1/1065
f 865/1/1025 366/1/1066 368/1/1065
f 865/1/1025 864/1/1023 366/1/1066
f 864/1/1023 364/1/1067 366/1/1066
f 864/1/1023 863/1/1021 364/1/1067
f 863/1/1021 362/1/1068 364/1/1067
f 863/1/1021 862/1/1019 362/1/1068
f 862/1/1019 360/1/1069 362/1/1068
f 862/1/1019 861/1/1017 360/1/1069
f 861/1/1017 358/1/1070 360/1/1069
f 861/1/1017 860/1/1015 358/1/1070
f 860/1/1015 356/1/1071 358/1/1070
f 859/1/1013 356/1/1071 860/1/1015
f 354/1/1072 356/1/1071 859/1/1013
f 858/1/1011 354/1/1072 859/1/1013
f 352/1/1073 354/1/1072 858/1/1011
f 857/1/1010 352/1/1073 858/1/1011
f 350/1/1074 352/1/1073 857/1/1010
f 856/1/1008 350/1/1074 857/1/1010
f 348/1/1075 350/1/1074 856/1/1008
f 855/1/1006 348/1/1075 856/1/1008
f 346/1/1076 348/1/1075 855/1/1006
f 854/1/1004 346/1/1076 855/1/1006
f 344/1/1077 346/1/1076 854/1/1004
f 853/1/1002 344/1/1077 854/1/1004
f 342/1/1078 344/1/1077 853/1/1002
f 852/1/1000 342/1/1078 853/1/1002
f 340/1/1079 342/1/1078 852/1/1000
f 851/1/998 340/1/1079 852/1/1000
f 338/1/1080 340/1/1079 851/1/998
f 338/1/1080 851/1/998 850/1/996
f 336/1/1081 338/1/1080 850/1/996
f 336/1/1081 850/1/996 849/1/994
f 334/1/1082 336/1/1081 849/1/994
f 334/1/1082 849/1/994 848/1/992
f 332/1/1083 334/1/1082 848/1/992
f 332/1/1083 848/1/992 847/1/990
f 330/1/1084 332/1/1083 847/1/990
f 330/1/1084 847/1/990 846/1/988
f 328/1/1085 330/1/1084 846/1/988
f 328/1/1085 846/1/988 845/1/986
f 326/1/1086 328/1/1085 845/1/986
f 326/1/1086 845/1/986 844/1/984
f 324/1/1087 326/1/1086 844/1/984
f 324/1/1087 844/1/984 843/1/982
f 322/1/1088 324/1/1087 843/1/982
f 322/1/1088 843/1/982 842/1/980
f 320/1/1089 322/1/1088 842/1/980
f 320/1/1089 842/1/980 841/1/978
f 318/1/1090 320/1/1089 841/1/978
f 318/1/1090 841/1/978 840/1/976
f 318/1/1090 840/1/976 315/1/1052
f 315/1/1052 840/1/976 839/1/973
usemtl dbl_wheel_rf_002.002
f 879/1/1091 880/1/1092 881/1/1093
f 880/1/1092 882/1/1094 881/1/1093
f 882/1/1094 883/1/1095 881/1/1093
f 882/1/1094 884/1/1096 883/1/1095
f 884/1/1096 885/1/1097 883/1/1095
f 885/1/1097 886/1/1098 883/1/1095
f 885/1/1097 887/1/1099 886/1/1098
f 887/1/1099 888/1/1100 886/1/1098
f 888/1/1100 889/1/1101 886/1/1098
f 888/1/1100 890/1/1102 889/1/1101
f 890/1/1102 891/1/1103 889/1/1101
f 891/1/1103 892/1/1104 889/1/1101
f 891/1/1103 893/1/1105 892/1/1104
f 893/1/1105 894/1/1106 892/1/1104
f 892/1/1104 894/1/1106 895/1/1107
f 894/1/1106 896/1/1108 895/1/1107
f 895/1/1107 896/1/1108 897/1/1109
f 895/1/1107 897/1/1109 898/1/1110
f 897/1/1109 899/1/1111 898/1/1110
f 898/1/1110 899/1/1111 900/1/1112
f 898/1/1110 900/1/1112 901/1/1113
f 901/1/1113 900/1/1112 902/1/1114
f 901/1/1113 902/1/1114 903/1/1115
f 901/1/1113 903/1/1115 904/1/1116
f 904/1/1116 903/1/1115 905/1/1117
f 904/1/1116 905/1/1117 906/1/1118
f 904/1/1116 906/1/1118 907/1/1119
f 907/1/1119 906/1/1118 908/1/1120
f 907/1/1119 908/1/1120 909/1/1121
f 910/1/1122 907/1/1119 909/1/1121
f 910/1/1122 909/1/1121 911/1/1123
f 910/1/1122 911/1/1123 912/1/1124
f 913/1/1125 910/1/1122 912/1/1124
f 913/1/1125 912/1/1124 914/1/1126
f 913/1/1125 914/1/1126 915/1/1127
f 916/1/1128 913/1/1125 915/1/1127
f 916/1/1128 915/1/1127 917/1/1129
f 916/1/1128 917/1/1129 918/1/1130
f 919/1/1131 916/1/1128 918/1/1130
f 919/1/1131 918/1/1130 920/1/1132
f 919/1/1131 920/1/1132 921/1/1133
f 922/1/1134 919/1/1131 921/1/1133
f 922/1/1134 921/1/1133 923/1/1135
f 924/1/1136 922/1/1134 923/1/1135
f 925/1/1137 922/1/1134 924/1/1136
f 926/1/1138 925/1/1137 924/1/1136
f 927/1/1139 925/1/1137 926/1/1138
f 928/1/1140 925/1/1137 927/1/1139
f 929/1/1141 928/1/1140 927/1/1139
f 930/1/1142 928/1/1140 929/1/1141
f 930/1/1142 931/1/1143 928/1/1140
f 932/1/1144 931/1/1143 930/1/1142
f 933/1/1145 931/1/1143 932/1/1144
f 933/1/1145 934/1/1146 931/1/1143
f 935/1/1147 934/1/1146 933/1/1145
f 936/1/1148 934/1/1146 935/1/1147
f 936/1/1148 937/1/1149 934/1/1146
f 938/1/1150 937/1/1149 936/1/1148
f 938/1/1150 879/1/1091 937/1/1149
f 879/1/1091 881/1/1093 937/1/1149
f 939/1/1151 940/1/1152 880/1/1092
f 941/1/1153 939/1/1151 880/1/1092
f 941/1/1153 880/1/1092 879/1/1091
f 941/1/1153 879/1/1091 938/1/1150
f 942/1/1154 941/1/1153 938/1/1150
f 942/1/1154 938/1/1150 936/1/1148
f 942/1/1154 936/1/1148 943/1/1155
f 943/1/1155 936/1/1148 935/1/1147
f 943/1/1155 935/1/1147 944/1/1156
f 944/1/1156 935/1/1147 933/1/1145
f 944/1/1156 933/1/1145 945/1/1157
f 945/1/1157 933/1/1145 932/1/1144
f 945/1/1157 932/1/1144 946/1/1158
f 946/1/1158 932/1/1144 930/1/1142
f 946/1/1158 930/1/1142 947/1/1159
f 947/1/1159 930/1/1142 929/1/1141
f 947/1/1159 929/1/1141 948/1/1160
f 948/1/1160 929/1/1141 927/1/1139
f 948/1/1160 927/1/1139 949/1/1161
f 949/1/1161 927/1/1139 926/1/1138
f 949/1/1161 926/1/1138 950/1/1162
f 950/1/1162 926/1/1138 924/1/1136
f 950/1/1162 924/1/1136 951/1/1163
f 951/1/1163 924/1/1136 923/1/1135
f 951/1/1163 923/1/1135 952/1/1164
f 923/1/1135 921/1/1133 952/1/1164
f 952/1/1164 921/1/1133 953/1/1165
f 921/1/1133 920/1/1132 953/1/1165
f 953/1/1165 920/1/1132 954/1/1166
f 920/1/1132 918/1/1130 954/1/1166
f 954/1/1166 918/1/1130 955/1/1167
f 918/1/1130 917/1/1129 955/1/1167
f 955/1/1167 917/1/1129 956/1/1168
f 917/1/1129 915/1/1127 956/1/1168
f 956/1/1168 915/1/1127 957/1/1169
f 915/1/1127 914/1/1126 957/1/1169
f 957/1/1169 914/1/1126 958/1/1170
f 914/1/1126 912/1/1124 958/1/1170
f 958/1/1170 912/1/1124 959/1/1171
f 912/1/1124 911/1/1123 959/1/1171
f 959/1/1171 911/1/1123 960/1/1172
f 911/1/1123 909/1/1121 960/1/1172
f 909/1/1121 961/1/1173 960/1/1172
f 909/1/1121 908/1/1120 961/1/1173
f 908/1/1120 962/1/1174 961/1/1173
f 906/1/1118 962/1/1174 908/1/1120
f 906/1/1118 963/1/1175 962/1/1174
f 905/1/1117 963/1/1175 906/1/1118
f 905/1/1117 964/1/1176 963/1/1175
f 903/1/1115 964/1/1176 905/1/1117
f 903/1/1115 965/1/1177 964/1/1176
f 902/1/1114 965/1/1177 903/1/1115
f 902/1/1114 966/1/1178 965/1/1177
f 900/1/1112 966/1/1178 902/1/1114
f 900/1/1112 967/1/1179 966/1/1178
f 899/1/1111 967/1/1179 900/1/1112
f 899/1/1111 968/1/1180 967/1/1179
f 897/1/1109 968/1/1180 899/1/1111
f 897/1/1109 969/1/1181 968/1/1180
f 896/1/1108 969/1/1181 897/1/1109
f 896/1/1108 970/1/1182 969/1/1181
f 894/1/1106 970/1/1182 896/1/1108
f 894/1/1106 971/1/1183 970/1/1182
f 893/1/1105 971/1/1183 894/1/1106
f 893/1/1105 972/1/1184 971/1/1183
f 891/1/1103 972/1/1184 893/1/1105
f 973/1/1185 972/1/1184 891/1/1103
f 890/1/1102 973/1/1185 891/1/1103
f 974/1/1186 973/1/1185 890/1/1102
f 888/1/1100 974/1/1186 890/1/1102
f 975/1/1187 974/1/1186 888/1/1100
f 887/1/1099 975/1/1187 888/1/1100
f 976/1/1188 975/1/1187 887/1/1099
f 885/1/1097 976/1/1188 887/1/1099
f 977/1/1189 976/1/1188 885/1/1097
f 884/1/1096 977/1/1189 885/1/1097
f 978/1/1190 977/1/1189 884/1/1096
f 882/1/1094 978/1/1190 884/1/1096
f 940/1/1152 978/1/1190 882/1/1094
f 880/1/1092 940/1/1152 882/1/1094
f 979/1/1191 980/1/1192 981/1/1193
f 981/1/1193 980/1/1192 982/1/1194
f 980/1/1192 983/1/1195 982/1/1194
f 982/1/1194 983/1/1195 984/1/1196
f 984/1/1196 983/1/1195 985/1/1197
f 984/1/1196 985/1/1197 986/1/1198
f 986/1/1198 985/1/1197 987/1/1199
f 986/1/1198 987/1/1199 988/1/1200
f 988/1/1200 987/1/1199 989/1/1201
f 988/1/1200 989/1/1201 990/1/1202
f 990/1/1202 989/1/1201 991/1/1203
f 990/1/1202 991/1/1203 992/1/1204
f 991/1/1203 993/1/1205 992/1/1204
f 992/1/1204 993/1/1205 994/1/1206
f 993/1/1205 995/1/1207 994/1/1206
f 994/1/1206 995/1/1207 996/1/1208
f 997/1/1209 996/1/1208 995/1/1207
f 997/1/1209 998/1/1210 996/1/1208
f 999/1/1211 998/1/1210 997/1/1209
f 999/1/1211 1000/1/1212 998/1/1210
f 1001/1/1213 1000/1/1212 999/1/1211
f 1001/1/1213 1002/1/1214 1000/1/1212
f 1003/1/1215 1002/1/1214 1001/1/1213
f 1003/1/1215 1004/1/1216 1002/1/1214
f 1005/1/1217 1004/1/1216 1003/1/1215
f 1005/1/1217 1006/1/1218 1004/1/1216
f 1007/1/1219 1006/1/1218 1005/1/1217
f 1007/1/1219 1008/1/1220 1006/1/1218
f 1009/1/1221 1008/1/1220 1007/1/1219
f 1009/1/1221 1010/1/1222 1008/1/1220
f 1011/1/1223 1010/1/1222 1009/1/1221
f 1011/1/1223 1012/1/1224 1010/1/1222
f 1013/1/1225 1012/1/1224 1011/1/1223
f 1013/1/1225 1014/1/1226 1012/1/1224
f 1015/1/1227 1014/1/1226 1013/1/1225
f 1016/1/1228 1014/1/1226 1015/1/1227
f 1017/1/1229 1016/1/1228 1015/1/1227
f 1018/1/1230 1016/1/1228 1017/1/1229
f 1019/1/1231 1018/1/1230 1017/1/1229
f 1020/1/1232 1018/1/1230 1019/1/1231
f 1021/1/1233 1020/1/1232 1019/1/1231
f 1022/1/1234 1020/1/1232 1021/1/1233
f 1023/1/1235 1022/1/1234 1021/1/1233
f 1024/1/1236 1022/1/1234 1023/1/1235
f 1025/1/1237 1024/1/1236 1023/1/1235
f 1025/1/1237 1026/1/1238 1024/1/1236
f 1027/1/1239 1026/1/1238 1025/1/1237
f 1027/1/1239 1028/1/1240 1026/1/1238
f 1029/1/1241 1028/1/1240 1027/1/1239
f 1029/1/1241 1030/1/1242 1028/1/1240
f 1031/1/1243 1030/1/1242 1029/1/1241
f 1031/1/1243 1032/1/1244 1030/1/1242
f 1033/1/1245 1032/1/1244 1031/1/1243
f 1034/1/1246 1032/1/1244 1033/1/1245
f 1033/1/1245 1035/1/1247 1034/1/1246
f 1036/1/1248 1034/1/1246 1035/1/1247
f 1035/1/1247 1037/1/1249 1036/1/1248
f 1037/1/1249 1038/1/1250 1036/1/1248
f 1037/1/1249 1039/1/1251 1038/1/1250
f 1039/1/1251 1040/1/1252 1038/1/1250
f 1039/1/1251 1041/1/1253 1040/1/1252
f 1041/1/1253 1042/1/1254 1040/1/1252
f 1041/1/1253 1043/1/1255 1042/1/1254
f 1043/1/1255 1044/1/1256 1042/1/1254
f 1043/1/1255 1045/1/1257 1044/1/1256
f 1045/1/1257 1046/1/1258 1044/1/1256
f 1045/1/1257 1047/1/1259 1046/1/1258
f 1047/1/1259 1048/1/1260 1046/1/1258
f 1047/1/1259 1049/1/1261 1048/1/1260
f 1049/1/1261 1050/1/1262 1048/1/1260
f 1049/1/1261 1051/1/1263 1050/1/1262
f 1051/1/1263 1052/1/1264 1050/1/1262
f 1053/1/1265 1052/1/1264 1051/1/1263
f 1053/1/1265 1054/1/1266 1052/1/1264
f 1055/1/1267 1054/1/1266 1053/1/1265
f 1055/1/1267 1056/1/1268 1054/1/1266
f 1057/1/1269 1056/1/1268 1055/1/1267
f 1057/1/1269 1058/1/1270 1056/1/1268
f 1057/1/1269 979/1/1191 1058/1/1270
f 1058/1/1270 979/1/1191 981/1/1193
f 981/1/1193 1059/1/1271 1058/1/1270
f 981/1/1193 1060/1/1272 1059/1/1271
f 982/1/1194 1060/1/1272 981/1/1193
f 982/1/1194 1061/1/1273 1060/1/1272
f 984/1/1196 1061/1/1273 982/1/1194
f 984/1/1196 1062/1/1274 1061/1/1273
f 984/1/1196 986/1/1198 1062/1/1274
f 986/1/1198 1063/1/1275 1062/1/1274
f 986/1/1198 988/1/1200 1063/1/1275
f 988/1/1200 1064/1/1276 1063/1/1275
f 988/1/1200 990/1/1202 1064/1/1276
f 1064/1/1276 990/1/1202 1065/1/1277
f 990/1/1202 992/1/1204 1065/1/1277
f 1065/1/1277 992/1/1204 1066/1/1278
f 992/1/1204 994/1/1206 1066/1/1278
f 1066/1/1278 994/1/1206 1067/1/1279
f 994/1/1206 996/1/1208 1067/1/1279
f 1067/1/1279 996/1/1208 1068/1/1280
f 996/1/1208 998/1/1210 1068/1/1280
f 1068/1/1280 998/1/1210 1069/1/1281
f 998/1/1210 1000/1/1212 1069/1/1281
f 1069/1/1281 1000/1/1212 1070/1/1282
f 1000/1/1212 1002/1/1214 1070/1/1282
f 1070/1/1282 1002/1/1214 1071/1/1283
f 1002/1/1214 1004/1/1216 1071/1/1283
f 1071/1/1283 1004/1/1216 1072/1/1284
f 1072/1/1284 1004/1/1216 1006/1/1218
f 1072/1/1284 1006/1/1218 1073/1/1285
f 1073/1/1285 1006/1/1218 1008/1/1220
f 1073/1/1285 1008/1/1220 1074/1/1286
f 1074/1/1286 1008/1/1220 1010/1/1222
f 1074/1/1286 1010/1/1222 1075/1/1287
f 1075/1/1287 1010/1/1222 1012/1/1224
f 1075/1/1287 1012/1/1224 1076/1/1288
f 1076/1/1288 1012/1/1224 1014/1/1226
f 1076/1/1288 1014/1/1226 1077/1/1289
f 1077/1/1289 1014/1/1226 1016/1/1228
f 1077/1/1289 1016/1/1228 1078/1/1290
f 1078/1/1290 1016/1/1228 1018/1/1230
f 1078/1/1290 1018/1/1230 1079/1/1291
f 1079/1/1291 1018/1/1230 1020/1/1232
f 1079/1/1291 1020/1/1232 1080/1/1292
f 1080/1/1292 1020/1/1232 1022/1/1234
f 1080/1/1292 1022/1/1234 1081/1/1293
f 1081/1/1293 1022/1/1234 1024/1/1236
f 1081/1/1293 1024/1/1236 1082/1/1294
f 1082/1/1294 1024/1/1236 1026/1/1238
f 1083/1/1295 1082/1/1294 1026/1/1238
f 1083/1/1295 1026/1/1238 1028/1/1240
f 1084/1/1296 1083/1/1295 1028/1/1240
f 1030/1/1242 1084/1/1296 1028/1/1240
f 1085/1/1297 1084/1/1296 1030/1/1242
f 1032/1/1244 1085/1/1297 1030/1/1242
f 1086/1/1298 1085/1/1297 1032/1/1244
f 1034/1/1246 1086/1/1298 1032/1/1244
f 1087/1/1299 1086/1/1298 1034/1/1246
f 1036/1/1248 1087/1/1299 1034/1/1246
f 1088/1/1300 1087/1/1299 1036/1/1248
f 1038/1/1250 1088/1/1300 1036/1/1248
f 1089/1/1301 1088/1/1300 1038/1/1250
f 1040/1/1252 1089/1/1301 1038/1/1250
f 1090/1/1302 1089/1/1301 1040/1/1252
f 1042/1/1254 1090/1/1302 1040/1/1252
f 1091/1/1303 1090/1/1302 1042/1/1254
f 1044/1/1256 1091/1/1303 1042/1/1254
f 1044/1/1256 1092/1/1304 1091/1/1303
f 1046/1/1258 1092/1/1304 1044/1/1256
f 1046/1/1258 1093/1/1305 1092/1/1304
f 1048/1/1260 1093/1/1305 1046/1/1258
f 1048/1/1260 1094/1/1306 1093/1/1305
f 1050/1/1262 1094/1/1306 1048/1/1260
f 1050/1/1262 1095/1/1307 1094/1/1306
f 1052/1/1264 1095/1/1307 1050/1/1262
f 1052/1/1264 1096/1/1308 1095/1/1307
f 1054/1/1266 1096/1/1308 1052/1/1264
f 1054/1/1266 1097/1/1309 1096/1/1308
f 1056/1/1268 1097/1/1309 1054/1/1266
f 1056/1/1268 1098/1/1310 1097/1/1309
f 1058/1/1270 1098/1/1310 1056/1/1268
f 1058/1/1270 1059/1/1271 1098/1/1310
f 1059/1/1271 1099/1/1311 1098/1/1310
f 1059/1/1271 1100/1/1312 1099/1/1311
f 1060/1/1272 1100/1/1312 1059/1/1271
f 1060/1/1272 1101/1/1313 1100/1/1312
f 1061/1/1273 1101/1/1313 1060/1/1272
f 1061/1/1273 1102/1/1314 1101/1/1313
f 1062/1/1274 1102/1/1314 1061/1/1273
f 1062/1/1274 1103/1/1315 1102/1/1314
f 1062/1/1274 1063/1/1275 1103/1/1315
f 1063/1/1275 1104/1/1316 1103/1/1315
f 1063/1/1275 1064/1/1276 1104/1/1316
f 1064/1/1276 1105/1/1317 1104/1/1316
f 1064/1/1276 1065/1/1277 1105/1/1317
f 1065/1/1277 1106/1/1318 1105/1/1317
f 1065/1/1277 1066/1/1278 1106/1/1318
f 1066/1/1278 1107/1/1319 1106/1/1318
f 1066/1/1278 1067/1/1279 1107/1/1319
f 1107/1/1319 1067/1/1279 1108/1/1320
f 1067/1/1279 1068/1/1280 1108/1/1320
f 1108/1/1320 1068/1/1280 1109/1/1321
f 1068/1/1280 1069/1/1281 1109/1/1321
f 1109/1/1321 1069/1/1281 1110/1/1322
f 1069/1/1281 1070/1/1282 1110/1/1322
f 1110/1/1322 1070/1/1282 1111/1/1323
f 1070/1/1282 1071/1/1283 1111/1/1323
f 1111/1/1323 1071/1/1283 1112/1/1324
f 1071/1/1283 1072/1/1284 1112/1/1324
f 1112/1/1324 1072/1/1284 1113/1/1325
f 1113/1/1325 1072/1/1284 1073/1/1285
f 1113/1/1325 1073/1/1285 1114/1/1326
f 1114/1/1326 1073/1/1285 1074/1/1286
f 1114/1/1326 1074/1/1286 1115/1/1327
f 1115/1/1327 1074/1/1286 1075/1/1287
f 1115/1/1327 1075/1/1287 1116/1/1328
f 1116/1/1328 1075/1/1287 1076/1/1288
f 1116/1/1328 1076/1/1288 1117/1/1329
f 1117/1/1329 1076/1/1288 1077/1/1289
f 1117/1/1329 1077/1/1289 1118/1/1330
f 1118/1/1330 1077/1/1289 1078/1/1290
f 1118/1/1330 1078/1/1290 1119/1/1331
f 1119/1/1331 1078/1/1290 1079/1/1291
f 1119/1/1331 1079/1/1291 1120/1/1332
f 1120/1/1332 1079/1/1291 1080/1/1292
f 1120/1/1332 1080/1/1292 1121/1/1333
f 1121/1/1333 1080/1/1292 1081/1/1293
f 1121/1/1333 1081/1/1293 1122/1/1334
f 1122/1/1334 1081/1/1293 1082/1/1294
f 1122/1/1334 1082/1/1294 1123/1/1335
f 1123/1/1335 1082/1/1294 1083/1/1295
f 1124/1/1336 1123/1/1335 1083/1/1295
f 1124/1/1336 1083/1/1295 1084/1/1296
f 1125/1/1337 1124/1/1336 1084/1/1296
f 1125/1/1337 1084/1/1296 1085/1/1297
f 1126/1/1338 1125/1/1337 1085/1/1297
f 1126/1/1338 1085/1/1297 1086/1/1298
f 1127/1/1339 1126/1/1338 1086/1/1298
f 1087/1/1299 1127/1/1339 1086/1/1298
f 1128/1/1340 1127/1/1339 1087/1/1299
f 1088/1/1300 1128/1/1340 1087/1/1299
f 1129/1/1341 1128/1/1340 1088/1/1300
f 1089/1/1301 1129/1/1341 1088/1/1300
f 1130/1/1342 1129/1/1341 1089/1/1301
f 1090/1/1302 1130/1/1342 1089/1/1301
f 1131/1/1343 1130/1/1342 1090/1/1302
f 1091/1/1303 1131/1/1343 1090/1/1302
f 1132/1/1344 1131/1/1343 1091/1/1303
f 1092/1/1304 1132/1/1344 1091/1/1303
f 1092/1/1304 1133/1/1345 1132/1/1344
f 1093/1/1305 1133/1/1345 1092/1/1304
f 1093/1/1305 1134/1/1346 1133/1/1345
f 1094/1/1306 1134/1/1346 1093/1/1305
f 1094/1/1306 1135/1/1347 1134/1/1346
f 1095/1/1307 1135/1/1347 1094/1/1306
f 1095/1/1307 1136/1/1348 1135/1/1347
f 1096/1/1308 1136/1/1348 1095/1/1307
f 1096/1/1308 1137/1/1349 1136/1/1348
f 1097/1/1309 1137/1/1349 1096/1/1308
f 1097/1/1309 1138/1/1350 1137/1/1349
f 1098/1/1310 1138/1/1350 1097/1/1309
f 1098/1/1310 1099/1/1311 1138/1/1350
f 1099/1/1311 1139/1/1351 1138/1/1350
f 1099/1/1311 1140/1/1352 1139/1/1351
f 1138/1/1350 1139/1/1351 1141/1/1353
f 1138/1/1350 1141/1/1353 1137/1/1349
f 1137/1/1349 1141/1/1353 1142/1/1354
f 1137/1/1349 1142/1/1354 1136/1/1348
f 1136/1/1348 1142/1/1354 1143/1/1355
f 1136/1/1348 1143/1/1355 1135/1/1347
f 1135/1/1347 1143/1/1355 1144/1/1356
f 1135/1/1347 1144/1/1356 1134/1/1346
f 1134/1/1346 1144/1/1356 1145/1/1357
f 1134/1/1346 1145/1/1357 1133/1/1345
f 1133/1/1345 1145/1/1357 1146/1/1358
f 1133/1/1345 1146/1/1358 1132/1/1344
f 1146/1/1358 1147/1/1359 1132/1/1344
f 1132/1/1344 1147/1/1359 1131/1/1343
f 1147/1/1359 1148/1/1360 1131/1/1343
f 1131/1/1343 1148/1/1360 1130/1/1342
f 1148/1/1360 1149/1/1361 1130/1/1342
f 1130/1/1342 1149/1/1361 1129/1/1341
f 1149/1/1361 1150/1/1362 1129/1/1341
f 1129/1/1341 1150/1/1362 1128/1/1340
f 1150/1/1362 1151/1/1363 1128/1/1340
f 1128/1/1340 1151/1/1363 1127/1/1339
f 1151/1/1363 1152/1/1364 1127/1/1339
f 1152/1/1364 1126/1/1338 1127/1/1339
f 1152/1/1364 1153/1/1365 1126/1/1338
f 1153/1/1365 1125/1/1337 1126/1/1338
f 1153/1/1365 1154/1/1366 1125/1/1337
f 1154/1/1366 1124/1/1336 1125/1/1337
f 1154/1/1366 1155/1/1367 1124/1/1336
f 1155/1/1367 1123/1/1335 1124/1/1336
f 1156/1/1368 1123/1/1335 1155/1/1367
f 1156/1/1368 1122/1/1334 1123/1/1335
f 1157/1/1369 1122/1/1334 1156/1/1368
f 1157/1/1369 1121/1/1333 1122/1/1334
f 1158/1/1370 1121/1/1333 1157/1/1369
f 1158/1/1370 1120/1/1332 1121/1/1333
f 1159/1/1371 1120/1/1332 1158/1/1370
f 1159/1/1371 1119/1/1331 1120/1/1332
f 1160/1/1372 1119/1/1331 1159/1/1371
f 1160/1/1372 1118/1/1330 1119/1/1331
f 1161/1/1373 1118/1/1330 1160/1/1372
f 1161/1/1373 1117/1/1329 1118/1/1330
f 1162/1/1374 1117/1/1329 1161/1/1373
f 1162/1/1374 1116/1/1328 1117/1/1329
f 1163/1/1375 1116/1/1328 1162/1/1374
f 1163/1/1375 1115/1/1327 1116/1/1328
f 1164/1/1376 1115/1/1327 1163/1/1375
f 1164/1/1376 1114/1/1326 1115/1/1327
f 1165/1/1377 1114/1/1326 1164/1/1376
f 1165/1/1377 1113/1/1325 1114/1/1326
f 1166/1/1378 1113/1/1325 1165/1/1377
f 1112/1/1324 1113/1/1325 1166/1/1378
f 1167/1/1379 1112/1/1324 1166/1/1378
f 1111/1/1323 1112/1/1324 1167/1/1379
f 1168/1/1380 1111/1/1323 1167/1/1379
f 1110/1/1322 1111/1/1323 1168/1/1380
f 1169/1/1381 1110/1/1322 1168/1/1380
f 1109/1/1321 1110/1/1322 1169/1/1381
f 1170/1/1382 1109/1/1321 1169/1/1381
f 1108/1/1320 1109/1/1321 1170/1/1382
f 1171/1/1383 1108/1/1320 1170/1/1382
f 1107/1/1319 1108/1/1320 1171/1/1383
f 1107/1/1319 1171/1/1383 1172/1/1384
f 1106/1/1318 1107/1/1319 1172/1/1384
f 1106/1/1318 1172/1/1384 1173/1/1385
f 1105/1/1317 1106/1/1318 1173/1/1385
f 1105/1/1317 1173/1/1385 1174/1/1386
f 1104/1/1316 1105/1/1317 1174/1/1386
f 1104/1/1316 1174/1/1386 1175/1/1387
f 1103/1/1315 1104/1/1316 1175/1/1387
f 1103/1/1315 1175/1/1387 1176/1/1388
f 1103/1/1315 1176/1/1388 1102/1/1314
f 1102/1/1314 1176/1/1388 1177/1/1389
f 1102/1/1314 1177/1/1389 1101/1/1313
f 1101/1/1313 1177/1/1389 1178/1/1390
f 1101/1/1313 1178/1/1390 1100/1/1312
f 1100/1/1312 1178/1/1390 1140/1/1352
f 1100/1/1312 1140/1/1352 1099/1/1311
f 979/1/1191 941/1/1153 980/1/1192
f 939/1/1151 941/1/1153 979/1/1191
f 1057/1/1269 939/1/1151 979/1/1191
f 940/1/1152 939/1/1151 1057/1/1269
f 1055/1/1267 940/1/1152 1057/1/1269
f 978/1/1190 940/1/1152 1055/1/1267
f 1053/1/1265 978/1/1190 1055/1/1267
f 977/1/1189 978/1/1190 1053/1/1265
f 977/1/1189 1053/1/1265 1051/1/1263
f 976/1/1188 977/1/1189 1051/1/1263
f 976/1/1188 1051/1/1263 1049/1/1261
f 975/1/1187 976/1/1188 1049/1/1261
f 975/1/1187 1049/1/1261 1047/1/1259
f 974/1/1186 975/1/1187 1047/1/1259
f 974/1/1186 1047/1/1259 1045/1/1257
f 973/1/1185 974/1/1186 1045/1/1257
f 973/1/1185 1045/1/1257 1043/1/1255
f 972/1/1184 973/1/1185 1043/1/1255
f 972/1/1184 1043/1/1255 1041/1/1253
f 971/1/1183 972/1/1184 1041/1/1253
f 971/1/1183 1041/1/1253 1039/1/1251
f 970/1/1182 971/1/1183 1039/1/1251
f 970/1/1182 1039/1/1251 1037/1/1249
f 969/1/1181 970/1/1182 1037/1/1249
f 969/1/1181 1037/1/1249 1035/1/1247
f 968/1/1180 969/1/1181 1035/1/1247
f 968/1/1180 1035/1/1247 1033/1/1245
f 967/1/1179 968/1/1180 1033/1/1245
f 967/1/1179 1033/1/1245 1031/1/1243
f 967/1/1179 1031/1/1243 966/1/1178
f 966/1/1178 1031/1/1243 1029/1/1241
f 966/1/1178 1029/1/1241 965/1/1177
f 965/1/1177 1029/1/1241 1027/1/1239
f 965/1/1177 1027/1/1239 964/1/1176
f 964/1/1176 1027/1/1239 1025/1/1237
f 964/1/1176 1025/1/1237 963/1/1175
f 963/1/1175 1025/1/1237 1023/1/1235
f 963/1/1175 1023/1/1235 962/1/1174
f 962/1/1174 1023/1/1235 1021/1/1233
f 962/1/1174 1021/1/1233 961/1/1173
f 961/1/1173 1021/1/1233 1019/1/1231
f 961/1/1173 1019/1/1231 960/1/1172
f 960/1/1172 1019/1/1231 1017/1/1229
f 960/1/1172 1017/1/1229 959/1/1171
f 959/1/1171 1017/1/1229 1015/1/1227
f 959/1/1171 1015/1/1227 958/1/1170
f 958/1/1170 1015/1/1227 1013/1/1225
f 958/1/1170 1013/1/1225 957/1/1169
f 957/1/1169 1013/1/1225 1011/1/1223
f 957/1/1169 1011/1/1223 956/1/1168
f 956/1/1168 1011/1/1223 1009/1/1221
f 956/1/1168 1009/1/1221 955/1/1167
f 955/1/1167 1009/1/1221 1007/1/1219
f 955/1/1167 1007/1/1219 954/1/1166
f 954/1/1166 1007/1/1219 1005/1/1217
f 954/1/1166 1005/1/1217 953/1/1165
f 953/1/1165 1005/1/1217 1003/1/1215
f 953/1/1165 1003/1/1215 952/1/1164
f 952/1/1164 1003/1/1215 1001/1/1213
f 952/1/1164 1001/1/1213 951/1/1163
f 951/1/1163 1001/1/1213 999/1/1211
f 951/1/1163 999/1/1211 950/1/1162
f 950/1/1162 999/1/1211 997/1/1209
f 950/1/1162 997/1/1209 949/1/1161
f 949/1/1161 997/1/1209 995/1/1207
f 949/1/1161 995/1/1207 948/1/1160
f 948/1/1160 995/1/1207 993/1/1205
f 948/1/1160 993/1/1205 947/1/1159
f 991/1/1203 947/1/1159 993/1/1205
f 946/1/1158 947/1/1159 991/1/1203
f 989/1/1201 946/1/1158 991/1/1203
f 945/1/1157 946/1/1158 989/1/1201
f 987/1/1199 945/1/1157 989/1/1201
f 944/1/1156 945/1/1157 987/1/1199
f 985/1/1197 944/1/1156 987/1/1199
f 943/1/1155 944/1/1156 985/1/1197
f 983/1/1195 943/1/1155 985/1/1197
f 942/1/1154 943/1/1155 983/1/1195
f 980/1/1192 942/1/1154 983/1/1195
f 941/1/1153 942/1/1154 980/1/1192
