# Blender 5.0.1
# www.blender.org
mtllib Aeolipile_textura.mtl
g Aeolipile_Mesh
v 0.105632 0.001837 0.392041
v 0.097622 0.042111 0.392041
v 0.000392 0.001837 0.405896
v 0.000392 0.001837 0.405896
v 0.097622 0.042111 0.392041
v 0.105632 0.001837 0.392041
v 0.000392 0.001837 0.405896
v 0.105632 0.001837 0.392041
v 0.097622 0.042111 0.392041
v 0.097622 -0.038436 0.392041
v 0.097622 -0.038436 0.392041
v 0.097622 -0.038436 0.392041
v 0.188225 0.079640 0.351420
v 0.203701 0.001837 0.351420
v 0.203701 0.001837 0.351420
v 0.188225 0.079640 0.351420
v 0.203701 0.001837 0.351420
v 0.188225 0.079640 0.351420
v 0.074809 0.076253 0.392041
v 0.074809 0.076253 0.392041
v 0.074809 0.076253 0.392041
v 0.074809 -0.072579 0.392041
v 0.074809 -0.072579 0.392041
v 0.074809 -0.072579 0.392041
v 0.188225 -0.075965 0.351420
v 0.188225 -0.075965 0.351420
v 0.188225 -0.075965 0.351420
v 0.266028 0.111867 0.286801
v 0.287914 0.001837 0.286801
v 0.287914 0.001837 0.286801
v 0.266028 0.111867 0.286801
v 0.287914 0.001837 0.286801
v 0.266028 0.111867 0.286801
v 0.144153 0.145598 0.351420
v 0.144153 0.145598 0.351420
v 0.144153 0.145598 0.351420
v 0.040666 0.099067 0.392041
v 0.040666 0.099067 0.392041
v 0.040666 0.099067 0.392041
v 0.040666 -0.095392 0.392041
v 0.040666 -0.095392 0.392041
v 0.040666 -0.095392 0.392041
v 0.144153 -0.141923 0.351420
v 0.144153 -0.141923 0.351420
v 0.144153 -0.141923 0.351420
v 0.266028 -0.108192 0.286801
v 0.266028 -0.108192 0.286801
v 0.266028 -0.108192 0.286801
v 0.203701 0.205146 0.286801
v 0.203701 0.205146 0.286801
v 0.203701 0.205146 0.286801
v 0.078195 0.189670 0.351420
v 0.078195 0.189670 0.351420
v 0.078195 0.189670 0.351420
v 0.000392 0.107077 0.392041
v 0.000392 0.107077 0.392041
v 0.000392 0.107077 0.392041
v 0.000392 -0.103403 0.392041
v 0.000392 -0.103403 0.392041
v 0.000392 -0.103403 0.392041
v 0.078195 -0.185995 0.351420
v 0.078195 -0.185995 0.351420
v 0.078195 -0.185995 0.351420
v 0.203701 -0.201471 0.286800
v 0.203701 -0.201471 0.286800
v 0.203701 -0.201471 0.286800
v 0.325728 0.136596 0.202588
v 0.249393 0.250838 0.202588
v 0.249393 0.250838 0.202588
v 0.325728 0.136596 0.202588
v 0.325728 0.136596 0.202588
v 0.249393 0.250838 0.202588
v 0.110422 0.267472 0.286801
v 0.110422 0.267472 0.286801
v 0.110422 0.267472 0.286801
v 0.000392 0.205146 0.351420
v 0.000392 0.205146 0.351420
v 0.000392 0.205146 0.351420
v -0.039881 0.099067 0.392041
v -0.039881 0.099067 0.392041
v -0.039881 0.099067 0.392041
v -0.039881 -0.095392 0.392041
v -0.039881 -0.095392 0.392041
v -0.039881 -0.095392 0.392041
v 0.000392 -0.201471 0.351419
v 0.000392 -0.201471 0.351419
v 0.000392 -0.201471 0.351419
v 0.110422 -0.263798 0.286800
v 0.110422 -0.263798 0.286800
v 0.110422 -0.263798 0.286800
v 0.325728 -0.132921 0.202587
v 0.249393 -0.247163 0.202587
v 0.325728 -0.132921 0.202587
v 0.249393 -0.247163 0.202587
v 0.249393 -0.247163 0.202587
v 0.325728 -0.132921 0.202587
v 0.135151 0.327172 0.202588
v 0.135151 0.327172 0.202588
v 0.135151 0.327172 0.202588
v 0.000392 0.289359 0.286801
v 0.000392 0.289359 0.286801
v 0.000392 0.289359 0.286801
v -0.077410 0.189670 0.351420
v -0.077410 0.189670 0.351420
v -0.077410 0.189670 0.351420
v -0.074024 0.076253 0.392041
v -0.074024 0.076253 0.392041
v -0.074024 0.076253 0.392041
v -0.074024 -0.072579 0.392041
v -0.074024 -0.072579 0.392041
v -0.074024 -0.072579 0.392041
v -0.077410 -0.185995 0.351420
v -0.077410 -0.185995 0.351420
v -0.077410 -0.185995 0.351420
v 0.000392 -0.285684 0.286800
v 0.000392 -0.285684 0.286800
v 0.000392 -0.285684 0.286800
v 0.135151 -0.323498 0.202587
v 0.135151 -0.323498 0.202587
v 0.135151 -0.323498 0.202587
v 0.278117 0.279562 0.104520
v 0.150696 0.364702 0.104520
v 0.278117 0.279562 0.104520
v 0.150696 0.364702 0.104520
v 0.278117 0.279562 0.104520
v 0.150696 0.364702 0.104520
v 0.000392 0.353978 0.202588
v 0.000392 0.353978 0.202588
v 0.000392 0.353978 0.202588
v -0.109637 0.267472 0.286801
v -0.109637 0.267472 0.286801
v -0.109637 0.267472 0.286801
v -0.143368 0.145598 0.351420
v -0.143368 0.145598 0.351420
v -0.143368 0.145598 0.351420
v -0.096837 0.042111 0.392041
v -0.096837 0.042111 0.392041
v -0.096837 0.042111 0.392041
v -0.096837 -0.038436 0.392041
v -0.096837 -0.038436 0.392041
v -0.096837 -0.038436 0.392041
v -0.143368 -0.141923 0.351420
v -0.143368 -0.141923 0.351420
v -0.143368 -0.141923 0.351420
v -0.109637 -0.263798 0.286800
v -0.109637 -0.263798 0.286800
v -0.109637 -0.263798 0.286800
v 0.000392 -0.350303 0.202587
v 0.000392 -0.350303 0.202587
v 0.000392 -0.350303 0.202587
v 0.150696 -0.361027 0.104519
v 0.278117 -0.275887 0.104519
v 0.150696 -0.361027 0.104519
v 0.278117 -0.275887 0.104519
v 0.150696 -0.361027 0.104519
v 0.278117 -0.275887 0.104519
v 0.287914 0.289359 -0.000721
v 0.155998 0.377502 -0.000721
v 0.287914 0.289359 -0.000721
v 0.155998 0.377502 -0.000721
v 0.287914 0.289359 -0.000721
v 0.155998 0.377502 -0.000721
v 0.000392 0.394599 0.104520
v 0.000392 0.394599 0.104520
v 0.000392 0.394599 0.104520
v -0.134366 0.327172 0.202588
v -0.134366 0.327172 0.202588
v -0.134366 0.327172 0.202588
v -0.202916 0.205146 0.286801
v -0.202916 0.205146 0.286801
v -0.202916 0.205146 0.286801
v -0.187440 0.079640 0.351420
v -0.187440 0.079640 0.351420
v -0.187440 0.079640 0.351420
v -0.104847 0.001837 0.392041
v -0.104847 0.001837 0.392041
v -0.104847 0.001837 0.392041
v -0.187440 -0.075965 0.351420
v -0.187440 -0.075965 0.351420
v -0.187440 -0.075965 0.351420
v -0.202916 -0.201471 0.286800
v -0.202916 -0.201471 0.286800
v -0.202916 -0.201471 0.286800
v -0.134366 -0.323498 0.202587
v -0.134366 -0.323498 0.202587
v -0.134366 -0.323498 0.202587
v 0.000392 -0.390924 0.104519
v 0.000392 -0.390924 0.104519
v 0.000392 -0.390924 0.104519
v 0.155998 -0.373827 -0.000721
v 0.287914 -0.285684 -0.000721
v 0.155998 -0.373827 -0.000721
v 0.287914 -0.285684 -0.000721
v 0.155998 -0.373827 -0.000721
v 0.287914 -0.285684 -0.000721
v 0.278117 0.279562 -0.105961
v 0.150696 0.364702 -0.105961
v 0.278117 0.279562 -0.105961
v 0.150696 0.364702 -0.105961
v 0.278117 0.279562 -0.105961
v 0.150696 0.364702 -0.105961
v 0.000392 0.408454 -0.000721
v 0.000392 0.408454 -0.000721
v 0.000392 0.408454 -0.000721
v -0.149911 0.364702 0.104520
v -0.149911 0.364702 0.104520
v -0.149911 0.364702 0.104520
v -0.248608 0.250838 0.202588
v -0.248608 0.250838 0.202588
v -0.248608 0.250838 0.202588
v -0.265242 0.111867 0.286801
v -0.265242 0.111867 0.286801
v -0.265242 0.111867 0.286801
v -0.202916 0.001837 0.351420
v -0.202916 0.001837 0.351420
v -0.202916 0.001837 0.351420
v -0.265242 -0.108192 0.286801
v -0.265242 -0.108192 0.286801
v -0.265242 -0.108192 0.286801
v -0.248608 -0.247163 0.202587
v -0.248608 -0.247163 0.202587
v -0.248608 -0.247163 0.202587
v -0.149911 -0.361027 0.104519
v -0.149911 -0.361027 0.104519
v -0.149911 -0.361027 0.104519
v 0.000392 -0.404779 -0.000721
v 0.000392 -0.404779 -0.000721
v 0.000392 -0.404779 -0.000721
v 0.150696 -0.361027 -0.105961
v 0.278117 -0.275887 -0.105961
v 0.150696 -0.361027 -0.105961
v 0.278117 -0.275887 -0.105961
v 0.150696 -0.361027 -0.105961
v 0.278117 -0.275887 -0.105961
v 0.249393 0.250838 -0.204029
v 0.135151 0.327173 -0.204029
v 0.249393 0.250838 -0.204029
v 0.135151 0.327173 -0.204029
v 0.249393 0.250838 -0.204029
v 0.135151 0.327173 -0.204029
v 0.000392 0.394599 -0.105961
v 0.000392 0.394599 -0.105961
v 0.000392 0.394599 -0.105961
v -0.155213 0.377502 -0.000721
v -0.155213 0.377502 -0.000721
v -0.155213 0.377502 -0.000721
v -0.277332 0.279562 0.104520
v -0.277332 0.279562 0.104520
v -0.277332 0.279562 0.104520
v -0.324943 0.136596 0.202588
v -0.324943 0.136596 0.202588
v -0.324943 0.136596 0.202588
v -0.287129 0.001837 0.286801
v -0.287129 0.001837 0.286801
v -0.287129 0.001837 0.286801
v -0.324943 -0.132921 0.202587
v -0.324943 -0.132921 0.202587
v -0.324943 -0.132921 0.202587
v -0.277332 -0.275887 0.104519
v -0.277332 -0.275887 0.104519
v -0.277332 -0.275887 0.104519
v -0.155213 -0.373827 -0.000721
v -0.155213 -0.373827 -0.000721
v -0.155213 -0.373827 -0.000721
v 0.000392 -0.390924 -0.105961
v 0.000392 -0.390924 -0.105961
v 0.000392 -0.390924 -0.105961
v 0.135151 -0.323498 -0.204029
v 0.249393 -0.247163 -0.204029
v 0.135151 -0.323498 -0.204029
v 0.249393 -0.247163 -0.204029
v 0.135151 -0.323498 -0.204029
v 0.249393 -0.247163 -0.204029
v 0.203701 0.205146 -0.288242
v 0.110422 0.267473 -0.288242
v 0.203701 0.205146 -0.288242
v 0.110422 0.267473 -0.288242
v 0.203701 0.205146 -0.288242
v 0.110422 0.267473 -0.288242
v 0.000392 0.353978 -0.204029
v 0.000392 0.353978 -0.204029
v 0.000392 0.353978 -0.204029
v -0.149911 0.364702 -0.105961
v -0.149911 0.364702 -0.105961
v -0.149911 0.364702 -0.105961
v -0.287129 0.289359 -0.000721
v -0.287129 0.289359 -0.000721
v -0.287129 0.289359 -0.000721
v -0.362472 0.152141 0.104520
v -0.362472 0.152141 0.104520
v -0.362472 0.152141 0.104520
v -0.351748 0.001837 0.202588
v -0.351748 0.001837 0.202588
v -0.351748 0.001837 0.202588
v -0.362472 -0.148466 0.104519
v -0.362472 -0.148466 0.104519
v -0.362472 -0.148466 0.104519
v -0.287129 -0.285684 -0.000721
v -0.287129 -0.285684 -0.000721
v -0.287129 -0.285684 -0.000721
v -0.149911 -0.361027 -0.105961
v -0.149911 -0.361027 -0.105961
v -0.149911 -0.361027 -0.105961
v 0.000392 -0.350303 -0.204029
v 0.000392 -0.350303 -0.204029
v 0.000392 -0.350303 -0.204029
v 0.110422 -0.263798 -0.288242
v 0.203701 -0.201471 -0.288242
v 0.110422 -0.263798 -0.288242
v 0.203701 -0.201471 -0.288242
v 0.110422 -0.263798 -0.288242
v 0.203701 -0.201471 -0.288242
v 0.363257 -0.148466 -0.105961
v 0.325727 -0.132921 -0.204029
v 0.325727 -0.132921 -0.204029
v 0.363257 -0.148466 -0.105961
v 0.325727 -0.132921 -0.204029
v 0.363257 -0.148466 -0.105961
v 0.144153 0.145598 -0.352861
v 0.078195 0.189670 -0.352861
v 0.144153 0.145598 -0.352861
v 0.078195 0.189670 -0.352861
v 0.144153 0.145598 -0.352861
v 0.078195 0.189670 -0.352861
v 0.000392 0.289359 -0.288242
v 0.000392 0.289359 -0.288242
v 0.000392 0.289359 -0.288242
v -0.134366 0.327173 -0.204029
v -0.134366 0.327173 -0.204029
v -0.134366 0.327173 -0.204029
v -0.277332 0.279562 -0.105961
v -0.277332 0.279562 -0.105961
v -0.277332 0.279562 -0.105961
v -0.375272 0.157443 -0.000721
v -0.375272 0.157443 -0.000721
v -0.375272 0.157443 -0.000721
v -0.392369 0.001837 0.104520
v -0.392369 0.001837 0.104520
v -0.392369 0.001837 0.104520
v -0.375272 -0.153768 -0.000721
v -0.375272 -0.153768 -0.000721
v -0.375272 -0.153768 -0.000721
v -0.277332 -0.275887 -0.105961
v -0.277332 -0.275887 -0.105961
v -0.277332 -0.275887 -0.105961
v -0.134366 -0.323498 -0.204029
v -0.134366 -0.323498 -0.204029
v -0.134366 -0.323498 -0.204029
v 0.000392 -0.285684 -0.288242
v 0.000392 -0.285684 -0.288242
v 0.000392 -0.285684 -0.288242
v 0.144153 -0.141923 -0.352861
v 0.078195 -0.185995 -0.352861
v 0.144153 -0.141923 -0.352861
v 0.078195 -0.185995 -0.352861
v 0.078195 -0.185995 -0.352861
v 0.144153 -0.141923 -0.352861
v 0.188225 0.079640 -0.352861
v 0.266028 0.111867 -0.288242
v 0.266028 0.111867 -0.288242
v 0.188225 0.079640 -0.352861
v 0.188225 0.079640 -0.352861
v 0.266028 0.111867 -0.288242
v 0.074809 0.076254 -0.393482
v 0.040666 0.099067 -0.393482
v 0.074809 0.076254 -0.393482
v 0.040666 0.099067 -0.393482
v 0.074809 0.076254 -0.393482
v 0.040666 0.099067 -0.393482
v 0.000392 0.205146 -0.352861
v 0.000392 0.205146 -0.352861
v 0.000392 0.205146 -0.352861
v -0.109637 0.267473 -0.288242
v -0.109637 0.267473 -0.288242
v -0.109637 0.267473 -0.288242
v -0.248608 0.250838 -0.204029
v -0.248608 0.250838 -0.204029
v -0.248608 0.250838 -0.204029
v -0.362472 0.152141 -0.105961
v -0.362472 0.152141 -0.105961
v -0.362472 0.152141 -0.105961
v -0.406224 0.001838 -0.000721
v -0.406224 0.001838 -0.000721
v -0.406224 0.001838 -0.000721
v -0.362472 -0.148466 -0.105961
v -0.362472 -0.148466 -0.105961
v -0.362472 -0.148466 -0.105961
v -0.248608 -0.247163 -0.204029
v -0.248608 -0.247163 -0.204029
v -0.248608 -0.247163 -0.204029
v -0.109637 -0.263798 -0.288242
v -0.109637 -0.263798 -0.288242
v -0.109637 -0.263798 -0.288242
v 0.000392 -0.201471 -0.352861
v 0.000392 -0.201471 -0.352861
v 0.000392 -0.201471 -0.352861
v 0.074809 -0.072578 -0.393482
v 0.040666 -0.095392 -0.393482
v 0.074809 -0.072578 -0.393482
v 0.040666 -0.095392 -0.393482
v 0.040666 -0.095392 -0.393482
v 0.074809 -0.072578 -0.393482
v 0.188225 -0.075965 -0.352861
v 0.266028 -0.108192 -0.288242
v 0.266028 -0.108192 -0.288242
v 0.188225 -0.075965 -0.352861
v 0.188225 -0.075965 -0.352861
v 0.266028 -0.108192 -0.288242
v 0.203701 0.001838 -0.352861
v 0.287914 0.001838 -0.288242
v 0.287914 0.001838 -0.288242
v 0.203701 0.001838 -0.352861
v 0.287914 0.001838 -0.288242
v 0.203701 0.001838 -0.352861
v 0.097622 0.042111 -0.393482
v 0.097622 0.042111 -0.393482
v 0.097622 0.042111 -0.393482
v 0.000392 0.001838 -0.407337
v 0.000392 0.001838 -0.407337
v 0.000392 0.001838 -0.407337
v 0.000392 0.107078 -0.393482
v 0.000392 0.107078 -0.393482
v 0.000392 0.107078 -0.393482
v -0.077410 0.189670 -0.352861
v -0.077410 0.189670 -0.352861
v -0.077410 0.189670 -0.352861
v -0.202916 0.205146 -0.288242
v -0.202916 0.205146 -0.288242
v -0.202916 0.205146 -0.288242
v -0.324943 0.136596 -0.204029
v -0.324943 0.136596 -0.204029
v -0.324943 0.136596 -0.204029
v -0.392369 0.001838 -0.105961
v -0.392369 0.001838 -0.105961
v -0.392369 0.001838 -0.105961
v -0.324943 -0.132921 -0.204029
v -0.324943 -0.132921 -0.204029
v -0.324943 -0.132921 -0.204029
v -0.202916 -0.201471 -0.288242
v -0.202916 -0.201471 -0.288242
v -0.202916 -0.201471 -0.288242
v -0.077410 -0.185995 -0.352861
v -0.077410 -0.185995 -0.352861
v -0.077410 -0.185995 -0.352861
v 0.000392 -0.103403 -0.393482
v 0.000392 -0.103403 -0.393482
v 0.000392 -0.103403 -0.393482
v 0.097622 -0.038436 -0.393482
v 0.097622 -0.038436 -0.393482
v 0.097622 -0.038436 -0.393482
v 0.105632 0.001838 -0.393482
v 0.105632 0.001838 -0.393482
v 0.105632 0.001838 -0.393482
v -0.039881 0.099067 -0.393482
v -0.039881 0.099067 -0.393482
v -0.039881 0.099067 -0.393482
v -0.143368 0.145598 -0.352861
v -0.143368 0.145598 -0.352861
v -0.143368 0.145598 -0.352861
v -0.265243 0.111867 -0.288242
v -0.265243 0.111867 -0.288242
v -0.265243 0.111867 -0.288242
v -0.351748 0.001838 -0.204029
v -0.351748 0.001838 -0.204029
v -0.351748 0.001838 -0.204029
v -0.265243 -0.108192 -0.288242
v -0.265243 -0.108192 -0.288242
v -0.265243 -0.108192 -0.288242
v -0.143368 -0.141923 -0.352861
v -0.143368 -0.141923 -0.352861
v -0.143368 -0.141923 -0.352861
v -0.039881 -0.095392 -0.393482
v -0.039881 -0.095392 -0.393482
v -0.039881 -0.095392 -0.393482
v -0.074024 0.076254 -0.393482
v -0.074024 0.076254 -0.393482
v -0.074024 0.076254 -0.393482
v -0.187440 0.079640 -0.352861
v -0.187440 0.079640 -0.352861
v -0.187440 0.079640 -0.352861
v -0.287129 0.001838 -0.288242
v -0.287129 0.001838 -0.288242
v -0.287129 0.001838 -0.288242
v -0.187440 -0.075965 -0.352861
v -0.187440 -0.075965 -0.352861
v -0.187440 -0.075965 -0.352861
v -0.074024 -0.072578 -0.393482
v -0.074024 -0.072578 -0.393482
v -0.074024 -0.072578 -0.393482
v -0.096837 0.042111 -0.393482
v -0.096837 0.042111 -0.393482
v -0.096837 0.042111 -0.393482
v -0.202916 0.001838 -0.352861
v -0.202916 0.001838 -0.352861
v -0.202916 0.001838 -0.352861
v -0.096837 -0.038436 -0.393482
v -0.096837 -0.038436 -0.393482
v -0.096837 -0.038436 -0.393482
v -0.104848 0.001838 -0.393482
v -0.104848 0.001838 -0.393482
v -0.104848 0.001838 -0.393482
v 0.325728 0.136596 0.202588
v 0.287914 0.001837 0.286801
v 0.352533 0.001837 0.202588
v 0.266028 0.111867 0.286801
v 0.266028 0.111867 0.286801
v 0.325728 0.136596 0.202588
v 0.287914 0.001837 0.286801
v 0.352533 0.001837 0.202588
v 0.287914 0.001837 0.286801
v 0.352533 0.001837 0.202588
v 0.325728 0.136596 0.202588
v 0.266028 0.111867 0.286801
v 0.266028 -0.108192 0.286801
v 0.325728 -0.132921 0.202587
v 0.266028 -0.108192 0.286801
v 0.325728 -0.132921 0.202587
v 0.325728 -0.132921 0.202587
v 0.266028 -0.108192 0.286801
v 0.363257 0.152141 0.104520
v 0.393154 0.001837 0.104520
v 0.363257 0.152141 0.104520
v 0.393154 0.001837 0.104520
v 0.393154 0.001837 0.104520
v 0.363257 0.152141 0.104520
v 0.363257 -0.148466 0.104519
v 0.363257 -0.148466 0.104519
v 0.363257 -0.148466 0.104519
v 0.376057 0.157443 -0.000721
v 0.407009 0.001838 -0.000721
v 0.376057 0.157443 -0.000721
v 0.407009 0.001838 -0.000721
v 0.407009 0.001838 -0.000721
v 0.376057 0.157443 -0.000721
v 0.249393 0.250838 0.202588
v 0.278117 0.279562 0.104520
v 0.278117 0.279562 0.104520
v 0.249393 0.250838 0.202588
v 0.278117 0.279562 0.104520
v 0.249393 0.250838 0.202588
v 0.249393 -0.247163 0.202587
v 0.278117 -0.275887 0.104519
v 0.249393 -0.247163 0.202587
v 0.278117 -0.275887 0.104519
v 0.278117 -0.275887 0.104519
v 0.249393 -0.247163 0.202587
v 0.376057 -0.153768 -0.000721
v 0.376057 -0.153768 -0.000721
v 0.376057 -0.153768 -0.000721
v 0.363257 0.152141 -0.105961
v 0.393154 0.001838 -0.105961
v 0.363257 0.152141 -0.105961
v 0.393154 0.001838 -0.105961
v 0.393154 0.001838 -0.105961
v 0.363257 0.152141 -0.105961
v 0.287914 0.289359 -0.000721
v 0.287914 0.289359 -0.000721
v 0.287914 0.289359 -0.000721
v 0.287914 -0.285684 -0.000721
v 0.287914 -0.285684 -0.000721
v 0.287914 -0.285684 -0.000721
v 0.363257 -0.148466 -0.105961
v 0.363257 -0.148466 -0.105961
v 0.363257 -0.148466 -0.105961
v 0.325727 0.136596 -0.204029
v 0.352533 0.001838 -0.204029
v 0.325727 0.136596 -0.204029
v 0.352533 0.001838 -0.204029
v 0.352533 0.001838 -0.204029
v 0.325727 0.136596 -0.204029
v 0.278117 0.279562 -0.105961
v 0.278117 0.279562 -0.105961
v 0.278117 0.279562 -0.105961
v 0.278117 -0.275887 -0.105961
v 0.278117 -0.275887 -0.105961
v 0.278117 -0.275887 -0.105961
v 0.325727 -0.132921 -0.204029
v 0.325727 -0.132921 -0.204029
v 0.325727 -0.132921 -0.204029
v 0.266028 0.111867 -0.288242
v 0.287914 0.001838 -0.288242
v 0.266028 0.111867 -0.288242
v 0.287914 0.001838 -0.288242
v 0.287914 0.001838 -0.288242
v 0.266028 0.111867 -0.288242
v 0.249393 0.250838 -0.204029
v 0.249393 0.250838 -0.204029
v 0.249393 0.250838 -0.204029
v 0.266028 -0.108192 -0.288242
v 0.266028 -0.108192 -0.288242
v 0.266028 -0.108192 -0.288242
v 0.203701 0.205146 -0.288242
v 0.203701 0.205146 -0.288242
v 0.203701 0.205146 -0.288242
v 0.203701 -0.201471 -0.288242
v 0.249393 -0.247163 -0.204029
v 0.203701 -0.201471 -0.288242
v 0.249393 -0.247163 -0.204029
v 0.203701 -0.201471 -0.288242
v 0.249393 -0.247163 -0.204029
v -0.137296 0.590068 0.012847
v -0.137296 0.590068 -0.014288
v -0.137296 0.587368 -0.000721
v -0.137296 0.597753 0.024350
v -0.137296 0.597753 -0.025791
v -0.137296 0.599879 -0.000721
v -0.137296 0.601625 0.008060
v -0.137296 0.609255 0.032035
v -0.137296 0.606599 0.015504
v -0.137296 0.614043 0.020477
v -0.137296 0.622823 0.034734
v -0.137296 0.622823 0.022224
v -0.137296 0.636391 0.032035
v -0.137296 0.631604 0.020477
v -0.137296 0.639048 0.015504
v -0.137296 0.647893 0.024350
v -0.137296 0.644021 0.008060
v -0.137296 0.645768 -0.000721
v -0.137296 0.601625 -0.009501
v -0.137296 0.609255 -0.033476
v -0.137296 0.606599 -0.016945
v -0.137296 0.614043 -0.021918
v -0.137296 0.622823 -0.036175
v -0.137296 0.622823 -0.023665
v -0.137296 0.631604 -0.021918
v -0.137296 0.636391 -0.033476
v -0.137296 0.639048 -0.016945
v -0.137296 0.647893 -0.025791
v -0.137296 0.644021 -0.009501
v -0.137296 0.655579 0.012847
v -0.137296 0.655579 -0.014288
v -0.137296 0.658278 -0.000721
v -0.137296 0.658278 -0.000721
v -0.137296 0.655579 0.012847
v -0.137296 0.655579 -0.014288
v -0.137296 0.647893 -0.025791
v -0.137296 0.647893 0.024350
v -0.137296 0.645768 -0.000721
v -0.137296 0.644021 -0.009501
v -0.137296 0.639048 -0.016945
v -0.137296 0.636391 -0.033476
v -0.137296 0.631604 -0.021918
v -0.137296 0.622823 -0.036175
v -0.137296 0.622823 -0.023665
v -0.137296 0.614043 -0.021918
v -0.137296 0.609255 -0.033476
v -0.137296 0.606599 -0.016945
v -0.137296 0.601625 -0.009501
v -0.137296 0.599879 -0.000721
v -0.137296 0.597753 -0.025791
v -0.137296 0.644021 0.008060
v -0.137296 0.639048 0.015504
v -0.137296 0.636391 0.032035
v -0.137296 0.631604 0.020477
v -0.137296 0.622823 0.022224
v -0.137296 0.622823 0.034734
v -0.137296 0.614043 0.020477
v -0.137296 0.609255 0.032035
v -0.137296 0.606599 0.015504
v -0.137296 0.601625 0.008060
v -0.137296 0.597753 0.024350
v -0.137296 0.590068 -0.014288
v -0.137296 0.590068 0.012847
v -0.137296 0.587368 -0.000721
v -0.137296 0.658278 -0.000721
v -0.137296 0.655579 0.012847
v -0.137296 0.655579 -0.014288
v -0.137296 0.647893 -0.025791
v -0.137296 0.636391 -0.033476
v -0.137296 0.622823 -0.036175
v -0.137296 0.609255 -0.033476
v -0.137296 0.597753 -0.025791
v -0.137296 0.590068 -0.014288
v -0.137296 0.587368 -0.000721
v -0.137296 0.590068 0.012847
v -0.137296 0.597753 0.024350
v -0.137296 0.609255 0.032035
v -0.137296 0.622823 0.034734
v -0.137296 0.636391 0.032035
v -0.137296 0.647893 0.024350
v -0.137296 0.645768 -0.000721
v -0.137296 0.644021 -0.009501
v -0.137296 0.644021 0.008060
v -0.137296 0.639048 0.015504
v -0.137296 0.631604 0.020477
v -0.137296 0.622823 0.022224
v -0.137296 0.614043 0.020477
v -0.137296 0.606599 0.015504
v -0.137296 0.601625 0.008060
v -0.137296 0.599879 -0.000721
v -0.137296 0.601625 -0.009501
v -0.137296 0.606599 -0.016945
v -0.137296 0.614043 -0.021918
v -0.137296 0.622823 -0.023665
v -0.137296 0.631604 -0.021918
v -0.137296 0.639048 -0.016945
v 0.029775 0.658278 -0.000721
v 0.029775 0.655579 0.012847
v 0.029775 0.655579 0.012847
v 0.029775 0.658278 -0.000721
v 0.029775 0.658278 -0.000721
v 0.029775 0.655579 0.012847
v 0.029775 0.655579 -0.014288
v 0.029775 0.655579 -0.014288
v 0.029775 0.655579 -0.014288
v 0.029775 0.647893 -0.025791
v 0.029775 0.647893 -0.025791
v 0.029775 0.647893 -0.025791
v 0.029775 0.636391 -0.033476
v 0.029775 0.636391 -0.033476
v 0.029775 0.636391 -0.033476
v 0.029775 0.622823 -0.036175
v 0.029775 0.622823 -0.036175
v 0.029775 0.622823 -0.036175
v 0.029775 0.609255 -0.033476
v 0.029775 0.609255 -0.033476
v 0.029775 0.609255 -0.033476
v 0.029775 0.597753 -0.025791
v 0.029775 0.597753 -0.025791
v 0.029775 0.597753 -0.025791
v 0.029775 0.590068 -0.014288
v 0.029775 0.590068 -0.014288
v 0.029775 0.590068 -0.014288
v 0.029775 0.587369 -0.000721
v 0.029775 0.587369 -0.000721
v 0.029775 0.587369 -0.000721
v 0.029775 0.590068 0.012847
v 0.029775 0.590068 0.012847
v 0.029775 0.590068 0.012847
v 0.029775 0.597753 0.024350
v 0.029775 0.597753 0.024350
v 0.029775 0.597753 0.024350
v 0.029775 0.609255 0.032035
v 0.029775 0.609255 0.032035
v 0.029775 0.609255 0.032035
v 0.029775 0.622823 0.034734
v 0.029775 0.622823 0.034734
v 0.029775 0.622823 0.034734
v 0.029775 0.636391 0.032035
v 0.029775 0.636391 0.032035
v 0.029775 0.636391 0.032035
v 0.029775 0.647893 0.024350
v 0.029775 0.647893 0.024350
v 0.029775 0.647893 0.024350
v -0.059171 0.601625 0.008060
v -0.059171 0.601625 -0.009501
v -0.059171 0.599879 -0.000721
v -0.059171 0.606599 0.015504
v -0.059171 0.606599 -0.016945
v -0.059171 0.614043 0.020477
v -0.059171 0.614043 -0.021918
v -0.059171 0.622823 0.022224
v -0.059171 0.622823 -0.023665
v -0.059171 0.631604 0.020477
v -0.059171 0.631604 -0.021918
v -0.059171 0.639048 0.015504
v -0.059171 0.639048 -0.016945
v -0.059171 0.644021 0.008060
v -0.059171 0.644021 -0.009501
v -0.059171 0.645768 -0.000721
v -0.059171 0.645768 -0.000721
v -0.059171 0.644021 0.008060
v -0.059171 0.644021 -0.009501
v -0.059171 0.639048 -0.016945
v -0.059171 0.639048 0.015504
v -0.059171 0.631604 -0.021918
v -0.059171 0.631604 0.020477
v -0.059171 0.622823 -0.023665
v -0.059171 0.622823 0.022224
v -0.059171 0.614043 -0.021918
v -0.059171 0.614043 0.020477
v -0.059171 0.606599 -0.016945
v -0.059171 0.606599 0.015504
v -0.059171 0.601625 -0.009501
v -0.059171 0.601625 0.008060
v -0.059171 0.599879 -0.000721
v -0.059171 0.645768 -0.000721
v -0.059171 0.644021 -0.009501
v -0.059171 0.639048 -0.016945
v -0.059171 0.631604 -0.021918
v -0.059171 0.622823 -0.023665
v -0.059171 0.614043 -0.021918
v -0.059171 0.606599 -0.016945
v -0.059171 0.601625 -0.009501
v -0.059171 0.599879 -0.000721
v -0.059171 0.601625 0.008060
v -0.059171 0.606599 0.015504
v -0.059171 0.614043 0.020477
v -0.059171 0.622823 0.022224
v -0.059171 0.631604 0.020477
v -0.059171 0.639048 0.015504
v -0.059171 0.644021 0.008060
v -0.137296 0.644021 -0.009501
v -0.137296 0.645768 -0.000721
v -0.137296 0.645768 -0.000721
v -0.137296 0.644021 -0.009501
v -0.137296 0.645768 -0.000721
v -0.137296 0.644021 -0.009501
v -0.137296 0.639048 -0.016945
v -0.137296 0.639048 -0.016945
v -0.137296 0.639048 -0.016945
v -0.137296 0.631604 -0.021918
v -0.137296 0.631604 -0.021918
v -0.137296 0.631604 -0.021918
v -0.137296 0.622823 -0.023665
v -0.137296 0.622823 -0.023665
v -0.137296 0.622823 -0.023665
v -0.137296 0.614043 -0.021918
v -0.137296 0.614043 -0.021918
v -0.137296 0.614043 -0.021918
v -0.137296 0.606599 -0.016945
v -0.137296 0.606599 -0.016945
v -0.137296 0.606599 -0.016945
v -0.137296 0.601625 -0.009501
v -0.137296 0.601625 -0.009501
v -0.137296 0.601625 -0.009501
v -0.137296 0.599879 -0.000721
v -0.137296 0.599879 -0.000721
v -0.137296 0.599879 -0.000721
v -0.137296 0.601625 0.008060
v -0.137296 0.601625 0.008060
v -0.137296 0.601625 0.008060
v -0.137296 0.606599 0.015504
v -0.137296 0.606599 0.015504
v -0.137296 0.606599 0.015504
v -0.137296 0.614043 0.020477
v -0.137296 0.614043 0.020477
v -0.137296 0.614043 0.020477
v -0.137296 0.622823 0.022224
v -0.137296 0.622823 0.022224
v -0.137296 0.622823 0.022224
v -0.137296 0.631604 0.020477
v -0.137296 0.631604 0.020477
v -0.137296 0.631604 0.020477
v -0.137296 0.639048 0.015504
v -0.137296 0.639048 0.015504
v -0.137296 0.639048 0.015504
v -0.137296 0.644021 0.008060
v -0.137296 0.644021 0.008060
v -0.137296 0.644021 0.008060
v 0.031281 0.205146 0.012847
v 0.031281 0.205146 -0.014288
v 0.033980 0.205146 -0.000721
v 0.023595 0.205146 0.024350
v 0.023595 0.205146 -0.025791
v 0.012093 0.205146 0.032035
v 0.012093 0.205146 -0.033476
v -0.001475 0.205146 0.034734
v -0.001475 0.205146 -0.036175
v -0.015043 0.205146 0.032035
v -0.015043 0.205146 -0.033476
v -0.026545 0.205146 0.024350
v -0.026545 0.205146 -0.025791
v -0.034231 0.205146 0.012847
v -0.034231 0.205146 -0.014288
v -0.036929 0.205146 -0.000721
v -0.036929 0.205146 -0.000721
v -0.034231 0.205146 0.012847
v -0.034231 0.205146 -0.014288
v -0.026545 0.205146 -0.025791
v -0.026545 0.205146 0.024350
v -0.015043 0.205146 -0.033476
v -0.015043 0.205146 0.032035
v -0.001475 0.205146 -0.036175
v -0.001475 0.205146 0.034734
v 0.012093 0.205146 -0.033476
v 0.012093 0.205146 0.032035
v 0.023595 0.205146 -0.025791
v 0.023595 0.205146 0.024350
v 0.031281 0.205146 -0.014288
v 0.031281 0.205146 0.012847
v 0.033980 0.205146 -0.000721
v -0.036929 0.205146 -0.000721
v -0.034231 0.205146 0.012847
v -0.034231 0.205146 -0.014288
v -0.026545 0.205146 -0.025791
v -0.015043 0.205146 -0.033476
v -0.001475 0.205146 -0.036175
v 0.012093 0.205146 -0.033476
v 0.023595 0.205146 -0.025791
v 0.031281 0.205146 -0.014288
v 0.033980 0.205146 -0.000721
v 0.031281 0.205146 0.012847
v 0.023595 0.205146 0.024350
v 0.012093 0.205146 0.032035
v -0.001475 0.205146 0.034734
v -0.015043 0.205146 0.032035
v -0.026545 0.205146 0.024350
v -0.034231 0.205146 0.012847
v -0.036929 0.622823 -0.000721
v -0.036929 0.205146 -0.000721
v -0.034231 0.622823 0.012847
v -0.034231 0.622823 0.012847
v -0.034231 0.205146 0.012847
v -0.036929 0.622823 -0.000721
v -0.036929 0.205146 -0.000721
v -0.036929 0.622823 -0.000721
v -0.034231 0.622823 0.012847
v -0.034231 0.622823 -0.014288
v -0.034231 0.205146 -0.014288
v -0.034231 0.622823 -0.014288
v -0.034231 0.205146 -0.014288
v -0.034231 0.622823 -0.014288
v -0.026545 0.622823 -0.025791
v -0.026545 0.205146 -0.025791
v -0.026545 0.622823 -0.025791
v -0.026545 0.205146 -0.025791
v -0.026545 0.622823 -0.025791
v -0.015043 0.205146 -0.033476
v -0.015043 0.622823 -0.033476
v -0.015043 0.622823 -0.033476
v -0.015043 0.205146 -0.033476
v -0.015043 0.622823 -0.033476
v -0.001475 0.205146 -0.036175
v -0.001475 0.622823 -0.036175
v -0.001475 0.622823 -0.036175
v -0.001475 0.205146 -0.036175
v -0.001475 0.622823 -0.036175
v 0.012093 0.205146 -0.033476
v 0.012093 0.622823 -0.033476
v 0.012093 0.622823 -0.033476
v 0.012093 0.205146 -0.033476
v 0.012093 0.622823 -0.033476
v 0.023595 0.205146 -0.025791
v 0.023595 0.622823 -0.025791
v 0.023595 0.622823 -0.025791
v 0.023595 0.205146 -0.025791
v 0.023595 0.622823 -0.025791
v 0.031281 0.622823 -0.014288
v 0.031281 0.205146 -0.014288
v 0.031281 0.205146 -0.014288
v 0.031281 0.622823 -0.014288
v 0.031281 0.622823 -0.014288
v 0.033980 0.622823 -0.000721
v 0.033980 0.205146 -0.000721
v 0.033980 0.205146 -0.000721
v 0.033980 0.622823 -0.000721
v 0.033980 0.622823 -0.000721
v 0.031281 0.622823 0.012847
v 0.031281 0.205146 0.012847
v 0.031281 0.205146 0.012847
v 0.031281 0.622823 0.012847
v 0.031281 0.622823 0.012847
v 0.023595 0.622823 0.024350
v 0.023595 0.205146 0.024350
v 0.023595 0.205146 0.024350
v 0.023595 0.622823 0.024350
v 0.023595 0.622823 0.024350
v 0.012093 0.205146 0.032035
v 0.012093 0.622823 0.032035
v 0.012093 0.622823 0.032035
v 0.012093 0.205146 0.032035
v 0.012093 0.622823 0.032035
v -0.001475 0.205146 0.034734
v -0.001475 0.622823 0.034734
v -0.001475 0.622823 0.034734
v -0.001475 0.205146 0.034734
v -0.001475 0.622823 0.034734
v -0.015043 0.205146 0.032035
v -0.015043 0.622823 0.032035
v -0.015043 0.622823 0.032035
v -0.015043 0.205146 0.032035
v -0.015043 0.622823 0.032035
v -0.026545 0.205146 0.024350
v -0.026545 0.622823 0.024350
v -0.026545 0.622823 0.024350
v -0.026545 0.205146 0.024350
v -0.026545 0.622823 0.024350
v 0.031281 0.622823 -0.014288
v 0.031281 0.622823 0.012847
v 0.033980 0.622823 -0.000721
v 0.023595 0.622823 -0.025791
v 0.023595 0.622823 0.024350
v 0.012093 0.622823 -0.033476
v 0.012093 0.622823 0.032035
v -0.001475 0.622823 -0.036175
v -0.001475 0.622823 0.034734
v -0.015043 0.622823 -0.033476
v -0.015043 0.622823 0.032035
v -0.026545 0.622823 -0.025791
v -0.026545 0.622823 0.024350
v -0.034231 0.622823 -0.014288
v -0.034231 0.622823 0.012847
v -0.036929 0.622823 -0.000721
v -0.036929 0.622823 -0.000721
v -0.034231 0.622823 -0.014288
v -0.034231 0.622823 0.012847
v -0.026545 0.622823 0.024350
v -0.026545 0.622823 -0.025791
v -0.015043 0.622823 0.032035
v -0.015043 0.622823 -0.033476
v -0.001475 0.622823 0.034734
v -0.001475 0.622823 -0.036175
v 0.012093 0.622823 0.032035
v 0.012093 0.622823 -0.033476
v 0.023595 0.622823 0.024350
v 0.023595 0.622823 -0.025791
v 0.031281 0.622823 0.012847
v 0.031281 0.622823 -0.014288
v 0.033980 0.622823 -0.000721
v 0.134346 -0.539877 0.012847
v 0.134346 -0.539877 -0.014289
v 0.134346 -0.537178 -0.000721
v 0.134346 -0.547563 0.024349
v 0.134346 -0.547563 -0.025791
v 0.134346 -0.550388 -0.000721
v 0.134346 -0.552082 0.007792
v 0.134346 -0.559065 0.032035
v 0.134346 -0.556903 0.015008
v 0.134346 -0.564120 0.019830
v 0.134346 -0.572633 0.034734
v 0.134346 -0.572633 0.021524
v 0.134346 -0.586201 0.032035
v 0.134346 -0.581146 0.019830
v 0.134346 -0.588362 0.015008
v 0.134346 -0.597703 0.024349
v 0.134346 -0.593184 0.007792
v 0.134346 -0.594877 -0.000721
v 0.134346 -0.552082 -0.009234
v 0.134346 -0.559065 -0.033477
v 0.134346 -0.556903 -0.016450
v 0.134346 -0.564120 -0.021272
v 0.134346 -0.572633 -0.036175
v 0.134346 -0.572633 -0.022966
v 0.134346 -0.581146 -0.021272
v 0.134346 -0.586201 -0.033477
v 0.134346 -0.588362 -0.016450
v 0.134346 -0.597703 -0.025791
v 0.134346 -0.593184 -0.009234
v 0.134346 -0.605389 0.012847
v 0.134346 -0.605389 -0.014289
v 0.134346 -0.608087 -0.000721
v 0.134346 -0.608087 -0.000721
v 0.134346 -0.605389 0.012847
v 0.134346 -0.605389 -0.014289
v 0.134346 -0.597703 -0.025791
v 0.134346 -0.597703 0.024349
v 0.134346 -0.594877 -0.000721
v 0.134346 -0.593184 -0.009234
v 0.134346 -0.588362 -0.016450
v 0.134346 -0.586201 -0.033477
v 0.134346 -0.581146 -0.021272
v 0.134346 -0.572633 -0.036175
v 0.134346 -0.572633 -0.022966
v 0.134346 -0.564120 -0.021272
v 0.134346 -0.559065 -0.033477
v 0.134346 -0.556903 -0.016450
v 0.134346 -0.552082 -0.009234
v 0.134346 -0.550388 -0.000721
v 0.134346 -0.547563 -0.025791
v 0.134346 -0.593184 0.007792
v 0.134346 -0.588362 0.015008
v 0.134346 -0.586201 0.032035
v 0.134346 -0.581146 0.019830
v 0.134346 -0.572633 0.021524
v 0.134346 -0.572633 0.034734
v 0.134346 -0.564120 0.019830
v 0.134346 -0.559065 0.032035
v 0.134346 -0.556903 0.015008
v 0.134346 -0.552082 0.007792
v 0.134346 -0.547563 0.024349
v 0.134346 -0.539877 -0.014289
v 0.134346 -0.539877 0.012847
v 0.134346 -0.537178 -0.000721
v 0.134346 -0.608087 -0.000721
v 0.134346 -0.605389 0.012847
v 0.134346 -0.605389 -0.014289
v 0.134346 -0.597703 -0.025791
v 0.134346 -0.586201 -0.033477
v 0.134346 -0.572633 -0.036175
v 0.134346 -0.559065 -0.033477
v 0.134346 -0.547563 -0.025791
v 0.134346 -0.539877 -0.014289
v 0.134346 -0.537178 -0.000721
v 0.134346 -0.539877 0.012847
v 0.134346 -0.547563 0.024349
v 0.134346 -0.559065 0.032035
v 0.134346 -0.572633 0.034734
v 0.134346 -0.586201 0.032035
v 0.134346 -0.597703 0.024349
v 0.134346 -0.556903 -0.016450
v 0.134346 -0.552082 -0.009234
v 0.134346 -0.564120 -0.021272
v 0.134346 -0.572633 -0.022966
v 0.134346 -0.581146 -0.021272
v 0.134346 -0.588362 -0.016450
v 0.134346 -0.593184 -0.009234
v 0.134346 -0.594877 -0.000721
v 0.134346 -0.593184 0.007792
v 0.134346 -0.588362 0.015008
v 0.134346 -0.581146 0.019830
v 0.134346 -0.572633 0.021524
v 0.134346 -0.564120 0.019830
v 0.134346 -0.556903 0.015008
v 0.134346 -0.552082 0.007792
v 0.134346 -0.550388 -0.000721
v -0.032725 -0.608087 -0.000721
v -0.032725 -0.605389 0.012847
v -0.032725 -0.605389 0.012847
v -0.032725 -0.608087 -0.000721
v -0.032725 -0.608087 -0.000721
v -0.032725 -0.605389 0.012847
v -0.032725 -0.605389 -0.014289
v -0.032725 -0.605389 -0.014289
v -0.032725 -0.605389 -0.014289
v -0.032725 -0.597703 -0.025791
v -0.032725 -0.597703 -0.025791
v -0.032725 -0.597703 -0.025791
v -0.032725 -0.586201 -0.033477
v -0.032725 -0.586201 -0.033477
v -0.032725 -0.586201 -0.033477
v -0.032725 -0.572633 -0.036175
v -0.032725 -0.572633 -0.036175
v -0.032725 -0.572633 -0.036175
v -0.032725 -0.559065 -0.033477
v -0.032725 -0.559065 -0.033477
v -0.032725 -0.559065 -0.033477
v -0.032725 -0.547563 -0.025791
v -0.032725 -0.547563 -0.025791
v -0.032725 -0.547563 -0.025791
v -0.032725 -0.539877 -0.014289
v -0.032725 -0.539877 -0.014289
v -0.032725 -0.539877 -0.014289
v -0.032725 -0.537178 -0.000721
v -0.032725 -0.537178 -0.000721
v -0.032725 -0.537178 -0.000721
v -0.032725 -0.539877 0.012847
v -0.032725 -0.539877 0.012847
v -0.032725 -0.539877 0.012847
v -0.032725 -0.547563 0.024349
v -0.032725 -0.547563 0.024349
v -0.032725 -0.547563 0.024349
v -0.032725 -0.559065 0.032035
v -0.032725 -0.559065 0.032035
v -0.032725 -0.559065 0.032035
v -0.032725 -0.572633 0.034734
v -0.032725 -0.572633 0.034734
v -0.032725 -0.572633 0.034734
v -0.032725 -0.586201 0.032035
v -0.032725 -0.586201 0.032035
v -0.032725 -0.586201 0.032035
v -0.032725 -0.597703 0.024349
v -0.032725 -0.597703 0.024349
v -0.032725 -0.597703 0.024349
v 0.071846 -0.552082 0.007792
v 0.071846 -0.552082 -0.009234
v 0.071846 -0.550388 -0.000721
v 0.071846 -0.556903 0.015008
v 0.071846 -0.556903 -0.016450
v 0.071846 -0.564120 0.019830
v 0.071846 -0.564120 -0.021272
v 0.071846 -0.572633 0.021524
v 0.071846 -0.572633 -0.022966
v 0.071846 -0.581146 0.019830
v 0.071846 -0.581146 -0.021272
v 0.071846 -0.588362 0.015008
v 0.071846 -0.588362 -0.016450
v 0.071846 -0.593184 0.007792
v 0.071846 -0.593184 -0.009234
v 0.071846 -0.594877 -0.000721
v 0.071846 -0.594877 -0.000721
v 0.071846 -0.593184 0.007792
v 0.071846 -0.593184 -0.009234
v 0.071846 -0.588362 -0.016450
v 0.071846 -0.588362 0.015008
v 0.071846 -0.581146 -0.021272
v 0.071846 -0.581146 0.019830
v 0.071846 -0.572633 -0.022966
v 0.071846 -0.572633 0.021524
v 0.071846 -0.564120 -0.021272
v 0.071846 -0.564120 0.019830
v 0.071846 -0.556903 -0.016450
v 0.071846 -0.556903 0.015008
v 0.071846 -0.552082 -0.009234
v 0.071846 -0.552082 0.007792
v 0.071846 -0.550388 -0.000721
v 0.071846 -0.556903 -0.016450
v 0.071846 -0.552082 -0.009234
v 0.071846 -0.550388 -0.000721
v 0.071846 -0.552082 0.007792
v 0.071846 -0.556903 0.015008
v 0.071846 -0.564120 0.019830
v 0.071846 -0.572633 0.021524
v 0.071846 -0.581146 0.019830
v 0.071846 -0.588362 0.015008
v 0.071846 -0.593184 0.007792
v 0.071846 -0.594877 -0.000721
v 0.071846 -0.593184 -0.009234
v 0.071846 -0.588362 -0.016450
v 0.071846 -0.581146 -0.021272
v 0.071846 -0.572633 -0.022966
v 0.071846 -0.564120 -0.021272
v 0.134346 -0.556903 -0.016450
v 0.134346 -0.552082 -0.009234
v 0.134346 -0.552082 -0.009234
v 0.134346 -0.556903 -0.016450
v 0.134346 -0.556903 -0.016450
v 0.134346 -0.552082 -0.009234
v 0.134346 -0.550388 -0.000721
v 0.134346 -0.550388 -0.000721
v 0.134346 -0.550388 -0.000721
v 0.134346 -0.552082 0.007792
v 0.134346 -0.552082 0.007792
v 0.134346 -0.552082 0.007792
v 0.134346 -0.556903 0.015008
v 0.134346 -0.556903 0.015008
v 0.134346 -0.556903 0.015008
v 0.134346 -0.564120 0.019830
v 0.134346 -0.564120 0.019830
v 0.134346 -0.564120 0.019830
v 0.134346 -0.572633 0.021524
v 0.134346 -0.572633 0.021524
v 0.134346 -0.572633 0.021524
v 0.134346 -0.581146 0.019830
v 0.134346 -0.581146 0.019830
v 0.134346 -0.581146 0.019830
v 0.134346 -0.588362 0.015008
v 0.134346 -0.588362 0.015008
v 0.134346 -0.588362 0.015008
v 0.134346 -0.593184 0.007792
v 0.134346 -0.593184 0.007792
v 0.134346 -0.593184 0.007792
v 0.134346 -0.594877 -0.000721
v 0.134346 -0.594877 -0.000721
v 0.134346 -0.594877 -0.000721
v 0.134346 -0.593184 -0.009234
v 0.134346 -0.593184 -0.009234
v 0.134346 -0.593184 -0.009234
v 0.134346 -0.588362 -0.016450
v 0.134346 -0.588362 -0.016450
v 0.134346 -0.588362 -0.016450
v 0.134346 -0.581146 -0.021272
v 0.134346 -0.581146 -0.021272
v 0.134346 -0.581146 -0.021272
v 0.134346 -0.572633 -0.022966
v 0.134346 -0.572633 -0.022966
v 0.134346 -0.572633 -0.022966
v 0.134346 -0.564120 -0.021272
v 0.134346 -0.564120 -0.021272
v 0.134346 -0.564120 -0.021272
v -0.034231 -0.154955 0.012847
v -0.034231 -0.154955 -0.014289
v -0.036929 -0.154955 -0.000721
v -0.026545 -0.154955 0.024349
v -0.026545 -0.154955 -0.025791
v -0.015043 -0.154955 0.032035
v -0.015043 -0.154955 -0.033477
v -0.001475 -0.154955 0.034734
v -0.001475 -0.154955 -0.036175
v 0.012093 -0.154955 0.032035
v 0.012093 -0.154955 -0.033477
v 0.023595 -0.154955 0.024349
v 0.023595 -0.154955 -0.025791
v 0.031281 -0.154955 0.012847
v 0.031281 -0.154955 -0.014289
v 0.033980 -0.154955 -0.000721
v 0.033980 -0.154955 -0.000721
v 0.031281 -0.154955 0.012847
v 0.031281 -0.154955 -0.014289
v 0.023595 -0.154955 -0.025791
v 0.023595 -0.154955 0.024349
v 0.012093 -0.154955 -0.033477
v 0.012093 -0.154955 0.032035
v -0.001475 -0.154955 -0.036175
v -0.001475 -0.154955 0.034734
v -0.015043 -0.154955 -0.033477
v -0.015043 -0.154955 0.032035
v -0.026545 -0.154955 -0.025791
v -0.026545 -0.154955 0.024349
v -0.034231 -0.154955 -0.014289
v -0.034231 -0.154955 0.012847
v -0.036929 -0.154955 -0.000721
v 0.033980 -0.154955 -0.000721
v 0.031281 -0.154955 0.012847
v 0.031281 -0.154955 -0.014289
v 0.023595 -0.154955 -0.025791
v 0.012093 -0.154955 -0.033477
v -0.001475 -0.154955 -0.036175
v -0.015043 -0.154955 -0.033477
v -0.026545 -0.154955 -0.025791
v -0.034231 -0.154955 -0.014289
v -0.036929 -0.154955 -0.000721
v -0.034231 -0.154955 0.012847
v -0.026545 -0.154955 0.024349
v -0.015043 -0.154955 0.032035
v -0.001475 -0.154955 0.034734
v 0.012093 -0.154955 0.032035
v 0.023595 -0.154955 0.024349
v 0.033980 -0.572633 -0.000721
v 0.031281 -0.572633 0.012847
v 0.031281 -0.572633 0.012847
v 0.033980 -0.572633 -0.000721
v 0.033980 -0.572633 -0.000721
v 0.031281 -0.572633 0.012847
v 0.031281 -0.572633 -0.014289
v 0.031281 -0.572633 -0.014289
v 0.031281 -0.572633 -0.014289
v 0.023595 -0.572633 -0.025791
v 0.023595 -0.572633 -0.025791
v 0.023595 -0.572633 -0.025791
v 0.012093 -0.572633 -0.033477
v 0.012093 -0.572633 -0.033477
v 0.012093 -0.572633 -0.033477
v -0.001475 -0.572633 -0.036175
v -0.001475 -0.572633 -0.036175
v -0.001475 -0.572633 -0.036175
v -0.015043 -0.572633 -0.033477
v -0.015043 -0.572633 -0.033477
v -0.015043 -0.572633 -0.033477
v -0.026545 -0.572633 -0.025791
v -0.026545 -0.572633 -0.025791
v -0.026545 -0.572633 -0.025791
v -0.034231 -0.572633 -0.014289
v -0.034231 -0.572633 -0.014289
v -0.034231 -0.572633 -0.014289
v -0.036930 -0.572633 -0.000721
v -0.036930 -0.572633 -0.000721
v -0.036930 -0.572633 -0.000721
v -0.034231 -0.572633 0.012847
v -0.034231 -0.572633 0.012847
v -0.034231 -0.572633 0.012847
v -0.026545 -0.572633 0.024349
v -0.026545 -0.572633 0.024349
v -0.026545 -0.572633 0.024349
v -0.015043 -0.572633 0.032035
v -0.015043 -0.572633 0.032035
v -0.015043 -0.572633 0.032035
v -0.001475 -0.572633 0.034734
v -0.001475 -0.572633 0.034734
v -0.001475 -0.572633 0.034734
v 0.012093 -0.572633 0.032035
v 0.012093 -0.572633 0.032035
v 0.012093 -0.572633 0.032035
v 0.023595 -0.572633 0.024349
v 0.023595 -0.572633 0.024349
v 0.023595 -0.572633 0.024349
vn 0.2739 -0.0000 0.9618
vn 0.2531 0.1048 0.9618
vn -0.0000 -0.0000 1.0000
vn 0.2531 -0.1048 0.9618
vn 0.4730 0.1959 0.8590
vn 0.5120 -0.0000 0.8590
vn 0.1937 0.1937 0.9618
vn 0.1937 -0.1937 0.9618
vn 0.4730 -0.1959 0.8590
vn 0.6606 0.2737 0.6991
vn 0.7150 -0.0000 0.6991
vn 0.3621 0.3621 0.8590
vn 0.1048 0.2531 0.9618
vn 0.1048 -0.2531 0.9618
vn 0.3621 -0.3621 0.8590
vn 0.6606 -0.2737 0.6991
vn 0.5056 0.5056 0.6991
vn 0.1959 0.4730 0.8590
vn -0.0000 0.2739 0.9618
vn -0.0000 -0.2739 0.9618
vn 0.1959 -0.4731 0.8590
vn 0.5056 -0.5056 0.6991
vn 0.8037 0.3329 0.4932
vn 0.6151 0.6152 0.4931
vn 0.2736 0.6606 0.6991
vn -0.0000 0.5120 0.8590
vn -0.1048 0.2531 0.9618
vn -0.1048 -0.2531 0.9618
vn -0.0000 -0.5120 0.8590
vn 0.2736 -0.6606 0.6991
vn 0.8037 -0.3329 0.4932
vn 0.6152 -0.6152 0.4931
vn 0.3329 0.8037 0.4931
vn -0.0000 0.7151 0.6991
vn -0.1959 0.4730 0.8590
vn -0.1937 0.1937 0.9618
vn -0.1937 -0.1937 0.9618
vn -0.1959 -0.4731 0.8590
vn -0.0000 -0.7151 0.6991
vn 0.3329 -0.8038 0.4931
vn 0.6837 0.6838 0.2548
vn 0.3700 0.8934 0.2549
vn -0.0000 0.8700 0.4931
vn -0.2736 0.6606 0.6991
vn -0.3621 0.3621 0.8590
vn -0.2531 0.1048 0.9618
vn -0.2531 -0.1048 0.9618
vn -0.3621 -0.3621 0.8590
vn -0.2736 -0.6606 0.6991
vn -0.0000 -0.8700 0.4931
vn 0.3700 -0.8934 0.2549
vn 0.6837 -0.6838 0.2549
vn 0.7070 0.7072 -0.0000
vn 0.3827 0.9239 -0.0000
vn -0.0000 0.9670 0.2549
vn -0.3329 0.8037 0.4931
vn -0.5056 0.5056 0.6991
vn -0.4730 0.1959 0.8590
vn -0.2739 -0.0000 0.9618
vn -0.4730 -0.1959 0.8590
vn -0.5056 -0.5056 0.6991
vn -0.3329 -0.8037 0.4931
vn -0.0000 -0.9670 0.2549
vn 0.3827 -0.9239 -0.0000
vn 0.7070 -0.7072 -0.0000
vn 0.6837 0.6838 -0.2549
vn 0.3700 0.8934 -0.2549
vn -0.0000 1.0000 -0.0000
vn -0.3700 0.8934 0.2549
vn -0.6152 0.6152 0.4931
vn -0.6606 0.2736 0.6991
vn -0.5120 -0.0000 0.8590
vn -0.6606 -0.2736 0.6991
vn -0.6152 -0.6152 0.4931
vn -0.3700 -0.8934 0.2549
vn -0.0000 -1.0000 -0.0000
vn 0.3700 -0.8934 -0.2549
vn 0.6837 -0.6838 -0.2549
vn 0.6152 0.6152 -0.4931
vn 0.3329 0.8038 -0.4931
vn -0.0000 0.9670 -0.2549
vn -0.3827 0.9239 -0.0000
vn -0.6838 0.6838 0.2549
vn -0.8037 0.3329 0.4931
vn -0.7151 -0.0000 0.6991
vn -0.8037 -0.3329 0.4931
vn -0.6838 -0.6838 0.2549
vn -0.3827 -0.9239 -0.0000
vn -0.0000 -0.9670 -0.2549
vn 0.3329 -0.8037 -0.4931
vn 0.6152 -0.6152 -0.4931
vn 0.5056 0.5056 -0.6991
vn 0.2736 0.6606 -0.6991
vn -0.0000 0.8700 -0.4931
vn -0.3700 0.8934 -0.2549
vn -0.7071 0.7071 -0.0000
vn -0.8934 0.3700 0.2549
vn -0.8700 -0.0000 0.4931
vn -0.8934 -0.3700 0.2549
vn -0.7071 -0.7071 -0.0000
vn -0.3700 -0.8934 -0.2549
vn -0.0000 -0.8700 -0.4931
vn 0.2736 -0.6606 -0.6991
vn 0.5056 -0.5056 -0.6991
vn 0.8933 -0.3701 -0.2549
vn 0.8037 -0.3332 -0.4930
vn 0.3621 0.3621 -0.8590
vn 0.1959 0.4730 -0.8590
vn -0.0000 0.7151 -0.6991
vn -0.3329 0.8037 -0.4931
vn -0.6838 0.6838 -0.2549
vn -0.9239 0.3827 -0.0000
vn -0.9670 -0.0000 0.2549
vn -0.9239 -0.3827 -0.0000
vn -0.6838 -0.6838 -0.2549
vn -0.3329 -0.8038 -0.4931
vn -0.0000 -0.7151 -0.6991
vn 0.3621 -0.3621 -0.8590
vn 0.1959 -0.4730 -0.8590
vn 0.4730 0.1959 -0.8590
vn 0.6606 0.2736 -0.6991
vn 0.1937 0.1937 -0.9618
vn 0.1048 0.2531 -0.9618
vn -0.0000 0.5120 -0.8590
vn -0.2736 0.6606 -0.6991
vn -0.6152 0.6152 -0.4931
vn -0.8934 0.3700 -0.2549
vn -1.0000 -0.0000 -0.0000
vn -0.8934 -0.3700 -0.2549
vn -0.6152 -0.6152 -0.4931
vn -0.2736 -0.6606 -0.6991
vn -0.0000 -0.5120 -0.8590
vn 0.1937 -0.1937 -0.9618
vn 0.1048 -0.2531 -0.9618
vn 0.4730 -0.1959 -0.8590
vn 0.6606 -0.2736 -0.6991
vn 0.5120 -0.0000 -0.8590
vn 0.7150 -0.0000 -0.6991
vn 0.2531 0.1048 -0.9618
vn -0.0000 -0.0000 -1.0000
vn -0.0000 0.2739 -0.9618
vn -0.1959 0.4730 -0.8590
vn -0.5056 0.5056 -0.6991
vn -0.8037 0.3329 -0.4931
vn -0.9670 -0.0000 -0.2549
vn -0.8038 -0.3329 -0.4931
vn -0.5056 -0.5056 -0.6991
vn -0.1959 -0.4730 -0.8590
vn -0.0000 -0.2739 -0.9618
vn 0.2531 -0.1048 -0.9618
vn 0.2739 -0.0000 -0.9618
vn -0.1048 0.2531 -0.9618
vn -0.3621 0.3621 -0.8590
vn -0.6606 0.2736 -0.6991
vn -0.8700 -0.0000 -0.4931
vn -0.6606 -0.2736 -0.6991
vn -0.3621 -0.3621 -0.8590
vn -0.1048 -0.2531 -0.9618
vn -0.1937 0.1937 -0.9618
vn -0.4730 0.1959 -0.8590
vn -0.7151 -0.0000 -0.6991
vn -0.4730 -0.1959 -0.8590
vn -0.1937 -0.1937 -0.9618
vn -0.2531 0.1048 -0.9618
vn -0.5120 -0.0000 -0.8590
vn -0.2531 -0.1048 -0.9618
vn -0.2739 -0.0000 -0.9618
vn -0.7150 -0.0000 -0.6991
vn -0.6606 -0.2737 -0.6991
vn -0.6606 0.2737 -0.6991
vn -0.1959 0.4731 -0.8590
vn -0.6151 -0.6152 -0.4931
vn -0.8037 -0.3329 -0.4932
vn -0.8036 0.3330 -0.4932
vn -0.6151 0.6152 -0.4931
vn -0.3329 -0.8037 -0.4931
vn 0.1959 0.4731 -0.8590
vn -0.3329 0.8038 -0.4931
vn -0.6837 -0.6838 -0.2549
vn -0.6837 0.6838 -0.2549
vn 0.3329 0.8037 -0.4931
vn -0.6837 -0.6838 0.2549
vn -0.6837 0.6838 0.2549
vn -0.6151 -0.6152 0.4931
vn -0.3329 -0.8038 0.4931
vn 0.6838 -0.6838 -0.2549
vn 0.8037 -0.3329 -0.4931
vn 0.7151 -0.0000 -0.6991
vn 0.8037 0.3329 -0.4931
vn 0.6838 0.6838 -0.2549
vn 0.7071 -0.7071 -0.0000
vn 0.8934 -0.3700 -0.2549
vn 0.8700 -0.0000 -0.4931
vn 0.8934 0.3700 -0.2549
vn 0.7071 0.7071 -0.0000
vn -0.8037 0.3330 0.4931
vn -0.8933 0.3701 0.2549
vn -0.1959 -0.4730 0.8590
vn 0.3329 -0.8037 0.4931
vn 0.6838 -0.6838 0.2549
vn 0.9239 -0.3827 -0.0000
vn 0.9670 -0.0000 -0.2549
vn 0.9239 0.3827 -0.0000
vn 0.6838 0.6838 0.2549
vn 0.3329 0.8038 0.4931
vn 0.8934 -0.3700 0.2549
vn 1.0000 -0.0000 -0.0000
vn 0.8934 0.3700 0.2549
vn 0.6152 0.6152 0.4931
vn -0.7150 -0.0000 0.6991
vn 0.1959 -0.4730 0.8590
vn 0.8037 -0.3329 0.4931
vn 0.9670 -0.0000 0.2549
vn 0.8038 0.3329 0.4931
vn 0.6606 -0.2736 0.6991
vn 0.8700 -0.0000 0.4931
vn 0.6606 0.2736 0.6991
vn 0.7151 -0.0000 0.6991
vn -0.6607 -0.2736 -0.6990
vn -0.7151 -0.0000 -0.6990
vn -0.8038 0.3329 -0.4931
vn -0.6838 -0.6837 -0.2549
vn -0.6153 -0.6151 -0.4931
vn -0.6153 0.6151 -0.4931
vn -0.6838 0.6837 -0.2549
vn -0.6838 -0.6837 0.2549
vn -0.6839 0.6837 0.2548
vn -0.8038 0.3329 0.4931
vn -0.6607 -0.2737 0.6990
vn -0.7151 -0.0000 0.6990
vn -0.6152 -0.6151 0.4931
vn -0.6607 0.2737 0.6990
vn -0.5057 -0.5056 0.6991
vn -0.5057 0.5056 0.6990
vn -0.6152 0.6151 0.4931
vn 0.7151 -0.0000 0.6990
vn 0.6607 -0.2736 0.6990
vn 0.8038 -0.3329 0.4931
vn 0.6153 0.6151 0.4931
vn 0.6838 0.6837 0.2549
vn 0.6153 -0.6151 0.4931
vn 0.6838 -0.6837 0.2548
vn 0.7072 0.7070 -0.0000
vn 0.7072 -0.7070 -0.0000
vn 0.6838 0.6837 -0.2548
vn 0.6839 -0.6836 -0.2548
vn 0.8038 -0.3329 -0.4931
vn 0.6607 0.2737 -0.6990
vn 0.6607 -0.2737 -0.6990
vn 0.5057 0.5056 -0.6990
vn 0.5057 -0.5056 -0.6991
vn 0.6152 -0.6151 -0.4932
vn -0.9516 -0.2838 0.1176
vn -0.9516 -0.2838 -0.1176
vn -0.9516 -0.3072 -0.0000
vn -0.9517 -0.2172 0.2172
vn -0.9516 -0.2172 -0.2172
vn -0.9699 0.2434 -0.0000
vn -0.9699 0.2250 -0.0932
vn -0.9516 -0.1176 0.2838
vn -0.9699 0.1722 -0.1722
vn -0.9699 0.0932 -0.2250
vn -0.9516 -0.0000 0.3072
vn -0.9699 -0.0000 -0.2435
vn -0.9516 0.1176 0.2838
vn -0.9699 -0.0932 -0.2250
vn -0.9699 -0.1722 -0.1722
vn -0.9517 0.2172 0.2172
vn -0.9699 -0.2250 -0.0932
vn -0.9699 -0.2434 -0.0000
vn -0.9699 0.2250 0.0932
vn -0.9517 -0.1176 -0.2838
vn -0.9699 0.1722 0.1722
vn -0.9699 0.0932 0.2250
vn -0.9516 -0.0000 -0.3072
vn -0.9699 -0.0000 0.2435
vn -0.9699 -0.0932 0.2250
vn -0.9516 0.1176 -0.2838
vn -0.9699 -0.1722 0.1722
vn -0.9517 0.2172 -0.2172
vn -0.9699 -0.2250 0.0932
vn -0.9516 0.2838 0.1176
vn -0.9517 0.2838 -0.1176
vn -0.9516 0.3072 -0.0000
vn 0.9516 0.3072 -0.0002
vn 0.9516 0.2838 0.1177
vn 0.9516 0.2839 -0.1176
vn 0.9517 0.2174 -0.2170
vn 0.9517 0.1175 -0.2838
vn 0.9516 -0.0000 -0.3072
vn 0.9516 -0.1176 -0.2838
vn 0.9517 -0.2172 -0.2172
vn 0.9516 -0.2839 -0.1176
vn 0.9516 -0.3072 -0.0000
vn 0.9516 -0.2838 0.1179
vn 0.9517 -0.2172 0.2172
vn 0.9516 -0.1175 0.2839
vn 0.9516 -0.0002 0.3072
vn 0.9516 0.1176 0.2839
vn 0.9517 0.2173 0.2171
vn 0.9516 -0.2838 -0.1176
vn 0.9516 -0.2838 0.1176
vn 0.9699 0.2434 -0.0000
vn 0.9699 0.2250 -0.0932
vn 0.9699 0.1722 -0.1722
vn 0.9516 -0.1176 0.2838
vn 0.9699 0.0932 -0.2250
vn 0.9516 -0.0000 0.3072
vn 0.9699 -0.0000 -0.2435
vn 0.9699 -0.0932 -0.2250
vn 0.9516 0.1176 0.2838
vn 0.9699 -0.1722 -0.1722
vn 0.9699 -0.2250 -0.0932
vn 0.9699 -0.2434 -0.0000
vn 0.9517 0.2172 0.2172
vn 0.9699 0.2250 0.0932
vn 0.9699 0.1722 0.1722
vn 0.9517 -0.1174 -0.2838
vn 0.9699 0.0932 0.2250
vn 0.9699 -0.0000 0.2435
vn 0.9516 -0.0001 -0.3072
vn 0.9699 -0.0932 0.2250
vn 0.9516 0.1177 -0.2838
vn 0.9699 -0.1722 0.1722
vn 0.9699 -0.2250 0.0932
vn 0.9517 0.2172 -0.2172
vn 0.9516 0.2838 0.1176
vn 0.9516 0.2838 -0.1176
vn 0.9516 0.3072 -0.0001
vn -0.9517 0.2172 0.2171
vn -0.9516 0.3072 -0.0001
vn -0.9516 0.2838 -0.1176
vn -0.9516 0.2172 -0.2173
vn -0.9516 -0.1176 -0.2838
vn -0.9517 -0.2172 -0.2172
vn 0.9516 0.3072 -0.0000
vn 0.9517 0.2838 0.1176
vn 0.9516 0.1176 -0.2838
vn 0.9517 -0.0000 -0.3072
vn 0.9517 -0.0000 0.3072
vn 0.9516 -0.3072 0.0001
vn 0.9699 0.2435 -0.0000
vn 0.9699 0.2250 -0.0933
vn 0.9699 0.1723 -0.1722
vn 0.9699 -0.1722 -0.1723
vn 0.9699 -0.2435 -0.0000
vn 0.9699 -0.2250 0.0934
vn 0.9699 -0.1721 0.1724
vn 0.9699 0.0930 0.2251
vn 0.9699 0.1722 0.1723
vn 0.9699 0.2250 0.0933
vn -0.9517 0.2838 -0.1174
vn -0.9516 0.2174 -0.2172
vn -0.9517 0.2171 0.2172
vn -0.9516 0.1175 0.2838
vn -0.9516 0.0002 -0.3072
vn -0.9516 -0.1177 0.2838
vn -0.9517 -0.2838 0.1174
vn -0.9699 -0.2250 0.0933
vn -0.9699 -0.2435 -0.0000
vn -0.9699 -0.1723 0.1722
vn -0.9699 0.0934 0.2250
vn -0.9699 0.1722 0.1723
vn -0.9699 0.2435 -0.0000
vn -0.9699 -0.0935 -0.2249
vn -0.9699 -0.1722 -0.1723
vn -0.9699 -0.2250 -0.0933
vn -0.9239 -0.0000 0.3827
vn -0.9239 -0.0000 -0.3827
vn -0.7071 -0.0000 -0.7071
vn -0.3827 -0.0000 -0.9239
vn 0.3827 -0.0000 -0.9239
vn 0.7071 -0.0000 -0.7071
vn 0.9239 -0.0000 -0.3827
vn 0.9239 -0.0000 0.3827
vn 0.7071 -0.0000 0.7071
vn 0.3827 -0.0000 0.9239
vn -0.3827 -0.0000 0.9239
vn -0.7071 -0.0000 0.7071
vn 0.9516 -0.1177 0.2838
vn 0.9516 -0.2172 0.2172
vn 0.9516 -0.1177 -0.2838
vn 0.9516 -0.2172 -0.2172
vn -0.9516 -0.2838 -0.1177
vn -0.9517 -0.1175 -0.2838
vn -0.9517 0.2174 -0.2170
vn -0.9516 0.2839 -0.1176
vn -0.9516 0.2838 0.1178
vn -0.9516 0.1179 0.2837
vn -0.9517 -0.2171 0.2172
vn -0.9516 -0.1175 -0.2839
vn 0.9516 -0.3072 -0.0001
vn 0.9516 -0.2172 -0.2173
vn -0.9517 -0.2172 -0.2173
vn -0.9517 -0.1176 0.2838
vn -0.9516 0.2172 -0.2172
vn -0.9699 0.2250 -0.0934
vn -0.9699 0.1724 -0.1721
vn -0.9699 0.2251 0.0931
vn -0.9699 0.1723 0.1722
vn -0.9699 0.0930 0.2251
vn -0.9699 -0.0933 0.2250
vn -0.9699 -0.2251 0.0931
vn -0.9699 -0.2250 -0.0934
vn -0.9699 -0.1721 -0.1723
vn 0.9516 -0.2173 -0.2172
vn 0.9516 -0.0003 -0.3072
vn 0.9516 0.0001 0.3072
vn 0.9699 -0.2250 0.0933
vn 0.9699 -0.2249 -0.0934
vn 0.9699 -0.0934 -0.2249
vn 0.9699 0.2250 -0.0934
vn 0.9699 0.1723 0.1721
vn -0.5803 0.7781 0.2403
vn -0.5802 0.7782 -0.2403
vn -0.6280 0.7782 -0.0000
vn -0.4441 0.7782 0.4441
vn -0.4441 0.7782 -0.4441
vn -0.2403 0.7781 0.5804
vn -0.2403 0.7782 -0.5803
vn -0.0000 0.7781 0.6282
vn -0.0000 0.7781 -0.6281
vn 0.2403 0.7782 0.5802
vn 0.2403 0.7781 -0.5803
vn 0.4441 0.7782 0.4441
vn 0.4441 0.7782 -0.4441
vn 0.5804 0.7781 0.2403
vn 0.5804 0.7781 -0.2403
vn 0.6280 0.7782 -0.0000
vn 0.6280 -0.7782 -0.0000
vn 0.5803 -0.7782 0.2403
vn 0.5803 -0.7781 -0.2404
vn 0.4441 -0.7782 -0.4441
vn 0.2403 -0.7782 -0.5803
vn 0.0001 -0.7781 -0.6281
vn -0.2404 -0.7781 -0.5803
vn -0.4440 -0.7782 -0.4442
vn -0.5803 -0.7782 -0.2403
vn -0.6280 -0.7782 -0.0000
vn -0.5803 -0.7782 0.2403
vn -0.4441 -0.7782 0.4441
vn -0.2403 -0.7782 0.5802
vn -0.0001 -0.7781 0.6282
vn 0.2404 -0.7782 0.5802
vn 0.4442 -0.7782 0.4440
vn -0.5802 -0.7782 -0.2403
vn -0.5802 -0.7782 0.2403
vn -0.4442 -0.7781 -0.4442
vn -0.2403 -0.7782 -0.5802
vn -0.0000 -0.7782 0.6280
vn -0.0000 -0.7782 -0.6280
vn 0.2403 -0.7782 0.5802
vn 0.2403 -0.7782 -0.5802
vn 0.4442 -0.7781 0.4441
vn 0.5802 -0.7782 0.2403
vn 0.5802 -0.7782 -0.2403
vn -0.5802 0.7782 -0.2404
vn -0.5802 0.7782 0.2403
vn -0.4441 0.7781 0.4442
vn -0.2403 0.7782 0.5802
vn -0.0000 0.7782 0.6280
vn 0.5802 0.7782 0.2403
vn 0.5802 0.7782 -0.2403
vn 0.4441 0.7781 -0.4442
vn 0.2403 0.7782 -0.5802
vn -0.0000 0.7782 -0.6280
vn -0.2403 0.7782 -0.5802
vt 0.892300 0.466398
vt 0.891877 0.471553
vt 0.880958 0.468880
vt 0.889786 0.461841
vt 0.905878 0.476652
vt 0.907910 0.463163
vt 0.889244 0.475572
vt 0.885662 0.459245
vt 0.900753 0.451335
vt 0.925615 0.486656
vt 0.929628 0.459077
vt 0.897631 0.485415
vt 0.885529 0.477801
vt 0.881289 0.458809
vt 0.889295 0.446512
vt 0.916072 0.433657
vt 0.905428 0.500489
vt 0.888294 0.488400
vt 0.881691 0.478335
vt 0.877535 0.459941
vt 0.879246 0.447964
vt 0.890381 0.428237
vt 0.941291 0.509168
vt 0.908382 0.524090
vt 0.888237 0.500903
vt 0.880456 0.487601
vt 0.878307 0.477538
vt 0.874801 0.462172
vt 0.872271 0.452122
vt 0.873626 0.436525
vt 0.922286 0.403899
vt 0.882089 0.403321
vt 0.883425 0.513617
vt 0.877032 0.496477
vt 0.874518 0.484838
vt 0.875642 0.475789
vt 0.873156 0.464933
vt 0.868148 0.457291
vt 0.865173 0.445886
vt 0.863115 0.426640
vt 0.894856 0.547436
vt 0.873727 0.524547
vt 0.871185 0.504007
vt 0.869724 0.490844
vt 0.870345 0.481074
vt 0.873789 0.473442
vt 0.872512 0.467864
vt 0.866056 0.462517
vt 0.861174 0.454085
vt 0.856523 0.441465
vt 0.848915 0.421385
vt 0.855663 0.389486
vt 0.871781 0.562819
vt 0.860430 0.531752
vt 0.863577 0.509903
vt 0.864081 0.495605
vt 0.865052 0.485125
vt 0.867571 0.476827
vt 0.872771 0.470741
vt 0.865433 0.467534
vt 0.859508 0.461251
vt 0.854004 0.452220
vt 0.846981 0.439510
vt 0.833625 0.421643
vt 0.827052 0.389341
vt 0.843481 0.566997
vt 0.845032 0.534128
vt 0.854642 0.513780
vt 0.857842 0.499182
vt 0.859631 0.488223
vt 0.861969 0.479390
vt 0.865992 0.472295
vt 0.859270 0.467677
vt 0.853337 0.460782
vt 0.846825 0.451700
vt 0.837256 0.440080
vt 0.819402 0.427048
vt 0.801965 0.401095
vt 0.815210 0.557898
vt 0.829324 0.530860
vt 0.844830 0.515338
vt 0.851129 0.501598
vt 0.854176 0.490575
vt 0.856749 0.481413
vt 0.860081 0.473649
vt 0.853708 0.468112
vt 0.847449 0.460999
vt 0.839753 0.452440
vt 0.827937 0.443079
vt 0.807913 0.436891
vt 0.784788 0.421901
vt 0.794268 0.535119
vt 0.816101 0.521614
vt 0.834673 0.514265
vt 0.844010 0.502824
vt 0.848630 0.492266
vt 0.851714 0.483061
vt 0.854864 0.474835
vt 0.848483 0.468793
vt 0.841748 0.461845
vt 0.832865 0.454413
vt 0.819549 0.448391
vt 0.800784 0.449970
vt 0.779225 0.447471
vt 0.770159 0.378609
vt 0.756272 0.401741
vt 0.797554 0.510442
vt 0.809211 0.508626
vt 0.824996 0.510257
vt 0.836553 0.502749
vt 0.842895 0.493359
vt 0.846710 0.484428
vt 0.849918 0.475953
vt 0.843415 0.469704
vt 0.836112 0.463314
vt 0.826252 0.457662
vt 0.812679 0.455839
vt 0.789240 0.466735
vt 0.799906 0.463858
vt 0.785118 0.503997
vt 0.767852 0.519956
vt 0.802051 0.495982
vt 0.806904 0.496487
vt 0.816943 0.503752
vt 0.828889 0.501171
vt 0.836859 0.493809
vt 0.841603 0.485464
vt 0.845055 0.477042
vt 0.838381 0.470981
vt 0.830451 0.465491
vt 0.820080 0.462294
vt 0.808465 0.465160
vt 0.798442 0.477944
vt 0.802580 0.475610
vt 0.780360 0.476658
vt 0.760213 0.467498
vt 0.778282 0.490950
vt 0.756272 0.494357
vt 0.797544 0.492984
vt 0.807360 0.485441
vt 0.811050 0.495236
vt 0.821298 0.497972
vt 0.830412 0.493515
vt 0.836288 0.486254
vt 0.840169 0.478178
vt 0.833217 0.472563
vt 0.824709 0.468493
vt 0.814722 0.468421
vt 0.806780 0.475152
vt 0.795483 0.482321
vt 0.794943 0.487929
vt 0.814026 0.492778
vt 0.823438 0.492310
vt 0.830565 0.486760
vt 0.835103 0.479335
vt 0.827767 0.474550
vt 0.819018 0.472576
vt 0.810415 0.476121
vt 0.815794 0.489775
vt 0.824049 0.486967
vt 0.829660 0.480554
vt 0.821845 0.477134
vt 0.813233 0.478076
vt 0.816483 0.486619
vt 0.823450 0.481937
vt 0.815168 0.480630
vt 0.816219 0.483535
vt 0.631422 0.468880
vt 0.620503 0.471553
vt 0.620081 0.466398
vt 0.622595 0.461841
vt 0.604471 0.463163
vt 0.606502 0.476652
vt 0.623137 0.475572
vt 0.626719 0.459245
vt 0.611628 0.451335
vt 0.582753 0.459077
vt 0.586765 0.486656
vt 0.614749 0.485415
vt 0.626852 0.477801
vt 0.631092 0.458809
vt 0.623086 0.446512
vt 0.596309 0.433657
vt 0.606952 0.500489
vt 0.624086 0.488400
vt 0.630690 0.478335
vt 0.634846 0.459941
vt 0.633134 0.447964
vt 0.622000 0.428237
vt 0.603998 0.524090
vt 0.571090 0.509168
vt 0.624143 0.500903
vt 0.631924 0.487601
vt 0.634073 0.477538
vt 0.637580 0.462172
vt 0.640110 0.452122
vt 0.638755 0.436525
vt 0.590095 0.403899
vt 0.630291 0.403321
vt 0.628955 0.513617
vt 0.635348 0.496477
vt 0.637862 0.484838
vt 0.636739 0.475789
vt 0.639225 0.464933
vt 0.644232 0.457291
vt 0.647207 0.445886
vt 0.649265 0.426640
vt 0.617524 0.547436
vt 0.638654 0.524547
vt 0.641195 0.504007
vt 0.642657 0.490844
vt 0.642036 0.481074
vt 0.638591 0.473442
vt 0.639869 0.467864
vt 0.646325 0.462517
vt 0.651207 0.454085
vt 0.655857 0.441465
vt 0.663466 0.421385
vt 0.656718 0.389486
vt 0.640599 0.562819
vt 0.651951 0.531752
vt 0.648804 0.509903
vt 0.648300 0.495605
vt 0.647329 0.485125
vt 0.644810 0.476827
vt 0.639610 0.470741
vt 0.646948 0.467534
vt 0.652873 0.461251
vt 0.658376 0.452220
vt 0.665400 0.439510
vt 0.678755 0.421643
vt 0.685328 0.389341
vt 0.668900 0.566997
vt 0.667349 0.534128
vt 0.657739 0.513780
vt 0.654538 0.499182
vt 0.652750 0.488223
vt 0.650411 0.479390
vt 0.646389 0.472295
vt 0.653111 0.467677
vt 0.659043 0.460782
vt 0.665555 0.451700
vt 0.675124 0.440080
vt 0.692979 0.427048
vt 0.710416 0.401095
vt 0.697170 0.557898
vt 0.683056 0.530860
vt 0.667551 0.515338
vt 0.661252 0.501598
vt 0.658204 0.490575
vt 0.655632 0.481413
vt 0.652300 0.473649
vt 0.658673 0.468112
vt 0.664932 0.460999
vt 0.672627 0.452440
vt 0.684444 0.443079
vt 0.704467 0.436891
vt 0.727592 0.421901
vt 0.718112 0.535119
vt 0.696280 0.521614
vt 0.677707 0.514265
vt 0.668371 0.502824
vt 0.663751 0.492266
vt 0.660666 0.483061
vt 0.657517 0.474835
vt 0.663897 0.468793
vt 0.670632 0.461845
vt 0.679515 0.454413
vt 0.692832 0.448391
vt 0.711597 0.449970
vt 0.733155 0.447471
vt 0.756108 0.401741
vt 0.742221 0.378609
vt 0.714826 0.510442
vt 0.703169 0.508626
vt 0.687384 0.510257
vt 0.675828 0.502749
vt 0.669486 0.493359
vt 0.665671 0.484428
vt 0.662462 0.475953
vt 0.668965 0.469704
vt 0.676268 0.463314
vt 0.686128 0.457662
vt 0.699701 0.455839
vt 0.723140 0.466735
vt 0.712475 0.463858
vt 0.744528 0.519956
vt 0.727262 0.503997
vt 0.710330 0.495982
vt 0.705477 0.496487
vt 0.695437 0.503752
vt 0.683492 0.501171
vt 0.675522 0.493809
vt 0.670778 0.485464
vt 0.667325 0.477042
vt 0.673999 0.470981
vt 0.681929 0.465491
vt 0.692301 0.462294
vt 0.703915 0.465160
vt 0.713939 0.477944
vt 0.709800 0.475610
vt 0.752167 0.467498
vt 0.732021 0.476658
vt 0.756108 0.494357
vt 0.734098 0.490950
vt 0.714836 0.492984
vt 0.705021 0.485441
vt 0.701330 0.495236
vt 0.691082 0.497972
vt 0.681968 0.493515
vt 0.676092 0.486254
vt 0.672212 0.478178
vt 0.679163 0.472563
vt 0.687672 0.468493
vt 0.697659 0.468421
vt 0.705601 0.475152
vt 0.716898 0.482321
vt 0.717438 0.487929
vt 0.698354 0.492778
vt 0.688943 0.492310
vt 0.681816 0.486760
vt 0.677277 0.479335
vt 0.684614 0.474550
vt 0.693362 0.472576
vt 0.701966 0.476121
vt 0.696587 0.489775
vt 0.688332 0.486967
vt 0.682721 0.480554
vt 0.690536 0.477134
vt 0.699147 0.478076
vt 0.695897 0.486619
vt 0.688930 0.481937
vt 0.697212 0.480630
vt 0.696162 0.483535
vt 0.646186 0.569158
vt 0.647929 0.581946
vt 0.632548 0.569382
vt 0.631703 0.581988
vt 0.618803 0.567161
vt 0.615326 0.579928
vt 0.648084 0.594373
vt 0.630941 0.594013
vt 0.613691 0.592633
vt 0.647822 0.606321
vt 0.630274 0.605746
vt 0.666236 0.594241
vt 0.664852 0.581160
vt 0.598307 0.577096
vt 0.595309 0.590165
vt 0.612530 0.604897
vt 0.646974 0.618174
vt 0.629912 0.617458
vt 0.666236 0.607263
vt 0.593594 0.603261
vt 0.611981 0.617593
vt 0.645693 0.630244
vt 0.629901 0.629469
vt 0.664938 0.620255
vt 0.592997 0.616493
vt 0.613451 0.630665
vt 0.644029 0.642968
vt 0.630183 0.642076
vt 0.662100 0.633226
vt 0.616300 0.643641
vt 0.657855 0.646019
vt 0.603041 0.648260
vt 0.597211 0.636322
vt 0.684706 0.581946
vt 0.700088 0.569382
vt 0.700933 0.581988
vt 0.686449 0.569158
vt 0.713832 0.567161
vt 0.717310 0.579928
vt 0.684551 0.594373
vt 0.701694 0.594013
vt 0.718944 0.592633
vt 0.684813 0.606321
vt 0.702361 0.605746
vt 0.667783 0.581160
vt 0.666400 0.594241
vt 0.734328 0.577096
vt 0.737327 0.590165
vt 0.720105 0.604897
vt 0.685661 0.618174
vt 0.702724 0.617458
vt 0.666400 0.607263
vt 0.739042 0.603261
vt 0.720654 0.617593
vt 0.686942 0.630244
vt 0.702735 0.629469
vt 0.667697 0.620255
vt 0.739639 0.616493
vt 0.719185 0.630665
vt 0.688607 0.642968
vt 0.702453 0.642076
vt 0.670536 0.633226
vt 0.716336 0.643641
vt 0.674780 0.646019
vt 0.729595 0.648260
vt 0.735424 0.636322
vt 0.754817 0.632348
vt 0.754537 0.627730
vt 0.754701 0.629800
vt 0.754722 0.635322
vt 0.754126 0.626041
vt 0.752894 0.631648
vt 0.752223 0.635781
vt 0.756024 0.637851
vt 0.752948 0.641039
vt 0.757825 0.646102
vt 0.758529 0.635679
vt 0.762201 0.639078
vt 0.759701 0.632312
vt 0.763309 0.633684
vt 0.762683 0.629561
vt 0.759897 0.629178
vt 0.761178 0.627059
vt 0.759460 0.625515
vt 0.752547 0.628450
vt 0.754540 0.624334
vt 0.752855 0.626082
vt 0.753357 0.623938
vt 0.755309 0.623280
vt 0.754533 0.622555
vt 0.756025 0.621986
vt 0.756264 0.622803
vt 0.757529 0.622307
vt 0.757162 0.622840
vt 0.758586 0.623699
vt 0.758944 0.627084
vt 0.757621 0.623889
vt 0.758237 0.625263
vt 0.752279 0.574523
vt 0.752323 0.572455
vt 0.752223 0.576130
vt 0.752330 0.577397
vt 0.752590 0.578331
vt 0.752968 0.578914
vt 0.753356 0.579153
vt 0.753705 0.579047
vt 0.753984 0.578588
vt 0.754192 0.577729
vt 0.754369 0.576391
vt 0.754391 0.574661
vt 0.754193 0.572548
vt 0.753702 0.570078
vt 0.752906 0.567161
vt 0.752489 0.569980
vt 0.576524 0.580539
vt 0.576141 0.580218
vt 0.576940 0.580273
vt 0.577356 0.579482
vt 0.575817 0.579418
vt 0.577304 0.567161
vt 0.579400 0.572743
vt 0.581314 0.578168
vt 0.577961 0.583324
vt 0.581652 0.582927
vt 0.578069 0.586767
vt 0.581140 0.586780
vt 0.580008 0.589636
vt 0.577740 0.589484
vt 0.578638 0.591255
vt 0.577368 0.592124
vt 0.575886 0.591892
vt 0.577051 0.591320
vt 0.574590 0.572448
vt 0.572043 0.577581
vt 0.574727 0.583201
vt 0.571090 0.582186
vt 0.571240 0.586126
vt 0.574362 0.586568
vt 0.572037 0.589157
vt 0.574338 0.589301
vt 0.573214 0.590944
vt 0.574384 0.591953
vt 0.574803 0.591199
vt 0.576441 0.591980
vt 0.575334 0.591959
vt 0.575869 0.592273
vt 0.572406 0.644057
vt 0.572902 0.643801
vt 0.573363 0.644133
vt 0.573766 0.644954
vt 0.574048 0.646252
vt 0.574145 0.647976
vt 0.573998 0.650152
vt 0.573574 0.652824
vt 0.572864 0.656116
vt 0.571954 0.660324
vt 0.571540 0.655920
vt 0.571209 0.652661
vt 0.571090 0.650001
vt 0.571186 0.647849
vt 0.571479 0.646123
vt 0.571909 0.644844
vt 0.774178 0.597437
vt 0.774280 0.598706
vt 0.774146 0.596573
vt 0.774118 0.596000
vt 0.774301 0.600341
vt 0.774060 0.595645
vt 0.774166 0.602381
vt 0.773974 0.595480
vt 0.773984 0.600658
vt 0.773883 0.595488
vt 0.773898 0.599246
vt 0.773846 0.595654
vt 0.773880 0.598089
vt 0.773854 0.595971
vt 0.773896 0.597157
vt 0.773899 0.596448
vt 0.771339 0.574132
vt 0.770820 0.577007
vt 0.770820 0.579427
vt 0.771232 0.581365
vt 0.771957 0.582797
vt 0.772897 0.583705
vt 0.773957 0.584075
vt 0.775042 0.583895
vt 0.776053 0.583157
vt 0.776888 0.581859
vt 0.777439 0.580001
vt 0.777594 0.577586
vt 0.777230 0.574626
vt 0.776213 0.571141
vt 0.774395 0.567161
vt 0.772491 0.570837
vt 0.785147 0.574711
vt 0.785147 0.574744
vt 0.785144 0.574727
vt 0.785156 0.574698
vt 0.785158 0.574759
vt 0.785168 0.574685
vt 0.785175 0.574765
vt 0.785184 0.574677
vt 0.785193 0.574768
vt 0.785202 0.574681
vt 0.785209 0.574760
vt 0.785219 0.574686
vt 0.785220 0.574748
vt 0.785229 0.574701
vt 0.785230 0.574734
vt 0.785232 0.574717
vt 0.783402 0.582286
vt 0.786425 0.582286
vt 0.780565 0.581106
vt 0.778627 0.578758
vt 0.777758 0.575921
vt 0.777763 0.572964
vt 0.779136 0.570370
vt 0.781205 0.568301
vt 0.783951 0.567161
vt 0.786974 0.567161
vt 0.789811 0.568339
vt 0.791750 0.570687
vt 0.792620 0.573523
vt 0.792615 0.576481
vt 0.791243 0.579076
vt 0.789173 0.581146
vt 0.797716 0.567161
vt 0.794567 0.567787
vt 0.796079 0.567161
vt 0.799228 0.567787
vt 0.793410 0.568944
vt 0.800386 0.568944
vt 0.792784 0.570457
vt 0.801012 0.570456
vt 0.792784 0.572093
vt 0.801012 0.572093
vt 0.793410 0.573605
vt 0.800386 0.573605
vt 0.794567 0.574763
vt 0.799228 0.574763
vt 0.796080 0.575389
vt 0.797716 0.575389
vt 0.569867 0.386121
vt 0.569400 0.640117
vt 0.569503 0.382631
vt 0.568536 0.638024
vt 0.570254 0.638003
vt 0.568891 0.378609
vt 0.570664 0.635914
vt 0.568290 0.382608
vt 0.567933 0.386082
vt 0.570908 0.634167
vt 0.567781 0.389030
vt 0.570926 0.632709
vt 0.567801 0.391447
vt 0.570739 0.631552
vt 0.567956 0.393331
vt 0.570384 0.630712
vt 0.569906 0.630206
vt 0.568213 0.394681
vt 0.569357 0.630045
vt 0.568539 0.395496
vt 0.568849 0.630215
vt 0.568898 0.395772
vt 0.568416 0.630722
vt 0.569258 0.395511
vt 0.569585 0.394711
vt 0.568044 0.631609
vt 0.569844 0.393371
vt 0.567806 0.632829
vt 0.570001 0.391493
vt 0.567781 0.634325
vt 0.570021 0.389076
vt 0.568010 0.636073
vt 0.793144 0.603659
vt 0.796293 0.604286
vt 0.794656 0.604286
vt 0.791987 0.602502
vt 0.797805 0.603659
vt 0.791360 0.600990
vt 0.798963 0.602502
vt 0.791360 0.599353
vt 0.799589 0.600990
vt 0.791987 0.597841
vt 0.799589 0.599353
vt 0.793144 0.596683
vt 0.798963 0.597841
vt 0.794656 0.596057
vt 0.797805 0.596683
vt 0.796293 0.596057
vt 0.796293 0.604450
vt 0.797805 0.605076
vt 0.794656 0.604449
vt 0.793144 0.605076
vt 0.798963 0.606233
vt 0.791987 0.606233
vt 0.799589 0.607745
vt 0.791360 0.607745
vt 0.799589 0.609382
vt 0.791360 0.609382
vt 0.798963 0.610894
vt 0.791987 0.610894
vt 0.797805 0.612051
vt 0.793144 0.612051
vt 0.796293 0.612678
vt 0.794656 0.612678
vt 0.565377 0.629952
vt 0.567602 0.386462
vt 0.565361 0.632390
vt 0.567617 0.384964
vt 0.565519 0.635365
vt 0.567388 0.383203
vt 0.565889 0.638876
vt 0.566841 0.381066
vt 0.566506 0.642921
vt 0.566091 0.378609
vt 0.567110 0.638874
vt 0.565318 0.381084
vt 0.567469 0.635362
vt 0.564813 0.383173
vt 0.567617 0.632386
vt 0.564570 0.384957
vt 0.564569 0.386444
vt 0.567594 0.629948
vt 0.564775 0.387624
vt 0.567434 0.628051
vt 0.565148 0.388479
vt 0.567171 0.626696
vt 0.565631 0.389000
vt 0.566842 0.625882
vt 0.566479 0.625611
vt 0.566155 0.389177
vt 0.566117 0.625883
vt 0.566662 0.389008
vt 0.565790 0.626698
vt 0.567070 0.388514
vt 0.565531 0.628055
vt 0.567380 0.387675
vt 0.796295 0.590678
vt 0.794658 0.590678
vt 0.797807 0.590052
vt 0.798964 0.588894
vt 0.793146 0.590052
vt 0.799590 0.587382
vt 0.791988 0.588894
vt 0.799590 0.585745
vt 0.791362 0.587382
vt 0.798964 0.584233
vt 0.791362 0.585745
vt 0.797807 0.583076
vt 0.791988 0.584233
vt 0.796295 0.582449
vt 0.793146 0.583076
vt 0.794658 0.582449
vt 0.743375 0.588642
vt 0.743190 0.584393
vt 0.743293 0.586793
vt 0.743325 0.590060
vt 0.742839 0.581628
vt 0.741487 0.585685
vt 0.741799 0.588463
vt 0.744077 0.591040
vt 0.742603 0.590271
vt 0.743634 0.591696
vt 0.745043 0.591260
vt 0.745174 0.592198
vt 0.746105 0.590971
vt 0.746796 0.591825
vt 0.748181 0.590582
vt 0.747022 0.590092
vt 0.748946 0.588405
vt 0.749494 0.585882
vt 0.740112 0.582542
vt 0.743696 0.578343
vt 0.739803 0.578424
vt 0.741410 0.573566
vt 0.746032 0.576502
vt 0.746820 0.567161
vt 0.751138 0.574326
vt 0.747976 0.578458
vt 0.752059 0.579677
vt 0.748928 0.581372
vt 0.751183 0.583278
vt 0.747174 0.588423
vt 0.748143 0.584083
vt 0.747606 0.586465
vt 0.741632 0.634285
vt 0.741943 0.634663
vt 0.741263 0.634352
vt 0.740852 0.634808
vt 0.740440 0.635667
vt 0.740087 0.636941
vt 0.739860 0.638692
vt 0.739803 0.640964
vt 0.739927 0.643850
vt 0.740128 0.647573
vt 0.740946 0.644102
vt 0.741591 0.641587
vt 0.742025 0.639544
vt 0.742256 0.637875
vt 0.742296 0.636497
vt 0.742179 0.635418
vt 0.588811 0.583403
vt 0.588413 0.581544
vt 0.589258 0.584732
vt 0.589818 0.585589
vt 0.588240 0.579250
vt 0.590097 0.576301
vt 0.591615 0.580622
vt 0.592833 0.584775
vt 0.589973 0.588399
vt 0.592760 0.588344
vt 0.589760 0.590871
vt 0.592010 0.591128
vt 0.590806 0.593052
vt 0.589231 0.592719
vt 0.589475 0.593923
vt 0.588203 0.594187
vt 0.586820 0.593464
vt 0.588458 0.593801
vt 0.587863 0.567161
vt 0.583464 0.574978
vt 0.586293 0.582954
vt 0.581816 0.580872
vt 0.581816 0.585644
vt 0.585636 0.586517
vt 0.582591 0.589253
vt 0.585498 0.589552
vt 0.583825 0.591559
vt 0.585134 0.593010
vt 0.585975 0.591812
vt 0.587902 0.593891
vt 0.586669 0.592954
vt 0.587295 0.593678
vt 0.587123 0.641093
vt 0.587559 0.640469
vt 0.587992 0.640376
vt 0.588431 0.640716
vt 0.588828 0.641472
vt 0.589133 0.642616
vt 0.589273 0.644161
vt 0.589204 0.646114
vt 0.588874 0.648455
vt 0.588326 0.651186
vt 0.587718 0.654429
vt 0.587045 0.650968
vt 0.586603 0.648126
vt 0.586409 0.645765
vt 0.586471 0.643783
vt 0.586735 0.642208
vt 0.784607 0.603046
vt 0.784627 0.603046
vt 0.784589 0.603054
vt 0.784577 0.603067
vt 0.784647 0.603054
vt 0.784571 0.603084
vt 0.784659 0.603072
vt 0.784568 0.603102
vt 0.784663 0.603093
vt 0.784576 0.603118
vt 0.784660 0.603113
vt 0.784585 0.603132
vt 0.784649 0.603130
vt 0.784599 0.603142
vt 0.784634 0.603141
vt 0.784616 0.603145
vt 0.777758 0.601411
vt 0.778835 0.598825
vt 0.777759 0.604161
vt 0.778795 0.606650
vt 0.780667 0.608513
vt 0.783062 0.609500
vt 0.785604 0.609500
vt 0.787913 0.608551
vt 0.789656 0.606828
vt 0.790874 0.604688
vt 0.791197 0.602162
vt 0.790508 0.599621
vt 0.788846 0.597471
vt 0.786411 0.596083
vt 0.783591 0.596057
vt 0.780864 0.596815
vt 0.784634 0.588810
vt 0.784599 0.588809
vt 0.784616 0.588806
vt 0.784650 0.588821
vt 0.784585 0.588819
vt 0.784661 0.588837
vt 0.784576 0.588834
vt 0.784665 0.588858
vt 0.784568 0.588850
vt 0.784661 0.588878
vt 0.784572 0.588867
vt 0.784649 0.588896
vt 0.784579 0.588884
vt 0.784630 0.588904
vt 0.784591 0.588897
vt 0.784609 0.588904
vt 0.778837 0.593126
vt 0.777758 0.590540
vt 0.777759 0.587790
vt 0.778795 0.585301
vt 0.780667 0.583437
vt 0.783063 0.582449
vt 0.785606 0.582449
vt 0.787915 0.583399
vt 0.789658 0.585122
vt 0.790875 0.587262
vt 0.791198 0.589788
vt 0.790509 0.592329
vt 0.788847 0.594479
vt 0.786413 0.595867
vt 0.783593 0.595893
vt 0.780866 0.595135
vt 0.765690 0.630777
vt 0.768439 0.630777
vt 0.767064 0.630777
vt 0.764525 0.630777
vt 0.769604 0.630777
vt 0.763747 0.630777
vt 0.770382 0.630777
vt 0.763473 0.630777
vt 0.770656 0.630777
vt 0.767064 0.567161
vt 0.765690 0.567161
vt 0.768439 0.567161
vt 0.769604 0.567161
vt 0.770382 0.567161
vt 0.770656 0.567161
vt 0.764525 0.567161
vt 0.763747 0.567161
vt 0.763473 0.567161
vt 0.770820 0.602545
s 1
g off
g Aeolipile_Material.003
usemtl Material.003
f 1/1/1 2/2/2 3/3/3
f 1/1/1 3/3/3 10/4/4
f 1/1/1 13/5/5 2/2/2
f 13/5/5 1/1/1 14/6/6
f 2/2/2 19/7/7 3/3/3
f 10/4/4 3/3/3 22/8/8
f 25/9/9 1/1/1 10/4/4
f 1/1/1 25/9/9 14/6/6
f 14/6/6 28/10/10 13/5/5
f 28/10/10 14/6/6 29/11/11
f 2/2/2 34/12/12 19/7/7
f 34/12/12 2/2/2 13/5/5
f 19/7/7 37/13/13 3/3/3
f 22/8/8 3/3/3 40/14/14
f 43/15/15 10/4/4 22/8/8
f 10/4/4 43/15/15 25/9/9
f 46/16/16 14/6/6 25/9/9
f 14/6/6 46/16/16 29/11/11
f 13/5/5 49/17/17 34/12/12
f 49/17/17 13/5/5 28/10/10
f 19/7/7 52/18/18 37/13/13
f 52/18/18 19/7/7 34/12/12
f 37/13/13 55/19/19 3/3/3
f 40/14/14 3/3/3 58/20/20
f 61/21/21 22/8/8 40/14/14
f 22/8/8 61/21/21 43/15/15
f 64/22/22 25/9/9 43/15/15
f 25/9/9 64/22/22 46/16/16
f 67/23/23 49/17/17 28/10/10
f 49/17/17 67/23/23 68/24/24
f 34/12/12 73/25/25 52/18/18
f 73/25/25 34/12/12 49/17/17
f 37/13/13 76/26/26 55/19/19
f 76/26/26 37/13/13 52/18/18
f 55/19/19 79/27/27 3/3/3
f 3/3/3 82/28/28 58/20/20
f 61/21/21 58/20/20 85/29/29
f 58/20/20 61/21/21 40/14/14
f 88/30/30 43/15/15 61/21/21
f 43/15/15 88/30/30 64/22/22
f 91/31/31 64/22/22 92/32/32
f 64/22/22 91/31/31 46/16/16
f 73/25/25 68/24/24 97/33/33
f 68/24/24 73/25/25 49/17/17
f 52/18/18 100/34/34 76/26/26
f 100/34/34 52/18/18 73/25/25
f 79/27/27 76/26/26 103/35/35
f 76/26/26 79/27/27 55/19/19
f 3/3/3 79/27/27 106/36/36
f 3/3/3 109/37/37 82/28/28
f 85/29/29 82/28/28 112/38/38
f 82/28/28 85/29/29 58/20/20
f 88/30/30 85/29/29 115/39/39
f 85/29/29 88/30/30 61/21/21
f 64/22/22 118/40/40 92/32/32
f 118/40/40 64/22/22 88/30/30
f 97/33/33 121/41/41 122/42/42
f 121/41/41 97/33/33 68/24/24
f 100/34/34 97/33/33 127/43/43
f 97/33/33 100/34/34 73/25/25
f 103/35/35 100/34/34 130/44/44
f 100/34/34 103/35/35 76/26/26
f 106/36/36 103/35/35 133/45/45
f 103/35/35 106/36/36 79/27/27
f 3/3/3 106/36/36 136/46/46
f 3/3/3 139/47/47 109/37/37
f 112/38/38 109/37/37 142/48/48
f 109/37/37 112/38/38 82/28/28
f 115/39/39 112/38/38 145/49/49
f 112/38/38 115/39/39 85/29/29
f 88/30/30 148/50/50 118/40/40
f 148/50/50 88/30/30 115/39/39
f 92/32/32 151/51/51 152/52/52
f 151/51/51 92/32/32 118/40/40
f 122/42/42 157/53/53 158/54/54
f 157/53/53 122/42/42 121/41/41
f 127/43/43 122/42/42 163/55/55
f 122/42/42 127/43/43 97/33/33
f 130/44/44 127/43/43 166/56/56
f 127/43/43 130/44/44 100/34/34
f 133/45/45 130/44/44 169/57/57
f 130/44/44 133/45/45 103/35/35
f 136/46/46 133/45/45 172/58/58
f 133/45/45 136/46/46 106/36/36
f 3/3/3 136/46/46 175/59/59
f 3/3/3 175/59/59 139/47/47
f 142/48/48 139/47/47 178/60/60
f 139/47/47 142/48/48 109/37/37
f 145/49/49 142/48/48 181/61/61
f 142/48/48 145/49/49 112/38/38
f 115/39/39 184/62/62 148/50/50
f 184/62/62 115/39/39 145/49/49
f 118/40/40 187/63/63 151/51/51
f 187/63/63 118/40/40 148/50/50
f 152/52/52 190/64/64 191/65/65
f 190/64/64 152/52/52 151/51/51
f 158/54/54 196/66/66 197/67/67
f 196/66/66 158/54/54 157/53/53
f 163/55/55 158/54/54 202/68/68
f 158/54/54 163/55/55 122/42/42
f 166/56/56 163/55/55 205/69/69
f 163/55/55 166/56/56 127/43/43
f 169/57/57 166/56/56 208/70/70
f 166/56/56 169/57/57 130/44/44
f 172/58/58 169/57/57 211/71/71
f 169/57/57 172/58/58 133/45/45
f 175/59/59 172/58/58 214/72/72
f 172/58/58 175/59/59 136/46/46
f 178/60/60 175/59/59 214/72/72
f 175/59/59 178/60/60 139/47/47
f 181/61/61 178/60/60 217/73/73
f 178/60/60 181/61/61 142/48/48
f 145/49/49 220/74/74 184/62/62
f 220/74/74 145/49/49 181/61/61
f 148/50/50 223/75/75 187/63/63
f 223/75/75 148/50/50 184/62/62
f 151/51/51 226/76/76 190/64/64
f 226/76/76 151/51/51 187/63/63
f 191/65/65 229/77/77 230/78/78
f 229/77/77 191/65/65 190/64/64
f 197/67/67 235/79/79 236/80/80
f 235/79/79 197/67/67 196/66/66
f 202/68/68 197/67/67 241/81/81
f 197/67/67 202/68/68 158/54/54
f 205/69/69 202/68/68 244/82/82
f 202/68/68 205/69/69 163/55/55
f 208/70/70 205/69/69 247/83/83
f 205/69/69 208/70/70 166/56/56
f 169/57/57 250/84/84 211/71/71
f 250/84/84 169/57/57 208/70/70
f 214/72/72 211/71/71 253/85/85
f 211/71/71 214/72/72 172/58/58
f 217/73/73 214/72/72 253/85/85
f 214/72/72 217/73/73 178/60/60
f 181/61/61 256/86/86 220/74/74
f 256/86/86 181/61/61 217/73/73
f 184/62/62 259/87/87 223/75/75
f 259/87/87 184/62/62 220/74/74
f 187/63/63 262/88/88 226/76/76
f 262/88/88 187/63/63 223/75/75
f 190/64/64 265/89/89 229/77/77
f 265/89/89 190/64/64 226/76/76
f 230/78/78 268/90/90 269/91/91
f 268/90/90 230/78/78 229/77/77
f 236/80/80 274/92/92 275/93/93
f 274/92/92 236/80/80 235/79/79
f 241/81/81 236/80/80 280/94/94
f 236/80/80 241/81/81 197/67/67
f 244/82/82 241/81/81 283/95/95
f 241/81/81 244/82/82 202/68/68
f 247/83/83 244/82/82 286/96/96
f 244/82/82 247/83/83 205/69/69
f 208/70/70 289/97/97 250/84/84
f 289/97/97 208/70/70 247/83/83
f 211/71/71 292/98/98 253/85/85
f 292/98/98 211/71/71 250/84/84
f 217/73/73 292/98/98 256/86/86
f 292/98/98 217/73/73 253/85/85
f 220/74/74 295/99/99 259/87/87
f 295/99/99 220/74/74 256/86/86
f 223/75/75 298/100/100 262/88/88
f 298/100/100 223/75/75 259/87/87
f 226/76/76 301/101/101 265/89/89
f 301/101/101 226/76/76 262/88/88
f 229/77/77 304/102/102 268/90/90
f 304/102/102 229/77/77 265/89/89
f 269/91/91 307/103/103 308/104/104
f 307/103/103 269/91/91 268/90/90
f 269/91/91 313/105/105 230/78/78
f 313/105/105 269/91/91 314/106/106
f 275/93/93 319/107/107 320/108/108
f 319/107/107 275/93/93 274/92/92
f 280/94/94 275/93/93 325/109/109
f 275/93/93 280/94/94 236/80/80
f 283/95/95 280/94/94 328/110/110
f 280/94/94 283/95/95 241/81/81
f 286/96/96 283/95/95 331/111/111
f 283/95/95 286/96/96 244/82/82
f 247/83/83 334/112/112 289/97/97
f 334/112/112 247/83/83 286/96/96
f 250/84/84 337/113/113 292/98/98
f 337/113/113 250/84/84 289/97/97
f 256/86/86 337/113/113 295/99/99
f 337/113/113 256/86/86 292/98/98
f 259/87/87 340/114/114 298/100/100
f 340/114/114 259/87/87 295/99/99
f 262/88/88 343/115/115 301/101/101
f 343/115/115 262/88/88 298/100/100
f 265/89/89 346/116/116 304/102/102
f 346/116/116 265/89/89 301/101/101
f 268/90/90 349/117/117 307/103/103
f 349/117/117 268/90/90 304/102/102
f 352/118/118 307/103/103 353/119/119
f 307/103/103 352/118/118 308/104/104
f 274/92/92 358/120/120 319/107/107
f 358/120/120 274/92/92 359/121/121
f 320/108/108 364/122/122 365/123/123
f 364/122/122 320/108/108 319/107/107
f 275/93/93 370/124/124 325/109/109
f 370/124/124 275/93/93 320/108/108
f 328/110/110 325/109/109 373/125/125
f 325/109/109 328/110/110 280/94/94
f 331/111/111 328/110/110 376/126/126
f 328/110/110 331/111/111 283/95/95
f 334/112/112 331/111/111 379/127/127
f 331/111/111 334/112/112 286/96/96
f 289/97/97 382/128/128 337/113/113
f 382/128/128 289/97/97 334/112/112
f 295/99/99 382/128/128 340/114/114
f 382/128/128 295/99/99 337/113/113
f 340/114/114 343/115/115 298/100/100
f 343/115/115 340/114/114 385/129/129
f 301/101/101 388/130/130 346/116/116
f 388/130/130 301/101/101 343/115/115
f 304/102/102 391/131/131 349/117/117
f 391/131/131 304/102/102 346/116/116
f 353/119/119 349/117/117 394/132/132
f 349/117/117 353/119/119 307/103/103
f 397/133/133 353/119/119 398/134/134
f 353/119/119 397/133/133 352/118/118
f 403/135/135 308/104/104 352/118/118
f 308/104/104 403/135/135 404/136/136
f 359/121/121 409/137/137 358/120/120
f 409/137/137 359/121/121 410/138/138
f 319/107/107 415/139/139 364/122/122
f 415/139/139 319/107/107 358/120/120
f 364/122/122 418/140/140 365/123/123
f 320/108/108 421/141/141 370/124/124
f 421/141/141 320/108/108 365/123/123
f 325/109/109 424/142/142 373/125/125
f 424/142/142 325/109/109 370/124/124
f 376/126/126 373/125/125 427/143/143
f 373/125/125 376/126/126 328/110/110
f 379/127/127 376/126/126 430/144/144
f 376/126/126 379/127/127 331/111/111
f 334/112/112 433/145/145 382/128/128
f 433/145/145 334/112/112 379/127/127
f 382/128/128 385/129/129 340/114/114
f 385/129/129 382/128/128 433/145/145
f 385/129/129 388/130/130 343/115/115
f 388/130/130 385/129/129 436/146/146
f 346/116/116 439/147/147 391/131/131
f 439/147/147 346/116/116 388/130/130
f 442/148/148 349/117/117 391/131/131
f 349/117/117 442/148/148 394/132/132
f 398/134/134 394/132/132 445/149/149
f 394/132/132 398/134/134 353/119/119
f 397/133/133 398/134/134 418/140/140
f 448/150/150 352/118/118 397/133/133
f 352/118/118 448/150/150 403/135/135
f 409/137/137 404/136/136 403/135/135
f 404/136/136 409/137/137 410/138/138
f 358/120/120 451/151/151 415/139/139
f 451/151/151 358/120/120 409/137/137
f 415/139/139 418/140/140 364/122/122
f 365/123/123 418/140/140 421/141/141
f 370/124/124 454/152/152 424/142/142
f 454/152/152 370/124/124 421/141/141
f 373/125/125 457/153/153 427/143/143
f 457/153/153 373/125/125 424/142/142
f 430/144/144 427/143/143 460/154/154
f 427/143/143 430/144/144 376/126/126
f 379/127/127 463/155/155 433/145/145
f 463/155/155 379/127/127 430/144/144
f 433/145/145 436/146/146 385/129/129
f 436/146/146 433/145/145 463/155/155
f 436/146/146 439/147/147 388/130/130
f 439/147/147 436/146/146 466/156/156
f 469/157/157 391/131/131 439/147/147
f 391/131/131 469/157/157 442/148/148
f 472/158/158 394/132/132 442/148/148
f 394/132/132 472/158/158 445/149/149
f 398/134/134 445/149/149 418/140/140
f 448/150/150 397/133/133 418/140/140
f 451/151/151 403/135/135 448/150/150
f 403/135/135 451/151/151 409/137/137
f 451/151/151 418/140/140 415/139/139
f 418/140/140 454/152/152 421/141/141
f 424/142/142 475/159/159 457/153/153
f 475/159/159 424/142/142 454/152/152
f 427/143/143 478/160/160 460/154/154
f 478/160/160 427/143/143 457/153/153
f 430/144/144 481/161/161 463/155/155
f 481/161/161 430/144/144 460/154/154
f 463/155/155 466/156/156 436/146/146
f 466/156/156 463/155/155 481/161/161
f 484/162/162 439/147/147 466/156/156
f 439/147/147 484/162/162 469/157/157
f 487/163/163 442/148/148 469/157/157
f 442/148/148 487/163/163 472/158/158
f 445/149/149 472/158/158 418/140/140
f 451/151/151 448/150/150 418/140/140
f 418/140/140 475/159/159 454/152/152
f 457/153/153 490/164/164 478/160/160
f 490/164/164 457/153/153 475/159/159
f 460/154/154 493/165/165 481/161/161
f 493/165/165 460/154/154 478/160/160
f 493/165/165 466/156/156 481/161/161
f 466/156/156 493/165/165 484/162/162
f 496/166/166 469/157/157 484/162/162
f 469/157/157 496/166/166 487/163/163
f 418/140/140 472/158/158 487/163/163
f 418/140/140 490/164/164 475/159/159
f 478/160/160 499/167/167 493/165/165
f 499/167/167 478/160/160 490/164/164
f 499/167/167 484/162/162 493/165/165
f 484/162/162 499/167/167 496/166/166
f 418/140/140 487/163/163 496/166/166
f 418/140/140 499/167/167 490/164/164
f 418/140/140 496/166/166 499/167/167
s 2
f 4/168/140 5/169/166 6/170/167
f 11/171/164 4/168/140 6/170/167
f 15/172/165 6/170/167 16/173/162
f 5/169/166 16/173/162 6/170/167
f 4/168/140 20/174/163 5/169/166
f 23/175/159 4/168/140 11/171/164
f 15/172/165 26/176/160 6/170/167
f 11/171/164 6/170/167 26/176/160
f 30/177/168 15/172/165 31/178/169
f 16/173/162 31/178/169 15/172/165
f 16/173/162 5/169/166 35/179/157
f 20/174/163 35/179/157 5/169/166
f 4/168/140 38/180/158 20/174/163
f 41/181/152 4/168/140 23/175/159
f 26/176/160 44/182/153 11/171/164
f 23/175/159 11/171/164 44/182/153
f 30/177/168 47/183/170 15/172/165
f 26/176/160 15/172/165 47/183/170
f 31/178/169 16/173/162 50/184/147
f 35/179/157 50/184/147 16/173/162
f 35/179/157 20/174/163 53/185/148
f 38/180/158 53/185/148 20/174/163
f 4/168/140 56/186/149 38/180/158
f 59/187/141 4/168/140 41/181/152
f 44/182/153 62/188/171 23/175/159
f 41/181/152 23/175/159 62/188/171
f 47/183/170 65/189/143 26/176/160
f 44/182/153 26/176/160 65/189/143
f 69/190/172 70/191/173 50/184/147
f 31/178/169 50/184/147 70/191/173
f 50/184/147 35/179/157 74/192/131
f 53/185/148 74/192/131 35/179/157
f 53/185/148 38/180/158 77/193/132
f 56/186/149 77/193/132 38/180/158
f 4/168/140 80/194/134 56/186/149
f 59/187/141 83/195/123 4/168/140
f 41/181/152 62/188/171 59/187/141
f 86/196/124 59/187/141 62/188/171
f 65/189/143 89/197/125 44/182/153
f 62/188/171 44/182/153 89/197/125
f 47/183/170 93/198/174 65/189/143
f 94/199/175 65/189/143 93/198/174
f 50/184/147 74/192/131 69/190/172
f 98/200/176 69/190/172 74/192/131
f 74/192/131 53/185/148 101/201/117
f 77/193/132 101/201/117 53/185/148
f 56/186/149 80/194/134 77/193/132
f 104/202/119 77/193/132 80/194/134
f 107/203/133 80/194/134 4/168/140
f 83/195/123 110/204/122 4/168/140
f 59/187/141 86/196/124 83/195/123
f 113/205/177 83/195/123 86/196/124
f 62/188/171 89/197/125 86/196/124
f 116/206/109 86/196/124 89/197/125
f 89/197/125 65/189/143 119/207/178
f 94/199/175 119/207/178 65/189/143
f 69/190/172 98/200/176 123/208/179
f 124/209/101 123/208/179 98/200/176
f 74/192/131 101/201/117 98/200/176
f 128/210/102 98/200/176 101/201/117
f 77/193/132 104/202/119 101/201/117
f 131/211/103 101/201/117 104/202/119
f 80/194/134 107/203/133 104/202/119
f 134/212/118 104/202/119 107/203/133
f 137/213/150 107/203/133 4/168/140
f 110/204/122 140/214/139 4/168/140
f 83/195/123 113/205/177 110/204/122
f 143/215/107 110/204/122 113/205/177
f 86/196/124 116/206/109 113/205/177
f 146/216/93 113/205/177 116/206/109
f 116/206/109 89/197/125 149/217/94
f 119/207/178 149/217/94 89/197/125
f 119/207/178 94/199/175 153/218/95
f 154/219/180 153/218/95 94/199/175
f 123/208/179 124/209/101 159/220/100
f 160/221/88 159/220/100 124/209/101
f 98/200/176 128/210/102 124/209/101
f 164/222/89 124/209/101 128/210/102
f 101/201/117 131/211/103 128/210/102
f 167/223/90 128/210/102 131/211/103
f 104/202/119 134/212/118 131/211/103
f 170/224/104 131/211/103 134/212/118
f 107/203/133 137/213/150 134/212/118
f 173/225/135 134/212/118 137/213/150
f 176/226/151 137/213/150 4/168/140
f 140/214/139 176/226/151 4/168/140
f 110/204/122 143/215/107 140/214/139
f 179/227/120 140/214/139 143/215/107
f 113/205/177 146/216/93 143/215/107
f 182/228/92 143/215/107 146/216/93
f 146/216/93 116/206/109 185/229/181
f 149/217/94 185/229/181 116/206/109
f 149/217/94 119/207/178 188/230/81
f 153/218/95 188/230/81 119/207/178
f 153/218/95 154/219/180 192/231/82
f 193/232/96 192/231/82 154/219/180
f 159/220/100 160/221/88 198/233/182
f 199/234/75 198/233/182 160/221/88
f 124/209/101 164/222/89 160/221/88
f 203/235/76 160/221/88 164/222/89
f 128/210/102 167/223/90 164/222/89
f 206/236/77 164/222/89 167/223/90
f 131/211/103 170/224/104 167/223/90
f 209/237/91 167/223/90 170/224/104
f 134/212/118 173/225/135 170/224/104
f 212/238/136 170/224/104 173/225/135
f 137/213/150 176/226/151 173/225/135
f 215/239/137 173/225/135 176/226/151
f 140/214/139 179/227/120 176/226/151
f 215/239/137 176/226/151 179/227/120
f 143/215/107 182/228/92 179/227/120
f 218/240/121 179/227/120 182/228/92
f 182/228/92 146/216/93 221/241/79
f 185/229/181 221/241/79 146/216/93
f 185/229/181 149/217/94 224/242/67
f 188/230/81 224/242/67 149/217/94
f 188/230/81 153/218/95 227/243/68
f 192/231/82 227/243/68 153/218/95
f 192/231/82 193/232/96 231/244/69
f 232/245/183 231/244/69 193/232/96
f 198/233/182 199/234/75 237/246/184
f 238/247/185 237/246/184 199/234/75
f 160/221/88 203/235/76 199/234/75
f 242/248/63 199/234/75 203/235/76
f 164/222/89 206/236/77 203/235/76
f 245/249/64 203/235/76 206/236/77
f 167/223/90 209/237/91 206/236/77
f 248/250/186 206/236/77 209/237/91
f 209/237/91 170/224/104 251/251/187
f 212/238/136 251/251/187 170/224/104
f 173/225/135 215/239/137 212/238/136
f 254/252/188 212/238/136 215/239/137
f 179/227/120 218/240/121 215/239/137
f 254/252/188 215/239/137 218/240/121
f 218/240/121 182/228/92 257/253/189
f 221/241/79 257/253/189 182/228/92
f 221/241/79 185/229/181 260/254/190
f 224/242/67 260/254/190 185/229/181
f 224/242/67 188/230/81 263/255/54
f 227/243/68 263/255/54 188/230/81
f 227/243/68 192/231/82 266/256/55
f 231/244/69 266/256/55 192/231/82
f 231/244/69 232/245/183 270/257/56
f 271/258/70 270/257/56 232/245/183
f 237/246/184 238/247/185 276/259/61
f 277/260/49 276/259/61 238/247/185
f 199/234/75 242/248/63 238/247/185
f 281/261/50 238/247/185 242/248/63
f 203/235/76 245/249/64 242/248/63
f 284/262/51 242/248/63 245/249/64
f 206/236/77 248/250/186 245/249/64
f 287/263/191 245/249/64 248/250/186
f 248/250/186 209/237/91 290/264/192
f 251/251/187 290/264/192 209/237/91
f 251/251/187 212/238/136 293/265/193
f 254/252/188 293/265/193 212/238/136
f 254/252/188 218/240/121 293/265/193
f 257/253/189 293/265/193 218/240/121
f 257/253/189 221/241/79 296/266/194
f 260/254/190 296/266/194 221/241/79
f 260/254/190 224/242/67 299/267/195
f 263/255/54 299/267/195 224/242/67
f 263/255/54 227/243/68 302/268/42
f 266/256/55 302/268/42 227/243/68
f 266/256/55 231/244/69 305/269/43
f 270/257/56 305/269/43 231/244/69
f 270/257/56 271/258/70 309/270/44
f 310/271/57 309/270/44 271/258/70
f 315/272/196 271/258/70 316/273/197
f 232/245/183 316/273/197 271/258/70
f 276/259/61 277/260/49 321/274/48
f 322/275/198 321/274/48 277/260/49
f 238/247/185 281/261/50 277/260/49
f 326/276/39 277/260/49 281/261/50
f 242/248/63 284/262/51 281/261/50
f 329/277/199 281/261/50 284/262/51
f 245/249/64 287/263/191 284/262/51
f 332/278/200 284/262/51 287/263/191
f 287/263/191 248/250/186 335/279/201
f 290/264/192 335/279/201 248/250/186
f 290/264/192 251/251/187 338/280/202
f 293/265/193 338/280/202 251/251/187
f 293/265/193 257/253/189 338/280/202
f 296/266/194 338/280/202 257/253/189
f 296/266/194 260/254/190 341/281/203
f 299/267/195 341/281/203 260/254/190
f 299/267/195 263/255/54 344/282/204
f 302/268/42 344/282/204 263/255/54
f 302/268/42 266/256/55 347/283/205
f 305/269/43 347/283/205 266/256/55
f 305/269/43 270/257/56 350/284/34
f 309/270/44 350/284/34 270/257/56
f 310/271/57 354/285/45 309/270/44
f 355/286/35 309/270/44 354/285/45
f 360/287/73 276/259/61 361/288/60
f 321/274/48 361/288/60 276/259/61
f 321/274/48 322/275/198 366/289/37
f 367/290/28 366/289/37 322/275/198
f 322/275/198 277/260/49 371/291/29
f 326/276/39 371/291/29 277/260/49
f 281/261/50 329/277/199 326/276/39
f 374/292/30 326/276/39 329/277/199
f 284/262/51 332/278/200 329/277/199
f 377/293/32 329/277/199 332/278/200
f 287/263/191 335/279/201 332/278/200
f 380/294/206 332/278/200 335/279/201
f 335/279/201 290/264/192 383/295/207
f 338/280/202 383/295/207 290/264/192
f 338/280/202 296/266/194 383/295/207
f 341/281/203 383/295/207 296/266/194
f 386/296/208 341/281/203 344/282/204
f 299/267/195 344/282/204 341/281/203
f 344/282/204 302/268/42 389/297/209
f 347/283/205 389/297/209 302/268/42
f 347/283/205 305/269/43 392/298/25
f 350/284/34 392/298/25 305/269/43
f 309/270/44 355/286/35 350/284/34
f 395/299/26 350/284/34 355/286/35
f 354/285/45 399/300/36 355/286/35
f 400/301/27 355/286/35 399/300/36
f 405/302/71 406/303/58 310/271/57
f 354/285/45 310/271/57 406/303/58
f 411/304/210 360/287/73 412/305/72
f 361/288/60 412/305/72 360/287/73
f 361/288/60 321/274/48 416/306/47
f 366/289/37 416/306/47 321/274/48
f 367/290/28 419/307/3 366/289/37
f 367/290/28 322/275/198 422/308/20
f 371/291/29 422/308/20 322/275/198
f 371/291/29 326/276/39 425/309/211
f 374/292/30 425/309/211 326/276/39
f 329/277/199 377/293/32 374/292/30
f 428/310/22 374/292/30 377/293/32
f 332/278/200 380/294/206 377/293/32
f 431/311/212 377/293/32 380/294/206
f 380/294/206 335/279/201 434/312/213
f 383/295/207 434/312/213 335/279/201
f 434/312/213 383/295/207 386/296/208
f 341/281/203 386/296/208 383/295/207
f 437/313/214 386/296/208 389/297/209
f 344/282/204 389/297/209 386/296/208
f 389/297/209 347/283/205 440/314/17
f 392/298/25 440/314/17 347/283/205
f 395/299/26 443/315/18 350/284/34
f 392/298/25 350/284/34 443/315/18
f 355/286/35 400/301/27 395/299/26
f 446/316/19 395/299/26 400/301/27
f 419/307/3 400/301/27 399/300/36
f 406/303/58 449/317/46 354/285/45
f 399/300/36 354/285/45 449/317/46
f 411/304/210 412/305/72 405/302/71
f 406/303/58 405/302/71 412/305/72
f 412/305/72 361/288/60 452/318/59
f 416/306/47 452/318/59 361/288/60
f 366/289/37 419/307/3 416/306/47
f 422/308/20 419/307/3 367/290/28
f 422/308/20 371/291/29 455/319/14
f 425/309/211 455/319/14 371/291/29
f 425/309/211 374/292/30 458/320/15
f 428/310/22 458/320/15 374/292/30
f 377/293/32 431/311/212 428/310/22
f 461/321/215 428/310/22 431/311/212
f 431/311/212 380/294/206 464/322/216
f 434/312/213 464/322/216 380/294/206
f 464/322/216 434/312/213 437/313/214
f 386/296/208 437/313/214 434/312/213
f 467/323/217 437/313/214 440/314/17
f 389/297/209 440/314/17 437/313/214
f 443/315/18 470/324/12 392/298/25
f 440/314/17 392/298/25 470/324/12
f 446/316/19 473/325/13 395/299/26
f 443/315/18 395/299/26 473/325/13
f 419/307/3 446/316/19 400/301/27
f 419/307/3 399/300/36 449/317/46
f 412/305/72 452/318/59 406/303/58
f 449/317/46 406/303/58 452/318/59
f 416/306/47 419/307/3 452/318/59
f 422/308/20 455/319/14 419/307/3
f 455/319/14 425/309/211 476/326/8
f 458/320/15 476/326/8 425/309/211
f 458/320/15 428/310/22 479/327/9
f 461/321/215 479/327/9 428/310/22
f 461/321/215 431/311/212 482/328/218
f 464/322/216 482/328/218 431/311/212
f 482/328/218 464/322/216 467/323/217
f 437/313/214 467/323/217 464/322/216
f 470/324/12 485/329/5 440/314/17
f 467/323/217 440/314/17 485/329/5
f 473/325/13 488/330/7 443/315/18
f 470/324/12 443/315/18 488/330/7
f 419/307/3 473/325/13 446/316/19
f 419/307/3 449/317/46 452/318/59
f 455/319/14 476/326/8 419/307/3
f 476/326/8 458/320/15 491/331/4
f 479/327/9 491/331/4 458/320/15
f 479/327/9 461/321/215 494/332/6
f 482/328/218 494/332/6 461/321/215
f 485/329/5 494/332/6 467/323/217
f 482/328/218 467/323/217 494/332/6
f 488/330/7 497/333/2 470/324/12
f 485/329/5 470/324/12 497/333/2
f 488/330/7 473/325/13 419/307/3
f 476/326/8 491/331/4 419/307/3
f 491/331/4 479/327/9 500/334/1
f 494/332/6 500/334/1 479/327/9
f 497/333/2 500/334/1 485/329/5
f 494/332/6 485/329/5 500/334/1
f 497/333/2 488/330/7 419/307/3
f 491/331/4 500/334/1 419/307/3
f 500/334/1 497/333/2 419/307/3
s 3
f 506/335/219 507/336/146 508/337/220
f 509/338/155 508/337/220 507/336/146
f 508/337/220 509/338/155 516/339/154
f 517/340/221 516/339/154 509/338/155
f 507/336/146 522/341/129 509/338/155
f 523/342/145 509/338/155 522/341/129
f 509/338/155 523/342/145 517/340/221
f 527/343/127 517/340/221 523/342/145
f 522/341/129 531/344/114 523/342/145
f 532/345/128 523/342/145 531/344/114
f 537/346/222 522/341/129 538/347/223
f 507/336/146 538/347/223 522/341/129
f 517/340/221 527/343/127 543/348/224
f 544/349/225 543/348/224 527/343/127
f 523/342/145 532/345/128 527/343/127
f 548/350/112 527/343/127 532/345/128
f 531/344/114 552/351/99 532/345/128
f 553/352/113 532/345/128 552/351/99
f 557/353/100 531/344/114 537/346/222
f 522/341/129 537/346/222 531/344/114
f 527/343/127 548/350/112 544/349/225
f 560/354/96 544/349/225 548/350/112
f 553/352/113 563/355/97 532/345/128
f 548/350/112 532/345/128 563/355/97
f 552/351/99 567/356/86 553/352/113
f 568/357/98 553/352/113 567/356/86
f 557/353/100 572/358/226 531/344/114
f 552/351/99 531/344/114 572/358/226
f 563/355/97 575/359/227 548/350/112
f 560/354/96 548/350/112 575/359/227
f 568/357/98 578/360/228 553/352/113
f 563/355/97 553/352/113 578/360/228
f 567/356/86 582/361/229 568/357/98
f 583/362/230 568/357/98 582/361/229
f 572/358/226 587/363/231 552/351/99
f 567/356/86 552/351/99 587/363/231
f 583/362/230 590/364/232 568/357/98
f 578/360/228 568/357/98 590/364/232
f 587/363/231 593/365/233 567/356/86
f 582/361/229 567/356/86 593/365/233
f 590/364/232 597/366/234 578/360/228
f 598/367/235 578/360/228 597/366/234
s 4
f 502/368/214 503/369/236 504/370/216
f 503/369/236 502/368/214 505/371/217
f 504/370/216 514/372/237 515/373/238
f 514/372/237 504/370/216 503/369/236
f 520/374/208 504/370/216 521/375/213
f 504/370/216 520/374/208 502/368/214
f 521/375/213 515/373/238 526/376/206
f 515/373/238 521/375/213 504/370/216
f 529/377/203 521/375/213 530/378/207
f 521/375/213 529/377/203 520/374/208
f 520/374/208 535/379/239 502/368/214
f 535/379/239 520/374/208 536/380/240
f 526/376/206 541/381/241 542/382/242
f 541/381/241 526/376/206 515/373/238
f 530/378/207 526/376/206 547/383/201
f 526/376/206 530/378/207 521/375/213
f 550/384/194 530/378/207 551/385/202
f 530/378/207 550/384/194 529/377/203
f 529/377/203 536/380/240 520/374/208
f 536/380/240 529/377/203 556/386/243
f 547/383/201 542/382/242 559/387/244
f 542/382/242 547/383/201 526/376/206
f 562/388/105 530/378/207 547/383/201
f 530/378/207 562/388/105 551/385/202
f 565/389/189 551/385/202 566/390/193
f 551/385/202 565/389/189 550/384/194
f 571/391/245 529/377/203 550/384/194
f 529/377/203 571/391/245 556/386/243
f 574/392/246 547/383/201 559/387/244
f 547/383/201 574/392/246 562/388/105
f 577/393/247 551/385/202 562/388/105
f 551/385/202 577/393/247 566/390/193
f 580/394/248 566/390/193 581/395/188
f 566/390/193 580/394/248 565/389/189
f 586/396/79 550/384/194 565/389/189
f 550/384/194 586/396/79 571/391/245
f 589/397/249 566/390/193 577/393/247
f 566/390/193 589/397/249 581/395/188
f 592/398/250 565/389/189 580/394/248
f 565/389/189 592/398/250 586/396/79
f 595/399/251 577/393/247 596/400/252
f 577/393/247 595/399/251 589/397/249
s 5
f 601/401/253 602/402/254 603/403/255
f 602/402/254 601/401/253 604/404/256
f 602/402/254 604/404/256 605/405/257
f 605/405/257 604/404/256 606/406/258
f 606/406/258 604/404/256 607/407/259
f 607/407/259 604/404/256 608/408/260
f 607/407/259 608/408/260 609/409/261
f 609/409/261 608/408/260 610/410/262
f 610/410/262 608/408/260 611/411/263
f 610/410/262 611/411/263 612/412/264
f 612/412/264 611/411/263 613/413/265
f 612/412/264 613/413/265 614/414/266
f 614/414/266 613/413/265 615/415/267
f 615/415/267 613/413/265 616/416/268
f 615/415/267 616/416/268 617/417/269
f 617/417/269 616/416/268 618/418/270
f 605/405/257 619/419/271 620/420/272
f 619/419/271 605/405/257 606/406/258
f 620/420/272 619/419/271 621/421/273
f 620/420/272 621/421/273 622/422/274
f 620/420/272 622/422/274 623/423/275
f 623/423/275 622/422/274 624/424/276
f 623/423/275 624/424/276 625/425/277
f 623/423/275 625/425/277 626/426/278
f 626/426/278 625/425/277 627/427/279
f 626/426/278 627/427/279 628/428/280
f 628/428/280 627/427/279 629/429/281
f 628/428/280 629/429/281 618/418/270
f 628/428/280 618/418/270 616/416/268
f 628/428/280 616/416/268 630/430/282
f 628/428/280 630/430/282 631/431/283
f 631/431/283 630/430/282 632/432/284
f 630/430/282 697/433/285 632/432/284
f 697/433/285 630/430/282 698/434/286
f 632/432/284 703/435/287 631/431/283
f 703/435/287 632/432/284 697/433/285
f 631/431/283 706/436/288 628/428/280
f 706/436/288 631/431/283 703/435/287
f 628/428/280 709/437/289 626/426/278
f 709/437/289 628/428/280 706/436/288
f 626/426/278 712/438/290 623/423/275
f 712/438/290 626/426/278 709/437/289
f 712/438/290 620/420/272 623/423/275
f 620/420/272 712/438/290 715/439/291
f 715/439/291 605/405/257 620/420/272
f 605/405/257 715/439/291 718/440/292
f 721/441/293 605/405/257 718/440/292
f 605/405/257 721/441/293 602/402/254
f 724/442/294 602/402/254 721/441/293
f 602/402/254 724/442/294 603/403/255
f 727/443/295 603/403/255 724/442/294
f 603/403/255 727/443/295 601/401/253
f 730/444/296 601/401/253 727/443/295
f 601/401/253 730/444/296 604/404/256
f 604/404/256 733/445/297 608/408/260
f 733/445/297 604/404/256 730/444/296
f 733/445/297 611/411/263 608/408/260
f 611/411/263 733/445/297 736/446/298
f 736/446/298 613/413/265 611/411/263
f 613/413/265 736/446/298 739/447/299
f 739/447/299 616/416/268 613/413/265
f 616/416/268 739/447/299 742/448/300
f 616/416/268 698/434/286 630/430/282
f 698/434/286 616/416/268 742/448/300
f 721/441/293 727/443/295 724/442/294
f 727/443/295 721/441/293 718/440/292
f 727/443/295 718/440/292 730/444/296
f 730/444/296 718/440/292 715/439/291
f 730/444/296 715/439/291 733/445/297
f 733/445/297 715/439/291 712/438/290
f 733/445/297 712/438/290 736/446/298
f 736/446/298 712/438/290 709/437/289
f 736/446/298 709/437/289 739/447/299
f 739/447/299 709/437/289 706/436/288
f 739/447/299 706/436/288 742/448/300
f 742/448/300 706/436/288 703/435/287
f 742/448/300 703/435/287 698/434/286
f 698/434/286 703/435/287 697/433/285
s 6
f 633/449/294 634/450/301 635/451/302
f 635/451/302 634/450/301 636/452/296
f 634/450/301 637/453/292 636/452/296
f 637/453/292 638/454/303 636/452/296
f 638/454/303 639/455/304 636/452/296
f 639/455/304 640/456/305 636/452/296
f 636/452/296 640/456/305 641/457/306
f 640/456/305 642/458/307 641/457/306
f 641/457/306 642/458/307 643/459/308
f 642/458/307 644/460/309 643/459/308
f 644/460/309 645/461/310 643/459/308
f 643/459/308 645/461/310 646/462/311
f 645/461/310 647/463/312 646/462/311
f 647/463/312 648/464/313 646/462/311
f 649/465/314 650/466/315 648/464/313
f 646/462/311 648/464/313 650/466/315
f 638/454/303 637/453/292 651/467/316
f 651/467/316 637/453/292 652/468/317
f 637/453/292 653/469/318 652/468/317
f 652/468/317 653/469/318 654/470/319
f 654/470/319 653/469/318 655/471/320
f 653/469/318 656/472/321 655/471/320
f 655/471/320 656/472/321 657/473/322
f 656/472/321 658/474/323 657/473/322
f 657/473/322 658/474/323 659/475/324
f 659/475/324 658/474/323 660/476/325
f 658/474/323 661/477/326 660/476/325
f 660/476/325 661/477/326 649/465/314
f 649/465/314 661/477/326 650/466/315
f 650/466/315 661/477/326 662/478/327
f 661/477/326 663/479/328 662/478/327
f 664/480/329 662/478/327 663/479/328
f 699/481/254 634/450/301 700/482/255
f 633/449/294 700/482/255 634/450/301
f 700/482/255 633/449/294 704/483/253
f 635/451/302 704/483/253 633/449/294
f 704/483/253 635/451/302 707/484/256
f 636/452/296 707/484/256 635/451/302
f 707/484/256 636/452/296 710/485/260
f 641/457/306 710/485/260 636/452/296
f 710/485/260 641/457/306 713/486/263
f 643/459/308 713/486/263 641/457/306
f 716/487/265 713/486/263 646/462/311
f 643/459/308 646/462/311 713/486/263
f 719/488/330 716/487/265 650/466/315
f 646/462/311 650/466/315 716/487/265
f 662/478/327 722/489/282 650/466/315
f 719/488/330 650/466/315 722/489/282
f 664/480/329 725/490/331 662/478/327
f 722/489/282 662/478/327 725/490/331
f 663/479/328 728/491/332 664/480/329
f 725/490/331 664/480/329 728/491/332
f 661/477/326 731/492/333 663/479/328
f 728/491/332 663/479/328 731/492/333
f 731/492/333 661/477/326 734/493/278
f 658/474/323 734/493/278 661/477/326
f 737/494/275 734/493/278 656/472/321
f 658/474/323 656/472/321 734/493/278
f 740/495/334 737/494/275 653/469/318
f 656/472/321 653/469/318 737/494/275
f 743/496/335 740/495/334 637/453/292
f 653/469/318 637/453/292 740/495/334
f 743/496/335 637/453/292 699/481/254
f 634/450/301 699/481/254 637/453/292
f 700/482/255 704/483/253 699/481/254
f 699/481/254 704/483/253 743/496/335
f 704/483/253 707/484/256 743/496/335
f 743/496/335 707/484/256 740/495/334
f 707/484/256 710/485/260 740/495/334
f 740/495/334 710/485/260 737/494/275
f 710/485/260 713/486/263 737/494/275
f 737/494/275 713/486/263 734/493/278
f 713/486/263 716/487/265 734/493/278
f 734/493/278 716/487/265 731/492/333
f 716/487/265 719/488/330 731/492/333
f 731/492/333 719/488/330 728/491/332
f 719/488/330 722/489/282 728/491/332
f 725/490/331 728/491/332 722/489/282
s 7
f 761/497/336 762/498/337 763/499/328
f 763/499/328 762/498/337 764/500/326
f 762/498/337 765/501/315 764/500/326
f 764/500/326 765/501/315 766/502/338
f 765/501/315 767/503/311 766/502/338
f 766/502/338 767/503/311 768/504/339
f 767/503/311 769/505/340 768/504/339
f 768/504/339 769/505/340 770/506/291
f 769/505/340 771/507/306 770/506/291
f 770/506/291 771/507/306 772/508/292
f 771/507/306 773/509/296 772/508/292
f 772/508/292 773/509/296 774/510/301
f 773/509/296 775/511/302 774/510/301
f 776/512/341 774/510/301 775/511/302
f 795/513/342 761/497/336 796/514/343
f 763/499/328 796/514/343 761/497/336
f 796/514/343 763/499/328 800/515/344
f 764/500/326 800/515/344 763/499/328
f 764/500/326 766/502/338 800/515/344
f 803/516/307 800/515/344 766/502/338
f 766/502/338 768/504/339 803/516/307
f 806/517/309 803/516/307 768/504/339
f 770/506/291 809/518/310 768/504/339
f 806/517/309 768/504/339 809/518/310
f 770/506/291 772/508/292 809/518/310
f 812/519/345 809/518/310 772/508/292
f 774/510/301 815/520/313 772/508/292
f 812/519/345 772/508/292 815/520/313
f 776/512/341 818/521/346 774/510/301
f 815/520/313 774/510/301 818/521/346
f 775/511/302 821/522/347 776/512/341
f 818/521/346 776/512/341 821/522/347
f 773/509/296 824/523/348 775/511/302
f 821/522/347 775/511/302 824/523/348
f 773/509/296 771/507/306 824/523/348
f 827/524/322 824/523/348 771/507/306
f 771/507/306 769/505/340 827/524/322
f 830/525/320 827/524/322 769/505/340
f 767/503/311 833/526/349 769/505/340
f 830/525/320 769/505/340 833/526/349
f 767/503/311 765/501/315 833/526/349
f 836/527/350 833/526/349 765/501/315
f 836/527/350 765/501/315 839/528/351
f 762/498/337 839/528/351 765/501/315
f 839/528/351 762/498/337 795/513/342
f 761/497/336 795/513/342 762/498/337
s 8
f 745/529/352 746/530/282 747/531/284
f 746/530/282 745/529/352 748/532/353
f 746/530/282 748/532/353 749/533/354
f 749/533/354 748/532/353 750/534/278
f 749/533/354 750/534/278 751/535/355
f 751/535/355 750/534/278 752/536/356
f 751/535/355 752/536/356 753/537/263
f 753/537/263 752/536/356 754/538/334
f 753/537/263 754/538/334 755/539/357
f 755/539/357 754/538/334 756/540/335
f 755/539/357 756/540/335 757/541/256
f 757/541/256 756/540/335 758/542/254
f 757/541/256 758/542/254 759/543/358
f 759/543/358 758/542/254 760/544/255
f 760/544/255 793/545/359 759/543/358
f 793/545/359 760/544/255 794/546/360
f 759/543/358 799/547/361 757/541/256
f 799/547/361 759/543/358 793/545/359
f 755/539/357 799/547/361 802/548/277
f 799/547/361 755/539/357 757/541/256
f 753/537/263 802/548/277 805/549/276
f 802/548/277 753/537/263 755/539/357
f 808/550/362 753/537/263 805/549/276
f 753/537/263 808/550/362 751/535/355
f 749/533/354 808/550/362 811/551/363
f 808/550/362 749/533/354 751/535/355
f 814/552/271 749/533/354 811/551/363
f 749/533/354 814/552/271 746/530/282
f 817/553/364 746/530/282 814/552/271
f 746/530/282 817/553/364 747/531/284
f 820/554/259 747/531/284 817/553/364
f 747/531/284 820/554/259 745/529/352
f 823/555/261 745/529/352 820/554/259
f 745/529/352 823/555/261 748/532/353
f 750/534/278 823/555/261 826/556/262
f 823/555/261 750/534/278 748/532/353
f 752/536/356 826/556/262 829/557/264
f 826/556/262 752/536/356 750/534/278
f 832/558/365 752/536/356 829/557/264
f 752/536/356 832/558/365 754/538/334
f 756/540/335 832/558/365 835/559/366
f 832/558/365 756/540/335 754/538/334
f 756/540/335 838/560/367 758/542/254
f 838/560/367 756/540/335 835/559/366
f 758/542/254 794/546/360 760/544/255
f 794/546/360 758/542/254 838/560/367
s 9
f 841/561/76 842/562/76 843/563/76
f 842/562/76 841/561/76 844/564/76
f 842/562/76 844/564/76 845/565/76
f 845/565/76 844/564/76 846/566/76
f 845/565/76 846/566/76 847/567/76
f 847/567/76 846/566/76 848/568/76
f 847/567/76 848/568/76 849/569/76
f 849/569/76 848/568/76 850/570/76
f 849/569/76 850/570/76 851/571/76
f 851/571/76 850/570/76 852/572/76
f 851/571/76 852/572/76 853/573/76
f 853/573/76 852/572/76 854/574/76
f 853/573/76 854/574/76 855/575/76
f 855/575/76 854/574/76 856/576/76
s 10
f 889/577/368 890/578/128 891/579/128
f 890/578/128 889/577/368 892/580/368
f 891/579/128 899/581/369 900/582/369
f 899/581/369 891/579/128 890/578/128
f 900/582/369 904/583/370 905/584/370
f 904/583/370 900/582/369 899/581/369
f 904/583/370 909/585/371 905/584/370
f 909/585/371 904/583/370 910/586/371
f 910/586/371 914/587/140 909/585/371
f 914/587/140 910/586/371 915/588/140
f 915/588/140 919/589/372 914/587/140
f 919/589/372 915/588/140 920/590/372
f 920/590/372 924/591/373 919/589/372
f 924/591/373 920/590/372 925/592/373
f 929/593/374 924/591/373 925/592/373
f 924/591/373 929/593/374 930/594/374
f 934/595/207 930/594/374 929/593/374
f 930/594/374 934/595/207 935/596/207
f 939/597/375 935/596/207 934/595/207
f 935/596/207 939/597/375 940/598/375
f 944/599/376 940/598/375 939/597/375
f 940/598/375 944/599/376 945/600/376
f 944/599/376 949/601/377 945/600/376
f 949/601/377 944/599/376 950/602/377
f 950/602/377 954/603/3 949/601/377
f 954/603/3 950/602/377 955/604/3
f 955/604/3 959/605/378 954/603/3
f 959/605/378 955/604/3 960/606/378
f 960/606/378 964/607/379 959/605/378
f 964/607/379 960/606/378 965/608/379
f 964/607/379 892/580/368 889/577/368
f 892/580/368 964/607/379 965/608/379
s 11
f 969/609/68 970/610/68 971/611/68
f 970/610/68 969/609/68 972/612/68
f 970/610/68 972/612/68 973/613/68
f 973/613/68 972/612/68 974/614/68
f 973/613/68 974/614/68 975/615/68
f 975/615/68 974/614/68 976/616/68
f 975/615/68 976/616/68 977/617/68
f 977/617/68 976/616/68 978/618/68
f 977/617/68 978/618/68 979/619/68
f 979/619/68 978/618/68 980/620/68
f 979/619/68 980/620/68 981/621/68
f 981/621/68 980/620/68 982/622/68
f 981/621/68 982/622/68 983/623/68
f 983/623/68 982/622/68 984/624/68
s 12
f 857/625/68 858/626/68 859/627/68
f 859/627/68 858/626/68 860/628/68
f 858/626/68 861/629/68 860/628/68
f 860/628/68 861/629/68 862/630/68
f 861/629/68 863/631/68 862/630/68
f 862/630/68 863/631/68 864/632/68
f 863/631/68 865/633/68 864/632/68
f 864/632/68 865/633/68 866/634/68
f 865/633/68 867/635/68 866/634/68
f 866/634/68 867/635/68 868/636/68
f 867/635/68 869/637/68 868/636/68
f 868/636/68 869/637/68 870/638/68
f 869/637/68 871/639/68 870/638/68
f 872/640/68 870/638/68 871/639/68
s 13
f 893/641/374 894/642/374 895/643/207
f 896/644/207 895/643/207 894/642/374
f 895/643/207 896/644/207 901/645/375
f 902/646/375 901/645/375 896/644/207
f 901/645/375 902/646/375 906/647/376
f 907/648/376 906/647/376 902/646/375
f 911/649/377 906/647/376 912/650/377
f 907/648/376 912/650/377 906/647/376
f 916/651/3 911/649/377 917/652/3
f 912/650/377 917/652/3 911/649/377
f 921/653/378 916/651/3 922/654/378
f 917/652/3 922/654/378 916/651/3
f 926/655/379 921/653/378 927/656/379
f 922/654/378 927/656/379 921/653/378
f 931/657/368 932/658/368 927/656/379
f 926/655/379 927/656/379 932/658/368
f 936/659/128 937/660/128 931/657/368
f 932/658/368 931/657/368 937/660/128
f 941/661/369 942/662/369 936/659/128
f 937/660/128 936/659/128 942/662/369
f 946/663/370 947/664/370 941/661/369
f 942/662/369 941/661/369 947/664/370
f 951/665/371 947/664/370 952/666/371
f 946/663/370 952/666/371 947/664/370
f 956/667/140 951/665/371 957/668/140
f 952/666/371 957/668/140 951/665/371
f 961/669/372 956/667/140 962/670/372
f 957/668/140 962/670/372 956/667/140
f 966/671/373 961/669/372 967/672/373
f 962/670/372 967/672/373 961/669/372
f 966/671/373 967/672/373 893/641/374
f 894/642/374 893/641/374 967/672/373
s 14
f 985/673/76 986/674/76 987/675/76
f 987/675/76 986/674/76 988/676/76
f 986/674/76 989/677/76 988/676/76
f 988/676/76 989/677/76 990/678/76
f 989/677/76 991/679/76 990/678/76
f 990/678/76 991/679/76 992/680/76
f 991/679/76 993/681/76 992/680/76
f 992/680/76 993/681/76 994/682/76
f 993/681/76 995/683/76 994/682/76
f 994/682/76 995/683/76 996/684/76
f 995/683/76 997/685/76 996/684/76
f 996/684/76 997/685/76 998/686/76
f 997/685/76 999/687/76 998/686/76
f 1000/688/76 998/686/76 999/687/76
s 15
f 1001/689/327 1002/690/328 1003/691/336
f 1002/690/328 1001/689/327 1004/692/315
f 1002/690/328 1004/692/315 1005/693/326
f 1005/693/326 1004/692/315 1006/694/346
f 1006/694/346 1004/692/315 1007/695/313
f 1007/695/313 1004/692/315 1008/696/311
f 1007/695/313 1008/696/311 1009/697/312
f 1009/697/312 1008/696/311 1010/698/310
f 1010/698/310 1008/696/311 1011/699/308
f 1010/698/310 1011/699/308 1012/700/309
f 1012/700/309 1011/699/308 1013/701/380
f 1012/700/309 1013/701/380 1014/702/307
f 1014/702/307 1013/701/380 1015/703/305
f 1015/703/305 1013/701/380 1016/704/381
f 1015/703/305 1016/704/381 1017/705/304
f 1017/705/304 1016/704/381 1018/706/342
f 1005/693/326 1019/707/325 1020/708/338
f 1019/707/325 1005/693/326 1006/694/346
f 1020/708/338 1019/707/325 1021/709/324
f 1020/708/338 1021/709/324 1022/710/322
f 1020/708/338 1022/710/322 1023/711/321
f 1023/711/321 1022/710/322 1024/712/320
f 1023/711/321 1024/712/320 1025/713/319
f 1023/711/321 1025/713/319 1026/714/382
f 1026/714/382 1025/713/319 1027/715/317
f 1026/714/382 1027/715/317 1028/716/383
f 1028/716/383 1027/715/317 1029/717/316
f 1028/716/383 1029/717/316 1018/706/342
f 1028/716/383 1018/706/342 1016/704/381
f 1028/716/383 1016/704/381 1030/718/302
f 1028/716/383 1030/718/302 1031/719/301
f 1031/719/301 1030/718/302 1032/720/341
f 1030/718/302 1097/721/255 1032/720/341
f 1097/721/255 1030/718/302 1098/722/253
f 1032/720/341 1103/723/384 1031/719/301
f 1103/723/384 1032/720/341 1097/721/255
f 1031/719/301 1106/724/335 1028/716/383
f 1106/724/335 1031/719/301 1103/723/384
f 1106/724/335 1026/714/382 1028/716/383
f 1026/714/382 1106/724/335 1109/725/385
f 1109/725/385 1023/711/321 1026/714/382
f 1023/711/321 1109/725/385 1112/726/275
f 1112/726/275 1020/708/338 1023/711/321
f 1020/708/338 1112/726/275 1115/727/278
f 1115/727/278 1005/693/326 1020/708/338
f 1005/693/326 1115/727/278 1118/728/386
f 1121/729/387 1005/693/326 1118/728/386
f 1005/693/326 1121/729/387 1002/690/328
f 1124/730/284 1002/690/328 1121/729/387
f 1002/690/328 1124/730/284 1003/691/336
f 1127/731/388 1003/691/336 1124/730/284
f 1003/691/336 1127/731/388 1001/689/327
f 1130/732/268 1001/689/327 1127/731/388
f 1001/689/327 1130/732/268 1004/692/315
f 1130/732/268 1008/696/311 1004/692/315
f 1008/696/311 1130/732/268 1133/733/389
f 1008/696/311 1136/734/263 1011/699/308
f 1136/734/263 1008/696/311 1133/733/389
f 1136/734/263 1013/701/380 1011/699/308
f 1013/701/380 1136/734/263 1139/735/260
f 1139/735/260 1016/704/381 1013/701/380
f 1016/704/381 1139/735/260 1142/736/256
f 1016/704/381 1098/722/253 1030/718/302
f 1098/722/253 1016/704/381 1142/736/256
f 1121/729/387 1127/731/388 1124/730/284
f 1127/731/388 1121/729/387 1118/728/386
f 1127/731/388 1118/728/386 1130/732/268
f 1130/732/268 1118/728/386 1115/727/278
f 1130/732/268 1115/727/278 1133/733/389
f 1133/733/389 1115/727/278 1112/726/275
f 1133/733/389 1112/726/275 1136/734/263
f 1136/734/263 1112/726/275 1109/725/385
f 1136/734/263 1109/725/385 1139/735/260
f 1139/735/260 1109/725/385 1106/724/335
f 1139/735/260 1106/724/335 1142/736/256
f 1142/736/256 1106/724/335 1103/723/384
f 1142/736/256 1103/723/384 1098/722/253
f 1098/722/253 1103/723/384 1097/721/255
s 16
f 1033/737/284 1034/738/332 1035/739/282
f 1035/739/282 1034/738/332 1036/740/268
f 1034/738/332 1037/741/280 1036/740/268
f 1037/741/280 1038/742/360 1036/740/268
f 1038/742/360 1039/743/269 1036/740/268
f 1039/743/269 1040/744/267 1036/740/268
f 1036/740/268 1040/744/267 1041/745/265
f 1040/744/267 1042/746/266 1041/745/265
f 1041/745/265 1042/746/266 1043/747/263
f 1042/746/266 1044/748/264 1043/747/263
f 1044/748/264 1045/749/262 1043/747/263
f 1043/747/263 1045/749/262 1046/750/260
f 1045/749/262 1047/751/261 1046/750/260
f 1047/751/261 1048/752/259 1046/750/260
f 1049/753/364 1050/754/390 1048/752/259
f 1046/750/260 1048/752/259 1050/754/390
f 1038/742/360 1037/741/280 1051/755/281
f 1051/755/281 1037/741/280 1052/756/279
f 1037/741/280 1053/757/278 1052/756/279
f 1052/756/279 1053/757/278 1054/758/277
f 1054/758/277 1053/757/278 1055/759/276
f 1053/757/278 1056/760/275 1055/759/276
f 1055/759/276 1056/760/275 1057/761/274
f 1056/760/275 1058/762/391 1057/761/274
f 1057/761/274 1058/762/391 1059/763/273
f 1059/763/273 1058/762/391 1060/764/271
f 1058/762/391 1061/765/335 1060/764/271
f 1060/764/271 1061/765/335 1049/753/364
f 1049/753/364 1061/765/335 1050/754/390
f 1050/754/390 1061/765/335 1062/766/253
f 1061/765/335 1063/767/254 1062/766/253
f 1064/768/255 1062/766/253 1063/767/254
f 1099/769/328 1034/738/332 1100/770/336
f 1033/737/284 1100/770/336 1034/738/332
f 1100/770/336 1033/737/284 1104/771/327
f 1035/739/282 1104/771/327 1033/737/284
f 1104/771/327 1035/739/282 1107/772/315
f 1036/740/268 1107/772/315 1035/739/282
f 1110/773/311 1107/772/315 1041/745/265
f 1036/740/268 1041/745/265 1107/772/315
f 1113/774/308 1110/773/311 1043/747/263
f 1041/745/265 1043/747/263 1110/773/311
f 1116/775/306 1113/774/308 1046/750/260
f 1043/747/263 1046/750/260 1113/774/308
f 1119/776/296 1116/775/306 1050/754/390
f 1046/750/260 1050/754/390 1116/775/306
f 1062/766/253 1122/777/302 1050/754/390
f 1119/776/296 1050/754/390 1122/777/302
f 1064/768/255 1125/778/392 1062/766/253
f 1122/777/302 1062/766/253 1125/778/392
f 1063/767/254 1128/779/301 1064/768/255
f 1125/778/392 1064/768/255 1128/779/301
f 1061/765/335 1131/780/393 1063/767/254
f 1128/779/301 1063/767/254 1131/780/393
f 1134/781/291 1131/780/393 1058/762/391
f 1061/765/335 1058/762/391 1131/780/393
f 1134/781/291 1058/762/391 1137/782/290
f 1056/760/275 1137/782/290 1058/762/391
f 1140/783/338 1137/782/290 1053/757/278
f 1056/760/275 1053/757/278 1137/782/290
f 1143/784/326 1140/783/338 1037/741/280
f 1053/757/278 1037/741/280 1140/783/338
f 1143/784/326 1037/741/280 1099/769/328
f 1034/738/332 1099/769/328 1037/741/280
f 1100/770/336 1104/771/327 1099/769/328
f 1099/769/328 1104/771/327 1143/784/326
f 1104/771/327 1107/772/315 1143/784/326
f 1143/784/326 1107/772/315 1140/783/338
f 1107/772/315 1110/773/311 1140/783/338
f 1140/783/338 1110/773/311 1137/782/290
f 1110/773/311 1113/774/308 1137/782/290
f 1137/782/290 1113/774/308 1134/781/291
f 1113/774/308 1116/775/306 1134/781/291
f 1134/781/291 1116/775/306 1131/780/393
f 1116/775/306 1119/776/296 1131/780/393
f 1131/780/393 1119/776/296 1128/779/301
f 1119/776/296 1122/777/302 1128/779/301
f 1125/778/392 1128/779/301 1122/777/302
s 17
f 1161/785/255 1162/786/253 1163/787/254
f 1163/787/254 1162/786/253 1164/788/394
f 1162/786/253 1165/789/256 1164/788/394
f 1164/788/394 1165/789/256 1166/790/334
f 1165/789/256 1167/791/395 1166/790/334
f 1166/790/334 1167/791/395 1168/792/275
f 1167/791/395 1169/793/263 1168/792/275
f 1168/792/275 1169/793/263 1170/794/278
f 1169/793/263 1171/795/265 1170/794/278
f 1170/794/278 1171/795/265 1172/796/396
f 1171/795/265 1173/797/268 1172/796/396
f 1172/796/396 1173/797/268 1174/798/332
f 1173/797/268 1175/799/282 1174/798/332
f 1176/800/284 1174/798/332 1175/799/282
f 1195/801/397 1196/802/398 1174/798/332
f 1172/796/396 1174/798/332 1196/802/398
f 1200/803/364 1195/801/397 1176/800/284
f 1174/798/332 1176/800/284 1195/801/397
f 1203/804/399 1200/803/364 1175/799/282
f 1176/800/284 1175/799/282 1200/803/364
f 1206/805/400 1203/804/399 1173/797/268
f 1175/799/282 1173/797/268 1203/804/399
f 1173/797/268 1171/795/265 1206/805/400
f 1209/806/401 1206/805/400 1171/795/265
f 1171/795/265 1169/793/263 1209/806/401
f 1212/807/276 1209/806/401 1169/793/263
f 1169/793/263 1167/791/395 1212/807/276
f 1215/808/402 1212/807/276 1167/791/395
f 1167/791/395 1165/789/256 1215/808/402
f 1218/809/361 1215/808/402 1165/789/256
f 1218/809/361 1165/789/256 1221/810/403
f 1162/786/253 1221/810/403 1165/789/256
f 1221/810/403 1162/786/253 1224/811/360
f 1161/785/255 1224/811/360 1162/786/253
f 1224/811/360 1161/785/255 1227/812/404
f 1163/787/254 1227/812/404 1161/785/255
f 1227/812/404 1163/787/254 1230/813/405
f 1164/788/394 1230/813/405 1163/787/254
f 1166/790/334 1233/814/266 1164/788/394
f 1230/813/405 1164/788/394 1233/814/266
f 1166/790/334 1168/792/275 1233/814/266
f 1236/815/264 1233/814/266 1168/792/275
f 1170/794/278 1239/816/262 1168/792/275
f 1236/815/264 1168/792/275 1239/816/262
f 1170/794/278 1172/796/396 1239/816/262
f 1196/802/398 1239/816/262 1172/796/396
s 18
f 1145/817/301 1146/818/302 1147/819/341
f 1146/818/302 1145/817/301 1148/820/406
f 1146/818/302 1148/820/406 1149/821/296
f 1149/821/296 1148/820/406 1150/822/291
f 1149/821/296 1150/822/291 1151/823/306
f 1151/823/306 1150/822/291 1152/824/407
f 1151/823/306 1152/824/407 1153/825/408
f 1153/825/408 1152/824/407 1154/826/338
f 1153/825/408 1154/826/338 1155/827/311
f 1155/827/311 1154/826/338 1156/828/326
f 1155/827/311 1156/828/326 1157/829/315
f 1157/829/315 1156/828/326 1158/830/328
f 1157/829/315 1158/830/328 1159/831/327
f 1159/831/327 1158/830/328 1160/832/336
f 1193/833/348 1146/818/302 1149/821/296
f 1146/818/302 1193/833/348 1194/834/409
f 1194/834/409 1147/819/341 1146/818/302
f 1147/819/341 1194/834/409 1199/835/346
f 1199/835/346 1145/817/301 1147/819/341
f 1145/817/301 1199/835/346 1202/836/410
f 1202/836/410 1148/820/406 1145/817/301
f 1148/820/406 1202/836/410 1205/837/312
f 1150/822/291 1205/837/312 1208/838/411
f 1205/837/312 1150/822/291 1148/820/406
f 1152/824/407 1208/838/411 1211/839/309
f 1208/838/411 1152/824/407 1150/822/291
f 1154/826/338 1211/839/309 1214/840/307
f 1211/839/309 1154/826/338 1152/824/407
f 1156/828/326 1214/840/307 1217/841/344
f 1214/840/307 1156/828/326 1154/826/338
f 1156/828/326 1220/842/412 1158/830/328
f 1220/842/412 1156/828/326 1217/841/344
f 1158/830/328 1223/843/342 1160/832/336
f 1223/843/342 1158/830/328 1220/842/412
f 1160/832/336 1226/844/351 1159/831/327
f 1226/844/351 1160/832/336 1223/843/342
f 1159/831/327 1229/845/413 1157/829/315
f 1229/845/413 1159/831/327 1226/844/351
f 1232/846/319 1157/829/315 1229/845/413
f 1157/829/315 1232/846/319 1155/827/311
f 1153/825/408 1232/846/319 1235/847/320
f 1232/846/319 1153/825/408 1155/827/311
f 1238/848/322 1153/825/408 1235/847/320
f 1153/825/408 1238/848/322 1151/823/306
f 1149/821/296 1238/848/322 1193/833/348
f 1238/848/322 1149/821/296 1151/823/306
s 19
f 1241/849/414 1242/850/415 1243/851/416
f 1242/850/415 1241/849/414 1244/852/417
f 1242/850/415 1244/852/417 1245/853/418
f 1245/853/418 1244/852/417 1246/854/419
f 1245/853/418 1246/854/419 1247/855/420
f 1247/855/420 1246/854/419 1248/856/421
f 1247/855/420 1248/856/421 1249/857/422
f 1249/857/422 1248/856/421 1250/854/423
f 1249/857/422 1250/854/423 1251/855/424
f 1251/855/424 1250/854/423 1252/852/425
f 1251/855/424 1252/852/425 1253/853/426
f 1253/853/426 1252/852/425 1254/849/427
f 1253/853/426 1254/849/427 1255/850/428
f 1255/850/428 1254/849/427 1256/851/429
f 1254/849/427 1289/858/430 1256/851/429
f 1289/858/430 1254/849/427 1290/859/431
f 1256/851/429 1295/860/432 1255/850/428
f 1295/860/432 1256/851/429 1289/858/430
f 1255/850/428 1298/861/433 1253/853/426
f 1298/861/433 1255/850/428 1295/860/432
f 1298/861/433 1251/855/424 1253/853/426
f 1251/855/424 1298/861/433 1301/862/434
f 1301/862/434 1249/857/422 1251/855/424
f 1249/857/422 1301/862/434 1304/863/435
f 1304/863/435 1247/855/420 1249/857/422
f 1247/855/420 1304/863/435 1307/862/436
f 1307/862/436 1245/853/418 1247/855/420
f 1245/853/418 1307/862/436 1310/861/437
f 1313/860/438 1245/853/418 1310/861/437
f 1245/853/418 1313/860/438 1242/850/415
f 1316/858/439 1242/850/415 1313/860/438
f 1242/850/415 1316/858/439 1243/851/416
f 1319/859/440 1243/851/416 1316/858/439
f 1243/851/416 1319/859/440 1241/849/414
f 1322/864/441 1241/849/414 1319/859/440
f 1241/849/414 1322/864/441 1244/852/417
f 1322/864/441 1246/854/419 1244/852/417
f 1246/854/419 1322/864/441 1325/865/442
f 1325/865/442 1248/856/421 1246/854/419
f 1248/856/421 1325/865/442 1328/866/443
f 1328/866/443 1250/854/423 1248/856/421
f 1250/854/423 1328/866/443 1331/865/444
f 1331/865/444 1252/852/425 1250/854/423
f 1252/852/425 1331/865/444 1334/864/445
f 1252/852/425 1290/859/431 1254/849/427
f 1290/859/431 1252/852/425 1334/864/445
f 1313/860/438 1319/859/440 1316/858/439
f 1319/859/440 1313/860/438 1310/861/437
f 1319/859/440 1310/861/437 1322/864/441
f 1322/864/441 1310/861/437 1307/862/436
f 1322/864/441 1307/862/436 1325/865/442
f 1325/865/442 1307/862/436 1304/863/435
f 1325/865/442 1304/863/435 1328/866/443
f 1328/866/443 1304/863/435 1301/862/434
f 1328/866/443 1301/862/434 1331/865/444
f 1331/865/444 1301/862/434 1298/861/433
f 1331/865/444 1298/861/433 1334/864/445
f 1334/864/445 1298/861/433 1295/860/432
f 1334/864/445 1295/860/432 1290/859/431
f 1290/859/431 1295/860/432 1289/858/430
s 20
f 1257/867/439 1258/867/446 1259/867/447
f 1259/867/447 1258/867/446 1260/867/441
f 1258/867/446 1261/867/448 1260/867/441
f 1260/867/441 1261/867/448 1262/867/442
f 1261/867/448 1263/867/449 1262/867/442
f 1262/867/442 1263/867/449 1264/867/450
f 1263/867/449 1265/867/451 1264/867/450
f 1264/867/450 1265/867/451 1266/867/452
f 1265/867/451 1267/867/453 1266/867/452
f 1266/867/452 1267/867/453 1268/867/454
f 1267/867/453 1269/867/433 1268/867/454
f 1268/867/454 1269/867/433 1270/867/455
f 1269/867/433 1271/867/456 1270/867/455
f 1272/867/430 1270/867/455 1271/867/456
f 1291/867/457 1258/867/446 1292/867/416
f 1257/867/439 1292/867/416 1258/867/446
f 1292/867/416 1257/867/439 1296/867/458
f 1259/867/447 1296/867/458 1257/867/439
f 1296/867/458 1259/867/447 1299/867/459
f 1260/867/441 1299/867/459 1259/867/447
f 1302/867/460 1299/867/459 1262/867/442
f 1260/867/441 1262/867/442 1299/867/459
f 1305/867/461 1302/867/460 1264/867/450
f 1262/867/442 1264/867/450 1302/867/460
f 1308/867/423 1305/867/461 1266/867/452
f 1264/867/450 1266/867/452 1305/867/461
f 1311/867/425 1308/867/423 1268/867/454
f 1266/867/452 1268/867/454 1308/867/423
f 1270/867/455 1314/867/462 1268/867/454
f 1311/867/425 1268/867/454 1314/867/462
f 1272/867/430 1317/867/429 1270/867/455
f 1314/867/462 1270/867/455 1317/867/429
f 1271/867/456 1320/867/463 1272/867/430
f 1317/867/429 1272/867/430 1320/867/463
f 1269/867/433 1323/867/464 1271/867/456
f 1320/867/463 1271/867/456 1323/867/464
f 1326/867/465 1323/867/464 1267/867/453
f 1269/867/433 1267/867/453 1323/867/464
f 1329/867/466 1326/867/465 1265/867/451
f 1267/867/453 1265/867/451 1326/867/465
f 1332/867/467 1329/867/466 1263/867/449
f 1265/867/451 1263/867/449 1329/867/466
f 1335/867/418 1332/867/467 1261/867/448
f 1263/867/449 1261/867/448 1332/867/467
f 1335/867/418 1261/867/448 1291/867/457
f 1258/867/446 1291/867/457 1261/867/448
f 1292/867/416 1296/867/458 1291/867/457
f 1291/867/457 1296/867/458 1335/867/418
f 1296/867/458 1299/867/459 1335/867/418
f 1335/867/418 1299/867/459 1332/867/467
f 1299/867/459 1302/867/460 1332/867/467
f 1332/867/467 1302/867/460 1329/867/466
f 1302/867/460 1305/867/461 1329/867/466
f 1329/867/466 1305/867/461 1326/867/465
f 1305/867/461 1308/867/423 1326/867/465
f 1326/867/465 1308/867/423 1323/867/464
f 1308/867/423 1311/867/425 1323/867/464
f 1323/867/464 1311/867/425 1320/867/463
f 1311/867/425 1314/867/462 1320/867/463
f 1317/867/429 1320/867/463 1314/867/462
l 7 8
l 8 9
l 9 7
l 12 7
l 12 8
l 8 17
l 17 18
l 18 9
l 9 21
l 21 7
l 24 7
l 24 12
l 27 12
l 27 17
l 17 32
l 32 33
l 33 18
l 18 36
l 36 21
l 21 39
l 39 7
l 42 7
l 42 24
l 45 24
l 45 27
l 48 27
l 48 32
l 33 51
l 51 36
l 36 54
l 54 39
l 39 57
l 57 7
l 60 7
l 60 42
l 63 42
l 63 45
l 66 45
l 66 48
l 71 33
l 71 72
l 72 51
l 51 75
l 75 54
l 54 78
l 78 57
l 57 81
l 81 7
l 84 7
l 84 60
l 87 60
l 87 63
l 90 63
l 90 66
l 95 66
l 95 96
l 96 48
l 72 99
l 99 75
l 75 102
l 102 78
l 78 105
l 105 81
l 81 108
l 108 7
l 111 7
l 111 84
l 114 84
l 114 87
l 117 87
l 117 90
l 120 90
l 120 95
l 125 72
l 125 126
l 126 99
l 99 129
l 129 102
l 102 132
l 132 105
l 105 135
l 135 108
l 108 138
l 138 7
l 141 7
l 141 111
l 144 111
l 144 114
l 147 114
l 147 117
l 150 117
l 150 120
l 155 120
l 155 156
l 156 95
l 161 125
l 161 162
l 162 126
l 126 165
l 165 129
l 129 168
l 168 132
l 132 171
l 171 135
l 135 174
l 174 138
l 138 177
l 177 7
l 177 141
l 180 141
l 180 144
l 183 144
l 183 147
l 186 147
l 186 150
l 189 150
l 189 155
l 194 155
l 194 195
l 195 156
l 200 161
l 200 201
l 201 162
l 162 204
l 204 165
l 165 207
l 207 168
l 168 210
l 210 171
l 171 213
l 213 174
l 174 216
l 216 177
l 216 180
l 219 180
l 219 183
l 222 183
l 222 186
l 225 186
l 225 189
l 228 189
l 228 194
l 233 194
l 233 234
l 234 195
l 239 200
l 239 240
l 240 201
l 201 243
l 243 204
l 204 246
l 246 207
l 207 249
l 249 210
l 210 252
l 252 213
l 213 255
l 255 216
l 255 219
l 258 219
l 258 222
l 261 222
l 261 225
l 264 225
l 264 228
l 267 228
l 267 233
l 272 233
l 272 273
l 273 234
l 278 239
l 278 279
l 279 240
l 240 282
l 282 243
l 243 285
l 285 246
l 246 288
l 288 249
l 249 291
l 291 252
l 252 294
l 294 255
l 294 258
l 297 258
l 297 261
l 300 261
l 300 264
l 303 264
l 303 267
l 306 267
l 306 272
l 311 272
l 311 312
l 312 273
l 273 317
l 317 318
l 234 318
l 323 278
l 323 324
l 324 279
l 279 327
l 327 282
l 282 330
l 330 285
l 285 333
l 333 288
l 288 336
l 336 291
l 291 339
l 339 294
l 339 297
l 342 297
l 342 300
l 345 300
l 345 303
l 348 303
l 348 306
l 351 306
l 351 311
l 356 311
l 356 357
l 357 312
l 362 363
l 362 323
l 363 278
l 368 323
l 368 369
l 369 324
l 324 372
l 372 327
l 327 375
l 375 330
l 330 378
l 378 333
l 333 381
l 381 336
l 336 384
l 384 339
l 384 342
l 387 342
l 387 345
l 390 345
l 390 348
l 393 348
l 393 351
l 396 351
l 396 356
l 401 356
l 401 402
l 402 357
l 357 407
l 407 408
l 312 408
l 413 414
l 414 362
l 413 363
l 417 362
l 417 368
l 420 368
l 420 369
l 369 423
l 423 372
l 372 426
l 426 375
l 375 429
l 429 378
l 378 432
l 432 381
l 381 435
l 435 384
l 435 387
l 438 387
l 438 390
l 441 390
l 441 393
l 444 393
l 444 396
l 447 396
l 447 401
l 420 401
l 420 402
l 402 450
l 450 407
l 407 414
l 408 413
l 414 453
l 453 417
l 420 417
l 420 423
l 423 456
l 456 426
l 426 459
l 459 429
l 429 462
l 462 432
l 432 465
l 465 435
l 465 438
l 468 438
l 468 441
l 471 441
l 471 444
l 474 444
l 474 447
l 420 447
l 420 450
l 450 453
l 453 420
l 420 456
l 456 477
l 477 459
l 459 480
l 480 462
l 462 483
l 483 465
l 483 468
l 486 468
l 486 471
l 489 471
l 489 474
l 420 474
l 420 477
l 477 492
l 492 480
l 480 495
l 495 483
l 495 486
l 498 486
l 498 489
l 420 489
l 420 492
l 492 501
l 501 495
l 501 498
l 420 498
l 420 501
l 510 511
l 511 512
l 512 513
l 510 513
l 518 519
l 518 511
l 519 510
l 511 524
l 524 525
l 525 512
l 528 518
l 528 524
l 524 533
l 533 534
l 534 525
l 525 539
l 539 540
l 512 540
l 545 546
l 545 528
l 546 518
l 549 528
l 549 533
l 533 554
l 554 555
l 555 534
l 534 558
l 558 539
l 561 545
l 561 549
l 564 549
l 564 554
l 554 569
l 569 570
l 570 555
l 555 573
l 573 558
l 576 561
l 576 564
l 579 564
l 579 569
l 569 584
l 584 585
l 585 570
l 588 573
l 591 579
l 591 584
l 585 594
l 594 588
l 599 600
l 599 591
l 600 579
l 570 588
l 665 666
l 667 665
l 668 667
l 669 668
l 670 669
l 671 670
l 672 671
l 673 672
l 674 673
l 675 674
l 676 675
l 677 676
l 678 677
l 679 678
l 680 679
l 666 680
l 681 682
l 683 681
l 684 683
l 685 684
l 686 685
l 687 686
l 688 687
l 689 688
l 690 689
l 691 690
l 692 691
l 693 692
l 694 693
l 695 694
l 696 695
l 682 696
l 665 701
l 702 666
l 701 702
l 705 667
l 705 701
l 708 668
l 708 705
l 711 669
l 711 708
l 714 670
l 714 711
l 717 671
l 717 714
l 720 672
l 720 717
l 723 673
l 723 720
l 726 674
l 726 723
l 729 675
l 729 726
l 732 676
l 732 729
l 735 677
l 735 732
l 738 678
l 738 735
l 741 679
l 741 738
l 744 680
l 744 741
l 702 744
l 777 778
l 778 779
l 779 780
l 780 781
l 781 782
l 782 783
l 783 784
l 784 785
l 785 786
l 786 787
l 787 788
l 788 789
l 789 790
l 790 791
l 791 792
l 792 777
l 797 798
l 798 778
l 797 777
l 798 801
l 801 779
l 801 804
l 804 780
l 804 807
l 807 781
l 807 810
l 810 782
l 810 813
l 813 783
l 813 816
l 816 784
l 816 819
l 819 785
l 819 822
l 822 786
l 822 825
l 825 787
l 825 828
l 828 788
l 828 831
l 831 789
l 831 834
l 834 790
l 834 837
l 837 791
l 837 840
l 840 792
l 840 797
l 873 874
l 875 873
l 876 875
l 877 876
l 878 877
l 879 878
l 880 879
l 881 880
l 882 881
l 883 882
l 884 883
l 885 884
l 886 885
l 887 886
l 888 887
l 874 888
l 873 897
l 898 874
l 897 898
l 903 875
l 903 897
l 908 876
l 908 903
l 913 877
l 913 908
l 918 878
l 918 913
l 923 879
l 923 918
l 928 880
l 928 923
l 933 881
l 933 928
l 938 882
l 938 933
l 943 883
l 943 938
l 948 884
l 948 943
l 953 885
l 953 948
l 958 886
l 958 953
l 963 887
l 963 958
l 968 888
l 968 963
l 898 968
l 1065 1066
l 1067 1065
l 1068 1067
l 1069 1068
l 1070 1069
l 1071 1070
l 1072 1071
l 1073 1072
l 1074 1073
l 1075 1074
l 1076 1075
l 1077 1076
l 1078 1077
l 1079 1078
l 1080 1079
l 1066 1080
l 1081 1082
l 1083 1081
l 1084 1083
l 1085 1084
l 1086 1085
l 1087 1086
l 1088 1087
l 1089 1088
l 1090 1089
l 1091 1090
l 1092 1091
l 1093 1092
l 1094 1093
l 1095 1094
l 1096 1095
l 1082 1096
l 1065 1101
l 1102 1066
l 1101 1102
l 1105 1067
l 1105 1101
l 1108 1068
l 1108 1105
l 1111 1069
l 1111 1108
l 1114 1070
l 1114 1111
l 1117 1071
l 1117 1114
l 1120 1072
l 1120 1117
l 1123 1073
l 1123 1120
l 1126 1074
l 1126 1123
l 1129 1075
l 1129 1126
l 1132 1076
l 1132 1129
l 1135 1077
l 1135 1132
l 1138 1078
l 1138 1135
l 1141 1079
l 1141 1138
l 1144 1080
l 1144 1141
l 1102 1144
l 1177 1178
l 1178 1179
l 1179 1180
l 1180 1181
l 1181 1182
l 1182 1183
l 1183 1184
l 1184 1185
l 1185 1186
l 1186 1187
l 1187 1188
l 1188 1189
l 1189 1190
l 1190 1191
l 1191 1192
l 1192 1177
l 1197 1198
l 1198 1178
l 1197 1177
l 1198 1201
l 1201 1179
l 1201 1204
l 1204 1180
l 1204 1207
l 1207 1181
l 1207 1210
l 1210 1182
l 1210 1213
l 1213 1183
l 1213 1216
l 1216 1184
l 1216 1219
l 1219 1185
l 1219 1222
l 1222 1186
l 1222 1225
l 1225 1187
l 1225 1228
l 1228 1188
l 1228 1231
l 1231 1189
l 1231 1234
l 1234 1190
l 1234 1237
l 1237 1191
l 1237 1240
l 1240 1192
l 1240 1197
l 1273 1274
l 1275 1273
l 1276 1275
l 1277 1276
l 1278 1277
l 1279 1278
l 1280 1279
l 1281 1280
l 1282 1281
l 1283 1282
l 1284 1283
l 1285 1284
l 1286 1285
l 1287 1286
l 1288 1287
l 1274 1288
l 1273 1293
l 1294 1274
l 1293 1294
l 1297 1275
l 1297 1293
l 1300 1276
l 1300 1297
l 1303 1277
l 1303 1300
l 1306 1278
l 1306 1303
l 1309 1279
l 1309 1306
l 1312 1280
l 1312 1309
l 1315 1281
l 1315 1312
l 1318 1282
l 1318 1315
l 1321 1283
l 1321 1318
l 1324 1284
l 1324 1321
l 1327 1285
l 1327 1324
l 1330 1286
l 1330 1327
l 1333 1287
l 1333 1330
l 1336 1288
l 1336 1333
l 1294 1336
