# Blender 5.0.1
# www.blender.org
mtllib Aeolipile_base_textura.mtl
g Aeolipile_base_Mesh
v 0.365804 2.267749 -0.038082
v 0.620881 2.504970 -0.367222
v 0.738127 2.504970 -0.151496
v 0.304164 2.267749 -0.151496
v 0.304164 2.267749 -0.151496
v 0.365804 2.267749 -0.038082
v 0.620881 2.504970 -0.367222
v 0.738127 2.504970 -0.151496
v 0.304164 2.267749 -0.151496
v 0.620881 2.504970 -0.367222
v 0.738127 2.504970 -0.151496
v 0.365804 2.267749 -0.038082
v 0.438266 2.504970 -0.538424
v 0.208158 2.267749 -0.241502
v 0.208158 2.267749 -0.241502
v 0.438266 2.504970 -0.538424
v 0.438266 2.504970 -0.538424
v 0.208158 2.267749 -0.241502
v 0.885866 2.689709 -0.196499
v 0.746555 2.689709 -0.452823
v 0.885866 2.689709 -0.196499
v 0.746555 2.689709 -0.452823
v 0.746555 2.689709 -0.452823
v 0.885866 2.689709 -0.196499
v 0.387044 2.267749 0.087638
v 0.778527 2.504970 0.087638
v 0.387044 2.267749 0.087638
v 0.778527 2.504970 0.087638
v 0.778527 2.504970 0.087638
v 0.387044 2.267749 0.087638
v -0.046919 2.186008 0.087638
v -0.046919 2.186008 0.087638
v -0.046919 2.186008 0.087638
v 0.208158 2.504970 -0.648342
v 0.087183 2.267749 -0.299289
v 0.087183 2.267749 -0.299289
v 0.208158 2.504970 -0.648342
v 0.208158 2.504970 -0.648342
v 0.087183 2.267749 -0.299289
v 0.529574 2.689709 -0.656243
v 0.529574 2.689709 -0.656243
v 0.529574 2.689709 -0.656243
v 0.933869 2.689709 0.087638
v 0.933869 2.689709 0.087638
v 0.933869 2.689709 0.087638
v 0.738127 2.504970 0.326773
v 0.365804 2.267749 0.213359
v 0.365804 2.267749 0.213359
v 0.738127 2.504970 0.326773
v 0.738127 2.504970 0.326773
v 0.365804 2.267749 0.213359
v -0.046919 2.504970 -0.686217
v -0.046919 2.267749 -0.319202
v -0.046919 2.267749 -0.319202
v -0.046919 2.504970 -0.686217
v -0.046919 2.504970 -0.686217
v -0.046919 2.267749 -0.319202
v 0.256161 2.689709 -0.786847
v 0.256161 2.689709 -0.786847
v 0.256161 2.689709 -0.786847
v 0.885866 2.689709 0.371776
v 0.885866 2.689709 0.371776
v 0.885866 2.689709 0.371776
v 0.620881 2.504970 0.542500
v 0.304164 2.267749 0.326773
v 0.304164 2.267749 0.326773
v 0.620881 2.504970 0.542500
v 0.620881 2.504970 0.542500
v 0.304164 2.267749 0.326773
v -0.181021 2.267749 -0.299289
v -0.301996 2.504970 -0.648342
v -0.301996 2.504970 -0.648342
v -0.181021 2.267749 -0.299289
v -0.301996 2.504970 -0.648342
v -0.181021 2.267749 -0.299289
v -0.046919 2.689709 -0.831850
v -0.046919 2.689709 -0.831850
v -0.046919 2.689709 -0.831850
v 0.746555 2.689709 0.628100
v 0.746555 2.689709 0.628100
v 0.746555 2.689709 0.628100
v 0.438266 2.504970 0.713701
v 0.208158 2.267749 0.416779
v 0.208158 2.267749 0.416779
v 0.438266 2.504970 0.713701
v 0.438266 2.504970 0.713701
v 0.208158 2.267749 0.416779
v -0.301996 2.267749 -0.241502
v -0.532104 2.504970 -0.538424
v -0.532104 2.504970 -0.538424
v -0.301996 2.267749 -0.241502
v -0.301996 2.267749 -0.241502
v -0.532104 2.504970 -0.538424
v -0.349999 2.689709 -0.786847
v -0.349999 2.689709 -0.786847
v -0.349999 2.689709 -0.786847
v 0.529574 2.689709 0.831520
v 0.529574 2.689709 0.831520
v 0.529574 2.689709 0.831520
v 0.208158 2.504970 0.823619
v 0.087183 2.267749 0.474566
v 0.087183 2.267749 0.474566
v 0.208158 2.504970 0.823619
v 0.208158 2.504970 0.823619
v 0.087183 2.267749 0.474566
v -0.398002 2.267749 -0.151496
v -0.714719 2.504970 -0.367222
v -0.714719 2.504970 -0.367222
v -0.398002 2.267749 -0.151496
v -0.714719 2.504970 -0.367222
v -0.398002 2.267749 -0.151496
v -0.623411 2.689709 -0.656243
v -0.623411 2.689709 -0.656243
v -0.623411 2.689709 -0.656243
v 0.256161 2.689709 0.962124
v 0.256161 2.689709 0.962124
v 0.256161 2.689709 0.962124
v -0.046919 2.504970 0.861495
v -0.046919 2.267749 0.494479
v -0.046919 2.267749 0.494479
v -0.046919 2.504970 0.861495
v -0.046919 2.504970 0.861495
v -0.046919 2.267749 0.494479
v -0.459642 2.267749 -0.038082
v -0.831964 2.504970 -0.151496
v -0.831964 2.504970 -0.151496
v -0.459642 2.267749 -0.038082
v -0.831964 2.504970 -0.151496
v -0.459642 2.267749 -0.038082
v -0.840392 2.689709 -0.452823
v -0.840392 2.689709 -0.452823
v -0.840392 2.689709 -0.452823
v -0.046919 2.689709 1.007127
v -0.046919 2.689709 1.007127
v -0.046919 2.689709 1.007127
v -0.301996 2.504970 0.823619
v -0.181021 2.267749 0.474566
v -0.181021 2.267749 0.474566
v -0.301996 2.504970 0.823619
v -0.301996 2.504970 0.823619
v -0.181021 2.267749 0.474566
v -0.480881 2.267749 0.087638
v -0.872365 2.504970 0.087638
v -0.872365 2.504970 0.087638
v -0.480881 2.267749 0.087638
v -0.480881 2.267749 0.087638
v -0.872365 2.504970 0.087638
v -0.979703 2.689709 -0.196499
v -0.979703 2.689709 -0.196499
v -0.979703 2.689709 -0.196499
v -0.349999 2.689709 0.962124
v -0.349999 2.689709 0.962124
v -0.349999 2.689709 0.962124
v -0.301996 2.267749 0.416779
v -0.532104 2.504970 0.713701
v -0.532104 2.504970 0.713701
v -0.301996 2.267749 0.416779
v -0.532104 2.504970 0.713701
v -0.301996 2.267749 0.416779
v -0.831964 2.504970 0.326773
v -0.459642 2.267749 0.213359
v -0.831964 2.504970 0.326773
v -0.459642 2.267749 0.213359
v -0.459642 2.267749 0.213359
v -0.831964 2.504970 0.326773
v -1.027707 2.689709 0.087638
v -1.027707 2.689709 0.087638
v -1.027707 2.689709 0.087638
v -0.623411 2.689709 0.831520
v -0.623411 2.689709 0.831520
v -0.623411 2.689709 0.831520
v -0.398002 2.267749 0.326773
v -0.714719 2.504970 0.542500
v -0.714719 2.504970 0.542500
v -0.398002 2.267749 0.326773
v -0.714719 2.504970 0.542500
v -0.398002 2.267749 0.326773
v -0.979703 2.689709 0.371776
v -0.979703 2.689709 0.371776
v -0.979703 2.689709 0.371776
v -0.840392 2.689709 0.628100
v -0.840392 2.689709 0.628100
v -0.840392 2.689709 0.628100
v -1.317150 3.340021 -0.299289
v -1.451251 3.856111 0.087639
v -1.382519 3.856111 -0.319201
v -1.382519 3.340021 0.087639
v -1.382519 3.340021 0.087639
v -1.317150 3.340021 -0.299289
v -1.451251 3.856111 0.087639
v -1.382519 3.856111 -0.319201
v -1.382519 3.340021 0.087639
v -1.451251 3.856111 0.087639
v -1.382519 3.856111 -0.319201
v -1.317150 3.340021 -0.299289
v -1.317150 3.340021 0.474566
v -1.382519 3.856111 0.494479
v -1.382519 3.856111 0.494479
v -1.317150 3.340021 0.474566
v -1.382519 3.856111 0.494479
v -1.317150 3.340021 0.474566
v -1.356987 4.057683 -0.311424
v -1.424406 4.057683 0.087639
v -1.424406 4.057683 0.087639
v -1.356987 4.057683 -0.311424
v -1.424406 4.057683 0.087639
v -1.356987 4.057683 -0.311424
v -1.127442 3.340021 -0.648342
v -1.183048 3.856111 -0.686217
v -1.127442 3.340021 -0.648342
v -1.183048 3.856111 -0.686217
v -1.183048 3.856111 -0.686217
v -1.127442 3.340021 -0.648342
v -1.127442 2.874449 -0.241502
v -1.183048 2.874449 0.087638
v -1.183048 2.874449 0.087638
v -1.127442 2.874449 -0.241502
v -1.183048 2.874449 0.087638
v -1.127442 2.874449 -0.241502
v -1.127442 3.340021 0.823619
v -1.183048 3.856111 0.861495
v -1.183048 3.856111 0.861495
v -1.127442 3.340021 0.823619
v -1.183048 3.856111 0.861495
v -1.127442 3.340021 0.823619
v -1.356987 4.057683 0.486702
v -1.356987 4.057683 0.486702
v -1.356987 4.057683 0.486702
v -1.127442 2.874449 0.416779
v -1.127442 2.874449 0.416779
v -1.127442 2.874449 0.416779
v -1.161330 4.057683 -0.671424
v -1.161330 4.057683 -0.671424
v -1.161330 4.057683 -0.671424
v -0.831964 3.340021 -0.925352
v -0.872365 3.856111 -0.977482
v -0.872365 3.856111 -0.977482
v -0.831964 3.340021 -0.925352
v -0.872365 3.856111 -0.977482
v -0.831964 3.340021 -0.925352
v -0.966066 2.874449 -0.538424
v -0.966066 2.874449 -0.538424
v -0.966066 2.874449 -0.538424
v -0.872365 3.856111 1.152760
v -0.831964 3.340021 1.100629
v -0.872365 3.856111 1.152760
v -0.831964 3.340021 1.100629
v -0.872365 3.856111 1.152760
v -0.831964 3.340021 1.100629
v -1.161330 4.057683 0.846702
v -1.161330 4.057683 0.846702
v -1.161330 4.057683 0.846702
v -0.966066 2.874449 0.713701
v -0.966066 2.874449 0.713701
v -0.966066 2.874449 0.713701
v -0.856586 4.057683 -0.957121
v -0.856586 4.057683 -0.957121
v -0.856586 4.057683 -0.957121
v -0.459642 3.340021 -1.103203
v -0.480881 3.856111 -1.164486
v -0.480881 3.856111 -1.164486
v -0.459642 3.340021 -1.103203
v -0.480881 3.856111 -1.164486
v -0.459642 3.340021 -1.103203
v -0.714719 2.874449 -0.774062
v -0.714719 2.874449 -0.774062
v -0.714719 2.874449 -0.774062
v -0.480881 3.856111 1.339764
v -0.459642 3.340021 1.278480
v -0.480881 3.856111 1.339764
v -0.459642 3.340021 1.278480
v -0.480881 3.856111 1.339764
v -0.459642 3.340021 1.278480
v -0.856586 4.057683 1.132399
v -0.856586 4.057683 1.132399
v -0.856586 4.057683 1.132399
v -0.714719 2.874449 0.949340
v -0.714719 2.874449 0.949340
v -0.714719 2.874449 0.949340
v -0.472586 4.057683 -1.140550
v -0.472586 4.057683 -1.140550
v -0.472586 4.057683 -1.140550
v -0.046919 3.340021 -1.164486
v -0.046919 3.856111 -1.228923
v -0.046919 3.856111 -1.228923
v -0.046919 3.340021 -1.164486
v -0.046919 3.856111 -1.228923
v -0.046919 3.340021 -1.164486
v -0.398002 2.874449 -0.925352
v -0.398002 2.874449 -0.925352
v -0.398002 2.874449 -0.925352
v -0.046919 3.856111 1.404201
v -0.046919 3.340021 1.339764
v -0.046919 3.856111 1.404201
v -0.046919 3.340021 1.339764
v -0.046919 3.856111 1.404201
v -0.046919 3.340021 1.339764
v -0.472586 4.057683 1.315828
v -0.472586 4.057683 1.315828
v -0.472586 4.057683 1.315828
v -0.398002 2.874449 1.100629
v -0.398002 2.874449 1.100629
v -0.398002 2.874449 1.100629
v -0.046919 4.057683 -1.203756
v -0.046919 4.057683 -1.203756
v -0.046919 4.057683 -1.203756
v 0.365804 3.340021 -1.103203
v 0.387044 3.856111 -1.164486
v 0.387044 3.856111 -1.164486
v 0.365804 3.340021 -1.103203
v 0.387044 3.856111 -1.164486
v 0.365804 3.340021 -1.103203
v -0.046919 2.874449 -0.977482
v -0.046919 2.874449 -0.977482
v -0.046919 2.874449 -0.977482
v 0.387044 3.856111 1.339764
v 0.365804 3.340021 1.278480
v 0.387044 3.856111 1.339764
v 0.365804 3.340021 1.278480
v 0.387044 3.856111 1.339764
v 0.365804 3.340021 1.278480
v -0.046919 4.057683 1.379034
v -0.046919 4.057683 1.379034
v -0.046919 4.057683 1.379034
v -0.046919 2.874449 1.152760
v -0.046919 2.874449 1.152760
v -0.046919 2.874449 1.152760
v 0.378749 4.057683 -1.140550
v 0.378749 4.057683 -1.140550
v 0.378749 4.057683 -1.140550
v 0.778527 3.856111 -0.977482
v 0.738127 3.340021 -0.925352
v 0.778527 3.856111 -0.977482
v 0.738127 3.340021 -0.925352
v 0.778527 3.856111 -0.977482
v 0.738127 3.340021 -0.925352
v 0.304164 2.874449 -0.925352
v 0.304164 2.874449 -0.925352
v 0.304164 2.874449 -0.925352
v 0.778527 3.856111 1.152760
v 0.738127 3.340021 1.100629
v 0.778527 3.856111 1.152760
v 0.738127 3.340021 1.100629
v 0.778527 3.856111 1.152760
v 0.738127 3.340021 1.100629
v 0.378749 4.057683 1.315828
v 0.378749 4.057683 1.315828
v 0.378749 4.057683 1.315828
v 0.304164 2.874449 1.100629
v 0.304164 2.874449 1.100629
v 0.304164 2.874449 1.100629
v 0.762748 4.057683 -0.957121
v 0.762748 4.057683 -0.957121
v 0.762748 4.057683 -0.957121
v 1.089211 3.856111 -0.686217
v 1.033605 3.340021 -0.648342
v 1.089211 3.856111 -0.686217
v 1.033605 3.340021 -0.648342
v 1.089211 3.856111 -0.686217
v 1.033605 3.340021 -0.648342
v 0.620881 2.874449 -0.774062
v 0.620881 2.874449 -0.774062
v 0.620881 2.874449 -0.774062
v 1.033605 3.340021 0.823619
v 1.089211 3.856111 0.861495
v 1.089211 3.856111 0.861495
v 1.033605 3.340021 0.823619
v 1.089211 3.856111 0.861495
v 1.033605 3.340021 0.823619
v 0.762748 4.057683 1.132399
v 0.762748 4.057683 1.132399
v 0.762748 4.057683 1.132399
v 0.620881 2.874449 0.949340
v 0.620881 2.874449 0.949340
v 0.620881 2.874449 0.949340
v 1.067492 4.057683 -0.671424
v 1.067492 4.057683 -0.671424
v 1.067492 4.057683 -0.671424
v 1.288681 3.856111 -0.319201
v 1.223312 3.340021 -0.299289
v 1.223312 3.340021 -0.299289
v 1.288681 3.856111 -0.319201
v 1.288681 3.856111 -0.319201
v 1.223312 3.340021 -0.299289
v 0.872229 2.874449 -0.538424
v 0.872229 2.874449 -0.538424
v 0.872229 2.874449 -0.538424
v 1.288681 3.856111 0.494479
v 1.223312 3.340021 0.474566
v 1.288681 3.856111 0.494479
v 1.223312 3.340021 0.474566
v 1.288681 3.856111 0.494479
v 1.223312 3.340021 0.474566
v 1.067492 4.057683 0.846702
v 1.067492 4.057683 0.846702
v 1.067492 4.057683 0.846702
v 0.872229 2.874449 0.713701
v 0.872229 2.874449 0.713701
v 0.872229 2.874449 0.713701
v 1.263150 4.057683 -0.311424
v 1.263150 4.057683 -0.311424
v 1.263150 4.057683 -0.311424
v 1.357414 3.856111 0.087639
v 1.288681 3.340021 0.087639
v 1.288681 3.340021 0.087639
v 1.357414 3.856111 0.087639
v 1.357414 3.856111 0.087639
v 1.288681 3.340021 0.087639
v 1.033605 2.874449 -0.241502
v 1.033605 2.874449 -0.241502
v 1.033605 2.874449 -0.241502
v 1.263150 4.057683 0.486702
v 1.263150 4.057683 0.486702
v 1.263150 4.057683 0.486702
v 1.033605 2.874449 0.416779
v 1.033605 2.874449 0.416779
v 1.033605 2.874449 0.416779
v 1.330569 4.057683 0.087639
v 1.330569 4.057683 0.087639
v 1.330569 4.057683 0.087639
v 1.089211 2.874449 0.087638
v 1.089211 2.874449 0.087638
v 1.089211 2.874449 0.087638
v 1.263150 4.057683 -0.311424
v 1.263150 4.057683 0.486702
v 1.330569 4.057683 0.087639
v 1.067492 4.057683 -0.671424
v 1.067492 4.057683 0.846702
v 0.762748 4.057683 -0.957121
v 0.762748 4.057683 1.132399
v 0.378748 4.057683 -1.140550
v 0.378748 4.057683 1.315828
v -0.046919 4.057683 -1.203756
v -0.046919 4.057683 1.379034
v -0.472586 4.057683 1.315828
v -0.472586 4.057683 -1.140550
v -0.856586 4.057683 -0.957121
v -0.856586 4.057683 1.132399
v -1.161330 4.057683 0.846702
v -1.161330 4.057683 -0.671424
v -1.356987 4.057683 -0.311424
v -1.356987 4.057683 0.486702
v -1.424406 4.057683 0.087639
v -1.424406 4.057683 0.087639
v -1.356987 4.057683 -0.311424
v -1.356987 4.057683 0.486702
v -1.161330 4.057683 0.846702
v -1.161330 4.057683 -0.671424
v -0.856586 4.057683 -0.957121
v -0.856586 4.057683 1.132399
v -0.472586 4.057683 1.315828
v -0.472586 4.057683 -1.140550
v -0.046919 4.057683 -1.203756
v -0.046919 4.057683 1.379034
v 0.378748 4.057683 1.315828
v 0.378748 4.057683 -1.140550
v 0.762748 4.057683 1.132399
v 0.762748 4.057683 -0.957121
v 1.067492 4.057683 0.846702
v 1.067492 4.057683 -0.671424
v 1.263150 4.057683 0.486702
v 1.263150 4.057683 -0.311424
v 1.330569 4.057683 0.087639
v 0.762748 4.057683 1.132399
v 1.067492 4.057683 0.846702
v 1.263150 4.057683 0.486702
v 1.330569 4.057683 0.087639
v 1.263150 4.057683 -0.311424
v 1.067492 4.057683 -0.671424
v 0.762748 4.057683 -0.957121
v 0.378748 4.057683 -1.140550
v -0.046919 4.057683 -1.203756
v -0.472586 4.057683 -1.140550
v -0.856586 4.057683 -0.957121
v -1.161330 4.057683 -0.671424
v -1.356987 4.057683 -0.311424
v -1.424406 4.057683 0.087639
v -1.356987 4.057683 0.486702
v -1.161330 4.057683 0.846702
v -0.856586 4.057683 1.132399
v -0.472586 4.057683 1.315828
v -0.046919 4.057683 1.379034
v 0.378748 4.057683 1.315828
v -0.046919 4.114156 -1.196704
v 0.378748 4.057683 -1.140550
v -0.046919 4.057683 -1.203756
v 0.376424 4.114156 -1.133844
v 0.376424 4.114156 -1.133844
v -0.046919 4.114156 -1.196704
v 0.378748 4.057683 -1.140550
v -0.046919 4.057683 -1.203756
v 0.376424 4.114156 -1.133844
v 0.378748 4.057683 -1.140550
v -0.046919 4.057683 -1.203756
v -0.046919 4.114156 -1.196704
v 0.762748 4.057683 -0.957121
v 0.758327 4.114156 -0.951417
v 0.758327 4.114156 -0.951417
v 0.762748 4.057683 -0.957121
v 0.758327 4.114156 -0.951417
v 0.762748 4.057683 -0.957121
v -0.470262 4.114156 -1.133844
v -0.472586 4.057683 -1.140550
v -0.470262 4.114156 -1.133844
v -0.472586 4.057683 -1.140550
v -0.472586 4.057683 -1.140550
v -0.470262 4.114156 -1.133844
v 1.255997 4.114156 -0.309245
v 1.255997 4.114156 0.484523
v 1.323048 4.114156 0.087639
v 1.061407 4.114156 -0.667279
v 1.061407 4.114156 0.842557
v 0.758327 4.114156 1.126695
v 0.376424 4.114156 1.309123
v -0.046919 4.114156 1.371982
v -0.470262 4.114156 1.309123
v -0.852165 4.114156 -0.951417
v -0.852165 4.114156 1.126695
v -1.155245 4.114156 0.842557
v -1.155245 4.114156 -0.667279
v -1.349834 4.114156 -0.309245
v -1.349834 4.114156 0.484523
v -1.416885 4.114156 0.087639
v -1.416885 4.114156 0.087639
v -1.349834 4.114156 -0.309245
v -1.349834 4.114156 0.484523
v -1.155245 4.114156 0.842557
v -1.155245 4.114156 -0.667279
v -0.852165 4.114156 -0.951417
v -0.852165 4.114156 1.126695
v -0.470262 4.114156 1.309123
v -0.046919 4.114156 1.371982
v 0.376424 4.114156 1.309123
v 0.758327 4.114156 1.126695
v 1.061407 4.114156 0.842557
v 1.061407 4.114156 -0.667279
v 1.255997 4.114156 0.484523
v 1.255997 4.114156 -0.309245
v 1.323048 4.114156 0.087639
v -0.852165 4.114156 -0.951417
v -1.155245 4.114156 -0.667279
v -1.349834 4.114156 -0.309245
v -1.416885 4.114156 0.087639
v -1.349834 4.114156 0.484523
v -1.155245 4.114156 0.842557
v -0.852165 4.114156 1.126695
v -0.470262 4.114156 1.309123
v -0.046919 4.114156 1.371982
v 0.376424 4.114156 1.309123
v 0.758327 4.114156 1.126695
v 1.061407 4.114156 0.842557
v 1.255997 4.114156 0.484523
v 1.323048 4.114156 0.087639
v 1.255997 4.114156 -0.309245
v 1.061407 4.114156 -0.667279
v 1.067492 4.057683 -0.671424
v 1.067492 4.057683 -0.671424
v 1.067492 4.057683 -0.671424
v -0.856586 4.057683 -0.957121
v -0.856586 4.057683 -0.957121
v -0.856586 4.057683 -0.957121
v -1.161330 4.057683 -0.671424
v -1.161330 4.057683 -0.671424
v -1.161330 4.057683 -0.671424
v -1.356987 4.057683 -0.311424
v -1.356987 4.057683 -0.311424
v -1.356987 4.057683 -0.311424
v -1.424406 4.057683 0.087639
v -1.424406 4.057683 0.087639
v -1.424406 4.057683 0.087639
v -1.356987 4.057683 0.486702
v -1.356987 4.057683 0.486702
v -1.356987 4.057683 0.486702
v -1.161330 4.057683 0.846702
v -1.161330 4.057683 0.846702
v -1.161330 4.057683 0.846702
v -0.856586 4.057683 1.132399
v -0.856586 4.057683 1.132399
v -0.856586 4.057683 1.132399
v -0.472586 4.057683 1.315828
v -0.472586 4.057683 1.315828
v -0.472586 4.057683 1.315828
v -0.046919 4.057683 1.379034
v -0.046919 4.057683 1.379034
v -0.046919 4.057683 1.379034
v 0.378748 4.057683 1.315828
v 0.378748 4.057683 1.315828
v 0.378748 4.057683 1.315828
v 0.762748 4.057683 1.132399
v 0.762748 4.057683 1.132399
v 0.762748 4.057683 1.132399
v 1.067492 4.057683 0.846702
v 1.067492 4.057683 0.846702
v 1.067492 4.057683 0.846702
v 1.263150 4.057683 0.486702
v 1.263150 4.057683 0.486702
v 1.263150 4.057683 0.486702
v 1.330569 4.057683 0.087639
v 1.330569 4.057683 0.087639
v 1.330569 4.057683 0.087639
v 1.263150 4.057683 -0.311424
v 1.263150 4.057683 -0.311424
v 1.263150 4.057683 -0.311424
v -1.451251 0.013101 1.404200
v 1.357414 0.013102 -1.228924
v 1.357414 0.013101 1.404200
v -1.451251 0.013102 -1.228924
v -1.451251 0.013102 -1.228924
v -1.451251 0.013101 1.404200
v 1.357414 0.013102 -1.228924
v 1.357414 0.013101 1.404200
v -1.451251 0.013102 -1.228924
v 1.357414 0.013102 -1.228924
v 1.357414 0.013101 1.404200
v -1.451251 0.013101 1.404200
v -1.451251 0.169352 -1.228924
v 1.357414 0.013102 -1.228924
v -1.451251 0.013102 -1.228924
v 1.357414 0.169352 -1.228924
v 1.357414 0.169352 -1.228924
v -1.451251 0.169352 -1.228924
v 1.357414 0.013102 -1.228924
v -1.451251 0.013102 -1.228924
v -1.451251 0.169352 -1.228924
v 1.357414 0.169352 -1.228924
v 1.357414 0.169351 1.404200
v 1.357414 0.013102 -1.228924
v 1.357414 0.169352 -1.228924
v 1.357414 0.013101 1.404200
v 1.357414 0.013101 1.404200
v 1.357414 0.169351 1.404200
v 1.357414 0.013102 -1.228924
v 1.357414 0.169352 -1.228924
v 1.357414 0.169351 1.404200
v 1.357414 0.169351 1.404200
v -1.451251 0.013101 1.404200
v 1.357414 0.013101 1.404200
v -1.451251 0.169351 1.404200
v -1.451251 0.169351 1.404200
v 1.357414 0.169351 1.404200
v -1.451251 0.013101 1.404200
v 1.357414 0.013101 1.404200
v -1.451251 0.169351 1.404200
v -1.451251 0.013101 1.404200
v -1.451251 0.169352 -1.228924
v -1.451251 0.013102 -1.228924
v -1.451251 0.169351 1.404200
v -1.451251 0.169351 1.404200
v -1.451251 0.013101 1.404200
v -1.451251 0.169352 -1.228924
v -1.451251 0.013102 -1.228924
v -1.451251 0.169352 -1.228924
v 1.357414 0.169351 1.404200
v 1.357414 0.169352 -1.228924
v -1.451251 0.169351 1.404200
v -1.451251 0.169351 1.404200
v -1.451251 0.169352 -1.228924
v 1.357414 0.169351 1.404200
v 1.357414 0.169352 -1.228924
v -0.976901 2.896324 -0.687695
v -0.745014 2.765074 -0.905452
v -0.976901 2.765074 -0.687695
v -0.745014 2.896324 -0.905452
v -0.745014 2.896324 -0.905452
v -0.976901 2.896324 -0.687695
v -0.745014 2.765074 -0.905452
v -0.976901 2.765074 -0.687695
v -0.976901 2.896324 -0.687695
v -0.976901 2.765074 -0.687695
v -0.745014 2.896324 -0.905452
v -0.745014 2.765074 -0.905452
v -0.754978 2.765074 -0.451371
v -0.754978 2.896324 -0.451371
v -0.754978 2.896324 -0.451371
v -0.754978 2.765074 -0.451371
v -0.754978 2.765074 -0.451371
v -0.754978 2.896324 -0.451371
v -0.523091 2.896324 -0.669128
v -0.523091 2.896324 -0.669128
v -0.523091 2.896324 -0.669128
v -0.523091 2.765074 -0.669128
v -0.523091 2.765074 -0.669128
v -0.523091 2.765074 -0.669128
v 1.101908 0.157887 -1.253575
v 1.279766 0.164573 -1.206530
v 1.101969 0.155498 -1.206761
v 1.326812 0.157873 -1.028400
v 1.279998 0.155484 -1.028461
v 1.326519 0.169352 -1.253283
v 1.101908 0.157887 -1.253575
v 1.279766 0.164573 -1.206530
v 1.326519 0.169352 -1.253283
v 1.326812 0.157873 -1.028400
v 1.279998 0.155484 -1.028461
v 1.101969 0.155498 -1.206761
v 1.326812 0.157873 -1.028400
v 1.279998 0.155484 -1.028461
v 1.279766 0.164573 -1.206530
v 1.101969 0.155498 -1.206761
v 1.101908 0.157887 -1.253575
v 1.326519 0.169352 -1.253283
v 0.827578 2.817764 -0.505010
v 0.780764 2.815375 -0.505071
v 0.781983 2.815437 -0.505070
v 0.781983 2.815437 -0.505070
v 0.780764 2.815375 -0.505071
v 0.827578 2.817764 -0.505010
v 0.780764 2.815375 -0.505071
v 0.781983 2.815437 -0.505070
v 0.827578 2.817764 -0.505010
v 0.780532 2.824463 -0.683141
v 0.780532 2.824463 -0.683141
v 0.780532 2.824463 -0.683141
v 0.602735 2.815388 -0.683372
v 0.602735 2.815388 -0.683372
v 0.602735 2.815388 -0.683372
v 0.602674 2.817778 -0.730186
v 0.602733 2.815451 -0.684592
v 0.602733 2.815451 -0.684592
v 0.602674 2.817778 -0.730186
v 0.602733 2.815451 -0.684592
v 0.602674 2.817778 -0.730186
v 0.827285 2.829242 -0.729894
v 0.827285 2.829242 -0.729894
v 0.827285 2.829242 -0.729894
v 0.781749 2.824588 -0.684358
v 0.781749 2.824588 -0.684358
v 0.781749 2.824588 -0.684358
v 0.781749 2.824588 -0.684358
v 0.781749 2.824588 -0.684358
v -1.202486 0.157887 1.422532
v -1.380344 0.164572 1.375486
v -1.202547 0.155497 1.375718
v -1.427390 0.157873 1.197356
v -1.380576 0.155483 1.197417
v -1.427097 0.169351 1.422240
v -1.202486 0.157887 1.422532
v -1.380344 0.164572 1.375486
v -1.427097 0.169351 1.422240
v -1.427390 0.157873 1.197356
v -1.380576 0.155483 1.197417
v -1.202547 0.155497 1.375718
v -1.427390 0.157873 1.197356
v -1.380576 0.155483 1.197417
v -1.380344 0.164572 1.375486
v -1.202547 0.155497 1.375718
v -1.202486 0.157887 1.422532
v -1.427097 0.169351 1.422240
v -0.928155 2.817764 0.673968
v -0.881342 2.815375 0.674029
v -0.882561 2.815437 0.674028
v -0.882561 2.815437 0.674028
v -0.881342 2.815375 0.674029
v -0.928155 2.817764 0.673968
v -0.881342 2.815375 0.674029
v -0.882561 2.815437 0.674028
v -0.928155 2.817764 0.673968
v -0.881109 2.824463 0.852098
v -0.881109 2.824463 0.852098
v -0.881109 2.824463 0.852098
v -0.703313 2.815388 0.852330
v -0.703313 2.815388 0.852330
v -0.703313 2.815388 0.852330
v -0.703252 2.817778 0.899144
v -0.703311 2.815451 0.853549
v -0.703311 2.815451 0.853549
v -0.703252 2.817778 0.899144
v -0.703311 2.815451 0.853549
v -0.703252 2.817778 0.899144
v -0.927863 2.829242 0.898852
v -0.927863 2.829242 0.898852
v -0.927863 2.829242 0.898852
v -0.882327 2.824588 0.853316
v -0.882327 2.824588 0.853316
v -0.882327 2.824588 0.853316
v -0.882327 2.824588 0.853316
v -0.882327 2.824588 0.853316
v 1.287765 0.157887 1.236676
v 1.240719 0.164572 1.414533
v 1.240950 0.155497 1.236736
v 1.062589 0.157873 1.461579
v 1.062650 0.155483 1.414765
v 1.287472 0.169351 1.461286
v 1.287765 0.157887 1.236676
v 1.240719 0.164572 1.414533
v 1.287472 0.169351 1.461286
v 1.062589 0.157873 1.461579
v 1.062650 0.155483 1.414765
v 1.240950 0.155497 1.236736
v 1.062589 0.157873 1.461579
v 1.062650 0.155483 1.414765
v 1.240719 0.164572 1.414533
v 1.240950 0.155497 1.236736
v 1.287765 0.157887 1.236676
v 1.287472 0.169351 1.461286
v 0.539200 2.817764 0.962345
v 0.539261 2.815375 0.915531
v 0.539259 2.815437 0.916750
v 0.539259 2.815437 0.916750
v 0.539261 2.815375 0.915531
v 0.539200 2.817764 0.962345
v 0.539261 2.815375 0.915531
v 0.539259 2.815437 0.916750
v 0.539200 2.817764 0.962345
v 0.717330 2.824463 0.915299
v 0.717330 2.824463 0.915299
v 0.717330 2.824463 0.915299
v 0.717562 2.815388 0.737503
v 0.717562 2.815388 0.737503
v 0.717562 2.815388 0.737503
v 0.764376 2.817778 0.737441
v 0.718781 2.815451 0.737501
v 0.718781 2.815451 0.737501
v 0.764376 2.817778 0.737441
v 0.718781 2.815451 0.737501
v 0.764376 2.817778 0.737441
v 0.764083 2.829242 0.962052
v 0.764083 2.829242 0.962052
v 0.764083 2.829242 0.962052
v 0.718548 2.824588 0.916517
v 0.718548 2.824588 0.916517
v 0.718548 2.824588 0.916517
v 0.718548 2.824588 0.916517
v 0.718548 2.824588 0.916517
v 0.883063 2.896324 0.862972
v 0.651176 2.765074 1.080729
v 0.883063 2.765074 0.862972
v 0.651176 2.896324 1.080729
v 0.651176 2.896324 1.080729
v 0.883063 2.896324 0.862972
v 0.651176 2.765074 1.080729
v 0.883063 2.765074 0.862972
v 0.883063 2.896324 0.862972
v 0.883063 2.765074 0.862972
v 0.651176 2.896324 1.080729
v 0.651176 2.765074 1.080729
v 0.661140 2.765074 0.626648
v 0.661140 2.896324 0.626648
v 0.661140 2.896324 0.626648
v 0.661140 2.765074 0.626648
v 0.661140 2.765074 0.626648
v 0.661140 2.896324 0.626648
v 0.429253 2.896324 0.844405
v 0.429253 2.896324 0.844405
v 0.429253 2.896324 0.844405
v 0.429253 2.765074 0.844405
v 0.429253 2.765074 0.844405
v 0.429253 2.765074 0.844405
v -1.388343 0.157887 -1.067719
v -1.341298 0.164573 -1.245577
v -1.341529 0.155498 -1.067780
v -1.163167 0.157873 -1.292622
v -1.163228 0.155484 -1.245808
v -1.388051 0.169352 -1.292330
v -1.388343 0.157887 -1.067719
v -1.341298 0.164573 -1.245577
v -1.388051 0.169352 -1.292330
v -1.163167 0.157873 -1.292622
v -1.163228 0.155484 -1.245808
v -1.341529 0.155498 -1.067780
v -1.163167 0.157873 -1.292622
v -1.163228 0.155484 -1.245808
v -1.341298 0.164573 -1.245577
v -1.341529 0.155498 -1.067780
v -1.388343 0.157887 -1.067719
v -1.388051 0.169352 -1.292330
v -0.639778 2.817764 -0.793388
v -0.639839 2.815375 -0.746574
v -0.639838 2.815437 -0.747793
v -0.639838 2.815437 -0.747793
v -0.639839 2.815375 -0.746574
v -0.639778 2.817764 -0.793388
v -0.639839 2.815375 -0.746574
v -0.639838 2.815437 -0.747793
v -0.639778 2.817764 -0.793388
v -0.817909 2.824463 -0.746342
v -0.817909 2.824463 -0.746342
v -0.817909 2.824463 -0.746342
v -0.818140 2.815388 -0.568545
v -0.818140 2.815388 -0.568545
v -0.818140 2.815388 -0.568545
v -0.864954 2.817778 -0.568484
v -0.819359 2.815451 -0.568543
v -0.819359 2.815451 -0.568543
v -0.864954 2.817778 -0.568484
v -0.819359 2.815451 -0.568543
v -0.864954 2.817778 -0.568484
v -0.864662 2.829242 -0.793095
v -0.864662 2.829242 -0.793095
v -0.864662 2.829242 -0.793095
v -0.819126 2.824588 -0.747560
v -0.819126 2.824588 -0.747560
v -0.819126 2.824588 -0.747560
v -0.819126 2.824588 -0.747560
v -0.819126 2.824588 -0.747560
v -0.822252 2.896324 1.017621
v -1.040009 2.765074 0.785733
v -0.822252 2.765074 1.017621
v -1.040009 2.896324 0.785733
v -1.040009 2.896324 0.785733
v -0.822252 2.896324 1.017621
v -1.040009 2.765074 0.785733
v -0.822252 2.765074 1.017621
v -0.822252 2.896324 1.017621
v -0.822252 2.765074 1.017621
v -1.040009 2.896324 0.785733
v -1.040009 2.765074 0.785733
v -0.585928 2.765074 0.795698
v -0.585928 2.896324 0.795698
v -0.585928 2.896324 0.795698
v -0.585928 2.765074 0.795698
v -0.585928 2.765074 0.795698
v -0.585928 2.896324 0.795698
v -0.803685 2.896324 0.563810
v -0.803685 2.896324 0.563810
v -0.803685 2.896324 0.563810
v -0.803685 2.765074 0.563810
v -0.803685 2.765074 0.563810
v -0.803685 2.765074 0.563810
v 0.728415 2.896324 -0.842344
v 0.946172 2.765074 -0.610457
v 0.728415 2.765074 -0.842344
v 0.946172 2.896324 -0.610457
v 0.946172 2.896324 -0.610457
v 0.728415 2.896324 -0.842344
v 0.946172 2.765074 -0.610457
v 0.728415 2.765074 -0.842344
v 0.728415 2.896324 -0.842344
v 0.728415 2.765074 -0.842344
v 0.946172 2.896324 -0.610457
v 0.946172 2.765074 -0.610457
v 0.492091 2.765074 -0.620421
v 0.492091 2.896324 -0.620421
v 0.492091 2.896324 -0.620421
v 0.492091 2.765074 -0.620421
v 0.492091 2.765074 -0.620421
v 0.492091 2.896324 -0.620421
v 0.709848 2.896324 -0.388534
v 0.709848 2.896324 -0.388534
v 0.709848 2.896324 -0.388534
v 0.709848 2.765074 -0.388534
v 0.709848 2.765074 -0.388534
v 0.709848 2.765074 -0.388534
v 0.746555 2.689709 -0.452823
v 0.620881 2.874449 -0.774063
v 0.872229 2.874449 -0.538424
v 0.529574 2.689709 -0.656243
v 0.529574 2.689709 -0.656243
v 0.746555 2.689709 -0.452823
v 0.620881 2.874449 -0.774063
v 0.872229 2.874449 -0.538424
v 0.872229 2.874449 -0.538424
v 0.746555 2.689709 -0.452823
v 0.529574 2.689709 -0.656243
v 0.620881 2.874449 -0.774063
v 1.033605 2.874449 -0.241502
v 0.885866 2.689709 -0.196499
v 0.885866 2.689709 -0.196499
v 1.033605 2.874449 -0.241502
v 1.033605 2.874449 -0.241502
v 0.885866 2.689709 -0.196499
v 0.885866 2.689709 0.371776
v 0.933869 2.689709 0.087638
v 0.746555 2.689709 0.628100
v 0.529574 2.689709 0.831520
v 0.256161 2.689709 0.962124
v 0.256161 2.689709 -0.786847
v -0.046919 2.689709 1.007127
v -0.046919 2.689709 -0.831850
v -0.349999 2.689709 -0.786847
v -0.349999 2.689709 0.962124
v -0.623411 2.689709 -0.656243
v -0.623411 2.689709 0.831520
v -0.840392 2.689709 -0.452823
v -0.840392 2.689709 0.628100
v -0.979703 2.689709 -0.196499
v -0.979703 2.689709 0.371776
v -1.027707 2.689709 0.087638
v -1.027707 2.689709 0.087638
v -0.979703 2.689709 0.371776
v -0.979703 2.689709 -0.196499
v -0.840392 2.689709 0.628100
v -0.840392 2.689709 -0.452823
v -0.623411 2.689709 0.831520
v -0.623411 2.689709 -0.656243
v -0.349999 2.689709 0.962124
v -0.349999 2.689709 -0.786847
v -0.046919 2.689709 1.007127
v -0.046919 2.689709 -0.831850
v 0.256161 2.689709 -0.786847
v 0.256161 2.689709 0.962124
v 0.529574 2.689709 0.831520
v 0.746555 2.689709 0.628100
v 0.885866 2.689709 0.371776
v 0.933869 2.689709 0.087638
v -0.046919 2.689709 1.007127
v 0.256161 2.689709 0.962124
v -0.349999 2.689709 0.962124
v -0.623411 2.689709 0.831520
v -0.840392 2.689709 0.628100
v -0.979703 2.689709 0.371776
v -1.027707 2.689709 0.087638
v -0.979703 2.689709 -0.196499
v -0.840392 2.689709 -0.452823
v -0.623411 2.689709 -0.656243
v -0.349999 2.689709 -0.786847
v -0.046919 2.689709 -0.831850
v 0.256161 2.689709 -0.786847
v 0.933869 2.689709 0.087638
v 0.885866 2.689709 0.371776
v 0.746555 2.689709 0.628100
v 0.529574 2.689709 0.831520
v 0.304164 2.874449 -0.925352
v 0.304164 2.874449 -0.925352
v 0.304164 2.874449 -0.925352
v 1.033605 2.874449 0.416779
v 1.089211 2.874449 0.087638
v 0.872229 2.874449 0.713701
v 0.620881 2.874449 0.949340
v 0.304164 2.874449 1.100629
v -0.046919 2.874449 1.152760
v -0.046919 2.874449 -0.977482
v -0.398002 2.874449 -0.925352
v -0.398002 2.874449 1.100629
v -0.714719 2.874449 -0.774063
v -0.714719 2.874449 0.949340
v -0.966066 2.874449 -0.538424
v -0.966066 2.874449 0.713701
v -1.127442 2.874449 -0.241502
v -1.127442 2.874449 0.416779
v -1.183048 2.874449 0.087638
v -1.183048 2.874449 0.087638
v -1.127442 2.874449 -0.241502
v -1.127442 2.874449 0.416779
v -0.966066 2.874449 0.713701
v -0.966066 2.874449 -0.538424
v -0.714719 2.874449 0.949340
v -0.714719 2.874449 -0.774063
v -0.398002 2.874449 1.100629
v -0.398002 2.874449 -0.925352
v -0.046919 2.874449 1.152760
v -0.046919 2.874449 -0.977482
v 0.304164 2.874449 1.100629
v 0.620881 2.874449 0.949340
v 0.872229 2.874449 0.713701
v 1.033605 2.874449 0.416779
v 1.089211 2.874449 0.087638
v 0.620881 2.874449 0.949340
v 0.872229 2.874449 0.713701
v 1.033605 2.874449 0.416779
v 1.089211 2.874449 0.087638
v -0.046919 2.874449 -0.977482
v -0.398002 2.874449 -0.925352
v -0.714719 2.874449 -0.774063
v -0.966066 2.874449 -0.538424
v -1.127442 2.874449 -0.241502
v -1.183048 2.874449 0.087638
v -1.127442 2.874449 0.416779
v -0.966066 2.874449 0.713701
v -0.714719 2.874449 0.949340
v -0.398002 2.874449 1.100629
v -0.046919 2.874449 1.152760
v 0.304164 2.874449 1.100629
v -0.191322 4.034403 0.966987
v -0.191322 5.041142 1.067479
v -0.191322 5.041142 0.966987
v -0.191322 4.034403 1.067479
v -0.191322 4.034403 1.067479
v -0.191322 4.034403 0.966987
v -0.191322 5.041142 1.067479
v -0.191322 5.041142 0.966987
v -0.191322 4.034403 0.966987
v -0.191322 4.034403 1.067479
v -0.191322 5.041142 1.067479
v -0.191322 5.041142 0.966987
v -0.090830 4.034403 1.067479
v -0.090830 4.034403 0.966987
v -0.090830 4.034403 1.067479
v -0.090830 4.034403 0.966987
v -0.090830 4.034403 1.067479
v -0.090830 4.034403 0.966987
v -0.090830 5.041142 1.067479
v -0.090830 5.041142 1.067479
v -0.090830 5.041142 1.067479
v -0.090830 5.041142 0.966987
v -0.090830 5.041142 0.966987
v -0.090830 5.041142 0.966987
v -0.094653 5.010123 0.617506
v -0.094653 4.971666 0.617506
v -0.090829 4.990895 0.617506
v -0.105545 4.955366 0.617506
v -0.105545 5.026424 0.617506
v -0.121846 4.944474 0.617506
v -0.121846 5.037316 0.617506
v -0.141074 4.940649 0.617506
v -0.141074 5.041141 0.617506
v -0.160303 4.944474 0.617506
v -0.160303 5.037316 0.617506
v -0.176603 5.026424 0.617506
v -0.176603 4.955366 0.617506
v -0.187495 4.971666 0.617506
v -0.187495 5.010123 0.617506
v -0.191320 4.990895 0.617506
v -0.191320 4.990895 0.617506
v -0.187495 5.010123 0.617506
v -0.187495 4.971666 0.617506
v -0.176603 5.026424 0.617506
v -0.176603 4.955366 0.617506
v -0.160303 4.944474 0.617506
v -0.160303 5.037316 0.617506
v -0.141074 5.041141 0.617506
v -0.141074 4.940649 0.617506
v -0.121846 5.037316 0.617506
v -0.121846 4.944474 0.617506
v -0.105545 5.026424 0.617506
v -0.105545 4.955366 0.617506
v -0.094653 5.010123 0.617506
v -0.094653 4.971666 0.617506
v -0.090829 4.990895 0.617506
v -0.191320 4.990895 0.617506
v -0.187495 5.010123 0.617506
v -0.187495 4.971666 0.617506
v -0.176603 4.955366 0.617506
v -0.160303 4.944474 0.617506
v -0.141074 4.940649 0.617506
v -0.121846 4.944474 0.617506
v -0.105545 4.955366 0.617506
v -0.094653 4.971666 0.617506
v -0.090829 4.990895 0.617506
v -0.094653 5.010123 0.617506
v -0.105545 5.026424 0.617506
v -0.121846 5.037316 0.617506
v -0.141074 5.041141 0.617506
v -0.160303 5.037316 0.617506
v -0.176603 5.026424 0.617506
v -0.187495 5.010123 0.617506
v -0.141074 4.990895 0.472766
v -0.191320 4.990895 0.617506
v -0.191320 4.990895 0.617506
v -0.141074 4.990895 0.472766
v -0.187495 5.010123 0.617506
v -0.141074 4.990895 0.472766
v -0.141074 4.990895 0.472766
v -0.187495 4.971666 0.617506
v -0.187495 4.971666 0.617506
v -0.141074 4.990895 0.472766
v -0.141074 4.990895 0.472766
v -0.176603 4.955366 0.617506
v -0.176603 4.955366 0.617506
v -0.141074 4.990895 0.472766
v -0.141074 4.990895 0.472766
v -0.160303 4.944474 0.617506
v -0.160303 4.944474 0.617506
v -0.141074 4.990895 0.472766
v -0.141074 4.990895 0.472766
v -0.141074 4.940649 0.617506
v -0.141074 4.940649 0.617506
v -0.141074 4.990895 0.472766
v -0.141074 4.990895 0.472766
v -0.121846 4.944474 0.617506
v -0.121846 4.944474 0.617506
v -0.141074 4.990895 0.472766
v -0.141074 4.990895 0.472766
v -0.105545 4.955366 0.617506
v -0.105545 4.955366 0.617506
v -0.141074 4.990895 0.472766
v -0.141074 4.990895 0.472766
v -0.094653 4.971666 0.617506
v -0.094653 4.971666 0.617506
v -0.141074 4.990895 0.472766
v -0.090829 4.990895 0.617506
v -0.141074 4.990895 0.472766
v -0.141074 4.990895 0.472766
v -0.090829 4.990895 0.617506
v -0.094653 5.010123 0.617506
v -0.141074 4.990895 0.472766
v -0.141074 4.990895 0.472766
v -0.094653 5.010123 0.617506
v -0.105545 5.026424 0.617506
v -0.141074 4.990895 0.472766
v -0.141074 4.990895 0.472766
v -0.105545 5.026424 0.617506
v -0.141074 4.990895 0.472766
v -0.121846 5.037316 0.617506
v -0.121846 5.037316 0.617506
v -0.141074 4.990895 0.472766
v -0.141074 4.990895 0.472766
v -0.141074 5.041141 0.617506
v -0.141074 5.041141 0.617506
v -0.141074 4.990895 0.472766
v -0.141074 4.990895 0.472766
v -0.160303 5.037316 0.617506
v -0.160303 5.037316 0.617506
v -0.141074 4.990895 0.472766
v -0.141074 4.990895 0.472766
v -0.176603 5.026424 0.617506
v -0.176603 5.026424 0.617506
v -0.141074 4.990895 0.472766
v -0.141074 4.990895 0.472766
v -0.141074 4.990895 0.472766
v -0.191325 4.940648 1.067483
v -0.191325 5.041140 0.617483
v -0.191325 4.940648 0.617483
v -0.191325 5.041140 1.067483
v -0.191325 5.041140 1.067483
v -0.191325 4.940648 1.067483
v -0.191325 5.041140 0.617483
v -0.191325 4.940648 0.617483
v -0.191325 4.940648 1.067483
v -0.191325 5.041140 1.067483
v -0.191325 5.041140 0.617483
v -0.191325 4.940648 0.617483
v -0.090833 5.041140 1.067483
v -0.090833 4.940648 1.067483
v -0.090833 5.041140 1.067483
v -0.090833 4.940648 1.067483
v -0.090833 5.041140 1.067483
v -0.090833 4.940648 1.067483
v -0.090833 5.041140 0.617483
v -0.090833 5.041140 0.617483
v -0.090833 5.041140 0.617483
v -0.090833 4.940648 0.617483
v -0.090833 4.940648 0.617483
v -0.090833 4.940648 0.617483
v -0.191322 4.034402 -0.892205
v -0.191322 5.041142 -0.791714
v -0.191322 5.041142 -0.892205
v -0.191322 4.034402 -0.791714
v -0.191322 4.034402 -0.791714
v -0.191322 4.034402 -0.892205
v -0.191322 5.041142 -0.791714
v -0.191322 5.041142 -0.892205
v -0.191322 4.034402 -0.892205
v -0.191322 4.034402 -0.791714
v -0.191322 5.041142 -0.791714
v -0.191322 5.041142 -0.892205
v -0.090830 4.034402 -0.791714
v -0.090830 4.034402 -0.892205
v -0.090830 4.034402 -0.791714
v -0.090830 4.034402 -0.892205
v -0.090830 4.034402 -0.791714
v -0.090830 4.034402 -0.892205
v -0.090830 5.041142 -0.791714
v -0.090830 5.041142 -0.791714
v -0.090830 5.041142 -0.791714
v -0.090830 5.041142 -0.892205
v -0.090830 5.041142 -0.892205
v -0.090830 5.041142 -0.892205
v -0.191325 4.940648 -0.442204
v -0.191325 5.041140 -0.892204
v -0.191325 4.940648 -0.892204
v -0.191325 5.041140 -0.442204
v -0.191325 5.041140 -0.442204
v -0.191325 4.940648 -0.442204
v -0.191325 5.041140 -0.892204
v -0.191325 4.940648 -0.892204
v -0.191325 4.940648 -0.442204
v -0.191325 5.041140 -0.442204
v -0.191325 5.041140 -0.892204
v -0.191325 4.940648 -0.892204
v -0.090833 5.041140 -0.442204
v -0.090833 4.940648 -0.442204
v -0.090833 5.041140 -0.442204
v -0.090833 4.940648 -0.442204
v -0.090833 5.041140 -0.442204
v -0.090833 4.940648 -0.442204
v -0.090833 5.041140 -0.892204
v -0.090833 5.041140 -0.892204
v -0.090833 5.041140 -0.892204
v -0.090833 4.940648 -0.892204
v -0.090833 4.940648 -0.892204
v -0.090833 4.940648 -0.892204
v -0.094653 4.971666 -0.442203
v -0.094653 5.010123 -0.442203
v -0.090829 4.990895 -0.442203
v -0.105545 5.026424 -0.442203
v -0.105545 4.955366 -0.442203
v -0.121846 5.037316 -0.442203
v -0.121846 4.944474 -0.442203
v -0.141074 5.041141 -0.442203
v -0.141074 4.940649 -0.442203
v -0.160303 5.037316 -0.442203
v -0.160303 4.944474 -0.442203
v -0.176603 4.955366 -0.442203
v -0.176603 5.026424 -0.442203
v -0.187495 5.010123 -0.442203
v -0.187495 4.971666 -0.442203
v -0.191320 4.990895 -0.442203
v -0.191320 4.990895 -0.442203
v -0.187495 4.971666 -0.442203
v -0.187495 5.010123 -0.442203
v -0.176603 4.955366 -0.442203
v -0.176603 5.026424 -0.442203
v -0.160303 5.037316 -0.442203
v -0.160303 4.944474 -0.442203
v -0.141074 4.940649 -0.442203
v -0.141074 5.041141 -0.442203
v -0.121846 4.944474 -0.442203
v -0.121846 5.037316 -0.442203
v -0.105545 4.955366 -0.442203
v -0.105545 5.026424 -0.442203
v -0.094653 4.971666 -0.442203
v -0.094653 5.010123 -0.442203
v -0.090829 4.990895 -0.442203
v -0.191320 4.990895 -0.442203
v -0.187495 4.971666 -0.442203
v -0.187495 5.010123 -0.442203
v -0.176603 5.026424 -0.442203
v -0.160303 5.037316 -0.442203
v -0.141074 5.041141 -0.442203
v -0.121846 5.037316 -0.442203
v -0.105545 5.026424 -0.442203
v -0.094653 5.010123 -0.442203
v -0.090829 4.990895 -0.442203
v -0.094653 4.971666 -0.442203
v -0.105545 4.955366 -0.442203
v -0.121846 4.944474 -0.442203
v -0.141074 4.940649 -0.442203
v -0.160303 4.944474 -0.442203
v -0.176603 4.955366 -0.442203
v -0.187495 4.971666 -0.442203
v -0.141074 4.990895 -0.297462
v -0.191320 4.990895 -0.442203
v -0.191320 4.990895 -0.442203
v -0.141074 4.990895 -0.297462
v -0.187495 4.971666 -0.442203
v -0.141074 4.990895 -0.297462
v -0.141074 4.990895 -0.297462
v -0.187495 5.010123 -0.442203
v -0.187495 5.010123 -0.442203
v -0.141074 4.990895 -0.297462
v -0.141074 4.990895 -0.297462
v -0.176603 5.026424 -0.442203
v -0.176603 5.026424 -0.442203
v -0.141074 4.990895 -0.297462
v -0.141074 4.990895 -0.297462
v -0.160303 5.037316 -0.442203
v -0.160303 5.037316 -0.442203
v -0.141074 4.990895 -0.297462
v -0.141074 4.990895 -0.297462
v -0.141074 5.041141 -0.442203
v -0.141074 5.041141 -0.442203
v -0.141074 4.990895 -0.297462
v -0.141074 4.990895 -0.297462
v -0.121846 5.037316 -0.442203
v -0.121846 5.037316 -0.442203
v -0.141074 4.990895 -0.297462
v -0.141074 4.990895 -0.297462
v -0.105545 5.026424 -0.442203
v -0.105545 5.026424 -0.442203
v -0.141074 4.990895 -0.297462
v -0.141074 4.990895 -0.297462
v -0.094653 5.010123 -0.442203
v -0.094653 5.010123 -0.442203
v -0.141074 4.990895 -0.297462
v -0.090829 4.990895 -0.442203
v -0.141074 4.990895 -0.297462
v -0.141074 4.990895 -0.297462
v -0.090829 4.990895 -0.442203
v -0.094653 4.971666 -0.442203
v -0.141074 4.990895 -0.297462
v -0.141074 4.990895 -0.297462
v -0.094653 4.971666 -0.442203
v -0.105545 4.955366 -0.442203
v -0.141074 4.990895 -0.297462
v -0.141074 4.990895 -0.297462
v -0.105545 4.955366 -0.442203
v -0.141074 4.990895 -0.297462
v -0.121846 4.944474 -0.442203
v -0.121846 4.944474 -0.442203
v -0.141074 4.990895 -0.297462
v -0.141074 4.990895 -0.297462
v -0.141074 4.940649 -0.442203
v -0.141074 4.940649 -0.442203
v -0.141074 4.990895 -0.297462
v -0.141074 4.990895 -0.297462
v -0.160303 4.944474 -0.442203
v -0.160303 4.944474 -0.442203
v -0.141074 4.990895 -0.297462
v -0.141074 4.990895 -0.297462
v -0.176603 4.955366 -0.442203
v -0.176603 4.955366 -0.442203
v -0.141074 4.990895 -0.297462
v -0.141074 4.990895 -0.297462
v -0.141074 4.990895 -0.297462
v -0.180551 0.313375 -0.677596
v 0.071708 1.109940 0.815072
v -0.155191 0.262389 -0.652063
v 0.046348 1.160926 0.789540
v 0.046348 1.160926 0.789540
v -0.180551 0.313375 -0.677596
v 0.071708 1.109940 0.815072
v -0.155191 0.262389 -0.652063
v -0.180551 0.313375 -0.677596
v 0.046348 1.160926 0.789540
v 0.071708 1.109940 0.815072
v -0.155191 0.262389 -0.652063
v -0.225571 0.353449 -0.693784
v 0.001328 1.201000 0.773352
v 0.001328 1.201000 0.773352
v -0.225571 0.353449 -0.693784
v -0.225571 0.353449 -0.693784
v 0.001328 1.201000 0.773352
v 0.073548 1.055803 0.846062
v -0.153352 0.208251 -0.621073
v 0.073548 1.055803 0.846062
v -0.153352 0.208251 -0.621073
v 0.073548 1.055803 0.846062
v -0.153352 0.208251 -0.621073
v -0.056497 1.224059 0.768974
v -0.283397 0.376507 -0.698161
v -0.283397 0.376507 -0.698161
v -0.056497 1.224059 0.768974
v -0.283397 0.376507 -0.698161
v -0.056497 1.224059 0.768974
v 0.051587 1.006756 0.877792
v -0.175312 0.159205 -0.589343
v 0.051587 1.006756 0.877792
v -0.175312 0.159205 -0.589343
v 0.051587 1.006756 0.877792
v -0.175312 0.159205 -0.589343
v -0.118325 1.226593 0.777072
v -0.345224 0.379042 -0.690063
v -0.345224 0.379042 -0.690063
v -0.118325 1.226593 0.777072
v -0.345224 0.379042 -0.690063
v -0.118325 1.226593 0.777072
v -0.217730 0.122716 -0.561704
v 0.009170 0.970267 0.905432
v -0.217730 0.122716 -0.561704
v 0.009170 0.970267 0.905432
v 0.009170 0.970267 0.905432
v -0.217730 0.122716 -0.561704
v -0.174742 1.208217 0.796413
v -0.401642 0.360666 -0.670722
v -0.401642 0.360666 -0.670722
v -0.174742 1.208217 0.796413
v -0.401642 0.360666 -0.670722
v -0.174742 1.208217 0.796413
v -0.274147 0.104340 -0.542363
v -0.047248 0.951891 0.924773
v -0.274147 0.104340 -0.542363
v -0.047248 0.951891 0.924773
v -0.047248 0.951891 0.924773
v -0.274147 0.104340 -0.542363
v -0.217160 1.171728 0.824052
v -0.444059 0.324177 -0.643084
v -0.444059 0.324177 -0.643084
v -0.217160 1.171728 0.824052
v -0.444059 0.324177 -0.643084
v -0.217160 1.171728 0.824052
v -0.335975 0.106874 -0.534265
v -0.109075 0.954425 0.932871
v -0.335975 0.106874 -0.534265
v -0.109075 0.954425 0.932871
v -0.109075 0.954425 0.932871
v -0.335975 0.106874 -0.534265
v -0.466020 0.275130 -0.611353
v -0.239120 1.122681 0.855783
v -0.466020 0.275130 -0.611353
v -0.239120 1.122681 0.855783
v -0.466020 0.275130 -0.611353
v -0.239120 1.122681 0.855783
v -0.393800 0.129933 -0.538643
v -0.166901 0.977484 0.928492
v -0.393800 0.129933 -0.538643
v -0.166901 0.977484 0.928492
v -0.166901 0.977484 0.928492
v -0.393800 0.129933 -0.538643
v -0.464180 0.220992 -0.580362
v -0.237281 1.068543 0.886773
v -0.464180 0.220992 -0.580362
v -0.237281 1.068543 0.886773
v -0.237281 1.068543 0.886773
v -0.464180 0.220992 -0.580362
v -0.211920 1.017557 0.912305
v -0.438820 0.170006 -0.554830
v -0.438820 0.170006 -0.554830
v -0.211920 1.017557 0.912305
v -0.211920 1.017557 0.912305
v -0.438820 0.170006 -0.554830
v 0.046348 1.160926 0.789540
v 0.073548 1.055803 0.846062
v 0.071708 1.109940 0.815072
v 0.001328 1.201000 0.773352
v 0.051587 1.006756 0.877792
v -0.056497 1.224059 0.768974
v 0.009170 0.970267 0.905432
v -0.118325 1.226593 0.777072
v -0.047248 0.951891 0.924773
v -0.174742 1.208217 0.796413
v -0.109075 0.954425 0.932871
v -0.217160 1.171728 0.824052
v -0.166901 0.977484 0.928492
v -0.239120 1.122681 0.855783
v -0.211920 1.017557 0.912305
v -0.237281 1.068543 0.886773
v -0.237281 1.068543 0.886773
v -0.239120 1.122681 0.855783
v -0.211920 1.017557 0.912305
v -0.166901 0.977484 0.928492
v -0.217160 1.171728 0.824052
v -0.109075 0.954425 0.932871
v -0.174742 1.208217 0.796413
v -0.047248 0.951891 0.924773
v -0.118325 1.226593 0.777072
v 0.009170 0.970267 0.905432
v -0.056497 1.224059 0.768974
v 0.051587 1.006756 0.877792
v 0.001328 1.201000 0.773352
v 0.073548 1.055803 0.846062
v 0.046348 1.160926 0.789540
v 0.071708 1.109940 0.815072
v -0.237281 1.068543 0.886773
v -0.239120 1.122681 0.855783
v -0.211920 1.017557 0.912305
v -0.166901 0.977484 0.928492
v -0.109075 0.954425 0.932871
v -0.047248 0.951891 0.924773
v 0.009170 0.970267 0.905432
v 0.051587 1.006756 0.877792
v 0.073548 1.055803 0.846062
v 0.071708 1.109940 0.815072
v 0.046348 1.160926 0.789540
v 0.001328 1.201000 0.773352
v -0.056497 1.224059 0.768974
v -0.118325 1.226593 0.777072
v -0.174742 1.208217 0.796413
v -0.217160 1.171728 0.824052
v -0.153352 0.208251 -0.621073
v -0.180551 0.313375 -0.677596
v -0.155191 0.262389 -0.652063
v -0.175312 0.159205 -0.589343
v -0.225571 0.353449 -0.693784
v -0.217730 0.122716 -0.561704
v -0.283397 0.376507 -0.698161
v -0.274147 0.104340 -0.542363
v -0.345224 0.379042 -0.690063
v -0.335975 0.106874 -0.534265
v -0.401642 0.360666 -0.670722
v -0.393800 0.129933 -0.538643
v -0.444059 0.324177 -0.643084
v -0.438820 0.170006 -0.554830
v -0.466020 0.275130 -0.611353
v -0.464180 0.220992 -0.580362
v -0.464180 0.220992 -0.580362
v -0.438820 0.170006 -0.554830
v -0.466020 0.275130 -0.611353
v -0.444059 0.324177 -0.643084
v -0.393800 0.129933 -0.538643
v -0.401642 0.360666 -0.670722
v -0.335975 0.106874 -0.534265
v -0.345224 0.379042 -0.690063
v -0.274147 0.104340 -0.542363
v -0.283397 0.376507 -0.698161
v -0.217730 0.122716 -0.561704
v -0.225571 0.353449 -0.693784
v -0.175312 0.159205 -0.589343
v -0.180551 0.313375 -0.677596
v -0.153352 0.208251 -0.621073
v -0.155191 0.262389 -0.652063
v -0.464180 0.220992 -0.580362
v -0.466020 0.275130 -0.611353
v -0.444059 0.324177 -0.643084
v -0.401642 0.360666 -0.670722
v -0.345224 0.379042 -0.690063
v -0.283397 0.376507 -0.698161
v -0.225571 0.353449 -0.693784
v -0.180551 0.313375 -0.677596
v -0.155191 0.262389 -0.652063
v -0.153352 0.208251 -0.621073
v -0.175312 0.159205 -0.589343
v -0.217730 0.122716 -0.561704
v -0.274147 0.104340 -0.542363
v -0.335975 0.106874 -0.534265
v -0.393800 0.129933 -0.538643
v -0.438820 0.170006 -0.554830
v 0.395588 0.325930 -0.647515
v -0.372055 0.263621 0.879917
v 0.392446 0.263622 -0.649086
v -0.368912 0.325930 0.881488
v -0.368912 0.325930 0.881488
v 0.395588 0.325930 -0.647515
v -0.372055 0.263621 0.879917
v 0.392446 0.263622 -0.649086
v 0.395588 0.325930 -0.647515
v -0.368912 0.325930 0.881488
v -0.372055 0.263621 0.879917
v 0.392446 0.263622 -0.649086
v 0.377165 0.384840 -0.656726
v -0.387336 0.384840 0.872276
v -0.387336 0.384840 0.872276
v 0.377165 0.384840 -0.656726
v 0.377165 0.384840 -0.656726
v -0.387336 0.384840 0.872276
v -0.396285 0.207401 0.867801
v 0.368215 0.207401 -0.661201
v -0.396285 0.207401 0.867801
v 0.368215 0.207401 -0.661201
v -0.396285 0.207401 0.867801
v 0.368215 0.207401 -0.661201
v -0.424521 0.431382 0.853684
v 0.339980 0.431383 -0.675319
v 0.339980 0.431383 -0.675319
v -0.424521 0.431382 0.853684
v 0.339980 0.431383 -0.675319
v -0.424521 0.431382 0.853684
v -0.437914 0.165827 0.846987
v 0.326586 0.165827 -0.682016
v -0.437914 0.165827 0.846987
v 0.326586 0.165827 -0.682016
v -0.437914 0.165827 0.846987
v 0.326586 0.165827 -0.682016
v -0.474806 0.458473 0.828541
v 0.289695 0.458473 -0.700462
v 0.289695 0.458473 -0.700462
v -0.474806 0.458473 0.828541
v 0.289695 0.458473 -0.700462
v -0.474806 0.458473 0.828541
v 0.273896 0.145229 -0.708361
v -0.490605 0.145229 0.820642
v 0.273896 0.145229 -0.708361
v -0.490605 0.145229 0.820642
v -0.490605 0.145229 0.820642
v 0.273896 0.145229 -0.708361
v -0.530536 0.461986 0.800676
v 0.233965 0.461987 -0.728327
v 0.233965 0.461987 -0.728327
v -0.530536 0.461986 0.800676
v 0.233965 0.461987 -0.728327
v -0.530536 0.461986 0.800676
v 0.218166 0.148743 -0.736226
v -0.546335 0.148743 0.792777
v 0.218166 0.148743 -0.736226
v -0.546335 0.148743 0.792777
v -0.546335 0.148743 0.792777
v 0.218166 0.148743 -0.736226
v -0.583227 0.441388 0.774331
v 0.181274 0.441389 -0.754672
v 0.181274 0.441389 -0.754672
v -0.583227 0.441388 0.774331
v 0.181274 0.441389 -0.754672
v -0.583227 0.441388 0.774331
v 0.167880 0.175833 -0.761369
v -0.596620 0.175833 0.767634
v 0.167880 0.175833 -0.761369
v -0.596620 0.175833 0.767634
v -0.596620 0.175833 0.767634
v 0.167880 0.175833 -0.761369
v 0.139645 0.399815 -0.775486
v -0.624856 0.399814 0.753517
v 0.139645 0.399815 -0.775486
v -0.624856 0.399814 0.753517
v 0.139645 0.399815 -0.775486
v -0.624856 0.399814 0.753517
v 0.130695 0.222376 -0.779961
v -0.633805 0.222376 0.749041
v 0.130695 0.222376 -0.779961
v -0.633805 0.222376 0.749041
v -0.633805 0.222376 0.749041
v 0.130695 0.222376 -0.779961
v 0.115414 0.343594 -0.787602
v -0.649086 0.343593 0.741401
v 0.115414 0.343594 -0.787602
v -0.649086 0.343593 0.741401
v -0.649086 0.343593 0.741401
v 0.115414 0.343594 -0.787602
v -0.652229 0.281286 0.739830
v 0.112272 0.281286 -0.789173
v 0.112272 0.281286 -0.789173
v -0.652229 0.281286 0.739830
v -0.652229 0.281286 0.739830
v 0.112272 0.281286 -0.789173
v -0.368912 0.325930 0.881488
v -0.396285 0.207401 0.867801
v -0.372055 0.263621 0.879917
v -0.387336 0.384840 0.872276
v -0.437914 0.165827 0.846987
v -0.424521 0.431382 0.853684
v -0.490605 0.145229 0.820642
v -0.474806 0.458473 0.828541
v -0.546335 0.148743 0.792777
v -0.530536 0.461986 0.800676
v -0.596620 0.175833 0.767634
v -0.583227 0.441388 0.774331
v -0.633805 0.222376 0.749041
v -0.624856 0.399814 0.753517
v -0.652229 0.281286 0.739830
v -0.649086 0.343593 0.741401
v -0.649086 0.343593 0.741401
v -0.624856 0.399814 0.753517
v -0.652229 0.281286 0.739830
v -0.633805 0.222376 0.749041
v -0.583227 0.441388 0.774331
v -0.596620 0.175833 0.767634
v -0.530536 0.461986 0.800676
v -0.546335 0.148743 0.792777
v -0.474806 0.458473 0.828541
v -0.490605 0.145229 0.820642
v -0.424521 0.431382 0.853684
v -0.437914 0.165827 0.846987
v -0.387336 0.384840 0.872276
v -0.396285 0.207401 0.867801
v -0.368912 0.325930 0.881488
v -0.372055 0.263621 0.879917
v -0.649086 0.343593 0.741401
v -0.624856 0.399814 0.753517
v -0.652229 0.281286 0.739830
v -0.633805 0.222376 0.749041
v -0.596620 0.175833 0.767634
v -0.546335 0.148743 0.792777
v -0.490605 0.145229 0.820642
v -0.437914 0.165827 0.846987
v -0.396285 0.207401 0.867801
v -0.372055 0.263621 0.879917
v -0.368912 0.325930 0.881488
v -0.387336 0.384840 0.872276
v -0.424521 0.431382 0.853684
v -0.474806 0.458473 0.828541
v -0.530536 0.461986 0.800676
v -0.583227 0.441388 0.774331
v 0.368215 0.207401 -0.661201
v 0.395588 0.325930 -0.647515
v 0.392446 0.263622 -0.649086
v 0.326586 0.165827 -0.682016
v 0.377165 0.384840 -0.656726
v 0.273896 0.145229 -0.708361
v 0.339980 0.431383 -0.675319
v 0.218166 0.148743 -0.736226
v 0.289695 0.458473 -0.700462
v 0.167880 0.175833 -0.761369
v 0.233965 0.461987 -0.728327
v 0.130695 0.222376 -0.779961
v 0.181274 0.441389 -0.754672
v 0.112272 0.281286 -0.789173
v 0.139645 0.399815 -0.775486
v 0.115414 0.343594 -0.787602
v 0.115414 0.343594 -0.787602
v 0.112272 0.281286 -0.789173
v 0.139645 0.399815 -0.775486
v 0.181274 0.441389 -0.754672
v 0.130695 0.222376 -0.779961
v 0.233965 0.461987 -0.728327
v 0.167880 0.175833 -0.761369
v 0.289695 0.458473 -0.700462
v 0.218166 0.148743 -0.736226
v 0.339980 0.431383 -0.675319
v 0.273896 0.145229 -0.708361
v 0.377165 0.384840 -0.656726
v 0.326586 0.165827 -0.682016
v 0.395588 0.325930 -0.647515
v 0.368215 0.207401 -0.661201
v 0.392446 0.263622 -0.649086
v 0.115414 0.343594 -0.787602
v 0.139645 0.399815 -0.775486
v 0.181274 0.441389 -0.754672
v 0.233965 0.461987 -0.728327
v 0.289695 0.458473 -0.700462
v 0.339980 0.431383 -0.675319
v 0.377165 0.384840 -0.656726
v 0.395588 0.325930 -0.647515
v 0.392446 0.263622 -0.649086
v 0.368215 0.207401 -0.661201
v 0.326586 0.165827 -0.682016
v 0.273896 0.145229 -0.708361
v 0.218166 0.148743 -0.736226
v 0.167880 0.175833 -0.761369
v 0.130695 0.222376 -0.779961
v 0.112272 0.281286 -0.789173
v -0.636661 1.150406 0.533892
v 0.345789 0.273359 -0.557798
v -0.671408 1.098974 0.540373
v 0.380536 0.324791 -0.564280
v 0.380536 0.324791 -0.564280
v -0.636661 1.150406 0.533892
v 0.345789 0.273359 -0.557798
v -0.671408 1.098974 0.540373
v -0.636661 1.150406 0.533892
v 0.380536 0.324791 -0.564280
v 0.345789 0.273359 -0.557798
v -0.671408 1.098974 0.540373
v -0.590717 1.190857 0.546037
v 0.426481 0.365242 -0.552135
v 0.426481 0.365242 -0.552135
v -0.590717 1.190857 0.546037
v -0.590717 1.190857 0.546037
v 0.426481 0.365242 -0.552135
v 0.327529 0.218776 -0.533676
v -0.689668 1.044391 0.564495
v 0.327529 0.218776 -0.533676
v -0.689668 1.044391 0.564495
v 0.327529 0.218776 -0.533676
v -0.689668 1.044391 0.564495
v 0.476627 0.388553 -0.523211
v -0.540570 1.214168 0.574960
v -0.540570 1.214168 0.574960
v 0.476627 0.388553 -0.523211
v -0.540570 1.214168 0.574960
v 0.476627 0.388553 -0.523211
v 0.328535 0.169352 -0.495586
v -0.688662 0.994966 0.602585
v 0.328535 0.169352 -0.495586
v -0.688662 0.994966 0.602585
v 0.328535 0.169352 -0.495586
v -0.688662 0.994966 0.602585
v 0.523341 0.391176 -0.481913
v -0.493856 1.216791 0.616258
v -0.493856 1.216791 0.616258
v 0.523341 0.391176 -0.481913
v -0.493856 1.216791 0.616258
v 0.523341 0.391176 -0.481913
v -0.668542 0.958225 0.648844
v 0.348655 0.132610 -0.449327
v -0.668542 0.958225 0.648844
v 0.348655 0.132610 -0.449327
v 0.348655 0.132610 -0.449327
v -0.668542 0.958225 0.648844
v 0.559512 0.372711 -0.434528
v -0.457686 1.198326 0.663644
v -0.457686 1.198326 0.663644
v 0.559512 0.372711 -0.434528
v -0.457686 1.198326 0.663644
v 0.559512 0.372711 -0.434528
v -0.632371 0.939760 0.696230
v 0.384826 0.114145 -0.401942
v -0.632371 0.939760 0.696230
v 0.384826 0.114145 -0.401942
v 0.384826 0.114145 -0.401942
v -0.632371 0.939760 0.696230
v 0.579633 0.335970 -0.388269
v -0.437565 1.161585 0.709902
v -0.437565 1.161585 0.709902
v 0.579633 0.335970 -0.388269
v -0.437565 1.161585 0.709902
v 0.579633 0.335970 -0.388269
v -0.585657 0.942383 0.737528
v 0.431541 0.116768 -0.360644
v -0.585657 0.942383 0.737528
v 0.431541 0.116768 -0.360644
v 0.431541 0.116768 -0.360644
v -0.585657 0.942383 0.737528
v -0.436559 1.112160 0.747993
v 0.580639 0.286545 -0.350179
v -0.436559 1.112160 0.747993
v 0.580639 0.286545 -0.350179
v -0.436559 1.112160 0.747993
v 0.580639 0.286545 -0.350179
v -0.535510 0.965695 0.766451
v 0.481687 0.140080 -0.331720
v -0.535510 0.965695 0.766451
v 0.481687 0.140080 -0.331720
v 0.481687 0.140080 -0.331720
v -0.535510 0.965695 0.766451
v -0.454819 1.057577 0.772114
v 0.562379 0.231962 -0.326057
v -0.454819 1.057577 0.772114
v 0.562379 0.231962 -0.326057
v 0.562379 0.231962 -0.326057
v -0.454819 1.057577 0.772114
v 0.527631 0.180531 -0.319575
v -0.489566 1.006145 0.778596
v -0.489566 1.006145 0.778596
v 0.527631 0.180531 -0.319575
v 0.527631 0.180531 -0.319575
v -0.489566 1.006145 0.778596
v 0.380536 0.324791 -0.564280
v 0.327529 0.218776 -0.533676
v 0.345789 0.273359 -0.557798
v 0.426481 0.365242 -0.552135
v 0.328535 0.169352 -0.495586
v 0.476627 0.388553 -0.523211
v 0.348655 0.132610 -0.449327
v 0.523341 0.391176 -0.481913
v 0.384826 0.114145 -0.401942
v 0.559512 0.372711 -0.434528
v 0.431541 0.116768 -0.360644
v 0.579633 0.335970 -0.388269
v 0.481687 0.140080 -0.331720
v 0.580639 0.286545 -0.350179
v 0.527631 0.180531 -0.319575
v 0.562379 0.231962 -0.326057
v 0.562379 0.231962 -0.326057
v 0.580639 0.286545 -0.350179
v 0.527631 0.180531 -0.319575
v 0.481687 0.140080 -0.331720
v 0.579633 0.335970 -0.388269
v 0.431541 0.116768 -0.360644
v 0.559512 0.372711 -0.434528
v 0.384826 0.114145 -0.401942
v 0.523341 0.391176 -0.481913
v 0.348655 0.132610 -0.449327
v 0.476627 0.388553 -0.523211
v 0.328535 0.169352 -0.495586
v 0.426481 0.365242 -0.552135
v 0.327529 0.218776 -0.533676
v 0.380536 0.324791 -0.564280
v 0.345789 0.273359 -0.557798
v 0.562379 0.231962 -0.326057
v 0.580639 0.286545 -0.350179
v 0.527631 0.180531 -0.319575
v 0.481687 0.140080 -0.331720
v 0.431541 0.116768 -0.360644
v 0.384826 0.114145 -0.401942
v 0.348655 0.132610 -0.449327
v 0.328535 0.169352 -0.495586
v 0.327529 0.218776 -0.533676
v 0.345789 0.273359 -0.557798
v 0.380536 0.324791 -0.564280
v 0.426481 0.365242 -0.552135
v 0.476627 0.388553 -0.523211
v 0.523341 0.391176 -0.481913
v 0.559512 0.372711 -0.434528
v 0.579633 0.335970 -0.388269
v -0.689668 1.044391 0.564495
v -0.636661 1.150406 0.533892
v -0.671408 1.098974 0.540373
v -0.688662 0.994966 0.602585
v -0.590717 1.190857 0.546037
v -0.668542 0.958225 0.648844
v -0.540570 1.214168 0.574960
v -0.632371 0.939760 0.696230
v -0.493856 1.216791 0.616258
v -0.585657 0.942383 0.737528
v -0.457686 1.198326 0.663644
v -0.535510 0.965695 0.766451
v -0.437565 1.161585 0.709902
v -0.489566 1.006145 0.778596
v -0.436559 1.112160 0.747993
v -0.454819 1.057577 0.772114
v -0.454819 1.057577 0.772114
v -0.489566 1.006145 0.778596
v -0.436559 1.112160 0.747993
v -0.437565 1.161585 0.709902
v -0.535510 0.965695 0.766451
v -0.457686 1.198326 0.663644
v -0.585657 0.942383 0.737528
v -0.493856 1.216791 0.616258
v -0.632371 0.939760 0.696230
v -0.540570 1.214168 0.574960
v -0.668542 0.958225 0.648844
v -0.590717 1.190857 0.546037
v -0.688662 0.994966 0.602585
v -0.636661 1.150406 0.533892
v -0.689668 1.044391 0.564495
v -0.671408 1.098974 0.540373
v -0.454819 1.057577 0.772114
v -0.436559 1.112160 0.747993
v -0.437565 1.161585 0.709902
v -0.457686 1.198326 0.663644
v -0.493856 1.216791 0.616258
v -0.540570 1.214168 0.574960
v -0.590717 1.190857 0.546037
v -0.636661 1.150406 0.533892
v -0.671408 1.098974 0.540373
v -0.689668 1.044391 0.564495
v -0.688662 0.994966 0.602585
v -0.668542 0.958225 0.648844
v -0.632371 0.939760 0.696230
v -0.585657 0.942383 0.737528
v -0.535510 0.965695 0.766451
v -0.489566 1.006145 0.778596
v -1.012828 0.325934 -0.022941
v 0.693788 0.263625 -0.121858
v -1.012618 0.263625 -0.019434
v 0.693577 0.325934 -0.125365
v 0.693577 0.325934 -0.125365
v -1.012828 0.325934 -0.022941
v 0.693788 0.263625 -0.121858
v -1.012618 0.263625 -0.019434
v -1.012828 0.325934 -0.022941
v 0.693577 0.325934 -0.125365
v 0.693788 0.263625 -0.121858
v -1.012618 0.263625 -0.019434
v -1.011594 0.384844 -0.002380
v 0.694811 0.384844 -0.104804
v 0.694811 0.384844 -0.104804
v -1.011594 0.384844 -0.002380
v -1.011594 0.384844 -0.002380
v 0.694811 0.384844 -0.104804
v 0.695411 0.207405 -0.094816
v -1.010995 0.207405 0.007608
v 0.695411 0.207405 -0.094816
v -1.010995 0.207405 0.007608
v 0.695411 0.207405 -0.094816
v -1.010995 0.207405 0.007608
v 0.697302 0.431386 -0.063304
v -1.009103 0.431386 0.039120
v -1.009103 0.431386 0.039120
v 0.697302 0.431386 -0.063304
v -1.009103 0.431386 0.039120
v 0.697302 0.431386 -0.063304
v 0.698199 0.165831 -0.048357
v -1.008206 0.165831 0.054067
v 0.698199 0.165831 -0.048357
v -1.008206 0.165831 0.054067
v 0.698199 0.165831 -0.048357
v -1.008206 0.165831 0.054067
v 0.700670 0.458477 -0.007185
v -1.005735 0.458477 0.095239
v -1.005735 0.458477 0.095239
v 0.700670 0.458477 -0.007185
v -1.005735 0.458477 0.095239
v 0.700670 0.458477 -0.007185
v -1.004676 0.145233 0.112871
v 0.701729 0.145233 0.010447
v -1.004676 0.145233 0.112871
v 0.701729 0.145233 0.010447
v 0.701729 0.145233 0.010447
v -1.004676 0.145233 0.112871
v 0.704404 0.461990 0.055011
v -1.002002 0.461990 0.157435
v -1.002002 0.461990 0.157435
v 0.704404 0.461990 0.055011
v -1.002002 0.461990 0.157435
v 0.704404 0.461990 0.055011
v -1.000943 0.148746 0.175067
v 0.705462 0.148746 0.072643
v -1.000943 0.148746 0.175067
v 0.705462 0.148746 0.072643
v 0.705462 0.148746 0.072643
v -1.000943 0.148746 0.175067
v 0.707933 0.441393 0.113815
v -0.998472 0.441392 0.216239
v -0.998472 0.441392 0.216239
v 0.707933 0.441393 0.113815
v -0.998472 0.441392 0.216239
v 0.707933 0.441393 0.113815
v -0.997575 0.175836 0.231187
v 0.708831 0.175836 0.128763
v -0.997575 0.175836 0.231187
v 0.708831 0.175836 0.128763
v 0.708831 0.175836 0.128763
v -0.997575 0.175836 0.231187
v -0.995683 0.399818 0.262698
v 0.710722 0.399819 0.160274
v -0.995683 0.399818 0.262698
v 0.710722 0.399819 0.160274
v -0.995683 0.399818 0.262698
v 0.710722 0.399819 0.160274
v -0.995084 0.222380 0.272686
v 0.711321 0.222380 0.170262
v -0.995084 0.222380 0.272686
v 0.711321 0.222380 0.170262
v 0.711321 0.222380 0.170262
v -0.995084 0.222380 0.272686
v -0.994060 0.343597 0.289740
v 0.712345 0.343597 0.187316
v -0.994060 0.343597 0.289740
v 0.712345 0.343597 0.187316
v 0.712345 0.343597 0.187316
v -0.994060 0.343597 0.289740
v 0.712556 0.281289 0.190823
v -0.993850 0.281289 0.293247
v -0.993850 0.281289 0.293247
v 0.712556 0.281289 0.190823
v 0.712556 0.281289 0.190823
v -0.993850 0.281289 0.293247
v 0.693577 0.325934 -0.125365
v 0.695411 0.207405 -0.094816
v 0.693788 0.263625 -0.121858
v 0.694811 0.384844 -0.104804
v 0.698199 0.165831 -0.048357
v 0.697302 0.431386 -0.063304
v 0.701729 0.145233 0.010447
v 0.700670 0.458477 -0.007185
v 0.705462 0.148746 0.072643
v 0.704404 0.461990 0.055011
v 0.708831 0.175836 0.128763
v 0.707933 0.441393 0.113815
v 0.711321 0.222380 0.170262
v 0.710722 0.399819 0.160274
v 0.712556 0.281289 0.190823
v 0.712345 0.343597 0.187316
v 0.712345 0.343597 0.187316
v 0.710722 0.399819 0.160274
v 0.712556 0.281289 0.190823
v 0.711321 0.222380 0.170262
v 0.707933 0.441393 0.113815
v 0.708831 0.175836 0.128763
v 0.704404 0.461990 0.055011
v 0.705462 0.148746 0.072643
v 0.700670 0.458477 -0.007185
v 0.701729 0.145233 0.010447
v 0.697302 0.431386 -0.063304
v 0.698199 0.165831 -0.048357
v 0.694811 0.384844 -0.104804
v 0.695411 0.207405 -0.094816
v 0.693577 0.325934 -0.125365
v 0.693788 0.263625 -0.121858
v 0.712345 0.343597 0.187316
v 0.710722 0.399819 0.160274
v 0.712556 0.281289 0.190823
v 0.711321 0.222380 0.170262
v 0.708831 0.175836 0.128763
v 0.705462 0.148746 0.072643
v 0.701729 0.145233 0.010447
v 0.698199 0.165831 -0.048357
v 0.695411 0.207405 -0.094816
v 0.693788 0.263625 -0.121858
v 0.693577 0.325934 -0.125365
v 0.694811 0.384844 -0.104804
v 0.697302 0.431386 -0.063304
v 0.700670 0.458477 -0.007185
v 0.704404 0.461990 0.055011
v 0.707933 0.441393 0.113815
v -1.010995 0.207405 0.007608
v -1.012828 0.325934 -0.022941
v -1.012618 0.263625 -0.019434
v -1.008206 0.165831 0.054067
v -1.011594 0.384844 -0.002380
v -1.004676 0.145233 0.112871
v -1.009103 0.431386 0.039120
v -1.000943 0.148746 0.175067
v -1.005735 0.458477 0.095239
v -0.997575 0.175836 0.231187
v -1.002002 0.461990 0.157435
v -0.995084 0.222380 0.272686
v -0.998472 0.441392 0.216239
v -0.993850 0.281289 0.293247
v -0.995683 0.399818 0.262698
v -0.994060 0.343597 0.289740
v -0.994060 0.343597 0.289740
v -0.993850 0.281289 0.293247
v -0.995683 0.399818 0.262698
v -0.998472 0.441392 0.216239
v -0.995084 0.222380 0.272686
v -1.002002 0.461990 0.157435
v -0.997575 0.175836 0.231187
v -1.005735 0.458477 0.095239
v -1.000943 0.148746 0.175067
v -1.009103 0.431386 0.039120
v -1.004676 0.145233 0.112871
v -1.011594 0.384844 -0.002380
v -1.008206 0.165831 0.054067
v -1.012828 0.325934 -0.022941
v -1.010995 0.207405 0.007608
v -1.012618 0.263625 -0.019434
v -0.994060 0.343597 0.289740
v -0.995683 0.399818 0.262698
v -0.998472 0.441392 0.216239
v -1.002002 0.461990 0.157435
v -1.005735 0.458477 0.095239
v -1.009103 0.431386 0.039120
v -1.011594 0.384844 -0.002380
v -1.012828 0.325934 -0.022941
v -1.012618 0.263625 -0.019434
v -1.010995 0.207405 0.007608
v -1.008206 0.165831 0.054067
v -1.004676 0.145233 0.112871
v -1.000943 0.148746 0.175067
v -0.997575 0.175836 0.231187
v -0.995084 0.222380 0.272686
v -0.993850 0.281289 0.293247
vn 0.3456 -0.9307 -0.1200
vn 0.5219 -0.7516 -0.4034
vn 0.6182 -0.7564 -0.2137
vn 0.2923 -0.9290 -0.2270
vn -0.2923 0.9290 0.2270
vn -0.3456 0.9307 0.1200
vn -0.5219 0.7516 0.4034
vn -0.6182 0.7564 0.2137
vn 0.3757 -0.7457 -0.5502
vn 0.2110 -0.9269 -0.3104
vn -0.2110 0.9269 0.3104
vn -0.3757 0.7457 0.5502
vn 0.7259 -0.6412 -0.2489
vn 0.6127 -0.6349 -0.4706
vn -0.7259 0.6412 0.2489
vn -0.6131 0.6349 0.4702
vn 0.3642 -0.9313 -0.0000
vn 0.6519 -0.7583 -0.0000
vn -0.3642 0.9313 -0.0000
vn -0.6519 0.7583 -0.0000
vn -0.0000 -1.0000 -0.0000
vn -0.0000 1.0000 -0.0000
vn 0.1961 -0.7410 -0.6422
vn 0.1103 -0.9253 -0.3629
vn -0.1103 0.9253 0.3629
vn -0.1961 0.7410 0.6422
vn 0.4415 -0.6273 -0.6415
vn -0.4415 0.6273 0.6415
vn 0.7654 -0.6436 -0.0000
vn -0.7654 0.6436 -0.0000
vn 0.6182 -0.7564 0.2137
vn 0.3456 -0.9307 0.1200
vn -0.3456 0.9307 -0.1200
vn -0.6182 0.7564 -0.2137
vn -0.0000 -0.7393 -0.6734
vn -0.0000 -0.9247 -0.3808
vn -0.0000 0.9246 0.3808
vn -0.0000 0.7393 0.6734
vn 0.2305 -0.6213 -0.7489
vn -0.2305 0.6213 0.7489
vn 0.7259 -0.6412 0.2489
vn -0.7259 0.6412 -0.2489
vn 0.5219 -0.7516 0.4034
vn 0.2923 -0.9290 0.2270
vn -0.2923 0.9290 -0.2270
vn -0.5219 0.7516 -0.4034
vn -0.1103 -0.9253 -0.3629
vn -0.1961 -0.7410 -0.6422
vn 0.1961 0.7410 0.6422
vn 0.1103 0.9253 0.3629
vn -0.0000 -0.6191 -0.7853
vn -0.0000 0.6191 0.7853
vn 0.6131 -0.6349 0.4702
vn -0.6128 0.6349 -0.4704
vn 0.3757 -0.7457 0.5502
vn 0.2110 -0.9269 0.3104
vn -0.2110 0.9269 -0.3104
vn -0.3757 0.7457 -0.5502
vn -0.2110 -0.9269 -0.3104
vn -0.3757 -0.7457 -0.5502
vn 0.3757 0.7457 0.5502
vn 0.2110 0.9269 0.3104
vn -0.2304 -0.6213 -0.7489
vn 0.2304 0.6213 0.7489
vn 0.4415 -0.6273 0.6415
vn -0.4415 0.6273 -0.6415
vn 0.1961 -0.7410 0.6422
vn 0.1103 -0.9253 0.3629
vn -0.1103 0.9253 -0.3629
vn -0.1961 0.7410 -0.6422
vn -0.2923 -0.9290 -0.2270
vn -0.5219 -0.7516 -0.4034
vn 0.5219 0.7516 0.4034
vn 0.2923 0.9290 0.2270
vn -0.4415 -0.6273 -0.6415
vn 0.4415 0.6273 0.6415
vn 0.2304 -0.6213 0.7489
vn -0.2304 0.6213 -0.7489
vn -0.0000 -0.7393 0.6734
vn -0.0000 -0.9247 0.3808
vn -0.0000 0.9247 -0.3808
vn -0.0000 0.7393 -0.6734
vn -0.3456 -0.9307 -0.1200
vn -0.6182 -0.7564 -0.2137
vn 0.6182 0.7564 0.2137
vn 0.3456 0.9307 0.1200
vn -0.6131 -0.6349 -0.4702
vn 0.6126 0.6349 0.4707
vn -0.0000 -0.6191 0.7853
vn -0.0000 0.6191 -0.7853
vn -0.1961 -0.7410 0.6422
vn -0.1103 -0.9253 0.3629
vn 0.1103 0.9253 -0.3629
vn 0.1961 0.7410 -0.6422
vn -0.3642 -0.9313 -0.0000
vn -0.6519 -0.7583 -0.0000
vn 0.6519 0.7583 -0.0000
vn 0.3642 0.9313 -0.0000
vn -0.7259 -0.6412 -0.2489
vn 0.7259 0.6412 0.2489
vn -0.2305 -0.6213 0.7489
vn 0.2305 0.6213 -0.7489
vn -0.2110 -0.9269 0.3104
vn -0.3757 -0.7457 0.5502
vn 0.3757 0.7457 -0.5502
vn 0.2110 0.9269 -0.3104
vn -0.6182 -0.7564 0.2137
vn -0.3456 -0.9307 0.1200
vn 0.6182 0.7564 -0.2137
vn 0.3456 0.9307 -0.1200
vn -0.7654 -0.6436 -0.0000
vn 0.7654 0.6436 -0.0000
vn -0.4415 -0.6273 0.6415
vn 0.4415 0.6273 -0.6415
vn -0.2923 -0.9290 0.2270
vn -0.5219 -0.7516 0.4034
vn 0.5219 0.7516 -0.4034
vn 0.2923 0.9290 -0.2270
vn -0.7259 -0.6412 0.2489
vn 0.7259 0.6412 -0.2489
vn -0.6127 -0.6349 0.4706
vn 0.6127 0.6349 -0.4707
vn -0.9119 -0.2635 -0.3147
vn -1.0000 -0.0000 -0.0000
vn -0.9454 -0.0000 -0.3260
vn -0.9642 -0.2651 -0.0000
vn 0.9642 0.2651 -0.0000
vn 0.9119 0.2635 0.3147
vn 1.0000 -0.0000 -0.0000
vn 0.9454 -0.0000 0.3260
vn -0.9119 -0.2635 0.3147
vn -0.9454 -0.0000 0.3260
vn 0.9454 -0.0000 -0.3260
vn 0.9119 0.2636 -0.3147
vn -0.9369 0.1312 -0.3242
vn -0.9912 0.1320 -0.0000
vn 0.9912 -0.1320 -0.0000
vn 0.9369 -0.1312 0.3242
vn -0.7645 -0.2597 -0.5900
vn -0.7918 -0.0000 -0.6107
vn 0.7645 0.2596 0.5900
vn 0.7918 -0.0000 0.6107
vn -0.8692 -0.3916 -0.3018
vn -0.9192 -0.3938 -0.0000
vn 0.9192 0.3938 -0.0000
vn 0.8692 0.3916 0.3018
vn -0.7645 -0.2597 0.5900
vn -0.7918 -0.0000 0.6107
vn 0.7918 -0.0000 -0.6107
vn 0.7645 0.2597 -0.5900
vn -0.9369 0.1312 0.3242
vn 0.9369 -0.1312 -0.3242
vn -0.8692 -0.3916 0.3018
vn 0.8692 0.3916 -0.3018
vn -0.7843 0.1290 -0.6068
vn 0.7843 -0.1290 0.6068
vn -0.5459 -0.2550 -0.7981
vn -0.5647 -0.0000 -0.8253
vn 0.5647 -0.0000 0.8253
vn 0.5459 0.2551 0.7981
vn -0.7288 -0.3861 -0.5655
vn 0.7286 0.3861 0.5657
vn -0.5647 -0.0000 0.8253
vn -0.5459 -0.2551 0.7981
vn 0.5647 -0.0000 -0.8253
vn 0.5459 0.2551 -0.7981
vn -0.7843 0.1290 0.6068
vn 0.7843 -0.1290 -0.6068
vn -0.7288 -0.3861 0.5655
vn 0.7289 0.3861 -0.5653
vn -0.5590 0.1265 -0.8195
vn 0.5590 -0.1265 0.8195
vn -0.2831 -0.2514 -0.9256
vn -0.2926 -0.0000 -0.9562
vn 0.2926 -0.0000 0.9562
vn 0.2831 0.2516 0.9255
vn -0.5201 -0.3796 -0.7651
vn 0.5201 0.3796 0.7651
vn -0.2926 -0.0000 0.9562
vn -0.2831 -0.2514 0.9256
vn 0.2926 -0.0000 -0.9562
vn 0.2831 0.2515 -0.9255
vn -0.5590 0.1265 0.8195
vn 0.5590 -0.1265 -0.8195
vn -0.5201 -0.3796 0.7651
vn 0.5201 0.3796 -0.7651
vn -0.2895 0.1246 -0.9490
vn 0.2895 -0.1246 0.9490
vn -0.0000 -0.2503 -0.9682
vn -0.0000 -0.0000 -1.0000
vn -0.0000 -0.0000 1.0000
vn -0.0000 0.2502 0.9682
vn -0.2697 -0.3746 -0.8871
vn 0.2697 0.3746 0.8871
vn -0.0000 -0.2503 0.9682
vn -0.0000 0.2502 -0.9682
vn -0.2895 0.1246 0.9490
vn 0.2895 -0.1246 -0.9490
vn -0.2697 -0.3746 0.8871
vn 0.2697 0.3746 -0.8871
vn -0.0000 0.1239 -0.9923
vn -0.0000 -0.1239 0.9923
vn 0.2831 -0.2515 -0.9255
vn -0.2831 0.2515 0.9255
vn -0.0000 -0.3727 -0.9279
vn -0.0000 0.3727 0.9279
vn 0.2831 -0.2516 0.9255
vn -0.2831 0.2515 -0.9255
vn -0.0000 0.1239 0.9923
vn -0.0000 -0.1239 -0.9923
vn -0.0000 -0.3727 0.9279
vn -0.0000 0.3727 -0.9279
vn 0.2895 0.1246 -0.9490
vn -0.2895 -0.1246 0.9490
vn 0.5459 -0.2551 -0.7981
vn -0.5459 0.2550 0.7981
vn 0.2697 -0.3746 -0.8871
vn -0.2697 0.3746 0.8871
vn 0.5459 -0.2551 0.7981
vn -0.5459 0.2551 -0.7981
vn 0.2895 0.1246 0.9490
vn -0.2895 -0.1246 -0.9490
vn 0.2697 -0.3746 0.8871
vn -0.2697 0.3746 -0.8871
vn 0.5590 0.1265 -0.8195
vn -0.5590 -0.1265 0.8195
vn 0.7645 -0.2596 -0.5900
vn -0.7645 0.2597 0.5900
vn 0.5201 -0.3796 -0.7651
vn -0.5201 0.3796 0.7651
vn 0.7645 -0.2597 0.5900
vn -0.7645 0.2597 -0.5900
vn 0.5590 0.1265 0.8195
vn -0.5590 -0.1265 -0.8195
vn 0.5207 -0.3796 0.7647
vn -0.5201 0.3796 -0.7651
vn 0.7843 0.1290 -0.6068
vn -0.7843 -0.1290 0.6068
vn 0.9119 -0.2634 -0.3147
vn -0.9119 0.2634 0.3147
vn 0.7290 -0.3861 -0.5652
vn -0.7286 0.3861 0.5657
vn 0.9119 -0.2634 0.3147
vn -0.9119 0.2634 -0.3147
vn 0.7843 0.1290 0.6068
vn -0.7843 -0.1290 -0.6068
vn 0.7288 -0.3861 0.5654
vn -0.7290 0.3861 -0.5653
vn 0.9369 0.1312 -0.3242
vn -0.9369 -0.1312 0.3242
vn 0.9643 -0.2650 -0.0000
vn -0.9642 0.2650 -0.0000
vn 0.8692 -0.3916 -0.3018
vn -0.8692 0.3916 0.3018
vn 0.9369 0.1312 0.3242
vn -0.9369 -0.1312 -0.3242
vn 0.8694 -0.3916 0.3013
vn -0.8692 0.3916 -0.3018
vn 0.9912 0.1320 -0.0000
vn -0.9912 -0.1320 -0.0000
vn 0.9192 -0.3938 -0.0000
vn -0.9192 0.3938 -0.0000
vn -0.9316 0.1688 0.3220
vn -0.9316 0.1688 -0.3220
vn -0.9859 0.1676 -0.0000
vn -0.7794 0.1717 0.6025
vn -0.7795 0.1717 -0.6025
vn -0.5552 0.1751 0.8131
vn -0.5552 0.1751 -0.8131
vn -0.2874 0.1777 0.9412
vn -0.2874 0.1777 -0.9412
vn 0.0002 0.1787 0.9839
vn -0.0002 0.1787 -0.9839
vn 0.2874 0.1777 -0.9412
vn 0.2874 0.1777 0.9412
vn 0.5552 0.1751 0.8131
vn 0.5552 0.1751 -0.8131
vn 0.7794 0.1717 -0.6025
vn 0.7795 0.1717 0.6025
vn 0.9316 0.1688 0.3220
vn 0.9316 0.1688 -0.3220
vn 0.9859 0.1676 -0.0000
vn -0.9859 -0.1676 -0.0000
vn -0.9316 -0.1688 -0.3220
vn -0.9317 -0.1688 0.3216
vn -0.7795 -0.1717 0.6024
vn -0.7794 -0.1717 -0.6026
vn -0.5552 -0.1751 -0.8131
vn -0.5552 -0.1751 0.8131
vn -0.2874 -0.1777 0.9412
vn -0.2874 -0.1777 -0.9412
vn 0.0002 -0.1787 -0.9839
vn -0.0002 -0.1787 0.9839
vn 0.2874 -0.1777 0.9412
vn 0.2874 -0.1777 -0.9412
vn 0.5552 -0.1751 0.8131
vn 0.5552 -0.1751 -0.8131
vn 0.7794 -0.1717 0.6026
vn 0.7795 -0.1717 -0.6024
vn 0.9316 -0.1688 0.3220
vn 0.9317 -0.1688 -0.3216
vn 0.9859 -0.1676 -0.0000
vn -0.0000 0.7199 -0.6940
vn 0.2874 -0.1774 -0.9412
vn -0.0000 -0.1786 -0.9839
vn 0.2025 0.7199 -0.6639
vn 0.5552 -0.1750 -0.8131
vn 0.3913 0.7197 -0.5736
vn -0.2025 0.7199 -0.6639
vn -0.2874 -0.1776 -0.9412
vn 0.6567 0.7191 -0.2272
vn 0.6567 0.7191 0.2272
vn 0.6950 0.7190 -0.0000
vn 0.5494 0.7193 -0.4251
vn 0.5494 0.7193 0.4251
vn 0.3913 0.7197 0.5736
vn 0.2025 0.7199 0.6639
vn -0.0000 0.7200 0.6940
vn -0.2025 0.7199 0.6639
vn -0.3913 0.7196 -0.5736
vn -0.3913 0.7197 0.5736
vn -0.5494 0.7193 0.4251
vn -0.5494 0.7193 -0.4251
vn -0.6567 0.7191 -0.2272
vn -0.6567 0.7191 0.2272
vn -0.6950 0.7190 -0.0000
vn 0.7794 -0.1716 -0.6025
vn -0.5552 -0.1750 -0.8131
vn -0.7795 -0.1714 -0.6025
vn -0.9316 -0.1684 -0.3220
vn -0.9859 -0.1675 -0.0000
vn -0.9316 -0.1687 0.3220
vn -0.7795 -0.1713 0.6025
vn -0.5552 -0.1750 0.8131
vn -0.2874 -0.1774 0.9412
vn -0.0000 -0.1786 0.9839
vn 0.2874 -0.1776 0.9412
vn 0.5552 -0.1750 0.8131
vn 0.7795 -0.1716 0.6025
vn 0.9316 -0.1687 0.3220
vn 0.9859 -0.1673 -0.0000
vn 0.9316 -0.1684 -0.3220
vn -0.2025 -0.7199 0.6639
vn -0.0000 -0.7199 0.6940
vn -0.2874 0.1774 0.9412
vn -0.0000 0.1786 0.9839
vn -0.3913 -0.7197 0.5736
vn -0.5552 0.1749 0.8131
vn 0.2025 -0.7199 0.6639
vn 0.2874 0.1776 0.9412
vn 0.6950 -0.7190 -0.0000
vn 0.6567 -0.7191 0.2272
vn 0.6567 -0.7191 -0.2272
vn 0.5494 -0.7193 -0.4251
vn 0.5494 -0.7193 0.4251
vn 0.3913 -0.7196 0.5736
vn 0.3913 -0.7197 -0.5736
vn 0.2025 -0.7199 -0.6639
vn -0.0000 -0.7200 -0.6940
vn -0.2025 -0.7199 -0.6639
vn -0.3913 -0.7197 -0.5736
vn -0.5494 -0.7193 -0.4251
vn -0.5494 -0.7193 0.4251
vn -0.6567 -0.7191 -0.2272
vn -0.6567 -0.7191 0.2272
vn -0.6950 -0.7190 -0.0000
vn -0.7795 0.1715 0.6025
vn 0.5552 0.1750 0.8131
vn 0.7795 0.1714 0.6025
vn 0.9316 0.1685 0.3220
vn 0.9859 0.1673 -0.0000
vn 0.9316 0.1686 -0.3220
vn 0.7795 0.1715 -0.6025
vn 0.5552 0.1749 -0.8131
vn 0.2874 0.1775 -0.9412
vn -0.0000 0.1786 -0.9839
vn -0.2874 0.1774 -0.9412
vn -0.5552 0.1750 -0.8131
vn -0.7795 0.1714 -0.6025
vn -0.9316 0.1686 -0.3220
vn -0.9859 0.1675 -0.0000
vn -0.9316 0.1686 0.3220
vn -0.3688 0.9293 -0.0193
vn 0.0039 -0.9293 -0.3692
vn -0.3688 -0.9293 -0.0193
vn 0.0039 0.9293 -0.3693
vn -0.0036 -0.9293 0.3692
vn -0.0039 0.9293 0.3693
vn 0.3688 0.9293 0.0193
vn 0.3688 -0.9293 0.0193
vn -0.0039 -0.9293 0.3692
vn -0.0116 0.9294 0.3689
vn 0.0116 -0.9294 -0.3689
vn 0.0039 0.9294 -0.3692
vn -0.3689 0.9294 -0.0116
vn -0.5009 -0.5614 -0.6587
vn -0.6034 -0.7830 0.1513
vn -0.5053 -0.7020 0.5019
vn 0.3294 -0.3984 0.8561
vn -0.6244 -0.4685 0.6250
vn 0.6328 -0.4420 -0.6358
vn 0.5009 0.5614 0.6587
vn 0.6034 0.7830 -0.1513
vn -0.6328 0.4420 0.6358
vn -0.3294 0.3983 -0.8561
vn 0.6246 0.4684 -0.6249
vn 0.5053 0.7020 -0.5019
vn -0.2797 -0.1949 -0.9401
vn 0.6327 -0.4421 -0.6358
vn 0.0445 -0.8563 -0.5146
vn -0.0443 0.8564 0.5145
vn -0.6327 0.4421 0.6358
vn 0.2797 0.1949 0.9401
vn 0.3049 -0.5681 -0.7644
vn -0.3049 0.5682 0.7643
vn -0.3429 0.8739 0.3445
vn 0.3430 -0.8739 -0.3444
vn -0.6570 0.5659 -0.4982
vn -0.5133 0.8570 0.0445
vn 0.5132 -0.8571 -0.0444
vn 0.6570 -0.5659 0.4982
vn 0.0509 -0.9974 -0.0510
vn -0.0508 0.9974 0.0510
vn -0.0510 0.9974 0.0510
vn 0.0510 -0.9974 -0.0510
vn 0.5009 -0.5614 0.6587
vn 0.6034 -0.7830 -0.1513
vn 0.5053 -0.7020 -0.5019
vn -0.3294 -0.3984 -0.8561
vn 0.6244 -0.4685 -0.6250
vn -0.6328 -0.4420 0.6358
vn -0.5009 0.5614 -0.6587
vn -0.6034 0.7830 0.1513
vn 0.6328 0.4420 -0.6358
vn 0.3294 0.3983 0.8561
vn -0.6246 0.4684 0.6249
vn -0.5053 0.7020 0.5019
vn 0.2797 -0.1949 0.9401
vn -0.6327 -0.4421 0.6358
vn -0.0476 -0.8560 0.5148
vn 0.0443 0.8563 -0.5145
vn 0.6327 0.4421 -0.6358
vn -0.2797 0.1949 -0.9401
vn -0.3049 -0.5681 0.7644
vn 0.3049 0.5682 -0.7643
vn 0.3429 0.8739 -0.3445
vn -0.3430 -0.8739 0.3444
vn 0.6570 0.5659 0.4981
vn 0.5133 0.8572 -0.0403
vn -0.5134 -0.8570 0.0445
vn -0.6570 -0.5659 -0.4981
vn -0.0509 -0.9974 0.0510
vn 0.0510 0.9974 -0.0511
vn 0.0510 0.9974 -0.0510
vn -0.0510 -0.9974 0.0510
vn 0.6587 -0.5614 -0.5009
vn -0.1513 -0.7830 -0.6034
vn -0.5019 -0.7020 -0.5053
vn -0.8560 -0.3984 0.3294
vn -0.6250 -0.4685 -0.6244
vn 0.6358 -0.4420 0.6328
vn -0.6587 0.5614 0.5009
vn 0.1513 0.7830 0.6033
vn -0.6358 0.4420 -0.6328
vn 0.8561 0.3983 -0.3294
vn 0.6249 0.4684 0.6246
vn 0.5019 0.7020 0.5053
vn 0.9401 -0.1949 -0.2797
vn 0.6357 -0.4420 0.6328
vn 0.5146 -0.8562 0.0456
vn -0.5144 0.8564 -0.0444
vn -0.9401 0.1949 0.2797
vn 0.7644 -0.5681 0.3050
vn -0.7643 0.5682 -0.3049
vn -0.3444 0.8739 -0.3430
vn 0.3444 -0.8739 0.3430
vn 0.4982 0.5659 -0.6570
vn -0.0444 0.8571 -0.5132
vn 0.0429 -0.8571 0.5133
vn -0.4982 -0.5659 0.6570
vn 0.0512 -0.9974 0.0510
vn -0.0512 0.9974 -0.0510
vn -0.0510 0.9974 -0.0510
vn 0.0510 -0.9974 0.0510
vn 0.0036 -0.9293 -0.3692
vn 0.0116 0.9294 -0.3689
vn -0.0116 -0.9294 0.3689
vn -0.0039 0.9294 0.3692
vn 0.3689 0.9294 0.0116
vn -0.6587 -0.5614 0.5009
vn 0.1513 -0.7830 0.6034
vn 0.5019 -0.7020 0.5053
vn 0.8561 -0.3984 -0.3294
vn 0.6250 -0.4685 0.6244
vn -0.6358 -0.4420 -0.6328
vn 0.6587 0.5614 -0.5009
vn -0.1513 0.7830 -0.6033
vn 0.6358 0.4420 0.6328
vn -0.8561 0.3983 0.3294
vn -0.6249 0.4683 -0.6246
vn -0.5019 0.7020 -0.5053
vn -0.9401 -0.1949 0.2797
vn -0.6359 -0.4421 -0.6326
vn -0.5146 -0.8561 -0.0480
vn 0.5146 0.8563 0.0441
vn 0.6357 0.4419 0.6329
vn 0.9401 0.1949 -0.2796
vn -0.7644 -0.5681 -0.3050
vn 0.7643 0.5682 0.3049
vn 0.3445 0.8739 0.3430
vn -0.3444 -0.8739 -0.3430
vn -0.4982 0.5659 0.6570
vn 0.0444 0.8571 0.5132
vn -0.0444 -0.8571 -0.5132
vn 0.4982 -0.5659 -0.6570
vn -0.0513 -0.9974 -0.0513
vn 0.0511 0.9974 0.0511
vn 0.0510 0.9974 0.0510
vn -0.0510 -0.9974 -0.0510
vn -0.0193 0.9293 0.3688
vn -0.3692 -0.9293 -0.0039
vn -0.0193 -0.9293 0.3688
vn -0.3693 0.9293 -0.0039
vn 0.3692 -0.9293 0.0036
vn 0.3693 0.9293 0.0039
vn 0.0193 0.9293 -0.3688
vn 0.0193 -0.9293 -0.3688
vn 0.3692 -0.9293 0.0039
vn -0.3689 -0.9294 -0.0116
vn -0.3692 0.9294 -0.0039
vn -0.3692 -0.9293 -0.0036
vn 0.3689 -0.9294 0.0116
vn 0.3692 0.9294 0.0039
vn 0.3641 -0.8871 -0.2837
vn 0.5194 0.4007 -0.7547
vn 0.7289 0.3954 -0.5590
vn 0.2607 -0.8854 -0.3849
vn 0.8707 0.3909 -0.2986
vn 0.4332 -0.8885 -0.1510
vn 0.4332 -0.8885 0.1510
vn 0.4577 -0.8891 -0.0000
vn 0.3641 -0.8871 0.2837
vn 0.2607 -0.8854 0.3849
vn 0.1355 -0.8840 0.4474
vn 0.1355 -0.8840 -0.4474
vn -0.0000 -0.8835 0.4684
vn -0.0000 -0.8835 -0.4684
vn -0.1355 -0.8840 -0.4474
vn -0.1355 -0.8840 0.4474
vn -0.2607 -0.8854 -0.3849
vn -0.2607 -0.8854 0.3849
vn -0.3641 -0.8871 -0.2837
vn -0.3641 -0.8871 0.2837
vn -0.4332 -0.8885 -0.1510
vn -0.4332 -0.8885 0.1510
vn -0.4577 -0.8891 -0.0000
vn 0.2689 0.4048 -0.8739
vn 0.8707 0.3909 0.2986
vn 0.9211 0.3892 -0.0000
vn 0.7289 0.3954 0.5590
vn 0.5194 0.4007 0.7547
vn 0.2689 0.4048 0.8739
vn -0.0000 0.4064 0.9137
vn -0.0000 0.4064 -0.9137
vn -0.2689 0.4048 -0.8739
vn -0.2689 0.4048 0.8739
vn -0.5194 0.4007 -0.7547
vn -0.5194 0.4007 0.7547
vn -0.7289 0.3954 -0.5590
vn -0.7289 0.3954 0.5590
vn -0.8707 0.3909 -0.2986
vn -0.8707 0.3909 0.2986
vn -0.9211 0.3892 -0.0000
vn -0.2607 0.8854 0.3849
vn -0.3641 0.8871 0.2837
vn -0.5194 -0.4007 0.7547
vn -0.7289 -0.3954 0.5590
vn -0.4332 0.8885 0.1510
vn -0.8707 -0.3909 0.2986
vn 0.4577 0.8891 -0.0000
vn 0.4332 0.8885 -0.1510
vn 0.4332 0.8885 0.1510
vn 0.3641 0.8871 -0.2837
vn 0.3641 0.8871 0.2837
vn 0.2607 0.8854 -0.3849
vn 0.2607 0.8854 0.3849
vn 0.1355 0.8840 -0.4474
vn 0.1355 0.8840 0.4474
vn -0.0000 0.8835 -0.4684
vn -0.0000 0.8835 0.4684
vn -0.1355 0.8840 0.4474
vn -0.1355 0.8840 -0.4474
vn -0.2607 0.8854 -0.3849
vn -0.3641 0.8871 -0.2837
vn -0.4332 0.8885 -0.1510
vn -0.4577 0.8891 -0.0000
vn -0.2689 -0.4048 0.8739
vn 0.9211 -0.3892 -0.0000
vn 0.8707 -0.3909 0.2986
vn 0.8707 -0.3909 -0.2986
vn 0.7289 -0.3954 -0.5590
vn 0.7289 -0.3954 0.5590
vn 0.5194 -0.4007 -0.7547
vn 0.5194 -0.4007 0.7547
vn 0.2689 -0.4048 -0.8739
vn 0.2689 -0.4048 0.8739
vn -0.0000 -0.4064 -0.9137
vn -0.0000 -0.4064 0.9137
vn -0.2689 -0.4048 -0.8739
vn -0.5194 -0.4007 -0.7547
vn -0.7289 -0.3954 -0.5590
vn -0.8707 -0.3909 -0.2986
vn -0.9211 -0.3892 -0.0000
vn -0.6742 -0.3015 -0.6742
vn -0.6742 0.3015 0.6742
vn -0.6742 0.3016 -0.6742
vn -0.6742 -0.3016 0.6742
vn 0.6742 0.3015 -0.6742
vn 0.6742 0.3015 0.6742
vn 0.6742 -0.3015 -0.6742
vn 0.6742 -0.3015 0.6742
vn 0.6741 -0.3015 0.6743
vn 0.6742 -0.3016 -0.6742
vn -0.6742 0.3015 -0.6742
vn 0.6742 0.3016 0.6742
vn -0.6742 -0.3015 0.6742
vn -0.8729 0.3613 -0.3279
vn -0.9284 0.1847 -0.3223
vn -0.9447 0.0001 -0.3279
vn 0.9447 -0.0001 0.3279
vn 0.9284 -0.1847 0.3223
vn 0.8729 -0.3613 0.3279
vn -0.9284 -0.1847 -0.3223
vn -0.8729 -0.3613 -0.3279
vn -0.9447 -0.0001 -0.3280
vn 0.9447 0.0001 0.3279
vn 0.8729 0.3612 0.3280
vn 0.9284 0.1847 0.3223
vn -0.7871 -0.5260 -0.3223
vn -0.6681 -0.6679 -0.3279
vn -0.8728 -0.3616 -0.3279
vn 0.8728 0.3616 0.3279
vn 0.6681 0.6679 0.3279
vn 0.7871 0.5259 0.3223
vn -0.5259 -0.7871 -0.3223
vn -0.3617 -0.8727 -0.3279
vn -0.6679 -0.6681 -0.3279
vn 0.6679 0.6681 0.3279
vn 0.3616 0.8727 0.3280
vn 0.5259 0.7871 0.3223
vn -0.1847 -0.9284 -0.3223
vn -0.0003 -0.9447 -0.3279
vn -0.3614 -0.8728 -0.3279
vn 0.3614 0.8728 0.3279
vn 0.0002 0.9447 0.3279
vn 0.1847 0.9284 0.3223
vn 0.1847 -0.9284 -0.3223
vn 0.3614 -0.8728 -0.3279
vn 0.0002 -0.9447 -0.3279
vn -0.0002 0.9447 0.3279
vn -0.3614 0.8728 0.3279
vn -0.1847 0.9284 0.3223
vn 0.5259 -0.7871 -0.3223
vn 0.6680 -0.6681 -0.3279
vn 0.3616 -0.8727 -0.3280
vn -0.3617 0.8727 0.3279
vn -0.6679 0.6681 0.3280
vn -0.5259 0.7871 0.3223
vn 0.7871 -0.5259 -0.3223
vn 0.8728 -0.3616 -0.3279
vn 0.6681 -0.6679 -0.3279
vn -0.6681 0.6679 0.3279
vn -0.8728 0.3616 0.3279
vn -0.7871 0.5260 0.3223
vn 0.9447 -0.0001 -0.3279
vn 0.8729 -0.3613 -0.3280
vn 0.9285 -0.1846 -0.3223
vn -0.9285 0.1846 0.3223
vn -0.8729 0.3613 0.3279
vn -0.9447 0.0001 0.3280
vn 0.8729 0.3613 -0.3279
vn 0.9447 0.0001 -0.3279
vn 0.9285 0.1846 -0.3223
vn -0.9285 -0.1846 0.3223
vn -0.9447 -0.0001 0.3279
vn -0.8729 -0.3613 0.3279
vn 0.6681 0.6679 -0.3279
vn 0.8728 0.3616 -0.3279
vn 0.7871 0.5259 -0.3223
vn -0.7871 -0.5259 0.3223
vn -0.8728 -0.3616 0.3279
vn -0.6681 -0.6679 0.3280
vn 0.5259 0.7871 -0.3223
vn 0.3617 0.8727 -0.3279
vn 0.6680 0.6681 -0.3279
vn -0.6680 -0.6681 0.3279
vn -0.3617 -0.8727 0.3279
vn -0.5259 -0.7871 0.3223
vn 0.1847 0.9284 -0.3223
vn 0.0001 0.9447 -0.3279
vn 0.3614 0.8728 -0.3279
vn -0.3614 -0.8728 0.3279
vn -0.0001 -0.9447 0.3280
vn -0.1847 -0.9284 0.3223
vn -0.1847 0.9284 -0.3223
vn -0.3614 0.8728 -0.3279
vn -0.0001 0.9447 -0.3280
vn 0.0001 -0.9447 0.3279
vn 0.3612 -0.8729 0.3280
vn 0.1847 -0.9284 0.3223
vn -0.5259 0.7871 -0.3223
vn -0.6679 0.6681 -0.3279
vn -0.3617 0.8727 -0.3279
vn 0.3617 -0.8727 0.3279
vn 0.6679 -0.6681 0.3279
vn 0.5259 -0.7871 0.3223
vn -0.6681 0.6680 -0.3279
vn -0.7871 0.5259 -0.3223
vn -0.8728 0.3616 -0.3279
vn 0.8727 -0.3616 0.3280
vn 0.7871 -0.5259 0.3223
vn 0.6681 -0.6680 0.3279
vn -0.5773 -0.5773 0.5774
vn -0.5773 0.5773 -0.5774
vn -0.5774 -0.5774 -0.5774
vn -0.5774 0.5774 0.5774
vn 0.5774 -0.5774 -0.5774
vn 0.5773 0.5773 -0.5774
vn 0.5773 -0.5773 0.5774
vn 0.5774 0.5774 0.5774
vn 0.5773 0.5773 0.5774
vn 0.5774 -0.5774 0.5774
vn -0.5773 -0.5773 -0.5774
vn -0.5774 0.5774 -0.5774
vn 0.5774 0.5774 -0.5774
vn -0.5774 -0.5774 0.5774
vn 0.5773 -0.5773 -0.5774
vn -0.5773 0.5773 0.5774
vn -0.6744 -0.3015 -0.6741
vn -0.9284 -0.1847 0.3223
vn 0.9284 0.1847 -0.3223
vn -0.9284 0.1847 0.3223
vn -0.9447 0.0001 0.3279
vn 0.8729 -0.3613 -0.3279
vn 0.9284 -0.1847 -0.3223
vn -0.7871 0.5259 0.3223
vn -0.6681 0.6680 0.3279
vn -0.8727 0.3616 0.3280
vn 0.8727 -0.3617 -0.3279
vn 0.6680 -0.6679 -0.3280
vn -0.3616 0.8728 0.3279
vn -0.6679 0.6681 0.3279
vn 0.6678 -0.6682 -0.3279
vn 0.3616 -0.8728 -0.3279
vn 0.0002 -0.9447 -0.3280
vn -0.0002 -0.9447 -0.3279
vn 0.6678 0.6682 0.3279
vn 0.3616 0.8728 0.3279
vn -0.3616 -0.8728 -0.3279
vn 0.8727 0.3617 0.3279
vn 0.6680 0.6679 0.3280
vn -0.6681 -0.6680 -0.3279
vn -0.8727 -0.3617 -0.3280
vn -0.7871 -0.5259 -0.3223
vn 0.8729 0.3613 0.3279
vn 0.9285 0.1846 0.3223
vn -0.9285 -0.1846 -0.3223
vn -0.9447 -0.0001 -0.3279
vn 0.9285 -0.1846 0.3223
vn -0.9285 0.1846 -0.3223
vn 0.6681 -0.6679 0.3279
vn 0.8728 -0.3616 0.3279
vn 0.7871 -0.5260 0.3223
vn -0.7871 0.5260 -0.3223
vn -0.6681 0.6679 -0.3279
vn 0.6679 -0.6681 0.3280
vn -0.6680 0.6681 -0.3279
vn -0.3616 0.8727 -0.3280
vn 0.3614 -0.8728 0.3279
vn -0.0001 0.9447 -0.3279
vn -0.0001 -0.9447 0.3279
vn -0.6679 -0.6681 0.3279
vn -0.3616 -0.8728 0.3280
vn 0.6679 0.6681 -0.3280
vn -0.6681 -0.6679 0.3279
vn -0.7871 -0.5260 0.3223
vn 0.7871 0.5260 -0.3223
vn -0.8074 -0.4482 0.3838
vn -0.9659 -0.1294 0.2241
vn -0.5259 -0.6987 0.4850
vn -0.9774 0.2091 0.0304
vn -0.1644 -0.8429 0.5124
vn -0.8401 0.5157 -0.1680
vn 0.2222 -0.8587 0.4617
vn -0.5749 0.7439 -0.3408
vn 0.5749 -0.7439 0.3408
vn -0.2222 0.8587 -0.4617
vn 0.8401 -0.5157 0.1680
vn 0.1644 0.8429 -0.5124
vn 0.9774 -0.2091 -0.0304
vn 0.5259 0.6987 -0.4850
vn 0.9659 0.1294 -0.2241
vn 0.8074 0.4482 -0.3838
vn -0.1327 -0.4958 -0.8582
vn 0.1328 0.4958 0.8582
vn 0.1327 0.4958 0.8582
vn -0.8857 -0.1396 -0.4428
vn -0.8660 0.2500 -0.4330
vn -0.7705 -0.5079 -0.3852
vn -0.7145 0.6015 -0.3573
vn -0.5380 -0.7989 -0.2690
vn -0.4543 0.8614 -0.2271
vn -0.2236 -0.9682 -0.1118
vn -0.1248 0.9902 -0.0624
vn 0.1248 -0.9902 0.0624
vn 0.2236 0.9682 0.1118
vn 0.4543 -0.8614 0.2271
vn 0.5380 0.7989 0.2690
vn 0.7145 -0.6015 0.3573
vn 0.7705 0.5079 0.3852
vn 0.8660 -0.2500 0.4330
vn 0.8857 0.1396 0.4428
vn 0.4473 -0.0000 -0.8944
vn 0.4472 -0.0000 -0.8944
vn -0.4472 -0.0000 0.8944
vn 0.4598 -0.4510 0.7650
vn 0.6771 -0.1294 0.7244
vn 0.1726 -0.7039 0.6890
vn 0.7912 0.2119 0.5736
vn -0.1409 -0.8496 0.5082
vn 0.7850 0.5209 0.3355
vn -0.4330 -0.8660 0.2500
vn 0.6592 0.7506 0.0463
vn -0.6592 -0.7506 -0.0463
vn 0.4330 0.8660 -0.2500
vn -0.7850 -0.5209 -0.3355
vn 0.1409 0.8496 -0.5082
vn -0.7912 -0.2119 -0.5736
vn -0.1726 0.7039 -0.6890
vn -0.6771 0.1294 -0.7244
vn -0.4598 0.4510 -0.7650
vn -0.5950 0.4830 0.6424
vn 0.5950 -0.4830 -0.6424
vn 0.5951 -0.4830 -0.6424
vn 0.0593 -0.1396 0.9884
vn 0.0580 0.2500 0.9665
vn 0.0516 -0.5079 0.8599
vn 0.0479 0.6015 0.7974
vn 0.0360 -0.7989 0.6004
vn 0.0304 0.8614 0.5070
vn 0.0150 -0.9682 0.2495
vn 0.0150 -0.9682 0.2496
vn 0.0084 0.9902 0.1393
vn -0.0084 -0.9902 -0.1393
vn -0.0150 0.9682 -0.2495
vn -0.0304 -0.8614 -0.5070
vn -0.0360 0.7989 -0.6004
vn -0.0479 -0.6015 -0.7974
vn -0.0516 0.5079 -0.8599
vn -0.0580 -0.2500 -0.9665
vn -0.0593 0.1396 -0.9884
vn -0.9982 -0.0000 0.0599
vn 0.9982 -0.0000 -0.0599
vn -0.0150 0.9682 -0.2496
vn -0.1328 -0.4958 -0.8582
vn -0.4473 -0.0000 0.8944
vn -0.5951 0.4830 0.6424
vt 0.840179 0.605436
vt 0.849129 0.591498
vt 0.854463 0.598813
vt 0.837583 0.601945
vt 0.896244 0.603300
vt 0.893490 0.606668
vt 0.885193 0.592331
vt 0.879527 0.599392
vt 0.841661 0.586061
vt 0.833967 0.599401
vt 0.899974 0.600926
vt 0.892904 0.587245
vt 0.862904 0.594646
vt 0.855808 0.585115
vt 0.871287 0.594840
vt 0.878816 0.585646
vt 0.841505 0.609543
vt 0.857087 0.607354
vt 0.891975 0.610709
vt 0.876511 0.607802
vt 0.826996 0.611542
vt 0.906377 0.613376
vt 0.832695 0.583192
vt 0.829685 0.598055
vt 0.904313 0.599779
vt 0.901993 0.584793
vt 0.846078 0.578167
vt 0.888856 0.579155
vt 0.866600 0.605993
vt 0.867071 0.606004
vt 0.856955 0.616304
vt 0.841350 0.613861
vt 0.891931 0.615029
vt 0.876229 0.616750
vt 0.823138 0.583057
vt 0.825158 0.598042
vt 0.908836 0.599975
vt 0.911547 0.585099
vt 0.834506 0.574257
vt 0.900597 0.575784
vt 0.866238 0.617923
vt 0.866882 0.617938
vt 0.853883 0.624877
vt 0.839796 0.617940
vt 0.893295 0.619176
vt 0.878903 0.625455
vt 0.820795 0.599263
vt 0.813943 0.585717
vt 0.920608 0.588181
vt 0.913139 0.601397
vt 0.822033 0.573969
vt 0.913070 0.576072
vt 0.862134 0.629077
vt 0.870466 0.629269
vt 0.848007 0.632057
vt 0.836997 0.621377
vt 0.895932 0.622739
vt 0.884441 0.632899
vt 0.817020 0.601708
vt 0.806051 0.590925
vt 0.928252 0.593748
vt 0.916796 0.604013
vt 0.809996 0.577410
vt 0.924935 0.580065
vt 0.854633 0.638775
vt 0.877512 0.639304
vt 0.840165 0.637374
vt 0.833221 0.623848
vt 0.899590 0.625381
vt 0.892029 0.638572
vt 0.814211 0.605133
vt 0.800227 0.598155
vt 0.933736 0.601239
vt 0.919445 0.607564
vt 0.799640 0.584223
vt 0.934965 0.587349
vt 0.844193 0.645707
vt 0.887621 0.646711
vt 0.830980 0.640099
vt 0.828843 0.625100
vt 0.903906 0.626834
vt 0.901078 0.641719
vt 0.812643 0.609202
vt 0.797038 0.606687
vt 0.936527 0.609909
vt 0.920823 0.611701
vt 0.791967 0.593706
vt 0.942192 0.597177
vt 0.832133 0.649192
vt 0.899506 0.650749
vt 0.821383 0.640021
vt 0.824301 0.625005
vt 0.908447 0.626949
vt 0.910668 0.642084
vt 0.812472 0.613521
vt 0.796842 0.615666
vt 0.936308 0.618888
vt 0.920794 0.616023
vt 0.787690 0.604954
vt 0.945945 0.608610
vt 0.819671 0.648963
vt 0.911966 0.651095
vt 0.820010 0.623673
vt 0.812377 0.636980
vt 0.919805 0.639462
vt 0.912795 0.625816
vt 0.799433 0.624263
vt 0.813792 0.617636
vt 0.933323 0.627357
vt 0.919286 0.620073
vt 0.787262 0.616976
vt 0.945818 0.620639
vt 0.807854 0.645183
vt 0.923945 0.647865
vt 0.816392 0.621135
vt 0.804756 0.631670
vt 0.927664 0.634510
vt 0.916526 0.623449
vt 0.790936 0.628393
vt 0.941620 0.631874
vt 0.797993 0.637981
vt 0.934128 0.641126
vt 0.816503 0.845715
vt 0.827305 0.853135
vt 0.818056 0.856119
vt 0.822566 0.843746
vt 0.822566 0.731599
vt 0.816503 0.729629
vt 0.827305 0.722210
vt 0.818056 0.719226
vt 0.827750 0.840175
vt 0.834883 0.847471
vt 0.834883 0.727873
vt 0.827750 0.735170
vt 0.818895 0.861493
vt 0.829781 0.857768
vt 0.829781 0.717576
vt 0.818895 0.713851
vt 0.809964 0.845623
vt 0.808078 0.855928
vt 0.809964 0.729721
vt 0.808078 0.719417
vt 0.815643 0.838598
vt 0.819541 0.837365
vt 0.819541 0.737980
vt 0.815643 0.736747
vt 0.831617 0.835097
vt 0.840320 0.839849
vt 0.840320 0.735496
vt 0.831617 0.740247
vt 0.838443 0.850898
vt 0.838443 0.724447
vt 0.822829 0.835024
vt 0.822829 0.740321
vt 0.807016 0.861493
vt 0.807016 0.713851
vt 0.803636 0.843387
vt 0.798555 0.852512
vt 0.798555 0.722833
vt 0.803636 0.731958
vt 0.811352 0.838484
vt 0.811352 0.736861
vt 0.843611 0.830822
vt 0.833665 0.828835
vt 0.843611 0.744522
vt 0.833665 0.746510
vt 0.844794 0.842197
vt 0.844794 0.733148
vt 0.825323 0.831615
vt 0.825323 0.743730
vt 0.795856 0.857139
vt 0.795856 0.718206
vt 0.798220 0.839218
vt 0.790662 0.846213
vt 0.790662 0.729132
vt 0.798220 0.736126
vt 0.807179 0.836950
vt 0.807179 0.738394
vt 0.844034 0.820836
vt 0.833728 0.822039
vt 0.844034 0.754508
vt 0.833728 0.753306
vt 0.848649 0.831811
vt 0.848649 0.743534
vt 0.826546 0.827459
vt 0.826546 0.747886
vt 0.786789 0.849677
vt 0.786789 0.725668
vt 0.794277 0.833566
vt 0.785132 0.837856
vt 0.785132 0.737488
vt 0.794277 0.741779
vt 0.803576 0.834157
vt 0.803576 0.741188
vt 0.841141 0.810872
vt 0.831644 0.815387
vt 0.841141 0.764472
vt 0.831644 0.759958
vt 0.849294 0.820237
vt 0.849294 0.755108
vt 0.826441 0.822974
vt 0.826441 0.752371
vt 0.780515 0.839965
vt 0.780515 0.735380
vt 0.792158 0.827029
vt 0.782408 0.828382
vt 0.782408 0.746963
vt 0.792158 0.748316
vt 0.800911 0.830416
vt 0.800911 0.744928
vt 0.835191 0.802254
vt 0.827586 0.809656
vt 0.835191 0.773091
vt 0.827586 0.765689
vt 0.846189 0.808475
vt 0.846189 0.766870
vt 0.824957 0.818634
vt 0.824957 0.756711
vt 0.777461 0.829099
vt 0.777461 0.746245
vt 0.782325 0.818718
vt 0.792277 0.820279
vt 0.782325 0.756626
vt 0.792277 0.755065
vt 0.799479 0.826085
vt 0.799479 0.749259
vt 0.827037 0.796105
vt 0.822049 0.805630
vt 0.827037 0.779240
vt 0.822049 0.769715
vt 0.839028 0.798507
vt 0.839028 0.776838
vt 0.822242 0.814893
vt 0.822242 0.760452
vt 0.777465 0.818084
vt 0.777465 0.757261
vt 0.785242 0.809530
vt 0.794353 0.814076
vt 0.785242 0.765815
vt 0.794353 0.761269
vt 0.799360 0.821622
vt 0.799360 0.753722
vt 0.815862 0.803277
vt 0.817456 0.793184
vt 0.817456 0.782161
vt 0.815862 0.772067
vt 0.829426 0.791559
vt 0.829426 0.783785
vt 0.818769 0.812003
vt 0.818769 0.763342
vt 0.780376 0.807210
vt 0.780376 0.768135
vt 0.790799 0.801588
vt 0.798111 0.808918
vt 0.798111 0.766427
vt 0.790799 0.773757
vt 0.800569 0.817442
vt 0.800569 0.757902
vt 0.807724 0.792968
vt 0.809328 0.803267
vt 0.807724 0.782377
vt 0.809328 0.772077
vt 0.818363 0.787786
vt 0.818363 0.787558
vt 0.814580 0.810508
vt 0.814580 0.764837
vt 0.786993 0.797866
vt 0.786993 0.777479
vt 0.798562 0.795850
vt 0.803293 0.805284
vt 0.803293 0.770061
vt 0.798562 0.779494
vt 0.803053 0.813985
vt 0.803053 0.761360
vt 0.806981 0.787910
vt 0.806981 0.787434
vt 0.810300 0.810411
vt 0.810300 0.764934
vt 0.796200 0.791129
vt 0.796200 0.784216
vt 0.806373 0.811626
vt 0.806373 0.763718
vt 0.712680 0.750351
vt 0.696713 0.752722
vt 0.704496 0.750188
vt 0.720464 0.753196
vt 0.690092 0.757706
vt 0.727084 0.758444
vt 0.685282 0.764651
vt 0.731895 0.765581
vt 0.682753 0.772878
vt 0.734424 0.773909
vt 0.682753 0.781582
vt 0.685282 0.789910
vt 0.734424 0.782613
vt 0.731895 0.790840
vt 0.690092 0.797047
vt 0.696713 0.802295
vt 0.727085 0.797786
vt 0.720464 0.802769
vt 0.704496 0.805140
vt 0.712680 0.805304
vt 0.712680 0.860682
vt 0.704496 0.860518
vt 0.720464 0.858148
vt 0.727085 0.853164
vt 0.696713 0.857674
vt 0.690092 0.852426
vt 0.731895 0.846218
vt 0.734424 0.837991
vt 0.685282 0.845288
vt 0.682753 0.836960
vt 0.734424 0.829288
vt 0.731895 0.820959
vt 0.682753 0.828256
vt 0.727084 0.813822
vt 0.685282 0.820029
vt 0.720464 0.808574
vt 0.690092 0.813084
vt 0.712680 0.805729
vt 0.696713 0.808100
vt 0.704496 0.805566
vt 0.630987 0.841195
vt 0.632332 0.850105
vt 0.629779 0.841363
vt 0.633440 0.849604
vt 0.637188 0.857643
vt 0.638096 0.856843
vt 0.630920 0.832440
vt 0.629719 0.832259
vt 0.652119 0.865147
vt 0.667860 0.862780
vt 0.660156 0.865361
vt 0.644525 0.862203
vt 0.674306 0.857742
vt 0.678857 0.850812
vt 0.681288 0.842556
vt 0.681281 0.833797
vt 0.678770 0.825397
vt 0.633312 0.824202
vt 0.674075 0.818150
vt 0.667542 0.812796
vt 0.637764 0.817300
vt 0.644017 0.812315
vt 0.659753 0.809850
vt 0.651594 0.809704
vt 0.643911 0.863240
vt 0.632231 0.823688
vt 0.636918 0.816522
vt 0.643438 0.811275
vt 0.651391 0.808506
vt 0.659986 0.808606
vt 0.668158 0.811736
vt 0.674984 0.817339
vt 0.679879 0.824889
vt 0.682490 0.833629
vt 0.682490 0.842744
vt 0.679941 0.851336
vt 0.675160 0.858540
vt 0.668448 0.863884
vt 0.660323 0.866563
vt 0.651876 0.866327
vt 0.678769 0.791285
vt 0.681223 0.782876
vt 0.679878 0.791786
vt 0.682430 0.783044
vt 0.674113 0.798524
vt 0.675021 0.799324
vt 0.681289 0.774122
vt 0.682490 0.773940
vt 0.660615 0.751385
vt 0.668192 0.753996
vt 0.652457 0.751531
vt 0.644667 0.754477
vt 0.674445 0.758981
vt 0.678898 0.765883
vt 0.638135 0.759831
vt 0.633439 0.767078
vt 0.630928 0.775478
vt 0.630922 0.784237
vt 0.633353 0.792493
vt 0.637903 0.799423
vt 0.667685 0.803885
vt 0.644350 0.804461
vt 0.660090 0.806828
vt 0.652053 0.807042
vt 0.668298 0.804921
vt 0.679978 0.765369
vt 0.675291 0.758204
vt 0.668771 0.752957
vt 0.660818 0.750188
vt 0.652223 0.750287
vt 0.644052 0.753417
vt 0.637226 0.759020
vt 0.632330 0.766570
vt 0.629719 0.775310
vt 0.629719 0.784425
vt 0.632268 0.793017
vt 0.637049 0.800221
vt 0.643762 0.805565
vt 0.651887 0.808244
vt 0.660333 0.808008
vt 0.554994 0.487624
vt 0.650718 0.589730
vt 0.554994 0.589730
vt 0.650718 0.487624
vt 0.586826 0.862031
vt 0.592507 0.759925
vt 0.592507 0.862031
vt 0.586826 0.759925
vt 0.561855 0.759933
vt 0.567535 0.855658
vt 0.561855 0.855658
vt 0.567535 0.759933
vt 0.619650 0.759924
vt 0.613970 0.862030
vt 0.613970 0.759924
vt 0.619650 0.862030
vt 0.572351 0.759933
vt 0.578031 0.855658
vt 0.572351 0.855658
vt 0.578031 0.759933
vt 0.554994 0.385047
vt 0.650719 0.487153
vt 0.554994 0.487153
vt 0.650718 0.385047
vt 0.748216 0.373116
vt 0.843941 0.373116
vt 0.748216 0.475222
vt 0.843941 0.475222
vt 0.605646 0.862030
vt 0.605646 0.759924
vt 0.611326 0.862030
vt 0.611326 0.759924
vt 0.553531 0.759934
vt 0.559211 0.759934
vt 0.553531 0.855658
vt 0.559211 0.855658
vt 0.600830 0.759924
vt 0.600830 0.862030
vt 0.595150 0.759924
vt 0.595150 0.862030
vt 0.580675 0.759933
vt 0.586355 0.759933
vt 0.580675 0.855658
vt 0.586355 0.855658
vt 0.853856 0.366730
vt 0.949580 0.366730
vt 0.853856 0.468836
vt 0.949580 0.468836
vt 0.726343 0.633998
vt 0.725871 0.633998
vt 0.733015 0.450430
vt 0.729676 0.448167
vt 0.729090 0.450286
vt 0.725825 0.447946
vt 0.730118 0.446324
vt 0.729447 0.448484
vt 0.684868 0.450428
vt 0.688207 0.448166
vt 0.688437 0.448483
vt 0.692058 0.447946
vt 0.687766 0.446324
vt 0.688794 0.450283
vt 0.692058 0.633526
vt 0.687246 0.633141
vt 0.688833 0.633536
vt 0.729036 0.633526
vt 0.730692 0.633126
vt 0.725825 0.633518
vt 0.688120 0.630733
vt 0.729818 0.630724
vt 0.728961 0.633003
vt 0.688977 0.633004
vt 0.733677 0.633360
vt 0.730527 0.633391
vt 0.687343 0.633398
vt 0.684206 0.633368
vt 0.729740 0.633374
vt 0.688143 0.633382
vt 0.688121 0.630709
vt 0.729818 0.630701
vt 0.729761 0.633509
vt 0.688119 0.633517
vt 0.716368 0.450430
vt 0.713029 0.448167
vt 0.712442 0.450286
vt 0.709178 0.447946
vt 0.713470 0.446324
vt 0.712799 0.448484
vt 0.693192 0.450428
vt 0.696531 0.448166
vt 0.696760 0.448483
vt 0.700382 0.447946
vt 0.696090 0.446324
vt 0.697118 0.450283
vt 0.700382 0.633526
vt 0.695570 0.633141
vt 0.697157 0.633535
vt 0.712388 0.633527
vt 0.714045 0.633126
vt 0.709178 0.633518
vt 0.696444 0.630732
vt 0.713170 0.630725
vt 0.712314 0.633003
vt 0.697301 0.633004
vt 0.717030 0.633360
vt 0.713879 0.633391
vt 0.695667 0.633398
vt 0.692530 0.633368
vt 0.713093 0.633374
vt 0.696467 0.633382
vt 0.696445 0.630709
vt 0.713170 0.630701
vt 0.713113 0.633510
vt 0.696443 0.633517
vt 0.708044 0.450430
vt 0.704705 0.448167
vt 0.704118 0.450286
vt 0.700854 0.447946
vt 0.705146 0.446324
vt 0.704476 0.448484
vt 0.668220 0.450428
vt 0.671560 0.448166
vt 0.671789 0.448483
vt 0.675411 0.447946
vt 0.671118 0.446324
vt 0.672146 0.450283
vt 0.675411 0.633527
vt 0.670599 0.633142
vt 0.672185 0.633536
vt 0.704065 0.633527
vt 0.705721 0.633127
vt 0.700854 0.633519
vt 0.671473 0.630733
vt 0.704846 0.630725
vt 0.703990 0.633004
vt 0.672329 0.633005
vt 0.708706 0.633361
vt 0.705556 0.633392
vt 0.670695 0.633399
vt 0.667559 0.633369
vt 0.704769 0.633374
vt 0.671495 0.633382
vt 0.671473 0.630709
vt 0.704846 0.630701
vt 0.704789 0.633510
vt 0.671471 0.633518
vt 0.718019 0.633998
vt 0.707006 0.633999
vt 0.724692 0.450430
vt 0.721352 0.448167
vt 0.720766 0.450286
vt 0.717501 0.447946
vt 0.721794 0.446324
vt 0.721123 0.448484
vt 0.676544 0.450428
vt 0.679883 0.448166
vt 0.680113 0.448483
vt 0.683735 0.447946
vt 0.679442 0.446324
vt 0.680470 0.450283
vt 0.683735 0.633527
vt 0.678923 0.633141
vt 0.680509 0.633536
vt 0.720712 0.633526
vt 0.722368 0.633126
vt 0.717501 0.633518
vt 0.679797 0.630733
vt 0.721494 0.630724
vt 0.720638 0.633003
vt 0.680653 0.633004
vt 0.725354 0.633360
vt 0.722203 0.633391
vt 0.679019 0.633398
vt 0.675882 0.633368
vt 0.721417 0.633374
vt 0.679819 0.633382
vt 0.679797 0.630709
vt 0.721494 0.630701
vt 0.721437 0.633509
vt 0.679795 0.633518
vt 0.707477 0.633999
vt 0.693048 0.634007
vt 0.692576 0.634007
vt 0.684724 0.634007
vt 0.684252 0.634007
vt 0.682034 0.634007
vt 0.682506 0.634007
vt 0.673710 0.634008
vt 0.125239 0.637080
vt 0.105298 0.638439
vt 0.115133 0.635777
vt 0.097231 0.644662
vt 0.134077 0.642151
vt 0.092159 0.653500
vt 0.140300 0.650220
vt 0.090855 0.663605
vt 0.142963 0.660054
vt 0.093518 0.673440
vt 0.141659 0.670161
vt 0.136587 0.678997
vt 0.099741 0.681508
vt 0.108578 0.686580
vt 0.128520 0.685221
vt 0.118684 0.687884
vt 0.149225 0.698103
vt 0.155448 0.706171
vt 0.140387 0.693032
vt 0.158111 0.716006
vt 0.130282 0.691728
vt 0.120446 0.694390
vt 0.156808 0.726111
vt 0.151737 0.734950
vt 0.112379 0.700614
vt 0.143669 0.741173
vt 0.107307 0.709452
vt 0.133834 0.743836
vt 0.106004 0.719558
vt 0.123728 0.742533
vt 0.108666 0.729393
vt 0.114891 0.737460
vt 0.684025 0.428343
vt 0.683668 0.433902
vt 0.683312 0.428343
vt 0.715341 0.404192
vt 0.715341 0.409761
vt 0.714630 0.404237
vt 0.681141 0.403729
vt 0.681141 0.398159
vt 0.681853 0.398205
vt 0.706113 0.398196
vt 0.706824 0.398151
vt 0.706824 0.403721
vt 0.683313 0.409770
vt 0.683313 0.404200
vt 0.684025 0.404246
vt 0.672818 0.404247
vt 0.673529 0.404201
vt 0.673529 0.409771
vt 0.692349 0.409770
vt 0.691637 0.404246
vt 0.692349 0.404200
vt 0.681140 0.434373
vt 0.681853 0.434373
vt 0.681497 0.439932
vt 0.683668 0.439932
vt 0.683312 0.434373
vt 0.684025 0.434373
vt 0.683313 0.398159
vt 0.684025 0.398205
vt 0.683313 0.403729
vt 0.673529 0.403730
vt 0.672818 0.398205
vt 0.673529 0.398160
vt 0.681141 0.410288
vt 0.681853 0.410242
vt 0.681853 0.415812
vt 0.716964 0.433904
vt 0.716607 0.428346
vt 0.717320 0.428346
vt 0.681141 0.404246
vt 0.681853 0.404201
vt 0.681853 0.409770
vt 0.706113 0.409762
vt 0.706113 0.404192
vt 0.706824 0.404238
vt 0.713447 0.404192
vt 0.714159 0.404237
vt 0.713447 0.409761
vt 0.691636 0.434373
vt 0.692349 0.434373
vt 0.691992 0.439932
vt 0.681497 0.433902
vt 0.681140 0.428343
vt 0.681853 0.428343
vt 0.713447 0.398150
vt 0.714159 0.398196
vt 0.713447 0.403720
vt 0.714987 0.433904
vt 0.714630 0.428346
vt 0.715343 0.428346
vt 0.706111 0.428346
vt 0.706824 0.428346
vt 0.706468 0.433905
vt 0.725644 0.421844
vt 0.724932 0.416320
vt 0.725644 0.416274
vt 0.717320 0.409761
vt 0.716609 0.404237
vt 0.717320 0.404191
vt 0.691636 0.428343
vt 0.692349 0.428343
vt 0.691992 0.433902
vt 0.706824 0.415803
vt 0.706113 0.410279
vt 0.706824 0.410233
vt 0.716609 0.392154
vt 0.717320 0.392109
vt 0.717320 0.397679
vt 0.673173 0.433902
vt 0.672816 0.428344
vt 0.673529 0.428344
vt 0.713447 0.410279
vt 0.714159 0.410233
vt 0.714159 0.415803
vt 0.714630 0.421844
vt 0.714630 0.416274
vt 0.715341 0.416320
vt 0.716609 0.416320
vt 0.717320 0.416274
vt 0.717320 0.421844
vt 0.692349 0.398159
vt 0.692349 0.403729
vt 0.691637 0.398205
vt 0.714159 0.416320
vt 0.713447 0.421844
vt 0.713447 0.416274
vt 0.674182 0.634008
vt 0.723989 0.392580
vt 0.724461 0.392580
vt 0.716137 0.392580
vt 0.705124 0.392581
vt 0.705595 0.392581
vt 0.121438 0.623047
vt 0.127815 0.604103
vt 0.126511 0.614208
vt 0.125152 0.594268
vt 0.113371 0.629270
vt 0.118928 0.586200
vt 0.103535 0.631932
vt 0.110091 0.581127
vt 0.093430 0.630628
vt 0.099986 0.579823
vt 0.084592 0.625556
vt 0.078369 0.617488
vt 0.090150 0.582486
vt 0.082082 0.588710
vt 0.075706 0.607652
vt 0.077010 0.597547
vt 0.078281 0.574676
vt 0.069443 0.569604
vt 0.088386 0.575980
vt 0.063220 0.561536
vt 0.098222 0.573317
vt 0.106290 0.567094
vt 0.060557 0.551701
vt 0.061861 0.541595
vt 0.111362 0.558256
vt 0.066933 0.532757
vt 0.112665 0.548151
vt 0.075001 0.526535
vt 0.110003 0.538315
vt 0.084835 0.523871
vt 0.103779 0.530247
vt 0.094942 0.525175
vt 0.706113 0.397633
vt 0.706824 0.392109
vt 0.706824 0.397679
vt 0.683312 0.421842
vt 0.683668 0.416283
vt 0.684025 0.421842
vt 0.683313 0.392118
vt 0.684025 0.397642
vt 0.683313 0.397688
vt 0.692349 0.397642
vt 0.691637 0.397688
vt 0.691637 0.392118
vt 0.725287 0.422315
vt 0.725644 0.427874
vt 0.724931 0.427874
vt 0.717320 0.415803
vt 0.716609 0.415757
vt 0.717320 0.410233
vt 0.714159 0.392109
vt 0.714159 0.397679
vt 0.713447 0.397633
vt 0.715341 0.415803
vt 0.714630 0.415757
vt 0.715341 0.410233
vt 0.706113 0.416275
vt 0.706824 0.421799
vt 0.706113 0.421845
vt 0.715342 0.397633
vt 0.714630 0.397679
vt 0.714630 0.392109
vt 0.725644 0.392108
vt 0.725644 0.397678
vt 0.724932 0.397633
vt 0.715341 0.403675
vt 0.714630 0.403720
vt 0.714630 0.398150
vt 0.691992 0.416283
vt 0.692349 0.421842
vt 0.691636 0.421842
vt 0.725644 0.403720
vt 0.724932 0.403674
vt 0.725644 0.398150
vt 0.724932 0.410233
vt 0.725644 0.415757
vt 0.724932 0.415803
vt 0.684025 0.427872
vt 0.683312 0.427872
vt 0.683668 0.422313
vt 0.715343 0.427874
vt 0.714630 0.427874
vt 0.714987 0.422316
vt 0.706468 0.422316
vt 0.706824 0.427875
vt 0.706111 0.427875
vt 0.681853 0.421842
vt 0.681140 0.421842
vt 0.681496 0.416283
vt 0.716964 0.422316
vt 0.717320 0.427874
vt 0.716607 0.427874
vt 0.692349 0.427872
vt 0.691636 0.427872
vt 0.691992 0.422313
vt 0.672818 0.392118
vt 0.673529 0.397643
vt 0.672818 0.397688
vt 0.681141 0.392118
vt 0.681853 0.397642
vt 0.681141 0.397688
vt 0.717320 0.403674
vt 0.716609 0.403720
vt 0.716609 0.398150
vt 0.725287 0.428346
vt 0.725644 0.433904
vt 0.724931 0.433904
vt 0.673529 0.415812
vt 0.672818 0.415767
vt 0.673529 0.410242
vt 0.691637 0.410242
vt 0.692349 0.415766
vt 0.691637 0.415812
vt 0.725644 0.409716
vt 0.724932 0.409761
vt 0.724932 0.404191
vt 0.684025 0.410242
vt 0.684025 0.415812
vt 0.683313 0.415766
vt 0.681853 0.427872
vt 0.681140 0.427872
vt 0.681496 0.422313
vt 0.672816 0.421842
vt 0.673173 0.416284
vt 0.673529 0.421842
vt 0.672816 0.427872
vt 0.673173 0.422314
vt 0.673529 0.427872
vt 0.334472 0.414525
vt 0.336023 0.833567
vt 0.335104 0.411567
vt 0.336473 0.829736
vt 0.333662 0.416314
vt 0.335049 0.837926
vt 0.335474 0.407458
vt 0.336633 0.826622
vt 0.333383 0.842921
vt 0.332762 0.416916
vt 0.335500 0.402217
vt 0.336289 0.824091
vt 0.331747 0.838060
vt 0.331860 0.416317
vt 0.335579 0.822229
vt 0.335101 0.395865
vt 0.330711 0.833647
vt 0.331045 0.414531
vt 0.334595 0.821083
vt 0.334197 0.388424
vt 0.330016 0.829905
vt 0.330404 0.411575
vt 0.333448 0.820692
vt 0.332709 0.379917
vt 0.329982 0.826693
vt 0.330022 0.407467
vt 0.332258 0.821080
vt 0.331246 0.388429
vt 0.330400 0.824120
vt 0.329982 0.402225
vt 0.331190 0.822234
vt 0.330363 0.395872
vt 0.108815 0.796071
vt 0.103994 0.800892
vt 0.111424 0.789772
vt 0.111424 0.782954
vt 0.097695 0.803501
vt 0.108815 0.776655
vt 0.090877 0.803501
vt 0.103994 0.771834
vt 0.084578 0.800892
vt 0.097695 0.769225
vt 0.079757 0.796071
vt 0.090877 0.769225
vt 0.077148 0.789772
vt 0.084578 0.771834
vt 0.077148 0.782954
vt 0.079757 0.776655
vt 0.090877 0.839195
vt 0.084578 0.836586
vt 0.097695 0.839195
vt 0.103994 0.836586
vt 0.079757 0.831765
vt 0.108815 0.831765
vt 0.077148 0.825466
vt 0.111424 0.825466
vt 0.077148 0.818648
vt 0.111424 0.818648
vt 0.079757 0.812349
vt 0.108815 0.812349
vt 0.084578 0.807528
vt 0.103994 0.807528
vt 0.090877 0.804919
vt 0.097695 0.804919
vt 0.348166 0.379917
vt 0.347523 0.804029
vt 0.349975 0.384356
vt 0.348421 0.804629
vt 0.346346 0.384370
vt 0.346623 0.804625
vt 0.350855 0.388779
vt 0.349228 0.806411
vt 0.345810 0.806404
vt 0.345233 0.388540
vt 0.351394 0.392520
vt 0.349858 0.809359
vt 0.345172 0.809350
vt 0.344751 0.392297
vt 0.350227 0.813455
vt 0.351455 0.395670
vt 0.344791 0.813445
vt 0.344806 0.395530
vt 0.350252 0.818678
vt 0.351076 0.398198
vt 0.344751 0.818668
vt 0.345292 0.398148
vt 0.349853 0.825009
vt 0.350331 0.400054
vt 0.345131 0.825001
vt 0.346093 0.400075
vt 0.348952 0.832424
vt 0.349316 0.401190
vt 0.346011 0.832420
vt 0.347083 0.401247
vt 0.347469 0.840903
vt 0.348138 0.401567
vt 0.116971 0.468019
vt 0.123200 0.465439
vt 0.112205 0.472785
vt 0.109625 0.479013
vt 0.129941 0.465439
vt 0.109625 0.485755
vt 0.136169 0.468019
vt 0.112205 0.491983
vt 0.140935 0.472786
vt 0.116971 0.496749
vt 0.143515 0.479014
vt 0.123199 0.499329
vt 0.143515 0.485755
vt 0.129941 0.499329
vt 0.140935 0.491983
vt 0.136168 0.496750
vt 0.165372 0.812347
vt 0.167981 0.818646
vt 0.160551 0.807526
vt 0.154252 0.804917
vt 0.167981 0.825464
vt 0.147434 0.804917
vt 0.165372 0.831763
vt 0.141135 0.807526
vt 0.160551 0.836584
vt 0.136314 0.812347
vt 0.154252 0.839194
vt 0.133705 0.818646
vt 0.147434 0.839194
vt 0.133705 0.825464
vt 0.141135 0.836584
vt 0.136314 0.831763
vt 0.297291 0.847928
vt 0.296660 0.402769
vt 0.298770 0.839332
vt 0.297791 0.402365
vt 0.295792 0.839336
vt 0.295561 0.402394
vt 0.299664 0.831814
vt 0.298829 0.401203
vt 0.294613 0.401261
vt 0.294881 0.831820
vt 0.300051 0.825397
vt 0.299624 0.399313
vt 0.293923 0.399402
vt 0.294480 0.825405
vt 0.300051 0.396727
vt 0.300011 0.820103
vt 0.293580 0.396857
vt 0.294507 0.820111
vt 0.300026 0.393494
vt 0.299627 0.815953
vt 0.293639 0.393654
vt 0.294882 0.815960
vt 0.299484 0.389646
vt 0.298981 0.812966
vt 0.293996 0.389717
vt 0.295521 0.812971
vt 0.298388 0.385174
vt 0.298159 0.811161
vt 0.295160 0.385138
vt 0.296339 0.811164
vt 0.296735 0.379917
vt 0.297248 0.810556
vt 0.123199 0.394857
vt 0.129940 0.394857
vt 0.116971 0.397437
vt 0.112205 0.402203
vt 0.136168 0.397437
vt 0.109625 0.408432
vt 0.140935 0.402203
vt 0.109625 0.415173
vt 0.143515 0.408431
vt 0.112205 0.421401
vt 0.143515 0.415172
vt 0.116972 0.426167
vt 0.140935 0.421400
vt 0.123199 0.428747
vt 0.136169 0.426167
vt 0.129941 0.428747
vt 0.200522 0.428747
vt 0.193781 0.428747
vt 0.206750 0.426167
vt 0.211517 0.421400
vt 0.187553 0.426167
vt 0.214097 0.415173
vt 0.182787 0.421400
vt 0.214097 0.408431
vt 0.180207 0.415173
vt 0.211517 0.402203
vt 0.180207 0.408431
vt 0.206750 0.397437
vt 0.182787 0.402203
vt 0.200522 0.394857
vt 0.187553 0.397437
vt 0.193781 0.394857
vt 0.310717 0.416944
vt 0.311301 0.843298
vt 0.311618 0.416341
vt 0.312973 0.838318
vt 0.309814 0.416344
vt 0.309664 0.838413
vt 0.312428 0.414552
vt 0.314054 0.833962
vt 0.308628 0.833977
vt 0.308999 0.414556
vt 0.313061 0.411592
vt 0.314571 0.830181
vt 0.307936 0.830213
vt 0.308358 0.411598
vt 0.314572 0.826994
vt 0.313431 0.407479
vt 0.308077 0.826884
vt 0.307976 0.407486
vt 0.314127 0.824446
vt 0.313457 0.402234
vt 0.308467 0.824322
vt 0.307936 0.402241
vt 0.313333 0.822569
vt 0.313057 0.395877
vt 0.309170 0.822469
vt 0.308318 0.395883
vt 0.312317 0.821402
vt 0.312153 0.388431
vt 0.310116 0.821349
vt 0.309201 0.388434
vt 0.311204 0.820988
vt 0.310665 0.379917
vt 0.094650 0.430148
vt 0.100878 0.432728
vt 0.087909 0.430148
vt 0.081681 0.432728
vt 0.105645 0.437494
vt 0.076914 0.437494
vt 0.108224 0.443723
vt 0.074334 0.443722
vt 0.108224 0.450464
vt 0.074334 0.450463
vt 0.105644 0.456692
vt 0.076914 0.456692
vt 0.100878 0.461458
vt 0.081680 0.461458
vt 0.094649 0.464038
vt 0.087908 0.464038
vt 0.171460 0.496750
vt 0.165232 0.499329
vt 0.176226 0.491983
vt 0.178806 0.485755
vt 0.158491 0.499329
vt 0.178806 0.479014
vt 0.152262 0.496750
vt 0.176226 0.472786
vt 0.147496 0.491983
vt 0.171460 0.468019
vt 0.144916 0.485755
vt 0.165232 0.465439
vt 0.144916 0.479014
vt 0.158491 0.465439
vt 0.147496 0.472786
vt 0.152262 0.468019
vt 0.323232 0.833567
vt 0.324152 0.411567
vt 0.322783 0.829736
vt 0.324784 0.414525
vt 0.324207 0.837926
vt 0.325594 0.416314
vt 0.323782 0.407458
vt 0.322623 0.826622
vt 0.326494 0.416916
vt 0.325873 0.842922
vt 0.323756 0.402217
vt 0.322967 0.824091
vt 0.327396 0.416317
vt 0.327509 0.838060
vt 0.323677 0.822229
vt 0.324155 0.395865
vt 0.328211 0.414531
vt 0.328545 0.833647
vt 0.324661 0.821083
vt 0.325059 0.388424
vt 0.328852 0.411575
vt 0.329240 0.829905
vt 0.325808 0.820692
vt 0.326547 0.379917
vt 0.329274 0.826693
vt 0.329234 0.407467
vt 0.326998 0.821080
vt 0.328010 0.388429
vt 0.328856 0.824121
vt 0.329274 0.402225
vt 0.328893 0.395872
vt 0.328065 0.822234
vt 0.341272 0.804029
vt 0.338820 0.384356
vt 0.340374 0.804629
vt 0.340629 0.379917
vt 0.342172 0.804625
vt 0.342449 0.384370
vt 0.337941 0.388779
vt 0.339567 0.806411
vt 0.343562 0.388540
vt 0.342985 0.806404
vt 0.337402 0.392520
vt 0.338937 0.809359
vt 0.344044 0.392297
vt 0.343623 0.809350
vt 0.338568 0.813455
vt 0.337340 0.395670
vt 0.343989 0.395531
vt 0.344004 0.813445
vt 0.338543 0.818678
vt 0.337719 0.398198
vt 0.343503 0.398148
vt 0.344044 0.818669
vt 0.338942 0.825009
vt 0.338464 0.400054
vt 0.343664 0.825001
vt 0.342703 0.400075
vt 0.339844 0.832424
vt 0.339479 0.401190
vt 0.342784 0.832420
vt 0.341712 0.401247
vt 0.340657 0.401567
vt 0.341327 0.840903
vt 0.304149 0.402769
vt 0.302038 0.839331
vt 0.303017 0.402365
vt 0.303517 0.847928
vt 0.305248 0.402394
vt 0.305017 0.839336
vt 0.301145 0.831814
vt 0.301980 0.401203
vt 0.305927 0.831820
vt 0.306196 0.401261
vt 0.300758 0.825396
vt 0.301185 0.399313
vt 0.306329 0.825404
vt 0.306885 0.399402
vt 0.300758 0.396727
vt 0.300797 0.820102
vt 0.306301 0.820110
vt 0.307228 0.396857
vt 0.300783 0.393494
vt 0.301181 0.815952
vt 0.305926 0.815960
vt 0.307169 0.393654
vt 0.301324 0.389646
vt 0.301827 0.812966
vt 0.306813 0.389717
vt 0.305287 0.812971
vt 0.302421 0.385174
vt 0.302649 0.811161
vt 0.305648 0.385138
vt 0.304469 0.811164
vt 0.303560 0.810555
vt 0.304074 0.379917
vt 0.318550 0.843298
vt 0.318233 0.416341
vt 0.316878 0.838318
vt 0.319134 0.416944
vt 0.320188 0.838413
vt 0.320037 0.416344
vt 0.317423 0.414552
vt 0.315797 0.833962
vt 0.320852 0.414556
vt 0.321224 0.833977
vt 0.316790 0.411592
vt 0.315281 0.830180
vt 0.321493 0.411598
vt 0.321915 0.830213
vt 0.315279 0.826994
vt 0.316420 0.407479
vt 0.321875 0.407486
vt 0.321774 0.826884
vt 0.315724 0.824446
vt 0.316394 0.402234
vt 0.321915 0.402240
vt 0.321385 0.824321
vt 0.316518 0.822569
vt 0.316794 0.395877
vt 0.320681 0.822469
vt 0.321534 0.395883
vt 0.317534 0.821402
vt 0.317699 0.388431
vt 0.319735 0.821349
vt 0.320650 0.388434
vt 0.319186 0.379917
vt 0.318647 0.820988
vt 0.133705 0.789771
vt 0.141135 0.800891
vt 0.136314 0.796069
vt 0.133705 0.782952
vt 0.147434 0.803500
vt 0.136314 0.776653
vt 0.154252 0.803500
vt 0.141135 0.771832
vt 0.160551 0.800891
vt 0.147434 0.769223
vt 0.165372 0.796070
vt 0.154252 0.769223
vt 0.167981 0.789771
vt 0.160551 0.771832
vt 0.167981 0.782953
vt 0.165372 0.776653
vt 0.197754 0.788376
vt 0.184637 0.790985
vt 0.190936 0.788376
vt 0.204053 0.790985
vt 0.179816 0.795806
vt 0.208874 0.795806
vt 0.177207 0.802105
vt 0.211484 0.802105
vt 0.177207 0.808923
vt 0.211484 0.808923
vt 0.179816 0.815222
vt 0.208874 0.815222
vt 0.184637 0.820043
vt 0.204053 0.820043
vt 0.190936 0.822652
vt 0.197754 0.822652
vt 0.100878 0.468019
vt 0.087908 0.465439
vt 0.094649 0.465439
vt 0.105644 0.472786
vt 0.081680 0.468019
vt 0.108224 0.479014
vt 0.076914 0.472786
vt 0.108224 0.485755
vt 0.074334 0.479014
vt 0.105644 0.491983
vt 0.074334 0.485755
vt 0.100878 0.496750
vt 0.076914 0.491983
vt 0.094650 0.499329
vt 0.081680 0.496750
vt 0.087908 0.499329
vt 0.241193 0.790983
vt 0.233763 0.802103
vt 0.236372 0.795804
vt 0.247492 0.788374
vt 0.233763 0.808921
vt 0.254310 0.788374
vt 0.236372 0.815220
vt 0.260609 0.790983
vt 0.241194 0.820041
vt 0.265431 0.795804
vt 0.247493 0.822651
vt 0.268040 0.802103
vt 0.254311 0.822651
vt 0.268040 0.808921
vt 0.260610 0.820041
vt 0.265431 0.815220
vt 0.100878 0.397437
vt 0.087909 0.394857
vt 0.094650 0.394857
vt 0.105644 0.402203
vt 0.081681 0.397437
vt 0.108224 0.408432
vt 0.076914 0.402203
vt 0.108224 0.415173
vt 0.074334 0.408431
vt 0.105644 0.421401
vt 0.074334 0.415173
vt 0.100878 0.426167
vt 0.076914 0.421400
vt 0.094650 0.428747
vt 0.081680 0.426167
vt 0.087908 0.428747
vt 0.152262 0.426167
vt 0.165231 0.428747
vt 0.158490 0.428747
vt 0.147496 0.421400
vt 0.171459 0.426167
vt 0.144916 0.415172
vt 0.176226 0.421401
vt 0.144916 0.408431
vt 0.178806 0.415173
vt 0.147496 0.402203
vt 0.178806 0.408432
vt 0.152263 0.397437
vt 0.176226 0.402203
vt 0.158491 0.394857
vt 0.171460 0.397437
vt 0.165232 0.394857
vt 0.200522 0.430148
vt 0.187553 0.432728
vt 0.193781 0.430148
vt 0.206751 0.432728
vt 0.182787 0.437494
vt 0.211517 0.437494
vt 0.180207 0.443723
vt 0.214097 0.443722
vt 0.180207 0.450464
vt 0.214097 0.450463
vt 0.182787 0.456692
vt 0.211517 0.456692
vt 0.187553 0.461458
vt 0.206751 0.461458
vt 0.193782 0.464038
vt 0.200523 0.464038
vt 0.147496 0.456692
vt 0.158491 0.464038
vt 0.152262 0.461458
vt 0.144916 0.450464
vt 0.165232 0.464038
vt 0.144916 0.443723
vt 0.171460 0.461458
vt 0.147496 0.437494
vt 0.176226 0.456692
vt 0.152262 0.432728
vt 0.178806 0.450464
vt 0.158490 0.430148
vt 0.178806 0.443722
vt 0.165231 0.430148
vt 0.176226 0.437494
vt 0.171459 0.432728
s 1
g off
g Aeolipile_base_Material.001
usemtl Material.001
f 1/1/1 2/2/2 3/3/3
f 2/2/2 1/1/1 4/4/4
s 2
f 5/5/5 6/6/6 7/7/7
f 8/8/8 7/7/7 6/6/6
s 1
f 4/4/4 13/9/9 2/2/2
f 13/9/9 4/4/4 14/10/10
s 2
f 15/11/11 5/5/5 16/12/12
f 7/7/7 16/12/12 5/5/5
s 1
f 19/13/13 2/2/2 20/14/14
f 2/2/2 19/13/13 3/3/3
s 2
f 8/8/8 21/15/15 7/7/7
f 22/16/16 7/7/7 21/15/15
s 1
f 25/17/17 3/3/3 26/18/18
f 3/3/3 25/17/17 1/1/1
s 2
f 6/6/6 27/19/19 8/8/8
f 28/20/20 8/8/8 27/19/19
s 1
f 31/21/21 4/4/4 1/1/1
s 2
f 6/6/6 5/5/5 32/22/22
s 1
f 14/10/10 34/23/23 13/9/9
f 34/23/23 14/10/10 35/24/24
s 2
f 36/25/25 15/11/11 37/26/26
f 16/12/12 37/26/26 15/11/11
s 1
f 13/9/9 20/14/14 2/2/2
f 20/14/14 13/9/9 40/27/27
s 2
f 41/28/28 16/12/12 22/16/16
f 7/7/7 22/16/16 16/12/12
s 1
f 31/21/21 14/10/10 4/4/4
s 2
f 5/5/5 15/11/11 32/22/22
s 1
f 43/29/29 3/3/3 19/13/13
f 3/3/3 43/29/29 26/18/18
s 2
f 28/20/20 44/30/30 8/8/8
f 21/15/15 8/8/8 44/30/30
s 1
f 46/31/31 25/17/17 26/18/18
f 25/17/17 46/31/31 47/32/32
s 2
f 48/33/33 49/34/34 27/19/19
f 28/20/20 27/19/19 49/34/34
s 1
f 31/21/21 1/1/1 25/17/17
s 2
f 27/19/19 6/6/6 32/22/22
s 1
f 35/24/24 52/35/35 34/23/23
f 52/35/35 35/24/24 53/36/36
s 2
f 54/37/37 36/25/25 55/38/38
f 37/26/26 55/38/38 36/25/25
s 1
f 58/39/39 13/9/9 34/23/23
f 13/9/9 58/39/39 40/27/27
s 2
f 41/28/28 59/40/40 16/12/12
f 37/26/26 16/12/12 59/40/40
s 1
f 31/21/21 35/24/24 14/10/10
s 2
f 15/11/11 36/25/25 32/22/22
s 1
f 43/29/29 46/31/31 26/18/18
f 46/31/31 43/29/29 61/41/41
s 2
f 62/42/42 44/30/30 49/34/34
f 28/20/20 49/34/34 44/30/30
s 1
f 64/43/43 47/32/32 46/31/31
f 47/32/32 64/43/43 65/44/44
s 2
f 66/45/45 67/46/46 48/33/33
f 49/34/34 48/33/33 67/46/46
s 1
f 31/21/21 25/17/17 47/32/32
s 2
f 48/33/33 27/19/19 32/22/22
s 1
f 70/47/47 52/35/35 53/36/36
f 52/35/35 70/47/47 71/48/48
s 2
f 72/49/49 73/50/50 55/38/38
f 54/37/37 55/38/38 73/50/50
s 1
f 76/51/51 34/23/23 52/35/35
f 34/23/23 76/51/51 58/39/39
s 2
f 59/40/40 77/52/52 37/26/26
f 55/38/38 37/26/26 77/52/52
s 1
f 53/36/36 35/24/24 31/21/21
s 2
f 32/22/22 36/25/25 54/37/37
s 1
f 61/41/41 64/43/43 46/31/31
f 64/43/43 61/41/41 79/53/53
s 2
f 80/54/54 62/42/42 67/46/46
f 49/34/34 67/46/46 62/42/42
s 1
f 82/55/55 65/44/44 64/43/43
f 65/44/44 82/55/55 83/56/56
s 2
f 84/57/57 85/58/58 66/45/45
f 67/46/46 66/45/45 85/58/58
s 1
f 31/21/21 47/32/32 65/44/44
s 2
f 66/45/45 48/33/33 32/22/22
s 1
f 88/59/59 71/48/48 70/47/47
f 71/48/48 88/59/59 89/60/60
s 2
f 90/61/61 91/62/62 72/49/49
f 73/50/50 72/49/49 91/62/62
s 1
f 94/63/63 52/35/35 71/48/48
f 52/35/35 94/63/63 76/51/51
s 2
f 77/52/52 95/64/64 55/38/38
f 72/49/49 55/38/38 95/64/64
s 1
f 70/47/47 53/36/36 31/21/21
s 2
f 32/22/22 54/37/37 73/50/50
s 1
f 64/43/43 97/65/65 82/55/55
f 97/65/65 64/43/43 79/53/53
s 2
f 80/54/54 67/46/46 98/66/66
f 85/58/58 98/66/66 67/46/46
s 1
f 100/67/67 83/56/56 82/55/55
f 83/56/56 100/67/67 101/68/68
s 2
f 102/69/69 103/70/70 84/57/57
f 85/58/58 84/57/57 103/70/70
s 1
f 31/21/21 65/44/44 83/56/56
s 2
f 84/57/57 66/45/45 32/22/22
s 1
f 106/71/71 89/60/60 88/59/59
f 89/60/60 106/71/71 107/72/72
s 2
f 108/73/73 109/74/74 90/61/61
f 91/62/62 90/61/61 109/74/74
s 1
f 112/75/75 71/48/48 89/60/60
f 71/48/48 112/75/75 94/63/63
s 2
f 95/64/64 113/76/76 72/49/49
f 90/61/61 72/49/49 113/76/76
s 1
f 88/59/59 70/47/47 31/21/21
s 2
f 32/22/22 73/50/50 91/62/62
s 1
f 97/65/65 100/67/67 82/55/55
f 100/67/67 97/65/65 115/77/77
s 2
f 116/78/78 98/66/66 103/70/70
f 85/58/58 103/70/70 98/66/66
s 1
f 118/79/79 101/68/68 100/67/67
f 101/68/68 118/79/79 119/80/80
s 2
f 120/81/81 121/82/82 102/69/69
f 103/70/70 102/69/69 121/82/82
s 1
f 31/21/21 83/56/56 101/68/68
s 2
f 102/69/69 84/57/57 32/22/22
s 1
f 124/83/83 107/72/72 106/71/71
f 107/72/72 124/83/83 125/84/84
s 2
f 126/85/85 127/86/86 108/73/73
f 109/74/74 108/73/73 127/86/86
s 1
f 130/87/87 89/60/60 107/72/72
f 89/60/60 130/87/87 112/75/75
s 2
f 113/76/76 131/88/88 90/61/61
f 108/73/73 90/61/61 131/88/88
s 1
f 106/71/71 88/59/59 31/21/21
s 2
f 32/22/22 91/62/62 109/74/74
s 1
f 115/77/77 118/79/79 100/67/67
f 118/79/79 115/77/77 133/89/89
s 2
f 134/90/90 116/78/78 121/82/82
f 103/70/70 121/82/82 116/78/78
s 1
f 136/91/91 119/80/80 118/79/79
f 119/80/80 136/91/91 137/92/92
s 2
f 138/93/93 139/94/94 120/81/81
f 121/82/82 120/81/81 139/94/94
s 1
f 31/21/21 101/68/68 119/80/80
s 2
f 120/81/81 102/69/69 32/22/22
s 1
f 142/95/95 125/84/84 124/83/83
f 125/84/84 142/95/95 143/96/96
s 2
f 144/97/97 145/98/98 126/85/85
f 127/86/86 126/85/85 145/98/98
s 1
f 107/72/72 148/99/99 130/87/87
f 148/99/99 107/72/72 125/84/84
s 2
f 126/85/85 108/73/73 149/100/100
f 131/88/88 149/100/100 108/73/73
s 1
f 124/83/83 106/71/71 31/21/21
s 2
f 32/22/22 109/74/74 127/86/86
s 1
f 133/89/89 136/91/91 118/79/79
f 136/91/91 133/89/89 151/101/101
s 2
f 152/102/102 134/90/90 139/94/94
f 121/82/82 139/94/94 134/90/90
s 1
f 136/91/91 154/103/103 137/92/92
f 154/103/103 136/91/91 155/104/104
s 2
f 156/105/105 139/94/94 157/106/106
f 138/93/93 157/106/106 139/94/94
s 1
f 137/92/92 31/21/21 119/80/80
s 2
f 120/81/81 32/22/22 138/93/93
s 1
f 160/107/107 142/95/95 161/108/108
f 142/95/95 160/107/107 143/96/96
s 2
f 144/97/97 162/109/109 145/98/98
f 163/110/110 145/98/98 162/109/109
s 1
f 125/84/84 166/111/111 148/99/99
f 166/111/111 125/84/84 143/96/96
s 2
f 144/97/97 126/85/85 167/112/112
f 149/100/100 167/112/112 126/85/85
s 1
f 142/95/95 124/83/83 31/21/21
s 2
f 32/22/22 127/86/86 145/98/98
s 1
f 136/91/91 169/113/113 155/104/104
f 169/113/113 136/91/91 151/101/101
s 2
f 152/102/102 139/94/94 170/114/114
f 156/105/105 170/114/114 139/94/94
s 1
f 155/104/104 172/115/115 154/103/103
f 172/115/115 155/104/104 173/116/116
s 2
f 174/117/117 156/105/105 175/118/118
f 157/106/106 175/118/118 156/105/105
s 1
f 154/103/103 31/21/21 137/92/92
s 2
f 138/93/93 32/22/22 157/106/106
s 1
f 173/116/116 161/108/108 172/115/115
f 161/108/108 173/116/116 160/107/107
s 2
f 162/109/109 174/117/117 163/110/110
f 175/118/118 163/110/110 174/117/117
s 1
f 160/107/107 166/111/111 143/96/96
f 166/111/111 160/107/107 178/119/119
s 2
f 179/120/120 162/109/109 167/112/112
f 144/97/97 167/112/112 162/109/109
s 1
f 142/95/95 31/21/21 161/108/108
s 2
f 163/110/110 32/22/22 145/98/98
s 1
f 169/113/113 173/116/116 155/104/104
f 173/116/116 169/113/113 181/121/121
s 2
f 182/122/122 170/114/114 174/117/117
f 156/105/105 174/117/117 170/114/114
s 1
f 172/115/115 31/21/21 154/103/103
s 2
f 157/106/106 32/22/22 175/118/118
s 1
f 173/116/116 178/119/119 160/107/107
f 178/119/119 173/116/116 181/121/121
s 2
f 182/122/122 174/117/117 179/120/120
f 162/109/109 179/120/120 174/117/117
s 1
f 161/108/108 31/21/21 172/115/115
s 2
f 175/118/118 32/22/22 163/110/110
s 3
f 184/123/123 185/124/124 186/125/125
f 185/124/124 184/123/123 187/126/126
s 4
f 188/127/127 189/128/128 190/129/129
f 191/130/130 190/129/129 189/128/128
s 3
f 196/131/131 185/124/124 187/126/126
f 185/124/124 196/131/131 197/132/132
s 4
f 198/133/133 199/134/134 190/129/129
f 188/127/127 190/129/129 199/134/134
s 3
f 185/124/124 202/135/135 186/125/125
f 202/135/135 185/124/124 203/136/136
s 4
f 204/137/137 190/129/129 205/138/138
f 191/130/130 205/138/138 190/129/129
s 3
f 208/139/139 186/125/125 209/140/140
f 186/125/125 208/139/139 184/123/123
s 4
f 189/128/128 210/141/141 191/130/130
f 211/142/142 191/130/130 210/141/141
s 3
f 214/143/143 187/126/126 184/123/123
f 187/126/126 214/143/143 215/144/144
s 4
f 216/145/145 217/146/146 188/127/127
f 189/128/128 188/127/127 217/146/146
s 3
f 220/147/147 197/132/132 196/131/131
f 197/132/132 220/147/147 221/148/148
s 4
f 222/149/149 223/150/150 198/133/133
f 199/134/134 198/133/133 223/150/150
s 3
f 197/132/132 203/136/136 185/124/124
f 203/136/136 197/132/132 226/151/151
s 4
f 227/152/152 198/133/133 204/137/137
f 190/129/129 204/137/137 198/133/133
s 3
f 229/153/153 187/126/126 215/144/144
f 187/126/126 229/153/153 196/131/131
s 4
f 199/134/134 230/154/154 188/127/127
f 216/145/145 188/127/127 230/154/154
s 3
f 186/125/125 232/155/155 209/140/140
f 232/155/155 186/125/125 202/135/135
s 4
f 205/138/138 191/130/130 233/156/156
f 211/142/142 233/156/156 191/130/130
s 3
f 209/140/140 235/157/157 208/139/139
f 235/157/157 209/140/140 236/158/158
s 4
f 237/159/159 211/142/142 238/160/160
f 210/141/141 238/160/160 211/142/142
s 3
f 241/161/161 184/123/123 208/139/139
f 184/123/123 241/161/161 214/143/143
s 4
f 217/146/146 242/162/162 189/128/128
f 210/141/141 189/128/128 242/162/162
s 3
f 244/163/163 220/147/147 245/164/164
f 220/147/147 244/163/163 221/148/148
s 4
f 222/149/149 246/165/165 223/150/150
f 247/166/166 223/150/150 246/165/165
s 3
f 197/132/132 250/167/167 226/151/151
f 250/167/167 197/132/132 221/148/148
s 4
f 222/149/149 198/133/133 251/168/168
f 227/152/152 251/168/168 198/133/133
s 3
f 253/169/169 196/131/131 229/153/153
f 196/131/131 253/169/169 220/147/147
s 4
f 223/150/150 254/170/170 199/134/134
f 230/154/154 199/134/134 254/170/170
s 3
f 232/155/155 236/158/158 209/140/140
f 236/158/158 232/155/155 256/171/171
s 4
f 257/172/172 233/156/156 237/159/159
f 211/142/142 237/159/159 233/156/156
s 3
f 236/158/158 259/173/173 235/157/157
f 259/173/173 236/158/158 260/174/174
s 4
f 261/175/175 237/159/159 262/176/176
f 238/160/160 262/176/176 237/159/159
s 3
f 208/139/139 265/177/177 241/161/161
f 265/177/177 208/139/139 235/157/157
s 4
f 238/160/160 210/141/141 266/178/178
f 242/162/162 266/178/178 210/141/141
s 3
f 268/179/179 245/164/164 269/180/180
f 245/164/164 268/179/179 244/163/163
s 4
f 246/165/165 270/181/181 247/166/166
f 271/182/182 247/166/166 270/181/181
s 3
f 274/183/183 221/148/148 244/163/163
f 221/148/148 274/183/183 250/167/167
s 4
f 251/168/168 275/184/184 222/149/149
f 246/165/165 222/149/149 275/184/184
s 3
f 245/164/164 253/169/169 277/185/185
f 253/169/169 245/164/164 220/147/147
s 4
f 223/150/150 247/166/166 254/170/170
f 278/186/186 254/170/170 247/166/166
s 3
f 256/171/171 260/174/174 236/158/158
f 260/174/174 256/171/171 280/187/187
s 4
f 281/188/188 257/172/172 261/175/175
f 237/159/159 261/175/175 257/172/172
s 3
f 260/174/174 283/189/189 259/173/173
f 283/189/189 260/174/174 284/190/190
s 4
f 285/191/191 261/175/175 286/192/192
f 262/176/176 286/192/192 261/175/175
s 3
f 235/157/157 289/193/193 265/177/177
f 289/193/193 235/157/157 259/173/173
s 4
f 262/176/176 238/160/160 290/194/194
f 266/178/178 290/194/194 238/160/160
s 3
f 292/195/191 269/180/180 293/196/195
f 269/180/180 292/195/191 268/179/179
s 4
f 270/181/181 294/197/190 271/182/182
f 295/198/196 271/182/182 294/197/190
s 3
f 298/199/197 244/163/163 268/179/179
f 244/163/163 298/199/197 274/183/183
s 4
f 275/184/184 299/200/198 246/165/165
f 270/181/181 246/165/165 299/200/198
s 3
f 269/180/180 277/185/185 301/201/199
f 277/185/185 269/180/180 245/164/164
s 4
f 247/166/166 271/182/182 278/186/186
f 302/202/200 278/186/186 271/182/182
s 3
f 280/187/187 284/190/190 260/174/174
f 284/190/190 280/187/187 304/203/201
s 4
f 305/204/202 281/188/188 285/191/191
f 261/175/175 285/191/191 281/188/188
s 3
f 284/190/190 307/205/203 283/189/189
f 307/205/203 284/190/190 308/206/181
s 4
f 309/207/179 285/191/191 310/208/204
f 286/192/192 310/208/204 285/191/191
s 3
f 259/173/173 313/209/205 289/193/193
f 313/209/205 259/173/173 283/189/189
s 4
f 286/192/192 262/176/176 314/210/206
f 290/194/194 314/210/206 262/176/176
s 3
f 316/211/175 293/196/195 317/212/207
f 293/196/195 316/211/175 292/195/191
s 4
f 294/197/190 318/213/174 295/198/196
f 319/214/208 295/198/196 318/213/174
s 3
f 322/215/209 268/179/179 292/195/191
f 268/179/179 322/215/209 298/199/197
s 4
f 299/200/198 323/216/210 270/181/181
f 294/197/190 270/181/181 323/216/210
s 3
f 293/196/195 301/201/199 325/217/211
f 301/201/199 293/196/195 269/180/180
s 4
f 271/182/182 295/198/196 302/202/200
f 326/218/212 302/202/200 295/198/196
s 3
f 304/203/201 308/206/181 284/190/190
f 308/206/181 304/203/201 328/219/213
s 4
f 329/220/214 305/204/202 309/207/179
f 285/191/191 309/207/179 305/204/202
s 3
f 307/205/203 331/221/165 332/222/215
f 331/221/165 307/205/203 308/206/181
s 4
f 309/207/179 310/208/204 333/223/163
f 334/224/216 333/223/163 310/208/204
s 3
f 283/189/189 337/225/217 313/209/205
f 337/225/217 283/189/189 307/205/203
s 4
f 310/208/204 286/192/192 338/226/218
f 314/210/206 338/226/218 286/192/192
s 3
f 340/227/159 317/212/207 341/228/219
f 317/212/207 340/227/159 316/211/175
s 4
f 318/213/174 342/229/158 319/214/208
f 343/230/220 319/214/208 342/229/158
s 3
f 316/211/175 322/215/209 292/195/191
f 322/215/209 316/211/175 346/231/221
s 4
f 347/232/222 318/213/174 323/216/210
f 294/197/190 323/216/210 318/213/174
s 3
f 317/212/207 325/217/211 349/233/223
f 325/217/211 317/212/207 293/196/195
s 4
f 295/198/196 319/214/208 326/218/212
f 350/234/224 326/218/212 319/214/208
s 3
f 328/219/213 331/221/165 308/206/181
f 331/221/165 328/219/213 352/235/225
s 4
f 353/236/226 329/220/214 333/223/163
f 309/207/179 333/223/163 329/220/214
s 3
f 332/222/215 355/237/149 356/238/227
f 355/237/149 332/222/215 331/221/165
s 4
f 333/223/163 334/224/216 357/239/148
f 358/240/228 357/239/148 334/224/216
s 3
f 307/205/203 361/241/229 337/225/217
f 361/241/229 307/205/203 332/222/215
s 4
f 334/224/216 310/208/204 362/242/230
f 338/226/218 362/242/230 310/208/204
s 3
f 364/243/231 340/227/159 341/228/219
f 340/227/159 364/243/231 365/244/142
s 4
f 366/245/140 367/246/232 342/229/158
f 343/230/220 342/229/158 367/246/232
s 3
f 340/227/159 346/231/221 316/211/175
f 346/231/221 340/227/159 370/247/233
s 4
f 371/248/234 342/229/158 347/232/222
f 318/213/174 347/232/222 342/229/158
s 3
f 373/249/235 317/212/207 349/233/223
f 317/212/207 373/249/235 341/228/219
s 4
f 343/230/220 374/250/236 319/214/208
f 350/234/224 319/214/208 374/250/236
s 3
f 331/221/165 376/251/237 355/237/149
f 376/251/237 331/221/165 352/235/225
s 4
f 353/236/226 333/223/163 377/252/238
f 357/239/148 377/252/238 333/223/163
s 3
f 379/253/133 356/238/227 355/237/149
f 356/238/227 379/253/133 380/254/239
s 4
f 381/255/240 382/256/132 358/240/228
f 357/239/148 358/240/228 382/256/132
s 3
f 332/222/215 385/257/241 361/241/229
f 385/257/241 332/222/215 356/238/227
s 4
f 358/240/228 334/224/216 386/258/242
f 362/242/230 386/258/242 334/224/216
s 3
f 388/259/130 364/243/231 389/260/243
f 364/243/231 388/259/130 365/244/142
s 4
f 366/245/140 390/261/125 367/246/232
f 391/262/244 367/246/232 390/261/125
s 3
f 394/263/245 340/227/159 365/244/142
f 340/227/159 394/263/245 370/247/233
s 4
f 371/248/234 395/264/246 342/229/158
f 366/245/140 342/229/158 395/264/246
s 3
f 364/243/231 373/249/235 397/265/247
f 373/249/235 364/243/231 341/228/219
s 4
f 343/230/220 367/246/232 374/250/236
f 398/266/248 374/250/236 367/246/232
s 3
f 376/251/237 379/253/133 355/237/149
f 379/253/133 376/251/237 400/267/249
s 4
f 401/268/250 377/252/238 382/256/132
f 357/239/148 382/256/132 377/252/238
s 3
f 403/269/129 380/254/239 379/253/133
f 380/254/239 403/269/129 404/270/251
s 4
f 405/271/252 406/272/124 381/255/240
f 382/256/132 381/255/240 406/272/124
s 3
f 380/254/239 385/257/241 356/238/227
f 385/257/241 380/254/239 409/273/253
s 4
f 410/274/254 381/255/240 386/258/242
f 358/240/228 386/258/242 381/255/240
s 3
f 403/269/129 389/260/243 404/270/251
f 389/260/243 403/269/129 388/259/130
s 4
f 390/261/125 406/272/124 391/262/244
f 405/271/252 391/262/244 406/272/124
s 3
f 394/263/245 388/259/130 412/275/255
f 388/259/130 394/263/245 365/244/142
s 4
f 366/245/140 395/264/246 390/261/125
f 413/276/256 390/261/125 395/264/246
s 3
f 389/260/243 397/265/247 415/277/257
f 397/265/247 389/260/243 364/243/231
s 4
f 367/246/232 391/262/244 398/266/248
f 416/278/258 398/266/248 391/262/244
s 3
f 400/267/249 403/269/129 379/253/133
f 403/269/129 400/267/249 418/279/259
s 4
f 419/280/260 401/268/250 406/272/124
f 382/256/132 406/272/124 401/268/250
s 3
f 404/270/251 409/273/253 380/254/239
f 409/273/253 404/270/251 421/281/261
s 4
f 422/282/262 405/271/252 410/274/254
f 381/255/240 410/274/254 405/271/252
s 3
f 418/279/259 388/259/130 403/269/129
f 388/259/130 418/279/259 412/275/255
s 4
f 413/276/256 419/280/260 390/261/125
f 406/272/124 390/261/125 419/280/260
s 3
f 404/270/251 415/277/257 421/281/261
f 415/277/257 404/270/251 389/260/243
s 4
f 391/262/244 405/271/252 416/278/258
f 422/282/262 416/278/258 405/271/252
s 5
f 424/283/263 425/284/264 426/285/265
f 425/284/264 424/283/263 427/286/266
f 425/284/264 427/286/266 428/287/267
f 428/287/267 427/286/266 429/288/268
f 428/287/267 429/288/268 430/289/269
f 430/289/269 429/288/268 431/290/270
f 430/289/269 431/290/270 432/291/271
f 432/291/271 431/290/270 433/292/272
f 432/291/271 433/292/272 434/293/273
f 434/293/273 433/292/272 435/294/274
f 435/294/274 433/292/272 436/295/275
f 435/294/274 436/295/275 437/296/276
f 435/294/274 437/296/276 438/297/277
f 438/297/277 437/296/276 439/298/278
f 439/298/278 437/296/276 440/299/279
f 439/298/278 440/299/279 441/300/280
f 439/298/278 441/300/280 442/301/281
f 442/301/281 441/300/280 443/302/282
s 6
f 444/303/283 445/304/284 446/305/285
f 446/305/285 445/304/284 447/306/286
f 445/304/284 448/307/287 447/306/286
f 448/307/287 449/308/288 447/306/286
f 447/306/286 449/308/288 450/309/289
f 450/309/289 449/308/288 451/310/290
f 449/308/288 452/311/291 451/310/290
f 452/311/291 453/312/292 451/310/290
f 451/310/290 453/312/292 454/313/293
f 454/313/293 453/312/292 455/314/294
f 453/312/292 456/315/295 455/314/294
f 455/314/294 456/315/295 457/316/296
f 456/315/295 458/317/297 457/316/296
f 457/316/296 458/317/297 459/318/298
f 458/317/297 460/319/299 459/318/298
f 459/318/298 460/319/299 461/320/300
f 460/319/299 462/321/301 461/320/300
f 463/322/302 461/320/300 462/321/301
s 7
f 484/323/303 485/324/304 486/325/305
f 485/324/304 484/323/303 487/326/306
f 487/326/306 496/327/307 485/324/304
f 496/327/307 487/326/306 497/328/308
f 502/329/309 486/325/305 503/330/310
f 486/325/305 502/329/309 484/323/303
f 508/331/311 509/332/312 510/333/313
f 509/332/312 508/331/311 511/334/314
f 509/332/312 511/334/314 512/335/315
f 512/335/315 511/334/314 497/328/308
f 512/335/315 497/328/308 513/336/316
f 513/336/316 497/328/308 487/326/306
f 513/336/316 487/326/306 514/337/317
f 514/337/317 487/326/306 484/323/303
f 514/337/317 484/323/303 515/338/318
f 515/338/318 484/323/303 516/339/319
f 516/339/319 484/323/303 502/329/309
f 516/339/319 502/329/309 517/340/320
f 516/339/319 517/340/320 518/341/321
f 518/341/321 517/340/320 519/342/322
f 519/342/322 517/340/320 520/343/323
f 519/342/322 520/343/323 521/344/324
f 519/342/322 521/344/324 522/345/325
f 522/345/325 521/344/324 523/346/326
f 497/328/308 556/347/327 496/327/307
f 556/347/327 497/328/308 511/334/314
f 517/340/320 503/330/310 559/348/328
f 503/330/310 517/340/320 502/329/309
f 520/343/323 559/348/328 562/349/329
f 559/348/328 520/343/323 517/340/320
f 565/350/330 520/343/323 562/349/329
f 520/343/323 565/350/330 521/344/324
f 568/351/331 521/344/324 565/350/330
f 521/344/324 568/351/331 523/346/326
f 571/352/332 523/346/326 568/351/331
f 523/346/326 571/352/332 522/345/325
f 571/352/332 519/342/322 522/345/325
f 519/342/322 571/352/332 574/353/333
f 518/341/321 574/353/333 577/354/334
f 574/353/333 518/341/321 519/342/322
f 516/339/319 577/354/334 580/355/335
f 577/354/334 516/339/319 518/341/321
f 515/338/318 580/355/335 583/356/336
f 580/355/335 515/338/318 516/339/319
f 514/337/317 583/356/336 586/357/337
f 583/356/336 514/337/317 515/338/318
f 513/336/316 586/357/337 589/358/338
f 586/357/337 513/336/316 514/337/317
f 512/335/315 589/358/338 592/359/339
f 589/358/338 512/335/315 513/336/316
f 512/335/315 595/360/340 509/332/312
f 595/360/340 512/335/315 592/359/339
f 510/333/313 595/360/340 598/361/341
f 595/360/340 510/333/313 509/332/312
f 508/331/311 598/361/341 601/362/342
f 598/361/341 508/331/311 510/333/313
f 511/334/314 601/362/342 556/347/327
f 601/362/342 511/334/314 508/331/311
s 8
f 488/363/343 489/364/344 490/365/345
f 491/366/346 490/365/345 489/364/344
f 498/367/347 488/363/343 499/368/348
f 490/365/345 499/368/348 488/363/343
f 489/364/344 504/369/349 491/366/346
f 505/370/350 491/366/346 504/369/349
f 524/371/351 525/372/352 526/373/353
f 526/373/353 525/372/352 527/374/354
f 525/372/352 528/375/355 527/374/354
f 528/375/355 529/376/356 527/374/354
f 527/374/354 529/376/356 530/377/357
f 530/377/357 529/376/356 531/378/358
f 529/376/356 504/369/349 531/378/358
f 504/369/349 489/364/344 531/378/358
f 531/378/358 489/364/344 532/379/359
f 532/379/359 489/364/344 533/380/360
f 489/364/344 488/363/343 533/380/360
f 533/380/360 488/363/343 534/381/361
f 488/363/343 498/367/347 534/381/361
f 534/381/361 498/367/347 535/382/362
f 498/367/347 536/383/363 535/382/362
f 535/382/362 536/383/363 537/384/364
f 536/383/363 538/385/365 537/384/364
f 539/386/366 537/384/364 538/385/365
f 536/383/363 498/367/347 557/387/367
f 499/368/348 557/387/367 498/367/347
f 504/369/349 529/376/356 505/370/350
f 560/388/368 505/370/350 529/376/356
f 529/376/356 528/375/355 560/388/368
f 563/389/369 560/388/368 528/375/355
f 525/372/352 566/390/370 528/375/355
f 563/389/369 528/375/355 566/390/370
f 524/371/351 569/391/371 525/372/352
f 566/390/370 525/372/352 569/391/371
f 526/373/353 572/392/372 524/371/351
f 569/391/371 524/371/351 572/392/372
f 575/393/373 572/392/372 527/374/354
f 526/373/353 527/374/354 572/392/372
f 527/374/354 530/377/357 575/393/373
f 578/394/374 575/393/373 530/377/357
f 530/377/357 531/378/358 578/394/374
f 581/395/375 578/394/374 531/378/358
f 531/378/358 532/379/359 581/395/375
f 584/396/376 581/395/375 532/379/359
f 532/379/359 533/380/360 584/396/376
f 587/397/377 584/396/376 533/380/360
f 533/380/360 534/381/361 587/397/377
f 590/398/378 587/397/377 534/381/361
f 534/381/361 535/382/362 590/398/378
f 593/399/379 590/398/378 535/382/362
f 593/399/379 535/382/362 596/400/380
f 537/384/364 596/400/380 535/382/362
f 537/384/364 539/386/366 596/400/380
f 599/401/381 596/400/380 539/386/366
f 539/386/366 538/385/365 599/401/381
f 602/402/382 599/401/381 538/385/365
f 538/385/365 536/383/363 602/402/382
f 557/387/367 602/402/382 536/383/363
s 9
f 604/403/21 605/404/21 606/405/21
f 605/404/21 604/403/21 607/406/21
s 10
f 616/407/190 617/408/190 618/409/190
f 617/408/190 616/407/190 619/410/190
s 11
f 626/411/129 627/412/129 628/413/129
f 627/412/129 626/411/129 629/414/129
s 12
f 635/415/191 636/416/191 637/417/191
f 636/416/191 635/415/191 638/418/191
s 13
f 644/419/124 645/420/124 646/421/124
f 645/420/124 644/419/124 647/422/124
s 14
f 652/423/22 653/424/22 654/425/22
f 653/424/22 652/423/22 655/426/22
s 15
f 608/427/22 609/428/22 610/429/22
f 611/430/22 610/429/22 609/428/22
s 16
f 620/431/191 621/432/191 622/433/191
f 623/434/191 622/433/191 621/432/191
s 17
f 630/435/124 631/436/124 632/437/124
f 633/438/124 632/437/124 631/436/124
s 18
f 639/439/190 640/440/190 641/441/190
f 642/442/190 641/441/190 640/440/190
s 19
f 648/443/129 649/444/129 650/445/129
f 651/446/129 650/445/129 649/444/129
s 20
f 656/447/21 657/448/21 658/449/21
f 659/450/21 658/449/21 657/448/21
s 21
f 660/451/383 661/451/384 662/451/385
f 661/451/384 660/451/383 663/451/386
f 672/451/387 660/451/383 662/451/385
f 660/451/383 672/451/387 673/451/388
f 660/451/383 678/451/389 663/451/386
f 678/451/389 660/451/383 673/451/388
f 678/451/389 661/451/384 663/451/386
f 661/451/384 678/451/389 681/451/390
f 672/451/387 661/451/384 681/451/390
f 661/451/384 672/451/387 662/451/385
f 678/451/389 672/451/387 681/451/390
f 672/451/387 678/451/389 673/451/388
s 22
f 664/452/391 665/452/390 666/452/392
f 667/452/389 666/452/392 665/452/390
f 674/452/393 675/452/394 665/452/390
f 667/452/389 665/452/390 675/452/394
f 674/452/393 665/452/390 679/452/385
f 664/452/391 679/452/385 665/452/390
f 682/452/395 679/452/385 666/452/392
f 664/452/391 666/452/392 679/452/385
f 667/452/389 675/452/394 666/452/392
f 682/452/395 666/452/392 675/452/394
f 674/452/393 679/452/385 675/452/394
f 682/452/395 675/452/394 679/452/385
s 23
f 684/453/396 685/454/397 686/455/398
f 685/454/397 687/456/399 688/457/400
f 687/456/399 685/454/397 689/458/401
f 689/458/401 685/454/397 684/453/396
s 24
f 690/459/402 691/460/403 692/461/404
f 692/461/404 691/460/403 693/462/405
f 694/463/406 693/462/405 691/460/403
f 695/464/407 691/460/403 690/459/402
f 694/463/406 702/465/408 693/462/405
f 702/465/408 694/463/406 703/466/409
f 702/465/408 703/466/409 704/467/410
s 23
f 705/468/411 706/469/412 707/470/413
f 706/469/412 688/457/400 707/470/413
f 687/456/399 707/470/413 688/457/400
s 24
f 711/471/414 694/463/406 691/460/403
f 694/463/406 711/471/414 703/466/409
s 23
f 706/469/412 712/472/415 688/457/400
f 685/454/397 688/457/400 712/472/415
f 712/472/415 686/455/398 685/454/397
f 686/455/398 712/472/415 714/473/416
s 24
f 715/474/417 711/471/414 695/464/407
f 691/460/403 695/464/407 711/471/414
s 23
f 714/473/416 684/453/396 686/455/398
f 684/453/396 714/473/416 717/475/418
f 717/475/418 714/473/416 718/476/419
s 24
f 719/477/420 715/474/417 720/478/421
f 720/478/421 715/474/417 690/459/402
f 695/464/407 690/459/402 715/474/417
s 23
f 684/453/396 723/479/407 689/458/401
f 723/479/407 684/453/396 717/475/418
s 24
f 720/478/421 690/459/402 724/480/398
f 692/461/404 724/480/398 690/459/402
s 23
f 723/479/407 687/456/399 689/458/401
f 687/456/399 723/479/407 707/470/413
s 24
f 702/465/408 724/480/398 693/462/405
f 692/461/404 693/462/405 724/480/398
f 719/477/420 711/471/414 715/474/417
f 711/471/414 704/467/410 703/466/409
f 704/467/410 711/471/414 726/481/422
f 726/481/422 711/471/414 719/477/420
s 23
f 718/476/419 712/472/415 727/482/423
f 727/482/423 712/472/415 705/468/411
f 706/469/412 705/468/411 712/472/415
f 714/473/416 712/472/415 718/476/419
f 723/479/407 705/468/411 707/470/413
f 705/468/411 723/479/407 729/483/424
f 729/483/424 723/479/407 718/476/419
f 718/476/419 723/479/407 717/475/418
s 24
f 720/478/421 724/480/398 719/477/420
f 719/477/420 724/480/398 730/484/425
f 730/484/425 724/480/398 704/467/410
f 702/465/408 704/467/410 724/480/398
s 25
f 731/485/426 732/486/427 733/487/428
f 732/486/427 734/488/429 735/489/430
f 734/488/429 732/486/427 736/490/431
f 736/490/431 732/486/427 731/485/426
s 26
f 737/491/432 738/492/433 739/493/434
f 739/493/434 738/492/433 740/494/435
f 741/495/436 740/494/435 738/492/433
f 742/496/437 738/492/433 737/491/432
f 741/495/436 749/497/438 740/494/435
f 749/497/438 741/495/436 750/498/439
f 749/497/438 750/498/439 751/499/440
s 25
f 752/500/441 753/501/442 754/502/443
f 753/501/442 735/489/430 754/502/443
f 734/488/429 754/502/443 735/489/430
s 26
f 758/503/444 741/495/436 738/492/433
f 741/495/436 758/503/444 750/498/439
s 25
f 753/501/442 759/504/445 735/489/430
f 732/486/427 735/489/430 759/504/445
f 759/504/445 733/487/428 732/486/427
f 733/487/428 759/504/445 761/505/446
s 26
f 762/506/447 758/503/444 742/496/437
f 738/492/433 742/496/437 758/503/444
s 25
f 761/505/446 731/485/426 733/487/428
f 731/485/426 761/505/446 764/507/448
f 764/507/448 761/505/446 765/508/449
s 26
f 766/509/450 762/506/447 767/510/451
f 767/510/451 762/506/447 737/491/432
f 742/496/437 737/491/432 762/506/447
s 25
f 731/485/426 770/511/437 736/490/431
f 770/511/437 731/485/426 764/507/448
s 26
f 767/510/451 737/491/432 771/512/428
f 739/493/434 771/512/428 737/491/432
s 25
f 770/511/437 734/488/429 736/490/431
f 734/488/429 770/511/437 754/502/443
s 26
f 749/497/438 771/512/428 740/494/435
f 739/493/434 740/494/435 771/512/428
f 766/509/450 758/503/444 762/506/447
f 758/503/444 751/499/440 750/498/439
f 751/499/440 758/503/444 773/513/452
f 773/513/452 758/503/444 766/509/450
s 25
f 765/508/449 759/504/445 774/514/453
f 774/514/453 759/504/445 752/500/441
f 753/501/442 752/500/441 759/504/445
f 761/505/446 759/504/445 765/508/449
f 770/511/437 752/500/441 754/502/443
f 752/500/441 770/511/437 776/515/454
f 776/515/454 770/511/437 765/508/449
f 765/508/449 770/511/437 764/507/448
s 26
f 767/510/451 771/512/428 766/509/450
f 766/509/450 771/512/428 777/516/455
f 777/516/455 771/512/428 751/499/440
f 749/497/438 751/499/440 771/512/428
s 27
f 778/517/456 779/518/457 780/519/458
f 779/518/457 781/520/459 782/521/460
f 781/520/459 779/518/457 783/522/461
f 783/522/461 779/518/457 778/517/456
s 28
f 784/523/462 785/524/463 786/525/464
f 786/525/464 785/524/463 787/526/465
f 788/527/466 787/526/465 785/524/463
f 789/528/467 785/524/463 784/523/462
f 788/527/466 796/529/468 787/526/465
f 796/529/468 788/527/466 797/530/469
f 796/529/468 797/530/469 798/531/470
s 27
f 799/532/471 800/533/464 801/534/472
f 800/533/464 782/521/460 801/534/472
f 781/520/459 801/534/472 782/521/460
s 28
f 805/535/473 788/527/466 785/524/463
f 788/527/466 805/535/473 797/530/469
s 27
f 800/533/464 806/536/474 782/521/460
f 779/518/457 782/521/460 806/536/474
f 806/536/474 780/519/458 779/518/457
f 780/519/458 806/536/474 808/537/475
s 28
f 809/538/476 805/535/473 789/528/467
f 785/524/463 789/528/467 805/535/473
s 27
f 808/537/475 778/517/456 780/519/458
f 778/517/456 808/537/475 811/539/477
f 811/539/477 808/537/475 812/540/478
s 28
f 813/541/479 809/538/476 814/542/480
f 814/542/480 809/538/476 784/523/462
f 789/528/467 784/523/462 809/538/476
s 27
f 778/517/456 817/543/467 783/522/461
f 817/543/467 778/517/456 811/539/477
s 28
f 814/542/480 784/523/462 818/544/458
f 786/525/464 818/544/458 784/523/462
s 27
f 817/543/467 781/520/459 783/522/461
f 781/520/459 817/543/467 801/534/472
s 28
f 796/529/468 818/544/458 787/526/465
f 786/525/464 787/526/465 818/544/458
f 813/541/479 805/535/473 809/538/476
f 805/535/473 798/531/470 797/530/469
f 798/531/470 805/535/473 820/545/481
f 820/545/481 805/535/473 813/541/479
s 27
f 812/540/478 806/536/474 821/546/482
f 821/546/482 806/536/474 799/532/471
f 800/533/464 799/532/471 806/536/474
f 808/537/475 806/536/474 812/540/478
f 817/543/467 799/532/471 801/534/472
f 799/532/471 817/543/467 823/547/483
f 823/547/483 817/543/467 812/540/478
f 812/540/478 817/543/467 811/539/477
s 28
f 814/542/480 818/544/458 813/541/479
f 813/541/479 818/544/458 824/548/484
f 824/548/484 818/544/458 798/531/470
f 796/529/468 798/531/470 818/544/458
s 29
f 825/549/389 826/549/391 827/549/390
f 826/549/391 825/549/389 828/549/388
f 837/549/485 825/549/389 827/549/390
f 825/549/389 837/549/485 838/549/386
f 825/549/389 843/549/383 828/549/388
f 843/549/383 825/549/389 838/549/386
f 843/549/383 826/549/391 828/549/388
f 826/549/391 843/549/383 846/549/385
f 837/549/485 826/549/391 846/549/385
f 826/549/391 837/549/485 827/549/390
f 843/549/383 837/549/485 846/549/385
f 837/549/485 843/549/383 838/549/386
s 30
f 829/550/384 830/550/385 831/550/486
f 832/550/383 831/550/486 830/550/385
f 839/550/487 840/550/488 830/550/385
f 832/550/383 830/550/385 840/550/488
f 839/550/487 830/550/385 844/550/390
f 829/550/384 844/550/390 830/550/385
f 847/550/489 844/550/390 831/550/486
f 829/550/384 831/550/486 844/550/390
f 832/550/383 840/550/488 831/550/486
f 847/550/489 831/550/486 840/550/488
f 839/550/487 844/550/390 840/550/488
f 847/550/489 840/550/488 844/550/390
s 31
f 849/551/490 850/552/491 851/553/492
f 850/552/491 852/554/493 853/555/494
f 852/554/493 850/552/491 854/556/495
f 854/556/495 850/552/491 849/551/490
s 32
f 855/557/496 856/558/497 857/559/498
f 857/559/498 856/558/497 858/560/499
f 859/561/500 858/560/499 856/558/497
f 860/562/501 856/558/497 855/557/496
f 859/561/500 867/563/502 858/560/499
f 867/563/502 859/561/500 868/564/503
f 867/563/502 868/564/503 869/565/504
s 31
f 870/566/505 871/567/506 872/568/507
f 871/567/506 853/555/494 872/568/507
f 852/554/493 872/568/507 853/555/494
s 32
f 876/569/508 859/561/500 856/558/497
f 859/561/500 876/569/508 868/564/503
s 31
f 871/567/506 877/570/509 853/555/494
f 850/552/491 853/555/494 877/570/509
f 877/570/509 851/553/492 850/552/491
f 851/553/492 877/570/509 879/571/510
s 32
f 880/572/511 876/569/508 860/562/501
f 856/558/497 860/562/501 876/569/508
s 31
f 879/571/510 849/551/490 851/553/492
f 849/551/490 879/571/510 882/573/512
f 882/573/512 879/571/510 883/574/513
s 32
f 884/575/514 880/572/511 885/576/515
f 885/576/515 880/572/511 855/557/496
f 860/562/501 855/557/496 880/572/511
s 31
f 849/551/490 888/577/501 854/556/495
f 888/577/501 849/551/490 882/573/512
s 32
f 885/576/515 855/557/496 889/578/492
f 857/559/498 889/578/492 855/557/496
s 31
f 888/577/501 852/554/493 854/556/495
f 852/554/493 888/577/501 872/568/507
s 32
f 867/563/502 889/578/492 858/560/499
f 857/559/498 858/560/499 889/578/492
f 884/575/514 876/569/508 880/572/511
f 876/569/508 869/565/504 868/564/503
f 869/565/504 876/569/508 891/579/516
f 891/579/516 876/569/508 884/575/514
s 31
f 883/574/513 877/570/509 892/580/517
f 892/580/517 877/570/509 870/566/505
f 871/567/506 870/566/505 877/570/509
f 879/571/510 877/570/509 883/574/513
f 888/577/501 870/566/505 872/568/507
f 870/566/505 888/577/501 894/581/518
f 894/581/518 888/577/501 883/574/513
f 883/574/513 888/577/501 882/573/512
s 32
f 885/576/515 889/578/492 884/575/514
f 884/575/514 889/578/492 895/582/519
f 895/582/519 889/578/492 869/565/504
f 867/563/502 869/565/504 889/578/492
s 33
f 896/583/520 897/583/521 898/583/522
f 897/583/521 896/583/520 899/583/523
f 908/583/524 896/583/520 898/583/522
f 896/583/520 908/583/524 909/583/525
f 896/583/520 914/583/526 899/583/523
f 914/583/526 896/583/520 909/583/525
f 914/583/526 897/583/521 899/583/523
f 897/583/521 914/583/526 917/583/527
f 908/583/524 897/583/521 917/583/527
f 897/583/521 908/583/524 898/583/522
f 914/583/526 908/583/524 917/583/527
f 908/583/524 914/583/526 909/583/525
s 34
f 900/584/528 901/584/527 902/584/489
f 903/584/526 902/584/489 901/584/527
f 910/584/529 911/584/530 901/584/527
f 903/584/526 901/584/527 911/584/530
f 910/584/529 901/584/527 915/584/522
f 900/584/528 915/584/522 901/584/527
f 918/584/392 915/584/522 902/584/489
f 900/584/528 902/584/489 915/584/522
f 903/584/526 911/584/530 902/584/489
f 918/584/392 902/584/489 911/584/530
f 910/584/529 915/584/522 911/584/530
f 918/584/392 911/584/530 915/584/522
s 35
f 920/585/526 921/585/528 922/585/527
f 921/585/528 920/585/526 923/585/525
f 932/585/531 920/585/526 922/585/527
f 920/585/526 932/585/531 933/585/523
f 920/585/526 938/585/520 923/585/525
f 938/585/520 920/585/526 933/585/523
f 938/585/520 921/585/528 923/585/525
f 921/585/528 938/585/520 941/585/522
f 932/585/531 921/585/528 941/585/522
f 921/585/528 932/585/531 922/585/527
f 938/585/520 932/585/531 941/585/522
f 932/585/531 938/585/520 933/585/523
s 36
f 924/586/521 925/586/522 926/586/395
f 927/586/520 926/586/395 925/586/522
f 934/586/532 935/586/533 925/586/522
f 927/586/520 925/586/522 935/586/533
f 934/586/532 925/586/522 939/586/527
f 924/586/521 939/586/527 925/586/522
f 942/586/486 939/586/527 926/586/395
f 924/586/521 926/586/395 939/586/527
f 927/586/520 935/586/533 926/586/395
f 942/586/486 926/586/395 935/586/533
f 934/586/532 939/586/527 935/586/533
f 942/586/486 935/586/533 939/586/527
s 37
f 944/587/534 945/587/535 946/587/536
f 945/587/535 944/587/534 947/587/537
f 956/587/538 944/587/534 946/587/536
f 944/587/534 956/587/538 957/587/539
f 962/587/540 957/587/539 963/587/541
f 957/587/539 962/587/540 964/587/542
f 957/587/539 964/587/542 944/587/534
f 944/587/534 964/587/542 965/587/543
f 944/587/534 965/587/543 947/587/537
f 947/587/537 965/587/543 966/587/544
f 947/587/537 966/587/544 967/587/545
f 967/587/545 966/587/544 968/587/546
f 967/587/545 968/587/546 969/587/547
f 969/587/547 968/587/546 970/587/548
f 970/587/548 968/587/546 971/587/549
f 970/587/548 971/587/549 972/587/550
f 972/587/550 971/587/549 973/587/551
f 972/587/550 973/587/551 974/587/552
f 974/587/552 973/587/551 975/587/553
f 974/587/552 975/587/553 976/587/554
f 976/587/554 975/587/553 977/587/555
f 976/587/554 977/587/555 978/587/556
f 1013/587/557 947/587/537 967/587/545
f 947/587/537 1013/587/557 945/587/535
f 956/587/538 1016/587/558 1017/587/559
f 1016/587/558 956/587/538 946/587/536
f 1016/587/558 946/587/536 1018/587/560
f 1018/587/560 946/587/536 945/587/535
f 1018/587/560 945/587/535 1019/587/561
f 1019/587/561 945/587/535 1013/587/557
f 1019/587/561 1013/587/557 1020/587/562
f 1020/587/562 1013/587/557 1021/587/563
f 1021/587/563 1013/587/557 1022/587/564
f 1021/587/563 1022/587/564 1023/587/565
f 1021/587/563 1023/587/565 1024/587/566
f 1024/587/566 1023/587/565 1025/587/567
f 1024/587/566 1025/587/567 1026/587/568
f 1026/587/568 1025/587/567 1027/587/569
f 1026/587/568 1027/587/569 1028/587/570
f 1028/587/570 1027/587/569 1029/587/571
f 1028/587/570 1029/587/571 1030/587/572
f 1030/587/572 1029/587/571 1031/587/573
f 1017/587/559 957/587/539 956/587/538
f 957/587/539 1017/587/559 963/587/541
f 1020/587/562 968/587/546 966/587/544
f 968/587/546 1020/587/562 1021/587/563
f 1021/587/563 971/587/549 968/587/546
f 971/587/549 1021/587/563 1024/587/566
f 1024/587/566 973/587/551 971/587/549
f 973/587/551 1024/587/566 1026/587/568
f 1026/587/568 975/587/553 973/587/551
f 975/587/553 1026/587/568 1028/587/570
f 975/587/553 1030/587/572 977/587/555
f 1030/587/572 975/587/553 1028/587/570
f 977/587/555 1031/587/573 978/587/556
f 1031/587/573 977/587/555 1030/587/572
f 976/587/554 1031/587/573 1029/587/571
f 1031/587/573 976/587/554 978/587/556
f 974/587/552 1029/587/571 1027/587/569
f 1029/587/571 974/587/552 976/587/554
f 974/587/552 1025/587/567 972/587/550
f 1025/587/567 974/587/552 1027/587/569
f 1025/587/567 970/587/548 972/587/550
f 970/587/548 1025/587/567 1023/587/565
f 970/587/548 1022/587/564 969/587/547
f 1022/587/564 970/587/548 1023/587/565
f 1022/587/564 967/587/545 969/587/547
f 967/587/545 1022/587/564 1013/587/557
f 1017/587/559 962/587/540 963/587/541
f 962/587/540 1017/587/559 1016/587/558
f 1016/587/558 964/587/542 962/587/540
f 964/587/542 1016/587/558 1018/587/560
f 1019/587/561 964/587/542 1018/587/560
f 964/587/542 1019/587/561 965/587/543
f 1019/587/561 966/587/544 965/587/543
f 966/587/544 1019/587/561 1020/587/562
s 38
f 948/588/574 949/588/575 950/588/576
f 951/588/577 950/588/576 949/588/575
f 958/588/578 959/588/579 949/588/575
f 951/588/577 949/588/575 959/588/579
f 979/588/580 980/588/581 981/588/582
f 980/588/581 982/588/583 981/588/582
f 981/588/582 982/588/583 983/588/584
f 982/588/583 984/588/585 983/588/584
f 983/588/584 984/588/585 985/588/586
f 984/588/585 986/588/587 985/588/586
f 985/588/586 986/588/587 987/588/588
f 986/588/587 988/588/589 987/588/588
f 987/588/588 988/588/589 989/588/590
f 989/588/590 988/588/589 990/588/591
f 988/588/589 991/588/592 990/588/591
f 990/588/591 991/588/592 948/588/574
f 991/588/592 992/588/593 948/588/574
f 948/588/574 992/588/593 949/588/575
f 992/588/593 993/588/594 949/588/575
f 949/588/575 993/588/594 958/588/578
f 993/588/594 994/588/595 958/588/578
f 995/588/596 958/588/578 994/588/595
f 950/588/576 1014/588/597 948/588/574
f 990/588/591 948/588/574 1014/588/597
f 1032/588/598 1033/588/599 1034/588/600
f 1034/588/600 1033/588/599 1035/588/601
f 1033/588/599 1036/588/602 1035/588/601
f 1035/588/601 1036/588/602 1037/588/603
f 1036/588/602 1038/588/604 1037/588/603
f 1037/588/603 1038/588/604 1039/588/605
f 1038/588/604 1040/588/606 1039/588/605
f 1039/588/605 1040/588/606 1041/588/607
f 1040/588/606 1042/588/608 1041/588/607
f 1042/588/608 1014/588/597 1041/588/607
f 1041/588/607 1014/588/597 1043/588/609
f 1043/588/609 1014/588/597 1044/588/610
f 1014/588/597 950/588/576 1044/588/610
f 1044/588/610 950/588/576 1045/588/611
f 950/588/576 951/588/577 1045/588/611
f 1045/588/611 951/588/577 1046/588/612
f 951/588/577 959/588/579 1046/588/612
f 1047/588/613 1046/588/612 959/588/579
f 995/588/596 1047/588/613 958/588/578
f 959/588/579 958/588/578 1047/588/613
f 1041/588/607 1043/588/609 988/588/589
f 991/588/592 988/588/589 1043/588/609
f 1039/588/605 1041/588/607 986/588/587
f 988/588/589 986/588/587 1041/588/607
f 1037/588/603 1039/588/605 984/588/585
f 986/588/587 984/588/585 1039/588/605
f 1035/588/601 1037/588/603 982/588/583
f 984/588/585 982/588/583 1037/588/603
f 1035/588/601 982/588/583 1034/588/600
f 980/588/581 1034/588/600 982/588/583
f 1034/588/600 980/588/581 1032/588/598
f 979/588/580 1032/588/598 980/588/581
f 979/588/580 981/588/582 1032/588/598
f 1033/588/599 1032/588/598 981/588/582
f 981/588/582 983/588/584 1033/588/599
f 1036/588/602 1033/588/599 983/588/584
f 1036/588/602 983/588/584 1038/588/604
f 985/588/586 1038/588/604 983/588/584
f 1040/588/606 1038/588/604 987/588/588
f 985/588/586 987/588/588 1038/588/604
f 1040/588/606 987/588/588 1042/588/608
f 989/588/590 1042/588/608 987/588/588
f 1014/588/597 1042/588/608 990/588/591
f 989/588/590 990/588/591 1042/588/608
f 1046/588/612 1047/588/613 994/588/595
f 995/588/596 994/588/595 1047/588/613
f 1045/588/611 1046/588/612 993/588/594
f 994/588/595 993/588/594 1046/588/612
f 992/588/593 1044/588/610 993/588/594
f 1045/588/611 993/588/594 1044/588/610
f 1043/588/609 1044/588/610 991/588/592
f 992/588/593 991/588/592 1044/588/610
s 39
f 1064/589/614 1065/589/615 1066/589/616
f 1065/589/615 1064/589/614 1067/589/617
s 40
f 1068/590/618 1069/590/619 1070/590/620
f 1071/590/621 1070/590/620 1069/590/619
s 39
f 1076/589/622 1064/589/614 1077/589/623
f 1064/589/614 1076/589/622 1067/589/617
s 40
f 1068/590/618 1078/590/624 1069/590/619
f 1079/590/615 1069/590/619 1078/590/624
s 39
f 1065/589/615 1076/589/622 1082/589/625
f 1076/589/622 1065/589/615 1067/589/617
s 40
f 1068/590/618 1070/590/620 1078/590/624
f 1083/590/614 1078/590/624 1070/590/620
s 39
f 1065/589/615 1085/589/618 1066/589/616
f 1085/589/618 1065/589/615 1082/589/625
s 40
f 1083/590/614 1070/590/620 1086/590/626
f 1071/590/621 1086/590/626 1070/590/620
s 39
f 1064/589/614 1085/589/618 1077/589/623
f 1085/589/618 1064/589/614 1066/589/616
s 40
f 1071/590/621 1069/590/619 1086/590/626
f 1079/590/615 1086/590/626 1069/590/619
s 39
f 1076/589/622 1085/589/618 1082/589/625
f 1085/589/618 1076/589/622 1077/589/623
s 40
f 1079/590/615 1078/590/624 1086/590/626
f 1083/590/614 1086/590/626 1078/590/624
s 41
f 1088/591/191 1089/592/191 1090/593/191
f 1089/592/191 1088/591/191 1091/594/191
f 1091/594/191 1088/591/191 1092/595/191
f 1091/594/191 1092/595/191 1093/596/191
f 1093/596/191 1092/595/191 1094/597/191
f 1093/596/191 1094/597/191 1095/598/191
f 1095/598/191 1094/597/191 1096/599/191
f 1095/598/191 1096/599/191 1097/600/191
f 1097/600/191 1096/599/191 1098/601/191
f 1097/600/191 1098/601/191 1099/602/191
f 1097/600/191 1099/602/191 1100/603/191
f 1100/603/191 1099/602/191 1101/604/191
f 1101/604/191 1099/602/191 1102/605/191
f 1101/604/191 1102/605/191 1103/606/191
s 42
f 1104/607/190 1105/608/190 1106/609/190
f 1105/608/190 1107/610/190 1106/609/190
f 1106/609/190 1107/610/190 1108/611/190
f 1108/611/190 1107/610/190 1109/612/190
f 1107/610/190 1110/613/190 1109/612/190
f 1110/613/190 1111/614/190 1109/612/190
f 1109/612/190 1111/614/190 1112/615/190
f 1111/614/190 1113/616/190 1112/615/190
f 1112/615/190 1113/616/190 1114/617/190
f 1113/616/190 1115/618/190 1114/617/190
f 1114/617/190 1115/618/190 1116/619/190
f 1115/618/190 1117/620/190 1116/619/190
f 1116/619/190 1117/620/190 1118/621/190
f 1119/622/190 1118/621/190 1117/620/190
s 43
f 1136/623/627 1137/624/628 1138/625/629
s 44
f 1139/626/630 1140/627/631 1141/628/632
s 45
f 1143/629/633 1144/630/634 1138/631/635
s 46
f 1139/632/636 1145/633/637 1146/634/638
s 47
f 1147/635/639 1148/636/640 1144/637/641
s 48
f 1145/638/642 1149/639/643 1150/640/644
s 49
f 1151/641/645 1152/642/646 1148/643/647
s 50
f 1149/644/648 1153/645/649 1154/646/650
s 51
f 1155/647/651 1156/648/652 1152/649/653
s 52
f 1153/650/654 1157/651/655 1158/652/656
s 53
f 1159/653/657 1160/654/658 1156/655/659
s 54
f 1157/656/660 1161/657/661 1162/658/662
s 55
f 1163/659/663 1164/660/664 1160/661/665
s 56
f 1161/662/666 1165/663/667 1166/664/668
s 57
f 1167/665/669 1168/666/670 1164/667/671
s 58
f 1165/668/672 1169/669/673 1170/670/674
s 59
f 1171/671/675 1168/672/676 1172/673/677
s 60
f 1173/674/678 1169/675/679 1174/676/680
s 61
f 1175/677/681 1171/678/682 1176/679/683
s 62
f 1177/680/684 1174/681/685 1178/682/686
s 63
f 1179/683/687 1175/684/688 1180/685/689
s 64
f 1181/686/690 1178/687/691 1182/688/692
s 65
f 1183/689/693 1184/690/694 1179/691/695
s 66
f 1182/692/696 1185/693/697 1186/694/698
s 67
f 1187/695/699 1188/696/700 1184/697/701
s 68
f 1185/698/702 1189/699/703 1190/700/704
s 69
f 1191/701/705 1192/702/706 1188/703/707
s 70
f 1189/704/708 1193/705/709 1194/706/710
s 71
f 1195/707/711 1196/708/712 1192/709/713
s 72
f 1193/710/714 1197/711/715 1198/712/716
s 73
f 1196/713/717 1199/714/718 1136/715/719
s 74
f 1141/716/720 1200/717/721 1197/718/722
s 75
f 1201/719/723 1202/719/724 1203/719/725
f 1202/719/724 1201/719/723 1204/719/726
s 76
f 1205/720/727 1206/720/728 1207/720/729
f 1208/720/730 1207/720/729 1206/720/728
s 75
f 1213/719/731 1201/719/723 1214/719/732
f 1201/719/723 1213/719/731 1204/719/726
s 76
f 1205/720/727 1215/720/733 1206/720/728
f 1216/720/734 1206/720/728 1215/720/733
s 75
f 1202/719/724 1213/719/731 1219/719/735
f 1213/719/731 1202/719/724 1204/719/726
s 76
f 1205/720/727 1207/720/729 1215/720/733
f 1220/720/736 1215/720/733 1207/720/729
s 75
f 1202/719/724 1222/719/737 1203/719/725
f 1222/719/737 1202/719/724 1219/719/735
s 76
f 1220/720/736 1207/720/729 1223/720/738
f 1208/720/730 1223/720/738 1207/720/729
s 75
f 1201/719/723 1222/719/737 1214/719/732
f 1222/719/737 1201/719/723 1203/719/725
s 76
f 1208/720/730 1206/720/728 1223/720/738
f 1216/720/734 1223/720/738 1206/720/728
s 75
f 1213/719/731 1222/719/737 1219/719/735
f 1222/719/737 1213/719/731 1214/719/732
s 76
f 1216/720/734 1215/720/733 1223/720/738
f 1220/720/736 1223/720/738 1215/720/733
s 77
f 1225/721/614 1226/721/615 1227/721/616
f 1226/721/615 1225/721/614 1228/721/617
s 78
f 1229/722/618 1230/722/619 1231/722/620
f 1232/722/621 1231/722/620 1230/722/619
s 77
f 1237/721/621 1225/721/614 1238/721/623
f 1225/721/614 1237/721/621 1228/721/617
s 78
f 1229/722/618 1239/722/624 1230/722/619
f 1240/722/615 1230/722/619 1239/722/624
s 77
f 1226/721/615 1237/721/621 1243/721/625
f 1237/721/621 1226/721/615 1228/721/617
s 78
f 1229/722/618 1231/722/620 1239/722/624
f 1244/722/739 1239/722/624 1231/722/620
s 77
f 1226/721/615 1246/721/618 1227/721/616
f 1246/721/618 1226/721/615 1243/721/625
s 78
f 1244/722/739 1231/722/620 1247/722/626
f 1232/722/621 1247/722/626 1231/722/620
s 77
f 1225/721/614 1246/721/618 1238/721/623
f 1246/721/618 1225/721/614 1227/721/616
s 78
f 1232/722/621 1230/722/619 1247/722/626
f 1240/722/615 1247/722/626 1230/722/619
s 77
f 1237/721/621 1246/721/618 1243/721/625
f 1246/721/618 1237/721/621 1238/721/623
s 78
f 1240/722/615 1239/722/624 1247/722/626
f 1244/722/739 1247/722/626 1239/722/624
s 79
f 1249/723/723 1250/723/724 1251/723/725
f 1250/723/724 1249/723/723 1252/723/726
s 80
f 1253/724/727 1254/724/728 1255/724/729
f 1256/724/730 1255/724/729 1254/724/728
s 79
f 1261/723/731 1249/723/723 1262/723/732
f 1249/723/723 1261/723/731 1252/723/726
s 80
f 1253/724/727 1263/724/733 1254/724/728
f 1264/724/734 1254/724/728 1263/724/733
s 79
f 1250/723/724 1261/723/731 1267/723/735
f 1261/723/731 1250/723/724 1252/723/726
s 80
f 1253/724/727 1255/724/729 1263/724/733
f 1268/724/736 1263/724/733 1255/724/729
s 79
f 1250/723/724 1270/723/737 1251/723/725
f 1270/723/737 1250/723/724 1267/723/735
s 80
f 1268/724/736 1255/724/729 1271/724/738
f 1256/724/730 1271/724/738 1255/724/729
s 79
f 1249/723/723 1270/723/737 1262/723/732
f 1270/723/737 1249/723/723 1251/723/725
s 80
f 1256/724/730 1254/724/728 1271/724/738
f 1264/724/734 1271/724/738 1254/724/728
s 79
f 1261/723/731 1270/723/737 1267/723/735
f 1270/723/737 1261/723/731 1262/723/732
s 80
f 1264/724/734 1263/724/733 1271/724/738
f 1268/724/736 1271/724/738 1263/724/733
s 81
f 1273/725/190 1274/726/190 1275/727/190
f 1274/726/190 1273/725/190 1276/728/190
f 1276/728/190 1273/725/190 1277/729/190
f 1276/728/190 1277/729/190 1278/730/190
f 1278/730/190 1277/729/190 1279/731/190
f 1278/730/190 1279/731/190 1280/732/190
f 1280/732/190 1279/731/190 1281/733/190
f 1280/732/190 1281/733/190 1282/734/190
f 1282/734/190 1281/733/190 1283/735/190
f 1282/734/190 1283/735/190 1284/736/190
f 1282/734/190 1284/736/190 1285/737/190
f 1285/737/190 1284/736/190 1286/738/190
f 1286/738/190 1284/736/190 1287/739/190
f 1286/738/190 1287/739/190 1288/740/190
s 82
f 1289/741/191 1290/742/191 1291/743/191
f 1290/742/191 1292/744/191 1291/743/191
f 1291/743/191 1292/744/191 1293/745/191
f 1293/745/191 1292/744/191 1294/746/191
f 1292/744/191 1295/747/191 1294/746/191
f 1295/747/191 1296/748/191 1294/746/191
f 1294/746/191 1296/748/191 1297/749/191
f 1296/748/191 1298/750/191 1297/749/191
f 1297/749/191 1298/750/191 1299/751/191
f 1298/750/191 1300/752/191 1299/751/191
f 1299/751/191 1300/752/191 1301/753/191
f 1300/752/191 1302/754/191 1301/753/191
f 1301/753/191 1302/754/191 1303/755/191
f 1304/756/191 1303/755/191 1302/754/191
s 83
f 1321/757/686 1322/758/740 1323/759/685
s 84
f 1324/760/682 1325/761/741 1326/762/681
s 85
f 1328/763/742 1329/764/679 1323/765/743
s 86
f 1324/766/675 1330/767/744 1331/768/745
s 87
f 1332/769/746 1333/770/747 1329/771/748
s 88
f 1330/772/749 1334/773/750 1335/774/669
s 89
f 1336/775/668 1337/776/751 1333/777/752
s 90
f 1334/778/753 1338/779/754 1339/780/663
s 91
f 1340/781/662 1341/782/660 1337/783/661
s 92
f 1338/784/658 1342/785/755 1343/786/657
s 93
f 1344/787/656 1345/788/654 1341/789/655
s 94
f 1342/790/756 1346/791/653 1347/792/651
s 95
f 1348/793/650 1349/794/757 1345/795/758
s 96
f 1346/796/759 1350/797/647 1351/798/645
s 97
f 1352/799/644 1353/800/760 1349/801/761
s 98
f 1350/802/762 1354/803/763 1355/804/764
s 99
f 1356/805/636 1353/806/765 1357/807/766
s 100
f 1358/808/767 1354/809/634 1359/810/768
s 101
f 1360/811/632 1356/812/630 1361/813/769
s 102
f 1362/814/770 1359/815/629 1363/816/627
s 103
f 1364/817/771 1360/818/772 1365/819/773
s 104
f 1366/820/774 1363/821/719 1367/822/775
s 105
f 1368/823/716 1369/824/714 1364/825/776
s 106
f 1367/826/777 1370/827/778 1371/828/711
s 107
f 1372/829/710 1373/830/708 1369/831/779
s 108
f 1370/832/706 1374/833/780 1375/834/705
s 109
f 1376/835/704 1377/836/702 1373/837/781
s 110
f 1374/838/700 1378/839/701 1379/840/699
s 111
f 1380/841/698 1381/842/782 1377/843/783
s 112
f 1378/844/694 1382/845/784 1383/846/693
s 113
f 1381/847/785 1384/848/786 1321/849/691
s 114
f 1326/850/688 1385/851/787 1382/852/687
s 115
f 1390/853/788 1391/854/788 1392/855/789
f 1393/856/789 1392/855/789 1391/854/788
f 1400/857/790 1401/858/790 1390/853/788
f 1391/854/788 1390/853/788 1401/858/790
f 1392/855/789 1393/856/789 1406/859/791
f 1407/860/791 1406/859/791 1393/856/789
f 1412/861/792 1401/858/790 1413/862/792
f 1400/857/790 1413/862/792 1401/858/790
f 1406/859/791 1407/860/791 1418/863/793
f 1419/864/793 1418/863/793 1407/860/791
f 1424/865/794 1412/861/792 1425/866/794
f 1413/862/792 1425/866/794 1412/861/792
f 1419/864/793 1430/867/795 1418/863/793
f 1431/868/795 1418/863/793 1430/867/795
f 1436/869/796 1424/865/794 1437/870/796
f 1425/866/794 1437/870/796 1424/865/794
f 1430/867/795 1442/871/797 1431/868/795
f 1443/872/797 1431/868/795 1442/871/797
f 1448/873/798 1436/869/796 1449/874/798
f 1437/870/796 1449/874/798 1436/869/796
f 1442/871/797 1454/875/799 1443/872/797
f 1455/876/799 1443/872/797 1454/875/799
f 1448/873/798 1449/874/798 1460/877/800
f 1461/878/800 1460/877/800 1449/874/798
f 1454/875/799 1466/879/801 1455/876/799
f 1467/880/801 1455/876/799 1466/879/801
f 1460/877/800 1461/878/800 1472/881/802
f 1473/882/802 1472/881/802 1461/878/800
f 1478/883/803 1479/884/803 1466/879/801
f 1467/880/801 1466/879/801 1479/884/803
f 1472/881/802 1473/882/802 1478/883/803
f 1479/884/803 1478/883/803 1473/882/802
s 116
f 1498/885/804 1499/886/804 1500/887/804
f 1500/887/804 1499/886/804 1501/888/804
f 1499/886/804 1502/889/804 1501/888/804
f 1501/888/804 1502/889/804 1503/890/804
f 1502/889/804 1504/891/804 1503/890/804
f 1503/890/804 1504/891/804 1505/892/804
f 1504/891/804 1506/893/804 1505/892/804
f 1505/892/804 1506/893/804 1507/894/804
f 1506/893/804 1508/895/804 1507/894/804
f 1507/894/804 1508/895/804 1509/896/804
f 1508/895/804 1510/897/804 1509/896/804
f 1509/896/804 1510/897/804 1511/898/804
f 1510/897/804 1512/899/804 1511/898/804
f 1513/900/804 1511/898/804 1512/899/804
s 117
f 1546/901/805 1547/902/806 1548/903/806
f 1548/903/806 1547/902/806 1549/904/806
f 1547/902/806 1550/905/806 1549/904/806
f 1549/904/806 1550/905/806 1551/906/806
f 1550/905/806 1552/907/806 1551/906/806
f 1551/906/806 1552/907/806 1553/908/806
f 1552/907/806 1554/909/806 1553/908/806
f 1553/908/806 1554/909/806 1555/910/806
f 1554/909/806 1556/911/806 1555/910/806
f 1555/910/806 1556/911/806 1557/912/806
f 1556/911/806 1558/913/806 1557/912/806
f 1557/912/806 1558/913/806 1559/914/806
f 1558/913/806 1560/915/806 1559/914/806
f 1561/916/806 1559/914/806 1560/915/806
s 118
f 1582/917/807 1583/918/807 1584/919/808
f 1585/920/808 1584/919/808 1583/918/807
f 1592/921/809 1593/922/809 1582/917/807
f 1583/918/807 1582/917/807 1593/922/809
f 1584/919/808 1585/920/808 1598/923/810
f 1599/924/810 1598/923/810 1585/920/808
f 1604/925/811 1593/922/809 1605/926/811
f 1592/921/809 1605/926/811 1593/922/809
f 1598/923/810 1599/924/810 1610/927/812
f 1611/928/812 1610/927/812 1599/924/810
f 1616/929/813 1604/925/811 1617/930/813
f 1605/926/811 1617/930/813 1604/925/811
f 1611/928/812 1622/931/814 1610/927/812
f 1623/932/814 1610/927/812 1622/931/814
f 1628/933/815 1616/929/813 1629/934/815
f 1617/930/813 1629/934/815 1616/929/813
f 1622/931/814 1634/935/816 1623/932/814
f 1635/936/816 1623/932/814 1634/935/816
f 1640/937/817 1628/933/815 1641/938/817
f 1629/934/815 1641/938/817 1628/933/815
f 1634/935/816 1646/939/818 1635/936/816
f 1647/940/818 1635/936/816 1646/939/818
f 1640/937/817 1641/938/817 1652/941/819
f 1653/942/819 1652/941/819 1641/938/817
f 1646/939/818 1658/943/820 1647/940/818
f 1659/944/820 1647/940/818 1658/943/820
f 1652/941/819 1653/942/819 1664/945/821
f 1665/946/821 1664/945/821 1653/942/819
f 1670/947/822 1671/948/822 1658/943/820
f 1659/944/820 1658/943/820 1671/948/822
f 1664/945/821 1665/946/821 1670/947/822
f 1671/948/822 1670/947/822 1665/946/821
s 119
f 1690/949/823 1691/950/824 1692/951/824
f 1692/951/824 1691/950/824 1693/952/824
f 1691/950/824 1694/953/824 1693/952/824
f 1693/952/824 1694/953/824 1695/954/824
f 1694/953/824 1696/955/824 1695/954/824
f 1695/954/824 1696/955/824 1697/956/824
f 1696/955/824 1698/957/824 1697/956/824
f 1697/956/824 1698/957/824 1699/958/824
f 1698/957/824 1700/959/824 1699/958/824
f 1699/958/824 1700/959/824 1701/960/824
f 1700/959/824 1702/961/824 1701/960/824
f 1701/960/824 1702/961/824 1703/962/824
f 1702/961/824 1704/963/824 1703/962/824
f 1705/964/823 1703/962/824 1704/963/824
s 120
f 1738/965/825 1739/966/825 1740/967/825
f 1740/967/825 1739/966/825 1741/968/825
f 1739/966/825 1742/969/825 1741/968/825
f 1741/968/825 1742/969/825 1743/970/825
f 1742/969/825 1744/971/825 1743/970/825
f 1743/970/825 1744/971/825 1745/972/825
f 1744/971/825 1746/973/825 1745/972/825
f 1745/972/825 1746/973/825 1747/974/825
f 1746/973/825 1748/975/825 1747/974/825
f 1747/974/825 1748/975/825 1749/976/825
f 1748/975/825 1750/977/825 1749/976/825
f 1749/976/825 1750/977/825 1751/978/825
f 1750/977/825 1752/979/825 1751/978/825
f 1753/980/825 1751/978/825 1752/979/825
s 121
f 1774/981/826 1775/982/826 1776/983/827
f 1777/984/827 1776/983/827 1775/982/826
f 1784/985/828 1785/986/828 1774/981/826
f 1775/982/826 1774/981/826 1785/986/828
f 1776/983/827 1777/984/827 1790/987/829
f 1791/988/829 1790/987/829 1777/984/827
f 1796/989/830 1785/986/828 1797/990/830
f 1784/985/828 1797/990/830 1785/986/828
f 1790/987/829 1791/988/829 1802/991/831
f 1803/992/831 1802/991/831 1791/988/829
f 1808/993/832 1796/989/830 1809/994/832
f 1797/990/830 1809/994/832 1796/989/830
f 1803/992/831 1814/995/833 1802/991/831
f 1815/996/833 1802/991/831 1814/995/833
f 1820/997/834 1808/993/832 1821/998/834
f 1809/994/832 1821/998/834 1808/993/832
f 1814/995/833 1826/999/835 1815/996/833
f 1827/1000/835 1815/996/833 1826/999/835
f 1832/1001/836 1820/997/834 1833/1002/836
f 1821/998/834 1833/1002/836 1820/997/834
f 1826/999/835 1838/1003/837 1827/1000/835
f 1839/1004/837 1827/1000/835 1838/1003/837
f 1832/1001/836 1833/1002/836 1844/1005/838
f 1845/1006/838 1844/1005/838 1833/1002/836
f 1838/1003/837 1850/1007/839 1839/1004/837
f 1851/1008/839 1839/1004/837 1850/1007/839
f 1844/1005/838 1845/1006/838 1856/1009/840
f 1857/1010/840 1856/1009/840 1845/1006/838
f 1862/1011/841 1863/1012/841 1850/1007/839
f 1851/1008/839 1850/1007/839 1863/1012/841
f 1856/1009/840 1857/1010/840 1862/1011/841
f 1863/1012/841 1862/1011/841 1857/1010/840
s 122
f 1882/1013/842 1883/1014/842 1884/1015/842
f 1884/1015/842 1883/1014/842 1885/1016/842
f 1883/1014/842 1886/1017/842 1885/1016/842
f 1885/1016/842 1886/1017/842 1887/1018/842
f 1886/1017/842 1888/1019/842 1887/1018/842
f 1887/1018/842 1888/1019/842 1889/1020/842
f 1888/1019/842 1890/1021/842 1889/1020/842
f 1889/1020/842 1890/1021/842 1891/1022/842
f 1890/1021/842 1892/1023/842 1891/1022/842
f 1891/1022/842 1892/1023/842 1893/1024/842
f 1892/1023/842 1894/1025/842 1893/1024/842
f 1893/1024/842 1894/1025/842 1895/1026/842
f 1894/1025/842 1896/1027/842 1895/1026/842
f 1897/1028/842 1895/1026/842 1896/1027/842
s 123
f 1930/1029/843 1931/1030/843 1932/1031/844
f 1932/1031/844 1931/1030/843 1933/1032/843
f 1931/1030/843 1934/1033/843 1933/1032/843
f 1933/1032/843 1934/1033/843 1935/1034/843
f 1934/1033/843 1936/1035/843 1935/1034/843
f 1935/1034/843 1936/1035/843 1937/1036/843
f 1936/1035/843 1938/1037/843 1937/1036/843
f 1937/1036/843 1938/1037/843 1939/1038/843
f 1938/1037/843 1940/1039/843 1939/1038/843
f 1939/1038/843 1940/1039/843 1941/1040/843
f 1940/1039/843 1942/1041/843 1941/1040/843
f 1941/1040/843 1942/1041/843 1943/1042/843
f 1942/1041/843 1944/1043/843 1943/1042/843
f 1945/1044/843 1943/1042/843 1944/1043/843
s 124
f 1966/1045/845 1967/1046/845 1968/1047/846
f 1969/1048/846 1968/1047/846 1967/1046/845
f 1976/1049/847 1977/1050/847 1966/1045/845
f 1967/1046/845 1966/1045/845 1977/1050/847
f 1968/1047/846 1969/1048/846 1982/1051/848
f 1983/1052/848 1982/1051/848 1969/1048/846
f 1988/1053/849 1977/1050/847 1989/1054/849
f 1976/1049/847 1989/1054/849 1977/1050/847
f 1982/1051/848 1983/1052/848 1994/1055/850
f 1995/1056/850 1994/1055/850 1983/1052/848
f 2000/1057/851 1988/1053/849 2001/1058/852
f 1989/1054/849 2001/1058/852 1988/1053/849
f 1995/1056/850 2006/1059/853 1994/1055/850
f 2007/1060/853 1994/1055/850 2006/1059/853
f 2012/1061/854 2000/1057/851 2013/1062/854
f 2001/1058/852 2013/1062/854 2000/1057/851
f 2006/1059/853 2018/1063/855 2007/1060/853
f 2019/1064/855 2007/1060/853 2018/1063/855
f 2024/1065/856 2012/1061/854 2025/1066/856
f 2013/1062/854 2025/1066/856 2012/1061/854
f 2018/1063/855 2030/1067/857 2019/1064/855
f 2031/1068/857 2019/1064/855 2030/1067/857
f 2024/1065/856 2025/1066/856 2036/1069/858
f 2037/1070/858 2036/1069/858 2025/1066/856
f 2030/1067/857 2042/1071/859 2031/1068/857
f 2043/1072/859 2031/1068/857 2042/1071/859
f 2036/1069/858 2037/1070/858 2048/1073/860
f 2049/1074/860 2048/1073/860 2037/1070/858
f 2054/1075/861 2055/1076/861 2042/1071/859
f 2043/1072/859 2042/1071/859 2055/1076/861
f 2048/1073/860 2049/1074/860 2054/1075/861
f 2055/1076/861 2054/1075/861 2049/1074/860
s 125
f 2074/1077/862 2075/1078/862 2076/1079/862
f 2076/1079/862 2075/1078/862 2077/1080/862
f 2075/1078/862 2078/1081/862 2077/1080/862
f 2077/1080/862 2078/1081/862 2079/1082/862
f 2078/1081/862 2080/1083/862 2079/1082/862
f 2079/1082/862 2080/1083/862 2081/1084/862
f 2080/1083/862 2082/1085/862 2081/1084/862
f 2081/1084/862 2082/1085/862 2083/1086/862
f 2082/1085/862 2084/1087/862 2083/1086/862
f 2083/1086/862 2084/1087/862 2085/1088/862
f 2084/1087/862 2086/1089/862 2085/1088/862
f 2085/1088/862 2086/1089/862 2087/1090/862
f 2086/1089/862 2088/1091/862 2087/1090/862
f 2089/1092/862 2087/1090/862 2088/1091/862
s 126
f 2122/1093/863 2123/1094/863 2124/1095/863
f 2124/1095/863 2123/1094/863 2125/1096/863
f 2123/1094/863 2126/1097/863 2125/1096/863
f 2125/1096/863 2126/1097/863 2127/1098/863
f 2126/1097/863 2128/1099/863 2127/1098/863
f 2127/1098/863 2128/1099/863 2129/1100/863
f 2128/1099/863 2130/1101/863 2129/1100/863
f 2129/1100/863 2130/1101/863 2131/1102/863
f 2130/1101/863 2132/1103/863 2131/1102/863
f 2131/1102/863 2132/1103/863 2133/1104/863
f 2132/1103/863 2134/1105/863 2133/1104/863
f 2133/1104/863 2134/1105/863 2135/1106/863
f 2134/1105/863 2136/1107/863 2135/1106/863
f 2137/1108/863 2135/1106/863 2136/1107/863
s 127
f 1386/1109/803 1387/1110/802 1388/1111/802
f 1387/1110/802 1386/1109/803 1389/1112/803
f 1398/1113/801 1389/1112/803 1386/1109/803
f 1389/1112/803 1398/1113/801 1399/1114/801
f 1388/1111/802 1404/1115/800 1405/1116/800
f 1404/1115/800 1388/1111/802 1387/1110/802
f 1398/1113/801 1410/1117/799 1399/1114/801
f 1410/1117/799 1398/1113/801 1411/1118/799
f 1405/1116/800 1416/1119/798 1417/1120/798
f 1416/1119/798 1405/1116/800 1404/1115/800
f 1411/1118/799 1422/1121/797 1410/1117/799
f 1422/1121/797 1411/1118/799 1423/1122/797
f 1428/1123/796 1416/1119/798 1429/1124/796
f 1416/1119/798 1428/1123/796 1417/1120/798
f 1423/1122/797 1434/1125/795 1422/1121/797
f 1434/1125/795 1423/1122/797 1435/1126/795
f 1440/1127/794 1429/1124/796 1441/1128/794
f 1429/1124/796 1440/1127/794 1428/1123/796
f 1435/1126/795 1446/1129/793 1434/1125/795
f 1446/1129/793 1435/1126/795 1447/1130/793
f 1452/1131/792 1441/1128/794 1453/1132/792
f 1441/1128/794 1452/1131/792 1440/1127/794
f 1446/1129/793 1458/1133/791 1459/1134/791
f 1458/1133/791 1446/1129/793 1447/1130/793
f 1464/1135/790 1453/1132/792 1465/1136/790
f 1453/1132/792 1464/1135/790 1452/1131/792
f 1459/1134/791 1470/1137/789 1471/1138/789
f 1470/1137/789 1459/1134/791 1458/1133/791
f 1476/1139/788 1464/1135/790 1465/1136/790
f 1464/1135/790 1476/1139/788 1477/1140/788
f 1471/1138/789 1477/1140/788 1476/1139/788
f 1477/1140/788 1471/1138/789 1470/1137/789
s 128
f 1578/1141/822 1579/1142/821 1580/1143/821
f 1579/1142/821 1578/1141/822 1581/1144/822
f 1590/1145/820 1581/1144/822 1578/1141/822
f 1581/1144/822 1590/1145/820 1591/1146/820
f 1580/1143/821 1596/1147/819 1597/1148/819
f 1596/1147/819 1580/1143/821 1579/1142/821
f 1590/1145/820 1602/1149/818 1591/1146/820
f 1602/1149/818 1590/1145/820 1603/1150/818
f 1597/1148/819 1608/1151/817 1609/1152/817
f 1608/1151/817 1597/1148/819 1596/1147/819
f 1603/1150/818 1614/1153/816 1602/1149/818
f 1614/1153/816 1603/1150/818 1615/1154/816
f 1620/1155/815 1608/1151/817 1621/1156/815
f 1608/1151/817 1620/1155/815 1609/1152/817
f 1615/1154/816 1626/1157/814 1614/1153/816
f 1626/1157/814 1615/1154/816 1627/1158/814
f 1632/1159/813 1621/1156/815 1633/1160/813
f 1621/1156/815 1632/1159/813 1620/1155/815
f 1627/1158/814 1638/1161/812 1626/1157/814
f 1638/1161/812 1627/1158/814 1639/1162/812
f 1644/1163/811 1633/1160/813 1645/1164/811
f 1633/1160/813 1644/1163/811 1632/1159/813
f 1638/1161/812 1650/1165/810 1651/1166/810
f 1650/1165/810 1638/1161/812 1639/1162/812
f 1656/1167/809 1645/1164/811 1657/1168/809
f 1645/1164/811 1656/1167/809 1644/1163/811
f 1651/1166/810 1662/1169/808 1663/1170/808
f 1662/1169/808 1651/1166/810 1650/1165/810
f 1668/1171/807 1656/1167/809 1657/1168/809
f 1656/1167/809 1668/1171/807 1669/1172/807
f 1663/1170/808 1669/1172/807 1668/1171/807
f 1669/1172/807 1663/1170/808 1662/1169/808
s 129
f 1770/1173/841 1771/1174/840 1772/1175/840
f 1771/1174/840 1770/1173/841 1773/1176/841
f 1782/1177/839 1773/1176/841 1770/1173/841
f 1773/1176/841 1782/1177/839 1783/1178/839
f 1772/1175/840 1788/1179/838 1789/1180/838
f 1788/1179/838 1772/1175/840 1771/1174/840
f 1782/1177/839 1794/1181/837 1783/1178/839
f 1794/1181/837 1782/1177/839 1795/1182/837
f 1789/1180/838 1800/1183/836 1801/1184/836
f 1800/1183/836 1789/1180/838 1788/1179/838
f 1795/1182/837 1806/1185/835 1794/1181/837
f 1806/1185/835 1795/1182/837 1807/1186/835
f 1812/1187/834 1800/1183/836 1813/1188/834
f 1800/1183/836 1812/1187/834 1801/1184/836
f 1807/1186/835 1818/1189/833 1806/1185/835
f 1818/1189/833 1807/1186/835 1819/1190/833
f 1824/1191/832 1813/1188/834 1825/1192/832
f 1813/1188/834 1824/1191/832 1812/1187/834
f 1819/1190/833 1830/1193/831 1818/1189/833
f 1830/1193/831 1819/1190/833 1831/1194/831
f 1836/1195/830 1825/1192/832 1837/1196/830
f 1825/1192/832 1836/1195/830 1824/1191/832
f 1830/1193/831 1842/1197/829 1843/1198/829
f 1842/1197/829 1830/1193/831 1831/1194/831
f 1848/1199/828 1837/1196/830 1849/1200/828
f 1837/1196/830 1848/1199/828 1836/1195/830
f 1843/1198/829 1854/1201/827 1855/1202/827
f 1854/1201/827 1843/1198/829 1842/1197/829
f 1860/1203/826 1848/1199/828 1849/1200/828
f 1848/1199/828 1860/1203/826 1861/1204/826
f 1855/1202/827 1861/1204/826 1860/1203/826
f 1861/1204/826 1855/1202/827 1854/1201/827
s 130
f 1962/1205/861 1963/1206/860 1964/1207/860
f 1963/1206/860 1962/1205/861 1965/1208/861
f 1974/1209/859 1965/1208/861 1962/1205/861
f 1965/1208/861 1974/1209/859 1975/1210/859
f 1964/1207/860 1980/1211/858 1981/1212/858
f 1980/1211/858 1964/1207/860 1963/1206/860
f 1974/1209/859 1986/1213/857 1975/1210/859
f 1986/1213/857 1974/1209/859 1987/1214/857
f 1981/1212/858 1992/1215/856 1993/1216/856
f 1992/1215/856 1981/1212/858 1980/1211/858
f 1987/1214/857 1998/1217/864 1986/1213/857
f 1998/1217/864 1987/1214/857 1999/1218/855
f 2004/1219/854 1992/1215/856 2005/1220/854
f 1992/1215/856 2004/1219/854 1993/1216/856
f 1999/1218/855 2010/1221/853 1998/1217/864
f 2010/1221/853 1999/1218/855 2011/1222/853
f 2016/1223/851 2005/1220/854 2017/1224/851
f 2005/1220/854 2016/1223/851 2004/1219/854
f 2011/1222/853 2022/1225/850 2010/1221/853
f 2022/1225/850 2011/1222/853 2023/1226/850
f 2028/1227/849 2017/1224/851 2029/1228/849
f 2017/1224/851 2028/1227/849 2016/1223/851
f 2022/1225/850 2034/1229/848 2035/1230/848
f 2034/1229/848 2022/1225/850 2023/1226/850
f 2040/1231/847 2029/1228/849 2041/1232/847
f 2029/1228/849 2040/1231/847 2028/1227/849
f 2035/1230/848 2046/1233/846 2047/1234/846
f 2046/1233/846 2035/1230/848 2034/1229/848
f 2052/1235/845 2040/1231/847 2041/1232/847
f 2040/1231/847 2052/1235/845 2053/1236/845
f 2047/1234/846 2053/1236/845 2052/1235/845
f 2053/1236/845 2047/1234/846 2046/1233/846
s 131
f 1482/1237/806 1483/1238/806 1484/1239/806
f 1483/1238/806 1482/1237/806 1485/1240/806
f 1483/1238/806 1485/1240/806 1486/1241/806
f 1486/1241/806 1485/1240/806 1487/1242/806
f 1486/1241/806 1487/1242/806 1488/1243/806
f 1488/1243/806 1487/1242/806 1489/1244/806
f 1488/1243/806 1489/1244/806 1490/1245/806
f 1490/1245/806 1489/1244/806 1491/1246/806
f 1490/1245/806 1491/1246/806 1492/1247/806
f 1492/1247/806 1491/1246/806 1493/1248/806
f 1492/1247/806 1493/1248/806 1494/1249/806
f 1494/1249/806 1493/1248/806 1495/1250/806
f 1494/1249/806 1495/1250/806 1496/1251/806
f 1496/1251/806 1495/1250/806 1497/1252/806
s 132
f 1530/1253/804 1531/1254/804 1532/1255/804
f 1531/1254/804 1530/1253/804 1533/1256/804
f 1531/1254/804 1533/1256/804 1534/1257/804
f 1534/1257/804 1533/1256/804 1535/1258/804
f 1534/1257/804 1535/1258/804 1536/1259/804
f 1536/1259/804 1535/1258/804 1537/1260/804
f 1536/1259/804 1537/1260/804 1538/1261/804
f 1538/1261/804 1537/1260/804 1539/1262/804
f 1538/1261/804 1539/1262/804 1540/1263/804
f 1540/1263/804 1539/1262/804 1541/1264/804
f 1540/1263/804 1541/1264/804 1542/1265/804
f 1542/1265/804 1541/1264/804 1543/1266/804
f 1542/1265/804 1543/1266/804 1544/1267/804
f 1544/1267/804 1543/1266/804 1545/1268/865
s 133
f 1674/1269/825 1675/1270/825 1676/1271/866
f 1675/1270/825 1674/1269/825 1677/1272/825
f 1675/1270/825 1677/1272/825 1678/1273/825
f 1678/1273/825 1677/1272/825 1679/1274/825
f 1678/1273/825 1679/1274/825 1680/1275/825
f 1680/1275/825 1679/1274/825 1681/1276/825
f 1680/1275/825 1681/1276/825 1682/1277/825
f 1682/1277/825 1681/1276/825 1683/1278/825
f 1682/1277/825 1683/1278/825 1684/1279/825
f 1684/1279/825 1683/1278/825 1685/1280/825
f 1684/1279/825 1685/1280/825 1686/1281/825
f 1686/1281/825 1685/1280/825 1687/1282/825
f 1686/1281/825 1687/1282/825 1688/1283/825
f 1688/1283/825 1687/1282/825 1689/1284/866
s 134
f 1722/1285/824 1723/1286/824 1724/1287/824
f 1723/1286/824 1722/1285/824 1725/1288/824
f 1723/1286/824 1725/1288/824 1726/1289/824
f 1726/1289/824 1725/1288/824 1727/1290/824
f 1726/1289/824 1727/1290/824 1728/1291/824
f 1728/1291/824 1727/1290/824 1729/1292/824
f 1728/1291/824 1729/1292/824 1730/1293/824
f 1730/1293/824 1729/1292/824 1731/1294/824
f 1730/1293/824 1731/1294/824 1732/1295/824
f 1732/1295/824 1731/1294/824 1733/1296/824
f 1732/1295/824 1733/1296/824 1734/1297/824
f 1734/1297/824 1733/1296/824 1735/1298/824
f 1734/1297/824 1735/1298/824 1736/1299/824
f 1736/1299/824 1735/1298/824 1737/1300/824
s 135
f 1866/1301/843 1867/1302/843 1868/1303/843
f 1867/1302/843 1866/1301/843 1869/1304/843
f 1867/1302/843 1869/1304/843 1870/1305/843
f 1870/1305/843 1869/1304/843 1871/1306/843
f 1870/1305/843 1871/1306/843 1872/1307/843
f 1872/1307/843 1871/1306/843 1873/1308/843
f 1872/1307/843 1873/1308/843 1874/1309/843
f 1874/1309/843 1873/1308/843 1875/1310/843
f 1874/1309/843 1875/1310/843 1876/1311/843
f 1876/1311/843 1875/1310/843 1877/1312/843
f 1876/1311/843 1877/1312/843 1878/1313/843
f 1878/1313/843 1877/1312/843 1879/1314/843
f 1878/1313/843 1879/1314/843 1880/1315/843
f 1880/1315/843 1879/1314/843 1881/1316/843
s 136
f 1914/1317/842 1915/1318/842 1916/1319/842
f 1915/1318/842 1914/1317/842 1917/1320/842
f 1915/1318/842 1917/1320/842 1918/1321/842
f 1918/1321/842 1917/1320/842 1919/1322/842
f 1918/1321/842 1919/1322/842 1920/1323/842
f 1920/1323/842 1919/1322/842 1921/1324/842
f 1920/1323/842 1921/1324/842 1922/1325/842
f 1922/1325/842 1921/1324/842 1923/1326/842
f 1922/1325/842 1923/1326/842 1924/1327/842
f 1924/1327/842 1923/1326/842 1925/1328/842
f 1924/1327/842 1925/1328/842 1926/1329/842
f 1926/1329/842 1925/1328/842 1927/1330/842
f 1926/1329/842 1927/1330/842 1928/1331/867
f 1928/1331/867 1927/1330/842 1929/1332/842
s 137
f 2058/1333/863 2059/1334/863 2060/1335/863
f 2059/1334/863 2058/1333/863 2061/1336/863
f 2059/1334/863 2061/1336/863 2062/1337/863
f 2062/1337/863 2061/1336/863 2063/1338/863
f 2062/1337/863 2063/1338/863 2064/1339/863
f 2064/1339/863 2063/1338/863 2065/1340/863
f 2064/1339/863 2065/1340/863 2066/1341/863
f 2066/1341/863 2065/1340/863 2067/1342/863
f 2066/1341/863 2067/1342/863 2068/1343/863
f 2068/1343/863 2067/1342/863 2069/1344/863
f 2068/1343/863 2069/1344/863 2070/1345/863
f 2070/1345/863 2069/1344/863 2071/1346/863
f 2070/1345/863 2071/1346/863 2072/1347/863
f 2072/1347/863 2071/1346/863 2073/1348/863
s 138
f 2106/1349/862 2107/1350/862 2108/1351/862
f 2107/1350/862 2106/1349/862 2109/1352/862
f 2107/1350/862 2109/1352/862 2110/1353/862
f 2110/1353/862 2109/1352/862 2111/1354/862
f 2110/1353/862 2111/1354/862 2112/1355/862
f 2112/1355/862 2111/1354/862 2113/1356/862
f 2112/1355/862 2113/1356/862 2114/1357/862
f 2114/1357/862 2113/1356/862 2115/1358/862
f 2114/1357/862 2115/1358/862 2116/1359/862
f 2116/1359/862 2115/1358/862 2117/1360/862
f 2116/1359/862 2117/1360/862 2118/1361/862
f 2118/1361/862 2117/1360/862 2119/1362/862
f 2118/1361/862 2119/1362/862 2120/1363/862
f 2120/1363/862 2119/1362/862 2121/1364/862
l 9 10
l 11 10
l 11 12
l 12 9
l 17 18
l 10 17
l 18 9
l 23 10
l 24 11
l 29 11
l 29 30
l 12 30
l 9 33
l 12 33
l 38 39
l 38 17
l 18 39
l 42 17
l 18 33
l 45 29
l 29 50
l 51 50
l 30 51
l 30 33
l 56 57
l 38 56
l 39 57
l 60 38
l 39 33
l 50 63
l 50 68
l 68 69
l 69 51
l 51 33
l 74 75
l 56 74
l 75 57
l 78 56
l 57 33
l 81 68
l 68 86
l 86 87
l 69 87
l 69 33
l 92 93
l 74 93
l 75 92
l 96 74
l 75 33
l 99 86
l 104 86
l 104 105
l 105 87
l 87 33
l 110 111
l 93 110
l 111 92
l 114 93
l 92 33
l 117 104
l 122 104
l 122 123
l 105 123
l 105 33
l 128 129
l 128 110
l 129 111
l 110 132
l 111 33
l 135 122
l 122 140
l 140 141
l 141 123
l 123 33
l 146 147
l 147 128
l 146 129
l 150 128
l 129 33
l 153 140
l 158 140
l 158 159
l 141 159
l 141 33
l 164 165
l 147 165
l 146 164
l 147 168
l 33 146
l 171 158
l 158 176
l 176 177
l 177 159
l 159 33
l 165 176
l 164 177
l 165 180
l 164 33
l 183 176
l 177 33
l 24 23
l 23 42
l 24 45
l 60 42
l 63 45
l 60 78
l 81 63
l 96 78
l 99 81
l 114 96
l 117 99
l 114 132
l 135 117
l 132 150
l 135 153
l 168 150
l 153 171
l 168 180
l 171 183
l 180 183
l 192 193
l 193 194
l 194 195
l 195 192
l 200 201
l 200 193
l 201 192
l 193 206
l 207 194
l 212 194
l 212 213
l 213 195
l 218 192
l 195 219
l 224 225
l 224 200
l 201 225
l 228 200
l 201 231
l 234 212
l 239 212
l 239 240
l 213 240
l 243 213
l 248 249
l 248 224
l 249 225
l 252 224
l 225 255
l 258 239
l 263 239
l 263 264
l 240 264
l 240 267
l 272 273
l 272 248
l 249 273
l 276 248
l 249 279
l 282 263
l 287 263
l 287 288
l 264 288
l 264 291
l 296 297
l 272 296
l 273 297
l 300 272
l 273 303
l 306 287
l 287 311
l 311 312
l 312 288
l 288 315
l 320 321
l 320 296
l 297 321
l 324 296
l 297 327
l 330 311
l 335 311
l 335 336
l 336 312
l 312 339
l 344 345
l 344 320
l 345 321
l 348 320
l 321 351
l 354 335
l 359 335
l 359 360
l 360 336
l 336 363
l 368 369
l 368 344
l 369 345
l 372 344
l 345 375
l 378 359
l 383 359
l 383 384
l 360 384
l 360 387
l 392 393
l 392 368
l 369 393
l 396 368
l 369 399
l 402 383
l 383 407
l 407 408
l 384 408
l 384 411
l 392 407
l 393 408
l 414 392
l 393 417
l 420 407
l 408 423
l 207 206
l 219 218
l 228 206
l 218 231
l 207 234
l 243 219
l 228 252
l 231 255
l 258 234
l 243 267
l 276 252
l 279 255
l 282 258
l 291 267
l 300 276
l 279 303
l 282 306
l 315 291
l 324 300
l 327 303
l 306 330
l 339 315
l 348 324
l 351 327
l 354 330
l 339 363
l 372 348
l 375 351
l 378 354
l 387 363
l 372 396
l 375 399
l 402 378
l 411 387
l 414 396
l 417 399
l 420 402
l 423 411
l 414 420
l 417 423
l 464 465
l 466 465
l 466 467
l 467 468
l 468 469
l 469 470
l 470 471
l 472 471
l 473 472
l 473 474
l 474 475
l 476 475
l 476 477
l 478 477
l 478 479
l 480 479
l 481 480
l 482 481
l 483 482
l 464 483
l 492 493
l 495 494
l 495 492
l 500 501
l 492 500
l 507 506
l 507 495
l 540 507
l 540 541
l 541 542
l 543 542
l 544 543
l 545 544
l 546 545
l 547 546
l 548 547
l 549 548
l 550 549
l 551 550
l 552 551
l 553 552
l 554 553
l 555 554
l 500 555
l 555 558
l 540 561
l 541 564
l 542 567
l 570 543
l 544 573
l 545 576
l 546 579
l 547 582
l 548 585
l 549 588
l 550 591
l 551 594
l 552 597
l 553 600
l 554 603
l 494 493
l 501 493
l 506 494
l 558 501
l 506 561
l 561 564
l 567 564
l 567 570
l 573 570
l 573 576
l 579 576
l 582 579
l 585 582
l 588 585
l 591 588
l 591 594
l 597 594
l 597 600
l 600 603
l 603 558
l 612 613
l 614 613
l 614 615
l 612 615
l 612 624
l 624 625
l 613 625
l 634 625
l 614 634
l 634 643
l 615 643
l 624 643
l 668 669
l 668 670
l 670 671
l 669 671
l 669 676
l 676 677
l 677 668
l 677 680
l 680 670
l 671 683
l 683 680
l 676 683
l 696 697
l 697 698
l 698 699
l 699 700
l 701 700
l 696 701
l 697 708
l 709 708
l 710 709
l 696 710
l 713 698
l 708 713
l 716 699
l 713 716
l 716 721
l 721 722
l 722 700
l 725 722
l 701 725
l 710 725
l 728 721
l 709 728
l 743 744
l 744 745
l 745 746
l 746 747
l 748 747
l 743 748
l 744 755
l 756 755
l 757 756
l 743 757
l 760 745
l 755 760
l 763 746
l 760 763
l 763 768
l 768 769
l 769 747
l 772 769
l 748 772
l 757 772
l 775 768
l 756 775
l 790 791
l 791 792
l 792 793
l 793 794
l 795 794
l 790 795
l 791 802
l 803 802
l 804 803
l 790 804
l 807 792
l 802 807
l 810 793
l 807 810
l 810 815
l 815 816
l 816 794
l 819 816
l 795 819
l 804 819
l 822 815
l 803 822
l 833 834
l 833 835
l 835 836
l 834 836
l 834 841
l 841 842
l 842 833
l 842 845
l 845 835
l 836 848
l 848 845
l 841 848
l 861 862
l 862 863
l 863 864
l 864 865
l 866 865
l 861 866
l 862 873
l 874 873
l 875 874
l 861 875
l 878 863
l 873 878
l 881 864
l 878 881
l 881 886
l 886 887
l 887 865
l 890 887
l 866 890
l 875 890
l 893 886
l 874 893
l 904 905
l 904 906
l 906 907
l 905 907
l 905 912
l 912 913
l 913 904
l 913 916
l 916 906
l 907 919
l 919 916
l 912 919
l 928 929
l 928 930
l 930 931
l 929 931
l 929 936
l 936 937
l 937 928
l 937 940
l 940 930
l 931 943
l 943 940
l 936 943
l 952 953
l 955 954
l 960 961
l 1015 1008
l 1051 1009
l 1062 996
l 1063 997
l 1061 998
l 1060 999
l 1059 1000
l 1001 1058
l 1002 1057
l 1056 1003
l 1004 1055
l 1054 1005
l 1053 1006
l 1052 1007
l 1010 1050
l 1049 1011
l 1048 1012
l 953 954
l 952 955
l 961 953
l 960 952
l 996 997
l 996 998
l 998 999
l 999 1000
l 1001 1000
l 1002 1001
l 1002 1003
l 1004 1003
l 1005 1004
l 1005 1006
l 1006 1007
l 1008 1007
l 1008 954
l 961 1009
l 1010 1009
l 1011 1010
l 1012 1011
l 997 1012
l 1015 955
l 1048 1049
l 1050 1049
l 1050 1051
l 1051 960
l 1015 1052
l 1052 1053
l 1053 1054
l 1055 1054
l 1055 1056
l 1056 1057
l 1057 1058
l 1058 1059
l 1060 1059
l 1060 1061
l 1062 1061
l 1063 1062
l 1048 1063
l 1072 1073
l 1073 1074
l 1075 1074
l 1072 1075
l 1080 1081
l 1073 1080
l 1081 1072
l 1080 1084
l 1074 1084
l 1084 1087
l 1087 1075
l 1081 1087
l 1120 1121
l 1122 1120
l 1123 1122
l 1124 1123
l 1125 1124
l 1126 1125
l 1127 1126
l 1128 1127
l 1129 1128
l 1130 1129
l 1131 1130
l 1132 1131
l 1133 1132
l 1134 1133
l 1135 1134
l 1121 1135
l 1120 1142
l 1142 1121
l 1142 1122
l 1142 1123
l 1142 1124
l 1142 1125
l 1142 1126
l 1142 1127
l 1142 1128
l 1142 1129
l 1142 1130
l 1142 1131
l 1142 1132
l 1142 1133
l 1142 1134
l 1142 1135
l 1209 1210
l 1210 1211
l 1212 1211
l 1209 1212
l 1217 1218
l 1210 1217
l 1218 1209
l 1217 1221
l 1211 1221
l 1221 1224
l 1224 1212
l 1218 1224
l 1233 1234
l 1234 1235
l 1236 1235
l 1233 1236
l 1241 1242
l 1234 1241
l 1242 1233
l 1241 1245
l 1235 1245
l 1245 1248
l 1248 1236
l 1242 1248
l 1257 1258
l 1258 1259
l 1260 1259
l 1257 1260
l 1265 1266
l 1258 1265
l 1266 1257
l 1265 1269
l 1259 1269
l 1269 1272
l 1272 1260
l 1266 1272
l 1305 1306
l 1307 1305
l 1308 1307
l 1309 1308
l 1310 1309
l 1311 1310
l 1312 1311
l 1313 1312
l 1314 1313
l 1315 1314
l 1316 1315
l 1317 1316
l 1318 1317
l 1319 1318
l 1320 1319
l 1306 1320
l 1305 1327
l 1327 1306
l 1327 1307
l 1327 1308
l 1327 1309
l 1327 1310
l 1327 1311
l 1327 1312
l 1327 1313
l 1327 1314
l 1327 1315
l 1327 1316
l 1327 1317
l 1327 1318
l 1327 1319
l 1327 1320
l 1394 1395
l 1395 1396
l 1397 1396
l 1394 1397
l 1402 1403
l 1403 1395
l 1402 1394
l 1396 1408
l 1409 1408
l 1397 1409
l 1414 1415
l 1415 1403
l 1414 1402
l 1408 1420
l 1421 1420
l 1409 1421
l 1426 1427
l 1427 1415
l 1426 1414
l 1420 1432
l 1433 1432
l 1421 1433
l 1438 1439
l 1439 1427
l 1438 1426
l 1432 1444
l 1445 1444
l 1433 1445
l 1450 1451
l 1451 1439
l 1450 1438
l 1444 1456
l 1457 1456
l 1445 1457
l 1462 1463
l 1463 1451
l 1462 1450
l 1456 1468
l 1469 1468
l 1457 1469
l 1474 1475
l 1474 1463
l 1475 1462
l 1468 1480
l 1481 1480
l 1469 1481
l 1480 1474
l 1481 1475
l 1514 1515
l 1516 1514
l 1517 1516
l 1518 1517
l 1519 1518
l 1520 1519
l 1521 1520
l 1522 1521
l 1523 1522
l 1524 1523
l 1525 1524
l 1526 1525
l 1527 1526
l 1528 1527
l 1529 1528
l 1515 1529
l 1562 1563
l 1563 1564
l 1564 1565
l 1565 1566
l 1566 1567
l 1567 1568
l 1568 1569
l 1569 1570
l 1570 1571
l 1571 1572
l 1572 1573
l 1573 1574
l 1574 1575
l 1575 1576
l 1576 1577
l 1577 1562
l 1586 1587
l 1587 1588
l 1589 1588
l 1586 1589
l 1594 1595
l 1595 1587
l 1594 1586
l 1588 1600
l 1601 1600
l 1589 1601
l 1606 1607
l 1607 1595
l 1606 1594
l 1600 1612
l 1613 1612
l 1601 1613
l 1618 1619
l 1619 1607
l 1618 1606
l 1612 1624
l 1625 1624
l 1613 1625
l 1630 1631
l 1631 1619
l 1630 1618
l 1624 1636
l 1637 1636
l 1625 1637
l 1642 1643
l 1643 1631
l 1642 1630
l 1636 1648
l 1649 1648
l 1637 1649
l 1654 1655
l 1655 1643
l 1654 1642
l 1648 1660
l 1661 1660
l 1649 1661
l 1666 1667
l 1666 1655
l 1667 1654
l 1660 1672
l 1673 1672
l 1661 1673
l 1672 1666
l 1673 1667
l 1706 1707
l 1708 1706
l 1709 1708
l 1710 1709
l 1711 1710
l 1712 1711
l 1713 1712
l 1714 1713
l 1715 1714
l 1716 1715
l 1717 1716
l 1718 1717
l 1719 1718
l 1720 1719
l 1721 1720
l 1707 1721
l 1754 1755
l 1755 1756
l 1756 1757
l 1757 1758
l 1758 1759
l 1759 1760
l 1760 1761
l 1761 1762
l 1762 1763
l 1763 1764
l 1764 1765
l 1765 1766
l 1766 1767
l 1767 1768
l 1768 1769
l 1769 1754
l 1778 1779
l 1779 1780
l 1781 1780
l 1778 1781
l 1786 1787
l 1787 1779
l 1786 1778
l 1780 1792
l 1793 1792
l 1781 1793
l 1798 1799
l 1799 1787
l 1798 1786
l 1792 1804
l 1805 1804
l 1793 1805
l 1810 1811
l 1811 1799
l 1810 1798
l 1804 1816
l 1817 1816
l 1805 1817
l 1822 1823
l 1823 1811
l 1822 1810
l 1816 1828
l 1829 1828
l 1817 1829
l 1834 1835
l 1835 1823
l 1834 1822
l 1828 1840
l 1841 1840
l 1829 1841
l 1846 1847
l 1847 1835
l 1846 1834
l 1840 1852
l 1853 1852
l 1841 1853
l 1858 1859
l 1858 1847
l 1859 1846
l 1852 1864
l 1865 1864
l 1853 1865
l 1864 1858
l 1865 1859
l 1898 1899
l 1900 1898
l 1901 1900
l 1902 1901
l 1903 1902
l 1904 1903
l 1905 1904
l 1906 1905
l 1907 1906
l 1908 1907
l 1909 1908
l 1910 1909
l 1911 1910
l 1912 1911
l 1913 1912
l 1899 1913
l 1946 1947
l 1947 1948
l 1948 1949
l 1949 1950
l 1950 1951
l 1951 1952
l 1952 1953
l 1953 1954
l 1954 1955
l 1955 1956
l 1956 1957
l 1957 1958
l 1958 1959
l 1959 1960
l 1960 1961
l 1961 1946
l 1970 1971
l 1971 1972
l 1973 1972
l 1970 1973
l 1978 1979
l 1979 1971
l 1978 1970
l 1972 1984
l 1985 1984
l 1973 1985
l 1990 1991
l 1991 1979
l 1990 1978
l 1984 1996
l 1997 1996
l 1985 1997
l 2002 2003
l 2003 1991
l 2002 1990
l 1996 2008
l 2009 2008
l 1997 2009
l 2014 2015
l 2015 2003
l 2014 2002
l 2008 2020
l 2021 2020
l 2009 2021
l 2026 2027
l 2027 2015
l 2026 2014
l 2020 2032
l 2033 2032
l 2021 2033
l 2038 2039
l 2039 2027
l 2038 2026
l 2032 2044
l 2045 2044
l 2033 2045
l 2050 2051
l 2050 2039
l 2051 2038
l 2044 2056
l 2057 2056
l 2045 2057
l 2056 2050
l 2057 2051
l 2090 2091
l 2092 2090
l 2093 2092
l 2094 2093
l 2095 2094
l 2096 2095
l 2097 2096
l 2098 2097
l 2099 2098
l 2100 2099
l 2101 2100
l 2102 2101
l 2103 2102
l 2104 2103
l 2105 2104
l 2091 2105
l 2138 2139
l 2139 2140
l 2140 2141
l 2141 2142
l 2142 2143
l 2143 2144
l 2144 2145
l 2145 2146
l 2146 2147
l 2147 2148
l 2148 2149
l 2149 2150
l 2150 2151
l 2151 2152
l 2152 2153
l 2153 2138
