# Blender 5.0.1
# www.blender.org
mtllib llanta_texturizada_izquierda.mtl
g wheel_rf_001_Mesh
v -0.211497 -0.110654 0.170087
v -0.199578 -0.104417 0.170079
v -0.213454 -0.071916 0.170079
v -0.226202 -0.076211 0.170087
v -0.191586 -0.142372 0.170087
v -0.180789 -0.134348 0.170079
v -0.166957 -0.170584 0.170087
v -0.157548 -0.160969 0.170079
v -0.138219 -0.194596 0.170087
v -0.130430 -0.183629 0.170079
v -0.106077 -0.213817 0.170087
v -0.100100 -0.201766 0.170079
v -0.071324 -0.227773 0.170087
v -0.067306 -0.214936 0.170079
v -0.034817 -0.236122 0.170087
v -0.032857 -0.222813 0.170079
v 0.002548 -0.238655 0.170087
v 0.002402 -0.225204 0.170079
v 0.039848 -0.235313 0.170087
v 0.037600 -0.222050 0.170079
v 0.076167 -0.226177 0.170087
v 0.071872 -0.213430 0.170079
v 0.110609 -0.211472 0.170087
v 0.104373 -0.199554 0.170079
v 0.142327 -0.191561 0.170087
v 0.134303 -0.180764 0.170079
v 0.170539 -0.166932 0.170087
v 0.160925 -0.157523 0.170079
v 0.194552 -0.138194 0.170087
v 0.183584 -0.130405 0.170079
v 0.213772 -0.106052 0.170087
v 0.201721 -0.100075 0.170079
v 0.227729 -0.071300 0.170087
v 0.214891 -0.067281 0.170079
v 0.236077 -0.034792 0.170086
v 0.222768 -0.032832 0.170079
v 0.238611 0.002572 0.170087
v 0.225161 0.002427 0.170079
v 0.235269 0.039873 0.170087
v 0.222006 0.037625 0.170079
v 0.226133 0.076192 0.170086
v 0.213385 0.071897 0.170079
v 0.211428 0.110634 0.170087
v 0.199509 0.104397 0.170079
v 0.191516 0.142352 0.170087
v 0.180719 0.134328 0.170079
v 0.166887 0.170564 0.170087
v 0.157479 0.160950 0.170079
v 0.138149 0.194576 0.170087
v 0.130360 0.183609 0.170079
v 0.106008 0.213797 0.170087
v 0.100030 0.201746 0.170079
v 0.071255 0.227754 0.170087
v 0.067237 0.214916 0.170079
v 0.034748 0.236102 0.170087
v 0.032787 0.222793 0.170079
v -0.002617 0.238636 0.170087
v -0.002471 0.225185 0.170079
v -0.039918 0.235294 0.170087
v -0.037669 0.222031 0.170079
v -0.076236 0.226158 0.170087
v -0.071941 0.213410 0.170079
v -0.110678 0.211453 0.170087
v -0.104442 0.199534 0.170079
v -0.142397 0.191541 0.170087
v -0.134372 0.180744 0.170079
v -0.170609 0.166912 0.170087
v -0.160994 0.157504 0.170079
v -0.194621 0.138174 0.170087
v -0.183654 0.130385 0.170079
v -0.213842 0.106033 0.170087
v -0.201790 0.100055 0.170079
v -0.227798 0.071280 0.170087
v -0.214961 0.067262 0.170079
v -0.236147 0.034772 0.170087
v -0.222838 0.032812 0.170079
v -0.238680 -0.002592 0.170087
v -0.225229 -0.002446 0.170079
v -0.235338 -0.039893 0.170087
v -0.222075 -0.037645 0.170079
v -0.113194 -0.087448 0.126500
v -0.104468 -0.081892 0.158135
v -0.121943 -0.093081 0.160060
v -0.067939 -0.057036 0.118948
v -0.067939 -0.057036 0.150468
v -0.064532 -0.055277 0.149984
v -0.064532 -0.055277 0.118350
v -0.059919 -0.055262 0.149499
v -0.059919 -0.055262 0.117753
v -0.050204 -0.064190 0.149499
v -0.050204 -0.064190 0.117723
v -0.049824 -0.068786 0.118335
v -0.049824 -0.068786 0.149984
v -0.051286 -0.072332 0.118948
v -0.051286 -0.072332 0.150468
v -0.077732 -0.119985 0.126491
v -0.072941 -0.110822 0.158133
v -0.082606 -0.129185 0.160059
v -0.064033 -0.127832 0.126500
v -0.058579 -0.119042 0.158135
v -0.069474 -0.136701 0.160060
v -0.036443 -0.080803 0.118948
v -0.036444 -0.080803 0.150468
v -0.034137 -0.077740 0.149984
v -0.034137 -0.077740 0.118351
v -0.029985 -0.075727 0.149499
v -0.029985 -0.075727 0.117753
v -0.017293 -0.079567 0.149499
v -0.017293 -0.079567 0.117723
v -0.014950 -0.083540 0.118335
v -0.014950 -0.083540 0.149984
v -0.014688 -0.087379 0.118948
v -0.014688 -0.087379 0.150468
v -0.017722 -0.141803 0.126491
v -0.017396 -0.131468 0.158133
v -0.018106 -0.152207 0.160060
v -0.000889 -0.132617 0.158135
v -0.003012 -0.153260 0.160060
v -0.001972 -0.142905 0.126500
v 0.002363 -0.088546 0.118948
v 0.002363 -0.088546 0.150468
v 0.003072 -0.084773 0.149984
v 0.003072 -0.084773 0.118351
v 0.005932 -0.081154 0.149499
v 0.005932 -0.081154 0.117753
v 0.018982 -0.079139 0.149499
v 0.018982 -0.079139 0.117723
v 0.022817 -0.081703 0.118335
v 0.022817 -0.081703 0.149984
v 0.024708 -0.085049 0.118948
v 0.024708 -0.085049 0.150468
v 0.045566 -0.135407 0.126491
v 0.041378 -0.125953 0.158133
v 0.049731 -0.144949 0.160060
v 0.056750 -0.119831 0.158135
v 0.063790 -0.139351 0.160060
v 0.060236 -0.129571 0.126500
v 0.040577 -0.078707 0.118948
v 0.040577 -0.078707 0.150468
v 0.039589 -0.074999 0.149984
v 0.039589 -0.074999 0.118351
v 0.040598 -0.070497 0.149499
v 0.040598 -0.070497 0.117753
v 0.051509 -0.062995 0.149499
v 0.051509 -0.062995 0.117723
v 0.056077 -0.063642 0.118335
v 0.056077 -0.063642 0.149984
v 0.059209 -0.065852 0.118948
v 0.059209 -0.065852 0.150468
v 0.099820 -0.102200 0.126491
v 0.091946 -0.095497 0.158133
v 0.107712 -0.108990 0.160060
v 0.103144 -0.083314 0.158135
v 0.117951 -0.097850 0.160060
v 0.110507 -0.090579 0.126500
v 0.070759 -0.053256 0.118948
v 0.070759 -0.053256 0.150468
v 0.068284 -0.050327 0.149984
v 0.068284 -0.050327 0.118351
v 0.067240 -0.045833 0.149499
v 0.067240 -0.045833 0.117753
v 0.073773 -0.034372 0.149499
v 0.073773 -0.034372 0.117723
v 0.078168 -0.032974 0.118335
v 0.078169 -0.032975 0.149984
v 0.081951 -0.033608 0.118948
v 0.081951 -0.033608 0.150468
v 0.134306 -0.048748 0.126491
v 0.124304 -0.046124 0.158133
v 0.144361 -0.051446 0.160059
v 0.129111 -0.030290 0.158135
v 0.148757 -0.036967 0.160060
v 0.138897 -0.033643 0.126500
v 0.086895 -0.017249 0.118948
v 0.086895 -0.017249 0.150468
v 0.083394 -0.015685 0.149984
v 0.083394 -0.015685 0.118351
v 0.080505 -0.012088 0.149499
v 0.080505 -0.012088 0.117753
v 0.081422 0.001074 0.149499
v 0.081422 0.001074 0.117723
v 0.084776 0.004239 0.118335
v 0.084776 0.004239 0.149984
v 0.088460 0.005308 0.118948
v 0.088460 0.005308 0.150468
v 0.142201 0.014370 0.126491
v 0.132050 0.012397 0.158133
v 0.152431 0.016300 0.160059
v 0.139786 0.029972 0.126500
v 0.129514 0.028749 0.158135
v 0.150114 0.031253 0.160060
v 0.085820 0.022193 0.118948
v 0.085820 0.022193 0.150468
v 0.081987 0.022085 0.149984
v 0.081987 0.022085 0.118350
v 0.077824 0.024073 0.149499
v 0.077824 0.024073 0.117753
v 0.072943 0.036330 0.149499
v 0.072943 0.036330 0.117723
v 0.074593 0.040637 0.118335
v 0.074593 0.040637 0.149984
v 0.077447 0.043197 0.118948
v 0.077448 0.043197 0.150468
v 0.121943 0.074668 0.126491
v 0.113652 0.068489 0.158133
v 0.130324 0.080844 0.160059
v 0.113002 0.087681 0.126500
v 0.104276 0.082124 0.158135
v 0.121752 0.093312 0.160060
v 0.067747 0.057267 0.118948
v 0.067747 0.057267 0.150468
v 0.064340 0.055508 0.149984
v 0.064340 0.055508 0.118350
v 0.059726 0.055494 0.149499
v 0.059726 0.055494 0.117753
v 0.050013 0.064421 0.149499
v 0.050013 0.064421 0.117723
v 0.049632 0.069017 0.118335
v 0.049632 0.069017 0.149985
v 0.051095 0.072563 0.118948
v 0.051095 0.072563 0.150469
v 0.077540 0.120216 0.126491
v 0.072749 0.111054 0.158133
v 0.082414 0.129416 0.160059
v 0.063841 0.128064 0.126500
v 0.058387 0.119273 0.158135
v 0.069282 0.136933 0.160060
v 0.036252 0.081034 0.118948
v 0.036252 0.081034 0.150469
v 0.033944 0.077972 0.149985
v 0.033944 0.077972 0.118350
v 0.029794 0.075959 0.149499
v 0.029794 0.075959 0.117753
v 0.017169 0.079790 0.149499
v 0.017169 0.079790 0.117723
v 0.014833 0.083767 0.118335
v 0.014833 0.083767 0.149985
v 0.014613 0.087596 0.118948
v 0.014613 0.087596 0.150469
v 0.017778 0.142003 0.126491
v 0.017434 0.131669 0.158133
v 0.018179 0.152407 0.160059
v 0.003088 0.153485 0.160060
v 0.002030 0.143134 0.126500
v 0.000929 0.132848 0.158135
v -0.002435 0.088792 0.118948
v -0.002435 0.088792 0.150469
v -0.003186 0.085032 0.149985
v -0.003186 0.085032 0.118350
v -0.006053 0.081418 0.149499
v -0.006053 0.081418 0.117753
v -0.019229 0.079362 0.149499
v -0.019229 0.079362 0.117723
v -0.023063 0.081925 0.118335
v -0.023063 0.081925 0.149985
v -0.024927 0.085276 0.118948
v -0.024928 0.085277 0.150469
v -0.045758 0.135640 0.126491
v -0.041569 0.126186 0.158133
v -0.049924 0.145181 0.160059
v -0.063981 0.139582 0.160060
v -0.060428 0.129803 0.126500
v -0.056942 0.120063 0.158135
v -0.040797 0.078935 0.118948
v -0.040797 0.078935 0.150469
v -0.039836 0.075222 0.149985
v -0.039836 0.075222 0.118350
v -0.040845 0.070721 0.149499
v -0.040845 0.070721 0.117753
v -0.051702 0.063226 0.149499
v -0.051702 0.063226 0.117723
v -0.056268 0.063873 0.118335
v -0.056268 0.063873 0.149985
v -0.059402 0.066084 0.118948
v -0.059401 0.066085 0.150469
v -0.100012 0.102431 0.126491
v -0.092138 0.095729 0.158133
v -0.107903 0.109223 0.160059
v -0.118143 0.098082 0.160060
v -0.110700 0.090811 0.126500
v -0.103335 0.083545 0.158135
v -0.070950 0.053487 0.118948
v -0.070951 0.053487 0.150469
v -0.068475 0.050559 0.149985
v -0.068475 0.050559 0.118350
v -0.067432 0.046065 0.149499
v -0.067432 0.046065 0.117753
v -0.073965 0.034604 0.149499
v -0.073965 0.034604 0.117723
v -0.078361 0.033206 0.118335
v -0.078361 0.033206 0.149985
v -0.082143 0.033841 0.118948
v -0.082143 0.033841 0.150469
v -0.134497 0.048980 0.126491
v -0.124496 0.046355 0.158133
v -0.144553 0.051677 0.160059
v -0.148949 0.037198 0.160060
v -0.139089 0.033874 0.126500
v -0.129303 0.030521 0.158135
v -0.087087 0.017481 0.118948
v -0.087087 0.017481 0.150469
v -0.083586 0.015916 0.149985
v -0.083586 0.015916 0.118350
v -0.080697 0.012319 0.149499
v -0.080697 0.012319 0.117753
v -0.081614 -0.000841 0.149499
v -0.081614 -0.000841 0.117723
v -0.084969 -0.004007 0.118335
v -0.084969 -0.004007 0.149985
v -0.088651 -0.005077 0.118948
v -0.088651 -0.005077 0.150469
v -0.142393 -0.014139 0.126491
v -0.132242 -0.012166 0.158133
v -0.152624 -0.016069 0.160059
v -0.211843 -0.071374 0.136482
v -0.208966 -0.070404 0.171886
v -0.195381 -0.102221 0.171886
v -0.198071 -0.103629 0.136482
v -0.176987 -0.131522 0.171886
v -0.179424 -0.133333 0.136482
v -0.154236 -0.157584 0.171886
v -0.156359 -0.159755 0.136482
v -0.127687 -0.179767 0.171886
v -0.129445 -0.182242 0.136482
v -0.097996 -0.197523 0.171886
v -0.099344 -0.200243 0.136482
v -0.065892 -0.210415 0.171886
v -0.066799 -0.213313 0.136482
v -0.032166 -0.218127 0.171886
v -0.032609 -0.221131 0.136482
v 0.002351 -0.220468 0.171886
v 0.002384 -0.223504 0.136482
v 0.036809 -0.217380 0.171886
v 0.037316 -0.220374 0.136482
v 0.070360 -0.208941 0.171886
v 0.071329 -0.211819 0.136482
v 0.102177 -0.195356 0.171886
v 0.103585 -0.198047 0.136482
v 0.131477 -0.176962 0.171886
v 0.133288 -0.179400 0.136482
v 0.157540 -0.154211 0.171886
v 0.159710 -0.156335 0.136482
v 0.179722 -0.127662 0.171886
v 0.182198 -0.129421 0.136482
v 0.197478 -0.097971 0.171886
v 0.200198 -0.099319 0.136482
v 0.210371 -0.065867 0.171886
v 0.213269 -0.066774 0.136482
v 0.218083 -0.032141 0.171886
v 0.221087 -0.032583 0.136482
v 0.220424 0.002376 0.171886
v 0.223460 0.002409 0.136482
v 0.217337 0.036834 0.171886
v 0.220330 0.037341 0.136482
v 0.208897 0.070384 0.171886
v 0.211774 0.071354 0.136482
v 0.195312 0.102202 0.171886
v 0.198002 0.103609 0.136482
v 0.176918 0.131503 0.171886
v 0.179355 0.133313 0.136482
v 0.154166 0.157565 0.171886
v 0.156290 0.159735 0.136482
v 0.127617 0.179747 0.171886
v 0.129376 0.182222 0.136482
v 0.097926 0.197503 0.171886
v 0.099275 0.200223 0.136482
v 0.065822 0.210396 0.171886
v 0.066729 0.213293 0.136482
v 0.032097 0.218107 0.171886
v 0.032539 0.221111 0.136482
v -0.002420 0.220448 0.171886
v -0.002453 0.223484 0.136482
v -0.036878 0.217361 0.171886
v -0.037386 0.220355 0.136482
v -0.070429 0.208921 0.171886
v -0.071398 0.211799 0.136482
v -0.102246 0.195337 0.171886
v -0.103653 0.198027 0.136482
v -0.131547 0.176942 0.171886
v -0.133358 0.179380 0.136482
v -0.157609 0.154191 0.171886
v -0.159779 0.156315 0.136482
v -0.179792 0.127642 0.171886
v -0.182267 0.129401 0.136482
v -0.197547 0.097951 0.171886
v -0.200267 0.099299 0.136482
v -0.210440 0.065847 0.171886
v -0.213338 0.066754 0.136482
v -0.218152 0.032121 0.171886
v -0.221156 0.032564 0.136482
v -0.220493 -0.002396 0.171886
v -0.223529 -0.002429 0.136482
v -0.217405 -0.036853 0.171886
v -0.220399 -0.037361 0.136482
v -0.230680 -0.077720 0.171899
v -0.215795 -0.112902 0.137085
v -0.215684 -0.112844 0.171899
v -0.230798 -0.077760 0.137085
v -0.195478 -0.145264 0.137085
v -0.195378 -0.145190 0.171899
v -0.170349 -0.174050 0.137085
v -0.170261 -0.173961 0.171899
v -0.141026 -0.198551 0.137085
v -0.140954 -0.198449 0.171899
v -0.108232 -0.218162 0.137085
v -0.108176 -0.218051 0.171899
v -0.072773 -0.232402 0.137085
v -0.072735 -0.232283 0.171899
v -0.035524 -0.240919 0.137085
v -0.035506 -0.240796 0.171899
v 0.002600 -0.243505 0.137085
v 0.002598 -0.243380 0.171899
v 0.040659 -0.240096 0.137085
v 0.040638 -0.239972 0.171899
v 0.077716 -0.230773 0.137084
v 0.077676 -0.230655 0.171898
v 0.112857 -0.215770 0.137084
v 0.112800 -0.215659 0.171898
v 0.145220 -0.195453 0.137084
v 0.145145 -0.195353 0.171898
v 0.174005 -0.170324 0.137084
v 0.173917 -0.170237 0.171898
v 0.198506 -0.141001 0.137084
v 0.198404 -0.140929 0.171898
v 0.218117 -0.108207 0.137084
v 0.218006 -0.108151 0.171898
v 0.232358 -0.072749 0.137084
v 0.232239 -0.072710 0.171898
v 0.240752 -0.035481 0.171898
v 0.240875 -0.035499 0.137084
v 0.243337 0.002623 0.171898
v 0.243461 0.002625 0.137084
v 0.239927 0.040663 0.171898
v 0.240051 0.040683 0.137084
v 0.230611 0.077700 0.171898
v 0.230729 0.077741 0.137084
v 0.215614 0.112825 0.171898
v 0.215725 0.112882 0.137084
v 0.195409 0.145244 0.137084
v 0.195309 0.145170 0.171898
v 0.170279 0.174030 0.137084
v 0.170193 0.173942 0.171898
v 0.140957 0.198531 0.137085
v 0.140885 0.198429 0.171898
v 0.108162 0.218142 0.137085
v 0.108107 0.218031 0.171899
v 0.072704 0.232382 0.137085
v 0.072667 0.232264 0.171899
v 0.035454 0.240900 0.137085
v 0.035436 0.240777 0.171899
v -0.002670 0.243485 0.137085
v -0.002668 0.243361 0.171899
v -0.040728 0.240076 0.137085
v -0.040707 0.239952 0.171899
v -0.077784 0.230754 0.137085
v -0.077745 0.230636 0.171899
v -0.112927 0.215750 0.137085
v -0.112869 0.215639 0.171899
v -0.145289 0.195434 0.137085
v -0.145215 0.195334 0.171899
v -0.174075 0.170304 0.137085
v -0.173986 0.170217 0.171899
v -0.198575 0.140981 0.137085
v -0.198473 0.140910 0.171899
v -0.218187 0.108187 0.137085
v -0.218075 0.108132 0.171899
v -0.232427 0.072729 0.137085
v -0.232308 0.072692 0.171899
v -0.240944 0.035479 0.137085
v -0.240821 0.035461 0.171899
v -0.243530 -0.002645 0.137085
v -0.243405 -0.002643 0.171899
v -0.240121 -0.040703 0.137085
v -0.239997 -0.040683 0.171899
v -0.073134 -0.036098 0.117723
v -0.074785 -0.040406 0.118335
v -0.073134 -0.036098 0.149499
v -0.074785 -0.040405 0.149984
v -0.077639 -0.042966 0.118948
v -0.077639 -0.042966 0.150468
v -0.122136 -0.074436 0.126491
v -0.113845 -0.068257 0.158133
v -0.130517 -0.080613 0.160059
v -0.172993 -0.113991 0.131437
v -0.173026 -0.113981 0.160747
v -0.194015 -0.112156 0.138177
v -0.180788 -0.114469 0.164788
v -0.191594 -0.110491 0.169948
v -0.171580 -0.139536 0.169948
v -0.171450 -0.128019 0.164788
v -0.168238 -0.120941 0.160747
v -0.049949 -0.054282 0.147795
v -0.078017 -0.023841 0.149499
v -0.068615 -0.027261 0.147795
v -0.082179 -0.021854 0.149984
v -0.086012 -0.021961 0.150469
v -0.129706 -0.028518 0.158135
v -0.150305 -0.031021 0.160060
v -0.204102 -0.036050 0.160747
v -0.205398 -0.027702 0.160747
v -0.212604 -0.024775 0.164788
v -0.210065 -0.041034 0.164788
v -0.220616 -0.016505 0.169948
v -0.215177 -0.051356 0.169948
v -0.073709 0.005170 0.147796
v -0.199604 0.055997 0.160747
v -0.197151 0.064081 0.160746
v -0.202376 0.069843 0.164788
v -0.207140 0.054091 0.164788
v -0.206009 0.080770 0.169948
v -0.216222 0.047008 0.169948
v -0.064231 0.036600 0.147796
v -0.155635 0.136988 0.160746
v -0.149919 0.143209 0.160746
v -0.152128 0.150666 0.164788
v -0.163252 0.138538 0.164788
v -0.150663 0.162087 0.169948
v -0.174508 0.136094 0.169948
v -0.042059 0.060808 0.147796
v -0.080893 0.190899 0.160746
v -0.073045 0.194026 0.160746
v -0.071801 0.201703 0.164788
v -0.087084 0.195600 0.164788
v -0.065528 0.211360 0.169948
v -0.098285 0.198278 0.169948
v -0.011544 0.073009 0.147796
v 0.010196 0.207047 0.160746
v 0.018623 0.206446 0.160746
v 0.023083 0.212817 0.164788
v 0.006668 0.213973 0.164788
v 0.032934 0.218781 0.169948
v -0.002252 0.221260 0.169948
v 0.021239 0.070750 0.147796
v 0.098916 0.182113 0.160746
v 0.106248 0.177918 0.160747
v 0.113031 0.181724 0.164788
v 0.098740 0.189884 0.164788
v 0.124492 0.182826 0.169948
v 0.093863 0.200319 0.169948
v 0.049766 0.054506 0.147796
v 0.168046 0.121172 0.160747
v 0.172834 0.114212 0.160747
v 0.180596 0.114700 0.164788
v 0.171257 0.128251 0.164788
v 0.191401 0.110723 0.169948
v 0.171388 0.139768 0.169948
v 0.068423 0.027493 0.147795
v 0.203910 0.036281 0.160747
v 0.205206 0.027933 0.160747
v 0.212412 0.025006 0.164788
v 0.209874 0.041267 0.164788
v 0.220424 0.016737 0.169948
v 0.214986 0.051588 0.169948
v 0.073517 -0.004937 0.147795
v 0.199412 -0.055766 0.160747
v 0.196960 -0.063850 0.160747
v 0.202184 -0.069612 0.164788
v 0.206948 -0.053860 0.164788
v 0.205818 -0.080538 0.169948
v 0.216030 -0.046776 0.169948
v 0.064039 -0.036368 0.147795
v 0.155443 -0.136756 0.160747
v 0.149728 -0.142977 0.160747
v 0.151936 -0.150435 0.164788
v 0.163060 -0.138307 0.164788
v 0.150471 -0.161855 0.169948
v 0.174316 -0.135863 0.169948
v 0.041856 -0.060584 0.147795
v 0.080701 -0.190668 0.160747
v 0.072852 -0.193794 0.160747
v 0.071609 -0.201471 0.164788
v 0.086891 -0.195368 0.164788
v 0.065336 -0.211128 0.169948
v 0.098094 -0.198046 0.169948
v 0.011356 -0.072777 0.147795
v -0.010027 -0.206833 0.160747
v -0.018454 -0.206247 0.160747
v -0.022905 -0.212626 0.164788
v -0.006487 -0.213753 0.164788
v -0.032744 -0.218606 0.169948
v 0.002446 -0.221025 0.169948
v -0.021405 -0.070527 0.147795
v -0.099108 -0.181882 0.160747
v -0.106440 -0.177686 0.160747
v -0.113223 -0.181492 0.164788
v -0.098931 -0.189653 0.164788
v -0.124685 -0.182594 0.169948
v -0.094054 -0.200087 0.169948
v -0.016238 -0.053395 0.136236
v -0.005141 -0.054875 0.136236
v -0.012246 -0.040111 0.097573
v -0.020845 -0.036346 0.097573
v -0.027567 -0.048160 0.136236
v -0.037856 -0.041092 0.136236
v -0.028474 -0.030876 0.097573
v -0.034502 -0.023657 0.097573
v -0.042014 -0.026811 0.120434
v -0.038949 -0.021154 0.097573
v -0.047206 -0.028992 0.136236
v -0.048972 -0.025909 0.136236
v -0.045990 -0.019817 0.120434
v -0.039122 -0.015464 0.097573
v -0.041254 -0.007468 0.097573
v -0.050737 -0.022825 0.136236
v -0.054655 -0.009563 0.136236
v -0.055777 0.003057 0.136236
v -0.041954 0.002084 0.097573
v -0.040321 0.011153 0.097573
v -0.053475 0.015111 0.136236
v -0.037625 0.018400 0.097573
v -0.044312 0.023071 0.120434
v -0.037565 0.023259 0.097573
v -0.048933 0.026299 0.136236
v -0.046656 0.029573 0.136236
v -0.039748 0.029796 0.120434
v -0.033045 0.025380 0.097573
v -0.044380 0.032849 0.136236
v -0.034857 0.042934 0.136236
v -0.027018 0.031573 0.097573
v -0.017953 0.037326 0.097573
v -0.023703 0.049891 0.136236
v -0.008022 0.041141 0.097573
v -0.010193 0.054849 0.136236
v 0.001502 0.041923 0.097573
v 0.002658 0.049872 0.120434
v 0.005827 0.043958 0.097573
v 0.003458 0.055366 0.136236
v 0.006514 0.054944 0.136236
v 0.009645 0.048868 0.120434
v 0.009754 0.040691 0.097573
v 0.019468 0.036900 0.097573
v 0.009571 0.054521 0.136236
v 0.023598 0.049692 0.136236
v 0.028305 0.031087 0.097573
v 0.037666 0.041323 0.136236
v 0.034735 0.023278 0.097573
v 0.041349 0.027846 0.120397
v 0.039249 0.021067 0.097573
v 0.045938 0.031016 0.136236
v 0.048351 0.026838 0.136236
v 0.045695 0.019913 0.120397
v 0.038392 0.015953 0.097573
v 0.041220 0.005987 0.097573
v 0.050763 0.022661 0.136236
v 0.054785 0.008121 0.136236
v 0.041240 -0.005071 0.097573
v 0.055002 -0.006047 0.136236
v 0.038877 -0.014314 0.097573
v 0.045761 -0.018756 0.120434
v 0.039197 -0.019440 0.097573
v 0.050518 -0.021828 0.136236
v 0.049098 -0.025096 0.136236
v 0.042674 -0.025750 0.120434
v 0.035434 -0.021967 0.097573
v 0.029524 -0.029100 0.097573
v 0.047678 -0.028364 0.136236
v 0.039655 -0.038395 0.136236
v 0.021514 -0.035449 0.097573
v 0.029390 -0.046814 0.136236
v 0.012300 -0.039457 0.097573
v 0.016100 -0.052314 0.136236
v 0.002185 -0.054995 0.136236
v -0.001478 -0.054935 0.136236
v -0.005449 -0.049259 0.120434
v -0.005894 -0.041134 0.097573
v -0.001697 -0.043224 0.097573
v 0.002410 -0.049405 0.120434
v 0.002736 -0.041316 0.097573
v -0.174002 -0.141202 0.135943
v -0.168252 -0.120934 0.131477
v -0.126144 -0.185145 0.138177
v -0.106407 -0.177683 0.131437
v -0.095515 -0.202638 0.135943
v -0.099124 -0.181882 0.131477
v -0.032948 -0.221538 0.138177
v -0.018426 -0.206228 0.131437
v 0.002241 -0.223956 0.135943
v -0.010042 -0.206840 0.131477
v 0.066424 -0.213858 0.138177
v 0.072871 -0.193765 0.131437
v 0.099182 -0.200777 0.135943
v 0.080691 -0.190680 0.131477
v 0.152635 -0.163844 0.138177
v 0.149731 -0.142943 0.131437
v 0.176479 -0.137851 0.135943
v 0.155439 -0.136772 0.131477
v 0.208630 -0.081392 0.138177
v 0.196949 -0.063817 0.131437
v 0.218843 -0.047629 0.135943
v 0.199416 -0.055781 0.131477
v 0.223328 0.017187 0.138177
v 0.205182 0.027957 0.131437
v 0.217890 0.052038 0.135943
v 0.203920 0.036268 0.131477
v 0.193823 0.112389 0.138177
v 0.172802 0.114224 0.131437
v 0.173809 0.141434 0.135943
v 0.168061 0.121165 0.131477
v 0.125953 0.185376 0.138177
v 0.106214 0.177914 0.131437
v 0.095323 0.202870 0.135943
v 0.098931 0.182114 0.131477
v 0.033143 0.221712 0.138177
v 0.018594 0.206428 0.131437
v -0.002042 0.224192 0.135943
v 0.010210 0.207054 0.131477
v -0.066615 0.214090 0.138177
v -0.073063 0.193998 0.131437
v -0.099374 0.201008 0.135943
v -0.080883 0.190912 0.131477
v -0.152827 0.164076 0.138177
v -0.149922 0.143175 0.131437
v -0.176671 0.138083 0.135943
v -0.155632 0.137004 0.131477
v -0.208821 0.081623 0.138177
v -0.197140 0.064050 0.131437
v -0.219035 0.047862 0.135943
v -0.199608 0.056013 0.131477
v -0.223520 -0.016956 0.138177
v -0.205374 -0.027725 0.131437
v -0.218082 -0.051807 0.135943
v -0.204112 -0.036037 0.131477
v -0.139979 -0.029740 0.126500
v -0.086012 -0.021961 0.118948
v -0.082179 -0.021854 0.118350
v -0.078017 -0.023841 0.117753
v -0.012508 -0.008710 0.122165
v -0.016111 -0.011270 0.093164
v -0.006433 -0.013732 0.122165
v -0.008273 -0.017752 0.093164
v 0.001341 -0.015046 0.122165
v 0.001758 -0.019446 0.093164
v -0.019658 -0.001738 0.093164
v -0.015258 -0.001321 0.122165
v -0.017963 0.008291 0.093164
v -0.013944 0.006452 0.122165
v -0.011482 0.016131 0.093164
v -0.008921 0.012529 0.122165
v -0.001949 0.019678 0.093164
v -0.001532 0.015277 0.122165
v 0.006241 0.013965 0.122165
v 0.012316 0.008941 0.122165
v 0.015918 0.011502 0.093164
v 0.008080 0.017984 0.093164
v 0.015067 0.001552 0.122165
v 0.013753 -0.006221 0.122165
v 0.017772 -0.008060 0.093164
v 0.019467 0.001969 0.093164
v 0.008729 -0.012296 0.122165
v 0.011291 -0.015899 0.093164
v -0.129002 -0.181619 -0.173608
v -0.090224 -0.181854 0.131706
v -0.099005 -0.199558 -0.173608
v -0.117561 -0.165506 0.131706
v -0.155825 -0.159208 -0.173608
v -0.142003 -0.145084 0.131706
v -0.178810 -0.132877 -0.173608
v -0.162949 -0.121089 0.131706
v -0.197394 -0.103274 -0.173608
v -0.179885 -0.094113 0.131706
v -0.211119 -0.071129 -0.173608
v -0.192392 -0.064819 0.131706
v -0.219646 -0.037233 -0.173608
v -0.200161 -0.033930 0.131706
v -0.222765 -0.002420 -0.173608
v -0.203004 -0.002206 0.131706
v -0.220399 0.032452 -0.173608
v -0.200849 0.029572 0.131706
v -0.212609 0.066525 -0.173608
v -0.193749 0.060623 0.131706
v -0.060667 -0.193724 0.131706
v -0.066570 -0.212584 -0.173608
v -0.029617 -0.200824 0.131706
v -0.032497 -0.220375 -0.173608
v 0.002162 -0.202979 0.131706
v 0.002376 -0.222740 -0.173608
v 0.033886 -0.200137 0.131706
v 0.037188 -0.219621 -0.173608
v 0.064776 -0.192367 0.131706
v 0.071085 -0.211094 -0.173608
v 0.094069 -0.179860 0.131706
v 0.103230 -0.197370 -0.173608
v 0.121044 -0.162925 0.131706
v 0.132833 -0.178785 -0.173608
v 0.145039 -0.141978 0.131706
v 0.159164 -0.155800 -0.173608
v 0.165462 -0.117536 0.131706
v 0.181574 -0.128977 -0.173608
v 0.181810 -0.090200 0.131706
v 0.199514 -0.098980 -0.173608
v 0.193680 -0.060642 0.131706
v 0.212539 -0.066545 -0.173608
v 0.200779 -0.029592 0.131706
v 0.220330 -0.032472 -0.173608
v 0.202935 0.002187 0.131706
v 0.222696 0.002400 -0.173608
v 0.200092 0.033911 0.131706
v 0.219576 0.037213 -0.173608
v 0.192322 0.064800 0.131706
v 0.211049 0.071109 -0.173608
v 0.179815 0.094094 0.131706
v 0.197326 0.103255 -0.173608
v 0.162880 0.121069 0.131706
v 0.178741 0.132857 -0.173608
v 0.141934 0.145064 0.131706
v 0.155756 0.159188 -0.173608
v 0.117491 0.165487 0.131706
v 0.128933 0.181599 -0.173608
v 0.090154 0.181834 0.131706
v 0.098936 0.199539 -0.173608
v 0.060598 0.193704 0.131706
v 0.066501 0.212563 -0.173608
v 0.029547 0.200804 0.131706
v 0.032427 0.220355 -0.173608
v -0.002230 0.202960 0.131706
v -0.002444 0.222721 -0.173608
v -0.033955 0.200117 0.131706
v -0.037257 0.219601 -0.173608
v -0.064844 0.192347 0.131706
v -0.071154 0.211074 -0.173608
v -0.094137 0.179840 0.131706
v -0.103299 0.197350 -0.173608
v -0.121114 0.162905 0.131706
v -0.132902 0.178766 -0.173608
v -0.145109 0.141959 0.131706
v -0.159233 0.155779 -0.173608
v -0.165531 0.117516 0.131706
v -0.181644 0.128958 -0.173608
v -0.181879 0.090179 0.131706
v -0.199583 0.098960 -0.173608
v -0.019022 -0.061376 0.097573
v 0.021159 -0.040081 0.097573
v -0.040225 -0.021188 0.097573
v -0.021301 0.040298 0.097573
v -0.061427 0.019001 0.097573
v 0.040083 0.021405 0.097573
v 0.018826 0.061595 0.097573
v 0.061339 -0.018786 0.097573
v -0.205497 -0.069235 0.132436
v -0.192139 -0.100524 0.132436
v -0.174050 -0.129338 0.132436
v -0.151676 -0.154969 0.132436
v -0.125568 -0.176783 0.132436
v -0.096369 -0.194244 0.132436
v -0.064798 -0.206922 0.132436
v -0.031632 -0.214506 0.132436
v 0.002311 -0.216808 0.132436
v 0.036198 -0.213773 0.132436
v 0.069191 -0.205472 0.132436
v 0.100481 -0.192114 0.132436
v 0.129294 -0.174025 0.132436
v 0.154924 -0.151651 0.132436
v 0.176738 -0.125543 0.132436
v 0.194199 -0.096344 0.132436
v 0.206878 -0.064773 0.132436
v 0.214462 -0.031607 0.132436
v 0.216764 0.002336 0.132436
v 0.213728 0.036223 0.132436
v 0.205428 0.069215 0.132436
v 0.192069 0.100505 0.132436
v 0.173980 0.129319 0.132436
v 0.151606 0.154949 0.132436
v 0.125499 0.176763 0.132436
v 0.096300 0.194224 0.132436
v 0.064729 0.206902 0.132436
v 0.031564 0.214486 0.132436
v -0.002381 0.216789 0.132436
v -0.036266 0.213752 0.132436
v -0.069260 0.205453 0.132436
v -0.100549 0.192095 0.132436
v -0.129363 0.174005 0.132436
v -0.154993 0.151631 0.132436
v -0.176808 0.125523 0.132436
v -0.194269 0.096325 0.132436
v -0.206947 0.064753 0.132436
v -0.214531 0.031587 0.132436
v -0.216833 -0.002356 0.132436
v -0.213797 -0.036241 0.132436
v -0.300026 -0.105488 -0.167980
v -0.312854 -0.057269 -0.167980
v -0.217757 -0.007197 -0.174679
v -0.317981 -0.007636 -0.167980
v -0.208151 0.060004 -0.174679
v -0.315281 0.042187 -0.167980
v -0.304819 0.090975 -0.167980
v -0.180360 0.121971 -0.174679
v -0.286855 0.137525 -0.167980
v -0.261830 0.180693 -0.167980
v -0.133044 0.170741 -0.174679
v -0.230359 0.219413 -0.167980
v -0.193219 0.252734 -0.167980
v -0.074107 0.204597 -0.174679
v -0.151325 0.279835 -0.167980
v -0.105705 0.300048 -0.167980
v -0.007155 0.216307 -0.174679
v -0.057486 0.312877 -0.167980
v -0.007853 0.318004 -0.167980
v 0.060415 0.209119 -0.174679
v 0.041970 0.315304 -0.167980
v 0.090758 0.304842 -0.167980
v 0.121430 0.179296 -0.174679
v 0.137309 0.286877 -0.167980
v 0.180476 0.261852 -0.167980
v 0.171823 0.133811 -0.174679
v 0.219196 0.230382 -0.167980
v 0.252518 0.193242 -0.167980
v 0.203595 0.073846 -0.174679
v 0.279619 0.151347 -0.167980
v 0.299833 0.105728 -0.167980
v 0.217564 0.007436 -0.174679
v 0.312660 0.057508 -0.167980
v 0.317788 0.007876 -0.167980
v 0.207958 -0.059765 -0.174679
v 0.315087 -0.041948 -0.167980
v 0.304626 -0.090735 -0.167980
v 0.180166 -0.121732 -0.174679
v 0.286661 -0.137286 -0.167980
v 0.261636 -0.180454 -0.167980
v 0.132850 -0.170502 -0.174679
v 0.230166 -0.219174 -0.167980
v 0.193025 -0.252495 -0.167980
v 0.073914 -0.204358 -0.174679
v 0.151130 -0.279595 -0.167980
v 0.105511 -0.299809 -0.167980
v 0.006962 -0.216068 -0.174679
v 0.057292 -0.312638 -0.167980
v 0.007660 -0.317765 -0.167980
v -0.060608 -0.208880 -0.174679
v -0.042164 -0.315065 -0.167980
v -0.090952 -0.304603 -0.167980
v -0.121624 -0.179057 -0.174679
v -0.137502 -0.286638 -0.167980
v -0.180669 -0.261613 -0.167980
v -0.172016 -0.133572 -0.174679
v -0.219390 -0.230143 -0.167980
v -0.252712 -0.193003 -0.167980
v -0.203790 -0.073607 -0.174679
v -0.279812 -0.151108 -0.167980
v -0.329009 -0.059900 -0.150843
v -0.334368 -0.007671 -0.150789
v -0.315545 -0.110648 -0.150916
v -0.294310 -0.158663 -0.151006
v -0.265823 -0.202767 -0.151111
v -0.230788 -0.241870 -0.151228
v -0.190068 -0.275012 -0.151355
v -0.144663 -0.301376 -0.151488
v -0.095694 -0.320312 -0.151624
v -0.044366 -0.331354 -0.151760
v 0.008058 -0.334232 -0.151891
v 0.060286 -0.328873 -0.152016
v 0.111034 -0.315409 -0.152131
v 0.159051 -0.294173 -0.152234
v 0.203153 -0.265686 -0.152320
v 0.242257 -0.230652 -0.152390
v 0.275398 -0.189931 -0.152440
v 0.301762 -0.144526 -0.152470
v 0.320699 -0.095557 -0.152479
v 0.331741 -0.044228 -0.152465
v 0.334619 0.008195 -0.152432
v 0.329259 0.060424 -0.152377
v 0.315797 0.111172 -0.152304
v 0.294560 0.159188 -0.152214
v 0.266074 0.203291 -0.152110
v 0.231039 0.242395 -0.151992
v 0.190318 0.275537 -0.151866
v 0.144915 0.301901 -0.151733
v 0.095946 0.320837 -0.151597
v 0.044617 0.331880 -0.151462
v -0.007807 0.334756 -0.151329
v -0.060036 0.329397 -0.151204
v -0.110783 0.315934 -0.151089
v -0.158799 0.294697 -0.150987
v -0.202903 0.266211 -0.150900
v -0.242006 0.231176 -0.150831
v -0.275148 0.190455 -0.150781
v -0.301511 0.145051 -0.150751
v -0.320448 0.096082 -0.150742
v -0.331491 0.044753 -0.150755
v -0.329260 -0.060424 0.146226
v -0.315796 -0.111171 0.146127
v -0.319662 -0.058518 0.159190
v -0.306554 -0.107787 0.159190
v -0.294560 -0.159188 0.146003
v -0.285902 -0.154399 0.159190
v -0.266074 -0.203291 0.145859
v -0.258210 -0.197207 0.159190
v -0.231040 -0.242395 0.145700
v -0.224163 -0.235155 0.159190
v -0.190318 -0.275536 0.145527
v -0.184600 -0.267311 0.159190
v -0.144915 -0.301901 0.145345
v -0.140493 -0.292880 0.159190
v -0.095946 -0.320837 0.145159
v -0.092929 -0.311236 0.159190
v -0.044618 -0.331879 0.144973
v -0.043079 -0.321925 0.159190
v 0.007807 -0.334757 0.144792
v 0.007828 -0.324684 0.159190
v 0.060036 -0.329397 0.144621
v 0.058541 -0.319446 0.159190
v 0.110783 -0.315934 0.144464
v 0.107810 -0.306338 0.159190
v 0.158799 -0.294697 0.144324
v 0.154423 -0.285684 0.159190
v 0.202903 -0.266211 0.144206
v 0.197229 -0.257994 0.159190
v 0.242006 -0.231176 0.144111
v 0.235178 -0.223947 0.159190
v 0.275148 -0.190454 0.144043
v 0.267333 -0.184384 0.159190
v 0.301512 -0.145050 0.144002
v 0.292903 -0.140277 0.159190
v 0.320448 -0.096082 0.143990
v 0.311259 -0.092713 0.159190
v 0.331490 -0.044753 0.144008
v 0.321948 -0.042864 0.159190
v 0.334368 0.007671 0.144054
v 0.324707 0.008045 0.159190
v 0.329009 0.059900 0.144128
v 0.319468 0.058757 0.159190
v 0.315545 0.110648 0.144227
v 0.306360 0.108027 0.159190
v 0.294309 0.158664 0.144351
v 0.285708 0.154638 0.159190
v 0.265823 0.202767 0.144495
v 0.258016 0.197446 0.159190
v 0.230788 0.241870 0.144654
v 0.223970 0.235394 0.159190
v 0.190068 0.275012 0.144828
v 0.184406 0.267550 0.159190
v 0.144663 0.301376 0.145010
v 0.140300 0.293120 0.159190
v 0.095694 0.320312 0.145195
v 0.092736 0.311476 0.159190
v 0.044365 0.331355 0.145381
v 0.042886 0.322164 0.159190
v -0.008058 0.334233 0.145562
v -0.008022 0.324924 0.159190
v -0.060287 0.328874 0.145733
v -0.058735 0.319685 0.159190
v -0.111034 0.315409 0.145890
v -0.108004 0.306577 0.159190
v -0.159051 0.294173 0.146030
v -0.154616 0.285924 0.159190
v -0.203154 0.265687 0.146149
v -0.197423 0.258233 0.159190
v -0.242257 0.230652 0.146243
v -0.235371 0.224186 0.159190
v -0.275399 0.189930 0.146312
v -0.267526 0.184623 0.159190
v -0.301763 0.144527 0.146353
v -0.293097 0.140515 0.159190
v -0.320699 0.095558 0.146364
v -0.311453 0.092952 0.159190
v -0.331742 0.044229 0.146347
v -0.322141 0.043102 0.159190
v -0.334620 -0.008195 0.146300
v -0.324901 -0.007806 0.159190
v -0.305216 -0.007325 0.169423
v -0.300294 -0.054964 0.169423
v -0.287982 -0.101248 0.169423
v -0.268580 -0.145035 0.169423
v -0.242568 -0.185248 0.169423
v -0.210585 -0.220897 0.169423
v -0.173418 -0.251103 0.169423
v -0.131984 -0.275123 0.169423
v -0.087303 -0.292367 0.169423
v -0.040475 -0.302407 0.169423
v 0.007348 -0.304999 0.169423
v 0.054987 -0.300079 0.169423
v 0.101270 -0.287765 0.169423
v 0.145058 -0.268364 0.169423
v 0.185270 -0.242351 0.169423
v 0.220919 -0.210368 0.169423
v 0.251125 -0.173202 0.169423
v 0.275146 -0.131768 0.169423
v 0.292389 -0.087087 0.169423
v 0.302431 -0.040258 0.169423
v 0.305022 0.007564 0.169423
v 0.300101 0.055204 0.169423
v 0.287788 0.101487 0.169423
v 0.268387 0.145274 0.169423
v 0.242373 0.185487 0.169423
v 0.210391 0.221136 0.169423
v 0.173225 0.251342 0.169423
v 0.131791 0.275363 0.169423
v 0.087109 0.292606 0.169423
v 0.040281 0.302646 0.169423
v -0.007542 0.305238 0.169423
v -0.055181 0.300318 0.169423
v -0.101465 0.288004 0.169423
v -0.145252 0.268603 0.169423
v -0.185465 0.242590 0.169423
v -0.221113 0.210607 0.169423
v -0.251319 0.173441 0.169423
v -0.275340 0.132007 0.169423
v -0.292583 0.087326 0.169423
v -0.302624 0.040498 0.169423
v -0.269281 0.036047 0.174679
v -0.271588 -0.006504 0.174679
v -0.267208 -0.048893 0.174679
v -0.256252 -0.090076 0.174679
v -0.238990 -0.129037 0.174679
v -0.215843 -0.164818 0.174679
v -0.187385 -0.196537 0.174679
v -0.154316 -0.223414 0.174679
v -0.117449 -0.244787 0.174679
v -0.077692 -0.260130 0.174679
v -0.036025 -0.269064 0.174679
v 0.006528 -0.271371 0.174679
v 0.048917 -0.266992 0.174679
v 0.090099 -0.256037 0.174679
v 0.129059 -0.238773 0.174678
v 0.164840 -0.215627 0.174678
v 0.196560 -0.187170 0.174679
v 0.223437 -0.154100 0.174678
v 0.244810 -0.117233 0.174679
v 0.260152 -0.077475 0.174679
v 0.269088 -0.035809 0.174679
v 0.271394 0.006744 0.174679
v 0.267015 0.049133 0.174679
v 0.256059 0.090315 0.174679
v 0.238795 0.129276 0.174679
v 0.215651 0.165057 0.174679
v 0.187192 0.196776 0.174679
v 0.154122 0.223654 0.174679
v 0.117255 0.245027 0.174679
v 0.077499 0.260369 0.174679
v 0.035831 0.269304 0.174679
v -0.006721 0.271610 0.174679
v -0.049110 0.267231 0.174679
v -0.090292 0.256275 0.174679
v -0.129253 0.239012 0.174679
v -0.165034 0.215866 0.174679
v -0.196754 0.187409 0.174679
v -0.223631 0.154338 0.174679
v -0.245004 0.117471 0.174679
v -0.260346 0.077714 0.174679
v -0.229874 0.068629 0.167773
v -0.237763 0.031841 0.167773
v -0.216328 0.103731 0.167773
v -0.197458 0.136282 0.167773
v -0.173727 0.165479 0.167773
v -0.145722 0.190605 0.167773
v -0.114131 0.211041 0.167773
v -0.079731 0.226283 0.167773
v -0.043371 0.235956 0.167773
v -0.005946 0.239822 0.167773
v 0.031624 0.237786 0.167773
v 0.068412 0.229898 0.167773
v 0.103515 0.216351 0.167773
v 0.136065 0.197481 0.167773
v 0.165263 0.173750 0.167773
v 0.190389 0.145745 0.167773
v 0.210824 0.114153 0.167773
v 0.226066 0.079754 0.167773
v 0.235740 0.043394 0.167773
v 0.239606 0.005969 0.167773
v 0.237569 -0.031601 0.167773
v 0.229681 -0.068390 0.167773
v 0.216135 -0.103492 0.167773
v 0.197264 -0.136043 0.167773
v 0.173534 -0.165240 0.167773
v 0.145528 -0.190366 0.167773
v 0.113937 -0.210802 0.167773
v 0.079537 -0.226044 0.167773
v 0.043177 -0.235717 0.167773
v 0.005752 -0.239583 0.167773
v -0.031818 -0.237547 0.167773
v -0.068606 -0.229659 0.167773
v -0.103708 -0.216112 0.167773
v -0.136259 -0.197242 0.167773
v -0.165456 -0.173512 0.167773
v -0.190583 -0.145506 0.167773
v -0.211018 -0.113914 0.167773
v -0.226260 -0.079515 0.167773
v -0.235933 -0.043155 0.167773
v -0.239799 -0.005729 0.167773
vn 0.1707 0.0893 0.9813
vn -0.1536 -0.0804 0.9849
vn -0.1643 -0.0554 0.9848
vn 0.1825 0.0615 0.9813
vn 0.1546 0.1149 0.9813
vn -0.1392 -0.1034 0.9849
vn 0.1347 0.1377 0.9813
vn -0.1213 -0.1239 0.9848
vn 0.1115 0.1570 0.9813
vn -0.1004 -0.1414 0.9849
vn 0.0856 0.1725 0.9813
vn -0.0771 -0.1554 0.9848
vn 0.0575 0.1838 0.9813
vn -0.0518 -0.1655 0.9848
vn 0.0281 0.1905 0.9813
vn -0.0253 -0.1716 0.9848
vn -0.0021 0.1926 0.9813
vn 0.0019 -0.1734 0.9848
vn -0.0322 0.1899 0.9813
vn 0.0290 -0.1710 0.9848
vn -0.0615 0.1824 0.9813
vn 0.0554 -0.1643 0.9848
vn -0.0892 0.1706 0.9813
vn 0.0804 -0.1536 0.9849
vn -0.1148 0.1545 0.9813
vn 0.1034 -0.1392 0.9849
vn -0.1376 0.1346 0.9813
vn 0.1240 -0.1213 0.9848
vn -0.1569 0.1115 0.9813
vn 0.1414 -0.1004 0.9849
vn -0.1724 0.0855 0.9813
vn 0.1554 -0.0771 0.9848
vn -0.1837 0.0575 0.9813
vn 0.1655 -0.0518 0.9848
vn -0.1905 0.0281 0.9813
vn 0.1716 -0.0253 0.9848
vn -0.1924 -0.0021 0.9813
vn 0.1734 0.0019 0.9849
vn -0.1898 -0.0322 0.9813
vn 0.1710 0.0290 0.9848
vn -0.1825 -0.0615 0.9813
vn 0.1644 0.0554 0.9848
vn -0.1705 -0.0892 0.9813
vn 0.1537 0.0804 0.9848
vn -0.1545 -0.1148 0.9813
vn 0.1392 0.1035 0.9848
vn -0.1346 -0.1376 0.9813
vn 0.1213 0.1240 0.9848
vn -0.1115 -0.1570 0.9813
vn 0.1004 0.1414 0.9849
vn -0.0856 -0.1725 0.9813
vn 0.0771 0.1554 0.9848
vn -0.0575 -0.1838 0.9813
vn 0.0518 0.1655 0.9849
vn -0.0281 -0.1905 0.9813
vn 0.0253 0.1716 0.9848
vn 0.0021 -0.1926 0.9813
vn -0.0019 0.1734 0.9848
vn 0.0322 -0.1899 0.9813
vn -0.0290 0.1710 0.9848
vn 0.0615 -0.1825 0.9813
vn -0.0554 0.1643 0.9848
vn 0.0893 -0.1707 0.9813
vn -0.0804 0.1536 0.9849
vn 0.1149 -0.1546 0.9813
vn -0.1034 0.1392 0.9849
vn 0.1377 -0.1347 0.9813
vn -0.1239 0.1213 0.9848
vn 0.1570 -0.1115 0.9813
vn -0.1414 0.1004 0.9849
vn 0.1725 -0.0856 0.9813
vn -0.1554 0.0771 0.9848
vn 0.1838 -0.0575 0.9813
vn -0.1655 0.0518 0.9849
vn 0.1905 -0.0281 0.9813
vn -0.1716 0.0253 0.9848
vn 0.1926 0.0021 0.9813
vn -0.1734 -0.0019 0.9848
vn 0.1899 0.0322 0.9813
vn -0.1710 -0.0290 0.9848
vn 0.5393 -0.8421 -0.0063
vn 0.5504 -0.8349 -0.0035
vn 0.5261 -0.8504 -0.0043
vn 0.5064 -0.8623 -0.0013
vn 0.5158 -0.8567 -0.0000
vn 0.2525 -0.9676 -0.0000
vn 0.2189 -0.9757 -0.0000
vn -0.3513 -0.9363 -0.0000
vn -0.3754 -0.9269 -0.0000
vn -0.9030 -0.4296 -0.0000
vn -0.8917 -0.4526 -0.0000
vn -0.9910 0.1342 -0.0000
vn -0.9857 0.1688 -0.0000
vn -0.9030 0.4297 -0.0000
vn -0.8986 0.4388 -0.0015
vn -0.8841 0.4672 -0.0057
vn -0.8777 0.4792 -0.0059
vn -0.8920 0.4519 -0.0044
vn 0.8512 -0.5249 -0.0063
vn 0.8580 -0.5136 -0.0035
vn 0.8429 -0.5381 -0.0043
vn 0.8303 -0.5573 -0.0013
vn 0.8364 -0.5482 -0.0000
vn 0.6471 -0.7624 -0.0000
vn 0.6204 -0.7843 -0.0000
vn 0.0898 -0.9960 -0.0000
vn 0.0640 -0.9979 -0.0000
vn -0.6264 -0.7795 -0.0000
vn -0.6062 -0.7953 -0.0000
vn -0.9493 -0.3143 -0.0000
vn -0.9595 -0.2816 -0.0000
vn -0.9999 -0.0113 -0.0000
vn -1.0000 -0.0005 -0.0015
vn -0.9994 0.0355 -0.0056
vn -0.9988 0.0490 -0.0057
vn -0.9998 0.0187 -0.0045
vn 0.9961 -0.0886 -0.0036
vn 0.9930 -0.1176 -0.0042
vn 0.9948 -0.1018 -0.0064
vn 0.9908 -0.1350 -0.0013
vn 0.9922 -0.1248 -0.0000
vn 0.9165 -0.4001 -0.0000
vn 0.9018 -0.4321 -0.0000
vn 0.5130 -0.8584 -0.0000
vn 0.4905 -0.8714 -0.0000
vn -0.2271 -0.9739 -0.0000
vn -0.2021 -0.9794 -0.0000
vn -0.7198 -0.6942 -0.0000
vn -0.7433 -0.6690 -0.0000
vn -0.8967 -0.4426 -0.0000
vn -0.9014 -0.4331 -0.0015
vn -0.9159 -0.4013 -0.0057
vn -0.9213 -0.3889 -0.0057
vn -0.9090 -0.4168 -0.0044
vn 0.9360 0.3520 -0.0036
vn 0.9458 0.3247 -0.0043
vn 0.9406 0.3396 -0.0064
vn 0.9518 0.3067 -0.0013
vn 0.9485 0.3167 -0.0000
vn 0.9994 0.0356 -0.0000
vn 1.0000 0.0005 -0.0000
vn 0.8346 -0.5508 -0.0000
vn 0.8201 -0.5723 -0.0000
vn 0.2190 -0.9757 -0.0000
vn 0.2430 -0.9700 -0.0000
vn -0.3829 -0.9238 -0.0000
vn -0.6191 -0.7853 -0.0000
vn -0.6270 -0.7790 -0.0015
vn -0.6515 -0.7587 -0.0057
vn -0.6617 -0.7497 -0.0058
vn -0.6383 -0.7698 -0.0044
vn 0.6910 0.7229 -0.0035
vn 0.7115 0.7027 -0.0043
vn 0.7004 0.7137 -0.0064
vn 0.7275 0.6861 -0.0013
vn 0.7199 0.6941 -0.0000
vn 0.8868 0.4621 -0.0000
vn 0.9022 0.4313 -0.0000
vn 0.9911 -0.1334 -0.0000
vn 0.9873 -0.1590 -0.0000
vn 0.6203 -0.7844 -0.0000
vn 0.6403 -0.7681 -0.0000
vn 0.0897 -0.9960 -0.0000
vn 0.0555 -0.9985 -0.0000
vn -0.2173 -0.9761 -0.0000
vn -0.2271 -0.9739 -0.0015
vn -0.2580 -0.9661 -0.0057
vn -0.2711 -0.9625 -0.0059
vn -0.2414 -0.9704 -0.0045
vn 0.3091 0.9510 -0.0035
vn 0.3364 0.9417 -0.0043
vn 0.3216 0.9469 -0.0063
vn 0.3578 0.9338 -0.0013
vn 0.3476 0.9377 -0.0000
vn 0.5986 0.8010 -0.0000
vn 0.6259 0.7799 -0.0000
vn 0.9509 0.3095 -0.0000
vn 0.9586 0.2848 -0.0000
vn 0.8991 -0.4377 -0.0000
vn 0.9101 -0.4145 -0.0000
vn 0.4830 -0.8756 -0.0000
vn 0.2275 -0.9738 -0.0000
vn 0.2176 -0.9760 -0.0015
vn 0.1865 -0.9824 -0.0057
vn 0.1731 -0.9849 -0.0059
vn 0.2033 -0.9791 -0.0044
vn -0.1208 0.9927 -0.0063
vn -0.1339 0.9910 -0.0035
vn -0.1053 0.9944 -0.0043
vn -0.0824 0.9966 -0.0013
vn -0.0934 0.9956 -0.0000
vn 0.1922 0.9814 -0.0000
vn 0.2259 0.9741 -0.0000
vn 0.7227 0.6912 -0.0000
vn 0.7403 0.6723 -0.0000
vn 1.0000 -0.0045 -0.0000
vn 0.9998 0.0212 -0.0000
vn 0.8345 -0.5510 -0.0000
vn 0.8149 -0.5796 -0.0000
vn 0.6273 -0.7788 -0.0000
vn 0.6193 -0.7851 -0.0015
vn 0.5941 -0.8044 -0.0057
vn 0.5831 -0.8124 -0.0059
vn 0.6078 -0.7941 -0.0044
vn -0.5393 0.8421 -0.0063
vn -0.5504 0.8349 -0.0035
vn -0.5261 0.8504 -0.0043
vn -0.5064 0.8623 -0.0013
vn -0.5158 0.8567 -0.0000
vn -0.2524 0.9676 -0.0000
vn -0.2189 0.9758 -0.0000
vn 0.3514 0.9362 -0.0000
vn 0.3754 0.9268 -0.0000
vn 0.9030 0.4296 -0.0000
vn 0.8917 0.4527 -0.0000
vn 0.9857 -0.1688 -0.0000
vn 0.9030 -0.4297 -0.0000
vn 0.8986 -0.4389 -0.0015
vn 0.8841 -0.4672 -0.0057
vn 0.8777 -0.4792 -0.0058
vn 0.8920 -0.4519 -0.0044
vn -0.8512 0.5249 -0.0063
vn -0.8580 0.5136 -0.0035
vn -0.8429 0.5381 -0.0043
vn -0.8302 0.5574 -0.0013
vn -0.8363 0.5483 -0.0000
vn -0.6471 0.7624 -0.0000
vn -0.6204 0.7843 -0.0000
vn -0.0894 0.9960 -0.0000
vn -0.0637 0.9980 -0.0000
vn 0.6274 0.7787 -0.0000
vn 0.6072 0.7945 -0.0000
vn 0.9614 0.2753 -0.0000
vn 1.0000 0.0044 -0.0000
vn 1.0000 -0.0058 -0.0015
vn 0.9993 -0.0376 -0.0057
vn 0.9987 -0.0511 -0.0058
vn 0.9998 -0.0204 -0.0044
vn -0.9928 0.1194 -0.0042
vn -0.9946 0.1038 -0.0063
vn -0.9959 0.0907 -0.0035
vn -0.9898 0.1423 -0.0013
vn -0.9913 0.1314 -0.0000
vn -0.9137 0.4064 -0.0000
vn -0.8991 0.4377 -0.0000
vn -0.5129 0.8585 -0.0000
vn -0.4906 0.8714 -0.0000
vn 0.2258 0.9742 -0.0000
vn 0.2012 0.9795 -0.0000
vn 0.7219 0.6920 -0.0000
vn 0.7457 0.6663 -0.0000
vn 0.8984 0.4392 -0.0000
vn 0.9028 0.4300 -0.0015
vn 0.9160 0.4011 -0.0057
vn 0.9214 0.3886 -0.0059
vn 0.9090 0.4168 -0.0044
vn -0.9458 -0.3246 -0.0042
vn -0.9406 -0.3394 -0.0063
vn -0.9361 -0.3518 -0.0035
vn -0.9531 -0.3028 -0.0013
vn -0.9497 -0.3133 -0.0000
vn -0.9995 -0.0318 -0.0000
vn -1.0000 0.0027 -0.0000
vn -0.8351 0.5501 -0.0000
vn -0.8206 0.5714 -0.0000
vn -0.2439 0.9698 -0.0000
vn 0.3513 0.9363 -0.0000
vn 0.3830 0.9237 -0.0000
vn 0.6190 0.7854 -0.0000
vn 0.6270 0.7790 -0.0016
vn 0.6515 0.7587 -0.0057
vn 0.6617 0.7497 -0.0059
vn 0.6383 0.7698 -0.0044
vn -0.7115 -0.7027 -0.0043
vn -0.7004 -0.7137 -0.0063
vn -0.6910 -0.7229 -0.0035
vn -0.7275 -0.6861 -0.0013
vn -0.8868 -0.4622 -0.0000
vn -0.9023 -0.4312 -0.0000
vn -0.9910 0.1341 -0.0000
vn -0.9873 0.1590 -0.0000
vn -0.6403 0.7681 -0.0000
vn -0.0895 0.9960 -0.0000
vn -0.0555 0.9985 -0.0000
vn 0.2174 0.9761 -0.0000
vn 0.2272 0.9738 -0.0015
vn 0.2580 0.9661 -0.0057
vn 0.2711 0.9625 -0.0058
vn 0.2414 0.9704 -0.0044
vn -0.3364 -0.9417 -0.0043
vn -0.3216 -0.9469 -0.0063
vn -0.3091 -0.9510 -0.0035
vn -0.3580 -0.9337 -0.0013
vn -0.3477 -0.9376 -0.0000
vn -0.5988 -0.8009 -0.0000
vn -0.6261 -0.7798 -0.0000
vn -0.9509 -0.3095 -0.0000
vn -0.9586 -0.2848 -0.0000
vn -0.9101 0.4145 -0.0000
vn -0.4831 0.8756 -0.0000
vn -0.2276 0.9738 -0.0000
vn -0.2177 0.9760 -0.0015
vn -0.1865 0.9824 -0.0057
vn -0.1731 0.9849 -0.0059
vn -0.2033 0.9791 -0.0044
vn 0.9442 0.3181 -0.0854
vn 0.9442 0.3181 -0.0855
vn 0.8828 0.4619 -0.0855
vn 0.7997 0.5943 -0.0855
vn 0.6969 0.7121 -0.0855
vn 0.5769 0.8123 -0.0855
vn 0.4427 0.8926 -0.0854
vn 0.2976 0.9509 -0.0854
vn 0.1452 0.9857 -0.0854
vn -0.0108 0.9963 -0.0854
vn -0.0108 0.9963 -0.0855
vn -0.1665 0.9823 -0.0855
vn -0.3181 0.9442 -0.0855
vn -0.3181 0.9442 -0.0854
vn -0.4619 0.8828 -0.0855
vn -0.5943 0.7997 -0.0855
vn -0.7121 0.6969 -0.0855
vn -0.8123 0.5769 -0.0855
vn -0.8123 0.5769 -0.0854
vn -0.8926 0.4427 -0.0854
vn -0.9509 0.2976 -0.0854
vn -0.9509 0.2976 -0.0855
vn -0.9857 0.1452 -0.0855
vn -0.9963 -0.0108 -0.0855
vn -0.9963 -0.0108 -0.0854
vn -0.9823 -0.1665 -0.0854
vn -0.9442 -0.3181 -0.0854
vn -0.8828 -0.4619 -0.0854
vn -0.7997 -0.5943 -0.0854
vn -0.6969 -0.7121 -0.0854
vn -0.6969 -0.7121 -0.0855
vn -0.5769 -0.8123 -0.0855
vn -0.4427 -0.8926 -0.0855
vn -0.2976 -0.9509 -0.0854
vn -0.1452 -0.9857 -0.0854
vn 0.0108 -0.9963 -0.0854
vn 0.0108 -0.9963 -0.0855
vn 0.1665 -0.9823 -0.0855
vn 0.3181 -0.9442 -0.0855
vn 0.4619 -0.8828 -0.0855
vn 0.5943 -0.7997 -0.0855
vn 0.7121 -0.6969 -0.0855
vn 0.8123 -0.5769 -0.0855
vn 0.8124 -0.5769 -0.0854
vn 0.8926 -0.4427 -0.0854
vn 0.9509 -0.2976 -0.0854
vn 0.9857 -0.1452 -0.0854
vn 0.9963 0.0108 -0.0854
vn 0.9823 0.1665 -0.0855
vn -0.9477 -0.3193 0.0036
vn -0.8860 -0.4636 0.0036
vn -0.8026 -0.5965 0.0036
vn -0.6994 -0.7147 0.0036
vn -0.5790 -0.8153 0.0036
vn -0.4443 -0.8959 0.0036
vn -0.2987 -0.9543 0.0036
vn -0.1457 -0.9893 0.0036
vn 0.0108 -0.9999 0.0036
vn 0.1671 -0.9859 0.0036
vn 0.3193 -0.9477 0.0036
vn 0.4636 -0.8860 0.0036
vn 0.5965 -0.8026 0.0036
vn 0.7147 -0.6994 0.0036
vn 0.8153 -0.5790 0.0036
vn 0.8959 -0.4443 0.0036
vn 0.9543 -0.2987 0.0036
vn 0.9893 -0.1457 0.0036
vn 0.9999 0.0108 0.0036
vn 0.9859 0.1671 0.0036
vn 0.9477 0.3193 0.0036
vn 0.8860 0.4636 0.0036
vn 0.8026 0.5965 0.0036
vn 0.6994 0.7147 0.0036
vn 0.5790 0.8153 0.0036
vn 0.4443 0.8959 0.0036
vn 0.2987 0.9543 0.0036
vn 0.1457 0.9893 0.0036
vn -0.0108 0.9999 0.0036
vn -0.1671 0.9859 0.0036
vn -0.3193 0.9477 0.0036
vn -0.4636 0.8860 0.0036
vn -0.5965 0.8026 0.0036
vn -0.7147 0.6994 0.0036
vn -0.8153 0.5790 0.0036
vn -0.8959 0.4443 0.0036
vn -0.9543 0.2987 0.0036
vn -0.9893 0.1457 0.0036
vn -0.9999 -0.0108 0.0036
vn -0.9859 -0.1671 0.0036
vn -0.9998 -0.0212 -0.0000
vn -1.0000 0.0046 -0.0000
vn -0.8149 0.5795 -0.0000
vn -0.6273 0.7788 -0.0000
vn -0.6194 0.7850 -0.0015
vn -0.5941 0.8044 -0.0057
vn -0.5831 0.8124 -0.0059
vn -0.6078 0.7941 -0.0044
vn -0.3282 0.9446 -0.0020
vn -0.2710 0.9620 0.0325
vn 0.1289 0.9917 -0.0032
vn 0.1400 0.9900 0.0165
vn 0.3134 0.9468 -0.0735
vn 0.5052 0.3481 0.7897
vn 0.4821 0.3322 0.8107
vn 0.4821 0.3321 0.8107
vn 0.2552 0.1758 0.9508
vn 0.0444 0.0306 0.9985
vn 0.0443 0.0306 0.9985
vn 0.1090 0.0751 0.9912
vn 0.1091 0.0751 0.9912
vn 0.1216 0.0839 0.9890
vn 0.1040 0.0717 0.9920
vn 0.1041 0.0718 0.9920
vn 0.1097 0.0549 0.9924
vn 0.1425 0.1114 0.9835
vn 0.2449 0.2663 0.9322
vn 0.1708 0.0448 0.9843
vn 0.0992 0.1518 0.9834
vn 0.3510 0.1597 0.9226
vn 0.1804 0.0172 0.9834
vn 0.1249 0.0195 0.9920
vn 0.1460 0.0228 0.9890
vn 0.1308 0.0204 0.9912
vn 0.0533 0.0083 0.9985
vn 0.0532 0.0083 0.9985
vn 0.3062 0.0477 0.9508
vn 0.5784 0.0902 0.8107
vn 0.5785 0.0903 0.8107
vn 0.6063 0.0946 0.7896
vn 0.6062 0.0946 0.7897
vn 0.3585 -0.0242 0.9332
vn 0.1761 -0.0419 0.9835
vn 0.1700 -0.0628 0.9834
vn 0.1210 -0.0366 0.9920
vn 0.1414 -0.0428 0.9890
vn 0.1414 -0.0427 0.9890
vn 0.1267 -0.0384 0.9912
vn 0.0516 -0.0156 0.9985
vn 0.2966 -0.0897 0.9508
vn 0.2967 -0.0897 0.9508
vn 0.5603 -0.1695 0.8107
vn 0.5604 -0.1695 0.8107
vn 0.5873 -0.1776 0.7897
vn 0.5872 -0.1776 0.7897
vn 0.3104 -0.1756 0.9343
vn 0.1406 -0.1141 0.9835
vn 0.1260 -0.1303 0.9834
vn 0.0932 -0.0854 0.9920
vn 0.1089 -0.0999 0.9890
vn 0.0975 -0.0895 0.9912
vn 0.0976 -0.0896 0.9912
vn 0.0397 -0.0364 0.9985
vn 0.2283 -0.2095 0.9508
vn 0.4314 -0.3958 0.8107
vn 0.4521 -0.4148 0.7897
vn 0.4521 -0.4147 0.7897
vn 0.2031 -0.2933 0.9342
vn 0.0772 -0.1638 0.9835
vn 0.0569 -0.1720 0.9835
vn 0.0469 -0.1174 0.9920
vn 0.0548 -0.1372 0.9890
vn 0.0491 -0.1229 0.9912
vn 0.0491 -0.1230 0.9912
vn 0.0200 -0.0501 0.9985
vn 0.0200 -0.0500 0.9985
vn 0.1149 -0.2878 0.9508
vn 0.1148 -0.2877 0.9508
vn 0.2171 -0.5437 0.8107
vn 0.2276 -0.5698 0.7897
vn 0.0580 -0.3556 0.9328
vn -0.0018 -0.1808 0.9835
vn -0.0235 -0.1797 0.9834
vn -0.0088 -0.1261 0.9920
vn -0.0104 -0.1474 0.9890
vn -0.0103 -0.1474 0.9890
vn -0.0093 -0.1320 0.9912
vn -0.0094 -0.1321 0.9912
vn -0.0038 -0.0538 0.9985
vn -0.0038 -0.0537 0.9985
vn -0.0218 -0.3091 0.9508
vn -0.0219 -0.3090 0.9508
vn -0.0412 -0.5840 0.8107
vn -0.0411 -0.5840 0.8107
vn -0.0431 -0.6120 0.7897
vn -0.1053 -0.3431 0.9334
vn -0.0801 -0.1623 0.9835
vn -0.0992 -0.1518 0.9834
vn -0.0626 -0.1098 0.9920
vn -0.0627 -0.1098 0.9920
vn -0.0732 -0.1283 0.9890
vn -0.0657 -0.1149 0.9912
vn -0.0657 -0.1150 0.9912
vn -0.0267 -0.0468 0.9985
vn -0.1538 -0.2690 0.9508
vn -0.2904 -0.5083 0.8107
vn -0.2903 -0.5084 0.8107
vn -0.3043 -0.5328 0.7896
vn -0.3043 -0.5328 0.7897
vn -0.2432 -0.2681 0.9322
vn -0.1426 -0.1115 0.9835
vn -0.1552 -0.0937 0.9834
vn -0.1040 -0.0717 0.9920
vn -0.1041 -0.0718 0.9920
vn -0.1216 -0.0839 0.9890
vn -0.1090 -0.0751 0.9912
vn -0.1091 -0.0751 0.9912
vn -0.0444 -0.0306 0.9985
vn -0.0443 -0.0306 0.9985
vn -0.2552 -0.1758 0.9508
vn -0.2551 -0.1757 0.9508
vn -0.4821 -0.3321 0.8107
vn -0.4821 -0.3322 0.8107
vn -0.5052 -0.3481 0.7897
vn -0.3375 -0.1346 0.9317
vn -0.1768 -0.0386 0.9835
vn -0.1804 -0.0172 0.9834
vn -0.1249 -0.0195 0.9920
vn -0.1460 -0.0228 0.9890
vn -0.1308 -0.0204 0.9912
vn -0.0533 -0.0083 0.9985
vn -0.0532 -0.0083 0.9985
vn -0.3062 -0.0477 0.9508
vn -0.3063 -0.0478 0.9507
vn -0.5784 -0.0902 0.8107
vn -0.5784 -0.0903 0.8107
vn -0.6062 -0.0946 0.7896
vn -0.6062 -0.0946 0.7897
vn -0.3586 0.0277 0.9331
vn -0.1761 0.0419 0.9835
vn -0.1700 0.0628 0.9834
vn -0.1210 0.0366 0.9920
vn -0.1414 0.0428 0.9890
vn -0.1414 0.0427 0.9890
vn -0.1267 0.0384 0.9912
vn -0.0516 0.0156 0.9985
vn -0.2966 0.0898 0.9508
vn -0.2965 0.0898 0.9508
vn -0.5603 0.1695 0.8108
vn -0.5604 0.1695 0.8107
vn -0.5872 0.1776 0.7897
vn -0.1406 0.1141 0.9835
vn -0.3089 0.1739 0.9351
vn -0.1259 0.1304 0.9834
vn -0.0932 0.0854 0.9920
vn -0.1089 0.0999 0.9890
vn -0.1089 0.0998 0.9890
vn -0.0975 0.0895 0.9912
vn -0.0976 0.0896 0.9912
vn -0.0397 0.0365 0.9985
vn -0.0397 0.0364 0.9985
vn -0.2283 0.2095 0.9508
vn -0.2282 0.2094 0.9508
vn -0.4313 0.3957 0.8108
vn -0.4314 0.3958 0.8107
vn -0.4521 0.4147 0.7897
vn -0.1994 0.2951 0.9344
vn -0.0772 0.1641 0.9834
vn -0.0569 0.1722 0.9834
vn -0.0469 0.1173 0.9920
vn -0.0548 0.1371 0.9890
vn -0.0490 0.1229 0.9912
vn -0.0491 0.1230 0.9912
vn -0.0200 0.0501 0.9985
vn -0.0199 0.0500 0.9985
vn -0.1149 0.2878 0.9508
vn -0.1148 0.2878 0.9508
vn -0.2170 0.5437 0.8108
vn -0.2171 0.5437 0.8107
vn -0.2276 0.5698 0.7897
vn -0.2275 0.5698 0.7897
vn 0.0016 0.1815 0.9834
vn -0.0609 0.3390 0.9388
vn 0.0234 0.1799 0.9834
vn 0.0086 0.1260 0.9920
vn 0.0101 0.1472 0.9891
vn 0.0101 0.1473 0.9890
vn 0.0091 0.1320 0.9912
vn 0.0091 0.1321 0.9912
vn 0.0037 0.0538 0.9985
vn 0.0037 0.0537 0.9985
vn 0.0213 0.3091 0.9508
vn 0.0213 0.3090 0.9508
vn 0.0402 0.5840 0.8108
vn 0.0401 0.5841 0.8107
vn 0.0421 0.6121 0.7896
vn 0.0421 0.6121 0.7897
vn 0.0801 0.1622 0.9835
vn 0.1032 0.3424 0.9339
vn 0.0626 0.1098 0.9920
vn 0.0627 0.1098 0.9920
vn 0.0733 0.1283 0.9890
vn 0.0732 0.1283 0.9890
vn 0.0657 0.1149 0.9912
vn 0.0657 0.1150 0.9912
vn 0.0267 0.0468 0.9985
vn 0.1537 0.2691 0.9508
vn 0.1537 0.2690 0.9508
vn 0.2903 0.5083 0.8108
vn 0.2903 0.5084 0.8107
vn 0.3043 0.5328 0.7897
vn 0.2208 0.7550 0.6174
vn 0.0681 0.7993 0.5971
vn 0.2634 0.9047 0.3350
vn 0.4658 0.8186 0.3360
vn 0.3870 0.7053 0.5939
vn 0.5357 0.5672 0.6255
vn 0.6408 0.6895 0.3377
vn 0.6251 0.7162 0.3102
vn 0.7149 0.6327 0.2975
vn 0.8074 0.4997 0.3138
vn 0.6780 0.4376 0.5906
vn 0.7113 0.4069 0.5732
vn 0.9215 0.2461 0.3004
vn 0.9391 0.1480 0.3103
vn 0.9302 0.1616 0.3296
vn 0.7175 0.3224 0.6174
vn 0.7865 0.1357 0.6025
vn 0.7830 -0.0302 0.6213
vn 0.9401 -0.0488 0.3374
vn 0.9084 -0.2492 0.3358
vn 0.7650 -0.2395 0.5978
vn 0.9296 -0.1916 0.3149
vn 0.8923 -0.3359 0.3017
vn 0.7963 -0.5108 0.3239
vn 0.6956 -0.3644 0.6192
vn 0.6517 -0.4518 0.6093
vn 0.6611 -0.6870 0.3016
vn 0.5631 -0.7641 0.3149
vn 0.6104 -0.5028 0.6120
vn 0.5003 -0.5994 0.6248
vn 0.5957 -0.7299 0.3352
vn 0.4231 -0.8410 0.3372
vn 0.3366 -0.7121 0.6161
vn 0.2098 -0.9171 0.3390
vn 0.1588 -0.7638 0.6256
vn 0.2257 -0.9217 0.3154
vn 0.0959 -0.9488 0.3009
vn -0.1286 -0.9412 0.3125
vn -0.0426 -0.7899 0.6117
vn -0.1096 -0.7907 0.6023
vn -0.3767 -0.8801 0.2890
vn -0.4695 -0.8320 0.2954
vn -0.4342 -0.8422 0.3197
vn -0.1744 -0.7630 0.6225
vn -0.3374 -0.7089 0.6194
vn -0.6257 -0.7060 0.3317
vn -0.5089 -0.5869 0.6297
vn -0.5982 -0.7339 0.3219
vn -0.7135 -0.6317 0.3032
vn -0.8414 -0.4234 0.3358
vn -0.6541 -0.4479 0.6095
vn -0.6921 -0.3973 0.6026
vn -0.9233 -0.2381 0.3012
vn -0.9462 -0.0727 0.3154
vn -0.9331 -0.1293 0.3355
vn -0.7161 -0.3051 0.6278
vn -0.7754 -0.1121 0.6214
vn -0.9353 0.1168 0.3341
vn -0.7718 0.1046 0.6273
vn -0.9446 0.1083 0.3099
vn -0.9302 0.2123 0.2996
vn -0.8531 0.4102 0.3225
vn -0.7602 0.2870 0.5828
vn -0.7554 0.3289 0.5667
vn -0.7372 0.6012 0.3083
vn -0.6437 0.6957 0.3189
vn -0.6599 0.6736 0.3328
vn -0.6756 0.4040 0.6167
vn -0.5746 0.5489 0.6071
vn -0.4846 0.8084 0.3342
vn -0.3969 0.6694 0.6279
vn -0.2781 0.9022 0.3296
vn -0.2163 0.7921 0.5708
vn -0.0743 0.7829 0.6177
vn 0.0132 0.7974 0.6033
vn 0.1827 0.9336 0.3084
vn 0.2790 0.9066 0.3167
vn 0.0299 0.9459 0.3230
vn -0.1785 0.9342 0.3089
vn -0.2721 0.9084 0.3175
vn 0.9758 -0.2184 0.0135
vn 0.9967 -0.0422 -0.0689
vn 0.9724 -0.2333 -0.0029
vn 0.8012 -0.5975 0.0317
vn 0.7746 -0.6325 -0.0019
vn -0.3139 0.9494 -0.0033
vn -0.1282 0.9890 -0.0735
vn -0.3033 0.9528 0.0165
vn -0.6614 0.7493 0.0325
vn -0.7054 0.7089 -0.0021
vn 0.9740 0.2264 0.0135
vn 0.9164 0.3943 -0.0689
vn 0.9774 0.2115 -0.0029
vn 0.9811 -0.1909 0.0317
vn 0.9722 -0.2340 -0.0019
vn -0.6958 0.7182 -0.0032
vn -0.5459 0.8346 -0.0735
vn -0.6877 0.7258 0.0165
vn -0.9216 0.3867 0.0325
vn -0.9436 0.3312 -0.0020
vn 0.7784 0.6277 0.0135
vn 0.6535 0.7538 -0.0689
vn 0.7879 0.6158 -0.0029
vn 0.9664 0.2551 0.0317
vn 0.9772 0.2125 -0.0019
vn -0.9385 0.3454 -0.0033
vn -0.8538 0.5154 -0.0735
vn -0.9344 0.3558 0.0165
vn -0.9982 -0.0512 0.0325
vn -0.9938 -0.1108 -0.0021
vn 0.4429 0.8965 -0.0029
vn 0.4292 0.9031 0.0135
vn 0.2619 0.9626 -0.0689
vn 0.7602 0.6489 0.0317
vn 0.7883 0.6152 -0.0019
vn -0.9963 -0.0846 0.0164
vn -0.9954 -0.0957 -0.0033
vn -0.9928 0.0941 -0.0735
vn -0.8772 -0.4790 0.0325
vn -0.8475 -0.5308 -0.0020
vn 0.0103 0.9999 -0.0029
vn -0.0049 0.9999 0.0135
vn -0.1814 0.9810 -0.0689
vn 0.4036 0.9144 0.0317
vn 0.4436 0.8962 -0.0019
vn -0.8610 -0.5083 0.0164
vn -0.8554 -0.5180 -0.0033
vn -0.9354 -0.3458 -0.0735
vn -0.5827 -0.8120 0.0325
vn -0.5335 -0.8458 -0.0021
vn -0.4243 0.9055 -0.0029
vn -0.4381 0.8988 0.0135
vn -0.5889 0.8053 -0.0689
vn -0.0329 0.9990 0.0317
vn 0.0110 0.9999 -0.0019
vn -0.5554 -0.8314 0.0165
vn -0.5462 -0.8377 -0.0033
vn -0.6929 -0.7172 -0.0735
vn -0.1729 -0.9844 0.0325
vn -0.1139 -0.9935 -0.0021
vn -0.7750 0.6319 -0.0029
vn -0.7845 0.6200 0.0135
vn -0.8798 0.4703 -0.0689
vn -0.4629 0.8859 0.0317
vn -0.4237 0.9058 -0.0019
vn -0.1399 -0.9900 0.0164
vn -0.1289 -0.9917 -0.0033
vn -0.3133 -0.9468 -0.0735
vn 0.2711 -0.9620 0.0325
vn 0.3282 -0.9446 -0.0020
vn -0.9724 0.2333 -0.0029
vn -0.9758 0.2184 0.0135
vn -0.9967 0.0422 -0.0689
vn -0.8012 0.5975 0.0317
vn -0.7746 0.6324 -0.0019
vn 0.3139 -0.9495 -0.0032
vn 0.1282 -0.9890 -0.0735
vn 0.3032 -0.9528 0.0165
vn 0.6614 -0.7493 0.0325
vn 0.7054 -0.7089 -0.0020
vn -0.9774 -0.2114 -0.0029
vn -0.9740 -0.2263 0.0135
vn -0.9164 -0.3943 -0.0689
vn -0.9811 0.1910 0.0317
vn -0.9722 0.2340 -0.0019
vn 0.6946 -0.7194 -0.0032
vn 0.5444 -0.8356 -0.0735
vn 0.6864 -0.7270 0.0165
vn 0.9209 -0.3883 0.0325
vn 0.9430 -0.3328 -0.0020
vn -0.7890 -0.6144 -0.0029
vn -0.7795 -0.6263 0.0135
vn -0.6548 -0.7527 -0.0689
vn -0.9668 -0.2534 0.0317
vn -0.9775 -0.2108 -0.0019
vn 0.9385 -0.3454 -0.0032
vn 0.8538 -0.5153 -0.0735
vn 0.9344 -0.3558 0.0165
vn 0.9982 0.0512 0.0325
vn 0.9938 0.1107 -0.0020
vn -0.4429 -0.8965 -0.0029
vn -0.4292 -0.9031 0.0135
vn -0.2619 -0.9626 -0.0689
vn -0.7602 -0.6489 0.0317
vn -0.7883 -0.6152 -0.0019
vn 0.9954 0.0958 -0.0033
vn 0.9928 -0.0941 -0.0735
vn 0.9963 0.0846 0.0164
vn 0.8772 0.4790 0.0325
vn 0.8475 0.5308 -0.0020
vn -0.0103 -0.9999 -0.0029
vn 0.0049 -0.9999 0.0135
vn 0.1814 -0.9810 -0.0689
vn -0.4036 -0.9144 0.0317
vn -0.4435 -0.8962 -0.0019
vn 0.8554 0.5179 -0.0033
vn 0.9354 0.3458 -0.0735
vn 0.8610 0.5083 0.0165
vn 0.5827 0.8120 0.0325
vn 0.5335 0.8458 -0.0020
vn 0.4243 -0.9055 -0.0029
vn 0.4380 -0.8989 0.0135
vn 0.5889 -0.8053 -0.0689
vn 0.0329 -0.9990 0.0317
vn -0.0110 -0.9999 -0.0019
vn 0.5462 0.8377 -0.0033
vn 0.6930 0.7172 -0.0735
vn 0.5554 0.8314 0.0164
vn 0.1729 0.9844 0.0325
vn 0.1139 0.9935 -0.0020
vn 0.7750 -0.6319 -0.0029
vn 0.7845 -0.6200 0.0135
vn 0.8799 -0.4702 -0.0689
vn 0.4628 -0.8859 0.0317
vn 0.4237 -0.9058 -0.0019
vn 0.1053 -0.9944 -0.0043
vn 0.1208 -0.9927 -0.0064
vn 0.1339 -0.9910 -0.0035
vn 0.0823 -0.9966 -0.0013
vn 0.0933 -0.9956 -0.0000
vn -0.1922 -0.9814 -0.0000
vn -0.7226 -0.6913 -0.0000
vn -0.7402 -0.6724 -0.0000
vn -0.8057 -0.5729 0.1507
vn -0.8057 -0.5728 0.1507
vn -0.4113 -0.8989 0.1507
vn 0.0933 -0.9842 0.1507
vn 0.0932 -0.9842 0.1507
vn -0.9842 -0.0932 0.1507
vn -0.8989 0.4113 0.1507
vn -0.5729 0.8057 0.1507
vn -0.0932 0.9842 0.1507
vn 0.4113 0.8989 0.1507
vn 0.8057 0.5729 0.1507
vn 0.4114 0.8989 0.1507
vn 0.9842 0.0933 0.1507
vn 0.8989 -0.4114 0.1507
vn 0.8989 -0.4113 0.1507
vn 0.5728 -0.8057 0.1507
vn 0.5778 0.8136 -0.0646
vn 0.4434 0.8940 -0.0646
vn 0.6980 0.7132 -0.0646
vn 0.8009 0.5952 -0.0646
vn 0.8009 0.5953 -0.0646
vn 0.8842 0.4626 -0.0646
vn 0.9457 0.3186 -0.0646
vn 0.9839 0.1668 -0.0646
vn 0.9979 0.0108 -0.0646
vn 0.9873 -0.1454 -0.0646
vn 0.9524 -0.2981 -0.0646
vn 0.2981 0.9524 -0.0646
vn 0.1454 0.9873 -0.0646
vn -0.0108 0.9979 -0.0646
vn -0.1668 0.9839 -0.0646
vn -0.3186 0.9457 -0.0646
vn -0.4626 0.8842 -0.0646
vn -0.5953 0.8009 -0.0646
vn -0.7132 0.6980 -0.0646
vn -0.8136 0.5778 -0.0646
vn -0.8940 0.4434 -0.0646
vn -0.9524 0.2981 -0.0646
vn -0.9873 0.1454 -0.0646
vn -0.9979 -0.0108 -0.0646
vn -0.9839 -0.1668 -0.0646
vn -0.9457 -0.3186 -0.0646
vn -0.8842 -0.4626 -0.0646
vn -0.8009 -0.5953 -0.0646
vn -0.6980 -0.7132 -0.0646
vn -0.5778 -0.8136 -0.0646
vn -0.4434 -0.8940 -0.0646
vn -0.2981 -0.9524 -0.0646
vn -0.1454 -0.9873 -0.0646
vn 0.0108 -0.9979 -0.0646
vn 0.1668 -0.9839 -0.0646
vn 0.3186 -0.9457 -0.0646
vn 0.4626 -0.8842 -0.0646
vn 0.5953 -0.8009 -0.0646
vn 0.7132 -0.6980 -0.0646
vn 0.8136 -0.5778 -0.0646
vn 0.8940 -0.4434 -0.0646
vn -0.0000 -0.0000 1.0000
vn -0.3377 -0.1138 0.9344
vn -0.3513 -0.0596 0.9344
vn -0.3563 -0.0039 0.9344
vn -0.3525 0.0519 0.9344
vn -0.3401 0.1064 0.9344
vn -0.3193 0.1583 0.9343
vn -0.2905 0.2063 0.9344
vn -0.2547 0.2492 0.9344
vn -0.2125 0.2860 0.9344
vn -0.1652 0.3157 0.9344
vn -0.1138 0.3377 0.9344
vn -0.0595 0.3513 0.9344
vn -0.0039 0.3563 0.9344
vn 0.0519 0.3525 0.9344
vn 0.1064 0.3401 0.9344
vn 0.1583 0.3193 0.9343
vn 0.2063 0.2905 0.9344
vn 0.2492 0.2547 0.9343
vn 0.2860 0.2126 0.9343
vn 0.3158 0.1652 0.9343
vn 0.3377 0.1138 0.9344
vn 0.3514 0.0596 0.9343
vn 0.3563 0.0039 0.9344
vn 0.3525 -0.0519 0.9344
vn 0.3401 -0.1064 0.9344
vn 0.3193 -0.1584 0.9343
vn 0.2905 -0.2063 0.9344
vn 0.2547 -0.2492 0.9343
vn 0.2125 -0.2860 0.9344
vn 0.1652 -0.3157 0.9344
vn 0.1138 -0.3377 0.9344
vn 0.0595 -0.3513 0.9344
vn 0.0039 -0.3563 0.9344
vn -0.0519 -0.3525 0.9344
vn -0.1064 -0.3401 0.9344
vn -0.1583 -0.3193 0.9343
vn -0.2063 -0.2905 0.9344
vn -0.2492 -0.2547 0.9344
vn -0.2860 -0.2125 0.9344
vn -0.3157 -0.1652 0.9344
vn 0.3173 0.1660 0.9337
vn 0.3393 0.1143 0.9337
vn 0.3530 0.0598 0.9337
vn 0.3580 0.0039 0.9337
vn 0.3542 -0.0522 0.9337
vn 0.3417 -0.1069 0.9337
vn 0.3208 -0.1591 0.9337
vn 0.2919 -0.2073 0.9337
vn 0.2559 -0.2504 0.9337
vn 0.2136 -0.2874 0.9337
vn 0.1660 -0.3173 0.9337
vn 0.1143 -0.3393 0.9337
vn 0.0598 -0.3530 0.9337
vn 0.0039 -0.3580 0.9337
vn -0.0522 -0.3542 0.9337
vn -0.1069 -0.3417 0.9337
vn -0.1591 -0.3208 0.9337
vn -0.2072 -0.2918 0.9338
vn -0.2503 -0.2558 0.9338
vn -0.2872 -0.2135 0.9338
vn -0.3171 -0.1659 0.9338
vn -0.3393 -0.1143 0.9337
vn -0.3528 -0.0598 0.9338
vn -0.3578 -0.0039 0.9338
vn -0.3542 0.0522 0.9337
vn -0.3402 0.1065 0.9343
vn -0.3206 0.1590 0.9338
vn -0.2918 0.2072 0.9338
vn -0.2558 0.2503 0.9338
vn -0.2135 0.2872 0.9338
vn -0.1659 0.3171 0.9338
vn -0.1143 0.3391 0.9338
vn -0.0598 0.3530 0.9337
vn -0.0039 0.3580 0.9337
vn 0.0522 0.3542 0.9337
vn 0.1069 0.3417 0.9337
vn 0.1591 0.3208 0.9337
vn 0.2073 0.2919 0.9337
vn 0.2505 0.2559 0.9337
vn 0.2874 0.2136 0.9337
vn 0.2926 0.0986 0.9511
vn 0.0467 0.0244 0.9986
vn 0.0500 0.0168 0.9986
vn 0.2736 0.1432 0.9511
vn 0.0423 0.0314 0.9986
vn 0.2478 0.1842 0.9511
vn 0.0369 0.0377 0.9986
vn 0.2160 0.2207 0.9511
vn 0.0305 0.0430 0.9986
vn 0.1788 0.2518 0.9511
vn 0.0234 0.0472 0.9986
vn 0.1372 0.2766 0.9511
vn 0.0157 0.0503 0.9986
vn 0.0922 0.2947 0.9511
vn 0.0077 0.0521 0.9986
vn 0.0450 0.3055 0.9511
vn -0.0006 0.0527 0.9986
vn -0.0033 0.3088 0.9511
vn -0.0088 0.0520 0.9986
vn -0.0516 0.3045 0.9511
vn -0.0168 0.0500 0.9986
vn -0.0986 0.2926 0.9511
vn -0.0244 0.0467 0.9986
vn -0.1432 0.2736 0.9511
vn -0.0314 0.0423 0.9986
vn -0.1842 0.2478 0.9511
vn -0.0377 0.0369 0.9986
vn -0.2207 0.2160 0.9511
vn -0.0430 0.0305 0.9986
vn -0.2518 0.1788 0.9511
vn -0.0472 0.0234 0.9986
vn -0.2766 0.1372 0.9511
vn -0.0503 0.0157 0.9986
vn -0.2947 0.0922 0.9511
vn -0.0521 0.0077 0.9986
vn -0.3055 0.0450 0.9511
vn -0.0527 -0.0006 0.9986
vn -0.3088 -0.0033 0.9511
vn -0.0532 -0.0084 0.9985
vn -0.3045 -0.0516 0.9511
vn -0.0500 -0.0168 0.9986
vn -0.2926 -0.0986 0.9511
vn -0.0467 -0.0244 0.9986
vn -0.2736 -0.1432 0.9511
vn -0.0423 -0.0314 0.9986
vn -0.2478 -0.1842 0.9511
vn -0.0369 -0.0377 0.9986
vn -0.2160 -0.2207 0.9511
vn -0.0305 -0.0430 0.9986
vn -0.1788 -0.2518 0.9511
vn -0.0234 -0.0472 0.9986
vn -0.1372 -0.2766 0.9511
vn -0.0157 -0.0503 0.9986
vn -0.0922 -0.2947 0.9511
vn -0.0077 -0.0521 0.9986
vn -0.0450 -0.3055 0.9511
vn 0.0006 -0.0527 0.9986
vn 0.0033 -0.3088 0.9511
vn 0.0088 -0.0520 0.9986
vn 0.0516 -0.3044 0.9511
vn 0.0168 -0.0500 0.9986
vn 0.0986 -0.2926 0.9511
vn 0.0244 -0.0467 0.9986
vn 0.1432 -0.2736 0.9511
vn 0.0314 -0.0423 0.9986
vn 0.1842 -0.2478 0.9511
vn 0.0377 -0.0369 0.9986
vn 0.2207 -0.2160 0.9511
vn 0.0430 -0.0305 0.9986
vn 0.2518 -0.1788 0.9511
vn 0.0472 -0.0234 0.9986
vn 0.2767 -0.1372 0.9511
vn 0.0503 -0.0157 0.9986
vn 0.2947 -0.0922 0.9511
vn 0.0521 -0.0077 0.9986
vn 0.3055 -0.0450 0.9511
vn 0.0527 0.0006 0.9986
vn 0.3088 0.0033 0.9511
vn 0.0532 0.0084 0.9985
vn 0.3044 0.0516 0.9511
vn 0.5098 0.0864 0.8559
vn 0.4900 0.1651 0.8559
vn 0.5171 0.0056 0.8559
vn 0.5116 -0.0754 0.8559
vn 0.4935 -0.1545 0.8559
vn 0.4633 -0.2298 0.8559
vn 0.4216 -0.2994 0.8559
vn 0.3696 -0.3617 0.8559
vn 0.3084 -0.4150 0.8559
vn 0.2397 -0.4582 0.8559
vn 0.1651 -0.4900 0.8559
vn 0.0864 -0.5098 0.8559
vn 0.0056 -0.5171 0.8559
vn -0.0754 -0.5116 0.8559
vn -0.1545 -0.4935 0.8559
vn -0.2297 -0.4632 0.8559
vn -0.2994 -0.4216 0.8559
vn -0.3617 -0.3696 0.8559
vn -0.4150 -0.3084 0.8559
vn -0.4582 -0.2397 0.8559
vn -0.4900 -0.1651 0.8559
vn -0.5098 -0.0864 0.8559
vn -0.5171 -0.0056 0.8559
vn -0.5115 0.0754 0.8559
vn -0.4935 0.1545 0.8559
vn -0.4633 0.2298 0.8559
vn -0.4216 0.2994 0.8559
vn -0.3696 0.3617 0.8559
vn -0.3084 0.4150 0.8559
vn -0.2397 0.4582 0.8559
vn -0.1651 0.4900 0.8559
vn -0.0864 0.5098 0.8559
vn -0.0056 0.5171 0.8559
vn 0.0754 0.5116 0.8559
vn 0.1545 0.4935 0.8559
vn 0.2298 0.4633 0.8559
vn 0.2994 0.4216 0.8559
vn 0.3617 0.3696 0.8559
vn 0.4150 0.3084 0.8559
vn 0.4582 0.2398 0.8559
vn -0.4234 -0.1491 -0.8936
vn -0.4422 -0.0813 -0.8932
vn -0.0657 -0.0016 -0.9978
vn -0.4504 -0.0106 -0.8928
vn -0.0629 0.0181 -0.9979
vn -0.4462 0.0589 -0.8930
vn -0.4314 0.1286 -0.8930
vn -0.0540 0.0372 -0.9978
vn -0.4056 0.1934 -0.8934
vn -0.3692 0.2547 -0.8938
vn -0.0402 0.0515 -0.9979
vn -0.3241 0.3073 -0.8947
vn -0.2707 0.3536 -0.8954
vn -0.0218 0.0618 -0.9979
vn -0.2118 0.3894 -0.8964
vn -0.1468 0.4162 -0.8973
vn -0.0023 0.0653 -0.9979
vn -0.0803 0.4311 -0.8987
vn -0.0111 0.4363 -0.8997
vn 0.0187 0.0629 -0.9978
vn 0.0562 0.4301 -0.9010
vn 0.1231 0.4136 -0.9021
vn 0.0366 0.0543 -0.9979
vn 0.1842 0.3869 -0.9035
vn 0.2420 0.3513 -0.9044
vn 0.0522 0.0399 -0.9978
vn 0.2919 0.3079 -0.9055
vn 0.3358 0.2567 -0.9063
vn 0.0616 0.0224 -0.9978
vn 0.3695 0.2007 -0.9073
vn 0.3957 0.1393 -0.9077
vn 0.0657 0.0016 -0.9978
vn 0.4115 0.0762 -0.9082
vn 0.4180 0.0098 -0.9084
vn 0.0629 -0.0181 -0.9979
vn 0.4138 -0.0548 -0.9087
vn 0.4006 -0.1199 -0.9084
vn 0.0540 -0.0372 -0.9978
vn 0.3777 -0.1807 -0.9081
vn 0.3453 -0.2392 -0.9075
vn 0.0402 -0.0515 -0.9979
vn 0.3048 -0.2902 -0.9071
vn 0.2564 -0.3365 -0.9061
vn 0.0218 -0.0618 -0.9979
vn 0.2021 -0.3738 -0.9052
vn 0.1410 -0.4036 -0.9040
vn 0.0023 -0.0653 -0.9979
vn 0.0774 -0.4224 -0.9031
vn 0.0097 -0.4323 -0.9017
vn -0.0187 -0.0629 -0.9978
vn -0.0576 -0.4311 -0.9005
vn -0.1260 -0.4192 -0.8991
vn -0.0366 -0.0543 -0.9979
vn -0.1900 -0.3965 -0.8982
vn -0.2518 -0.3637 -0.8968
vn -0.0522 -0.0399 -0.9978
vn -0.3063 -0.3219 -0.8958
vn -0.3551 -0.2706 -0.8948
vn -0.0616 -0.0224 -0.9978
vn -0.3934 -0.2131 -0.8943
vn -0.9206 -0.1675 -0.3528
vn -0.9356 -0.0218 -0.3524
vn -0.8826 -0.3098 -0.3536
vn -0.8229 -0.4436 -0.3549
vn -0.7430 -0.5665 -0.3563
vn -0.6448 -0.6754 -0.3579
vn -0.5309 -0.7674 -0.3596
vn -0.4040 -0.8403 -0.3615
vn -0.2673 -0.8924 -0.3635
vn -0.1243 -0.9225 -0.3655
vn 0.0216 -0.9298 -0.3675
vn 0.1667 -0.9142 -0.3694
vn 0.3075 -0.8762 -0.3712
vn 0.4405 -0.8166 -0.3729
vn 0.5625 -0.7372 -0.3743
vn 0.6706 -0.6397 -0.3755
vn 0.7622 -0.5266 -0.3765
vn 0.8350 -0.4008 -0.3771
vn 0.8873 -0.2651 -0.3774
vn 0.9178 -0.1229 -0.3774
vn 0.9259 0.0222 -0.3771
vn 0.9113 0.1669 -0.3765
vn 0.8743 0.3075 -0.3756
vn 0.8158 0.4408 -0.3744
vn 0.7373 0.5633 -0.3729
vn 0.6405 0.6722 -0.3713
vn 0.5279 0.7647 -0.3696
vn 0.4021 0.8385 -0.3677
vn 0.2662 0.8918 -0.3657
vn 0.1235 0.9233 -0.3637
vn -0.0224 0.9320 -0.3618
vn -0.1680 0.9177 -0.3599
vn -0.3096 0.8808 -0.3582
vn -0.4438 0.8221 -0.3566
vn -0.5672 0.7430 -0.3552
vn -0.6768 0.6455 -0.3540
vn -0.7696 0.5319 -0.3531
vn -0.8436 0.4052 -0.3525
vn -0.8967 0.2683 -0.3521
vn -0.9276 0.1248 -0.3521
vn -0.9372 -0.1720 0.3035
vn -0.8989 -0.3166 0.3030
vn -0.6464 -0.1185 0.7538
vn -0.6202 -0.2184 0.7534
vn -0.8385 -0.4534 0.3021
vn -0.5791 -0.3132 0.7527
vn -0.7576 -0.5793 0.3008
vn -0.5239 -0.4007 0.7516
vn -0.6580 -0.6910 0.2992
vn -0.4557 -0.4789 0.7503
vn -0.5422 -0.7859 0.2973
vn -0.3761 -0.5459 0.7487
vn -0.4129 -0.8616 0.2951
vn -0.2869 -0.5999 0.7469
vn -0.2733 -0.9163 0.2928
vn -0.1901 -0.6396 0.7448
vn -0.1268 -0.9485 0.2903
vn -0.0880 -0.6638 0.7427
vn 0.0230 -0.9574 0.2877
vn 0.0171 -0.6718 0.7405
vn 0.1725 -0.9428 0.2852
vn 0.1225 -0.6633 0.7383
vn 0.3180 -0.9050 0.2827
vn 0.2255 -0.6381 0.7361
vn 0.4559 -0.8448 0.2803
vn 0.3237 -0.5970 0.7340
vn 0.5827 -0.7636 0.2781
vn 0.4144 -0.5407 0.7321
vn 0.6953 -0.6636 0.2760
vn 0.4953 -0.4706 0.7302
vn 0.7909 -0.5470 0.2742
vn 0.5642 -0.3883 0.7286
vn 0.8671 -0.4169 0.2727
vn 0.6193 -0.2959 0.7273
vn 0.9219 -0.2763 0.2715
vn 0.6591 -0.1958 0.7262
vn 0.9540 -0.1288 0.2706
vn 0.6825 -0.0904 0.7253
vn 0.9626 0.0219 0.2701
vn 0.6887 0.0174 0.7248
vn 0.9473 0.1722 0.2700
vn 0.6777 0.1249 0.7246
vn 0.9087 0.3182 0.2702
vn 0.6497 0.2292 0.7248
vn 0.8476 0.4563 0.2708
vn 0.6054 0.3277 0.7253
vn 0.7655 0.5831 0.2718
vn 0.5461 0.4178 0.7261
vn 0.6646 0.6955 0.2732
vn 0.4732 0.4971 0.7273
vn 0.5474 0.7905 0.2748
vn 0.3889 0.5637 0.7287
vn 0.4166 0.8659 0.2768
vn 0.2952 0.6159 0.7304
vn 0.2758 0.9198 0.2791
vn 0.1947 0.6525 0.7324
vn 0.1283 0.9509 0.2816
vn 0.0900 0.6726 0.7345
vn -0.0221 0.9585 0.2842
vn -0.0162 0.6759 0.7368
vn -0.1717 0.9424 0.2869
vn -0.1212 0.6625 0.7392
vn -0.3169 0.9031 0.2896
vn -0.2225 0.6329 0.7415
vn -0.4540 0.8417 0.2923
vn -0.3175 0.5881 0.7439
vn -0.5797 0.7596 0.2949
vn -0.4041 0.5292 0.7461
vn -0.6910 0.6589 0.2972
vn -0.4802 0.4579 0.7481
vn -0.7851 0.5423 0.2992
vn -0.5443 0.3760 0.7499
vn -0.8599 0.4124 0.3009
vn -0.5949 0.2855 0.7514
vn -0.9134 0.2726 0.3022
vn -0.6310 0.1885 0.7525
vn -0.9446 0.1262 0.3031
vn -0.6518 0.0872 0.7533
vn -0.9525 -0.0232 0.3035
vn -0.6570 -0.0159 0.7537
vn -0.3209 -0.0078 0.9471
vn -0.3157 -0.0579 0.9471
vn -0.3028 -0.1066 0.9471
vn -0.2824 -0.1527 0.9471
vn -0.2550 -0.1950 0.9471
vn -0.2214 -0.2325 0.9471
vn -0.1823 -0.2642 0.9471
vn -0.1387 -0.2895 0.9471
vn -0.0917 -0.3076 0.9471
vn -0.0425 -0.3182 0.9471
vn 0.0078 -0.3209 0.9471
vn 0.0579 -0.3157 0.9471
vn 0.1066 -0.3028 0.9471
vn 0.1527 -0.2824 0.9471
vn 0.1949 -0.2550 0.9471
vn 0.2324 -0.2214 0.9471
vn 0.2642 -0.1823 0.9471
vn 0.2895 -0.1387 0.9471
vn 0.3076 -0.0917 0.9471
vn 0.3182 -0.0425 0.9471
vn 0.3209 0.0078 0.9471
vn 0.3157 0.0579 0.9471
vn 0.3028 0.1066 0.9471
vn 0.2824 0.1527 0.9471
vn 0.2550 0.1950 0.9471
vn 0.2214 0.2324 0.9471
vn 0.1823 0.2642 0.9471
vn 0.1387 0.2895 0.9471
vn 0.0917 0.3076 0.9471
vn 0.0425 0.3182 0.9471
vn -0.0078 0.3209 0.9471
vn -0.0579 0.3157 0.9471
vn -0.1066 0.3028 0.9471
vn -0.1527 0.2824 0.9471
vn -0.1950 0.2550 0.9471
vn -0.2325 0.2214 0.9471
vn -0.2642 0.1823 0.9471
vn -0.2895 0.1387 0.9471
vn -0.3076 0.0917 0.9471
vn -0.3182 0.0425 0.9471
vn 0.0203 -0.0027 0.9998
vn 0.0205 0.0005 0.9998
vn 0.0201 0.0037 0.9998
vn 0.0193 0.0068 0.9998
vn 0.0180 0.0097 0.9998
vn 0.0163 0.0124 0.9998
vn 0.0141 0.0148 0.9998
vn 0.0116 0.0169 0.9998
vn 0.0088 0.0185 0.9998
vn 0.0059 0.0196 0.9998
vn 0.0027 0.0203 0.9998
vn -0.0005 0.0205 0.9998
vn -0.0037 0.0201 0.9998
vn -0.0068 0.0193 0.9998
vn -0.0097 0.0180 0.9998
vn -0.0124 0.0163 0.9998
vn -0.0148 0.0141 0.9998
vn -0.0168 0.0116 0.9998
vn -0.0185 0.0088 0.9998
vn -0.0196 0.0059 0.9998
vn -0.0203 0.0027 0.9998
vn -0.0205 -0.0005 0.9998
vn -0.0201 -0.0037 0.9998
vn -0.0193 -0.0068 0.9998
vn -0.0180 -0.0097 0.9998
vn -0.0163 -0.0124 0.9998
vn -0.0141 -0.0148 0.9998
vn -0.0116 -0.0169 0.9998
vn -0.0088 -0.0185 0.9998
vn -0.0059 -0.0196 0.9998
vn -0.0027 -0.0203 0.9998
vn 0.0005 -0.0205 0.9998
vn 0.0037 -0.0201 0.9998
vn 0.0068 -0.0193 0.9998
vn 0.0097 -0.0180 0.9998
vn 0.0124 -0.0163 0.9998
vn 0.0148 -0.0141 0.9998
vn 0.0169 -0.0116 0.9998
vn 0.0185 -0.0088 0.9998
vn 0.0196 -0.0059 0.9998
vn 0.2034 -0.0606 0.9772
vn 0.2104 -0.0281 0.9772
vn 0.1914 -0.0917 0.9772
vn 0.1747 -0.1205 0.9772
vn 0.1537 -0.1464 0.9772
vn 0.1289 -0.1686 0.9772
vn 0.1009 -0.1867 0.9772
vn 0.0705 -0.2002 0.9772
vn 0.0383 -0.2088 0.9772
vn 0.0052 -0.2122 0.9772
vn -0.0281 -0.2104 0.9772
vn -0.0606 -0.2034 0.9772
vn -0.0917 -0.1914 0.9772
vn -0.1205 -0.1747 0.9772
vn -0.1464 -0.1537 0.9772
vn -0.1686 -0.1289 0.9772
vn -0.1867 -0.1009 0.9772
vn -0.2002 -0.0705 0.9772
vn -0.2088 -0.0383 0.9772
vn -0.2122 -0.0052 0.9772
vn -0.2104 0.0281 0.9772
vn -0.2034 0.0606 0.9772
vn -0.1914 0.0917 0.9772
vn -0.1747 0.1205 0.9772
vn -0.1537 0.1464 0.9772
vn -0.1289 0.1686 0.9772
vn -0.1009 0.1867 0.9772
vn -0.0705 0.2002 0.9772
vn -0.0383 0.2088 0.9772
vn -0.0052 0.2122 0.9772
vn 0.0281 0.2104 0.9772
vn 0.0606 0.2034 0.9772
vn 0.0917 0.1914 0.9772
vn 0.1205 0.1747 0.9772
vn 0.1464 0.1537 0.9772
vn 0.1686 0.1289 0.9772
vn 0.1867 0.1009 0.9772
vn 0.2002 0.0705 0.9772
vn 0.2088 0.0383 0.9772
vn 0.2122 0.0052 0.9772
vt 0.731374 0.518004
vt 0.731831 0.519119
vt 0.729979 0.521145
vt 0.729411 0.520152
vt 0.733538 0.516343
vt 0.733873 0.517552
vt 0.735849 0.515211
vt 0.736054 0.516484
vt 0.738251 0.514635
vt 0.738320 0.515942
vt 0.740683 0.514632
vt 0.740615 0.515939
vt 0.743087 0.515200
vt 0.742883 0.516475
vt 0.745401 0.516327
vt 0.745067 0.517539
vt 0.747570 0.517985
vt 0.747113 0.519103
vt 0.749539 0.520132
vt 0.748970 0.521129
vt 0.751259 0.522716
vt 0.750594 0.523566
vt 0.752688 0.525671
vt 0.751942 0.526356
vt 0.753791 0.528926
vt 0.752983 0.529427
vt 0.754540 0.532400
vt 0.753690 0.532704
vt 0.754918 0.536006
vt 0.754047 0.536107
vt 0.754915 0.539656
vt 0.754044 0.539552
vt 0.754532 0.543260
vt 0.753682 0.542953
vt 0.753778 0.546730
vt 0.752971 0.546227
vt 0.752672 0.549979
vt 0.751927 0.549293
vt 0.751241 0.552928
vt 0.750577 0.552076
vt 0.749520 0.555505
vt 0.748953 0.554509
vt 0.747552 0.557647
vt 0.747097 0.556530
vt 0.745386 0.559301
vt 0.745052 0.558090
vt 0.743073 0.560425
vt 0.742870 0.559151
vt 0.740672 0.560992
vt 0.740604 0.559687
vt 0.738241 0.560988
vt 0.738311 0.559683
vt 0.735841 0.560413
vt 0.736046 0.559140
vt 0.733531 0.559281
vt 0.733866 0.558072
vt 0.731367 0.557620
vt 0.731825 0.556505
vt 0.729404 0.555472
vt 0.729973 0.554478
vt 0.727690 0.552890
vt 0.728355 0.552042
vt 0.726266 0.549938
vt 0.727011 0.549256
vt 0.725168 0.546689
vt 0.725974 0.546191
vt 0.724421 0.543224
vt 0.725269 0.542920
vt 0.724044 0.539627
vt 0.724913 0.539525
vt 0.724045 0.535986
vt 0.724914 0.536089
vt 0.724424 0.532391
vt 0.725272 0.532695
vt 0.725173 0.528928
vt 0.725979 0.529427
vt 0.726273 0.525682
vt 0.727017 0.526364
vt 0.727697 0.522732
vt 0.728361 0.523580
vt 0.751161 0.370821
vt 0.742987 0.377150
vt 0.742206 0.367347
vt 0.756665 0.393650
vt 0.747094 0.411161
vt 0.748571 0.415199
vt 0.758168 0.394859
vt 0.751335 0.419266
vt 0.759832 0.395970
vt 0.764100 0.424324
vt 0.762015 0.396276
vt 0.764022 0.396151
vt 0.767884 0.422329
vt 0.765890 0.395851
vt 0.770399 0.419957
vt 0.774707 0.380256
vt 0.781072 0.389579
vt 0.783912 0.380584
vt 0.795898 0.391912
vt 0.786319 0.392779
vt 0.788307 0.382932
vt 0.794653 0.417236
vt 0.780782 0.427272
vt 0.780996 0.431956
vt 0.795698 0.419333
vt 0.782387 0.437502
vt 0.796921 0.421449
vt 0.792791 0.450460
vt 0.798868 0.423158
vt 0.800759 0.424340
vt 0.796848 0.451014
vt 0.802578 0.425271
vt 0.799847 0.450446
vt 0.814936 0.416643
vt 0.818162 0.429245
vt 0.823299 0.422779
vt 0.822079 0.435496
vt 0.826674 0.427717
vt 0.831111 0.440766
vt 0.822837 0.463203
vt 0.807324 0.463637
vt 0.806202 0.468059
vt 0.823204 0.465779
vt 0.805924 0.474006
vt 0.823729 0.468483
vt 0.811771 0.492298
vt 0.825025 0.471280
vt 0.826416 0.473559
vt 0.815312 0.495388
vt 0.827810 0.475563
vt 0.818207 0.496773
vt 0.841550 0.475563
vt 0.840923 0.489116
vt 0.847443 0.486492
vt 0.842727 0.497318
vt 0.849123 0.493149
vt 0.849475 0.507884
vt 0.835569 0.523085
vt 0.821286 0.513584
vt 0.819010 0.516906
vt 0.835174 0.525671
vt 0.817071 0.522156
vt 0.834887 0.528475
vt 0.817221 0.542660
vt 0.835280 0.531853
vt 0.835908 0.534821
vt 0.819582 0.547744
vt 0.836615 0.537533
vt 0.821838 0.550838
vt 0.849214 0.546305
vt 0.844794 0.558322
vt 0.851511 0.560082
vt 0.844116 0.566988
vt 0.851161 0.567255
vt 0.847299 0.580979
vt 0.830247 0.586017
vt 0.819865 0.568186
vt 0.816844 0.569778
vt 0.829149 0.588134
vt 0.813577 0.573341
vt 0.828088 0.590519
vt 0.807877 0.592085
vt 0.827481 0.593870
vt 0.827204 0.596988
vt 0.808568 0.598252
vt 0.827073 0.599923
vt 0.809738 0.602538
vt 0.836119 0.616207
vt 0.828600 0.624339
vt 0.834244 0.630319
vt 0.825474 0.631839
vt 0.831850 0.636663
vt 0.824346 0.646729
vt 0.807258 0.640255
vt 0.802924 0.617107
vt 0.799699 0.616594
vt 0.805635 0.641480
vt 0.795678 0.617718
vt 0.803968 0.642977
vt 0.784954 0.631099
vt 0.802408 0.645693
vt 0.801238 0.648380
vt 0.783754 0.637212
vt 0.800253 0.650994
vt 0.783558 0.641929
vt 0.803766 0.672265
vt 0.794386 0.674700
vt 0.797801 0.684032
vt 0.783731 0.692493
vt 0.789249 0.679510
vt 0.793687 0.688272
vt 0.769901 0.674935
vt 0.772892 0.650776
vt 0.770082 0.648129
vt 0.768042 0.674958
vt 0.766052 0.646459
vt 0.766061 0.675198
vt 0.752250 0.651521
vt 0.763803 0.676632
vt 0.761925 0.678289
vt 0.749336 0.656288
vt 0.760241 0.680003
vt 0.747748 0.660449
vt 0.757107 0.701528
vt 0.747851 0.697446
vt 0.748172 0.708217
vt 0.732869 0.706452
vt 0.741753 0.698370
vt 0.743169 0.709306
vt 0.725561 0.681227
vt 0.735470 0.661351
vt 0.733713 0.657081
vt 0.723871 0.680002
vt 0.730565 0.652883
vt 0.722007 0.678889
vt 0.716588 0.648222
vt 0.719531 0.678670
vt 0.717339 0.678906
vt 0.712528 0.650572
vt 0.715303 0.679325
vt 0.709850 0.653267
vt 0.706031 0.696677
vt 0.698884 0.686754
vt 0.695950 0.696706
vt 0.682646 0.684800
vt 0.693097 0.683482
vt 0.691102 0.694319
vt 0.683599 0.657073
vt 0.698470 0.645825
vt 0.698160 0.640794
vt 0.682444 0.654832
vt 0.696570 0.634895
vt 0.681098 0.652575
vt 0.685359 0.621374
vt 0.678936 0.650713
vt 0.676897 0.649454
vt 0.681015 0.620784
vt 0.674946 0.648464
vt 0.677814 0.621415
vt 0.661550 0.657785
vt 0.658085 0.644121
vt 0.652506 0.651083
vt 0.648870 0.645711
vt 0.644120 0.631540
vt 0.653871 0.637333
vt 0.653201 0.607346
vt 0.669828 0.607223
vt 0.671036 0.602526
vt 0.652834 0.604572
vt 0.671356 0.596211
vt 0.652301 0.601655
vt 0.665251 0.576464
vt 0.650911 0.598552
vt 0.649447 0.596076
vt 0.661535 0.573059
vt 0.647983 0.593901
vt 0.658478 0.571506
vt 0.633128 0.593387
vt 0.634052 0.578784
vt 0.626972 0.581333
vt 0.625291 0.574076
vt 0.625215 0.558158
vt 0.632270 0.569871
vt 0.640561 0.542450
vt 0.655501 0.553426
vt 0.657974 0.550017
vt 0.641055 0.539718
vt 0.660128 0.544563
vt 0.641443 0.536747
vt 0.660543 0.523101
vt 0.641131 0.533014
vt 0.640578 0.529822
vt 0.658259 0.517564
vt 0.639935 0.526897
vt 0.656009 0.514119
vt 0.627024 0.516536
vt 0.632193 0.504222
vt 0.625165 0.501737
vt 0.625838 0.494188
vt 0.630506 0.480049
vt 0.633268 0.495138
vt 0.648749 0.476413
vt 0.658763 0.496098
vt 0.661975 0.494727
vt 0.649994 0.474320
vt 0.665515 0.491322
vt 0.651215 0.471945
vt 0.672211 0.472484
vt 0.652023 0.468480
vt 0.652467 0.465282
vt 0.671789 0.466048
vt 0.652753 0.462261
vt 0.670792 0.461503
vt 0.644306 0.444598
vt 0.652477 0.437049
vt 0.646957 0.430242
vt 0.649749 0.423975
vt 0.658004 0.414465
vt 0.656074 0.429679
vt 0.675275 0.423148
vt 0.678465 0.447296
vt 0.681724 0.448177
vt 0.676998 0.422094
vt 0.685865 0.447471
vt 0.678782 0.420773
vt 0.697365 0.435224
vt 0.680543 0.418182
vt 0.681887 0.415609
vt 0.698935 0.429235
vt 0.683038 0.413089
vt 0.699414 0.424508
vt 0.680813 0.390257
vt 0.690655 0.389228
vt 0.687800 0.379057
vt 0.731409 0.523641
vt 0.730186 0.521511
vt 0.731998 0.519529
vt 0.732983 0.521921
vt 0.733995 0.517996
vt 0.734719 0.520590
vt 0.736128 0.516951
vt 0.736572 0.519684
vt 0.738345 0.516421
vt 0.738497 0.519225
vt 0.740589 0.516417
vt 0.740448 0.519223
vt 0.742807 0.516942
vt 0.742374 0.519681
vt 0.744943 0.517982
vt 0.744229 0.520585
vt 0.746945 0.519512
vt 0.745967 0.521915
vt 0.748762 0.521493
vt 0.747545 0.523637
vt 0.750349 0.523878
vt 0.748923 0.525709
vt 0.751668 0.526605
vt 0.750069 0.528080
vt 0.752686 0.529609
vt 0.750952 0.530690
vt 0.753378 0.532815
vt 0.751553 0.533475
vt 0.753727 0.536143
vt 0.751856 0.536367
vt 0.753725 0.539512
vt 0.751853 0.539295
vt 0.753371 0.542839
vt 0.751546 0.542185
vt 0.752675 0.546041
vt 0.750941 0.544968
vt 0.751655 0.549041
vt 0.750053 0.547574
vt 0.750334 0.551763
vt 0.748906 0.549939
vt 0.748746 0.554143
vt 0.747526 0.552006
vt 0.746930 0.556120
vt 0.745947 0.553724
vt 0.744931 0.557646
vt 0.744210 0.555049
vt 0.742796 0.558684
vt 0.742356 0.555951
vt 0.740581 0.559208
vt 0.740431 0.556405
vt 0.738337 0.559204
vt 0.738482 0.556401
vt 0.736122 0.558674
vt 0.736558 0.555940
vt 0.733990 0.557630
vt 0.734706 0.555032
vt 0.731993 0.556097
vt 0.732972 0.553700
vt 0.730181 0.554115
vt 0.731398 0.551977
vt 0.728599 0.551732
vt 0.730023 0.549906
vt 0.727284 0.549008
vt 0.728881 0.547538
vt 0.726270 0.546009
vt 0.728001 0.544931
vt 0.725580 0.542810
vt 0.727401 0.542151
vt 0.725232 0.539489
vt 0.727099 0.539264
vt 0.725233 0.536128
vt 0.727100 0.536343
vt 0.725583 0.532809
vt 0.727405 0.533458
vt 0.726274 0.529612
vt 0.728006 0.530679
vt 0.727289 0.526615
vt 0.728889 0.528075
vt 0.728604 0.523892
vt 0.730033 0.525710
vt 0.729198 0.519779
vt 0.730078 0.514899
vt 0.731203 0.517586
vt 0.727808 0.517390
vt 0.732581 0.512971
vt 0.733412 0.515890
vt 0.735256 0.511654
vt 0.735772 0.514733
vt 0.738037 0.510982
vt 0.738224 0.514145
vt 0.740854 0.510972
vt 0.740708 0.514141
vt 0.743638 0.511625
vt 0.743163 0.514722
vt 0.746320 0.512926
vt 0.745526 0.515873
vt 0.748833 0.514841
vt 0.747741 0.517565
vt 0.751114 0.517324
vt 0.749751 0.519758
vt 0.753108 0.520312
vt 0.751508 0.522396
vt 0.754765 0.523732
vt 0.752967 0.525414
vt 0.756045 0.527499
vt 0.754094 0.528738
vt 0.756915 0.531520
vt 0.754859 0.532285
vt 0.757355 0.535694
vt 0.755245 0.535968
vt 0.757355 0.539920
vt 0.755242 0.539695
vt 0.756913 0.544093
vt 0.754851 0.543375
vt 0.754080 0.546918
vt 0.756043 0.548110
vt 0.752951 0.550236
vt 0.754764 0.551873
vt 0.751490 0.553247
vt 0.753110 0.555290
vt 0.749733 0.555879
vt 0.751120 0.558276
vt 0.747723 0.558066
vt 0.748844 0.560758
vt 0.746337 0.562677
vt 0.745511 0.559754
vt 0.743660 0.563983
vt 0.743150 0.560902
vt 0.740880 0.564644
vt 0.740698 0.561482
vt 0.738066 0.564644
vt 0.738215 0.561478
vt 0.735286 0.563982
vt 0.735765 0.560891
vt 0.732610 0.562675
vt 0.733405 0.559735
vt 0.730103 0.560755
vt 0.731196 0.558039
vt 0.727829 0.558271
vt 0.729192 0.555845
vt 0.725842 0.555284
vt 0.727441 0.553208
vt 0.724192 0.551869
vt 0.725987 0.550194
vt 0.722919 0.548110
vt 0.724865 0.546877
vt 0.722052 0.544101
vt 0.724103 0.543338
vt 0.721613 0.539939
vt 0.723718 0.539665
vt 0.721612 0.535726
vt 0.723719 0.535948
vt 0.722048 0.531566
vt 0.724106 0.532277
vt 0.722911 0.527557
vt 0.724871 0.528741
vt 0.724181 0.523798
vt 0.725993 0.525426
vt 0.725826 0.520381
vt 0.727447 0.522414
vt 0.722288 0.393403
vt 0.724114 0.392227
vt 0.731062 0.419024
vt 0.734095 0.414757
vt 0.725776 0.390942
vt 0.735830 0.411033
vt 0.729597 0.372772
vt 0.737543 0.377357
vt 0.737750 0.367816
vt 0.728960 0.345437
vt 0.736913 0.338378
vt 0.726874 0.338957
vt 0.735073 0.334146
vt 0.731819 0.330241
vt 0.743771 0.328168
vt 0.741404 0.333343
vt 0.740333 0.338042
vt 0.756151 0.431630
vt 0.717136 0.422571
vt 0.724977 0.430883
vt 0.713290 0.420247
vt 0.710696 0.417146
vt 0.696289 0.385103
vt 0.692350 0.375346
vt 0.680946 0.345716
vt 0.677436 0.348550
vt 0.674124 0.345406
vt 0.680566 0.339967
vt 0.669421 0.343633
vt 0.681405 0.332773
vt 0.695973 0.449907
vt 0.631057 0.406251
vt 0.628895 0.411055
vt 0.625108 0.410591
vt 0.629005 0.401572
vt 0.620539 0.412243
vt 0.627567 0.394831
vt 0.675434 0.486669
vt 0.603618 0.490589
vt 0.603081 0.496392
vt 0.599508 0.498500
vt 0.600367 0.487714
vt 0.595852 0.503051
vt 0.597061 0.482557
vt 0.667618 0.533784
vt 0.604190 0.585978
vt 0.605465 0.591570
vt 0.602886 0.595904
vt 0.600392 0.585605
vt 0.600973 0.602494
vt 0.595852 0.583215
vt 0.674851 0.581420
vt 0.633516 0.670305
vt 0.636299 0.674458
vt 0.635269 0.680037
vt 0.630012 0.672485
vt 0.635496 0.687190
vt 0.625253 0.673352
vt 0.695342 0.619265
vt 0.684644 0.726579
vt 0.688366 0.728442
vt 0.689098 0.734123
vt 0.682153 0.730867
vt 0.691422 0.740375
vt 0.678150 0.734817
vt 0.724949 0.639793
vt 0.746919 0.742196
vt 0.750769 0.741386
vt 0.753087 0.745943
vt 0.745969 0.747646
vt 0.756986 0.749953
vt 0.743578 0.753797
vt 0.757182 0.638499
vt 0.806579 0.714944
vt 0.809753 0.711706
vt 0.813133 0.714223
vt 0.807325 0.720392
vt 0.817752 0.715220
vt 0.806998 0.727405
vt 0.785665 0.616323
vt 0.850716 0.651742
vt 0.852571 0.646880
vt 0.856243 0.646919
vt 0.852917 0.656031
vt 0.860567 0.644835
vt 0.854626 0.662375
vt 0.804214 0.578612
vt 0.872229 0.568768
vt 0.872516 0.563256
vt 0.875802 0.560968
vt 0.875399 0.571201
vt 0.879074 0.556373
vt 0.878707 0.575777
vt 0.810155 0.532817
vt 0.868453 0.481322
vt 0.867177 0.476195
vt 0.869490 0.472086
vt 0.871974 0.481521
vt 0.871148 0.465913
vt 0.876216 0.483559
vt 0.802680 0.487925
vt 0.840776 0.404904
vt 0.838194 0.401090
vt 0.839128 0.395932
vt 0.844004 0.402869
vt 0.838896 0.389331
vt 0.848394 0.402035
vt 0.783367 0.452254
vt 0.794695 0.353675
vt 0.791322 0.351848
vt 0.790739 0.346633
vt 0.797035 0.349843
vt 0.788710 0.340843
vt 0.800751 0.346369
vt 0.771798 0.474404
vt 0.778647 0.485607
vt 0.755211 0.504979
vt 0.750592 0.500662
vt 0.762082 0.465724
vt 0.751669 0.459497
vt 0.745494 0.498129
vt 0.740022 0.497167
vt 0.739215 0.476602
vt 0.737528 0.495780
vt 0.737844 0.458146
vt 0.734684 0.458372
vt 0.732952 0.477269
vt 0.734565 0.497852
vt 0.729889 0.500098
vt 0.731373 0.458734
vt 0.719066 0.464333
vt 0.708542 0.472520
vt 0.725028 0.504540
vt 0.721091 0.510129
vt 0.700355 0.484467
vt 0.718458 0.515738
vt 0.705707 0.506193
vt 0.716301 0.518346
vt 0.693903 0.498351
vt 0.692474 0.503410
vt 0.703024 0.515653
vt 0.716566 0.522623
vt 0.691123 0.508523
vt 0.688066 0.527652
vt 0.715575 0.530238
vt 0.715718 0.539647
vt 0.688701 0.546295
vt 0.717134 0.548801
vt 0.692258 0.566567
vt 0.719895 0.556073
vt 0.708859 0.569790
vt 0.720523 0.560148
vt 0.699311 0.582749
vt 0.701261 0.585848
vt 0.712898 0.575972
vt 0.723397 0.561748
vt 0.728710 0.567131
vt 0.703318 0.589040
vt 0.714634 0.601492
vt 0.734446 0.570700
vt 0.729080 0.610810
vt 0.740323 0.571492
vt 0.740510 0.592673
vt 0.742942 0.573317
vt 0.741319 0.611834
vt 0.745737 0.611099
vt 0.747847 0.591265
vt 0.745360 0.570474
vt 0.751167 0.567469
vt 0.750313 0.610154
vt 0.763676 0.602910
vt 0.756467 0.562072
vt 0.774409 0.591631
vt 0.760139 0.555747
vt 0.772445 0.565807
vt 0.762596 0.553176
vt 0.783533 0.574007
vt 0.785183 0.569923
vt 0.775391 0.557932
vt 0.762699 0.549106
vt 0.764113 0.541083
vt 0.786852 0.565586
vt 0.789889 0.548348
vt 0.764412 0.532112
vt 0.790536 0.530302
vt 0.763208 0.523401
vt 0.787615 0.511333
vt 0.782534 0.493669
vt 0.780615 0.489575
vt 0.769110 0.496575
vt 0.757842 0.509091
vt 0.760196 0.511477
vt 0.772255 0.503903
vt 0.760810 0.515427
vt 0.750722 0.335561
vt 0.749063 0.342679
vt 0.781533 0.346093
vt 0.781723 0.353620
vt 0.805349 0.357830
vt 0.801768 0.363613
vt 0.830828 0.389603
vt 0.828882 0.396633
vt 0.849388 0.415471
vt 0.844470 0.418510
vt 0.863710 0.461020
vt 0.859943 0.466194
vt 0.873317 0.496452
vt 0.867969 0.496091
vt 0.873649 0.547137
vt 0.868728 0.549471
vt 0.872389 0.585738
vt 0.867592 0.581991
vt 0.858264 0.632847
vt 0.853082 0.631788
vt 0.845961 0.667395
vt 0.842648 0.660844
vt 0.819225 0.702592
vt 0.814756 0.698112
vt 0.797488 0.726187
vt 0.796395 0.717899
vt 0.762095 0.739470
vt 0.759373 0.732399
vt 0.735303 0.746301
vt 0.736785 0.738038
vt 0.699180 0.734340
vt 0.698836 0.726113
vt 0.672913 0.722465
vt 0.676727 0.715993
vt 0.644237 0.686960
vt 0.646370 0.679360
vt 0.624226 0.658788
vt 0.629563 0.655536
vt 0.608908 0.608110
vt 0.613077 0.602691
vt 0.599240 0.569423
vt 0.605007 0.570053
vt 0.601203 0.513337
vt 0.606507 0.511335
vt 0.604165 0.472620
vt 0.609083 0.477041
vt 0.622303 0.424877
vt 0.627595 0.426566
vt 0.636764 0.390649
vt 0.639847 0.397789
vt 0.666998 0.356446
vt 0.671296 0.361794
vt 0.691145 0.335563
vt 0.691681 0.344303
vt 0.702948 0.372613
vt 0.715955 0.393170
vt 0.717859 0.393524
vt 0.719918 0.393693
vt 0.736907 0.545298
vt 0.733460 0.562479
vt 0.735338 0.544149
vt 0.726595 0.556505
vt 0.734317 0.541973
vt 0.722623 0.546169
vt 0.741390 0.562495
vt 0.738619 0.545093
vt 0.748245 0.556527
vt 0.740000 0.543597
vt 0.752165 0.546210
vt 0.740655 0.541206
vt 0.752144 0.534365
vt 0.740453 0.538529
vt 0.739525 0.536305
vt 0.737983 0.535173
vt 0.741440 0.518059
vt 0.748248 0.524094
vt 0.736274 0.535405
vt 0.734866 0.536926
vt 0.726608 0.523894
vt 0.733507 0.517969
vt 0.734147 0.539329
vt 0.722623 0.534229
vt 0.739344 0.534464
vt 0.740357 0.520997
vt 0.739690 0.534476
vt 0.738594 0.520997
vt 0.739002 0.534535
vt 0.736852 0.521412
vt 0.738672 0.534686
vt 0.735176 0.522231
vt 0.738362 0.534914
vt 0.733606 0.523433
vt 0.738081 0.535214
vt 0.732181 0.524989
vt 0.737834 0.535577
vt 0.730936 0.526860
vt 0.737629 0.535996
vt 0.729901 0.528999
vt 0.737471 0.536461
vt 0.729102 0.531355
vt 0.737365 0.536959
vt 0.728558 0.533868
vt 0.742100 0.521411
vt 0.740030 0.534569
vt 0.743777 0.522231
vt 0.740358 0.534742
vt 0.745349 0.523434
vt 0.740663 0.534991
vt 0.746775 0.524992
vt 0.740940 0.535309
vt 0.748022 0.526867
vt 0.741180 0.535689
vt 0.749057 0.529011
vt 0.741378 0.536121
vt 0.749856 0.531373
vt 0.741528 0.536595
vt 0.750399 0.533892
vt 0.741628 0.537099
vt 0.750673 0.536509
vt 0.741674 0.537621
vt 0.750670 0.539157
vt 0.741665 0.538148
vt 0.750392 0.541771
vt 0.741602 0.538666
vt 0.749844 0.544289
vt 0.741485 0.539163
vt 0.749041 0.546646
vt 0.741318 0.539627
vt 0.748002 0.548786
vt 0.741105 0.540046
vt 0.746754 0.550656
vt 0.740851 0.540410
vt 0.745326 0.552209
vt 0.740563 0.540709
vt 0.743755 0.553408
vt 0.740255 0.540941
vt 0.742078 0.554223
vt 0.739926 0.541094
vt 0.740337 0.554633
vt 0.739586 0.541167
vt 0.738574 0.554629
vt 0.739243 0.541157
vt 0.736834 0.554211
vt 0.738905 0.541065
vt 0.735159 0.553389
vt 0.738581 0.540893
vt 0.733591 0.552184
vt 0.738278 0.540645
vt 0.732167 0.550625
vt 0.738005 0.540328
vt 0.730924 0.548752
vt 0.737767 0.539948
vt 0.729892 0.546609
vt 0.737572 0.539516
vt 0.729095 0.544251
vt 0.737425 0.539041
vt 0.728553 0.541735
vt 0.737328 0.538535
vt 0.728280 0.539123
vt 0.737285 0.538011
vt 0.728282 0.536479
vt 0.737297 0.537481
vt 0.761635 0.508754
vt 0.761636 0.539456
vt 0.741184 0.508813
vt 0.720720 0.539541
vt 0.720732 0.508871
vt 0.741172 0.570185
vt 0.720708 0.570211
vt 0.761636 0.570158
vt 0.731684 0.524126
vt 0.733205 0.522464
vt 0.734881 0.521179
vt 0.736671 0.520304
vt 0.738530 0.519860
vt 0.740413 0.519859
vt 0.742274 0.520300
vt 0.744065 0.521174
vt 0.745744 0.522458
vt 0.747268 0.524121
vt 0.748599 0.526122
vt 0.749705 0.528411
vt 0.750559 0.530932
vt 0.751139 0.533622
vt 0.751432 0.536415
vt 0.751430 0.539242
vt 0.751133 0.542034
vt 0.750548 0.544722
vt 0.749692 0.547239
vt 0.748583 0.549524
vt 0.747251 0.551520
vt 0.745727 0.553179
vt 0.744049 0.554460
vt 0.742258 0.555331
vt 0.740399 0.555770
vt 0.738517 0.555766
vt 0.736659 0.555321
vt 0.734870 0.554444
vt 0.733195 0.553158
vt 0.731675 0.551494
vt 0.730347 0.549494
vt 0.729244 0.547208
vt 0.728393 0.544690
vt 0.727815 0.542005
vt 0.727522 0.539217
vt 0.727523 0.536394
vt 0.727818 0.533608
vt 0.728398 0.530924
vt 0.729251 0.528409
vt 0.730355 0.526124
vt 0.351319 0.500767
vt 0.353917 0.513004
vt 0.337974 0.526965
vt 0.355166 0.525734
vt 0.336851 0.544351
vt 0.355086 0.538579
vt 0.353662 0.551244
vt 0.332571 0.560604
vt 0.350943 0.563419
vt 0.346981 0.574804
vt 0.324842 0.573692
vt 0.341887 0.585124
vt 0.335774 0.594116
vt 0.315006 0.583083
vt 0.328803 0.601570
vt 0.321137 0.607288
vt 0.303624 0.586875
vt 0.312972 0.611147
vt 0.304502 0.613033
vt 0.291989 0.585815
vt 0.295942 0.612917
vt 0.287498 0.610785
vt 0.281301 0.578862
vt 0.279380 0.606707
vt 0.271789 0.600765
vt 0.272311 0.567758
vt 0.264908 0.593125
vt 0.258912 0.583955
vt 0.266400 0.552715
vt 0.253942 0.573498
vt 0.250129 0.561998
vt 0.263489 0.535807
vt 0.247557 0.549750
vt 0.246299 0.537045
vt 0.264612 0.518420
vt 0.246376 0.524203
vt 0.247797 0.511536
vt 0.268893 0.502166
vt 0.250516 0.499358
vt 0.254477 0.487970
vt 0.276621 0.489077
vt 0.259572 0.477648
vt 0.265686 0.468653
vt 0.286458 0.479686
vt 0.272657 0.461199
vt 0.280325 0.455478
vt 0.297839 0.475894
vt 0.288491 0.451620
vt 0.296961 0.449735
vt 0.309474 0.476952
vt 0.305523 0.449850
vt 0.313967 0.451984
vt 0.320162 0.483905
vt 0.322084 0.456063
vt 0.329676 0.462006
vt 0.329150 0.495008
vt 0.336556 0.469646
vt 0.342551 0.478817
vt 0.335062 0.510049
vt 0.347519 0.489271
vt 0.357711 0.511778
vt 0.359041 0.525400
vt 0.354917 0.498660
vt 0.350832 0.486329
vt 0.345503 0.475133
vt 0.339074 0.465323
vt 0.331701 0.457152
vt 0.323568 0.450807
vt 0.314876 0.446457
vt 0.305839 0.444195
vt 0.296680 0.444086
vt 0.287623 0.446121
vt 0.278894 0.450259
vt 0.270702 0.456388
vt 0.263254 0.464363
vt 0.256726 0.473982
vt 0.251284 0.485013
vt 0.247054 0.497182
vt 0.244147 0.510191
vt 0.242627 0.523723
vt 0.242538 0.537442
vt 0.243876 0.551018
vt 0.246614 0.564111
vt 0.250680 0.576408
vt 0.255980 0.587597
vt 0.262380 0.597414
vt 0.269727 0.605606
vt 0.277839 0.611981
vt 0.286517 0.616371
vt 0.295550 0.618677
vt 0.304713 0.618829
vt 0.313783 0.616833
vt 0.322532 0.612727
vt 0.330750 0.606620
vt 0.338226 0.598653
vt 0.344784 0.589028
vt 0.350252 0.577980
vt 0.354503 0.565782
vt 0.357424 0.552735
vt 0.358951 0.539162
vt 0.427927 0.485118
vt 0.421515 0.455893
vt 0.433907 0.483014
vt 0.427237 0.452379
vt 0.412139 0.428542
vt 0.417459 0.423680
vt 0.400033 0.403734
vt 0.404811 0.397619
vt 0.385496 0.382076
vt 0.389600 0.374836
vt 0.368886 0.364095
vt 0.372198 0.355895
vt 0.350612 0.350230
vt 0.353031 0.341262
vt 0.331123 0.340816
vt 0.332568 0.331302
vt 0.310897 0.336083
vt 0.311313 0.326264
vt 0.290427 0.336145
vt 0.289787 0.326276
vt 0.270217 0.340998
vt 0.268521 0.331342
vt 0.250759 0.350522
vt 0.248040 0.341341
vt 0.232530 0.364487
vt 0.228851 0.356032
vt 0.215976 0.382550
vt 0.211428 0.375052
vt 0.201502 0.404271
vt 0.196204 0.397936
vt 0.189464 0.429121
vt 0.183556 0.424119
vt 0.180159 0.456492
vt 0.173797 0.452955
vt 0.173816 0.485715
vt 0.167171 0.483731
vt 0.170594 0.516077
vt 0.163842 0.515685
vt 0.170575 0.546831
vt 0.163892 0.548027
vt 0.173763 0.577223
vt 0.167320 0.579956
vt 0.180084 0.606504
vt 0.174040 0.610683
vt 0.189383 0.633952
vt 0.183886 0.639447
vt 0.201437 0.658887
vt 0.196612 0.665540
vt 0.215951 0.680692
vt 0.211903 0.688315
vt 0.232568 0.698822
vt 0.229379 0.707214
vt 0.250880 0.712828
vt 0.248608 0.721772
vt 0.270434 0.722358
vt 0.269114 0.731633
vt 0.290746 0.727172
vt 0.290390 0.736557
vt 0.311313 0.727148
vt 0.311912 0.736428
vt 0.331624 0.722286
vt 0.333150 0.731252
vt 0.351176 0.712706
vt 0.353582 0.721161
vt 0.369483 0.698644
vt 0.372705 0.706407
vt 0.386090 0.680453
vt 0.390052 0.687355
vt 0.400588 0.658585
vt 0.405198 0.664477
vt 0.412619 0.633583
vt 0.417772 0.638335
vt 0.421885 0.606072
vt 0.427468 0.609572
vt 0.428162 0.576733
vt 0.434049 0.578895
vt 0.431297 0.546291
vt 0.437356 0.547055
vt 0.431216 0.515499
vt 0.437307 0.514832
vt 0.447095 0.513690
vt 0.443456 0.479594
vt 0.436314 0.446765
vt 0.425842 0.416007
vt 0.412293 0.388073
vt 0.395998 0.363652
vt 0.377353 0.343344
vt 0.356816 0.327652
vt 0.334888 0.316967
vt 0.312109 0.311555
vt 0.289038 0.311556
vt 0.266245 0.316975
vt 0.244291 0.327682
vt 0.223721 0.343418
vt 0.205042 0.363797
vt 0.188720 0.388318
vt 0.175157 0.416378
vt 0.164693 0.447283
vt 0.157586 0.480269
vt 0.154014 0.514520
vt 0.154063 0.549186
vt 0.157734 0.583411
vt 0.164935 0.616348
vt 0.175486 0.647180
vt 0.189125 0.675149
vt 0.205513 0.699562
vt 0.224243 0.719819
vt 0.244852 0.735424
vt 0.266829 0.745994
vt 0.289632 0.751274
vt 0.312698 0.751137
vt 0.335458 0.745590
vt 0.357355 0.734778
vt 0.377849 0.718968
vt 0.396439 0.698553
vt 0.412670 0.674038
vt 0.426147 0.646026
vt 0.436539 0.615207
vt 0.443594 0.582336
vt 0.447142 0.548219
vt 0.465790 0.550608
vt 0.465763 0.511684
vt 0.461688 0.473242
vt 0.453664 0.436222
vt 0.441884 0.401527
vt 0.426635 0.370009
vt 0.408286 0.342442
vt 0.387284 0.319507
vt 0.364143 0.301771
vt 0.339429 0.289676
vt 0.313748 0.283525
vt 0.287732 0.283477
vt 0.262023 0.289540
vt 0.237257 0.301569
vt 0.214044 0.319272
vt 0.192960 0.342218
vt 0.174530 0.369842
vt 0.159211 0.401463
vt 0.147383 0.436299
vt 0.139340 0.473490
vt 0.135285 0.512114
vt 0.135315 0.551213
vt 0.139431 0.589821
vt 0.147530 0.626979
vt 0.159409 0.661770
vt 0.174773 0.693332
vt 0.193239 0.720888
vt 0.214350 0.743759
vt 0.237582 0.761385
vt 0.262359 0.773334
vt 0.288069 0.779317
vt 0.314079 0.779192
vt 0.339746 0.772969
vt 0.364441 0.760805
vt 0.387558 0.743006
vt 0.408529 0.720015
vt 0.426844 0.692398
vt 0.442055 0.660837
vt 0.453791 0.626108
vt 0.461767 0.589062
vt 0.483945 0.597336
vt 0.488555 0.553589
vt 0.474839 0.639474
vt 0.461457 0.678973
vt 0.444125 0.714862
vt 0.423264 0.746258
vt 0.399381 0.772390
vt 0.373061 0.792610
vt 0.344947 0.806416
vt 0.315729 0.813460
vt 0.286125 0.813563
vt 0.256863 0.806713
vt 0.228667 0.793073
vt 0.202234 0.772972
vt 0.178217 0.746900
vt 0.157215 0.715499
vt 0.139748 0.679540
vt 0.126251 0.639910
vt 0.117062 0.597590
vt 0.112408 0.553627
vt 0.112408 0.509110
vt 0.117062 0.465145
vt 0.126254 0.422819
vt 0.139754 0.383183
vt 0.157227 0.347218
vt 0.178238 0.315812
vt 0.202265 0.289741
vt 0.228710 0.269644
vt 0.256917 0.256013
vt 0.286187 0.249178
vt 0.315799 0.249299
vt 0.345022 0.256366
vt 0.373136 0.270195
vt 0.399453 0.290440
vt 0.423327 0.316593
vt 0.444178 0.348009
vt 0.461496 0.383910
vt 0.474864 0.423414
vt 0.483958 0.465554
vt 0.488559 0.509301
s 1
g off
g wheel_rf_001_dbl_wheel_rf_001.003
usemtl dbl_wheel_rf_001.003
f 1/1/1 2/2/2 3/3/3
f 1/1/1 3/3/3 4/4/4
f 1/1/1 5/5/5 2/2/2
f 5/5/5 6/6/6 2/2/2
f 5/5/5 7/7/7 6/6/6
f 7/7/7 8/8/8 6/6/6
f 7/7/7 9/9/9 8/8/8
f 8/8/8 9/9/9 10/10/10
f 9/9/9 11/11/11 10/10/10
f 10/10/10 11/11/11 12/12/12
f 11/11/11 13/13/13 12/12/12
f 12/12/12 13/13/13 14/14/14
f 13/13/13 15/15/15 14/14/14
f 14/14/14 15/15/15 16/16/16
f 15/15/15 17/17/17 16/16/16
f 16/16/16 17/17/17 18/18/18
f 17/17/17 19/19/19 18/18/18
f 18/18/18 19/19/19 20/20/20
f 19/19/19 21/21/21 20/20/20
f 20/20/20 21/21/21 22/22/22
f 21/21/21 23/23/23 22/22/22
f 22/22/22 23/23/23 24/24/24
f 23/23/23 25/25/25 24/24/24
f 24/24/24 25/25/25 26/26/26
f 26/26/26 25/25/25 27/27/27
f 26/26/26 27/27/27 28/28/28
f 28/28/28 27/27/27 29/29/29
f 28/28/28 29/29/29 30/30/30
f 30/30/30 29/29/29 31/31/31
f 30/30/30 31/31/31 32/32/32
f 32/32/32 31/31/31 33/33/33
f 32/32/32 33/33/33 34/34/34
f 34/34/34 33/33/33 35/35/35
f 34/34/34 35/35/35 36/36/36
f 36/36/36 35/35/35 37/37/37
f 36/36/36 37/37/37 38/38/38
f 38/38/38 37/37/37 39/39/39
f 38/38/38 39/39/39 40/40/40
f 40/40/40 39/39/39 41/41/41
f 40/40/40 41/41/41 42/42/42
f 42/42/42 41/41/41 43/43/43
f 42/42/42 43/43/43 44/44/44
f 44/44/44 43/43/43 45/45/45
f 46/46/46 44/44/44 45/45/45
f 46/46/46 45/45/45 47/47/47
f 48/48/48 46/46/46 47/47/47
f 49/49/49 48/48/48 47/47/47
f 50/50/50 48/48/48 49/49/49
f 51/51/51 50/50/50 49/49/49
f 52/52/52 50/50/50 51/51/51
f 53/53/53 52/52/52 51/51/51
f 54/54/54 52/52/52 53/53/53
f 55/55/55 54/54/54 53/53/53
f 56/56/56 54/54/54 55/55/55
f 57/57/57 56/56/56 55/55/55
f 58/58/58 56/56/56 57/57/57
f 59/59/59 58/58/58 57/57/57
f 60/60/60 58/58/58 59/59/59
f 61/61/61 60/60/60 59/59/59
f 62/62/62 60/60/60 61/61/61
f 63/63/63 62/62/62 61/61/61
f 64/64/64 62/62/62 63/63/63
f 65/65/65 64/64/64 63/63/63
f 65/65/65 66/66/66 64/64/64
f 67/67/67 66/66/66 65/65/65
f 67/67/67 68/68/68 66/66/66
f 69/69/69 68/68/68 67/67/67
f 69/69/69 70/70/70 68/68/68
f 71/71/71 70/70/70 69/69/69
f 71/71/71 72/72/72 70/70/70
f 73/73/73 72/72/72 71/71/71
f 73/73/73 74/74/74 72/72/72
f 75/75/75 74/74/74 73/73/73
f 75/75/75 76/76/76 74/74/74
f 77/77/77 76/76/76 75/75/75
f 77/77/77 78/78/78 76/76/76
f 79/79/79 78/78/78 77/77/77
f 79/79/79 80/80/80 78/78/78
f 4/4/4 80/80/80 79/79/79
f 4/4/4 3/3/3 80/80/80
s 2
f 81/81/81 82/82/82 83/83/83
f 84/84/84 82/82/82 81/81/81
f 84/84/84 85/85/85 82/82/82
f 84/84/84 86/86/86 85/85/85
f 87/87/87 86/86/86 84/84/84
f 87/87/87 88/88/88 86/86/86
f 89/89/89 88/88/88 87/87/87
f 88/88/88 89/89/89 90/90/90
f 89/89/89 91/91/91 90/90/90
f 90/90/90 91/91/91 92/92/92
f 90/90/90 92/92/92 93/93/93
f 92/92/92 94/94/94 93/93/93
f 94/94/94 95/95/95 93/93/93
f 94/94/94 96/96/96 95/95/95
f 96/96/96 97/97/97 95/95/95
f 96/96/96 98/98/98 97/97/97
s 3
f 99/99/99 100/100/100 101/101/101
f 102/102/102 100/100/100 99/99/99
f 102/102/102 103/103/103 100/100/100
f 102/102/102 104/104/104 103/103/103
f 105/105/105 104/104/104 102/102/102
f 105/105/105 106/106/106 104/104/104
f 107/107/107 106/106/106 105/105/105
f 107/107/107 108/108/108 106/106/106
f 109/109/109 108/108/108 107/107/107
f 109/109/109 110/110/110 108/108/108
f 108/108/108 110/110/110 111/111/111
f 111/111/111 110/110/110 112/112/112
f 111/111/111 112/112/112 113/113/113
f 112/112/112 114/114/114 113/113/113
f 113/113/113 114/114/114 115/115/115
f 115/115/115 114/114/114 116/116/116
s 4
f 117/117/117 118/118/118 119/119/119
f 120/120/120 117/117/117 119/119/119
f 121/121/121 117/117/117 120/120/120
f 122/122/122 121/121/121 120/120/120
f 122/122/122 120/120/120 123/123/123
f 123/123/123 124/124/124 122/122/122
f 125/125/125 124/124/124 123/123/123
f 125/125/125 126/126/126 124/124/124
f 127/127/127 126/126/126 125/125/125
f 126/126/126 127/127/127 128/128/128
f 126/126/126 128/128/128 129/129/129
f 128/128/128 130/130/130 129/129/129
f 129/129/129 130/130/130 131/131/131
f 130/130/130 132/132/132 131/131/131
f 131/131/131 132/132/132 133/133/133
f 133/133/133 132/132/132 134/134/134
s 5
f 135/135/135 136/136/136 137/137/137
f 138/138/138 135/135/135 137/137/137
f 138/138/138 139/139/139 135/135/135
f 140/140/140 139/139/139 138/138/138
f 140/140/140 138/138/138 141/141/141
f 142/142/142 140/140/140 141/141/141
f 142/142/142 141/141/141 143/143/143
f 143/143/143 144/144/144 142/142/142
f 145/145/145 144/144/144 143/143/143
f 145/145/145 146/146/88 144/144/144
f 146/146/88 147/147/146 144/144/144
f 146/146/88 148/148/147 147/147/146
f 147/147/146 148/148/147 149/149/148
f 148/148/147 150/150/149 149/149/148
f 149/149/148 150/150/149 151/151/150
f 151/151/150 150/150/149 152/152/151
s 6
f 153/153/152 154/154/153 155/155/154
f 156/156/155 153/153/152 155/155/154
f 156/156/155 157/157/156 153/153/152
f 158/158/157 157/157/156 156/156/155
f 159/159/158 158/158/157 156/156/155
f 160/160/159 158/158/157 159/159/158
f 160/160/159 159/159/158 161/161/160
f 161/161/160 162/162/161 160/160/159
f 163/163/162 162/162/161 161/161/160
f 163/163/162 164/164/163 162/162/161
f 164/164/163 165/165/164 162/162/161
f 164/164/163 166/166/165 165/165/164
f 166/166/165 167/167/166 165/165/164
f 166/166/165 168/168/167 167/167/166
f 168/168/167 169/169/168 167/167/166
f 168/168/167 170/170/169 169/169/168
s 7
f 171/171/170 172/172/171 173/173/172
f 174/174/173 171/171/170 173/173/172
f 175/175/174 171/171/170 174/174/173
f 176/176/175 175/175/174 174/174/173
f 177/177/176 176/176/175 174/174/173
f 178/178/177 176/176/175 177/177/176
f 178/178/177 177/177/176 179/179/178
f 180/180/179 178/178/177 179/179/178
f 180/180/179 179/179/178 181/181/180
f 181/181/180 182/182/124 180/180/179
f 182/182/124 183/183/181 180/180/179
f 182/182/124 184/184/182 183/183/181
f 184/184/182 185/185/183 183/183/181
f 184/184/182 186/186/184 185/185/183
f 186/186/184 187/187/185 185/185/183
f 186/186/184 188/188/186 187/187/185
s 8
f 189/189/187 190/190/188 191/191/189
f 192/192/190 190/190/188 189/189/187
f 192/192/190 193/193/191 190/190/188
f 192/192/190 194/194/192 193/193/191
f 195/195/193 194/194/192 192/192/190
f 196/196/194 194/194/192 195/195/193
f 196/196/194 195/195/193 197/197/195
f 198/198/196 196/196/194 197/197/195
f 198/198/196 197/197/195 199/199/197
f 199/199/197 200/200/198 198/198/196
f 200/200/198 201/201/199 198/198/196
f 200/200/198 202/202/200 201/201/199
f 202/202/200 203/203/201 201/201/199
f 202/202/200 204/204/202 203/203/201
f 204/204/202 205/205/203 203/203/201
f 204/204/202 206/206/204 205/205/203
s 9
f 207/207/205 208/208/206 209/209/207
f 210/210/208 208/208/206 207/207/205
f 210/210/208 211/211/209 208/208/206
f 210/210/208 212/212/210 211/211/209
f 213/213/211 212/212/210 210/210/208
f 213/213/211 214/214/212 212/212/210
f 215/215/213 214/214/212 213/213/211
f 216/216/214 214/214/212 215/215/213
f 216/216/214 215/215/213 217/217/215
f 218/218/159 216/216/214 217/217/215
f 219/219/216 216/216/214 218/218/159
f 218/218/159 220/220/217 219/219/216
f 220/220/217 221/221/218 219/219/216
f 220/220/217 222/222/219 221/221/218
f 222/222/219 223/223/220 221/221/218
f 222/222/219 224/224/221 223/223/220
s 10
f 225/225/222 226/226/223 227/227/224
f 228/228/225 226/226/223 225/225/222
f 228/228/225 229/229/226 226/226/223
f 228/228/225 230/230/227 229/229/226
f 231/231/228 230/230/227 228/228/225
f 231/231/228 232/232/229 230/230/227
f 233/233/230 232/232/229 231/231/228
f 233/233/230 234/234/231 232/232/229
f 235/235/232 234/234/231 233/233/230
f 236/236/177 234/234/231 235/235/232
f 236/236/177 237/237/233 234/234/231
f 238/238/234 237/237/233 236/236/177
f 239/239/235 237/237/233 238/238/234
f 240/240/236 239/239/235 238/238/234
f 240/240/236 241/241/237 239/239/235
f 242/242/238 241/241/237 240/240/236
s 11
f 243/243/239 244/244/240 245/245/241
f 244/244/240 246/246/242 245/245/241
f 245/245/241 246/246/242 247/247/243
f 246/246/242 248/248/244 247/247/243
f 246/246/242 249/249/245 248/248/244
f 249/249/245 250/250/246 248/248/244
f 251/251/247 250/250/246 249/249/245
f 251/251/247 252/252/248 250/250/246
f 253/253/249 252/252/248 251/251/247
f 254/254/250 252/252/248 253/253/249
f 255/255/251 252/252/248 254/254/250
f 256/256/252 255/255/251 254/254/250
f 257/257/253 255/255/251 256/256/252
f 258/258/254 257/257/253 256/256/252
f 258/258/254 259/259/255 257/257/253
f 260/260/256 259/259/255 258/258/254
s 12
f 261/261/257 262/262/258 263/263/259
f 262/262/258 264/264/260 263/263/259
f 263/263/259 264/264/260 265/265/261
f 265/265/261 264/264/260 266/266/262
f 264/264/260 267/267/263 266/266/262
f 267/267/263 268/268/264 266/266/262
f 267/267/263 269/269/265 268/268/264
f 269/269/265 270/270/211 268/268/264
f 271/271/266 270/270/211 269/269/265
f 271/271/266 272/272/267 270/270/211
f 272/272/267 273/273/268 270/270/211
f 274/274/269 273/273/268 272/272/267
f 275/275/270 273/273/268 274/274/269
f 276/276/271 275/275/270 274/274/269
f 276/276/271 277/277/272 275/275/270
f 278/278/273 277/277/272 276/276/271
s 13
f 279/279/274 280/280/275 281/281/276
f 280/280/275 282/282/277 281/281/276
f 281/281/276 282/282/277 283/283/128
f 282/282/277 284/284/278 283/283/128
f 282/282/277 285/285/279 284/284/278
f 285/285/279 286/286/280 284/284/278
f 285/285/279 287/287/281 286/286/280
f 287/287/281 288/288/228 286/286/280
f 289/289/282 288/288/228 287/287/281
f 289/289/282 290/290/283 288/288/228
f 290/290/283 291/291/284 288/288/228
f 290/290/283 292/292/285 291/291/284
f 292/292/285 293/293/286 291/291/284
f 292/292/285 294/294/287 293/293/286
f 294/294/287 295/295/288 293/293/286
f 294/294/287 296/296/289 295/295/288
s 14
f 297/297/290 298/298/291 299/299/292
f 298/298/291 300/300/293 299/299/292
f 299/299/292 300/300/293 301/301/294
f 300/300/293 302/302/295 301/301/294
f 300/300/293 303/303/296 302/302/295
f 303/303/296 304/304/297 302/302/295
f 303/303/296 305/305/298 304/304/297
f 304/304/297 305/305/298 306/306/245
f 305/305/298 307/307/299 306/306/245
f 307/307/299 308/308/246 306/306/245
f 308/308/246 309/309/300 306/306/245
f 308/308/246 310/310/301 309/309/300
f 310/310/301 311/311/302 309/309/300
f 310/310/301 312/312/303 311/311/302
f 312/312/303 313/313/304 311/311/302
f 312/312/303 314/314/305 313/313/304
s 15
f 315/315/306 316/316/307 317/317/308
f 315/315/306 317/317/308 318/318/308
f 318/318/308 317/317/308 319/319/309
f 318/318/308 319/319/309 320/320/309
f 319/319/309 321/321/310 320/320/309
f 320/320/309 321/321/310 322/322/310
f 321/321/310 323/323/311 322/322/310
f 322/322/310 323/323/311 324/324/311
f 323/323/311 325/325/312 324/324/311
f 324/324/311 325/325/312 326/326/312
f 325/325/312 327/327/313 326/326/312
f 326/326/312 327/327/313 328/328/313
f 328/328/313 327/327/313 329/329/314
f 328/328/313 329/329/314 330/330/314
f 330/330/314 329/329/314 331/331/315
f 330/330/314 331/331/315 332/332/316
f 332/332/316 331/331/315 333/333/317
f 332/332/316 333/333/317 334/334/317
f 334/334/317 333/333/317 335/335/318
f 334/334/317 335/335/318 336/336/319
f 336/336/319 335/335/318 337/337/320
f 336/336/319 337/337/320 338/338/320
f 338/338/320 337/337/320 339/339/321
f 338/338/320 339/339/321 340/340/321
f 340/340/321 339/339/321 341/341/322
f 342/342/322 340/340/321 341/341/322
f 342/342/322 341/341/322 343/343/323
f 342/342/322 343/343/323 344/344/324
f 344/344/324 343/343/323 345/345/325
f 344/344/324 345/345/325 346/346/325
f 346/346/325 345/345/325 347/347/326
f 348/348/327 346/346/325 347/347/326
f 349/349/328 348/348/327 347/347/326
f 349/349/328 350/350/328 348/348/327
f 351/351/329 350/350/328 349/349/328
f 351/351/329 352/352/330 350/350/328
f 353/353/331 352/352/330 351/351/329
f 353/353/331 354/354/331 352/352/330
f 355/355/332 354/354/331 353/353/331
f 355/355/332 356/356/332 354/354/331
f 357/357/333 356/356/332 355/355/332
f 357/357/333 358/358/333 356/356/332
f 359/359/334 358/358/333 357/357/333
f 360/360/334 358/358/333 359/359/334
f 361/361/335 360/360/334 359/359/334
f 362/362/336 360/360/334 361/361/335
f 363/363/337 362/362/336 361/361/335
f 364/364/337 362/362/336 363/363/337
f 365/365/338 364/364/337 363/363/337
f 366/366/338 364/364/337 365/365/338
f 367/367/339 366/366/338 365/365/338
f 368/368/339 366/366/338 367/367/339
f 368/368/339 367/367/339 369/369/340
f 370/370/340 368/368/339 369/369/340
f 370/370/340 369/369/340 371/371/341
f 370/370/340 371/371/341 372/372/342
f 372/372/342 371/371/341 373/373/343
f 374/374/343 372/372/342 373/373/343
f 374/374/343 373/373/343 375/375/344
f 374/374/343 375/375/344 376/376/344
f 376/376/344 375/375/344 377/377/345
f 378/378/345 376/376/344 377/377/345
f 378/378/345 377/377/345 379/379/346
f 378/378/345 379/379/346 380/380/346
f 380/380/346 379/379/346 381/381/347
f 382/382/347 380/380/346 381/381/347
f 382/382/347 381/381/347 383/383/348
f 382/382/347 383/383/348 384/384/349
f 384/384/349 383/383/348 385/385/350
f 384/384/349 385/385/350 386/386/350
f 386/386/350 385/385/350 387/387/351
f 386/386/350 387/387/351 388/388/351
f 388/388/351 387/387/351 389/389/352
f 388/388/351 389/389/352 390/390/352
f 390/390/352 389/389/352 391/391/353
f 390/390/352 391/391/353 392/392/353
f 392/392/353 391/391/353 393/393/354
f 392/392/353 393/393/354 394/394/354
f 394/394/354 393/393/354 316/316/307
f 394/394/354 316/316/307 315/315/306
s 16
f 395/395/355 396/396/356 397/397/356
f 398/398/355 396/396/356 395/395/355
f 397/397/356 399/399/357 400/400/357
f 396/396/356 399/399/357 397/397/356
f 400/400/357 401/401/358 402/402/358
f 400/400/357 399/399/357 401/401/358
f 402/402/358 403/403/359 404/404/359
f 402/402/358 401/401/358 403/403/359
f 404/404/359 405/405/360 406/406/360
f 404/404/359 403/403/359 405/405/360
f 406/406/360 407/407/361 408/408/361
f 406/406/360 405/405/360 407/407/361
f 409/409/362 410/410/362 408/408/361
f 407/407/361 409/409/362 408/408/361
f 411/411/363 412/412/363 410/410/362
f 411/411/363 410/410/362 409/409/362
f 413/413/364 414/414/364 412/412/363
f 413/413/364 412/412/363 411/411/363
f 415/415/365 416/416/365 414/414/364
f 415/415/365 414/414/364 413/413/364
f 417/417/366 418/418/366 416/416/365
f 417/417/366 416/416/365 415/415/365
f 419/419/367 420/420/367 418/418/366
f 417/417/366 419/419/367 418/418/366
f 421/421/368 422/422/368 420/420/367
f 421/421/368 420/420/367 419/419/367
f 423/423/369 424/424/369 422/422/368
f 423/423/369 422/422/368 421/421/368
f 425/425/370 426/426/370 424/424/369
f 423/423/369 425/425/370 424/424/369
f 427/427/371 428/428/371 426/426/370
f 427/427/371 426/426/370 425/425/370
f 429/429/372 428/428/371 430/430/372
f 430/430/372 428/428/371 427/427/371
f 431/431/373 429/429/372 432/432/373
f 432/432/373 429/429/372 430/430/372
f 433/433/374 431/431/373 434/434/374
f 434/434/374 431/431/373 432/432/373
f 435/435/375 433/433/374 436/436/375
f 436/436/375 433/433/374 434/434/374
f 437/437/376 435/435/375 438/438/376
f 438/438/376 435/435/375 436/436/375
f 439/439/377 440/440/377 437/437/376
f 439/439/377 437/437/376 438/438/376
f 441/441/378 442/442/378 440/440/377
f 441/441/378 440/440/377 439/439/377
f 443/443/379 444/444/379 442/442/378
f 443/443/379 442/442/378 441/441/378
f 445/445/380 446/446/380 444/444/379
f 445/445/380 444/444/379 443/443/379
f 447/447/381 448/448/381 446/446/380
f 447/447/381 446/446/380 445/445/380
f 449/449/382 450/450/382 448/448/381
f 447/447/381 449/449/382 448/448/381
f 451/451/383 452/452/383 450/450/382
f 451/451/383 450/450/382 449/449/382
f 453/453/384 454/454/384 452/452/383
f 453/453/384 452/452/383 451/451/383
f 455/455/385 456/456/385 454/454/384
f 455/455/385 454/454/384 453/453/384
f 457/457/386 458/458/386 456/456/385
f 457/457/386 456/456/385 455/455/385
f 459/459/387 460/460/387 458/458/386
f 459/459/387 458/458/386 457/457/386
f 461/461/388 462/462/388 460/460/387
f 461/461/388 460/460/387 459/459/387
f 463/463/389 464/464/389 462/462/388
f 461/461/388 463/463/389 462/462/388
f 465/465/390 466/466/390 464/464/389
f 465/465/390 464/464/389 463/463/389
f 467/467/391 468/468/391 466/466/390
f 467/467/391 466/466/390 465/465/390
f 468/468/391 469/469/392 470/470/392
f 467/467/391 469/469/392 468/468/391
f 470/470/392 471/471/393 472/472/393
f 469/469/392 471/471/393 470/470/392
f 472/472/393 473/473/394 474/474/394
f 471/471/393 473/473/394 472/472/393
f 474/474/394 398/398/355 395/395/355
f 473/473/394 398/398/355 474/474/394
s 17
f 475/475/395 476/476/264 477/477/396
f 476/476/264 478/478/397 477/477/396
f 476/476/264 479/479/398 478/478/397
f 479/479/398 480/480/399 478/478/397
f 479/479/398 481/481/400 480/480/399
f 481/481/400 482/482/401 480/480/399
f 481/481/400 483/483/402 482/482/401
f 481/481/400 484/484/403 483/483/402
f 484/484/403 485/485/404 483/483/402
f 484/484/403 486/486/405 485/485/404
f 486/486/405 487/487/406 485/485/404
f 488/488/407 487/487/406 486/486/405
s 18
f 488/488/408 489/489/408 490/490/409
f 488/488/408 490/490/409 487/487/410
f 487/487/410 490/490/409 491/491/411
f 487/487/410 491/491/411 485/485/411
f 485/485/411 491/491/411 483/483/412
f 491/491/411 83/83/413 483/483/412
f 483/483/412 83/83/413 82/82/414
f 483/483/412 82/82/414 482/482/415
f 482/482/415 82/82/414 480/480/416
f 82/82/414 85/85/416 480/480/416
f 480/480/416 85/85/416 86/86/417
f 480/480/416 86/86/417 478/478/418
f 478/478/418 86/86/417 477/477/419
f 86/86/417 88/88/420 477/477/419
f 477/477/419 88/88/420 492/492/421
f 477/477/419 492/492/421 493/493/422
f 88/88/420 90/90/423 492/492/421
f 493/493/422 492/492/421 494/494/424
f 493/493/422 494/494/424 306/306/425
f 495/495/426 493/493/422 306/306/425
f 495/495/426 306/306/425 309/309/426
f 495/495/426 309/309/426 311/311/427
f 496/496/427 495/495/426 311/311/427
f 497/497/428 496/496/427 311/311/427
f 497/497/428 311/311/427 313/313/428
f 314/314/429 497/497/428 313/313/428
f 498/498/430 497/497/428 314/314/429
f 499/499/431 498/498/430 314/314/429
f 499/499/431 314/314/429 500/500/431
f 501/501/432 499/499/431 500/500/431
f 502/502/433 499/499/431 501/501/432
f 502/502/433 501/501/432 503/503/434
f 504/504/435 502/502/433 503/503/434
f 494/494/424 505/505/436 306/306/425
f 306/306/425 505/505/436 304/304/437
f 304/304/437 505/505/436 288/288/438
f 302/302/439 304/304/437 288/288/438
f 302/302/439 288/288/438 291/291/439
f 302/302/439 291/291/439 293/293/440
f 301/301/441 302/302/439 293/293/440
f 299/299/442 301/301/441 293/293/440
f 299/299/442 293/293/440 295/295/442
f 296/296/443 299/299/442 295/295/442
f 297/297/443 299/299/442 296/296/443
f 506/506/444 297/297/443 296/296/443
f 506/506/444 296/296/443 507/507/445
f 506/506/444 507/507/445 508/508/446
f 509/509/447 506/506/444 508/508/446
f 509/509/447 508/508/446 510/510/448
f 511/511/449 509/509/447 510/510/448
f 505/505/436 512/512/450 288/288/438
f 288/288/438 512/512/450 286/286/451
f 512/512/450 270/270/452 286/286/451
f 286/286/451 270/270/452 284/284/453
f 284/284/453 270/270/452 273/273/453
f 284/284/453 273/273/453 275/275/454
f 283/283/454 284/284/453 275/275/454
f 281/281/455 283/283/454 275/275/454
f 281/281/455 275/275/454 277/277/456
f 281/281/455 277/277/456 278/278/457
f 279/279/457 281/281/455 278/278/457
f 513/513/458 279/279/457 278/278/457
f 513/513/458 278/278/457 514/514/458
f 513/513/458 514/514/458 515/515/459
f 516/516/459 513/513/458 515/515/459
f 516/516/459 515/515/459 517/517/460
f 518/518/461 516/516/459 517/517/460
f 270/270/452 519/519/462 268/268/463
f 512/512/450 519/519/462 270/270/452
f 519/519/462 252/252/464 268/268/463
f 268/268/463 252/252/464 266/266/465
f 266/266/465 252/252/464 255/255/465
f 266/266/465 255/255/465 257/257/466
f 266/266/465 257/257/466 265/265/466
f 265/265/466 257/257/466 263/263/467
f 263/263/467 257/257/466 259/259/468
f 263/263/467 259/259/468 260/260/469
f 263/263/467 260/260/469 261/261/470
f 261/261/470 260/260/469 520/520/471
f 520/520/471 260/260/469 521/521/472
f 520/520/471 521/521/472 522/522/473
f 523/523/473 520/520/471 522/522/473
f 523/523/473 522/522/473 524/524/474
f 525/525/474 523/523/473 524/524/474
f 519/519/462 526/526/475 252/252/464
f 252/252/464 526/526/475 250/250/476
f 526/526/475 234/234/477 250/250/476
f 250/250/476 234/234/477 248/248/478
f 248/248/478 234/234/477 237/237/478
f 248/248/478 237/237/478 239/239/479
f 248/248/478 239/239/479 247/247/480
f 247/247/480 239/239/479 245/245/481
f 239/239/479 241/241/482 245/245/481
f 245/245/481 241/241/482 242/242/483
f 245/245/481 242/242/483 243/243/484
f 243/243/484 242/242/483 527/527/485
f 242/242/483 528/528/486 527/527/485
f 527/527/485 528/528/486 529/529/487
f 527/527/485 529/529/487 530/530/488
f 530/530/488 529/529/487 531/531/489
f 532/532/489 530/530/488 531/531/489
f 526/526/475 533/533/490 234/234/477
f 533/533/490 232/232/491 234/234/477
f 533/533/490 216/216/492 232/232/491
f 232/232/491 216/216/492 230/230/493
f 230/230/493 216/216/492 219/219/494
f 230/230/493 219/219/494 221/221/495
f 230/230/493 221/221/495 229/229/495
f 229/229/495 221/221/495 226/226/496
f 221/221/495 223/223/497 226/226/496
f 226/226/496 223/223/497 224/224/498
f 226/226/496 224/224/498 227/227/498
f 227/227/498 224/224/498 534/534/499
f 224/224/498 535/535/499 534/534/499
f 534/534/499 535/535/499 536/536/500
f 534/534/499 536/536/500 537/537/501
f 537/537/501 536/536/500 538/538/502
f 537/537/501 538/538/502 539/539/503
f 540/540/504 214/214/505 216/216/492
f 533/533/490 540/540/504 216/216/492
f 540/540/504 198/198/506 214/214/505
f 214/214/505 198/198/506 212/212/507
f 198/198/506 201/201/508 212/212/507
f 212/212/507 201/201/508 203/203/509
f 212/212/507 203/203/509 211/211/509
f 211/211/509 203/203/509 208/208/510
f 203/203/509 205/205/511 208/208/510
f 208/208/510 205/205/511 206/206/512
f 208/208/510 206/206/512 209/209/513
f 209/209/513 206/206/512 541/541/514
f 206/206/512 542/542/515 541/541/514
f 541/541/514 542/542/515 543/543/516
f 541/541/514 543/543/516 544/544/517
f 544/544/517 543/543/516 545/545/518
f 544/544/517 545/545/518 546/546/518
f 540/540/504 547/547/519 198/198/506
f 547/547/519 196/196/520 198/198/506
f 180/180/521 196/196/520 547/547/519
f 180/180/521 194/194/522 196/196/520
f 180/180/521 183/183/522 194/194/522
f 183/183/522 185/185/523 194/194/522
f 185/185/523 193/193/523 194/194/522
f 185/185/523 190/190/524 193/193/523
f 185/185/523 187/187/524 190/190/524
f 187/187/524 188/188/525 190/190/524
f 190/190/524 188/188/525 191/191/526
f 188/188/525 548/548/527 191/191/526
f 188/188/525 549/549/528 548/548/527
f 549/549/528 550/550/529 548/548/527
f 548/548/527 550/550/529 551/551/530
f 550/550/529 552/552/531 551/551/530
f 552/552/531 553/553/532 551/551/530
f 554/554/533 178/178/534 180/180/521
f 554/554/533 180/180/521 547/547/519
f 162/162/535 178/178/534 554/554/533
f 162/162/535 176/176/536 178/178/534
f 162/162/535 165/165/536 176/176/536
f 165/165/536 167/167/537 176/176/536
f 167/167/537 175/175/538 176/176/536
f 167/167/537 171/171/539 175/175/538
f 167/167/537 169/169/539 171/171/539
f 169/169/539 170/170/540 171/171/539
f 171/171/539 170/170/540 172/172/540
f 170/170/540 555/555/541 172/172/540
f 170/170/540 556/556/542 555/555/541
f 556/556/542 557/557/543 555/555/541
f 557/557/543 558/558/544 555/555/541
f 559/559/545 558/558/544 557/557/543
f 559/559/545 560/560/545 558/558/544
f 160/160/546 162/162/535 561/561/547
f 561/561/547 162/162/535 554/554/533
f 144/144/548 160/160/546 561/561/547
f 144/144/548 158/158/549 160/160/546
f 144/144/548 147/147/549 158/158/549
f 147/147/549 149/149/550 158/158/549
f 149/149/550 157/157/551 158/158/549
f 149/149/550 153/153/552 157/157/551
f 149/149/550 151/151/553 153/153/552
f 151/151/553 152/152/554 153/153/552
f 152/152/554 154/154/555 153/153/552
f 152/152/554 562/562/556 154/154/555
f 152/152/554 563/563/557 562/562/556
f 564/564/558 562/562/556 563/563/557
f 564/564/558 565/565/559 562/562/556
f 566/566/560 565/565/559 564/564/558
f 566/566/560 567/567/560 565/565/559
f 568/568/561 144/144/548 561/561/547
f 142/142/562 144/144/548 568/568/561
f 126/126/563 142/142/562 568/568/561
f 126/126/563 140/140/564 142/142/562
f 126/126/563 129/129/564 140/140/564
f 129/129/564 131/131/565 140/140/564
f 131/131/565 139/139/565 140/140/564
f 131/131/565 135/135/566 139/139/565
f 133/133/567 135/135/566 131/131/565
f 134/134/568 135/135/566 133/133/567
f 134/134/568 136/136/569 135/135/566
f 134/134/568 569/569/570 136/136/569
f 570/570/571 569/569/570 134/134/568
f 571/571/572 569/569/570 570/570/571
f 571/571/572 572/572/573 569/569/570
f 573/573/574 572/572/573 571/571/572
f 573/573/574 574/574/575 572/572/573
f 124/124/576 126/126/563 575/575/577
f 575/575/577 126/126/563 568/568/561
f 108/108/578 124/124/576 575/575/577
f 108/108/578 122/122/579 124/124/576
f 108/108/578 111/111/579 122/122/579
f 113/113/580 122/122/579 111/111/579
f 113/113/580 121/121/581 122/122/579
f 117/117/582 121/121/581 113/113/580
f 115/115/583 117/117/582 113/113/580
f 116/116/584 117/117/582 115/115/583
f 116/116/584 118/118/585 117/117/582
f 576/576/586 118/118/585 116/116/584
f 577/577/587 576/576/586 116/116/584
f 578/578/588 576/576/586 577/577/587
f 578/578/588 579/579/589 576/576/586
f 580/580/590 579/579/589 578/578/588
f 580/580/590 581/581/591 579/579/589
f 106/106/592 108/108/578 582/582/593
f 108/108/578 575/575/577 582/582/593
f 90/90/423 106/106/592 582/582/593
f 90/90/423 104/104/594 106/106/592
f 93/93/595 104/104/594 90/90/423
f 95/95/596 104/104/594 93/93/595
f 95/95/596 103/103/597 104/104/594
f 100/100/598 103/103/597 95/95/596
f 97/97/599 100/100/598 95/95/596
f 98/98/600 100/100/598 97/97/599
f 98/98/600 101/101/600 100/100/598
f 583/583/601 101/101/600 98/98/600
f 584/584/602 583/583/601 98/98/600
f 585/585/603 583/583/601 584/584/602
f 585/585/603 586/586/604 583/583/601
f 587/587/605 586/586/604 585/585/603
f 587/587/605 588/588/605 586/586/604
f 90/90/423 582/582/593 492/492/421
f 492/492/421 582/582/593 589/589/606
f 582/582/593 575/575/577 589/589/606
f 589/589/606 575/575/577 590/590/607
f 591/591/608 589/589/606 590/590/607
f 592/592/609 589/589/606 591/591/608
f 592/592/609 593/593/610 589/589/606
f 492/492/421 589/589/606 593/593/610
f 594/594/611 593/593/610 592/592/609
f 492/492/421 593/593/610 594/594/611
f 595/595/612 594/594/611 592/592/609
f 596/596/613 594/594/611 595/595/612
f 597/597/614 594/594/611 596/596/613
f 598/598/615 597/597/614 596/596/613
f 599/599/616 594/594/611 597/597/614
f 492/492/421 594/594/611 599/599/616
f 600/600/617 599/599/616 597/597/614
f 492/492/421 599/599/616 600/600/617
f 600/600/617 597/597/614 598/598/615
f 601/601/618 600/600/617 598/598/615
f 602/602/619 601/601/618 598/598/615
f 603/603/620 601/601/618 602/602/619
f 601/601/618 604/604/621 600/600/617
f 492/492/421 600/600/617 604/604/621
f 603/603/620 604/604/621 601/601/618
f 494/494/424 492/492/421 604/604/621
f 494/494/424 604/604/621 605/605/622
f 605/605/622 604/604/621 603/603/620
f 606/606/623 605/605/622 603/603/620
f 494/494/424 605/605/622 606/606/623
f 606/606/623 603/603/620 607/607/624
f 606/606/623 607/607/624 608/608/625
f 494/494/424 606/606/623 505/505/436
f 609/609/626 606/606/623 608/608/625
f 505/505/436 606/606/623 609/609/626
f 610/610/627 609/609/626 608/608/625
f 610/610/627 611/611/628 609/609/626
f 611/611/628 610/610/627 612/612/629
f 611/611/628 613/613/630 609/609/626
f 505/505/436 609/609/626 613/613/630
f 505/505/436 613/613/630 512/512/450
f 611/611/628 614/614/631 613/613/630
f 512/512/450 613/613/630 614/614/631
f 612/612/629 614/614/631 611/611/628
f 612/612/629 615/615/632 614/614/631
f 612/612/629 616/616/633 615/615/632
f 615/615/632 617/617/634 614/614/631
f 512/512/450 614/614/631 617/617/634
f 512/512/450 617/617/634 618/618/635
f 615/615/632 618/618/635 617/617/634
f 616/616/633 618/618/635 615/615/632
f 619/619/636 618/618/635 616/616/633
f 620/620/637 618/618/635 619/619/636
f 512/512/450 618/618/635 519/519/462
f 620/620/637 621/621/638 618/618/635
f 618/618/635 621/621/638 519/519/462
f 622/622/639 621/621/638 620/620/637
f 622/622/639 623/623/640 621/621/638
f 519/519/462 621/621/638 623/623/640
f 519/519/462 623/623/640 526/526/475
f 624/624/641 623/623/640 622/622/639
f 624/624/641 625/625/642 623/623/640
f 624/624/641 626/626/643 625/625/642
f 625/625/642 627/627/644 623/623/640
f 623/623/640 627/627/644 526/526/475
f 526/526/475 627/627/644 533/533/490
f 625/625/642 628/628/645 627/627/644
f 627/627/644 628/628/645 533/533/490
f 626/626/643 628/628/645 625/625/642
f 628/628/645 626/626/643 629/629/646
f 629/629/646 626/626/643 630/630/647
f 629/629/646 630/630/647 631/631/648
f 629/629/646 632/632/649 628/628/645
f 632/632/649 629/629/646 631/631/648
f 628/628/645 632/632/649 533/533/490
f 632/632/649 633/633/650 533/533/490
f 632/632/649 631/631/648 633/633/650
f 633/633/650 631/631/648 634/634/651
f 633/633/650 540/540/504 533/533/490
f 633/633/650 635/635/652 540/540/504
f 633/633/650 634/634/651 635/635/652
f 635/635/652 634/634/651 636/636/653
f 635/635/652 636/636/653 637/637/654
f 637/637/654 636/636/653 638/638/655
f 635/635/652 637/637/654 639/639/656
f 635/635/652 639/639/656 540/540/504
f 639/639/656 547/547/519 540/540/504
f 639/639/656 637/637/654 640/640/657
f 639/639/656 640/640/657 547/547/519
f 637/637/654 638/638/655 640/640/657
f 640/640/657 638/638/655 641/641/658
f 638/638/655 642/642/659 641/641/658
f 641/641/658 642/642/659 643/643/660
f 640/640/657 641/641/658 644/644/661
f 644/644/661 641/641/658 643/643/660
f 640/640/657 644/644/661 547/547/519
f 645/645/662 547/547/519 644/644/661
f 644/644/661 643/643/660 645/645/662
f 643/643/660 646/646/663 645/645/662
f 645/645/662 554/554/533 547/547/519
f 645/645/662 646/646/663 647/647/664
f 647/647/664 554/554/533 645/645/662
f 646/646/663 648/648/665 647/647/664
f 648/648/665 649/649/666 647/647/664
f 648/648/665 650/650/667 649/649/666
f 647/647/664 649/649/666 651/651/668
f 651/651/668 554/554/533 647/647/664
f 649/649/666 652/652/669 651/651/668
f 652/652/669 554/554/533 651/651/668
f 650/650/667 652/652/669 649/649/666
f 650/650/667 653/653/670 652/652/669
f 654/654/671 653/653/670 650/650/667
f 654/654/671 655/655/672 653/653/670
f 653/653/670 656/656/673 652/652/669
f 655/655/672 656/656/673 653/653/670
f 656/656/673 554/554/533 652/652/669
f 656/656/673 561/561/547 554/554/533
f 568/568/561 561/561/547 656/656/673
f 655/655/672 657/657/674 656/656/673
f 568/568/561 656/656/673 657/657/674
f 658/658/675 657/657/674 655/655/672
f 658/658/675 659/659/676 657/657/674
f 659/659/676 568/568/561 657/657/674
f 658/658/675 660/660/677 659/659/676
f 660/660/677 661/661/678 659/659/676
f 661/661/678 568/568/561 659/659/676
f 662/662/679 568/568/561 661/661/678
f 660/660/677 662/662/679 661/661/678
f 575/575/577 568/568/561 662/662/679
f 663/663/680 575/575/577 662/662/679
f 590/590/607 575/575/577 663/663/680
f 664/664/681 590/590/607 663/663/680
f 591/591/608 590/590/607 664/664/681
f 591/591/608 664/664/681 665/665/682
f 665/665/682 664/664/681 666/666/683
f 666/666/683 664/664/681 663/663/680
f 666/666/683 663/663/680 667/667/684
f 667/667/684 663/663/680 662/662/679
f 660/660/677 667/667/684 662/662/679
f 668/668/685 667/667/684 660/660/677
f 666/666/683 667/667/684 668/668/685
s 2
f 490/490/686 489/489/687 669/669/688
f 669/669/688 491/491/689 490/490/686
f 670/670/690 491/491/689 669/669/688
f 670/670/690 83/83/83 491/491/689
f 81/81/81 83/83/83 670/670/690
f 671/671/691 587/587/692 585/585/693
f 671/671/691 585/585/693 584/584/694
f 672/672/695 671/671/691 584/584/694
f 672/672/695 584/584/694 98/98/98
f 96/96/96 672/672/695 98/98/98
s 3
f 586/586/696 588/588/697 673/673/698
f 583/583/699 586/586/696 673/673/698
f 674/674/700 583/583/699 673/673/698
f 674/674/700 101/101/101 583/583/699
f 99/99/99 101/101/101 674/674/700
f 675/675/701 580/580/702 578/578/703
f 675/675/701 578/578/703 577/577/704
f 676/676/705 675/675/701 577/577/704
f 116/116/116 676/676/705 577/577/704
f 114/114/114 676/676/705 116/116/116
s 4
f 579/579/706 581/581/707 677/677/708
f 576/576/709 579/579/706 677/677/708
f 678/678/710 576/576/709 677/677/708
f 118/118/118 576/576/709 678/678/710
f 119/119/119 118/118/118 678/678/710
f 679/679/711 573/573/712 571/571/713
f 570/570/714 679/679/711 571/571/713
f 680/680/715 679/679/711 570/570/714
f 134/134/134 680/680/715 570/570/714
f 132/132/132 680/680/715 134/134/134
s 5
f 681/681/716 572/572/717 574/574/718
f 569/569/719 572/572/717 681/681/716
f 569/569/719 681/681/716 682/682/720
f 136/136/136 569/569/719 682/682/720
f 137/137/137 136/136/136 682/682/720
f 564/564/721 683/683/722 566/566/723
f 563/563/724 683/683/722 564/564/721
f 684/684/725 683/683/722 563/563/724
f 152/152/151 684/684/725 563/563/724
f 150/150/149 684/684/725 152/152/151
s 6
f 685/685/726 565/565/727 567/567/728
f 685/685/726 562/562/729 565/565/727
f 686/686/730 562/562/729 685/685/726
f 154/154/153 562/562/729 686/686/730
f 155/155/154 154/154/153 686/686/730
f 557/557/731 687/687/732 559/559/733
f 556/556/734 687/687/732 557/557/731
f 688/688/735 687/687/732 556/556/734
f 688/688/735 556/556/734 170/170/169
f 168/168/167 688/688/735 170/170/169
s 7
f 689/689/736 558/558/737 560/560/738
f 689/689/736 555/555/739 558/558/737
f 690/690/740 555/555/739 689/689/736
f 172/172/171 555/555/739 690/690/740
f 173/173/172 172/172/171 690/690/740
f 550/550/741 691/691/742 552/552/743
f 549/549/744 691/691/742 550/550/741
f 692/692/745 691/691/742 549/549/744
f 692/692/745 549/549/744 188/188/186
f 186/186/184 692/692/745 188/188/186
s 8
f 693/693/746 551/551/747 553/553/748
f 693/693/746 548/548/749 551/551/747
f 694/694/750 548/548/749 693/693/746
f 694/694/750 191/191/189 548/548/749
f 189/189/187 191/191/189 694/694/750
f 543/543/751 695/695/752 545/545/753
f 695/695/752 543/543/751 542/542/754
f 696/696/755 695/695/752 542/542/754
f 696/696/755 542/542/754 206/206/204
f 204/204/202 696/696/755 206/206/204
s 9
f 697/697/756 544/544/757 546/546/758
f 697/697/756 541/541/759 544/544/757
f 697/697/756 698/698/760 541/541/759
f 698/698/760 209/209/207 541/541/759
f 207/207/205 209/209/207 698/698/760
f 699/699/761 538/538/762 536/536/763
f 699/699/761 536/536/763 535/535/764
f 700/700/765 699/699/761 535/535/764
f 700/700/765 535/535/764 224/224/221
f 222/222/219 700/700/765 224/224/221
s 10
f 701/701/766 537/537/767 539/539/768
f 701/701/766 534/534/769 537/537/767
f 701/701/766 702/702/770 534/534/769
f 702/702/770 227/227/224 534/534/769
f 225/225/222 227/227/224 702/702/770
f 703/703/771 531/531/772 529/529/773
f 703/703/771 529/529/773 528/528/774
f 704/704/775 703/703/771 528/528/774
f 528/528/774 242/242/238 704/704/775
f 704/704/775 242/242/238 240/240/236
s 11
f 705/705/776 530/530/777 532/532/778
f 705/705/776 527/527/779 530/530/777
f 705/705/776 706/706/780 527/527/779
f 527/527/779 706/706/780 243/243/239
f 706/706/780 244/244/240 243/243/239
f 707/707/781 524/524/782 522/522/783
f 707/707/781 522/522/783 521/521/784
f 708/708/785 707/707/781 521/521/784
f 521/521/784 260/260/256 708/708/785
f 708/708/785 260/260/256 258/258/254
s 12
f 709/709/786 523/523/787 525/525/788
f 709/709/786 520/520/789 523/523/787
f 709/709/786 710/710/790 520/520/789
f 710/710/790 261/261/257 520/520/789
f 710/710/790 262/262/258 261/261/257
f 711/711/791 517/517/792 515/515/793
f 711/711/791 515/515/793 514/514/794
f 711/711/791 514/514/794 712/712/795
f 514/514/794 278/278/273 712/712/795
f 712/712/795 278/278/273 276/276/271
s 13
f 713/713/796 516/516/797 518/518/798
f 713/713/796 513/513/799 516/516/797
f 714/714/800 513/513/799 713/713/796
f 714/714/800 279/279/274 513/513/799
f 714/714/800 280/280/275 279/279/274
f 715/715/801 510/510/802 508/508/803
f 715/715/801 508/508/803 507/507/804
f 715/715/801 507/507/804 716/716/805
f 716/716/805 507/507/804 296/296/289
f 294/294/287 716/716/805 296/296/289
s 14
f 717/717/806 509/509/807 511/511/808
f 717/717/806 506/506/809 509/509/807
f 718/718/810 506/506/809 717/717/806
f 718/718/810 297/297/290 506/506/809
f 718/718/810 298/298/291 297/297/290
f 719/719/811 503/503/812 501/501/813
f 719/719/811 501/501/813 500/500/814
f 719/719/811 500/500/814 720/720/815
f 720/720/815 500/500/814 314/314/305
f 312/312/303 720/720/815 314/314/305
s 17
f 721/721/816 502/502/817 504/504/818
f 721/721/816 499/499/819 502/502/817
f 722/722/820 499/499/819 721/721/816
f 722/722/820 498/498/821 499/499/819
f 723/723/822 498/498/821 722/722/820
f 723/723/822 497/497/823 498/498/821
f 724/724/824 497/497/823 723/723/822
f 724/724/824 496/496/825 497/497/823
f 724/724/824 495/495/826 496/496/825
f 725/725/126 495/495/826 724/724/824
f 725/725/126 493/493/827 495/495/826
f 725/725/126 726/726/828 493/493/827
f 493/493/827 726/726/828 475/475/395
f 493/493/827 475/475/395 477/477/396
s 19
f 727/727/829 728/728/830 729/729/831
f 728/728/830 730/730/831 729/729/831
f 730/730/831 731/731/832 729/729/831
f 732/732/833 731/731/832 730/730/831
f 733/733/834 728/728/830 727/727/829
f 733/733/834 727/727/829 734/734/834
f 735/735/835 733/733/834 734/734/834
f 735/735/835 734/734/834 736/736/835
f 735/735/835 736/736/835 737/737/836
f 737/737/836 736/736/835 738/738/836
f 737/737/836 738/738/836 739/739/837
f 739/739/837 738/738/836 740/740/837
f 741/741/838 742/742/839 743/743/839
f 744/744/840 741/741/838 743/743/839
f 744/744/840 740/740/837 741/741/838
f 739/739/837 740/740/837 744/744/840
f 745/745/841 746/746/842 747/747/843
f 745/745/841 747/747/843 748/748/841
f 742/742/839 745/745/841 748/748/841
f 743/743/839 742/742/839 748/748/841
f 732/732/833 749/749/844 731/731/832
f 732/732/833 750/750/844 749/749/844
f 750/750/844 746/746/842 749/749/844
f 747/747/843 746/746/842 750/750/844
s 20
f 751/751/845 752/752/846 753/753/846
f 754/754/845 752/752/846 751/751/845
f 755/755/847 754/754/845 751/751/845
f 756/756/847 754/754/845 755/755/847
f 757/757/848 756/756/847 755/755/847
f 758/758/849 756/756/847 757/757/848
f 759/759/850 758/758/849 757/757/848
f 759/759/850 760/760/850 758/758/849
f 761/761/851 760/760/850 759/759/850
f 761/761/851 762/762/851 760/760/850
f 763/763/852 762/762/851 761/761/851
f 763/763/852 764/764/852 762/762/851
f 765/765/853 764/764/852 763/763/852
f 765/765/853 766/766/853 764/764/852
f 767/767/854 766/766/853 765/765/853
f 767/767/854 768/768/854 766/766/853
f 769/769/855 768/768/854 767/767/854
f 769/769/855 770/770/855 768/768/854
f 752/752/846 771/771/856 753/753/846
f 753/753/846 771/771/856 772/772/856
f 772/772/856 771/771/856 773/773/857
f 772/772/856 773/773/857 774/774/857
f 774/774/857 773/773/857 775/775/858
f 774/774/857 775/775/858 776/776/858
f 776/776/858 775/775/858 777/777/859
f 778/778/859 776/776/858 777/777/859
f 778/778/859 777/777/859 779/779/860
f 778/778/859 779/779/860 780/780/860
f 780/780/860 779/779/860 781/781/861
f 780/780/860 781/781/861 782/782/861
f 782/782/861 781/781/861 783/783/862
f 782/782/861 783/783/862 784/784/862
f 784/784/862 783/783/862 785/785/863
f 784/784/862 785/785/863 786/786/863
f 786/786/863 785/785/863 787/787/864
f 788/788/864 786/786/863 787/787/864
f 788/788/864 787/787/864 789/789/865
f 788/788/864 789/789/865 790/790/865
f 790/790/865 789/789/865 791/791/866
f 790/790/865 791/791/866 792/792/866
f 793/793/867 792/792/866 791/791/866
f 793/793/867 794/794/867 792/792/866
f 795/795/868 794/794/867 793/793/867
f 795/795/868 796/796/868 794/794/867
f 797/797/869 796/796/868 795/795/868
f 797/797/869 798/798/869 796/796/868
f 799/799/870 798/798/869 797/797/869
f 799/799/870 800/800/870 798/798/869
f 801/801/871 800/800/870 799/799/870
f 801/801/871 802/802/871 800/800/870
f 803/803/872 802/802/871 801/801/871
f 804/804/872 802/802/871 803/803/872
f 805/805/873 804/804/872 803/803/872
f 806/806/873 804/804/872 805/805/873
f 807/807/874 806/806/873 805/805/873
f 808/808/874 806/806/873 807/807/874
f 809/809/875 808/808/874 807/807/874
f 810/810/875 808/808/874 809/809/875
f 811/811/876 810/810/875 809/809/875
f 812/812/876 810/810/875 811/811/876
f 812/812/876 811/811/876 813/813/877
f 814/814/877 812/812/876 813/813/877
f 814/814/877 813/813/877 815/815/878
f 814/814/877 815/815/878 816/816/878
f 816/816/878 815/815/878 817/817/879
f 818/818/879 816/816/878 817/817/879
f 818/818/879 817/817/879 819/819/880
f 820/820/880 818/818/879 819/819/880
f 820/820/880 819/819/880 821/821/881
f 820/820/880 821/821/881 822/822/881
f 822/822/881 821/821/881 823/823/882
f 822/822/881 823/823/882 824/824/882
f 824/824/882 823/823/882 825/825/883
f 826/826/883 824/824/882 825/825/883
f 826/826/883 825/825/883 827/827/884
f 826/826/883 827/827/884 828/828/884
f 828/828/884 827/827/884 829/829/885
f 828/828/884 829/829/885 830/830/885
f 830/830/885 829/829/885 770/770/855
f 830/830/885 770/770/855 769/769/855
s 21
f 734/734/886 738/738/886 736/736/886
f 727/727/886 738/738/886 734/734/886
f 727/727/886 729/729/886 738/738/886
f 729/729/886 740/740/886 738/738/886
f 729/729/886 731/731/886 740/740/886
f 731/731/886 749/749/886 740/740/886
f 749/749/886 746/746/886 740/740/886
f 740/740/886 746/746/886 745/745/886
f 740/740/886 745/745/886 742/742/886
f 740/740/886 742/742/886 741/741/886
s 22
f 831/831/886 832/832/886 833/833/886
f 833/833/886 834/834/886 835/835/886
f 833/833/886 832/832/886 834/834/886
f 834/834/886 836/836/886 837/837/886
f 832/832/886 836/836/886 834/834/886
f 832/832/886 838/838/886 836/836/886
s 1
f 2/2/2 316/316/887 3/3/3
f 3/3/3 316/316/887 393/393/888
f 3/3/3 393/393/888 80/80/80
f 80/80/80 393/393/888 391/391/889
f 80/80/80 391/391/889 78/78/78
f 78/78/78 391/391/889 389/389/890
f 78/78/78 389/389/890 76/76/76
f 76/76/76 389/389/890 387/387/891
f 76/76/76 387/387/891 74/74/74
f 74/74/74 387/387/891 385/385/892
f 74/74/74 385/385/892 72/72/72
f 72/72/72 385/385/892 383/383/893
f 72/72/72 383/383/893 70/70/70
f 70/70/70 383/383/893 381/381/894
f 70/70/70 381/381/894 68/68/68
f 68/68/68 381/381/894 379/379/895
f 68/68/68 379/379/895 66/66/66
f 66/66/66 379/379/895 377/377/896
f 66/66/66 377/377/896 64/64/64
f 377/377/896 375/375/897 64/64/64
f 64/64/64 375/375/897 62/62/62
f 375/375/897 373/373/898 62/62/62
f 62/62/62 373/373/898 60/60/60
f 373/373/898 371/371/899 60/60/60
f 60/60/60 371/371/899 58/58/58
f 371/371/899 369/369/900 58/58/58
f 58/58/58 369/369/900 56/56/56
f 369/369/900 367/367/901 56/56/56
f 56/56/56 367/367/901 54/54/54
f 367/367/901 365/365/902 54/54/54
f 54/54/54 365/365/902 52/52/52
f 365/365/902 363/363/903 52/52/52
f 52/52/52 363/363/903 50/50/50
f 363/363/903 361/361/904 50/50/50
f 50/50/50 361/361/904 48/48/48
f 361/361/904 359/359/905 48/48/48
f 48/48/48 359/359/905 46/46/46
f 359/359/905 357/357/906 46/46/46
f 357/357/906 44/44/44 46/46/46
f 355/355/907 44/44/44 357/357/906
f 355/355/907 42/42/42 44/44/44
f 353/353/908 42/42/42 355/355/907
f 353/353/908 40/40/40 42/42/42
f 351/351/909 40/40/40 353/353/908
f 351/351/909 38/38/38 40/40/40
f 349/349/910 38/38/38 351/351/909
f 349/349/910 36/36/36 38/38/38
f 347/347/911 36/36/36 349/349/910
f 347/347/911 34/34/34 36/36/36
f 345/345/912 34/34/34 347/347/911
f 345/345/912 32/32/32 34/34/34
f 343/343/913 32/32/32 345/345/912
f 343/343/913 30/30/30 32/32/32
f 341/341/914 30/30/30 343/343/913
f 341/341/914 28/28/28 30/30/30
f 339/339/915 28/28/28 341/341/914
f 339/339/915 26/26/26 28/28/28
f 337/337/916 26/26/26 339/339/915
f 24/24/24 26/26/26 337/337/916
f 335/335/917 24/24/24 337/337/916
f 22/22/22 24/24/24 335/335/917
f 333/333/918 22/22/22 335/335/917
f 20/20/20 22/22/22 333/333/918
f 331/331/919 20/20/20 333/333/918
f 18/18/18 20/20/20 331/331/919
f 329/329/920 18/18/18 331/331/919
f 16/16/16 18/18/18 329/329/920
f 327/327/921 16/16/16 329/329/920
f 14/14/14 16/16/16 327/327/921
f 325/325/922 14/14/14 327/327/921
f 12/12/12 14/14/14 325/325/922
f 323/323/923 12/12/12 325/325/922
f 10/10/10 12/12/12 323/323/923
f 321/321/924 10/10/10 323/323/923
f 8/8/8 10/10/10 321/321/924
f 319/319/925 8/8/8 321/321/924
f 6/6/6 8/8/8 319/319/925
f 6/6/6 319/319/925 317/317/926
f 2/2/2 6/6/6 317/317/926
f 2/2/2 317/317/926 316/316/887
f 397/397/927 4/4/4 395/395/928
f 395/395/928 4/4/4 79/79/79
f 395/395/928 79/79/79 474/474/929
f 474/474/929 79/79/79 77/77/77
f 474/474/929 77/77/77 472/472/930
f 472/472/930 77/77/77 75/75/75
f 472/472/930 75/75/75 470/470/931
f 470/470/931 75/75/75 73/73/73
f 470/470/931 73/73/73 468/468/932
f 468/468/932 73/73/73 71/71/71
f 468/468/932 71/71/71 466/466/933
f 466/466/933 71/71/71 69/69/69
f 466/466/933 69/69/69 464/464/934
f 464/464/934 69/69/69 67/67/67
f 464/464/934 67/67/67 462/462/935
f 462/462/935 67/67/67 65/65/65
f 462/462/935 65/65/65 460/460/936
f 460/460/936 65/65/65 63/63/63
f 460/460/936 63/63/63 458/458/937
f 63/63/63 61/61/61 458/458/937
f 458/458/937 61/61/61 456/456/938
f 61/61/61 59/59/59 456/456/938
f 456/456/938 59/59/59 454/454/939
f 59/59/59 57/57/57 454/454/939
f 454/454/939 57/57/57 452/452/940
f 57/57/57 55/55/55 452/452/940
f 452/452/940 55/55/55 450/450/941
f 55/55/55 53/53/53 450/450/941
f 450/450/941 53/53/53 448/448/942
f 53/53/53 51/51/51 448/448/942
f 448/448/942 51/51/51 446/446/943
f 51/51/51 49/49/49 446/446/943
f 446/446/943 49/49/49 444/444/944
f 49/49/49 47/47/47 444/444/944
f 444/444/944 47/47/47 442/442/945
f 47/47/47 45/45/45 442/442/945
f 442/442/945 45/45/45 440/440/946
f 45/45/45 43/43/43 440/440/946
f 43/43/43 437/437/947 440/440/946
f 41/41/41 437/437/947 43/43/43
f 41/41/41 435/435/948 437/437/947
f 39/39/39 435/435/948 41/41/41
f 39/39/39 433/433/949 435/435/948
f 37/37/37 433/433/949 39/39/39
f 37/37/37 431/431/950 433/433/949
f 35/35/35 431/431/950 37/37/37
f 35/35/35 429/429/951 431/431/950
f 33/33/33 429/429/951 35/35/35
f 33/33/33 428/428/952 429/429/951
f 31/31/31 428/428/952 33/33/33
f 31/31/31 426/426/953 428/428/952
f 29/29/29 426/426/953 31/31/31
f 29/29/29 424/424/954 426/426/953
f 27/27/27 424/424/954 29/29/29
f 27/27/27 422/422/955 424/424/954
f 25/25/25 422/422/955 27/27/27
f 25/25/25 420/420/956 422/422/955
f 23/23/23 420/420/956 25/25/25
f 418/418/957 420/420/956 23/23/23
f 21/21/21 418/418/957 23/23/23
f 416/416/958 418/418/957 21/21/21
f 19/19/19 416/416/958 21/21/21
f 414/414/959 416/416/958 19/19/19
f 17/17/17 414/414/959 19/19/19
f 412/412/960 414/414/959 17/17/17
f 15/15/15 412/412/960 17/17/17
f 410/410/961 412/412/960 15/15/15
f 13/13/13 410/410/961 15/15/15
f 408/408/962 410/410/961 13/13/13
f 11/11/11 408/408/962 13/13/13
f 406/406/963 408/408/962 11/11/11
f 9/9/9 406/406/963 11/11/11
f 404/404/964 406/406/963 9/9/9
f 7/7/7 404/404/964 9/9/9
f 402/402/965 404/404/964 7/7/7
f 5/5/5 402/402/965 7/7/7
f 400/400/966 402/402/965 5/5/5
f 400/400/966 5/5/5 1/1/1
f 397/397/927 400/400/966 1/1/1
f 397/397/927 1/1/1 4/4/4
s 23
f 839/839/967 760/760/968 762/762/969
f 840/840/970 760/760/968 839/839/967
f 840/840/970 758/758/971 760/760/968
f 840/840/970 841/841/972 758/758/971
f 841/841/972 756/756/973 758/758/971
f 841/841/972 842/842/974 756/756/973
f 842/842/974 754/754/975 756/756/973
f 842/842/974 843/843/976 754/754/975
f 843/843/976 752/752/977 754/754/975
f 843/843/976 844/844/978 752/752/977
f 844/844/978 771/771/979 752/752/977
f 844/844/978 845/845/980 771/771/979
f 845/845/980 773/773/981 771/771/979
f 845/845/980 846/846/982 773/773/981
f 846/846/982 775/775/983 773/773/981
f 846/846/982 847/847/984 775/775/983
f 847/847/984 777/777/985 775/775/983
f 847/847/984 848/848/986 777/777/985
f 848/848/986 779/779/987 777/777/985
f 848/848/986 849/849/988 779/779/987
f 849/849/988 781/781/989 779/779/987
f 849/849/988 850/850/990 781/781/989
f 850/850/990 783/783/991 781/781/989
f 850/850/990 851/851/992 783/783/991
f 783/783/991 851/851/992 785/785/993
f 851/851/992 852/852/994 785/785/993
f 785/785/993 852/852/994 787/787/995
f 852/852/994 853/853/996 787/787/995
f 787/787/995 853/853/996 789/789/997
f 853/853/996 854/854/998 789/789/997
f 789/789/997 854/854/998 791/791/999
f 854/854/998 855/855/1000 791/791/999
f 791/791/999 855/855/1000 793/793/1001
f 855/855/1000 856/856/1002 793/793/1001
f 793/793/1001 856/856/1002 795/795/1003
f 856/856/1002 857/857/1004 795/795/1003
f 795/795/1003 857/857/1004 797/797/1005
f 857/857/1004 858/858/1006 797/797/1005
f 797/797/1005 858/858/1006 799/799/1007
f 799/799/1007 858/858/1006 859/859/1008
f 799/799/1007 859/859/1008 801/801/1009
f 801/801/1009 859/859/1008 860/860/1010
f 803/803/1011 801/801/1009 860/860/1010
f 803/803/1011 860/860/1010 861/861/1012
f 805/805/1013 803/803/1011 861/861/1012
f 805/805/1013 861/861/1012 862/862/1014
f 807/807/1015 805/805/1013 862/862/1014
f 807/807/1015 862/862/1014 863/863/1016
f 809/809/1017 807/807/1015 863/863/1016
f 809/809/1017 863/863/1016 864/864/1018
f 811/811/1019 809/809/1017 864/864/1018
f 811/811/1019 864/864/1018 865/865/1020
f 813/813/1021 811/811/1019 865/865/1020
f 813/813/1021 865/865/1020 866/866/1022
f 815/815/1023 813/813/1021 866/866/1022
f 815/815/1023 866/866/1022 867/867/1024
f 817/817/1025 815/815/1023 867/867/1024
f 817/817/1025 867/867/1024 868/868/1026
f 819/819/1027 817/817/1025 868/868/1026
f 819/819/1027 868/868/1026 869/869/1028
f 821/821/1029 819/819/1027 869/869/1028
f 821/821/1029 869/869/1028 870/870/1030
f 823/823/1031 821/821/1029 870/870/1030
f 871/871/1032 823/823/1031 870/870/1030
f 825/825/1033 823/823/1031 871/871/1032
f 872/872/1034 825/825/1033 871/871/1032
f 827/827/1035 825/825/1033 872/872/1034
f 873/873/1036 827/827/1035 872/872/1034
f 829/829/1037 827/827/1035 873/873/1036
f 874/874/1038 829/829/1037 873/873/1036
f 770/770/1039 829/829/1037 874/874/1038
f 875/875/1040 770/770/1039 874/874/1038
f 768/768/1041 770/770/1039 875/875/1040
f 876/876/1042 768/768/1041 875/875/1040
f 766/766/1043 768/768/1041 876/876/1042
f 877/877/1044 766/766/1043 876/876/1042
f 764/764/1045 766/766/1043 877/877/1044
f 878/878/1046 764/764/1045 877/877/1044
f 878/878/1046 762/762/969 764/764/1045
f 839/839/967 762/762/969 878/878/1046
f 839/839/967 878/878/1046 394/394/1047
f 315/315/1048 839/839/967 394/394/1047
f 394/394/1047 878/878/1046 392/392/1049
f 878/878/1046 877/877/1044 392/392/1049
f 392/392/1049 877/877/1044 390/390/1050
f 877/877/1044 876/876/1042 390/390/1050
f 390/390/1050 876/876/1042 388/388/1051
f 876/876/1042 875/875/1040 388/388/1051
f 388/388/1051 875/875/1040 386/386/1052
f 875/875/1040 874/874/1038 386/386/1052
f 386/386/1052 874/874/1038 384/384/1053
f 874/874/1038 873/873/1036 384/384/1053
f 384/384/1053 873/873/1036 382/382/1054
f 873/873/1036 872/872/1034 382/382/1054
f 382/382/1054 872/872/1034 380/380/1055
f 872/872/1034 871/871/1032 380/380/1055
f 380/380/1055 871/871/1032 378/378/1056
f 871/871/1032 870/870/1030 378/378/1056
f 870/870/1030 376/376/1057 378/378/1056
f 870/870/1030 869/869/1028 376/376/1057
f 869/869/1028 374/374/1058 376/376/1057
f 869/869/1028 868/868/1026 374/374/1058
f 868/868/1026 372/372/1059 374/374/1058
f 868/868/1026 867/867/1024 372/372/1059
f 867/867/1024 370/370/1060 372/372/1059
f 867/867/1024 866/866/1022 370/370/1060
f 866/866/1022 368/368/1061 370/370/1060
f 866/866/1022 865/865/1020 368/368/1061
f 865/865/1020 366/366/1062 368/368/1061
f 865/865/1020 864/864/1018 366/366/1062
f 864/864/1018 364/364/1063 366/366/1062
f 864/864/1018 863/863/1016 364/364/1063
f 863/863/1016 362/362/1064 364/364/1063
f 863/863/1016 862/862/1014 362/362/1064
f 862/862/1014 360/360/1065 362/362/1064
f 862/862/1014 861/861/1012 360/360/1065
f 861/861/1012 358/358/1066 360/360/1065
f 861/861/1012 860/860/1010 358/358/1066
f 860/860/1010 356/356/1067 358/358/1066
f 859/859/1008 356/356/1067 860/860/1010
f 354/354/1068 356/356/1067 859/859/1008
f 858/858/1006 354/354/1068 859/859/1008
f 352/352/1069 354/354/1068 858/858/1006
f 857/857/1004 352/352/1069 858/858/1006
f 350/350/1070 352/352/1069 857/857/1004
f 856/856/1002 350/350/1070 857/857/1004
f 348/348/1071 350/350/1070 856/856/1002
f 855/855/1000 348/348/1071 856/856/1002
f 346/346/1072 348/348/1071 855/855/1000
f 854/854/998 346/346/1072 855/855/1000
f 344/344/1073 346/346/1072 854/854/998
f 853/853/996 344/344/1073 854/854/998
f 342/342/1074 344/344/1073 853/853/996
f 852/852/994 342/342/1074 853/853/996
f 340/340/1075 342/342/1074 852/852/994
f 851/851/992 340/340/1075 852/852/994
f 338/338/1076 340/340/1075 851/851/992
f 338/338/1076 851/851/992 850/850/990
f 336/336/1077 338/338/1076 850/850/990
f 336/336/1077 850/850/990 849/849/988
f 334/334/1078 336/336/1077 849/849/988
f 334/334/1078 849/849/988 848/848/986
f 332/332/1079 334/334/1078 848/848/986
f 332/332/1079 848/848/986 847/847/984
f 330/330/1080 332/332/1079 847/847/984
f 330/330/1080 847/847/984 846/846/982
f 328/328/1081 330/330/1080 846/846/982
f 328/328/1081 846/846/982 845/845/980
f 326/326/1082 328/328/1081 845/845/980
f 326/326/1082 845/845/980 844/844/978
f 324/324/1083 326/326/1082 844/844/978
f 324/324/1083 844/844/978 843/843/976
f 322/322/1084 324/324/1083 843/843/976
f 322/322/1084 843/843/976 842/842/974
f 320/320/1085 322/322/1084 842/842/974
f 320/320/1085 842/842/974 841/841/972
f 318/318/1086 320/320/1085 841/841/972
f 318/318/1086 841/841/972 840/840/970
f 318/318/1086 840/840/970 315/315/1048
f 315/315/1048 840/840/970 839/839/967
s 24
g wheel_rf_001_dbl_wheel_rf_002.003
usemtl dbl_wheel_rf_002.003
f 879/879/1087 880/880/1088 881/881/1089
f 880/880/1088 882/882/1090 881/881/1089
f 882/882/1090 883/883/1091 881/881/1089
f 882/882/1090 884/884/1092 883/883/1091
f 884/884/1092 885/885/1093 883/883/1091
f 885/885/1093 886/886/1094 883/883/1091
f 885/885/1093 887/887/1095 886/886/1094
f 887/887/1095 888/888/1096 886/886/1094
f 888/888/1096 889/889/1097 886/886/1094
f 888/888/1096 890/890/1098 889/889/1097
f 890/890/1098 891/891/1099 889/889/1097
f 891/891/1099 892/892/1100 889/889/1097
f 891/891/1099 893/893/1101 892/892/1100
f 893/893/1101 894/894/1102 892/892/1100
f 892/892/1100 894/894/1102 895/895/1103
f 894/894/1102 896/896/1104 895/895/1103
f 895/895/1103 896/896/1104 897/897/1105
f 895/895/1103 897/897/1105 898/898/1106
f 897/897/1105 899/899/1107 898/898/1106
f 898/898/1106 899/899/1107 900/900/1108
f 898/898/1106 900/900/1108 901/901/1109
f 901/901/1109 900/900/1108 902/902/1110
f 901/901/1109 902/902/1110 903/903/1111
f 901/901/1109 903/903/1111 904/904/1112
f 904/904/1112 903/903/1111 905/905/1113
f 904/904/1112 905/905/1113 906/906/1114
f 904/904/1112 906/906/1114 907/907/1115
f 907/907/1115 906/906/1114 908/908/1116
f 907/907/1115 908/908/1116 909/909/1117
f 910/910/1118 907/907/1115 909/909/1117
f 910/910/1118 909/909/1117 911/911/1119
f 910/910/1118 911/911/1119 912/912/1120
f 913/913/1121 910/910/1118 912/912/1120
f 913/913/1121 912/912/1120 914/914/1122
f 913/913/1121 914/914/1122 915/915/1123
f 916/916/1124 913/913/1121 915/915/1123
f 916/916/1124 915/915/1123 917/917/1125
f 916/916/1124 917/917/1125 918/918/1126
f 919/919/1127 916/916/1124 918/918/1126
f 919/919/1127 918/918/1126 920/920/1128
f 919/919/1127 920/920/1128 921/921/1129
f 922/922/1130 919/919/1127 921/921/1129
f 922/922/1130 921/921/1129 923/923/1131
f 924/924/1132 922/922/1130 923/923/1131
f 925/925/1133 922/922/1130 924/924/1132
f 926/926/1134 925/925/1133 924/924/1132
f 927/927/1135 925/925/1133 926/926/1134
f 928/928/1136 925/925/1133 927/927/1135
f 929/929/1137 928/928/1136 927/927/1135
f 930/930/1138 928/928/1136 929/929/1137
f 930/930/1138 931/931/1139 928/928/1136
f 932/932/1140 931/931/1139 930/930/1138
f 933/933/1141 931/931/1139 932/932/1140
f 933/933/1141 934/934/1142 931/931/1139
f 935/935/1143 934/934/1142 933/933/1141
f 936/936/1144 934/934/1142 935/935/1143
f 936/936/1144 937/937/1145 934/934/1142
f 938/938/1146 937/937/1145 936/936/1144
f 938/938/1146 879/879/1087 937/937/1145
f 879/879/1087 881/881/1089 937/937/1145
f 939/939/1147 940/940/1148 880/880/1088
f 941/941/1149 939/939/1147 880/880/1088
f 941/941/1149 880/880/1088 879/879/1087
f 941/941/1149 879/879/1087 938/938/1146
f 942/942/1150 941/941/1149 938/938/1146
f 942/942/1150 938/938/1146 936/936/1144
f 942/942/1150 936/936/1144 943/943/1151
f 943/943/1151 936/936/1144 935/935/1143
f 943/943/1151 935/935/1143 944/944/1152
f 944/944/1152 935/935/1143 933/933/1141
f 944/944/1152 933/933/1141 945/945/1153
f 945/945/1153 933/933/1141 932/932/1140
f 945/945/1153 932/932/1140 946/946/1154
f 946/946/1154 932/932/1140 930/930/1138
f 946/946/1154 930/930/1138 947/947/1155
f 947/947/1155 930/930/1138 929/929/1137
f 947/947/1155 929/929/1137 948/948/1156
f 948/948/1156 929/929/1137 927/927/1135
f 948/948/1156 927/927/1135 949/949/1157
f 949/949/1157 927/927/1135 926/926/1134
f 949/949/1157 926/926/1134 950/950/1158
f 950/950/1158 926/926/1134 924/924/1132
f 950/950/1158 924/924/1132 951/951/1159
f 951/951/1159 924/924/1132 923/923/1131
f 951/951/1159 923/923/1131 952/952/1160
f 923/923/1131 921/921/1129 952/952/1160
f 952/952/1160 921/921/1129 953/953/1161
f 921/921/1129 920/920/1128 953/953/1161
f 953/953/1161 920/920/1128 954/954/1162
f 920/920/1128 918/918/1126 954/954/1162
f 954/954/1162 918/918/1126 955/955/1163
f 918/918/1126 917/917/1125 955/955/1163
f 955/955/1163 917/917/1125 956/956/1164
f 917/917/1125 915/915/1123 956/956/1164
f 956/956/1164 915/915/1123 957/957/1165
f 915/915/1123 914/914/1122 957/957/1165
f 957/957/1165 914/914/1122 958/958/1166
f 914/914/1122 912/912/1120 958/958/1166
f 958/958/1166 912/912/1120 959/959/1167
f 912/912/1120 911/911/1119 959/959/1167
f 959/959/1167 911/911/1119 960/960/1168
f 911/911/1119 909/909/1117 960/960/1168
f 909/909/1117 961/961/1169 960/960/1168
f 909/909/1117 908/908/1116 961/961/1169
f 908/908/1116 962/962/1170 961/961/1169
f 906/906/1114 962/962/1170 908/908/1116
f 906/906/1114 963/963/1171 962/962/1170
f 905/905/1113 963/963/1171 906/906/1114
f 905/905/1113 964/964/1172 963/963/1171
f 903/903/1111 964/964/1172 905/905/1113
f 903/903/1111 965/965/1173 964/964/1172
f 902/902/1110 965/965/1173 903/903/1111
f 902/902/1110 966/966/1174 965/965/1173
f 900/900/1108 966/966/1174 902/902/1110
f 900/900/1108 967/967/1175 966/966/1174
f 899/899/1107 967/967/1175 900/900/1108
f 899/899/1107 968/968/1176 967/967/1175
f 897/897/1105 968/968/1176 899/899/1107
f 897/897/1105 969/969/1177 968/968/1176
f 896/896/1104 969/969/1177 897/897/1105
f 896/896/1104 970/970/1178 969/969/1177
f 894/894/1102 970/970/1178 896/896/1104
f 894/894/1102 971/971/1179 970/970/1178
f 893/893/1101 971/971/1179 894/894/1102
f 893/893/1101 972/972/1180 971/971/1179
f 891/891/1099 972/972/1180 893/893/1101
f 973/973/1181 972/972/1180 891/891/1099
f 890/890/1098 973/973/1181 891/891/1099
f 974/974/1182 973/973/1181 890/890/1098
f 888/888/1096 974/974/1182 890/890/1098
f 975/975/1183 974/974/1182 888/888/1096
f 887/887/1095 975/975/1183 888/888/1096
f 976/976/1184 975/975/1183 887/887/1095
f 885/885/1093 976/976/1184 887/887/1095
f 977/977/1185 976/976/1184 885/885/1093
f 884/884/1092 977/977/1185 885/885/1093
f 978/978/1186 977/977/1185 884/884/1092
f 882/882/1090 978/978/1186 884/884/1092
f 940/940/1148 978/978/1186 882/882/1090
f 880/880/1088 940/940/1148 882/882/1090
f 979/979/1187 980/980/1188 981/981/1189
f 981/981/1189 980/980/1188 982/982/1190
f 980/980/1188 983/983/1191 982/982/1190
f 982/982/1190 983/983/1191 984/984/1192
f 984/984/1192 983/983/1191 985/985/1193
f 984/984/1192 985/985/1193 986/986/1194
f 986/986/1194 985/985/1193 987/987/1195
f 986/986/1194 987/987/1195 988/988/1196
f 988/988/1196 987/987/1195 989/989/1197
f 988/988/1196 989/989/1197 990/990/1198
f 990/990/1198 989/989/1197 991/991/1199
f 990/990/1198 991/991/1199 992/992/1200
f 991/991/1199 993/993/1201 992/992/1200
f 992/992/1200 993/993/1201 994/994/1202
f 993/993/1201 995/995/1203 994/994/1202
f 994/994/1202 995/995/1203 996/996/1204
f 997/997/1205 996/996/1204 995/995/1203
f 997/997/1205 998/998/1206 996/996/1204
f 999/999/1207 998/998/1206 997/997/1205
f 999/999/1207 1000/1000/1208 998/998/1206
f 1001/1001/1209 1000/1000/1208 999/999/1207
f 1001/1001/1209 1002/1002/1210 1000/1000/1208
f 1003/1003/1211 1002/1002/1210 1001/1001/1209
f 1003/1003/1211 1004/1004/1212 1002/1002/1210
f 1005/1005/1213 1004/1004/1212 1003/1003/1211
f 1005/1005/1213 1006/1006/1214 1004/1004/1212
f 1007/1007/1215 1006/1006/1214 1005/1005/1213
f 1007/1007/1215 1008/1008/1216 1006/1006/1214
f 1009/1009/1217 1008/1008/1216 1007/1007/1215
f 1009/1009/1217 1010/1010/1218 1008/1008/1216
f 1011/1011/1219 1010/1010/1218 1009/1009/1217
f 1011/1011/1219 1012/1012/1220 1010/1010/1218
f 1013/1013/1221 1012/1012/1220 1011/1011/1219
f 1013/1013/1221 1014/1014/1222 1012/1012/1220
f 1015/1015/1223 1014/1014/1222 1013/1013/1221
f 1016/1016/1224 1014/1014/1222 1015/1015/1223
f 1017/1017/1225 1016/1016/1224 1015/1015/1223
f 1018/1018/1226 1016/1016/1224 1017/1017/1225
f 1019/1019/1227 1018/1018/1226 1017/1017/1225
f 1020/1020/1228 1018/1018/1226 1019/1019/1227
f 1021/1021/1229 1020/1020/1228 1019/1019/1227
f 1022/1022/1230 1020/1020/1228 1021/1021/1229
f 1023/1023/1231 1022/1022/1230 1021/1021/1229
f 1024/1024/1232 1022/1022/1230 1023/1023/1231
f 1025/1025/1233 1024/1024/1232 1023/1023/1231
f 1025/1025/1233 1026/1026/1234 1024/1024/1232
f 1027/1027/1235 1026/1026/1234 1025/1025/1233
f 1027/1027/1235 1028/1028/1236 1026/1026/1234
f 1029/1029/1237 1028/1028/1236 1027/1027/1235
f 1029/1029/1237 1030/1030/1238 1028/1028/1236
f 1031/1031/1239 1030/1030/1238 1029/1029/1237
f 1031/1031/1239 1032/1032/1240 1030/1030/1238
f 1033/1033/1241 1032/1032/1240 1031/1031/1239
f 1034/1034/1242 1032/1032/1240 1033/1033/1241
f 1033/1033/1241 1035/1035/1243 1034/1034/1242
f 1036/1036/1244 1034/1034/1242 1035/1035/1243
f 1035/1035/1243 1037/1037/1245 1036/1036/1244
f 1037/1037/1245 1038/1038/1246 1036/1036/1244
f 1037/1037/1245 1039/1039/1247 1038/1038/1246
f 1039/1039/1247 1040/1040/1248 1038/1038/1246
f 1039/1039/1247 1041/1041/1249 1040/1040/1248
f 1041/1041/1249 1042/1042/1250 1040/1040/1248
f 1041/1041/1249 1043/1043/1251 1042/1042/1250
f 1043/1043/1251 1044/1044/1252 1042/1042/1250
f 1043/1043/1251 1045/1045/1253 1044/1044/1252
f 1045/1045/1253 1046/1046/1254 1044/1044/1252
f 1045/1045/1253 1047/1047/1255 1046/1046/1254
f 1047/1047/1255 1048/1048/1256 1046/1046/1254
f 1047/1047/1255 1049/1049/1257 1048/1048/1256
f 1049/1049/1257 1050/1050/1258 1048/1048/1256
f 1049/1049/1257 1051/1051/1259 1050/1050/1258
f 1051/1051/1259 1052/1052/1260 1050/1050/1258
f 1053/1053/1261 1052/1052/1260 1051/1051/1259
f 1053/1053/1261 1054/1054/1262 1052/1052/1260
f 1055/1055/1263 1054/1054/1262 1053/1053/1261
f 1055/1055/1263 1056/1056/1264 1054/1054/1262
f 1057/1057/1265 1056/1056/1264 1055/1055/1263
f 1057/1057/1265 1058/1058/1266 1056/1056/1264
f 1057/1057/1265 979/979/1187 1058/1058/1266
f 1058/1058/1266 979/979/1187 981/981/1189
f 981/981/1189 1059/1059/1267 1058/1058/1266
f 981/981/1189 1060/1060/1268 1059/1059/1267
f 982/982/1190 1060/1060/1268 981/981/1189
f 982/982/1190 1061/1061/1269 1060/1060/1268
f 984/984/1192 1061/1061/1269 982/982/1190
f 984/984/1192 1062/1062/1270 1061/1061/1269
f 984/984/1192 986/986/1194 1062/1062/1270
f 986/986/1194 1063/1063/1271 1062/1062/1270
f 986/986/1194 988/988/1196 1063/1063/1271
f 988/988/1196 1064/1064/1272 1063/1063/1271
f 988/988/1196 990/990/1198 1064/1064/1272
f 1064/1064/1272 990/990/1198 1065/1065/1273
f 990/990/1198 992/992/1200 1065/1065/1273
f 1065/1065/1273 992/992/1200 1066/1066/1274
f 992/992/1200 994/994/1202 1066/1066/1274
f 1066/1066/1274 994/994/1202 1067/1067/1275
f 994/994/1202 996/996/1204 1067/1067/1275
f 1067/1067/1275 996/996/1204 1068/1068/1276
f 996/996/1204 998/998/1206 1068/1068/1276
f 1068/1068/1276 998/998/1206 1069/1069/1277
f 998/998/1206 1000/1000/1208 1069/1069/1277
f 1069/1069/1277 1000/1000/1208 1070/1070/1278
f 1000/1000/1208 1002/1002/1210 1070/1070/1278
f 1070/1070/1278 1002/1002/1210 1071/1071/1279
f 1002/1002/1210 1004/1004/1212 1071/1071/1279
f 1071/1071/1279 1004/1004/1212 1072/1072/1280
f 1072/1072/1280 1004/1004/1212 1006/1006/1214
f 1072/1072/1280 1006/1006/1214 1073/1073/1281
f 1073/1073/1281 1006/1006/1214 1008/1008/1216
f 1073/1073/1281 1008/1008/1216 1074/1074/1282
f 1074/1074/1282 1008/1008/1216 1010/1010/1218
f 1074/1074/1282 1010/1010/1218 1075/1075/1283
f 1075/1075/1283 1010/1010/1218 1012/1012/1220
f 1075/1075/1283 1012/1012/1220 1076/1076/1284
f 1076/1076/1284 1012/1012/1220 1014/1014/1222
f 1076/1076/1284 1014/1014/1222 1077/1077/1285
f 1077/1077/1285 1014/1014/1222 1016/1016/1224
f 1077/1077/1285 1016/1016/1224 1078/1078/1286
f 1078/1078/1286 1016/1016/1224 1018/1018/1226
f 1078/1078/1286 1018/1018/1226 1079/1079/1287
f 1079/1079/1287 1018/1018/1226 1020/1020/1228
f 1079/1079/1287 1020/1020/1228 1080/1080/1288
f 1080/1080/1288 1020/1020/1228 1022/1022/1230
f 1080/1080/1288 1022/1022/1230 1081/1081/1289
f 1081/1081/1289 1022/1022/1230 1024/1024/1232
f 1081/1081/1289 1024/1024/1232 1082/1082/1290
f 1082/1082/1290 1024/1024/1232 1026/1026/1234
f 1083/1083/1291 1082/1082/1290 1026/1026/1234
f 1083/1083/1291 1026/1026/1234 1028/1028/1236
f 1084/1084/1292 1083/1083/1291 1028/1028/1236
f 1030/1030/1238 1084/1084/1292 1028/1028/1236
f 1085/1085/1293 1084/1084/1292 1030/1030/1238
f 1032/1032/1240 1085/1085/1293 1030/1030/1238
f 1086/1086/1294 1085/1085/1293 1032/1032/1240
f 1034/1034/1242 1086/1086/1294 1032/1032/1240
f 1087/1087/1295 1086/1086/1294 1034/1034/1242
f 1036/1036/1244 1087/1087/1295 1034/1034/1242
f 1088/1088/1296 1087/1087/1295 1036/1036/1244
f 1038/1038/1246 1088/1088/1296 1036/1036/1244
f 1089/1089/1297 1088/1088/1296 1038/1038/1246
f 1040/1040/1248 1089/1089/1297 1038/1038/1246
f 1090/1090/1298 1089/1089/1297 1040/1040/1248
f 1042/1042/1250 1090/1090/1298 1040/1040/1248
f 1091/1091/1299 1090/1090/1298 1042/1042/1250
f 1044/1044/1252 1091/1091/1299 1042/1042/1250
f 1044/1044/1252 1092/1092/1300 1091/1091/1299
f 1046/1046/1254 1092/1092/1300 1044/1044/1252
f 1046/1046/1254 1093/1093/1301 1092/1092/1300
f 1048/1048/1256 1093/1093/1301 1046/1046/1254
f 1048/1048/1256 1094/1094/1302 1093/1093/1301
f 1050/1050/1258 1094/1094/1302 1048/1048/1256
f 1050/1050/1258 1095/1095/1303 1094/1094/1302
f 1052/1052/1260 1095/1095/1303 1050/1050/1258
f 1052/1052/1260 1096/1096/1304 1095/1095/1303
f 1054/1054/1262 1096/1096/1304 1052/1052/1260
f 1054/1054/1262 1097/1097/1305 1096/1096/1304
f 1056/1056/1264 1097/1097/1305 1054/1054/1262
f 1056/1056/1264 1098/1098/1306 1097/1097/1305
f 1058/1058/1266 1098/1098/1306 1056/1056/1264
f 1058/1058/1266 1059/1059/1267 1098/1098/1306
f 1059/1059/1267 1099/1099/1307 1098/1098/1306
f 1059/1059/1267 1100/1100/1308 1099/1099/1307
f 1060/1060/1268 1100/1100/1308 1059/1059/1267
f 1060/1060/1268 1101/1101/1309 1100/1100/1308
f 1061/1061/1269 1101/1101/1309 1060/1060/1268
f 1061/1061/1269 1102/1102/1310 1101/1101/1309
f 1062/1062/1270 1102/1102/1310 1061/1061/1269
f 1062/1062/1270 1103/1103/1311 1102/1102/1310
f 1062/1062/1270 1063/1063/1271 1103/1103/1311
f 1063/1063/1271 1104/1104/1312 1103/1103/1311
f 1063/1063/1271 1064/1064/1272 1104/1104/1312
f 1064/1064/1272 1105/1105/1313 1104/1104/1312
f 1064/1064/1272 1065/1065/1273 1105/1105/1313
f 1065/1065/1273 1106/1106/1314 1105/1105/1313
f 1065/1065/1273 1066/1066/1274 1106/1106/1314
f 1066/1066/1274 1107/1107/1315 1106/1106/1314
f 1066/1066/1274 1067/1067/1275 1107/1107/1315
f 1107/1107/1315 1067/1067/1275 1108/1108/1316
f 1067/1067/1275 1068/1068/1276 1108/1108/1316
f 1108/1108/1316 1068/1068/1276 1109/1109/1317
f 1068/1068/1276 1069/1069/1277 1109/1109/1317
f 1109/1109/1317 1069/1069/1277 1110/1110/1318
f 1069/1069/1277 1070/1070/1278 1110/1110/1318
f 1110/1110/1318 1070/1070/1278 1111/1111/1319
f 1070/1070/1278 1071/1071/1279 1111/1111/1319
f 1111/1111/1319 1071/1071/1279 1112/1112/1320
f 1071/1071/1279 1072/1072/1280 1112/1112/1320
f 1112/1112/1320 1072/1072/1280 1113/1113/1321
f 1113/1113/1321 1072/1072/1280 1073/1073/1281
f 1113/1113/1321 1073/1073/1281 1114/1114/1322
f 1114/1114/1322 1073/1073/1281 1074/1074/1282
f 1114/1114/1322 1074/1074/1282 1115/1115/1323
f 1115/1115/1323 1074/1074/1282 1075/1075/1283
f 1115/1115/1323 1075/1075/1283 1116/1116/1324
f 1116/1116/1324 1075/1075/1283 1076/1076/1284
f 1116/1116/1324 1076/1076/1284 1117/1117/1325
f 1117/1117/1325 1076/1076/1284 1077/1077/1285
f 1117/1117/1325 1077/1077/1285 1118/1118/1326
f 1118/1118/1326 1077/1077/1285 1078/1078/1286
f 1118/1118/1326 1078/1078/1286 1119/1119/1327
f 1119/1119/1327 1078/1078/1286 1079/1079/1287
f 1119/1119/1327 1079/1079/1287 1120/1120/1328
f 1120/1120/1328 1079/1079/1287 1080/1080/1288
f 1120/1120/1328 1080/1080/1288 1121/1121/1329
f 1121/1121/1329 1080/1080/1288 1081/1081/1289
f 1121/1121/1329 1081/1081/1289 1122/1122/1330
f 1122/1122/1330 1081/1081/1289 1082/1082/1290
f 1122/1122/1330 1082/1082/1290 1123/1123/1331
f 1123/1123/1331 1082/1082/1290 1083/1083/1291
f 1124/1124/1332 1123/1123/1331 1083/1083/1291
f 1124/1124/1332 1083/1083/1291 1084/1084/1292
f 1125/1125/1333 1124/1124/1332 1084/1084/1292
f 1125/1125/1333 1084/1084/1292 1085/1085/1293
f 1126/1126/1334 1125/1125/1333 1085/1085/1293
f 1126/1126/1334 1085/1085/1293 1086/1086/1294
f 1127/1127/1335 1126/1126/1334 1086/1086/1294
f 1087/1087/1295 1127/1127/1335 1086/1086/1294
f 1128/1128/1336 1127/1127/1335 1087/1087/1295
f 1088/1088/1296 1128/1128/1336 1087/1087/1295
f 1129/1129/1337 1128/1128/1336 1088/1088/1296
f 1089/1089/1297 1129/1129/1337 1088/1088/1296
f 1130/1130/1338 1129/1129/1337 1089/1089/1297
f 1090/1090/1298 1130/1130/1338 1089/1089/1297
f 1131/1131/1339 1130/1130/1338 1090/1090/1298
f 1091/1091/1299 1131/1131/1339 1090/1090/1298
f 1132/1132/1340 1131/1131/1339 1091/1091/1299
f 1092/1092/1300 1132/1132/1340 1091/1091/1299
f 1092/1092/1300 1133/1133/1341 1132/1132/1340
f 1093/1093/1301 1133/1133/1341 1092/1092/1300
f 1093/1093/1301 1134/1134/1342 1133/1133/1341
f 1094/1094/1302 1134/1134/1342 1093/1093/1301
f 1094/1094/1302 1135/1135/1343 1134/1134/1342
f 1095/1095/1303 1135/1135/1343 1094/1094/1302
f 1095/1095/1303 1136/1136/1344 1135/1135/1343
f 1096/1096/1304 1136/1136/1344 1095/1095/1303
f 1096/1096/1304 1137/1137/1345 1136/1136/1344
f 1097/1097/1305 1137/1137/1345 1096/1096/1304
f 1097/1097/1305 1138/1138/1346 1137/1137/1345
f 1098/1098/1306 1138/1138/1346 1097/1097/1305
f 1098/1098/1306 1099/1099/1307 1138/1138/1346
f 1099/1099/1307 1139/1139/1347 1138/1138/1346
f 1099/1099/1307 1140/1140/1348 1139/1139/1347
f 1138/1138/1346 1139/1139/1347 1141/1141/1349
f 1138/1138/1346 1141/1141/1349 1137/1137/1345
f 1137/1137/1345 1141/1141/1349 1142/1142/1350
f 1137/1137/1345 1142/1142/1350 1136/1136/1344
f 1136/1136/1344 1142/1142/1350 1143/1143/1351
f 1136/1136/1344 1143/1143/1351 1135/1135/1343
f 1135/1135/1343 1143/1143/1351 1144/1144/1352
f 1135/1135/1343 1144/1144/1352 1134/1134/1342
f 1134/1134/1342 1144/1144/1352 1145/1145/1353
f 1134/1134/1342 1145/1145/1353 1133/1133/1341
f 1133/1133/1341 1145/1145/1353 1146/1146/1354
f 1133/1133/1341 1146/1146/1354 1132/1132/1340
f 1146/1146/1354 1147/1147/1355 1132/1132/1340
f 1132/1132/1340 1147/1147/1355 1131/1131/1339
f 1147/1147/1355 1148/1148/1356 1131/1131/1339
f 1131/1131/1339 1148/1148/1356 1130/1130/1338
f 1148/1148/1356 1149/1149/1357 1130/1130/1338
f 1130/1130/1338 1149/1149/1357 1129/1129/1337
f 1149/1149/1357 1150/1150/1358 1129/1129/1337
f 1129/1129/1337 1150/1150/1358 1128/1128/1336
f 1150/1150/1358 1151/1151/1359 1128/1128/1336
f 1128/1128/1336 1151/1151/1359 1127/1127/1335
f 1151/1151/1359 1152/1152/1360 1127/1127/1335
f 1152/1152/1360 1126/1126/1334 1127/1127/1335
f 1152/1152/1360 1153/1153/1361 1126/1126/1334
f 1153/1153/1361 1125/1125/1333 1126/1126/1334
f 1153/1153/1361 1154/1154/1362 1125/1125/1333
f 1154/1154/1362 1124/1124/1332 1125/1125/1333
f 1154/1154/1362 1155/1155/1363 1124/1124/1332
f 1155/1155/1363 1123/1123/1331 1124/1124/1332
f 1156/1156/1364 1123/1123/1331 1155/1155/1363
f 1156/1156/1364 1122/1122/1330 1123/1123/1331
f 1157/1157/1365 1122/1122/1330 1156/1156/1364
f 1157/1157/1365 1121/1121/1329 1122/1122/1330
f 1158/1158/1366 1121/1121/1329 1157/1157/1365
f 1158/1158/1366 1120/1120/1328 1121/1121/1329
f 1159/1159/1367 1120/1120/1328 1158/1158/1366
f 1159/1159/1367 1119/1119/1327 1120/1120/1328
f 1160/1160/1368 1119/1119/1327 1159/1159/1367
f 1160/1160/1368 1118/1118/1326 1119/1119/1327
f 1161/1161/1369 1118/1118/1326 1160/1160/1368
f 1161/1161/1369 1117/1117/1325 1118/1118/1326
f 1162/1162/1370 1117/1117/1325 1161/1161/1369
f 1162/1162/1370 1116/1116/1324 1117/1117/1325
f 1163/1163/1371 1116/1116/1324 1162/1162/1370
f 1163/1163/1371 1115/1115/1323 1116/1116/1324
f 1164/1164/1372 1115/1115/1323 1163/1163/1371
f 1164/1164/1372 1114/1114/1322 1115/1115/1323
f 1165/1165/1373 1114/1114/1322 1164/1164/1372
f 1165/1165/1373 1113/1113/1321 1114/1114/1322
f 1166/1166/1374 1113/1113/1321 1165/1165/1373
f 1112/1112/1320 1113/1113/1321 1166/1166/1374
f 1167/1167/1375 1112/1112/1320 1166/1166/1374
f 1111/1111/1319 1112/1112/1320 1167/1167/1375
f 1168/1168/1376 1111/1111/1319 1167/1167/1375
f 1110/1110/1318 1111/1111/1319 1168/1168/1376
f 1169/1169/1377 1110/1110/1318 1168/1168/1376
f 1109/1109/1317 1110/1110/1318 1169/1169/1377
f 1170/1170/1378 1109/1109/1317 1169/1169/1377
f 1108/1108/1316 1109/1109/1317 1170/1170/1378
f 1171/1171/1379 1108/1108/1316 1170/1170/1378
f 1107/1107/1315 1108/1108/1316 1171/1171/1379
f 1107/1107/1315 1171/1171/1379 1172/1172/1380
f 1106/1106/1314 1107/1107/1315 1172/1172/1380
f 1106/1106/1314 1172/1172/1380 1173/1173/1381
f 1105/1105/1313 1106/1106/1314 1173/1173/1381
f 1105/1105/1313 1173/1173/1381 1174/1174/1382
f 1104/1104/1312 1105/1105/1313 1174/1174/1382
f 1104/1104/1312 1174/1174/1382 1175/1175/1383
f 1103/1103/1311 1104/1104/1312 1175/1175/1383
f 1103/1103/1311 1175/1175/1383 1176/1176/1384
f 1103/1103/1311 1176/1176/1384 1102/1102/1310
f 1102/1102/1310 1176/1176/1384 1177/1177/1385
f 1102/1102/1310 1177/1177/1385 1101/1101/1309
f 1101/1101/1309 1177/1177/1385 1178/1178/1386
f 1101/1101/1309 1178/1178/1386 1100/1100/1308
f 1100/1100/1308 1178/1178/1386 1140/1140/1348
f 1100/1100/1308 1140/1140/1348 1099/1099/1307
f 979/979/1187 941/941/1149 980/980/1188
f 939/939/1147 941/941/1149 979/979/1187
f 1057/1057/1265 939/939/1147 979/979/1187
f 940/940/1148 939/939/1147 1057/1057/1265
f 1055/1055/1263 940/940/1148 1057/1057/1265
f 978/978/1186 940/940/1148 1055/1055/1263
f 1053/1053/1261 978/978/1186 1055/1055/1263
f 977/977/1185 978/978/1186 1053/1053/1261
f 977/977/1185 1053/1053/1261 1051/1051/1259
f 976/976/1184 977/977/1185 1051/1051/1259
f 976/976/1184 1051/1051/1259 1049/1049/1257
f 975/975/1183 976/976/1184 1049/1049/1257
f 975/975/1183 1049/1049/1257 1047/1047/1255
f 974/974/1182 975/975/1183 1047/1047/1255
f 974/974/1182 1047/1047/1255 1045/1045/1253
f 973/973/1181 974/974/1182 1045/1045/1253
f 973/973/1181 1045/1045/1253 1043/1043/1251
f 972/972/1180 973/973/1181 1043/1043/1251
f 972/972/1180 1043/1043/1251 1041/1041/1249
f 971/971/1179 972/972/1180 1041/1041/1249
f 971/971/1179 1041/1041/1249 1039/1039/1247
f 970/970/1178 971/971/1179 1039/1039/1247
f 970/970/1178 1039/1039/1247 1037/1037/1245
f 969/969/1177 970/970/1178 1037/1037/1245
f 969/969/1177 1037/1037/1245 1035/1035/1243
f 968/968/1176 969/969/1177 1035/1035/1243
f 968/968/1176 1035/1035/1243 1033/1033/1241
f 967/967/1175 968/968/1176 1033/1033/1241
f 967/967/1175 1033/1033/1241 1031/1031/1239
f 967/967/1175 1031/1031/1239 966/966/1174
f 966/966/1174 1031/1031/1239 1029/1029/1237
f 966/966/1174 1029/1029/1237 965/965/1173
f 965/965/1173 1029/1029/1237 1027/1027/1235
f 965/965/1173 1027/1027/1235 964/964/1172
f 964/964/1172 1027/1027/1235 1025/1025/1233
f 964/964/1172 1025/1025/1233 963/963/1171
f 963/963/1171 1025/1025/1233 1023/1023/1231
f 963/963/1171 1023/1023/1231 962/962/1170
f 962/962/1170 1023/1023/1231 1021/1021/1229
f 962/962/1170 1021/1021/1229 961/961/1169
f 961/961/1169 1021/1021/1229 1019/1019/1227
f 961/961/1169 1019/1019/1227 960/960/1168
f 960/960/1168 1019/1019/1227 1017/1017/1225
f 960/960/1168 1017/1017/1225 959/959/1167
f 959/959/1167 1017/1017/1225 1015/1015/1223
f 959/959/1167 1015/1015/1223 958/958/1166
f 958/958/1166 1015/1015/1223 1013/1013/1221
f 958/958/1166 1013/1013/1221 957/957/1165
f 957/957/1165 1013/1013/1221 1011/1011/1219
f 957/957/1165 1011/1011/1219 956/956/1164
f 956/956/1164 1011/1011/1219 1009/1009/1217
f 956/956/1164 1009/1009/1217 955/955/1163
f 955/955/1163 1009/1009/1217 1007/1007/1215
f 955/955/1163 1007/1007/1215 954/954/1162
f 954/954/1162 1007/1007/1215 1005/1005/1213
f 954/954/1162 1005/1005/1213 953/953/1161
f 953/953/1161 1005/1005/1213 1003/1003/1211
f 953/953/1161 1003/1003/1211 952/952/1160
f 952/952/1160 1003/1003/1211 1001/1001/1209
f 952/952/1160 1001/1001/1209 951/951/1159
f 951/951/1159 1001/1001/1209 999/999/1207
f 951/951/1159 999/999/1207 950/950/1158
f 950/950/1158 999/999/1207 997/997/1205
f 950/950/1158 997/997/1205 949/949/1157
f 949/949/1157 997/997/1205 995/995/1203
f 949/949/1157 995/995/1203 948/948/1156
f 948/948/1156 995/995/1203 993/993/1201
f 948/948/1156 993/993/1201 947/947/1155
f 991/991/1199 947/947/1155 993/993/1201
f 946/946/1154 947/947/1155 991/991/1199
f 989/989/1197 946/946/1154 991/991/1199
f 945/945/1153 946/946/1154 989/989/1197
f 987/987/1195 945/945/1153 989/989/1197
f 944/944/1152 945/945/1153 987/987/1195
f 985/985/1193 944/944/1152 987/987/1195
f 943/943/1151 944/944/1152 985/985/1193
f 983/983/1191 943/943/1151 985/985/1193
f 942/942/1150 943/943/1151 983/983/1191
f 980/980/1188 942/942/1150 983/983/1191
f 941/941/1149 942/942/1150 980/980/1188
