# Blender 5.0.1
# www.blender.org
mtllib goddard_pie_atras_izq.mtl
g pie_trasero_izquierdo_Mesh
v -0.031755 -0.201909 0.407282
v -0.098855 -0.173109 0.399582
v -0.163455 -0.145509 0.376682
v -0.222855 -0.120109 0.339682
v -0.274955 -0.097809 0.289882
v -0.317755 -0.079509 0.229082
v -0.349555 -0.065909 0.159782
v -0.369055 -0.057509 0.084582
v -0.375755 -0.054709 0.006382
v -0.369055 -0.057509 -0.071818
v -0.349555 -0.065909 -0.147018
v -0.317755 -0.079509 -0.216318
v -0.274955 -0.097809 -0.277118
v -0.222855 -0.120109 -0.326918
v -0.163455 -0.145509 -0.363918
v -0.098855 -0.173109 -0.386818
v -0.031755 -0.201909 -0.394518
v 0.035245 -0.230609 -0.386818
v 0.099845 -0.258209 -0.363918
v 0.159245 -0.283609 -0.326918
v 0.211345 -0.305909 -0.277118
v 0.254145 -0.324209 -0.216318
v 0.285945 -0.337809 -0.147018
v 0.305545 -0.346209 -0.071818
v 0.312145 -0.349009 0.006382
v 0.305545 -0.346209 0.084582
v 0.285945 -0.337809 0.159782
v 0.254145 -0.324209 0.229082
v 0.211345 -0.305909 0.289882
v 0.035245 -0.230609 0.399582
v 0.159245 -0.283609 0.339682
v 0.099845 -0.258209 0.376682
v 0.277445 -0.411709 -0.071818
v 0.239545 -0.416709 -0.064818
v 0.245545 -0.419209 0.006382
v 0.284045 -0.414509 0.006382
v 0.071745 -0.323709 -0.363918
v 0.131245 -0.349109 -0.326918
v -0.059855 -0.267409 0.407282
v 0.007245 -0.296109 0.399582
v -0.303055 -0.163309 0.289882
v -0.345755 -0.145009 0.229082
v 0.007245 -0.296109 -0.386818
v 0.071745 -0.323709 0.376682
v -0.250855 -0.185609 0.339682
v -0.059855 -0.267409 -0.394518
v 0.131245 -0.349109 0.339682
v -0.191455 -0.211109 0.376682
v -0.126955 -0.238709 -0.386818
v 0.183345 -0.371409 0.289882
v -0.126955 -0.238709 0.399582
v -0.191455 -0.211109 -0.363918
v 0.226145 -0.389709 0.229082
v -0.250855 -0.185609 -0.326918
v 0.257845 -0.403309 0.159782
v -0.303055 -0.163309 -0.277118
v 0.277445 -0.411709 0.084582
v -0.345755 -0.145009 -0.216318
v -0.377555 -0.131409 -0.147018
v -0.397155 -0.123109 -0.071818
v 0.257845 -0.403309 -0.147018
v -0.403755 -0.120309 0.006382
v 0.226145 -0.389709 -0.216318
v -0.397155 -0.123109 0.084582
v 0.183345 -0.371409 -0.277118
v -0.377555 -0.131409 0.159782
v 0.153845 -0.380009 -0.251618
v 0.167645 -0.397309 -0.272518
v 0.209745 -0.415409 -0.212718
v 0.192745 -0.396709 -0.196318
v -0.374555 -0.153909 -0.064818
v -0.356755 -0.161609 -0.133218
v 0.221745 -0.409109 -0.133218
v -0.380555 -0.151409 0.006382
v -0.374555 -0.153909 0.077582
v -0.356755 -0.161609 0.145982
v 0.106445 -0.359709 -0.297018
v -0.327855 -0.173909 0.209082
v 0.052345 -0.336609 -0.330718
v -0.006455 -0.311409 0.364282
v -0.067555 -0.285309 0.371282
v -0.288855 -0.190609 0.264382
v -0.006455 -0.311409 -0.351518
v 0.052345 -0.336609 0.343482
v -0.241455 -0.210909 0.309782
v -0.067555 -0.285309 -0.358518
v 0.106445 -0.359709 0.309782
v -0.187355 -0.234109 0.343482
v -0.128555 -0.259209 -0.351518
v 0.153845 -0.380009 0.264382
v -0.128555 -0.259209 0.364282
v -0.187355 -0.234109 -0.330718
v 0.192745 -0.396709 0.209082
v -0.241455 -0.210909 -0.297018
v 0.221745 -0.409109 0.145982
v -0.288855 -0.190609 -0.251618
v 0.239545 -0.416709 0.077582
v -0.327855 -0.173909 -0.196318
v 0.057845 -0.350409 -0.358018
v -0.005655 -0.323209 -0.380518
v -0.037955 -0.398809 -0.380518
v 0.025545 -0.425909 -0.358018
v -0.384255 -0.161209 0.157382
v -0.403555 -0.153009 0.083382
v 0.116345 -0.375409 -0.321618
v -0.353055 -0.174609 0.225482
v -0.005655 -0.323209 0.393282
v -0.071655 -0.295009 0.400882
v -0.310955 -0.192609 0.285282
v 0.057845 -0.350409 0.370782
v -0.259655 -0.214509 0.334382
v -0.071655 -0.295009 -0.388118
v 0.116345 -0.375409 0.334382
v -0.201155 -0.239609 0.370782
v -0.137655 -0.266709 -0.380518
v 0.167645 -0.397309 0.285282
v -0.137655 -0.266709 0.393282
v -0.201155 -0.239609 -0.358018
v 0.209745 -0.415409 0.225482
v -0.259655 -0.214509 -0.321618
v 0.241045 -0.428709 0.157382
v -0.310955 -0.192609 -0.272518
v 0.260245 -0.437009 0.083382
v -0.353055 -0.174609 -0.212718
v 0.266745 -0.439809 0.006382
v -0.384255 -0.161209 -0.144618
v 0.260245 -0.437009 -0.070618
v -0.403555 -0.153009 -0.070618
v 0.241045 -0.428709 -0.144618
v -0.410055 -0.150209 0.006382
v -0.233455 -0.315109 -0.358018
v -0.228555 -0.341809 -0.319018
v -0.171855 -0.366109 -0.339118
v -0.169955 -0.342309 -0.380518
v 0.025545 -0.425909 0.370782
v -0.037955 -0.398809 0.393282
v -0.291955 -0.290109 0.334382
v -0.343255 -0.268209 0.285282
v -0.103955 -0.370509 -0.388118
v 0.084045 -0.451009 0.334382
v -0.233455 -0.315109 0.370782
v 0.135345 -0.472909 0.285282
v -0.169955 -0.342309 0.393282
v 0.177445 -0.490909 0.225482
v -0.103955 -0.370509 0.400882
v -0.291955 -0.290109 -0.321618
v 0.208645 -0.504309 0.157382
v -0.343255 -0.268209 -0.272518
v 0.227945 -0.512509 0.083382
v -0.385355 -0.250109 -0.212718
v 0.234445 -0.515309 0.006382
v -0.416655 -0.236809 -0.144618
v 0.227945 -0.512509 -0.070618
v -0.435855 -0.228509 -0.070618
v 0.208645 -0.504309 -0.144618
v -0.442355 -0.225709 0.006382
v 0.177445 -0.490909 -0.212718
v -0.435855 -0.228509 0.083382
v 0.135345 -0.472909 -0.272518
v -0.416655 -0.236809 0.157382
v 0.084045 -0.451009 -0.321618
v -0.385355 -0.250109 0.225482
v -0.364155 -0.283809 -0.189318
v -0.403955 -0.295709 -0.212218
v -0.362055 -0.313709 -0.271818
v -0.326555 -0.299909 -0.242718
v 0.138445 -0.498809 0.202082
v 0.100845 -0.482709 0.255482
v -0.171855 -0.366109 0.351882
v -0.112855 -0.391309 0.358682
v -0.280755 -0.319509 -0.286518
v 0.166345 -0.510809 0.141182
v 0.183545 -0.518109 0.075082
v 0.189345 -0.520609 0.006382
v -0.392055 -0.271909 -0.128418
v 0.183545 -0.518109 -0.062318
v -0.409255 -0.264509 -0.062318
v 0.166345 -0.510809 -0.128418
v -0.415055 -0.262009 0.006382
v 0.138445 -0.498809 -0.189318
v -0.409255 -0.264509 0.075082
v 0.100845 -0.482709 -0.242718
v -0.392055 -0.271909 0.141182
v 0.055045 -0.463109 -0.286518
v -0.364155 -0.283809 0.202082
v 0.002745 -0.440809 -0.319018
v -0.053855 -0.416509 0.351882
v -0.326555 -0.299909 0.255482
v -0.053855 -0.416509 -0.339118
v 0.002745 -0.440809 0.331782
v -0.280755 -0.319509 0.299282
v -0.112855 -0.391309 -0.345918
v 0.055045 -0.463109 0.299282
v -0.228555 -0.341809 0.331782
v -0.492855 -0.346109 0.006382
v -0.486355 -0.348809 -0.070418
v -0.454355 -0.274209 -0.070418
v -0.460855 -0.271409 0.006382
v 0.207745 -0.557409 0.083182
v 0.214245 -0.560209 0.006382
v -0.435155 -0.282409 -0.144218
v 0.207745 -0.557409 -0.070418
v 0.188545 -0.549209 -0.144218
v 0.157345 -0.535909 -0.212218
v -0.454355 -0.274209 0.083182
v 0.115345 -0.517909 -0.271818
v -0.435155 -0.282409 0.156982
v 0.064145 -0.496009 -0.320718
v -0.403955 -0.295709 0.224982
v 0.005845 -0.471109 -0.357118
v -0.057455 -0.444009 0.392282
v -0.123355 -0.415809 0.399782
v -0.362055 -0.313709 0.284582
v -0.057455 -0.444009 -0.379518
v 0.005845 -0.471109 0.369882
v -0.310855 -0.335609 0.333482
v -0.123355 -0.415809 -0.387018
v 0.064145 -0.496009 0.333482
v -0.252455 -0.360509 0.369882
v -0.189155 -0.387609 -0.379518
v 0.115345 -0.517909 0.284582
v -0.189155 -0.387609 0.392282
v -0.252455 -0.360509 -0.357118
v 0.157345 -0.535909 0.224982
v -0.310855 -0.335609 -0.320718
v 0.188545 -0.549209 0.156982
v -0.435955 -0.370409 0.224982
v -0.410655 -0.420809 0.194382
v -0.437755 -0.410209 0.135882
v -0.467155 -0.357009 0.156982
v 0.125345 -0.610509 -0.212218
v 0.156545 -0.623909 -0.144218
v -0.486355 -0.348809 0.083182
v 0.083445 -0.592609 -0.271818
v 0.032245 -0.570709 -0.320718
v -0.026155 -0.545709 -0.357118
v -0.089455 -0.518609 0.392282
v -0.155255 -0.490509 0.399782
v -0.393955 -0.388309 0.284582
v -0.089455 -0.518609 -0.379518
v -0.026155 -0.545709 0.369882
v -0.342755 -0.410209 0.333482
v -0.155255 -0.490509 -0.387018
v 0.032245 -0.570709 0.333482
v -0.284455 -0.435209 0.369882
v -0.221155 -0.462309 -0.379518
v 0.083445 -0.592609 0.284582
v -0.221155 -0.462309 0.392282
v -0.284455 -0.435209 -0.357118
v 0.125345 -0.610509 0.224982
v -0.342755 -0.410209 -0.320718
v 0.156545 -0.623909 0.156982
v -0.393955 -0.388309 -0.271818
v 0.175745 -0.632109 0.083182
v -0.435955 -0.370409 -0.212218
v 0.182245 -0.634909 0.006382
v -0.467155 -0.357009 -0.144218
v 0.175745 -0.632109 -0.070418
v -0.504955 -0.407909 -0.069618
v -0.485655 -0.415509 -0.142618
v -0.437755 -0.410209 -0.123118
v -0.454455 -0.403709 -0.059618
v -0.054055 -0.560609 -0.306218
v -0.003255 -0.580509 -0.274918
v -0.109155 -0.539009 0.338182
v -0.166455 -0.516509 0.344782
v -0.374055 -0.435209 0.245682
v -0.109155 -0.539009 -0.325518
v -0.054055 -0.560609 0.318982
v -0.329555 -0.452609 0.287682
v -0.166455 -0.516509 -0.332018
v -0.003255 -0.580509 0.287682
v -0.278855 -0.472509 0.318982
v -0.223755 -0.494109 -0.325518
v 0.041245 -0.597909 0.245682
v -0.223755 -0.494109 0.338182
v -0.278855 -0.472509 -0.306218
v 0.077745 -0.612309 0.194382
v -0.329555 -0.452609 -0.274918
v 0.104945 -0.622909 0.135882
v -0.374055 -0.435209 -0.232918
v 0.121645 -0.629409 0.072382
v -0.410655 -0.420809 -0.181618
v 0.127245 -0.631609 0.006382
v 0.121645 -0.629409 -0.059618
v 0.104945 -0.622909 -0.123118
v -0.460155 -0.401409 0.006382
v 0.077745 -0.612309 -0.181618
v -0.454455 -0.403709 0.072382
v 0.041245 -0.597909 -0.232918
v -0.485655 -0.415509 0.155382
v -0.509255 -0.488109 0.155382
v -0.528455 -0.480609 0.082382
v -0.504955 -0.407909 0.082382
v 0.138945 -0.660309 -0.142618
v 0.158245 -0.667809 -0.069618
v -0.511455 -0.405409 0.006382
v 0.107745 -0.648009 -0.210018
v 0.065745 -0.631609 -0.269018
v 0.014445 -0.611509 -0.317418
v -0.454455 -0.427709 0.222782
v -0.043955 -0.588609 -0.353418
v -0.107355 -0.563709 0.388382
v -0.173355 -0.537909 0.395882
v -0.412355 -0.444209 0.281782
v -0.107355 -0.563709 -0.375618
v -0.043955 -0.588609 0.366182
v -0.361155 -0.464309 0.330182
v -0.173355 -0.537909 -0.383118
v 0.014445 -0.611509 0.330182
v -0.302755 -0.487209 0.366182
v -0.239255 -0.512009 -0.375618
v 0.065745 -0.631609 0.281782
v -0.239255 -0.512009 0.388382
v -0.302755 -0.487209 -0.353418
v 0.107745 -0.648009 0.222782
v -0.361155 -0.464309 -0.317418
v 0.138945 -0.660309 0.155382
v -0.412355 -0.444209 -0.269018
v 0.158245 -0.667809 0.082382
v -0.454455 -0.427709 -0.210018
v 0.164745 -0.670409 0.006382
v -0.413455 -0.568309 0.242182
v -0.435955 -0.516809 0.281782
v -0.384755 -0.536909 0.330182
v -0.369155 -0.583909 0.283682
v -0.009055 -0.684109 -0.317418
v 0.042145 -0.704209 -0.269018
v -0.477955 -0.500409 0.222782
v -0.067555 -0.661209 -0.353418
v -0.130955 -0.636409 0.388382
v -0.196855 -0.610509 0.395882
v -0.130955 -0.636409 -0.375618
v -0.067555 -0.661209 0.366182
v -0.196855 -0.610509 -0.383118
v -0.009055 -0.684109 0.330182
v -0.326255 -0.559809 0.366182
v -0.262855 -0.584709 -0.375618
v 0.042145 -0.704209 0.281782
v -0.262855 -0.584709 0.388382
v -0.326255 -0.559809 -0.353418
v 0.084145 -0.720709 0.222782
v -0.384755 -0.536909 -0.317418
v 0.115445 -0.732909 0.155382
v -0.435955 -0.516809 -0.269018
v 0.134645 -0.740509 0.082382
v -0.477955 -0.500409 -0.210018
v 0.141145 -0.743009 0.006382
v -0.509255 -0.488109 -0.142618
v 0.134645 -0.740509 -0.069618
v -0.528455 -0.480609 -0.069618
v 0.115445 -0.732909 -0.142618
v -0.534955 -0.478009 0.006382
v 0.084145 -0.720709 -0.210018
v -0.211455 -0.662409 0.383482
v -0.275955 -0.639709 0.376282
v -0.263855 -0.621109 0.333482
v -0.206855 -0.641209 0.339882
v -0.206855 -0.641209 -0.327118
v -0.149855 -0.661409 -0.320718
v -0.044455 -0.698509 0.283682
v -0.095055 -0.680709 0.314482
v -0.318655 -0.601809 0.314482
v -0.263855 -0.621109 -0.320718
v -0.000255 -0.714209 0.242182
v -0.318655 -0.601809 -0.301718
v 0.036145 -0.727009 0.191682
v -0.369155 -0.583909 -0.270918
v 0.063145 -0.736509 0.133982
v -0.413455 -0.568309 -0.229418
v 0.079745 -0.742409 0.071482
v -0.449855 -0.555509 -0.178918
v 0.085345 -0.744409 0.006382
v -0.476855 -0.545909 -0.121218
v 0.079745 -0.742409 -0.058718
v -0.493455 -0.540109 -0.058718
v 0.063145 -0.736509 -0.121218
v -0.499055 -0.538109 0.006382
v 0.036145 -0.727009 -0.178918
v -0.493455 -0.540109 0.071482
v -0.000255 -0.714209 -0.229418
v -0.476855 -0.545909 0.133982
v -0.044455 -0.698509 -0.270918
v -0.449855 -0.555509 0.191682
v -0.095055 -0.680709 -0.301718
v -0.149855 -0.661409 0.333482
v -0.516755 -0.554609 -0.137918
v -0.531855 -0.623909 -0.137918
v -0.501255 -0.634709 -0.203118
v -0.486255 -0.565409 -0.203118
v -0.395055 -0.597609 -0.307218
v -0.337955 -0.617809 -0.342018
v 0.063345 -0.759409 0.215882
v 0.093845 -0.770209 0.150682
v -0.445155 -0.579909 -0.260318
v 0.112745 -0.776809 0.079982
v 0.119045 -0.779109 0.006382
v 0.112745 -0.776809 -0.067218
v -0.535555 -0.548009 -0.067218
v 0.093845 -0.770209 -0.137918
v -0.541955 -0.545809 0.006382
v 0.063345 -0.759409 -0.203118
v -0.535555 -0.548009 0.079982
v 0.022245 -0.744909 -0.260318
v -0.516755 -0.554609 0.150682
v -0.027855 -0.727209 -0.307218
v -0.486255 -0.565409 0.215882
v -0.084955 -0.707009 -0.342018
v -0.146955 -0.685209 0.376282
v -0.445155 -0.579909 0.273082
v -0.146955 -0.685209 -0.363518
v -0.084955 -0.707009 0.354782
v -0.395055 -0.597609 0.319982
v -0.211455 -0.662409 -0.370718
v -0.027855 -0.727209 0.319982
v -0.337955 -0.617809 0.354782
v -0.275955 -0.639709 -0.363518
v 0.022245 -0.744909 0.273082
v -0.510655 -0.673409 0.006382
v -0.556955 -0.615009 0.006382
v -0.550655 -0.617309 0.079982
v -0.505255 -0.675009 0.067982
v 0.097645 -0.846109 -0.067218
v 0.104045 -0.848309 0.006382
v -0.550655 -0.617309 -0.067218
v 0.078845 -0.839409 -0.137918
v 0.048345 -0.828709 -0.203118
v 0.007245 -0.814109 -0.260318
v -0.531855 -0.623909 0.150682
v -0.042855 -0.796509 -0.307218
v -0.501255 -0.634709 0.215882
v -0.100055 -0.776309 -0.342018
v -0.226455 -0.731709 0.383482
v -0.162055 -0.754409 0.376282
v -0.460155 -0.649209 0.273082
v -0.162055 -0.754409 -0.363518
v -0.100055 -0.776309 0.354782
v -0.410055 -0.666909 0.319982
v -0.226455 -0.731709 -0.370718
v -0.042855 -0.796509 0.319982
v -0.352955 -0.687009 0.354782
v -0.290955 -0.708909 -0.363518
v 0.007245 -0.814109 0.273082
v -0.290955 -0.708909 0.376282
v -0.352955 -0.687009 -0.342018
v 0.048345 -0.828709 0.215882
v -0.410055 -0.666909 -0.307218
v 0.078845 -0.839409 0.150682
v -0.460155 -0.649209 -0.260318
v 0.097645 -0.846109 0.079982
v -0.231955 -0.757109 0.321982
v -0.177655 -0.773409 0.315882
v -0.171855 -0.808909 0.364082
v -0.234655 -0.790009 0.371082
v -0.034955 -0.816309 -0.216818
v -0.000355 -0.826709 -0.168918
v -0.489455 -0.679709 0.127182
v -0.077155 -0.803609 -0.256018
v -0.463655 -0.687509 0.181682
v -0.125355 -0.789109 -0.285218
v -0.429055 -0.697909 0.229582
v -0.177655 -0.773409 -0.303118
v -0.125355 -0.789109 0.297982
v -0.386755 -0.710609 0.268782
v -0.231955 -0.757109 -0.309218
v -0.077155 -0.803609 0.268782
v -0.338655 -0.725009 0.297982
v -0.286355 -0.740709 -0.303118
v -0.034955 -0.816309 0.229582
v -0.286355 -0.740709 0.315882
v -0.338655 -0.725009 -0.285218
v -0.000355 -0.826709 0.181682
v -0.386755 -0.710609 -0.256018
v 0.025445 -0.834409 0.127182
v -0.429055 -0.697909 -0.216818
v 0.041245 -0.839209 0.067982
v -0.463655 -0.687509 -0.168918
v 0.046645 -0.840809 0.006382
v -0.489455 -0.679709 -0.114418
v 0.041245 -0.839209 -0.055218
v -0.505255 -0.675009 -0.055218
v 0.025445 -0.834409 -0.114418
v -0.007055 -0.858409 0.264282
v -0.012955 -0.930509 0.264282
v -0.061755 -0.915809 0.309582
v -0.055855 -0.843809 0.309582
v -0.462355 -0.721609 0.264282
v -0.502355 -0.709609 0.208982
v -0.171855 -0.808909 -0.351318
v -0.111455 -0.827009 -0.330518
v -0.111455 -0.827009 0.343282
v -0.413555 -0.736309 0.309582
v -0.234655 -0.790009 -0.358318
v -0.357855 -0.753009 0.343282
v -0.297455 -0.771109 -0.351318
v -0.297455 -0.771109 0.364082
v -0.357855 -0.753009 -0.330518
v 0.033045 -0.870409 0.208982
v -0.413555 -0.736309 -0.296818
v 0.062745 -0.879409 0.145982
v -0.462355 -0.721609 -0.251518
v 0.081045 -0.884909 0.077482
v -0.502355 -0.709609 -0.196218
v 0.087245 -0.886709 0.006382
v -0.532155 -0.700609 -0.133218
v 0.081045 -0.884909 -0.064718
v -0.550455 -0.695109 -0.064718
v 0.062745 -0.879409 -0.133218
v -0.556655 -0.693309 0.006382
v 0.033045 -0.870409 -0.196218
v -0.550455 -0.695109 0.077482
v -0.007055 -0.858409 -0.251518
v -0.532155 -0.700609 0.145982
v -0.055855 -0.843809 -0.296818
v 0.023245 -0.949509 0.065982
v 0.007845 -0.945309 0.123382
v 0.056845 -0.951409 0.145982
v 0.075245 -0.956909 0.077482
v -0.303355 -0.843209 0.364082
v -0.363755 -0.825109 0.343282
v -0.363755 -0.825109 -0.330518
v -0.303355 -0.843209 -0.351318
v 0.027145 -0.942509 0.208982
v -0.240555 -0.862109 0.371082
v -0.419455 -0.808309 -0.296818
v -0.468255 -0.793709 -0.251518
v -0.508255 -0.781609 -0.196218
v 0.081345 -0.958809 0.006382
v -0.538055 -0.772709 -0.133218
v 0.075245 -0.956909 -0.064718
v -0.556355 -0.767209 -0.064718
v 0.056845 -0.951409 -0.133218
v -0.562555 -0.765309 0.006382
v 0.027145 -0.942509 -0.196218
v -0.556355 -0.767209 0.077482
v -0.012955 -0.930509 -0.251518
v -0.538055 -0.772709 0.145982
v -0.061755 -0.915809 -0.296818
v -0.508255 -0.781609 0.208982
v -0.117355 -0.899109 -0.330518
v -0.177755 -0.880909 0.364082
v -0.468255 -0.793709 0.264282
v -0.177755 -0.880909 -0.351318
v -0.117355 -0.899109 0.343282
v -0.419455 -0.808309 0.309582
v -0.240555 -0.862109 -0.358318
v 0.007845 -0.945309 -0.110618
v 0.048445 -0.975609 -0.129818
v 0.066345 -0.980509 -0.063018
v 0.023245 -0.949509 -0.053218
v -0.466455 -0.815209 -0.163418
v -0.432855 -0.824509 -0.209818
v 0.028445 -0.950909 0.006382
v -0.491455 -0.808409 -0.110618
v -0.506855 -0.804209 -0.053218
v -0.511955 -0.802809 0.006382
v -0.017155 -0.938409 -0.163418
v -0.506855 -0.804209 0.065982
v -0.050755 -0.929209 -0.209818
v -0.491455 -0.808409 0.123382
v -0.091655 -0.918009 -0.247818
v -0.466455 -0.815209 0.176182
v -0.138355 -0.905209 -0.276018
v -0.189055 -0.891309 0.306182
v -0.241755 -0.876809 0.312082
v -0.432855 -0.824509 0.222582
v -0.189055 -0.891309 -0.293418
v -0.138355 -0.905209 0.288782
v -0.391955 -0.835709 0.260582
v -0.241755 -0.876809 -0.299318
v -0.091655 -0.918009 0.260582
v -0.345155 -0.848509 0.288782
v -0.294455 -0.862409 -0.293418
v -0.050755 -0.929209 0.222582
v -0.294455 -0.862409 0.306182
v -0.345155 -0.848509 -0.276018
v -0.017155 -0.938409 0.176182
v -0.391955 -0.835709 -0.247818
v -0.067355 -0.943809 -0.289418
v -0.068655 -1.016009 -0.289418
v -0.020955 -1.029109 -0.245218
v -0.019755 -0.956909 -0.245218
v -0.556655 -0.809709 0.006382
v -0.550555 -0.811409 -0.063018
v 0.019445 -0.967609 -0.191318
v -0.550555 -0.811409 0.075782
v -0.532655 -0.816309 0.142582
v -0.503655 -0.824209 0.204082
v -0.121755 -0.928909 -0.322318
v -0.180755 -0.912709 0.355382
v -0.242155 -0.895909 0.362182
v -0.464555 -0.835009 0.257982
v -0.180755 -0.912709 -0.342618
v -0.121755 -0.928909 0.335082
v -0.416855 -0.848009 0.302182
v -0.242155 -0.895909 -0.349418
v -0.067355 -0.943809 0.302182
v -0.362455 -0.862909 0.335082
v -0.303455 -0.879109 -0.342618
v -0.019755 -0.956909 0.257982
v -0.303455 -0.879109 0.355382
v -0.362455 -0.862909 -0.322318
v 0.019445 -0.967609 0.204082
v -0.416855 -0.848009 -0.289418
v 0.048445 -0.975609 0.142582
v -0.464555 -0.835009 -0.245218
v 0.066345 -0.980509 0.075782
v -0.503655 -0.824209 -0.191318
v 0.072445 -0.982109 0.006382
v -0.532655 -0.816309 -0.129818
v -0.243355 -0.968109 -0.349418
v -0.243855 -0.996309 -0.303718
v -0.190655 -1.006909 -0.297718
v -0.181955 -0.985009 -0.342618
v -0.504855 -0.896509 0.204082
v -0.533955 -0.888509 0.142582
v -0.122955 -1.001109 -0.322318
v -0.181955 -0.985009 0.355382
v -0.243355 -0.968109 0.362182
v -0.465755 -0.907209 0.257982
v -0.122955 -1.001109 0.335082
v -0.418055 -0.920209 0.302182
v -0.068655 -1.016009 0.302182
v -0.363755 -0.935109 0.335082
v -0.304755 -0.951309 -0.342618
v -0.020955 -1.029109 0.257982
v -0.304755 -0.951309 0.355382
v -0.363755 -0.935109 -0.322318
v 0.018145 -1.039809 0.204082
v -0.418055 -0.920209 -0.289418
v 0.047245 -1.047809 0.142582
v -0.465755 -0.907209 -0.245218
v 0.065145 -1.052709 0.075782
v -0.504855 -0.896509 -0.191318
v 0.071145 -1.054309 0.006382
v -0.533955 -0.888509 -0.129818
v 0.065145 -1.052709 -0.063018
v -0.551855 -0.883609 -0.063018
v 0.047245 -1.047809 -0.129818
v -0.557855 -0.881909 0.006382
v 0.018145 -1.039809 -0.191318
v -0.551855 -0.883609 0.075782
v -0.395255 -0.966109 -0.251418
v -0.413155 -0.976209 -0.285518
v -0.359755 -0.986809 -0.317918
v -0.348155 -0.975509 -0.280118
v -0.092355 -1.026509 0.264182
v -0.139455 -1.017109 0.292882
v -0.348155 -0.975509 0.292882
v -0.395255 -0.966109 0.264182
v -0.297055 -0.985709 -0.297718
v -0.051055 -1.034809 0.225582
v -0.297055 -0.985709 0.310482
v -0.017155 -1.041609 0.178682
v -0.243855 -0.996309 0.316482
v 0.008045 -1.046609 0.125082
v -0.436655 -0.957909 -0.212818
v 0.023545 -1.049709 0.066882
v -0.470555 -0.951109 -0.165918
v 0.028745 -1.050709 0.006382
v -0.495755 -0.946109 -0.112318
v 0.023545 -1.049709 -0.054118
v -0.511255 -0.943009 -0.054118
v 0.008045 -1.046609 -0.112318
v -0.516455 -0.941909 0.006382
v -0.017155 -1.041609 -0.165918
v -0.511255 -0.943009 0.066882
v -0.051055 -1.034809 -0.212818
v -0.495755 -0.946109 0.125082
v -0.092355 -1.026509 -0.251418
v -0.470555 -0.951109 0.178682
v -0.139455 -1.017109 -0.280118
v -0.190655 -1.006909 0.310482
v -0.436655 -0.957909 0.225582
v -0.526855 -0.953509 -0.127918
v -0.515555 -1.026609 -0.127918
v -0.487055 -1.032309 -0.188618
v -0.498255 -0.959209 -0.188618
v 0.014945 -1.061609 0.201382
v 0.043445 -1.067309 0.140682
v -0.459955 -0.966809 -0.241818
v 0.061045 -1.070809 0.074882
v 0.066945 -1.072009 0.006382
v 0.061045 -1.070809 -0.062118
v -0.544355 -0.950009 -0.062118
v 0.043445 -1.067309 -0.127918
v -0.550355 -0.948809 0.006382
v 0.014945 -1.061609 -0.188618
v -0.544355 -0.950009 0.074882
v -0.023455 -1.053909 -0.241818
v -0.526855 -0.953509 0.140682
v -0.070155 -1.044609 -0.285518
v -0.498255 -0.959209 0.201382
v -0.123555 -1.033909 -0.317918
v -0.181455 -1.022409 0.350682
v -0.241655 -1.010409 0.357382
v -0.459955 -0.966809 0.254582
v -0.181455 -1.022409 -0.337918
v -0.123555 -1.033909 0.330682
v -0.413155 -0.976209 0.298282
v -0.241655 -1.010409 -0.344618
v -0.070155 -1.044609 0.298282
v -0.359755 -0.986809 0.330682
v -0.301855 -0.998409 -0.337918
v -0.023455 -1.053909 0.254582
v -0.301855 -0.998409 0.350682
v -0.533055 -1.023109 0.074882
v -0.494355 -1.061309 0.067282
v -0.499555 -1.060409 0.006382
v -0.539055 -1.021909 0.006382
v 0.072345 -1.143909 -0.062118
v 0.078245 -1.145109 0.006382
v -0.533055 -1.023109 -0.062118
v 0.054745 -1.140409 -0.127918
v 0.026245 -1.134709 -0.188618
v -0.012155 -1.127109 -0.241818
v -0.515555 -1.026609 0.140682
v -0.058955 -1.117709 -0.285518
v -0.487055 -1.032309 0.201382
v -0.112255 -1.107109 -0.317918
v -0.230355 -1.083509 0.357382
v -0.170155 -1.095509 0.350682
v -0.448655 -1.040009 0.254582
v -0.170155 -1.095509 -0.337918
v -0.112255 -1.107109 0.330682
v -0.401855 -1.049309 0.298282
v -0.230355 -1.083509 -0.344618
v -0.058955 -1.117709 0.298282
v -0.348455 -1.059909 0.330682
v -0.290555 -1.071509 -0.337918
v -0.012155 -1.127109 0.254582
v -0.290555 -1.071509 0.350682
v -0.348455 -1.059909 -0.317918
v 0.026245 -1.134709 0.201382
v -0.401855 -1.049309 -0.285518
v 0.054745 -1.140409 0.140682
v -0.448655 -1.040009 -0.241818
v 0.072345 -1.143909 0.074882
v -0.290555 -1.117609 -0.338018
v -0.280255 -1.096309 -0.299818
v -0.331355 -1.088009 -0.282018
v -0.348055 -1.108209 -0.318018
v -0.034355 -1.136609 -0.214318
v -0.000455 -1.142109 -0.167018
v -0.478855 -1.063809 0.125882
v -0.075655 -1.129809 -0.253118
v -0.453655 -1.067909 0.179782
v -0.122755 -1.122109 -0.282018
v -0.173855 -1.113809 0.312582
v -0.227055 -1.105009 0.318582
v -0.419755 -1.073509 0.227082
v -0.173855 -1.113809 -0.299818
v -0.122755 -1.122109 0.294782
v -0.378455 -1.080309 0.265882
v -0.227055 -1.105009 -0.305818
v -0.075655 -1.129809 0.265882
v -0.331355 -1.088009 0.294782
v -0.034355 -1.136609 0.227082
v -0.280255 -1.096309 0.312582
v -0.000455 -1.142109 0.179782
v -0.378455 -1.080309 -0.253118
v 0.024745 -1.146309 0.125882
v -0.419755 -1.073509 -0.214318
v 0.040245 -1.148809 0.067282
v -0.453655 -1.067909 -0.167018
v 0.045445 -1.149709 0.006382
v -0.478855 -1.063809 -0.113118
v 0.040245 -1.148809 -0.054518
v -0.494355 -1.061309 -0.054518
v 0.024745 -1.146309 -0.113118
v -0.455955 -1.143709 -0.241918
v -0.447455 -1.091909 -0.241918
v -0.485655 -1.085609 -0.188718
v -0.494055 -1.137509 -0.188718
v 0.024145 -1.169109 0.201482
v -0.013955 -1.162909 0.254682
v -0.230755 -1.127409 0.357482
v -0.290555 -1.117609 0.350782
v -0.401055 -1.099509 -0.285618
v 0.052445 -1.173809 0.140782
v 0.069945 -1.176609 0.074882
v 0.075845 -1.177609 0.006382
v -0.513955 -1.081009 -0.128018
v 0.069945 -1.176609 -0.062118
v -0.531355 -1.078109 -0.062118
v 0.052445 -1.173809 -0.128018
v -0.537255 -1.077209 0.006382
v 0.024145 -1.169109 -0.188718
v -0.531355 -1.078109 0.074882
v -0.013955 -1.162909 -0.241918
v -0.513955 -1.081009 0.140782
v -0.060455 -1.155309 -0.285618
v -0.485655 -1.085609 0.201482
v -0.113455 -1.146609 -0.318018
v -0.170955 -1.137209 0.350782
v -0.447455 -1.091909 0.254682
v -0.170955 -1.137209 -0.338018
v -0.113455 -1.146609 0.330782
v -0.401055 -1.099509 0.298382
v -0.230755 -1.127409 -0.344718
v -0.060455 -1.155309 0.298382
v -0.348055 -1.108209 0.330782
v -0.517855 -1.202109 -0.055218
v -0.539855 -1.130009 -0.062118
v -0.545755 -1.129009 0.006382
v -0.523155 -1.201909 0.006382
v 0.061445 -1.228509 0.074882
v 0.067345 -1.229409 0.006382
v -0.522455 -1.132809 -0.128018
v 0.061445 -1.228509 -0.062118
v 0.044045 -1.225609 -0.128018
v 0.015645 -1.221009 -0.188718
v -0.539855 -1.130009 0.074882
v -0.022455 -1.214709 -0.241918
v -0.522455 -1.132809 0.140782
v -0.068855 -1.207109 -0.285618
v -0.494055 -1.137509 0.201482
v -0.121855 -1.198409 -0.318018
v -0.179455 -1.189009 0.350782
v -0.239255 -1.179209 0.357482
v -0.455955 -1.143709 0.254682
v -0.179455 -1.189009 -0.338018
v -0.121855 -1.198409 0.330782
v -0.409555 -1.151309 0.298382
v -0.239255 -1.179209 -0.344718
v -0.068855 -1.207109 0.298382
v -0.356555 -1.160009 0.330782
v -0.299055 -1.169409 -0.338018
v -0.022455 -1.214709 0.254682
v -0.299055 -1.169409 0.350782
v -0.356555 -1.160009 -0.318018
v 0.015645 -1.221009 0.201482
v -0.409555 -1.151309 -0.285618
v 0.044045 -1.225609 0.140782
v -0.189655 -1.210309 0.315982
v -0.137255 -1.211709 0.297982
v -0.089055 -1.212909 0.268782
v -0.046755 -1.213909 0.229582
v -0.011955 -1.214809 0.181782
v 0.013745 -1.215509 0.127182
v 0.029645 -1.215909 0.067982
v 0.035045 -1.216009 0.006382
v 0.029645 -1.215909 -0.055218
v 0.013745 -1.215509 -0.114418
v -0.011955 -1.214809 -0.169018
v -0.046755 -1.213909 -0.216818
v -0.089055 -1.212909 -0.256018
v -0.137255 -1.211709 -0.285218
v -0.189655 -1.210309 -0.303218
v -0.244055 -1.209009 -0.309218
v -0.298555 -1.207609 -0.303218
v -0.350855 -1.206309 -0.285218
v -0.399155 -1.205109 -0.256018
v -0.441455 -1.204009 -0.216818
v -0.476155 -1.203109 -0.169018
v -0.501955 -1.202509 -0.114418
v -0.517855 -1.202109 0.067982
v -0.501955 -1.202509 0.127182
v -0.476155 -1.203109 0.181682
v -0.441455 -1.204009 0.229582
v -0.399155 -1.205109 0.268782
v -0.350855 -1.206309 0.297982
v -0.298555 -1.207609 0.315982
v -0.244055 -1.209009 0.321982
v 0.050845 -0.185309 0.428982
v 0.048245 -0.186809 0.416682
v 0.029545 -0.178809 0.419182
v 0.031545 -0.177109 0.431582
v 0.010645 -0.170809 0.420682
v 0.012145 -0.168809 0.433082
v 0.031745 -0.179709 0.443882
v 0.051645 -0.188209 0.441282
v 0.011845 -0.171209 0.445482
v 0.066845 -0.194709 0.413182
v 0.062245 -0.200409 0.403082
v 0.044045 -0.192709 0.406482
v 0.025845 -0.184909 0.408882
v 0.007445 -0.177109 0.410382
v -0.010955 -0.169209 0.410882
v -0.008155 -0.162709 0.421182
v -0.007255 -0.160509 0.433582
v -0.008155 -0.162709 0.446082
v 0.009445 -0.177909 0.455782
v -0.010955 -0.169209 0.456382
v 0.029945 -0.186609 0.454182
v 0.050245 -0.195309 0.451482
v 0.070445 -0.203909 0.447682
v 0.071345 -0.196609 0.437582
v 0.070045 -0.193509 0.425382
v 0.023745 -0.248909 0.428982
v 0.004445 -0.240709 0.431582
v 0.004245 -0.238009 0.419182
v 0.023045 -0.246009 0.416682
v 0.026345 -0.247409 0.441282
v 0.006545 -0.239009 0.443882
v -0.014955 -0.232409 0.433082
v -0.014555 -0.230009 0.420682
v -0.013455 -0.230509 0.445482
v 0.041645 -0.253909 0.413182
v 0.024345 -0.238909 0.406482
v 0.042545 -0.246709 0.403082
v 0.042945 -0.257109 0.425382
v 0.046045 -0.255809 0.437582
v 0.050645 -0.250109 0.447682
v 0.030545 -0.241509 0.451482
v 0.010245 -0.232909 0.454182
v -0.010255 -0.224209 0.455782
v -0.033455 -0.221909 0.446082
v -0.030655 -0.215409 0.456382
v -0.034355 -0.224109 0.433582
v -0.033455 -0.221909 0.421182
v -0.012255 -0.223309 0.410382
v -0.030655 -0.215409 0.410882
v 0.006145 -0.231109 0.408882
v 0.099045 -0.281009 0.408482
v 0.080645 -0.273109 0.415082
v 0.078245 -0.269609 0.403182
v 0.096145 -0.277209 0.396782
v 0.103845 -0.280509 0.420182
v 0.084845 -0.272409 0.426982
v 0.061845 -0.265209 0.420682
v 0.060045 -0.261809 0.408682
v 0.065545 -0.264209 0.432782
v 0.095745 -0.269309 0.387082
v 0.112945 -0.276709 0.379882
v 0.113745 -0.284709 0.389382
v 0.117245 -0.288809 0.400882
v 0.122545 -0.288509 0.412282
v 0.128945 -0.283509 0.421882
v 0.109845 -0.275409 0.429882
v 0.090345 -0.267109 0.436882
v 0.070645 -0.258709 0.442782
v 0.060545 -0.254309 0.398682
v 0.078245 -0.261909 0.393282
v 0.169345 -0.311009 0.372382
v 0.152345 -0.303709 0.382782
v 0.147945 -0.299309 0.371782
v 0.164345 -0.306309 0.361682
v 0.176145 -0.311309 0.382982
v 0.158745 -0.303909 0.393782
v 0.135045 -0.296309 0.392282
v 0.131045 -0.292109 0.381082
v 0.140845 -0.296309 0.403482
v 0.162245 -0.297709 0.352882
v 0.177845 -0.304309 0.342182
v 0.180345 -0.313109 0.350682
v 0.185745 -0.318009 0.361082
v 0.193045 -0.318509 0.371382
v 0.201045 -0.314209 0.379982
v 0.183745 -0.306909 0.391882
v 0.165945 -0.299309 0.402782
v 0.147645 -0.291509 0.412782
v 0.129745 -0.283909 0.371682
v 0.146245 -0.290909 0.362682
v 0.231645 -0.337609 0.322082
v 0.216945 -0.331309 0.335882
v 0.210645 -0.326009 0.326282
v 0.224945 -0.332109 0.312882
v 0.240245 -0.338709 0.331282
v 0.225145 -0.332209 0.345482
v 0.201645 -0.324709 0.348882
v 0.195745 -0.319709 0.338882
v 0.209345 -0.325509 0.358882
v 0.221345 -0.322909 0.305182
v 0.234645 -0.328609 0.291382
v 0.238645 -0.337909 0.298682
v 0.245745 -0.343609 0.307482
v 0.254745 -0.344809 0.316282
v 0.249445 -0.334909 0.338882
v 0.264245 -0.341209 0.323582
v 0.233945 -0.328309 0.353482
v 0.217745 -0.321409 0.367082
v 0.192845 -0.310809 0.330582
v 0.207345 -0.316909 0.318282
v 0.283845 -0.359809 0.259482
v 0.271845 -0.354709 0.276182
v 0.263945 -0.348809 0.268282
v 0.275545 -0.353709 0.252082
v 0.293945 -0.361509 0.266882
v 0.281645 -0.356309 0.284082
v 0.259145 -0.349309 0.292182
v 0.251645 -0.343509 0.283782
v 0.268545 -0.350709 0.300482
v 0.270745 -0.344009 0.245982
v 0.281345 -0.348509 0.229582
v 0.286445 -0.358309 0.235282
v 0.295045 -0.364609 0.242182
v 0.305445 -0.366509 0.249082
v 0.316145 -0.363309 0.254882
v 0.304345 -0.358309 0.273082
v 0.291745 -0.352909 0.290582
v 0.278345 -0.347209 0.307482
v 0.247345 -0.334009 0.276882
v 0.259445 -0.339109 0.261782
v 0.323745 -0.376809 0.187082
v 0.315045 -0.373109 0.205982
v 0.305845 -0.366609 0.200082
v 0.314345 -0.370209 0.181782
v 0.335045 -0.379109 0.192382
v 0.326045 -0.375209 0.211782
v 0.305445 -0.369009 0.224382
v 0.296545 -0.362709 0.217982
v 0.316145 -0.371009 0.230782
v 0.308545 -0.360109 0.177382
v 0.316045 -0.363309 0.159082
v 0.322045 -0.373509 0.162982
v 0.331645 -0.380209 0.167782
v 0.343145 -0.382509 0.172482
v 0.354645 -0.379709 0.176482
v 0.346345 -0.376209 0.196782
v 0.337145 -0.372309 0.216682
v 0.327045 -0.368009 0.236082
v 0.291245 -0.352709 0.212682
v 0.300245 -0.356609 0.195282
v 0.349945 -0.388009 0.107582
v 0.344745 -0.385809 0.127982
v 0.334745 -0.378909 0.124382
v 0.339745 -0.381109 0.104582
v 0.361945 -0.390509 0.110582
v 0.356645 -0.388309 0.131582
v 0.338645 -0.383209 0.147982
v 0.328845 -0.376409 0.143882
v 0.350345 -0.385609 0.152182
v 0.333345 -0.370709 0.102082
v 0.337345 -0.372409 0.082482
v 0.343945 -0.382809 0.084482
v 0.354245 -0.389809 0.086982
v 0.366345 -0.392409 0.089382
v 0.378445 -0.389909 0.091382
v 0.373945 -0.388009 0.113082
v 0.368445 -0.385609 0.134582
v 0.362045 -0.382909 0.155682
v 0.322645 -0.366109 0.140382
v 0.328445 -0.368609 0.121382
v 0.361345 -0.392809 0.024082
v 0.359945 -0.392209 0.045182
v 0.349445 -0.385209 0.043882
v 0.350845 -0.385809 0.023482
v 0.373645 -0.395509 0.024682
v 0.372245 -0.394909 0.046382
v 0.357545 -0.391209 0.066082
v 0.347145 -0.384209 0.064282
v 0.369745 -0.393909 0.067982
v 0.344145 -0.375309 0.022982
v 0.344645 -0.375509 0.002882
v 0.351345 -0.386009 0.002882
v 0.361845 -0.393009 0.002882
v 0.374145 -0.395709 0.002882
v 0.385945 -0.393109 0.025182
v 0.386445 -0.393309 0.002882
v 0.384445 -0.392409 0.047382
v 0.381945 -0.391409 0.069482
v 0.340545 -0.373709 0.062782
v 0.342745 -0.374709 0.042882
v 0.357545 -0.391209 -0.060318
v 0.359945 -0.392209 -0.039318
v 0.349445 -0.385209 -0.038118
v 0.347145 -0.384209 -0.058418
v 0.369745 -0.393909 -0.062118
v 0.372245 -0.394909 -0.040518
v 0.361345 -0.392809 -0.018218
v 0.350845 -0.385809 -0.017618
v 0.373645 -0.395509 -0.018818
v 0.340545 -0.373709 -0.056918
v 0.337345 -0.372409 -0.076718
v 0.343945 -0.382809 -0.078718
v 0.354245 -0.389809 -0.081118
v 0.366345 -0.392409 -0.083518
v 0.381945 -0.391409 -0.063618
v 0.378445 -0.389909 -0.085518
v 0.384445 -0.392409 -0.041518
v 0.385945 -0.393109 -0.019318
v 0.344145 -0.375309 -0.017118
v 0.342745 -0.374709 -0.037018
v 0.338645 -0.383209 -0.142218
v 0.344745 -0.385809 -0.122118
v 0.334745 -0.378909 -0.118518
v 0.328845 -0.376409 -0.138018
v 0.350345 -0.385609 -0.146418
v 0.356645 -0.388309 -0.125718
v 0.349945 -0.388009 -0.101718
v 0.339745 -0.381109 -0.098718
v 0.361945 -0.390509 -0.104718
v 0.322645 -0.366109 -0.134518
v 0.316045 -0.363309 -0.153218
v 0.322045 -0.373509 -0.157118
v 0.331645 -0.380209 -0.161918
v 0.343145 -0.382509 -0.166618
v 0.362045 -0.382909 -0.149818
v 0.354645 -0.379709 -0.170618
v 0.368445 -0.385609 -0.128718
v 0.373945 -0.388009 -0.107218
v 0.333345 -0.370709 -0.096218
v 0.328445 -0.368609 -0.115518
v 0.305445 -0.369009 -0.218518
v 0.315045 -0.373109 -0.200118
v 0.305845 -0.366609 -0.194218
v 0.296545 -0.362709 -0.212118
v 0.316145 -0.371009 -0.224918
v 0.326045 -0.375209 -0.206018
v 0.323745 -0.376809 -0.181218
v 0.314345 -0.370209 -0.175918
v 0.335045 -0.379109 -0.186518
v 0.291245 -0.352709 -0.206818
v 0.281345 -0.348509 -0.223718
v 0.286445 -0.358309 -0.229418
v 0.295045 -0.364609 -0.236318
v 0.305445 -0.366509 -0.243318
v 0.327045 -0.368009 -0.230218
v 0.316145 -0.363309 -0.249018
v 0.337145 -0.372309 -0.210818
v 0.346345 -0.376209 -0.190918
v 0.308545 -0.360109 -0.171518
v 0.300245 -0.356609 -0.189418
v 0.259145 -0.349309 -0.286318
v 0.271845 -0.354709 -0.270318
v 0.263945 -0.348809 -0.262418
v 0.251645 -0.343509 -0.278018
v 0.268545 -0.350709 -0.294718
v 0.281645 -0.356309 -0.278218
v 0.283845 -0.359809 -0.253618
v 0.275545 -0.353709 -0.246218
v 0.293945 -0.361509 -0.261018
v 0.247345 -0.334009 -0.271018
v 0.234645 -0.328609 -0.285518
v 0.238645 -0.337909 -0.292818
v 0.245745 -0.343609 -0.301618
v 0.254745 -0.344809 -0.310418
v 0.278345 -0.347209 -0.301618
v 0.264245 -0.341209 -0.317718
v 0.291745 -0.352909 -0.284718
v 0.304345 -0.358309 -0.267218
v 0.270745 -0.344009 -0.240118
v 0.259445 -0.339109 -0.255918
v 0.201645 -0.324709 -0.343018
v 0.216945 -0.331309 -0.330018
v 0.210645 -0.326009 -0.320418
v 0.195745 -0.319709 -0.333018
v 0.209345 -0.325509 -0.353018
v 0.225145 -0.332209 -0.339618
v 0.231645 -0.337609 -0.316218
v 0.224945 -0.332109 -0.307018
v 0.240245 -0.338709 -0.325418
v 0.192845 -0.310809 -0.324718
v 0.177845 -0.304309 -0.336318
v 0.180345 -0.313109 -0.344818
v 0.185745 -0.318009 -0.355218
v 0.193045 -0.318509 -0.365518
v 0.217745 -0.321409 -0.361318
v 0.201045 -0.314209 -0.374118
v 0.233945 -0.328309 -0.347618
v 0.249445 -0.334909 -0.333018
v 0.221345 -0.322909 -0.299318
v 0.207345 -0.316909 -0.312418
v 0.135045 -0.296309 -0.386418
v 0.152345 -0.303709 -0.376918
v 0.147945 -0.299309 -0.365918
v 0.131045 -0.292109 -0.375218
v 0.140845 -0.296309 -0.397718
v 0.158745 -0.303909 -0.387918
v 0.169345 -0.311009 -0.366518
v 0.164345 -0.306309 -0.355818
v 0.176145 -0.311309 -0.377218
v 0.129745 -0.283909 -0.365918
v 0.112945 -0.276709 -0.374018
v 0.113745 -0.284709 -0.383518
v 0.117245 -0.288809 -0.395018
v 0.122545 -0.288509 -0.406518
v 0.147645 -0.291509 -0.407018
v 0.128945 -0.283509 -0.416018
v 0.165945 -0.299309 -0.397018
v 0.183745 -0.306909 -0.386018
v 0.162245 -0.297709 -0.347018
v 0.146245 -0.290909 -0.356918
v 0.061845 -0.265209 -0.414918
v 0.080645 -0.273109 -0.409218
v 0.078245 -0.269609 -0.397318
v 0.060045 -0.261809 -0.402818
v 0.065545 -0.264209 -0.426918
v 0.084845 -0.272409 -0.421118
v 0.099045 -0.281009 -0.402618
v 0.096145 -0.277209 -0.390918
v 0.103845 -0.280509 -0.414318
v 0.060545 -0.254309 -0.392818
v 0.042545 -0.246709 -0.397218
v 0.041645 -0.253909 -0.407318
v 0.042945 -0.257109 -0.419518
v 0.046045 -0.255809 -0.431718
v 0.070645 -0.258709 -0.436918
v 0.050645 -0.250109 -0.441818
v 0.090345 -0.267109 -0.431018
v 0.109845 -0.275409 -0.424018
v 0.095745 -0.269309 -0.381218
v 0.078245 -0.261909 -0.387518
v -0.014955 -0.232409 -0.427218
v 0.004445 -0.240709 -0.425718
v 0.004245 -0.238009 -0.413318
v -0.014555 -0.230009 -0.414818
v -0.013455 -0.230509 -0.439718
v 0.006545 -0.239009 -0.438118
v 0.023745 -0.248909 -0.423118
v 0.023045 -0.246009 -0.410818
v 0.026345 -0.247409 -0.435418
v -0.012255 -0.223309 -0.404518
v -0.030655 -0.215409 -0.405018
v -0.033455 -0.221909 -0.415318
v -0.034355 -0.224109 -0.427818
v -0.033455 -0.221909 -0.440218
v -0.010255 -0.224209 -0.450018
v -0.030655 -0.215409 -0.450518
v 0.010245 -0.232909 -0.448318
v 0.030545 -0.241509 -0.445618
v 0.024345 -0.238909 -0.400618
v 0.006145 -0.231109 -0.403118
v -0.092555 -0.199309 -0.423118
v -0.073255 -0.207509 -0.425718
v -0.071155 -0.205909 -0.413318
v -0.089955 -0.197909 -0.410818
v -0.093255 -0.196409 -0.435418
v -0.073455 -0.204909 -0.438118
v -0.053855 -0.215809 -0.427218
v -0.052355 -0.213909 -0.414818
v -0.053455 -0.213409 -0.439718
v -0.085755 -0.192009 -0.400618
v -0.103855 -0.184209 -0.397218
v -0.108555 -0.189909 -0.407318
v -0.111655 -0.191209 -0.419518
v -0.112955 -0.188009 -0.431718
v -0.091855 -0.189309 -0.445618
v -0.112055 -0.180709 -0.441818
v -0.071555 -0.198009 -0.448318
v -0.051155 -0.206709 -0.450018
v -0.049055 -0.207609 -0.404518
v -0.067455 -0.199809 -0.403118
v -0.167855 -0.167209 -0.402618
v -0.149355 -0.175109 -0.409218
v -0.145155 -0.174309 -0.397318
v -0.163055 -0.166709 -0.390918
v -0.170755 -0.163409 -0.414318
v -0.151755 -0.171509 -0.421118
v -0.130655 -0.183109 -0.414918
v -0.126955 -0.182109 -0.402818
v -0.132555 -0.179709 -0.426918
v -0.157155 -0.161509 -0.381218
v -0.174255 -0.154209 -0.374018
v -0.180655 -0.159209 -0.383518
v -0.185955 -0.159509 -0.395018
v -0.189455 -0.155409 -0.406518
v -0.171255 -0.155509 -0.424018
v -0.190355 -0.147409 -0.416018
v -0.151755 -0.163809 -0.431018
v -0.132055 -0.172209 -0.436918
v -0.121855 -0.176609 -0.392818
v -0.139655 -0.169009 -0.387518
v -0.238055 -0.137309 -0.366518
v -0.221155 -0.144509 -0.376918
v -0.214855 -0.144609 -0.365918
v -0.231255 -0.137609 -0.355818
v -0.243055 -0.132609 -0.377218
v -0.225655 -0.140009 -0.387918
v -0.203755 -0.151909 -0.386418
v -0.197955 -0.151809 -0.375218
v -0.207755 -0.147609 -0.397718
v -0.223655 -0.133209 -0.347018
v -0.239155 -0.126509 -0.336318
v -0.247255 -0.130809 -0.344818
v -0.254455 -0.130309 -0.355218
v -0.259955 -0.125409 -0.365518
v -0.245155 -0.124009 -0.386018
v -0.262455 -0.116609 -0.374118
v -0.227355 -0.131609 -0.397018
v -0.209055 -0.139409 -0.407018
v -0.191155 -0.147009 -0.365918
v -0.207555 -0.140009 -0.356918
v -0.300455 -0.110709 -0.316218
v -0.285755 -0.116909 -0.330018
v -0.277555 -0.117909 -0.320418
v -0.291855 -0.111809 -0.307018
v -0.307255 -0.105209 -0.325418
v -0.292055 -0.111709 -0.339618
v -0.270355 -0.123509 -0.343018
v -0.262655 -0.124209 -0.333018
v -0.276255 -0.118409 -0.353018
v -0.282755 -0.108009 -0.299318
v -0.296055 -0.102309 -0.285518
v -0.305555 -0.105909 -0.292818
v -0.314555 -0.104709 -0.301618
v -0.321655 -0.099009 -0.310418
v -0.310755 -0.096009 -0.333018
v -0.325655 -0.089709 -0.317718
v -0.295255 -0.102609 -0.347618
v -0.279155 -0.109509 -0.361318
v -0.254255 -0.120109 -0.324718
v -0.268755 -0.113909 -0.312418
v -0.352655 -0.088409 -0.253618
v -0.340655 -0.093509 -0.270318
v -0.330855 -0.095109 -0.262418
v -0.342455 -0.090209 -0.246218
v -0.360855 -0.082309 -0.261018
v -0.348555 -0.087609 -0.278218
v -0.327955 -0.098909 -0.286318
v -0.318555 -0.100409 -0.278018
v -0.335455 -0.093209 -0.294718
v -0.332155 -0.086909 -0.240118
v -0.342755 -0.082409 -0.223718
v -0.353355 -0.085509 -0.229418
v -0.363855 -0.083609 -0.236418
v -0.372355 -0.077409 -0.243318
v -0.365755 -0.072609 -0.267218
v -0.377455 -0.067609 -0.249018
v -0.353155 -0.078009 -0.284718
v -0.339755 -0.083709 -0.301618
v -0.308755 -0.096909 -0.271018
v -0.320755 -0.091709 -0.255918
v -0.392555 -0.071409 -0.181218
v -0.383755 -0.075109 -0.200118
v -0.372755 -0.077309 -0.194218
v -0.381255 -0.073609 -0.175918
v -0.401955 -0.064809 -0.186518
v -0.392955 -0.068709 -0.206018
v -0.374255 -0.079209 -0.218518
v -0.363455 -0.081209 -0.212118
v -0.383055 -0.072909 -0.224918
v -0.369955 -0.070809 -0.171518
v -0.377455 -0.067609 -0.153218
v -0.388955 -0.070409 -0.157118
v -0.400455 -0.068009 -0.161918
v -0.410055 -0.061409 -0.166618
v -0.407755 -0.054709 -0.190918
v -0.416055 -0.051109 -0.170618
v -0.398555 -0.058609 -0.210818
v -0.388455 -0.062909 -0.230218
v -0.352555 -0.078209 -0.206818
v -0.361655 -0.074309 -0.189418
v -0.418755 -0.060209 -0.101718
v -0.413555 -0.062509 -0.122118
v -0.401655 -0.065009 -0.118518
v -0.406655 -0.062809 -0.098718
v -0.428855 -0.053309 -0.104718
v -0.423555 -0.055609 -0.125718
v -0.407455 -0.065109 -0.142218
v -0.395755 -0.067509 -0.138018
v -0.417255 -0.058309 -0.146418
v -0.394755 -0.060209 -0.096218
v -0.398755 -0.058509 -0.076718
v -0.410855 -0.061009 -0.078718
v -0.422955 -0.058409 -0.081118
v -0.433255 -0.051509 -0.083518
v -0.435255 -0.042909 -0.107218
v -0.439755 -0.041009 -0.085518
v -0.429855 -0.045309 -0.128718
v -0.423455 -0.048009 -0.149818
v -0.384055 -0.064809 -0.134518
v -0.389855 -0.062309 -0.115518
v -0.430055 -0.055409 -0.018218
v -0.428655 -0.056009 -0.039318
v -0.416355 -0.058709 -0.038118
v -0.417755 -0.058109 -0.017618
v -0.440555 -0.048309 -0.018818
v -0.439155 -0.049009 -0.040518
v -0.426255 -0.057009 -0.060318
v -0.414055 -0.059709 -0.058418
v -0.436655 -0.050009 -0.062118
v -0.405555 -0.055609 -0.017118
v -0.405955 -0.055409 0.002882
v -0.418255 -0.057909 0.002882
v -0.430555 -0.055209 0.002882
v -0.441055 -0.048109 0.002882
v -0.447255 -0.037809 -0.019318
v -0.447755 -0.037609 0.002882
v -0.445755 -0.038509 -0.041518
v -0.443255 -0.039509 -0.063618
v -0.401955 -0.057209 -0.056918
v -0.404155 -0.056209 -0.037018
v -0.426255 -0.057009 0.066082
v -0.428655 -0.056009 0.045182
v -0.416355 -0.058709 0.043882
v -0.414055 -0.059709 0.064282
v -0.436655 -0.050009 0.067982
v -0.439155 -0.049009 0.046382
v -0.430055 -0.055409 0.024082
v -0.417755 -0.058109 0.023482
v -0.440555 -0.048309 0.024682
v -0.401955 -0.057209 0.062782
v -0.398755 -0.058509 0.082482
v -0.410855 -0.061009 0.084482
v -0.422955 -0.058409 0.086982
v -0.433255 -0.051509 0.089382
v -0.443255 -0.039509 0.069482
v -0.439755 -0.041009 0.091382
v -0.445755 -0.038509 0.047382
v -0.447255 -0.037809 0.025182
v -0.405555 -0.055609 0.022982
v -0.404155 -0.056209 0.042882
v -0.407455 -0.065109 0.147982
v -0.413555 -0.062509 0.127982
v -0.401655 -0.065009 0.124382
v -0.395755 -0.067509 0.143882
v -0.417255 -0.058309 0.152182
v -0.423555 -0.055609 0.131582
v -0.418755 -0.060209 0.107582
v -0.406655 -0.062809 0.104582
v -0.428855 -0.053309 0.110582
v -0.384055 -0.064809 0.140382
v -0.377455 -0.067609 0.159082
v -0.388955 -0.070409 0.162982
v -0.400455 -0.068009 0.167782
v -0.410055 -0.061409 0.172482
v -0.423455 -0.048009 0.155682
v -0.416055 -0.051109 0.176482
v -0.429855 -0.045309 0.134582
v -0.435255 -0.042909 0.113082
v -0.394755 -0.060209 0.102082
v -0.389855 -0.062309 0.121382
v -0.374255 -0.079209 0.224382
v -0.383755 -0.075109 0.205982
v -0.372755 -0.077309 0.200082
v -0.363455 -0.081209 0.217982
v -0.383055 -0.072909 0.230782
v -0.392955 -0.068709 0.211782
v -0.392555 -0.071409 0.187082
v -0.381255 -0.073609 0.181782
v -0.401955 -0.064809 0.192382
v -0.352555 -0.078209 0.212682
v -0.342755 -0.082409 0.229582
v -0.353355 -0.085509 0.235282
v -0.363855 -0.083609 0.242182
v -0.372355 -0.077409 0.249082
v -0.388455 -0.062909 0.236082
v -0.377455 -0.067609 0.254882
v -0.398555 -0.058609 0.216682
v -0.407755 -0.054709 0.196782
v -0.369955 -0.070809 0.177382
v -0.361655 -0.074309 0.195282
v -0.327955 -0.098909 0.292182
v -0.340655 -0.093509 0.276182
v -0.330855 -0.095109 0.268282
v -0.318555 -0.100409 0.283782
v -0.335455 -0.093209 0.300482
v -0.348555 -0.087609 0.284082
v -0.352655 -0.088409 0.259482
v -0.342455 -0.090209 0.252082
v -0.360855 -0.082309 0.266882
v -0.308755 -0.096909 0.276882
v -0.296055 -0.102309 0.291382
v -0.305555 -0.105909 0.298682
v -0.314555 -0.104709 0.307482
v -0.321655 -0.099009 0.316282
v -0.339755 -0.083709 0.307482
v -0.325655 -0.089709 0.323582
v -0.353155 -0.078009 0.290582
v -0.365755 -0.072609 0.273082
v -0.332155 -0.086909 0.245982
v -0.320755 -0.091709 0.261782
v -0.270355 -0.123509 0.348882
v -0.285755 -0.116909 0.335882
v -0.277555 -0.117909 0.326282
v -0.262655 -0.124209 0.338882
v -0.276255 -0.118409 0.358882
v -0.292055 -0.111709 0.345482
v -0.300455 -0.110709 0.322082
v -0.291855 -0.111809 0.312882
v -0.307255 -0.105209 0.331282
v -0.254255 -0.120109 0.330582
v -0.239155 -0.126509 0.342182
v -0.247255 -0.130809 0.350682
v -0.254455 -0.130309 0.361082
v -0.259955 -0.125409 0.371382
v -0.279155 -0.109509 0.367082
v -0.262455 -0.116609 0.379982
v -0.295255 -0.102609 0.353482
v -0.310755 -0.096009 0.338882
v -0.282755 -0.108009 0.305182
v -0.268755 -0.113909 0.318282
v -0.203755 -0.151909 0.392282
v -0.221155 -0.144509 0.382782
v -0.214855 -0.144609 0.371782
v -0.197955 -0.151809 0.381082
v -0.207755 -0.147609 0.403482
v -0.225655 -0.140009 0.393782
v -0.238055 -0.137309 0.372382
v -0.231255 -0.137609 0.361682
v -0.243055 -0.132609 0.382982
v -0.191155 -0.147009 0.371682
v -0.174255 -0.154209 0.379882
v -0.180655 -0.159209 0.389382
v -0.185955 -0.159509 0.400882
v -0.189455 -0.155409 0.412282
v -0.209055 -0.139409 0.412782
v -0.190355 -0.147409 0.421882
v -0.227355 -0.131609 0.402782
v -0.245155 -0.124009 0.391882
v -0.223655 -0.133209 0.352882
v -0.207555 -0.140009 0.362682
v -0.130655 -0.183109 0.420682
v -0.149355 -0.175109 0.415082
v -0.145155 -0.174309 0.403182
v -0.126955 -0.182109 0.408682
v -0.132555 -0.179709 0.432782
v -0.151755 -0.171509 0.426982
v -0.167855 -0.167209 0.408482
v -0.163055 -0.166709 0.396782
v -0.170755 -0.163409 0.420182
v -0.121855 -0.176609 0.398682
v -0.103855 -0.184209 0.403082
v -0.108555 -0.189909 0.413182
v -0.111655 -0.191209 0.425382
v -0.112955 -0.188009 0.437582
v -0.132055 -0.172209 0.442782
v -0.112055 -0.180709 0.447682
v -0.151755 -0.163809 0.436882
v -0.171255 -0.155509 0.429882
v -0.157155 -0.161509 0.387082
v -0.139655 -0.169009 0.393282
v -0.053855 -0.215809 0.433082
v -0.073255 -0.207509 0.431582
v -0.071155 -0.205909 0.419182
v -0.052355 -0.213909 0.420682
v -0.053455 -0.213409 0.445482
v -0.073455 -0.204909 0.443882
v -0.092555 -0.199309 0.428982
v -0.089955 -0.197909 0.416682
v -0.093255 -0.196409 0.441282
v -0.049055 -0.207609 0.410382
v -0.051155 -0.206709 0.455782
v -0.071555 -0.198009 0.454182
v -0.091855 -0.189309 0.451482
v -0.085755 -0.192009 0.406482
v -0.067455 -0.199809 0.408882
v 0.103445 -0.210309 0.403182
v 0.107745 -0.209609 0.415082
v 0.126245 -0.217409 0.408482
v 0.121445 -0.218009 0.396782
v 0.085245 -0.202609 0.408682
v 0.088945 -0.201609 0.420682
v 0.110145 -0.213209 0.426982
v 0.129145 -0.221309 0.420182
v 0.090845 -0.204909 0.432782
v 0.115445 -0.223109 0.387082
v 0.139045 -0.225509 0.389382
v 0.132645 -0.230409 0.379882
v 0.097945 -0.215709 0.393282
v 0.080245 -0.208109 0.398682
v 0.090345 -0.212409 0.442782
v 0.110145 -0.220809 0.436882
v 0.129545 -0.229109 0.429882
v 0.148645 -0.237309 0.421882
v 0.147745 -0.229209 0.412282
v 0.144345 -0.225209 0.400882
v 0.173145 -0.240009 0.371782
v 0.179445 -0.240209 0.382782
v 0.196445 -0.247409 0.372382
v 0.189645 -0.247009 0.361682
v 0.156345 -0.232809 0.381082
v 0.162145 -0.232809 0.392282
v 0.183945 -0.244609 0.393782
v 0.201345 -0.252109 0.382982
v 0.166045 -0.237009 0.403482
v 0.205545 -0.253809 0.350682
v 0.197545 -0.258109 0.342182
v 0.181945 -0.251509 0.352882
v 0.165945 -0.244609 0.362682
v 0.149445 -0.237609 0.371682
v 0.167345 -0.245209 0.412782
v 0.185645 -0.253009 0.402782
v 0.203445 -0.260609 0.391882
v 0.220745 -0.268009 0.379982
v 0.218245 -0.259309 0.371382
v 0.212845 -0.254409 0.361082
v 0.235845 -0.266809 0.326282
v 0.244045 -0.267709 0.335882
v 0.258745 -0.274009 0.322082
v 0.250145 -0.272909 0.312882
v 0.221045 -0.260409 0.338882
v 0.228745 -0.261209 0.348882
v 0.250445 -0.273009 0.345482
v 0.265545 -0.279409 0.331282
v 0.234645 -0.266209 0.358882
v 0.263845 -0.278709 0.298682
v 0.254345 -0.282309 0.291382
v 0.241045 -0.276709 0.305182
v 0.227145 -0.270709 0.318282
v 0.212545 -0.264509 0.330582
v 0.237545 -0.275109 0.367082
v 0.253645 -0.282009 0.353482
v 0.269145 -0.288609 0.338882
v 0.283945 -0.295009 0.323582
v 0.280045 -0.285609 0.316282
v 0.272845 -0.280009 0.307482
v 0.289245 -0.289509 0.268282
v 0.298945 -0.291109 0.276182
v 0.310945 -0.296209 0.259482
v 0.300845 -0.294509 0.252082
v 0.276845 -0.284309 0.283782
v 0.286245 -0.285709 0.292182
v 0.306945 -0.297109 0.284082
v 0.319245 -0.302309 0.266882
v 0.293845 -0.291509 0.300482
v 0.311745 -0.299109 0.235282
v 0.301045 -0.302209 0.229582
v 0.290445 -0.297709 0.245982
v 0.279145 -0.292909 0.261782
v 0.267045 -0.287809 0.276882
v 0.298045 -0.301009 0.307482
v 0.311445 -0.306709 0.290582
v 0.324045 -0.312109 0.273082
v 0.335845 -0.317109 0.254882
v 0.330745 -0.307209 0.249082
v 0.322145 -0.301009 0.242182
v 0.331145 -0.307409 0.200082
v 0.342145 -0.309509 0.205982
v 0.350845 -0.313209 0.187082
v 0.339645 -0.311009 0.181782
v 0.321845 -0.303409 0.217982
v 0.332545 -0.305409 0.224382
v 0.351345 -0.316009 0.211782
v 0.360245 -0.319809 0.192382
v 0.341445 -0.311809 0.230782
v 0.347245 -0.314309 0.162982
v 0.335745 -0.317009 0.159082
v 0.328245 -0.313909 0.177382
v 0.319945 -0.310309 0.195282
v 0.310945 -0.306509 0.212682
v 0.346745 -0.321709 0.236082
v 0.356845 -0.326109 0.216682
v 0.366045 -0.330009 0.196782
v 0.374345 -0.333509 0.176482
v 0.368445 -0.323309 0.172482
v 0.358745 -0.316609 0.167782
v 0.359945 -0.319709 0.124382
v 0.371845 -0.322209 0.127982
v 0.377045 -0.324409 0.107582
v 0.365045 -0.321809 0.104582
v 0.354045 -0.317209 0.143882
v 0.365745 -0.319609 0.147982
v 0.381845 -0.329009 0.131582
v 0.387245 -0.331309 0.110582
v 0.375645 -0.326309 0.152182
v 0.369145 -0.323609 0.084482
v 0.357145 -0.326109 0.082482
v 0.353045 -0.324409 0.102082
v 0.348145 -0.322309 0.121382
v 0.342345 -0.319909 0.140382
v 0.381745 -0.336709 0.155682
v 0.388145 -0.339409 0.134582
v 0.393645 -0.341709 0.113082
v 0.398145 -0.343609 0.091382
v 0.391645 -0.333209 0.089382
v 0.381345 -0.326209 0.086982
v 0.374745 -0.326009 0.043882
v 0.387045 -0.328709 0.045182
v 0.388445 -0.329309 0.024082
v 0.376045 -0.326609 0.023482
v 0.372345 -0.325009 0.064282
v 0.384645 -0.327609 0.066082
v 0.397445 -0.335709 0.046382
v 0.398945 -0.336309 0.024682
v 0.395045 -0.334609 0.067982
v 0.376545 -0.326809 0.002882
v 0.364345 -0.329209 0.002882
v 0.363845 -0.329009 0.022982
v 0.362545 -0.328409 0.042882
v 0.360245 -0.327509 0.062782
v 0.401645 -0.345109 0.069482
v 0.404145 -0.346209 0.047382
v 0.405645 -0.346809 0.025182
v 0.406145 -0.347109 0.002882
v 0.399445 -0.336509 0.002882
v 0.388945 -0.329509 0.002882
v 0.374745 -0.326009 -0.038118
v 0.387045 -0.328709 -0.039318
v 0.384645 -0.327609 -0.060318
v 0.372345 -0.325009 -0.058418
v 0.376045 -0.326609 -0.017618
v 0.388445 -0.329309 -0.018218
v 0.397445 -0.335709 -0.040518
v 0.395045 -0.334609 -0.062118
v 0.398945 -0.336309 -0.018818
v 0.369145 -0.323609 -0.078718
v 0.357145 -0.326109 -0.076718
v 0.360245 -0.327509 -0.056918
v 0.362545 -0.328409 -0.037018
v 0.363845 -0.329009 -0.017118
v 0.405645 -0.346809 -0.019318
v 0.404145 -0.346209 -0.041518
v 0.401645 -0.345109 -0.063618
v 0.398145 -0.343609 -0.085518
v 0.391645 -0.333209 -0.083518
v 0.381345 -0.326209 -0.081118
v 0.359945 -0.319709 -0.118518
v 0.371845 -0.322209 -0.122118
v 0.365745 -0.319609 -0.142218
v 0.354045 -0.317209 -0.138018
v 0.365045 -0.321809 -0.098718
v 0.377045 -0.324409 -0.101718
v 0.381845 -0.329009 -0.125718
v 0.375645 -0.326309 -0.146418
v 0.387245 -0.331309 -0.104718
v 0.347245 -0.314309 -0.157118
v 0.335745 -0.317009 -0.153218
v 0.342345 -0.319909 -0.134518
v 0.348145 -0.322309 -0.115518
v 0.353045 -0.324409 -0.096218
v 0.393645 -0.341709 -0.107218
v 0.388145 -0.339409 -0.128718
v 0.381745 -0.336709 -0.149818
v 0.374345 -0.333509 -0.170618
v 0.368445 -0.323309 -0.166618
v 0.358745 -0.316609 -0.161918
v 0.331145 -0.307409 -0.194218
v 0.342145 -0.309509 -0.200118
v 0.332545 -0.305409 -0.218518
v 0.321845 -0.303409 -0.212118
v 0.339645 -0.311009 -0.175918
v 0.350845 -0.313209 -0.181218
v 0.351345 -0.316009 -0.206018
v 0.341445 -0.311809 -0.224918
v 0.360245 -0.319809 -0.186518
v 0.311745 -0.299109 -0.229418
v 0.301045 -0.302209 -0.223718
v 0.310945 -0.306509 -0.206818
v 0.319945 -0.310309 -0.189418
v 0.328245 -0.313909 -0.171518
v 0.366045 -0.330009 -0.190918
v 0.356845 -0.326109 -0.210818
v 0.346745 -0.321709 -0.230218
v 0.335845 -0.317109 -0.249018
v 0.330745 -0.307209 -0.243318
v 0.322145 -0.301009 -0.236318
v 0.289245 -0.289509 -0.262418
v 0.298945 -0.291109 -0.270318
v 0.286245 -0.285709 -0.286318
v 0.276845 -0.284309 -0.278018
v 0.300845 -0.294509 -0.246218
v 0.310945 -0.296209 -0.253618
v 0.306945 -0.297109 -0.278218
v 0.293845 -0.291509 -0.294718
v 0.319245 -0.302309 -0.261018
v 0.263845 -0.278709 -0.292818
v 0.254345 -0.282309 -0.285518
v 0.267045 -0.287809 -0.271018
v 0.279145 -0.292909 -0.255918
v 0.290445 -0.297709 -0.240118
v 0.324045 -0.312109 -0.267218
v 0.311445 -0.306709 -0.284718
v 0.298045 -0.301009 -0.301618
v 0.283945 -0.295009 -0.317718
v 0.280045 -0.285609 -0.310418
v 0.272845 -0.280009 -0.301618
v 0.235845 -0.266809 -0.320418
v 0.244045 -0.267709 -0.330018
v 0.228745 -0.261209 -0.343018
v 0.221045 -0.260409 -0.333018
v 0.250145 -0.272909 -0.307018
v 0.258745 -0.274009 -0.316218
v 0.250445 -0.273009 -0.339618
v 0.234645 -0.266209 -0.353018
v 0.265545 -0.279409 -0.325418
v 0.205545 -0.253809 -0.344818
v 0.197545 -0.258109 -0.336318
v 0.212545 -0.264509 -0.324718
v 0.227145 -0.270709 -0.312418
v 0.241045 -0.276709 -0.299318
v 0.269145 -0.288609 -0.333018
v 0.253645 -0.282009 -0.347618
v 0.237545 -0.275109 -0.361318
v 0.220745 -0.268009 -0.374118
v 0.218245 -0.259309 -0.365518
v 0.212845 -0.254409 -0.355218
v 0.173145 -0.240009 -0.365918
v 0.179445 -0.240209 -0.376918
v 0.162145 -0.232809 -0.386418
v 0.156345 -0.232809 -0.375218
v 0.189645 -0.247009 -0.355818
v 0.196445 -0.247409 -0.366518
v 0.183945 -0.244609 -0.387918
v 0.166045 -0.237009 -0.397718
v 0.201345 -0.252109 -0.377218
v 0.139045 -0.225509 -0.383518
v 0.132645 -0.230409 -0.374018
v 0.149445 -0.237609 -0.365918
v 0.165945 -0.244609 -0.356918
v 0.181945 -0.251509 -0.347018
v 0.203445 -0.260609 -0.386018
v 0.185645 -0.253009 -0.397018
v 0.167345 -0.245209 -0.407018
v 0.148645 -0.237309 -0.416018
v 0.147745 -0.229209 -0.406518
v 0.144345 -0.225209 -0.395018
v 0.103445 -0.210309 -0.397318
v 0.107745 -0.209609 -0.409218
v 0.088945 -0.201609 -0.414918
v 0.085245 -0.202609 -0.402818
v 0.121445 -0.218009 -0.390918
v 0.126245 -0.217409 -0.402618
v 0.110145 -0.213209 -0.421118
v 0.090845 -0.204909 -0.426918
v 0.129145 -0.221309 -0.414318
v 0.066845 -0.194709 -0.407318
v 0.062245 -0.200409 -0.397218
v 0.080245 -0.208109 -0.392818
v 0.097945 -0.215709 -0.387518
v 0.115445 -0.223109 -0.381218
v 0.129545 -0.229109 -0.424018
v 0.110145 -0.220809 -0.431018
v 0.090345 -0.212409 -0.436918
v 0.070445 -0.203909 -0.441818
v 0.071345 -0.196609 -0.431718
v 0.070045 -0.193509 -0.419518
v 0.029545 -0.178809 -0.413318
v 0.031545 -0.177109 -0.425718
v 0.012145 -0.168809 -0.427218
v 0.010645 -0.170809 -0.414818
v 0.048245 -0.186809 -0.410818
v 0.050845 -0.185309 -0.423118
v 0.031745 -0.179709 -0.438118
v 0.011845 -0.171209 -0.439718
v 0.051645 -0.188209 -0.435418
v -0.008155 -0.162709 -0.415318
v -0.010955 -0.169209 -0.405018
v 0.007445 -0.177109 -0.404518
v 0.025845 -0.184909 -0.403118
v 0.044045 -0.192709 -0.400618
v 0.050245 -0.195309 -0.445618
v 0.029945 -0.186609 -0.448318
v 0.009445 -0.177909 -0.450018
v -0.010955 -0.169209 -0.450518
v -0.008155 -0.162709 -0.440218
v -0.007255 -0.160509 -0.427818
v -0.045955 -0.146609 -0.413318
v -0.046155 -0.144009 -0.425718
v -0.065455 -0.135709 -0.423118
v -0.064655 -0.138609 -0.410818
v -0.027055 -0.154709 -0.414818
v -0.026755 -0.152209 -0.427218
v -0.048155 -0.145709 -0.438118
v -0.068055 -0.137209 -0.435418
v -0.028155 -0.154209 -0.439718
v -0.083255 -0.130709 -0.407318
v -0.084155 -0.138009 -0.397218
v -0.066055 -0.145709 -0.400618
v -0.047755 -0.153509 -0.403118
v -0.029355 -0.161409 -0.404518
v -0.031455 -0.160509 -0.450018
v -0.051855 -0.151809 -0.448318
v -0.072155 -0.143109 -0.445618
v -0.092355 -0.134509 -0.441818
v -0.087755 -0.128809 -0.431718
v -0.084555 -0.127609 -0.419518
v -0.119855 -0.115109 -0.397318
v -0.122255 -0.111509 -0.409218
v -0.140755 -0.103609 -0.402618
v -0.137855 -0.107409 -0.390918
v -0.101655 -0.122809 -0.402818
v -0.103555 -0.119509 -0.414918
v -0.126555 -0.112309 -0.421118
v -0.145555 -0.104209 -0.414318
v -0.107255 -0.120509 -0.426918
v -0.155455 -0.099909 -0.383518
v -0.154555 -0.108009 -0.374018
v -0.137355 -0.115309 -0.381218
v -0.119955 -0.122809 -0.387518
v -0.102155 -0.130309 -0.392818
v -0.112355 -0.126009 -0.436918
v -0.132055 -0.117609 -0.431018
v -0.151455 -0.109309 -0.424018
v -0.170555 -0.101109 -0.416018
v -0.164155 -0.096209 -0.406518
v -0.158855 -0.095909 -0.395018
v -0.189555 -0.085409 -0.365918
v -0.194055 -0.080909 -0.376918
v -0.210955 -0.073709 -0.366518
v -0.206055 -0.078409 -0.355818
v -0.172755 -0.092609 -0.375218
v -0.176655 -0.088309 -0.386418
v -0.200355 -0.080809 -0.387918
v -0.217755 -0.073309 -0.377218
v -0.182455 -0.088409 -0.397718
v -0.221955 -0.071609 -0.344818
v -0.219455 -0.080309 -0.336318
v -0.203955 -0.086909 -0.347018
v -0.187855 -0.093809 -0.356918
v -0.171455 -0.100809 -0.365918
v -0.189355 -0.093209 -0.407018
v -0.207555 -0.085409 -0.397018
v -0.225455 -0.077809 -0.386018
v -0.242755 -0.070409 -0.374118
v -0.234655 -0.066109 -0.365518
v -0.227355 -0.066709 -0.355218
v -0.252255 -0.058609 -0.320418
v -0.258655 -0.053409 -0.330018
v -0.273355 -0.047109 -0.316218
v -0.266555 -0.052509 -0.307018
v -0.237355 -0.065009 -0.333018
v -0.243255 -0.059909 -0.343018
v -0.266755 -0.052409 -0.339618
v -0.281955 -0.046009 -0.325418
v -0.251055 -0.059209 -0.353018
v -0.280255 -0.046709 -0.292818
v -0.276355 -0.056109 -0.285518
v -0.262955 -0.061709 -0.299318
v -0.249055 -0.067709 -0.312418
v -0.234555 -0.073909 -0.324718
v -0.259455 -0.063309 -0.361318
v -0.275555 -0.056409 -0.347618
v -0.291055 -0.049809 -0.333018
v -0.305955 -0.043509 -0.317718
v -0.296455 -0.039809 -0.310418
v -0.287455 -0.041109 -0.301618
v -0.305655 -0.035909 -0.262418
v -0.313555 -0.030009 -0.270318
v -0.325555 -0.024909 -0.253618
v -0.317255 -0.030909 -0.246218
v -0.293255 -0.041209 -0.278018
v -0.300855 -0.035409 -0.286318
v -0.323355 -0.028409 -0.278218
v -0.335655 -0.023109 -0.261018
v -0.310255 -0.033909 -0.294718
v -0.328155 -0.026309 -0.229418
v -0.323055 -0.036209 -0.223718
v -0.312455 -0.040709 -0.240118
v -0.301055 -0.045509 -0.255918
v -0.289055 -0.050609 -0.271018
v -0.320055 -0.037409 -0.301618
v -0.333455 -0.031709 -0.284718
v -0.345955 -0.026409 -0.267218
v -0.357755 -0.021309 -0.249018
v -0.347155 -0.018209 -0.243318
v -0.336755 -0.020109 -0.236418
v -0.347555 -0.018009 -0.194218
v -0.356655 -0.011609 -0.200118
v -0.365455 -0.007809 -0.181218
v -0.356055 -0.014409 -0.175918
v -0.338255 -0.022009 -0.212118
v -0.347155 -0.015609 -0.218518
v -0.367655 -0.009409 -0.206018
v -0.376655 -0.005609 -0.186518
v -0.357855 -0.013609 -0.224918
v -0.363655 -0.011109 -0.157118
v -0.357655 -0.021409 -0.153218
v -0.350255 -0.024609 -0.171518
v -0.341955 -0.028109 -0.189418
v -0.332855 -0.032009 -0.206818
v -0.368755 -0.016709 -0.230218
v -0.378855 -0.012409 -0.210818
v -0.388055 -0.008409 -0.190918
v -0.396355 -0.004909 -0.170618
v -0.384855 -0.002109 -0.166618
v -0.373355 -0.004509 -0.161918
v -0.376355 -0.005709 -0.118518
v -0.386455 0.001091 -0.122118
v -0.391555 0.003291 -0.101718
v -0.381455 -0.003609 -0.098718
v -0.370455 -0.008209 -0.138018
v -0.380355 -0.001509 -0.142218
v -0.398255 0.003591 -0.125718
v -0.403655 0.005891 -0.104718
v -0.392055 0.000891 -0.146418
v -0.385555 -0.001809 -0.078718
v -0.379055 -0.012309 -0.076718
v -0.375055 -0.014009 -0.096218
v -0.370055 -0.016109 -0.115518
v -0.364355 -0.018509 -0.134518
v -0.403655 -0.001809 -0.149818
v -0.410155 0.000991 -0.128718
v -0.415555 0.003291 -0.107218
v -0.420055 0.005191 -0.085518
v -0.408055 0.007791 -0.083518
v -0.395855 0.005091 -0.081118
v -0.391155 0.000591 -0.038118
v -0.401555 0.007591 -0.039318
v -0.402955 0.008191 -0.018218
v -0.392455 0.001091 -0.017618
v -0.388755 -0.000409 -0.058418
v -0.399155 0.006591 -0.060318
v -0.413855 0.010291 -0.040518
v -0.415355 0.010891 -0.018818
v -0.411455 0.009191 -0.062118
v -0.392955 0.001291 0.002882
v -0.386255 -0.009209 0.002882
v -0.385855 -0.009409 -0.017118
v -0.384455 -0.010009 -0.037018
v -0.382155 -0.010909 -0.056918
v -0.423555 0.006691 -0.063618
v -0.426055 0.007791 -0.041518
v -0.427555 0.008391 -0.019318
v -0.428055 0.008591 0.002882
v -0.415855 0.011091 0.002882
v -0.403455 0.008391 0.002882
v -0.391155 0.000591 0.043882
v -0.401555 0.007591 0.045182
v -0.399155 0.006591 0.066082
v -0.388755 -0.000409 0.064282
v -0.392455 0.001091 0.023482
v -0.402955 0.008191 0.024082
v -0.413855 0.010291 0.046382
v -0.411455 0.009191 0.067982
v -0.415355 0.010891 0.024682
v -0.385555 -0.001809 0.084482
v -0.379055 -0.012309 0.082482
v -0.382155 -0.010909 0.062782
v -0.384455 -0.010009 0.042882
v -0.385855 -0.009409 0.022982
v -0.427555 0.008391 0.025182
v -0.426055 0.007791 0.047382
v -0.423555 0.006691 0.069482
v -0.420055 0.005191 0.091382
v -0.408055 0.007791 0.089382
v -0.395855 0.005091 0.086982
v -0.376355 -0.005709 0.124382
v -0.386455 0.001091 0.127982
v -0.380355 -0.001509 0.147982
v -0.370455 -0.008209 0.143882
v -0.381455 -0.003609 0.104582
v -0.391555 0.003291 0.107582
v -0.398255 0.003591 0.131582
v -0.392055 0.000891 0.152182
v -0.403655 0.005891 0.110582
v -0.363655 -0.011109 0.162982
v -0.357655 -0.021409 0.159082
v -0.364355 -0.018509 0.140382
v -0.370055 -0.016109 0.121382
v -0.375055 -0.014009 0.102082
v -0.415555 0.003291 0.113082
v -0.410155 0.000991 0.134582
v -0.403655 -0.001809 0.155682
v -0.396355 -0.004909 0.176482
v -0.384855 -0.002109 0.172482
v -0.373355 -0.004509 0.167782
v -0.347555 -0.018009 0.200082
v -0.356655 -0.011609 0.205982
v -0.347155 -0.015609 0.224382
v -0.338255 -0.022009 0.217982
v -0.356055 -0.014409 0.181782
v -0.365455 -0.007809 0.187082
v -0.367655 -0.009409 0.211782
v -0.357855 -0.013609 0.230782
v -0.376655 -0.005609 0.192382
v -0.328155 -0.026309 0.235282
v -0.323055 -0.036209 0.229582
v -0.332855 -0.032009 0.212682
v -0.341955 -0.028109 0.195282
v -0.350255 -0.024609 0.177382
v -0.388055 -0.008409 0.196782
v -0.378855 -0.012409 0.216682
v -0.368755 -0.016709 0.236082
v -0.357755 -0.021309 0.254882
v -0.347155 -0.018209 0.249082
v -0.336755 -0.020109 0.242182
v -0.305655 -0.035909 0.268282
v -0.313555 -0.030009 0.276182
v -0.300855 -0.035409 0.292182
v -0.293255 -0.041209 0.283782
v -0.317255 -0.030909 0.252082
v -0.325555 -0.024909 0.259482
v -0.323355 -0.028409 0.284082
v -0.310255 -0.033909 0.300482
v -0.335655 -0.023109 0.266882
v -0.280255 -0.046709 0.298682
v -0.276355 -0.056109 0.291382
v -0.289055 -0.050609 0.276882
v -0.301055 -0.045509 0.261782
v -0.312455 -0.040709 0.245982
v -0.345955 -0.026409 0.273082
v -0.333455 -0.031709 0.290582
v -0.320055 -0.037409 0.307482
v -0.305955 -0.043509 0.323582
v -0.296455 -0.039809 0.316282
v -0.287455 -0.041109 0.307482
v -0.252255 -0.058609 0.326282
v -0.258655 -0.053409 0.335882
v -0.243255 -0.059909 0.348882
v -0.237355 -0.065009 0.338882
v -0.266555 -0.052509 0.312882
v -0.273355 -0.047109 0.322082
v -0.266755 -0.052409 0.345482
v -0.251055 -0.059209 0.358882
v -0.281955 -0.046009 0.331282
v -0.221955 -0.071609 0.350682
v -0.219455 -0.080309 0.342182
v -0.234555 -0.073909 0.330582
v -0.249055 -0.067709 0.318282
v -0.262955 -0.061709 0.305182
v -0.291055 -0.049809 0.338882
v -0.275555 -0.056409 0.353482
v -0.259455 -0.063309 0.367082
v -0.242755 -0.070409 0.379982
v -0.234655 -0.066109 0.371382
v -0.227355 -0.066709 0.361082
v -0.189555 -0.085409 0.371782
v -0.194055 -0.080909 0.382782
v -0.176655 -0.088309 0.392282
v -0.172755 -0.092609 0.381082
v -0.206055 -0.078409 0.361682
v -0.210955 -0.073709 0.372382
v -0.200355 -0.080809 0.393782
v -0.182455 -0.088409 0.403482
v -0.217755 -0.073309 0.382982
v -0.155455 -0.099909 0.389382
v -0.154555 -0.108009 0.379882
v -0.171455 -0.100809 0.371682
v -0.187855 -0.093809 0.362682
v -0.203955 -0.086909 0.352882
v -0.225455 -0.077809 0.391882
v -0.207555 -0.085409 0.402782
v -0.189355 -0.093209 0.412782
v -0.170555 -0.101109 0.421882
v -0.164155 -0.096209 0.412282
v -0.158855 -0.095909 0.400882
v -0.119855 -0.115109 0.403182
v -0.122255 -0.111509 0.415082
v -0.103555 -0.119509 0.420682
v -0.101655 -0.122809 0.408682
v -0.137855 -0.107409 0.396782
v -0.140755 -0.103609 0.408482
v -0.126555 -0.112309 0.426982
v -0.107255 -0.120509 0.432782
v -0.145555 -0.104209 0.420182
v -0.083255 -0.130709 0.413182
v -0.084155 -0.138009 0.403082
v -0.102155 -0.130309 0.398682
v -0.119955 -0.122809 0.393282
v -0.137355 -0.115309 0.387082
v -0.151455 -0.109309 0.429882
v -0.132055 -0.117609 0.436882
v -0.112355 -0.126009 0.442782
v -0.092355 -0.134509 0.447682
v -0.087755 -0.128809 0.437582
v -0.084555 -0.127609 0.425382
v -0.045955 -0.146609 0.419182
v -0.046155 -0.144009 0.431582
v -0.026755 -0.152209 0.433082
v -0.027055 -0.154709 0.420682
v -0.064655 -0.138609 0.416682
v -0.065455 -0.135709 0.428982
v -0.048155 -0.145709 0.443882
v -0.028155 -0.154209 0.445482
v -0.068055 -0.137209 0.441282
v -0.029355 -0.161409 0.410382
v -0.047755 -0.153509 0.408882
v -0.066055 -0.145709 0.406482
v -0.072155 -0.143109 0.451482
v -0.051855 -0.151809 0.454182
v -0.031455 -0.160509 0.455782
v -0.430955 -0.032409 0.136382
v -0.427455 -0.018909 0.136982
v -0.433055 -0.016609 0.115182
v -0.436555 -0.030009 0.114682
v -0.424455 -0.035209 0.157882
v -0.420955 -0.021709 0.158582
v -0.420255 -0.007109 0.136382
v -0.425755 -0.004709 0.114682
v -0.413755 -0.009909 0.157882
v -0.441055 -0.028109 0.092582
v -0.417055 -0.038309 0.178882
v -0.413455 -0.024909 0.179682
v -0.406255 -0.013109 0.178882
v -0.430355 -0.002809 0.092582
v -0.437655 -0.014609 0.093082
v -0.062455 -0.189509 0.402582
v -0.056855 -0.177009 0.400482
v -0.038855 -0.184609 0.401882
v -0.044355 -0.197209 0.403982
v -0.080455 -0.181909 0.400182
v -0.074755 -0.169309 0.398082
v -0.051655 -0.164209 0.402582
v -0.033555 -0.172009 0.403982
v -0.069655 -0.156609 0.400182
v -0.026255 -0.205009 0.404482
v -0.098255 -0.174209 0.396782
v -0.092555 -0.161809 0.394682
v -0.087555 -0.149009 0.396782
v -0.015455 -0.179709 0.404482
v -0.020855 -0.192309 0.402382
v 0.299545 -0.343909 0.192182
v 0.303245 -0.330509 0.191182
v 0.311345 -0.333909 0.173682
v 0.307745 -0.347309 0.174582
v 0.290645 -0.340109 0.209382
v 0.294345 -0.326709 0.208282
v 0.310345 -0.318609 0.192182
v 0.318445 -0.322109 0.174582
v 0.301445 -0.314809 0.209382
v 0.315045 -0.350509 0.156582
v 0.280945 -0.335909 0.225982
v 0.284645 -0.322609 0.224882
v 0.291745 -0.310609 0.225982
v 0.325845 -0.325209 0.156582
v 0.318645 -0.337109 0.155782
v -0.399255 -0.045909 0.219682
v -0.395655 -0.032509 0.220682
v -0.404955 -0.028509 0.200482
v -0.408555 -0.041909 0.199482
v -0.389055 -0.050309 0.239282
v -0.385355 -0.036909 0.240382
v -0.388455 -0.020609 0.219682
v -0.397855 -0.016609 0.199482
v -0.378255 -0.025009 0.239282
v -0.377955 -0.055009 0.258382
v -0.374155 -0.041709 0.259582
v -0.367155 -0.029709 0.258382
v 0.015245 -0.222609 0.460582
v 0.020845 -0.210109 0.462682
v 0.000045 -0.201209 0.464382
v -0.005455 -0.213809 0.462182
v 0.035845 -0.231409 0.457782
v 0.041545 -0.218909 0.459882
v 0.026045 -0.197409 0.460582
v 0.005345 -0.188509 0.462182
v 0.046645 -0.206109 0.457782
v -0.026255 -0.205009 0.462782
v 0.056345 -0.240209 0.453882
v 0.062045 -0.227709 0.455982
v 0.067045 -0.214909 0.453882
v -0.015455 -0.179709 0.462782
v -0.020855 -0.192309 0.464882
v 0.327245 -0.355709 0.119482
v 0.330745 -0.342209 0.118882
v 0.335645 -0.344309 0.099982
v 0.332145 -0.357709 0.100482
v 0.321545 -0.353309 0.138182
v 0.325145 -0.339809 0.137482
v 0.338045 -0.330409 0.119482
v 0.342845 -0.332509 0.100482
v 0.332345 -0.328009 0.138182
v 0.336045 -0.359409 0.081282
v 0.346845 -0.334209 0.081282
v 0.339545 -0.346009 0.080882
v -0.353155 -0.065609 0.294682
v -0.349355 -0.052309 0.295982
v -0.362155 -0.046809 0.278082
v -0.365955 -0.060109 0.276882
v -0.339655 -0.071309 0.311682
v -0.335655 -0.058109 0.313182
v -0.342455 -0.040309 0.294682
v -0.355155 -0.034809 0.276882
v -0.328855 -0.046009 0.311682
v -0.325355 -0.077409 0.328082
v -0.321355 -0.064209 0.329582
v -0.314555 -0.052209 0.328082
v 0.096545 -0.257309 0.442982
v 0.102545 -0.244909 0.444982
v 0.082445 -0.236309 0.451082
v 0.076545 -0.248809 0.448982
v 0.116245 -0.265709 0.435882
v 0.122345 -0.253409 0.437882
v 0.107345 -0.232009 0.442982
v 0.087345 -0.223509 0.448982
v 0.127045 -0.240409 0.435882
v 0.135645 -0.274009 0.427782
v 0.141745 -0.261709 0.429682
v 0.146445 -0.248709 0.427782
v 0.341445 -0.361709 0.042282
v 0.344845 -0.348209 0.042082
v 0.346145 -0.348809 0.022482
v 0.342745 -0.362309 0.022582
v 0.339145 -0.360809 0.061882
v 0.342645 -0.347309 0.061482
v 0.352145 -0.336409 0.042282
v 0.353545 -0.337009 0.022582
v 0.349945 -0.335509 0.061882
v 0.343145 -0.362509 0.002882
v 0.353945 -0.337209 0.002882
v 0.346645 -0.349009 0.002882
v -0.294555 -0.090509 0.358382
v -0.290455 -0.077409 0.359982
v -0.306255 -0.070609 0.345182
v -0.310255 -0.083809 0.343682
v -0.278155 -0.097509 0.372282
v -0.273955 -0.084409 0.373982
v -0.283755 -0.065309 0.358382
v -0.299555 -0.058609 0.343682
v -0.267455 -0.072209 0.372282
v -0.261255 -0.104809 0.385282
v -0.256955 -0.091709 0.387082
v -0.250455 -0.079509 0.385282
v 0.173145 -0.290009 0.408482
v 0.179445 -0.277709 0.410382
v 0.160845 -0.269809 0.420582
v 0.154645 -0.282109 0.418582
v 0.191245 -0.297709 0.397382
v 0.197645 -0.285509 0.399182
v 0.183945 -0.264709 0.408482
v 0.165445 -0.256809 0.418582
v 0.202045 -0.272409 0.397382
v 0.208745 -0.305209 0.385282
v 0.215245 -0.293009 0.387082
v 0.219545 -0.279909 0.385282
v 0.341445 -0.361709 -0.036418
v 0.344845 -0.348209 -0.036218
v 0.342645 -0.347309 -0.055718
v 0.339145 -0.360809 -0.056018
v 0.342745 -0.362309 -0.016818
v 0.346145 -0.348809 -0.016718
v 0.352145 -0.336409 -0.036418
v 0.349945 -0.335509 -0.056018
v 0.353545 -0.337009 -0.016818
v 0.336045 -0.359409 -0.075418
v 0.346845 -0.334209 -0.075418
v 0.339545 -0.346009 -0.075018
v -0.225655 -0.119909 0.408482
v -0.221155 -0.106909 0.410382
v -0.239255 -0.099209 0.399182
v -0.243655 -0.112209 0.397382
v -0.207055 -0.127909 0.418582
v -0.202555 -0.114909 0.420582
v -0.214855 -0.094709 0.408482
v -0.232855 -0.087009 0.397382
v -0.196255 -0.102609 0.418582
v -0.188055 -0.135909 0.427782
v -0.183455 -0.123009 0.429682
v -0.177355 -0.110709 0.427782
v 0.242145 -0.319409 0.358382
v 0.248745 -0.307309 0.359982
v 0.232345 -0.300309 0.373982
v 0.225745 -0.312409 0.372282
v 0.257845 -0.326109 0.343682
v 0.264545 -0.314009 0.345182
v 0.252945 -0.294109 0.358382
v 0.236545 -0.287109 0.372282
v 0.268645 -0.300809 0.343682
v 0.272845 -0.332509 0.328082
v 0.279645 -0.320409 0.329582
v 0.283645 -0.307209 0.328082
v 0.327245 -0.355709 -0.113618
v 0.330745 -0.342209 -0.113018
v 0.325145 -0.339809 -0.131618
v 0.321545 -0.353309 -0.132318
v 0.332145 -0.357709 -0.094618
v 0.335645 -0.344309 -0.094118
v 0.338045 -0.330409 -0.113618
v 0.332345 -0.328009 -0.132318
v 0.342845 -0.332509 -0.094618
v 0.315045 -0.350509 -0.150718
v 0.325845 -0.325209 -0.150718
v 0.318645 -0.337109 -0.149918
v -0.149055 -0.152609 0.442982
v -0.144155 -0.139709 0.444982
v -0.163955 -0.131309 0.437882
v -0.168755 -0.144209 0.435882
v -0.128955 -0.161109 0.448982
v -0.124055 -0.148309 0.451082
v -0.138255 -0.127309 0.442982
v -0.157955 -0.118909 0.435882
v -0.118255 -0.135909 0.448982
v -0.108755 -0.169809 0.453882
v -0.103755 -0.157009 0.455982
v -0.097955 -0.144509 0.453882
v 0.300745 -0.344409 0.294682
v 0.307645 -0.332409 0.295982
v 0.294045 -0.326609 0.313182
v 0.287245 -0.338609 0.311682
v 0.313545 -0.349809 0.276882
v 0.320445 -0.337909 0.278082
v 0.311545 -0.319109 0.294682
v 0.297945 -0.313309 0.311682
v 0.324345 -0.324509 0.276882
v 0.325445 -0.354909 0.258382
v 0.332545 -0.343009 0.259582
v 0.336245 -0.329609 0.258382
v 0.299545 -0.343909 -0.186418
v 0.303245 -0.330509 -0.185418
v 0.294345 -0.326709 -0.202418
v 0.290645 -0.340109 -0.203518
v 0.307745 -0.347309 -0.168818
v 0.311345 -0.333909 -0.167818
v 0.310345 -0.318609 -0.186418
v 0.301445 -0.314809 -0.203518
v 0.318445 -0.322109 -0.168818
v 0.280945 -0.335909 -0.220218
v 0.291745 -0.310609 -0.220218
v 0.284645 -0.322609 -0.219018
v -0.067655 -0.187309 0.460582
v -0.062455 -0.174609 0.462682
v -0.083155 -0.165709 0.459882
v -0.088255 -0.178509 0.457782
v -0.046955 -0.196109 0.462182
v -0.041655 -0.183409 0.464382
v -0.056855 -0.162009 0.460582
v -0.077555 -0.153209 0.457782
v -0.036155 -0.170809 0.462182
v 0.346845 -0.364009 0.219682
v 0.353945 -0.352109 0.220682
v 0.343645 -0.347709 0.240382
v 0.336545 -0.359709 0.239282
v 0.356145 -0.368009 0.199482
v 0.363345 -0.356109 0.200482
v 0.357645 -0.338709 0.219682
v 0.347345 -0.334409 0.239282
v 0.366945 -0.342709 0.199482
v 0.364545 -0.371609 0.178882
v 0.371745 -0.359709 0.179682
v 0.375345 -0.346309 0.178882
v 0.259345 -0.326709 -0.251818
v 0.263245 -0.313409 -0.250518
v 0.251445 -0.308409 -0.265318
v 0.247445 -0.321709 -0.266718
v 0.270445 -0.331509 -0.236318
v 0.274345 -0.318209 -0.235018
v 0.270145 -0.301409 -0.251818
v 0.258245 -0.296409 -0.266718
v 0.281245 -0.306209 -0.236318
v 0.234945 -0.316309 -0.281018
v 0.245745 -0.291109 -0.281018
v 0.238945 -0.303109 -0.279518
v 0.378545 -0.377609 0.136382
v 0.385845 -0.365709 0.136982
v 0.379245 -0.362909 0.158582
v 0.372045 -0.374809 0.157882
v 0.384145 -0.379909 0.114682
v 0.391345 -0.368109 0.115182
v 0.389345 -0.352309 0.136382
v 0.382845 -0.349509 0.157882
v 0.394845 -0.354609 0.114682
v 0.388645 -0.381909 0.092582
v 0.395945 -0.370009 0.093082
v 0.399445 -0.356609 0.092582
v 0.208145 -0.304909 -0.307518
v 0.212245 -0.291709 -0.305818
v 0.198045 -0.285609 -0.317918
v 0.193845 -0.298809 -0.319618
v 0.221845 -0.310709 -0.294618
v 0.225945 -0.297509 -0.293018
v 0.218945 -0.279609 -0.307518
v 0.204645 -0.273509 -0.319618
v 0.232645 -0.285509 -0.294618
v 0.179045 -0.292509 -0.331018
v 0.189745 -0.267209 -0.331018
v 0.183345 -0.279409 -0.329218
v 0.394745 -0.384409 0.047982
v 0.402045 -0.372609 0.048182
v 0.399545 -0.371609 0.070682
v 0.392145 -0.383409 0.070382
v 0.396245 -0.385109 0.025482
v 0.403645 -0.373309 0.025582
v 0.405545 -0.359209 0.047982
v 0.402945 -0.358109 0.070382
v 0.407045 -0.359809 0.025482
v 0.396745 -0.385309 0.002882
v 0.404145 -0.373509 0.002882
v 0.407545 -0.360009 0.002882
v 0.147945 -0.279209 -0.351218
v 0.152345 -0.266209 -0.349318
v 0.136245 -0.259309 -0.358218
v 0.131745 -0.272309 -0.360118
v 0.163645 -0.285909 -0.341518
v 0.168045 -0.272909 -0.339718
v 0.158645 -0.253909 -0.351218
v 0.142545 -0.247009 -0.360118
v 0.174445 -0.260709 -0.341518
v 0.115145 -0.265209 -0.368118
v 0.125945 -0.240009 -0.368118
v 0.119745 -0.252309 -0.366118
v 0.394745 -0.384409 -0.042118
v 0.402045 -0.372609 -0.042318
v 0.403645 -0.373309 -0.019718
v 0.396245 -0.385109 -0.019618
v 0.392145 -0.383409 -0.064518
v 0.399545 -0.371609 -0.064818
v 0.405545 -0.359209 -0.042118
v 0.407045 -0.359809 -0.019618
v 0.402945 -0.358109 -0.064518
v 0.388645 -0.381909 -0.086818
v 0.395945 -0.370009 -0.087218
v 0.399445 -0.356609 -0.086818
v 0.081045 -0.250709 -0.381318
v 0.085845 -0.237809 -0.379318
v 0.068445 -0.230409 -0.384518
v 0.063545 -0.243209 -0.386618
v 0.098245 -0.258009 -0.375218
v 0.102945 -0.245109 -0.373218
v 0.091745 -0.225409 -0.381318
v 0.074345 -0.218009 -0.386618
v 0.109045 -0.232709 -0.375218
v 0.045845 -0.235709 -0.390918
v 0.056645 -0.210409 -0.390918
v 0.050845 -0.222909 -0.388818
v 0.378545 -0.377609 -0.130518
v 0.385845 -0.365709 -0.131218
v 0.391345 -0.368109 -0.109318
v 0.384145 -0.379909 -0.108818
v 0.372045 -0.374809 -0.152018
v 0.379245 -0.362909 -0.152718
v 0.389345 -0.352309 -0.130518
v 0.394845 -0.354609 -0.108818
v 0.382845 -0.349509 -0.152018
v 0.364545 -0.371609 -0.173018
v 0.371745 -0.359709 -0.173818
v 0.375345 -0.346309 -0.173018
v 0.009945 -0.220409 -0.396718
v 0.015145 -0.207709 -0.394618
v -0.002755 -0.200009 -0.396018
v -0.008055 -0.212709 -0.398218
v 0.027945 -0.228109 -0.394318
v 0.033045 -0.215309 -0.392218
v 0.020745 -0.195109 -0.396718
v 0.002645 -0.187409 -0.398218
v 0.038745 -0.202809 -0.394318
v -0.026255 -0.205009 -0.398618
v -0.015455 -0.179709 -0.398618
v -0.020855 -0.192309 -0.396518
v 0.346845 -0.364009 -0.213818
v 0.353945 -0.352109 -0.214818
v 0.363345 -0.356109 -0.194618
v 0.356145 -0.368009 -0.193718
v 0.336545 -0.359709 -0.233518
v 0.343645 -0.347709 -0.234618
v 0.357645 -0.338709 -0.213818
v 0.366945 -0.342709 -0.193718
v 0.347345 -0.334409 -0.233518
v 0.325445 -0.354909 -0.252518
v 0.332545 -0.343009 -0.253718
v 0.336245 -0.329609 -0.252518
v -0.062455 -0.189509 -0.396718
v -0.056855 -0.177009 -0.394618
v -0.074755 -0.169309 -0.392218
v -0.080455 -0.181909 -0.394318
v -0.044355 -0.197209 -0.398218
v -0.038855 -0.184609 -0.396018
v -0.051655 -0.164209 -0.396718
v -0.069655 -0.156609 -0.394318
v -0.033555 -0.172009 -0.398218
v -0.098255 -0.174209 -0.390918
v -0.087555 -0.149009 -0.390918
v -0.092555 -0.161809 -0.388818
v 0.300745 -0.344409 -0.288818
v 0.307645 -0.332409 -0.290118
v 0.320445 -0.337909 -0.272318
v 0.313545 -0.349809 -0.271018
v 0.287245 -0.338609 -0.305918
v 0.294045 -0.326609 -0.307318
v 0.311545 -0.319109 -0.288818
v 0.324345 -0.324509 -0.271018
v 0.297945 -0.313309 -0.305918
v 0.272845 -0.332509 -0.322218
v 0.279645 -0.320409 -0.323718
v 0.283645 -0.307209 -0.322218
v -0.133455 -0.159209 -0.381318
v -0.127455 -0.146809 -0.379318
v -0.144655 -0.139509 -0.373218
v -0.150655 -0.151909 -0.375218
v -0.115955 -0.166709 -0.386618
v -0.110155 -0.154309 -0.384518
v -0.122655 -0.134009 -0.381318
v -0.139855 -0.126609 -0.375218
v -0.105155 -0.141409 -0.386618
v -0.167555 -0.144709 -0.368118
v -0.156855 -0.119409 -0.368118
v -0.161455 -0.132409 -0.366118
v 0.242145 -0.319409 -0.352518
v 0.248745 -0.307309 -0.354218
v 0.264545 -0.314009 -0.339418
v 0.257845 -0.326109 -0.337818
v 0.225745 -0.312409 -0.366418
v 0.232345 -0.300309 -0.368118
v 0.252945 -0.294109 -0.352518
v 0.268645 -0.300809 -0.337818
v 0.236545 -0.287109 -0.366418
v 0.208745 -0.305209 -0.379418
v 0.215245 -0.293009 -0.381218
v 0.219545 -0.279909 -0.379418
v -0.200355 -0.130709 -0.351218
v -0.194055 -0.118509 -0.349318
v -0.209755 -0.111809 -0.339718
v -0.216155 -0.124009 -0.341518
v -0.184155 -0.137609 -0.360118
v -0.177955 -0.125309 -0.358218
v -0.189555 -0.105409 -0.351218
v -0.205355 -0.098709 -0.341518
v -0.173355 -0.112309 -0.360118
v -0.231455 -0.117509 -0.331018
v -0.220655 -0.092209 -0.331018
v -0.224955 -0.105309 -0.329218
v 0.173145 -0.290009 -0.402618
v 0.179445 -0.277709 -0.404518
v 0.197645 -0.285509 -0.393318
v 0.191245 -0.297709 -0.391518
v 0.154645 -0.282109 -0.412718
v 0.160845 -0.269809 -0.414718
v 0.183945 -0.264709 -0.402618
v 0.202045 -0.272409 -0.391518
v 0.165445 -0.256809 -0.412718
v 0.135645 -0.274009 -0.421918
v 0.141745 -0.261709 -0.423918
v 0.146445 -0.248709 -0.421918
v -0.260555 -0.105009 -0.307518
v -0.253955 -0.092909 -0.305818
v -0.267555 -0.087109 -0.293018
v -0.274255 -0.099209 -0.294618
v -0.246255 -0.111109 -0.319618
v -0.239755 -0.099009 -0.317918
v -0.249755 -0.079809 -0.307518
v -0.263555 -0.073909 -0.294618
v -0.235455 -0.085909 -0.319618
v -0.287455 -0.093609 -0.281018
v -0.276655 -0.068309 -0.281018
v -0.280655 -0.081509 -0.279518
v 0.096545 -0.257309 -0.437118
v 0.102545 -0.244909 -0.439118
v 0.122345 -0.253409 -0.432018
v 0.116245 -0.265709 -0.430018
v 0.076545 -0.248809 -0.443118
v 0.082445 -0.236309 -0.445218
v 0.107345 -0.232009 -0.437118
v 0.127045 -0.240409 -0.430018
v 0.087345 -0.223509 -0.443118
v 0.056345 -0.240209 -0.448118
v 0.062045 -0.227709 -0.450218
v 0.067045 -0.214909 -0.448118
v -0.311755 -0.083209 -0.251818
v -0.304855 -0.071209 -0.250518
v -0.315955 -0.066509 -0.235018
v -0.322955 -0.078509 -0.236318
v -0.299955 -0.088309 -0.266718
v -0.293055 -0.076209 -0.265318
v -0.300955 -0.057909 -0.251818
v -0.312155 -0.053209 -0.236318
v -0.289155 -0.063009 -0.266718
v -0.333355 -0.074009 -0.220218
v -0.322555 -0.048709 -0.220218
v -0.326355 -0.062109 -0.219018
v 0.015245 -0.222609 -0.454718
v 0.020845 -0.210109 -0.456818
v 0.041545 -0.218909 -0.454018
v 0.035845 -0.231409 -0.451918
v -0.005455 -0.213809 -0.456318
v 0.000045 -0.201209 -0.458518
v 0.026045 -0.197409 -0.454718
v 0.046645 -0.206109 -0.451918
v 0.005345 -0.188509 -0.456318
v -0.026255 -0.205009 -0.456918
v -0.020855 -0.192309 -0.459018
v -0.015455 -0.179709 -0.456918
v -0.351955 -0.066109 -0.186418
v -0.344855 -0.054209 -0.185418
v -0.352955 -0.050709 -0.167818
v -0.360155 -0.062609 -0.168818
v -0.343055 -0.069909 -0.203518
v -0.335955 -0.057909 -0.202418
v -0.341255 -0.040809 -0.186418
v -0.349355 -0.037309 -0.168818
v -0.332255 -0.044609 -0.203518
v -0.367455 -0.059409 -0.150718
v -0.356755 -0.034209 -0.150718
v -0.360255 -0.047609 -0.149918
v -0.067655 -0.187309 -0.454718
v -0.062455 -0.174609 -0.456818
v -0.041655 -0.183409 -0.458518
v -0.046955 -0.196109 -0.456318
v -0.088255 -0.178509 -0.451918
v -0.083155 -0.165709 -0.454018
v -0.056855 -0.162009 -0.454718
v -0.036155 -0.170809 -0.456318
v -0.077555 -0.153209 -0.451918
v -0.108755 -0.169809 -0.448118
v -0.103755 -0.157009 -0.450218
v -0.097955 -0.144509 -0.448118
v -0.379755 -0.054209 -0.113618
v -0.372455 -0.042409 -0.113018
v -0.377255 -0.040409 -0.094118
v -0.384555 -0.052209 -0.094618
v -0.374055 -0.056709 -0.132318
v -0.366755 -0.044809 -0.131618
v -0.368955 -0.029009 -0.113618
v -0.373755 -0.026909 -0.094618
v -0.363255 -0.031409 -0.132318
v -0.388555 -0.050509 -0.075418
v -0.377755 -0.025209 -0.075418
v -0.381255 -0.038709 -0.075018
v -0.149055 -0.152609 -0.437118
v -0.144155 -0.139709 -0.439118
v -0.124055 -0.148309 -0.445218
v -0.128955 -0.161109 -0.443118
v -0.168755 -0.144209 -0.430018
v -0.163955 -0.131309 -0.432018
v -0.138255 -0.127309 -0.437118
v -0.118255 -0.135909 -0.443118
v -0.157955 -0.118909 -0.430018
v -0.188055 -0.135909 -0.421918
v -0.183455 -0.123009 -0.423918
v -0.177355 -0.110709 -0.421918
v -0.393855 -0.048209 -0.036418
v -0.386455 -0.036409 -0.036218
v -0.387855 -0.035809 -0.016718
v -0.395155 -0.047709 -0.016818
v -0.391655 -0.049209 -0.056018
v -0.384255 -0.037409 -0.055718
v -0.383055 -0.022909 -0.036418
v -0.384355 -0.022409 -0.016818
v -0.380855 -0.023909 -0.056018
v -0.395655 -0.047509 0.002882
v -0.384855 -0.022209 0.002882
v -0.388255 -0.035709 0.002882
v -0.225655 -0.119909 -0.402618
v -0.221155 -0.106909 -0.404518
v -0.202555 -0.114909 -0.414718
v -0.207055 -0.127909 -0.412718
v -0.243655 -0.112209 -0.391518
v -0.239255 -0.099209 -0.393318
v -0.214855 -0.094709 -0.402618
v -0.196255 -0.102609 -0.412718
v -0.232855 -0.087009 -0.391518
v -0.261255 -0.104809 -0.379418
v -0.256955 -0.091709 -0.381218
v -0.250455 -0.079509 -0.379418
v -0.393855 -0.048209 0.042282
v -0.386455 -0.036409 0.042082
v -0.384255 -0.037409 0.061482
v -0.391655 -0.049209 0.061882
v -0.395155 -0.047709 0.022582
v -0.387855 -0.035809 0.022482
v -0.383055 -0.022909 0.042282
v -0.380855 -0.023909 0.061882
v -0.384355 -0.022409 0.022582
v -0.388555 -0.050509 0.081282
v -0.377755 -0.025209 0.081282
v -0.381255 -0.038709 0.080882
v -0.294555 -0.090509 -0.352518
v -0.290455 -0.077409 -0.354218
v -0.273955 -0.084409 -0.368118
v -0.278155 -0.097509 -0.366418
v -0.310255 -0.083809 -0.337818
v -0.306255 -0.070609 -0.339418
v -0.283755 -0.065309 -0.352518
v -0.267455 -0.072209 -0.366418
v -0.299555 -0.058609 -0.337818
v -0.325355 -0.077409 -0.322218
v -0.321355 -0.064209 -0.323718
v -0.314555 -0.052209 -0.322218
v -0.379755 -0.054209 0.119482
v -0.372455 -0.042409 0.118882
v -0.366755 -0.044809 0.137482
v -0.374055 -0.056709 0.138182
v -0.384555 -0.052209 0.100482
v -0.377255 -0.040409 0.099982
v -0.368955 -0.029009 0.119482
v -0.363255 -0.031409 0.138182
v -0.373755 -0.026909 0.100482
v -0.367455 -0.059409 0.156582
v -0.356755 -0.034209 0.156582
v -0.360255 -0.047609 0.155782
v -0.353155 -0.065609 -0.288818
v -0.349355 -0.052309 -0.290118
v -0.335655 -0.058109 -0.307318
v -0.339655 -0.071309 -0.305918
v -0.365955 -0.060109 -0.271018
v -0.362155 -0.046809 -0.272318
v -0.342455 -0.040309 -0.288818
v -0.328855 -0.046009 -0.305918
v -0.355155 -0.034809 -0.271018
v -0.377955 -0.055009 -0.252518
v -0.374155 -0.041709 -0.253718
v -0.367155 -0.029709 -0.252518
v -0.351955 -0.066109 0.192182
v -0.344855 -0.054209 0.191182
v -0.335955 -0.057909 0.208282
v -0.343055 -0.069909 0.209382
v -0.360155 -0.062609 0.174582
v -0.352955 -0.050709 0.173682
v -0.341255 -0.040809 0.192182
v -0.332255 -0.044609 0.209382
v -0.349355 -0.037309 0.174582
v -0.333355 -0.074009 0.225982
v -0.322555 -0.048709 0.225982
v -0.326355 -0.062109 0.224882
v 0.009945 -0.220409 0.402582
v 0.015145 -0.207709 0.400482
v 0.033045 -0.215309 0.398082
v 0.027945 -0.228109 0.400182
v -0.008055 -0.212709 0.403982
v -0.002755 -0.200009 0.401882
v 0.020745 -0.195109 0.402582
v 0.038745 -0.202809 0.400182
v 0.002645 -0.187409 0.403982
v 0.045845 -0.235709 0.396782
v 0.056645 -0.210409 0.396782
v 0.050845 -0.222909 0.394682
v -0.399255 -0.045909 -0.213818
v -0.395655 -0.032509 -0.214818
v -0.385355 -0.036909 -0.234618
v -0.389055 -0.050309 -0.233518
v -0.408555 -0.041909 -0.193718
v -0.404955 -0.028509 -0.194618
v -0.388455 -0.020609 -0.213818
v -0.378255 -0.025009 -0.233518
v -0.397855 -0.016609 -0.193718
v -0.417055 -0.038309 -0.173018
v -0.413455 -0.024909 -0.173818
v -0.406255 -0.013109 -0.173018
v -0.311755 -0.083209 0.257682
v -0.304855 -0.071209 0.256282
v -0.293055 -0.076209 0.271182
v -0.299955 -0.088309 0.272582
v -0.322955 -0.078509 0.242182
v -0.315955 -0.066509 0.240882
v -0.300955 -0.057909 0.257682
v -0.289155 -0.063009 0.272582
v -0.312155 -0.053209 0.242182
v -0.287455 -0.093609 0.286882
v -0.276655 -0.068309 0.286882
v -0.280655 -0.081509 0.285382
v 0.081045 -0.250709 0.387182
v 0.085845 -0.237809 0.385182
v 0.102945 -0.245109 0.378982
v 0.098245 -0.258009 0.380982
v 0.063545 -0.243209 0.392482
v 0.068445 -0.230409 0.390382
v 0.091745 -0.225409 0.387182
v 0.109045 -0.232709 0.380982
v 0.074345 -0.218009 0.392482
v 0.115145 -0.265209 0.373882
v 0.125945 -0.240009 0.373882
v 0.119745 -0.252309 0.371982
v -0.430955 -0.032409 -0.130518
v -0.427455 -0.018909 -0.131218
v -0.420955 -0.021709 -0.152718
v -0.424455 -0.035209 -0.152018
v -0.436555 -0.030009 -0.108818
v -0.433055 -0.016609 -0.109318
v -0.420255 -0.007109 -0.130518
v -0.413755 -0.009909 -0.152018
v -0.425755 -0.004709 -0.108818
v -0.441055 -0.028109 -0.086818
v -0.437655 -0.014609 -0.087218
v -0.430355 -0.002809 -0.086818
v -0.260555 -0.105009 0.313382
v -0.253955 -0.092909 0.311682
v -0.239755 -0.099009 0.323782
v -0.246255 -0.111109 0.325482
v -0.274255 -0.099209 0.300482
v -0.267555 -0.087109 0.298882
v -0.249755 -0.079809 0.313382
v -0.235455 -0.085909 0.325482
v -0.263555 -0.073909 0.300482
v -0.231455 -0.117509 0.336782
v -0.220655 -0.092209 0.336782
v -0.224955 -0.105309 0.335082
v 0.147945 -0.279209 0.357082
v 0.152345 -0.266209 0.355182
v 0.168045 -0.272909 0.345582
v 0.163645 -0.285909 0.347382
v 0.131745 -0.272309 0.365982
v 0.136245 -0.259309 0.363982
v 0.158645 -0.253909 0.357082
v 0.174445 -0.260709 0.347382
v 0.142545 -0.247009 0.365982
v 0.179045 -0.292509 0.336782
v 0.189745 -0.267209 0.336782
v 0.183345 -0.279409 0.335082
v -0.447155 -0.025509 -0.042118
v -0.443755 -0.012009 -0.042318
v -0.441155 -0.013109 -0.064818
v -0.444655 -0.026609 -0.064518
v -0.448755 -0.024809 -0.019618
v -0.445255 -0.011409 -0.019718
v -0.436355 -0.000209 -0.042118
v -0.433855 -0.001309 -0.064518
v -0.437955 0.000491 -0.019618
v -0.449255 -0.024609 0.002882
v -0.445755 -0.011109 0.002882
v -0.438455 0.000691 0.002882
v -0.200355 -0.130709 0.357082
v -0.194055 -0.118509 0.355182
v -0.177955 -0.125309 0.363982
v -0.184155 -0.137609 0.365982
v -0.216155 -0.124009 0.347382
v -0.209755 -0.111809 0.345582
v -0.189555 -0.105409 0.357082
v -0.173355 -0.112309 0.365982
v -0.205355 -0.098709 0.347382
v -0.167555 -0.144709 0.373882
v -0.156855 -0.119409 0.373882
v -0.161455 -0.132409 0.371982
v 0.208145 -0.304909 0.313382
v 0.212245 -0.291709 0.311682
v 0.225945 -0.297509 0.298882
v 0.221845 -0.310709 0.300482
v 0.193845 -0.298809 0.325482
v 0.198045 -0.285609 0.323782
v 0.218945 -0.279609 0.313382
v 0.232645 -0.285509 0.300482
v 0.204645 -0.273509 0.325482
v 0.234945 -0.316309 0.286882
v 0.245745 -0.291109 0.286882
v 0.238945 -0.303109 0.285382
v -0.447155 -0.025509 0.047982
v -0.443755 -0.012009 0.048182
v -0.445255 -0.011409 0.025582
v -0.448755 -0.024809 0.025482
v -0.444655 -0.026609 0.070382
v -0.441155 -0.013109 0.070682
v -0.436355 -0.000209 0.047982
v -0.437955 0.000491 0.025482
v -0.433855 -0.001309 0.070382
v -0.133455 -0.159209 0.387182
v -0.127455 -0.146809 0.385182
v -0.110155 -0.154309 0.390382
v -0.115955 -0.166709 0.392482
v -0.150655 -0.151909 0.380982
v -0.144655 -0.139509 0.378982
v -0.122655 -0.134009 0.387182
v -0.105155 -0.141409 0.392482
v -0.139855 -0.126609 0.380982
v 0.259345 -0.326709 0.257682
v 0.263245 -0.313409 0.256282
v 0.274345 -0.318209 0.240882
v 0.270445 -0.331509 0.242182
v 0.247445 -0.321709 0.272582
v 0.251445 -0.308409 0.271182
v 0.270145 -0.301409 0.257682
v 0.281245 -0.306209 0.242182
v 0.258245 -0.296409 0.272582
v -0.221455 -1.202309 0.362882
v -0.291355 -1.202309 0.355982
v -0.358555 -1.202309 0.335582
v -0.420455 -1.202309 0.302482
v -0.474755 -1.202309 0.257982
v -0.519255 -1.202309 0.203682
v -0.552355 -1.202309 0.141782
v -0.572755 -1.202309 0.074582
v -0.579655 -1.202309 0.004682
v -0.572755 -1.202309 -0.065218
v -0.552355 -1.202309 -0.132318
v -0.519255 -1.202309 -0.194318
v -0.474755 -1.202309 -0.248518
v -0.420455 -1.202309 -0.293118
v -0.358555 -1.202309 -0.326218
v -0.291355 -1.202309 -0.346618
v -0.221455 -1.202309 -0.353418
v -0.151555 -1.202309 -0.346618
v -0.084455 -1.202309 -0.326218
v -0.022455 -1.202309 -0.293118
v 0.031745 -1.202309 -0.248518
v 0.076345 -1.202309 -0.194318
v 0.109445 -1.202309 -0.132318
v 0.129845 -1.202309 -0.065218
v 0.136645 -1.202309 0.004682
v 0.129845 -1.202309 0.074582
v 0.109445 -1.202309 0.141782
v 0.076345 -1.202309 0.203682
v 0.031745 -1.202309 0.257982
v -0.151555 -1.202309 0.355982
v -0.022455 -1.202309 0.302482
v -0.084455 -1.202309 0.335582
v 0.046245 -1.233209 0.272482
v 0.046245 -1.268009 0.272482
v -0.011155 -1.268009 0.319582
v -0.011155 -1.233209 0.319582
v 0.157145 -1.233209 0.004682
v 0.149945 -1.233209 -0.069218
v -0.592855 -1.233209 -0.069218
v -0.571355 -1.233209 -0.140218
v 0.128345 -1.233209 -0.140218
v -0.600155 -1.233209 0.004682
v 0.093345 -1.233209 -0.205718
v -0.592855 -1.233209 0.078582
v 0.046245 -1.233209 -0.263018
v -0.571355 -1.233209 0.149582
v -0.011155 -1.233209 -0.310118
v -0.536355 -1.233209 0.215082
v -0.076555 -1.233209 -0.345118
v -0.221455 -1.233209 0.383382
v -0.147555 -1.233209 0.376082
v -0.489255 -1.233209 0.272482
v -0.147555 -1.233209 -0.366718
v -0.076555 -1.233209 0.354482
v -0.431855 -1.233209 0.319582
v -0.221455 -1.233209 -0.373918
v -0.366355 -1.233209 0.354482
v -0.295355 -1.233209 -0.366718
v -0.295355 -1.233209 0.376082
v -0.366355 -1.233209 -0.345118
v 0.093345 -1.233209 0.215082
v -0.431855 -1.233209 -0.310118
v 0.128345 -1.233209 0.149582
v -0.489255 -1.233209 -0.263018
v 0.149945 -1.233209 0.078582
v -0.536355 -1.233209 -0.205718
v -0.147555 -1.268009 0.376082
v -0.076555 -1.268009 0.354482
v 0.093345 -1.268009 0.215082
v 0.128345 -1.268009 0.149582
v 0.149945 -1.268009 0.078582
v 0.157145 -1.268009 0.004682
v 0.149945 -1.268009 -0.069218
v 0.128345 -1.268009 -0.140218
v 0.093345 -1.268009 -0.205718
v 0.046245 -1.268009 -0.263018
v -0.011155 -1.268009 -0.310118
v -0.076555 -1.268009 -0.345118
v -0.147555 -1.268009 -0.366718
v -0.221455 -1.268009 -0.373918
v -0.295355 -1.268009 -0.366718
v -0.366355 -1.268009 -0.345118
v -0.431855 -1.268009 -0.310118
v -0.489255 -1.268009 -0.263018
v -0.536355 -1.268009 -0.205718
v -0.571355 -1.268009 -0.140218
v -0.592855 -1.268009 -0.069218
v -0.600155 -1.268009 0.004682
v -0.592855 -1.268009 0.078582
v -0.571355 -1.268009 0.149582
v -0.536355 -1.268009 0.215082
v -0.489255 -1.268009 0.272482
v -0.431855 -1.268009 0.319582
v -0.366355 -1.268009 0.354482
v -0.295355 -1.268009 0.376082
v -0.221455 -1.268009 0.383382
v -0.220855 -1.266909 0.380382
v -0.294455 -1.266909 0.373182
v -0.365255 -1.266909 0.351682
v -0.430555 -1.266909 0.316782
v -0.487755 -1.266909 0.269882
v -0.534655 -1.266909 0.212682
v -0.569555 -1.266909 0.147482
v -0.590955 -1.266909 0.076682
v -0.598255 -1.266909 0.002982
v -0.590955 -1.266909 -0.070618
v -0.569555 -1.266909 -0.141418
v -0.534655 -1.266909 -0.206618
v -0.487755 -1.266909 -0.263818
v -0.430555 -1.266909 -0.310718
v -0.365255 -1.266909 -0.345618
v -0.294455 -1.266909 -0.367118
v -0.220855 -1.266909 -0.374318
v -0.147255 -1.266909 -0.367118
v -0.076455 -1.266909 -0.345618
v -0.011255 -1.266909 -0.310718
v 0.045945 -1.266909 -0.263818
v 0.092945 -1.266909 -0.206618
v 0.127745 -1.266909 -0.141418
v 0.149245 -1.266909 -0.070618
v 0.156545 -1.266909 0.002982
v 0.149245 -1.266909 0.076682
v 0.127745 -1.266909 0.147482
v 0.092945 -1.266909 0.212682
v 0.045945 -1.266909 0.269882
v -0.147255 -1.266909 0.373182
v -0.011255 -1.266909 0.316782
v -0.076455 -1.266909 0.351682
v -0.127855 -1.446109 0.470682
v -0.038355 -1.446109 0.443582
v 0.044045 -1.446109 0.399482
v 0.116345 -1.446109 0.340182
v 0.175645 -1.446109 0.267982
v 0.219645 -1.446109 0.185482
v 0.246845 -1.446109 0.096082
v 0.255945 -1.446109 0.002982
v 0.246845 -1.446109 -0.090018
v 0.219645 -1.446109 -0.179418
v 0.175645 -1.446109 -0.261918
v 0.116345 -1.446109 -0.334218
v 0.044045 -1.446109 -0.393518
v -0.038355 -1.446109 -0.437518
v -0.127855 -1.446109 -0.464718
v -0.220855 -1.446109 -0.473818
v -0.313855 -1.446109 -0.464718
v -0.403355 -1.446109 -0.437518
v -0.485755 -1.446109 -0.393518
v -0.558055 -1.446109 -0.334218
v -0.617355 -1.446109 -0.261918
v -0.661455 -1.446109 -0.179418
v -0.688555 -1.446109 -0.090018
v -0.697755 -1.446109 0.002982
v -0.688555 -1.446109 0.096082
v -0.661455 -1.446109 0.185482
v -0.617355 -1.446109 0.267982
v -0.558055 -1.446109 0.340182
v -0.485755 -1.446109 0.399482
v -0.403355 -1.446109 0.443582
v -0.313855 -1.446109 0.470682
v -0.220855 -1.446109 0.479882
v -0.222155 -1.444809 0.481982
v -0.315655 -1.444809 0.472782
v -0.405555 -1.444809 0.445482
v -0.488455 -1.444809 0.401182
v -0.561055 -1.444809 0.341582
v -0.620655 -1.444809 0.268982
v -0.664955 -1.444809 0.186082
v -0.692255 -1.444809 0.096182
v -0.701455 -1.444809 0.002682
v -0.692255 -1.444809 -0.090818
v -0.664955 -1.444809 -0.180818
v -0.620655 -1.444809 -0.263618
v -0.561055 -1.444809 -0.336318
v -0.488455 -1.444809 -0.395918
v -0.405555 -1.444809 -0.440218
v -0.315655 -1.444809 -0.467518
v -0.222155 -1.444809 -0.476718
v -0.128555 -1.444809 -0.467518
v -0.038655 -1.444809 -0.440218
v 0.044145 -1.444809 -0.395918
v 0.116845 -1.444809 -0.336318
v 0.176445 -1.444809 -0.263618
v 0.220745 -1.444809 -0.180818
v 0.248045 -1.444809 -0.090818
v 0.257245 -1.444809 0.002682
v 0.248045 -1.444809 0.096182
v 0.220745 -1.444809 0.186082
v 0.176445 -1.444809 0.268982
v 0.116845 -1.444809 0.341582
v -0.128555 -1.444809 0.472782
v 0.044145 -1.444809 0.401182
v -0.038655 -1.444809 0.445482
v -0.727055 -1.466209 0.103082
v -0.727055 -1.567009 0.103082
v -0.736955 -1.567009 0.002682
v -0.736955 -1.466209 0.002682
v -0.419155 -1.466209 0.478282
v -0.508155 -1.466209 0.430782
v -0.322555 -1.466209 -0.502318
v -0.222155 -1.466209 -0.512218
v 0.141945 -1.466209 0.366682
v 0.063945 -1.466209 0.430782
v -0.322555 -1.466209 0.507582
v -0.419155 -1.466209 -0.473018
v 0.205945 -1.466209 0.288682
v -0.222155 -1.466209 0.517482
v -0.508155 -1.466209 -0.425418
v 0.253545 -1.466209 0.199682
v -0.586155 -1.466209 -0.361418
v 0.282845 -1.466209 0.103082
v -0.650155 -1.466209 -0.283418
v 0.292745 -1.466209 0.002682
v -0.697755 -1.466209 -0.194318
v 0.282845 -1.466209 -0.097818
v -0.727055 -1.466209 -0.097818
v 0.253545 -1.466209 -0.194318
v 0.205945 -1.466209 -0.283418
v 0.141945 -1.466209 -0.361418
v -0.697755 -1.466209 0.199682
v 0.063945 -1.466209 -0.425418
v -0.650155 -1.466209 0.288682
v -0.025055 -1.466209 -0.473018
v -0.121655 -1.466209 0.507582
v -0.586155 -1.466209 0.366682
v -0.121655 -1.466209 -0.502318
v -0.025055 -1.466209 0.478282
v -0.121655 -1.567009 0.507582
v -0.025055 -1.567009 0.478282
v 0.063945 -1.567009 0.430782
v 0.141945 -1.567009 0.366682
v 0.205945 -1.567009 0.288682
v 0.253545 -1.567009 0.199682
v 0.282845 -1.567009 0.103082
v 0.292745 -1.567009 0.002682
v 0.282845 -1.567009 -0.097818
v 0.253545 -1.567009 -0.194318
v 0.205945 -1.567009 -0.283418
v 0.141945 -1.567009 -0.361418
v 0.063945 -1.567009 -0.425418
v -0.025055 -1.567009 -0.473018
v -0.121655 -1.567009 -0.502318
v -0.222155 -1.567009 -0.512218
v -0.322555 -1.567009 -0.502318
v -0.419155 -1.567009 -0.473018
v -0.508155 -1.567009 -0.425418
v -0.586155 -1.567009 -0.361418
v -0.650155 -1.567009 -0.283418
v -0.697755 -1.567009 -0.194318
v -0.727055 -1.567009 -0.097818
v -0.697755 -1.567009 0.199682
v -0.650155 -1.567009 0.288682
v -0.586155 -1.567009 0.366682
v -0.508155 -1.567009 0.430782
v -0.419155 -1.567009 0.478282
v -0.322555 -1.567009 0.507582
v -0.222155 -1.567009 0.517482
v -0.669655 -1.493909 0.262782
v -0.673555 -1.493909 0.264282
v -0.673555 -1.568309 0.264282
v -0.669655 -1.568309 0.262782
v -0.677655 -1.493909 0.264982
v -0.677655 -1.568309 0.264982
v -0.681855 -1.493909 0.264882
v -0.681855 -1.568309 0.264882
v -0.685955 -1.493909 0.263882
v -0.685955 -1.568309 0.263882
v -0.689755 -1.493909 0.262182
v -0.689755 -1.568309 0.262182
v -0.693155 -1.568309 0.259782
v -0.693155 -1.493909 0.259782
v -0.696055 -1.568309 0.256682
v -0.696055 -1.493909 0.256682
v -0.698255 -1.493909 0.253182
v -0.698255 -1.568309 0.253182
v -0.699755 -1.568309 0.249282
v -0.699755 -1.493909 0.249282
v -0.700455 -1.568309 0.245082
v -0.700455 -1.493909 0.245082
v -0.700255 -1.568309 0.240982
v -0.700255 -1.493909 0.240982
v -0.699355 -1.493909 0.236882
v -0.699355 -1.568309 0.236882
v -0.697655 -1.568309 0.233082
v -0.697655 -1.493909 0.233082
v -0.695155 -1.568309 0.229682
v -0.695155 -1.493909 0.229682
v -0.692155 -1.568309 0.226782
v -0.692155 -1.493909 0.226782
v -0.688655 -1.568309 0.224582
v -0.688655 -1.493909 0.224582
v -0.684655 -1.568309 0.223082
v -0.684655 -1.493909 0.223082
v -0.680555 -1.568309 0.222382
v -0.680555 -1.493909 0.222382
v -0.676355 -1.568309 0.222482
v -0.676355 -1.493909 0.222482
v -0.672355 -1.493909 0.223482
v -0.672355 -1.568309 0.223482
v -0.668455 -1.493909 0.225182
v -0.668455 -1.568309 0.225182
v -0.665055 -1.568309 0.227582
v -0.665055 -1.493909 0.227582
v -0.662255 -1.568309 0.230582
v -0.662255 -1.493909 0.230582
v -0.659955 -1.493909 0.234182
v -0.659955 -1.568309 0.234182
v -0.658555 -1.493909 0.238082
v -0.658555 -1.568309 0.238082
v -0.657855 -1.568309 0.242182
v -0.657855 -1.493909 0.242182
v -0.657955 -1.493909 0.246382
v -0.657955 -1.568309 0.246382
v -0.658855 -1.568309 0.250482
v -0.658855 -1.493909 0.250482
v -0.660555 -1.568309 0.254282
v -0.660555 -1.493909 0.254282
v -0.663055 -1.493909 0.257682
v -0.663055 -1.568309 0.257682
v -0.689655 -1.475509 0.248882
v -0.690755 -1.475709 0.246282
v -0.666055 -1.493909 0.260582
v -0.666055 -1.568309 0.260582
v -0.679555 -1.479509 0.257582
v -0.665155 -1.468709 0.250482
v -0.665155 -1.466709 0.248382
v -0.681955 -1.478209 0.256782
v -0.681155 -1.487909 0.229382
v -0.683455 -1.486209 0.229682
v -0.666655 -1.491909 0.246682
v -0.666855 -1.492709 0.243882
v -0.684255 -1.477009 0.255382
v -0.689255 -1.481009 0.233482
v -0.690455 -1.479509 0.235582
v -0.670055 -1.493209 0.235982
v -0.671855 -1.492709 0.233782
v -0.672555 -1.484409 0.256882
v -0.674755 -1.482709 0.257682
v -0.670555 -1.486209 0.255682
v -0.691355 -1.476209 0.243482
v -0.678755 -1.489409 0.229782
v -0.666955 -1.490709 0.249282
v -0.686355 -1.476209 0.253582
v -0.687655 -1.482709 0.231682
v -0.668555 -1.493409 0.238382
v -0.677055 -1.481009 0.257882
v -0.691555 -1.477009 0.240682
v -0.676255 -1.490709 0.230582
v -0.667755 -1.489409 0.251782
v -0.688255 -1.475709 0.251382
v -0.685655 -1.484409 0.230382
v -0.667455 -1.493209 0.241082
v -0.691255 -1.478209 0.237982
v -0.673955 -1.491909 0.231982
v -0.668955 -1.487909 0.253882
v -0.666055 -1.473609 0.253382
v -0.666955 -1.476309 0.254182
v -0.668155 -1.478909 0.254482
v -0.669555 -1.481409 0.254182
v -0.671055 -1.483809 0.253382
v -0.672655 -1.485809 0.252182
v -0.674355 -1.487509 0.250482
v -0.675955 -1.488809 0.248482
v -0.677555 -1.489509 0.246082
v -0.678855 -1.489809 0.243582
v -0.680055 -1.489509 0.240882
v -0.681055 -1.488809 0.238282
v -0.681655 -1.487509 0.235782
v -0.681955 -1.485809 0.233382
v -0.682055 -1.483809 0.231382
v -0.681655 -1.481409 0.229682
v -0.681055 -1.478909 0.228482
v -0.680155 -1.476309 0.227682
v -0.678955 -1.473609 0.227382
v -0.677655 -1.471109 0.227682
v -0.676055 -1.468709 0.228482
v -0.674455 -1.466709 0.229682
v -0.672855 -1.465009 0.231382
v -0.671155 -1.463709 0.233382
v -0.669655 -1.463009 0.235782
v -0.668255 -1.462709 0.238282
v -0.667055 -1.463009 0.240882
v -0.666155 -1.463709 0.243582
v -0.665555 -1.465009 0.246082
v -0.665455 -1.471109 0.252182
v -0.710955 -1.493909 -0.195318
v -0.710955 -1.568309 -0.195318
v -0.708055 -1.568309 -0.192318
v -0.708055 -1.493909 -0.192318
v -0.713255 -1.568309 -0.198818
v -0.713255 -1.493909 -0.198818
v -0.714755 -1.493909 -0.202718
v -0.714755 -1.568309 -0.202718
v -0.715555 -1.568309 -0.206818
v -0.715555 -1.493909 -0.206818
v -0.715455 -1.493909 -0.211018
v -0.715455 -1.568309 -0.211018
v -0.714655 -1.568309 -0.215118
v -0.714655 -1.493909 -0.215118
v -0.712955 -1.568309 -0.218918
v -0.712955 -1.493909 -0.218918
v -0.710655 -1.493909 -0.222418
v -0.710655 -1.568309 -0.222418
v -0.707655 -1.568309 -0.225318
v -0.707655 -1.493909 -0.225318
v -0.704155 -1.493909 -0.227618
v -0.704155 -1.568309 -0.227618
v -0.700255 -1.493909 -0.229118
v -0.700255 -1.568309 -0.229118
v -0.696155 -1.568309 -0.229918
v -0.696155 -1.493909 -0.229918
v -0.691955 -1.493909 -0.229918
v -0.691955 -1.568309 -0.229918
v -0.687855 -1.493909 -0.229018
v -0.687855 -1.568309 -0.229018
v -0.684055 -1.568309 -0.227418
v -0.684055 -1.493909 -0.227418
v -0.680555 -1.493909 -0.225018
v -0.680555 -1.568309 -0.225018
v -0.677655 -1.493909 -0.222018
v -0.677655 -1.568309 -0.222018
v -0.675355 -1.568309 -0.218518
v -0.675355 -1.493909 -0.218518
v -0.673755 -1.568309 -0.214618
v -0.673755 -1.493909 -0.214618
v -0.673055 -1.493909 -0.210518
v -0.673055 -1.568309 -0.210518
v -0.673055 -1.568309 -0.206318
v -0.673055 -1.493909 -0.206318
v -0.673955 -1.493909 -0.202218
v -0.673955 -1.568309 -0.202218
v -0.675555 -1.493909 -0.198418
v -0.675555 -1.568309 -0.198418
v -0.677955 -1.568309 -0.194918
v -0.677955 -1.493909 -0.194918
v -0.680955 -1.568309 -0.192018
v -0.680955 -1.493909 -0.192018
v -0.684455 -1.493909 -0.189718
v -0.684455 -1.568309 -0.189718
v -0.688355 -1.568309 -0.188118
v -0.688355 -1.493909 -0.188118
v -0.692455 -1.493909 -0.187418
v -0.692455 -1.568309 -0.187418
v -0.696655 -1.493909 -0.187418
v -0.696655 -1.568309 -0.187418
v -0.700655 -1.568309 -0.188318
v -0.700655 -1.493909 -0.188318
v -0.701255 -1.475709 -0.218318
v -0.703355 -1.475509 -0.216218
v -0.704555 -1.493909 -0.189918
v -0.704555 -1.568309 -0.189918
v -0.707455 -1.478209 -0.206018
v -0.707255 -1.479509 -0.203418
v -0.694955 -1.468709 -0.193118
v -0.693055 -1.466709 -0.194018
v -0.682055 -1.487909 -0.216218
v -0.683155 -1.486209 -0.218318
v -0.692055 -1.491909 -0.196018
v -0.689555 -1.492709 -0.197318
v -0.707055 -1.477009 -0.208718
v -0.691455 -1.479509 -0.222318
v -0.688955 -1.481009 -0.222018
v -0.682255 -1.492709 -0.206018
v -0.683555 -1.493209 -0.203418
v -0.703755 -1.484409 -0.197318
v -0.705355 -1.482709 -0.199018
v -0.701855 -1.486209 -0.196018
v -0.699055 -1.476209 -0.220018
v -0.681355 -1.489409 -0.213818
v -0.694655 -1.490709 -0.195318
v -0.706255 -1.476209 -0.211318
v -0.686755 -1.482709 -0.221218
v -0.685255 -1.493409 -0.201018
v -0.706555 -1.481009 -0.201118
v -0.696555 -1.477009 -0.221318
v -0.681155 -1.490709 -0.211318
v -0.697155 -1.489409 -0.195018
v -0.705055 -1.475709 -0.213918
v -0.684755 -1.484409 -0.220018
v -0.687255 -1.493209 -0.199018
v -0.693955 -1.478209 -0.222018
v -0.681455 -1.491909 -0.208618
v -0.699655 -1.487909 -0.195318
v -0.699755 -1.478909 -0.194318
v -0.700055 -1.481409 -0.195718
v -0.699955 -1.483809 -0.197418
v -0.699455 -1.485809 -0.199418
v -0.698655 -1.487509 -0.201618
v -0.697355 -1.488809 -0.203918
v -0.695855 -1.489509 -0.206218
v -0.694055 -1.489809 -0.208518
v -0.692155 -1.489509 -0.210618
v -0.690155 -1.488809 -0.212518
v -0.688055 -1.487509 -0.214118
v -0.686055 -1.485809 -0.215418
v -0.684155 -1.483809 -0.216218
v -0.682555 -1.481409 -0.216618
v -0.681155 -1.478909 -0.216518
v -0.680055 -1.476309 -0.216018
v -0.679355 -1.473609 -0.215018
v -0.679055 -1.471109 -0.213718
v -0.679155 -1.468709 -0.212018
v -0.679655 -1.466709 -0.210018
v -0.680455 -1.465009 -0.207818
v -0.681755 -1.463709 -0.205518
v -0.683255 -1.463009 -0.203118
v -0.685055 -1.462709 -0.200918
v -0.686955 -1.463009 -0.198718
v -0.688955 -1.463709 -0.196818
v -0.691055 -1.465009 -0.195218
v -0.696555 -1.471109 -0.192718
v -0.699055 -1.476309 -0.193318
v -0.697955 -1.473609 -0.192818
v -0.742555 -1.493909 0.042882
v -0.742555 -1.568309 0.042882
v -0.738355 -1.568309 0.043182
v -0.738355 -1.493909 0.043182
v -0.746655 -1.568309 0.041882
v -0.746655 -1.493909 0.041882
v -0.750355 -1.493909 0.040082
v -0.750355 -1.568309 0.040082
v -0.753755 -1.493909 0.037482
v -0.753755 -1.568309 0.037482
v -0.756455 -1.568309 0.034382
v -0.756455 -1.493909 0.034382
v -0.758555 -1.493909 0.030782
v -0.758555 -1.568309 0.030782
v -0.759955 -1.493909 0.026782
v -0.759955 -1.568309 0.026782
v -0.760555 -1.568309 0.022682
v -0.760555 -1.493909 0.022682
v -0.760255 -1.493909 0.018482
v -0.760255 -1.568309 0.018482
v -0.759255 -1.493909 0.014482
v -0.759255 -1.568309 0.014482
v -0.757355 -1.568309 0.010682
v -0.757355 -1.493909 0.010682
v -0.754855 -1.493909 0.007382
v -0.754855 -1.568309 0.007382
v -0.751755 -1.493909 0.004582
v -0.751755 -1.568309 0.004582
v -0.748155 -1.568309 0.002482
v -0.748155 -1.493909 0.002482
v -0.744155 -1.568309 0.001082
v -0.744155 -1.493909 0.001082
v -0.740055 -1.493909 0.000482
v -0.740055 -1.568309 0.000482
v -0.735855 -1.568309 0.000782
v -0.735855 -1.493909 0.000782
v -0.731755 -1.568309 0.001882
v -0.731755 -1.493909 0.001882
v -0.728055 -1.493909 0.003682
v -0.728055 -1.568309 0.003682
v -0.724655 -1.568309 0.006182
v -0.724655 -1.493909 0.006182
v -0.721955 -1.493909 0.009282
v -0.721955 -1.568309 0.009282
v -0.719855 -1.493909 0.012982
v -0.719855 -1.568309 0.012982
v -0.718455 -1.568309 0.016882
v -0.718455 -1.493909 0.016882
v -0.717855 -1.568309 0.021082
v -0.717855 -1.493909 0.021082
v -0.718155 -1.493909 0.025182
v -0.718155 -1.568309 0.025182
v -0.719155 -1.568309 0.029282
v -0.719155 -1.493909 0.029282
v -0.721055 -1.493909 0.032982
v -0.721055 -1.568309 0.032982
v -0.723555 -1.493909 0.036382
v -0.723555 -1.568309 0.036382
v -0.726655 -1.568309 0.039182
v -0.726655 -1.493909 0.039182
v -0.730255 -1.493909 0.041282
v -0.730255 -1.568309 0.041282
v -0.751055 -1.475509 0.022282
v -0.750855 -1.475709 0.019382
v -0.734255 -1.493909 0.042582
v -0.734255 -1.568309 0.042582
v -0.745255 -1.479509 0.034382
v -0.729255 -1.468709 0.033782
v -0.728455 -1.466709 0.031882
v -0.747155 -1.478209 0.032582
v -0.735255 -1.487909 0.007982
v -0.737455 -1.486209 0.007282
v -0.729055 -1.491909 0.029682
v -0.728055 -1.492709 0.027082
v -0.748755 -1.477009 0.030482
v -0.746255 -1.479509 0.009782
v -0.744255 -1.481009 0.008382
v -0.728555 -1.492709 0.015782
v -0.727755 -1.493209 0.018482
v -0.740955 -1.482709 0.036482
v -0.738655 -1.484409 0.036682
v -0.736355 -1.486209 0.036282
v -0.750355 -1.476209 0.016582
v -0.733155 -1.489409 0.009282
v -0.730455 -1.490709 0.031982
v -0.749855 -1.476209 0.027882
v -0.742055 -1.482709 0.007482
v -0.727455 -1.493409 0.021382
v -0.743255 -1.481009 0.035682
v -0.749355 -1.477009 0.013982
v -0.731255 -1.490709 0.011082
v -0.732155 -1.489409 0.033882
v -0.750655 -1.475709 0.025182
v -0.739755 -1.484409 0.007082
v -0.727555 -1.493209 0.024282
v -0.747955 -1.478209 0.011682
v -0.729755 -1.491909 0.013282
v -0.734155 -1.487909 0.035382
v -0.731355 -1.473609 0.036082
v -0.732455 -1.476309 0.036382
v -0.733655 -1.478909 0.036182
v -0.734755 -1.481409 0.035382
v -0.735855 -1.483809 0.034082
v -0.736855 -1.485809 0.032182
v -0.737655 -1.487509 0.029982
v -0.738355 -1.488809 0.027482
v -0.738755 -1.489509 0.024682
v -0.738955 -1.489809 0.021882
v -0.738955 -1.489509 0.018982
v -0.738755 -1.488809 0.016182
v -0.738255 -1.487509 0.013582
v -0.737655 -1.485809 0.011282
v -0.736755 -1.483809 0.009482
v -0.735855 -1.481409 0.008082
v -0.734755 -1.478909 0.007182
v -0.733555 -1.476309 0.006882
v -0.732455 -1.473609 0.007082
v -0.731255 -1.471109 0.007882
v -0.730255 -1.468709 0.009182
v -0.729255 -1.466709 0.010982
v -0.728455 -1.465009 0.013182
v -0.727755 -1.463709 0.015782
v -0.727355 -1.463009 0.018482
v -0.727055 -1.462709 0.021382
v -0.727155 -1.463009 0.024282
v -0.727355 -1.463709 0.027082
v -0.727755 -1.465009 0.029682
v -0.730255 -1.471109 0.035182
vn -0.3933 -0.9194 -0.0001
vn -0.3933 -0.9194 -0.0000
vn -0.3934 -0.9194 0.0002
vn -0.3933 -0.9194 0.0001
vn -0.3935 -0.9193 0.0002
vn -0.3934 -0.9194 0.0001
vn -0.3934 -0.9194 -0.0000
vn -0.3934 -0.9194 -0.0001
vn -0.3935 -0.9193 -0.0000
vn -0.3935 -0.9193 -0.0001
vn -0.3930 -0.9195 -0.0001
vn -0.3931 -0.9195 -0.0000
vn -0.1217 0.9915 0.0461
vn -0.1218 0.9915 0.0461
vn -0.1217 0.9915 0.0460
vn -0.1216 0.9915 0.0461
vn -0.4570 0.1954 0.8677
vn -0.4570 0.1955 0.8677
vn -0.4570 0.1954 0.8678
vn -0.0965 0.0413 -0.9945
vn -0.0964 0.0411 -0.9945
vn -0.0965 0.0412 -0.9945
vn 0.7300 -0.3124 -0.6079
vn 0.7299 -0.3123 -0.6080
vn -0.2843 0.1217 0.9510
vn -0.2842 0.1216 0.9510
vn -0.2843 0.1216 0.9510
vn -0.2843 0.1216 -0.9510
vn -0.2842 0.1216 -0.9510
vn 0.6072 -0.2599 -0.7509
vn 0.6072 -0.2598 -0.7509
vn 0.6070 -0.2598 -0.7510
vn 0.6066 -0.2602 -0.7512
vn -0.0965 0.0413 0.9945
vn -0.0964 0.0414 0.9945
vn -0.0966 0.0413 0.9945
vn -0.4566 0.1956 -0.8679
vn -0.4570 0.1955 -0.8677
vn -0.4566 0.1955 -0.8679
vn 0.4570 -0.1955 -0.8677
vn 0.4569 -0.1952 -0.8678
vn 0.4570 -0.1954 -0.8678
vn 0.0964 -0.0413 0.9945
vn -0.6070 0.2595 -0.7512
vn 0.2843 -0.1216 -0.9510
vn 0.2842 -0.1216 -0.9510
vn 0.2843 -0.1216 0.9510
vn 0.2844 -0.1217 0.9510
vn 0.2845 -0.1218 0.9509
vn -0.7301 0.3121 -0.6079
vn 0.0964 -0.0413 -0.9945
vn 0.4569 -0.1952 0.8678
vn 0.4570 -0.1955 0.8677
vn 0.4571 -0.1951 0.8678
vn -0.8227 0.3524 -0.4461
vn -0.8229 0.3520 -0.4460
vn -0.8228 0.3520 -0.4462
vn -0.8228 0.3520 -0.4463
vn 0.6072 -0.2598 0.7509
vn -0.8846 0.3785 -0.2724
vn 0.7299 -0.3123 0.6080
vn 0.7299 -0.3123 0.6081
vn -0.9156 0.3916 -0.0915
vn -0.9156 0.3915 -0.0915
vn -0.9156 0.3917 -0.0915
vn 0.8227 -0.3520 0.4464
vn 0.8227 -0.3522 0.4462
vn 0.8227 -0.3521 0.4463
vn -0.9155 0.3917 0.0915
vn -0.9156 0.3916 0.0915
vn 0.8846 -0.3784 0.2724
vn 0.8847 -0.3783 0.2724
vn 0.8847 -0.3785 0.2723
vn 0.8847 -0.3785 0.2722
vn -0.8846 0.3785 0.2724
vn 0.9155 -0.3917 0.0916
vn 0.9155 -0.3917 0.0915
vn 0.9156 -0.3915 0.0919
vn -0.8228 0.3523 0.4461
vn -0.8228 0.3520 0.4462
vn -0.8228 0.3519 0.4463
vn -0.8228 0.3520 0.4463
vn 0.9156 -0.3915 -0.0918
vn 0.9155 -0.3918 -0.0914
vn 0.9155 -0.3916 -0.0916
vn 0.9155 -0.3917 -0.0915
vn -0.7301 0.3121 0.6079
vn 0.8846 -0.3785 -0.2724
vn 0.8846 -0.3785 -0.2723
vn -0.6070 0.2595 0.7512
vn -0.6072 0.2598 0.7509
vn 0.8227 -0.3520 -0.4464
vn 0.8227 -0.3517 -0.4466
vn -0.6235 -0.7524 0.2124
vn -0.6235 -0.7524 0.2123
vn 0.7842 0.6053 0.1365
vn 0.7844 0.6050 0.1368
vn 0.7845 0.6048 0.1369
vn -0.1042 0.9851 0.1368
vn 0.8011 0.5967 0.0461
vn 0.8012 0.5966 0.0461
vn 0.8011 0.5968 0.0461
vn -0.0695 0.9724 0.2226
vn 0.8012 0.5966 -0.0461
vn -0.0186 0.9535 0.3007
vn -0.0186 0.9536 0.3005
vn -0.0188 0.9536 0.3005
vn -0.0189 0.9536 0.3005
vn 0.7846 0.6048 -0.1368
vn 0.7844 0.6049 -0.1368
vn 0.7843 0.6051 -0.1369
vn 0.7845 0.6049 -0.1368
vn 0.0462 0.9289 0.3673
vn 0.0459 0.9289 0.3674
vn 0.0464 0.9290 0.3673
vn 0.0463 0.9289 0.3673
vn 0.7513 0.6213 -0.2226
vn 0.1221 0.8991 0.4205
vn 0.1227 0.8990 0.4204
vn 0.1223 0.8991 0.4204
vn 0.1224 0.8991 0.4203
vn 0.2991 0.8270 -0.4761
vn 0.2991 0.8269 -0.4761
vn 0.2991 0.8270 -0.4760
vn 0.7027 0.6450 -0.3003
vn 0.7027 0.6449 -0.3005
vn 0.7028 0.6448 -0.3005
vn 0.2079 0.8647 0.4573
vn 0.2082 0.8646 0.4573
vn 0.2077 0.8647 0.4573
vn 0.2082 0.8646 -0.4573
vn 0.2083 0.8646 -0.4573
vn 0.2082 0.8646 -0.4572
vn 0.2082 0.8647 -0.4572
vn 0.6402 0.6746 -0.3675
vn 0.6401 0.6747 -0.3674
vn 0.6397 0.6749 -0.3677
vn 0.6402 0.6747 -0.3674
vn 0.2991 0.8270 0.4761
vn 0.2991 0.8271 0.4759
vn 0.2991 0.8269 0.4762
vn 0.1227 0.8990 -0.4204
vn 0.1222 0.8992 -0.4201
vn 0.1226 0.8990 -0.4204
vn 0.1226 0.8990 -0.4205
vn 0.5655 0.7095 -0.4204
vn 0.5655 0.7096 -0.4204
vn 0.3915 0.7875 0.4760
vn 0.3915 0.7875 0.4761
vn 0.3915 0.7875 0.4759
vn 0.0463 0.9290 -0.3672
vn 0.0464 0.9291 -0.3670
vn 0.0463 0.9289 -0.3674
vn 0.0460 0.9289 -0.3674
vn 0.4816 0.7477 -0.4571
vn 0.4816 0.7478 -0.4571
vn 0.4816 0.7477 -0.4572
vn 0.4816 0.7476 0.4573
vn 0.4816 0.7477 0.4572
vn 0.4818 0.7478 0.4569
vn 0.4817 0.7477 0.4570
vn -0.0189 0.9536 -0.3006
vn -0.0188 0.9536 -0.3005
vn -0.0189 0.9536 -0.3005
vn 0.3915 0.7875 -0.4759
vn 0.3915 0.7875 -0.4760
vn 0.5655 0.7096 0.4204
vn 0.5655 0.7095 0.4204
vn 0.5656 0.7095 0.4204
vn -0.0696 0.9724 -0.2226
vn -0.0695 0.9724 -0.2226
vn -0.0696 0.9724 -0.2227
vn -0.0697 0.9724 -0.2226
vn 0.6401 0.6748 0.3673
vn 0.6401 0.6748 0.3674
vn -0.1042 0.9851 -0.1368
vn -0.1041 0.9851 -0.1368
vn 0.7028 0.6448 0.3005
vn 0.7027 0.6449 0.3005
vn 0.7027 0.6449 0.3004
vn -0.1218 0.9915 -0.0461
vn -0.1218 0.9915 -0.0460
vn 0.7513 0.6212 0.2227
vn 0.7513 0.6213 0.2226
vn 0.7514 0.6212 0.2227
vn -0.0526 -0.9939 -0.0970
vn -0.0528 -0.9939 -0.0969
vn -0.0529 -0.9939 -0.0969
vn -0.5787 -0.7732 0.2593
vn -0.5787 -0.7732 0.2592
vn -0.5787 -0.7734 0.2588
vn -0.5787 -0.7733 0.2590
vn -0.0775 -0.9844 -0.1577
vn -0.0776 -0.9844 -0.1576
vn -0.0776 -0.9845 -0.1576
vn -0.5257 -0.7974 0.2964
vn -0.5257 -0.7975 0.2962
vn -0.5257 -0.7974 0.2963
vn -0.5257 -0.7973 0.2965
vn -0.4027 -0.8518 -0.3351
vn -0.4028 -0.8518 -0.3349
vn -0.4029 -0.8518 -0.3348
vn -0.1134 -0.9706 -0.2125
vn -0.1131 -0.9706 -0.2125
vn -0.1135 -0.9706 -0.2124
vn -0.1136 -0.9706 -0.2124
vn -0.4664 -0.8239 0.3218
vn -0.4665 -0.8239 0.3219
vn -0.4663 -0.8240 0.3217
vn -0.4663 -0.8240 -0.3217
vn -0.4662 -0.8241 -0.3216
vn -0.1596 -0.9525 -0.2592
vn -0.1596 -0.9525 -0.2594
vn -0.1597 -0.9525 -0.2594
vn -0.4028 -0.8518 0.3349
vn -0.4032 -0.8517 0.3347
vn -0.4029 -0.8518 0.3349
vn -0.5257 -0.7974 -0.2964
vn -0.5257 -0.7974 -0.2963
vn -0.2139 -0.9309 -0.2961
vn -0.2138 -0.9309 -0.2962
vn -0.2140 -0.9309 -0.2961
vn -0.3379 -0.8796 0.3350
vn -0.3379 -0.8796 0.3348
vn -0.3381 -0.8796 0.3347
vn -0.3379 -0.8795 0.3350
vn -0.5787 -0.7733 -0.2592
vn -0.5788 -0.7731 -0.2593
vn -0.5787 -0.7732 -0.2592
vn -0.2740 -0.9063 -0.3217
vn -0.2740 -0.9063 -0.3218
vn -0.2741 -0.9063 0.3218
vn -0.2740 -0.9063 0.3217
vn -0.6235 -0.7524 -0.2123
vn -0.6235 -0.7524 -0.2124
vn -0.6235 -0.7524 -0.2122
vn -0.3380 -0.8796 -0.3347
vn -0.3379 -0.8797 -0.3346
vn -0.3381 -0.8796 -0.3347
vn -0.3379 -0.8796 -0.3348
vn -0.2138 -0.9309 0.2962
vn -0.6585 -0.7359 -0.1576
vn -0.6586 -0.7358 -0.1576
vn -0.1596 -0.9525 0.2592
vn -0.1596 -0.9525 0.2593
vn -0.6825 -0.7245 -0.0966
vn -0.6825 -0.7245 -0.0968
vn -0.6825 -0.7245 -0.0969
vn -0.6824 -0.7245 -0.0969
vn -0.1135 -0.9706 0.2124
vn -0.1136 -0.9706 0.2124
vn -0.6946 -0.7187 -0.0327
vn -0.6946 -0.7186 -0.0327
vn -0.6945 -0.7187 -0.0327
vn -0.0776 -0.9844 0.1576
vn -0.0777 -0.9844 0.1576
vn -0.0775 -0.9845 0.1576
vn -0.6946 -0.7186 0.0327
vn -0.6946 -0.7187 0.0327
vn -0.6945 -0.7187 0.0327
vn -0.0528 -0.9939 0.0969
vn -0.6824 -0.7245 0.0969
vn -0.6824 -0.7246 0.0967
vn -0.6828 -0.7241 0.0972
vn -0.0402 -0.9987 0.0327
vn -0.0406 -0.9986 0.0329
vn -0.6585 -0.7359 0.1576
vn -0.0402 -0.9987 -0.0327
vn -0.0402 -0.9987 -0.0328
vn 0.4813 0.7504 0.4530
vn 0.4813 0.7505 0.4530
vn 0.4814 0.7503 0.4530
vn 0.4815 0.7502 0.4531
vn 0.6073 -0.2597 -0.7508
vn 0.6071 -0.2598 -0.7510
vn 0.6072 -0.2597 -0.7509
vn 0.6076 -0.2596 -0.7506
vn -0.0963 0.0412 0.9945
vn -0.0962 0.0412 0.9945
vn -0.0968 0.0413 0.9944
vn -0.4568 0.1953 -0.8679
vn -0.4569 0.1954 -0.8678
vn -0.4566 0.1953 -0.8680
vn 0.4565 -0.1952 -0.8680
vn 0.4568 -0.1954 -0.8679
vn 0.4567 -0.1951 -0.8680
vn 0.0963 -0.0413 0.9945
vn 0.0962 -0.0413 0.9945
vn 0.0962 -0.0412 0.9945
vn -0.6076 0.2596 -0.7506
vn -0.6072 0.2598 -0.7509
vn 0.2844 -0.1217 -0.9510
vn 0.2842 -0.1216 0.9510
vn 0.2844 -0.1216 0.9510
vn -0.7299 0.3121 -0.6081
vn -0.7300 0.3123 -0.6079
vn -0.7300 0.3121 -0.6081
vn -0.7299 0.3119 -0.6083
vn 0.0965 -0.0413 -0.9945
vn 0.0962 -0.0413 -0.9945
vn 0.0963 -0.0413 -0.9945
vn 0.0962 -0.0412 -0.9945
vn 0.4568 -0.1953 0.8679
vn 0.4567 -0.1952 0.8679
vn 0.4569 -0.1954 0.8678
vn -0.8225 0.3522 -0.4465
vn -0.8227 0.3521 -0.4463
vn -0.8227 0.3520 -0.4465
vn -0.8845 0.3788 -0.2723
vn -0.8846 0.3785 -0.2723
vn -0.8845 0.3787 -0.2723
vn -0.8846 0.3788 -0.2722
vn 0.7300 -0.3121 0.6081
vn 0.7300 -0.3123 0.6079
vn 0.7299 -0.3121 0.6081
vn 0.7299 -0.3125 0.6080
vn -0.9155 0.3917 -0.0915
vn 0.8225 -0.3522 0.4465
vn 0.8228 -0.3521 0.4461
vn 0.8846 -0.3785 0.2724
vn 0.8845 -0.3787 0.2723
vn 0.8846 -0.3785 0.2723
vn -0.8847 0.3785 0.2722
vn -0.8847 0.3785 0.2720
vn -0.8845 0.3787 0.2723
vn -0.8843 0.3790 0.2726
vn -0.8225 0.3522 0.4465
vn -0.8227 0.3520 0.4465
vn -0.8227 0.3521 0.4463
vn -0.7300 0.3121 0.6081
vn -0.7298 0.3122 0.6083
vn -0.7299 0.3121 0.6081
vn -0.7301 0.3120 0.6079
vn 0.8846 -0.3784 -0.2724
vn 0.8847 -0.3785 -0.2720
vn 0.8845 -0.3788 -0.2723
vn -0.6076 0.2596 0.7506
vn 0.8228 -0.3520 -0.4463
vn 0.8228 -0.3520 -0.4462
vn 0.8229 -0.3519 -0.4462
vn -0.4565 0.1952 0.8680
vn -0.4568 0.1953 0.8679
vn -0.4569 0.1954 0.8678
vn -0.4566 0.1953 0.8680
vn -0.0968 0.0414 -0.9944
vn -0.0968 0.0413 -0.9944
vn 0.7301 -0.3123 -0.6077
vn 0.7301 -0.3120 -0.6079
vn 0.7301 -0.3122 -0.6078
vn 0.0842 -0.9362 0.3413
vn 0.0844 -0.9362 0.3413
vn 0.0843 -0.9362 0.3413
vn -0.0144 0.9545 -0.2978
vn -0.0145 0.9545 -0.2980
vn -0.0144 0.9546 -0.2976
vn -0.0146 0.9545 -0.2978
vn 0.3918 0.7898 -0.4720
vn 0.3921 0.7898 -0.4717
vn 0.5644 0.7127 0.4165
vn 0.5643 0.7127 0.4166
vn 0.5645 0.7127 0.4164
vn -0.0648 0.9732 -0.2205
vn -0.0646 0.9732 -0.2208
vn -0.0647 0.9732 -0.2208
vn -0.0648 0.9733 -0.2203
vn 0.6383 0.6783 0.3641
vn 0.6383 0.6783 0.3639
vn 0.6384 0.6783 0.3639
vn 0.6384 0.6782 0.3641
vn -0.0990 0.9858 -0.1357
vn -0.0991 0.9858 -0.1356
vn -0.0991 0.9858 -0.1355
vn -0.0990 0.9858 -0.1356
vn 0.7005 0.6486 0.2978
vn 0.7004 0.6486 0.2978
vn -0.1166 0.9921 -0.0459
vn -0.1165 0.9921 -0.0459
vn 0.7486 0.6252 0.2206
vn -0.1166 0.9921 0.0456
vn -0.1165 0.9921 0.0459
vn -0.1165 0.9921 0.0456
vn -0.1166 0.9921 0.0453
vn 0.7815 0.6091 0.1355
vn 0.7815 0.6090 0.1356
vn 0.7814 0.6091 0.1355
vn -0.0990 0.9858 0.1355
vn -0.0991 0.9858 0.1353
vn -0.0991 0.9858 0.1354
vn -0.0990 0.9858 0.1356
vn 0.7982 0.6007 0.0457
vn 0.7981 0.6008 0.0457
vn -0.0647 0.9732 0.2208
vn -0.0649 0.9732 0.2205
vn -0.0648 0.9732 0.2207
vn -0.0648 0.9732 0.2206
vn 0.7982 0.6007 -0.0456
vn 0.7981 0.6008 -0.0457
vn -0.0146 0.9545 0.2979
vn -0.0146 0.9545 0.2978
vn -0.0145 0.9546 0.2977
vn -0.0144 0.9545 0.2980
vn 0.7814 0.6091 -0.1355
vn 0.7814 0.6091 -0.1356
vn 0.7815 0.6091 -0.1356
vn 0.0497 0.9301 0.3640
vn 0.0501 0.9301 0.3639
vn 0.7486 0.6253 -0.2205
vn 0.7486 0.6252 -0.2205
vn 0.7486 0.6253 -0.2206
vn 0.7486 0.6252 -0.2206
vn 0.1259 0.9004 0.4165
vn 0.1257 0.9004 0.4165
vn 0.1258 0.9004 0.4165
vn 0.3006 0.8289 -0.4717
vn 0.3005 0.8290 -0.4717
vn 0.3006 0.8290 -0.4717
vn 0.3010 0.8287 -0.4719
vn 0.7004 0.6487 -0.2977
vn 0.7004 0.6486 -0.2978
vn 0.7005 0.6486 -0.2977
vn 0.7004 0.6487 -0.2976
vn 0.2105 0.8663 0.4531
vn 0.2105 0.8663 0.4530
vn 0.2106 0.8663 0.4530
vn 0.2107 0.8662 -0.4532
vn 0.2105 0.8664 -0.4529
vn 0.2105 0.8662 -0.4531
vn 0.2105 0.8663 -0.4530
vn 0.6383 0.6782 -0.3642
vn 0.6385 0.6780 -0.3642
vn 0.6382 0.6783 -0.3641
vn 0.6384 0.6782 -0.3640
vn 0.3005 0.8290 0.4717
vn 0.1258 0.9004 -0.4165
vn 0.1259 0.9004 -0.4165
vn 0.1257 0.9004 -0.4165
vn 0.5644 0.7127 -0.4165
vn 0.5643 0.7127 -0.4167
vn 0.5643 0.7127 -0.4166
vn 0.3918 0.7898 0.4720
vn 0.3917 0.7898 0.4720
vn 0.3918 0.7898 0.4719
vn 0.0497 0.9301 -0.3640
vn 0.0501 0.9301 -0.3639
vn 0.4812 0.7505 -0.4530
vn 0.4813 0.7504 -0.4530
vn 0.4810 0.7506 -0.4530
vn 0.9156 -0.3916 0.0915
vn 0.9156 -0.3915 0.0914
vn -0.8459 -0.5307 -0.0523
vn -0.8458 -0.5310 -0.0522
vn -0.8458 -0.5309 -0.0523
vn -0.8460 -0.5307 -0.0523
vn 0.1415 -0.9572 0.2526
vn 0.1414 -0.9572 0.2525
vn 0.1415 -0.9572 0.2527
vn -0.8459 -0.5308 0.0523
vn -0.8458 -0.5309 0.0523
vn -0.8460 -0.5307 0.0523
vn 0.1807 -0.9712 0.1550
vn 0.1803 -0.9713 0.1551
vn 0.1806 -0.9712 0.1552
vn 0.1807 -0.9712 0.1551
vn -0.8272 -0.5401 0.1551
vn -0.8271 -0.5402 0.1551
vn 0.2008 -0.9782 0.0526
vn 0.2008 -0.9782 0.0527
vn 0.2009 -0.9782 0.0526
vn -0.7900 -0.5586 0.2527
vn -0.7901 -0.5585 0.2527
vn -0.7901 -0.5585 0.2525
vn 0.2009 -0.9782 -0.0526
vn 0.2006 -0.9783 -0.0525
vn 0.2008 -0.9782 -0.0526
vn 0.2008 -0.9782 -0.0525
vn -0.7354 -0.5853 0.3414
vn -0.7353 -0.5855 0.3413
vn -0.7353 -0.5857 0.3411
vn -0.7354 -0.5853 0.3413
vn 0.1805 -0.9712 -0.1554
vn 0.1805 -0.9713 -0.1551
vn 0.1803 -0.9713 -0.1551
vn -0.6646 -0.6194 0.4179
vn -0.6646 -0.6194 0.4178
vn -0.6646 -0.6195 0.4177
vn 0.1415 -0.9571 -0.2527
vn 0.1415 -0.9572 -0.2525
vn 0.1415 -0.9572 -0.2526
vn 0.1415 -0.9571 -0.2528
vn -0.5801 -0.6593 0.4783
vn -0.5798 -0.6593 0.4788
vn -0.5801 -0.6593 0.4784
vn -0.3823 -0.7481 -0.5424
vn -0.3823 -0.7481 -0.5423
vn -0.3822 -0.7481 -0.5425
vn 0.0842 -0.9362 -0.3413
vn 0.0841 -0.9361 -0.3415
vn 0.0843 -0.9362 -0.3413
vn -0.4848 -0.7028 0.5207
vn -0.4847 -0.7028 -0.5207
vn -0.4848 -0.7029 -0.5205
vn -0.4848 -0.7028 -0.5206
vn -0.4848 -0.7027 -0.5207
vn 0.0108 -0.9084 -0.4179
vn 0.0106 -0.9084 -0.4179
vn 0.0107 -0.9084 -0.4179
vn 0.0108 -0.9085 -0.4177
vn -0.3823 -0.7481 0.5424
vn -0.3823 -0.7481 0.5423
vn -0.5800 -0.6593 -0.4785
vn -0.5801 -0.6592 -0.4784
vn -0.5800 -0.6593 -0.4784
vn -0.0763 -0.8748 -0.4784
vn -0.0762 -0.8748 -0.4784
vn -0.2770 -0.7931 0.5424
vn -0.2771 -0.7932 0.5423
vn -0.2772 -0.7932 0.5422
vn -0.6646 -0.6196 -0.4176
vn -0.6646 -0.6196 -0.4177
vn -0.6646 -0.6195 -0.4177
vn -0.1735 -0.8359 -0.5207
vn -0.1737 -0.8360 0.5206
vn -0.1737 -0.8360 0.5205
vn -0.1738 -0.8360 0.5205
vn -0.7354 -0.5853 -0.3414
vn -0.7352 -0.5856 -0.3413
vn -0.7354 -0.5854 -0.3414
vn -0.2770 -0.7931 -0.5424
vn -0.2771 -0.7932 -0.5423
vn -0.2772 -0.7932 -0.5422
vn -0.2769 -0.7932 -0.5424
vn -0.0762 -0.8748 0.4785
vn -0.0762 -0.8748 0.4784
vn -0.7899 -0.5588 -0.2526
vn -0.7899 -0.5587 -0.2527
vn -0.7899 -0.5590 -0.2523
vn 0.0108 -0.9084 0.4179
vn 0.0110 -0.9084 0.4180
vn 0.0107 -0.9084 0.4179
vn 0.0106 -0.9084 0.4179
vn -0.8272 -0.5401 -0.1551
vn 0.7937 0.5491 -0.2618
vn 0.7937 0.5493 -0.2614
vn -0.8226 0.3521 0.4464
vn -0.8227 0.3520 0.4463
vn 0.9155 -0.3918 -0.0915
vn 0.9156 -0.3916 -0.0915
vn 0.9155 -0.3919 -0.0916
vn -0.7300 0.3125 0.6079
vn -0.7299 0.3122 0.6081
vn -0.7300 0.3124 0.6079
vn -0.7299 0.3124 0.6080
vn 0.8227 -0.3520 -0.4463
vn 0.8227 -0.3521 -0.4464
vn 0.8227 -0.3521 -0.4463
vn -0.4571 0.1956 0.8677
vn -0.4570 0.1957 0.8677
vn -0.4571 0.1956 0.8676
vn -0.4571 0.1955 0.8677
vn 0.7299 -0.3121 -0.6081
vn 0.7299 -0.3124 -0.6080
vn -0.2843 0.1220 0.9509
vn -0.2842 0.1215 0.9510
vn -0.2843 0.1220 -0.9509
vn 0.6070 -0.2597 -0.7510
vn 0.6071 -0.2597 -0.7510
vn 0.6070 -0.2596 -0.7511
vn -0.0964 0.0412 0.9945
vn -0.4570 0.1956 -0.8677
vn -0.4571 0.1956 -0.8677
vn -0.4569 0.1957 -0.8678
vn 0.4571 -0.1955 -0.8677
vn 0.4571 -0.1956 -0.8677
vn 0.0966 -0.0414 0.9945
vn 0.0964 -0.0412 0.9945
vn 0.0965 -0.0413 0.9945
vn 0.2844 -0.1218 -0.9509
vn 0.2842 -0.1215 -0.9510
vn 0.2844 -0.1218 0.9509
vn -0.7300 0.3124 -0.6079
vn -0.7299 0.3124 -0.6080
vn -0.7298 0.3122 -0.6082
vn -0.7299 0.3122 -0.6081
vn 0.0966 -0.0413 -0.9945
vn 0.0964 -0.0412 -0.9945
vn 0.4571 -0.1955 0.8677
vn 0.4572 -0.1955 0.8676
vn -0.8227 0.3520 -0.4463
vn -0.8229 0.3519 -0.4462
vn 0.6072 -0.2599 0.7508
vn 0.6067 -0.2594 0.7514
vn 0.6071 -0.2597 0.7510
vn 0.6074 -0.2599 0.7507
vn -0.8845 0.3789 -0.2722
vn 0.7300 -0.3124 0.6079
vn -0.9156 0.3915 -0.0914
vn 0.8227 -0.3520 0.4463
vn 0.8228 -0.3519 0.4463
vn -0.9156 0.3915 0.0914
vn -0.8845 0.3789 0.2722
vn -0.8846 0.3784 0.2725
vn 0.0605 -0.9911 0.1182
vn 0.0606 -0.9911 0.1184
vn 0.0604 -0.9911 0.1185
vn 0.1661 0.9238 0.3449
vn 0.2969 0.8454 -0.4441
vn 0.2969 0.8454 -0.4440
vn 0.2968 0.8454 -0.4440
vn 0.7313 0.5873 -0.3468
vn 0.7313 0.5873 -0.3469
vn 0.2244 0.8884 0.4004
vn 0.2245 0.8884 0.4004
vn 0.2244 0.8884 -0.4004
vn 0.6536 0.6344 -0.4128
vn 0.2972 0.8451 0.4444
vn 0.2969 0.8454 0.4440
vn 0.1661 0.9238 -0.3449
vn 0.5653 0.6872 -0.4563
vn 0.3810 0.7960 0.4704
vn 0.1223 0.9514 -0.2825
vn 0.4725 0.7423 -0.4752
vn 0.4723 0.7422 -0.4754
vn 0.4723 0.7423 -0.4754
vn 0.4723 0.7422 0.4755
vn 0.4723 0.7422 0.4754
vn 0.4724 0.7422 0.4753
vn 0.0919 0.9717 -0.2176
vn 0.0919 0.9717 -0.2177
vn 0.0919 0.9717 -0.2178
vn 0.3810 0.7960 -0.4703
vn 0.3810 0.7960 -0.4704
vn 0.5653 0.6872 0.4563
vn 0.0725 0.9855 -0.1533
vn 0.0725 0.9855 -0.1534
vn 0.6536 0.6344 0.4128
vn 0.0615 0.9940 -0.0908
vn 0.7313 0.5873 0.3467
vn 0.7313 0.5873 0.3468
vn 0.0566 0.9979 -0.0300
vn 0.7937 0.5493 0.2614
vn 0.7937 0.5491 0.2618
vn 0.7936 0.5492 0.2618
vn 0.0566 0.9979 0.0300
vn 0.0565 0.9979 0.0300
vn 0.8371 0.5223 0.1627
vn 0.8371 0.5223 0.1628
vn 0.0615 0.9940 0.0908
vn 0.0614 0.9940 0.0907
vn 0.8592 0.5087 0.0554
vn 0.8593 0.5085 0.0554
vn 0.8591 0.5088 0.0554
vn 0.8593 0.5085 0.0552
vn 0.0725 0.9855 0.1534
vn 0.0726 0.9855 0.1534
vn 0.8594 0.5083 -0.0551
vn 0.8595 0.5082 -0.0549
vn 0.8594 0.5083 -0.0550
vn 0.8593 0.5085 -0.0552
vn 0.0918 0.9717 0.2177
vn 0.0919 0.9717 0.2177
vn 0.8371 0.5223 -0.1628
vn 0.8371 0.5222 -0.1628
vn 0.1223 0.9514 0.2826
vn 0.1223 0.9514 0.2825
vn 0.9155 -0.2968 -0.2716
vn 0.9155 -0.2969 -0.2716
vn 0.9155 -0.2967 -0.2717
vn -0.7042 -0.7009 0.1133
vn -0.7042 -0.7010 0.1131
vn -0.7043 -0.7008 0.1135
vn 0.0766 -0.9963 0.0401
vn 0.0763 -0.9963 0.0399
vn 0.0763 -0.9963 0.0400
vn 0.0764 -0.9963 0.0399
vn -0.6763 -0.7132 0.1842
vn -0.6765 -0.7130 0.1842
vn -0.6767 -0.7128 0.1841
vn -0.6764 -0.7131 0.1842
vn 0.0761 -0.9963 -0.0400
vn 0.0764 -0.9963 -0.0399
vn -0.6360 -0.7305 0.2488
vn -0.6359 -0.7305 0.2491
vn -0.6359 -0.7305 0.2490
vn -0.6359 -0.7305 0.2489
vn 0.0600 -0.9912 -0.1180
vn 0.0605 -0.9911 -0.1182
vn 0.0604 -0.9911 -0.1185
vn -0.5835 -0.7526 0.3052
vn -0.5835 -0.7525 0.3054
vn -0.5835 -0.7526 0.3051
vn 0.0293 -0.9810 -0.1920
vn -0.5210 -0.7783 0.3505
vn -0.5208 -0.7786 0.3501
vn -0.5210 -0.7783 0.3504
vn -0.5211 -0.7783 0.3502
vn -0.3735 -0.8370 -0.3998
vn -0.3735 -0.8371 -0.3997
vn -0.3734 -0.8371 -0.3997
vn -0.0161 -0.9659 -0.2583
vn -0.0160 -0.9659 -0.2583
vn -0.0161 -0.9659 -0.2584
vn -0.4502 -0.8070 0.3822
vn -0.4501 -0.8071 0.3821
vn -0.4504 -0.8070 0.3820
vn -0.4502 -0.8069 0.3823
vn -0.4499 -0.8071 -0.3822
vn -0.4501 -0.8070 -0.3823
vn -0.4500 -0.8072 -0.3822
vn -0.4499 -0.8072 -0.3822
vn -0.0739 -0.9464 -0.3145
vn -0.0741 -0.9463 -0.3146
vn -0.0737 -0.9463 -0.3147
vn -0.0734 -0.9464 -0.3146
vn -0.3734 -0.8371 0.3997
vn -0.3732 -0.8371 0.3999
vn -0.3734 -0.8370 0.4000
vn -0.3740 -0.8371 0.3993
vn -0.5207 -0.7786 -0.3503
vn -0.5212 -0.7781 -0.3505
vn -0.5208 -0.7785 -0.3503
vn -0.5208 -0.7785 -0.3504
vn -0.1413 -0.9230 -0.3580
vn -0.1413 -0.9230 -0.3579
vn -0.1412 -0.9229 -0.3581
vn -0.2942 -0.8672 0.4017
vn -0.2943 -0.8672 0.4016
vn -0.2943 -0.8672 0.4017
vn -0.2943 -0.8673 0.4016
vn -0.5834 -0.7526 -0.3054
vn -0.5835 -0.7526 -0.3052
vn -0.5833 -0.7526 -0.3055
vn -0.2158 -0.8962 -0.3876
vn -0.2158 -0.8963 -0.3875
vn -0.2158 -0.8962 0.3876
vn -0.2157 -0.8962 0.3876
vn -0.6360 -0.7304 -0.2489
vn -0.6359 -0.7305 -0.2491
vn -0.6359 -0.7307 -0.2486
vn -0.2942 -0.8673 -0.4016
vn -0.2943 -0.8672 -0.4016
vn -0.2942 -0.8674 -0.4014
vn -0.1411 -0.9229 0.3583
vn -0.1409 -0.9229 0.3584
vn -0.1411 -0.9229 0.3582
vn -0.1412 -0.9229 0.3583
vn -0.6767 -0.7128 -0.1841
vn -0.6765 -0.7130 -0.1842
vn -0.6763 -0.7132 -0.1842
vn -0.0735 -0.9463 0.3147
vn -0.0734 -0.9464 0.3146
vn -0.0737 -0.9463 0.3147
vn -0.0737 -0.9464 0.3144
vn -0.7042 -0.7010 -0.1131
vn -0.7042 -0.7009 -0.1132
vn -0.0161 -0.9659 0.2585
vn -0.0160 -0.9659 0.2585
vn -0.0160 -0.9659 0.2583
vn -0.7181 -0.6949 -0.0381
vn -0.7182 -0.6948 -0.0380
vn -0.7180 -0.6950 -0.0382
vn 0.0293 -0.9810 0.1920
vn -0.7181 -0.6949 0.0381
vn -0.7182 -0.6948 0.0380
vn 0.6442 0.6293 -0.4347
vn 0.6444 0.6291 -0.4347
vn 0.6443 0.6292 -0.4347
vn -0.6292 0.2038 0.7500
vn -0.6292 0.2037 0.7501
vn -0.6293 0.2039 0.7500
vn 0.8518 -0.2761 -0.4451
vn 0.8517 -0.2760 -0.4454
vn 0.8517 -0.2762 -0.4454
vn -0.4738 0.1537 0.8671
vn -0.4738 0.1536 0.8671
vn -0.1003 0.0325 -0.9944
vn -0.1003 0.0326 -0.9944
vn -0.1004 0.0325 -0.9944
vn 0.7559 -0.2451 -0.6071
vn 0.7560 -0.2451 -0.6069
vn 0.7559 -0.2450 -0.6071
vn 0.7560 -0.2450 -0.6070
vn -0.2949 0.0957 0.9507
vn -0.2948 0.0956 0.9508
vn -0.2950 0.0958 -0.9507
vn -0.2946 0.0956 -0.9508
vn -0.2949 0.0957 -0.9507
vn -0.2953 0.0960 -0.9506
vn 0.6292 -0.2039 -0.7500
vn 0.6292 -0.2041 -0.7500
vn -0.1003 0.0325 0.9944
vn -0.1003 0.0326 0.9944
vn -0.1004 0.0325 0.9944
vn -0.4738 0.1537 -0.8671
vn -0.4739 0.1537 -0.8671
vn 0.4738 -0.1537 -0.8671
vn 0.4738 -0.1536 -0.8671
vn 0.1003 -0.0325 0.9944
vn 0.1003 -0.0326 0.9944
vn 0.1004 -0.0325 0.9944
vn -0.6292 0.2039 -0.7500
vn 0.2951 -0.0957 -0.9506
vn 0.2948 -0.0956 -0.9508
vn 0.2951 -0.0957 -0.9507
vn 0.2952 -0.0958 -0.9506
vn 0.2951 -0.0957 0.9507
vn 0.2948 -0.0956 0.9508
vn -0.7560 0.2453 -0.6068
vn -0.7560 0.2454 -0.6068
vn -0.7561 0.2456 -0.6067
vn -0.7560 0.2452 -0.6069
vn 0.1003 -0.0325 -0.9944
vn 0.1004 -0.0325 -0.9944
vn 0.1003 -0.0326 -0.9944
vn 0.4738 -0.1532 0.8672
vn 0.4738 -0.1536 0.8671
vn 0.4738 -0.1537 0.8671
vn -0.8517 0.2758 -0.4455
vn -0.8518 0.2762 -0.4452
vn -0.8518 0.2759 -0.4454
vn -0.8518 0.2757 -0.4455
vn 0.6292 -0.2039 0.7500
vn 0.6293 -0.2037 0.7500
vn -0.9154 0.2967 -0.2721
vn -0.9155 0.2967 -0.2717
vn -0.9155 0.2967 -0.2718
vn 0.7559 -0.2450 0.6071
vn 0.7560 -0.2450 0.6070
vn 0.7562 -0.2451 0.6067
vn 0.7560 -0.2452 0.6069
vn -0.9473 0.3072 -0.0913
vn -0.9473 0.3070 -0.0913
vn -0.9473 0.3071 -0.0913
vn 0.8517 -0.2761 0.4454
vn 0.8518 -0.2760 0.4452
vn 0.8518 -0.2761 0.4451
vn -0.9471 0.3077 0.0913
vn -0.9471 0.3075 0.0915
vn -0.9472 0.3073 0.0914
vn -0.9473 0.3070 0.0913
vn 0.9154 -0.2967 0.2721
vn 0.9156 -0.2965 0.2717
vn 0.9155 -0.2967 0.2718
vn 0.9155 -0.2967 0.2717
vn -0.9154 0.2967 0.2721
vn -0.9154 0.2967 0.2719
vn -0.9156 0.2964 0.2717
vn 0.9473 -0.3069 0.0913
vn 0.9473 -0.3070 0.0913
vn 0.9474 -0.3068 0.0913
vn -0.8518 0.2759 0.4454
vn -0.8518 0.2757 0.4455
vn -0.8517 0.2758 0.4455
vn -0.8518 0.2762 0.4452
vn 0.9474 -0.3068 -0.0913
vn 0.9473 -0.3070 -0.0913
vn 0.9473 -0.3069 -0.0913
vn -0.7560 0.2452 0.6069
vn -0.7561 0.2451 0.6068
vn -0.7559 0.2457 0.6068
vn -0.2536 -0.8596 -0.4436
vn -0.2537 -0.8597 -0.4435
vn -0.2535 -0.8596 -0.4437
vn 0.2574 0.8352 0.4859
vn 0.2574 0.8353 0.4859
vn 0.1073 0.9170 -0.3842
vn 0.5511 0.6792 -0.4846
vn 0.5511 0.6792 -0.4847
vn 0.5509 0.6792 -0.4849
vn 0.3512 0.7854 0.5097
vn 0.0554 0.9468 -0.3171
vn 0.4512 0.7323 -0.5101
vn 0.4512 0.7324 -0.5099
vn 0.4511 0.7323 -0.5101
vn 0.4512 0.7324 0.5099
vn 0.4512 0.7324 0.5100
vn 0.0186 0.9691 -0.2460
vn 0.0186 0.9691 -0.2459
vn 0.3512 0.7854 -0.5097
vn 0.5511 0.6791 0.4848
vn 0.5511 0.6792 0.4847
vn 0.5511 0.6792 0.4848
vn -0.0055 0.9847 -0.1741
vn 0.6442 0.6290 0.4350
vn 0.6444 0.6291 0.4347
vn 0.6444 0.6291 0.4346
vn -0.0195 0.9944 -0.1035
vn 0.7254 0.5852 0.3624
vn 0.7254 0.5853 0.3624
vn -0.0257 0.9991 -0.0343
vn -0.0258 0.9991 -0.0343
vn -0.0259 0.9991 -0.0342
vn 0.7896 0.5500 0.2721
vn 0.7895 0.5501 0.2721
vn -0.0258 0.9991 0.0343
vn -0.0260 0.9991 0.0343
vn -0.0262 0.9991 0.0342
vn 0.8339 0.5255 0.1688
vn 0.8338 0.5257 0.1685
vn 0.8338 0.5257 0.1684
vn -0.0195 0.9944 0.1035
vn 0.8564 0.5131 0.0570
vn 0.8564 0.5132 0.0571
vn 0.8566 0.5129 0.0568
vn -0.0055 0.9847 0.1741
vn 0.8564 0.5131 -0.0570
vn 0.8564 0.5132 -0.0571
vn 0.0186 0.9691 0.2460
vn 0.0186 0.9691 0.2459
vn 0.8338 0.5257 -0.1688
vn 0.8338 0.5257 -0.1685
vn 0.0554 0.9468 0.3171
vn 0.7897 0.5499 -0.2720
vn 0.7895 0.5501 -0.2721
vn 0.7898 0.5498 -0.2719
vn 0.1073 0.9170 0.3841
vn 0.1073 0.9170 0.3842
vn 0.2576 0.8353 -0.4857
vn 0.2574 0.8353 -0.4859
vn 0.7253 0.5853 -0.3626
vn 0.7254 0.5852 -0.3624
vn 0.1749 0.8796 0.4423
vn 0.1749 0.8796 -0.4423
vn 0.1749 0.8797 -0.4423
vn 0.8766 -0.1903 0.4419
vn 0.8766 -0.1903 0.4420
vn 0.8765 -0.1903 0.4422
vn 0.8767 -0.1902 0.4419
vn -0.0785 -0.9133 0.3997
vn -0.6729 -0.7129 -0.1973
vn -0.6729 -0.7130 -0.1973
vn -0.6729 -0.7129 -0.1974
vn -0.6730 -0.7129 -0.1973
vn -0.0003 -0.9359 0.3524
vn -0.0002 -0.9358 0.3526
vn -0.0002 -0.9358 0.3525
vn -0.0000 -0.9358 0.3525
vn -0.7021 -0.7018 -0.1210
vn -0.7020 -0.7018 -0.1209
vn -0.7022 -0.7016 -0.1209
vn -0.7021 -0.7017 -0.1208
vn 0.0671 -0.9545 0.2905
vn 0.0670 -0.9546 0.2904
vn 0.0672 -0.9545 0.2905
vn -0.7168 -0.6961 -0.0406
vn -0.7169 -0.6960 -0.0408
vn -0.7169 -0.6960 -0.0407
vn -0.7168 -0.6961 -0.0407
vn 0.1203 -0.9688 0.2165
vn -0.7169 -0.6960 0.0407
vn -0.7169 -0.6959 0.0409
vn -0.7169 -0.6960 0.0408
vn 0.1572 -0.9785 0.1337
vn 0.1571 -0.9785 0.1336
vn 0.1571 -0.9785 0.1337
vn -0.7021 -0.7017 0.1207
vn -0.7021 -0.7017 0.1208
vn -0.7023 -0.7016 0.1207
vn -0.7022 -0.7017 0.1208
vn 0.1758 -0.9834 0.0451
vn 0.1757 -0.9834 0.0452
vn 0.1761 -0.9833 0.0449
vn 0.1759 -0.9834 0.0451
vn -0.6730 -0.7128 0.1973
vn -0.6730 -0.7129 0.1972
vn -0.6729 -0.7129 0.1973
vn 0.1758 -0.9834 -0.0449
vn 0.1757 -0.9834 -0.0449
vn 0.1761 -0.9833 -0.0451
vn 0.1759 -0.9834 -0.0451
vn -0.6293 -0.7295 0.2681
vn -0.6296 -0.7293 0.2678
vn -0.6293 -0.7296 0.2677
vn -0.6294 -0.7296 0.2675
vn 0.1571 -0.9785 -0.1335
vn 0.1570 -0.9785 -0.1336
vn 0.1570 -0.9785 -0.1337
vn 0.1571 -0.9785 -0.1338
vn -0.5735 -0.7501 0.3293
vn -0.5733 -0.7502 0.3294
vn -0.5734 -0.7502 0.3293
vn 0.1203 -0.9688 -0.2165
vn 0.1203 -0.9688 -0.2168
vn 0.1201 -0.9688 -0.2166
vn 0.1201 -0.9689 -0.2165
vn -0.5054 -0.7747 0.3801
vn -0.5053 -0.7747 0.3802
vn -0.5052 -0.7747 0.3802
vn -0.5053 -0.7748 0.3800
vn -0.3424 -0.8308 -0.4388
vn -0.3425 -0.8307 -0.4389
vn -0.3426 -0.8307 -0.4389
vn 0.0670 -0.9546 -0.2904
vn 0.0667 -0.9547 -0.2900
vn 0.0670 -0.9545 -0.2904
vn 0.0671 -0.9545 -0.2905
vn -0.4274 -0.8021 0.4172
vn -0.4275 -0.8020 0.4172
vn -0.4274 -0.8020 0.4172
vn -0.4273 -0.8021 0.4172
vn -0.4273 -0.8021 -0.4172
vn -0.4274 -0.8021 -0.4172
vn -0.4275 -0.8019 -0.4172
vn -0.0001 -0.9358 -0.3526
vn -0.0001 -0.9357 -0.3528
vn -0.0002 -0.9357 -0.3527
vn -0.0002 -0.9358 -0.3525
vn -0.3425 -0.8307 0.4389
vn -0.3426 -0.8307 0.4389
vn -0.5052 -0.7748 -0.3800
vn -0.5052 -0.7748 -0.3801
vn -0.5052 -0.7747 -0.3804
vn -0.0785 -0.9133 -0.3997
vn -0.2536 -0.8596 0.4437
vn -0.2536 -0.8596 0.4436
vn -0.2535 -0.8596 0.4437
vn -0.5734 -0.7502 -0.3293
vn -0.5733 -0.7502 -0.3294
vn -0.1643 -0.8875 -0.4304
vn -0.1643 -0.8875 -0.4305
vn -0.1642 -0.8876 -0.4304
vn -0.1643 -0.8875 0.4305
vn -0.1642 -0.8875 0.4306
vn -0.6294 -0.7294 -0.2679
vn -0.6300 -0.7290 -0.2679
vn -0.6296 -0.7293 -0.2678
vn -0.6294 -0.7295 -0.2677
vn 0.7811 0.6224 -0.0499
vn 0.7812 0.6223 -0.0498
vn -0.9732 0.2115 0.0904
vn -0.9732 0.2112 0.0905
vn -0.9732 0.2113 0.0904
vn 0.9411 -0.2046 0.2693
vn 0.9411 -0.2045 0.2693
vn -0.9411 0.2044 0.2695
vn -0.9411 0.2044 0.2693
vn 0.9732 -0.2115 0.0904
vn 0.9732 -0.2115 0.0902
vn 0.9732 -0.2113 0.0906
vn -0.8765 0.1904 0.4422
vn -0.8766 0.1902 0.4420
vn 0.9732 -0.2115 -0.0904
vn 0.9732 -0.2113 -0.0904
vn 0.9732 -0.2113 -0.0905
vn -0.7793 0.1691 0.6034
vn -0.7794 0.1690 0.6033
vn -0.7794 0.1691 0.6033
vn -0.7793 0.1692 0.6034
vn 0.9411 -0.2046 -0.2694
vn 0.9411 -0.2044 -0.2694
vn -0.6497 0.1407 0.7470
vn -0.6498 0.1407 0.7470
vn -0.6496 0.1408 0.7471
vn 0.8766 -0.1902 -0.4419
vn 0.8766 -0.1902 -0.4420
vn 0.8765 -0.1904 -0.4422
vn 0.8767 -0.1902 -0.4419
vn -0.4900 0.1064 0.8652
vn -0.4901 0.1064 0.8651
vn -0.4899 0.1060 0.8653
vn -0.1037 0.0225 -0.9943
vn -0.1040 0.0225 -0.9943
vn -0.1038 0.0225 -0.9943
vn 0.7794 -0.1691 -0.6033
vn 0.7793 -0.1692 -0.6034
vn -0.3055 0.0664 0.9499
vn -0.3054 0.0663 0.9499
vn -0.3055 0.0664 -0.9499
vn -0.3054 0.0663 -0.9499
vn -0.3058 0.0666 -0.9498
vn 0.6497 -0.1410 -0.7470
vn 0.6497 -0.1406 -0.7471
vn 0.6497 -0.1411 -0.7470
vn -0.1036 0.0224 0.9944
vn -0.1033 0.0224 0.9944
vn -0.1037 0.0224 0.9944
vn -0.1040 0.0225 0.9943
vn -0.4900 0.1064 -0.8652
vn -0.4901 0.1064 -0.8651
vn -0.4902 0.1064 -0.8651
vn 0.4901 -0.1064 -0.8652
vn 0.4902 -0.1065 -0.8651
vn 0.4901 -0.1065 -0.8651
vn 0.1038 -0.0225 0.9943
vn 0.1039 -0.0225 0.9943
vn -0.6497 0.1407 -0.7470
vn -0.6497 0.1412 -0.7470
vn -0.6498 0.1408 -0.7470
vn 0.3059 -0.0663 -0.9497
vn 0.3056 -0.0663 -0.9498
vn 0.3059 -0.0663 0.9497
vn 0.3056 -0.0663 0.9498
vn -0.7793 0.1692 -0.6034
vn 0.1038 -0.0225 -0.9943
vn 0.1039 -0.0225 -0.9943
vn 0.4899 -0.1061 0.8653
vn 0.4902 -0.1065 0.8651
vn 0.4898 -0.1062 0.8653
vn -0.8765 0.1904 -0.4422
vn -0.8766 0.1903 -0.4420
vn -0.8765 0.1903 -0.4421
vn 0.6497 -0.1406 0.7471
vn -0.9410 0.2045 -0.2695
vn -0.9411 0.2044 -0.2695
vn -0.9410 0.2045 -0.2694
vn -0.9409 0.2050 -0.2696
vn 0.7793 -0.1692 0.6034
vn 0.7794 -0.1691 0.6033
vn -0.9733 0.2110 -0.0903
vn -0.9732 0.2112 -0.0905
vn -0.9732 0.2115 -0.0904
vn -0.9732 0.2115 -0.0902
vn -0.2966 -0.7854 -0.5434
vn -0.2966 -0.7854 -0.5433
vn -0.2965 -0.7853 -0.5434
vn 0.1223 0.9819 0.1448
vn 0.7599 0.6331 -0.1471
vn 0.7598 0.6332 -0.1471
vn 0.7599 0.6332 -0.1471
vn 0.1313 0.9707 0.2011
vn 0.1316 0.9707 0.2011
vn 0.1316 0.9707 0.2010
vn 0.7182 0.6544 -0.2365
vn 0.7182 0.6545 -0.2363
vn 0.7181 0.6545 -0.2363
vn 0.1546 0.9528 0.2612
vn 0.1546 0.9528 0.2613
vn 0.2527 0.8942 -0.3696
vn 0.6582 0.6850 -0.3123
vn 0.6582 0.6850 -0.3122
vn 0.1947 0.9273 0.3197
vn 0.1947 0.9273 -0.3196
vn 0.1947 0.9273 -0.3197
vn 0.5832 0.7231 -0.3701
vn 0.5833 0.7230 -0.3702
vn 0.2527 0.8942 0.3696
vn 0.2528 0.8941 0.3696
vn 0.1546 0.9528 -0.2611
vn 0.1546 0.9528 -0.2612
vn 0.4987 0.7657 -0.4061
vn 0.4986 0.7660 -0.4058
vn 0.3263 0.8546 0.4039
vn 0.3263 0.8546 0.4040
vn 0.1317 0.9707 -0.2011
vn 0.1316 0.9707 -0.2011
vn 0.1315 0.9707 -0.2011
vn 0.4106 0.8109 -0.4170
vn 0.4106 0.8109 0.4169
vn 0.4106 0.8109 0.4170
vn 0.1223 0.9819 -0.1448
vn 0.1223 0.9819 -0.1447
vn 0.3263 0.8546 -0.4039
vn 0.3264 0.8546 -0.4039
vn 0.4986 0.7660 0.4058
vn 0.4986 0.7660 0.4057
vn 0.1217 0.9880 -0.0955
vn 0.1215 0.9880 -0.0955
vn 0.5833 0.7230 0.3702
vn 0.1248 0.9907 -0.0536
vn 0.6582 0.6850 0.3123
vn 0.1275 0.9917 -0.0172
vn 0.1274 0.9917 -0.0171
vn 0.7182 0.6545 0.2364
vn 0.7182 0.6545 0.2363
vn 0.7180 0.6547 0.2363
vn 0.1275 0.9917 0.0172
vn 0.7599 0.6332 0.1471
vn 0.7598 0.6333 0.1474
vn 0.7598 0.6332 0.1471
vn 0.1248 0.9907 0.0537
vn 0.1248 0.9907 0.0536
vn 0.7812 0.6223 0.0496
vn 0.7812 0.6223 0.0499
vn 0.7811 0.6224 0.0499
vn 0.1217 0.9880 0.0955
vn -0.6708 0.0548 -0.7396
vn -0.6707 0.0548 -0.7397
vn 0.2473 -0.8939 -0.3739
vn 0.2473 -0.8939 -0.3738
vn -0.4032 -0.7592 0.5110
vn -0.4036 -0.7589 0.5110
vn -0.4035 -0.7589 0.5111
vn -0.4034 -0.7590 -0.5111
vn -0.4034 -0.7589 -0.5111
vn -0.4035 -0.7589 -0.5111
vn -0.4035 -0.7590 -0.5110
vn 0.1555 -0.8787 -0.4514
vn 0.1554 -0.8787 -0.4514
vn 0.1556 -0.8787 -0.4514
vn -0.2966 -0.7854 0.5434
vn -0.2966 -0.7854 0.5433
vn -0.2965 -0.7853 0.5434
vn -0.4995 -0.7338 -0.4606
vn -0.4993 -0.7338 -0.4607
vn -0.4996 -0.7337 -0.4606
vn -0.4997 -0.7337 -0.4605
vn 0.0499 -0.8595 -0.5087
vn -0.1821 -0.8118 0.5547
vn -0.1821 -0.8118 0.5548
vn -0.1822 -0.8119 0.5547
vn -0.1822 -0.8119 0.5546
vn -0.5812 -0.7112 -0.3954
vn -0.5811 -0.7112 -0.3955
vn -0.5813 -0.7112 -0.3955
vn -0.0643 -0.8369 -0.5436
vn -0.0646 -0.8370 -0.5434
vn -0.0644 -0.8369 -0.5436
vn -0.0647 -0.8369 -0.5435
vn -0.0643 -0.8369 0.5436
vn -0.0648 -0.8369 0.5435
vn -0.0647 -0.8369 0.5435
vn -0.6477 -0.6920 -0.3187
vn -0.6477 -0.6921 -0.3187
vn -0.1820 -0.8118 -0.5548
vn 0.0500 -0.8595 0.5087
vn 0.0500 -0.8596 0.5086
vn 0.0498 -0.8595 0.5086
vn 0.0499 -0.8595 0.5087
vn -0.6977 -0.6773 -0.2333
vn -0.6979 -0.6771 -0.2334
vn -0.6976 -0.6774 -0.2333
vn -0.6978 -0.6772 -0.2334
vn 0.1555 -0.8787 0.4514
vn 0.1556 -0.8787 0.4514
vn 0.1554 -0.8787 0.4514
vn -0.7316 -0.6668 -0.1421
vn -0.7315 -0.6669 -0.1422
vn -0.7315 -0.6668 -0.1422
vn 0.2473 -0.8939 0.3737
vn 0.2473 -0.8939 0.3738
vn 0.2474 -0.8940 0.3736
vn 0.2474 -0.8940 0.3735
vn -0.7482 -0.6617 -0.0479
vn -0.7482 -0.6617 -0.0478
vn -0.7482 -0.6617 -0.0477
vn -0.7482 -0.6617 -0.0481
vn 0.3201 -0.9052 0.2795
vn 0.3202 -0.9052 0.2794
vn 0.3200 -0.9052 0.2796
vn -0.7482 -0.6617 0.0481
vn -0.7482 -0.6617 0.0482
vn -0.7481 -0.6618 0.0484
vn 0.3707 -0.9126 0.1726
vn 0.3706 -0.9126 0.1726
vn 0.3705 -0.9126 0.1726
vn -0.7315 -0.6669 0.1421
vn -0.7315 -0.6669 0.1422
vn -0.7314 -0.6669 0.1422
vn -0.7315 -0.6669 0.1420
vn 0.3964 -0.9162 0.0583
vn 0.3965 -0.9162 0.0582
vn 0.3963 -0.9163 0.0583
vn 0.3963 -0.9163 0.0584
vn -0.6979 -0.6771 0.2334
vn -0.6980 -0.6770 0.2334
vn -0.6977 -0.6773 0.2333
vn -0.6978 -0.6772 0.2334
vn 0.3964 -0.9162 -0.0585
vn 0.3964 -0.9162 -0.0584
vn -0.6477 -0.6920 0.3186
vn -0.6478 -0.6920 0.3185
vn -0.6477 -0.6921 0.3186
vn -0.6477 -0.6920 0.3187
vn 0.3707 -0.9126 -0.1726
vn 0.3705 -0.9126 -0.1726
vn 0.3708 -0.9125 -0.1725
vn -0.5813 -0.7112 0.3954
vn -0.5813 -0.7111 0.3954
vn 0.3201 -0.9052 -0.2795
vn 0.3202 -0.9052 -0.2795
vn -0.4994 -0.7337 0.4607
vn -0.4994 -0.7338 0.4607
vn 0.1463 0.9885 -0.0372
vn 0.3182 -0.0260 -0.9477
vn 0.3185 -0.0261 -0.9476
vn 0.3185 -0.0261 0.9476
vn -0.8010 0.0655 -0.5951
vn 0.1081 -0.0088 -0.9941
vn 0.5080 -0.0416 0.8603
vn 0.5080 -0.0416 0.8604
vn 0.5081 -0.0416 0.8603
vn -0.8979 0.0733 -0.4340
vn -0.8979 0.0733 -0.4341
vn -0.8978 0.0732 -0.4342
vn 0.6708 -0.0548 0.7396
vn 0.6709 -0.0548 0.7395
vn -0.9614 0.0786 -0.2637
vn -0.9614 0.0785 -0.2638
vn -0.9614 0.0785 -0.2637
vn 0.8013 -0.0654 0.5947
vn 0.8014 -0.0654 0.5946
vn -0.9928 0.0811 -0.0884
vn -0.9928 0.0810 -0.0884
vn 0.8979 -0.0733 0.4341
vn 0.8979 -0.0733 0.4340
vn -0.9928 0.0810 0.0884
vn -0.9928 0.0811 0.0885
vn -0.9928 0.0810 0.0883
vn -0.9928 0.0813 0.0884
vn 0.9614 -0.0785 0.2636
vn 0.9615 -0.0786 0.2635
vn -0.9614 0.0784 0.2639
vn -0.9613 0.0786 0.2641
vn -0.9614 0.0781 0.2638
vn -0.9614 0.0784 0.2638
vn 0.9928 -0.0810 0.0883
vn 0.9928 -0.0810 0.0881
vn 0.9928 -0.0811 0.0884
vn -0.8980 0.0735 0.4338
vn -0.8979 0.0732 0.4341
vn -0.8979 0.0733 0.4341
vn 0.9927 -0.0813 -0.0887
vn 0.9928 -0.0810 -0.0881
vn 0.9927 -0.0813 -0.0886
vn -0.8010 0.0655 0.5951
vn 0.9614 -0.0785 -0.2637
vn 0.9613 -0.0784 -0.2640
vn 0.9614 -0.0785 -0.2636
vn -0.6709 0.0548 0.7395
vn -0.6709 0.0548 0.7396
vn -0.6708 0.0548 0.7396
vn 0.8979 -0.0733 -0.4341
vn -0.5087 0.0417 0.8599
vn -0.5084 0.0415 0.8601
vn -0.5086 0.0417 0.8600
vn -0.1081 0.0089 -0.9941
vn -0.1082 0.0089 -0.9941
vn 0.8012 -0.0654 -0.5948
vn 0.8013 -0.0654 -0.5947
vn -0.3179 0.0260 0.9478
vn -0.3180 0.0260 0.9477
vn -0.3185 0.0261 -0.9476
vn -0.3179 0.0260 -0.9478
vn -0.3182 0.0260 -0.9477
vn -0.3181 0.0260 -0.9477
vn 0.6708 -0.0548 -0.7396
vn 0.6709 -0.0548 -0.7395
vn -0.1081 0.0089 0.9941
vn -0.1082 0.0089 0.9941
vn -0.5087 0.0417 -0.8599
vn -0.5087 0.0416 -0.8599
vn -0.5086 0.0417 -0.8600
vn 0.5080 -0.0416 -0.8603
vn 0.5080 -0.0416 -0.8604
vn 0.5081 -0.0416 -0.8603
vn 0.1081 -0.0088 0.9941
vn -0.5674 -0.8183 0.0921
vn -0.5677 -0.8181 0.0920
vn -0.5675 -0.8182 0.0919
vn -0.5674 -0.8183 0.0919
vn 0.5104 0.8376 0.1949
vn 0.1464 0.9891 -0.0121
vn 0.1464 0.9892 -0.0122
vn 0.1464 0.9892 -0.0121
vn 0.5509 0.8213 0.1482
vn 0.5509 0.8213 0.1483
vn 0.5509 0.8213 0.1484
vn 0.1464 0.9891 0.0121
vn 0.1464 0.9892 0.0121
vn 0.1465 0.9891 0.0120
vn 0.5794 0.8097 0.0928
vn 0.5793 0.8098 0.0927
vn 0.5796 0.8096 0.0928
vn 0.1463 0.9885 0.0372
vn 0.5940 0.8038 0.0315
vn 0.5941 0.8038 0.0314
vn 0.5940 0.8039 0.0314
vn 0.1472 0.9870 0.0649
vn 0.1473 0.9870 0.0649
vn 0.1473 0.9870 0.0650
vn 0.5941 0.8038 -0.0313
vn 0.5940 0.8038 -0.0315
vn 0.5941 0.8038 -0.0314
vn 0.5940 0.8039 -0.0313
vn 0.1514 0.9838 0.0959
vn 0.5794 0.8097 -0.0929
vn 0.5793 0.8098 -0.0927
vn 0.5795 0.8096 -0.0928
vn 0.1613 0.9783 0.1300
vn 0.5509 0.8213 -0.1483
vn 0.5509 0.8213 -0.1484
vn 0.1795 0.9697 0.1655
vn 0.1795 0.9697 0.1656
vn 0.2461 0.9419 -0.2286
vn 0.2462 0.9419 -0.2285
vn 0.5104 0.8376 -0.1949
vn 0.5103 0.8376 -0.1949
vn 0.2077 0.9576 0.1996
vn 0.2077 0.9576 0.1997
vn 0.2074 0.9577 -0.1995
vn 0.2077 0.9576 -0.1996
vn 0.2076 0.9575 -0.2000
vn 0.4607 0.8573 -0.2298
vn 0.4607 0.8573 -0.2297
vn 0.4606 0.8573 -0.2298
vn 0.2460 0.9419 0.2287
vn 0.2462 0.9419 0.2285
vn 0.2461 0.9419 0.2286
vn 0.1795 0.9697 -0.1655
vn 0.1794 0.9697 -0.1657
vn 0.4052 0.8792 -0.2506
vn 0.4048 0.8793 -0.2508
vn 0.2941 0.9229 0.2486
vn 0.2939 0.9229 0.2486
vn 0.1613 0.9783 -0.1300
vn 0.3481 0.9016 -0.2567
vn 0.3482 0.9016 -0.2567
vn 0.3483 0.9016 -0.2566
vn 0.3481 0.9016 0.2567
vn 0.3482 0.9016 0.2567
vn 0.1514 0.9838 -0.0959
vn 0.1512 0.9838 -0.0960
vn 0.2939 0.9229 -0.2486
vn 0.2936 0.9230 -0.2486
vn 0.4052 0.8792 0.2508
vn 0.4052 0.8792 0.2506
vn 0.4052 0.8792 0.2507
vn 0.1472 0.9870 -0.0647
vn 0.1473 0.9870 -0.0649
vn 0.4607 0.8573 0.2297
vn 0.4607 0.8573 0.2298
vn -0.6786 0.0115 0.7344
vn -0.6784 0.0117 0.7346
vn -0.6787 0.0114 0.7343
vn -0.6787 0.0113 0.7343
vn 0.1536 -0.9874 0.0369
vn 0.1537 -0.9874 0.0369
vn -0.5446 -0.8251 0.1503
vn -0.5447 -0.8250 0.1505
vn -0.5447 -0.8251 0.1504
vn -0.5445 -0.8252 0.1503
vn 0.1536 -0.9874 -0.0372
vn 0.1537 -0.9874 -0.0367
vn 0.1537 -0.9874 -0.0369
vn -0.5109 -0.8349 0.2048
vn -0.5111 -0.8348 0.2047
vn -0.5107 -0.8349 0.2050
vn -0.5109 -0.8350 0.2045
vn 0.1371 -0.9845 -0.1091
vn 0.1370 -0.9845 -0.1091
vn -0.4670 -0.8473 0.2530
vn -0.4671 -0.8472 0.2530
vn 0.1049 -0.9787 -0.1762
vn 0.1048 -0.9787 -0.1764
vn 0.1049 -0.9787 -0.1763
vn 0.1051 -0.9787 -0.1762
vn -0.4136 -0.8619 0.2934
vn -0.4133 -0.8621 0.2932
vn -0.4134 -0.8621 0.2931
vn -0.4138 -0.8618 0.2935
vn -0.2838 -0.8956 -0.3427
vn -0.2837 -0.8955 -0.3430
vn -0.2837 -0.8955 -0.3429
vn 0.0585 -0.9702 -0.2353
vn 0.0584 -0.9702 -0.2354
vn -0.3519 -0.8783 0.3238
vn -0.3519 -0.8782 0.3239
vn -0.3519 -0.8783 0.3237
vn -0.3518 -0.8784 0.3235
vn -0.3519 -0.8783 -0.3238
vn -0.3519 -0.8782 -0.3239
vn -0.3519 -0.8783 -0.3236
vn 0.0008 -0.9590 -0.2833
vn 0.0004 -0.9589 -0.2838
vn 0.0007 -0.9590 -0.2835
vn 0.0005 -0.9590 -0.2832
vn -0.2838 -0.8956 0.3427
vn -0.2837 -0.8955 0.3430
vn -0.2839 -0.8956 0.3426
vn -0.4134 -0.8621 -0.2931
vn -0.4134 -0.8621 -0.2932
vn -0.4133 -0.8621 -0.2931
vn -0.0659 -0.9453 -0.3195
vn -0.0659 -0.9453 -0.3194
vn -0.2113 -0.9129 0.3491
vn -0.2113 -0.9129 0.3492
vn -0.2114 -0.9129 0.3492
vn -0.4672 -0.8472 -0.2530
vn -0.4673 -0.8471 -0.2530
vn -0.4670 -0.8473 -0.2531
vn -0.4671 -0.8472 -0.2530
vn -0.1378 -0.9298 -0.3413
vn -0.1379 -0.9298 -0.3412
vn -0.1377 -0.9298 -0.3414
vn -0.1377 -0.9298 0.3414
vn -0.1377 -0.9298 0.3413
vn -0.5114 -0.8346 -0.2049
vn -0.5115 -0.8344 -0.2050
vn -0.5113 -0.8346 -0.2049
vn -0.5110 -0.8348 -0.2048
vn -0.2113 -0.9130 -0.3491
vn -0.2114 -0.9130 -0.3490
vn -0.2113 -0.9129 -0.3491
vn -0.2112 -0.9129 -0.3492
vn -0.0660 -0.9454 0.3193
vn -0.0659 -0.9453 0.3195
vn -0.0659 -0.9453 0.3194
vn -0.5447 -0.8250 -0.1505
vn -0.5447 -0.8250 -0.1506
vn -0.5447 -0.8251 -0.1503
vn 0.0004 -0.9589 0.2838
vn 0.0006 -0.9589 0.2836
vn 0.0005 -0.9589 0.2837
vn 0.0006 -0.9589 0.2837
vn -0.5673 -0.8184 -0.0917
vn -0.5673 -0.8184 -0.0920
vn -0.5673 -0.8183 -0.0918
vn -0.5675 -0.8182 -0.0917
vn 0.0584 -0.9702 0.2354
vn 0.0585 -0.9702 0.2353
vn 0.0584 -0.9701 0.2354
vn -0.5788 -0.8149 -0.0309
vn 0.1049 -0.9788 0.1760
vn 0.1048 -0.9787 0.1763
vn 0.1049 -0.9788 0.1761
vn 0.1050 -0.9788 0.1758
vn -0.5788 -0.8149 0.0309
vn -0.5788 -0.8149 0.0310
vn 0.1370 -0.9845 0.1091
vn 0.1370 -0.9846 0.1091
vn 0.1371 -0.9845 0.1091
vn 0.1508 0.8584 0.4904
vn 0.9033 -0.0156 -0.4287
vn 0.9032 -0.0155 -0.4289
vn 0.9032 -0.0154 -0.4289
vn 0.9033 -0.0155 -0.4288
vn -0.5156 0.0088 0.8568
vn -0.5155 0.0088 0.8568
vn -0.5157 0.0088 0.8568
vn -0.5156 0.0093 0.8568
vn -0.1101 0.0019 -0.9939
vn -0.1102 0.0019 -0.9939
vn 0.8080 -0.0140 -0.5890
vn 0.8080 -0.0143 -0.5890
vn 0.8080 -0.0139 -0.5890
vn -0.3232 0.0055 0.9463
vn -0.3232 0.0055 -0.9463
vn -0.3234 0.0055 -0.9462
vn 0.6785 -0.0116 -0.7345
vn 0.6784 -0.0115 -0.7346
vn 0.6786 -0.0116 -0.7344
vn -0.1101 0.0019 0.9939
vn -0.1102 0.0019 0.9939
vn -0.1099 0.0019 0.9939
vn -0.5157 0.0088 -0.8567
vn -0.5155 0.0088 -0.8568
vn -0.5156 0.0087 -0.8568
vn -0.5156 0.0084 -0.8568
vn 0.5157 -0.0088 -0.8567
vn 0.5156 -0.0087 -0.8568
vn 0.5155 -0.0088 -0.8569
vn 0.1100 -0.0019 0.9939
vn 0.1102 -0.0019 0.9939
vn -0.6783 0.0118 -0.7347
vn -0.6783 0.0114 -0.7347
vn -0.6783 0.0117 -0.7347
vn -0.6786 0.0122 -0.7344
vn 0.3233 -0.0056 -0.9463
vn 0.3232 -0.0055 -0.9463
vn 0.3235 -0.0057 -0.9462
vn 0.3232 -0.0055 0.9463
vn -0.8080 0.0139 -0.5890
vn -0.8081 0.0139 -0.5889
vn 0.1100 -0.0019 -0.9939
vn 0.1102 -0.0019 -0.9939
vn 0.1101 -0.0019 -0.9939
vn 0.1095 -0.0020 -0.9940
vn 0.5157 -0.0088 0.8567
vn 0.5156 -0.0093 0.8568
vn 0.5160 -0.0090 0.8565
vn 0.5157 -0.0088 0.8568
vn -0.9033 0.0157 -0.4287
vn -0.9033 0.0155 -0.4288
vn -0.9033 0.0156 -0.4287
vn -0.9033 0.0155 -0.4287
vn 0.6786 -0.0116 0.7344
vn -0.9655 0.0160 -0.2599
vn -0.9654 0.0166 -0.2601
vn -0.9654 0.0165 -0.2601
vn -0.9655 0.0163 -0.2600
vn 0.8080 -0.0139 0.5890
vn 0.8080 -0.0141 0.5890
vn -0.9960 0.0172 -0.0872
vn -0.9961 0.0171 -0.0871
vn -0.9960 0.0173 -0.0872
vn -0.9960 0.0169 -0.0874
vn 0.9033 -0.0156 0.4287
vn 0.9033 -0.0155 0.4287
vn 0.9033 -0.0154 0.4287
vn -0.9960 0.0172 0.0872
vn -0.9960 0.0169 0.0874
vn -0.9960 0.0173 0.0872
vn -0.9961 0.0173 0.0869
vn 0.9654 -0.0165 0.2601
vn -0.9654 0.0165 0.2601
vn -0.9655 0.0163 0.2600
vn 0.9960 -0.0172 0.0873
vn 0.9960 -0.0169 0.0873
vn 0.9960 -0.0173 0.0872
vn 0.9961 -0.0172 0.0871
vn -0.9033 0.0153 0.4288
vn -0.9032 0.0153 0.4289
vn -0.9033 0.0154 0.4288
vn 0.9960 -0.0173 -0.0872
vn 0.9960 -0.0171 -0.0871
vn 0.9960 -0.0172 -0.0873
vn 0.9961 -0.0171 -0.0871
vn -0.8080 0.0140 0.5890
vn -0.8081 0.0139 0.5889
vn -0.8080 0.0140 0.5891
vn -0.8080 0.0141 0.5891
vn 0.9654 -0.0165 -0.2601
vn 0.9654 -0.0166 -0.2601
vn -0.0147 -0.9569 0.2901
vn -0.0145 -0.9569 0.2902
vn 0.0284 0.9448 -0.3263
vn 0.4845 0.7019 -0.5220
vn 0.4846 0.7019 -0.5221
vn 0.4846 0.7018 -0.5221
vn 0.2529 0.8055 0.5360
vn 0.2528 0.8054 0.5361
vn 0.2528 0.8054 0.5362
vn 0.0143 0.9720 -0.2347
vn 0.3681 0.7520 -0.5468
vn 0.3682 0.7520 -0.5468
vn 0.3680 0.7521 -0.5467
vn 0.3682 0.7520 0.5468
vn 0.3683 0.7518 0.5470
vn 0.0238 0.9878 -0.1540
vn 0.2529 0.8055 -0.5360
vn 0.2528 0.8054 -0.5361
vn 0.2528 0.8054 -0.5362
vn 0.4846 0.7019 0.5221
vn 0.0453 0.9948 -0.0909
vn 0.5914 0.6581 0.4661
vn 0.5913 0.6581 0.4661
vn 0.0671 0.9967 -0.0459
vn 0.6814 0.6222 0.3854
vn 0.6814 0.6222 0.3853
vn 0.0803 0.9967 -0.0138
vn 0.7508 0.5951 0.2866
vn 0.7507 0.5952 0.2866
vn 0.0803 0.9967 0.0138
vn 0.0801 0.9967 0.0138
vn 0.7973 0.5772 0.1763
vn 0.7973 0.5773 0.1763
vn 0.0671 0.9967 0.0459
vn 0.8207 0.5683 0.0595
vn 0.8206 0.5683 0.0595
vn 0.0453 0.9948 0.0909
vn 0.8206 0.5683 -0.0594
vn 0.8206 0.5684 -0.0595
vn 0.8207 0.5683 -0.0593
vn 0.8206 0.5683 -0.0595
vn 0.0238 0.9878 0.1540
vn 0.7972 0.5773 -0.1766
vn 0.7973 0.5773 -0.1763
vn 0.0143 0.9720 0.2347
vn 0.7507 0.5952 -0.2866
vn 0.7507 0.5952 -0.2867
vn 0.0284 0.9448 0.3263
vn 0.1508 0.8584 -0.4904
vn 0.6815 0.6222 -0.3853
vn 0.6814 0.6222 -0.3853
vn 0.6814 0.6223 -0.3854
vn 0.0738 0.9062 0.4164
vn 0.0738 0.9062 -0.4164
vn 0.5913 0.6581 -0.4661
vn 0.5914 0.6581 -0.4661
vn 0.9013 0.1392 0.4102
vn 0.9013 0.1393 0.4101
vn 0.9013 0.1392 0.4103
vn 0.9012 0.1390 0.4105
vn -0.4558 -0.8803 -0.1318
vn -0.4556 -0.8804 -0.1316
vn -0.4557 -0.8804 -0.1316
vn 0.0492 -0.9646 0.2589
vn 0.0492 -0.9647 0.2589
vn 0.0491 -0.9646 0.2591
vn -0.4757 -0.8759 -0.0804
vn -0.4757 -0.8759 -0.0806
vn -0.4762 -0.8757 -0.0804
vn -0.4760 -0.8757 -0.0803
vn 0.1053 -0.9708 0.2157
vn 0.1052 -0.9708 0.2157
vn -0.4858 -0.8737 -0.0270
vn -0.4859 -0.8736 -0.0270
vn 0.1505 -0.9752 0.1622
vn 0.1504 -0.9752 0.1622
vn -0.4860 -0.8736 0.0268
vn -0.4859 -0.8736 0.0270
vn -0.4859 -0.8736 0.0268
vn -0.4859 -0.8736 0.0265
vn 0.1824 -0.9781 0.1006
vn 0.1825 -0.9780 0.1006
vn 0.1823 -0.9781 0.1006
vn 0.1822 -0.9781 0.1006
vn -0.4758 -0.8759 0.0802
vn -0.4757 -0.8759 0.0803
vn -0.4758 -0.8759 0.0801
vn 0.1985 -0.9795 0.0341
vn -0.4559 -0.8802 0.1317
vn -0.4557 -0.8804 0.1313
vn -0.4557 -0.8803 0.1316
vn -0.4556 -0.8804 0.1316
vn 0.1984 -0.9795 -0.0340
vn 0.1984 -0.9795 -0.0339
vn 0.1985 -0.9795 -0.0341
vn -0.4257 -0.8869 0.1796
vn -0.4255 -0.8869 0.1798
vn -0.4256 -0.8869 0.1796
vn -0.4257 -0.8869 0.1795
vn 0.1824 -0.9781 -0.1006
vn 0.1823 -0.9781 -0.1005
vn 0.1825 -0.9780 -0.1007
vn -0.3866 -0.8950 0.2225
vn -0.3864 -0.8950 0.2226
vn -0.3864 -0.8951 0.2225
vn -0.3863 -0.8951 0.2225
vn 0.1505 -0.9752 -0.1623
vn 0.1504 -0.9752 -0.1622
vn 0.1506 -0.9752 -0.1623
vn -0.3380 -0.9048 0.2591
vn -0.3381 -0.9047 0.2592
vn -0.2191 -0.9264 -0.3061
vn 0.1053 -0.9708 -0.2156
vn 0.1053 -0.9708 -0.2157
vn -0.2818 -0.9154 0.2876
vn -0.2818 -0.9154 0.2875
vn -0.2817 -0.9153 0.2877
vn -0.2818 -0.9154 -0.2875
vn 0.0493 -0.9646 -0.2589
vn 0.0492 -0.9646 -0.2591
vn 0.0492 -0.9646 -0.2590
vn 0.0492 -0.9647 -0.2589
vn -0.2191 -0.9264 0.3061
vn -0.3381 -0.9047 -0.2592
vn -0.3380 -0.9048 -0.2591
vn -0.0147 -0.9569 -0.2901
vn -0.0146 -0.9569 -0.2901
vn -0.1519 -0.9374 0.3133
vn -0.1519 -0.9374 0.3134
vn -0.3864 -0.8951 -0.2223
vn -0.3862 -0.8953 -0.2221
vn -0.3863 -0.8952 -0.2223
vn -0.3865 -0.8951 -0.2225
vn -0.0827 -0.9477 -0.3081
vn -0.0827 -0.9477 -0.3082
vn -0.0827 -0.9478 -0.3081
vn -0.0827 -0.9477 0.3082
vn -0.0826 -0.9478 0.3081
vn -0.4257 -0.8869 -0.1796
vn -0.4257 -0.8869 -0.1795
vn -0.4257 -0.8869 -0.1794
vn -0.1519 -0.9374 -0.3134
vn -0.1519 -0.9374 -0.3135
vn 0.6966 0.7158 -0.0487
vn 0.6968 0.7156 -0.0489
vn 0.6968 0.7157 -0.0487
vn 0.6966 0.7158 -0.0488
vn -0.9849 -0.1520 0.0825
vn -0.9849 -0.1520 0.0824
vn 0.9576 0.1479 0.2471
vn 0.9576 0.1478 0.2473
vn -0.9575 -0.1478 0.2478
vn -0.9574 -0.1479 0.2479
vn -0.9575 -0.1477 0.2476
vn 0.9849 0.1519 0.0827
vn 0.9849 0.1519 0.0826
vn -0.9012 -0.1391 0.4104
vn -0.9012 -0.1390 0.4105
vn 0.9849 0.1519 -0.0828
vn 0.9849 0.1519 -0.0827
vn -0.8129 -0.1256 0.5687
vn -0.8129 -0.1255 0.5688
vn -0.8130 -0.1257 0.5686
vn 0.9576 0.1478 -0.2472
vn 0.9576 0.1478 -0.2473
vn 0.9576 0.1477 -0.2474
vn -0.6898 -0.1064 0.7162
vn -0.6897 -0.1064 0.7162
vn -0.6898 -0.1064 0.7161
vn 0.9012 0.1391 -0.4104
vn 0.9012 0.1390 -0.4105
vn 0.9011 0.1386 -0.4109
vn -0.5296 -0.0817 0.8443
vn -0.5295 -0.0817 0.8444
vn -0.5295 -0.0817 0.8443
vn -0.1148 -0.0177 -0.9932
vn -0.1149 -0.0177 -0.9932
vn -0.1146 -0.0177 -0.9933
vn 0.8130 0.1254 -0.5686
vn 0.8130 0.1252 -0.5686
vn 0.8131 0.1254 -0.5685
vn -0.3353 -0.0518 0.9407
vn -0.3352 -0.0517 0.9407
vn -0.3353 -0.0518 -0.9407
vn -0.3352 -0.0518 -0.9407
vn 0.6899 0.1066 -0.7160
vn 0.6897 0.1064 -0.7162
vn 0.6898 0.1066 -0.7161
vn -0.1146 -0.0177 0.9933
vn -0.1147 -0.0177 0.9932
vn -0.1149 -0.0177 0.9932
vn -0.5295 -0.0817 -0.8444
vn -0.5296 -0.0818 -0.8443
vn -0.5296 -0.0817 -0.8443
vn 0.5295 0.0817 -0.8444
vn 0.5296 0.0817 -0.8443
vn 0.5294 0.0817 -0.8444
vn 0.1148 0.0177 0.9932
vn 0.1147 0.0177 0.9932
vn -0.6897 -0.1064 -0.7162
vn -0.6898 -0.1064 -0.7161
vn 0.3350 0.0517 -0.9408
vn 0.3353 0.0518 -0.9407
vn 0.3353 0.0518 0.9407
vn 0.3350 0.0517 0.9408
vn -0.8129 -0.1256 -0.5687
vn -0.8128 -0.1257 -0.5688
vn -0.8130 -0.1255 -0.5686
vn 0.1148 0.0177 -0.9932
vn 0.5295 0.0817 0.8443
vn 0.5295 0.0817 0.8444
vn 0.5296 0.0817 0.8443
vn -0.9012 -0.1391 -0.4104
vn -0.9012 -0.1390 -0.4105
vn -0.9013 -0.1393 -0.4101
vn 0.6896 0.1063 0.7164
vn 0.6894 0.1062 0.7165
vn 0.6896 0.1063 0.7163
vn -0.9574 -0.1479 -0.2479
vn -0.9573 -0.1480 -0.2482
vn 0.8133 0.1251 0.5682
vn 0.8130 0.1251 0.5686
vn 0.8133 0.1250 0.5683
vn 0.8130 0.1254 0.5685
vn -0.9849 -0.1520 -0.0824
vn -0.9849 -0.1520 -0.0825
vn 0.0237 -0.8766 0.4807
vn 0.0235 -0.8766 0.4807
vn 0.0239 -0.8765 0.4807
vn -0.1211 0.9692 0.2145
vn 0.6774 0.7212 -0.1449
vn 0.6772 0.7213 -0.1450
vn 0.6773 0.7213 -0.1450
vn -0.0927 0.9540 0.2851
vn 0.6383 0.7326 -0.2362
vn 0.6384 0.7325 -0.2363
vn 0.6384 0.7325 -0.2365
vn -0.0451 0.9342 0.3539
vn 0.1100 0.8829 -0.4565
vn 0.5806 0.7491 -0.3191
vn 0.5806 0.7490 -0.3191
vn 0.5807 0.7490 -0.3190
vn 0.0232 0.9102 0.4135
vn 0.0232 0.9102 -0.4135
vn 0.5052 0.7703 -0.3891
vn 0.1100 0.8829 0.4565
vn -0.0451 0.9342 -0.3539
vn 0.4147 0.7957 -0.4414
vn 0.2096 0.8536 0.4769
vn -0.0927 0.9540 -0.2851
vn 0.3139 0.8240 -0.4717
vn 0.3139 0.8240 0.4716
vn 0.3139 0.8240 0.4717
vn -0.1211 0.9692 -0.2145
vn 0.2096 0.8536 -0.4769
vn 0.4147 0.7957 0.4414
vn -0.1351 0.9799 -0.1471
vn -0.1351 0.9798 -0.1471
vn 0.5052 0.7703 0.3890
vn 0.5052 0.7703 0.3891
vn -0.1401 0.9865 -0.0852
vn 0.5806 0.7491 0.3190
vn 0.5806 0.7490 0.3191
vn 0.5805 0.7490 0.3195
vn -0.1413 0.9896 -0.0278
vn 0.6387 0.7323 0.2362
vn 0.6384 0.7325 0.2363
vn 0.6384 0.7326 0.2363
vn -0.1413 0.9896 0.0278
vn -0.1412 0.9896 0.0278
vn 0.6773 0.7213 0.1450
vn 0.6772 0.7213 0.1450
vn 0.6773 0.7213 0.1449
vn 0.6772 0.7214 0.1450
vn -0.1401 0.9865 0.0852
vn 0.6970 0.7155 0.0487
vn 0.6968 0.7156 0.0485
vn 0.6970 0.7154 0.0487
vn 0.6969 0.7155 0.0489
vn -0.1351 0.9798 0.1471
vn -0.1351 0.9799 0.1471
vn 0.7986 -0.1308 0.5876
vn 0.7986 -0.1308 0.5875
vn -0.5623 -0.7654 -0.3132
vn -0.5623 -0.7653 -0.3132
vn -0.5622 -0.7654 -0.3133
vn -0.0845 -0.8612 -0.5011
vn -0.0845 -0.8612 -0.5013
vn -0.0845 -0.8612 -0.5012
vn -0.0845 -0.8613 -0.5011
vn 0.1244 -0.8889 0.4409
vn 0.1243 -0.8890 0.4408
vn -0.6185 -0.7510 -0.2312
vn -0.6184 -0.7510 -0.2312
vn 0.2139 -0.8982 0.3841
vn 0.2138 -0.8982 0.3841
vn 0.2138 -0.8982 0.3840
vn 0.2139 -0.8982 0.3840
vn -0.6565 -0.7409 -0.1417
vn 0.2888 -0.9048 0.3131
vn 0.2887 -0.9048 0.3131
vn 0.2887 -0.9047 0.3132
vn -0.6757 -0.7357 -0.0472
vn -0.6754 -0.7359 -0.0474
vn -0.6757 -0.7356 -0.0473
vn -0.6758 -0.7356 -0.0476
vn 0.3467 -0.9091 0.2310
vn 0.3468 -0.9090 0.2312
vn 0.3470 -0.9090 0.2309
vn -0.6759 -0.7355 0.0473
vn -0.6759 -0.7355 0.0476
vn -0.6757 -0.7356 0.0476
vn -0.6757 -0.7356 0.0477
vn 0.3858 -0.9116 0.1417
vn 0.3859 -0.9116 0.1417
vn 0.3860 -0.9116 0.1414
vn -0.6565 -0.7409 0.1418
vn -0.6565 -0.7409 0.1417
vn 0.4059 -0.9127 0.0477
vn 0.4057 -0.9128 0.0477
vn 0.4058 -0.9127 0.0477
vn -0.6185 -0.7510 0.2312
vn 0.4055 -0.9129 -0.0477
vn 0.4058 -0.9127 -0.0477
vn 0.4060 -0.9127 -0.0474
vn -0.5623 -0.7653 0.3132
vn -0.5623 -0.7653 0.3131
vn -0.5623 -0.7654 0.3131
vn 0.3860 -0.9115 -0.1418
vn 0.3859 -0.9116 -0.1417
vn -0.4892 -0.7831 0.3841
vn -0.4892 -0.7830 0.3841
vn -0.4892 -0.7831 0.3840
vn 0.3468 -0.9091 -0.2308
vn 0.3467 -0.9091 -0.2310
vn 0.3469 -0.9090 -0.2311
vn 0.3468 -0.9090 -0.2313
vn -0.4014 -0.8028 0.4409
vn -0.1945 -0.8432 -0.5012
vn -0.1946 -0.8432 -0.5012
vn 0.2887 -0.9048 -0.3131
vn 0.2888 -0.9048 -0.3130
vn 0.2888 -0.9048 -0.3131
vn -0.3018 -0.8232 0.4809
vn -0.3018 -0.8233 0.4807
vn -0.3018 -0.8233 0.4808
vn -0.3019 -0.8230 0.4812
vn -0.3017 -0.8232 -0.4809
vn -0.3016 -0.8232 -0.4809
vn -0.3018 -0.8232 -0.4808
vn 0.2138 -0.8983 -0.3839
vn 0.2139 -0.8982 -0.3840
vn -0.1946 -0.8431 0.5013
vn -0.1946 -0.8432 0.5012
vn -0.4014 -0.8028 -0.4409
vn 0.1244 -0.8889 -0.4409
vn 0.1246 -0.8889 -0.4409
vn -0.0845 -0.8612 0.5012
vn -0.0845 -0.8612 0.5011
vn -0.4893 -0.7830 -0.3841
vn -0.4892 -0.7830 -0.3841
vn -0.4892 -0.7831 -0.3840
vn -0.4891 -0.7832 -0.3840
vn 0.0237 -0.8766 -0.4807
vn 0.0239 -0.8765 -0.4807
vn 0.0238 -0.8765 -0.4807
vn 0.0235 -0.8766 -0.4807
vn 0.9517 0.2964 0.0799
vn 0.9517 0.2964 0.0798
vn -0.9831 0.1611 -0.0869
vn -0.9831 0.1610 -0.0870
vn -0.9831 0.1612 -0.0869
vn -0.9831 0.1613 -0.0868
vn 0.8921 -0.1461 0.4275
vn 0.8923 -0.1464 0.4271
vn -0.9831 0.1611 0.0869
vn -0.9831 0.1610 0.0868
vn -0.9831 0.1609 0.0869
vn -0.9831 0.1610 0.0870
vn 0.9532 -0.1561 0.2590
vn 0.9531 -0.1561 0.2591
vn -0.9532 0.1559 0.2591
vn -0.9531 0.1560 0.2592
vn -0.9532 0.1560 0.2592
vn -0.9531 0.1561 0.2591
vn 0.9831 -0.1609 0.0867
vn 0.9831 -0.1610 0.0868
vn 0.9831 -0.1611 0.0869
vn -0.8922 0.1461 0.4274
vn -0.8921 0.1461 0.4275
vn -0.8922 0.1460 0.4275
vn -0.8922 0.1461 0.4273
vn 0.9831 -0.1611 -0.0869
vn 0.9831 -0.1610 -0.0870
vn 0.9831 -0.1612 -0.0869
vn 0.9831 -0.1610 -0.0868
vn -0.7987 0.1309 0.5874
vn -0.7986 0.1310 0.5874
vn -0.7987 0.1309 0.5873
vn -0.7987 0.1308 0.5873
vn 0.9532 -0.1561 -0.2589
vn 0.9532 -0.1561 -0.2590
vn 0.9532 -0.1562 -0.2589
vn 0.9531 -0.1561 -0.2591
vn -0.6712 0.1099 0.7331
vn -0.6710 0.1101 0.7332
vn 0.8922 -0.1463 -0.4273
vn 0.8923 -0.1464 -0.4271
vn 0.8921 -0.1461 -0.4275
vn -0.5104 0.0837 0.8558
vn -0.5104 0.0835 0.8559
vn -0.5104 0.0836 0.8559
vn -0.5104 0.0837 0.8559
vn -0.1092 0.0179 -0.9939
vn -0.1093 0.0179 -0.9938
vn 0.7986 -0.1308 -0.5875
vn 0.7986 -0.1307 -0.5875
vn 0.7986 -0.1306 -0.5875
vn -0.3200 0.0521 0.9460
vn -0.3200 0.0519 0.9460
vn -0.3202 0.0522 0.9459
vn -0.3200 0.0523 0.9460
vn -0.3201 0.0527 -0.9459
vn -0.3202 0.0524 -0.9459
vn -0.3202 0.0523 -0.9459
vn -0.3201 0.0524 -0.9459
vn 0.6712 -0.1099 -0.7330
vn -0.1092 0.0179 0.9939
vn -0.1089 0.0179 0.9939
vn -0.1093 0.0179 0.9938
vn -0.5103 0.0835 -0.8560
vn -0.5102 0.0834 -0.8560
vn -0.5103 0.0836 -0.8559
vn 0.5105 -0.0836 -0.8558
vn 0.5102 -0.0836 -0.8560
vn 0.5103 -0.0836 -0.8559
vn 0.5106 -0.0836 -0.8557
vn 0.1093 -0.0179 0.9938
vn 0.1089 -0.0179 0.9939
vn 0.1092 -0.0179 0.9939
vn -0.6713 0.1098 -0.7330
vn -0.6712 0.1099 -0.7331
vn -0.6712 0.1099 -0.7330
vn -0.6713 0.1099 -0.7330
vn 0.3204 -0.0526 -0.9458
vn 0.3201 -0.0524 -0.9459
vn 0.3204 -0.0526 0.9458
vn 0.3200 -0.0523 0.9460
vn 0.3201 -0.0524 0.9459
vn -0.7987 0.1309 -0.5873
vn -0.7986 0.1310 -0.5874
vn -0.7987 0.1309 -0.5874
vn -0.7987 0.1308 -0.5873
vn 0.1092 -0.0179 -0.9939
vn 0.1093 -0.0179 -0.9938
vn 0.5103 -0.0836 0.8559
vn 0.5102 -0.0836 0.8560
vn -0.8922 0.1460 -0.4275
vn -0.8921 0.1461 -0.4275
vn -0.8922 0.1461 -0.4274
vn -0.8922 0.1461 -0.4273
vn 0.6712 -0.1099 0.7331
vn 0.6712 -0.1099 0.7330
vn -0.9531 0.1560 -0.2592
vn -0.9532 0.1561 -0.2590
vn -0.9532 0.1560 -0.2592
vn 0.0252 0.9997 -0.0001
vn 0.0252 0.9997 -0.0000
vn 0.0251 0.9997 -0.0003
vn 0.0253 0.9997 -0.0001
vn 0.0250 0.9997 -0.0000
vn 0.0251 0.9997 0.0002
vn 0.0250 0.9997 0.0001
vn 0.0251 0.9997 0.0003
vn 0.0251 0.9997 -0.0000
vn 0.0249 0.9997 -0.0000
vn 0.0253 0.9997 0.0001
vn 0.0254 0.9997 -0.0000
vn 0.0253 0.9997 -0.0000
vn 0.0254 0.9997 -0.0002
vn 0.0251 0.9997 0.0001
vn 0.0253 0.9997 -0.0002
vn 0.2350 0.9698 -0.0659
vn 0.9518 0.2964 -0.0794
vn 0.9517 0.2964 -0.0798
vn 0.1189 0.9928 -0.0158
vn 0.9205 0.3104 -0.2373
vn 0.9205 0.3104 -0.2372
vn 0.0071 0.9953 0.0964
vn 0.8575 0.3388 -0.3872
vn 0.8575 0.3388 -0.3871
vn 0.8575 0.3390 -0.3870
vn -0.0627 0.9641 0.2579
vn -0.0627 0.9641 0.2580
vn 0.0129 0.8079 -0.5892
vn 0.7621 0.3825 -0.5224
vn -0.0625 0.8982 0.4351
vn -0.0625 0.8982 -0.4351
vn 0.6349 0.4423 -0.6334
vn 0.6350 0.4423 -0.6334
vn 0.0129 0.8079 0.5892
vn -0.0627 0.9641 -0.2579
vn 0.4810 0.5180 -0.7073
vn 0.1467 0.7071 0.6917
vn 0.0071 0.9953 -0.0964
vn 0.3116 0.6078 -0.7304
vn 0.3116 0.6078 0.7304
vn 0.1189 0.9928 0.0158
vn 0.1467 0.7071 -0.6917
vn 0.4810 0.5180 0.7073
vn 0.2350 0.9698 0.0659
vn 0.6350 0.4423 0.6334
vn 0.3255 0.9435 0.0622
vn 0.7621 0.3825 0.5224
vn 0.3739 0.9271 0.0245
vn 0.8575 0.3389 0.3870
vn 0.8575 0.3388 0.3871
vn 0.3739 0.9272 -0.0245
vn 0.3739 0.9271 -0.0245
vn 0.9205 0.3104 0.2373
vn 0.9205 0.3104 0.2372
vn 0.3255 0.9435 -0.0622
vn 0.3609 0.9148 -0.1813
vn 0.3607 0.9147 -0.1820
vn 0.3642 0.9121 -0.1880
vn 0.3721 0.9095 -0.1853
vn 0.3766 0.9079 -0.1841
vn 0.3767 0.9078 -0.1845
vn 0.4019 0.8961 0.1882
vn 0.4018 0.8962 0.1880
vn 0.4064 0.8946 0.1859
vn 0.4143 0.8914 0.1839
vn 0.3928 0.9000 0.1889
vn 0.3928 0.9001 0.1885
vn 0.2344 0.7964 -0.5575
vn 0.2597 0.7856 -0.5616
vn 0.2851 0.7748 -0.5643
vn 0.3106 0.7639 -0.5657
vn 0.3828 0.9052 -0.1848
vn 0.3872 0.9035 -0.1839
vn 0.3883 0.9030 0.1839
vn 0.3883 0.9028 0.1847
vn 0.3362 0.7530 0.5657
vn 0.3361 0.7530 0.5656
vn 0.3361 0.7530 0.5657
vn 0.3617 0.7421 0.5643
vn 0.3871 0.7313 0.5616
vn 0.3870 0.7314 0.5615
vn 0.4122 0.7206 0.5575
vn 0.4121 0.7206 0.5576
vn 0.4118 0.7206 0.5577
vn 0.4120 0.7204 0.5580
vn 0.4177 0.8894 0.1854
vn 0.4167 0.8900 0.1849
vn 0.3506 0.9191 -0.1796
vn 0.3486 0.9195 -0.1818
vn -0.4108 -0.8934 -0.1820
vn -0.4002 -0.8979 -0.1834
vn -0.4045 -0.8959 -0.1836
vn -0.4111 -0.8933 -0.1819
vn -0.3628 -0.9137 0.1830
vn -0.3695 -0.9110 0.1834
vn -0.3696 -0.9110 0.1829
vn -0.3588 -0.9155 0.1820
vn -0.3905 -0.9018 -0.1852
vn -0.3963 -0.8997 -0.1830
vn -0.3735 -0.9088 0.1861
vn -0.3766 -0.9069 0.1890
vn -0.4123 -0.7205 -0.5575
vn -0.4167 -0.8907 -0.1818
vn -0.4200 -0.8893 -0.1809
vn -0.3536 -0.9177 0.1812
vn -0.3500 -0.9191 0.1810
vn -0.2344 -0.7964 0.5575
vn -0.2342 -0.7964 0.5575
vn -0.2597 -0.7856 0.5616
vn -0.2851 -0.7748 0.5643
vn -0.3106 -0.7639 0.5657
vn -0.3823 -0.9055 0.1843
vn -0.3838 -0.9051 0.1828
vn -0.3851 -0.9045 -0.1833
vn -0.3854 -0.9045 -0.1828
vn -0.3362 -0.7530 -0.5657
vn -0.3361 -0.7530 -0.5657
vn -0.3617 -0.7421 -0.5643
vn -0.3871 -0.7313 -0.5616
vn -0.3870 -0.7313 -0.5616
vn -0.3871 -0.7313 -0.5615
vn -0.4427 -0.8785 -0.1794
vn -0.4332 -0.8831 -0.1802
vn -0.4367 -0.8816 -0.1792
vn -0.4460 -0.8781 -0.1733
vn -0.3250 -0.9291 0.1764
vn -0.3352 -0.9248 0.1799
vn -0.3353 -0.9247 0.1804
vn -0.3251 -0.9292 0.1756
vn -0.4270 -0.8863 -0.1792
vn -0.4267 -0.8865 -0.1787
vn -0.3473 -0.9203 0.1802
vn -0.3466 -0.9205 0.1804
vn -0.5107 -0.6786 -0.5279
vn -0.4479 -0.8774 -0.1719
vn -0.4531 -0.8753 -0.1688
vn -0.3185 -0.9314 0.1759
vn -0.3202 -0.9322 0.1685
vn -0.1361 -0.8383 0.5280
vn -0.1361 -0.8383 0.5279
vn -0.1601 -0.8281 0.5373
vn -0.1601 -0.8281 0.5372
vn -0.1845 -0.8177 0.5453
vn -0.2093 -0.8071 0.5521
vn -0.4374 -0.7098 -0.5521
vn -0.4375 -0.7098 -0.5521
vn -0.4622 -0.6993 -0.5453
vn -0.4622 -0.6992 -0.5453
vn -0.4866 -0.6888 -0.5373
vn -0.4735 -0.8654 -0.1638
vn -0.4643 -0.8698 -0.1667
vn -0.4690 -0.8677 -0.1650
vn -0.4770 -0.8643 -0.1596
vn -0.2981 -0.9415 0.1571
vn -0.3041 -0.9380 0.1663
vn -0.3034 -0.9382 0.1665
vn -0.2977 -0.9416 0.1576
vn -0.4596 -0.8717 -0.1697
vn -0.4599 -0.8715 -0.1702
vn -0.3117 -0.9348 0.1701
vn -0.3118 -0.9349 0.1697
vn -0.6018 -0.6397 -0.4781
vn -0.4773 -0.8649 -0.1555
vn -0.4832 -0.8623 -0.1514
vn -0.2916 -0.9443 0.1524
vn -0.2909 -0.9444 0.1529
vn -0.0448 -0.8772 0.4781
vn -0.0449 -0.8772 0.4781
vn -0.0668 -0.8678 0.4923
vn -0.0668 -0.8679 0.4923
vn -0.0893 -0.8582 0.5055
vn -0.0893 -0.8582 0.5054
vn -0.1125 -0.8484 0.5173
vn -0.1126 -0.8484 0.5172
vn -0.1125 -0.8484 0.5172
vn -0.1124 -0.8484 0.5173
vn -0.5343 -0.6685 -0.5173
vn -0.5574 -0.6587 -0.5054
vn -0.5575 -0.6587 -0.5053
vn -0.5799 -0.6491 -0.4923
vn -0.5799 -0.6493 -0.4921
vn -0.5799 -0.6492 -0.4923
vn -0.4984 -0.8559 -0.1382
vn -0.4910 -0.8591 -0.1445
vn -0.4948 -0.8574 -0.1414
vn -0.5010 -0.8547 -0.1359
vn -0.2724 -0.9526 0.1356
vn -0.2782 -0.9500 0.1416
vn -0.2764 -0.9507 0.1406
vn -0.2709 -0.9532 0.1341
vn -0.4881 -0.8597 -0.1508
vn -0.4887 -0.8592 -0.1515
vn -0.2818 -0.9474 0.1516
vn -0.2824 -0.9474 0.1508
vn -0.6823 -0.6054 -0.4098
vn -0.5057 -0.8527 -0.1309
vn -0.5057 -0.8528 -0.1307
vn -0.2665 -0.9547 0.1324
vn -0.2644 -0.9557 0.1296
vn 0.0355 -0.9115 0.4098
vn 0.0355 -0.9115 0.4097
vn 0.0166 -0.9034 0.4285
vn 0.0166 -0.9034 0.4286
vn -0.0032 -0.8950 0.4460
vn -0.0032 -0.8950 0.4461
vn -0.0031 -0.8950 0.4461
vn -0.0237 -0.8862 0.4626
vn -0.6231 -0.6307 -0.4626
vn -0.6436 -0.6219 -0.4461
vn -0.6633 -0.6135 -0.4285
vn -0.5214 -0.8455 -0.1151
vn -0.5164 -0.8476 -0.1219
vn -0.5209 -0.8455 -0.1174
vn -0.5247 -0.8445 -0.1073
vn -0.2496 -0.9622 0.1089
vn -0.2566 -0.9593 0.1178
vn -0.2557 -0.9597 0.1169
vn -0.2495 -0.9622 0.1095
vn -0.5111 -0.8507 -0.1230
vn -0.5106 -0.8509 -0.1236
vn -0.2582 -0.9583 0.1221
vn -0.2610 -0.9571 0.1256
vn -0.7489 -0.5770 -0.3258
vn -0.5264 -0.8440 -0.1027
vn -0.5256 -0.8445 -0.1022
vn -0.2395 -0.9656 0.1018
vn -0.2399 -0.9653 0.1036
vn 0.1023 -0.9399 0.3258
vn 0.1022 -0.9399 0.3258
vn 0.0868 -0.9334 0.3481
vn 0.0869 -0.9334 0.3481
vn 0.0708 -0.9265 0.3696
vn 0.0536 -0.9192 0.3901
vn -0.7004 -0.5977 -0.3902
vn -0.7175 -0.5904 -0.3696
vn -0.7337 -0.5835 -0.3481
vn -0.5377 -0.8392 -0.0817
vn -0.5361 -0.8391 -0.0926
vn -0.5378 -0.8388 -0.0843
vn -0.5400 -0.8382 -0.0763
vn -0.2274 -0.9705 0.0802
vn -0.2360 -0.9679 0.0859
vn -0.2364 -0.9679 0.0851
vn -0.2285 -0.9702 0.0802
vn -0.5338 -0.8401 -0.0964
vn -0.5347 -0.8395 -0.0968
vn -0.2415 -0.9655 0.0975
vn -0.2420 -0.9654 0.0968
vn -0.7992 -0.5556 -0.2293
vn -0.7992 -0.5557 -0.2293
vn -0.5418 -0.8375 -0.0704
vn -0.5418 -0.8375 -0.0706
vn -0.2299 -0.9707 0.0702
vn -0.2292 -0.9708 0.0708
vn 0.1526 -0.9613 0.2293
vn 0.1413 -0.9567 0.2544
vn 0.1415 -0.9567 0.2544
vn 0.1295 -0.9516 0.2789
vn 0.1167 -0.9458 0.3030
vn 0.1164 -0.9460 0.3027
vn 0.1164 -0.9459 0.3027
vn -0.7631 -0.5710 -0.3027
vn -0.7763 -0.5654 -0.2789
vn -0.7763 -0.5654 -0.2788
vn -0.7883 -0.5602 -0.2544
vn -0.5503 -0.8335 -0.0496
vn -0.5476 -0.8349 -0.0554
vn -0.5485 -0.8346 -0.0516
vn -0.5532 -0.8321 -0.0410
vn -0.2214 -0.9741 0.0453
vn -0.2237 -0.9730 0.0566
vn -0.2245 -0.9729 0.0548
vn -0.2210 -0.9742 0.0452
vn -0.5452 -0.8360 -0.0622
vn -0.5452 -0.8360 -0.0621
vn -0.2264 -0.9721 0.0609
vn -0.2267 -0.9720 0.0612
vn -0.8312 -0.5420 -0.1240
vn -0.8312 -0.5419 -0.1240
vn -0.5516 -0.8333 -0.0349
vn -0.5517 -0.8334 -0.0341
vn -0.2185 -0.9753 0.0328
vn -0.2179 -0.9754 0.0332
vn 0.1845 -0.9750 0.1240
vn 0.1783 -0.9723 0.1509
vn 0.1708 -0.9692 0.1774
vn 0.1708 -0.9692 0.1775
vn 0.1622 -0.9655 0.2037
vn 0.1621 -0.9655 0.2038
vn 0.1622 -0.9655 0.2038
vn 0.1622 -0.9655 0.2036
vn -0.8090 -0.5514 -0.2036
vn -0.8176 -0.5477 -0.1775
vn -0.8176 -0.5478 -0.1775
vn -0.8250 -0.5446 -0.1509
vn -0.8250 -0.5446 -0.1508
vn -0.8250 -0.5447 -0.1508
vn -0.8249 -0.5447 -0.1509
vn -0.5579 -0.8298 -0.0117
vn -0.5570 -0.8302 -0.0211
vn -0.5577 -0.8299 -0.0163
vn -0.5579 -0.8299 -0.0064
vn -0.2111 -0.9774 0.0112
vn -0.2133 -0.9768 0.0208
vn -0.2127 -0.9769 0.0203
vn -0.2110 -0.9774 0.0113
vn -0.5550 -0.8315 -0.0233
vn -0.5548 -0.8315 -0.0273
vn -0.2137 -0.9765 0.0281
vn -0.2141 -0.9764 0.0279
vn -0.8437 -0.5366 -0.0139
vn -0.5590 -0.8292 -0.0000
vn -0.5589 -0.8292 -0.0000
vn -0.2105 -0.9776 0.0017
vn -0.2101 -0.9777 -0.0009
vn 0.1970 -0.9803 0.0139
vn 0.1957 -0.9798 0.0416
vn 0.1932 -0.9787 0.0692
vn 0.1895 -0.9771 0.0967
vn 0.1895 -0.9771 0.0968
vn 0.1894 -0.9771 0.0967
vn -0.8362 -0.5398 -0.0967
vn -0.8363 -0.5398 -0.0967
vn -0.8362 -0.5398 -0.0966
vn -0.8400 -0.5382 -0.0691
vn -0.8400 -0.5382 -0.0692
vn -0.8425 -0.5371 -0.0416
vn -0.5562 -0.8307 0.0232
vn -0.5574 -0.8301 0.0158
vn -0.5573 -0.8301 0.0209
vn -0.5537 -0.8322 0.0313
vn -0.2136 -0.9765 -0.0281
vn -0.2133 -0.9768 -0.0208
vn -0.2128 -0.9769 -0.0203
vn -0.2140 -0.9764 -0.0279
vn -0.5586 -0.8294 0.0091
vn -0.5586 -0.8294 0.0090
vn -0.2110 -0.9774 -0.0113
vn -0.2106 -0.9775 -0.0108
vn -0.8362 -0.5398 0.0967
vn -0.5517 -0.8333 0.0350
vn -0.5515 -0.8334 0.0343
vn -0.2186 -0.9753 -0.0329
vn -0.2179 -0.9754 -0.0332
vn 0.1895 -0.9771 -0.0967
vn 0.1932 -0.9787 -0.0692
vn 0.1957 -0.9798 -0.0416
vn 0.1956 -0.9798 -0.0417
vn 0.1970 -0.9803 -0.0139
vn -0.8437 -0.5366 0.0139
vn -0.8425 -0.5371 0.0416
vn -0.8400 -0.5382 0.0692
vn -0.8400 -0.5382 0.0693
vn -0.5460 -0.8356 0.0603
vn -0.5483 -0.8347 0.0519
vn -0.5477 -0.8348 0.0558
vn -0.5447 -0.8362 0.0641
vn -0.2264 -0.9721 -0.0609
vn -0.2237 -0.9730 -0.0566
vn -0.2244 -0.9730 -0.0549
vn -0.2267 -0.9720 -0.0612
vn -0.5537 -0.8316 0.0433
vn -0.5502 -0.8340 0.0422
vn -0.2215 -0.9741 -0.0453
vn -0.2210 -0.9742 -0.0452
vn -0.8090 -0.5514 0.2036
vn -0.8090 -0.5515 0.2036
vn -0.5418 -0.8375 0.0704
vn -0.5418 -0.8375 0.0706
vn -0.2298 -0.9707 -0.0699
vn -0.2292 -0.9708 -0.0707
vn 0.1622 -0.9655 -0.2037
vn 0.1622 -0.9655 -0.2038
vn 0.1622 -0.9655 -0.2036
vn 0.1709 -0.9692 -0.1774
vn 0.1709 -0.9692 -0.1775
vn 0.1783 -0.9723 -0.1509
vn 0.1845 -0.9750 -0.1240
vn -0.8312 -0.5419 0.1240
vn -0.8251 -0.5445 0.1508
vn -0.8252 -0.5444 0.1506
vn -0.8250 -0.5446 0.1509
vn -0.8176 -0.5477 0.1775
vn -0.8176 -0.5478 0.1775
vn -0.5345 -0.8399 0.0940
vn -0.5378 -0.8389 0.0838
vn -0.5367 -0.8387 0.0924
vn -0.5331 -0.8403 0.0985
vn -0.2410 -0.9655 -0.0982
vn -0.2360 -0.9680 -0.0855
vn -0.2359 -0.9681 -0.0844
vn -0.2420 -0.9654 -0.0970
vn -0.5380 -0.8392 0.0790
vn -0.5380 -0.8393 0.0787
vn -0.2275 -0.9705 -0.0804
vn -0.2285 -0.9702 -0.0802
vn -0.7631 -0.5709 0.3027
vn -0.7632 -0.5709 0.3027
vn -0.5264 -0.8440 0.1027
vn -0.5256 -0.8446 0.1023
vn -0.2394 -0.9654 -0.1036
vn -0.2404 -0.9651 -0.1040
vn 0.1164 -0.9460 -0.3027
vn 0.1295 -0.9515 -0.2789
vn 0.1415 -0.9567 -0.2543
vn 0.1415 -0.9567 -0.2544
vn 0.1416 -0.9567 -0.2544
vn 0.1525 -0.9613 -0.2293
vn -0.7992 -0.5556 0.2293
vn -0.7883 -0.5602 0.2544
vn -0.7763 -0.5653 0.2789
vn -0.7763 -0.5654 0.2788
vn -0.5124 -0.8500 0.1219
vn -0.5204 -0.8460 0.1162
vn -0.5169 -0.8473 0.1224
vn -0.5100 -0.8509 0.1259
vn -0.2603 -0.9576 -0.1234
vn -0.2564 -0.9593 -0.1186
vn -0.2559 -0.9596 -0.1173
vn -0.2605 -0.9575 -0.1238
vn -0.5243 -0.8438 0.1146
vn -0.5238 -0.8451 0.1069
vn -0.2496 -0.9622 -0.1087
vn -0.2495 -0.9622 -0.1095
vn -0.7004 -0.5977 0.3901
vn -0.5058 -0.8527 0.1309
vn -0.5057 -0.8528 0.1307
vn -0.2658 -0.9551 -0.1307
vn -0.2656 -0.9552 -0.1308
vn 0.0535 -0.9192 -0.3901
vn 0.0536 -0.9192 -0.3901
vn 0.0708 -0.9265 -0.3696
vn 0.0869 -0.9334 -0.3481
vn 0.0868 -0.9334 -0.3481
vn 0.1022 -0.9399 -0.3258
vn -0.7490 -0.5770 0.3258
vn -0.7489 -0.5770 0.3258
vn -0.7489 -0.5770 0.3259
vn -0.7337 -0.5835 0.3481
vn -0.7175 -0.5904 0.3696
vn -0.4898 -0.8590 0.1489
vn -0.4941 -0.8578 0.1417
vn -0.4910 -0.8591 0.1446
vn -0.4872 -0.8600 0.1517
vn -0.2818 -0.9474 -0.1517
vn -0.2781 -0.9500 -0.1416
vn -0.2764 -0.9507 -0.1405
vn -0.2824 -0.9474 -0.1508
vn -0.4995 -0.8554 0.1370
vn -0.4995 -0.8554 0.1369
vn -0.2723 -0.9526 -0.1356
vn -0.2709 -0.9532 -0.1341
vn -0.6231 -0.6307 0.4626
vn -0.4789 -0.8645 0.1525
vn -0.4820 -0.8631 0.1510
vn -0.2920 -0.9442 -0.1526
vn -0.2911 -0.9444 -0.1530
vn -0.0237 -0.8863 -0.4626
vn -0.0031 -0.8950 -0.4461
vn 0.0165 -0.9034 -0.4286
vn 0.0166 -0.9034 -0.4286
vn 0.0166 -0.9034 -0.4285
vn 0.0355 -0.9115 -0.4097
vn 0.0355 -0.9115 -0.4098
vn -0.6823 -0.6054 0.4098
vn -0.6634 -0.6135 0.4285
vn -0.6633 -0.6135 0.4284
vn -0.6436 -0.6219 0.4461
vn -0.4611 -0.8713 0.1683
vn -0.4687 -0.8677 0.1653
vn -0.4645 -0.8697 0.1668
vn -0.4577 -0.8725 0.1710
vn -0.3117 -0.9349 -0.1698
vn -0.3041 -0.9380 -0.1663
vn -0.3035 -0.9382 -0.1663
vn -0.3118 -0.9349 -0.1695
vn -0.4705 -0.8674 0.1620
vn -0.4710 -0.8669 0.1630
vn -0.2978 -0.9417 -0.1567
vn -0.2974 -0.9417 -0.1572
vn -0.5343 -0.6685 0.5173
vn -0.4500 -0.8768 0.1698
vn -0.4504 -0.8768 0.1686
vn -0.3182 -0.9318 -0.1747
vn -0.3164 -0.9331 -0.1710
vn -0.1124 -0.8484 -0.5173
vn -0.0890 -0.8582 -0.5055
vn -0.0893 -0.8582 -0.5054
vn -0.0893 -0.8583 -0.5054
vn -0.0894 -0.8583 -0.5053
vn -0.0668 -0.8678 -0.4923
vn -0.0668 -0.8679 -0.4923
vn -0.0668 -0.8678 -0.4924
vn -0.0449 -0.8772 -0.4781
vn -0.6018 -0.6397 0.4781
vn -0.6018 -0.6397 0.4782
vn -0.5799 -0.6491 0.4923
vn -0.5799 -0.6491 0.4924
vn -0.5574 -0.6588 0.5052
vn -0.5574 -0.6587 0.5054
vn -0.4286 -0.8858 0.1781
vn -0.4373 -0.8814 0.1784
vn -0.4342 -0.8826 0.1803
vn -0.4247 -0.8872 0.1801
vn -0.3461 -0.9211 -0.1783
vn -0.3352 -0.9248 -0.1799
vn -0.3355 -0.9246 -0.1805
vn -0.3458 -0.9211 -0.1791
vn -0.4403 -0.8805 0.1756
vn -0.4402 -0.8802 0.1773
vn -0.3252 -0.9291 -0.1764
vn -0.3251 -0.9292 -0.1756
vn -0.4373 -0.7099 0.5521
vn -0.4374 -0.7098 0.5521
vn -0.4185 -0.8900 0.1811
vn -0.4184 -0.8901 0.1810
vn -0.3517 -0.9185 -0.1806
vn -0.3518 -0.9185 -0.1808
vn -0.2093 -0.8071 -0.5521
vn -0.1845 -0.8176 -0.5454
vn -0.1601 -0.8281 -0.5373
vn -0.1361 -0.8383 -0.5279
vn -0.5107 -0.6786 0.5279
vn -0.4866 -0.6888 0.5373
vn -0.4866 -0.6888 0.5374
vn -0.4622 -0.6993 0.5453
vn -0.3965 -0.8996 0.1832
vn -0.4043 -0.8961 0.1833
vn -0.4000 -0.8979 0.1835
vn -0.3902 -0.9019 0.1851
vn -0.3745 -0.9080 -0.1881
vn -0.3704 -0.9106 -0.1834
vn -0.3706 -0.9106 -0.1830
vn -0.3758 -0.9074 -0.1881
vn -0.4106 -0.8935 0.1818
vn -0.4107 -0.8934 0.1820
vn -0.3611 -0.9146 -0.1820
vn -0.3609 -0.9147 -0.1820
vn -0.3362 -0.7530 0.5657
vn -0.3362 -0.7529 0.5657
vn -0.3877 -0.9034 0.1831
vn -0.3872 -0.9038 0.1824
vn -0.3834 -0.9052 -0.1834
vn -0.3844 -0.9047 -0.1836
vn -0.3106 -0.7639 -0.5657
vn -0.2851 -0.7748 -0.5643
vn -0.2597 -0.7856 -0.5616
vn -0.2343 -0.7964 -0.5575
vn -0.2344 -0.7964 -0.5575
vn -0.4123 -0.7205 0.5575
vn -0.3871 -0.7313 0.5616
vn -0.3617 -0.7421 0.5643
vn -0.3622 -0.9134 0.1857
vn -0.3703 -0.9099 0.1869
vn -0.3667 -0.9114 0.1866
vn -0.3575 -0.9152 0.1859
vn -0.4108 -0.8935 -0.1815
vn -0.4018 -0.8964 -0.1873
vn -0.4016 -0.8963 -0.1881
vn -0.4113 -0.8932 -0.1820
vn -0.3759 -0.9071 0.1892
vn -0.3772 -0.9066 0.1891
vn -0.3953 -0.8988 -0.1893
vn -0.3912 -0.9007 -0.1889
vn -0.3522 -0.9183 0.1807
vn -0.3526 -0.9183 0.1799
vn -0.4189 -0.8898 -0.1808
vn -0.4189 -0.8898 -0.1811
vn -0.4119 -0.7205 -0.5579
vn -0.4121 -0.7205 -0.5577
vn -0.4123 -0.7205 -0.5576
vn -0.4125 -0.7205 -0.5575
vn -0.3616 -0.7422 -0.5642
vn -0.2596 -0.7857 0.5615
vn -0.2597 -0.7857 0.5614
vn -0.2596 -0.7856 0.5616
vn -0.3310 -0.9269 0.1772
vn -0.3384 -0.9243 0.1763
vn -0.3331 -0.9263 0.1759
vn -0.3234 -0.9297 0.1764
vn -0.4425 -0.8802 -0.1717
vn -0.4337 -0.8839 -0.1750
vn -0.4334 -0.8840 -0.1755
vn -0.4440 -0.8795 -0.1713
vn -0.3429 -0.9226 0.1770
vn -0.3444 -0.9219 0.1775
vn -0.4265 -0.8868 -0.1783
vn -0.4260 -0.8869 -0.1784
vn -0.3163 -0.9331 0.1713
vn -0.3160 -0.9332 0.1710
vn -0.4500 -0.8768 -0.1694
vn -0.4500 -0.8768 -0.1697
vn -0.4866 -0.6889 -0.5373
vn -0.4622 -0.6992 -0.5454
vn -0.4621 -0.6994 -0.5452
vn -0.1602 -0.8280 0.5373
vn -0.3005 -0.9404 0.1593
vn -0.3082 -0.9370 0.1644
vn -0.3032 -0.9393 0.1608
vn -0.2959 -0.9423 0.1565
vn -0.4772 -0.8642 -0.1596
vn -0.4678 -0.8690 -0.1611
vn -0.4680 -0.8689 -0.1611
vn -0.4758 -0.8644 -0.1627
vn -0.3139 -0.9349 0.1655
vn -0.3138 -0.9350 0.1651
vn -0.4584 -0.8733 -0.1651
vn -0.4580 -0.8735 -0.1650
vn -0.0450 -0.8771 0.4781
vn -0.0451 -0.8771 0.4781
vn -0.0450 -0.8772 0.4781
vn -0.2906 -0.9449 0.1509
vn -0.2911 -0.9446 0.1514
vn -0.4781 -0.8641 -0.1574
vn -0.4788 -0.8637 -0.1577
vn -0.5800 -0.6491 -0.4923
vn -0.5800 -0.6491 -0.4921
vn -0.0670 -0.8679 0.4923
vn -0.0669 -0.8679 0.4923
vn -0.2729 -0.9517 0.1410
vn -0.2778 -0.9494 0.1464
vn -0.2747 -0.9506 0.1445
vn -0.2690 -0.9537 0.1345
vn -0.4992 -0.8558 -0.1357
vn -0.4956 -0.8563 -0.1456
vn -0.4966 -0.8557 -0.1452
vn -0.5002 -0.8553 -0.1354
vn -0.2835 -0.9477 0.1468
vn -0.2821 -0.9482 0.1461
vn -0.4841 -0.8620 -0.1506
vn -0.4848 -0.8619 -0.1487
vn 0.0354 -0.9115 0.4098
vn -0.2653 -0.9553 0.1305
vn -0.2654 -0.9554 0.1297
vn -0.5054 -0.8530 -0.1305
vn -0.5058 -0.8527 -0.1308
vn -0.6436 -0.6220 -0.4461
vn -0.0237 -0.8863 0.4625
vn -0.0237 -0.8863 0.4626
vn -0.0236 -0.8863 0.4626
vn -0.0236 -0.8863 0.4625
vn -0.0030 -0.8950 0.4461
vn -0.0029 -0.8950 0.4461
vn -0.2481 -0.9619 0.1147
vn -0.2555 -0.9591 0.1218
vn -0.2506 -0.9613 0.1146
vn -0.2444 -0.9635 0.1096
vn -0.5210 -0.8465 -0.1096
vn -0.5181 -0.8467 -0.1207
vn -0.5185 -0.8465 -0.1212
vn -0.5215 -0.8462 -0.1096
vn -0.2565 -0.9584 0.1256
vn -0.2554 -0.9588 0.1248
vn -0.5137 -0.8484 -0.1277
vn -0.5129 -0.8490 -0.1268
vn -0.2404 -0.9654 0.1013
vn -0.2402 -0.9655 0.1010
vn -0.5266 -0.8441 -0.1011
vn -0.5269 -0.8439 -0.1010
vn 0.0536 -0.9192 0.3902
vn 0.0870 -0.9334 0.3481
vn 0.0871 -0.9334 0.3481
vn -0.2333 -0.9691 0.0797
vn -0.2343 -0.9679 0.0905
vn -0.2320 -0.9688 0.0873
vn -0.2302 -0.9701 0.0765
vn -0.5418 -0.8371 -0.0758
vn -0.5374 -0.8387 -0.0886
vn -0.5378 -0.8383 -0.0890
vn -0.5386 -0.8389 -0.0777
vn -0.2408 -0.9660 0.0945
vn -0.2419 -0.9654 0.0971
vn -0.5354 -0.8390 -0.0969
vn -0.5298 -0.8424 -0.0983
vn 0.1524 -0.9613 0.2293
vn -0.2258 -0.9715 0.0724
vn -0.2256 -0.9714 0.0735
vn -0.5464 -0.8347 -0.0694
vn -0.5457 -0.8349 -0.0717
vn -0.7992 -0.5558 -0.2289
vn -0.7993 -0.5555 -0.2293
vn -0.7883 -0.5603 -0.2545
vn -0.7762 -0.5655 -0.2789
vn -0.7763 -0.5653 -0.2789
vn 0.1294 -0.9516 0.2789
vn 0.1295 -0.9515 0.2789
vn -0.2164 -0.9752 0.0475
vn -0.2252 -0.9728 0.0543
vn -0.2206 -0.9741 0.0503
vn -0.2178 -0.9751 0.0420
vn -0.5494 -0.8343 -0.0457
vn -0.5479 -0.8348 -0.0539
vn -0.5478 -0.8349 -0.0540
vn -0.5498 -0.8340 -0.0459
vn -0.2263 -0.9720 0.0638
vn -0.2261 -0.9719 0.0652
vn -0.5451 -0.8361 -0.0615
vn -0.5455 -0.8358 -0.0616
vn -0.2194 -0.9748 0.0391
vn -0.2160 -0.9756 0.0397
vn -0.5559 -0.8304 -0.0364
vn -0.5552 -0.8309 -0.0364
vn -0.8313 -0.5418 -0.1240
vn -0.8089 -0.5515 -0.2037
vn -0.8091 -0.5512 -0.2037
vn 0.1621 -0.9655 0.2037
vn 0.1617 -0.9655 0.2042
vn 0.1709 -0.9692 0.1775
vn -0.2135 -0.9768 0.0134
vn -0.2133 -0.9767 0.0216
vn -0.2133 -0.9769 0.0145
vn -0.2136 -0.9769 0.0046
vn -0.5544 -0.8322 -0.0096
vn -0.5576 -0.8299 -0.0190
vn -0.5583 -0.8294 -0.0196
vn -0.5547 -0.8320 -0.0090
vn -0.2138 -0.9765 0.0284
vn -0.5575 -0.8298 -0.0260
vn -0.5542 -0.8320 -0.0235
vn -0.2144 -0.9767 -0.0000
vn -0.2102 -0.9777 -0.0002
vn -0.5549 -0.8319 -0.0000
vn -0.8438 -0.5365 -0.0139
vn -0.8363 -0.5397 -0.0967
vn -0.8364 -0.5395 -0.0967
vn 0.1932 -0.9787 0.0693
vn -0.2139 -0.9765 -0.0254
vn -0.2124 -0.9771 -0.0151
vn -0.2133 -0.9768 -0.0216
vn -0.2147 -0.9762 -0.0300
vn -0.5575 -0.8298 0.0262
vn -0.5576 -0.8299 0.0190
vn -0.5583 -0.8294 0.0195
vn -0.5553 -0.8313 0.0234
vn -0.2108 -0.9775 -0.0110
vn -0.2104 -0.9776 -0.0101
vn -0.5544 -0.8322 0.0096
vn -0.5547 -0.8320 0.0090
vn 0.1895 -0.9771 -0.0966
vn 0.1895 -0.9771 -0.0965
vn -0.2188 -0.9750 -0.0394
vn -0.2157 -0.9757 -0.0394
vn -0.5559 -0.8305 0.0365
vn -0.5552 -0.8309 0.0364
vn -0.8362 -0.5399 0.0967
vn -0.8425 -0.5371 0.0415
vn -0.8436 -0.5367 0.0139
vn 0.1958 -0.9798 -0.0417
vn 0.1957 -0.9798 -0.0417
vn 0.1959 -0.9797 -0.0417
vn 0.1932 -0.9787 -0.0693
vn -0.2262 -0.9722 -0.0614
vn -0.2205 -0.9741 -0.0505
vn -0.2253 -0.9727 -0.0555
vn -0.2258 -0.9720 -0.0657
vn -0.5451 -0.8361 0.0615
vn -0.5479 -0.8348 0.0539
vn -0.5478 -0.8349 0.0540
vn -0.5455 -0.8358 0.0616
vn -0.2172 -0.9752 -0.0434
vn -0.2176 -0.9751 -0.0429
vn -0.5493 -0.8344 0.0457
vn -0.5498 -0.8341 0.0459
vn 0.1623 -0.9655 -0.2036
vn 0.1623 -0.9655 -0.2037
vn -0.2258 -0.9715 -0.0724
vn -0.2257 -0.9714 -0.0735
vn -0.5466 -0.8345 0.0698
vn -0.5457 -0.8349 0.0719
vn -0.8090 -0.5515 0.2037
vn -0.8175 -0.5478 0.1775
vn 0.1846 -0.9749 -0.1242
vn -0.2405 -0.9663 -0.0924
vn -0.2321 -0.9689 -0.0861
vn -0.2333 -0.9682 -0.0898
vn -0.2407 -0.9657 -0.0979
vn -0.5357 -0.8390 0.0956
vn -0.5375 -0.8386 0.0887
vn -0.5379 -0.8383 0.0891
vn -0.5294 -0.8427 0.0982
vn -0.2324 -0.9694 -0.0788
vn -0.2340 -0.9691 -0.0781
vn -0.5410 -0.8376 0.0756
vn -0.5386 -0.8389 0.0777
vn 0.1163 -0.9460 -0.3027
vn -0.2421 -0.9651 -0.1001
vn -0.2423 -0.9651 -0.0997
vn -0.5266 -0.8441 0.1011
vn -0.5269 -0.8439 0.1010
vn -0.7761 -0.5656 0.2788
vn -0.7762 -0.5655 0.2789
vn -0.7762 -0.5655 0.2788
vn -0.7762 -0.5656 0.2787
vn -0.7882 -0.5603 0.2545
vn -0.7881 -0.5604 0.2545
vn -0.7991 -0.5557 0.2293
vn -0.7992 -0.5556 0.2292
vn -0.7992 -0.5557 0.2292
vn 0.1415 -0.9566 -0.2546
vn 0.1295 -0.9516 -0.2789
vn -0.2561 -0.9587 -0.1237
vn -0.2518 -0.9612 -0.1131
vn -0.2551 -0.9593 -0.1213
vn -0.2574 -0.9579 -0.1272
vn -0.5134 -0.8485 0.1284
vn -0.5183 -0.8466 0.1207
vn -0.5187 -0.8463 0.1212
vn -0.5129 -0.8490 0.1272
vn -0.2453 -0.9629 -0.1123
vn -0.2446 -0.9631 -0.1124
vn -0.5209 -0.8465 0.1098
vn -0.5214 -0.8462 0.1097
vn 0.0536 -0.9192 -0.3900
vn 0.0538 -0.9193 -0.3899
vn 0.0537 -0.9192 -0.3901
vn -0.2654 -0.9553 -0.1306
vn -0.2655 -0.9553 -0.1297
vn -0.5054 -0.8530 0.1306
vn -0.5058 -0.8527 0.1308
vn -0.7004 -0.5977 0.3902
vn -0.7337 -0.5836 0.3481
vn -0.2810 -0.9485 -0.1461
vn -0.2741 -0.9509 -0.1436
vn -0.2771 -0.9496 -0.1466
vn -0.2867 -0.9461 -0.1503
vn -0.4841 -0.8620 0.1503
vn -0.4956 -0.8563 0.1456
vn -0.4966 -0.8557 0.1452
vn -0.4848 -0.8619 0.1486
vn -0.2729 -0.9519 -0.1392
vn -0.2739 -0.9518 -0.1384
vn -0.4992 -0.8558 0.1357
vn -0.5002 -0.8553 0.1354
vn -0.0237 -0.8863 -0.4625
vn -0.0237 -0.8862 -0.4626
vn -0.2913 -0.9447 -0.1509
vn -0.2913 -0.9446 -0.1514
vn -0.4775 -0.8645 0.1568
vn -0.4788 -0.8636 0.1581
vn -0.6436 -0.6219 0.4462
vn -0.6633 -0.6135 0.4285
vn -0.6823 -0.6054 0.4099
vn -0.3101 -0.9363 -0.1651
vn -0.3030 -0.9393 -0.1609
vn -0.3082 -0.9370 -0.1642
vn -0.3161 -0.9337 -0.1685
vn -0.4582 -0.8732 0.1657
vn -0.4678 -0.8690 0.1611
vn -0.4670 -0.8695 0.1609
vn -0.4580 -0.8734 0.1658
vn -0.2987 -0.9413 -0.1573
vn -0.2990 -0.9412 -0.1572
vn -0.4722 -0.8675 0.1562
vn -0.4720 -0.8676 0.1565
vn -0.1126 -0.8483 -0.5174
vn -0.1124 -0.8484 -0.5174
vn -0.3163 -0.9331 -0.1713
vn -0.3159 -0.9332 -0.1713
vn -0.4500 -0.8767 0.1700
vn -0.4501 -0.8766 0.1703
vn -0.5801 -0.6490 0.4922
vn -0.5799 -0.6491 0.4922
vn -0.6018 -0.6398 0.4780
vn -0.0448 -0.8772 -0.4780
vn -0.0447 -0.8775 -0.4774
vn -0.0670 -0.8678 -0.4924
vn -0.0671 -0.8678 -0.4923
vn -0.0671 -0.8677 -0.4925
vn -0.0894 -0.8582 -0.5055
vn -0.0895 -0.8582 -0.5055
vn -0.3416 -0.9228 -0.1783
vn -0.3332 -0.9263 -0.1757
vn -0.3388 -0.9240 -0.1771
vn -0.3466 -0.9207 -0.1793
vn -0.4263 -0.8869 0.1779
vn -0.4336 -0.8839 0.1751
vn -0.4333 -0.8840 0.1753
vn -0.4252 -0.8874 0.1781
vn -0.3262 -0.9283 -0.1785
vn -0.3274 -0.9277 -0.1794
vn -0.4421 -0.8803 0.1720
vn -0.4440 -0.8795 0.1713
vn -0.3522 -0.9183 -0.1807
vn -0.3527 -0.9183 -0.1800
vn -0.4189 -0.8899 0.1808
vn -0.4189 -0.8898 0.1811
vn -0.4621 -0.6994 0.5452
vn -0.4866 -0.6889 0.5373
vn -0.4865 -0.6890 0.5372
vn -0.4866 -0.6889 0.5372
vn -0.5106 -0.6787 0.5279
vn -0.5105 -0.6787 0.5279
vn -0.1845 -0.8177 -0.5453
vn -0.3779 -0.9064 -0.1889
vn -0.3665 -0.9116 -0.1864
vn -0.3701 -0.9100 -0.1870
vn -0.3787 -0.9062 -0.1880
vn -0.3978 -0.8986 0.1852
vn -0.4018 -0.8962 0.1881
vn -0.4015 -0.8961 0.1890
vn -0.3900 -0.9021 0.1848
vn -0.3606 -0.9140 -0.1861
vn -0.3603 -0.9140 -0.1867
vn -0.4109 -0.8934 0.1816
vn -0.4113 -0.8932 0.1820
vn -0.3363 -0.7528 0.5659
vn -0.3362 -0.7528 0.5659
vn -0.3367 -0.7529 0.5655
vn -0.3364 -0.7530 0.5655
vn -0.3872 -0.7312 0.5616
vn -0.4123 -0.7206 0.5575
vn -0.4120 -0.7207 0.5576
vn -0.4123 -0.7206 0.5574
vn -0.4124 -0.7205 0.5575
vn -0.2598 -0.7856 -0.5616
vn -0.2851 -0.7747 -0.5644
vn -0.2850 -0.7747 -0.5644
vn 0.3355 0.9246 -0.1806
vn 0.3382 0.9238 -0.1796
vn 0.3295 0.9279 -0.1742
vn 0.3261 0.9293 -0.1736
vn 0.3409 0.9230 -0.1785
vn 0.3468 0.9208 -0.1787
vn 0.4341 0.8837 0.1747
vn 0.4325 0.8841 0.1770
vn 0.4427 0.8797 0.1737
vn 0.4428 0.8796 0.1741
vn 0.4255 0.8864 0.1825
vn 0.4290 0.8849 0.1816
vn 0.1361 0.8383 -0.5279
vn 0.1361 0.8383 -0.5280
vn 0.1601 0.8280 -0.5373
vn 0.1601 0.8281 -0.5373
vn 0.1602 0.8281 -0.5373
vn 0.1601 0.8281 -0.5372
vn 0.1845 0.8176 -0.5454
vn 0.2093 0.8071 -0.5521
vn 0.4374 0.7098 0.5522
vn 0.4373 0.7098 0.5522
vn 0.4374 0.7098 0.5521
vn 0.4622 0.6993 0.5453
vn 0.4866 0.6889 0.5373
vn 0.4866 0.6888 0.5373
vn 0.5107 0.6786 0.5278
vn 0.5107 0.6786 0.5279
vn 0.4542 0.8746 0.1694
vn 0.4477 0.8775 0.1719
vn 0.3222 0.9303 -0.1752
vn 0.3222 0.9306 -0.1738
vn 0.3024 0.9389 -0.1645
vn 0.3055 0.9376 -0.1662
vn 0.2982 0.9407 -0.1619
vn 0.2950 0.9420 -0.1600
vn 0.3113 0.9350 -0.1699
vn 0.3113 0.9351 -0.1696
vn 0.4667 0.8687 0.1663
vn 0.4664 0.8689 0.1655
vn 0.4707 0.8678 0.1591
vn 0.4748 0.8659 0.1574
vn 0.4553 0.8739 0.1704
vn 0.4620 0.8708 0.1684
vn 0.0449 0.8772 -0.4781
vn 0.0668 0.8679 -0.4923
vn 0.0668 0.8678 -0.4923
vn 0.0893 0.8582 -0.5054
vn 0.0893 0.8583 -0.5054
vn 0.1124 0.8484 -0.5173
vn 0.5343 0.6685 0.5173
vn 0.5574 0.6587 0.5054
vn 0.5799 0.6491 0.4923
vn 0.5800 0.6491 0.4923
vn 0.6018 0.6397 0.4781
vn 0.4797 0.8642 0.1521
vn 0.4792 0.8643 0.1531
vn 0.2891 0.9445 -0.1562
vn 0.2890 0.9445 -0.1563
vn 0.2752 0.9509 -0.1414
vn 0.2797 0.9495 -0.1422
vn 0.2741 0.9518 -0.1374
vn 0.2738 0.9518 -0.1386
vn 0.2819 0.9475 -0.1510
vn 0.2824 0.9474 -0.1509
vn 0.4947 0.8566 0.1468
vn 0.4910 0.8589 0.1459
vn 0.5015 0.8538 0.1398
vn 0.5012 0.8540 0.1395
vn 0.4871 0.8600 0.1518
vn 0.4897 0.8591 0.1490
vn -0.0355 0.9115 -0.4098
vn -0.0166 0.9034 -0.4285
vn 0.0031 0.8950 -0.4461
vn 0.0237 0.8863 -0.4626
vn 0.0237 0.8863 -0.4625
vn 0.6231 0.6307 0.4626
vn 0.6437 0.6219 0.4461
vn 0.6436 0.6219 0.4461
vn 0.6437 0.6218 0.4460
vn 0.6633 0.6135 0.4286
vn 0.6633 0.6135 0.4285
vn 0.6823 0.6054 0.4099
vn 0.6823 0.6054 0.4098
vn 0.6822 0.6054 0.4100
vn 0.5094 0.8505 0.1312
vn 0.5060 0.8520 0.1347
vn 0.2609 0.9566 -0.1296
vn 0.2645 0.9548 -0.1356
vn 0.2489 0.9612 -0.1191
vn 0.2548 0.9594 -0.1212
vn 0.2501 0.9621 -0.1089
vn 0.2495 0.9621 -0.1096
vn 0.2615 0.9572 -0.1239
vn 0.2605 0.9575 -0.1238
vn 0.5184 0.8475 0.1143
vn 0.5177 0.8479 0.1145
vn 0.5206 0.8460 0.1151
vn 0.5258 0.8437 0.1080
vn 0.5102 0.8504 0.1289
vn 0.5151 0.8484 0.1216
vn -0.1022 0.9399 -0.3258
vn -0.0868 0.9334 -0.3481
vn -0.0869 0.9334 -0.3481
vn -0.0708 0.9265 -0.3696
vn -0.0708 0.9265 -0.3695
vn -0.0536 0.9192 -0.3901
vn -0.0536 0.9192 -0.3902
vn 0.7004 0.5977 0.3901
vn 0.7005 0.5976 0.3902
vn 0.7004 0.5976 0.3902
vn 0.7175 0.5904 0.3697
vn 0.7175 0.5904 0.3696
vn 0.7337 0.5835 0.3481
vn 0.7489 0.5770 0.3259
vn 0.7489 0.5770 0.3260
vn 0.7489 0.5770 0.3258
vn 0.5302 0.8413 0.1055
vn 0.5299 0.8416 0.1047
vn 0.2398 0.9655 -0.1011
vn 0.2442 0.9637 -0.1075
vn 0.2345 0.9685 -0.0842
vn 0.2374 0.9673 -0.0895
vn 0.2326 0.9695 -0.0778
vn 0.2326 0.9695 -0.0777
vn 0.2422 0.9656 -0.0942
vn 0.2422 0.9654 -0.0962
vn 0.5340 0.8411 0.0862
vn 0.5337 0.8413 0.0860
vn 0.5376 0.8393 0.0813
vn 0.5400 0.8382 0.0760
vn 0.5295 0.8427 0.0975
vn 0.5319 0.8418 0.0925
vn -0.1524 0.9614 -0.2292
vn -0.1524 0.9614 -0.2293
vn -0.1525 0.9614 -0.2292
vn -0.1415 0.9567 -0.2544
vn -0.1295 0.9515 -0.2789
vn -0.1295 0.9515 -0.2790
vn -0.1295 0.9516 -0.2789
vn -0.1164 0.9459 -0.3027
vn -0.1164 0.9460 -0.3027
vn 0.7633 0.5707 0.3029
vn 0.7632 0.5707 0.3029
vn 0.7763 0.5653 0.2789
vn 0.7762 0.5654 0.2789
vn 0.7883 0.5602 0.2544
vn 0.7992 0.5556 0.2294
vn 0.7992 0.5556 0.2293
vn 0.5465 0.8343 0.0726
vn 0.5435 0.8361 0.0750
vn 0.2273 0.9714 -0.0681
vn 0.2299 0.9705 -0.0722
vn 0.2190 0.9745 -0.0492
vn 0.2234 0.9730 -0.0575
vn 0.2167 0.9751 -0.0471
vn 0.2170 0.9751 -0.0462
vn 0.2267 0.9720 -0.0616
vn 0.2265 0.9721 -0.0614
vn 0.5512 0.8325 0.0556
vn 0.5504 0.8329 0.0568
vn 0.5518 0.8325 0.0494
vn 0.5528 0.8323 0.0412
vn 0.5472 0.8345 0.0647
vn 0.5482 0.8341 0.0611
vn -0.1844 0.9750 -0.1240
vn -0.1845 0.9750 -0.1240
vn -0.1843 0.9750 -0.1243
vn -0.1846 0.9749 -0.1242
vn -0.1783 0.9723 -0.1509
vn -0.1709 0.9692 -0.1775
vn -0.1709 0.9692 -0.1774
vn -0.1622 0.9655 -0.2037
vn -0.1621 0.9655 -0.2038
vn -0.1622 0.9655 -0.2036
vn 0.8090 0.5514 0.2036
vn 0.8176 0.5477 0.1775
vn 0.8250 0.5446 0.1509
vn 0.8250 0.5446 0.1510
vn 0.8314 0.5417 0.1240
vn 0.8312 0.5419 0.1240
vn 0.8313 0.5417 0.1240
vn 0.8315 0.5415 0.1240
vn 0.5512 0.8336 0.0347
vn 0.5516 0.8334 0.0352
vn 0.2189 0.9752 -0.0334
vn 0.2204 0.9746 -0.0392
vn 0.2132 0.9769 -0.0144
vn 0.2149 0.9764 -0.0232
vn 0.2179 0.9759 -0.0080
vn 0.2174 0.9761 -0.0077
vn 0.2178 0.9756 -0.0263
vn 0.2174 0.9757 -0.0266
vn 0.5545 0.8319 0.0214
vn 0.5534 0.8327 0.0198
vn 0.5582 0.8296 0.0121
vn 0.5581 0.8298 0.0065
vn 0.5538 0.8321 0.0312
vn 0.5550 0.8316 0.0224
vn -0.1970 0.9803 -0.0139
vn -0.1957 0.9798 -0.0416
vn -0.1932 0.9787 -0.0692
vn -0.1895 0.9771 -0.0967
vn 0.8363 0.5396 0.0967
vn 0.8363 0.5398 0.0967
vn 0.8364 0.5395 0.0967
vn 0.8400 0.5382 0.0692
vn 0.8400 0.5382 0.0691
vn 0.8425 0.5371 0.0416
vn 0.8437 0.5366 0.0139
vn 0.5589 0.8292 -0.0000
vn 0.5590 0.8292 -0.0000
vn 0.2158 0.9764 0.0037
vn 0.2157 0.9764 -0.0037
vn 0.2137 0.9768 0.0161
vn 0.2142 0.9767 0.0149
vn 0.2179 0.9756 0.0265
vn 0.2176 0.9757 0.0269
vn 0.2181 0.9759 0.0091
vn 0.2176 0.9760 0.0099
vn 0.5544 0.8320 -0.0214
vn 0.5534 0.8327 -0.0198
vn 0.5544 0.8319 -0.0225
vn 0.5536 0.8322 -0.0311
vn 0.5581 0.8298 -0.0065
vn 0.5582 0.8296 -0.0121
vn -0.1895 0.9771 0.0968
vn -0.1894 0.9771 0.0968
vn -0.1896 0.9771 0.0970
vn -0.1932 0.9787 0.0692
vn -0.1957 0.9798 0.0416
vn -0.1970 0.9803 0.0139
vn 0.8435 0.5370 -0.0136
vn 0.8436 0.5367 -0.0139
vn 0.8437 0.5366 -0.0139
vn 0.8438 0.5365 -0.0139
vn 0.8425 0.5371 -0.0416
vn 0.8400 0.5382 -0.0692
vn 0.8362 0.5398 -0.0968
vn 0.8362 0.5398 -0.0967
vn 0.8361 0.5399 -0.0968
vn 0.8362 0.5398 -0.0969
vn 0.5513 0.8336 -0.0347
vn 0.5516 0.8334 -0.0352
vn 0.2200 0.9747 0.0394
vn 0.2182 0.9753 0.0333
vn 0.2229 0.9731 0.0573
vn 0.2194 0.9744 0.0491
vn 0.2270 0.9719 0.0618
vn 0.2270 0.9719 0.0622
vn 0.2169 0.9750 0.0473
vn 0.2172 0.9750 0.0465
vn 0.5510 0.8326 -0.0558
vn 0.5503 0.8330 -0.0568
vn 0.5482 0.8341 -0.0611
vn 0.5473 0.8344 -0.0648
vn 0.5527 0.8323 -0.0412
vn 0.5517 0.8326 -0.0495
vn -0.1622 0.9655 0.2037
vn -0.1622 0.9655 0.2036
vn -0.1621 0.9655 0.2037
vn -0.1709 0.9692 0.1775
vn -0.1709 0.9692 0.1774
vn -0.1783 0.9723 0.1509
vn -0.1844 0.9750 0.1240
vn -0.1845 0.9750 0.1241
vn -0.1845 0.9750 0.1240
vn 0.8312 0.5419 -0.1241
vn 0.8312 0.5419 -0.1240
vn 0.8313 0.5419 -0.1240
vn 0.8250 0.5446 -0.1510
vn 0.8250 0.5446 -0.1511
vn 0.8250 0.5446 -0.1509
vn 0.8176 0.5477 -0.1775
vn 0.8090 0.5514 -0.2036
vn 0.5467 0.8342 -0.0721
vn 0.5437 0.8359 -0.0751
vn 0.2299 0.9706 0.0719
vn 0.2272 0.9715 0.0681
vn 0.2374 0.9673 0.0897
vn 0.2350 0.9683 0.0843
vn 0.2405 0.9663 0.0922
vn 0.2394 0.9666 0.0920
vn 0.2327 0.9694 0.0780
vn 0.2328 0.9694 0.0780
vn 0.5337 0.8413 -0.0862
vn 0.5330 0.8417 -0.0862
vn 0.5318 0.8418 -0.0925
vn 0.5296 0.8426 -0.0977
vn 0.5400 0.8382 -0.0760
vn 0.5376 0.8393 -0.0815
vn -0.1164 0.9460 0.3027
vn -0.1164 0.9459 0.3027
vn -0.1295 0.9515 0.2789
vn -0.1295 0.9516 0.2789
vn -0.1416 0.9567 0.2544
vn -0.1415 0.9567 0.2544
vn -0.1416 0.9567 0.2545
vn -0.1525 0.9613 0.2293
vn 0.7992 0.5556 -0.2293
vn 0.7883 0.5602 -0.2544
vn 0.7883 0.5602 -0.2545
vn 0.7763 0.5654 -0.2789
vn 0.7763 0.5654 -0.2788
vn 0.7632 0.5708 -0.3027
vn 0.7632 0.5709 -0.3027
vn 0.5300 0.8414 -0.1053
vn 0.5296 0.8418 -0.1046
vn 0.2445 0.9637 0.1069
vn 0.2394 0.9654 0.1037
vn 0.2552 0.9592 0.1221
vn 0.2501 0.9614 0.1151
vn 0.2610 0.9574 0.1235
vn 0.2601 0.9576 0.1238
vn 0.2501 0.9621 0.1089
vn 0.2495 0.9622 0.1095
vn 0.5188 0.8472 -0.1143
vn 0.5168 0.8484 -0.1147
vn 0.5156 0.8480 -0.1229
vn 0.5114 0.8496 -0.1289
vn 0.5257 0.8437 -0.1083
vn 0.5207 0.8459 -0.1153
vn -0.0536 0.9192 0.3901
vn -0.0707 0.9265 0.3696
vn -0.0708 0.9265 0.3696
vn -0.0871 0.9334 0.3481
vn -0.0869 0.9334 0.3481
vn -0.1022 0.9399 0.3258
vn 0.7489 0.5770 -0.3258
vn 0.7337 0.5835 -0.3481
vn 0.7175 0.5904 -0.3696
vn 0.7004 0.5977 -0.3902
vn 0.5080 0.8510 -0.1334
vn 0.5082 0.8509 -0.1331
vn 0.2658 0.9546 0.1349
vn 0.2600 0.9568 0.1303
vn 0.2806 0.9488 0.1447
vn 0.2762 0.9508 0.1405
vn 0.2818 0.9476 0.1507
vn 0.2821 0.9475 0.1503
vn 0.2733 0.9524 0.1351
vn 0.2709 0.9532 0.1340
vn 0.4947 0.8566 -0.1469
vn 0.4909 0.8589 -0.1459
vn 0.4896 0.8591 -0.1490
vn 0.4871 0.8600 -0.1518
vn 0.5026 0.8534 -0.1380
vn 0.4995 0.8548 -0.1408
vn 0.0237 0.8862 0.4627
vn 0.0239 0.8862 0.4627
vn 0.0031 0.8950 0.4461
vn -0.0166 0.9034 0.4285
vn -0.0355 0.9115 0.4098
vn 0.6824 0.6054 -0.4098
vn 0.6823 0.6054 -0.4098
vn 0.6633 0.6135 -0.4286
vn 0.6634 0.6135 -0.4285
vn 0.6633 0.6135 -0.4285
vn 0.6632 0.6136 -0.4286
vn 0.6436 0.6219 -0.4460
vn 0.6436 0.6219 -0.4461
vn 0.6231 0.6307 -0.4626
vn 0.4795 0.8643 -0.1520
vn 0.4792 0.8643 -0.1531
vn 0.2907 0.9438 0.1571
vn 0.2878 0.9451 0.1547
vn 0.3055 0.9376 0.1662
vn 0.3024 0.9389 0.1645
vn 0.3115 0.9349 0.1700
vn 0.3117 0.9349 0.1698
vn 0.2965 0.9413 0.1612
vn 0.2965 0.9413 0.1613
vn 0.4667 0.8687 -0.1661
vn 0.4664 0.8689 -0.1655
vn 0.4614 0.8710 -0.1688
vn 0.4563 0.8732 -0.1710
vn 0.4749 0.8659 -0.1571
vn 0.4702 0.8680 -0.1595
vn 0.1124 0.8484 0.5173
vn 0.0893 0.8582 0.5054
vn 0.0893 0.8583 0.5054
vn 0.0668 0.8679 0.4923
vn 0.0668 0.8678 0.4923
vn 0.0449 0.8772 0.4781
vn 0.0449 0.8772 0.4780
vn 0.6018 0.6397 -0.4781
vn 0.5799 0.6491 -0.4923
vn 0.5574 0.6587 -0.5054
vn 0.5344 0.6684 -0.5173
vn 0.5343 0.6685 -0.5173
vn 0.4477 0.8775 -0.1717
vn 0.4488 0.8766 -0.1738
vn 0.3237 0.9306 0.1710
vn 0.3161 0.9329 0.1725
vn 0.3377 0.9237 0.1809
vn 0.3314 0.9263 0.1791
vn 0.3437 0.9215 0.1806
vn 0.3460 0.9213 0.1774
vn 0.3283 0.9286 0.1731
vn 0.3282 0.9285 0.1739
vn 0.4339 0.8838 -0.1751
vn 0.4325 0.8841 -0.1769
vn 0.4292 0.8847 -0.1819
vn 0.4252 0.8865 -0.1827
vn 0.4446 0.8787 -0.1735
vn 0.4415 0.8801 -0.1745
vn 0.2093 0.8071 0.5521
vn 0.1845 0.8177 0.5454
vn 0.1845 0.8176 0.5454
vn 0.1844 0.8177 0.5454
vn 0.1845 0.8177 0.5453
vn 0.1601 0.8281 0.5373
vn 0.1601 0.8280 0.5374
vn 0.1361 0.8383 0.5279
vn 0.1361 0.8383 0.5280
vn 0.5107 0.6786 -0.5280
vn 0.5107 0.6786 -0.5279
vn 0.5107 0.6787 -0.5278
vn 0.4866 0.6889 -0.5373
vn 0.4866 0.6888 -0.5373
vn 0.4622 0.6993 -0.5453
vn 0.4375 0.7098 -0.5521
vn 0.4180 0.8893 -0.1857
vn 0.4169 0.8898 -0.1853
vn 0.3563 0.9166 0.1815
vn 0.3481 0.9197 0.1816
vn 0.3732 0.9092 0.1844
vn 0.3650 0.9125 0.1850
vn 0.3767 0.9079 0.1839
vn 0.3769 0.9077 0.1844
vn 0.3611 0.9147 0.1814
vn 0.3609 0.9147 0.1820
vn 0.4019 0.8963 -0.1876
vn 0.4018 0.8964 -0.1874
vn 0.3960 0.8989 -0.1874
vn 0.3913 0.9009 -0.1879
vn 0.4142 0.8914 -0.1841
vn 0.4069 0.8943 -0.1864
vn 0.3106 0.7639 0.5657
vn 0.2851 0.7748 0.5643
vn 0.2598 0.7856 0.5615
vn 0.2597 0.7856 0.5616
vn 0.2598 0.7856 0.5616
vn 0.2344 0.7964 0.5575
vn 0.2345 0.7964 0.5575
vn 0.4122 0.7206 -0.5576
vn 0.4120 0.7207 -0.5576
vn 0.4123 0.7206 -0.5575
vn 0.4123 0.7205 -0.5576
vn 0.3870 0.7313 -0.5616
vn 0.3871 0.7312 -0.5617
vn 0.3617 0.7421 -0.5643
vn 0.3362 0.7530 -0.5657
vn 0.3363 0.7530 -0.5657
vn 0.3863 0.9041 -0.1826
vn 0.3852 0.9045 -0.1833
vn 0.3888 0.9026 0.1847
vn 0.3826 0.9054 0.1838
vn 0.4033 0.8957 0.1872
vn 0.3994 0.8976 0.1867
vn 0.4102 0.8925 0.1877
vn 0.4125 0.8915 0.1875
vn 0.3949 0.9002 0.1837
vn 0.3944 0.9003 0.1843
vn 0.3711 0.9106 -0.1820
vn 0.3695 0.9099 -0.1886
vn 0.3625 0.9140 -0.1821
vn 0.3580 0.9157 -0.1824
vn 0.3800 0.9062 -0.1853
vn 0.3754 0.9087 -0.1825
vn 0.4123 0.7205 0.5575
vn 0.3872 0.7312 0.5616
vn 0.3618 0.7420 0.5643
vn 0.3106 0.7638 -0.5658
vn 0.3106 0.7638 -0.5659
vn 0.2597 0.7855 -0.5617
vn 0.3545 0.9175 -0.1802
vn 0.3554 0.9165 -0.1833
vn 0.4218 0.8879 0.1837
vn 0.4154 0.8907 0.1846
vn 0.4382 0.8814 0.1763
vn 0.4309 0.8843 0.1799
vn 0.4415 0.8807 0.1717
vn 0.4405 0.8810 0.1726
vn 0.4270 0.8856 0.1827
vn 0.4270 0.8857 0.1821
vn 0.3363 0.9251 -0.1764
vn 0.3364 0.9250 -0.1765
vn 0.3294 0.9279 -0.1745
vn 0.3262 0.9292 -0.1735
vn 0.3472 0.9205 -0.1796
vn 0.3423 0.9226 -0.1780
vn 0.5108 0.6785 0.5279
vn 0.4375 0.7098 0.5521
vn 0.2093 0.8071 -0.5520
vn 0.1845 0.8177 -0.5453
vn 0.3203 0.9322 -0.1684
vn 0.3216 0.9304 -0.1757
vn 0.4540 0.8746 0.1702
vn 0.4526 0.8746 0.1739
vn 0.4678 0.8692 0.1603
vn 0.4628 0.8711 0.1643
vn 0.4726 0.8671 0.1573
vn 0.4727 0.8670 0.1576
vn 0.4581 0.8732 0.1664
vn 0.4582 0.8731 0.1669
vn 0.3022 0.9395 -0.1613
vn 0.3044 0.9388 -0.1612
vn 0.2980 0.9407 -0.1622
vn 0.2949 0.9420 -0.1600
vn 0.3158 0.9334 -0.1702
vn 0.3087 0.9367 -0.1654
vn 0.6019 0.6397 0.4781
vn 0.6021 0.6397 0.4777
vn 0.6019 0.6397 0.4780
vn 0.5799 0.6491 0.4924
vn 0.2890 0.9443 -0.1572
vn 0.2886 0.9446 -0.1564
vn 0.4813 0.8634 0.1513
vn 0.4775 0.8648 0.1553
vn 0.4957 0.8565 0.1439
vn 0.4931 0.8576 0.1462
vn 0.5015 0.8539 0.1393
vn 0.5016 0.8538 0.1391
vn 0.4892 0.8599 0.1456
vn 0.4876 0.8607 0.1464
vn 0.2754 0.9503 -0.1455
vn 0.2758 0.9502 -0.1449
vn 0.2722 0.9517 -0.1419
vn 0.2677 0.9540 -0.1351
vn 0.2860 0.9463 -0.1504
vn 0.2841 0.9475 -0.1469
vn 0.6634 0.6134 0.4285
vn 0.6634 0.6135 0.4285
vn 0.6231 0.6306 0.4626
vn 0.6233 0.6305 0.4626
vn 0.0237 0.8862 -0.4626
vn 0.2621 0.9557 -0.1339
vn 0.2628 0.9554 -0.1343
vn 0.5093 0.8507 0.1304
vn 0.5067 0.8516 0.1343
vn 0.5204 0.8458 0.1175
vn 0.5171 0.8472 0.1220
vn 0.5240 0.8444 0.1119
vn 0.5238 0.8445 0.1117
vn 0.5152 0.8479 0.1252
vn 0.5152 0.8482 0.1229
vn 0.2522 0.9600 -0.1215
vn 0.2563 0.9593 -0.1188
vn 0.2475 0.9622 -0.1140
vn 0.2451 0.9632 -0.1101
vn 0.2586 0.9575 -0.1277
vn 0.2558 0.9587 -0.1246
vn 0.7337 0.5835 0.3482
vn 0.7003 0.5977 0.3902
vn 0.7004 0.5977 0.3902
vn 0.2403 0.9652 -0.1027
vn 0.2406 0.9652 -0.1024
vn 0.5308 0.8413 0.1025
vn 0.5279 0.8426 0.1062
vn 0.5396 0.8374 0.0870
vn 0.5356 0.8395 0.0914
vn 0.5403 0.8373 0.0838
vn 0.5380 0.8392 0.0794
vn 0.5293 0.8430 0.0962
vn 0.5302 0.8425 0.0951
vn 0.2325 0.9685 -0.0892
vn 0.2329 0.9684 -0.0887
vn 0.2344 0.9687 -0.0816
vn 0.2297 0.9703 -0.0760
vn 0.2406 0.9655 -0.0992
vn 0.2355 0.9675 -0.0926
vn 0.7763 0.5654 0.2789
vn 0.7631 0.5710 0.3027
vn 0.7630 0.5711 0.3027
vn 0.7631 0.5711 0.3027
vn -0.1165 0.9459 -0.3027
vn -0.1525 0.9613 -0.2293
vn -0.1524 0.9613 -0.2293
vn 0.2252 0.9715 -0.0733
vn 0.2256 0.9715 -0.0724
vn 0.5450 0.8355 0.0698
vn 0.5441 0.8358 0.0734
vn 0.5510 0.8328 0.0524
vn 0.5497 0.8335 0.0563
vn 0.5491 0.8346 0.0425
vn 0.5497 0.8342 0.0443
vn 0.5477 0.8343 0.0632
vn 0.5477 0.8343 0.0633
vn 0.2185 0.9744 -0.0522
vn 0.2187 0.9744 -0.0527
vn 0.2175 0.9748 -0.0489
vn 0.2169 0.9753 -0.0426
vn 0.2261 0.9719 -0.0660
vn 0.2261 0.9723 -0.0595
vn 0.8313 0.5418 0.1240
vn 0.8177 0.5477 0.1775
vn -0.1783 0.9723 -0.1508
vn 0.2150 0.9760 -0.0361
vn 0.2158 0.9758 -0.0362
vn 0.5554 0.8309 0.0344
vn 0.5540 0.8316 0.0395
vn 0.5551 0.8317 0.0148
vn 0.5536 0.8325 0.0217
vn 0.5547 0.8320 0.0086
vn 0.5548 0.8319 0.0085
vn 0.5554 0.8310 0.0309
vn 0.5544 0.8317 0.0307
vn 0.2173 0.9760 -0.0149
vn 0.2119 0.9771 -0.0168
vn 0.2153 0.9765 -0.0130
vn 0.2161 0.9764 -0.0054
vn 0.2178 0.9756 -0.0295
vn 0.2174 0.9758 -0.0253
vn 0.8437 0.5367 0.0140
vn 0.8362 0.5398 0.0967
vn 0.2175 0.9761 -0.0000
vn 0.2174 0.9761 -0.0000
vn 0.5552 0.8317 -0.0021
vn 0.5552 0.8317 0.0021
vn 0.5528 0.8331 -0.0202
vn 0.5551 0.8316 -0.0147
vn 0.5561 0.8305 -0.0309
vn 0.5517 0.8337 -0.0253
vn 0.5546 0.8321 -0.0088
vn 0.5547 0.8320 -0.0090
vn 0.2171 0.9760 0.0147
vn 0.2120 0.9771 0.0166
vn 0.2174 0.9758 0.0253
vn 0.2178 0.9755 0.0295
vn 0.2161 0.9764 0.0054
vn 0.2153 0.9765 0.0130
vn 0.8362 0.5398 -0.0966
vn 0.8400 0.5382 -0.0693
vn 0.8400 0.5382 -0.0691
vn -0.1895 0.9771 0.0967
vn 0.2150 0.9759 0.0362
vn 0.2158 0.9758 0.0362
vn 0.5535 0.8319 -0.0394
vn 0.5550 0.8311 -0.0360
vn 0.5500 0.8333 -0.0558
vn 0.5509 0.8329 -0.0522
vn 0.5478 0.8342 -0.0632
vn 0.5479 0.8342 -0.0631
vn 0.5484 0.8351 -0.0436
vn 0.5496 0.8342 -0.0448
vn 0.2188 0.9744 0.0519
vn 0.2189 0.9743 0.0525
vn 0.2261 0.9723 0.0595
vn 0.2261 0.9719 0.0660
vn 0.2169 0.9753 0.0425
vn 0.2175 0.9748 0.0490
vn 0.8177 0.5476 -0.1775
vn -0.1782 0.9724 0.1508
vn 0.2254 0.9715 0.0734
vn 0.2256 0.9715 0.0724
vn 0.5438 0.8360 -0.0736
vn 0.5450 0.8355 -0.0703
vn 0.5370 0.8386 -0.0917
vn 0.5389 0.8381 -0.0851
vn 0.5293 0.8430 -0.0956
vn 0.5302 0.8425 -0.0949
vn 0.5434 0.8359 -0.0775
vn 0.5386 0.8390 -0.0777
vn 0.2323 0.9685 0.0893
vn 0.2329 0.9684 0.0888
vn 0.2358 0.9674 0.0924
vn 0.2407 0.9655 0.0993
vn 0.2298 0.9703 0.0760
vn 0.2344 0.9688 0.0812
vn 0.7631 0.5710 -0.3027
vn 0.7631 0.5709 -0.3027
vn 0.7633 0.5708 -0.3027
vn 0.7763 0.5653 -0.2789
vn 0.7763 0.5653 -0.2788
vn 0.7883 0.5602 -0.2546
vn -0.1524 0.9613 0.2293
vn -0.1524 0.9614 0.2293
vn 0.2403 0.9652 0.1027
vn 0.2406 0.9652 0.1024
vn 0.5274 0.8429 -0.1065
vn 0.5306 0.8416 -0.1010
vn 0.5166 0.8476 -0.1214
vn 0.5204 0.8458 -0.1175
vn 0.5148 0.8480 -0.1259
vn 0.5151 0.8479 -0.1254
vn 0.5239 0.8444 -0.1119
vn 0.5238 0.8445 -0.1117
vn 0.2520 0.9601 0.1216
vn 0.2565 0.9593 0.1181
vn 0.2555 0.9587 0.1247
vn 0.2587 0.9574 0.1280
vn 0.2451 0.9632 0.1102
vn 0.2477 0.9621 0.1140
vn 0.7005 0.5976 -0.3901
vn 0.7175 0.5905 -0.3696
vn 0.7337 0.5835 -0.3482
vn -0.0868 0.9334 0.3480
vn -0.0536 0.9192 0.3902
vn 0.2622 0.9557 0.1341
vn 0.2628 0.9554 0.1343
vn 0.5064 0.8518 -0.1346
vn 0.5092 0.8507 -0.1304
vn 0.4935 0.8574 -0.1462
vn 0.4959 0.8564 -0.1435
vn 0.4842 0.8618 -0.1514
vn 0.4848 0.8618 -0.1493
vn 0.5014 0.8539 -0.1394
vn 0.5012 0.8540 -0.1395
vn 0.2754 0.9503 0.1455
vn 0.2758 0.9502 0.1449
vn 0.2841 0.9475 0.1468
vn 0.2860 0.9464 0.1504
vn 0.2677 0.9540 0.1351
vn 0.2722 0.9517 0.1418
vn 0.6232 0.6306 -0.4627
vn 0.0237 0.8862 0.4626
vn 0.2889 0.9444 0.1573
vn 0.2886 0.9446 0.1564
vn 0.4776 0.8648 -0.1553
vn 0.4808 0.8636 -0.1514
vn 0.4632 0.8712 -0.1629
vn 0.4687 0.8684 -0.1617
vn 0.4582 0.8731 -0.1663
vn 0.4583 0.8730 -0.1669
vn 0.4725 0.8672 -0.1574
vn 0.4725 0.8671 -0.1577
vn 0.3038 0.9391 0.1606
vn 0.3044 0.9388 0.1612
vn 0.3103 0.9362 0.1650
vn 0.3158 0.9337 0.1685
vn 0.2946 0.9421 0.1600
vn 0.2980 0.9406 0.1626
vn 0.6019 0.6397 -0.4779
vn 0.0449 0.8771 0.4782
vn 0.0893 0.8582 0.5055
vn 0.0893 0.8582 0.5056
vn 0.3208 0.9319 0.1693
vn 0.3221 0.9314 0.1693
vn 0.4474 0.8771 -0.1744
vn 0.4543 0.8746 -0.1697
vn 0.4311 0.8843 -0.1793
vn 0.4378 0.8819 -0.1749
vn 0.4271 0.8855 -0.1831
vn 0.4272 0.8855 -0.1825
vn 0.4430 0.8800 -0.1711
vn 0.4437 0.8797 -0.1713
vn 0.3363 0.9251 0.1763
vn 0.3364 0.9250 0.1766
vn 0.3413 0.9230 0.1778
vn 0.3480 0.9200 0.1805
vn 0.3263 0.9292 0.1734
vn 0.3295 0.9279 0.1745
vn 0.4376 0.7098 -0.5521
vn 0.4374 0.7098 -0.5521
vn 0.4866 0.6887 -0.5375
vn 0.5108 0.6785 -0.5279
vn 0.1362 0.8383 0.5279
vn 0.1601 0.8281 0.5372
vn 0.1846 0.8177 0.5453
vn 0.3550 0.9172 0.1811
vn 0.3551 0.9167 0.1833
vn 0.4157 0.8904 -0.1855
vn 0.4219 0.8878 -0.1838
vn 0.3998 0.8972 -0.1877
vn 0.4046 0.8953 -0.1864
vn 0.3946 0.9003 -0.1837
vn 0.3940 0.9005 -0.1842
vn 0.4095 0.8928 -0.1876
vn 0.4073 0.8941 -0.1862
vn 0.3689 0.9115 0.1821
vn 0.3691 0.9115 0.1814
vn 0.3785 0.9072 0.1838
vn 0.3781 0.9073 0.1839
vn 0.3580 0.9157 0.1824
vn 0.3624 0.9140 0.1823
vn 0.3871 0.7313 -0.5616
vn 0.4123 0.7205 -0.5575
vn 0.4124 0.7205 -0.5575
vn 0.2344 0.7964 0.5576
vn 0.2344 0.7963 0.5576
vn 0.2852 0.7748 0.5642
vn 0.2851 0.7747 0.5644
vn -0.9362 0.2326 0.2636
vn -0.9232 0.2271 0.3099
vn -0.8160 0.5145 0.2636
vn -0.8160 0.5144 0.2636
vn -0.8031 0.5090 0.3098
vn -0.8031 0.5090 0.3099
vn -0.9746 -0.1166 0.1911
vn -0.9746 -0.1166 0.1912
vn -0.9651 -0.1207 0.2326
vn -0.9536 -0.1255 0.2735
vn -0.9404 -0.1312 0.3138
vn -0.9082 0.2207 0.3556
vn -0.7879 0.5026 0.3557
vn -0.7880 0.5026 0.3556
vn -0.5564 0.7694 0.3138
vn -0.5564 0.7693 0.3138
vn -0.5697 0.7750 0.2735
vn -0.5811 0.7799 0.2325
vn -0.5811 0.7799 0.2326
vn -0.5906 0.7840 0.1911
vn -0.8268 0.5192 0.2166
vn -0.8268 0.5191 0.2166
vn -0.9470 0.2372 0.2166
vn 0.0068 -0.1695 -0.9855
vn 0.0511 -0.1883 -0.9808
vn 0.0512 -0.1883 -0.9808
vn 0.1270 0.1124 -0.9855
vn 0.1269 0.1124 -0.9855
vn 0.1713 0.0935 -0.9808
vn 0.1714 0.0935 -0.9808
vn 0.1713 0.0934 -0.9808
vn -0.1723 -0.4588 -0.8717
vn -0.1721 -0.4588 -0.8717
vn -0.1722 -0.4587 -0.8717
vn -0.1723 -0.4587 -0.8717
vn -0.1330 -0.4755 -0.8696
vn -0.0938 -0.4922 -0.8654
vn -0.0549 -0.5087 -0.8592
vn -0.0549 -0.5088 -0.8592
vn 0.0953 -0.2072 -0.9736
vn 0.2155 0.0747 -0.9737
vn 0.2154 0.0747 -0.9737
vn 0.2156 0.0747 -0.9736
vn 0.3291 0.3918 -0.8592
vn 0.2902 0.4084 -0.8654
vn 0.2902 0.4084 -0.8655
vn 0.2510 0.4251 -0.8696
vn 0.2510 0.4252 -0.8696
vn 0.2509 0.4253 -0.8696
vn 0.2116 0.4418 -0.8718
vn 0.2117 0.4419 -0.8717
vn 0.2117 0.4418 -0.8718
vn 0.2118 0.4419 -0.8717
vn 0.0824 0.1314 -0.9879
vn -0.0377 -0.1505 -0.9879
vn -0.0377 -0.1503 -0.9879
vn -0.8720 0.2052 -0.4444
vn -0.8720 0.2052 -0.4443
vn -0.8510 0.1963 -0.4870
vn -0.8510 0.1964 -0.4871
vn -0.8510 0.1964 -0.4870
vn -0.7519 0.4871 -0.4443
vn -0.7308 0.4782 -0.4870
vn -0.7308 0.4782 -0.4871
vn -0.9253 -0.1375 -0.3536
vn -0.9253 -0.1376 -0.3534
vn -0.9085 -0.1448 -0.3921
vn -0.8899 -0.1527 -0.4298
vn -0.8697 -0.1613 -0.4665
vn -0.8281 0.1865 -0.5287
vn -0.8281 0.1865 -0.5286
vn -0.7079 0.4684 -0.5287
vn -0.7079 0.4684 -0.5286
vn -0.7080 0.4683 -0.5287
vn -0.4857 0.7392 -0.4666
vn -0.4857 0.7392 -0.4665
vn -0.5059 0.7479 -0.4298
vn -0.5244 0.7558 -0.3922
vn -0.5245 0.7558 -0.3921
vn -0.5413 0.7629 -0.3534
vn -0.5413 0.7630 -0.3534
vn -0.7709 0.4953 -0.4005
vn -0.8911 0.2134 -0.4005
vn -0.8720 0.2052 0.4443
vn -0.8510 0.1963 0.4871
vn -0.8510 0.1964 0.4870
vn -0.7519 0.4871 0.4443
vn -0.7518 0.4871 0.4443
vn -0.7308 0.4782 0.4870
vn -0.7309 0.4782 0.4870
vn -0.9253 -0.1376 0.3534
vn -0.9085 -0.1448 0.3921
vn -0.8899 -0.1527 0.4298
vn -0.8697 -0.1612 0.4665
vn -0.8697 -0.1613 0.4665
vn -0.8696 -0.1613 0.4666
vn -0.8281 0.1865 0.5286
vn -0.8283 0.1866 0.5282
vn -0.7080 0.4683 0.5287
vn -0.7079 0.4684 0.5286
vn -0.7079 0.4684 0.5287
vn -0.7079 0.4683 0.5287
vn -0.4858 0.7392 0.4665
vn -0.4858 0.7392 0.4664
vn -0.4857 0.7392 0.4665
vn -0.5060 0.7478 0.4298
vn -0.5061 0.7478 0.4298
vn -0.5060 0.7479 0.4298
vn -0.5059 0.7479 0.4298
vn -0.5245 0.7558 0.3921
vn -0.5244 0.7558 0.3921
vn -0.5413 0.7629 0.3534
vn -0.5413 0.7630 0.3534
vn -0.5413 0.7629 0.3535
vn -0.7709 0.4953 0.4005
vn -0.7709 0.4954 0.4004
vn -0.8911 0.2134 0.4005
vn 0.0068 -0.1695 0.9855
vn 0.0511 -0.1884 0.9808
vn 0.0509 -0.1884 0.9808
vn 0.1270 0.1124 0.9855
vn 0.1268 0.1124 0.9855
vn 0.1269 0.1124 0.9855
vn 0.1712 0.0936 0.9808
vn 0.1712 0.0935 0.9808
vn 0.1713 0.0935 0.9808
vn -0.1723 -0.4587 0.8717
vn -0.1331 -0.4755 0.8696
vn -0.1330 -0.4755 0.8696
vn -0.0937 -0.4922 0.8654
vn -0.0938 -0.4921 0.8654
vn -0.0935 -0.4923 0.8654
vn -0.0549 -0.5088 0.8591
vn -0.0549 -0.5089 0.8591
vn 0.0953 -0.2072 0.9736
vn 0.2155 0.0747 0.9737
vn 0.2155 0.0747 0.9736
vn 0.2154 0.0747 0.9737
vn 0.3291 0.3918 0.8592
vn 0.2901 0.4082 0.8656
vn 0.2510 0.4251 0.8696
vn 0.2512 0.4251 0.8696
vn 0.2511 0.4251 0.8696
vn 0.2118 0.4419 0.8717
vn 0.2117 0.4419 0.8717
vn 0.0824 0.1314 0.9879
vn -0.0377 -0.1505 0.9879
vn -0.0378 -0.1505 0.9879
vn -0.9362 0.2326 -0.2636
vn -0.9233 0.2271 -0.3099
vn -0.9232 0.2271 -0.3099
vn -0.9233 0.2272 -0.3096
vn -0.9233 0.2269 -0.3099
vn -0.8160 0.5145 -0.2637
vn -0.8160 0.5145 -0.2636
vn -0.8032 0.5087 -0.3100
vn -0.8033 0.5085 -0.3101
vn -0.8031 0.5090 -0.3099
vn -0.9746 -0.1166 -0.1911
vn -0.9746 -0.1166 -0.1912
vn -0.9650 -0.1207 -0.2326
vn -0.9651 -0.1207 -0.2326
vn -0.9536 -0.1255 -0.2735
vn -0.9404 -0.1312 -0.3138
vn -0.9082 0.2207 -0.3556
vn -0.7880 0.5026 -0.3556
vn -0.7881 0.5025 -0.3555
vn -0.5564 0.7693 -0.3139
vn -0.5564 0.7694 -0.3138
vn -0.5564 0.7693 -0.3138
vn -0.5565 0.7693 -0.3138
vn -0.5699 0.7749 -0.2734
vn -0.5697 0.7750 -0.2735
vn -0.5700 0.7749 -0.2732
vn -0.5812 0.7798 -0.2326
vn -0.5811 0.7799 -0.2326
vn -0.5811 0.7798 -0.2326
vn -0.5906 0.7840 -0.1911
vn -0.8268 0.5191 -0.2167
vn -0.8268 0.5191 -0.2166
vn -0.9470 0.2372 -0.2166
vn -0.7768 0.1645 0.6079
vn -0.7767 0.1646 0.6080
vn -0.7766 0.1647 0.6080
vn -0.7485 0.1525 0.6454
vn -0.6565 0.4465 0.6080
vn -0.6282 0.4344 0.6455
vn -0.6282 0.4344 0.6454
vn -0.8478 -0.1707 0.5021
vn -0.8243 -0.1807 0.5365
vn -0.7994 -0.1913 0.5695
vn -0.7730 -0.2026 0.6012
vn -0.7730 -0.2027 0.6012
vn -0.7185 0.1398 0.6814
vn -0.7184 0.1398 0.6814
vn -0.5983 0.4217 0.6814
vn -0.5983 0.4217 0.6813
vn -0.3890 0.6980 0.6012
vn -0.3890 0.6979 0.6013
vn -0.3890 0.6980 0.6013
vn -0.4154 0.7093 0.5695
vn -0.4402 0.7199 0.5366
vn -0.4403 0.7199 0.5365
vn -0.4637 0.7300 0.5021
vn -0.4638 0.7299 0.5021
vn -0.6831 0.4578 0.5690
vn -0.8033 0.1759 0.5690
vn -0.8033 0.1760 0.5690
vn 0.1824 -0.2443 0.9524
vn 0.2250 -0.2625 0.9383
vn 0.2251 -0.2624 0.9383
vn 0.3026 0.0377 0.9524
vn 0.3026 0.0376 0.9524
vn 0.3453 0.0194 0.9383
vn 0.3452 0.0194 0.9383
vn -0.0162 -0.5253 0.8508
vn -0.0162 -0.5252 0.8508
vn 0.0220 -0.5415 0.8404
vn 0.0596 -0.5576 0.8280
vn 0.0968 -0.5734 0.8136
vn 0.0969 -0.5735 0.8135
vn 0.0967 -0.5734 0.8136
vn 0.2670 -0.2804 0.9220
vn 0.2670 -0.2802 0.9221
vn 0.3872 0.0015 0.9220
vn 0.4806 0.3271 0.8136
vn 0.4806 0.3272 0.8136
vn 0.4807 0.3272 0.8136
vn 0.4806 0.3274 0.8136
vn 0.4436 0.3430 0.8280
vn 0.4436 0.3429 0.8280
vn 0.4060 0.3591 0.8404
vn 0.4059 0.3591 0.8404
vn 0.3678 0.3753 0.8508
vn 0.2593 0.0560 0.9642
vn 0.1391 -0.2259 0.9642
vn -0.9667 0.2456 -0.0727
vn -0.9666 0.2456 -0.0727
vn -0.9623 0.2437 -0.1208
vn -0.9623 0.2438 -0.1209
vn -0.9623 0.2437 -0.1209
vn -0.8464 0.5275 -0.0727
vn -0.8464 0.5276 -0.0728
vn -0.8465 0.5275 -0.0727
vn -0.8421 0.5256 -0.1209
vn -0.9939 -0.1084 -0.0214
vn -0.9919 -0.1092 -0.0642
vn -0.9881 -0.1109 -0.1067
vn -0.9823 -0.1134 -0.1491
vn -0.9823 -0.1133 -0.1490
vn -0.9557 0.2409 -0.1689
vn -0.8357 0.5227 -0.1686
vn -0.5983 0.7873 -0.1490
vn -0.6041 0.7897 -0.1067
vn -0.6041 0.7897 -0.1066
vn -0.6080 0.7914 -0.0642
vn -0.6079 0.7914 -0.0642
vn -0.6080 0.7913 -0.0642
vn -0.6099 0.7922 -0.0214
vn -0.8487 0.5283 -0.0243
vn -0.8486 0.5284 -0.0243
vn -0.9688 0.2466 -0.0243
vn -0.9688 0.2465 -0.0243
vn -0.9688 0.2465 -0.0244
vn -0.6538 0.1122 0.7483
vn -0.6194 0.0976 0.7790
vn -0.6195 0.0975 0.7789
vn -0.6195 0.0975 0.7790
vn -0.6194 0.0975 0.7790
vn -0.5336 0.3941 0.7483
vn -0.4992 0.3794 0.7790
vn -0.7450 -0.2145 0.6316
vn -0.7451 -0.2145 0.6316
vn -0.7159 -0.2269 0.6603
vn -0.7160 -0.2271 0.6601
vn -0.6855 -0.2400 0.6874
vn -0.6855 -0.2399 0.6874
vn -0.6854 -0.2399 0.6875
vn -0.6854 -0.2401 0.6874
vn -0.6539 -0.2534 0.7129
vn -0.5836 0.0822 0.8079
vn -0.5835 0.0822 0.8079
vn -0.4634 0.3641 0.8079
vn -0.4634 0.3642 0.8078
vn -0.2699 0.6472 0.7129
vn -0.3015 0.6607 0.6874
vn -0.3319 0.6737 0.6603
vn -0.3611 0.6861 0.6316
vn -0.5667 0.4082 0.7157
vn -0.6868 0.1263 0.7157
vn -0.6869 0.1263 0.7157
vn 0.3487 -0.3152 0.8827
vn 0.3488 -0.3152 0.8826
vn 0.3486 -0.3152 0.8827
vn 0.3879 -0.3320 0.8598
vn 0.4687 -0.0333 0.8827
vn 0.4684 -0.0331 0.8829
vn 0.4688 -0.0333 0.8827
vn 0.5081 -0.0501 0.8598
vn 0.5082 -0.0501 0.8598
vn 0.1331 -0.5889 0.7972
vn 0.1331 -0.5889 0.7971
vn 0.1687 -0.6041 0.7789
vn 0.2033 -0.6189 0.7587
vn 0.2032 -0.6189 0.7588
vn 0.2371 -0.6333 0.7367
vn 0.4262 -0.3483 0.8349
vn 0.5464 -0.0665 0.8349
vn 0.5464 -0.0664 0.8349
vn 0.5465 -0.0664 0.8348
vn 0.6212 0.2673 0.7367
vn 0.6211 0.2673 0.7367
vn 0.5873 0.2818 0.7587
vn 0.5873 0.2817 0.7587
vn 0.5527 0.2965 0.7789
vn 0.5171 0.3117 0.7972
vn 0.5171 0.3117 0.7971
vn 0.4285 -0.0161 0.9034
vn 0.3083 -0.2981 0.9034
vn 0.3083 -0.2980 0.9034
vn -0.9623 0.2437 0.1209
vn -0.9666 0.2456 0.0727
vn -0.8421 0.5256 0.1209
vn -0.8464 0.5275 0.0727
vn -0.8465 0.5275 0.0727
vn -0.9823 -0.1132 0.1489
vn -0.9823 -0.1133 0.1490
vn -0.9824 -0.1131 0.1488
vn -0.9881 -0.1109 0.1067
vn -0.9881 -0.1108 0.1066
vn -0.9919 -0.1092 0.0642
vn -0.9939 -0.1084 0.0214
vn -0.9689 0.2464 0.0244
vn -0.9688 0.2465 0.0243
vn -0.8486 0.5284 0.0242
vn -0.8486 0.5284 0.0243
vn -0.6099 0.7922 0.0213
vn -0.6099 0.7922 0.0214
vn -0.6080 0.7914 0.0642
vn -0.6079 0.7914 0.0642
vn -0.6080 0.7913 0.0642
vn -0.6041 0.7897 0.1066
vn -0.6041 0.7897 0.1067
vn -0.5984 0.7872 0.1490
vn -0.5983 0.7873 0.1490
vn -0.5983 0.7873 0.1489
vn -0.8356 0.5228 0.1689
vn -0.8356 0.5227 0.1689
vn -0.8355 0.5228 0.1689
vn -0.9557 0.2409 0.1689
vn -0.5082 0.0501 0.8598
vn -0.5082 0.0502 0.8598
vn -0.5081 0.0501 0.8598
vn -0.4688 0.0333 0.8827
vn -0.4687 0.0333 0.8827
vn -0.3879 0.3320 0.8598
vn -0.3879 0.3321 0.8598
vn -0.3486 0.3152 0.8827
vn -0.6212 -0.2675 0.7366
vn -0.6211 -0.2677 0.7366
vn -0.6211 -0.2675 0.7366
vn -0.6211 -0.2673 0.7367
vn -0.5873 -0.2817 0.7587
vn -0.5874 -0.2818 0.7587
vn -0.5526 -0.2965 0.7789
vn -0.5527 -0.2965 0.7789
vn -0.5526 -0.2966 0.7789
vn -0.5171 -0.3119 0.7971
vn -0.5172 -0.3120 0.7969
vn -0.5172 -0.3118 0.7971
vn -0.5171 -0.3117 0.7972
vn -0.4285 0.0161 0.9034
vn -0.3083 0.2980 0.9034
vn -0.1331 0.5889 0.7972
vn -0.1688 0.6042 0.7788
vn -0.1688 0.6043 0.7786
vn -0.1687 0.6041 0.7789
vn -0.2033 0.6189 0.7587
vn -0.2034 0.6189 0.7587
vn -0.2371 0.6333 0.7367
vn -0.4262 0.3483 0.8349
vn -0.5464 0.0664 0.8349
vn -0.5463 0.0663 0.8349
vn -0.5464 0.0663 0.8349
vn 0.4992 -0.3794 0.7790
vn 0.4993 -0.3794 0.7790
vn 0.5336 -0.3941 0.7483
vn 0.6194 -0.0975 0.7790
vn 0.6538 -0.1122 0.7483
vn 0.2699 -0.6472 0.7129
vn 0.2699 -0.6473 0.7129
vn 0.3015 -0.6607 0.6874
vn 0.3015 -0.6607 0.6875
vn 0.3319 -0.6737 0.6603
vn 0.3610 -0.6861 0.6316
vn 0.3611 -0.6861 0.6316
vn 0.5667 -0.4082 0.7157
vn 0.5667 -0.4081 0.7157
vn 0.6869 -0.1263 0.7157
vn 0.7451 0.2146 0.6315
vn 0.7451 0.2145 0.6315
vn 0.7159 0.2269 0.6603
vn 0.6854 0.2400 0.6875
vn 0.6855 0.2399 0.6874
vn 0.6854 0.2399 0.6875
vn 0.6538 0.2534 0.7129
vn 0.6539 0.2534 0.7129
vn 0.6539 0.2533 0.7130
vn 0.6538 0.2536 0.7129
vn 0.5835 -0.0823 0.8079
vn 0.5835 -0.0822 0.8079
vn 0.4634 -0.3642 0.8079
vn 0.4634 -0.3641 0.8079
vn -0.9232 0.2271 0.3100
vn -0.8030 0.5090 0.3099
vn -0.9746 -0.1166 0.1910
vn -0.5812 0.7798 0.2326
vn -0.5813 0.7797 0.2327
vn -0.5563 0.7694 0.3138
vn -0.5564 0.7694 0.3139
vn -0.7881 0.5025 0.3554
vn -0.3452 -0.0193 0.9383
vn -0.3452 -0.0194 0.9383
vn -0.3027 -0.0376 0.9523
vn -0.3026 -0.0376 0.9524
vn -0.2250 0.2625 0.9383
vn -0.1823 0.2443 0.9524
vn -0.1824 0.2443 0.9524
vn -0.4806 -0.3272 0.8136
vn -0.4436 -0.3429 0.8280
vn -0.4436 -0.3430 0.8280
vn -0.4438 -0.3430 0.8279
vn -0.4060 -0.3591 0.8404
vn -0.3678 -0.3753 0.8508
vn -0.3678 -0.3754 0.8508
vn -0.2593 -0.0560 0.9642
vn -0.1391 0.2259 0.9642
vn 0.0162 0.5252 0.8508
vn -0.0220 0.5415 0.8404
vn -0.0597 0.5577 0.8279
vn -0.0600 0.5579 0.8277
vn -0.0596 0.5577 0.8279
vn -0.0967 0.5735 0.8135
vn -0.0967 0.5733 0.8136
vn -0.0968 0.5737 0.8134
vn -0.2670 0.2804 0.9220
vn -0.3872 -0.0015 0.9220
vn -0.3872 -0.0014 0.9220
vn 0.6283 -0.4344 0.6454
vn 0.6280 -0.4346 0.6456
vn 0.6282 -0.4345 0.6455
vn 0.6565 -0.4465 0.6080
vn 0.7484 -0.1525 0.6454
vn 0.7484 -0.1525 0.6455
vn 0.7767 -0.1646 0.6080
vn 0.3890 -0.6980 0.6012
vn 0.3891 -0.6980 0.6012
vn 0.4154 -0.7093 0.5695
vn 0.4155 -0.7093 0.5695
vn 0.4406 -0.7197 0.5366
vn 0.4404 -0.7199 0.5365
vn 0.4403 -0.7199 0.5365
vn 0.4638 -0.7299 0.5021
vn 0.4639 -0.7299 0.5021
vn 0.6831 -0.4578 0.5690
vn 0.6832 -0.4578 0.5690
vn 0.8033 -0.1760 0.5690
vn 0.8033 -0.1759 0.5690
vn 0.8478 0.1706 0.5021
vn 0.8478 0.1707 0.5021
vn 0.8243 0.1807 0.5365
vn 0.7994 0.1913 0.5695
vn 0.7730 0.2025 0.6012
vn 0.7729 0.2028 0.6013
vn 0.7730 0.2026 0.6012
vn 0.7185 -0.1398 0.6814
vn 0.7185 -0.1398 0.6813
vn 0.5982 -0.4216 0.6814
vn 0.5983 -0.4217 0.6814
vn 0.5983 -0.4216 0.6814
vn -0.8510 0.1964 0.4871
vn -0.8509 0.1963 0.4872
vn -0.8720 0.2053 0.4443
vn -0.8722 0.2051 0.4441
vn -0.8720 0.2054 0.4444
vn -0.7307 0.4782 0.4871
vn -0.7309 0.4781 0.4870
vn -0.8899 -0.1526 0.4298
vn -0.8911 0.2134 0.4004
vn -0.5413 0.7630 0.3533
vn -0.5245 0.7558 0.3920
vn -0.7079 0.4685 0.5286
vn -0.1713 -0.0934 0.9808
vn -0.1713 -0.0935 0.9808
vn -0.1714 -0.0933 0.9808
vn -0.1270 -0.1124 0.9855
vn -0.1269 -0.1124 0.9855
vn -0.0511 0.1884 0.9808
vn -0.0512 0.1883 0.9808
vn -0.0068 0.1695 0.9855
vn -0.0067 0.1695 0.9855
vn -0.3292 -0.3918 0.8592
vn -0.3291 -0.3918 0.8592
vn -0.3291 -0.3917 0.8592
vn -0.2902 -0.4084 0.8654
vn -0.2901 -0.4082 0.8656
vn -0.2901 -0.4083 0.8655
vn -0.2510 -0.4251 0.8696
vn -0.2117 -0.4419 0.8717
vn -0.0824 -0.1314 0.9879
vn 0.0377 0.1505 0.9879
vn 0.1723 0.4587 0.8717
vn 0.1330 0.4755 0.8696
vn 0.0938 0.4921 0.8655
vn 0.0938 0.4920 0.8655
vn 0.0549 0.5088 0.8591
vn -0.0953 0.2072 0.9737
vn -0.0953 0.2072 0.9736
vn -0.2155 -0.0747 0.9736
vn 0.7308 -0.4782 0.4870
vn 0.7519 -0.4871 0.4443
vn 0.7518 -0.4871 0.4443
vn 0.8510 -0.1963 0.4871
vn 0.8510 -0.1963 0.4870
vn 0.8720 -0.2053 0.4443
vn 0.8720 -0.2053 0.4444
vn 0.4857 -0.7392 0.4665
vn 0.4857 -0.7392 0.4666
vn 0.5059 -0.7479 0.4298
vn 0.5060 -0.7478 0.4299
vn 0.5245 -0.7557 0.3922
vn 0.5245 -0.7558 0.3921
vn 0.5412 -0.7629 0.3537
vn 0.5413 -0.7630 0.3534
vn 0.5411 -0.7630 0.3537
vn 0.5409 -0.7630 0.3539
vn 0.7709 -0.4953 0.4005
vn 0.8911 -0.2133 0.4005
vn 0.8911 -0.2134 0.4005
vn 0.9253 0.1377 0.3534
vn 0.9253 0.1376 0.3534
vn 0.9253 0.1378 0.3534
vn 0.9085 0.1448 0.3921
vn 0.8899 0.1528 0.4299
vn 0.8899 0.1527 0.4298
vn 0.8697 0.1613 0.4665
vn 0.8281 -0.1865 0.5286
vn 0.7079 -0.4684 0.5286
vn 0.7080 -0.4684 0.5286
vn -0.7484 0.1525 0.6454
vn -0.8478 -0.1708 0.5021
vn -0.8034 0.1759 0.5689
vn -0.4404 0.7199 0.5364
vn -0.4152 0.7094 0.5695
vn -0.4150 0.7095 0.5696
vn -0.5983 0.4216 0.6814
vn -0.5983 0.4215 0.6815
vn 0.8030 -0.5090 0.3099
vn 0.8160 -0.5145 0.2635
vn 0.8160 -0.5145 0.2636
vn 0.8160 -0.5144 0.2636
vn 0.9232 -0.2271 0.3099
vn 0.9362 -0.2326 0.2636
vn 0.5564 -0.7694 0.3138
vn 0.5697 -0.7750 0.2735
vn 0.5697 -0.7751 0.2735
vn 0.5811 -0.7799 0.2327
vn 0.5811 -0.7799 0.2326
vn 0.5906 -0.7840 0.1911
vn 0.8268 -0.5191 0.2166
vn 0.9470 -0.2372 0.2167
vn 0.9470 -0.2372 0.2166
vn 0.9746 0.1166 0.1911
vn 0.9651 0.1206 0.2327
vn 0.9651 0.1207 0.2326
vn 0.9650 0.1210 0.2325
vn 0.9536 0.1256 0.2735
vn 0.9404 0.1312 0.3138
vn 0.9404 0.1310 0.3138
vn 0.9404 0.1313 0.3138
vn 0.9082 -0.2207 0.3556
vn 0.7880 -0.5026 0.3556
vn -0.7451 -0.2144 0.6316
vn -0.7451 -0.2143 0.6316
vn -0.5667 0.4083 0.7157
vn 0.8421 -0.5256 0.1208
vn 0.8421 -0.5256 0.1209
vn 0.8465 -0.5274 0.0727
vn 0.8465 -0.5275 0.0727
vn 0.9623 -0.2437 0.1209
vn 0.9623 -0.2437 0.1208
vn 0.9666 -0.2456 0.0728
vn 0.9666 -0.2456 0.0727
vn 0.5983 -0.7873 0.1490
vn 0.5982 -0.7874 0.1490
vn 0.5982 -0.7873 0.1490
vn 0.6041 -0.7897 0.1067
vn 0.6042 -0.7897 0.1067
vn 0.6080 -0.7914 0.0642
vn 0.6079 -0.7914 0.0642
vn 0.6099 -0.7922 0.0214
vn 0.8486 -0.5284 0.0243
vn 0.9688 -0.2465 0.0243
vn 0.9938 0.1086 0.0216
vn 0.9939 0.1086 0.0216
vn 0.9939 0.1086 0.0215
vn 0.9938 0.1086 0.0215
vn 0.9920 0.1088 0.0638
vn 0.9919 0.1092 0.0642
vn 0.9920 0.1092 0.0640
vn 0.9881 0.1109 0.1067
vn 0.9823 0.1133 0.1490
vn 0.9557 -0.2409 0.1690
vn 0.9557 -0.2409 0.1689
vn 0.9557 -0.2410 0.1689
vn 0.8355 -0.5229 0.1689
vn 0.8355 -0.5228 0.1689
vn -0.5081 0.0500 0.8598
vn -0.5171 -0.3116 0.7972
vn -0.5527 -0.2965 0.7788
vn -0.5526 -0.2965 0.7790
vn -0.2373 0.6331 0.7369
vn -0.2370 0.6332 0.7368
vn -0.2032 0.6189 0.7587
vn -0.2030 0.6189 0.7588
vn -0.1687 0.6040 0.7789
vn -0.1329 0.5889 0.7972
vn -0.1330 0.5889 0.7972
vn -0.3083 0.2981 0.9034
vn -0.4285 0.0160 0.9034
vn -0.4286 0.0160 0.9034
vn 0.8465 -0.5275 -0.0727
vn 0.8421 -0.5256 -0.1209
vn 0.8421 -0.5256 -0.1208
vn 0.9666 -0.2456 -0.0727
vn 0.9623 -0.2437 -0.1208
vn 0.9623 -0.2437 -0.1209
vn 0.6099 -0.7922 -0.0214
vn 0.6079 -0.7914 -0.0642
vn 0.6080 -0.7914 -0.0642
vn 0.6080 -0.7913 -0.0642
vn 0.6041 -0.7897 -0.1067
vn 0.5983 -0.7873 -0.1490
vn 0.8355 -0.5229 -0.1689
vn 0.8356 -0.5228 -0.1689
vn 0.8355 -0.5228 -0.1689
vn 0.9557 -0.2410 -0.1689
vn 0.9557 -0.2409 -0.1689
vn 0.9823 0.1133 -0.1490
vn 0.9881 0.1109 -0.1068
vn 0.9881 0.1109 -0.1067
vn 0.9920 0.1092 -0.0640
vn 0.9919 0.1092 -0.0642
vn 0.9920 0.1088 -0.0638
vn 0.9920 0.1092 -0.0641
vn 0.9939 0.1084 -0.0214
vn 0.9939 0.1086 -0.0216
vn 0.9939 0.1083 -0.0214
vn 0.9688 -0.2465 -0.0243
vn 0.8486 -0.5284 -0.0243
vn -0.3025 -0.0375 0.9524
vn -0.3451 -0.0194 0.9384
vn -0.3451 -0.0194 0.9383
vn -0.1824 0.2442 0.9524
vn -0.4060 -0.3591 0.8403
vn -0.3873 -0.0015 0.9220
vn -0.0967 0.5734 0.8135
vn -0.0967 0.5734 0.8136
vn -0.0596 0.5576 0.8280
vn 0.8160 -0.5145 -0.2636
vn 0.8160 -0.5144 -0.2636
vn 0.8031 -0.5089 -0.3099
vn 0.8031 -0.5090 -0.3099
vn 0.9362 -0.2326 -0.2636
vn 0.9232 -0.2271 -0.3099
vn 0.9233 -0.2271 -0.3099
vn 0.5907 -0.7839 -0.1912
vn 0.5906 -0.7840 -0.1911
vn 0.5811 -0.7799 -0.2326
vn 0.5697 -0.7750 -0.2735
vn 0.5564 -0.7694 -0.3138
vn 0.7880 -0.5026 -0.3556
vn 0.9082 -0.2207 -0.3556
vn 0.9404 0.1312 -0.3138
vn 0.9536 0.1255 -0.2735
vn 0.9536 0.1255 -0.2736
vn 0.9650 0.1210 -0.2325
vn 0.9651 0.1207 -0.2326
vn 0.9746 0.1166 -0.1911
vn 0.9746 0.1166 -0.1910
vn 0.9470 -0.2372 -0.2166
vn 0.9470 -0.2372 -0.2168
vn 0.9470 -0.2372 -0.2167
vn 0.8268 -0.5191 -0.2166
vn -0.1712 -0.0934 0.9808
vn -0.0511 0.1883 0.9808
vn -0.0510 0.1883 0.9808
vn -0.2511 -0.4252 0.8696
vn -0.2510 -0.4251 0.8697
vn -0.3292 -0.3916 0.8592
vn -0.3293 -0.3916 0.8592
vn -0.3294 -0.3914 0.8592
vn 0.0549 0.5088 0.8592
vn 0.0549 0.5089 0.8591
vn 0.0549 0.5087 0.8592
vn 0.0939 0.4920 0.8655
vn 0.1331 0.4755 0.8696
vn -0.0825 -0.1314 0.9879
vn 0.7518 -0.4871 -0.4444
vn 0.7518 -0.4871 -0.4443
vn 0.7308 -0.4782 -0.4871
vn 0.7308 -0.4781 -0.4871
vn 0.8720 -0.2054 -0.4444
vn 0.8720 -0.2053 -0.4443
vn 0.8720 -0.2053 -0.4444
vn 0.8510 -0.1963 -0.4872
vn 0.8510 -0.1963 -0.4871
vn 0.8510 -0.1962 -0.4871
vn 0.5413 -0.7630 -0.3534
vn 0.5412 -0.7631 -0.3533
vn 0.5245 -0.7558 -0.3921
vn 0.5244 -0.7558 -0.3921
vn 0.5059 -0.7479 -0.4298
vn 0.4857 -0.7392 -0.4666
vn 0.4856 -0.7393 -0.4665
vn 0.4857 -0.7392 -0.4665
vn 0.7079 -0.4684 -0.5286
vn 0.8281 -0.1865 -0.5286
vn 0.8697 0.1613 -0.4665
vn 0.8698 0.1614 -0.4663
vn 0.8899 0.1527 -0.4298
vn 0.9085 0.1448 -0.3921
vn 0.9253 0.1376 -0.3534
vn 0.9253 0.1377 -0.3534
vn 0.8911 -0.2134 -0.4005
vn 0.7709 -0.4953 -0.4005
vn -0.0938 -0.4922 0.8654
vn 0.0824 0.1315 0.9879
vn 0.2904 0.4085 0.8654
vn 0.2902 0.4084 0.8654
vn 0.2902 0.4084 0.8655
vn 0.3291 0.3917 0.8592
vn 0.3291 0.3916 0.8592
vn 0.6565 -0.4465 -0.6080
vn 0.6565 -0.4466 -0.6079
vn 0.6565 -0.4467 -0.6078
vn 0.6283 -0.4344 -0.6454
vn 0.6282 -0.4344 -0.6455
vn 0.7767 -0.1646 -0.6080
vn 0.7485 -0.1525 -0.6454
vn 0.7484 -0.1525 -0.6454
vn 0.4638 -0.7299 -0.5021
vn 0.4403 -0.7199 -0.5365
vn 0.4154 -0.7093 -0.5695
vn 0.3889 -0.6980 -0.6012
vn 0.3890 -0.6980 -0.6012
vn 0.3890 -0.6980 -0.6013
vn 0.5983 -0.4217 -0.6814
vn 0.5983 -0.4217 -0.6813
vn 0.7185 -0.1398 -0.6813
vn 0.7185 -0.1398 -0.6814
vn 0.7729 0.2027 -0.6012
vn 0.7730 0.2026 -0.6012
vn 0.7731 0.2026 -0.6011
vn 0.7994 0.1914 -0.5695
vn 0.7994 0.1913 -0.5695
vn 0.8243 0.1807 -0.5365
vn 0.8243 0.1808 -0.5365
vn 0.8478 0.1707 -0.5021
vn 0.8478 0.1706 -0.5021
vn 0.8033 -0.1759 -0.5690
vn 0.8034 -0.1759 -0.5689
vn 0.6831 -0.4578 -0.5690
vn 0.1825 -0.2443 0.9524
vn 0.1824 -0.2444 0.9524
vn 0.3027 0.0376 0.9523
vn 0.3026 0.0375 0.9524
vn 0.0973 -0.5737 0.8133
vn 0.0967 -0.5734 0.8135
vn 0.0966 -0.5733 0.8137
vn 0.2595 0.0561 0.9641
vn 0.2595 0.0562 0.9641
vn 0.3678 0.3752 0.8509
vn 0.3873 0.0017 0.9219
vn 0.5336 -0.3941 -0.7483
vn 0.5337 -0.3941 -0.7482
vn 0.4992 -0.3794 -0.7790
vn 0.6538 -0.1122 -0.7483
vn 0.6538 -0.1124 -0.7483
vn 0.6539 -0.1122 -0.7482
vn 0.6194 -0.0975 -0.7790
vn 0.6194 -0.0973 -0.7791
vn 0.3610 -0.6861 -0.6316
vn 0.3611 -0.6861 -0.6316
vn 0.3319 -0.6737 -0.6603
vn 0.3015 -0.6607 -0.6875
vn 0.3015 -0.6607 -0.6874
vn 0.2699 -0.6472 -0.7129
vn 0.4634 -0.3641 -0.8079
vn 0.5835 -0.0822 -0.8079
vn 0.5839 -0.0818 -0.8077
vn 0.5836 -0.0822 -0.8079
vn 0.5835 -0.0823 -0.8079
vn 0.6539 0.2534 -0.7129
vn 0.6855 0.2399 -0.6874
vn 0.7159 0.2269 -0.6604
vn 0.7159 0.2269 -0.6603
vn 0.7452 0.2145 -0.6313
vn 0.7453 0.2145 -0.6312
vn 0.7451 0.2145 -0.6315
vn 0.6869 -0.1263 -0.7157
vn 0.5667 -0.4082 -0.7157
vn 0.2371 -0.6332 0.7367
vn 0.2371 -0.6332 0.7368
vn 0.2034 -0.6189 0.7586
vn 0.2034 -0.6189 0.7587
vn 0.1687 -0.6042 0.7788
vn 0.1687 -0.6041 0.7788
vn 0.1333 -0.5889 0.7971
vn 0.5170 0.3115 0.7973
vn 0.5170 0.3117 0.7972
vn 0.6211 0.2673 0.7368
vn 0.5463 -0.0662 0.8350
vn 0.4262 -0.3481 0.8350
vn 0.3879 -0.3320 -0.8598
vn 0.3486 -0.3151 -0.8827
vn 0.3486 -0.3152 -0.8827
vn 0.3485 -0.3151 -0.8827
vn 0.5081 -0.0501 -0.8598
vn 0.5081 -0.0502 -0.8598
vn 0.4687 -0.0333 -0.8827
vn 0.4683 -0.0331 -0.8829
vn 0.4688 -0.0333 -0.8827
vn 0.2370 -0.6332 -0.7368
vn 0.2371 -0.6333 -0.7367
vn 0.2034 -0.6189 -0.7587
vn 0.2035 -0.6191 -0.7585
vn 0.2033 -0.6189 -0.7587
vn 0.1687 -0.6041 -0.7789
vn 0.1331 -0.5889 -0.7972
vn 0.1331 -0.5888 -0.7972
vn 0.1330 -0.5889 -0.7972
vn 0.3083 -0.2980 -0.9034
vn 0.4285 -0.0161 -0.9034
vn 0.5171 0.3117 -0.7971
vn 0.5171 0.3117 -0.7972
vn 0.5527 0.2965 -0.7789
vn 0.5873 0.2817 -0.7588
vn 0.5873 0.2817 -0.7587
vn 0.5874 0.2817 -0.7587
vn 0.6211 0.2673 -0.7367
vn 0.6212 0.2673 -0.7367
vn 0.5465 -0.0664 -0.8348
vn 0.5464 -0.0664 -0.8349
vn 0.5464 -0.0665 -0.8349
vn 0.4261 -0.3483 -0.8349
vn 0.4262 -0.3483 -0.8349
vn 0.4994 -0.3793 0.7789
vn 0.3611 -0.6862 0.6315
vn 0.3611 -0.6861 0.6315
vn 0.3612 -0.6861 0.6315
vn 0.2700 -0.6472 0.7129
vn 0.4636 -0.3640 0.8078
vn 0.4633 -0.3642 0.8079
vn 0.6853 0.2401 0.6876
vn 0.6855 0.2401 0.6873
vn 0.7451 0.2145 0.6316
vn 0.7451 0.2144 0.6316
vn 0.7452 0.2145 0.6315
vn 0.2250 -0.2624 -0.9384
vn 0.2250 -0.2625 -0.9383
vn 0.2252 -0.2628 -0.9382
vn 0.1823 -0.2442 -0.9524
vn 0.1824 -0.2443 -0.9524
vn 0.3451 0.0194 -0.9384
vn 0.3452 0.0192 -0.9383
vn 0.3449 0.0197 -0.9384
vn 0.3026 0.0376 -0.9524
vn 0.3026 0.0374 -0.9524
vn 0.0966 -0.5734 -0.8136
vn 0.0965 -0.5732 -0.8137
vn 0.0967 -0.5734 -0.8136
vn 0.0596 -0.5576 -0.8280
vn 0.0220 -0.5415 -0.8404
vn -0.0162 -0.5252 -0.8508
vn 0.1391 -0.2259 -0.9642
vn 0.2593 0.0560 -0.9642
vn 0.3678 0.3753 -0.8508
vn 0.3679 0.3753 -0.8508
vn 0.3678 0.3754 -0.8508
vn 0.4060 0.3591 -0.8404
vn 0.4436 0.3430 -0.8280
vn 0.4806 0.3272 -0.8136
vn 0.4805 0.3271 -0.8137
vn 0.3871 0.0015 -0.9220
vn 0.3872 0.0015 -0.9220
vn 0.2670 -0.2804 -0.9220
vn 0.6564 -0.4466 0.6080
vn 0.6282 -0.4344 0.6455
vn 0.6282 -0.4344 0.6454
vn 0.7766 -0.1647 0.6081
vn 0.4638 -0.7298 0.5022
vn 0.4637 -0.7300 0.5021
vn 0.4403 -0.7200 0.5365
vn 0.4153 -0.7093 0.5695
vn 0.3890 -0.6979 0.6013
vn 0.3890 -0.6980 0.6013
vn 0.5982 -0.4217 0.6814
vn 0.7730 0.2024 0.6013
vn 0.7729 0.2026 0.6013
vn 0.7730 0.2024 0.6012
vn 0.7733 0.2022 0.6010
vn 0.7994 0.1913 0.5696
vn 0.8033 -0.1757 0.5690
vn 0.8033 -0.1759 0.5691
vn 0.6831 -0.4579 0.5690
vn 0.0511 -0.1884 -0.9808
vn 0.0512 -0.1884 -0.9808
vn 0.1713 0.0933 -0.9808
vn 0.1268 0.1124 -0.9855
vn -0.1331 -0.4755 -0.8696
vn 0.2901 0.4082 -0.8656
vn 0.3290 0.3917 -0.8593
vn 0.3291 0.3917 -0.8592
vn 0.3290 0.3916 -0.8593
vn 0.2155 0.0747 -0.9736
vn 0.7518 -0.4872 0.4443
vn 0.7309 -0.4781 0.4871
vn 0.7308 -0.4782 0.4871
vn 0.5412 -0.7630 0.3534
vn 0.5412 -0.7630 0.3535
vn 0.4858 -0.7392 0.4665
vn 0.4857 -0.7393 0.4665
vn 0.7079 -0.4684 0.5287
vn -0.1270 -0.1124 -0.9855
vn -0.1270 -0.1122 -0.9855
vn -0.1270 -0.1123 -0.9855
vn -0.1713 -0.0934 -0.9808
vn -0.1713 -0.0935 -0.9808
vn -0.0068 0.1695 -0.9855
vn -0.0511 0.1884 -0.9808
vn -0.0509 0.1884 -0.9808
vn -0.2117 -0.4420 -0.8717
vn -0.2117 -0.4419 -0.8717
vn -0.2510 -0.4251 -0.8696
vn -0.2511 -0.4251 -0.8696
vn -0.2903 -0.4085 -0.8654
vn -0.2902 -0.4084 -0.8654
vn -0.2902 -0.4085 -0.8654
vn -0.3291 -0.3918 -0.8592
vn -0.2155 -0.0747 -0.9736
vn -0.0953 0.2072 -0.9736
vn -0.0954 0.2072 -0.9736
vn 0.0549 0.5088 -0.8591
vn 0.0549 0.5087 -0.8592
vn 0.0549 0.5088 -0.8592
vn 0.0938 0.4921 -0.8655
vn 0.1330 0.4755 -0.8696
vn 0.1723 0.4587 -0.8717
vn 0.0377 0.1506 -0.9879
vn 0.0377 0.1505 -0.9879
vn -0.0824 -0.1314 -0.9879
vn 0.8031 -0.5090 0.3099
vn 0.5906 -0.7840 0.1910
vn 0.5906 -0.7840 0.1909
vn 0.9403 0.1314 0.3138
vn 0.9536 0.1255 0.2735
vn 0.9537 0.1255 0.2735
vn 0.9470 -0.2373 0.2167
vn 0.9469 -0.2373 0.2167
vn 0.8268 -0.5191 0.2167
vn 0.8268 -0.5191 0.2168
vn -0.3026 -0.0376 -0.9524
vn -0.3452 -0.0194 -0.9383
vn -0.1824 0.2443 -0.9524
vn -0.1823 0.2442 -0.9524
vn -0.2250 0.2625 -0.9383
vn -0.3678 -0.3753 -0.8508
vn -0.4060 -0.3591 -0.8404
vn -0.4059 -0.3591 -0.8404
vn -0.4436 -0.3429 -0.8280
vn -0.4438 -0.3430 -0.8279
vn -0.4436 -0.3430 -0.8280
vn -0.4806 -0.3272 -0.8136
vn -0.4807 -0.3272 -0.8136
vn -0.3872 -0.0015 -0.9220
vn -0.3871 -0.0015 -0.9220
vn -0.2670 0.2804 -0.9220
vn -0.2671 0.2804 -0.9220
vn -0.0967 0.5734 -0.8136
vn -0.0967 0.5733 -0.8136
vn -0.0597 0.5577 -0.8279
vn -0.0600 0.5579 -0.8277
vn -0.0596 0.5576 -0.8280
vn -0.0220 0.5415 -0.8404
vn 0.0162 0.5252 -0.8508
vn -0.1391 0.2259 -0.9642
vn -0.2593 -0.0560 -0.9642
vn 0.8465 -0.5275 0.0728
vn 0.9666 -0.2458 0.0728
vn 0.9623 -0.2436 0.1209
vn 0.6041 -0.7897 0.1066
vn 0.6041 -0.7898 0.1065
vn 0.5983 -0.7873 0.1488
vn 0.5984 -0.7873 0.1487
vn 0.5985 -0.7873 0.1484
vn 0.9919 0.1092 0.0643
vn 0.9939 0.1084 0.0214
vn 0.9688 -0.2466 0.0243
vn -0.4689 0.0333 -0.8826
vn -0.4691 0.0335 -0.8825
vn -0.4688 0.0333 -0.8827
vn -0.5082 0.0501 -0.8598
vn -0.5081 0.0501 -0.8598
vn -0.5082 0.0502 -0.8598
vn -0.5085 0.0504 -0.8596
vn -0.3486 0.3152 -0.8827
vn -0.3879 0.3321 -0.8598
vn -0.3879 0.3322 -0.8598
vn -0.3879 0.3320 -0.8598
vn -0.5171 -0.3117 -0.7972
vn -0.5171 -0.3116 -0.7972
vn -0.5527 -0.2965 -0.7789
vn -0.5873 -0.2817 -0.7587
vn -0.6210 -0.2673 -0.7368
vn -0.6211 -0.2673 -0.7367
vn -0.6209 -0.2674 -0.7368
vn -0.5464 0.0664 -0.8349
vn -0.5464 0.0665 -0.8349
vn -0.5464 0.0666 -0.8349
vn -0.4262 0.3483 -0.8349
vn -0.2371 0.6333 -0.7367
vn -0.2371 0.6334 -0.7367
vn -0.2033 0.6189 -0.7587
vn -0.2034 0.6188 -0.7587
vn -0.2033 0.6188 -0.7587
vn -0.1687 0.6040 -0.7789
vn -0.1687 0.6041 -0.7789
vn -0.1331 0.5889 -0.7972
vn -0.3083 0.2980 -0.9034
vn -0.4285 0.0161 -0.9034
vn 0.9666 -0.2456 -0.0728
vn 0.5982 -0.7874 -0.1489
vn 0.5982 -0.7874 -0.1488
vn 0.6041 -0.7897 -0.1066
vn 0.6042 -0.7897 -0.1067
vn 0.6041 -0.7898 -0.1065
vn 0.9919 0.1093 -0.0642
vn 0.9881 0.1108 -0.1067
vn 0.9823 0.1132 -0.1490
vn 0.9823 0.1133 -0.1491
vn 0.9823 0.1131 -0.1492
vn -0.6195 0.0975 -0.7789
vn -0.6194 0.0975 -0.7790
vn -0.6196 0.0975 -0.7788
vn -0.6538 0.1122 -0.7483
vn -0.4992 0.3794 -0.7790
vn -0.5336 0.3941 -0.7483
vn -0.6539 -0.2534 -0.7129
vn -0.6855 -0.2399 -0.6874
vn -0.7159 -0.2269 -0.6603
vn -0.7161 -0.2273 -0.6599
vn -0.7450 -0.2145 -0.6316
vn -0.6869 0.1263 -0.7157
vn -0.5667 0.4082 -0.7157
vn -0.3611 0.6861 -0.6316
vn -0.3319 0.6737 -0.6603
vn -0.3015 0.6607 -0.6874
vn -0.3015 0.6608 -0.6873
vn -0.2699 0.6472 -0.7129
vn -0.2700 0.6471 -0.7130
vn -0.4634 0.3638 -0.8081
vn -0.4634 0.3641 -0.8079
vn -0.5835 0.0822 -0.8079
vn 0.8030 -0.5090 -0.3099
vn 0.9232 -0.2271 -0.3100
vn 0.9231 -0.2271 -0.3102
vn 0.9362 -0.2326 -0.2635
vn 0.9362 -0.2326 -0.2634
vn 0.5811 -0.7799 -0.2325
vn 0.9746 0.1167 -0.1911
vn 0.9536 0.1256 -0.2735
vn 0.9537 0.1256 -0.2734
vn -0.7484 0.1527 -0.6455
vn -0.7484 0.1525 -0.6454
vn -0.7767 0.1646 -0.6080
vn -0.6283 0.4344 -0.6454
vn -0.6283 0.4343 -0.6454
vn -0.6282 0.4344 -0.6454
vn -0.6565 0.4465 -0.6080
vn -0.7730 -0.2026 -0.6012
vn -0.7730 -0.2027 -0.6012
vn -0.7995 -0.1911 -0.5695
vn -0.7995 -0.1910 -0.5695
vn -0.7994 -0.1913 -0.5695
vn -0.8243 -0.1807 -0.5365
vn -0.8478 -0.1707 -0.5021
vn -0.8478 -0.1707 -0.5022
vn -0.8478 -0.1706 -0.5021
vn -0.8033 0.1759 -0.5690
vn -0.8034 0.1758 -0.5689
vn -0.6831 0.4578 -0.5690
vn -0.4638 0.7299 -0.5022
vn -0.4638 0.7299 -0.5021
vn -0.4640 0.7298 -0.5022
vn -0.4403 0.7199 -0.5365
vn -0.4154 0.7093 -0.5694
vn -0.4154 0.7095 -0.5693
vn -0.4155 0.7093 -0.5694
vn -0.4155 0.7093 -0.5695
vn -0.3890 0.6980 -0.6012
vn -0.3890 0.6980 -0.6013
vn -0.5982 0.4217 -0.6814
vn -0.5983 0.4217 -0.6814
vn -0.7185 0.1398 -0.6814
vn 0.7308 -0.4782 -0.4870
vn 0.7518 -0.4872 -0.4443
vn 0.7518 -0.4872 -0.4444
vn 0.8510 -0.1963 -0.4870
vn 0.8721 -0.2052 -0.4443
vn 0.5412 -0.7630 -0.3534
vn 0.5411 -0.7631 -0.3534
vn 0.8911 -0.2134 -0.4006
vn 0.8281 -0.1866 -0.5286
vn 0.7079 -0.4683 -0.5287
vn 0.7079 -0.4684 -0.5287
vn 0.7079 -0.4682 -0.5288
vn -0.1269 -0.1124 -0.9855
vn -0.0511 0.1883 -0.9808
vn -0.0512 0.1884 -0.9808
vn -0.3290 -0.3922 -0.8591
vn -0.3292 -0.3919 -0.8591
vn -0.3291 -0.3918 -0.8591
vn -0.2902 -0.4084 -0.8655
vn -0.2116 -0.4421 -0.8717
vn 0.1720 0.4590 -0.8716
vn 0.1328 0.4756 -0.8696
vn -0.8720 0.2053 -0.4443
vn -0.7518 0.4871 -0.4443
vn -0.9253 -0.1377 -0.3534
vn -0.5412 0.7630 -0.3534
vn -0.5412 0.7631 -0.3534
vn -0.4855 0.7395 -0.4663
vn -0.4857 0.7393 -0.4664
vn -0.4856 0.7393 -0.4665
vn -0.7079 0.4685 -0.5286
vn 0.6282 -0.4346 -0.6454
vn 0.6281 -0.4345 -0.6456
vn 0.7484 -0.1526 -0.6455
vn 0.3891 -0.6980 -0.6012
vn 0.3890 -0.6979 -0.6014
vn 0.7995 0.1914 -0.5694
vn 0.7995 0.1913 -0.5695
vn 0.7730 0.2025 -0.6012
vn 0.7731 0.2025 -0.6011
vn 0.7731 0.2024 -0.6011
vn 0.5982 -0.4217 -0.6814
vn -0.3026 -0.0375 -0.9524
vn -0.2251 0.2625 -0.9383
vn -0.1824 0.2442 -0.9524
vn -0.3677 -0.3754 -0.8508
vn -0.1391 0.2260 -0.9642
vn -0.1390 0.2265 -0.9640
vn 0.0162 0.5253 -0.8508
vn -0.2671 0.2805 -0.9220
vn -0.2671 0.2805 -0.9219
vn -0.3873 -0.0015 -0.9220
vn -0.9232 0.2271 -0.3100
vn -0.8031 0.5090 -0.3098
vn -0.8161 0.5144 -0.2636
vn -0.8160 0.5144 -0.2636
vn -0.9404 -0.1311 -0.3138
vn -0.9470 0.2372 -0.2165
vn -0.5812 0.7800 -0.2322
vn -0.9082 0.2208 -0.3556
vn 0.4992 -0.3794 -0.7791
vn 0.6194 -0.0976 -0.7790
vn 0.3611 -0.6861 -0.6315
vn 0.3612 -0.6861 -0.6315
vn 0.7450 0.2145 -0.6316
vn 0.7451 0.2145 -0.6316
vn 0.6852 0.2396 -0.6878
vn 0.6855 0.2397 -0.6875
vn 0.6855 0.2399 -0.6875
vn 0.6854 0.2401 -0.6875
vn -0.5078 0.0502 -0.8600
vn -0.5873 -0.2817 -0.7588
vn -0.5171 -0.3117 -0.7971
vn -0.3083 0.2979 -0.9034
vn -0.9623 0.2436 -0.1210
vn -0.9666 0.2456 -0.0728
vn -0.8421 0.5256 -0.1210
vn -0.9823 -0.1134 -0.1490
vn -0.9939 -0.1084 -0.0213
vn -0.8486 0.5284 -0.0244
vn -0.6042 0.7897 -0.1067
vn -0.8355 0.5228 -0.1689
vn 0.3486 -0.3153 -0.8827
vn 0.4688 -0.0332 -0.8827
vn 0.1331 -0.5888 -0.7973
vn 0.6211 0.2673 -0.7368
vn 0.5526 0.2965 -0.7789
vn 0.5526 0.2966 -0.7789
vn 0.5172 0.3117 -0.7971
vn 0.4285 -0.0160 -0.9034
vn 0.3084 -0.2980 -0.9034
vn -0.7451 -0.2144 -0.6316
vn -0.7451 -0.2145 -0.6316
vn -0.5835 0.0823 -0.8079
vn -0.5667 0.4083 -0.7157
vn -0.9666 0.2457 0.0727
vn -0.8421 0.5257 0.1209
vn -0.9919 -0.1093 0.0642
vn -0.5982 0.7874 0.1489
vn -0.6041 0.7897 0.1069
vn -0.6042 0.7897 0.1068
vn -0.6042 0.7896 0.1067
vn -0.8487 0.5283 0.0243
vn -0.8487 0.5284 0.0243
vn 0.1824 -0.2442 -0.9524
vn 0.3026 0.0377 -0.9524
vn 0.3452 0.0194 -0.9383
vn 0.3452 0.0193 -0.9383
vn -0.0163 -0.5252 -0.8508
vn -0.0162 -0.5253 -0.8507
vn -0.0162 -0.5253 -0.8508
vn 0.0595 -0.5576 -0.8280
vn 0.4064 0.3595 -0.8400
vn 0.4061 0.3593 -0.8403
vn 0.4062 0.3593 -0.8402
vn 0.4064 0.3594 -0.8401
vn 0.3678 0.3751 -0.8509
vn 0.2595 0.0562 -0.9641
vn 0.2596 0.0563 -0.9641
vn -0.6280 0.4344 -0.6457
vn -0.6282 0.4345 -0.6455
vn -0.8477 -0.1707 -0.5023
vn -0.7730 -0.2026 -0.6011
vn -0.7730 -0.2025 -0.6012
vn -0.7185 0.1398 -0.6813
vn -0.7185 0.1399 -0.6813
vn -0.5983 0.4216 -0.6813
vn -0.5984 0.4216 -0.6813
vn -0.4154 0.7093 -0.5696
vn -0.4154 0.7093 -0.5695
vn -0.4404 0.7199 -0.5364
vn -0.0000 -1.0000 -0.0000
vn -0.6343 -0.0000 -0.7731
vn -0.8308 -0.5505 0.0818
vn -0.8308 -0.5505 0.0817
vn -0.8308 -0.5505 0.0816
vn 0.7989 -0.5505 0.2424
vn 0.7989 -0.5504 0.2424
vn 0.7989 -0.5505 0.2423
vn -0.7989 -0.5505 0.2423
vn -0.7989 -0.5505 0.2422
vn 0.8305 -0.5509 0.0820
vn 0.8307 -0.5507 0.0819
vn -0.7361 -0.5507 0.3935
vn -0.7361 -0.5508 0.3935
vn -0.7363 -0.5507 0.3932
vn -0.7362 -0.5507 0.3934
vn 0.8307 -0.5507 -0.0819
vn 0.8308 -0.5505 -0.0818
vn 0.8308 -0.5506 -0.0818
vn -0.6453 -0.5505 0.5296
vn -0.6452 -0.5506 0.5296
vn -0.6453 -0.5505 0.5297
vn -0.6454 -0.5505 0.5296
vn 0.7988 -0.5506 -0.2423
vn 0.7986 -0.5509 -0.2424
vn -0.5296 -0.5505 0.6453
vn 0.7362 -0.5506 -0.3935
vn 0.7362 -0.5507 -0.3935
vn 0.7362 -0.5505 -0.3935
vn -0.3935 -0.5506 0.7362
vn -0.3936 -0.5506 0.7361
vn -0.3935 -0.5505 0.7363
vn -0.0818 -0.5506 -0.8308
vn -0.0818 -0.5505 -0.8308
vn 0.6453 -0.5506 -0.5296
vn 0.6453 -0.5505 -0.5296
vn -0.2424 -0.5505 0.7989
vn -0.2423 -0.5505 0.7989
vn -0.2424 -0.5505 0.7988
vn -0.2425 -0.5505 0.7988
vn -0.2425 -0.5506 -0.7988
vn -0.2423 -0.5505 -0.7989
vn -0.2425 -0.5505 -0.7988
vn -0.2430 -0.5506 -0.7986
vn 0.5296 -0.5505 -0.6453
vn 0.5297 -0.5505 -0.6453
vn -0.0817 -0.5505 0.8308
vn -0.0818 -0.5505 0.8308
vn -0.3934 -0.5507 -0.7362
vn -0.3935 -0.5506 -0.7362
vn -0.3932 -0.5508 -0.7362
vn 0.3934 -0.5505 -0.7363
vn 0.3935 -0.5505 -0.7363
vn 0.3935 -0.5506 -0.7362
vn 0.3935 -0.5507 -0.7362
vn 0.0818 -0.5505 0.8308
vn 0.0815 -0.5506 0.8308
vn -0.5296 -0.5505 -0.6453
vn -0.5296 -0.5507 -0.6452
vn -0.5295 -0.5507 -0.6452
vn -0.5295 -0.5507 -0.6453
vn 0.2422 -0.5505 -0.7989
vn 0.2423 -0.5505 -0.7989
vn 0.2423 -0.5506 -0.7988
vn 0.2423 -0.5505 0.7989
vn 0.2426 -0.5506 0.7987
vn -0.6452 -0.5506 -0.5296
vn -0.6454 -0.5505 -0.5296
vn -0.6453 -0.5505 -0.5296
vn 0.0820 -0.5509 -0.8305
vn 0.0820 -0.5510 -0.8305
vn 0.0818 -0.5505 -0.8308
vn 0.3936 -0.5502 0.7364
vn 0.3935 -0.5503 0.7364
vn 0.3935 -0.5504 0.7363
vn 0.3936 -0.5504 0.7363
vn -0.7364 -0.5503 -0.3936
vn -0.7364 -0.5503 -0.3935
vn -0.7364 -0.5502 -0.3936
vn -0.7363 -0.5504 -0.3936
vn 0.5298 -0.5504 0.6453
vn 0.5296 -0.5505 0.6453
vn 0.5299 -0.5504 0.6452
vn -0.7989 -0.5505 -0.2423
vn -0.7989 -0.5505 -0.2422
vn -0.7989 -0.5504 -0.2424
vn 0.6453 -0.5505 0.5296
vn 0.6453 -0.5506 0.5296
vn 0.6454 -0.5505 0.5296
vn 0.6454 -0.5504 0.5296
vn -0.8308 -0.5506 -0.0816
vn -0.8308 -0.5505 -0.0817
vn -0.8308 -0.5505 -0.0818
vn 0.7362 -0.5506 0.3935
vn 0.7363 -0.5505 0.3935
vn -0.0000 1.0000 -0.0000
vn 0.2905 -0.0000 -0.9569
vn 0.2906 -0.0000 -0.9568
vn 0.2903 -0.0000 -0.9569
vn 0.2904 -0.0000 0.9569
vn 0.2903 -0.0000 0.9569
vn 0.2905 -0.0000 0.9569
vn -0.7731 -0.0000 -0.6343
vn 0.0983 -0.0000 -0.9952
vn 0.4713 -0.0000 0.8820
vn -0.8820 -0.0000 -0.4713
vn 0.6343 -0.0000 0.7731
vn -0.9569 -0.0000 -0.2904
vn -0.9569 -0.0000 -0.2903
vn 0.7731 -0.0000 0.6343
vn 0.7729 -0.0000 0.6346
vn -0.9952 -0.0000 -0.0979
vn -0.9952 -0.0000 -0.0980
vn 0.8820 -0.0000 0.4713
vn -0.9952 -0.0000 0.0979
vn -0.9952 -0.0000 0.0978
vn -0.9952 -0.0000 0.0980
vn 0.9571 -0.0000 0.2898
vn 0.9569 -0.0000 0.2903
vn -0.9569 -0.0000 0.2905
vn -0.9568 -0.0000 0.2906
vn 0.9952 -0.0000 0.0980
vn 0.9952 -0.0000 0.0983
vn -0.8820 -0.0000 0.4713
vn 0.9952 -0.0000 -0.0980
vn 0.9952 -0.0000 -0.0983
vn -0.7731 -0.0000 0.6343
vn -0.7729 -0.0000 0.6346
vn 0.9571 -0.0000 -0.2898
vn 0.9569 -0.0000 -0.2903
vn -0.6343 -0.0000 0.7731
vn 0.8820 -0.0000 -0.4713
vn -0.4718 -0.0000 0.8817
vn -0.0983 -0.0000 -0.9952
vn 0.7731 -0.0000 -0.6343
vn -0.2905 -0.0000 0.9569
vn -0.2906 -0.0000 0.9568
vn -0.2902 -0.0000 -0.9570
vn -0.2903 -0.0000 -0.9569
vn 0.6343 -0.0000 -0.7731
vn -0.0979 -0.0000 0.9952
vn -0.4713 -0.0000 -0.8820
vn -0.4712 -0.0000 -0.8820
vn -0.4711 -0.0000 -0.8821
vn 0.4714 -0.0000 -0.8819
vn 0.4715 -0.0000 -0.8819
vn 0.0979 -0.0000 0.9952
vn -0.8375 -0.4835 -0.2545
vn -0.8376 -0.4836 -0.2540
vn -0.8375 -0.4836 -0.2544
vn -0.8376 -0.4835 -0.2544
vn 0.6768 -0.4836 0.5550
vn 0.6768 -0.4836 0.5551
vn 0.6769 -0.4836 0.5550
vn -0.8711 -0.4836 -0.0857
vn -0.8711 -0.4836 -0.0858
vn -0.8712 -0.4833 -0.0863
vn 0.7719 -0.4837 0.4125
vn 0.7720 -0.4834 0.4127
vn 0.7719 -0.4835 0.4128
vn 0.7719 -0.4836 0.4126
vn -0.8711 -0.4836 0.0855
vn -0.8711 -0.4836 0.0858
vn -0.8711 -0.4835 0.0858
vn -0.8711 -0.4836 0.0856
vn 0.8376 -0.4835 0.2541
vn 0.8376 -0.4837 0.2539
vn 0.8376 -0.4836 0.2541
vn -0.8376 -0.4836 0.2540
vn -0.8376 -0.4835 0.2544
vn -0.8376 -0.4835 0.2542
vn -0.8376 -0.4836 0.2541
vn 0.8711 -0.4836 0.0857
vn 0.8711 -0.4836 0.0855
vn -0.7719 -0.4836 0.4127
vn -0.7719 -0.4836 0.4126
vn -0.7721 -0.4836 0.4124
vn 0.8711 -0.4836 -0.0857
vn 0.8711 -0.4836 -0.0858
vn -0.6766 -0.4836 0.5553
vn -0.6766 -0.4834 0.5554
vn 0.8375 -0.4836 -0.2543
vn 0.8376 -0.4836 -0.2542
vn 0.8376 -0.4836 -0.2541
vn -0.5553 -0.4836 0.6766
vn -0.5552 -0.4837 0.6766
vn -0.5550 -0.4839 0.6767
vn -0.5549 -0.4839 0.6767
vn 0.7719 -0.4837 -0.4125
vn 0.7719 -0.4836 -0.4126
vn 0.7719 -0.4838 -0.4124
vn -0.4128 -0.4838 0.7717
vn -0.4126 -0.4836 0.7719
vn -0.4124 -0.4837 0.7720
vn -0.4130 -0.4839 0.7715
vn -0.0860 -0.4834 -0.8712
vn -0.0858 -0.4836 -0.8711
vn -0.0855 -0.4836 -0.8711
vn 0.6765 -0.4835 -0.5555
vn 0.6765 -0.4834 -0.5556
vn 0.6766 -0.4834 -0.5555
vn 0.6766 -0.4836 -0.5553
vn -0.2539 -0.4836 0.8377
vn -0.2545 -0.4837 0.8374
vn -0.2542 -0.4836 0.8376
vn -0.2538 -0.4835 -0.8377
vn -0.2541 -0.4836 -0.8376
vn -0.2542 -0.4834 -0.8377
vn 0.5553 -0.4836 -0.6766
vn 0.5553 -0.4837 -0.6765
vn 0.5551 -0.4833 -0.6770
vn -0.0857 -0.4836 0.8711
vn -0.0858 -0.4836 0.8711
vn -0.0859 -0.4836 0.8711
vn -0.4126 -0.4836 -0.7719
vn 0.4127 -0.4834 -0.7720
vn 0.4130 -0.4836 -0.7717
vn 0.4129 -0.4835 -0.7718
vn 0.4126 -0.4837 -0.7719
vn 0.0857 -0.4836 0.8711
vn 0.0858 -0.4836 0.8711
vn -0.5550 -0.4836 -0.6768
vn -0.5550 -0.4836 -0.6769
vn -0.5551 -0.4836 -0.6768
vn 0.2542 -0.4835 -0.8376
vn 0.2542 -0.4837 -0.8375
vn 0.2538 -0.4834 -0.8378
vn 0.2543 -0.4836 -0.8375
vn 0.2544 -0.4836 0.8375
vn 0.2540 -0.4836 0.8376
vn 0.2545 -0.4836 0.8375
vn 0.2543 -0.4837 0.8375
vn -0.6767 -0.4836 -0.5552
vn -0.6768 -0.4836 -0.5551
vn -0.6766 -0.4836 -0.5553
vn 0.0858 -0.4836 -0.8711
vn 0.0857 -0.4836 -0.8711
vn 0.0860 -0.4834 -0.8712
vn 0.4125 -0.4836 0.7720
vn 0.4126 -0.4836 0.7719
vn 0.4126 -0.4836 0.7720
vn -0.7719 -0.4836 -0.4127
vn -0.7720 -0.4836 -0.4126
vn -0.7719 -0.4836 -0.4126
vn 0.5554 -0.4836 0.6765
vn 0.5555 -0.4836 0.6765
vn 0.5553 -0.4836 0.6766
vn 0.5555 -0.4836 0.6764
vn 0.9952 -0.0000 -0.0981
vn 0.9952 -0.0000 -0.0977
vn 0.2440 -0.8557 -0.4564
vn 0.2440 -0.8555 -0.4567
vn 0.2439 -0.8556 -0.4565
vn 0.2439 -0.8557 -0.4564
vn 0.0507 -0.8556 0.5152
vn 0.0508 -0.8554 0.5154
vn 0.0507 -0.8557 0.5150
vn -0.3283 -0.8556 -0.4001
vn -0.3284 -0.8555 -0.4003
vn -0.3283 -0.8557 -0.3999
vn 0.1502 -0.8557 -0.4953
vn 0.1502 -0.8556 -0.4953
vn 0.1502 -0.8557 0.4952
vn 0.1502 -0.8557 0.4953
vn 0.1502 -0.8557 0.4951
vn -0.4001 -0.8557 -0.3283
vn -0.4000 -0.8557 -0.3283
vn -0.4000 -0.8557 -0.3282
vn -0.4001 -0.8556 -0.3283
vn 0.0507 -0.8556 -0.5151
vn 0.0507 -0.8556 -0.5152
vn 0.0507 -0.8555 -0.5153
vn 0.2440 -0.8556 0.4565
vn 0.2440 -0.8557 0.4563
vn 0.2441 -0.8554 0.4569
vn -0.4566 -0.8556 -0.2440
vn -0.4564 -0.8557 -0.2440
vn -0.4565 -0.8556 -0.2440
vn 0.3283 -0.8557 0.4001
vn 0.3283 -0.8556 0.4001
vn -0.4954 -0.8556 -0.1503
vn -0.4953 -0.8556 -0.1502
vn -0.4957 -0.8554 -0.1505
vn 0.4003 -0.8555 0.3284
vn 0.3999 -0.8558 0.3281
vn 0.4001 -0.8557 0.3282
vn 0.4004 -0.8555 0.3284
vn -0.5151 -0.8556 -0.0507
vn -0.5152 -0.8556 -0.0507
vn -0.5150 -0.8557 -0.0507
vn 0.4565 -0.8556 0.2440
vn 0.4567 -0.8555 0.2441
vn 0.4566 -0.8555 0.2441
vn 0.4566 -0.8555 0.2443
vn -0.5151 -0.8557 0.0507
vn -0.5151 -0.8556 0.0507
vn 0.4953 -0.8556 0.1502
vn 0.4951 -0.8557 0.1502
vn 0.4955 -0.8555 0.1502
vn -0.4953 -0.8556 0.1502
vn -0.4953 -0.8557 0.1502
vn -0.4954 -0.8556 0.1503
vn -0.4955 -0.8555 0.1504
vn 0.5151 -0.8557 0.0507
vn 0.5149 -0.8558 0.0507
vn 0.5151 -0.8556 0.0507
vn 0.5153 -0.8555 0.0507
vn -0.4563 -0.8557 0.2440
vn -0.4564 -0.8557 0.2440
vn 0.5153 -0.8555 -0.0507
vn 0.5154 -0.8555 -0.0507
vn 0.5152 -0.8556 -0.0507
vn -0.4002 -0.8556 0.3283
vn -0.4001 -0.8557 0.3282
vn -0.4000 -0.8557 0.3283
vn 0.4953 -0.8556 -0.1502
vn 0.4952 -0.8557 -0.1502
vn 0.4953 -0.8557 -0.1502
vn -0.3284 -0.8555 0.4003
vn -0.3284 -0.8556 0.4002
vn 0.4566 -0.8556 -0.2441
vn 0.4564 -0.8557 -0.2440
vn 0.4566 -0.8556 -0.2440
vn -0.2443 -0.8554 0.4567
vn -0.2443 -0.8554 0.4568
vn -0.2441 -0.8556 0.4564
vn -0.0507 -0.8556 -0.5152
vn -0.0507 -0.8556 -0.5151
vn -0.0507 -0.8557 -0.5150
vn -0.0507 -0.8554 -0.5154
vn 0.4001 -0.8557 -0.3283
vn 0.4000 -0.8557 -0.3283
vn 0.4000 -0.8557 -0.3282
vn -0.1502 -0.8557 0.4953
vn -0.1502 -0.8556 0.4953
vn -0.1501 -0.8557 0.4952
vn -0.1502 -0.8557 -0.4953
vn -0.1501 -0.8557 -0.4952
vn 0.3287 -0.8555 -0.4000
vn 0.3286 -0.8556 -0.3999
vn 0.3285 -0.8556 -0.4001
vn 0.3283 -0.8556 -0.4001
vn -0.0507 -0.8556 0.5151
vn -0.0507 -0.8555 0.5153
vn -0.0507 -0.8556 0.5152
vn -0.2441 -0.8555 -0.4566
vn -0.2440 -0.8557 -0.4564
vn -0.2436 -0.8559 -0.4562
vn -0.2434 -0.8560 -0.4561
vn 0.8818 -0.0000 -0.4716
vn -0.4716 -0.0000 0.8818
vn -0.0980 -0.0000 -0.9952
vn -0.2903 -0.0000 0.9569
vn 0.6344 -0.0000 -0.7730
vn -0.0980 -0.0000 0.9952
vn -0.4708 -0.0000 -0.8822
vn 0.4711 -0.0000 -0.8821
vn 0.4713 -0.0000 -0.8820
vn 0.0981 -0.0000 0.9952
vn -0.6342 -0.0000 -0.7731
vn -0.6342 -0.0000 -0.7732
vn 0.0981 -0.0000 -0.9952
vn 0.0977 -0.0000 -0.9952
vn 0.4716 -0.0000 0.8818
vn -0.8818 -0.0000 -0.4716
vn -0.9952 -0.0000 -0.0981
vn 0.8820 -0.0000 0.4712
vn 0.9569 -0.0000 0.2905
vn -0.8820 -0.0000 0.4712
vn 0.3549 -0.0000 0.9349
vn 0.3550 -0.0000 0.9349
vn 0.1657 -0.0000 0.9862
vn -0.0299 -0.0000 0.9996
vn -0.2243 -0.0000 0.9745
vn -0.4101 -0.0000 0.9121
vn -0.4101 -0.0000 0.9120
vn -0.5802 -0.0000 0.8145
vn -0.7279 -0.0000 0.6857
vn -0.8477 -0.0000 0.5305
vn -0.9349 -0.0000 0.3549
vn -0.9349 -0.0000 0.3550
vn -0.9862 -0.0000 0.1657
vn -0.9862 -0.0000 0.1655
vn -0.9862 -0.0000 0.1656
vn -0.9996 -0.0000 -0.0299
vn -0.9745 -0.0000 -0.2243
vn -0.9121 -0.0000 -0.4101
vn -0.9121 -0.0000 -0.4100
vn -0.9120 -0.0000 -0.4101
vn -0.8145 -0.0000 -0.5802
vn -0.6857 -0.0000 -0.7279
vn -0.5305 -0.0000 -0.8477
vn -0.3549 -0.0000 -0.9349
vn -0.1657 -0.0000 -0.9862
vn 0.0299 -0.0000 -0.9996
vn 0.2243 -0.0000 -0.9745
vn 0.4101 -0.0000 -0.9120
vn 0.5801 -0.0000 -0.8145
vn 0.7279 -0.0000 -0.6857
vn 0.8477 -0.0000 -0.5305
vn 0.9349 -0.0000 -0.3549
vn 0.9862 -0.0000 -0.1657
vn 0.9996 -0.0000 0.0299
vn 0.9745 -0.0000 0.2243
vn 0.9121 -0.0000 0.4101
vn 0.9120 -0.0000 0.4101
vn 0.8145 -0.0000 0.5802
vn -0.8312 0.4606 0.3113
vn 0.6857 -0.0000 0.7279
vn 0.5305 -0.0000 0.8477
vn 0.5304 -0.0000 0.8477
vn -0.0000 -1.0000 0.0002
vn -0.0000 -1.0000 -0.0003
vn -0.0000 -1.0000 0.0001
vn -0.0000 -1.0000 0.0003
vn -0.0579 0.6232 0.7799
vn -0.0579 0.6232 0.7800
vn 0.0800 0.7021 -0.7076
vn 0.0798 0.7021 -0.7076
vn 0.0799 0.7021 -0.7076
vn 0.1629 0.9797 -0.1167
vn 0.1629 0.9797 -0.1166
vn -0.3330 0.4517 0.8277
vn -0.6771 0.4608 -0.5738
vn 0.1180 0.9930 -0.0100
vn 0.4227 0.5300 0.7351
vn 0.4228 0.5300 0.7351
vn 0.5559 0.6037 0.5715
vn 0.5559 0.6037 0.5714
vn 0.5558 0.6037 0.5715
vn -0.8784 0.4584 0.1349
vn 0.2241 0.8075 -0.5457
vn 0.2940 0.9504 -0.1015
vn 0.2940 0.9504 -0.1014
vn -0.4980 0.4548 0.7383
vn -0.5216 0.4843 -0.7025
vn -0.5216 0.4843 -0.7024
vn -0.5215 0.4843 -0.7025
vn 0.0647 0.9978 -0.0115
vn 0.2447 0.4843 0.8400
vn 0.2446 0.4843 0.8400
vn -0.8892 0.4548 -0.0493
vn 0.2815 0.8945 -0.3473
vn 0.2814 0.8945 -0.3473
vn 0.2814 0.8946 -0.3473
vn 0.4467 0.8946 -0.0144
vn 0.4467 0.8946 -0.0145
vn -0.6383 0.4584 0.6184
vn -0.3304 0.5300 -0.7810
vn 0.0482 0.9978 -0.0446
vn 0.0482 0.4608 0.8862
vn -0.8607 0.4517 -0.2348
vn -0.8607 0.4517 -0.2349
vn 0.2584 0.9504 -0.1730
vn 0.5702 0.8075 0.1511
vn -0.7503 0.4606 0.4742
vn -0.1195 0.6037 -0.7882
vn 0.0792 0.9930 -0.0880
vn -0.1484 0.4521 0.8795
vn -0.7905 0.4521 -0.4132
vn 0.1914 0.9797 -0.0593
vn 0.6121 0.7021 0.3638
vn 0.6121 0.7021 0.3639
vn 0.8203 -0.4014 -0.4074
vn 0.8202 -0.4013 -0.4077
vn 0.8203 -0.4014 -0.4075
vn 0.8203 -0.4013 -0.4076
vn 0.8203 -0.4015 -0.4073
vn 0.8202 -0.4017 -0.4072
vn 0.8203 -0.4015 -0.4074
vn 0.8204 -0.4012 -0.4073
vn 0.8203 -0.4013 -0.4074
vn 0.8205 -0.4013 -0.4071
vn 0.8203 -0.4014 -0.4073
vn 0.8202 -0.4016 -0.4074
vn 0.8204 -0.4014 -0.4072
vn 0.8203 -0.4013 -0.4075
vn 0.8202 -0.4017 -0.4073
vn 0.8201 -0.4016 -0.4076
vn 0.9366 -0.1056 0.3341
vn 0.9366 -0.1055 0.3340
vn 0.9366 -0.1056 0.3340
vn 0.2998 -0.1056 -0.9481
vn -0.1544 0.7314 0.6643
vn -0.1544 0.7314 0.6642
vn 0.5748 -0.0877 0.8136
vn 0.5748 -0.0878 0.8135
vn 0.5749 -0.0879 0.8135
vn 0.5748 -0.0878 0.8136
vn 0.8931 0.3342 -0.3011
vn 0.8931 0.3342 -0.3012
vn -0.2405 0.8072 0.5390
vn 0.7744 0.6269 0.0857
vn 0.7744 0.6269 0.0858
vn -0.3184 0.8550 0.4094
vn -0.3184 0.8550 0.4093
vn 0.6107 0.7775 0.1500
vn 0.6107 0.7775 0.1501
vn -0.3901 0.8780 0.2774
vn -0.3901 0.8780 0.2773
vn 0.4802 0.8702 0.1105
vn 0.4802 0.8702 0.1106
vn -0.4567 0.8780 0.1432
vn 0.3773 0.9257 0.0287
vn 0.3773 0.9256 0.0287
vn -0.5186 0.8550 0.0064
vn 0.2976 0.9517 -0.0749
vn -0.5748 0.8072 -0.1341
vn 0.2395 0.9518 -0.1918
vn -0.6226 0.7314 -0.2783
vn 0.2052 0.9256 -0.3180
vn -0.6564 0.6232 -0.4252
vn -0.6564 0.6233 -0.4250
vn -0.6564 0.6232 -0.4251
vn 0.2020 0.8702 -0.4494
vn -0.6664 0.4793 -0.5711
vn -0.6663 0.4794 -0.5711
vn -0.6664 0.4794 -0.5711
vn 0.3422 0.0998 0.9343
vn 0.2494 0.7775 -0.5773
vn -0.6363 0.3010 -0.7103
vn -0.6363 0.3011 -0.7102
vn 0.1816 0.3010 0.9362
vn 0.1815 0.3010 0.9362
vn 0.3996 0.6269 -0.6689
vn 0.3996 0.6269 -0.6688
vn 0.3995 0.6269 -0.6688
vn -0.5377 0.0998 -0.8372
vn 0.0525 0.4794 0.8760
vn 0.7796 0.3342 -0.5297
vn 0.7796 0.3341 -0.5297
vn 0.7796 0.3343 -0.5296
vn -0.3010 -0.0878 -0.9496
vn -0.3009 -0.0879 -0.9496
vn -0.3009 -0.0878 -0.9496
vn -0.7148 -0.0000 0.6994
vn -0.8375 -0.0000 0.5465
vn -0.8375 -0.0000 0.5464
vn -0.9280 -0.0000 0.3726
vn -0.9829 -0.0000 0.1844
vn -0.9999 -0.0000 -0.0109
vn -0.9786 -0.0000 -0.2058
vn -0.9197 -0.0000 -0.3927
vn -0.8254 -0.0000 -0.5646
vn -0.6993 -0.0000 -0.7148
vn -0.5465 -0.0000 -0.8375
vn -0.5464 -0.0000 -0.8375
vn -0.3726 -0.0000 -0.9280
vn -0.1844 -0.0000 -0.9829
vn 0.0109 -0.0000 -0.9999
vn 0.2058 -0.0000 -0.9786
vn 0.3927 -0.0000 -0.9197
vn 0.5646 -0.0000 -0.8254
vn 0.5646 -0.0000 -0.8253
vn 0.7148 -0.0000 -0.6994
vn 0.8375 -0.0000 -0.5464
vn 0.8375 -0.0000 -0.5465
vn 0.9280 -0.0000 -0.3726
vn 0.9829 -0.0000 -0.1844
vn 0.9999 -0.0000 0.0109
vn 0.9786 -0.0000 0.2058
vn 0.9197 -0.0000 0.3927
vn 0.9197 -0.0000 0.3926
vn 0.8254 -0.0000 0.5645
vn 0.8254 -0.0000 0.5646
vn 0.6993 -0.0000 0.7148
vn 0.5465 -0.0000 0.8375
vn 0.5464 -0.0000 0.8375
vn 0.3726 -0.0000 0.9280
vn 0.1844 -0.0000 0.9829
vn -0.0109 -0.0000 0.9999
vn -0.2058 -0.0000 0.9786
vn -0.6179 0.4606 -0.6372
vn -0.3927 -0.0000 0.9197
vn -0.5646 -0.0000 0.8253
vn -0.7379 0.6232 0.2592
vn -0.7379 0.6232 0.2590
vn 0.6804 0.7021 -0.2099
vn 0.6804 0.7021 -0.2100
vn 0.1721 0.9797 0.1026
vn -0.8918 0.4517 0.0260
vn -0.8918 0.4517 0.0261
vn 0.2550 0.4608 -0.8501
vn 0.2551 0.4608 -0.8501
vn 0.0563 0.9930 0.1042
vn 0.0563 0.9930 0.1043
vn -0.5046 0.5300 0.6815
vn -0.3013 0.6037 0.7381
vn -0.4751 0.4584 -0.7511
vn 0.5897 0.8075 -0.0128
vn 0.5897 0.8075 -0.0129
vn 0.2105 0.9504 0.2289
vn -0.8759 0.4548 -0.1610
vn 0.4351 0.4843 -0.7590
vn 0.4351 0.4843 -0.7591
vn 0.0364 0.9978 0.0547
vn -0.6720 0.4843 0.5603
vn -0.3106 0.4548 -0.8347
vn 0.4308 0.8946 0.1189
vn 0.1919 0.8946 0.4036
vn 0.1918 0.8946 0.4036
vn 0.1920 0.8946 0.4036
vn -0.8222 0.4584 -0.3375
vn 0.5835 0.5300 -0.6153
vn 0.5835 0.5300 -0.6154
vn 0.0602 0.9978 0.0263
vn 0.0602 0.9978 0.0264
vn -0.7929 0.4608 0.3987
vn -0.7929 0.4608 0.3988
vn -0.1292 0.4517 -0.8828
vn 0.2619 0.9504 0.1677
vn 0.2619 0.9504 0.1676
vn 0.0897 0.8075 0.5830
vn 0.0896 0.8075 0.5830
vn -0.7349 0.4606 -0.4978
vn -0.7348 0.4606 -0.4978
vn 0.6746 0.6037 -0.4249
vn 0.6746 0.6036 -0.4248
vn 0.6746 0.6037 -0.4248
vn 0.6745 0.6037 -0.4249
vn 0.1124 0.9930 0.0374
vn -0.8654 0.4521 0.2160
vn 0.0624 0.4521 -0.8898
vn 0.1309 0.9797 0.1517
vn -0.0885 0.7021 0.7065
vn -0.0884 0.7021 0.7065
vn -0.0886 0.7021 0.7065
vn 0.7016 -0.4014 0.5887
vn 0.7018 -0.4011 0.5887
vn 0.7016 -0.4015 0.5887
vn 0.7017 -0.4015 0.5886
vn 0.7018 -0.4014 0.5886
vn 0.7017 -0.4014 0.5887
vn 0.7017 -0.4014 0.5886
vn 0.7016 -0.4013 0.5888
vn 0.7016 -0.4014 0.5888
vn 0.7015 -0.4014 0.5889
vn 0.0686 -0.1056 0.9920
vn 0.0685 -0.1056 0.9921
vn 0.0685 -0.1056 0.9920
vn 0.9889 -0.1056 -0.1047
vn -0.6706 0.7314 0.1242
vn -0.6706 0.7313 0.1242
vn -0.5157 -0.0878 0.8523
vn -0.5157 -0.0878 0.8522
vn -0.5156 -0.0878 0.8523
vn 0.6333 0.3342 0.6980
vn -0.5902 0.8072 -0.0047
vn 0.2313 0.6269 0.7440
vn 0.2312 0.6269 0.7440
vn -0.5026 0.8550 -0.1280
vn 0.1068 0.7775 0.6197
vn -0.4102 0.8780 -0.2465
vn -0.4102 0.8780 -0.2466
vn 0.0908 0.8702 0.4843
vn -0.3140 0.8780 -0.3612
vn 0.1247 0.9256 0.3573
vn -0.2133 0.8550 -0.4727
vn 0.1877 0.9518 0.2427
vn -0.1071 0.8072 -0.5804
vn -0.1071 0.8073 -0.5804
vn 0.2716 0.9518 0.1427
vn 0.0059 0.7314 -0.6819
vn 0.0059 0.7313 -0.6820
vn 0.3735 0.9256 0.0608
vn 0.1270 0.6232 -0.7717
vn 0.1269 0.6232 -0.7717
vn 0.4927 0.8702 0.0054
vn 0.4927 0.8702 0.0053
vn 0.2568 0.4793 -0.8392
vn 0.2568 0.4794 -0.8392
vn -0.7193 0.0998 0.6875
vn -0.7194 0.0999 0.6874
vn -0.7194 0.0998 0.6874
vn 0.6288 0.7776 -0.0024
vn 0.6288 0.7776 -0.0023
vn 0.6289 0.7775 -0.0024
vn 0.6289 0.7775 -0.0025
vn 0.3964 0.3010 -0.8673
vn 0.3963 0.3010 -0.8673
vn 0.3965 0.3009 -0.8673
vn -0.7853 0.3010 0.5410
vn 0.7728 0.6269 0.0986
vn 0.7728 0.6269 0.0985
vn 0.5521 0.0998 -0.8278
vn -0.7819 0.4794 0.3986
vn 0.7974 0.3342 0.5024
vn 0.7974 0.3343 0.5024
vn 0.7498 -0.0879 -0.6558
vn 0.7498 -0.0878 -0.6558
vn 0.7499 -0.0879 -0.6557
vn 0.7498 -0.0877 -0.6558
vn -0.0602 -0.0000 0.9982
vn -0.2538 -0.0000 0.9673
vn -0.4375 -0.0000 0.8992
vn -0.4378 -0.0000 0.8991
vn -0.6047 -0.0000 0.7965
vn -0.6046 -0.0000 0.7965
vn -0.7484 -0.0000 0.6633
vn -0.8634 -0.0000 0.5044
vn -0.9452 -0.0000 0.3264
vn -0.9907 -0.0000 0.1357
vn -0.9982 -0.0000 -0.0602
vn -0.9673 -0.0000 -0.2538
vn -0.8992 -0.0000 -0.4376
vn -0.7967 -0.0000 -0.6044
vn -0.6633 -0.0000 -0.7484
vn -0.5044 -0.0000 -0.8635
vn -0.5042 -0.0000 -0.8636
vn -0.5043 -0.0000 -0.8635
vn -0.5045 -0.0000 -0.8634
vn -0.3264 -0.0000 -0.9452
vn -0.1357 -0.0000 -0.9908
vn 0.0602 -0.0000 -0.9982
vn 0.2538 -0.0000 -0.9673
vn 0.4375 -0.0000 -0.8992
vn 0.6046 -0.0000 -0.7965
vn 0.7484 -0.0000 -0.6633
vn 0.8634 -0.0000 -0.5045
vn 0.9452 -0.0000 -0.3264
vn 0.9907 -0.0000 -0.1357
vn 0.9982 -0.0000 0.0602
vn 0.9673 -0.0000 0.2538
vn 0.8992 -0.0000 0.4376
vn 0.7965 -0.0000 0.6046
vn 0.6633 -0.0000 0.7484
vn 0.5044 -0.0000 0.8634
vn 0.5045 -0.0000 0.8634
vn -0.8857 0.4606 -0.0574
vn 0.3264 -0.0000 0.9452
vn 0.1357 -0.0000 0.9907
vn -0.0000 -1.0000 -0.0001
vn -0.3730 0.6232 0.6874
vn 0.3635 0.7021 -0.6124
vn 0.3634 0.7021 -0.6124
vn 0.1964 0.9797 -0.0395
vn -0.6435 0.4517 0.6180
vn -0.3818 0.4608 -0.8012
vn 0.1117 0.9930 0.0394
vn 0.0836 0.5300 0.8439
vn 0.0835 0.5300 0.8439
vn 0.0837 0.5300 0.8439
vn 0.2723 0.6037 0.7493
vn 0.2722 0.6037 0.7493
vn -0.8564 0.4584 -0.2376
vn 0.4284 0.8075 -0.4055
vn 0.4284 0.8075 -0.4054
vn 0.3097 0.9504 0.0283
vn 0.3097 0.9504 0.0282
vn -0.7572 0.4548 0.4688
vn -0.1872 0.4843 -0.8547
vn -0.1872 0.4843 -0.8546
vn 0.0637 0.9978 0.0161
vn 0.0637 0.9978 0.0162
vn -0.1219 0.4843 0.8664
vn -0.1218 0.4843 0.8664
vn -0.7906 0.4548 -0.4100
vn 0.3991 0.8946 -0.2011
vn 0.4132 0.8946 0.1703
vn -0.8359 0.4584 0.3019
vn 0.0195 0.5300 -0.8478
vn 0.0194 0.5300 -0.8478
vn 0.0623 0.9978 -0.0209
vn -0.3199 0.4608 0.8279
vn -0.3198 0.4608 0.8279
vn -0.6884 0.4517 -0.5675
vn -0.6885 0.4517 -0.5675
vn 0.3066 0.9504 -0.0516
vn 0.3066 0.9504 -0.0517
vn 0.4579 0.8075 0.3718
vn 0.4579 0.8075 0.3719
vn -0.8788 0.4606 0.1244
vn 0.2147 0.6037 -0.7678
vn 0.2146 0.6037 -0.7678
vn 0.2148 0.6037 -0.7678
vn 0.1084 0.9930 -0.0477
vn -0.4964 0.4521 0.7411
vn -0.5512 0.4521 -0.7013
vn 0.1989 0.9797 0.0245
vn 0.4088 0.7021 0.5830
vn 0.4088 0.7021 0.5831
vn 0.9152 -0.4014 -0.0347
vn 0.9152 -0.4015 -0.0353
vn 0.9152 -0.4014 -0.0349
vn 0.9152 -0.4016 -0.0348
vn 0.9153 -0.4012 -0.0347
vn 0.9152 -0.4015 -0.0347
vn 0.9154 -0.4011 -0.0348
vn 0.9153 -0.4014 -0.0346
vn 0.9153 -0.4013 -0.0346
vn 0.9152 -0.4014 -0.0348
vn 0.9154 -0.4010 -0.0347
vn 0.9153 -0.4014 -0.0347
vn 0.9152 -0.4015 -0.0348
vn 0.9153 -0.4013 -0.0347
vn 0.7169 -0.1056 0.6892
vn 0.7169 -0.1056 0.6891
vn 0.6626 -0.1057 -0.7415
vn 0.6626 -0.1056 -0.7415
vn -0.4135 0.7314 0.5423
vn 0.1902 -0.0879 0.9778
vn 0.1903 -0.0879 0.9778
vn 0.1901 -0.0878 0.9778
vn 0.9380 0.3342 0.0922
vn 0.9380 0.3343 0.0922
vn 0.9380 0.3342 0.0923
vn -0.4406 0.8072 0.3928
vn 0.6709 0.6269 0.3961
vn 0.6709 0.6269 0.3962
vn -0.4584 0.8550 0.2426
vn 0.4952 0.7776 0.3875
vn 0.4952 0.7775 0.3876
vn -0.4695 0.8780 0.0927
vn -0.4695 0.8780 0.0928
vn 0.3925 0.8702 0.2979
vn -0.4752 0.8780 -0.0569
vn 0.3323 0.9256 0.1811
vn 0.3323 0.9257 0.1809
vn 0.3323 0.9256 0.1809
vn -0.4755 0.8550 -0.2071
vn 0.3021 0.9518 0.0540
vn 0.3021 0.9518 0.0539
vn -0.4691 0.8072 -0.3582
vn 0.2971 0.9518 -0.0766
vn -0.4535 0.7314 -0.5094
vn -0.4535 0.7313 -0.5094
vn 0.3176 0.9256 -0.2057
vn 0.3176 0.9257 -0.2056
vn 0.3176 0.9256 -0.2058
vn -0.4240 0.6232 -0.6571
vn -0.4240 0.6231 -0.6572
vn 0.3687 0.8702 -0.3268
vn -0.3731 0.4795 -0.7943
vn -0.3731 0.4794 -0.7944
vn -0.0715 0.0998 0.9924
vn 0.4644 0.7775 -0.4240
vn -0.2886 0.3010 -0.9089
vn -0.2188 0.3010 0.9282
vn -0.2189 0.3010 0.9282
vn 0.6389 0.6269 -0.4459
vn 0.6389 0.6269 -0.4458
vn -0.1465 0.0998 -0.9842
vn -0.3118 0.4793 0.8204
vn -0.3118 0.4794 0.8203
vn -0.3118 0.4794 0.8204
vn 0.9283 0.3342 -0.1630
vn 0.9283 0.3341 -0.1630
vn 0.9283 0.3342 -0.1629
vn 0.1154 -0.0878 -0.9894
vn 0.1155 -0.0878 -0.9894
vt 0.000000 0.000000
vt 1.000000 1.000000
vt 0.968800 1.000000
vt 0.968800 0.500000
vt 1.000000 0.500000
vt 0.937500 1.000000
vt 0.937500 0.500000
vt 0.906200 1.000000
vt 0.906200 0.500000
vt 0.875000 1.000000
vt 0.875000 0.500000
vt 0.843800 1.000000
vt 0.843800 0.500000
vt 0.812500 0.500000
vt 0.812500 1.000000
vt 0.781200 0.500000
vt 0.781200 1.000000
vt 0.750000 1.000000
vt 0.750000 0.500000
vt 0.718800 0.500000
vt 0.718800 1.000000
vt 0.687500 0.500000
vt 0.687500 1.000000
vt 0.656200 0.500000
vt 0.656200 1.000000
vt 0.625000 1.000000
vt 0.625000 0.500000
vt 0.593800 0.500000
vt 0.593800 1.000000
vt 0.562500 0.500000
vt 0.562500 1.000000
vt 0.531200 0.500000
vt 0.531200 1.000000
vt 0.500000 0.500000
vt 0.500000 1.000000
vt 0.468800 0.500000
vt 0.468800 1.000000
vt 0.437500 0.500000
vt 0.437500 1.000000
vt 0.406200 0.500000
vt 0.406200 1.000000
vt 0.375000 1.000000
vt 0.375000 0.500000
vt 0.343800 1.000000
vt 0.343800 0.500000
vt 0.312500 0.500000
vt 0.312500 1.000000
vt 0.281200 0.500000
vt 0.281200 1.000000
vt 0.250000 1.000000
vt 0.250000 0.500000
vt 0.218800 1.000000
vt 0.218800 0.500000
vt 0.187500 0.500000
vt 0.187500 1.000000
vt 0.156200 1.000000
vt 0.156200 0.500000
vt 0.125000 0.500000
vt 0.125000 1.000000
vt 0.093800 0.500000
vt 0.093800 1.000000
vt 0.062500 1.000000
vt 0.062500 0.500000
vt 0.031200 1.000000
vt 0.031200 0.500000
vt 0.000000 1.000000
vt 0.000000 0.500000
vt 0.796800 0.485400
vt 0.841800 0.471700
vt 0.883300 0.449600
vt 0.919700 0.419700
vt 0.949600 0.383300
vt 0.971700 0.341800
vt 0.985400 0.296800
vt 0.990000 0.250000
vt 0.985400 0.203200
vt 0.971700 0.158200
vt 0.949600 0.116700
vt 0.919700 0.080300
vt 0.883300 0.050400
vt 0.841800 0.028300
vt 0.796800 0.014600
vt 0.750000 0.010000
vt 0.703200 0.014600
vt 0.658200 0.028300
vt 0.616700 0.050400
vt 0.580300 0.080300
vt 0.550400 0.116700
vt 0.528300 0.158200
vt 0.514600 0.203200
vt 0.510000 0.250000
vt 0.514600 0.296800
vt 0.528300 0.341800
vt 0.550400 0.383300
vt 0.580300 0.419700
vt 0.616700 0.449600
vt 0.658200 0.471700
vt 0.750000 0.490000
vt 0.703200 0.485400
vt 0.296800 0.485400
vt 0.250000 0.490000
vt 0.203200 0.485400
vt 0.158200 0.471700
vt 0.116700 0.449600
vt 0.080300 0.419700
vt 0.050400 0.383300
vt 0.028300 0.341800
vt 0.014600 0.296800
vt 0.010000 0.250000
vt 0.014600 0.203200
vt 0.028300 0.158200
vt 0.050400 0.116700
vt 0.080300 0.080300
vt 0.116700 0.050400
vt 0.158200 0.028300
vt 0.203200 0.014600
vt 0.250000 0.010000
vt 0.296800 0.014600
vt 0.341800 0.028300
vt 0.383300 0.050400
vt 0.419700 0.080300
vt 0.449600 0.116700
vt 0.471700 0.158200
vt 0.485400 0.203200
vt 0.490000 0.250000
vt 0.485400 0.296800
vt 0.471700 0.341800
vt 0.449600 0.383300
vt 0.419700 0.419700
vt 0.383300 0.449600
vt 0.341800 0.471700
s 1
g off
g pie_trasero_izquierdo_Goddard_None
usemtl Goddard_None
f 1/1/1 2/1/2 3/1/3
f 3/1/3 4/1/4 5/1/5
f 1/1/1 3/1/3 5/1/5
f 5/1/5 6/1/2 7/1/6
f 7/1/6 8/1/2 9/1/7
f 5/1/5 7/1/6 9/1/7
f 1/1/1 5/1/5 9/1/7
f 9/1/7 10/1/2 11/1/8
f 11/1/8 12/1/9 13/1/2
f 9/1/7 11/1/8 13/1/2
f 13/1/2 14/1/8 15/1/2
f 15/1/2 16/1/2 17/1/10
f 13/1/2 15/1/2 17/1/10
f 9/1/7 13/1/2 17/1/10
f 17/1/10 18/1/2 19/1/4
f 19/1/4 20/1/2 21/1/2
f 17/1/10 19/1/4 21/1/2
f 21/1/2 22/1/11 23/1/11
f 23/1/11 24/1/2 25/1/9
f 21/1/2 23/1/11 25/1/9
f 17/1/10 21/1/2 25/1/9
f 9/1/7 17/1/10 25/1/9
f 1/1/1 9/1/7 25/1/9
f 26/1/2 27/1/2 28/1/12
f 25/1/9 26/1/2 28/1/12
f 25/1/9 28/1/12 29/1/2
f 1/1/1 25/1/9 29/1/2
f 30/1/1 1/1/1 29/1/2
f 30/1/1 29/1/2 31/1/2
f 30/1/1 31/1/2 32/1/2
s 2
f 33/1/13 34/1/14 35/1/15
f 35/1/15 36/1/16 33/1/13
s 3
f 19/1/17 37/1/18 38/1/17
f 38/1/17 20/1/19 19/1/17
s 4
f 39/1/20 1/1/21 30/1/20
f 30/1/20 40/1/22 39/1/20
s 5
f 5/1/23 41/1/24 42/1/24
f 42/1/24 6/1/24 5/1/23
s 6
f 18/1/25 43/1/26 37/1/27
f 37/1/27 19/1/26 18/1/25
s 7
f 40/1/28 30/1/29 32/1/28
f 32/1/28 44/1/29 40/1/28
s 8
f 4/1/30 45/1/31 41/1/32
f 41/1/32 5/1/33 4/1/30
s 9
f 17/1/34 46/1/35 43/1/34
f 43/1/34 18/1/36 17/1/34
s 10
f 44/1/37 32/1/38 31/1/39
f 31/1/39 47/1/38 44/1/37
s 11
f 3/1/40 48/1/40 45/1/41
f 45/1/41 4/1/42 3/1/40
s 12
f 16/1/43 49/1/43 46/1/43
f 46/1/43 17/1/43 16/1/43
s 13
f 31/1/44 29/1/44 50/1/44
f 50/1/44 47/1/44 31/1/44
s 14
f 2/1/45 51/1/45 48/1/45
f 48/1/45 3/1/46 2/1/45
s 15
f 15/1/47 52/1/47 49/1/48
f 49/1/48 16/1/49 15/1/47
s 16
f 28/1/50 53/1/50 50/1/50
f 50/1/50 29/1/50 28/1/50
s 17
f 2/1/51 1/1/51 39/1/51
f 39/1/51 51/1/51 2/1/51
s 18
f 14/1/52 54/1/53 52/1/52
f 52/1/52 15/1/54 14/1/52
s 19
f 55/1/55 53/1/56 28/1/57
f 28/1/57 27/1/58 55/1/55
s 20
f 13/1/59 56/1/59 54/1/59
f 54/1/59 14/1/59 13/1/59
s 21
f 26/1/60 57/1/60 55/1/60
f 55/1/60 27/1/60 26/1/60
s 22
f 12/1/61 58/1/62 56/1/61
f 56/1/61 13/1/61 12/1/61
s 23
f 36/1/63 57/1/64 26/1/65
f 26/1/65 25/1/63 36/1/63
s 24
f 11/1/66 59/1/67 58/1/68
f 58/1/68 12/1/68 11/1/66
s 25
f 36/1/69 25/1/70 24/1/69
f 24/1/69 33/1/69 36/1/69
s 26
f 10/1/71 60/1/72 59/1/73
f 59/1/73 11/1/74 10/1/71
s 27
f 24/1/75 23/1/75 61/1/75
f 61/1/75 33/1/75 24/1/75
s 28
f 9/1/76 62/1/77 60/1/78
f 60/1/78 10/1/76 9/1/76
s 29
f 22/1/79 63/1/80 61/1/81
f 61/1/81 23/1/82 22/1/79
s 30
f 8/1/83 64/1/84 62/1/85
f 62/1/85 9/1/86 8/1/83
s 31
f 21/1/87 65/1/87 63/1/87
f 63/1/87 22/1/87 21/1/87
s 32
f 7/1/88 66/1/88 64/1/89
f 64/1/89 8/1/88 7/1/88
s 33
f 20/1/90 38/1/91 65/1/90
f 65/1/90 21/1/90 20/1/90
s 34
f 6/1/92 42/1/92 66/1/92
f 66/1/92 7/1/93 6/1/92
s 35
f 67/1/94 68/1/94 69/1/95
f 69/1/95 70/1/94 67/1/94
s 36
f 60/1/96 71/1/97 72/1/98
f 72/1/98 59/1/98 60/1/96
s 37
f 61/1/99 73/1/99 34/1/99
f 34/1/99 33/1/99 61/1/99
s 38
f 62/1/100 74/1/101 71/1/101
f 71/1/101 60/1/102 62/1/100
s 39
f 63/1/103 70/1/103 73/1/103
f 73/1/103 61/1/103 63/1/103
s 40
f 64/1/104 75/1/104 74/1/104
f 74/1/104 62/1/104 64/1/104
s 41
f 65/1/105 67/1/106 70/1/107
f 70/1/107 63/1/108 65/1/105
s 42
f 66/1/109 76/1/110 75/1/111
f 75/1/111 64/1/112 66/1/109
s 43
f 38/1/113 77/1/114 67/1/115
f 67/1/115 65/1/116 38/1/113
s 44
f 42/1/117 78/1/117 76/1/117
f 76/1/117 66/1/117 42/1/117
s 45
f 37/1/118 79/1/119 77/1/120
f 77/1/120 38/1/121 37/1/118
s 46
f 40/1/122 80/1/123 81/1/124
f 81/1/124 39/1/124 40/1/122
s 47
f 41/1/125 82/1/126 78/1/127
f 78/1/127 42/1/126 41/1/125
s 48
f 43/1/128 83/1/129 79/1/128
f 79/1/128 37/1/130 43/1/128
s 49
f 44/1/131 84/1/132 80/1/133
f 80/1/133 40/1/134 44/1/131
s 50
f 45/1/135 85/1/136 82/1/137
f 82/1/137 41/1/138 45/1/135
s 51
f 46/1/139 86/1/140 83/1/139
f 83/1/139 43/1/141 46/1/139
s 52
f 47/1/142 87/1/143 84/1/144
f 84/1/144 44/1/145 47/1/142
s 53
f 48/1/146 88/1/146 85/1/147
f 85/1/147 45/1/146 48/1/146
s 54
f 49/1/148 89/1/149 86/1/150
f 86/1/150 46/1/148 49/1/148
s 55
f 50/1/151 90/1/152 87/1/153
f 87/1/153 47/1/154 50/1/151
s 56
f 51/1/155 91/1/156 88/1/155
f 88/1/155 48/1/157 51/1/155
s 57
f 52/1/158 92/1/159 89/1/160
f 89/1/160 49/1/161 52/1/158
s 58
f 53/1/162 93/1/162 90/1/163
f 90/1/163 50/1/164 53/1/162
s 59
f 51/1/165 39/1/166 81/1/166
f 81/1/166 91/1/166 51/1/165
s 60
f 54/1/167 94/1/167 92/1/168
f 92/1/168 52/1/169 54/1/167
s 61
f 55/1/170 95/1/171 93/1/172
f 93/1/172 53/1/173 55/1/170
s 62
f 56/1/174 96/1/175 94/1/175
f 94/1/175 54/1/175 56/1/174
s 63
f 57/1/176 97/1/177 95/1/176
f 95/1/176 55/1/176 57/1/176
s 64
f 58/1/178 98/1/179 96/1/180
f 96/1/180 56/1/179 58/1/178
s 65
f 36/1/181 35/1/181 97/1/182
f 97/1/182 57/1/181 36/1/181
s 66
f 59/1/183 72/1/184 98/1/183
f 98/1/183 58/1/185 59/1/183
s 67
f 99/1/26 100/1/26 101/1/26
f 101/1/26 102/1/27 99/1/26
s 68
f 76/1/186 103/1/187 104/1/188
f 104/1/188 75/1/187 76/1/186
s 69
f 77/1/189 105/1/190 68/1/191
f 68/1/191 67/1/192 77/1/189
s 70
f 78/1/193 106/1/194 103/1/195
f 103/1/195 76/1/195 78/1/193
s 71
f 79/1/196 99/1/197 105/1/198
f 105/1/198 77/1/199 79/1/196
s 72
f 80/1/200 107/1/201 108/1/201
f 108/1/201 81/1/202 80/1/200
s 73
f 82/1/203 109/1/204 106/1/205
f 106/1/205 78/1/206 82/1/203
s 74
f 83/1/207 100/1/208 99/1/207
f 99/1/207 79/1/209 83/1/207
s 75
f 84/1/210 110/1/210 107/1/210
f 107/1/210 80/1/211 84/1/210
s 76
f 85/1/212 111/1/213 109/1/214
f 109/1/214 82/1/212 85/1/212
s 77
f 86/1/215 112/1/216 100/1/217
f 100/1/217 83/1/215 86/1/215
s 78
f 87/1/218 113/1/218 110/1/219
f 110/1/219 84/1/218 87/1/218
s 79
f 88/1/220 114/1/221 111/1/220
f 111/1/220 85/1/222 88/1/220
s 80
f 89/1/223 115/1/224 112/1/225
f 112/1/225 86/1/226 89/1/223
s 81
f 90/1/227 116/1/227 113/1/228
f 113/1/228 87/1/229 90/1/227
s 82
f 91/1/230 117/1/230 114/1/231
f 114/1/231 88/1/230 91/1/230
s 83
f 92/1/232 118/1/232 115/1/233
f 115/1/233 89/1/233 92/1/232
s 84
f 93/1/234 119/1/235 116/1/235
f 116/1/235 90/1/236 93/1/234
s 85
f 91/1/237 81/1/238 108/1/239
f 108/1/239 117/1/240 91/1/237
s 86
f 94/1/241 120/1/241 118/1/241
f 118/1/241 92/1/241 94/1/241
s 87
f 95/1/242 121/1/242 119/1/242
f 119/1/242 93/1/243 95/1/242
s 88
f 96/1/244 122/1/244 120/1/245
f 120/1/245 94/1/244 96/1/244
s 89
f 97/1/246 123/1/247 121/1/248
f 121/1/248 95/1/249 97/1/246
s 90
f 98/1/250 124/1/251 122/1/251
f 122/1/251 96/1/251 98/1/250
s 91
f 35/1/252 125/1/253 123/1/252
f 123/1/252 97/1/254 35/1/252
s 92
f 72/1/255 126/1/256 124/1/257
f 124/1/257 98/1/257 72/1/255
s 93
f 34/1/258 127/1/259 125/1/259
f 125/1/259 35/1/260 34/1/258
s 94
f 71/1/261 128/1/261 126/1/261
f 126/1/261 72/1/261 71/1/261
s 95
f 73/1/262 129/1/262 127/1/263
f 127/1/263 34/1/264 73/1/262
s 96
f 74/1/265 130/1/266 128/1/265
f 128/1/265 71/1/265 74/1/265
s 97
f 70/1/267 69/1/267 129/1/267
f 129/1/267 73/1/267 70/1/267
s 98
f 75/1/268 104/1/268 130/1/269
f 130/1/269 74/1/268 75/1/268
s 99
f 131/1/270 132/1/271 133/1/272
f 133/1/272 134/1/273 131/1/270
s 100
f 110/1/29 135/1/28 136/1/29
f 136/1/29 107/1/29 110/1/29
s 101
f 137/1/274 138/1/275 109/1/276
f 109/1/276 111/1/277 137/1/274
s 102
f 100/1/278 112/1/279 139/1/34
f 139/1/34 101/1/280 100/1/278
s 103
f 113/1/281 140/1/38 135/1/282
f 135/1/282 110/1/283 113/1/281
s 104
f 111/1/284 114/1/285 141/1/284
f 141/1/284 137/1/286 111/1/284
s 105
f 112/1/287 115/1/288 134/1/287
f 134/1/287 139/1/289 112/1/287
s 106
f 116/1/290 142/1/291 140/1/291
f 140/1/291 113/1/290 116/1/290
s 107
f 114/1/46 117/1/46 143/1/292
f 143/1/292 141/1/46 114/1/46
s 108
f 115/1/293 118/1/47 131/1/294
f 131/1/294 134/1/47 115/1/293
s 109
f 119/1/295 144/1/296 142/1/297
f 142/1/297 116/1/298 119/1/295
s 110
f 143/1/299 117/1/300 108/1/301
f 108/1/301 145/1/302 143/1/299
s 111
f 118/1/303 120/1/304 146/1/305
f 146/1/305 131/1/53 118/1/303
s 112
f 121/1/306 147/1/307 144/1/306
f 144/1/306 119/1/308 121/1/306
s 113
f 148/1/59 146/1/59 120/1/59
f 120/1/59 122/1/59 148/1/59
s 114
f 123/1/309 149/1/310 147/1/311
f 147/1/311 121/1/312 123/1/309
s 115
f 122/1/313 124/1/314 150/1/315
f 150/1/315 148/1/316 122/1/313
s 116
f 123/1/317 125/1/317 151/1/317
f 151/1/317 149/1/317 123/1/317
s 117
f 124/1/318 126/1/68 152/1/318
f 152/1/318 150/1/319 124/1/318
s 118
f 125/1/69 127/1/69 153/1/69
f 153/1/69 151/1/69 125/1/69
s 119
f 154/1/320 152/1/320 126/1/321
f 126/1/321 128/1/322 154/1/320
s 120
f 153/1/323 127/1/324 129/1/325
f 129/1/325 155/1/326 153/1/323
s 121
f 128/1/77 130/1/77 156/1/77
f 156/1/77 154/1/77 128/1/77
s 122
f 129/1/327 69/1/328 157/1/327
f 157/1/327 155/1/329 129/1/327
s 123
f 130/1/86 104/1/86 158/1/86
f 158/1/86 156/1/86 130/1/86
s 124
f 157/1/330 69/1/331 68/1/332
f 68/1/332 159/1/333 157/1/330
s 125
f 160/1/334 158/1/335 104/1/336
f 104/1/336 103/1/88 160/1/334
s 126
f 159/1/337 68/1/91 105/1/91
f 105/1/91 161/1/91 159/1/337
s 127
f 103/1/338 106/1/339 162/1/339
f 162/1/339 160/1/340 103/1/338
s 128
f 102/1/341 161/1/342 105/1/343
f 105/1/343 99/1/344 102/1/341
s 129
f 107/1/345 136/1/346 145/1/345
f 145/1/345 108/1/20 107/1/345
s 130
f 106/1/347 109/1/348 138/1/349
f 138/1/349 162/1/24 106/1/347
s 131
f 163/1/350 164/1/351 165/1/352
f 165/1/352 166/1/352 163/1/350
s 132
f 144/1/353 167/1/354 168/1/355
f 168/1/355 142/1/356 144/1/353
s 133
f 169/1/357 143/1/357 145/1/357
f 145/1/357 170/1/358 169/1/357
s 134
f 132/1/359 131/1/360 146/1/359
f 146/1/359 171/1/361 132/1/359
s 135
f 172/1/362 167/1/363 144/1/364
f 144/1/364 147/1/365 172/1/362
s 136
f 148/1/366 166/1/367 171/1/368
f 171/1/368 146/1/369 148/1/366
s 137
f 149/1/370 173/1/371 172/1/372
f 172/1/372 147/1/373 149/1/370
s 138
f 150/1/374 163/1/375 166/1/375
f 166/1/375 148/1/374 150/1/374
s 139
f 151/1/376 174/1/376 173/1/376
f 173/1/376 149/1/377 151/1/376
s 140
f 175/1/378 163/1/378 150/1/378
f 150/1/378 152/1/378 175/1/378
s 141
f 153/1/379 176/1/380 174/1/381
f 174/1/381 151/1/382 153/1/379
s 142
f 154/1/383 177/1/384 175/1/383
f 175/1/383 152/1/385 154/1/383
s 143
f 178/1/386 176/1/387 153/1/388
f 153/1/388 155/1/389 178/1/386
s 144
f 156/1/390 179/1/391 177/1/390
f 177/1/390 154/1/390 156/1/390
s 145
f 157/1/392 180/1/393 178/1/394
f 178/1/394 155/1/395 157/1/392
s 146
f 181/1/396 179/1/397 156/1/397
f 156/1/397 158/1/397 181/1/396
s 147
f 159/1/398 182/1/399 180/1/400
f 180/1/400 157/1/401 159/1/398
s 148
f 160/1/402 183/1/403 181/1/403
f 181/1/403 158/1/404 160/1/402
s 149
f 184/1/405 182/1/406 159/1/405
f 159/1/405 161/1/405 184/1/405
s 150
f 162/1/407 185/1/408 183/1/409
f 183/1/409 160/1/410 162/1/407
s 151
f 102/1/411 186/1/412 184/1/413
f 184/1/413 161/1/412 102/1/411
s 152
f 136/1/414 187/1/415 170/1/416
f 170/1/416 145/1/417 136/1/414
s 153
f 185/1/418 162/1/419 138/1/420
f 138/1/420 188/1/421 185/1/418
s 154
f 101/1/422 189/1/423 186/1/423
f 186/1/423 102/1/424 101/1/422
s 155
f 135/1/425 190/1/426 187/1/427
f 187/1/427 136/1/428 135/1/425
s 156
f 137/1/429 191/1/430 188/1/431
f 188/1/431 138/1/432 137/1/429
s 157
f 192/1/433 189/1/433 101/1/433
f 101/1/433 139/1/433 192/1/433
s 158
f 193/1/434 190/1/434 135/1/435
f 135/1/435 140/1/436 193/1/434
s 159
f 141/1/437 194/1/438 191/1/439
f 191/1/439 137/1/437 141/1/437
s 160
f 134/1/440 133/1/441 192/1/440
f 192/1/440 139/1/442 134/1/440
s 161
f 142/1/443 168/1/444 193/1/443
f 193/1/443 140/1/443 142/1/443
s 162
f 169/1/445 194/1/445 141/1/446
f 141/1/446 143/1/447 169/1/445
s 163
f 195/1/448 196/1/448 197/1/448
f 197/1/448 198/1/449 195/1/448
s 164
f 199/1/450 173/1/451 174/1/452
f 174/1/452 200/1/453 199/1/450
s 165
f 175/1/454 201/1/455 164/1/454
f 164/1/454 163/1/456 175/1/454
s 166
f 176/1/457 202/1/458 200/1/457
f 200/1/457 174/1/459 176/1/457
s 167
f 201/1/460 175/1/461 177/1/462
f 177/1/462 197/1/463 201/1/460
s 168
f 178/1/464 203/1/465 202/1/464
f 202/1/464 176/1/464 178/1/464
s 169
f 179/1/466 198/1/467 197/1/468
f 197/1/468 177/1/468 179/1/466
s 170
f 204/1/469 203/1/469 178/1/470
f 178/1/470 180/1/471 204/1/469
s 171
f 181/1/472 205/1/473 198/1/474
f 198/1/474 179/1/475 181/1/472
s 172
f 182/1/476 206/1/477 204/1/478
f 204/1/478 180/1/479 182/1/476
s 173
f 205/1/480 181/1/481 183/1/482
f 183/1/482 207/1/481 205/1/480
s 174
f 184/1/483 208/1/483 206/1/484
f 206/1/484 182/1/485 184/1/483
s 175
f 185/1/486 209/1/487 207/1/488
f 207/1/488 183/1/489 185/1/486
s 176
f 210/1/490 208/1/490 184/1/491
f 184/1/491 186/1/492 210/1/490
s 177
f 170/1/493 187/1/494 211/1/493
f 211/1/493 212/1/495 170/1/493
s 178
f 188/1/496 213/1/497 209/1/498
f 209/1/498 185/1/498 188/1/496
s 179
f 189/1/499 214/1/499 210/1/499
f 210/1/499 186/1/499 189/1/499
s 180
f 190/1/500 215/1/501 211/1/502
f 211/1/502 187/1/503 190/1/500
s 181
f 216/1/504 213/1/505 188/1/506
f 188/1/506 191/1/507 216/1/504
s 182
f 192/1/508 217/1/509 214/1/508
f 214/1/508 189/1/509 192/1/508
s 183
f 193/1/510 218/1/511 215/1/512
f 215/1/512 190/1/511 193/1/510
s 184
f 194/1/513 219/1/514 216/1/513
f 216/1/513 191/1/513 194/1/513
s 185
f 217/1/515 192/1/516 133/1/517
f 133/1/517 220/1/516 217/1/515
s 186
f 168/1/518 221/1/519 218/1/520
f 218/1/520 193/1/519 168/1/518
s 187
f 169/1/521 222/1/521 219/1/521
f 219/1/521 194/1/521 169/1/521
s 188
f 132/1/522 223/1/523 220/1/522
f 220/1/522 133/1/524 132/1/522
s 189
f 221/1/525 168/1/526 167/1/525
f 167/1/525 224/1/527 221/1/525
s 190
f 212/1/528 222/1/529 169/1/530
f 169/1/530 170/1/531 212/1/528
s 191
f 171/1/532 225/1/533 223/1/533
f 223/1/533 132/1/532 171/1/532
s 192
f 172/1/534 226/1/535 224/1/536
f 224/1/536 167/1/535 172/1/534
s 193
f 225/1/537 171/1/538 166/1/539
f 166/1/539 165/1/540 225/1/537
s 194
f 173/1/541 199/1/541 226/1/541
f 226/1/541 172/1/541 173/1/541
s 195
f 227/1/542 228/1/542 229/1/543
f 229/1/543 230/1/542 227/1/542
s 196
f 204/1/544 231/1/544 232/1/545
f 232/1/545 203/1/81 204/1/544
s 197
f 205/1/546 233/1/546 195/1/547
f 195/1/547 198/1/548 205/1/546
s 198
f 234/1/549 231/1/550 204/1/551
f 204/1/551 206/1/552 234/1/549
s 199
f 207/1/334 230/1/334 233/1/88
f 233/1/88 205/1/88 207/1/334
s 200
f 208/1/91 235/1/91 234/1/91
f 234/1/91 206/1/91 208/1/91
s 201
f 227/1/553 230/1/553 207/1/554
f 207/1/554 209/1/555 227/1/553
s 202
f 210/1/556 236/1/557 235/1/558
f 235/1/558 208/1/559 210/1/556
s 203
f 212/1/20 211/1/20 237/1/20
f 237/1/20 238/1/20 212/1/20
s 204
f 213/1/23 239/1/560 227/1/23
f 227/1/23 209/1/561 213/1/23
s 205
f 240/1/562 236/1/563 210/1/562
f 210/1/562 214/1/562 240/1/562
s 206
f 237/1/564 211/1/29 215/1/564
f 215/1/564 241/1/29 237/1/564
s 207
f 216/1/565 242/1/31 239/1/566
f 239/1/566 213/1/567 216/1/565
s 208
f 217/1/34 243/1/568 240/1/34
f 240/1/34 214/1/34 217/1/34
s 209
f 241/1/569 215/1/38 218/1/570
f 218/1/570 244/1/571 241/1/569
s 210
f 245/1/572 242/1/572 216/1/40
f 216/1/40 219/1/573 245/1/572
s 211
f 220/1/574 246/1/575 243/1/576
f 243/1/576 217/1/574 220/1/574
s 212
f 221/1/291 247/1/291 244/1/291
f 244/1/291 218/1/291 221/1/291
s 213
f 222/1/577 248/1/46 245/1/578
f 245/1/578 219/1/577 222/1/577
s 214
f 249/1/579 246/1/293 220/1/579
f 220/1/579 223/1/579 249/1/579
s 215
f 224/1/580 250/1/581 247/1/582
f 247/1/582 221/1/583 224/1/580
s 216
f 238/1/584 248/1/585 222/1/584
f 222/1/584 212/1/584 238/1/584
s 217
f 225/1/586 251/1/587 249/1/586
f 249/1/586 223/1/53 225/1/586
s 218
f 250/1/588 224/1/307 226/1/588
f 226/1/588 252/1/589 250/1/588
s 219
f 165/1/590 253/1/591 251/1/592
f 251/1/592 225/1/593 165/1/590
s 220
f 199/1/594 254/1/594 252/1/594
f 252/1/594 226/1/594 199/1/594
s 221
f 255/1/595 253/1/315 165/1/595
f 165/1/595 164/1/61 255/1/595
s 222
f 200/1/596 256/1/596 254/1/317
f 254/1/317 199/1/596 200/1/596
s 223
f 201/1/597 257/1/598 255/1/597
f 255/1/597 164/1/68 201/1/597
s 224
f 258/1/69 256/1/599 200/1/69
f 200/1/69 202/1/69 258/1/69
s 225
f 197/1/320 196/1/320 257/1/71
f 257/1/71 201/1/320 197/1/320
s 226
f 203/1/75 232/1/600 258/1/601
f 258/1/601 202/1/75 203/1/75
s 227
f 259/1/602 260/1/603 261/1/604
f 261/1/604 262/1/602 259/1/602
s 228
f 236/1/605 263/1/605 264/1/605
f 264/1/605 235/1/605 236/1/605
s 229
f 265/1/606 266/1/607 238/1/608
f 238/1/608 237/1/607 265/1/606
s 230
f 267/1/609 228/1/609 227/1/610
f 227/1/610 239/1/609 267/1/609
s 231
f 240/1/611 268/1/611 263/1/612
f 263/1/612 236/1/611 240/1/611
s 232
f 241/1/613 269/1/613 265/1/613
f 265/1/613 237/1/613 241/1/613
s 233
f 242/1/614 270/1/614 267/1/614
f 267/1/614 239/1/614 242/1/614
s 234
f 271/1/615 268/1/616 240/1/616
f 240/1/616 243/1/616 271/1/615
s 235
f 244/1/617 272/1/617 269/1/617
f 269/1/617 241/1/617 244/1/617
s 236
f 245/1/618 273/1/618 270/1/618
f 270/1/618 242/1/618 245/1/618
s 237
f 246/1/619 274/1/619 271/1/619
f 271/1/619 243/1/619 246/1/619
s 238
f 275/1/620 272/1/620 244/1/620
f 244/1/620 247/1/620 275/1/620
s 239
f 273/1/621 245/1/622 248/1/623
f 248/1/623 276/1/622 273/1/621
s 240
f 249/1/624 277/1/625 274/1/626
f 274/1/626 246/1/625 249/1/624
s 241
f 250/1/627 278/1/628 275/1/629
f 275/1/629 247/1/628 250/1/627
s 242
f 266/1/630 276/1/631 248/1/631
f 248/1/631 238/1/631 266/1/630
s 243
f 277/1/632 249/1/632 251/1/632
f 251/1/632 279/1/632 277/1/632
s 244
f 252/1/633 280/1/634 278/1/634
f 278/1/634 250/1/634 252/1/633
s 245
f 253/1/635 281/1/635 279/1/635
f 279/1/635 251/1/635 253/1/635
s 246
f 282/1/636 280/1/636 252/1/636
f 252/1/636 254/1/636 282/1/636
s 247
f 255/1/637 283/1/638 281/1/638
f 281/1/638 253/1/638 255/1/637
s 248
f 256/1/639 284/1/639 282/1/639
f 282/1/639 254/1/639 256/1/639
s 249
f 261/1/640 283/1/641 255/1/642
f 255/1/642 257/1/641 261/1/640
s 250
f 258/1/643 285/1/643 284/1/644
f 284/1/644 256/1/643 258/1/643
s 251
f 196/1/645 262/1/646 261/1/646
f 261/1/646 257/1/646 196/1/645
s 252
f 285/1/647 258/1/647 232/1/648
f 232/1/648 286/1/647 285/1/647
s 253
f 195/1/649 287/1/650 262/1/651
f 262/1/651 196/1/652 195/1/649
s 254
f 231/1/653 288/1/653 286/1/654
f 286/1/654 232/1/653 231/1/653
s 255
f 287/1/655 195/1/656 233/1/657
f 233/1/657 289/1/658 287/1/655
s 256
f 234/1/659 290/1/660 288/1/660
f 288/1/660 231/1/660 234/1/659
s 257
f 230/1/661 229/1/661 289/1/662
f 289/1/662 233/1/661 230/1/661
s 258
f 264/1/663 290/1/664 234/1/664
f 234/1/664 235/1/664 264/1/663
s 259
f 291/1/665 292/1/666 293/1/665
f 293/1/665 294/1/667 291/1/665
s 260
f 286/1/668 295/1/669 296/1/668
f 296/1/668 285/1/670 286/1/668
s 261
f 287/1/671 297/1/672 259/1/673
f 259/1/673 262/1/674 287/1/671
s 262
f 298/1/675 295/1/676 286/1/677
f 286/1/677 288/1/678 298/1/675
s 263
f 289/1/679 294/1/680 297/1/680
f 297/1/680 287/1/680 289/1/679
s 264
f 290/1/681 299/1/682 298/1/683
f 298/1/683 288/1/684 290/1/681
s 265
f 294/1/685 289/1/686 229/1/687
f 229/1/687 291/1/686 294/1/685
s 266
f 264/1/688 300/1/689 299/1/688
f 299/1/688 290/1/690 264/1/688
s 267
f 228/1/691 301/1/691 291/1/691
f 291/1/691 229/1/691 228/1/691
s 268
f 300/1/692 264/1/693 263/1/694
f 263/1/694 302/1/695 300/1/692
s 269
f 266/1/696 265/1/697 303/1/698
f 303/1/698 304/1/698 266/1/696
s 270
f 267/1/699 305/1/700 301/1/701
f 301/1/701 228/1/700 267/1/699
s 271
f 268/1/702 306/1/703 302/1/704
f 302/1/704 263/1/705 268/1/702
s 272
f 269/1/706 307/1/707 303/1/708
f 303/1/708 265/1/709 269/1/706
s 273
f 308/1/710 305/1/711 267/1/712
f 267/1/712 270/1/713 308/1/710
s 274
f 271/1/714 309/1/715 306/1/716
f 306/1/716 268/1/717 271/1/714
s 275
f 272/1/718 310/1/719 307/1/720
f 307/1/720 269/1/721 272/1/718
s 276
f 273/1/722 311/1/723 308/1/722
f 308/1/722 270/1/724 273/1/722
s 277
f 312/1/725 309/1/726 271/1/727
f 271/1/727 274/1/728 312/1/725
s 278
f 275/1/729 313/1/730 310/1/729
f 310/1/729 272/1/731 275/1/729
s 279
f 276/1/732 314/1/732 311/1/732
f 311/1/732 273/1/733 276/1/732
s 280
f 277/1/734 315/1/735 312/1/735
f 312/1/735 274/1/734 277/1/734
s 281
f 313/1/736 275/1/737 278/1/738
f 278/1/738 316/1/737 313/1/736
s 282
f 304/1/739 314/1/740 276/1/741
f 276/1/741 266/1/740 304/1/739
s 283
f 279/1/742 317/1/743 315/1/744
f 315/1/744 277/1/745 279/1/742
s 284
f 280/1/746 318/1/747 316/1/748
f 316/1/748 278/1/747 280/1/746
s 285
f 317/1/749 279/1/750 281/1/751
f 281/1/751 319/1/752 317/1/749
s 286
f 282/1/753 320/1/753 318/1/754
f 318/1/754 280/1/754 282/1/753
s 287
f 283/1/755 321/1/756 319/1/755
f 319/1/755 281/1/757 283/1/755
s 288
f 322/1/758 320/1/759 282/1/758
f 282/1/758 284/1/760 322/1/758
s 289
f 261/1/761 260/1/761 321/1/761
f 321/1/761 283/1/761 261/1/761
s 290
f 285/1/762 296/1/762 322/1/762
f 322/1/762 284/1/763 285/1/762
s 291
f 323/1/764 324/1/765 325/1/766
f 325/1/766 326/1/765 323/1/764
s 292
f 300/1/767 327/1/768 328/1/767
f 328/1/767 299/1/769 300/1/767
s 293
f 291/1/770 301/1/771 329/1/770
f 329/1/770 292/1/772 291/1/770
s 294
f 302/1/773 330/1/774 327/1/773
f 327/1/773 300/1/774 302/1/773
s 295
f 304/1/775 303/1/776 331/1/775
f 331/1/775 332/1/777 304/1/775
s 296
f 329/1/778 301/1/779 305/1/780
f 305/1/780 324/1/781 329/1/778
s 297
f 302/1/782 306/1/783 333/1/783
f 333/1/783 330/1/783 302/1/782
s 298
f 331/1/784 303/1/785 307/1/786
f 307/1/786 334/1/787 331/1/784
s 299
f 308/1/788 325/1/788 324/1/788
f 324/1/788 305/1/789 308/1/788
s 300
f 333/1/790 306/1/791 309/1/790
f 309/1/790 335/1/792 333/1/790
s 301
f 334/1/793 307/1/793 310/1/793
f 310/1/793 336/1/794 334/1/793
s 302
f 308/1/795 311/1/796 337/1/795
f 337/1/795 325/1/796 308/1/795
s 303
f 312/1/797 338/1/798 335/1/797
f 335/1/797 309/1/799 312/1/797
s 304
f 313/1/800 339/1/800 336/1/800
f 336/1/800 310/1/800 313/1/800
s 305
f 337/1/801 311/1/802 314/1/803
f 314/1/803 340/1/804 337/1/801
s 306
f 312/1/805 315/1/806 341/1/806
f 341/1/806 338/1/806 312/1/805
s 307
f 316/1/807 342/1/808 339/1/809
f 339/1/809 313/1/810 316/1/807
s 308
f 314/1/811 304/1/812 332/1/811
f 332/1/811 340/1/813 314/1/811
s 309
f 341/1/814 315/1/815 317/1/816
f 317/1/816 343/1/815 341/1/814
s 310
f 342/1/817 316/1/818 318/1/819
f 318/1/819 344/1/820 342/1/817
s 311
f 319/1/821 345/1/821 343/1/821
f 343/1/821 317/1/822 319/1/821
s 312
f 320/1/823 346/1/824 344/1/825
f 344/1/825 318/1/824 320/1/823
s 313
f 319/1/826 321/1/827 347/1/828
f 347/1/828 345/1/829 319/1/826
s 314
f 322/1/830 348/1/831 346/1/830
f 346/1/830 320/1/832 322/1/830
s 315
f 347/1/833 321/1/834 260/1/835
f 260/1/835 349/1/833 347/1/833
s 316
f 322/1/836 296/1/837 350/1/838
f 350/1/838 348/1/839 322/1/836
s 317
f 259/1/840 351/1/841 349/1/842
f 349/1/842 260/1/843 259/1/840
s 318
f 350/1/844 296/1/845 295/1/844
f 295/1/844 352/1/846 350/1/844
s 319
f 259/1/847 297/1/848 353/1/849
f 353/1/849 351/1/849 259/1/847
s 320
f 354/1/850 352/1/851 295/1/852
f 295/1/852 298/1/853 354/1/850
s 321
f 353/1/854 297/1/855 294/1/856
f 294/1/856 293/1/854 353/1/854
s 322
f 354/1/857 298/1/858 299/1/857
f 299/1/857 328/1/859 354/1/857
s 323
f 355/1/860 356/1/861 357/1/860
f 357/1/860 358/1/862 355/1/860
s 324
f 335/1/863 359/1/864 360/1/863
f 360/1/863 333/1/864 335/1/863
s 325
f 336/1/865 361/1/865 362/1/865
f 362/1/865 334/1/865 336/1/865
s 326
f 337/1/866 363/1/867 326/1/868
f 326/1/868 325/1/867 337/1/866
s 327
f 359/1/869 335/1/869 338/1/869
f 338/1/869 364/1/869 359/1/869
s 328
f 336/1/870 339/1/870 365/1/870
f 365/1/870 361/1/870 336/1/870
s 329
f 340/1/871 357/1/872 363/1/873
f 363/1/873 337/1/872 340/1/871
s 330
f 341/1/874 366/1/874 364/1/875
f 364/1/875 338/1/874 341/1/874
s 331
f 365/1/876 339/1/877 342/1/877
f 342/1/877 367/1/877 365/1/876
s 332
f 358/1/878 357/1/878 340/1/878
f 340/1/878 332/1/878 358/1/878
s 333
f 343/1/879 368/1/880 366/1/881
f 366/1/881 341/1/880 343/1/879
s 334
f 344/1/882 369/1/882 367/1/882
f 367/1/882 342/1/882 344/1/882
s 335
f 368/1/883 343/1/884 345/1/885
f 345/1/885 370/1/884 368/1/883
s 336
f 344/1/886 346/1/886 371/1/886
f 371/1/886 369/1/886 344/1/886
s 337
f 347/1/887 372/1/887 370/1/887
f 370/1/887 345/1/888 347/1/887
s 338
f 371/1/889 346/1/890 348/1/891
f 348/1/891 373/1/890 371/1/889
s 339
f 349/1/892 374/1/893 372/1/892
f 372/1/892 347/1/893 349/1/892
s 340
f 350/1/894 375/1/895 373/1/896
f 373/1/896 348/1/894 350/1/894
s 341
f 374/1/897 349/1/898 351/1/899
f 351/1/899 376/1/898 374/1/897
s 342
f 352/1/900 377/1/900 375/1/900
f 375/1/900 350/1/900 352/1/900
s 343
f 353/1/901 378/1/902 376/1/903
f 376/1/903 351/1/902 353/1/901
s 344
f 352/1/904 354/1/904 379/1/904
f 379/1/904 377/1/904 352/1/904
s 345
f 293/1/905 380/1/906 378/1/905
f 378/1/905 353/1/906 293/1/905
s 346
f 381/1/907 379/1/908 354/1/908
f 354/1/908 328/1/908 381/1/907
s 347
f 380/1/909 293/1/910 292/1/909
f 292/1/909 382/1/910 380/1/909
s 348
f 381/1/911 328/1/911 327/1/911
f 327/1/911 383/1/911 381/1/911
s 349
f 329/1/912 384/1/913 382/1/914
f 382/1/914 292/1/913 329/1/912
s 350
f 383/1/915 327/1/916 330/1/916
f 330/1/916 385/1/916 383/1/915
s 351
f 331/1/917 386/1/918 358/1/918
f 358/1/918 332/1/918 331/1/917
s 352
f 324/1/919 323/1/920 384/1/920
f 384/1/920 329/1/920 324/1/919
s 353
f 333/1/921 360/1/921 385/1/921
f 385/1/921 330/1/921 333/1/921
s 354
f 386/1/922 331/1/922 334/1/923
f 334/1/923 362/1/923 386/1/922
s 355
f 387/1/924 388/1/925 389/1/926
f 389/1/926 390/1/927 387/1/924
s 356
f 368/1/928 391/1/928 392/1/928
f 392/1/928 366/1/928 368/1/928
s 357
f 393/1/929 367/1/930 369/1/931
f 369/1/931 394/1/932 393/1/929
s 358
f 370/1/933 395/1/934 391/1/935
f 391/1/935 368/1/936 370/1/933
s 359
f 371/1/937 396/1/938 394/1/939
f 394/1/939 369/1/940 371/1/937
s 360
f 395/1/941 370/1/941 372/1/942
f 372/1/942 390/1/943 395/1/941
s 361
f 373/1/944 397/1/945 396/1/946
f 396/1/946 371/1/947 373/1/944
s 362
f 374/1/948 387/1/948 390/1/948
f 390/1/948 372/1/948 374/1/948
s 363
f 397/1/949 373/1/950 375/1/951
f 375/1/951 398/1/949 397/1/949
s 364
f 376/1/952 399/1/953 387/1/954
f 387/1/954 374/1/953 376/1/952
s 365
f 377/1/955 400/1/956 398/1/957
f 398/1/957 375/1/958 377/1/955
s 366
f 399/1/959 376/1/960 378/1/961
f 378/1/961 401/1/962 399/1/959
s 367
f 379/1/963 402/1/964 400/1/963
f 400/1/963 377/1/965 379/1/963
s 368
f 380/1/966 403/1/967 401/1/968
f 401/1/968 378/1/969 380/1/966
s 369
f 402/1/970 379/1/971 381/1/972
f 381/1/972 404/1/973 402/1/970
s 370
f 382/1/974 405/1/975 403/1/976
f 403/1/976 380/1/977 382/1/974
s 371
f 383/1/978 406/1/979 404/1/980
f 404/1/980 381/1/979 383/1/978
s 372
f 405/1/981 382/1/982 384/1/983
f 384/1/983 407/1/984 405/1/981
s 373
f 385/1/985 408/1/986 406/1/987
f 406/1/987 383/1/988 385/1/985
s 374
f 358/1/989 386/1/990 409/1/991
f 409/1/991 355/1/990 358/1/989
s 375
f 323/1/992 410/1/993 407/1/994
f 407/1/994 384/1/995 323/1/992
s 376
f 408/1/996 385/1/997 360/1/998
f 360/1/998 411/1/999 408/1/996
s 377
f 362/1/1000 412/1/1001 409/1/1000
f 409/1/1000 386/1/1002 362/1/1000
s 378
f 326/1/1003 413/1/1004 410/1/1005
f 410/1/1005 323/1/1006 326/1/1003
s 379
f 359/1/1007 414/1/1007 411/1/1008
f 411/1/1008 360/1/1007 359/1/1007
s 380
f 412/1/1009 362/1/1010 361/1/1011
f 361/1/1011 415/1/1009 412/1/1009
s 381
f 413/1/1012 326/1/1012 363/1/1012
f 363/1/1012 416/1/1012 413/1/1012
s 382
f 364/1/1013 417/1/1014 414/1/1015
f 414/1/1015 359/1/1015 364/1/1013
s 383
f 365/1/1016 418/1/1017 415/1/1017
f 415/1/1017 361/1/1017 365/1/1016
s 384
f 357/1/1018 356/1/1019 416/1/1018
f 416/1/1018 363/1/1020 357/1/1018
s 385
f 417/1/1021 364/1/1021 366/1/1022
f 366/1/1022 392/1/1022 417/1/1021
s 386
f 367/1/1023 393/1/1024 418/1/1025
f 418/1/1025 365/1/1026 367/1/1023
s 387
f 419/1/1027 420/1/1027 421/1/1028
f 421/1/1028 422/1/1027 419/1/1027
s 388
f 423/1/1029 424/1/1030 397/1/1029
f 397/1/1029 398/1/1031 423/1/1029
s 389
f 399/1/1032 425/1/1033 388/1/1032
f 388/1/1032 387/1/1033 399/1/1032
s 390
f 400/1/1034 426/1/1035 423/1/1034
f 423/1/1034 398/1/1034 400/1/1034
s 391
f 420/1/1036 425/1/1037 399/1/1036
f 399/1/1036 401/1/1038 420/1/1036
s 392
f 402/1/1039 427/1/1040 426/1/1039
f 426/1/1039 400/1/1039 402/1/1039
s 393
f 403/1/1041 421/1/1042 420/1/1041
f 420/1/1041 401/1/1043 403/1/1041
s 394
f 428/1/1044 427/1/1045 402/1/1046
f 402/1/1046 404/1/1047 428/1/1044
s 395
f 405/1/1048 429/1/1048 421/1/1048
f 421/1/1048 403/1/1049 405/1/1048
s 396
f 406/1/1050 430/1/1051 428/1/1050
f 428/1/1050 404/1/1052 406/1/1050
s 397
f 431/1/1053 429/1/1054 405/1/1055
f 405/1/1055 407/1/1056 431/1/1053
s 398
f 408/1/1057 432/1/1058 430/1/1057
f 430/1/1057 406/1/1059 408/1/1057
s 399
f 433/1/1060 355/1/1061 409/1/1062
f 409/1/1062 434/1/1062 433/1/1060
s 400
f 410/1/1063 435/1/1064 431/1/1064
f 431/1/1064 407/1/1064 410/1/1063
s 401
f 436/1/1065 432/1/1066 408/1/1066
f 408/1/1066 411/1/1066 436/1/1065
s 402
f 434/1/1067 409/1/1068 412/1/1068
f 412/1/1068 437/1/1069 434/1/1067
s 403
f 413/1/1070 438/1/1071 435/1/1071
f 435/1/1071 410/1/1072 413/1/1070
s 404
f 414/1/1073 439/1/1074 436/1/1075
f 436/1/1075 411/1/1076 414/1/1073
s 405
f 415/1/1077 440/1/1078 437/1/1077
f 437/1/1077 412/1/1079 415/1/1077
s 406
f 441/1/1080 438/1/1081 413/1/1080
f 413/1/1080 416/1/1082 441/1/1080
s 407
f 417/1/1083 442/1/1084 439/1/1083
f 439/1/1083 414/1/1083 417/1/1083
s 408
f 440/1/1085 415/1/1086 418/1/1085
f 418/1/1085 443/1/1087 440/1/1085
s 409
f 356/1/1088 444/1/1088 441/1/1088
f 441/1/1088 416/1/1089 356/1/1088
s 410
f 445/1/1090 442/1/1090 417/1/1091
f 417/1/1091 392/1/1091 445/1/1090
s 411
f 393/1/1092 446/1/1092 443/1/1092
f 443/1/1092 418/1/1092 393/1/1092
s 412
f 433/1/1093 444/1/1093 356/1/1094
f 356/1/1094 355/1/1093 433/1/1093
s 413
f 391/1/1095 447/1/1096 445/1/1095
f 445/1/1095 392/1/1097 391/1/1095
s 414
f 394/1/1098 448/1/1099 446/1/1100
f 446/1/1100 393/1/1098 394/1/1098
s 415
f 395/1/1101 449/1/1101 447/1/1101
f 447/1/1101 391/1/1101 395/1/1101
s 416
f 448/1/1102 394/1/1103 396/1/1104
f 396/1/1104 450/1/1105 448/1/1102
s 417
f 389/1/1106 449/1/1106 395/1/1107
f 395/1/1107 390/1/1106 389/1/1106
s 418
f 397/1/1108 424/1/1109 450/1/1110
f 450/1/1110 396/1/1111 397/1/1108
s 419
f 451/1/1112 452/1/1113 453/1/1113
f 453/1/1113 454/1/1114 451/1/1112
s 420
f 428/1/1115 455/1/1115 456/1/1115
f 456/1/1115 427/1/1115 428/1/1115
s 421
f 429/1/1116 457/1/1117 422/1/1118
f 422/1/1118 421/1/1118 429/1/1116
s 422
f 458/1/1119 455/1/1120 428/1/1121
f 428/1/1121 430/1/1120 458/1/1119
s 423
f 431/1/1122 459/1/1123 457/1/1124
f 457/1/1124 429/1/1123 431/1/1122
s 424
f 432/1/1125 460/1/1125 458/1/1126
f 458/1/1126 430/1/1125 432/1/1125
s 425
f 452/1/1127 451/1/1127 433/1/1127
f 433/1/1127 434/1/1127 452/1/1127
s 426
f 461/1/1128 459/1/1128 431/1/1129
f 431/1/1129 435/1/1128 461/1/1128
s 427
f 436/1/1130 462/1/1130 460/1/1130
f 460/1/1130 432/1/1130 436/1/1130
s 428
f 437/1/1131 463/1/1132 452/1/1132
f 452/1/1132 434/1/1132 437/1/1131
s 429
f 438/1/1133 464/1/1134 461/1/1134
f 461/1/1134 435/1/1134 438/1/1133
s 430
f 465/1/1135 462/1/1135 436/1/1136
f 436/1/1136 439/1/1135 465/1/1135
s 431
f 440/1/1137 466/1/1138 463/1/1137
f 463/1/1137 437/1/1138 440/1/1137
s 432
f 441/1/1139 467/1/1140 464/1/1140
f 464/1/1140 438/1/1140 441/1/1139
s 433
f 442/1/1141 468/1/1141 465/1/1142
f 465/1/1142 439/1/1141 442/1/1141
s 434
f 469/1/1143 466/1/1144 440/1/1145
f 440/1/1145 443/1/1144 469/1/1143
s 435
f 470/1/1146 467/1/1146 441/1/1146
f 441/1/1146 444/1/1146 470/1/1146
s 436
f 445/1/1147 471/1/1148 468/1/1148
f 468/1/1148 442/1/1148 445/1/1147
s 437
f 446/1/1149 472/1/1149 469/1/1150
f 469/1/1150 443/1/1149 446/1/1149
s 438
f 470/1/1151 444/1/1151 433/1/1152
f 433/1/1152 451/1/1151 470/1/1151
s 439
f 471/1/1153 445/1/1153 447/1/1154
f 447/1/1154 473/1/1153 471/1/1153
s 440
f 448/1/1155 474/1/1155 472/1/1156
f 472/1/1156 446/1/1155 448/1/1155
s 441
f 449/1/1157 475/1/1157 473/1/1157
f 473/1/1157 447/1/1157 449/1/1157
s 442
f 476/1/1158 474/1/1158 448/1/1158
f 448/1/1158 450/1/1158 476/1/1158
s 443
f 389/1/1159 477/1/1159 475/1/1159
f 475/1/1159 449/1/1159 389/1/1159
s 444
f 424/1/1160 478/1/1160 476/1/1161
f 476/1/1161 450/1/1160 424/1/1160
s 445
f 477/1/1162 389/1/1163 388/1/1164
f 388/1/1164 479/1/1163 477/1/1162
s 446
f 423/1/1165 480/1/1165 478/1/1165
f 478/1/1165 424/1/1165 423/1/1165
s 447
f 425/1/1166 481/1/1166 479/1/1167
f 479/1/1167 388/1/1168 425/1/1166
s 448
f 482/1/1169 480/1/1170 423/1/1170
f 423/1/1170 426/1/1170 482/1/1169
s 449
f 420/1/1171 419/1/1172 481/1/1172
f 481/1/1172 425/1/1173 420/1/1171
s 450
f 427/1/1174 456/1/1174 482/1/1174
f 482/1/1174 426/1/1174 427/1/1174
s 451
f 483/1/1175 484/1/1176 485/1/1175
f 485/1/1175 486/1/1175 483/1/1175
s 452
f 461/1/1177 487/1/1177 488/1/1177
f 488/1/1177 459/1/1178 461/1/1177
s 453
f 462/1/1179 489/1/1180 490/1/1180
f 490/1/1180 460/1/1181 462/1/1179
s 454
f 463/1/1182 491/1/1183 453/1/1184
f 453/1/1184 452/1/1185 463/1/1182
s 455
f 492/1/1186 487/1/1187 461/1/1186
f 461/1/1186 464/1/1188 492/1/1186
s 456
f 465/1/1189 493/1/1190 489/1/1189
f 489/1/1189 462/1/1191 465/1/1189
s 457
f 466/1/1192 486/1/1193 491/1/1194
f 491/1/1194 463/1/1195 466/1/1192
s 458
f 467/1/1196 494/1/1196 492/1/1196
f 492/1/1196 464/1/1196 467/1/1196
s 459
f 493/1/1197 465/1/1198 468/1/1199
f 468/1/1199 495/1/1200 493/1/1197
s 460
f 469/1/1201 483/1/1202 486/1/1201
f 486/1/1201 466/1/1203 469/1/1201
s 461
f 470/1/1204 496/1/1205 494/1/1206
f 494/1/1206 467/1/1207 470/1/1204
s 462
f 471/1/1208 497/1/1209 495/1/1210
f 495/1/1210 468/1/1210 471/1/1208
s 463
f 483/1/1211 469/1/1211 472/1/1212
f 472/1/1212 498/1/1211 483/1/1211
s 464
f 496/1/1213 470/1/1213 451/1/1213
f 451/1/1213 454/1/1213 496/1/1213
s 465
f 473/1/1214 499/1/1215 497/1/1216
f 497/1/1216 471/1/1217 473/1/1214
s 466
f 474/1/1218 500/1/1219 498/1/1220
f 498/1/1220 472/1/1221 474/1/1218
s 467
f 501/1/1222 499/1/1223 473/1/1224
f 473/1/1224 475/1/1224 501/1/1222
s 468
f 476/1/1225 502/1/1226 500/1/1227
f 500/1/1227 474/1/1227 476/1/1225
s 469
f 477/1/1228 503/1/1229 501/1/1230
f 501/1/1230 475/1/1231 477/1/1228
s 470
f 504/1/1232 502/1/1233 476/1/1234
f 476/1/1234 478/1/1235 504/1/1232
s 471
f 479/1/1236 505/1/1237 503/1/1236
f 503/1/1236 477/1/1238 479/1/1236
s 472
f 480/1/1239 506/1/1240 504/1/1239
f 504/1/1239 478/1/1241 480/1/1239
s 473
f 505/1/1242 479/1/1242 481/1/1243
f 481/1/1243 507/1/1244 505/1/1242
s 474
f 482/1/1245 508/1/1246 506/1/1247
f 506/1/1247 480/1/1248 482/1/1245
s 475
f 419/1/1249 509/1/1250 507/1/1251
f 507/1/1251 481/1/1252 419/1/1249
s 476
f 510/1/1253 508/1/1254 482/1/1255
f 482/1/1255 456/1/1256 510/1/1253
s 477
f 422/1/1257 511/1/1258 509/1/1257
f 509/1/1257 419/1/1257 422/1/1257
s 478
f 455/1/1259 512/1/1260 510/1/1261
f 510/1/1261 456/1/1262 455/1/1259
s 479
f 513/1/1263 511/1/1264 422/1/1263
f 422/1/1263 457/1/1265 513/1/1263
s 480
f 458/1/1266 514/1/1266 512/1/1267
f 512/1/1267 455/1/1267 458/1/1266
s 481
f 459/1/1268 488/1/1268 513/1/1269
f 513/1/1269 457/1/1269 459/1/1268
s 482
f 514/1/1270 458/1/1271 460/1/1270
f 460/1/1270 490/1/1271 514/1/1270
s 483
f 515/1/1272 516/1/1272 517/1/1272
f 517/1/1272 518/1/1272 515/1/1272
s 484
f 496/1/1273 519/1/1273 520/1/1274
f 520/1/1274 494/1/1273 496/1/1273
s 485
f 521/1/1275 522/1/1275 495/1/1275
f 495/1/1275 497/1/1275 521/1/1275
s 486
f 498/1/1276 523/1/1276 484/1/1276
f 484/1/1276 483/1/1276 498/1/1276
s 487
f 524/1/1277 519/1/1277 496/1/1277
f 496/1/1277 454/1/1277 524/1/1277
s 488
f 499/1/1278 525/1/1279 521/1/1278
f 521/1/1278 497/1/1280 499/1/1278
s 489
f 523/1/1281 498/1/1282 500/1/1283
f 500/1/1283 517/1/1282 523/1/1281
s 490
f 501/1/1284 526/1/1285 525/1/1285
f 525/1/1285 499/1/1285 501/1/1284
s 491
f 502/1/1286 518/1/1287 517/1/1286
f 517/1/1286 500/1/1288 502/1/1286
s 492
f 527/1/1289 526/1/1289 501/1/1290
f 501/1/1290 503/1/1289 527/1/1289
s 493
f 504/1/1291 528/1/1291 518/1/1292
f 518/1/1292 502/1/1291 504/1/1291
s 494
f 505/1/1293 529/1/1293 527/1/1294
f 527/1/1294 503/1/1293 505/1/1293
s 495
f 530/1/1295 528/1/1296 504/1/1297
f 504/1/1297 506/1/1298 530/1/1295
s 496
f 507/1/1299 531/1/1300 529/1/1299
f 529/1/1299 505/1/1300 507/1/1299
s 497
f 508/1/1301 532/1/1302 530/1/1303
f 530/1/1303 506/1/1304 508/1/1301
s 498
f 533/1/1305 531/1/1306 507/1/1305
f 507/1/1305 509/1/1307 533/1/1305
s 499
f 510/1/1308 534/1/1309 532/1/1309
f 532/1/1309 508/1/1310 510/1/1308
s 500
f 511/1/1311 535/1/1312 533/1/1311
f 533/1/1311 509/1/1313 511/1/1311
s 501
f 536/1/1314 534/1/1314 510/1/1314
f 510/1/1314 512/1/1314 536/1/1314
s 502
f 513/1/1315 537/1/1316 535/1/1315
f 535/1/1315 511/1/1317 513/1/1315
s 503
f 514/1/1318 538/1/1319 536/1/1320
f 536/1/1320 512/1/1318 514/1/1318
s 504
f 539/1/1321 537/1/1321 513/1/1321
f 513/1/1321 488/1/1321 539/1/1321
s 505
f 490/1/1322 540/1/1323 538/1/1322
f 538/1/1322 514/1/1324 490/1/1322
s 506
f 454/1/1325 453/1/1325 541/1/1325
f 541/1/1325 524/1/1326 454/1/1325
s 507
f 487/1/1327 542/1/1328 539/1/1327
f 539/1/1327 488/1/1327 487/1/1327
s 508
f 543/1/1329 540/1/1329 490/1/1330
f 490/1/1330 489/1/1330 543/1/1329
s 509
f 544/1/1331 541/1/1332 453/1/1333
f 453/1/1333 491/1/1334 544/1/1331
s 510
f 492/1/1335 545/1/1336 542/1/1335
f 542/1/1335 487/1/1336 492/1/1335
s 511
f 493/1/1337 546/1/1338 543/1/1337
f 543/1/1337 489/1/1337 493/1/1337
s 512
f 485/1/1339 544/1/1340 491/1/1339
f 491/1/1339 486/1/1341 485/1/1339
s 513
f 520/1/1342 545/1/1343 492/1/1342
f 492/1/1342 494/1/1344 520/1/1342
s 514
f 495/1/1345 522/1/1345 546/1/1345
f 546/1/1345 493/1/1345 495/1/1345
s 515
f 547/1/1346 548/1/1347 549/1/1348
f 549/1/1348 550/1/1349 547/1/1346
s 516
f 527/1/1350 551/1/1350 552/1/1350
f 552/1/1350 526/1/1350 527/1/1350
s 517
f 528/1/1351 553/1/1352 515/1/1353
f 515/1/1353 518/1/1353 528/1/1351
s 518
f 551/1/1354 527/1/1355 529/1/1356
f 529/1/1356 554/1/1355 551/1/1354
s 519
f 530/1/1357 550/1/1358 553/1/1359
f 553/1/1359 528/1/1358 530/1/1357
s 520
f 531/1/1360 555/1/1361 554/1/1362
f 554/1/1362 529/1/1361 531/1/1360
s 521
f 547/1/1363 550/1/1363 530/1/1363
f 530/1/1363 532/1/1363 547/1/1363
s 522
f 533/1/1364 556/1/1364 555/1/1365
f 555/1/1365 531/1/1366 533/1/1364
s 523
f 534/1/1367 557/1/1368 547/1/1369
f 547/1/1369 532/1/1368 534/1/1367
s 524
f 558/1/1370 556/1/1371 533/1/1372
f 533/1/1372 535/1/1373 558/1/1370
s 525
f 536/1/1374 559/1/1374 557/1/1374
f 557/1/1374 534/1/1374 536/1/1374
s 526
f 537/1/1375 560/1/1376 558/1/1377
f 558/1/1377 535/1/1376 537/1/1375
s 527
f 561/1/1378 559/1/1378 536/1/1378
f 536/1/1378 538/1/1378 561/1/1378
s 528
f 539/1/1379 562/1/1379 560/1/1380
f 560/1/1380 537/1/1379 539/1/1379
s 529
f 540/1/1381 563/1/1381 561/1/1382
f 561/1/1382 538/1/1381 540/1/1381
s 530
f 564/1/1383 565/1/1384 524/1/1383
f 524/1/1383 541/1/1384 564/1/1383
s 531
f 566/1/1385 562/1/1385 539/1/1386
f 539/1/1386 542/1/1385 566/1/1385
s 532
f 543/1/1387 567/1/1387 563/1/1388
f 563/1/1388 540/1/1387 543/1/1387
s 533
f 544/1/1389 568/1/1390 564/1/1391
f 564/1/1391 541/1/1390 544/1/1389
s 534
f 545/1/1392 569/1/1393 566/1/1394
f 566/1/1394 542/1/1393 545/1/1392
s 535
f 567/1/1395 543/1/1396 546/1/1397
f 546/1/1397 570/1/1396 567/1/1395
s 536
f 485/1/1398 571/1/1398 568/1/1399
f 568/1/1399 544/1/1398 485/1/1398
s 537
f 520/1/1400 572/1/1400 569/1/1401
f 569/1/1401 545/1/1400 520/1/1400
s 538
f 522/1/1402 573/1/1403 570/1/1403
f 570/1/1403 546/1/1403 522/1/1402
s 539
f 574/1/1404 571/1/1404 485/1/1404
f 485/1/1404 484/1/1404 574/1/1404
s 540
f 575/1/1405 572/1/1406 520/1/1407
f 520/1/1407 519/1/1406 575/1/1405
s 541
f 521/1/1408 576/1/1409 573/1/1408
f 573/1/1408 522/1/1409 521/1/1408
s 542
f 523/1/1410 577/1/1410 574/1/1411
f 574/1/1411 484/1/1410 523/1/1410
s 543
f 565/1/1412 575/1/1412 519/1/1413
f 519/1/1413 524/1/1412 565/1/1412
s 544
f 576/1/1414 521/1/1415 525/1/1416
f 525/1/1416 578/1/1415 576/1/1414
s 545
f 517/1/1417 516/1/1418 577/1/1418
f 577/1/1418 523/1/1418 517/1/1417
s 546
f 526/1/1419 552/1/1419 578/1/1420
f 578/1/1420 525/1/1419 526/1/1419
s 547
f 579/1/1421 580/1/1422 581/1/1423
f 581/1/1423 582/1/1424 579/1/1421
s 548
f 556/1/1425 583/1/1426 584/1/1425
f 584/1/1425 555/1/1426 556/1/1425
s 549
f 585/1/1427 548/1/1428 547/1/1429
f 547/1/1429 557/1/1430 585/1/1427
s 550
f 558/1/1431 586/1/1432 583/1/1433
f 583/1/1433 556/1/1433 558/1/1431
s 551
f 559/1/1434 582/1/1435 585/1/1436
f 585/1/1436 557/1/1437 559/1/1434
s 552
f 586/1/1438 558/1/1438 560/1/1439
f 560/1/1439 587/1/1439 586/1/1438
s 553
f 561/1/1440 579/1/1441 582/1/1440
f 582/1/1440 559/1/1441 561/1/1440
s 554
f 562/1/1442 588/1/1443 587/1/1444
f 587/1/1444 560/1/1445 562/1/1442
s 555
f 579/1/1446 561/1/1447 563/1/1448
f 563/1/1448 589/1/1449 579/1/1446
s 556
f 565/1/1450 564/1/1451 590/1/1452
f 590/1/1452 591/1/1451 565/1/1450
s 557
f 566/1/1453 592/1/1453 588/1/1454
f 588/1/1454 562/1/1453 566/1/1453
s 558
f 567/1/1455 593/1/1456 589/1/1457
f 589/1/1457 563/1/1458 567/1/1455
s 559
f 568/1/1459 594/1/1460 590/1/1459
f 590/1/1459 564/1/1461 568/1/1459
s 560
f 595/1/1462 592/1/1463 566/1/1464
f 566/1/1464 569/1/1465 595/1/1462
s 561
f 570/1/1466 596/1/1467 593/1/1468
f 593/1/1468 567/1/1467 570/1/1466
s 562
f 571/1/1469 597/1/1470 594/1/1469
f 594/1/1469 568/1/1471 571/1/1469
s 563
f 572/1/1472 598/1/1473 595/1/1473
f 595/1/1473 569/1/1472 572/1/1472
s 564
f 599/1/1474 596/1/1475 570/1/1475
f 570/1/1475 573/1/1476 599/1/1474
s 565
f 574/1/1477 600/1/1478 597/1/1479
f 597/1/1479 571/1/1480 574/1/1477
s 566
f 575/1/1481 601/1/1482 598/1/1481
f 598/1/1481 572/1/1483 575/1/1481
s 567
f 576/1/1484 602/1/1484 599/1/1485
f 599/1/1485 573/1/1484 576/1/1484
s 568
f 600/1/1486 574/1/1487 577/1/1488
f 577/1/1488 603/1/1489 600/1/1486
s 569
f 591/1/1490 601/1/1491 575/1/1492
f 575/1/1492 565/1/1493 591/1/1490
s 570
f 578/1/1494 604/1/1495 602/1/1496
f 602/1/1496 576/1/1496 578/1/1494
s 571
f 516/1/1497 605/1/1498 603/1/1499
f 603/1/1499 577/1/1498 516/1/1497
s 572
f 606/1/1500 604/1/1501 578/1/1502
f 578/1/1502 552/1/1503 606/1/1500
s 573
f 515/1/1504 607/1/1505 605/1/1506
f 605/1/1506 516/1/1507 515/1/1504
s 574
f 551/1/1508 608/1/1509 606/1/1508
f 606/1/1508 552/1/1510 551/1/1508
s 575
f 609/1/1511 607/1/1511 515/1/1511
f 515/1/1511 553/1/1511 609/1/1511
s 576
f 554/1/1512 610/1/1513 608/1/1514
f 608/1/1514 551/1/1515 554/1/1512
s 577
f 550/1/1516 549/1/1516 609/1/1517
f 609/1/1517 553/1/1516 550/1/1516
s 578
f 610/1/1518 554/1/1518 555/1/1519
f 555/1/1519 584/1/1520 610/1/1518
s 579
f 611/1/1521 612/1/1521 613/1/1521
f 613/1/1521 614/1/1521 611/1/1521
s 580
f 587/1/1522 588/1/1523 615/1/1524
f 615/1/1524 616/1/1525 587/1/1522
s 581
f 589/1/1526 617/1/1527 580/1/1528
f 580/1/1528 579/1/1529 589/1/1526
s 582
f 591/1/1530 590/1/1530 618/1/1530
f 618/1/1530 619/1/1531 591/1/1530
s 583
f 615/1/1532 588/1/1533 592/1/1534
f 592/1/1534 620/1/1534 615/1/1532
s 584
f 589/1/1535 593/1/1535 614/1/1535
f 614/1/1535 617/1/1535 589/1/1535
s 585
f 618/1/1536 590/1/1536 594/1/1537
f 594/1/1537 621/1/1537 618/1/1536
s 586
f 595/1/1538 622/1/1539 620/1/1539
f 620/1/1539 592/1/1540 595/1/1538
s 587
f 614/1/1541 593/1/1542 596/1/1541
f 596/1/1541 611/1/1543 614/1/1541
s 588
f 623/1/1544 621/1/1545 594/1/1546
f 594/1/1546 597/1/1547 623/1/1544
s 589
f 595/1/1548 598/1/1549 624/1/1548
f 624/1/1548 622/1/1550 595/1/1548
s 590
f 599/1/1551 625/1/1552 611/1/1552
f 611/1/1552 596/1/1552 599/1/1551
s 591
f 600/1/1553 626/1/1554 623/1/1555
f 623/1/1555 597/1/1556 600/1/1553
s 592
f 624/1/1557 598/1/1558 601/1/1557
f 601/1/1557 627/1/1559 624/1/1557
s 593
f 599/1/1560 602/1/1560 628/1/1560
f 628/1/1560 625/1/1560 599/1/1560
s 594
f 603/1/1561 629/1/1561 626/1/1562
f 626/1/1562 600/1/1561 603/1/1561
s 595
f 601/1/1563 591/1/1564 619/1/1565
f 619/1/1565 627/1/1566 601/1/1563
s 596
f 628/1/1567 602/1/1568 604/1/1569
f 604/1/1569 630/1/1570 628/1/1567
s 597
f 631/1/1571 629/1/1572 603/1/1573
f 603/1/1573 605/1/1574 631/1/1571
s 598
f 606/1/1575 632/1/1575 630/1/1575
f 630/1/1575 604/1/1575 606/1/1575
s 599
f 607/1/1576 633/1/1577 631/1/1578
f 631/1/1578 605/1/1579 607/1/1576
s 600
f 606/1/1580 608/1/1581 634/1/1580
f 634/1/1580 632/1/1580 606/1/1580
s 601
f 609/1/1582 635/1/1583 633/1/1584
f 633/1/1584 607/1/1585 609/1/1582
s 602
f 634/1/1586 608/1/1587 610/1/1586
f 610/1/1586 636/1/1588 634/1/1586
s 603
f 609/1/1589 549/1/1590 637/1/1591
f 637/1/1591 635/1/1592 609/1/1589
s 604
f 584/1/1593 638/1/1593 636/1/1593
f 636/1/1593 610/1/1593 584/1/1593
s 605
f 637/1/1594 549/1/1595 548/1/1594
f 548/1/1594 639/1/1595 637/1/1594
s 606
f 584/1/1596 583/1/1597 640/1/1598
f 640/1/1598 638/1/1599 584/1/1596
s 607
f 641/1/1600 639/1/1601 548/1/1602
f 548/1/1602 585/1/1602 641/1/1600
s 608
f 640/1/1603 583/1/1604 586/1/1605
f 586/1/1605 642/1/1606 640/1/1603
s 609
f 641/1/1607 585/1/1608 582/1/1609
f 582/1/1609 581/1/1610 641/1/1607
s 610
f 587/1/1611 616/1/1612 642/1/1611
f 642/1/1611 586/1/1611 587/1/1611
s 611
f 643/1/1613 644/1/1613 645/1/1613
f 645/1/1613 646/1/1614 643/1/1613
s 612
f 623/1/1615 647/1/1615 648/1/1615
f 648/1/1615 621/1/1615 623/1/1615
s 613
f 624/1/1616 649/1/1617 650/1/1618
f 650/1/1618 622/1/1617 624/1/1616
s 614
f 612/1/1619 611/1/1620 625/1/1621
f 625/1/1621 651/1/1620 612/1/1619
s 615
f 623/1/1622 626/1/1622 652/1/1622
f 652/1/1622 647/1/1622 623/1/1622
s 616
f 627/1/1623 653/1/1624 649/1/1625
f 649/1/1625 624/1/1624 627/1/1623
s 617
f 628/1/1626 646/1/1626 651/1/1627
f 651/1/1627 625/1/1626 628/1/1626
s 618
f 652/1/1628 626/1/1628 629/1/1628
f 629/1/1628 654/1/1628 652/1/1628
s 619
f 655/1/1629 653/1/1630 627/1/1631
f 627/1/1631 619/1/1630 655/1/1629
s 620
f 630/1/1632 643/1/1632 646/1/1632
f 646/1/1632 628/1/1632 630/1/1632
s 621
f 631/1/1633 656/1/1633 654/1/1633
f 654/1/1633 629/1/1633 631/1/1633
s 622
f 643/1/1634 630/1/1634 632/1/1635
f 632/1/1635 657/1/1634 643/1/1634
s 623
f 631/1/1636 633/1/1636 658/1/1636
f 658/1/1636 656/1/1636 631/1/1636
s 624
f 634/1/1637 659/1/1638 657/1/1637
f 657/1/1637 632/1/1638 634/1/1637
s 625
f 658/1/1639 633/1/1639 635/1/1639
f 635/1/1639 660/1/1639 658/1/1639
s 626
f 636/1/1640 661/1/1641 659/1/1641
f 659/1/1641 634/1/1641 636/1/1640
s 627
f 637/1/1642 662/1/1642 660/1/1643
f 660/1/1643 635/1/1642 637/1/1642
s 628
f 661/1/1644 636/1/1645 638/1/1645
f 638/1/1645 663/1/1645 661/1/1644
s 629
f 639/1/1646 664/1/1646 662/1/1646
f 662/1/1646 637/1/1646 639/1/1646
s 630
f 640/1/1647 665/1/1647 663/1/1647
f 663/1/1647 638/1/1648 640/1/1647
s 631
f 639/1/1649 641/1/1649 666/1/1649
f 666/1/1649 664/1/1649 639/1/1649
s 632
f 642/1/1650 667/1/1651 665/1/1652
f 665/1/1652 640/1/1653 642/1/1650
s 633
f 668/1/1654 666/1/1654 641/1/1654
f 641/1/1654 581/1/1654 668/1/1654
s 634
f 667/1/1655 642/1/1656 616/1/1656
f 616/1/1656 669/1/1656 667/1/1655
s 635
f 668/1/1657 581/1/1657 580/1/1657
f 580/1/1657 670/1/1657 668/1/1657
s 636
f 615/1/1658 671/1/1658 669/1/1659
f 669/1/1659 616/1/1658 615/1/1658
s 637
f 670/1/1660 580/1/1660 617/1/1660
f 617/1/1660 672/1/1660 670/1/1660
s 638
f 618/1/1661 673/1/1661 655/1/1661
f 655/1/1661 619/1/1661 618/1/1661
s 639
f 620/1/1662 674/1/1663 671/1/1664
f 671/1/1664 615/1/1662 620/1/1662
s 640
f 614/1/1665 613/1/1665 672/1/1665
f 672/1/1665 617/1/1665 614/1/1665
s 641
f 673/1/1666 618/1/1666 621/1/1666
f 621/1/1666 648/1/1666 673/1/1666
s 642
f 674/1/1667 620/1/1668 622/1/1668
f 622/1/1668 650/1/1667 674/1/1667
s 643
f 675/1/1669 676/1/1670 677/1/1671
f 677/1/1671 678/1/1672 675/1/1669
s 644
f 679/1/1673 654/1/1674 656/1/1675
f 656/1/1675 680/1/1674 679/1/1673
s 645
f 657/1/1676 681/1/1677 644/1/1678
f 644/1/1678 643/1/1676 657/1/1676
s 646
f 658/1/1679 682/1/1680 680/1/1681
f 680/1/1681 656/1/1682 658/1/1679
s 647
f 681/1/1683 657/1/1683 659/1/1683
f 659/1/1683 678/1/1684 681/1/1683
s 648
f 660/1/1685 683/1/1685 682/1/1686
f 682/1/1686 658/1/1685 660/1/1685
s 649
f 661/1/1687 675/1/1688 678/1/1688
f 678/1/1688 659/1/1688 661/1/1687
s 650
f 683/1/1689 660/1/1690 662/1/1691
f 662/1/1691 684/1/1692 683/1/1689
s 651
f 663/1/1693 685/1/1694 675/1/1695
f 675/1/1695 661/1/1696 663/1/1693
s 652
f 664/1/1697 686/1/1698 684/1/1697
f 684/1/1697 662/1/1699 664/1/1697
s 653
f 685/1/1700 663/1/1700 665/1/1700
f 665/1/1700 687/1/1700 685/1/1700
s 654
f 666/1/1701 688/1/1702 686/1/1703
f 686/1/1703 664/1/1704 666/1/1701
s 655
f 667/1/1705 689/1/1706 687/1/1705
f 687/1/1705 665/1/1707 667/1/1705
s 656
f 688/1/1708 666/1/1709 668/1/1710
f 668/1/1710 690/1/1711 688/1/1708
s 657
f 669/1/1712 691/1/1713 689/1/1712
f 689/1/1712 667/1/1714 669/1/1712
s 658
f 670/1/1715 692/1/1716 690/1/1717
f 690/1/1717 668/1/1718 670/1/1715
s 659
f 691/1/1719 669/1/1720 671/1/1720
f 671/1/1720 693/1/1721 691/1/1719
s 660
f 672/1/1722 694/1/1722 692/1/1723
f 692/1/1723 670/1/1722 672/1/1722
s 661
f 655/1/1724 673/1/1724 695/1/1724
f 695/1/1724 696/1/1724 655/1/1724
s 662
f 674/1/1725 697/1/1726 693/1/1725
f 693/1/1725 671/1/1725 674/1/1725
s 663
f 694/1/1727 672/1/1728 613/1/1727
f 613/1/1727 698/1/1729 694/1/1727
s 664
f 648/1/1730 699/1/1730 695/1/1730
f 695/1/1730 673/1/1730 648/1/1730
s 665
f 650/1/1731 700/1/1732 697/1/1733
f 697/1/1733 674/1/1734 650/1/1731
s 666
f 612/1/1735 701/1/1735 698/1/1735
f 698/1/1735 613/1/1735 612/1/1735
s 667
f 699/1/1736 648/1/1737 647/1/1737
f 647/1/1737 702/1/1737 699/1/1736
s 668
f 700/1/1738 650/1/1739 649/1/1739
f 649/1/1739 703/1/1738 700/1/1738
s 669
f 651/1/1740 704/1/1740 701/1/1741
f 701/1/1741 612/1/1741 651/1/1740
s 670
f 652/1/1742 705/1/1743 702/1/1744
f 702/1/1744 647/1/1745 652/1/1742
s 671
f 653/1/1746 706/1/1747 703/1/1748
f 703/1/1748 649/1/1746 653/1/1746
s 672
f 704/1/1749 651/1/1749 646/1/1749
f 646/1/1749 645/1/1750 704/1/1749
s 673
f 654/1/1751 679/1/1752 705/1/1753
f 705/1/1753 652/1/1752 654/1/1751
s 674
f 696/1/1754 706/1/1755 653/1/1754
f 653/1/1754 655/1/1754 696/1/1754
s 675
f 707/1/1756 708/1/1757 709/1/1758
f 709/1/1758 710/1/1759 707/1/1756
s 676
f 684/1/1760 711/1/1761 712/1/1761
f 712/1/1761 683/1/1760 684/1/1760
s 677
f 685/1/1762 713/1/1763 676/1/1762
f 676/1/1762 675/1/1762 685/1/1762
s 678
f 686/1/1764 714/1/1765 711/1/1764
f 711/1/1764 684/1/1766 686/1/1764
s 679
f 687/1/1767 710/1/1768 713/1/1767
f 713/1/1767 685/1/1767 687/1/1767
s 680
f 715/1/1769 714/1/1770 686/1/1770
f 686/1/1770 688/1/1770 715/1/1769
s 681
f 689/1/1771 707/1/1772 710/1/1772
f 710/1/1772 687/1/1772 689/1/1771
s 682
f 690/1/1773 716/1/1774 715/1/1773
f 715/1/1773 688/1/1775 690/1/1773
s 683
f 717/1/1776 707/1/1777 689/1/1776
f 689/1/1776 691/1/1778 717/1/1776
s 684
f 716/1/1779 690/1/1780 692/1/1781
f 692/1/1781 718/1/1780 716/1/1779
s 685
f 719/1/1782 717/1/1783 691/1/1784
f 691/1/1784 693/1/1783 719/1/1782
s 686
f 694/1/1785 720/1/1786 718/1/1787
f 718/1/1787 692/1/1785 694/1/1785
s 687
f 721/1/1788 696/1/1788 695/1/1789
f 695/1/1789 722/1/1790 721/1/1788
s 688
f 723/1/1791 719/1/1792 693/1/1791
f 693/1/1791 697/1/1793 723/1/1791
s 689
f 698/1/1794 724/1/1794 720/1/1794
f 720/1/1794 694/1/1795 698/1/1794
s 690
f 722/1/1796 695/1/1797 699/1/1796
f 699/1/1796 725/1/1796 722/1/1796
s 691
f 723/1/1798 697/1/1799 700/1/1798
f 700/1/1798 726/1/1800 723/1/1798
s 692
f 701/1/1801 727/1/1801 724/1/1802
f 724/1/1802 698/1/1803 701/1/1801
s 693
f 702/1/1804 728/1/1805 725/1/1804
f 725/1/1804 699/1/1806 702/1/1804
s 694
f 703/1/1807 729/1/1808 726/1/1808
f 726/1/1808 700/1/1809 703/1/1807
s 695
f 704/1/1810 730/1/1810 727/1/1811
f 727/1/1811 701/1/1810 704/1/1810
s 696
f 728/1/1812 702/1/1812 705/1/1813
f 705/1/1813 731/1/1812 728/1/1812
s 697
f 706/1/1814 732/1/1814 729/1/1815
f 729/1/1815 703/1/1815 706/1/1814
s 698
f 645/1/1816 733/1/1817 730/1/1816
f 730/1/1816 704/1/1816 645/1/1816
s 699
f 679/1/1818 734/1/1819 731/1/1818
f 731/1/1818 705/1/1820 679/1/1818
s 700
f 721/1/1821 732/1/1821 706/1/1821
f 706/1/1821 696/1/1821 721/1/1821
s 701
f 644/1/1822 735/1/1823 733/1/1822
f 733/1/1822 645/1/1824 644/1/1822
s 702
f 680/1/1825 736/1/1826 734/1/1825
f 734/1/1825 679/1/1827 680/1/1825
s 703
f 681/1/1828 737/1/1829 735/1/1830
f 735/1/1830 644/1/1828 681/1/1828
s 704
f 736/1/1831 680/1/1832 682/1/1832
f 682/1/1832 738/1/1832 736/1/1831
s 705
f 678/1/1833 677/1/1834 737/1/1835
f 737/1/1835 681/1/1836 678/1/1833
s 706
f 712/1/1837 738/1/1837 682/1/1837
f 682/1/1837 683/1/1838 712/1/1837
s 707
f 739/1/1839 740/1/1840 741/1/1839
f 741/1/1839 742/1/1841 739/1/1839
s 708
f 743/1/1842 744/1/1842 715/1/1842
f 715/1/1842 716/1/1842 743/1/1842
s 709
f 745/1/1843 708/1/1844 707/1/1845
f 707/1/1845 717/1/1844 745/1/1843
s 710
f 718/1/1846 746/1/1846 743/1/1846
f 743/1/1846 716/1/1846 718/1/1846
s 711
f 747/1/1847 745/1/1848 717/1/1849
f 717/1/1849 719/1/1848 747/1/1847
s 712
f 720/1/1850 748/1/1850 746/1/1850
f 746/1/1850 718/1/1850 720/1/1850
s 713
f 721/1/1851 722/1/1851 749/1/1851
f 749/1/1851 750/1/1851 721/1/1851
s 714
f 723/1/1852 751/1/1853 747/1/1854
f 747/1/1854 719/1/1853 723/1/1852
s 715
f 748/1/1855 720/1/1855 724/1/1855
f 724/1/1855 752/1/1855 748/1/1855
s 716
f 725/1/1856 753/1/1856 749/1/1856
f 749/1/1856 722/1/1856 725/1/1856
s 717
f 751/1/1857 723/1/1857 726/1/1857
f 726/1/1857 754/1/1857 751/1/1857
s 718
f 727/1/1858 755/1/1858 752/1/1858
f 752/1/1858 724/1/1858 727/1/1858
s 719
f 728/1/1859 756/1/1859 753/1/1859
f 753/1/1859 725/1/1859 728/1/1859
s 720
f 757/1/1860 754/1/1860 726/1/1860
f 726/1/1860 729/1/1860 757/1/1860
s 721
f 740/1/1861 755/1/1861 727/1/1861
f 727/1/1861 730/1/1861 740/1/1861
s 722
f 731/1/1862 758/1/1862 756/1/1862
f 756/1/1862 728/1/1862 731/1/1862
s 723
f 732/1/1863 759/1/1863 757/1/1863
f 757/1/1863 729/1/1863 732/1/1863
s 724
f 740/1/1864 730/1/1865 733/1/1865
f 733/1/1865 741/1/1865 740/1/1864
s 725
f 734/1/1866 760/1/1866 758/1/1866
f 758/1/1866 731/1/1866 734/1/1866
s 726
f 750/1/1867 759/1/1867 732/1/1867
f 732/1/1867 721/1/1867 750/1/1867
s 727
f 735/1/1868 761/1/1868 741/1/1868
f 741/1/1868 733/1/1868 735/1/1868
s 728
f 760/1/1869 734/1/1870 736/1/1870
f 736/1/1870 762/1/1870 760/1/1869
s 729
f 761/1/1871 735/1/1872 737/1/1872
f 737/1/1872 763/1/1872 761/1/1871
s 730
f 738/1/1873 764/1/1873 762/1/1873
f 762/1/1873 736/1/1873 738/1/1873
s 731
f 763/1/1874 737/1/1875 677/1/1876
f 677/1/1876 765/1/1875 763/1/1874
s 732
f 766/1/1877 764/1/1877 738/1/1877
f 738/1/1877 712/1/1877 766/1/1877
s 733
f 767/1/1878 765/1/1879 677/1/1880
f 677/1/1880 676/1/1879 767/1/1878
s 734
f 768/1/1881 766/1/1881 712/1/1882
f 712/1/1882 711/1/1881 768/1/1881
s 735
f 713/1/1883 769/1/1884 767/1/1885
f 767/1/1885 676/1/1886 713/1/1883
s 736
f 714/1/1887 770/1/1887 768/1/1887
f 768/1/1887 711/1/1887 714/1/1887
s 737
f 769/1/1888 713/1/1889 710/1/1890
f 710/1/1890 709/1/1891 769/1/1888
s 738
f 714/1/1892 715/1/1892 744/1/1893
f 744/1/1893 770/1/1892 714/1/1892
s 739
f 771/1/1894 772/1/1895 773/1/1895
f 773/1/1895 774/1/1895 771/1/1894
s 740
f 760/1/1896 775/1/1897 776/1/1896
f 776/1/1896 758/1/1898 760/1/1896
s 741
f 759/1/1899 750/1/1900 777/1/1901
f 777/1/1901 778/1/1902 759/1/1899
s 742
f 779/1/1903 742/1/1903 741/1/1904
f 741/1/1904 761/1/1903 779/1/1903
s 743
f 760/1/1905 762/1/1905 780/1/1906
f 780/1/1906 775/1/1905 760/1/1905
s 744
f 763/1/1907 772/1/1908 779/1/1909
f 779/1/1909 761/1/1910 763/1/1907
s 745
f 781/1/1911 780/1/1911 762/1/1911
f 762/1/1911 764/1/1911 781/1/1911
s 746
f 765/1/1912 773/1/1912 772/1/1913
f 772/1/1913 763/1/1914 765/1/1912
s 747
f 766/1/1915 782/1/1916 781/1/1917
f 781/1/1917 764/1/1918 766/1/1915
s 748
f 773/1/1919 765/1/1920 767/1/1921
f 767/1/1921 783/1/1920 773/1/1919
s 749
f 768/1/1922 784/1/1923 782/1/1924
f 782/1/1924 766/1/1925 768/1/1922
s 750
f 769/1/1926 785/1/1927 783/1/1928
f 783/1/1928 767/1/1927 769/1/1926
s 751
f 768/1/1929 770/1/1930 786/1/1930
f 786/1/1930 784/1/1930 768/1/1929
s 752
f 769/1/1931 709/1/1931 787/1/1932
f 787/1/1932 785/1/1933 769/1/1931
s 753
f 744/1/1934 788/1/1934 786/1/1934
f 786/1/1934 770/1/1934 744/1/1934
s 754
f 789/1/1935 787/1/1936 709/1/1937
f 709/1/1937 708/1/1936 789/1/1935
s 755
f 790/1/1938 788/1/1939 744/1/1939
f 744/1/1939 743/1/1940 790/1/1938
s 756
f 789/1/1941 708/1/1942 745/1/1942
f 745/1/1942 791/1/1942 789/1/1941
s 757
f 792/1/1943 790/1/1944 743/1/1943
f 743/1/1943 746/1/1945 792/1/1943
s 758
f 747/1/1946 793/1/1947 791/1/1948
f 791/1/1948 745/1/1949 747/1/1946
s 759
f 746/1/1950 748/1/1950 794/1/1950
f 794/1/1950 792/1/1950 746/1/1950
s 760
f 795/1/1951 777/1/1952 750/1/1951
f 750/1/1951 749/1/1951 795/1/1951
s 761
f 747/1/1953 751/1/1954 796/1/1955
f 796/1/1955 793/1/1953 747/1/1953
s 762
f 794/1/1956 748/1/1957 752/1/1958
f 752/1/1958 797/1/1959 794/1/1956
s 763
f 795/1/1960 749/1/1961 753/1/1960
f 753/1/1960 798/1/1962 795/1/1960
s 764
f 754/1/1963 799/1/1964 796/1/1964
f 796/1/1964 751/1/1964 754/1/1963
s 765
f 752/1/1965 755/1/1966 800/1/1966
f 800/1/1966 797/1/1966 752/1/1965
s 766
f 753/1/1967 756/1/1967 801/1/1967
f 801/1/1967 798/1/1967 753/1/1967
s 767
f 802/1/1968 799/1/1968 754/1/1968
f 754/1/1968 757/1/1969 802/1/1968
s 768
f 740/1/1970 739/1/1971 800/1/1970
f 800/1/1970 755/1/1970 740/1/1970
s 769
f 776/1/1972 801/1/1973 756/1/1974
f 756/1/1974 758/1/1975 776/1/1972
s 770
f 778/1/1976 802/1/1977 757/1/1978
f 757/1/1978 759/1/1979 778/1/1976
s 771
f 803/1/1980 804/1/1981 805/1/1981
f 805/1/1981 806/1/1981 803/1/1980
s 772
f 807/1/1982 781/1/1983 782/1/1984
f 782/1/1984 808/1/1985 807/1/1982
s 773
f 773/1/1986 783/1/1987 809/1/1986
f 809/1/1986 774/1/1986 773/1/1986
s 774
f 810/1/1988 808/1/1989 782/1/1990
f 782/1/1990 784/1/1991 810/1/1988
s 775
f 804/1/1992 809/1/1993 783/1/1992
f 783/1/1992 785/1/1992 804/1/1992
s 776
f 784/1/1994 786/1/1995 811/1/1996
f 811/1/1996 810/1/1997 784/1/1994
s 777
f 787/1/1998 805/1/1999 804/1/2000
f 804/1/2000 785/1/1999 787/1/1998
s 778
f 812/1/2001 811/1/2002 786/1/2003
f 786/1/2003 788/1/2004 812/1/2001
s 779
f 789/1/2005 813/1/2006 805/1/2007
f 805/1/2007 787/1/2008 789/1/2005
s 780
f 790/1/2009 814/1/2010 812/1/2011
f 812/1/2011 788/1/2012 790/1/2009
s 781
f 813/1/2013 789/1/2014 791/1/2015
f 791/1/2015 815/1/2016 813/1/2013
s 782
f 792/1/2017 816/1/2017 814/1/2017
f 814/1/2017 790/1/2018 792/1/2017
s 783
f 815/1/2019 791/1/2020 793/1/2019
f 793/1/2019 817/1/2021 815/1/2019
s 784
f 816/1/2022 792/1/2023 794/1/2024
f 794/1/2024 818/1/2025 816/1/2022
s 785
f 819/1/2026 820/1/2027 777/1/2027
f 777/1/2027 795/1/2027 819/1/2026
s 786
f 793/1/2028 796/1/2028 821/1/2029
f 821/1/2029 817/1/2030 793/1/2028
s 787
f 822/1/2031 818/1/2032 794/1/2033
f 794/1/2033 797/1/2034 822/1/2031
s 788
f 823/1/2035 819/1/2036 795/1/2037
f 795/1/2037 798/1/2038 823/1/2035
s 789
f 824/1/2039 821/1/2039 796/1/2039
f 796/1/2039 799/1/2039 824/1/2039
s 790
f 797/1/2040 800/1/2041 825/1/2042
f 825/1/2042 822/1/2040 797/1/2040
s 791
f 801/1/2043 826/1/2044 823/1/2045
f 823/1/2045 798/1/2045 801/1/2043
s 792
f 802/1/2046 827/1/2047 824/1/2048
f 824/1/2048 799/1/2049 802/1/2046
s 793
f 828/1/2050 825/1/2051 800/1/2050
f 800/1/2050 739/1/2052 828/1/2050
s 794
f 826/1/2053 801/1/2054 776/1/2055
f 776/1/2055 829/1/2056 826/1/2053
s 795
f 778/1/2057 830/1/2058 827/1/2057
f 827/1/2057 802/1/2057 778/1/2057
s 796
f 742/1/2059 831/1/2060 828/1/2061
f 828/1/2061 739/1/2061 742/1/2059
s 797
f 832/1/2062 829/1/2063 776/1/2064
f 776/1/2064 775/1/2065 832/1/2062
s 798
f 830/1/2066 778/1/2066 777/1/2067
f 777/1/2067 820/1/2066 830/1/2066
s 799
f 779/1/2068 833/1/2069 831/1/2068
f 831/1/2068 742/1/2068 779/1/2068
s 800
f 780/1/2070 834/1/2071 832/1/2072
f 832/1/2072 775/1/2073 780/1/2070
s 801
f 833/1/2074 779/1/2075 772/1/2074
f 772/1/2074 771/1/2075 833/1/2074
s 802
f 781/1/2076 807/1/2077 834/1/2078
f 834/1/2078 780/1/2076 781/1/2076
s 803
f 835/1/2079 836/1/2080 837/1/2080
f 835/1/2079 837/1/2080 838/1/2081
f 838/1/2081 839/1/2080 840/1/2080
f 838/1/2081 840/1/2080 841/1/2082
f 835/1/2079 838/1/2081 841/1/2082
f 841/1/2082 842/1/2080 843/1/2083
f 841/1/2082 843/1/2083 844/1/2084
f 845/1/2080 846/1/2080 847/1/2085
f 844/1/2084 845/1/2080 847/1/2085
f 841/1/2082 844/1/2084 847/1/2085
f 835/1/2079 841/1/2082 847/1/2085
f 847/1/2085 848/1/2080 849/1/2080
f 847/1/2085 849/1/2080 850/1/2086
f 851/1/2087 852/1/2088 853/1/2089
f 850/1/2086 851/1/2087 853/1/2089
f 847/1/2085 850/1/2086 853/1/2089
f 835/1/2079 847/1/2085 853/1/2089
f 853/1/2089 854/1/2090 855/1/2091
f 853/1/2089 855/1/2091 856/1/2089
f 853/1/2089 856/1/2089 803/1/2092
f 835/1/2079 853/1/2089 803/1/2092
f 857/1/2080 858/1/2080 859/1/2080
f 806/1/2080 857/1/2080 859/1/2080
f 803/1/2092 806/1/2080 859/1/2080
f 803/1/2092 859/1/2080 860/1/2093
f 835/1/2079 803/1/2092 860/1/2093
f 860/1/2093 861/1/2080 862/1/2080
f 860/1/2093 862/1/2080 863/1/2094
f 860/1/2093 863/1/2094 864/1/2080
f 835/1/2079 860/1/2093 864/1/2080
s 804
f 812/1/2095 845/1/2095 844/1/2095
f 844/1/2095 811/1/2095 812/1/2095
s 805
f 857/1/2096 806/1/2097 805/1/2097
f 805/1/2097 813/1/2097 857/1/2096
s 806
f 845/1/2098 812/1/2098 814/1/2098
f 814/1/2098 846/1/2098 845/1/2098
s 807
f 813/1/2099 815/1/2100 858/1/2100
f 858/1/2100 857/1/2100 813/1/2099
s 808
f 847/1/2101 846/1/2101 814/1/2101
f 814/1/2101 816/1/2101 847/1/2101
s 809
f 859/1/2102 858/1/2103 815/1/2104
f 815/1/2104 817/1/2103 859/1/2102
s 810
f 816/1/2105 818/1/2106 848/1/2105
f 848/1/2105 847/1/2105 816/1/2105
s 811
f 835/1/2107 864/1/2107 820/1/2107
f 820/1/2107 819/1/2107 835/1/2107
s 812
f 821/1/2108 860/1/2108 859/1/2108
f 859/1/2108 817/1/2108 821/1/2108
s 813
f 849/1/2109 848/1/2109 818/1/2109
f 818/1/2109 822/1/2109 849/1/2109
s 814
f 819/1/2110 823/1/2110 836/1/2110
f 836/1/2110 835/1/2110 819/1/2110
s 815
f 824/1/2111 861/1/2112 860/1/2112
f 860/1/2112 821/1/2112 824/1/2111
s 816
f 825/1/2113 850/1/2113 849/1/2113
f 849/1/2113 822/1/2113 825/1/2113
s 817
f 837/1/2114 836/1/2114 823/1/2114
f 823/1/2114 826/1/2114 837/1/2114
s 818
f 861/1/2115 824/1/2115 827/1/2115
f 827/1/2115 862/1/2115 861/1/2115
s 819
f 828/1/2116 851/1/2116 850/1/2116
f 850/1/2116 825/1/2116 828/1/2116
s 820
f 829/1/2117 838/1/2117 837/1/2117
f 837/1/2117 826/1/2117 829/1/2117
s 821
f 863/1/2118 862/1/2118 827/1/2118
f 827/1/2118 830/1/2118 863/1/2118
s 822
f 851/1/2119 828/1/2119 831/1/2119
f 831/1/2119 852/1/2119 851/1/2119
s 823
f 832/1/2120 839/1/2120 838/1/2120
f 838/1/2120 829/1/2120 832/1/2120
s 824
f 820/1/2121 864/1/2121 863/1/2121
f 863/1/2121 830/1/2121 820/1/2121
s 825
f 853/1/2122 852/1/2122 831/1/2122
f 831/1/2122 833/1/2122 853/1/2122
s 826
f 839/1/2123 832/1/2123 834/1/2123
f 834/1/2123 840/1/2123 839/1/2123
s 827
f 833/1/2124 771/1/2124 854/1/2124
f 854/1/2124 853/1/2124 833/1/2124
s 828
f 841/1/2125 840/1/2125 834/1/2125
f 834/1/2125 807/1/2125 841/1/2125
s 829
f 855/1/2126 854/1/2126 771/1/2126
f 771/1/2126 774/1/2126 855/1/2126
s 830
f 807/1/2127 808/1/2127 842/1/2127
f 842/1/2127 841/1/2127 807/1/2127
s 831
f 809/1/2128 856/1/2129 855/1/2129
f 855/1/2129 774/1/2129 809/1/2128
s 832
f 843/1/2130 842/1/2131 808/1/2131
f 808/1/2131 810/1/2131 843/1/2130
s 833
f 804/1/2132 803/1/2133 856/1/2133
f 856/1/2133 809/1/2133 804/1/2132
s 834
f 811/1/2134 844/1/2134 843/1/2134
f 843/1/2134 810/1/2134 811/1/2134
s 835
f 865/1/2135 866/1/2136 867/1/2137
f 867/1/2137 868/1/2138 865/1/2135
f 868/1/2138 867/1/2137 869/1/2139
f 869/1/2139 870/1/2140 868/1/2138
s 836
f 868/1/2141 871/1/2142 872/1/2143
f 872/1/2143 865/1/2144 868/1/2141
f 873/1/2145 871/1/2142 868/1/2141
f 868/1/2141 870/1/2146 873/1/2145
s 837
f 874/1/2147 875/1/2147 876/1/2147
f 876/1/2147 866/1/2147 874/1/2147
s 838
f 877/1/2148 867/1/2148 866/1/2148
f 866/1/2148 876/1/2148 877/1/2148
s 839
f 877/1/2149 878/1/2149 869/1/2149
f 869/1/2149 867/1/2149 877/1/2149
s 840
f 869/1/2150 878/1/2150 879/1/2150
f 879/1/2150 880/1/2150 869/1/2150
s 835
f 881/1/2151 870/1/2140 869/1/2139
f 869/1/2139 880/1/2152 881/1/2151
s 836
f 881/1/2153 882/1/2154 873/1/2145
f 873/1/2145 870/1/2146 881/1/2153
s 841
f 883/1/2155 873/1/2155 882/1/2156
f 882/1/2156 884/1/2157 883/1/2155
s 842
f 873/1/2158 883/1/2158 885/1/2158
f 885/1/2158 871/1/2158 873/1/2158
s 843
f 871/1/2159 885/1/2159 886/1/2160
f 886/1/2160 872/1/2159 871/1/2159
s 844
f 886/1/2161 887/1/2162 888/1/2163
f 888/1/2163 872/1/2164 886/1/2161
s 836
f 865/1/2144 872/1/2143 888/1/2165
f 888/1/2165 889/1/2166 865/1/2144
s 835
f 874/1/2167 866/1/2136 865/1/2135
f 865/1/2135 889/1/2168 874/1/2167
s 845
f 890/1/2169 891/1/2170 892/1/2171
f 892/1/2171 893/1/2172 890/1/2169
s 846
f 894/1/2173 895/1/2174 891/1/2175
f 891/1/2175 890/1/2176 894/1/2173
s 845
f 891/1/2170 896/1/2177 897/1/2178
f 897/1/2178 892/1/2171 891/1/2170
s 846
f 891/1/2175 895/1/2174 898/1/2179
f 898/1/2179 896/1/2180 891/1/2175
s 847
f 899/1/2181 893/1/2181 900/1/2181
f 900/1/2181 901/1/2181 899/1/2181
s 845
f 890/1/2169 893/1/2172 899/1/2182
f 899/1/2182 902/1/2183 890/1/2169
s 846
f 903/1/2184 894/1/2173 890/1/2176
f 890/1/2176 902/1/2185 903/1/2184
s 848
f 894/1/2186 903/1/2186 904/1/2186
f 904/1/2186 905/1/2187 894/1/2186
s 849
f 906/1/2188 895/1/2188 894/1/2188
f 894/1/2188 905/1/2188 906/1/2188
s 850
f 907/1/2189 898/1/2189 895/1/2189
f 895/1/2189 906/1/2189 907/1/2189
s 851
f 908/1/2190 898/1/2190 907/1/2190
f 907/1/2190 909/1/2190 908/1/2190
s 846
f 908/1/2191 910/1/2192 896/1/2180
f 896/1/2180 898/1/2179 908/1/2191
s 845
f 896/1/2177 910/1/2193 911/1/2194
f 911/1/2194 897/1/2178 896/1/2177
s 852
f 912/1/2195 897/1/2195 911/1/2196
f 911/1/2196 913/1/2195 912/1/2195
s 853
f 892/1/2197 897/1/2197 912/1/2197
f 912/1/2197 914/1/2197 892/1/2197
s 854
f 893/1/2198 892/1/2199 914/1/2198
f 914/1/2198 900/1/2200 893/1/2198
s 845
f 915/1/2201 916/1/2202 917/1/2203
f 917/1/2203 918/1/2204 915/1/2201
s 846
f 919/1/2205 920/1/2206 916/1/2207
f 916/1/2207 915/1/2208 919/1/2205
s 845
f 916/1/2202 921/1/2209 922/1/2210
f 922/1/2210 917/1/2203 916/1/2202
s 846
f 916/1/2207 920/1/2206 923/1/2211
f 923/1/2211 921/1/2212 916/1/2207
s 855
f 918/1/2213 924/1/2213 925/1/2213
f 925/1/2213 926/1/2213 918/1/2213
s 845
f 926/1/2214 927/1/2215 915/1/2201
f 915/1/2201 918/1/2204 926/1/2214
s 846
f 919/1/2205 915/1/2208 927/1/2216
f 927/1/2216 928/1/2217 919/1/2205
s 856
f 928/1/2218 929/1/2218 930/1/2219
f 930/1/2219 919/1/2219 928/1/2218
s 857
f 931/1/2220 920/1/2221 919/1/2220
f 919/1/2220 930/1/2220 931/1/2220
s 858
f 932/1/2222 923/1/2222 920/1/2222
f 920/1/2222 931/1/2222 932/1/2222
s 859
f 903/1/2223 923/1/2223 932/1/2223
f 932/1/2223 904/1/2223 903/1/2223
s 846
f 902/1/2185 921/1/2212 923/1/2211
f 923/1/2211 903/1/2184 902/1/2185
s 845
f 902/1/2183 899/1/2182 922/1/2210
f 922/1/2210 921/1/2209 902/1/2183
s 860
f 899/1/2224 901/1/2224 933/1/2224
f 933/1/2224 922/1/2225 899/1/2224
s 861
f 917/1/2226 922/1/2226 933/1/2226
f 933/1/2226 934/1/2227 917/1/2226
s 862
f 918/1/2228 917/1/2228 934/1/2228
f 934/1/2228 924/1/2228 918/1/2228
s 845
f 935/1/2229 936/1/2230 937/1/2231
f 937/1/2231 938/1/2232 935/1/2229
s 846
f 939/1/2233 940/1/2234 936/1/2235
f 936/1/2235 935/1/2236 939/1/2233
s 845
f 936/1/2230 941/1/2237 942/1/2238
f 942/1/2238 937/1/2231 936/1/2230
s 846
f 936/1/2235 940/1/2234 943/1/2239
f 943/1/2239 941/1/2240 936/1/2235
s 863
f 944/1/2241 945/1/2241 946/1/2241
f 946/1/2241 938/1/2241 944/1/2241
s 845
f 935/1/2229 938/1/2232 946/1/2242
f 946/1/2242 947/1/2243 935/1/2229
s 846
f 939/1/2233 935/1/2236 947/1/2244
f 947/1/2244 948/1/2245 939/1/2233
s 864
f 948/1/2246 949/1/2246 950/1/2246
f 950/1/2246 939/1/2247 948/1/2246
s 865
f 951/1/2248 940/1/2248 939/1/2249
f 939/1/2249 950/1/2248 951/1/2248
s 866
f 952/1/2250 943/1/2251 940/1/2250
f 940/1/2250 951/1/2250 952/1/2250
s 867
f 929/1/2252 928/1/2253 943/1/2254
f 943/1/2254 952/1/2255 929/1/2252
s 846
f 927/1/2216 941/1/2240 943/1/2239
f 943/1/2239 928/1/2217 927/1/2216
s 845
f 927/1/2215 926/1/2214 942/1/2238
f 942/1/2238 941/1/2237 927/1/2215
s 868
f 926/1/2256 925/1/2256 953/1/2256
f 953/1/2256 942/1/2256 926/1/2256
s 869
f 942/1/2257 953/1/2257 954/1/2257
f 954/1/2257 937/1/2258 942/1/2257
s 870
f 938/1/2259 937/1/2260 954/1/2261
f 954/1/2261 944/1/2259 938/1/2259
s 845
f 955/1/2262 956/1/2263 957/1/2264
f 957/1/2264 958/1/2265 955/1/2262
s 846
f 959/1/2266 960/1/2267 956/1/2268
f 956/1/2268 955/1/2269 959/1/2266
s 845
f 956/1/2263 961/1/2270 962/1/2271
f 962/1/2271 957/1/2264 956/1/2263
s 846
f 956/1/2268 960/1/2267 963/1/2272
f 963/1/2272 961/1/2273 956/1/2268
s 871
f 958/1/2274 964/1/2274 965/1/2274
f 965/1/2274 966/1/2274 958/1/2274
s 845
f 958/1/2265 966/1/2275 967/1/2276
f 967/1/2276 955/1/2262 958/1/2265
s 846
f 967/1/2277 968/1/2278 959/1/2266
f 959/1/2266 955/1/2269 967/1/2277
s 872
f 969/1/2279 959/1/2279 968/1/2280
f 968/1/2280 970/1/2279 969/1/2279
s 873
f 960/1/2281 959/1/2282 969/1/2281
f 969/1/2281 971/1/2281 960/1/2281
s 874
f 972/1/2283 963/1/2284 960/1/2284
f 960/1/2284 971/1/2285 972/1/2283
s 875
f 949/1/2286 948/1/2286 963/1/2286
f 963/1/2286 972/1/2286 949/1/2286
s 846
f 947/1/2244 961/1/2273 963/1/2272
f 963/1/2272 948/1/2245 947/1/2244
s 845
f 947/1/2243 946/1/2242 962/1/2271
f 962/1/2271 961/1/2270 947/1/2243
s 876
f 946/1/2287 945/1/2287 973/1/2287
f 973/1/2287 962/1/2287 946/1/2287
s 877
f 962/1/2288 973/1/2288 974/1/2288
f 974/1/2288 957/1/2288 962/1/2288
s 878
f 964/1/2289 958/1/2289 957/1/2289
f 957/1/2289 974/1/2289 964/1/2289
s 845
f 975/1/2290 976/1/2291 977/1/2292
f 977/1/2292 978/1/2293 975/1/2290
s 846
f 979/1/2294 980/1/2295 976/1/2296
f 976/1/2296 975/1/2297 979/1/2294
s 845
f 976/1/2291 981/1/2298 982/1/2299
f 982/1/2299 977/1/2292 976/1/2291
s 846
f 976/1/2296 980/1/2295 983/1/2300
f 983/1/2300 981/1/2301 976/1/2296
s 879
f 978/1/2302 984/1/2302 985/1/2302
f 985/1/2302 986/1/2302 978/1/2302
s 845
f 978/1/2293 986/1/2303 987/1/2304
f 987/1/2304 975/1/2290 978/1/2293
s 846
f 979/1/2294 975/1/2297 987/1/2305
f 987/1/2305 988/1/2306 979/1/2294
s 880
f 988/1/2307 989/1/2307 990/1/2308
f 990/1/2308 979/1/2308 988/1/2307
s 881
f 980/1/2309 979/1/2310 990/1/2310
f 990/1/2310 991/1/2310 980/1/2309
s 882
f 992/1/2311 983/1/2311 980/1/2311
f 980/1/2311 991/1/2311 992/1/2311
s 883
f 968/1/2312 983/1/2312 992/1/2312
f 992/1/2312 970/1/2312 968/1/2312
s 846
f 981/1/2301 983/1/2300 968/1/2278
f 968/1/2278 967/1/2277 981/1/2301
s 845
f 967/1/2276 966/1/2275 982/1/2299
f 982/1/2299 981/1/2298 967/1/2276
s 884
f 966/1/2313 965/1/2313 993/1/2313
f 993/1/2313 982/1/2313 966/1/2313
s 885
f 982/1/2314 993/1/2314 994/1/2314
f 994/1/2314 977/1/2314 982/1/2314
s 886
f 984/1/2315 978/1/2315 977/1/2315
f 977/1/2315 994/1/2315 984/1/2315
s 845
f 995/1/2316 996/1/2317 997/1/2318
f 997/1/2318 998/1/2319 995/1/2316
s 846
f 999/1/2320 1000/1/2321 996/1/2322
f 996/1/2322 995/1/2323 999/1/2320
s 845
f 996/1/2317 1001/1/2324 1002/1/2325
f 1002/1/2325 997/1/2318 996/1/2317
s 846
f 996/1/2322 1000/1/2321 1003/1/2326
f 1003/1/2326 1001/1/2327 996/1/2322
s 887
f 998/1/2328 1004/1/2328 1005/1/2328
f 1005/1/2328 1006/1/2329 998/1/2328
s 845
f 998/1/2319 1006/1/2330 1007/1/2331
f 1007/1/2331 995/1/2316 998/1/2319
s 846
f 999/1/2320 995/1/2323 1007/1/2332
f 1007/1/2332 1008/1/2333 999/1/2320
s 888
f 1008/1/2334 1009/1/2334 1010/1/2334
f 1010/1/2334 999/1/2334 1008/1/2334
s 889
f 1000/1/2335 999/1/2336 1010/1/2336
f 1010/1/2336 1011/1/2336 1000/1/2335
s 890
f 1012/1/2337 1003/1/2337 1000/1/2337
f 1000/1/2337 1011/1/2337 1012/1/2337
s 891
f 988/1/2338 1003/1/2339 1012/1/2339
f 1012/1/2339 989/1/2340 988/1/2338
s 846
f 987/1/2305 1001/1/2327 1003/1/2326
f 1003/1/2326 988/1/2306 987/1/2305
s 845
f 987/1/2304 986/1/2303 1002/1/2325
f 1002/1/2325 1001/1/2324 987/1/2304
s 892
f 986/1/2341 985/1/2341 1013/1/2341
f 1013/1/2341 1002/1/2341 986/1/2341
s 893
f 1002/1/2342 1013/1/2342 1014/1/2343
f 1014/1/2343 997/1/2342 1002/1/2342
s 894
f 1004/1/2344 998/1/2344 997/1/2344
f 997/1/2344 1014/1/2344 1004/1/2344
s 845
f 1015/1/2345 1016/1/2346 1017/1/2347
f 1017/1/2347 1018/1/2348 1015/1/2345
s 846
f 1019/1/2349 1020/1/2350 1016/1/2351
f 1016/1/2351 1015/1/2352 1019/1/2349
s 845
f 1016/1/2346 1021/1/2353 1022/1/2354
f 1022/1/2354 1017/1/2347 1016/1/2346
s 846
f 1016/1/2351 1020/1/2350 1023/1/2355
f 1023/1/2355 1021/1/2356 1016/1/2351
s 895
f 1018/1/2357 1024/1/2358 1025/1/2358
f 1025/1/2358 1026/1/2358 1018/1/2357
s 845
f 1018/1/2348 1026/1/2359 1027/1/2360
f 1027/1/2360 1015/1/2345 1018/1/2348
s 846
f 1019/1/2349 1015/1/2352 1027/1/2361
f 1027/1/2361 1028/1/2362 1019/1/2349
s 896
f 1028/1/2363 1029/1/2363 1030/1/2363
f 1030/1/2363 1019/1/2363 1028/1/2363
s 897
f 1020/1/2364 1019/1/2364 1030/1/2364
f 1030/1/2364 1031/1/2364 1020/1/2364
s 898
f 1032/1/2365 1023/1/2365 1020/1/2365
f 1020/1/2365 1031/1/2366 1032/1/2365
s 899
f 1008/1/2367 1023/1/2368 1032/1/2369
f 1032/1/2369 1009/1/2370 1008/1/2367
s 846
f 1007/1/2332 1021/1/2356 1023/1/2355
f 1023/1/2355 1008/1/2333 1007/1/2332
s 845
f 1007/1/2331 1006/1/2330 1022/1/2354
f 1022/1/2354 1021/1/2353 1007/1/2331
s 900
f 1006/1/2371 1005/1/2371 1033/1/2371
f 1033/1/2371 1022/1/2371 1006/1/2371
s 901
f 1022/1/2372 1033/1/2373 1034/1/2373
f 1034/1/2373 1017/1/2372 1022/1/2372
s 902
f 1024/1/2374 1018/1/2375 1017/1/2376
f 1017/1/2376 1034/1/2377 1024/1/2374
s 845
f 1035/1/2378 1036/1/2379 1037/1/2380
f 1037/1/2380 1038/1/2381 1035/1/2378
s 846
f 1039/1/2382 1040/1/2383 1036/1/2384
f 1036/1/2384 1035/1/2385 1039/1/2382
s 845
f 1036/1/2379 1041/1/2386 1042/1/2387
f 1042/1/2387 1037/1/2380 1036/1/2379
s 846
f 1036/1/2384 1040/1/2383 1043/1/2388
f 1043/1/2388 1041/1/2389 1036/1/2384
s 903
f 1038/1/2390 1044/1/2390 1045/1/2390
f 1045/1/2390 1046/1/2390 1038/1/2390
s 845
f 1038/1/2381 1046/1/2391 1047/1/2392
f 1047/1/2392 1035/1/2378 1038/1/2381
s 846
f 1039/1/2382 1035/1/2385 1047/1/2393
f 1047/1/2393 1048/1/2394 1039/1/2382
s 904
f 1049/1/2395 1039/1/2395 1048/1/2395
f 1048/1/2395 1050/1/2395 1049/1/2395
s 905
f 1040/1/2396 1039/1/2396 1049/1/2396
f 1049/1/2396 1051/1/2396 1040/1/2396
s 906
f 1052/1/2397 1043/1/2397 1040/1/2397
f 1040/1/2397 1051/1/2397 1052/1/2397
s 907
f 1028/1/2398 1043/1/2399 1052/1/2400
f 1052/1/2400 1029/1/2398 1028/1/2398
s 846
f 1027/1/2361 1041/1/2389 1043/1/2388
f 1043/1/2388 1028/1/2362 1027/1/2361
s 845
f 1027/1/2360 1026/1/2359 1042/1/2387
f 1042/1/2387 1041/1/2386 1027/1/2360
s 908
f 1026/1/2401 1025/1/2401 1053/1/2402
f 1053/1/2402 1042/1/2403 1026/1/2401
s 909
f 1042/1/2404 1053/1/2404 1054/1/2405
f 1054/1/2405 1037/1/2405 1042/1/2404
s 910
f 1044/1/2406 1038/1/2406 1037/1/2406
f 1037/1/2406 1054/1/2406 1044/1/2406
s 845
f 1055/1/2407 1056/1/2408 1057/1/2409
f 1057/1/2409 1058/1/2410 1055/1/2407
s 846
f 1059/1/2411 1060/1/2412 1056/1/2413
f 1056/1/2413 1055/1/2414 1059/1/2411
s 845
f 1056/1/2408 1061/1/2415 1062/1/2416
f 1062/1/2416 1057/1/2409 1056/1/2408
s 846
f 1056/1/2413 1060/1/2412 1063/1/2417
f 1063/1/2417 1061/1/2418 1056/1/2413
s 911
f 1058/1/2419 1064/1/2419 1065/1/2419
f 1065/1/2419 1066/1/2419 1058/1/2419
s 845
f 1058/1/2410 1066/1/2420 1067/1/2421
f 1067/1/2421 1055/1/2407 1058/1/2410
s 846
f 1059/1/2411 1055/1/2414 1067/1/2422
f 1067/1/2422 1068/1/2423 1059/1/2411
s 912
f 1069/1/2424 1059/1/2424 1068/1/2424
f 1068/1/2424 1070/1/2424 1069/1/2424
s 913
f 1060/1/2425 1059/1/2425 1069/1/2425
f 1069/1/2425 1071/1/2425 1060/1/2425
s 914
f 1072/1/2426 1063/1/2426 1060/1/2427
f 1060/1/2427 1071/1/2426 1072/1/2426
s 915
f 1050/1/2428 1048/1/2428 1063/1/2428
f 1063/1/2428 1072/1/2428 1050/1/2428
s 846
f 1047/1/2393 1061/1/2418 1063/1/2417
f 1063/1/2417 1048/1/2394 1047/1/2393
s 845
f 1047/1/2392 1046/1/2391 1062/1/2416
f 1062/1/2416 1061/1/2415 1047/1/2392
s 916
f 1046/1/2429 1045/1/2429 1073/1/2429
f 1073/1/2429 1062/1/2429 1046/1/2429
s 917
f 1062/1/2430 1073/1/2430 1074/1/2430
f 1074/1/2430 1057/1/2430 1062/1/2430
s 918
f 1064/1/2431 1058/1/2432 1057/1/2431
f 1057/1/2431 1074/1/2431 1064/1/2431
s 845
f 1075/1/2433 1076/1/2434 1077/1/2435
f 1077/1/2435 1078/1/2436 1075/1/2433
s 846
f 1079/1/2437 1080/1/2438 1076/1/2439
f 1076/1/2439 1075/1/2440 1079/1/2437
s 845
f 1076/1/2434 1081/1/2441 1082/1/2442
f 1082/1/2442 1077/1/2435 1076/1/2434
s 846
f 1076/1/2439 1080/1/2438 1083/1/2443
f 1083/1/2443 1081/1/2444 1076/1/2439
s 919
f 1078/1/2445 1084/1/2445 1085/1/2445
f 1085/1/2445 1086/1/2446 1078/1/2445
s 845
f 1078/1/2436 1086/1/2447 1087/1/2448
f 1087/1/2448 1075/1/2433 1078/1/2436
s 846
f 1079/1/2437 1075/1/2440 1087/1/2449
f 1087/1/2449 1088/1/2450 1079/1/2437
s 920
f 1089/1/2451 1079/1/2452 1088/1/2451
f 1088/1/2451 1090/1/2453 1089/1/2451
s 921
f 1080/1/2454 1079/1/2454 1089/1/2454
f 1089/1/2454 1091/1/2455 1080/1/2454
s 922
f 1092/1/2456 1083/1/2456 1080/1/2456
f 1080/1/2456 1091/1/2456 1092/1/2456
s 923
f 1070/1/2457 1068/1/2457 1083/1/2457
f 1083/1/2457 1092/1/2457 1070/1/2457
s 846
f 1067/1/2422 1081/1/2444 1083/1/2443
f 1083/1/2443 1068/1/2423 1067/1/2422
s 845
f 1067/1/2421 1066/1/2420 1082/1/2442
f 1082/1/2442 1081/1/2441 1067/1/2421
s 924
f 1066/1/2458 1065/1/2458 1093/1/2458
f 1093/1/2458 1082/1/2458 1066/1/2458
s 925
f 1082/1/2459 1093/1/2460 1094/1/2459
f 1094/1/2459 1077/1/2461 1082/1/2459
s 926
f 1084/1/2462 1078/1/2463 1077/1/2463
f 1077/1/2463 1094/1/2462 1084/1/2462
s 845
f 1095/1/2464 1096/1/2465 1097/1/2466
f 1097/1/2466 1098/1/2467 1095/1/2464
s 846
f 1099/1/2468 1100/1/2469 1096/1/2470
f 1096/1/2470 1095/1/2471 1099/1/2468
s 845
f 1096/1/2465 1101/1/2472 1102/1/2473
f 1102/1/2473 1097/1/2466 1096/1/2465
s 846
f 1096/1/2470 1100/1/2469 1103/1/2474
f 1103/1/2474 1101/1/2475 1096/1/2470
s 927
f 1098/1/2476 1104/1/2477 1105/1/2477
f 1105/1/2477 1106/1/2476 1098/1/2476
s 845
f 1098/1/2467 1106/1/2478 1107/1/2479
f 1107/1/2479 1095/1/2464 1098/1/2467
s 846
f 1099/1/2468 1095/1/2471 1107/1/2480
f 1107/1/2480 1108/1/2481 1099/1/2468
s 928
f 1109/1/2482 1099/1/2482 1108/1/2482
f 1108/1/2482 1110/1/2482 1109/1/2482
s 929
f 1100/1/2483 1099/1/2483 1109/1/2483
f 1109/1/2483 1111/1/2483 1100/1/2483
s 930
f 1112/1/2484 1103/1/2485 1100/1/2486
f 1100/1/2486 1111/1/2484 1112/1/2484
s 931
f 1090/1/2487 1088/1/2487 1103/1/2487
f 1103/1/2487 1112/1/2487 1090/1/2487
s 846
f 1087/1/2449 1101/1/2475 1103/1/2474
f 1103/1/2474 1088/1/2450 1087/1/2449
s 845
f 1087/1/2448 1086/1/2447 1102/1/2473
f 1102/1/2473 1101/1/2472 1087/1/2448
s 932
f 1086/1/2488 1085/1/2488 1113/1/2488
f 1113/1/2488 1102/1/2488 1086/1/2488
s 933
f 1102/1/2489 1113/1/2489 1114/1/2489
f 1114/1/2489 1097/1/2489 1102/1/2489
s 934
f 1104/1/2490 1098/1/2490 1097/1/2490
f 1097/1/2490 1114/1/2491 1104/1/2490
s 845
f 1115/1/2492 1116/1/2493 1117/1/2494
f 1117/1/2494 1118/1/2495 1115/1/2492
s 846
f 1119/1/2496 1120/1/2497 1116/1/2498
f 1116/1/2498 1115/1/2499 1119/1/2496
s 845
f 1116/1/2493 1121/1/2500 1122/1/2501
f 1122/1/2501 1117/1/2494 1116/1/2493
s 846
f 1116/1/2498 1120/1/2497 1123/1/2502
f 1123/1/2502 1121/1/2503 1116/1/2498
s 935
f 1118/1/2504 1124/1/2504 1125/1/2504
f 1125/1/2504 1126/1/2504 1118/1/2504
s 845
f 1118/1/2495 1126/1/2505 1127/1/2506
f 1127/1/2506 1115/1/2492 1118/1/2495
s 846
f 1119/1/2496 1115/1/2499 1127/1/2507
f 1127/1/2507 1128/1/2508 1119/1/2496
s 936
f 1129/1/2509 1119/1/2510 1128/1/2509
f 1128/1/2509 1130/1/2510 1129/1/2509
s 937
f 1120/1/2511 1119/1/2511 1129/1/2511
f 1129/1/2511 1131/1/2511 1120/1/2511
s 938
f 1132/1/2512 1123/1/2512 1120/1/2513
f 1120/1/2513 1131/1/2512 1132/1/2512
s 939
f 1110/1/2514 1108/1/2514 1123/1/2514
f 1123/1/2514 1132/1/2514 1110/1/2514
s 846
f 1107/1/2480 1121/1/2503 1123/1/2502
f 1123/1/2502 1108/1/2481 1107/1/2480
s 845
f 1107/1/2479 1106/1/2478 1122/1/2501
f 1122/1/2501 1121/1/2500 1107/1/2479
s 940
f 1106/1/2515 1105/1/2516 1133/1/2517
f 1133/1/2517 1122/1/2516 1106/1/2515
s 941
f 1122/1/2518 1133/1/2518 1134/1/2518
f 1134/1/2518 1117/1/2518 1122/1/2518
s 942
f 1124/1/2519 1118/1/2519 1117/1/2519
f 1117/1/2519 1134/1/2519 1124/1/2519
s 845
f 1135/1/2520 1136/1/2521 1137/1/2522
f 1137/1/2522 1138/1/2523 1135/1/2520
s 846
f 1139/1/2524 1140/1/2525 1136/1/2526
f 1136/1/2526 1135/1/2527 1139/1/2524
s 845
f 1136/1/2521 1141/1/2528 1142/1/2529
f 1142/1/2529 1137/1/2522 1136/1/2521
s 846
f 1136/1/2526 1140/1/2525 1143/1/2530
f 1143/1/2530 1141/1/2531 1136/1/2526
s 943
f 1138/1/2532 1144/1/2532 1145/1/2532
f 1145/1/2532 1146/1/2532 1138/1/2532
s 845
f 1138/1/2523 1146/1/2533 1147/1/2534
f 1147/1/2534 1135/1/2520 1138/1/2523
s 846
f 1139/1/2524 1135/1/2527 1147/1/2535
f 1147/1/2535 1148/1/2536 1139/1/2524
s 944
f 1149/1/2537 1139/1/2537 1148/1/2537
f 1148/1/2537 1150/1/2537 1149/1/2537
s 945
f 1140/1/2538 1139/1/2538 1149/1/2538
f 1149/1/2538 1151/1/2538 1140/1/2538
s 946
f 1152/1/2539 1143/1/2540 1140/1/2541
f 1140/1/2541 1151/1/2541 1152/1/2539
s 947
f 1130/1/2542 1128/1/2543 1143/1/2543
f 1143/1/2543 1152/1/2543 1130/1/2542
s 846
f 1127/1/2507 1141/1/2531 1143/1/2530
f 1143/1/2530 1128/1/2508 1127/1/2507
s 845
f 1127/1/2506 1126/1/2505 1142/1/2529
f 1142/1/2529 1141/1/2528 1127/1/2506
s 948
f 1126/1/2544 1125/1/2544 1153/1/2544
f 1153/1/2544 1142/1/2544 1126/1/2544
s 949
f 1142/1/2545 1153/1/2545 1154/1/2546
f 1154/1/2546 1137/1/2545 1142/1/2545
s 950
f 1144/1/2547 1138/1/2547 1137/1/2547
f 1137/1/2547 1154/1/2547 1144/1/2547
s 845
f 1155/1/2548 1156/1/2549 1157/1/2550
f 1157/1/2550 1158/1/2551 1155/1/2548
s 846
f 1159/1/2552 1160/1/2553 1156/1/2554
f 1156/1/2554 1155/1/2555 1159/1/2552
s 845
f 1156/1/2549 1161/1/2556 1162/1/2557
f 1162/1/2557 1157/1/2550 1156/1/2549
s 846
f 1156/1/2554 1160/1/2553 1163/1/2558
f 1163/1/2558 1161/1/2559 1156/1/2554
s 951
f 1158/1/2560 1164/1/2560 1165/1/2560
f 1165/1/2560 1166/1/2560 1158/1/2560
s 845
f 1158/1/2551 1166/1/2561 1167/1/2562
f 1167/1/2562 1155/1/2548 1158/1/2551
s 846
f 1159/1/2552 1155/1/2555 1167/1/2563
f 1167/1/2563 1168/1/2564 1159/1/2552
s 952
f 1169/1/2565 1159/1/2565 1168/1/2565
f 1168/1/2565 1170/1/2565 1169/1/2565
s 953
f 1160/1/2566 1159/1/2567 1169/1/2568
f 1169/1/2568 1171/1/2569 1160/1/2566
s 954
f 1172/1/2570 1163/1/2571 1160/1/2572
f 1160/1/2572 1171/1/2571 1172/1/2570
s 955
f 1150/1/2573 1148/1/2573 1163/1/2573
f 1163/1/2573 1172/1/2573 1150/1/2573
s 846
f 1147/1/2535 1161/1/2559 1163/1/2558
f 1163/1/2558 1148/1/2536 1147/1/2535
s 845
f 1147/1/2534 1146/1/2533 1162/1/2557
f 1162/1/2557 1161/1/2556 1147/1/2534
s 956
f 1146/1/2574 1145/1/2574 1173/1/2574
f 1173/1/2574 1162/1/2575 1146/1/2574
s 957
f 1162/1/2576 1173/1/2577 1174/1/2576
f 1174/1/2576 1157/1/2576 1162/1/2576
s 958
f 1164/1/2578 1158/1/2579 1157/1/2579
f 1157/1/2579 1174/1/2579 1164/1/2578
s 845
f 1175/1/2580 1176/1/2581 1177/1/2582
f 1177/1/2582 1178/1/2583 1175/1/2580
s 846
f 1179/1/2584 1180/1/2585 1176/1/2586
f 1176/1/2586 1175/1/2587 1179/1/2584
s 845
f 1176/1/2581 1181/1/2588 1182/1/2589
f 1182/1/2589 1177/1/2582 1176/1/2581
s 846
f 1176/1/2586 1180/1/2585 1183/1/2590
f 1183/1/2590 1181/1/2591 1176/1/2586
s 959
f 1178/1/2592 1184/1/2593 1185/1/2593
f 1185/1/2593 1186/1/2593 1178/1/2592
s 845
f 1178/1/2583 1186/1/2594 1187/1/2595
f 1187/1/2595 1175/1/2580 1178/1/2583
s 846
f 1179/1/2584 1175/1/2587 1187/1/2596
f 1187/1/2596 1188/1/2597 1179/1/2584
s 960
f 1189/1/2598 1179/1/2598 1188/1/2598
f 1188/1/2598 1190/1/2598 1189/1/2598
s 961
f 1180/1/2599 1179/1/2599 1189/1/2599
f 1189/1/2599 1191/1/2599 1180/1/2599
s 962
f 1192/1/2600 1183/1/2600 1180/1/2600
f 1180/1/2600 1191/1/2600 1192/1/2600
s 963
f 1170/1/2601 1168/1/2601 1183/1/2601
f 1183/1/2601 1192/1/2601 1170/1/2601
s 846
f 1167/1/2563 1181/1/2591 1183/1/2590
f 1183/1/2590 1168/1/2564 1167/1/2563
s 845
f 1167/1/2562 1166/1/2561 1182/1/2589
f 1182/1/2589 1181/1/2588 1167/1/2562
s 964
f 1166/1/2602 1165/1/2602 1193/1/2602
f 1193/1/2602 1182/1/2602 1166/1/2602
s 965
f 1182/1/2603 1193/1/2604 1194/1/2604
f 1194/1/2604 1177/1/2603 1182/1/2603
s 966
f 1184/1/2605 1178/1/2605 1177/1/2605
f 1177/1/2605 1194/1/2605 1184/1/2605
s 845
f 1195/1/2606 1196/1/2607 1197/1/2608
f 1197/1/2608 1198/1/2609 1195/1/2606
s 846
f 1199/1/2610 1200/1/2611 1196/1/2612
f 1196/1/2612 1195/1/2613 1199/1/2610
s 845
f 1196/1/2607 1201/1/2614 1202/1/2615
f 1202/1/2615 1197/1/2608 1196/1/2607
s 846
f 1196/1/2612 1200/1/2611 1203/1/2616
f 1203/1/2616 1201/1/2617 1196/1/2612
s 967
f 1198/1/2618 1204/1/2618 1205/1/2618
f 1205/1/2618 1206/1/2619 1198/1/2618
s 845
f 1198/1/2609 1206/1/2620 1207/1/2621
f 1207/1/2621 1195/1/2606 1198/1/2609
s 846
f 1199/1/2610 1195/1/2613 1207/1/2622
f 1207/1/2622 1208/1/2623 1199/1/2610
s 968
f 1209/1/2624 1199/1/2624 1208/1/2624
f 1208/1/2624 1210/1/2624 1209/1/2624
s 969
f 1200/1/2625 1199/1/2625 1209/1/2625
f 1209/1/2625 1211/1/2625 1200/1/2625
s 970
f 1212/1/2626 1203/1/2626 1200/1/2626
f 1200/1/2626 1211/1/2626 1212/1/2626
s 971
f 1190/1/2627 1188/1/2627 1203/1/2627
f 1203/1/2627 1212/1/2628 1190/1/2627
s 846
f 1187/1/2596 1201/1/2617 1203/1/2616
f 1203/1/2616 1188/1/2597 1187/1/2596
s 845
f 1187/1/2595 1186/1/2594 1202/1/2615
f 1202/1/2615 1201/1/2614 1187/1/2595
s 972
f 1186/1/2629 1185/1/2629 1213/1/2629
f 1213/1/2629 1202/1/2629 1186/1/2629
s 973
f 1202/1/2630 1213/1/2630 1214/1/2630
f 1214/1/2630 1197/1/2630 1202/1/2630
s 974
f 1204/1/2631 1198/1/2631 1197/1/2631
f 1197/1/2631 1214/1/2631 1204/1/2631
s 845
f 1215/1/2632 1216/1/2633 1217/1/2634
f 1217/1/2634 1218/1/2635 1215/1/2632
s 846
f 1219/1/2636 1220/1/2637 1216/1/2638
f 1216/1/2638 1215/1/2639 1219/1/2636
s 845
f 1216/1/2633 1221/1/2640 1222/1/2641
f 1222/1/2641 1217/1/2634 1216/1/2633
s 846
f 1216/1/2638 1220/1/2637 1223/1/2642
f 1223/1/2642 1221/1/2643 1216/1/2638
s 975
f 1218/1/2186 1224/1/2186 1225/1/2186
f 1225/1/2186 1226/1/2186 1218/1/2186
s 845
f 1218/1/2635 1226/1/2644 1227/1/2645
f 1227/1/2645 1215/1/2632 1218/1/2635
s 846
f 1219/1/2636 1215/1/2639 1227/1/2646
f 1227/1/2646 1228/1/2647 1219/1/2636
s 976
f 1229/1/2648 1219/1/2649 1228/1/2650
f 1228/1/2650 1230/1/2651 1229/1/2648
s 977
f 1220/1/2198 1219/1/2198 1229/1/2198
f 1229/1/2198 1231/1/2198 1220/1/2198
s 978
f 1232/1/2197 1223/1/2652 1220/1/2197
f 1220/1/2197 1231/1/2197 1232/1/2197
s 979
f 1210/1/2195 1208/1/2195 1223/1/2195
f 1223/1/2195 1232/1/2195 1210/1/2195
s 846
f 1207/1/2622 1221/1/2643 1223/1/2642
f 1223/1/2642 1208/1/2623 1207/1/2622
s 845
f 1207/1/2621 1206/1/2620 1222/1/2641
f 1222/1/2641 1221/1/2640 1207/1/2621
s 980
f 1206/1/2190 1205/1/2190 1233/1/2190
f 1233/1/2190 1222/1/2190 1206/1/2190
s 981
f 1222/1/2189 1233/1/2189 1234/1/2189
f 1234/1/2189 1217/1/2189 1222/1/2189
s 982
f 1224/1/2653 1218/1/2654 1217/1/2653
f 1217/1/2653 1234/1/2655 1224/1/2653
s 845
f 1235/1/2656 1236/1/2657 1237/1/2658
f 1237/1/2658 1238/1/2659 1235/1/2656
s 846
f 1239/1/2660 1240/1/2661 1236/1/2662
f 1236/1/2662 1235/1/2663 1239/1/2660
s 845
f 1236/1/2657 1241/1/2664 1242/1/2665
f 1242/1/2665 1237/1/2658 1236/1/2657
s 846
f 1236/1/2662 1240/1/2661 1243/1/2666
f 1243/1/2666 1241/1/2667 1236/1/2662
s 983
f 1238/1/2219 1244/1/2219 1245/1/2219
f 1245/1/2219 1246/1/2219 1238/1/2219
s 845
f 1238/1/2659 1246/1/2668 1247/1/2669
f 1247/1/2669 1235/1/2656 1238/1/2659
s 846
f 1239/1/2660 1235/1/2663 1247/1/2670
f 1247/1/2670 1248/1/2671 1239/1/2660
s 984
f 1249/1/2213 1239/1/2213 1248/1/2213
f 1248/1/2213 1250/1/2213 1249/1/2213
s 985
f 1240/1/2672 1239/1/2672 1249/1/2672
f 1249/1/2672 1251/1/2672 1240/1/2672
s 986
f 1252/1/2673 1243/1/2226 1240/1/2674
f 1240/1/2674 1251/1/2226 1252/1/2673
s 987
f 1230/1/2225 1228/1/2225 1243/1/2225
f 1243/1/2225 1252/1/2225 1230/1/2225
s 846
f 1227/1/2646 1241/1/2667 1243/1/2666
f 1243/1/2666 1228/1/2647 1227/1/2646
s 845
f 1227/1/2645 1226/1/2644 1242/1/2665
f 1242/1/2665 1241/1/2664 1227/1/2645
s 988
f 1226/1/2223 1225/1/2223 1253/1/2223
f 1253/1/2223 1242/1/2223 1226/1/2223
s 989
f 1242/1/2222 1253/1/2222 1254/1/2222
f 1254/1/2222 1237/1/2222 1242/1/2222
s 990
f 1244/1/2220 1238/1/2220 1237/1/2220
f 1237/1/2220 1254/1/2675 1244/1/2220
s 845
f 1255/1/2676 1256/1/2677 1257/1/2678
f 1257/1/2678 1258/1/2679 1255/1/2676
s 846
f 1259/1/2680 1260/1/2681 1256/1/2682
f 1256/1/2682 1255/1/2683 1259/1/2680
s 845
f 1256/1/2677 1261/1/2684 1262/1/2685
f 1262/1/2685 1257/1/2678 1256/1/2677
s 846
f 1256/1/2682 1260/1/2681 1263/1/2686
f 1263/1/2686 1261/1/2687 1256/1/2682
s 991
f 1258/1/2688 1264/1/2689 1265/1/2690
f 1265/1/2690 1266/1/2247 1258/1/2688
s 845
f 1258/1/2679 1266/1/2691 1267/1/2692
f 1267/1/2692 1255/1/2676 1258/1/2679
s 846
f 1259/1/2680 1255/1/2683 1267/1/2693
f 1267/1/2693 1268/1/2694 1259/1/2680
s 992
f 1269/1/2241 1259/1/2241 1268/1/2241
f 1268/1/2241 1270/1/2241 1269/1/2241
s 993
f 1260/1/2695 1259/1/2259 1269/1/2695
f 1269/1/2695 1271/1/2696 1260/1/2695
s 994
f 1272/1/2257 1263/1/2257 1260/1/2257
f 1260/1/2257 1271/1/2257 1272/1/2257
s 995
f 1250/1/2256 1248/1/2256 1263/1/2256
f 1263/1/2256 1272/1/2256 1250/1/2256
s 846
f 1247/1/2670 1261/1/2687 1263/1/2686
f 1263/1/2686 1248/1/2671 1247/1/2670
s 845
f 1247/1/2669 1246/1/2668 1262/1/2685
f 1262/1/2685 1261/1/2684 1247/1/2669
s 996
f 1246/1/2255 1245/1/2255 1273/1/2255
f 1273/1/2255 1262/1/2255 1246/1/2255
s 997
f 1262/1/2250 1273/1/2250 1274/1/2250
f 1274/1/2250 1257/1/2251 1262/1/2250
s 998
f 1264/1/2697 1258/1/2698 1257/1/2248
f 1257/1/2248 1274/1/2248 1264/1/2697
s 845
f 1275/1/2699 1276/1/2700 1277/1/2701
f 1277/1/2701 1278/1/2702 1275/1/2699
s 846
f 1279/1/2703 1280/1/2704 1276/1/2705
f 1276/1/2705 1275/1/2706 1279/1/2703
s 845
f 1276/1/2700 1281/1/2707 1282/1/2708
f 1282/1/2708 1277/1/2701 1276/1/2700
s 846
f 1276/1/2705 1280/1/2704 1283/1/2709
f 1283/1/2709 1281/1/2710 1276/1/2705
s 999
f 1278/1/2711 1284/1/2711 1285/1/2279
f 1285/1/2279 1286/1/2279 1278/1/2711
s 845
f 1278/1/2702 1286/1/2712 1287/1/2713
f 1287/1/2713 1275/1/2699 1278/1/2702
s 846
f 1279/1/2703 1275/1/2706 1287/1/2714
f 1287/1/2714 1288/1/2715 1279/1/2703
s 1000
f 1289/1/2274 1279/1/2274 1288/1/2274
f 1288/1/2274 1290/1/2274 1289/1/2274
s 1001
f 1280/1/2289 1279/1/2289 1289/1/2289
f 1289/1/2289 1291/1/2289 1280/1/2289
s 1002
f 1292/1/2716 1283/1/2288 1280/1/2288
f 1280/1/2288 1291/1/2288 1292/1/2716
s 1003
f 1270/1/2287 1268/1/2287 1283/1/2287
f 1283/1/2287 1292/1/2287 1270/1/2287
s 846
f 1267/1/2693 1281/1/2710 1283/1/2709
f 1283/1/2709 1268/1/2694 1267/1/2693
s 845
f 1267/1/2692 1266/1/2691 1282/1/2708
f 1282/1/2708 1281/1/2707 1267/1/2692
s 1004
f 1266/1/2717 1265/1/2718 1293/1/2719
f 1293/1/2719 1282/1/2720 1266/1/2717
s 1005
f 1282/1/2721 1293/1/2722 1294/1/2285
f 1294/1/2285 1277/1/2285 1282/1/2721
s 1006
f 1284/1/2281 1278/1/2281 1277/1/2281
f 1277/1/2281 1294/1/2281 1284/1/2281
s 845
f 1295/1/2723 1296/1/2724 1297/1/2725
f 1297/1/2725 1298/1/2726 1295/1/2723
s 846
f 1299/1/2727 1300/1/2728 1296/1/2729
f 1296/1/2729 1295/1/2730 1299/1/2727
s 845
f 1296/1/2724 1301/1/2731 1302/1/2732
f 1302/1/2732 1297/1/2725 1296/1/2724
s 846
f 1296/1/2729 1300/1/2728 1303/1/2733
f 1303/1/2733 1301/1/2734 1296/1/2729
s 1007
f 1298/1/2308 1304/1/2308 1305/1/2308
f 1305/1/2308 1306/1/2308 1298/1/2308
s 845
f 1298/1/2726 1306/1/2735 1307/1/2736
f 1307/1/2736 1295/1/2723 1298/1/2726
s 846
f 1299/1/2727 1295/1/2730 1307/1/2737
f 1307/1/2737 1308/1/2738 1299/1/2727
s 1008
f 1309/1/2302 1299/1/2302 1308/1/2302
f 1308/1/2302 1310/1/2302 1309/1/2302
s 1009
f 1300/1/2315 1299/1/2315 1309/1/2315
f 1309/1/2315 1311/1/2315 1300/1/2315
s 1010
f 1312/1/2314 1303/1/2314 1300/1/2314
f 1300/1/2314 1311/1/2314 1312/1/2314
s 1011
f 1290/1/2313 1288/1/2313 1303/1/2313
f 1303/1/2313 1312/1/2313 1290/1/2313
s 846
f 1287/1/2714 1301/1/2734 1303/1/2733
f 1303/1/2733 1288/1/2715 1287/1/2714
s 845
f 1287/1/2713 1286/1/2712 1302/1/2732
f 1302/1/2732 1301/1/2731 1287/1/2713
s 1012
f 1286/1/2739 1285/1/2739 1313/1/2739
f 1313/1/2739 1302/1/2739 1286/1/2739
s 1013
f 1302/1/2311 1313/1/2311 1314/1/2311
f 1314/1/2311 1297/1/2311 1302/1/2311
s 1014
f 1304/1/2740 1298/1/2741 1297/1/2310
f 1297/1/2310 1314/1/2310 1304/1/2740
s 845
f 1315/1/2742 1316/1/2743 1317/1/2744
f 1317/1/2744 1318/1/2745 1315/1/2742
s 846
f 1319/1/2746 1320/1/2747 1316/1/2748
f 1316/1/2748 1315/1/2749 1319/1/2746
s 845
f 1316/1/2743 1321/1/2750 1322/1/2751
f 1322/1/2751 1317/1/2744 1316/1/2743
s 846
f 1316/1/2748 1320/1/2747 1323/1/2752
f 1323/1/2752 1321/1/2753 1316/1/2748
s 1015
f 1318/1/2754 1324/1/2754 1325/1/2754
f 1325/1/2754 1326/1/2754 1318/1/2754
s 845
f 1318/1/2745 1326/1/2755 1327/1/2756
f 1327/1/2756 1315/1/2742 1318/1/2745
s 846
f 1319/1/2746 1315/1/2749 1327/1/2757
f 1327/1/2757 1328/1/2758 1319/1/2746
s 1016
f 1329/1/2328 1319/1/2328 1328/1/2759
f 1328/1/2759 1330/1/2760 1329/1/2328
s 1017
f 1320/1/2761 1319/1/2344 1329/1/2344
f 1329/1/2344 1331/1/2344 1320/1/2761
s 1018
f 1332/1/2342 1323/1/2762 1320/1/2343
f 1320/1/2343 1331/1/2763 1332/1/2342
s 1019
f 1310/1/2341 1308/1/2341 1323/1/2341
f 1323/1/2341 1332/1/2341 1310/1/2341
s 846
f 1307/1/2737 1321/1/2753 1323/1/2752
f 1323/1/2752 1308/1/2738 1307/1/2737
s 845
f 1307/1/2736 1306/1/2735 1322/1/2751
f 1322/1/2751 1321/1/2750 1307/1/2736
s 1020
f 1306/1/2339 1305/1/2339 1333/1/2339
f 1333/1/2339 1322/1/2339 1306/1/2339
s 1021
f 1322/1/2764 1333/1/2765 1334/1/2765
f 1334/1/2765 1317/1/2765 1322/1/2764
s 1022
f 1324/1/2336 1318/1/2336 1317/1/2336
f 1317/1/2336 1334/1/2336 1324/1/2336
s 845
f 1335/1/2766 1336/1/2767 1337/1/2768
f 1337/1/2768 1338/1/2769 1335/1/2766
s 846
f 1339/1/2770 1340/1/2771 1336/1/2772
f 1336/1/2772 1335/1/2773 1339/1/2770
s 845
f 1336/1/2767 1341/1/2774 1342/1/2775
f 1342/1/2775 1337/1/2768 1336/1/2767
s 846
f 1336/1/2772 1340/1/2771 1343/1/2776
f 1343/1/2776 1341/1/2777 1336/1/2772
s 1023
f 1338/1/2363 1344/1/2363 1345/1/2363
f 1345/1/2363 1346/1/2363 1338/1/2363
s 845
f 1338/1/2769 1346/1/2778 1347/1/2779
f 1347/1/2779 1335/1/2766 1338/1/2769
s 846
f 1339/1/2770 1335/1/2773 1347/1/2780
f 1347/1/2780 1348/1/2781 1339/1/2770
s 1024
f 1349/1/2358 1339/1/2358 1348/1/2358
f 1348/1/2358 1350/1/2782 1349/1/2358
s 1025
f 1340/1/2374 1339/1/2375 1349/1/2375
f 1349/1/2375 1351/1/2374 1340/1/2374
s 1026
f 1352/1/2372 1343/1/2372 1340/1/2372
f 1340/1/2372 1351/1/2373 1352/1/2372
s 1027
f 1330/1/2783 1328/1/2784 1343/1/2371
f 1343/1/2371 1352/1/2371 1330/1/2783
s 846
f 1327/1/2757 1341/1/2777 1343/1/2776
f 1343/1/2776 1328/1/2758 1327/1/2757
s 845
f 1327/1/2756 1326/1/2755 1342/1/2775
f 1342/1/2775 1341/1/2774 1327/1/2756
s 1028
f 1326/1/2785 1325/1/2370 1353/1/2785
f 1353/1/2785 1342/1/2786 1326/1/2785
s 1029
f 1342/1/2787 1353/1/2787 1354/1/2787
f 1354/1/2787 1337/1/2787 1342/1/2787
s 1030
f 1344/1/2364 1338/1/2364 1337/1/2364
f 1337/1/2364 1354/1/2364 1344/1/2364
s 845
f 1355/1/2788 1356/1/2789 1357/1/2790
f 1357/1/2790 1358/1/2791 1355/1/2788
s 846
f 1359/1/2792 1360/1/2793 1356/1/2794
f 1356/1/2794 1355/1/2795 1359/1/2792
s 845
f 1356/1/2789 1361/1/2389 1362/1/2796
f 1362/1/2796 1357/1/2790 1356/1/2789
s 846
f 1356/1/2794 1360/1/2793 1363/1/2797
f 1363/1/2797 1361/1/2798 1356/1/2794
s 1031
f 1358/1/2395 1364/1/2395 1365/1/2395
f 1365/1/2395 1366/1/2395 1358/1/2395
s 845
f 1358/1/2791 1366/1/2799 1367/1/2800
f 1367/1/2800 1355/1/2788 1358/1/2791
s 846
f 1359/1/2792 1355/1/2795 1367/1/2801
f 1367/1/2801 1368/1/2801 1359/1/2792
s 1032
f 1369/1/2390 1359/1/2390 1368/1/2390
f 1368/1/2390 1370/1/2802 1369/1/2390
s 1033
f 1360/1/2406 1359/1/2406 1369/1/2406
f 1369/1/2406 1371/1/2406 1360/1/2406
s 1034
f 1372/1/2405 1363/1/2405 1360/1/2405
f 1360/1/2405 1371/1/2405 1372/1/2405
s 1035
f 1350/1/2803 1348/1/2401 1363/1/2803
f 1363/1/2803 1372/1/2804 1350/1/2803
s 846
f 1347/1/2780 1361/1/2798 1363/1/2797
f 1363/1/2797 1348/1/2781 1347/1/2780
s 845
f 1347/1/2779 1346/1/2778 1362/1/2796
f 1362/1/2796 1361/1/2389 1347/1/2779
s 1036
f 1346/1/2398 1345/1/2398 1373/1/2398
f 1373/1/2398 1362/1/2398 1346/1/2398
s 1037
f 1362/1/2397 1373/1/2397 1374/1/2805
f 1374/1/2805 1357/1/2805 1362/1/2397
s 1038
f 1364/1/2396 1358/1/2396 1357/1/2396
f 1357/1/2396 1374/1/2396 1364/1/2396
s 845
f 1375/1/2806 1376/1/2807 1377/1/2808
f 1377/1/2808 1378/1/2809 1375/1/2806
s 846
f 1379/1/2810 1380/1/2811 1376/1/2812
f 1376/1/2812 1375/1/2813 1379/1/2810
s 845
f 1376/1/2807 1381/1/2814 1382/1/2815
f 1382/1/2815 1377/1/2808 1376/1/2807
s 846
f 1376/1/2812 1380/1/2811 1383/1/2816
f 1383/1/2816 1381/1/2817 1376/1/2812
s 1039
f 1378/1/2818 1384/1/2819 1385/1/2818
f 1385/1/2818 1386/1/2424 1378/1/2818
s 845
f 1378/1/2809 1386/1/2820 1387/1/2821
f 1387/1/2821 1375/1/2806 1378/1/2809
s 846
f 1379/1/2810 1375/1/2813 1387/1/2822
f 1387/1/2822 1388/1/2823 1379/1/2810
s 1040
f 1389/1/2824 1379/1/2419 1388/1/2419
f 1388/1/2419 1390/1/2419 1389/1/2824
s 1041
f 1380/1/2431 1379/1/2431 1389/1/2431
f 1389/1/2431 1391/1/2431 1380/1/2431
s 1042
f 1392/1/2430 1383/1/2430 1380/1/2825
f 1380/1/2825 1391/1/2430 1392/1/2430
s 1043
f 1370/1/2429 1368/1/2826 1383/1/2429
f 1383/1/2429 1392/1/2429 1370/1/2429
s 846
f 1367/1/2801 1381/1/2817 1383/1/2816
f 1383/1/2816 1368/1/2801 1367/1/2801
s 845
f 1367/1/2800 1366/1/2799 1382/1/2815
f 1382/1/2815 1381/1/2814 1367/1/2800
s 1044
f 1366/1/2428 1365/1/2428 1393/1/2428
f 1393/1/2428 1382/1/2428 1366/1/2428
s 1045
f 1382/1/2827 1393/1/2828 1394/1/2828
f 1394/1/2828 1377/1/2829 1382/1/2827
s 1046
f 1384/1/2830 1378/1/2830 1377/1/2830
f 1377/1/2830 1394/1/2830 1384/1/2830
s 845
f 1395/1/2831 1396/1/2832 1397/1/2833
f 1397/1/2833 1398/1/2834 1395/1/2831
s 846
f 1399/1/2835 1400/1/2836 1396/1/2837
f 1396/1/2837 1395/1/2838 1399/1/2835
s 845
f 1396/1/2832 1401/1/2839 1402/1/2840
f 1402/1/2840 1397/1/2833 1396/1/2832
s 846
f 1396/1/2837 1400/1/2836 1403/1/2841
f 1403/1/2841 1401/1/2842 1396/1/2837
s 1047
f 1398/1/2843 1404/1/2844 1405/1/2843
f 1405/1/2843 1406/1/2843 1398/1/2843
s 845
f 1398/1/2834 1406/1/2845 1407/1/2846
f 1407/1/2846 1395/1/2831 1398/1/2834
s 846
f 1399/1/2835 1395/1/2838 1407/1/2847
f 1407/1/2847 1408/1/2848 1399/1/2835
s 1048
f 1409/1/2445 1399/1/2445 1408/1/2849
f 1408/1/2849 1410/1/2445 1409/1/2445
s 1049
f 1400/1/2463 1399/1/2462 1409/1/2463
f 1409/1/2463 1411/1/2850 1400/1/2463
s 1050
f 1412/1/2461 1403/1/2461 1400/1/2461
f 1400/1/2461 1411/1/2461 1412/1/2461
s 1051
f 1390/1/2458 1388/1/2458 1403/1/2458
f 1403/1/2458 1412/1/2458 1390/1/2458
s 846
f 1387/1/2822 1401/1/2842 1403/1/2841
f 1403/1/2841 1388/1/2823 1387/1/2822
s 845
f 1387/1/2821 1386/1/2820 1402/1/2840
f 1402/1/2840 1401/1/2839 1387/1/2821
s 1052
f 1386/1/2457 1385/1/2457 1413/1/2851
f 1413/1/2851 1402/1/2457 1386/1/2457
s 1053
f 1402/1/2456 1413/1/2456 1414/1/2456
f 1414/1/2456 1397/1/2456 1402/1/2456
s 1054
f 1404/1/2455 1398/1/2455 1397/1/2455
f 1397/1/2455 1414/1/2455 1404/1/2455
s 845
f 1415/1/2852 1416/1/2853 1417/1/2854
f 1417/1/2854 1418/1/2855 1415/1/2852
s 846
f 1419/1/2856 1420/1/2857 1416/1/2858
f 1416/1/2858 1415/1/2859 1419/1/2856
s 845
f 1416/1/2853 1421/1/2860 1422/1/2861
f 1422/1/2861 1417/1/2854 1416/1/2853
s 846
f 1416/1/2858 1420/1/2857 1423/1/2862
f 1423/1/2862 1421/1/2863 1416/1/2858
s 1055
f 1418/1/2482 1424/1/2482 1425/1/2482
f 1425/1/2482 1426/1/2864 1418/1/2482
s 845
f 1418/1/2855 1426/1/2865 1427/1/2866
f 1427/1/2866 1415/1/2852 1418/1/2855
s 846
f 1419/1/2856 1415/1/2859 1427/1/2867
f 1427/1/2867 1428/1/2868 1419/1/2856
s 1056
f 1429/1/2476 1419/1/2476 1428/1/2477
f 1428/1/2477 1430/1/2477 1429/1/2476
s 1057
f 1420/1/2869 1419/1/2870 1429/1/2871
f 1429/1/2871 1431/1/2872 1420/1/2869
s 1058
f 1432/1/2873 1423/1/2489 1420/1/2873
f 1420/1/2873 1431/1/2874 1432/1/2873
s 1059
f 1410/1/2875 1408/1/2876 1423/1/2877
f 1423/1/2877 1432/1/2488 1410/1/2875
s 846
f 1407/1/2847 1421/1/2863 1423/1/2862
f 1423/1/2862 1408/1/2848 1407/1/2847
s 845
f 1407/1/2846 1406/1/2845 1422/1/2861
f 1422/1/2861 1421/1/2860 1407/1/2846
s 1060
f 1406/1/2487 1405/1/2487 1433/1/2487
f 1433/1/2487 1422/1/2487 1406/1/2487
s 1061
f 1422/1/2878 1433/1/2485 1434/1/2485
f 1434/1/2485 1417/1/2485 1422/1/2878
s 1062
f 1424/1/2879 1418/1/2879 1417/1/2879
f 1417/1/2879 1434/1/2879 1424/1/2879
s 845
f 1435/1/2880 1436/1/2881 1437/1/2882
f 1437/1/2882 1438/1/2883 1435/1/2880
s 846
f 1439/1/2884 1440/1/2885 1436/1/2886
f 1436/1/2886 1435/1/2887 1439/1/2884
s 845
f 1436/1/2881 1441/1/2888 1442/1/2889
f 1442/1/2889 1437/1/2882 1436/1/2881
s 846
f 1436/1/2886 1440/1/2885 1443/1/2890
f 1443/1/2890 1441/1/2891 1436/1/2886
s 1063
f 1438/1/2892 1444/1/2893 1445/1/2894
f 1445/1/2894 1446/1/2510 1438/1/2892
s 845
f 1438/1/2883 1446/1/2895 1447/1/2896
f 1447/1/2896 1435/1/2880 1438/1/2883
s 846
f 1439/1/2884 1435/1/2887 1447/1/2897
f 1447/1/2897 1448/1/2898 1439/1/2884
s 1064
f 1449/1/2899 1439/1/2899 1448/1/2899
f 1448/1/2899 1450/1/2899 1449/1/2899
s 1065
f 1440/1/2519 1439/1/2519 1449/1/2519
f 1449/1/2519 1451/1/2519 1440/1/2519
s 1066
f 1452/1/2900 1443/1/2518 1440/1/2900
f 1440/1/2900 1451/1/2900 1452/1/2900
s 1067
f 1430/1/2516 1428/1/2516 1443/1/2516
f 1443/1/2516 1452/1/2516 1430/1/2516
s 846
f 1427/1/2867 1441/1/2891 1443/1/2890
f 1443/1/2890 1428/1/2868 1427/1/2867
s 845
f 1427/1/2866 1426/1/2865 1442/1/2889
f 1442/1/2889 1441/1/2888 1427/1/2866
s 1068
f 1426/1/2514 1425/1/2514 1453/1/2514
f 1453/1/2514 1442/1/2514 1426/1/2514
s 1069
f 1442/1/2512 1453/1/2512 1454/1/2512
f 1454/1/2512 1437/1/2512 1442/1/2512
s 1070
f 1444/1/2511 1438/1/2511 1437/1/2511
f 1437/1/2511 1454/1/2511 1444/1/2511
s 845
f 1455/1/2901 1456/1/2902 1457/1/2903
f 1457/1/2903 1458/1/2904 1455/1/2901
s 846
f 1459/1/2905 1460/1/2906 1456/1/2907
f 1456/1/2907 1455/1/2908 1459/1/2905
s 845
f 1456/1/2902 1461/1/2909 1462/1/2910
f 1462/1/2910 1457/1/2903 1456/1/2902
s 846
f 1456/1/2907 1460/1/2906 1463/1/2911
f 1463/1/2911 1461/1/2912 1456/1/2907
s 1071
f 1458/1/2537 1464/1/2913 1465/1/2914
f 1465/1/2914 1466/1/2914 1458/1/2537
s 845
f 1458/1/2904 1466/1/2915 1467/1/2916
f 1467/1/2916 1455/1/2901 1458/1/2904
s 846
f 1459/1/2905 1455/1/2908 1467/1/2917
f 1467/1/2917 1468/1/2918 1459/1/2905
s 1072
f 1469/1/2532 1459/1/2532 1468/1/2532
f 1468/1/2532 1470/1/2532 1469/1/2532
s 1073
f 1460/1/2547 1459/1/2919 1469/1/2919
f 1469/1/2919 1471/1/2547 1460/1/2547
s 1074
f 1472/1/2920 1463/1/2920 1460/1/2920
f 1460/1/2920 1471/1/2920 1472/1/2920
s 1075
f 1450/1/2544 1448/1/2544 1463/1/2921
f 1463/1/2921 1472/1/2544 1450/1/2544
s 846
f 1447/1/2897 1461/1/2912 1463/1/2911
f 1463/1/2911 1448/1/2898 1447/1/2897
s 845
f 1447/1/2896 1446/1/2895 1462/1/2910
f 1462/1/2910 1461/1/2909 1447/1/2896
s 1076
f 1446/1/2543 1445/1/2543 1473/1/2543
f 1473/1/2543 1462/1/2543 1446/1/2543
s 1077
f 1462/1/2541 1473/1/2541 1474/1/2541
f 1474/1/2541 1457/1/2541 1462/1/2541
s 1078
f 1464/1/2538 1458/1/2538 1457/1/2538
f 1457/1/2538 1474/1/2538 1464/1/2538
s 845
f 1475/1/2922 1476/1/2923 1477/1/2924
f 1477/1/2924 1478/1/2925 1475/1/2922
s 846
f 1479/1/2926 1480/1/2927 1476/1/2928
f 1476/1/2928 1475/1/2929 1479/1/2926
s 845
f 1476/1/2923 1481/1/2930 1482/1/2931
f 1482/1/2931 1477/1/2924 1476/1/2923
s 846
f 1476/1/2928 1480/1/2927 1483/1/2932
f 1483/1/2932 1481/1/2933 1476/1/2928
s 1079
f 1478/1/2934 1484/1/2935 1485/1/2565
f 1485/1/2565 1486/1/2565 1478/1/2934
s 845
f 1478/1/2925 1486/1/2936 1487/1/2937
f 1487/1/2937 1475/1/2922 1478/1/2925
s 846
f 1479/1/2926 1475/1/2929 1487/1/2938
f 1487/1/2938 1488/1/2939 1479/1/2926
s 1080
f 1489/1/2560 1479/1/2560 1488/1/2560
f 1488/1/2560 1490/1/2560 1489/1/2560
s 1081
f 1480/1/2579 1479/1/2579 1489/1/2579
f 1489/1/2579 1491/1/2579 1480/1/2579
s 1082
f 1492/1/2940 1483/1/2941 1480/1/2576
f 1480/1/2576 1491/1/2576 1492/1/2940
s 1083
f 1470/1/2574 1468/1/2942 1483/1/2942
f 1483/1/2942 1492/1/2574 1470/1/2574
s 846
f 1467/1/2917 1481/1/2933 1483/1/2932
f 1483/1/2932 1468/1/2918 1467/1/2917
s 845
f 1467/1/2916 1466/1/2915 1482/1/2931
f 1482/1/2931 1481/1/2930 1467/1/2916
s 1084
f 1466/1/2943 1465/1/2573 1493/1/2943
f 1493/1/2943 1482/1/2944 1466/1/2943
s 1085
f 1482/1/2945 1493/1/2571 1494/1/2946
f 1494/1/2946 1477/1/2947 1482/1/2945
s 1086
f 1484/1/2948 1478/1/2568 1477/1/2948
f 1477/1/2948 1494/1/2949 1484/1/2948
s 845
f 1495/1/2950 1496/1/2951 1497/1/2952
f 1497/1/2952 1498/1/2953 1495/1/2950
s 846
f 1499/1/2954 1500/1/2955 1496/1/2956
f 1496/1/2956 1495/1/2957 1499/1/2954
s 845
f 1496/1/2951 1501/1/2958 1502/1/2959
f 1502/1/2959 1497/1/2952 1496/1/2951
s 846
f 1496/1/2956 1500/1/2955 1503/1/2960
f 1503/1/2960 1501/1/2961 1496/1/2956
s 1087
f 1498/1/2598 1504/1/2598 1505/1/2598
f 1505/1/2598 1506/1/2598 1498/1/2598
s 845
f 1498/1/2953 1506/1/2962 1507/1/2963
f 1507/1/2963 1495/1/2950 1498/1/2953
s 846
f 1499/1/2954 1495/1/2957 1507/1/2964
f 1507/1/2964 1508/1/2965 1499/1/2954
s 1088
f 1509/1/2593 1499/1/2593 1508/1/2593
f 1508/1/2593 1510/1/2592 1509/1/2593
s 1089
f 1500/1/2966 1499/1/2605 1509/1/2605
f 1509/1/2605 1511/1/2605 1500/1/2966
s 1090
f 1512/1/2967 1503/1/2967 1500/1/2968
f 1500/1/2968 1511/1/2969 1512/1/2967
s 1091
f 1490/1/2602 1488/1/2602 1503/1/2970
f 1503/1/2970 1512/1/2971 1490/1/2602
s 846
f 1487/1/2938 1501/1/2961 1503/1/2960
f 1503/1/2960 1488/1/2939 1487/1/2938
s 845
f 1487/1/2937 1486/1/2936 1502/1/2959
f 1502/1/2959 1501/1/2958 1487/1/2937
s 1092
f 1486/1/2601 1485/1/2601 1513/1/2601
f 1513/1/2601 1502/1/2601 1486/1/2601
s 1093
f 1502/1/2600 1513/1/2600 1514/1/2600
f 1514/1/2600 1497/1/2600 1502/1/2600
s 1094
f 1504/1/2972 1498/1/2972 1497/1/2972
f 1497/1/2972 1514/1/2972 1504/1/2972
s 845
f 1515/1/2973 1516/1/2974 1517/1/2975
f 1517/1/2975 1518/1/2976 1515/1/2973
s 846
f 1519/1/2977 1520/1/2978 1516/1/2979
f 1516/1/2979 1515/1/2980 1519/1/2977
s 845
f 1516/1/2974 1521/1/2981 1522/1/2982
f 1522/1/2982 1517/1/2975 1516/1/2974
s 846
f 1516/1/2979 1520/1/2978 1523/1/2983
f 1523/1/2983 1521/1/2984 1516/1/2979
s 1095
f 1518/1/2624 1524/1/2624 913/1/2624
f 913/1/2624 911/1/2624 1518/1/2624
s 845
f 1515/1/2973 1518/1/2976 911/1/2194
f 911/1/2194 910/1/2193 1515/1/2973
s 846
f 1515/1/2980 910/1/2192 908/1/2191
f 908/1/2191 1519/1/2977 1515/1/2980
s 1096
f 908/1/2985 909/1/2986 1525/1/2987
f 1525/1/2987 1519/1/2988 908/1/2985
s 1097
f 1520/1/2631 1519/1/2631 1525/1/2631
f 1525/1/2631 1526/1/2631 1520/1/2631
s 1098
f 1527/1/2630 1523/1/2630 1520/1/2989
f 1520/1/2989 1526/1/2630 1527/1/2630
s 1099
f 1510/1/2990 1508/1/2991 1523/1/2992
f 1523/1/2992 1527/1/2993 1510/1/2990
s 846
f 1507/1/2964 1521/1/2984 1523/1/2983
f 1523/1/2983 1508/1/2965 1507/1/2964
s 845
f 1507/1/2963 1506/1/2962 1522/1/2982
f 1522/1/2982 1521/1/2981 1507/1/2963
s 1100
f 1506/1/2628 1505/1/2628 1528/1/2628
f 1528/1/2628 1522/1/2628 1506/1/2628
s 1101
f 1522/1/2626 1528/1/2994 1529/1/2994
f 1529/1/2994 1517/1/2626 1522/1/2626
s 1102
f 1524/1/2995 1518/1/2996 1517/1/2995
f 1517/1/2995 1529/1/2625 1524/1/2995
s 835
f 1530/1/2997 1531/1/2998 1532/1/2999
f 1532/1/2999 1533/1/3000 1530/1/2997
f 1534/1/3001 1535/1/3002 1531/1/2998
f 1531/1/2998 1530/1/2997 1534/1/3001
s 836
f 1531/1/3003 1536/1/3004 1537/1/3005
f 1537/1/3005 1532/1/3006 1531/1/3003
f 1531/1/3003 1535/1/3007 1538/1/3008
f 1538/1/3008 1536/1/3004 1531/1/3003
s 1103
f 1539/1/3009 1533/1/3010 1540/1/3009
f 1540/1/3009 1541/1/3009 1539/1/3009
s 1104
f 1542/1/3011 1530/1/3012 1533/1/3013
f 1533/1/3013 1539/1/3014 1542/1/3011
s 1105
f 1530/1/3015 1542/1/3015 1543/1/3015
f 1543/1/3015 1534/1/3015 1530/1/3015
s 1106
f 874/1/3016 1534/1/3016 1543/1/3016
f 1543/1/3016 875/1/3016 874/1/3016
s 835
f 874/1/2167 889/1/2168 1535/1/3002
f 1535/1/3002 1534/1/3001 874/1/2167
s 836
f 888/1/2165 1538/1/3008 1535/1/3007
f 1535/1/3007 889/1/2166 888/1/2165
s 1107
f 1538/1/3017 888/1/3018 887/1/3017
f 887/1/3017 1544/1/3019 1538/1/3017
s 1108
f 1544/1/3020 1545/1/3020 1536/1/3020
f 1536/1/3020 1538/1/3020 1544/1/3020
s 1109
f 1536/1/3021 1545/1/3022 1546/1/3021
f 1546/1/3021 1537/1/3021 1536/1/3021
s 1110
f 1546/1/3023 1547/1/3023 1548/1/3023
f 1548/1/3023 1537/1/3024 1546/1/3023
s 836
f 1537/1/3005 1548/1/3025 1549/1/3026
f 1549/1/3026 1532/1/3006 1537/1/3005
s 835
f 1533/1/3000 1532/1/2999 1549/1/3027
f 1549/1/3027 1540/1/3028 1533/1/3000
f 1550/1/3029 1551/1/3030 1552/1/3031
f 1552/1/3031 1553/1/3032 1550/1/3029
f 1554/1/3033 1555/1/3034 1551/1/3030
f 1551/1/3030 1550/1/3029 1554/1/3033
s 836
f 1551/1/3035 1556/1/3036 1557/1/3037
f 1557/1/3037 1552/1/3038 1551/1/3035
f 1551/1/3035 1555/1/3039 1558/1/3040
f 1558/1/3040 1556/1/3036 1551/1/3035
s 1111
f 1559/1/3041 1560/1/3041 1561/1/3041
f 1561/1/3041 1553/1/3041 1559/1/3041
s 1112
f 1561/1/3042 1562/1/3042 1550/1/3042
f 1550/1/3042 1553/1/3043 1561/1/3042
s 1113
f 1550/1/3044 1562/1/3045 1563/1/3045
f 1563/1/3045 1554/1/3044 1550/1/3044
s 1114
f 1540/1/3046 1554/1/3046 1563/1/3046
f 1563/1/3046 1541/1/3046 1540/1/3046
s 835
f 1554/1/3033 1540/1/3028 1549/1/3027
f 1549/1/3027 1555/1/3034 1554/1/3033
s 836
f 1548/1/3025 1558/1/3040 1555/1/3039
f 1555/1/3039 1549/1/3026 1548/1/3025
s 1115
f 1558/1/3047 1548/1/3047 1547/1/3047
f 1547/1/3047 1564/1/3047 1558/1/3047
s 1116
f 1564/1/3048 1565/1/3048 1556/1/3048
f 1556/1/3048 1558/1/3048 1564/1/3048
s 1117
f 1566/1/3049 1557/1/3049 1556/1/3050
f 1556/1/3050 1565/1/3049 1566/1/3049
s 1118
f 1566/1/3051 1567/1/3051 1568/1/3051
f 1568/1/3051 1557/1/3051 1566/1/3051
s 836
f 1552/1/3038 1557/1/3037 1568/1/3052
f 1568/1/3052 1569/1/3053 1552/1/3038
s 835
f 1569/1/3054 1559/1/3055 1553/1/3032
f 1553/1/3032 1552/1/3031 1569/1/3054
f 1570/1/3056 1571/1/3057 1572/1/3058
f 1572/1/3058 1573/1/3059 1570/1/3056
f 1574/1/3060 1575/1/3061 1571/1/3057
f 1571/1/3057 1570/1/3056 1574/1/3060
s 836
f 1571/1/3062 1576/1/3063 1577/1/3064
f 1577/1/3064 1572/1/3065 1571/1/3062
f 1571/1/3062 1575/1/3066 1578/1/3067
f 1578/1/3067 1576/1/3063 1571/1/3062
s 1119
f 1579/1/3068 1580/1/3068 1581/1/3068
f 1581/1/3068 1573/1/3068 1579/1/3068
s 1120
f 1570/1/3069 1573/1/3069 1581/1/3069
f 1581/1/3069 1582/1/3069 1570/1/3069
s 1121
f 1570/1/3070 1582/1/3070 1583/1/3070
f 1583/1/3070 1574/1/3070 1570/1/3070
s 1122
f 1559/1/3071 1574/1/3071 1583/1/3072
f 1583/1/3072 1560/1/3071 1559/1/3071
s 835
f 1574/1/3060 1559/1/3055 1569/1/3054
f 1569/1/3054 1575/1/3061 1574/1/3060
s 836
f 1568/1/3052 1578/1/3067 1575/1/3066
f 1575/1/3066 1569/1/3053 1568/1/3052
s 1123
f 1578/1/3073 1568/1/3073 1567/1/3073
f 1567/1/3073 1584/1/3073 1578/1/3073
s 1124
f 1584/1/3074 1585/1/3075 1576/1/3075
f 1576/1/3075 1578/1/3076 1584/1/3074
s 1125
f 1585/1/3077 1586/1/3077 1577/1/3077
f 1577/1/3077 1576/1/3078 1585/1/3077
s 1126
f 1586/1/3079 1587/1/3080 1588/1/3079
f 1588/1/3079 1577/1/3081 1586/1/3079
s 836
f 1577/1/3064 1588/1/3082 1589/1/3083
f 1589/1/3083 1572/1/3065 1577/1/3064
s 835
f 1572/1/3058 1589/1/3084 1579/1/3085
f 1579/1/3085 1573/1/3059 1572/1/3058
f 1590/1/3086 1591/1/3087 1592/1/3088
f 1592/1/3088 1593/1/3089 1590/1/3086
f 1594/1/3090 1595/1/3091 1591/1/3087
f 1591/1/3087 1590/1/3086 1594/1/3090
s 836
f 1591/1/3092 1596/1/3093 1597/1/3094
f 1597/1/3094 1592/1/3095 1591/1/3092
f 1591/1/3092 1595/1/3096 1598/1/3097
f 1598/1/3097 1596/1/3093 1591/1/3092
s 1127
f 1599/1/3098 1600/1/3098 1601/1/3098
f 1601/1/3098 1593/1/3098 1599/1/3098
s 1128
f 1590/1/3099 1593/1/3100 1601/1/3099
f 1601/1/3099 1602/1/3100 1590/1/3099
s 1129
f 1590/1/3101 1602/1/3101 1603/1/3101
f 1603/1/3101 1594/1/3102 1590/1/3101
s 1130
f 1579/1/3103 1594/1/3104 1603/1/3104
f 1603/1/3104 1580/1/3103 1579/1/3103
s 835
f 1594/1/3090 1579/1/3085 1589/1/3084
f 1589/1/3084 1595/1/3091 1594/1/3090
s 836
f 1595/1/3096 1589/1/3083 1588/1/3082
f 1588/1/3082 1598/1/3097 1595/1/3096
s 1131
f 1598/1/3105 1588/1/3106 1587/1/3107
f 1587/1/3107 1604/1/3105 1598/1/3105
s 1132
f 1604/1/3108 1605/1/3109 1596/1/3108
f 1596/1/3108 1598/1/3108 1604/1/3108
s 1133
f 1605/1/3110 1606/1/3110 1597/1/3110
f 1597/1/3110 1596/1/3110 1605/1/3110
s 1134
f 1606/1/3111 1607/1/3112 1608/1/3111
f 1608/1/3111 1597/1/3113 1606/1/3111
s 836
f 1592/1/3095 1597/1/3094 1608/1/3114
f 1608/1/3114 1609/1/3115 1592/1/3095
s 835
f 1592/1/3088 1609/1/3116 1599/1/3117
f 1599/1/3117 1593/1/3089 1592/1/3088
f 1610/1/3118 1611/1/3119 1612/1/3120
f 1612/1/3120 1613/1/3121 1610/1/3118
f 1614/1/3122 1615/1/3123 1611/1/3119
f 1611/1/3119 1610/1/3118 1614/1/3122
s 836
f 1611/1/3124 1616/1/3125 1617/1/3126
f 1617/1/3126 1612/1/3127 1611/1/3124
f 1611/1/3124 1615/1/3128 1618/1/3129
f 1618/1/3129 1616/1/3125 1611/1/3124
s 1135
f 1619/1/3130 1620/1/3131 1621/1/3132
f 1621/1/3132 1613/1/3131 1619/1/3130
s 1136
f 1610/1/3133 1613/1/3133 1621/1/3133
f 1621/1/3133 1622/1/3133 1610/1/3133
s 1137
f 1610/1/3134 1622/1/3135 1623/1/3136
f 1623/1/3136 1614/1/3134 1610/1/3134
s 1138
f 1599/1/3137 1614/1/3138 1623/1/3137
f 1623/1/3137 1600/1/3138 1599/1/3137
s 835
f 1614/1/3122 1599/1/3117 1609/1/3116
f 1609/1/3116 1615/1/3123 1614/1/3122
s 836
f 1608/1/3114 1618/1/3129 1615/1/3128
f 1615/1/3128 1609/1/3115 1608/1/3114
s 1139
f 1618/1/3139 1608/1/3139 1607/1/3139
f 1607/1/3139 1624/1/3140 1618/1/3139
s 1140
f 1624/1/3141 1625/1/3142 1616/1/3141
f 1616/1/3141 1618/1/3141 1624/1/3141
s 1141
f 1625/1/3143 1626/1/3143 1617/1/3143
f 1617/1/3143 1616/1/3143 1625/1/3143
s 1142
f 1626/1/3144 1627/1/3145 1628/1/3145
f 1628/1/3145 1617/1/3145 1626/1/3144
s 836
f 1612/1/3127 1617/1/3126 1628/1/3146
f 1628/1/3146 1629/1/3147 1612/1/3127
s 835
f 1612/1/3120 1629/1/3148 1619/1/3149
f 1619/1/3149 1613/1/3121 1612/1/3120
f 1630/1/3150 1631/1/3151 1632/1/3152
f 1632/1/3152 1633/1/3153 1630/1/3150
f 1634/1/3154 1635/1/3155 1631/1/3151
f 1631/1/3151 1630/1/3150 1634/1/3154
s 836
f 1631/1/3156 1636/1/3157 1637/1/3158
f 1637/1/3158 1632/1/3159 1631/1/3156
f 1631/1/3156 1635/1/3160 1638/1/3161
f 1638/1/3161 1636/1/3157 1631/1/3156
s 1143
f 1639/1/3162 1640/1/3163 1641/1/3164
f 1641/1/3164 1633/1/3165 1639/1/3162
s 1144
f 1630/1/3166 1633/1/3166 1641/1/3166
f 1641/1/3166 1642/1/3166 1630/1/3166
s 1145
f 1630/1/3167 1642/1/3167 1643/1/3168
f 1643/1/3168 1634/1/3167 1630/1/3167
s 1146
f 1619/1/3169 1634/1/3170 1643/1/3169
f 1643/1/3169 1620/1/3171 1619/1/3169
s 835
f 1634/1/3154 1619/1/3149 1629/1/3148
f 1629/1/3148 1635/1/3155 1634/1/3154
s 836
f 1628/1/3146 1638/1/3161 1635/1/3160
f 1635/1/3160 1629/1/3147 1628/1/3146
s 1147
f 1638/1/3172 1628/1/3172 1627/1/3172
f 1627/1/3172 1644/1/3172 1638/1/3172
s 1148
f 1644/1/3173 1645/1/3173 1636/1/3173
f 1636/1/3173 1638/1/3173 1644/1/3173
s 1149
f 1645/1/3174 1646/1/3174 1637/1/3175
f 1637/1/3175 1636/1/3175 1645/1/3174
s 1150
f 1646/1/3176 1647/1/3177 1648/1/3178
f 1648/1/3178 1637/1/3179 1646/1/3176
s 836
f 1632/1/3159 1637/1/3158 1648/1/3180
f 1648/1/3180 1649/1/3181 1632/1/3159
s 835
f 1632/1/3152 1649/1/3182 1639/1/3183
f 1639/1/3183 1633/1/3153 1632/1/3152
f 1650/1/3184 1651/1/3185 1652/1/3186
f 1652/1/3186 1653/1/3187 1650/1/3184
f 1654/1/3188 1655/1/3189 1651/1/3185
f 1651/1/3185 1650/1/3184 1654/1/3188
s 836
f 1651/1/3190 1656/1/3191 1657/1/3192
f 1657/1/3192 1652/1/3193 1651/1/3190
f 1651/1/3190 1655/1/3194 1658/1/3195
f 1658/1/3195 1656/1/3191 1651/1/3190
s 1151
f 1659/1/3196 1660/1/3196 1661/1/3196
f 1661/1/3196 1653/1/3196 1659/1/3196
s 1152
f 1650/1/3197 1653/1/3197 1661/1/3197
f 1661/1/3197 1662/1/3197 1650/1/3197
s 1153
f 1650/1/3198 1662/1/3198 1663/1/3198
f 1663/1/3198 1654/1/3198 1650/1/3198
s 1154
f 1639/1/3199 1654/1/3199 1663/1/3199
f 1663/1/3199 1640/1/3199 1639/1/3199
s 835
f 1654/1/3188 1639/1/3183 1649/1/3182
f 1649/1/3182 1655/1/3189 1654/1/3188
s 836
f 1648/1/3180 1658/1/3195 1655/1/3194
f 1655/1/3194 1649/1/3181 1648/1/3180
s 1155
f 1658/1/3200 1648/1/3201 1647/1/3200
f 1647/1/3200 1664/1/3202 1658/1/3200
s 1156
f 1664/1/3203 1665/1/3203 1656/1/3203
f 1656/1/3203 1658/1/3204 1664/1/3203
s 1157
f 1665/1/3205 1666/1/3205 1657/1/3205
f 1657/1/3205 1656/1/3205 1665/1/3205
s 1158
f 1666/1/3206 1667/1/3206 1668/1/3206
f 1668/1/3206 1657/1/3206 1666/1/3206
s 836
f 1652/1/3193 1657/1/3192 1668/1/3207
f 1668/1/3207 1669/1/3208 1652/1/3193
s 835
f 1652/1/3186 1669/1/3209 1659/1/3210
f 1659/1/3210 1653/1/3187 1652/1/3186
f 1670/1/3211 1671/1/3212 1672/1/3213
f 1672/1/3213 1673/1/3214 1670/1/3211
f 1674/1/3215 1675/1/3216 1671/1/3212
f 1671/1/3212 1670/1/3211 1674/1/3215
s 836
f 1671/1/3217 1676/1/3218 1677/1/3219
f 1677/1/3219 1672/1/3220 1671/1/3217
f 1671/1/3217 1675/1/3221 1678/1/3222
f 1678/1/3222 1676/1/3218 1671/1/3217
s 1159
f 1679/1/3223 1680/1/3224 1681/1/3223
f 1681/1/3223 1673/1/3225 1679/1/3223
s 1160
f 1670/1/3226 1673/1/3226 1681/1/3226
f 1681/1/3226 1682/1/3226 1670/1/3226
s 1161
f 1670/1/3227 1682/1/3227 1683/1/3227
f 1683/1/3227 1674/1/3227 1670/1/3227
s 1162
f 1659/1/3228 1674/1/3228 1683/1/3228
f 1683/1/3228 1660/1/3228 1659/1/3228
s 835
f 1674/1/3215 1659/1/3210 1669/1/3209
f 1669/1/3209 1675/1/3216 1674/1/3215
s 836
f 1668/1/3207 1678/1/3222 1675/1/3221
f 1675/1/3221 1669/1/3208 1668/1/3207
s 1163
f 1684/1/3229 1678/1/3230 1668/1/3231
f 1668/1/3231 1667/1/3232 1684/1/3229
s 1164
f 1684/1/3233 1685/1/3233 1676/1/3233
f 1676/1/3233 1678/1/3233 1684/1/3233
s 1165
f 1685/1/3234 1686/1/3234 1677/1/3234
f 1677/1/3234 1676/1/3234 1685/1/3234
s 1166
f 1686/1/3235 1687/1/3236 1688/1/3237
f 1688/1/3237 1677/1/3238 1686/1/3235
s 836
f 1672/1/3220 1677/1/3219 1688/1/3239
f 1688/1/3239 1689/1/3240 1672/1/3220
s 835
f 1672/1/3213 1689/1/3241 1679/1/3242
f 1679/1/3242 1673/1/3214 1672/1/3213
f 1690/1/3243 1691/1/3244 1692/1/3245
f 1692/1/3245 1693/1/3246 1690/1/3243
f 1694/1/3247 1695/1/3248 1691/1/3244
f 1691/1/3244 1690/1/3243 1694/1/3247
s 836
f 1691/1/3249 1696/1/3250 1697/1/3251
f 1697/1/3251 1692/1/3252 1691/1/3249
f 1691/1/3249 1695/1/3253 1698/1/3254
f 1698/1/3254 1696/1/3250 1691/1/3249
s 1167
f 1699/1/3255 1700/1/3256 1701/1/3255
f 1701/1/3255 1693/1/3257 1699/1/3255
s 1168
f 1690/1/3258 1693/1/3258 1701/1/3259
f 1701/1/3259 1702/1/3258 1690/1/3258
s 1169
f 1690/1/3260 1702/1/3260 1703/1/3260
f 1703/1/3260 1694/1/3260 1690/1/3260
s 1170
f 1679/1/3261 1694/1/3262 1703/1/3263
f 1703/1/3263 1680/1/3263 1679/1/3261
s 835
f 1694/1/3247 1679/1/3242 1689/1/3241
f 1689/1/3241 1695/1/3248 1694/1/3247
s 836
f 1688/1/3239 1698/1/3254 1695/1/3253
f 1695/1/3253 1689/1/3240 1688/1/3239
s 1171
f 1698/1/3264 1688/1/3265 1687/1/3266
f 1687/1/3266 1704/1/3265 1698/1/3264
s 1172
f 1704/1/3267 1705/1/3268 1696/1/3267
f 1696/1/3267 1698/1/3269 1704/1/3267
s 1173
f 1705/1/3270 1706/1/3270 1697/1/3270
f 1697/1/3270 1696/1/3270 1705/1/3270
s 1174
f 1706/1/3271 1707/1/3271 1708/1/3271
f 1708/1/3271 1697/1/3271 1706/1/3271
s 836
f 1692/1/3252 1697/1/3251 1708/1/3272
f 1708/1/3272 1709/1/3273 1692/1/3252
s 835
f 1692/1/3245 1709/1/3274 1699/1/3275
f 1699/1/3275 1693/1/3246 1692/1/3245
f 1710/1/3276 1711/1/3277 1712/1/3278
f 1712/1/3278 1713/1/3279 1710/1/3276
f 1714/1/3280 1715/1/3281 1711/1/3277
f 1711/1/3277 1710/1/3276 1714/1/3280
s 836
f 1711/1/3282 1716/1/3283 1717/1/3284
f 1717/1/3284 1712/1/3285 1711/1/3282
f 1711/1/3282 1715/1/3286 1718/1/3287
f 1718/1/3287 1716/1/3283 1711/1/3282
s 1175
f 1719/1/3288 1720/1/3288 1721/1/3289
f 1721/1/3289 1713/1/3288 1719/1/3288
s 1176
f 1710/1/3290 1713/1/3290 1721/1/3291
f 1721/1/3291 1722/1/3290 1710/1/3290
s 1177
f 1710/1/3292 1722/1/3293 1723/1/3294
f 1723/1/3294 1714/1/3292 1710/1/3292
s 1178
f 1699/1/3295 1714/1/3295 1723/1/3295
f 1723/1/3295 1700/1/3295 1699/1/3295
s 835
f 1714/1/3280 1699/1/3275 1709/1/3274
f 1709/1/3274 1715/1/3281 1714/1/3280
s 836
f 1708/1/3272 1718/1/3287 1715/1/3286
f 1715/1/3286 1709/1/3273 1708/1/3272
s 1179
f 1718/1/3296 1708/1/3296 1707/1/3296
f 1707/1/3296 1724/1/3296 1718/1/3296
s 1180
f 1724/1/3297 1725/1/3298 1716/1/3297
f 1716/1/3297 1718/1/3297 1724/1/3297
s 1181
f 1725/1/3299 1726/1/3300 1717/1/3299
f 1717/1/3299 1716/1/3299 1725/1/3299
s 1182
f 1726/1/3301 1727/1/3302 1728/1/3302
f 1728/1/3302 1717/1/3302 1726/1/3301
s 836
f 1712/1/3285 1717/1/3284 1728/1/3303
f 1728/1/3303 1729/1/3304 1712/1/3285
s 835
f 1712/1/3278 1729/1/3305 1719/1/3306
f 1719/1/3306 1713/1/3279 1712/1/3278
f 1730/1/3307 1731/1/3308 1732/1/3309
f 1732/1/3309 1733/1/3310 1730/1/3307
f 1734/1/3311 1735/1/3312 1731/1/3308
f 1731/1/3308 1730/1/3307 1734/1/3311
s 836
f 1731/1/3313 1736/1/3314 1737/1/3315
f 1737/1/3315 1732/1/3316 1731/1/3313
f 1731/1/3313 1735/1/3317 1738/1/3318
f 1738/1/3318 1736/1/3314 1731/1/3313
s 1183
f 1739/1/3319 1740/1/3319 1741/1/3319
f 1741/1/3319 1733/1/3319 1739/1/3319
s 1184
f 1730/1/3320 1733/1/3321 1741/1/3321
f 1741/1/3321 1742/1/3321 1730/1/3320
s 1185
f 1730/1/3322 1742/1/3323 1743/1/3323
f 1743/1/3323 1734/1/3323 1730/1/3322
s 1186
f 1719/1/3324 1734/1/3324 1743/1/3324
f 1743/1/3324 1720/1/3324 1719/1/3324
s 835
f 1734/1/3311 1719/1/3306 1729/1/3305
f 1729/1/3305 1735/1/3312 1734/1/3311
s 836
f 1728/1/3303 1738/1/3318 1735/1/3317
f 1735/1/3317 1729/1/3304 1728/1/3303
s 1187
f 1738/1/3325 1728/1/3325 1727/1/3325
f 1727/1/3325 1744/1/3325 1738/1/3325
s 1188
f 1744/1/3326 1745/1/3326 1736/1/3326
f 1736/1/3326 1738/1/3326 1744/1/3326
s 1189
f 1745/1/3327 1746/1/3327 1737/1/3327
f 1737/1/3327 1736/1/3327 1745/1/3327
s 1190
f 1746/1/3328 1747/1/3328 1748/1/3328
f 1748/1/3328 1737/1/3328 1746/1/3328
s 836
f 1732/1/3316 1737/1/3315 1748/1/3329
f 1748/1/3329 1749/1/3330 1732/1/3316
s 835
f 1732/1/3309 1749/1/3331 1739/1/3332
f 1739/1/3332 1733/1/3310 1732/1/3309
f 1750/1/3333 1751/1/3334 1752/1/3335
f 1752/1/3335 1753/1/3336 1750/1/3333
f 1754/1/3337 1755/1/3338 1751/1/3334
f 1751/1/3334 1750/1/3333 1754/1/3337
s 836
f 1751/1/3339 1756/1/3340 1757/1/3341
f 1757/1/3341 1752/1/3342 1751/1/3339
f 1751/1/3339 1755/1/3343 1758/1/3344
f 1758/1/3344 1756/1/3340 1751/1/3339
s 1191
f 1759/1/3345 1760/1/3345 1761/1/3345
f 1761/1/3345 1753/1/3346 1759/1/3345
s 1192
f 1750/1/3347 1753/1/3347 1761/1/3347
f 1761/1/3347 1762/1/3347 1750/1/3347
s 1193
f 1750/1/3348 1762/1/3348 1763/1/3348
f 1763/1/3348 1754/1/3348 1750/1/3348
s 1194
f 1739/1/3349 1754/1/3349 1763/1/3349
f 1763/1/3349 1740/1/3349 1739/1/3349
s 835
f 1754/1/3337 1739/1/3332 1749/1/3331
f 1749/1/3331 1755/1/3338 1754/1/3337
s 836
f 1748/1/3329 1758/1/3344 1755/1/3343
f 1755/1/3343 1749/1/3330 1748/1/3329
s 1195
f 1758/1/3350 1748/1/3351 1747/1/3351
f 1747/1/3351 1764/1/3351 1758/1/3350
s 1196
f 1764/1/3352 1765/1/3353 1756/1/3354
f 1756/1/3354 1758/1/3355 1764/1/3352
s 1197
f 1765/1/3356 1766/1/3357 1757/1/3357
f 1757/1/3357 1756/1/3357 1765/1/3356
s 1198
f 1766/1/3358 1767/1/3358 1768/1/3358
f 1768/1/3358 1757/1/3358 1766/1/3358
s 836
f 1752/1/3342 1757/1/3341 1768/1/3359
f 1768/1/3359 1769/1/3360 1752/1/3342
s 835
f 1752/1/3335 1769/1/3361 1759/1/3362
f 1759/1/3362 1753/1/3336 1752/1/3335
f 1770/1/3363 1771/1/3364 1772/1/3365
f 1772/1/3365 1773/1/3366 1770/1/3363
f 1774/1/3367 1775/1/3368 1771/1/3364
f 1771/1/3364 1770/1/3363 1774/1/3367
s 836
f 1771/1/3369 1776/1/3370 1777/1/3371
f 1777/1/3371 1772/1/3372 1771/1/3369
f 1771/1/3369 1775/1/3373 1778/1/3374
f 1778/1/3374 1776/1/3370 1771/1/3369
s 1199
f 1779/1/3375 1780/1/3375 1781/1/3375
f 1781/1/3375 1773/1/3375 1779/1/3375
s 1200
f 1770/1/3376 1773/1/3377 1781/1/3376
f 1781/1/3376 1782/1/3376 1770/1/3376
s 1201
f 1770/1/3378 1782/1/3378 1783/1/3378
f 1783/1/3378 1774/1/3379 1770/1/3378
s 1202
f 1759/1/3380 1774/1/3381 1783/1/3380
f 1783/1/3380 1760/1/3380 1759/1/3380
s 835
f 1774/1/3367 1759/1/3362 1769/1/3361
f 1769/1/3361 1775/1/3368 1774/1/3367
s 836
f 1768/1/3359 1778/1/3374 1775/1/3373
f 1775/1/3373 1769/1/3360 1768/1/3359
s 1203
f 1778/1/3382 1768/1/3382 1767/1/3382
f 1767/1/3382 1784/1/3382 1778/1/3382
s 1204
f 1784/1/3383 1785/1/3383 1776/1/3383
f 1776/1/3383 1778/1/3383 1784/1/3383
s 1205
f 1785/1/3384 1786/1/3384 1777/1/3384
f 1777/1/3384 1776/1/3384 1785/1/3384
s 1206
f 1786/1/3385 1787/1/3386 1788/1/3386
f 1788/1/3386 1777/1/3386 1786/1/3385
s 836
f 1772/1/3372 1777/1/3371 1788/1/3387
f 1788/1/3387 1789/1/3388 1772/1/3372
s 835
f 1772/1/3365 1789/1/3389 1779/1/3390
f 1779/1/3390 1773/1/3366 1772/1/3365
f 1790/1/3391 1791/1/3392 1792/1/3393
f 1792/1/3393 1793/1/3394 1790/1/3391
f 1794/1/3395 1795/1/3396 1791/1/3392
f 1791/1/3392 1790/1/3391 1794/1/3395
s 836
f 1791/1/3397 1796/1/3398 1797/1/3399
f 1797/1/3399 1792/1/3400 1791/1/3397
f 1791/1/3397 1795/1/3401 1798/1/3402
f 1798/1/3402 1796/1/3398 1791/1/3397
s 1207
f 1799/1/3403 1800/1/3403 1801/1/3403
f 1801/1/3403 1793/1/3403 1799/1/3403
s 1208
f 1790/1/3404 1793/1/3405 1801/1/3406
f 1801/1/3406 1802/1/3407 1790/1/3404
s 1209
f 1790/1/3408 1802/1/3408 1803/1/3409
f 1803/1/3409 1794/1/3408 1790/1/3408
s 1210
f 1779/1/3410 1794/1/3411 1803/1/3410
f 1803/1/3410 1780/1/3410 1779/1/3410
s 835
f 1794/1/3395 1779/1/3390 1789/1/3389
f 1789/1/3389 1795/1/3396 1794/1/3395
s 836
f 1788/1/3387 1798/1/3402 1795/1/3401
f 1795/1/3401 1789/1/3388 1788/1/3387
s 1211
f 1798/1/3412 1788/1/3413 1787/1/3414
f 1787/1/3414 1804/1/3413 1798/1/3412
s 1212
f 1804/1/3415 1805/1/3416 1796/1/3415
f 1796/1/3415 1798/1/3415 1804/1/3415
s 1213
f 1805/1/3417 1806/1/3417 1797/1/3417
f 1797/1/3417 1796/1/3417 1805/1/3417
s 1214
f 1806/1/3418 1807/1/3418 1808/1/3418
f 1808/1/3418 1797/1/3418 1806/1/3418
s 836
f 1792/1/3400 1797/1/3399 1808/1/3419
f 1808/1/3419 1809/1/3420 1792/1/3400
s 835
f 1792/1/3393 1809/1/3421 1799/1/3422
f 1799/1/3422 1793/1/3394 1792/1/3393
f 1810/1/3423 1811/1/3424 1812/1/3425
f 1812/1/3425 1813/1/3426 1810/1/3423
f 1814/1/3427 1815/1/3428 1811/1/3424
f 1811/1/3424 1810/1/3423 1814/1/3427
s 836
f 1811/1/3429 1816/1/3430 1817/1/3431
f 1817/1/3431 1812/1/3432 1811/1/3429
f 1811/1/3429 1815/1/3433 1818/1/3434
f 1818/1/3434 1816/1/3430 1811/1/3429
s 1215
f 1819/1/3435 1820/1/3435 1821/1/3435
f 1821/1/3435 1813/1/3435 1819/1/3435
s 1216
f 1810/1/3436 1813/1/3436 1821/1/3436
f 1821/1/3436 1822/1/3436 1810/1/3436
s 1217
f 1810/1/3437 1822/1/3438 1823/1/3438
f 1823/1/3438 1814/1/3439 1810/1/3437
s 1218
f 1799/1/3440 1814/1/3441 1823/1/3441
f 1823/1/3441 1800/1/3440 1799/1/3440
s 835
f 1814/1/3427 1799/1/3422 1809/1/3421
f 1809/1/3421 1815/1/3428 1814/1/3427
s 836
f 1808/1/3419 1818/1/3434 1815/1/3433
f 1815/1/3433 1809/1/3420 1808/1/3419
s 1219
f 1818/1/3442 1808/1/3443 1807/1/3444
f 1807/1/3444 1824/1/3445 1818/1/3442
s 1220
f 1824/1/3446 1825/1/3447 1816/1/3446
f 1816/1/3446 1818/1/3446 1824/1/3446
s 1221
f 1825/1/3448 1826/1/3448 1817/1/3448
f 1817/1/3448 1816/1/3448 1825/1/3448
s 1222
f 1826/1/3449 1827/1/3450 1828/1/3449
f 1828/1/3449 1817/1/3449 1826/1/3449
s 836
f 1812/1/3432 1817/1/3431 1828/1/3451
f 1828/1/3451 1829/1/3452 1812/1/3432
s 835
f 1812/1/3425 1829/1/3453 1819/1/3454
f 1819/1/3454 1813/1/3426 1812/1/3425
f 1830/1/3455 1831/1/3456 1832/1/3457
f 1832/1/3457 1833/1/3458 1830/1/3455
f 1834/1/3459 1835/1/3460 1831/1/3456
f 1831/1/3456 1830/1/3455 1834/1/3459
s 836
f 1831/1/3461 1836/1/3462 1837/1/3463
f 1837/1/3463 1832/1/3464 1831/1/3461
f 1831/1/3461 1835/1/3465 1838/1/3466
f 1838/1/3466 1836/1/3462 1831/1/3461
s 1223
f 1839/1/3467 1840/1/3467 1841/1/3467
f 1841/1/3467 1833/1/3467 1839/1/3467
s 1224
f 1830/1/2159 1833/1/3468 1841/1/2159
f 1841/1/2159 1842/1/3468 1830/1/2159
s 1225
f 1830/1/2158 1842/1/2158 1843/1/3469
f 1843/1/3469 1834/1/2158 1830/1/2158
s 1226
f 1819/1/2155 1834/1/2155 1843/1/2155
f 1843/1/2155 1820/1/2155 1819/1/2155
s 835
f 1834/1/3459 1819/1/3454 1829/1/3453
f 1829/1/3453 1835/1/3460 1834/1/3459
s 836
f 1828/1/3451 1838/1/3466 1835/1/3465
f 1835/1/3465 1829/1/3452 1828/1/3451
s 1227
f 1838/1/3470 1828/1/3471 1827/1/3470
f 1827/1/3470 1844/1/2150 1838/1/3470
s 1228
f 1844/1/2149 1845/1/2149 1836/1/2149
f 1836/1/2149 1838/1/2149 1844/1/2149
s 1229
f 1845/1/3472 1846/1/2148 1837/1/2148
f 1837/1/2148 1836/1/2148 1845/1/3472
s 1230
f 1846/1/2147 1847/1/2147 1848/1/2147
f 1848/1/2147 1837/1/2147 1846/1/2147
s 836
f 1832/1/3464 1837/1/3463 1848/1/3473
f 1848/1/3473 1849/1/3474 1832/1/3464
s 835
f 1832/1/3457 1849/1/3475 1839/1/3476
f 1839/1/3476 1833/1/3458 1832/1/3457
f 1850/1/3477 1851/1/3478 1852/1/3479
f 1852/1/3479 1853/1/3480 1850/1/3477
f 1854/1/3481 1855/1/3482 1851/1/3478
f 1851/1/3478 1850/1/3477 1854/1/3481
s 836
f 1851/1/3483 1856/1/3484 1857/1/3485
f 1857/1/3485 1852/1/3486 1851/1/3483
f 1851/1/3483 1855/1/3487 1858/1/3488
f 1858/1/3488 1856/1/3484 1851/1/3483
s 1231
f 1859/1/3024 1860/1/3024 1861/1/3489
f 1861/1/3489 1853/1/3024 1859/1/3024
s 1232
f 1850/1/3022 1853/1/3021 1861/1/3021
f 1861/1/3021 1862/1/3022 1850/1/3022
s 1233
f 1850/1/3020 1862/1/3020 1863/1/3020
f 1863/1/3020 1854/1/3020 1850/1/3020
s 1234
f 1839/1/3490 1854/1/3490 1863/1/3490
f 1863/1/3490 1840/1/3490 1839/1/3490
s 835
f 1854/1/3481 1839/1/3476 1849/1/3475
f 1849/1/3475 1855/1/3482 1854/1/3481
s 836
f 1848/1/3473 1858/1/3488 1855/1/3487
f 1855/1/3487 1849/1/3474 1848/1/3473
s 1235
f 1858/1/3016 1848/1/3016 1847/1/3016
f 1847/1/3016 1864/1/3491 1858/1/3016
s 1236
f 1864/1/3492 1865/1/3492 1856/1/3492
f 1856/1/3492 1858/1/3492 1864/1/3492
s 1237
f 1865/1/3012 1866/1/3012 1857/1/3012
f 1857/1/3012 1856/1/3012 1865/1/3012
s 1238
f 1866/1/3009 1867/1/3009 1868/1/3009
f 1868/1/3009 1857/1/3009 1866/1/3009
s 836
f 1852/1/3486 1857/1/3485 1868/1/3493
f 1868/1/3493 1869/1/3494 1852/1/3486
s 835
f 1852/1/3479 1869/1/3495 1859/1/3496
f 1859/1/3496 1853/1/3480 1852/1/3479
f 1870/1/3497 1871/1/3498 1872/1/3499
f 1872/1/3499 1873/1/3500 1870/1/3497
f 1874/1/3501 1875/1/3502 1871/1/3498
f 1871/1/3498 1870/1/3497 1874/1/3501
s 836
f 1871/1/3503 1876/1/3504 1877/1/3505
f 1877/1/3505 1872/1/3506 1871/1/3503
f 1871/1/3503 1875/1/3507 1878/1/3508
f 1878/1/3508 1876/1/3504 1871/1/3503
s 1239
f 1879/1/3509 1880/1/3510 1881/1/3511
f 1881/1/3511 1873/1/3051 1879/1/3509
s 1240
f 1870/1/3512 1873/1/3049 1881/1/3049
f 1881/1/3049 1882/1/3049 1870/1/3512
s 1241
f 1870/1/3048 1882/1/3048 1883/1/3048
f 1883/1/3048 1874/1/3048 1870/1/3048
s 1242
f 1859/1/3047 1874/1/3047 1883/1/3047
f 1883/1/3047 1860/1/3047 1859/1/3047
s 835
f 1874/1/3501 1859/1/3496 1869/1/3495
f 1869/1/3495 1875/1/3502 1874/1/3501
s 836
f 1868/1/3493 1878/1/3508 1875/1/3507
f 1875/1/3507 1869/1/3494 1868/1/3493
s 1243
f 1878/1/3046 1868/1/3046 1867/1/3046
f 1867/1/3046 1884/1/3046 1878/1/3046
s 1244
f 1884/1/3044 1885/1/3044 1876/1/3044
f 1876/1/3044 1878/1/3044 1884/1/3044
s 1245
f 1885/1/3043 1886/1/3043 1877/1/3042
f 1877/1/3042 1876/1/3042 1885/1/3043
s 1246
f 1886/1/3041 1887/1/3041 1888/1/3041
f 1888/1/3041 1877/1/3041 1886/1/3041
s 836
f 1872/1/3506 1877/1/3505 1888/1/3513
f 1888/1/3513 1889/1/3514 1872/1/3506
s 835
f 1872/1/3499 1889/1/3515 1879/1/3516
f 1879/1/3516 1873/1/3500 1872/1/3499
f 1890/1/3517 1891/1/3518 1892/1/3519
f 1892/1/3519 1893/1/3520 1890/1/3517
f 1894/1/3521 1895/1/3522 1891/1/3518
f 1891/1/3518 1890/1/3517 1894/1/3521
s 836
f 1891/1/3523 1896/1/3524 1897/1/3525
f 1897/1/3525 1892/1/3526 1891/1/3523
f 1891/1/3523 1895/1/3527 1898/1/3528
f 1898/1/3528 1896/1/3524 1891/1/3523
s 1247
f 1899/1/3080 1900/1/3080 1901/1/3080
f 1901/1/3080 1893/1/3080 1899/1/3080
s 1248
f 1890/1/3529 1893/1/3530 1901/1/3530
f 1901/1/3530 1902/1/3529 1890/1/3529
s 1249
f 1890/1/3075 1902/1/3075 1903/1/3075
f 1903/1/3075 1894/1/3075 1890/1/3075
s 1250
f 1879/1/3073 1894/1/3073 1903/1/3531
f 1903/1/3531 1880/1/3532 1879/1/3073
s 835
f 1894/1/3521 1879/1/3516 1889/1/3515
f 1889/1/3515 1895/1/3522 1894/1/3521
s 836
f 1888/1/3513 1898/1/3528 1895/1/3527
f 1895/1/3527 1889/1/3514 1888/1/3513
s 1251
f 1898/1/3533 1888/1/3533 1887/1/3533
f 1887/1/3533 1904/1/3533 1898/1/3533
s 1252
f 1904/1/3070 1905/1/3070 1896/1/3070
f 1896/1/3070 1898/1/3070 1904/1/3070
s 1253
f 1905/1/3069 1906/1/3069 1897/1/3069
f 1897/1/3069 1896/1/3069 1905/1/3069
s 1254
f 1906/1/3068 1907/1/3068 1908/1/3068
f 1908/1/3068 1897/1/3068 1906/1/3068
s 836
f 1892/1/3526 1897/1/3525 1908/1/3534
f 1908/1/3534 1909/1/3535 1892/1/3526
s 835
f 1892/1/3519 1909/1/3536 1899/1/3537
f 1899/1/3537 1893/1/3520 1892/1/3519
f 1910/1/3538 1911/1/3539 1912/1/3540
f 1912/1/3540 1913/1/3541 1910/1/3538
f 1914/1/3542 1915/1/3543 1911/1/3539
f 1911/1/3539 1910/1/3538 1914/1/3542
s 836
f 1911/1/3544 1916/1/3545 1917/1/3546
f 1917/1/3546 1912/1/3547 1911/1/3544
f 1911/1/3544 1915/1/3548 1918/1/3549
f 1918/1/3549 1916/1/3545 1911/1/3544
s 1255
f 1919/1/3113 1920/1/3113 1921/1/3113
f 1921/1/3113 1913/1/3113 1919/1/3113
s 1256
f 1910/1/3550 1913/1/3110 1921/1/3110
f 1921/1/3110 1922/1/3110 1910/1/3550
s 1257
f 1910/1/3109 1922/1/3109 1923/1/3109
f 1923/1/3109 1914/1/3109 1910/1/3109
s 1258
f 1899/1/3551 1914/1/3552 1923/1/3552
f 1923/1/3552 1900/1/3552 1899/1/3551
s 835
f 1914/1/3542 1899/1/3537 1909/1/3536
f 1909/1/3536 1915/1/3543 1914/1/3542
s 836
f 1908/1/3534 1918/1/3549 1915/1/3548
f 1915/1/3548 1909/1/3535 1908/1/3534
s 1259
f 1918/1/3103 1908/1/3103 1907/1/3103
f 1907/1/3103 1924/1/3103 1918/1/3103
s 1260
f 1924/1/3101 1925/1/3101 1916/1/3101
f 1916/1/3101 1918/1/3101 1924/1/3101
s 1261
f 1925/1/3100 1926/1/3100 1917/1/3100
f 1917/1/3100 1916/1/3100 1925/1/3100
s 1262
f 1926/1/3098 1927/1/3098 1928/1/3098
f 1928/1/3098 1917/1/3098 1926/1/3098
s 836
f 1912/1/3547 1917/1/3546 1928/1/3553
f 1928/1/3553 1929/1/3554 1912/1/3547
s 835
f 1912/1/3540 1929/1/3555 1919/1/3556
f 1919/1/3556 1913/1/3541 1912/1/3540
f 1930/1/3557 1931/1/3558 1932/1/3559
f 1932/1/3559 1933/1/3560 1930/1/3557
f 1934/1/3561 1935/1/3562 1931/1/3558
f 1931/1/3558 1930/1/3557 1934/1/3561
s 836
f 1931/1/3563 1936/1/3564 1937/1/3565
f 1937/1/3565 1932/1/3566 1931/1/3563
f 1931/1/3563 1935/1/3567 1938/1/3568
f 1938/1/3568 1936/1/3564 1931/1/3563
s 1263
f 1939/1/3145 1940/1/3145 1941/1/3145
f 1941/1/3145 1933/1/3145 1939/1/3145
s 1264
f 1930/1/3143 1933/1/3143 1941/1/3143
f 1941/1/3143 1942/1/3143 1930/1/3143
s 1265
f 1930/1/3141 1942/1/3569 1943/1/3569
f 1943/1/3569 1934/1/3569 1930/1/3141
s 1266
f 1919/1/3570 1934/1/3571 1943/1/3572
f 1943/1/3572 1920/1/3570 1919/1/3570
s 835
f 1934/1/3561 1919/1/3556 1929/1/3555
f 1929/1/3555 1935/1/3562 1934/1/3561
s 836
f 1928/1/3553 1938/1/3568 1935/1/3567
f 1935/1/3567 1929/1/3554 1928/1/3553
s 1267
f 1938/1/3137 1928/1/3138 1927/1/3573
f 1927/1/3573 1944/1/3138 1938/1/3137
s 1268
f 1944/1/3134 1945/1/3134 1936/1/3134
f 1936/1/3134 1938/1/3134 1944/1/3134
s 1269
f 1945/1/3133 1946/1/3133 1937/1/3133
f 1937/1/3133 1936/1/3133 1945/1/3133
s 1270
f 1946/1/3574 1947/1/3575 1948/1/3574
f 1948/1/3574 1937/1/3574 1946/1/3574
s 836
f 1932/1/3566 1937/1/3565 1948/1/3576
f 1948/1/3576 1949/1/3577 1932/1/3566
s 835
f 1932/1/3559 1949/1/3578 1939/1/3579
f 1939/1/3579 1933/1/3560 1932/1/3559
f 1950/1/3580 1951/1/3581 1952/1/3582
f 1952/1/3582 1953/1/3583 1950/1/3580
f 1954/1/3584 1955/1/3585 1951/1/3581
f 1951/1/3581 1950/1/3580 1954/1/3584
s 836
f 1951/1/3586 1956/1/3587 1957/1/3588
f 1957/1/3588 1952/1/3589 1951/1/3586
f 1951/1/3586 1955/1/3590 1958/1/3591
f 1958/1/3591 1956/1/3587 1951/1/3586
s 1271
f 1959/1/3592 1960/1/3592 1961/1/3177
f 1961/1/3177 1953/1/3177 1959/1/3592
s 1272
f 1950/1/3174 1953/1/3175 1961/1/3174
f 1961/1/3174 1962/1/3174 1950/1/3174
s 1273
f 1950/1/3593 1962/1/3173 1963/1/3593
f 1963/1/3593 1954/1/3173 1950/1/3593
s 1274
f 1939/1/3172 1954/1/3172 1963/1/3172
f 1963/1/3172 1940/1/3172 1939/1/3172
s 835
f 1954/1/3584 1939/1/3579 1949/1/3578
f 1949/1/3578 1955/1/3585 1954/1/3584
s 836
f 1948/1/3576 1958/1/3591 1955/1/3590
f 1955/1/3590 1949/1/3577 1948/1/3576
s 1275
f 1958/1/3171 1948/1/3171 1947/1/3171
f 1947/1/3171 1964/1/3171 1958/1/3171
s 1276
f 1964/1/3168 1965/1/3167 1956/1/3167
f 1956/1/3167 1958/1/3167 1964/1/3168
s 1277
f 1965/1/3166 1966/1/3166 1957/1/3594
f 1957/1/3594 1956/1/3166 1965/1/3166
s 1278
f 1966/1/3163 1967/1/3163 1968/1/3163
f 1968/1/3163 1957/1/3163 1966/1/3163
s 836
f 1952/1/3589 1957/1/3588 1968/1/3595
f 1968/1/3595 1969/1/3596 1952/1/3589
s 835
f 1952/1/3582 1969/1/3597 1959/1/3598
f 1959/1/3598 1953/1/3583 1952/1/3582
f 1970/1/3599 1971/1/3600 1972/1/3601
f 1972/1/3601 1973/1/3602 1970/1/3599
f 1974/1/3603 1975/1/3604 1971/1/3600
f 1971/1/3600 1970/1/3599 1974/1/3603
s 836
f 1971/1/3605 1976/1/3606 1977/1/3607
f 1977/1/3607 1972/1/3608 1971/1/3605
f 1971/1/3605 1975/1/3609 1978/1/3610
f 1978/1/3610 1976/1/3606 1971/1/3605
s 1279
f 1979/1/3611 1980/1/3206 1981/1/3206
f 1981/1/3206 1973/1/3206 1979/1/3611
s 1280
f 1970/1/3205 1973/1/3205 1981/1/3205
f 1981/1/3205 1982/1/3205 1970/1/3205
s 1281
f 1970/1/3203 1982/1/3203 1983/1/3203
f 1983/1/3203 1974/1/3203 1970/1/3203
s 1282
f 1959/1/3612 1974/1/3612 1983/1/3612
f 1983/1/3612 1960/1/3612 1959/1/3612
s 835
f 1974/1/3603 1959/1/3598 1969/1/3597
f 1969/1/3597 1975/1/3604 1974/1/3603
s 836
f 1968/1/3595 1978/1/3610 1975/1/3609
f 1975/1/3609 1969/1/3596 1968/1/3595
s 1283
f 1978/1/3199 1968/1/3199 1967/1/3199
f 1967/1/3199 1984/1/3199 1978/1/3199
s 1284
f 1984/1/3198 1985/1/3198 1976/1/3198
f 1976/1/3198 1978/1/3198 1984/1/3198
s 1285
f 1985/1/3197 1986/1/3197 1977/1/3197
f 1977/1/3197 1976/1/3197 1985/1/3197
s 1286
f 1986/1/3196 1987/1/3196 1988/1/3196
f 1988/1/3196 1977/1/3196 1986/1/3196
s 836
f 1972/1/3608 1977/1/3607 1988/1/3613
f 1988/1/3613 1989/1/3614 1972/1/3608
s 835
f 1972/1/3601 1989/1/3615 1979/1/3616
f 1979/1/3616 1973/1/3602 1972/1/3601
f 1990/1/3617 1991/1/3618 1992/1/3619
f 1992/1/3619 1993/1/3620 1990/1/3617
f 1994/1/3621 1995/1/3622 1991/1/3618
f 1991/1/3618 1990/1/3617 1994/1/3621
s 836
f 1991/1/3623 1996/1/3624 1997/1/3625
f 1997/1/3625 1992/1/3626 1991/1/3623
f 1991/1/3623 1995/1/3627 1998/1/3628
f 1998/1/3628 1996/1/3624 1991/1/3623
s 1287
f 1999/1/3236 2000/1/3236 2001/1/3629
f 2001/1/3629 1993/1/3629 1999/1/3236
s 1288
f 1990/1/3234 1993/1/3630 2001/1/3631
f 2001/1/3631 2002/1/3631 1990/1/3234
s 1289
f 1990/1/3233 2002/1/3233 2003/1/3233
f 2003/1/3233 1994/1/3233 1990/1/3233
s 1290
f 1979/1/3231 1994/1/3231 2003/1/3231
f 2003/1/3231 1980/1/3231 1979/1/3231
s 835
f 1994/1/3621 1979/1/3616 1989/1/3615
f 1989/1/3615 1995/1/3622 1994/1/3621
s 836
f 1988/1/3613 1998/1/3628 1995/1/3627
f 1995/1/3627 1989/1/3614 1988/1/3613
s 1291
f 1998/1/3228 1988/1/3228 1987/1/3228
f 1987/1/3228 2004/1/3228 1998/1/3228
s 1292
f 2004/1/3227 2005/1/3227 1996/1/3227
f 1996/1/3227 1998/1/3227 2004/1/3227
s 1293
f 2005/1/3226 2006/1/3226 1997/1/3226
f 1997/1/3226 1996/1/3226 2005/1/3226
s 1294
f 2006/1/3632 2007/1/3632 2008/1/3632
f 2008/1/3632 1997/1/3632 2006/1/3632
s 836
f 1992/1/3626 1997/1/3625 2008/1/3633
f 2008/1/3633 2009/1/3634 1992/1/3626
s 835
f 1992/1/3619 2009/1/3635 1999/1/3636
f 1999/1/3636 1993/1/3620 1992/1/3619
f 2010/1/3637 2011/1/3638 2012/1/3639
f 2012/1/3639 2013/1/3640 2010/1/3637
f 2014/1/3641 2015/1/3642 2011/1/3638
f 2011/1/3638 2010/1/3637 2014/1/3641
s 836
f 2011/1/3643 2016/1/3644 2017/1/3645
f 2017/1/3645 2012/1/3646 2011/1/3643
f 2011/1/3643 2015/1/3647 2018/1/3648
f 2018/1/3648 2016/1/3644 2011/1/3643
s 1295
f 2019/1/3271 2020/1/3271 2021/1/3271
f 2021/1/3271 2013/1/3271 2019/1/3271
s 1296
f 2010/1/3270 2013/1/3649 2021/1/3649
f 2021/1/3649 2022/1/3270 2010/1/3270
s 1297
f 2010/1/3267 2022/1/3267 2023/1/3267
f 2023/1/3267 2014/1/3267 2010/1/3267
s 1298
f 1999/1/3265 2014/1/3265 2023/1/3265
f 2023/1/3265 2000/1/3265 1999/1/3265
s 835
f 2014/1/3641 1999/1/3636 2009/1/3635
f 2009/1/3635 2015/1/3642 2014/1/3641
s 836
f 2008/1/3633 2018/1/3648 2015/1/3647
f 2015/1/3647 2009/1/3634 2008/1/3633
s 1299
f 2018/1/3263 2008/1/3263 2007/1/3263
f 2007/1/3263 2024/1/3263 2018/1/3263
s 1300
f 2024/1/3650 2025/1/3260 2016/1/3260
f 2016/1/3260 2018/1/3260 2024/1/3650
s 1301
f 2025/1/3258 2026/1/3258 2017/1/3258
f 2017/1/3258 2016/1/3258 2025/1/3258
s 1302
f 2026/1/3256 2027/1/3256 2028/1/3256
f 2028/1/3256 2017/1/3256 2026/1/3256
s 836
f 2012/1/3646 2017/1/3645 2028/1/3651
f 2028/1/3651 2029/1/3652 2012/1/3646
s 835
f 2012/1/3639 2029/1/3653 2019/1/3654
f 2019/1/3654 2013/1/3640 2012/1/3639
f 2030/1/3655 2031/1/3656 2032/1/3657
f 2032/1/3657 2033/1/3658 2030/1/3655
f 2034/1/3659 2035/1/3660 2031/1/3656
f 2031/1/3656 2030/1/3655 2034/1/3659
s 836
f 2031/1/3661 2036/1/3662 2037/1/3663
f 2037/1/3663 2032/1/3664 2031/1/3661
f 2031/1/3661 2035/1/3665 2038/1/3666
f 2038/1/3666 2036/1/3662 2031/1/3661
s 1303
f 2039/1/3667 2040/1/3668 2041/1/3669
f 2041/1/3669 2033/1/3302 2039/1/3667
s 1304
f 2030/1/3670 2033/1/3299 2041/1/3671
f 2041/1/3671 2042/1/3670 2030/1/3670
s 1305
f 2030/1/3297 2042/1/3672 2043/1/3297
f 2043/1/3297 2034/1/3297 2030/1/3297
s 1306
f 2019/1/3296 2034/1/3296 2043/1/3296
f 2043/1/3296 2020/1/3296 2019/1/3296
s 835
f 2034/1/3659 2019/1/3654 2029/1/3653
f 2029/1/3653 2035/1/3660 2034/1/3659
s 836
f 2028/1/3651 2038/1/3666 2035/1/3665
f 2035/1/3665 2029/1/3652 2028/1/3651
s 1307
f 2038/1/3673 2028/1/3674 2027/1/3673
f 2027/1/3673 2044/1/3674 2038/1/3673
s 1308
f 2044/1/3293 2045/1/3293 2036/1/3293
f 2036/1/3293 2038/1/3293 2044/1/3293
s 1309
f 2045/1/3291 2046/1/3291 2037/1/3290
f 2037/1/3290 2036/1/3291 2045/1/3291
s 1310
f 2046/1/3289 2047/1/3288 2048/1/3288
f 2048/1/3288 2037/1/3289 2046/1/3289
s 836
f 2032/1/3664 2037/1/3663 2048/1/3675
f 2048/1/3675 2049/1/3676 2032/1/3664
s 835
f 2032/1/3657 2049/1/3677 2039/1/3678
f 2039/1/3678 2033/1/3658 2032/1/3657
f 2050/1/3679 2051/1/3680 2052/1/3681
f 2052/1/3681 2053/1/3682 2050/1/3679
f 2054/1/3683 2055/1/3684 2051/1/3680
f 2051/1/3680 2050/1/3679 2054/1/3683
s 836
f 2051/1/3685 2056/1/3686 2057/1/3687
f 2057/1/3687 2052/1/3688 2051/1/3685
f 2051/1/3685 2055/1/3689 2058/1/3690
f 2058/1/3690 2056/1/3686 2051/1/3685
s 1311
f 2059/1/3328 2060/1/3328 2061/1/3691
f 2061/1/3691 2053/1/3328 2059/1/3328
s 1312
f 2050/1/3692 2053/1/3327 2061/1/3327
f 2061/1/3327 2062/1/3327 2050/1/3692
s 1313
f 2050/1/3693 2062/1/3326 2063/1/3326
f 2063/1/3326 2054/1/3326 2050/1/3693
s 1314
f 2039/1/3325 2054/1/3325 2063/1/3325
f 2063/1/3325 2040/1/3325 2039/1/3325
s 835
f 2054/1/3683 2039/1/3678 2049/1/3677
f 2049/1/3677 2055/1/3684 2054/1/3683
s 836
f 2048/1/3675 2058/1/3690 2055/1/3689
f 2055/1/3689 2049/1/3676 2048/1/3675
s 1315
f 2058/1/3324 2048/1/3324 2047/1/3324
f 2047/1/3324 2064/1/3324 2058/1/3324
s 1316
f 2064/1/3694 2065/1/3323 2056/1/3323
f 2056/1/3323 2058/1/3323 2064/1/3694
s 1317
f 2065/1/3321 2066/1/3321 2057/1/3321
f 2057/1/3321 2056/1/3321 2065/1/3321
s 1318
f 2066/1/3695 2067/1/3695 2068/1/3695
f 2068/1/3695 2057/1/3695 2066/1/3695
s 836
f 2052/1/3688 2057/1/3687 2068/1/3696
f 2068/1/3696 2069/1/3697 2052/1/3688
s 835
f 2052/1/3681 2069/1/3698 2059/1/3699
f 2059/1/3699 2053/1/3682 2052/1/3681
f 2070/1/3700 2071/1/3701 2072/1/3702
f 2072/1/3702 2073/1/3703 2070/1/3700
f 2074/1/3704 2075/1/3705 2071/1/3701
f 2071/1/3701 2070/1/3700 2074/1/3704
s 836
f 2071/1/3706 2076/1/3707 2077/1/3708
f 2077/1/3708 2072/1/3709 2071/1/3706
f 2071/1/3706 2075/1/3710 2078/1/3711
f 2078/1/3711 2076/1/3707 2071/1/3706
s 1319
f 2079/1/3712 2080/1/3358 2081/1/3358
f 2081/1/3358 2073/1/3358 2079/1/3712
s 1320
f 2070/1/3357 2073/1/3357 2081/1/3357
f 2081/1/3357 2082/1/3357 2070/1/3357
s 1321
f 2070/1/3354 2082/1/3354 2083/1/3354
f 2083/1/3354 2074/1/3354 2070/1/3354
s 1322
f 2059/1/3351 2074/1/3351 2083/1/3351
f 2083/1/3351 2060/1/3351 2059/1/3351
s 835
f 2074/1/3704 2059/1/3699 2069/1/3698
f 2069/1/3698 2075/1/3705 2074/1/3704
s 836
f 2068/1/3696 2078/1/3711 2075/1/3710
f 2075/1/3710 2069/1/3697 2068/1/3696
s 1323
f 2078/1/3349 2068/1/3349 2067/1/3349
f 2067/1/3349 2084/1/3349 2078/1/3349
s 1324
f 2084/1/3348 2085/1/3348 2076/1/3348
f 2076/1/3348 2078/1/3348 2084/1/3348
s 1325
f 2085/1/3347 2086/1/3347 2077/1/3347
f 2077/1/3347 2076/1/3347 2085/1/3347
s 1326
f 2086/1/3713 2087/1/3713 2088/1/3713
f 2088/1/3713 2077/1/3713 2086/1/3713
s 836
f 2072/1/3709 2077/1/3708 2088/1/3714
f 2088/1/3714 2089/1/3715 2072/1/3709
s 835
f 2072/1/3702 2089/1/3716 2079/1/3717
f 2079/1/3717 2073/1/3703 2072/1/3702
f 2090/1/3718 2091/1/3719 2092/1/3720
f 2092/1/3720 2093/1/3721 2090/1/3718
f 2094/1/3722 2095/1/3723 2091/1/3719
f 2091/1/3719 2090/1/3718 2094/1/3722
s 836
f 2091/1/3724 2096/1/3725 2097/1/3726
f 2097/1/3726 2092/1/3727 2091/1/3724
f 2091/1/3724 2095/1/3728 2098/1/3729
f 2098/1/3729 2096/1/3725 2091/1/3724
s 1327
f 2099/1/3386 2100/1/3386 2101/1/3386
f 2101/1/3386 2093/1/3386 2099/1/3386
s 1328
f 2090/1/3384 2093/1/3384 2101/1/3384
f 2101/1/3384 2102/1/3384 2090/1/3384
s 1329
f 2090/1/3383 2102/1/3383 2103/1/3383
f 2103/1/3383 2094/1/3383 2090/1/3383
s 1330
f 2079/1/3382 2094/1/3382 2103/1/3382
f 2103/1/3382 2080/1/3730 2079/1/3382
s 835
f 2094/1/3722 2079/1/3717 2089/1/3716
f 2089/1/3716 2095/1/3723 2094/1/3722
s 836
f 2088/1/3714 2098/1/3729 2095/1/3728
f 2095/1/3728 2089/1/3715 2088/1/3714
s 1331
f 2098/1/3731 2088/1/3731 2087/1/3731
f 2087/1/3731 2104/1/3380 2098/1/3731
s 1332
f 2104/1/3379 2105/1/3378 2096/1/3379
f 2096/1/3379 2098/1/3378 2104/1/3379
s 1333
f 2105/1/3732 2106/1/3733 2097/1/3732
f 2097/1/3732 2096/1/3376 2105/1/3732
s 1334
f 2106/1/3375 2107/1/3375 2108/1/3375
f 2108/1/3375 2097/1/3375 2106/1/3375
s 836
f 2092/1/3727 2097/1/3726 2108/1/3734
f 2108/1/3734 2109/1/3735 2092/1/3727
s 835
f 2092/1/3720 2109/1/3736 2099/1/3737
f 2099/1/3737 2093/1/3721 2092/1/3720
f 2110/1/3738 2111/1/3739 2112/1/3740
f 2112/1/3740 2113/1/3741 2110/1/3738
f 2114/1/3742 2115/1/3743 2111/1/3739
f 2111/1/3739 2110/1/3738 2114/1/3742
s 836
f 2111/1/3744 2116/1/3745 2117/1/3746
f 2117/1/3746 2112/1/3747 2111/1/3744
f 2111/1/3744 2115/1/3748 2118/1/3749
f 2118/1/3749 2116/1/3745 2111/1/3744
s 1335
f 2119/1/3418 2120/1/3750 2121/1/3418
f 2121/1/3418 2113/1/3751 2119/1/3418
s 1336
f 2110/1/3417 2113/1/3417 2121/1/3417
f 2121/1/3417 2122/1/3417 2110/1/3417
s 1337
f 2110/1/3416 2122/1/3415 2123/1/3752
f 2123/1/3752 2114/1/3415 2110/1/3416
s 1338
f 2099/1/3413 2114/1/3413 2123/1/3753
f 2123/1/3753 2100/1/3413 2099/1/3413
s 835
f 2114/1/3742 2099/1/3737 2109/1/3736
f 2109/1/3736 2115/1/3743 2114/1/3742
s 836
f 2108/1/3734 2118/1/3749 2115/1/3748
f 2115/1/3748 2109/1/3735 2108/1/3734
s 1339
f 2118/1/3410 2108/1/3754 2107/1/3410
f 2107/1/3410 2124/1/3410 2118/1/3410
s 1340
f 2124/1/3755 2125/1/3408 2116/1/3755
f 2116/1/3755 2118/1/3755 2124/1/3755
s 1341
f 2125/1/3407 2126/1/3756 2117/1/3407
f 2117/1/3407 2116/1/3407 2125/1/3407
s 1342
f 2126/1/3403 2127/1/3403 2128/1/3403
f 2128/1/3403 2117/1/3403 2126/1/3403
s 836
f 2112/1/3747 2117/1/3746 2128/1/3757
f 2128/1/3757 2129/1/3758 2112/1/3747
s 835
f 2112/1/3740 2129/1/3759 2119/1/3760
f 2119/1/3760 2113/1/3741 2112/1/3740
f 2130/1/3761 2131/1/3762 2132/1/3763
f 2132/1/3763 2133/1/3764 2130/1/3761
f 2134/1/3765 2135/1/3766 2131/1/3762
f 2131/1/3762 2130/1/3761 2134/1/3765
s 836
f 2131/1/3767 2136/1/3768 2137/1/3769
f 2137/1/3769 2132/1/3770 2131/1/3767
f 2131/1/3767 2135/1/3771 2138/1/3772
f 2138/1/3772 2136/1/3768 2131/1/3767
s 1343
f 880/1/3449 879/1/3449 2139/1/3449
f 2139/1/3449 2133/1/3449 880/1/3449
s 1344
f 2130/1/3448 2133/1/3448 2139/1/3448
f 2139/1/3448 2140/1/3448 2130/1/3448
s 1345
f 2130/1/3446 2140/1/3773 2141/1/3773
f 2141/1/3773 2134/1/3446 2130/1/3446
s 1346
f 2119/1/3774 2134/1/3775 2141/1/3775
f 2141/1/3775 2120/1/3774 2119/1/3774
s 835
f 2134/1/3765 2119/1/3760 2129/1/3759
f 2129/1/3759 2135/1/3766 2134/1/3765
s 836
f 2128/1/3757 2138/1/3772 2135/1/3771
f 2135/1/3771 2129/1/3758 2128/1/3757
s 1347
f 2138/1/3440 2128/1/3440 2127/1/3776
f 2127/1/3776 2142/1/3777 2138/1/3440
s 1348
f 2142/1/3439 2143/1/3438 2136/1/3438
f 2136/1/3438 2138/1/3438 2142/1/3439
s 1349
f 2143/1/3436 2144/1/3436 2137/1/3778
f 2137/1/3778 2136/1/3779 2143/1/3436
s 1350
f 882/1/3435 2137/1/3435 2144/1/3435
f 2144/1/3435 884/1/3435 882/1/3435
s 836
f 2137/1/3769 882/1/2154 881/1/2153
f 881/1/2153 2132/1/3770 2137/1/3769
s 835
f 2132/1/3763 881/1/2151 880/1/2152
f 880/1/2152 2133/1/3764 2132/1/3763
s 1351
f 2145/1/3780 2146/1/3780 2147/1/3780
f 2147/1/3780 2148/1/3780 2145/1/3780
s 1352
f 2149/1/3781 2150/1/3781 2146/1/3781
f 2146/1/3781 2145/1/3781 2149/1/3781
s 1353
f 2146/1/3782 2151/1/3782 2152/1/3782
f 2152/1/3782 2147/1/3783 2146/1/3782
s 1354
f 2153/1/3784 2151/1/3785 2146/1/3784
f 2146/1/3784 2150/1/3784 2153/1/3784
s 1355
f 2154/1/3786 1390/1/3787 1412/1/3786
f 1412/1/3786 2148/1/3786 2154/1/3786
s 1356
f 2148/1/3788 1412/1/3788 1411/1/3788
f 1411/1/3788 2145/1/3788 2148/1/3788
s 1357
f 2149/1/3789 2145/1/3789 1411/1/3789
f 1411/1/3789 1409/1/3789 2149/1/3789
s 1358
f 2149/1/3790 1409/1/3790 1410/1/3790
f 1410/1/3790 2155/1/3790 2149/1/3790
s 1359
f 2149/1/3791 2155/1/3791 2156/1/3791
f 2156/1/3791 2150/1/3791 2149/1/3791
s 1360
f 2157/1/3792 2153/1/3793 2150/1/3793
f 2150/1/3793 2156/1/3793 2157/1/3792
s 1361
f 2153/1/3794 2157/1/3794 2027/1/3795
f 2027/1/3795 2026/1/3794 2153/1/3794
s 1362
f 2153/1/3796 2026/1/3796 2025/1/3796
f 2025/1/3796 2151/1/3796 2153/1/3796
s 1363
f 2025/1/3797 2024/1/3798 2152/1/3798
f 2152/1/3798 2151/1/3798 2025/1/3797
s 1364
f 2024/1/3799 2007/1/3799 2158/1/3799
f 2158/1/3799 2152/1/3799 2024/1/3799
s 1365
f 2147/1/3800 2152/1/3801 2158/1/3801
f 2158/1/3801 2159/1/3801 2147/1/3800
s 1366
f 2147/1/3802 2159/1/3802 2154/1/3802
f 2154/1/3802 2148/1/3802 2147/1/3802
s 1367
f 2160/1/3803 2161/1/3803 2162/1/3803
f 2162/1/3803 2163/1/3803 2160/1/3803
s 1368
f 2164/1/3804 2165/1/3804 2161/1/3804
f 2161/1/3804 2160/1/3805 2164/1/3804
s 1369
f 2161/1/3806 2166/1/3807 2167/1/3806
f 2167/1/3806 2162/1/3806 2161/1/3806
s 1370
f 2165/1/3808 2168/1/3809 2166/1/3808
f 2166/1/3808 2161/1/3810 2165/1/3808
s 1371
f 913/1/3811 1524/1/3812 2163/1/3813
f 2163/1/3813 2169/1/3814 913/1/3811
s 1372
f 1529/1/3815 2160/1/3815 2163/1/3815
f 2163/1/3815 1524/1/3815 1529/1/3815
s 1373
f 1529/1/3816 1528/1/3816 2164/1/3816
f 2164/1/3816 2160/1/3816 1529/1/3816
s 1374
f 1528/1/3817 1505/1/3818 2170/1/3817
f 2170/1/3817 2164/1/3817 1528/1/3817
s 1375
f 2164/1/3819 2170/1/3819 2171/1/3819
f 2171/1/3819 2165/1/3819 2164/1/3819
s 1376
f 2172/1/3820 2168/1/3821 2165/1/3821
f 2165/1/3821 2171/1/3822 2172/1/3820
s 1377
f 2168/1/3823 2172/1/3823 2120/1/3823
f 2120/1/3823 2141/1/3823 2168/1/3823
s 1378
f 2168/1/3824 2141/1/3824 2140/1/3824
f 2140/1/3824 2166/1/3825 2168/1/3824
s 1379
f 2166/1/3826 2140/1/3826 2139/1/3827
f 2139/1/3827 2167/1/3828 2166/1/3826
s 1380
f 2139/1/3829 879/1/3830 2173/1/3831
f 2173/1/3831 2167/1/3832 2139/1/3829
s 1381
f 2167/1/3833 2173/1/3833 2174/1/3833
f 2174/1/3833 2162/1/3833 2167/1/3833
s 1382
f 2162/1/3834 2174/1/3834 2169/1/3834
f 2169/1/3834 2163/1/3835 2162/1/3834
s 1383
f 2175/1/3836 2176/1/3837 2177/1/3836
f 2177/1/3836 2178/1/3836 2175/1/3836
s 1384
f 2179/1/3838 2180/1/3839 2176/1/3840
f 2176/1/3840 2175/1/3838 2179/1/3838
s 1385
f 2176/1/3841 2181/1/3841 2182/1/3841
f 2182/1/3841 2177/1/3841 2176/1/3841
s 1386
f 2176/1/3842 2180/1/3843 2183/1/3843
f 2183/1/3843 2181/1/3843 2176/1/3842
s 1387
f 2178/1/3844 2184/1/3845 1005/1/3845
f 1005/1/3845 1004/1/3845 2178/1/3844
s 1388
f 2178/1/3846 1004/1/3846 1014/1/3846
f 1014/1/3846 2175/1/3846 2178/1/3846
s 1389
f 2179/1/3847 2175/1/3847 1014/1/3847
f 1014/1/3847 1013/1/3847 2179/1/3847
s 1390
f 1013/1/3848 985/1/3848 2185/1/3848
f 2185/1/3848 2179/1/3848 1013/1/3848
s 1391
f 2179/1/3849 2185/1/3850 2186/1/3849
f 2186/1/3849 2180/1/3850 2179/1/3849
s 1392
f 2187/1/3851 2183/1/3852 2180/1/3851
f 2180/1/3851 2186/1/3853 2187/1/3851
s 1393
f 1600/1/3854 1623/1/3855 2183/1/3855
f 2183/1/3855 2187/1/3855 1600/1/3854
s 1394
f 2183/1/3856 1623/1/3856 1622/1/3856
f 1622/1/3856 2181/1/3856 2183/1/3856
s 1395
f 1622/1/3857 1621/1/3858 2182/1/3858
f 2182/1/3858 2181/1/3858 1622/1/3857
s 1396
f 1621/1/3859 1620/1/3860 2188/1/3860
f 2188/1/3860 2182/1/3860 1621/1/3859
s 1397
f 2189/1/3861 2177/1/3861 2182/1/3861
f 2182/1/3861 2188/1/3861 2189/1/3861
s 1398
f 2177/1/3862 2189/1/3862 2184/1/3862
f 2184/1/3862 2178/1/3862 2177/1/3862
s 1399
f 2190/1/3863 2191/1/3863 2192/1/3863
f 2192/1/3863 2193/1/3863 2190/1/3863
s 1400
f 2194/1/3864 2195/1/3865 2191/1/3864
f 2191/1/3864 2190/1/3864 2194/1/3864
s 1401
f 2191/1/3866 2196/1/3867 2197/1/3866
f 2197/1/3866 2192/1/3866 2191/1/3866
s 1402
f 2198/1/3868 2196/1/3868 2191/1/3868
f 2191/1/3868 2195/1/3869 2198/1/3868
s 1403
f 2193/1/3870 2155/1/3870 1410/1/3870
f 1410/1/3870 1432/1/3870 2193/1/3870
s 1404
f 2193/1/3871 1432/1/3871 1431/1/3871
f 1431/1/3871 2190/1/3871 2193/1/3871
s 1405
f 2194/1/3872 2190/1/3872 1431/1/3872
f 1431/1/3872 1429/1/3872 2194/1/3872
s 1406
f 2199/1/3873 2194/1/3874 1429/1/3875
f 1429/1/3875 1430/1/3874 2199/1/3873
s 1407
f 2199/1/3876 2200/1/3876 2195/1/3877
f 2195/1/3877 2194/1/3876 2199/1/3876
s 1408
f 2201/1/3878 2198/1/3879 2195/1/3880
f 2195/1/3880 2200/1/3881 2201/1/3878
s 1409
f 2198/1/3882 2201/1/3883 2047/1/3882
f 2047/1/3882 2046/1/3884 2198/1/3882
s 1410
f 2198/1/3885 2046/1/3886 2045/1/3887
f 2045/1/3887 2196/1/3888 2198/1/3885
s 1411
f 2045/1/3889 2044/1/3889 2197/1/3889
f 2197/1/3889 2196/1/3890 2045/1/3889
s 1412
f 2027/1/3891 2157/1/3891 2197/1/3892
f 2197/1/3892 2044/1/3893 2027/1/3891
s 1413
f 2192/1/3894 2197/1/3894 2157/1/3895
f 2157/1/3895 2156/1/3894 2192/1/3894
s 1414
f 2193/1/3896 2192/1/3896 2156/1/3896
f 2156/1/3896 2155/1/3896 2193/1/3896
s 1415
f 2202/1/3897 2203/1/3897 2204/1/3897
f 2204/1/3897 2205/1/3897 2202/1/3897
s 1416
f 2206/1/3898 2207/1/3899 2203/1/3898
f 2203/1/3898 2202/1/3898 2206/1/3898
s 1417
f 2203/1/3900 2208/1/3901 2209/1/3902
f 2209/1/3902 2204/1/3900 2203/1/3900
s 1418
f 2207/1/3903 2210/1/3903 2208/1/3904
f 2208/1/3904 2203/1/3905 2207/1/3903
s 1419
f 2211/1/3906 909/1/3906 907/1/3906
f 907/1/3906 2205/1/3906 2211/1/3906
s 1420
f 906/1/3907 2202/1/3908 2205/1/3908
f 2205/1/3908 907/1/3908 906/1/3907
s 1421
f 905/1/3909 2206/1/3910 2202/1/3909
f 2202/1/3909 906/1/3911 905/1/3909
s 1422
f 2212/1/3912 2206/1/3913 905/1/3912
f 905/1/3912 904/1/3912 2212/1/3912
s 1423
f 2212/1/3914 2213/1/3914 2207/1/3914
f 2207/1/3914 2206/1/3914 2212/1/3914
s 1424
f 2214/1/3915 2210/1/3916 2207/1/3915
f 2207/1/3915 2213/1/3917 2214/1/3915
s 1425
f 2214/1/3918 887/1/3918 886/1/3918
f 886/1/3918 2210/1/3918 2214/1/3918
s 1426
f 2208/1/3919 2210/1/3919 886/1/3919
f 886/1/3919 885/1/3919 2208/1/3919
s 1427
f 2209/1/3920 2208/1/3921 885/1/3922
f 885/1/3922 883/1/3920 2209/1/3920
s 1428
f 883/1/3923 884/1/3924 2215/1/3924
f 2215/1/3924 2209/1/3924 883/1/3923
s 1429
f 2204/1/3925 2209/1/3925 2215/1/3925
f 2215/1/3925 2216/1/3925 2204/1/3925
s 1430
f 2216/1/3926 2211/1/3927 2205/1/3927
f 2205/1/3927 2204/1/3927 2216/1/3926
s 1431
f 2217/1/3928 2218/1/3928 2219/1/3928
f 2219/1/3928 2220/1/3928 2217/1/3928
s 1432
f 2221/1/3929 2222/1/3930 2218/1/3931
f 2218/1/3931 2217/1/3932 2221/1/3929
s 1433
f 2218/1/3933 2223/1/3934 2224/1/3934
f 2224/1/3934 2219/1/3934 2218/1/3933
s 1434
f 2222/1/3935 2225/1/3936 2223/1/3935
f 2223/1/3935 2218/1/3937 2222/1/3935
s 1435
f 2226/1/3938 1025/1/3939 1024/1/3938
f 1024/1/3938 2220/1/3938 2226/1/3938
s 1436
f 1034/1/3940 2217/1/3941 2220/1/3941
f 2220/1/3941 1024/1/3941 1034/1/3940
s 1437
f 1034/1/3942 1033/1/3942 2221/1/3942
f 2221/1/3942 2217/1/3942 1034/1/3942
s 1438
f 2184/1/3943 2221/1/3943 1033/1/3943
f 1033/1/3943 1005/1/3943 2184/1/3943
s 1439
f 2222/1/3944 2221/1/3944 2184/1/3944
f 2184/1/3944 2189/1/3944 2222/1/3944
s 1440
f 2222/1/3945 2189/1/3945 2188/1/3945
f 2188/1/3945 2225/1/3946 2222/1/3945
s 1441
f 1620/1/3947 1643/1/3948 2225/1/3949
f 2225/1/3949 2188/1/3950 1620/1/3947
s 1442
f 2225/1/3951 1643/1/3952 1642/1/3951
f 1642/1/3951 2223/1/3953 2225/1/3951
s 1443
f 2223/1/3954 1642/1/3955 1641/1/3954
f 1641/1/3954 2224/1/3956 2223/1/3954
s 1444
f 1640/1/3957 2227/1/3957 2224/1/3957
f 2224/1/3957 1641/1/3957 1640/1/3957
s 1445
f 2228/1/3958 2219/1/3959 2224/1/3959
f 2224/1/3959 2227/1/3958 2228/1/3958
s 1446
f 2228/1/3960 2226/1/3960 2220/1/3960
f 2220/1/3960 2219/1/3960 2228/1/3960
s 1447
f 2229/1/3961 2230/1/3962 2231/1/3963
f 2231/1/3963 2232/1/3962 2229/1/3961
s 1448
f 2233/1/3964 2234/1/3964 2230/1/3964
f 2230/1/3964 2229/1/3964 2233/1/3964
s 1449
f 2230/1/3965 2235/1/3965 2236/1/3965
f 2236/1/3965 2231/1/3965 2230/1/3965
s 1450
f 2237/1/3966 2235/1/3966 2230/1/3966
f 2230/1/3966 2234/1/3967 2237/1/3966
s 1451
f 2199/1/3968 1430/1/3968 1452/1/3968
f 1452/1/3968 2232/1/3968 2199/1/3968
s 1452
f 2232/1/3969 1452/1/3969 1451/1/3969
f 1451/1/3969 2229/1/3969 2232/1/3969
s 1453
f 2233/1/3970 2229/1/3970 1451/1/3970
f 1451/1/3970 1449/1/3970 2233/1/3970
s 1454
f 2238/1/3971 2233/1/3971 1449/1/3971
f 1449/1/3971 1450/1/3972 2238/1/3971
s 1455
f 2238/1/3973 2239/1/3973 2234/1/3974
f 2234/1/3974 2233/1/3974 2238/1/3973
s 1456
f 2239/1/3975 2240/1/3975 2237/1/3976
f 2237/1/3976 2234/1/3975 2239/1/3975
s 1457
f 2237/1/3977 2240/1/3978 2067/1/3979
f 2067/1/3979 2066/1/3977 2237/1/3977
s 1458
f 2237/1/3980 2066/1/3980 2065/1/3980
f 2065/1/3980 2235/1/3980 2237/1/3980
s 1459
f 2065/1/3981 2064/1/3982 2236/1/3982
f 2236/1/3982 2235/1/3982 2065/1/3981
s 1460
f 2064/1/3983 2047/1/3984 2201/1/3984
f 2201/1/3984 2236/1/3984 2064/1/3983
s 1461
f 2201/1/3985 2200/1/3985 2231/1/3985
f 2231/1/3985 2236/1/3985 2201/1/3985
s 1462
f 2199/1/3986 2232/1/3987 2231/1/3987
f 2231/1/3987 2200/1/3986 2199/1/3986
s 1463
f 2241/1/3988 2242/1/3988 2243/1/3988
f 2243/1/3988 2244/1/3988 2241/1/3988
s 1464
f 2245/1/3989 2246/1/3989 2242/1/3990
f 2242/1/3990 2241/1/3989 2245/1/3989
s 1465
f 2242/1/3991 2247/1/3992 2248/1/3992
f 2248/1/3992 2243/1/3992 2242/1/3991
s 1466
f 2246/1/3993 2249/1/3993 2247/1/3994
f 2247/1/3994 2242/1/3994 2246/1/3993
s 1467
f 2212/1/3995 904/1/3996 932/1/3996
f 932/1/3996 2244/1/3996 2212/1/3995
s 1468
f 931/1/3997 2241/1/3997 2244/1/3997
f 2244/1/3997 932/1/3997 931/1/3997
s 1469
f 930/1/3998 2245/1/3998 2241/1/3998
f 2241/1/3998 931/1/3998 930/1/3998
s 1470
f 930/1/3999 929/1/4000 2250/1/3999
f 2250/1/3999 2245/1/4001 930/1/3999
s 1471
f 2250/1/4002 2251/1/4002 2246/1/4003
f 2246/1/4003 2245/1/4002 2250/1/4002
s 1472
f 2252/1/4004 2249/1/4004 2246/1/4004
f 2246/1/4004 2251/1/4004 2252/1/4004
s 1473
f 2249/1/4005 2252/1/4006 1547/1/4007
f 1547/1/4007 1546/1/4008 2249/1/4005
s 1474
f 2247/1/4009 2249/1/4010 1546/1/4009
f 1546/1/4009 1545/1/4009 2247/1/4009
s 1475
f 2248/1/4011 2247/1/4011 1545/1/4012
f 1545/1/4012 1544/1/4011 2248/1/4011
s 1476
f 1544/1/4013 887/1/4013 2214/1/4013
f 2214/1/4013 2248/1/4013 1544/1/4013
s 1477
f 2213/1/4014 2243/1/4014 2248/1/4014
f 2248/1/4014 2214/1/4014 2213/1/4014
s 1478
f 2244/1/4015 2243/1/4015 2213/1/4015
f 2213/1/4015 2212/1/4015 2244/1/4015
s 1479
f 2253/1/4016 2254/1/4017 2255/1/4017
f 2255/1/4017 2256/1/4017 2253/1/4016
s 1480
f 2257/1/4018 2258/1/4019 2254/1/4020
f 2254/1/4020 2253/1/4020 2257/1/4018
s 1481
f 2254/1/4021 2259/1/4021 2260/1/4022
f 2260/1/4022 2255/1/4023 2254/1/4021
s 1482
f 2258/1/4024 2261/1/4024 2259/1/4024
f 2259/1/4024 2254/1/4024 2258/1/4024
s 1483
f 2256/1/4025 2262/1/4025 1045/1/4025
f 1045/1/4025 1044/1/4025 2256/1/4025
s 1484
f 1054/1/4026 2253/1/4026 2256/1/4026
f 2256/1/4026 1044/1/4026 1054/1/4026
s 1485
f 1054/1/4027 1053/1/4027 2257/1/4027
f 2257/1/4027 2253/1/4027 1054/1/4027
s 1486
f 1025/1/4028 2226/1/4029 2257/1/4029
f 2257/1/4029 1053/1/4029 1025/1/4028
s 1487
f 2226/1/4030 2228/1/4030 2258/1/4030
f 2258/1/4030 2257/1/4030 2226/1/4030
s 1488
f 2261/1/4031 2258/1/4031 2228/1/4031
f 2228/1/4031 2227/1/4031 2261/1/4031
s 1489
f 2261/1/4032 2227/1/4032 1640/1/4032
f 1640/1/4032 1663/1/4032 2261/1/4032
s 1490
f 2261/1/4033 1663/1/4034 1662/1/4034
f 1662/1/4034 2259/1/4033 2261/1/4033
s 1491
f 2259/1/4035 1662/1/4036 1661/1/4035
f 1661/1/4035 2260/1/4037 2259/1/4035
s 1492
f 1661/1/4038 1660/1/4038 2263/1/4038
f 2263/1/4038 2260/1/4038 1661/1/4038
s 1493
f 2255/1/4039 2260/1/4040 2263/1/4040
f 2263/1/4040 2264/1/4040 2255/1/4039
s 1494
f 2264/1/4041 2262/1/4042 2256/1/4043
f 2256/1/4043 2255/1/4042 2264/1/4041
s 1495
f 2265/1/4044 2266/1/4044 2267/1/4044
f 2267/1/4044 2268/1/4044 2265/1/4044
s 1496
f 2269/1/4045 2270/1/4046 2266/1/4047
f 2266/1/4047 2265/1/4048 2269/1/4045
s 1497
f 2266/1/4049 2271/1/4049 2272/1/4049
f 2272/1/4049 2267/1/4049 2266/1/4049
s 1498
f 2273/1/4050 2271/1/4050 2266/1/4050
f 2266/1/4050 2270/1/4050 2273/1/4050
s 1499
f 2238/1/4051 1450/1/4051 1472/1/4051
f 1472/1/4051 2268/1/4052 2238/1/4051
s 1500
f 2268/1/4053 1472/1/4053 1471/1/4054
f 1471/1/4054 2265/1/4053 2268/1/4053
s 1501
f 2269/1/4055 2265/1/4056 1471/1/4057
f 1471/1/4057 1469/1/4058 2269/1/4055
s 1502
f 2274/1/4059 2269/1/4059 1469/1/4059
f 1469/1/4059 1470/1/4059 2274/1/4059
s 1503
f 2274/1/4060 2275/1/4061 2270/1/4061
f 2270/1/4061 2269/1/4061 2274/1/4060
s 1504
f 2273/1/4062 2270/1/4062 2275/1/4063
f 2275/1/4063 2276/1/4062 2273/1/4062
s 1505
f 2273/1/4064 2276/1/4064 2087/1/4064
f 2087/1/4064 2086/1/4064 2273/1/4064
s 1506
f 2273/1/4065 2086/1/4065 2085/1/4065
f 2085/1/4065 2271/1/4065 2273/1/4065
s 1507
f 2085/1/4066 2084/1/4066 2272/1/4066
f 2272/1/4066 2271/1/4066 2085/1/4066
s 1508
f 2067/1/4067 2240/1/4067 2272/1/4067
f 2272/1/4067 2084/1/4067 2067/1/4067
s 1509
f 2239/1/4068 2267/1/4068 2272/1/4068
f 2272/1/4068 2240/1/4068 2239/1/4068
s 1510
f 2268/1/4069 2267/1/4070 2239/1/4070
f 2239/1/4070 2238/1/4070 2268/1/4069
s 1511
f 2277/1/4071 2278/1/4072 2279/1/4073
f 2279/1/4073 2280/1/4073 2277/1/4071
s 1512
f 2281/1/4074 2282/1/4074 2278/1/4074
f 2278/1/4074 2277/1/4074 2281/1/4074
s 1513
f 2278/1/4075 2283/1/4076 2284/1/4075
f 2284/1/4075 2279/1/4077 2278/1/4075
s 1514
f 2282/1/4078 2285/1/4078 2283/1/4078
f 2283/1/4078 2278/1/4079 2282/1/4078
s 1515
f 2250/1/4080 929/1/4080 952/1/4081
f 952/1/4081 2280/1/4081 2250/1/4080
s 1516
f 2280/1/4082 952/1/4082 951/1/4082
f 951/1/4082 2277/1/4082 2280/1/4082
s 1517
f 950/1/4083 2281/1/4084 2277/1/4083
f 2277/1/4083 951/1/4083 950/1/4083
s 1518
f 950/1/4085 949/1/4085 2286/1/4085
f 2286/1/4085 2281/1/4085 950/1/4085
s 1519
f 2286/1/4086 2287/1/4086 2282/1/4086
f 2282/1/4086 2281/1/4086 2286/1/4086
s 1520
f 2285/1/4087 2282/1/4088 2287/1/4089
f 2287/1/4089 2288/1/4088 2285/1/4087
s 1521
f 2285/1/4090 2288/1/4090 1567/1/4090
f 1567/1/4090 1566/1/4091 2285/1/4090
s 1522
f 2283/1/4092 2285/1/4093 1566/1/4092
f 1566/1/4092 1565/1/4092 2283/1/4092
s 1523
f 1565/1/4094 1564/1/4094 2284/1/4094
f 2284/1/4094 2283/1/4094 1565/1/4094
s 1524
f 1564/1/4095 1547/1/4095 2252/1/4096
f 2252/1/4096 2284/1/4096 1564/1/4095
s 1525
f 2251/1/4097 2279/1/4097 2284/1/4097
f 2284/1/4097 2252/1/4097 2251/1/4097
s 1526
f 2279/1/4098 2251/1/4099 2250/1/4099
f 2250/1/4099 2280/1/4099 2279/1/4098
s 1527
f 2289/1/4100 2290/1/4100 2291/1/4100
f 2291/1/4100 2292/1/4100 2289/1/4100
s 1528
f 2293/1/4101 2294/1/4101 2290/1/4101
f 2290/1/4101 2289/1/4101 2293/1/4101
s 1529
f 2290/1/4102 2295/1/4102 2296/1/4102
f 2296/1/4102 2291/1/4102 2290/1/4102
s 1530
f 2294/1/4103 2297/1/4103 2295/1/4103
f 2295/1/4103 2290/1/4104 2294/1/4103
s 1531
f 1065/1/4105 1064/1/4106 2292/1/4105
f 2292/1/4105 2298/1/4107 1065/1/4105
s 1532
f 1074/1/4108 2289/1/4108 2292/1/4109
f 2292/1/4109 1064/1/4108 1074/1/4108
s 1533
f 1074/1/4110 1073/1/4110 2293/1/4110
f 2293/1/4110 2289/1/4110 1074/1/4110
s 1534
f 2293/1/4111 1073/1/4111 1045/1/4111
f 1045/1/4111 2262/1/4111 2293/1/4111
s 1535
f 2294/1/4112 2293/1/4113 2262/1/4113
f 2262/1/4113 2264/1/4113 2294/1/4112
s 1536
f 2263/1/4114 2297/1/4115 2294/1/4115
f 2294/1/4115 2264/1/4115 2263/1/4114
s 1537
f 1683/1/4116 2297/1/4117 2263/1/4117
f 2263/1/4117 1660/1/4116 1683/1/4116
s 1538
f 2297/1/4118 1683/1/4119 1682/1/4118
f 1682/1/4118 2295/1/4120 2297/1/4118
s 1539
f 2295/1/4121 1682/1/4122 1681/1/4121
f 1681/1/4121 2296/1/4121 2295/1/4121
s 1540
f 1681/1/4123 1680/1/4124 2299/1/4124
f 2299/1/4124 2296/1/4125 1681/1/4123
s 1541
f 2291/1/4126 2296/1/4126 2299/1/4127
f 2299/1/4127 2300/1/4128 2291/1/4126
s 1542
f 2300/1/4129 2298/1/4129 2292/1/4129
f 2292/1/4129 2291/1/4129 2300/1/4129
s 1543
f 2301/1/4130 2302/1/4130 2303/1/4131
f 2303/1/4131 2304/1/4132 2301/1/4130
s 1544
f 2305/1/4133 2306/1/4133 2302/1/4133
f 2302/1/4133 2301/1/4134 2305/1/4133
s 1545
f 2302/1/4135 2307/1/4136 2308/1/4135
f 2308/1/4135 2303/1/4135 2302/1/4135
s 1546
f 2309/1/4137 2307/1/4137 2302/1/4137
f 2302/1/4137 2306/1/4137 2309/1/4137
s 1547
f 2274/1/4138 1470/1/4139 1492/1/4140
f 1492/1/4140 2304/1/4141 2274/1/4138
s 1548
f 2304/1/4142 1492/1/4142 1491/1/4143
f 1491/1/4143 2301/1/4143 2304/1/4142
s 1549
f 2305/1/4144 2301/1/4145 1491/1/4145
f 1491/1/4145 1489/1/4146 2305/1/4144
s 1550
f 2310/1/4147 2305/1/4148 1489/1/4149
f 1489/1/4149 1490/1/4150 2310/1/4147
s 1551
f 2310/1/4151 2311/1/4151 2306/1/4151
f 2306/1/4151 2305/1/4151 2310/1/4151
s 1552
f 2309/1/4152 2306/1/4152 2311/1/4152
f 2311/1/4152 2312/1/4152 2309/1/4152
s 1553
f 2309/1/4153 2312/1/4153 2107/1/4153
f 2107/1/4153 2106/1/4153 2309/1/4153
s 1554
f 2309/1/4154 2106/1/4155 2105/1/4154
f 2105/1/4154 2307/1/4156 2309/1/4154
s 1555
f 2105/1/4157 2104/1/4158 2308/1/4158
f 2308/1/4158 2307/1/4158 2105/1/4157
s 1556
f 2104/1/4159 2087/1/4159 2276/1/4159
f 2276/1/4159 2308/1/4159 2104/1/4159
s 1557
f 2303/1/4160 2308/1/4160 2276/1/4160
f 2276/1/4160 2275/1/4160 2303/1/4160
s 1558
f 2304/1/4161 2303/1/4161 2275/1/4162
f 2275/1/4162 2274/1/4163 2304/1/4161
s 1559
f 2313/1/4164 2314/1/4164 2315/1/4165
f 2315/1/4165 2316/1/4164 2313/1/4164
s 1560
f 2317/1/4166 2318/1/4166 2314/1/4166
f 2314/1/4166 2313/1/4166 2317/1/4166
s 1561
f 2314/1/4167 2319/1/4167 2320/1/4167
f 2320/1/4167 2315/1/4167 2314/1/4167
s 1562
f 2318/1/4168 2321/1/4168 2319/1/4168
f 2319/1/4168 2314/1/4168 2318/1/4168
s 1563
f 2316/1/4169 2286/1/4169 949/1/4170
f 949/1/4170 972/1/4169 2316/1/4169
s 1564
f 971/1/4171 2313/1/4172 2316/1/4172
f 2316/1/4172 972/1/4171 971/1/4171
s 1565
f 969/1/4173 2317/1/4173 2313/1/4173
f 2313/1/4173 971/1/4173 969/1/4173
s 1566
f 2322/1/4174 2317/1/4175 969/1/4175
f 969/1/4175 970/1/4175 2322/1/4174
s 1567
f 2322/1/4176 2323/1/4177 2318/1/4176
f 2318/1/4176 2317/1/4176 2322/1/4176
s 1568
f 2321/1/4178 2318/1/4178 2323/1/4178
f 2323/1/4178 2324/1/4178 2321/1/4178
s 1569
f 2321/1/4179 2324/1/4180 1587/1/4179
f 1587/1/4179 1586/1/4179 2321/1/4179
s 1570
f 2319/1/4181 2321/1/4181 1586/1/4181
f 1586/1/4181 1585/1/4181 2319/1/4181
s 1571
f 2320/1/4182 2319/1/4183 1585/1/4184
f 1585/1/4184 1584/1/4183 2320/1/4182
s 1572
f 1584/1/4185 1567/1/4186 2288/1/4187
f 2288/1/4187 2320/1/4188 1584/1/4185
s 1573
f 2287/1/4189 2315/1/4189 2320/1/4190
f 2320/1/4190 2288/1/4190 2287/1/4189
s 1574
f 2316/1/4191 2315/1/4192 2287/1/4192
f 2287/1/4192 2286/1/4192 2316/1/4191
s 1575
f 2325/1/4193 2326/1/3781 2327/1/3781
f 2327/1/3781 2328/1/3781 2325/1/4193
s 1576
f 2329/1/3780 2330/1/3780 2326/1/3780
f 2326/1/3780 2325/1/3780 2329/1/3780
s 1577
f 2326/1/4194 2331/1/4194 2332/1/4194
f 2332/1/4194 2327/1/3785 2326/1/4194
s 1578
f 2330/1/3782 2333/1/3782 2331/1/3782
f 2331/1/3782 2326/1/3782 2330/1/3782
s 1579
f 2328/1/3790 2334/1/3790 1085/1/3790
f 1085/1/3790 1084/1/3790 2328/1/3790
s 1580
f 1094/1/3789 2325/1/3789 2328/1/3789
f 2328/1/3789 1084/1/3789 1094/1/3789
s 1581
f 1094/1/3788 1093/1/3788 2329/1/3788
f 2329/1/3788 2325/1/3788 1094/1/3788
s 1582
f 2298/1/3786 2329/1/3786 1093/1/3786
f 1093/1/3786 1065/1/4195 2298/1/3786
s 1583
f 2330/1/3802 2329/1/3802 2298/1/3802
f 2298/1/3802 2300/1/3802 2330/1/3802
s 1584
f 2299/1/3801 2333/1/3801 2330/1/3801
f 2330/1/3801 2300/1/3801 2299/1/3801
s 1585
f 1703/1/3799 2333/1/3799 2299/1/3799
f 2299/1/3799 1680/1/3799 1703/1/3799
s 1586
f 2333/1/4196 1703/1/4196 1702/1/4197
f 1702/1/4197 2331/1/3798 2333/1/4196
s 1587
f 2331/1/3796 1702/1/3796 1701/1/3796
f 1701/1/3796 2332/1/3796 2331/1/3796
s 1588
f 1701/1/4198 1700/1/3794 2335/1/4199
f 2335/1/4199 2332/1/3794 1701/1/4198
s 1589
f 2327/1/3793 2332/1/4200 2335/1/3793
f 2335/1/3793 2336/1/3793 2327/1/3793
s 1590
f 2336/1/3791 2334/1/3791 2328/1/3791
f 2328/1/3791 2327/1/3791 2336/1/3791
s 1591
f 2337/1/4201 2338/1/4202 2339/1/4201
f 2339/1/4201 2340/1/4201 2337/1/4201
s 1592
f 2341/1/4203 2342/1/4204 2338/1/4204
f 2338/1/4204 2337/1/4204 2341/1/4203
s 1593
f 2338/1/4205 2343/1/4205 2344/1/4205
f 2344/1/4205 2339/1/4205 2338/1/4205
s 1594
f 2345/1/4206 2343/1/4207 2338/1/4207
f 2338/1/4207 2342/1/4207 2345/1/4206
s 1595
f 2310/1/4208 1490/1/4208 1512/1/4208
f 1512/1/4208 2340/1/4208 2310/1/4208
s 1596
f 2340/1/4209 1512/1/4210 1511/1/4211
f 1511/1/4211 2337/1/4210 2340/1/4209
s 1597
f 2341/1/4212 2337/1/4212 1511/1/4212
f 1511/1/4212 1509/1/4212 2341/1/4212
s 1598
f 2346/1/4213 2341/1/4214 1509/1/4213
f 1509/1/4213 1510/1/4214 2346/1/4213
s 1599
f 2346/1/4215 2347/1/4215 2342/1/4215
f 2342/1/4215 2341/1/4215 2346/1/4215
s 1600
f 2345/1/4216 2342/1/4216 2347/1/4216
f 2347/1/4216 2348/1/4216 2345/1/4216
s 1601
f 2345/1/4217 2348/1/4217 2127/1/4217
f 2127/1/4217 2126/1/4217 2345/1/4217
s 1602
f 2345/1/4218 2126/1/4218 2125/1/4218
f 2125/1/4218 2343/1/4218 2345/1/4218
s 1603
f 2125/1/4219 2124/1/4220 2344/1/4219
f 2344/1/4219 2343/1/4221 2125/1/4219
s 1604
f 2124/1/4222 2107/1/4223 2312/1/4222
f 2312/1/4222 2344/1/4224 2124/1/4222
s 1605
f 2339/1/4225 2344/1/4225 2312/1/4225
f 2312/1/4225 2311/1/4225 2339/1/4225
s 1606
f 2340/1/4226 2339/1/4227 2311/1/4226
f 2311/1/4226 2310/1/4226 2340/1/4226
s 1607
f 2349/1/4228 2350/1/4228 2351/1/4229
f 2351/1/4229 2352/1/4230 2349/1/4228
s 1608
f 2353/1/4231 2354/1/4231 2350/1/4231
f 2350/1/4231 2349/1/4231 2353/1/4231
s 1609
f 2350/1/4232 2355/1/4233 2356/1/4232
f 2356/1/4232 2351/1/4232 2350/1/4232
s 1610
f 2354/1/4234 2357/1/4234 2355/1/4234
f 2355/1/4234 2350/1/4234 2354/1/4234
s 1611
f 2322/1/4235 970/1/4235 992/1/4236
f 992/1/4236 2352/1/4235 2322/1/4235
s 1612
f 991/1/4237 2349/1/4237 2352/1/4238
f 2352/1/4238 992/1/4238 991/1/4237
s 1613
f 990/1/4239 2353/1/4240 2349/1/4241
f 2349/1/4241 991/1/4241 990/1/4239
s 1614
f 2358/1/4242 2353/1/4242 990/1/4243
f 990/1/4243 989/1/4242 2358/1/4242
s 1615
f 2358/1/4244 2359/1/4244 2354/1/4245
f 2354/1/4245 2353/1/4244 2358/1/4244
s 1616
f 2357/1/4246 2354/1/4247 2359/1/4247
f 2359/1/4247 2360/1/4247 2357/1/4246
s 1617
f 2357/1/4248 2360/1/4249 1607/1/4249
f 1607/1/4249 1606/1/4248 2357/1/4248
s 1618
f 2355/1/4250 2357/1/4250 1606/1/4250
f 1606/1/4250 1605/1/4250 2355/1/4250
s 1619
f 2356/1/4251 2355/1/4251 1605/1/4251
f 1605/1/4251 1604/1/4251 2356/1/4251
s 1620
f 1604/1/4252 1587/1/4253 2324/1/4252
f 2324/1/4252 2356/1/4254 1604/1/4252
s 1621
f 2323/1/4255 2351/1/4255 2356/1/4256
f 2356/1/4256 2324/1/4256 2323/1/4255
s 1622
f 2352/1/4257 2351/1/4258 2323/1/4259
f 2323/1/4259 2322/1/4259 2352/1/4257
s 1623
f 2361/1/4260 2362/1/3864 2363/1/4261
f 2363/1/4261 2364/1/4260 2361/1/4260
s 1624
f 2365/1/4262 2366/1/4262 2362/1/4263
f 2362/1/4263 2361/1/4264 2365/1/4262
s 1625
f 2362/1/4265 2367/1/4266 2368/1/3868
f 2368/1/3868 2363/1/3868 2362/1/4265
s 1626
f 2366/1/3866 2369/1/3867 2367/1/3866
f 2367/1/3866 2362/1/3866 2366/1/3866
s 1627
f 2364/1/3874 2370/1/3874 1105/1/3874
f 1105/1/3874 1104/1/3874 2364/1/3874
s 1628
f 1114/1/3872 2361/1/4267 2364/1/3872
f 2364/1/3872 1104/1/3872 1114/1/3872
s 1629
f 1114/1/3871 1113/1/3871 2365/1/3871
f 2365/1/3871 2361/1/3871 1114/1/3871
s 1630
f 2334/1/3870 2365/1/3870 1113/1/3870
f 1113/1/3870 1085/1/3870 2334/1/3870
s 1631
f 2366/1/3896 2365/1/3896 2334/1/4268
f 2334/1/4268 2336/1/3896 2366/1/3896
s 1632
f 2335/1/3894 2369/1/3894 2366/1/3894
f 2366/1/3894 2336/1/3894 2335/1/3894
s 1633
f 1723/1/4269 2369/1/4269 2335/1/4269
f 2335/1/4269 1700/1/3892 1723/1/4269
s 1634
f 2369/1/4270 1723/1/4270 1722/1/4270
f 1722/1/4270 2367/1/3889 2369/1/4270
s 1635
f 2367/1/3888 1722/1/3888 1721/1/3888
f 1721/1/3888 2368/1/3888 2367/1/3888
s 1636
f 1721/1/3884 1720/1/3884 2371/1/3884
f 2371/1/3884 2368/1/3884 1721/1/3884
s 1637
f 2363/1/4271 2368/1/4271 2371/1/4271
f 2371/1/4271 2372/1/4271 2363/1/4271
s 1638
f 2372/1/3876 2370/1/3876 2364/1/3876
f 2364/1/3876 2363/1/3876 2372/1/3876
s 1639
f 2373/1/4272 2374/1/4273 2375/1/4272
f 2375/1/4272 2376/1/4274 2373/1/4272
s 1640
f 2377/1/4275 2378/1/4275 2374/1/4275
f 2374/1/4275 2373/1/4276 2377/1/4275
s 1641
f 2374/1/4277 2379/1/4277 2380/1/4278
f 2380/1/4278 2375/1/4278 2374/1/4277
s 1642
f 2381/1/4279 2379/1/4279 2374/1/4280
f 2374/1/4280 2378/1/4279 2381/1/4279
s 1643
f 2346/1/4281 1510/1/4282 1527/1/4283
f 1527/1/4283 2376/1/4282 2346/1/4281
s 1644
f 2376/1/4284 1527/1/4285 1526/1/4286
f 1526/1/4286 2373/1/4284 2376/1/4284
s 1645
f 2377/1/4287 2373/1/4287 1526/1/4287
f 1526/1/4287 1525/1/4287 2377/1/4287
s 1646
f 2211/1/4288 2377/1/4288 1525/1/4288
f 1525/1/4288 909/1/4288 2211/1/4288
s 1647
f 2216/1/4289 2378/1/4289 2377/1/4289
f 2377/1/4289 2211/1/4289 2216/1/4289
s 1648
f 2215/1/4290 2381/1/4290 2378/1/4290
f 2378/1/4290 2216/1/4290 2215/1/4290
s 1649
f 2381/1/4291 2215/1/4291 884/1/4291
f 884/1/4291 2144/1/4291 2381/1/4291
s 1650
f 2381/1/4292 2144/1/4292 2143/1/4292
f 2143/1/4292 2379/1/4292 2381/1/4292
s 1651
f 2143/1/4293 2142/1/4294 2380/1/4293
f 2380/1/4293 2379/1/4293 2143/1/4293
s 1652
f 2142/1/4295 2127/1/4295 2348/1/4295
f 2348/1/4295 2380/1/4295 2142/1/4295
s 1653
f 2375/1/4296 2380/1/4297 2348/1/4297
f 2348/1/4297 2347/1/4297 2375/1/4296
s 1654
f 2376/1/4298 2375/1/4298 2347/1/4298
f 2347/1/4298 2346/1/4298 2376/1/4298
s 1655
f 2382/1/4299 2383/1/4299 2384/1/4299
f 2384/1/4299 2385/1/4299 2382/1/4299
s 1656
f 2386/1/4300 2387/1/4301 2383/1/4300
f 2383/1/4300 2382/1/4300 2386/1/4300
s 1657
f 2383/1/4302 2388/1/4302 2389/1/4302
f 2389/1/4302 2384/1/4303 2383/1/4302
s 1658
f 2387/1/4304 2390/1/4304 2388/1/4305
f 2388/1/4305 2383/1/4304 2387/1/4304
s 1659
f 2358/1/4306 989/1/4306 1012/1/4306
f 1012/1/4306 2385/1/4307 2358/1/4306
s 1660
f 1011/1/4308 2382/1/4309 2385/1/4308
f 2385/1/4308 1012/1/4308 1011/1/4308
s 1661
f 1010/1/4310 2386/1/4310 2382/1/4310
f 2382/1/4310 1011/1/4311 1010/1/4310
s 1662
f 1010/1/4312 1009/1/4313 2391/1/4314
f 2391/1/4314 2386/1/4315 1010/1/4312
s 1663
f 2391/1/4316 2392/1/4316 2387/1/4316
f 2387/1/4316 2386/1/4316 2391/1/4316
s 1664
f 2387/1/4317 2392/1/4318 2393/1/4318
f 2393/1/4318 2390/1/4318 2387/1/4317
s 1665
f 1627/1/4319 1626/1/4320 2390/1/4319
f 2390/1/4319 2393/1/4321 1627/1/4319
s 1666
f 2388/1/4322 2390/1/4322 1626/1/4322
f 1626/1/4322 1625/1/4322 2388/1/4322
s 1667
f 2389/1/4323 2388/1/4324 1625/1/4324
f 1625/1/4324 1624/1/4324 2389/1/4323
s 1668
f 1624/1/4325 1607/1/4325 2360/1/4325
f 2360/1/4325 2389/1/4325 1624/1/4325
s 1669
f 2359/1/4326 2384/1/4326 2389/1/4326
f 2389/1/4326 2360/1/4326 2359/1/4326
s 1670
f 2385/1/4327 2384/1/4328 2359/1/4327
f 2359/1/4327 2358/1/4327 2385/1/4327
s 1671
f 2394/1/4329 2395/1/4329 2396/1/4329
f 2396/1/4329 2397/1/4329 2394/1/4329
s 1672
f 2398/1/3962 2399/1/3962 2395/1/3962
f 2395/1/3962 2394/1/3962 2398/1/3962
s 1673
f 2395/1/3967 2400/1/3967 2401/1/3966
f 2401/1/3966 2396/1/3967 2395/1/3967
s 1674
f 2399/1/3965 2402/1/3965 2400/1/3965
f 2400/1/3965 2395/1/3965 2399/1/3965
s 1675
f 2397/1/3971 2403/1/3971 1125/1/3971
f 1125/1/3971 1124/1/3971 2397/1/3971
s 1676
f 1134/1/3970 2394/1/3970 2397/1/3970
f 2397/1/3970 1124/1/3970 1134/1/3970
s 1677
f 1134/1/3969 1133/1/3969 2398/1/3969
f 2398/1/3969 2394/1/3969 1134/1/3969
s 1678
f 2370/1/3968 2398/1/3968 1133/1/3968
f 1133/1/3968 1105/1/4330 2370/1/3968
s 1679
f 2399/1/3987 2398/1/3986 2370/1/4331
f 2370/1/4331 2372/1/3986 2399/1/3987
s 1680
f 2371/1/3985 2402/1/3985 2399/1/3985
f 2399/1/3985 2372/1/3985 2371/1/3985
s 1681
f 1743/1/3984 2402/1/3984 2371/1/3984
f 2371/1/3984 1720/1/3984 1743/1/3984
s 1682
f 2402/1/4332 1743/1/3982 1742/1/3982
f 1742/1/3982 2400/1/3982 2402/1/4332
s 1683
f 2400/1/4333 1742/1/3980 1741/1/4333
f 1741/1/4333 2401/1/4334 2400/1/4333
s 1684
f 2401/1/3977 1741/1/3977 1740/1/3977
f 1740/1/3977 2404/1/3977 2401/1/3977
s 1685
f 2401/1/4335 2404/1/3975 2405/1/4336
f 2405/1/4336 2396/1/3975 2401/1/4335
s 1686
f 2396/1/3974 2405/1/3974 2403/1/3974
f 2403/1/3974 2397/1/3973 2396/1/3974
s 1687
f 2406/1/4337 2407/1/4337 2408/1/4337
f 2408/1/4337 2409/1/4337 2406/1/4337
s 1688
f 2410/1/4338 2411/1/4339 2407/1/4340
f 2407/1/4340 2406/1/4338 2410/1/4338
s 1689
f 2407/1/4341 2412/1/4341 2413/1/4341
f 2413/1/4341 2408/1/4341 2407/1/4341
s 1690
f 2414/1/4342 2412/1/4342 2407/1/4342
f 2407/1/4342 2411/1/4342 2414/1/4342
s 1691
f 2391/1/4343 1009/1/4343 1032/1/4343
f 1032/1/4343 2409/1/4343 2391/1/4343
s 1692
f 2409/1/4344 1032/1/4344 1031/1/4344
f 1031/1/4344 2406/1/4345 2409/1/4344
s 1693
f 2410/1/4346 2406/1/4347 1031/1/4347
f 1031/1/4347 1030/1/4347 2410/1/4346
s 1694
f 2415/1/4348 2410/1/4348 1030/1/4348
f 1030/1/4348 1029/1/4348 2415/1/4348
s 1695
f 2415/1/4349 2416/1/4349 2411/1/4349
f 2411/1/4349 2410/1/4349 2415/1/4349
s 1696
f 2414/1/4350 2411/1/4350 2416/1/4350
f 2416/1/4350 2417/1/4351 2414/1/4350
s 1697
f 1647/1/4352 1646/1/4352 2414/1/4352
f 2414/1/4352 2417/1/4352 1647/1/4352
s 1698
f 2414/1/4353 1646/1/4354 1645/1/4355
f 1645/1/4355 2412/1/4354 2414/1/4353
s 1699
f 1645/1/4356 1644/1/4356 2413/1/4356
f 2413/1/4356 2412/1/4356 1645/1/4356
s 1700
f 1644/1/4357 1627/1/4358 2393/1/4357
f 2393/1/4357 2413/1/4359 1644/1/4357
s 1701
f 2408/1/4360 2413/1/4360 2393/1/4360
f 2393/1/4360 2392/1/4360 2408/1/4360
s 1702
f 2409/1/4361 2408/1/4361 2392/1/4361
f 2392/1/4361 2391/1/4361 2409/1/4361
s 1703
f 2418/1/4048 2419/1/4048 2420/1/4048
f 2420/1/4048 2421/1/4048 2418/1/4048
s 1704
f 2422/1/4044 2423/1/4044 2419/1/4044
f 2419/1/4044 2418/1/4044 2422/1/4044
s 1705
f 2419/1/4050 2424/1/4050 2425/1/4050
f 2425/1/4050 2420/1/4050 2419/1/4050
s 1706
f 2423/1/4049 2426/1/4049 2424/1/4049
f 2424/1/4049 2419/1/4049 2423/1/4049
s 1707
f 2421/1/4059 2427/1/4059 1145/1/4059
f 1145/1/4059 1144/1/4059 2421/1/4059
s 1708
f 1154/1/4056 2418/1/4056 2421/1/4056
f 2421/1/4056 1144/1/4056 1154/1/4056
s 1709
f 1154/1/4053 1153/1/4053 2422/1/4053
f 2422/1/4053 2418/1/4053 1154/1/4053
s 1710
f 1153/1/4362 1125/1/4363 2403/1/4362
f 2403/1/4362 2422/1/4051 1153/1/4362
s 1711
f 2423/1/4070 2422/1/4070 2403/1/4070
f 2403/1/4070 2405/1/4070 2423/1/4070
s 1712
f 2404/1/4068 2426/1/4364 2423/1/4068
f 2423/1/4068 2405/1/4364 2404/1/4068
s 1713
f 2404/1/4067 1740/1/4067 1763/1/4067
f 1763/1/4067 2426/1/4067 2404/1/4067
s 1714
f 2426/1/4066 1763/1/4066 1762/1/4066
f 1762/1/4066 2424/1/4066 2426/1/4066
s 1715
f 2424/1/4065 1762/1/4065 1761/1/4065
f 1761/1/4065 2425/1/4065 2424/1/4065
s 1716
f 2425/1/4064 1761/1/4064 1760/1/4064
f 1760/1/4064 2428/1/4064 2425/1/4064
s 1717
f 2429/1/4062 2420/1/4062 2425/1/4062
f 2425/1/4062 2428/1/4062 2429/1/4062
s 1718
f 2420/1/4061 2429/1/4061 2427/1/4061
f 2427/1/4061 2421/1/4061 2420/1/4061
s 1719
f 2430/1/4365 2431/1/4366 2432/1/4366
f 2432/1/4366 2433/1/4366 2430/1/4365
s 1720
f 2434/1/4367 2435/1/4368 2431/1/4367
f 2431/1/4367 2430/1/4367 2434/1/4367
s 1721
f 2431/1/4369 2436/1/4369 2437/1/4370
f 2437/1/4370 2432/1/4369 2431/1/4369
s 1722
f 2438/1/4371 2436/1/4372 2431/1/4372
f 2431/1/4372 2435/1/4372 2438/1/4371
s 1723
f 2415/1/4373 1029/1/4374 1052/1/4375
f 1052/1/4375 2433/1/4373 2415/1/4373
s 1724
f 2433/1/4376 1052/1/4376 1051/1/4377
f 1051/1/4377 2430/1/4376 2433/1/4376
s 1725
f 2434/1/4378 2430/1/4378 1051/1/4378
f 1051/1/4378 1049/1/4379 2434/1/4378
s 1726
f 2434/1/4380 1049/1/4380 1050/1/4380
f 1050/1/4380 2439/1/4380 2434/1/4380
s 1727
f 2439/1/4381 2440/1/4381 2435/1/4381
f 2435/1/4381 2434/1/4381 2439/1/4381
s 1728
f 2438/1/4382 2435/1/4382 2440/1/4382
f 2440/1/4382 2441/1/4382 2438/1/4382
s 1729
f 1667/1/4383 1666/1/4384 2438/1/4385
f 2438/1/4385 2441/1/4386 1667/1/4383
s 1730
f 2438/1/4387 1666/1/4388 1665/1/4388
f 1665/1/4388 2436/1/4389 2438/1/4387
s 1731
f 1665/1/4390 1664/1/4390 2437/1/4390
f 2437/1/4390 2436/1/4390 1665/1/4390
s 1732
f 1664/1/4391 1647/1/4391 2417/1/4391
f 2417/1/4391 2437/1/4391 1664/1/4391
s 1733
f 2416/1/4392 2432/1/4393 2437/1/4393
f 2437/1/4393 2417/1/4394 2416/1/4392
s 1734
f 2432/1/4395 2416/1/4396 2415/1/4396
f 2415/1/4396 2433/1/4396 2432/1/4395
s 1735
f 2442/1/4133 2443/1/4133 2444/1/4133
f 2444/1/4133 2445/1/4133 2442/1/4133
s 1736
f 2446/1/4132 2447/1/4132 2443/1/4397
f 2443/1/4397 2442/1/4132 2446/1/4132
s 1737
f 2443/1/4137 2448/1/4137 2449/1/4137
f 2449/1/4137 2444/1/4137 2443/1/4137
s 1738
f 2447/1/4135 2450/1/4135 2448/1/4135
f 2448/1/4135 2443/1/4135 2447/1/4135
s 1739
f 2445/1/4398 2451/1/4150 1165/1/4150
f 1165/1/4150 1164/1/4150 2445/1/4398
s 1740
f 1174/1/4399 2442/1/4399 2445/1/4400
f 2445/1/4400 1164/1/4145 1174/1/4399
s 1741
f 1174/1/4142 1173/1/4142 2446/1/4142
f 2446/1/4142 2442/1/4142 1174/1/4142
s 1742
f 1173/1/4141 1145/1/4141 2427/1/4141
f 2427/1/4141 2446/1/4141 1173/1/4141
s 1743
f 2447/1/4161 2446/1/4161 2427/1/4161
f 2427/1/4161 2429/1/4161 2447/1/4161
s 1744
f 2428/1/4160 2450/1/4160 2447/1/4160
f 2447/1/4160 2429/1/4160 2428/1/4160
s 1745
f 2428/1/4401 1760/1/4159 1783/1/4402
f 1783/1/4402 2450/1/4159 2428/1/4401
s 1746
f 2450/1/4403 1783/1/4404 1782/1/4403
f 1782/1/4403 2448/1/4157 2450/1/4403
s 1747
f 2448/1/4156 1782/1/4156 1781/1/4405
f 1781/1/4405 2449/1/4156 2448/1/4156
s 1748
f 2449/1/4153 1781/1/4406 1780/1/4407
f 1780/1/4407 2452/1/4153 2449/1/4153
s 1749
f 2453/1/4408 2444/1/4152 2449/1/4152
f 2449/1/4152 2452/1/4152 2453/1/4408
s 1750
f 2444/1/4151 2453/1/4151 2451/1/4409
f 2451/1/4409 2445/1/4410 2444/1/4151
s 1751
f 2454/1/4411 2455/1/4411 2456/1/4411
f 2456/1/4411 2457/1/4411 2454/1/4411
s 1752
f 2458/1/4412 2459/1/4412 2455/1/4413
f 2455/1/4413 2454/1/4412 2458/1/4412
s 1753
f 2455/1/4414 2460/1/4414 2461/1/4414
f 2461/1/4414 2456/1/4414 2455/1/4414
s 1754
f 2462/1/4415 2460/1/4416 2455/1/4416
f 2455/1/4416 2459/1/4416 2462/1/4415
s 1755
f 2439/1/4417 1050/1/4417 1072/1/4417
f 1072/1/4417 2457/1/4417 2439/1/4417
s 1756
f 2457/1/4418 1072/1/4418 1071/1/4419
f 1071/1/4419 2454/1/4420 2457/1/4418
s 1757
f 2458/1/4421 2454/1/4421 1071/1/4421
f 1071/1/4421 1069/1/4421 2458/1/4421
s 1758
f 2458/1/4422 1069/1/4422 1070/1/4422
f 1070/1/4422 2463/1/4422 2458/1/4422
s 1759
f 2463/1/4423 2464/1/4424 2459/1/4425
f 2459/1/4425 2458/1/4425 2463/1/4423
s 1760
f 2462/1/4426 2459/1/4427 2464/1/4427
f 2464/1/4427 2465/1/4427 2462/1/4426
s 1761
f 1687/1/4428 1686/1/4428 2462/1/4428
f 2462/1/4428 2465/1/4428 1687/1/4428
s 1762
f 2462/1/4429 1686/1/4430 1685/1/4429
f 1685/1/4429 2460/1/4429 2462/1/4429
s 1763
f 1685/1/4431 1684/1/4432 2461/1/4433
f 2461/1/4433 2460/1/4434 1685/1/4431
s 1764
f 1684/1/4435 1667/1/4436 2441/1/4437
f 2441/1/4437 2461/1/4437 1684/1/4435
s 1765
f 2440/1/4438 2456/1/4438 2461/1/4438
f 2461/1/4438 2441/1/4438 2440/1/4438
s 1766
f 2439/1/4439 2457/1/4439 2456/1/4439
f 2456/1/4439 2440/1/4439 2439/1/4439
s 1767
f 2466/1/4203 2467/1/4204 2468/1/4440
f 2468/1/4440 2469/1/4204 2466/1/4203
s 1768
f 2470/1/4202 2471/1/4441 2467/1/4442
f 2467/1/4442 2466/1/4202 2470/1/4202
s 1769
f 2467/1/4207 2472/1/4207 2473/1/4443
f 2473/1/4443 2468/1/4207 2467/1/4207
s 1770
f 2471/1/4205 2474/1/4205 2472/1/4205
f 2472/1/4205 2467/1/4205 2471/1/4205
s 1771
f 2469/1/4213 2475/1/4213 1185/1/4213
f 1185/1/4213 1184/1/4213 2469/1/4213
s 1772
f 1194/1/4444 2466/1/4212 2469/1/4212
f 2469/1/4212 1184/1/4212 1194/1/4444
s 1773
f 1194/1/4209 1193/1/4209 2470/1/4210
f 2470/1/4210 2466/1/4210 1194/1/4209
s 1774
f 1193/1/4208 1165/1/4208 2451/1/4208
f 2451/1/4208 2470/1/4208 1193/1/4208
s 1775
f 2471/1/4226 2470/1/4445 2451/1/4226
f 2451/1/4226 2453/1/4226 2471/1/4226
s 1776
f 2452/1/4225 2474/1/4225 2471/1/4225
f 2471/1/4225 2453/1/4225 2452/1/4225
s 1777
f 2452/1/4446 1780/1/4447 1803/1/4446
f 1803/1/4446 2474/1/4447 2452/1/4446
s 1778
f 2474/1/4448 1803/1/4448 1802/1/4448
f 1802/1/4448 2472/1/4448 2474/1/4448
s 1779
f 2472/1/4218 1802/1/4218 1801/1/4218
f 1801/1/4218 2473/1/4218 2472/1/4218
s 1780
f 2473/1/4217 1801/1/4217 1800/1/4217
f 1800/1/4217 2476/1/4217 2473/1/4217
s 1781
f 2473/1/4216 2476/1/4216 2477/1/4216
f 2477/1/4216 2468/1/4216 2473/1/4216
s 1782
f 2468/1/4215 2477/1/4215 2475/1/4215
f 2475/1/4215 2469/1/4215 2468/1/4215
s 1783
f 2478/1/4449 2479/1/4449 2480/1/4450
f 2480/1/4450 2481/1/4449 2478/1/4449
s 1784
f 2482/1/4451 2483/1/4451 2479/1/4451
f 2479/1/4451 2478/1/4452 2482/1/4451
s 1785
f 2479/1/4453 2484/1/4453 2485/1/4453
f 2485/1/4453 2480/1/4453 2479/1/4453
s 1786
f 2486/1/4454 2484/1/4455 2479/1/4454
f 2479/1/4454 2483/1/4454 2486/1/4454
s 1787
f 2463/1/4456 1070/1/4457 1092/1/4457
f 1092/1/4457 2481/1/4457 2463/1/4456
s 1788
f 2481/1/4458 1092/1/4458 1091/1/4458
f 1091/1/4458 2478/1/4458 2481/1/4458
s 1789
f 2482/1/4459 2478/1/4459 1091/1/4459
f 1091/1/4459 1089/1/4459 2482/1/4459
s 1790
f 2482/1/4460 1089/1/4460 1090/1/4460
f 1090/1/4460 2487/1/4460 2482/1/4460
s 1791
f 2487/1/4461 2488/1/4461 2483/1/4461
f 2483/1/4461 2482/1/4461 2487/1/4461
s 1792
f 2486/1/4462 2483/1/4462 2488/1/4462
f 2488/1/4462 2489/1/4462 2486/1/4462
s 1793
f 1707/1/4463 1706/1/4463 2486/1/4463
f 2486/1/4463 2489/1/4463 1707/1/4463
s 1794
f 2486/1/4464 1706/1/4464 1705/1/4465
f 1705/1/4465 2484/1/4465 2486/1/4464
s 1795
f 1705/1/4466 1704/1/4467 2485/1/4467
f 2485/1/4467 2484/1/4467 1705/1/4466
s 1796
f 1704/1/4468 1687/1/4469 2465/1/4469
f 2465/1/4469 2485/1/4468 1704/1/4468
s 1797
f 2464/1/4470 2480/1/4471 2485/1/4472
f 2485/1/4472 2465/1/4470 2464/1/4470
s 1798
f 2480/1/4473 2464/1/4473 2463/1/4473
f 2463/1/4473 2481/1/4473 2480/1/4473
s 1799
f 2490/1/4275 2491/1/4275 2492/1/4275
f 2492/1/4275 2493/1/4275 2490/1/4275
s 1800
f 2494/1/4273 2495/1/4474 2491/1/4273
f 2491/1/4273 2490/1/4273 2494/1/4273
s 1801
f 2491/1/4279 2496/1/4279 2497/1/4279
f 2497/1/4279 2492/1/4279 2491/1/4279
s 1802
f 2495/1/4475 2498/1/4476 2496/1/4277
f 2496/1/4277 2491/1/4277 2495/1/4475
s 1803
f 2493/1/4288 2499/1/4288 1205/1/4288
f 1205/1/4288 1204/1/4288 2493/1/4288
s 1804
f 1214/1/4477 2490/1/4287 2493/1/4478
f 2493/1/4478 1204/1/4287 1214/1/4477
s 1805
f 1214/1/4284 1213/1/4284 2494/1/4284
f 2494/1/4284 2490/1/4284 1214/1/4284
s 1806
f 1213/1/4479 1185/1/4282 2475/1/4480
f 2475/1/4480 2494/1/4481 1213/1/4479
s 1807
f 2495/1/4298 2494/1/4298 2475/1/4298
f 2475/1/4298 2477/1/4298 2495/1/4298
s 1808
f 2476/1/4296 2498/1/4297 2495/1/4297
f 2495/1/4297 2477/1/4297 2476/1/4296
s 1809
f 2476/1/4482 1800/1/4483 1823/1/4482
f 1823/1/4482 2498/1/4484 2476/1/4482
s 1810
f 2498/1/4485 1823/1/4293 1822/1/4293
f 1822/1/4293 2496/1/4293 2498/1/4485
s 1811
f 2496/1/4486 1822/1/4292 1821/1/4292
f 1821/1/4292 2497/1/4292 2496/1/4486
s 1812
f 2497/1/4291 1821/1/4291 1820/1/4291
f 1820/1/4291 2500/1/4291 2497/1/4291
s 1813
f 2501/1/4290 2492/1/4290 2497/1/4290
f 2497/1/4290 2500/1/4290 2501/1/4290
s 1814
f 2492/1/4289 2501/1/4289 2499/1/4487
f 2499/1/4487 2493/1/4289 2492/1/4289
s 1815
f 2502/1/4488 2503/1/4488 2504/1/4488
f 2504/1/4488 2505/1/4489 2502/1/4488
s 1816
f 2506/1/4490 2507/1/4490 2503/1/4491
f 2503/1/4491 2502/1/4490 2506/1/4490
s 1817
f 2503/1/4492 2508/1/4493 2509/1/4494
f 2509/1/4494 2504/1/4493 2503/1/4492
s 1818
f 2510/1/4495 2508/1/4496 2503/1/4495
f 2503/1/4495 2507/1/4497 2510/1/4495
s 1819
f 2487/1/4498 1090/1/4499 1112/1/4498
f 1112/1/4498 2505/1/4498 2487/1/4498
s 1820
f 2505/1/4500 1112/1/4500 1111/1/4501
f 1111/1/4501 2502/1/4500 2505/1/4500
s 1821
f 2506/1/4502 2502/1/4502 1111/1/4502
f 1111/1/4502 1109/1/4502 2506/1/4502
s 1822
f 2506/1/4503 1109/1/4504 1110/1/4503
f 1110/1/4503 2511/1/4505 2506/1/4503
s 1823
f 2511/1/4506 2512/1/4506 2507/1/4506
f 2507/1/4506 2506/1/4506 2511/1/4506
s 1824
f 2510/1/4507 2507/1/4507 2512/1/4507
f 2512/1/4507 2513/1/4507 2510/1/4507
s 1825
f 1727/1/4508 1726/1/4509 2510/1/4508
f 2510/1/4508 2513/1/4508 1727/1/4508
s 1826
f 2510/1/4510 1726/1/4510 1725/1/4510
f 1725/1/4510 2508/1/4510 2510/1/4510
s 1827
f 1725/1/4511 1724/1/4511 2509/1/4511
f 2509/1/4511 2508/1/4511 1725/1/4511
s 1828
f 1724/1/4512 1707/1/4512 2489/1/4513
f 2489/1/4513 2509/1/4512 1724/1/4512
s 1829
f 2488/1/4514 2504/1/4514 2509/1/4514
f 2509/1/4514 2489/1/4514 2488/1/4514
s 1830
f 2504/1/4515 2488/1/4515 2487/1/4515
f 2487/1/4515 2505/1/4515 2504/1/4515
s 1831
f 2514/1/3898 2515/1/3898 2516/1/3898
f 2516/1/3898 2517/1/3898 2514/1/3898
s 1832
f 2518/1/3897 2519/1/3897 2515/1/3897
f 2515/1/3897 2514/1/3897 2518/1/3897
s 1833
f 2515/1/3904 2520/1/3905 2521/1/3904
f 2521/1/3904 2516/1/3903 2515/1/3904
s 1834
f 2519/1/3900 2522/1/3900 2520/1/3900
f 2520/1/3900 2515/1/3900 2519/1/3900
s 1835
f 2517/1/3912 2523/1/3912 1225/1/3912
f 1225/1/3912 1224/1/3912 2517/1/3912
s 1836
f 1234/1/4516 2514/1/4516 2517/1/4516
f 2517/1/4516 1224/1/4516 1234/1/4516
s 1837
f 1234/1/3908 1233/1/3908 2518/1/3908
f 2518/1/3908 2514/1/3908 1234/1/3908
s 1838
f 1233/1/3906 1205/1/3906 2499/1/3906
f 2499/1/3906 2518/1/3906 1233/1/3906
s 1839
f 2519/1/3926 2518/1/3926 2499/1/3926
f 2499/1/3926 2501/1/3926 2519/1/3926
s 1840
f 2500/1/3925 2522/1/3925 2519/1/3925
f 2519/1/3925 2501/1/4517 2500/1/3925
s 1841
f 2500/1/3924 1820/1/3924 1843/1/3924
f 1843/1/3924 2522/1/3924 2500/1/3924
s 1842
f 2522/1/3920 1843/1/3920 1842/1/3920
f 1842/1/3920 2520/1/3920 2522/1/3920
s 1843
f 2520/1/4518 1842/1/4519 1841/1/4520
f 1841/1/4520 2521/1/4519 2520/1/4518
s 1844
f 2521/1/4521 1841/1/3918 1840/1/4521
f 1840/1/4521 2524/1/4522 2521/1/4521
s 1845
f 2525/1/3916 2516/1/3916 2521/1/3915
f 2521/1/3915 2524/1/3917 2525/1/3916
s 1846
f 2516/1/3914 2525/1/3914 2523/1/3914
f 2523/1/3914 2517/1/3914 2516/1/3914
s 1847
f 2526/1/4523 2527/1/4523 2528/1/4524
f 2528/1/4524 2529/1/4525 2526/1/4523
s 1848
f 2530/1/4526 2531/1/4526 2527/1/4526
f 2527/1/4526 2526/1/4527 2530/1/4526
s 1849
f 2527/1/4528 2532/1/4528 2533/1/4528
f 2533/1/4528 2528/1/4528 2527/1/4528
s 1850
f 2534/1/4529 2532/1/4530 2527/1/4530
f 2527/1/4530 2531/1/4529 2534/1/4529
s 1851
f 2511/1/4531 1110/1/4531 1132/1/4531
f 1132/1/4531 2529/1/4531 2511/1/4531
s 1852
f 2529/1/4532 1132/1/4532 1131/1/4532
f 1131/1/4532 2526/1/4532 2529/1/4532
s 1853
f 2530/1/4533 2526/1/4533 1131/1/4533
f 1131/1/4533 1129/1/4533 2530/1/4533
s 1854
f 2530/1/4534 1129/1/4535 1130/1/4536
f 1130/1/4536 2535/1/4536 2530/1/4534
s 1855
f 2535/1/4537 2536/1/4537 2531/1/4538
f 2531/1/4538 2530/1/4537 2535/1/4537
s 1856
f 2534/1/4539 2531/1/4540 2536/1/4540
f 2536/1/4540 2537/1/4539 2534/1/4539
s 1857
f 1747/1/4541 1746/1/4542 2534/1/4542
f 2534/1/4542 2537/1/4543 1747/1/4541
s 1858
f 2534/1/4544 1746/1/4544 1745/1/4544
f 1745/1/4544 2532/1/4545 2534/1/4544
s 1859
f 1745/1/4546 1744/1/4547 2533/1/4546
f 2533/1/4546 2532/1/4546 1745/1/4546
s 1860
f 1744/1/4548 1727/1/4549 2513/1/4549
f 2513/1/4549 2533/1/4548 1744/1/4548
s 1861
f 2512/1/4550 2528/1/4550 2533/1/4551
f 2533/1/4551 2513/1/4550 2512/1/4550
s 1862
f 2511/1/4552 2529/1/4552 2528/1/4552
f 2528/1/4552 2512/1/4552 2511/1/4552
s 1863
f 2538/1/3989 2539/1/3989 2540/1/3989
f 2540/1/3989 2541/1/3989 2538/1/3989
s 1864
f 2542/1/4553 2543/1/3988 2539/1/4554
f 2539/1/4554 2538/1/3988 2542/1/4553
s 1865
f 2539/1/3994 2544/1/3994 2545/1/3994
f 2545/1/3994 2540/1/3994 2539/1/3994
s 1866
f 2543/1/3992 2546/1/4555 2544/1/4556
f 2544/1/4556 2539/1/3992 2543/1/3992
s 1867
f 2541/1/4001 2547/1/4557 1245/1/4558
f 1245/1/4558 1244/1/4559 2541/1/4001
s 1868
f 1254/1/3998 2538/1/3998 2541/1/3998
f 2541/1/3998 1244/1/3998 1254/1/3998
s 1869
f 1254/1/3997 1253/1/3997 2542/1/3997
f 2542/1/3997 2538/1/3997 1254/1/3997
s 1870
f 1253/1/3996 1225/1/3996 2523/1/3996
f 2523/1/3996 2542/1/3996 1253/1/3996
s 1871
f 2543/1/4015 2542/1/4015 2523/1/4015
f 2523/1/4015 2525/1/4015 2543/1/4015
s 1872
f 2524/1/4560 2546/1/4560 2543/1/4561
f 2543/1/4561 2525/1/4014 2524/1/4560
s 1873
f 2524/1/4013 1840/1/4562 1863/1/4013
f 1863/1/4013 2546/1/4013 2524/1/4013
s 1874
f 2546/1/4011 1863/1/4011 1862/1/4011
f 1862/1/4011 2544/1/4011 2546/1/4011
s 1875
f 2544/1/4009 1862/1/4009 1861/1/4009
f 1861/1/4009 2545/1/4009 2544/1/4009
s 1876
f 2545/1/4006 1861/1/4006 1860/1/4006
f 1860/1/4006 2548/1/4006 2545/1/4006
s 1877
f 2549/1/4563 2540/1/4004 2545/1/4004
f 2545/1/4004 2548/1/4004 2549/1/4563
s 1878
f 2540/1/4002 2549/1/4002 2547/1/4002
f 2547/1/4002 2541/1/4002 2540/1/4002
s 1879
f 2550/1/4564 2551/1/4564 2552/1/4565
f 2552/1/4565 2553/1/4565 2550/1/4564
s 1880
f 2554/1/4566 2555/1/4566 2551/1/4566
f 2551/1/4566 2550/1/4566 2554/1/4566
s 1881
f 2551/1/4567 2556/1/4568 2557/1/4567
f 2557/1/4567 2552/1/4569 2551/1/4567
s 1882
f 2558/1/4570 2556/1/4571 2551/1/4570
f 2551/1/4570 2555/1/4570 2558/1/4570
s 1883
f 2535/1/4572 1130/1/4573 1152/1/4573
f 1152/1/4573 2553/1/4573 2535/1/4572
s 1884
f 2553/1/4574 1152/1/4574 1151/1/4574
f 1151/1/4574 2550/1/4574 2553/1/4574
s 1885
f 2554/1/4575 2550/1/4576 1151/1/4576
f 1151/1/4576 1149/1/4576 2554/1/4575
s 1886
f 2554/1/4577 1149/1/4577 1150/1/4577
f 1150/1/4577 2559/1/4577 2554/1/4577
s 1887
f 2559/1/4578 2560/1/4578 2555/1/4578
f 2555/1/4578 2554/1/4578 2559/1/4578
s 1888
f 2558/1/4579 2555/1/4580 2560/1/4581
f 2560/1/4581 2561/1/4582 2558/1/4579
s 1889
f 1767/1/4583 1766/1/4583 2558/1/4583
f 2558/1/4583 2561/1/4583 1767/1/4583
s 1890
f 2558/1/4584 1766/1/4584 1765/1/4584
f 1765/1/4584 2556/1/4584 2558/1/4584
s 1891
f 1765/1/4585 1764/1/4586 2557/1/4586
f 2557/1/4586 2556/1/4586 1765/1/4585
s 1892
f 1764/1/4587 1747/1/4588 2537/1/4587
f 2537/1/4587 2557/1/4589 1764/1/4587
s 1893
f 2536/1/4590 2552/1/4590 2557/1/4590
f 2557/1/4590 2537/1/4590 2536/1/4590
s 1894
f 2535/1/4591 2553/1/4591 2552/1/4591
f 2552/1/4591 2536/1/4591 2535/1/4591
s 1895
f 2562/1/4074 2563/1/4074 2564/1/4074
f 2564/1/4074 2565/1/4074 2562/1/4074
s 1896
f 2566/1/4073 2567/1/4073 2563/1/4073
f 2563/1/4073 2562/1/4073 2566/1/4073
s 1897
f 2563/1/4078 2568/1/4078 2569/1/4078
f 2569/1/4078 2564/1/4078 2563/1/4078
s 1898
f 2567/1/4077 2570/1/4077 2568/1/4077
f 2568/1/4077 2563/1/4077 2567/1/4077
s 1899
f 2565/1/4592 2571/1/4085 1265/1/4592
f 1265/1/4592 1264/1/4593 2565/1/4592
s 1900
f 1274/1/4594 2562/1/4595 2565/1/4595
f 2565/1/4595 1264/1/4595 1274/1/4594
s 1901
f 1274/1/4082 1273/1/4596 2566/1/4597
f 2566/1/4597 2562/1/4082 1274/1/4082
s 1902
f 1273/1/4080 1245/1/4598 2547/1/4080
f 2547/1/4080 2566/1/4080 1273/1/4080
s 1903
f 2567/1/4099 2566/1/4098 2547/1/4098
f 2547/1/4098 2549/1/4099 2567/1/4099
s 1904
f 2548/1/4097 2570/1/4097 2567/1/4097
f 2567/1/4097 2549/1/4097 2548/1/4097
s 1905
f 2548/1/4599 1860/1/4600 1883/1/4096
f 1883/1/4096 2570/1/4096 2548/1/4599
s 1906
f 2570/1/4094 1883/1/4094 1882/1/4094
f 1882/1/4094 2568/1/4094 2570/1/4094
s 1907
f 2568/1/4093 1882/1/4093 1881/1/4092
f 1881/1/4092 2569/1/4093 2568/1/4093
s 1908
f 2569/1/4091 1881/1/4091 1880/1/4601
f 1880/1/4601 2572/1/4091 2569/1/4091
s 1909
f 2573/1/4602 2564/1/4088 2569/1/4088
f 2569/1/4088 2572/1/4088 2573/1/4602
s 1910
f 2564/1/4603 2573/1/4086 2571/1/4086
f 2571/1/4086 2565/1/4086 2564/1/4603
s 1911
f 2574/1/4604 2575/1/4604 2576/1/4604
f 2576/1/4604 2577/1/4604 2574/1/4604
s 1912
f 2578/1/4605 2579/1/4606 2575/1/4605
f 2575/1/4605 2574/1/4607 2578/1/4605
s 1913
f 2575/1/4608 2580/1/4608 2581/1/4608
f 2581/1/4608 2576/1/4609 2575/1/4608
s 1914
f 2582/1/4610 2580/1/4611 2575/1/4610
f 2575/1/4610 2579/1/4612 2582/1/4610
s 1915
f 2559/1/4613 1150/1/4614 1172/1/4613
f 1172/1/4613 2577/1/4613 2559/1/4613
s 1916
f 2577/1/4615 1172/1/4616 1171/1/4615
f 1171/1/4615 2574/1/4617 2577/1/4615
s 1917
f 2578/1/4618 2574/1/4618 1171/1/4618
f 1171/1/4618 1169/1/4618 2578/1/4618
s 1918
f 2578/1/4619 1169/1/4620 1170/1/4619
f 1170/1/4619 2583/1/4621 2578/1/4619
s 1919
f 2583/1/4622 2584/1/4622 2579/1/4622
f 2579/1/4622 2578/1/4622 2583/1/4622
s 1920
f 2582/1/4623 2579/1/4623 2584/1/4623
f 2584/1/4623 2585/1/4623 2582/1/4623
s 1921
f 1787/1/4624 1786/1/4625 2582/1/4625
f 2582/1/4625 2585/1/4625 1787/1/4624
s 1922
f 2582/1/4626 1786/1/4626 1785/1/4626
f 1785/1/4626 2580/1/4626 2582/1/4626
s 1923
f 1785/1/4627 1784/1/4628 2581/1/4629
f 2581/1/4629 2580/1/4628 1785/1/4627
s 1924
f 1784/1/4630 1767/1/4630 2561/1/4631
f 2561/1/4631 2581/1/4630 1784/1/4630
s 1925
f 2560/1/4632 2576/1/4633 2581/1/4634
f 2581/1/4634 2561/1/4633 2560/1/4632
s 1926
f 2576/1/4635 2560/1/4636 2559/1/4636
f 2559/1/4636 2577/1/4636 2576/1/4635
s 1927
f 2586/1/4166 2587/1/4166 2588/1/4166
f 2588/1/4166 2589/1/4166 2586/1/4166
s 1928
f 2590/1/4637 2591/1/4164 2587/1/4164
f 2587/1/4164 2586/1/4164 2590/1/4637
s 1929
f 2587/1/4168 2592/1/4168 2593/1/4168
f 2593/1/4168 2588/1/4168 2587/1/4168
s 1930
f 2591/1/4167 2594/1/4167 2592/1/4167
f 2592/1/4167 2587/1/4167 2591/1/4167
s 1931
f 2589/1/4638 2595/1/4175 1285/1/4639
f 1285/1/4639 1284/1/4640 2589/1/4638
s 1932
f 1294/1/4173 2586/1/4173 2589/1/4173
f 2589/1/4173 1284/1/4173 1294/1/4173
s 1933
f 1294/1/4171 1293/1/4171 2590/1/4171
f 2590/1/4171 2586/1/4171 1294/1/4171
s 1934
f 1293/1/4641 1265/1/4170 2571/1/4169
f 2571/1/4169 2590/1/4169 1293/1/4641
s 1935
f 2591/1/4642 2590/1/4192 2571/1/4643
f 2571/1/4643 2573/1/4192 2591/1/4642
s 1936
f 2572/1/4190 2594/1/4190 2591/1/4190
f 2591/1/4190 2573/1/4190 2572/1/4190
s 1937
f 2572/1/4186 1880/1/4186 1903/1/4186
f 1903/1/4186 2594/1/4186 2572/1/4186
s 1938
f 2594/1/4644 1903/1/4645 1902/1/4184
f 1902/1/4184 2592/1/4183 2594/1/4644
s 1939
f 2592/1/4181 1902/1/4181 1901/1/4181
f 1901/1/4181 2593/1/4181 2592/1/4181
s 1940
f 2593/1/4646 1901/1/4646 1900/1/4647
f 1900/1/4647 2596/1/4648 2593/1/4646
s 1941
f 2597/1/4178 2588/1/4178 2593/1/4178
f 2593/1/4178 2596/1/4178 2597/1/4178
s 1942
f 2588/1/4176 2597/1/4176 2595/1/4176
f 2595/1/4176 2589/1/4176 2588/1/4176
s 1943
f 2598/1/4649 2599/1/4650 2600/1/4651
f 2600/1/4651 2601/1/4650 2598/1/4649
s 1944
f 2602/1/4652 2603/1/4653 2599/1/4653
f 2599/1/4653 2598/1/4653 2602/1/4652
s 1945
f 2599/1/4654 2604/1/4655 2605/1/4654
f 2605/1/4654 2600/1/4656 2599/1/4654
s 1946
f 2606/1/4657 2604/1/4657 2599/1/4658
f 2599/1/4658 2603/1/4657 2606/1/4657
s 1947
f 2583/1/4659 1170/1/4660 1192/1/4659
f 1192/1/4659 2601/1/4661 2583/1/4659
s 1948
f 2601/1/4662 1192/1/4662 1191/1/4662
f 1191/1/4662 2598/1/4662 2601/1/4662
s 1949
f 2602/1/4663 2598/1/4663 1191/1/4663
f 1191/1/4663 1189/1/4663 2602/1/4663
s 1950
f 2602/1/4664 1189/1/4664 1190/1/4664
f 1190/1/4664 2607/1/4664 2602/1/4664
s 1951
f 2607/1/4665 2608/1/4665 2603/1/4665
f 2603/1/4665 2602/1/4665 2607/1/4665
s 1952
f 2606/1/4666 2603/1/4666 2608/1/4666
f 2608/1/4666 2609/1/4666 2606/1/4666
s 1953
f 1807/1/4667 1806/1/4668 2606/1/4667
f 2606/1/4667 2609/1/4669 1807/1/4667
s 1954
f 2606/1/4670 1806/1/4670 1805/1/4670
f 1805/1/4670 2604/1/4670 2606/1/4670
s 1955
f 1805/1/4671 1804/1/4671 2605/1/4671
f 2605/1/4671 2604/1/4671 1805/1/4671
s 1956
f 1804/1/4672 1787/1/4672 2585/1/4673
f 2585/1/4673 2605/1/4672 1804/1/4672
s 1957
f 2584/1/4674 2600/1/4674 2605/1/4674
f 2605/1/4674 2585/1/4675 2584/1/4674
s 1958
f 2600/1/4676 2584/1/4676 2583/1/4676
f 2583/1/4676 2601/1/4676 2600/1/4676
s 1959
f 2610/1/4231 2611/1/4231 2612/1/4677
f 2612/1/4677 2613/1/4231 2610/1/4231
s 1960
f 2614/1/4678 2615/1/4678 2611/1/4678
f 2611/1/4678 2610/1/4679 2614/1/4678
s 1961
f 2611/1/4234 2616/1/4234 2617/1/4680
f 2617/1/4680 2612/1/4234 2611/1/4234
s 1962
f 2615/1/4233 2618/1/4233 2616/1/4233
f 2616/1/4233 2611/1/4232 2615/1/4233
s 1963
f 2613/1/4242 2619/1/4681 1305/1/4682
f 1305/1/4682 1304/1/4242 2613/1/4242
s 1964
f 1314/1/4241 2610/1/4683 2613/1/4241
f 2613/1/4241 1304/1/4241 1314/1/4241
s 1965
f 1314/1/4237 1313/1/4237 2614/1/4684
f 2614/1/4684 2610/1/4237 1314/1/4237
s 1966
f 1313/1/4685 1285/1/4685 2595/1/4685
f 2595/1/4685 2614/1/4686 1313/1/4685
s 1967
f 2615/1/4687 2614/1/4258 2595/1/4258
f 2595/1/4258 2597/1/4258 2615/1/4687
s 1968
f 2596/1/4256 2618/1/4255 2615/1/4256
f 2615/1/4256 2597/1/4255 2596/1/4256
s 1969
f 2596/1/4688 1900/1/4689 1923/1/4690
f 1923/1/4690 2618/1/4691 2596/1/4688
s 1970
f 2618/1/4251 1923/1/4692 1922/1/4251
f 1922/1/4251 2616/1/4251 2618/1/4251
s 1971
f 2616/1/4250 1922/1/4250 1921/1/4250
f 1921/1/4250 2617/1/4250 2616/1/4250
s 1972
f 2617/1/4249 1921/1/4248 1920/1/4249
f 1920/1/4249 2620/1/4249 2617/1/4249
s 1973
f 2621/1/4693 2612/1/4694 2617/1/4694
f 2617/1/4694 2620/1/4694 2621/1/4693
s 1974
f 2612/1/4244 2621/1/4244 2619/1/4695
f 2619/1/4695 2613/1/4244 2612/1/4244
s 1975
f 2622/1/4696 2623/1/4696 2624/1/4696
f 2624/1/4696 2625/1/4697 2622/1/4696
s 1976
f 2626/1/3803 2627/1/3803 2623/1/3803
f 2623/1/3803 2622/1/3803 2626/1/3803
s 1977
f 2623/1/3810 2628/1/4698 2629/1/3810
f 2629/1/3810 2624/1/3808 2623/1/3810
s 1978
f 2630/1/3807 2628/1/4699 2623/1/3806
f 2623/1/3806 2627/1/3806 2630/1/3807
s 1979
f 2607/1/3818 1190/1/3818 1212/1/3818
f 1212/1/3818 2625/1/3818 2607/1/3818
s 1980
f 2625/1/3816 1212/1/3816 1211/1/3816
f 1211/1/3816 2622/1/3816 2625/1/3816
s 1981
f 2626/1/3815 2622/1/4700 1211/1/3815
f 1211/1/3815 1209/1/3815 2626/1/3815
s 1982
f 2626/1/3814 1209/1/3814 1210/1/3814
f 1210/1/3814 2631/1/3814 2626/1/3814
s 1983
f 2631/1/3834 2632/1/3834 2627/1/3834
f 2627/1/3834 2626/1/3834 2631/1/3834
s 1984
f 2630/1/3833 2627/1/3833 2632/1/3833
f 2632/1/3833 2633/1/3833 2630/1/3833
s 1985
f 1827/1/3830 1826/1/3830 2630/1/3830
f 2630/1/3830 2633/1/3830 1827/1/3830
s 1986
f 2630/1/3826 1826/1/3826 1825/1/3826
f 1825/1/3826 2628/1/3826 2630/1/3826
s 1987
f 1825/1/4701 1824/1/4701 2629/1/4701
f 2629/1/4701 2628/1/4701 1825/1/4701
s 1988
f 1824/1/4702 1807/1/3823 2609/1/4703
f 2609/1/4703 2629/1/4704 1824/1/4702
s 1989
f 2608/1/4705 2624/1/4705 2629/1/4705
f 2629/1/4705 2609/1/4705 2608/1/4705
s 1990
f 2607/1/3819 2625/1/3819 2624/1/3819
f 2624/1/3819 2608/1/3819 2607/1/3819
s 1991
f 2634/1/4300 2635/1/4300 2636/1/4706
f 2636/1/4706 2637/1/4301 2634/1/4300
s 1992
f 2638/1/4707 2639/1/4707 2635/1/4708
f 2635/1/4708 2634/1/4708 2638/1/4707
s 1993
f 2635/1/4304 2640/1/4304 2641/1/4304
f 2641/1/4304 2636/1/4304 2635/1/4304
s 1994
f 2639/1/4302 2642/1/4302 2640/1/4302
f 2640/1/4302 2635/1/4303 2639/1/4302
s 1995
f 2637/1/4709 2643/1/4313 1325/1/4709
f 1325/1/4709 1324/1/4710 2637/1/4709
s 1996
f 1334/1/4311 2634/1/4311 2637/1/4311
f 2637/1/4311 1324/1/4311 1334/1/4311
s 1997
f 1334/1/4308 1333/1/4308 2638/1/4308
f 2638/1/4308 2634/1/4308 1334/1/4308
s 1998
f 1333/1/4306 1305/1/4711 2619/1/4306
f 2619/1/4306 2638/1/4712 1333/1/4306
s 1999
f 2639/1/4327 2638/1/4713 2619/1/4713
f 2619/1/4713 2621/1/4327 2639/1/4327
s 2000
f 2620/1/4326 2642/1/4326 2639/1/4326
f 2639/1/4326 2621/1/4326 2620/1/4326
s 2001
f 2620/1/4325 1920/1/4325 1943/1/4325
f 1943/1/4325 2642/1/4325 2620/1/4325
s 2002
f 2642/1/4324 1943/1/4324 1942/1/4324
f 1942/1/4324 2640/1/4324 2642/1/4324
s 2003
f 2640/1/4322 1942/1/4322 1941/1/4322
f 1941/1/4322 2641/1/4322 2640/1/4322
s 2004
f 2641/1/4320 1941/1/4320 1940/1/4320
f 1940/1/4320 2644/1/4320 2641/1/4320
s 2005
f 2645/1/4318 2636/1/4318 2641/1/4318
f 2641/1/4318 2644/1/4318 2645/1/4318
s 2006
f 2636/1/4316 2645/1/4316 2643/1/4316
f 2643/1/4316 2637/1/4316 2636/1/4316
s 2007
f 2646/1/4714 2647/1/4715 2648/1/4716
f 2648/1/4716 2649/1/4714 2646/1/4714
s 2008
f 2650/1/4717 2651/1/4718 2647/1/4718
f 2647/1/4718 2646/1/4718 2650/1/4717
s 2009
f 2647/1/4719 2652/1/4719 2653/1/4719
f 2653/1/4719 2648/1/4719 2647/1/4719
s 2010
f 2654/1/4720 2652/1/4720 2647/1/4720
f 2647/1/4720 2651/1/4721 2654/1/4720
s 2011
f 2631/1/4722 1210/1/4723 1232/1/4723
f 1232/1/4723 2649/1/4723 2631/1/4722
s 2012
f 2649/1/4724 1232/1/4724 1231/1/4725
f 1231/1/4725 2646/1/4724 2649/1/4724
s 2013
f 2650/1/4726 2646/1/4727 1231/1/4728
f 1231/1/4728 1229/1/4728 2650/1/4726
s 2014
f 2650/1/4729 1229/1/4729 1230/1/4729
f 1230/1/4729 2655/1/4729 2650/1/4729
s 2015
f 2655/1/4730 2656/1/4730 2651/1/4730
f 2651/1/4730 2650/1/4730 2655/1/4730
s 2016
f 2654/1/4731 2651/1/4731 2656/1/4731
f 2656/1/4731 2657/1/4732 2654/1/4731
s 2017
f 1847/1/4733 1846/1/4733 2654/1/4734
f 2654/1/4734 2657/1/4735 1847/1/4733
s 2018
f 2654/1/4736 1846/1/4736 1845/1/4736
f 1845/1/4736 2652/1/4736 2654/1/4736
s 2019
f 1845/1/4737 1844/1/4737 2653/1/4737
f 2653/1/4737 2652/1/4737 1845/1/4737
s 2020
f 1844/1/4738 1827/1/4738 2633/1/4738
f 2633/1/4738 2653/1/4738 1844/1/4738
s 2021
f 2632/1/4739 2648/1/4740 2653/1/4740
f 2653/1/4740 2633/1/4740 2632/1/4739
s 2022
f 2631/1/4741 2649/1/4741 2648/1/4741
f 2648/1/4741 2632/1/4741 2631/1/4741
s 2023
f 2658/1/4339 2659/1/4339 2660/1/4339
f 2660/1/4339 2661/1/4339 2658/1/4339
s 2024
f 2662/1/4337 2663/1/4337 2659/1/4337
f 2659/1/4337 2658/1/4742 2662/1/4337
s 2025
f 2659/1/4342 2664/1/4342 2665/1/4342
f 2665/1/4342 2660/1/4342 2659/1/4342
s 2026
f 2663/1/4341 2666/1/4341 2664/1/4341
f 2664/1/4341 2659/1/4341 2663/1/4341
s 2027
f 2661/1/4743 2667/1/4744 1345/1/4743
f 1345/1/4743 1344/1/4348 2661/1/4743
s 2028
f 1354/1/4347 2658/1/4347 2661/1/4347
f 2661/1/4347 1344/1/4347 1354/1/4347
s 2029
f 1354/1/4344 1353/1/4344 2662/1/4344
f 2662/1/4344 2658/1/4344 1354/1/4344
s 2030
f 1353/1/4343 1325/1/4343 2643/1/4343
f 2643/1/4343 2662/1/4343 1353/1/4343
s 2031
f 2663/1/4361 2662/1/4361 2643/1/4361
f 2643/1/4361 2645/1/4361 2663/1/4361
s 2032
f 2644/1/4360 2666/1/4360 2663/1/4360
f 2663/1/4360 2645/1/4360 2644/1/4360
s 2033
f 2644/1/4357 1940/1/4357 1963/1/4745
f 1963/1/4745 2666/1/4357 2644/1/4357
s 2034
f 2666/1/4746 1963/1/4746 1962/1/4747
f 1962/1/4747 2664/1/4746 2666/1/4746
s 2035
f 2664/1/4354 1962/1/4354 1961/1/4354
f 1961/1/4354 2665/1/4354 2664/1/4354
s 2036
f 2665/1/4352 1961/1/4352 1960/1/4352
f 1960/1/4352 2668/1/4352 2665/1/4352
s 2037
f 2665/1/4748 2668/1/4749 2669/1/4748
f 2669/1/4748 2660/1/4351 2665/1/4748
s 2038
f 2660/1/4750 2669/1/4751 2667/1/4750
f 2667/1/4750 2661/1/4349 2660/1/4750
s 2039
f 2670/1/4752 2671/1/4752 2672/1/4752
f 2672/1/4752 2673/1/4752 2670/1/4752
s 2040
f 2674/1/4753 2675/1/4753 2671/1/4753
f 2671/1/4753 2670/1/4753 2674/1/4753
s 2041
f 2671/1/4754 2676/1/4754 2677/1/4755
f 2677/1/4755 2672/1/4754 2671/1/4754
s 2042
f 2678/1/4756 2676/1/4756 2671/1/4756
f 2671/1/4756 2675/1/4756 2678/1/4756
s 2043
f 2655/1/4757 1230/1/4757 1252/1/4757
f 1252/1/4757 2673/1/4757 2655/1/4757
s 2044
f 2673/1/4758 1252/1/4758 1251/1/4759
f 1251/1/4759 2670/1/4759 2673/1/4758
s 2045
f 2674/1/4760 2670/1/4760 1251/1/4761
f 1251/1/4761 1249/1/4762 2674/1/4760
s 2046
f 2674/1/4763 1249/1/4764 1250/1/4763
f 1250/1/4763 2679/1/4763 2674/1/4763
s 2047
f 2679/1/4765 2680/1/4765 2675/1/4766
f 2675/1/4766 2674/1/4765 2679/1/4765
s 2048
f 2678/1/4767 2675/1/4767 2680/1/4768
f 2680/1/4768 2681/1/4767 2678/1/4767
s 2049
f 1867/1/4769 1866/1/4769 2678/1/4770
f 2678/1/4770 2681/1/4769 1867/1/4769
s 2050
f 2678/1/4771 1866/1/4772 1865/1/4771
f 1865/1/4771 2676/1/4773 2678/1/4771
s 2051
f 1865/1/4774 1864/1/4774 2677/1/4774
f 2677/1/4774 2676/1/4774 1865/1/4774
s 2052
f 1864/1/4775 1847/1/4775 2657/1/4775
f 2657/1/4775 2677/1/4775 1864/1/4775
s 2053
f 2656/1/4776 2672/1/4776 2677/1/4776
f 2677/1/4776 2657/1/4776 2656/1/4776
s 2054
f 2672/1/4777 2656/1/4777 2655/1/4777
f 2655/1/4777 2673/1/4777 2672/1/4777
s 2055
f 2682/1/4778 2683/1/4368 2684/1/4367
f 2684/1/4367 2685/1/4368 2682/1/4778
s 2056
f 2686/1/4366 2687/1/4366 2683/1/4366
f 2683/1/4366 2682/1/4366 2686/1/4366
s 2057
f 2683/1/4779 2688/1/4372 2689/1/4372
f 2689/1/4372 2684/1/4372 2683/1/4779
s 2058
f 2687/1/4780 2690/1/4780 2688/1/4780
f 2688/1/4780 2683/1/4780 2687/1/4780
s 2059
f 2685/1/4380 2691/1/4380 1365/1/4380
f 1365/1/4380 1364/1/4380 2685/1/4380
s 2060
f 1374/1/4379 2682/1/4378 2685/1/4378
f 2685/1/4378 1364/1/4378 1374/1/4379
s 2061
f 1374/1/4781 1373/1/4782 2686/1/4781
f 2686/1/4781 2682/1/4376 1374/1/4781
s 2062
f 1373/1/4783 1345/1/4373 2667/1/4784
f 2667/1/4784 2686/1/4785 1373/1/4783
s 2063
f 2687/1/4396 2686/1/4396 2667/1/4396
f 2667/1/4396 2669/1/4396 2687/1/4396
s 2064
f 2668/1/4393 2690/1/4394 2687/1/4393
f 2687/1/4393 2669/1/4393 2668/1/4393
s 2065
f 2668/1/4391 1960/1/4391 1983/1/4391
f 1983/1/4391 2690/1/4391 2668/1/4391
s 2066
f 2690/1/4390 1983/1/4390 1982/1/4390
f 1982/1/4390 2688/1/4390 2690/1/4390
s 2067
f 2688/1/4388 1982/1/4388 1981/1/4786
f 1981/1/4786 2689/1/4388 2688/1/4388
s 2068
f 2689/1/4787 1981/1/4787 1980/1/4787
f 1980/1/4787 2692/1/4787 2689/1/4787
s 2069
f 2689/1/4788 2692/1/4382 2693/1/4382
f 2693/1/4382 2684/1/4382 2689/1/4788
s 2070
f 2684/1/4381 2693/1/4381 2691/1/4381
f 2691/1/4381 2685/1/4381 2684/1/4381
s 2071
f 2694/1/4789 2695/1/4790 2696/1/4789
f 2696/1/4789 2697/1/4791 2694/1/4789
s 2072
f 2698/1/4792 2699/1/4793 2695/1/4794
f 2695/1/4794 2694/1/4795 2698/1/4792
s 2073
f 2695/1/4796 2700/1/4796 2701/1/4796
f 2701/1/4796 2696/1/4796 2695/1/4796
s 2074
f 2702/1/4797 2700/1/4798 2695/1/4797
f 2695/1/4797 2699/1/4799 2702/1/4797
s 2075
f 2679/1/4800 1250/1/4801 1272/1/4800
f 1272/1/4800 2697/1/4800 2679/1/4800
s 2076
f 2697/1/4802 1272/1/4802 1271/1/4802
f 1271/1/4802 2694/1/4802 2697/1/4802
s 2077
f 2698/1/4803 2694/1/4803 1271/1/4803
f 1271/1/4803 1269/1/4803 2698/1/4803
s 2078
f 2698/1/4804 1269/1/4805 1270/1/4804
f 1270/1/4804 2703/1/4806 2698/1/4804
s 2079
f 2703/1/4807 2704/1/4807 2699/1/4808
f 2699/1/4808 2698/1/4809 2703/1/4807
s 2080
f 2702/1/4810 2699/1/4810 2704/1/4810
f 2704/1/4810 2705/1/4810 2702/1/4810
s 2081
f 1887/1/4811 1886/1/4812 2702/1/4811
f 2702/1/4811 2705/1/4811 1887/1/4811
s 2082
f 2702/1/4813 1886/1/4814 1885/1/4813
f 1885/1/4813 2700/1/4815 2702/1/4813
s 2083
f 1885/1/4816 1884/1/4817 2701/1/4816
f 2701/1/4816 2700/1/4816 1885/1/4816
s 2084
f 1884/1/4818 1867/1/4818 2681/1/4818
f 2681/1/4818 2701/1/4818 1884/1/4818
s 2085
f 2680/1/4819 2696/1/4819 2701/1/4819
f 2701/1/4819 2681/1/4819 2680/1/4819
s 2086
f 2679/1/4820 2697/1/4820 2696/1/4820
f 2696/1/4820 2680/1/4820 2679/1/4820
s 2087
f 2706/1/4412 2707/1/4412 2708/1/4412
f 2708/1/4412 2709/1/4412 2706/1/4412
s 2088
f 2710/1/4411 2711/1/4411 2707/1/4411
f 2707/1/4411 2706/1/4411 2710/1/4411
s 2089
f 2707/1/4416 2712/1/4416 2713/1/4416
f 2713/1/4416 2708/1/4416 2707/1/4416
s 2090
f 2711/1/4414 2714/1/4414 2712/1/4821
f 2712/1/4821 2707/1/4414 2711/1/4414
s 2091
f 2709/1/4822 2715/1/4422 1385/1/4822
f 1385/1/4822 1384/1/4823 2709/1/4822
s 2092
f 1394/1/4824 2706/1/4421 2709/1/4825
f 2709/1/4825 1384/1/4826 1394/1/4824
s 2093
f 1394/1/4419 1393/1/4419 2710/1/4419
f 2710/1/4419 2706/1/4419 1394/1/4419
s 2094
f 1393/1/4417 1365/1/4417 2691/1/4417
f 2691/1/4417 2710/1/4417 1393/1/4417
s 2095
f 2711/1/4439 2710/1/4439 2691/1/4439
f 2691/1/4439 2693/1/4439 2711/1/4439
s 2096
f 2692/1/4438 2714/1/4438 2711/1/4438
f 2711/1/4438 2693/1/4438 2692/1/4438
s 2097
f 2692/1/4435 1980/1/4435 2003/1/4435
f 2003/1/4435 2714/1/4435 2692/1/4435
s 2098
f 2714/1/4432 2003/1/4432 2002/1/4827
f 2002/1/4827 2712/1/4432 2714/1/4432
s 2099
f 2712/1/4430 2002/1/4430 2001/1/4430
f 2001/1/4430 2713/1/4828 2712/1/4430
s 2100
f 2713/1/4829 2001/1/4428 2000/1/4830
f 2000/1/4830 2716/1/4831 2713/1/4829
s 2101
f 2717/1/4427 2708/1/4427 2713/1/4427
f 2713/1/4427 2716/1/4427 2717/1/4427
s 2102
f 2708/1/4423 2717/1/4425 2715/1/4423
f 2715/1/4423 2709/1/4425 2708/1/4423
s 2103
f 2718/1/4832 2719/1/4833 2720/1/4832
f 2720/1/4832 2721/1/4834 2718/1/4832
s 2104
f 2722/1/4835 2723/1/4835 2719/1/4835
f 2719/1/4835 2718/1/4835 2722/1/4835
s 2105
f 2719/1/4836 2724/1/4836 2725/1/4836
f 2725/1/4836 2720/1/4836 2719/1/4836
s 2106
f 2726/1/4837 2724/1/4837 2719/1/4837
f 2719/1/4837 2723/1/4837 2726/1/4837
s 2107
f 2703/1/4838 1270/1/4838 1292/1/4838
f 1292/1/4838 2721/1/4838 2703/1/4838
s 2108
f 2721/1/4839 1292/1/4839 1291/1/4839
f 1291/1/4839 2718/1/4839 2721/1/4839
s 2109
f 2722/1/4840 2718/1/4840 1291/1/4841
f 1291/1/4841 1289/1/4840 2722/1/4840
s 2110
f 2722/1/4842 1289/1/4842 1290/1/4842
f 1290/1/4842 2727/1/4842 2722/1/4842
s 2111
f 2727/1/4843 2728/1/4843 2723/1/4843
f 2723/1/4843 2722/1/4843 2727/1/4843
s 2112
f 2726/1/4844 2723/1/4844 2728/1/4844
f 2728/1/4844 2729/1/4844 2726/1/4844
s 2113
f 1907/1/4845 1906/1/4845 2726/1/4845
f 2726/1/4845 2729/1/4845 1907/1/4845
s 2114
f 2726/1/4846 1906/1/4846 1905/1/4846
f 1905/1/4846 2724/1/4846 2726/1/4846
s 2115
f 1905/1/4847 1904/1/4847 2725/1/4848
f 2725/1/4848 2724/1/4847 1905/1/4847
s 2116
f 1904/1/4849 1887/1/4849 2705/1/4850
f 2705/1/4850 2725/1/4849 1904/1/4849
s 2117
f 2704/1/4851 2720/1/4852 2725/1/4852
f 2725/1/4852 2705/1/4852 2704/1/4851
s 2118
f 2703/1/4853 2721/1/4853 2720/1/4853
f 2720/1/4853 2704/1/4853 2703/1/4853
s 2119
f 2730/1/4854 2731/1/4854 2732/1/4452
f 2732/1/4452 2733/1/4452 2730/1/4854
s 2120
f 2734/1/4449 2735/1/4449 2731/1/4449
f 2731/1/4449 2730/1/4449 2734/1/4449
s 2121
f 2731/1/4855 2736/1/4856 2737/1/4855
f 2737/1/4855 2732/1/4454 2731/1/4855
s 2122
f 2735/1/4857 2738/1/4858 2736/1/4857
f 2736/1/4857 2731/1/4453 2735/1/4857
s 2123
f 2733/1/4460 2739/1/4460 1405/1/4460
f 1405/1/4460 1404/1/4460 2733/1/4460
s 2124
f 1414/1/4459 2730/1/4459 2733/1/4459
f 2733/1/4459 1404/1/4459 1414/1/4459
s 2125
f 1414/1/4859 1413/1/4458 2734/1/4859
f 2734/1/4859 2730/1/4859 1414/1/4859
s 2126
f 1413/1/4457 1385/1/4457 2715/1/4457
f 2715/1/4457 2734/1/4457 1413/1/4457
s 2127
f 2735/1/4473 2734/1/4473 2715/1/4473
f 2715/1/4473 2717/1/4473 2735/1/4473
s 2128
f 2716/1/4470 2738/1/4470 2735/1/4470
f 2735/1/4470 2717/1/4470 2716/1/4470
s 2129
f 2716/1/4860 2000/1/4468 2023/1/4468
f 2023/1/4468 2738/1/4468 2716/1/4860
s 2130
f 2738/1/4467 2023/1/4467 2022/1/4467
f 2022/1/4467 2736/1/4467 2738/1/4467
s 2131
f 2736/1/4861 2022/1/4861 2021/1/4862
f 2021/1/4862 2737/1/4861 2736/1/4861
s 2132
f 2737/1/4463 2021/1/4463 2020/1/4463
f 2020/1/4463 2740/1/4463 2737/1/4463
s 2133
f 2741/1/4462 2732/1/4462 2737/1/4462
f 2737/1/4462 2740/1/4462 2741/1/4462
s 2134
f 2732/1/4461 2741/1/4461 2739/1/4461
f 2739/1/4461 2733/1/4461 2732/1/4461
s 2135
f 2742/1/4863 2743/1/4864 2744/1/4864
f 2744/1/4864 2745/1/4864 2742/1/4863
s 2136
f 2746/1/4865 2747/1/4865 2743/1/4865
f 2743/1/4865 2742/1/4865 2746/1/4865
s 2137
f 2743/1/4866 2748/1/4867 2749/1/4866
f 2749/1/4866 2744/1/4868 2743/1/4866
s 2138
f 2750/1/4869 2748/1/4869 2743/1/4869
f 2743/1/4869 2747/1/4869 2750/1/4869
s 2139
f 2727/1/4870 1290/1/4871 1312/1/4870
f 1312/1/4870 2745/1/4870 2727/1/4870
s 2140
f 2745/1/4872 1312/1/4873 1311/1/4872
f 1311/1/4872 2742/1/4874 2745/1/4872
s 2141
f 2746/1/4875 2742/1/4875 1311/1/4875
f 1311/1/4875 1309/1/4875 2746/1/4875
s 2142
f 2746/1/4876 1309/1/4876 1310/1/4877
f 1310/1/4877 2751/1/4878 2746/1/4876
s 2143
f 2751/1/4879 2752/1/4879 2747/1/4880
f 2747/1/4880 2746/1/4879 2751/1/4879
s 2144
f 2750/1/4881 2747/1/4881 2752/1/4881
f 2752/1/4881 2753/1/4881 2750/1/4881
s 2145
f 1927/1/4882 1926/1/4883 2750/1/4883
f 2750/1/4883 2753/1/4884 1927/1/4882
s 2146
f 2750/1/4885 1926/1/4885 1925/1/4885
f 1925/1/4885 2748/1/4885 2750/1/4885
s 2147
f 1925/1/4886 1924/1/4887 2749/1/4888
f 2749/1/4888 2748/1/4889 1925/1/4886
s 2148
f 1924/1/4890 1907/1/4890 2729/1/4890
f 2729/1/4890 2749/1/4891 1924/1/4890
s 2149
f 2728/1/4892 2744/1/4893 2749/1/4892
f 2749/1/4892 2729/1/4892 2728/1/4892
s 2150
f 2744/1/4894 2728/1/4894 2727/1/4894
f 2727/1/4894 2745/1/4894 2744/1/4894
s 2151
f 2754/1/4490 2755/1/4895 2756/1/4490
f 2756/1/4490 2757/1/4490 2754/1/4490
s 2152
f 2758/1/4896 2759/1/4897 2755/1/4488
f 2755/1/4488 2754/1/4489 2758/1/4896
s 2153
f 2755/1/4898 2760/1/4898 2761/1/4898
f 2761/1/4898 2756/1/4898 2755/1/4898
s 2154
f 2759/1/4899 2762/1/4899 2760/1/4899
f 2760/1/4899 2755/1/4899 2759/1/4899
s 2155
f 2757/1/4505 2763/1/4505 1425/1/4505
f 1425/1/4505 1424/1/4505 2757/1/4505
s 2156
f 1434/1/4502 2754/1/4502 2757/1/4502
f 2757/1/4502 1424/1/4502 1434/1/4502
s 2157
f 1434/1/4500 1433/1/4500 2758/1/4500
f 2758/1/4500 2754/1/4500 1434/1/4500
s 2158
f 1433/1/4498 1405/1/4498 2739/1/4900
f 2739/1/4900 2758/1/4901 1433/1/4498
s 2159
f 2759/1/4515 2758/1/4515 2739/1/4515
f 2739/1/4515 2741/1/4515 2759/1/4515
s 2160
f 2740/1/4514 2762/1/4902 2759/1/4514
f 2759/1/4514 2741/1/4514 2740/1/4514
s 2161
f 2740/1/4512 2020/1/4512 2043/1/4513
f 2043/1/4513 2762/1/4512 2740/1/4512
s 2162
f 2762/1/4511 2043/1/4511 2042/1/4511
f 2042/1/4511 2760/1/4511 2762/1/4511
s 2163
f 2760/1/4510 2042/1/4510 2041/1/4510
f 2041/1/4510 2761/1/4510 2760/1/4510
s 2164
f 2761/1/4508 2041/1/4508 2040/1/4508
f 2040/1/4508 2764/1/4508 2761/1/4508
s 2165
f 2761/1/4903 2764/1/4507 2765/1/4903
f 2765/1/4903 2756/1/4507 2761/1/4903
s 2166
f 2756/1/4904 2765/1/4506 2763/1/4905
f 2763/1/4905 2757/1/4906 2756/1/4904
s 2167
f 2766/1/4718 2767/1/4718 2768/1/4718
f 2768/1/4718 2769/1/4718 2766/1/4718
s 2168
f 2770/1/4714 2771/1/4714 2767/1/4714
f 2767/1/4714 2766/1/4907 2770/1/4714
s 2169
f 2767/1/4720 2772/1/4908 2773/1/4908
f 2773/1/4908 2768/1/4909 2767/1/4720
s 2170
f 2767/1/4719 2771/1/4719 2774/1/4719
f 2774/1/4719 2772/1/4719 2767/1/4719
s 2171
f 2769/1/4910 2775/1/4911 901/1/4912
f 901/1/4912 900/1/4729 2769/1/4910
s 2172
f 2769/1/4913 900/1/4727 914/1/4913
f 914/1/4913 2766/1/4913 2769/1/4913
s 2173
f 912/1/4724 2770/1/4724 2766/1/4724
f 2766/1/4724 914/1/4724 912/1/4724
s 2174
f 2169/1/4722 2770/1/4914 912/1/4722
f 912/1/4722 913/1/4723 2169/1/4722
s 2175
f 2770/1/4741 2169/1/4741 2174/1/4741
f 2174/1/4741 2771/1/4741 2770/1/4741
s 2176
f 2771/1/4740 2174/1/4740 2173/1/4740
f 2173/1/4740 2774/1/4740 2771/1/4740
s 2177
f 879/1/4915 878/1/4738 2774/1/4738
f 2774/1/4738 2173/1/4738 879/1/4915
s 2178
f 2774/1/4916 878/1/4737 877/1/4737
f 877/1/4737 2772/1/4737 2774/1/4916
s 2179
f 2773/1/4736 2772/1/4736 877/1/4736
f 877/1/4736 876/1/4736 2773/1/4736
s 2180
f 876/1/4734 875/1/4734 2776/1/4734
f 2776/1/4734 2773/1/4734 876/1/4734
s 2181
f 2768/1/4731 2773/1/4731 2776/1/4731
f 2776/1/4731 2777/1/4731 2768/1/4731
s 2182
f 2768/1/4730 2777/1/4730 2775/1/4730
f 2775/1/4730 2769/1/4730 2768/1/4730
s 2183
f 2778/1/3838 2779/1/3838 2780/1/3838
f 2780/1/3838 2781/1/3838 2778/1/3838
s 2184
f 2782/1/4917 2783/1/4917 2779/1/4917
f 2779/1/4917 2778/1/4917 2782/1/4917
s 2185
f 2779/1/3842 2784/1/3842 2785/1/3842
f 2785/1/3842 2780/1/3842 2779/1/3842
s 2186
f 2786/1/3841 2784/1/4918 2779/1/3841
f 2779/1/3841 2783/1/3841 2786/1/3841
s 2187
f 2751/1/3848 1310/1/3848 1332/1/3848
f 1332/1/3848 2781/1/3848 2751/1/3848
s 2188
f 2781/1/3847 1332/1/3847 1331/1/3847
f 1331/1/3847 2778/1/3847 2781/1/3847
s 2189
f 2782/1/3846 2778/1/3846 1331/1/3846
f 1331/1/3846 1329/1/3846 2782/1/3846
s 2190
f 2787/1/4919 2782/1/3845 1329/1/4919
f 1329/1/4919 1330/1/4919 2787/1/4919
s 2191
f 2787/1/3862 2788/1/3862 2783/1/3862
f 2783/1/3862 2782/1/3862 2787/1/3862
s 2192
f 2786/1/3861 2783/1/3861 2788/1/3861
f 2788/1/3861 2789/1/3861 2786/1/3861
s 2193
f 2786/1/3860 2789/1/3860 1947/1/4920
f 1947/1/4920 1946/1/4921 2786/1/3860
s 2194
f 2786/1/3858 1946/1/3858 1945/1/3858
f 1945/1/3858 2784/1/3858 2786/1/3858
s 2195
f 1945/1/3856 1944/1/3856 2785/1/3856
f 2785/1/3856 2784/1/3856 1945/1/3856
s 2196
f 1944/1/4922 1927/1/3855 2753/1/4923
f 2753/1/4923 2785/1/4924 1944/1/4922
s 2197
f 2753/1/4925 2752/1/3852 2780/1/4925
f 2780/1/4925 2785/1/4925 2753/1/4925
s 2198
f 2751/1/3850 2781/1/3850 2780/1/3850
f 2780/1/3850 2752/1/3850 2751/1/3850
s 2199
f 2790/1/4527 2791/1/4926 2792/1/4927
f 2792/1/4927 2793/1/4527 2790/1/4527
s 2200
f 2794/1/4523 2795/1/4523 2791/1/4523
f 2791/1/4523 2790/1/4523 2794/1/4523
s 2201
f 2791/1/4530 2796/1/4928 2797/1/4529
f 2797/1/4529 2792/1/4529 2791/1/4530
s 2202
f 2795/1/4528 2798/1/4528 2796/1/4528
f 2796/1/4528 2791/1/4528 2795/1/4528
s 2203
f 2793/1/4929 2799/1/4535 1445/1/4535
f 1445/1/4535 1444/1/4930 2793/1/4929
s 2204
f 1454/1/4533 2790/1/4533 2793/1/4533
f 2793/1/4533 1444/1/4533 1454/1/4533
s 2205
f 1454/1/4532 1453/1/4532 2794/1/4532
f 2794/1/4532 2790/1/4532 1454/1/4532
s 2206
f 1453/1/4531 1425/1/4531 2763/1/4531
f 2763/1/4531 2794/1/4531 1453/1/4531
s 2207
f 2795/1/4552 2794/1/4552 2763/1/4552
f 2763/1/4552 2765/1/4552 2795/1/4552
s 2208
f 2764/1/4550 2798/1/4550 2795/1/4550
f 2795/1/4550 2765/1/4550 2764/1/4550
s 2209
f 2764/1/4548 2040/1/4548 2063/1/4548
f 2063/1/4548 2798/1/4548 2764/1/4548
s 2210
f 2798/1/4546 2063/1/4546 2062/1/4546
f 2062/1/4546 2796/1/4546 2798/1/4546
s 2211
f 2796/1/4544 2062/1/4545 2061/1/4931
f 2061/1/4931 2797/1/4932 2796/1/4544
s 2212
f 2061/1/4933 2060/1/4542 2800/1/4934
f 2800/1/4934 2797/1/4935 2061/1/4933
s 2213
f 2792/1/4540 2797/1/4540 2800/1/4540
f 2800/1/4540 2801/1/4540 2792/1/4540
s 2214
f 2793/1/4537 2792/1/4936 2801/1/4537
f 2801/1/4537 2799/1/4537 2793/1/4537
s 2215
f 2802/1/4753 2803/1/4753 2804/1/4753
f 2804/1/4753 2805/1/4753 2802/1/4753
s 2216
f 2806/1/4752 2807/1/4752 2803/1/4937
f 2803/1/4937 2802/1/4752 2806/1/4752
s 2217
f 2803/1/4938 2808/1/4756 2809/1/4756
f 2809/1/4756 2804/1/4756 2803/1/4938
s 2218
f 2803/1/4754 2807/1/4754 2810/1/4939
f 2810/1/4939 2808/1/4754 2803/1/4754
s 2219
f 925/1/4763 924/1/4763 2805/1/4763
f 2805/1/4763 2811/1/4763 925/1/4763
s 2220
f 2805/1/4762 924/1/4762 934/1/4762
f 934/1/4762 2802/1/4762 2805/1/4762
s 2221
f 934/1/4758 933/1/4758 2806/1/4758
f 2806/1/4758 2802/1/4758 934/1/4758
s 2222
f 2806/1/4757 933/1/4940 901/1/4757
f 901/1/4757 2775/1/4757 2806/1/4757
s 2223
f 2777/1/4777 2807/1/4777 2806/1/4777
f 2806/1/4777 2775/1/4777 2777/1/4777
s 2224
f 2776/1/4941 2810/1/4776 2807/1/4941
f 2807/1/4941 2777/1/4942 2776/1/4941
s 2225
f 875/1/4943 1543/1/4943 2810/1/4943
f 2810/1/4943 2776/1/4775 875/1/4943
s 2226
f 2810/1/4774 1543/1/4774 1542/1/4774
f 1542/1/4774 2808/1/4774 2810/1/4774
s 2227
f 2809/1/4773 2808/1/4773 1542/1/4773
f 1542/1/4773 1539/1/4773 2809/1/4773
s 2228
f 1539/1/4769 1541/1/4769 2812/1/4769
f 2812/1/4769 2809/1/4769 1539/1/4769
s 2229
f 2804/1/4944 2809/1/4945 2812/1/4944
f 2812/1/4944 2813/1/4767 2804/1/4944
s 2230
f 2804/1/4765 2813/1/4765 2811/1/4765
f 2811/1/4765 2805/1/4946 2804/1/4765
s 2231
f 2814/1/4947 2815/1/4947 2816/1/4947
f 2816/1/4947 2817/1/4947 2814/1/4947
s 2232
f 2818/1/3928 2819/1/3928 2815/1/3928
f 2815/1/3928 2814/1/3928 2818/1/3928
s 2233
f 2815/1/4948 2820/1/4948 2821/1/4948
f 2821/1/4948 2816/1/4948 2815/1/4948
s 2234
f 2822/1/3934 2820/1/4949 2815/1/4950
f 2815/1/4950 2819/1/3934 2822/1/3934
s 2235
f 2787/1/4951 1330/1/3943 1352/1/3943
f 1352/1/3943 2817/1/3943 2787/1/4951
s 2236
f 2817/1/3942 1352/1/3942 1351/1/3942
f 1351/1/3942 2814/1/3942 2817/1/3942
s 2237
f 2818/1/3941 2814/1/3941 1351/1/3941
f 1351/1/3941 1349/1/3941 2818/1/3941
s 2238
f 2823/1/3938 2818/1/3938 1349/1/3938
f 1349/1/3938 1350/1/3938 2823/1/3938
s 2239
f 2823/1/3960 2824/1/3960 2819/1/4952
f 2819/1/4952 2818/1/3960 2823/1/3960
s 2240
f 2822/1/3958 2819/1/3959 2824/1/3958
f 2824/1/3958 2825/1/3958 2822/1/3958
s 2241
f 2822/1/3957 2825/1/3957 1967/1/3957
f 1967/1/3957 1966/1/3957 2822/1/3957
s 2242
f 2822/1/3955 1966/1/3955 1965/1/4953
f 1965/1/4953 2820/1/3955 2822/1/3955
s 2243
f 1965/1/3952 1964/1/3952 2821/1/3952
f 2821/1/3952 2820/1/3952 1965/1/3952
s 2244
f 1964/1/3948 1947/1/3948 2789/1/3948
f 2789/1/3948 2821/1/3948 1964/1/3948
s 2245
f 2816/1/3945 2821/1/3945 2789/1/3945
f 2789/1/3945 2788/1/3945 2816/1/3945
s 2246
f 2817/1/4954 2816/1/3944 2788/1/3944
f 2788/1/3944 2787/1/3944 2817/1/4954
s 2247
f 2826/1/4566 2827/1/4566 2828/1/4955
f 2828/1/4955 2829/1/4566 2826/1/4566
s 2248
f 2830/1/4564 2831/1/4564 2827/1/4564
f 2827/1/4564 2826/1/4564 2830/1/4564
s 2249
f 2827/1/4956 2832/1/4570 2833/1/4570
f 2833/1/4570 2828/1/4570 2827/1/4956
s 2250
f 2831/1/4567 2834/1/4567 2832/1/4567
f 2832/1/4567 2827/1/4567 2831/1/4567
s 2251
f 2829/1/4577 2835/1/4577 1465/1/4577
f 1465/1/4577 1464/1/4577 2829/1/4577
s 2252
f 1474/1/4575 2826/1/4576 2829/1/4575
f 2829/1/4575 1464/1/4575 1474/1/4575
s 2253
f 1474/1/4574 1473/1/4574 2830/1/4574
f 2830/1/4574 2826/1/4574 1474/1/4574
s 2254
f 1473/1/4957 1445/1/4573 2799/1/4957
f 2799/1/4957 2830/1/4958 1473/1/4957
s 2255
f 2830/1/4591 2799/1/4591 2801/1/4591
f 2801/1/4591 2831/1/4591 2830/1/4591
s 2256
f 2800/1/4590 2834/1/4590 2831/1/4590
f 2831/1/4590 2801/1/4590 2800/1/4590
s 2257
f 2083/1/4959 2834/1/4960 2800/1/4959
f 2800/1/4959 2060/1/4959 2083/1/4959
s 2258
f 2834/1/4586 2083/1/4586 2082/1/4586
f 2082/1/4586 2832/1/4586 2834/1/4586
s 2259
f 2832/1/4961 2082/1/4962 2081/1/4963
f 2081/1/4963 2833/1/4964 2832/1/4961
s 2260
f 2081/1/4583 2080/1/4583 2836/1/4583
f 2836/1/4583 2833/1/4583 2081/1/4583
s 2261
f 2828/1/4579 2833/1/4579 2836/1/4579
f 2836/1/4579 2837/1/4579 2828/1/4579
s 2262
f 2829/1/4578 2828/1/4578 2837/1/4578
f 2837/1/4578 2835/1/4578 2829/1/4578
s 2263
f 2838/1/4793 2839/1/4793 2840/1/4965
f 2840/1/4965 2841/1/4793 2838/1/4793
s 2264
f 2842/1/4791 2843/1/4791 2839/1/4791
f 2839/1/4791 2838/1/4791 2842/1/4791
s 2265
f 2839/1/4799 2844/1/4799 2845/1/4799
f 2845/1/4799 2840/1/4799 2839/1/4799
s 2266
f 2839/1/4796 2843/1/4796 2846/1/4796
f 2846/1/4796 2844/1/4796 2839/1/4796
s 2267
f 2841/1/4805 2847/1/4805 945/1/4805
f 945/1/4805 944/1/4805 2841/1/4805
s 2268
f 2841/1/4803 944/1/4803 954/1/4966
f 954/1/4966 2838/1/4803 2841/1/4803
s 2269
f 2838/1/4802 954/1/4802 953/1/4802
f 953/1/4802 2842/1/4802 2838/1/4802
s 2270
f 953/1/4800 925/1/4800 2811/1/4967
f 2811/1/4967 2842/1/4800 953/1/4800
s 2271
f 2813/1/4820 2843/1/4820 2842/1/4820
f 2842/1/4820 2811/1/4820 2813/1/4820
s 2272
f 2812/1/4968 2846/1/4819 2843/1/4819
f 2843/1/4819 2813/1/4819 2812/1/4968
s 2273
f 1563/1/4818 2846/1/4818 2812/1/4818
f 2812/1/4818 1541/1/4818 1563/1/4818
s 2274
f 2846/1/4817 1563/1/4817 1562/1/4817
f 1562/1/4817 2844/1/4817 2846/1/4817
s 2275
f 2845/1/4813 2844/1/4813 1562/1/4813
f 1562/1/4813 1561/1/4813 2845/1/4813
s 2276
f 1561/1/4811 1560/1/4811 2848/1/4811
f 2848/1/4811 2845/1/4811 1561/1/4811
s 2277
f 2840/1/4810 2845/1/4810 2848/1/4810
f 2848/1/4810 2849/1/4810 2840/1/4810
s 2278
f 2840/1/4807 2849/1/4807 2847/1/4807
f 2847/1/4807 2841/1/4807 2840/1/4807
s 2279
f 2850/1/4969 2851/1/4020 2852/1/4020
f 2852/1/4020 2853/1/4020 2850/1/4969
s 2280
f 2854/1/4017 2855/1/4017 2851/1/4970
f 2851/1/4970 2850/1/4017 2854/1/4017
s 2281
f 2851/1/4024 2856/1/4024 2857/1/4024
f 2857/1/4024 2852/1/4971 2851/1/4024
s 2282
f 2858/1/4021 2856/1/4023 2851/1/4023
f 2851/1/4023 2855/1/4023 2858/1/4021
s 2283
f 2823/1/4972 1350/1/4972 1372/1/4029
f 1372/1/4029 2853/1/4029 2823/1/4972
s 2284
f 2853/1/4027 1372/1/4027 1371/1/4027
f 1371/1/4027 2850/1/4027 2853/1/4027
s 2285
f 2854/1/4026 2850/1/4026 1371/1/4026
f 1371/1/4026 1369/1/4026 2854/1/4026
s 2286
f 2859/1/4025 2854/1/4025 1369/1/4025
f 1369/1/4025 1370/1/4973 2859/1/4025
s 2287
f 2859/1/4041 2860/1/4042 2855/1/4041
f 2855/1/4041 2854/1/4041 2859/1/4041
s 2288
f 2858/1/4040 2855/1/4040 2860/1/4974
f 2860/1/4974 2861/1/4040 2858/1/4040
s 2289
f 2858/1/4038 2861/1/4038 1987/1/4038
f 1987/1/4038 1986/1/4038 2858/1/4038
s 2290
f 2858/1/4036 1986/1/4035 1985/1/4036
f 1985/1/4036 2856/1/4035 2858/1/4036
s 2291
f 1985/1/4975 1984/1/4033 2857/1/4033
f 2857/1/4033 2856/1/4033 1985/1/4975
s 2292
f 1984/1/4032 1967/1/4032 2825/1/4032
f 2825/1/4032 2857/1/4032 1984/1/4032
s 2293
f 2852/1/4976 2857/1/4976 2825/1/4976
f 2825/1/4976 2824/1/4976 2852/1/4976
s 2294
f 2853/1/4030 2852/1/4030 2824/1/4030
f 2824/1/4030 2823/1/4030 2853/1/4030
s 2295
f 2862/1/4606 2863/1/4606 2864/1/4977
f 2864/1/4977 2865/1/4977 2862/1/4606
s 2296
f 2866/1/4604 2867/1/4604 2863/1/4604
f 2863/1/4604 2862/1/4604 2866/1/4604
s 2297
f 2863/1/4978 2868/1/4610 2869/1/4978
f 2869/1/4978 2864/1/4978 2863/1/4978
s 2298
f 2867/1/4608 2870/1/4608 2868/1/4608
f 2868/1/4608 2863/1/4608 2867/1/4608
s 2299
f 2865/1/4979 2871/1/4619 1485/1/4621
f 1485/1/4621 1484/1/4619 2865/1/4979
s 2300
f 1494/1/4618 2862/1/4618 2865/1/4618
f 2865/1/4618 1484/1/4618 1494/1/4618
s 2301
f 1494/1/4617 1493/1/4617 2866/1/4617
f 2866/1/4617 2862/1/4617 1494/1/4617
s 2302
f 1493/1/4614 1465/1/4614 2835/1/4614
f 2835/1/4614 2866/1/4614 1493/1/4614
s 2303
f 2866/1/4636 2835/1/4636 2837/1/4636
f 2837/1/4636 2867/1/4636 2866/1/4636
s 2304
f 2836/1/4633 2870/1/4633 2867/1/4633
f 2867/1/4633 2837/1/4633 2836/1/4633
s 2305
f 2103/1/4630 2870/1/4980 2836/1/4630
f 2836/1/4630 2080/1/4630 2103/1/4630
s 2306
f 2870/1/4628 2103/1/4628 2102/1/4628
f 2102/1/4628 2868/1/4628 2870/1/4628
s 2307
f 2868/1/4981 2102/1/4982 2101/1/4982
f 2101/1/4982 2869/1/4626 2868/1/4981
s 2308
f 2101/1/4983 2100/1/4625 2872/1/4624
f 2872/1/4624 2869/1/4625 2101/1/4983
s 2309
f 2864/1/4984 2869/1/4623 2872/1/4984
f 2872/1/4984 2873/1/4623 2864/1/4984
s 2310
f 2865/1/4985 2864/1/4622 2873/1/4622
f 2873/1/4622 2871/1/4622 2865/1/4985
s 2311
f 2874/1/4835 2875/1/4835 2876/1/4835
f 2876/1/4835 2877/1/4835 2874/1/4835
s 2312
f 2878/1/4833 2879/1/4833 2875/1/4833
f 2875/1/4833 2874/1/4833 2878/1/4833
s 2313
f 2875/1/4837 2880/1/4837 2881/1/4837
f 2881/1/4837 2876/1/4837 2875/1/4837
s 2314
f 2875/1/4836 2879/1/4836 2882/1/4836
f 2882/1/4836 2880/1/4836 2875/1/4836
s 2315
f 2877/1/4986 2883/1/4987 965/1/4986
f 965/1/4986 964/1/4986 2877/1/4986
s 2316
f 2877/1/4840 964/1/4840 974/1/4840
f 974/1/4840 2874/1/4840 2877/1/4840
s 2317
f 2878/1/4839 2874/1/4839 974/1/4839
f 974/1/4839 973/1/4839 2878/1/4839
s 2318
f 973/1/4838 945/1/4838 2847/1/4838
f 2847/1/4838 2878/1/4838 973/1/4838
s 2319
f 2849/1/4988 2879/1/4988 2878/1/4988
f 2878/1/4988 2847/1/4988 2849/1/4988
s 2320
f 2848/1/4852 2882/1/4852 2879/1/4852
f 2879/1/4852 2849/1/4852 2848/1/4852
s 2321
f 1583/1/4849 2882/1/4849 2848/1/4849
f 2848/1/4849 1560/1/4849 1583/1/4849
s 2322
f 2882/1/4847 1583/1/4847 1582/1/4847
f 1582/1/4847 2880/1/4847 2882/1/4847
s 2323
f 1582/1/4846 1581/1/4846 2881/1/4846
f 2881/1/4846 2880/1/4846 1582/1/4846
s 2324
f 1581/1/4845 1580/1/4845 2884/1/4845
f 2884/1/4845 2881/1/4845 1581/1/4845
s 2325
f 2876/1/4844 2881/1/4844 2884/1/4989
f 2884/1/4989 2885/1/4844 2876/1/4844
s 2326
f 2876/1/4843 2885/1/4843 2883/1/4843
f 2883/1/4843 2877/1/4843 2876/1/4843
s 2327
f 2886/1/4990 2887/1/4101 2888/1/4101
f 2888/1/4101 2889/1/4101 2886/1/4990
s 2328
f 2890/1/4100 2891/1/4100 2887/1/4100
f 2887/1/4100 2886/1/4100 2890/1/4100
s 2329
f 2887/1/4104 2892/1/4104 2893/1/4104
f 2893/1/4104 2888/1/4104 2887/1/4104
s 2330
f 2894/1/4102 2892/1/4102 2887/1/4991
f 2887/1/4991 2891/1/4102 2894/1/4102
s 2331
f 2859/1/4111 1370/1/4111 1392/1/4111
f 1392/1/4111 2889/1/4111 2859/1/4111
s 2332
f 2889/1/4992 1392/1/4992 1391/1/4992
f 1391/1/4992 2886/1/4110 2889/1/4992
s 2333
f 2890/1/4108 2886/1/4108 1391/1/4108
f 1391/1/4108 1389/1/4108 2890/1/4108
s 2334
f 1389/1/4106 1390/1/4106 2154/1/4106
f 2154/1/4106 2890/1/4106 1389/1/4106
s 2335
f 2159/1/4129 2891/1/4129 2890/1/4129
f 2890/1/4129 2154/1/4129 2159/1/4129
s 2336
f 2894/1/4128 2891/1/4128 2159/1/4128
f 2159/1/4128 2158/1/4128 2894/1/4128
s 2337
f 2894/1/4993 2158/1/4124 2007/1/4124
f 2007/1/4124 2006/1/4124 2894/1/4993
s 2338
f 2894/1/4122 2006/1/4994 2005/1/4995
f 2005/1/4995 2892/1/4996 2894/1/4122
s 2339
f 2005/1/4118 2004/1/4118 2893/1/4119
f 2893/1/4119 2892/1/4118 2005/1/4118
s 2340
f 2004/1/4117 1987/1/4117 2861/1/4117
f 2861/1/4117 2893/1/4117 2004/1/4117
s 2341
f 2888/1/4115 2893/1/4997 2861/1/4998
f 2861/1/4998 2860/1/4115 2888/1/4115
s 2342
f 2889/1/4113 2888/1/4113 2860/1/4113
f 2860/1/4113 2859/1/4113 2889/1/4113
s 2343
f 2895/1/4653 2896/1/4653 2897/1/4999
f 2897/1/4999 2898/1/4653 2895/1/4653
s 2344
f 2899/1/4650 2900/1/4650 2896/1/4650
f 2896/1/4650 2895/1/4650 2899/1/4650
s 2345
f 2896/1/5000 2901/1/4657 2902/1/4657
f 2902/1/4657 2897/1/5000 2896/1/5000
s 2346
f 2900/1/5001 2903/1/5001 2901/1/5002
f 2901/1/5002 2896/1/5002 2900/1/5001
s 2347
f 2898/1/5003 2170/1/5004 1505/1/5005
f 1505/1/5005 1504/1/4664 2898/1/5003
s 2348
f 1514/1/4663 2895/1/4663 2898/1/4663
f 2898/1/4663 1504/1/4663 1514/1/4663
s 2349
f 1514/1/5006 1513/1/4662 2899/1/4662
f 2899/1/4662 2895/1/4662 1514/1/5006
s 2350
f 1513/1/4661 1485/1/4661 2871/1/4661
f 2871/1/4661 2899/1/4661 1513/1/4661
s 2351
f 2899/1/4676 2871/1/4676 2873/1/4676
f 2873/1/4676 2900/1/4676 2899/1/4676
s 2352
f 2872/1/4675 2903/1/4675 2900/1/4675
f 2900/1/4675 2873/1/4675 2872/1/4675
s 2353
f 2123/1/4672 2903/1/4672 2872/1/4672
f 2872/1/4672 2100/1/4672 2123/1/4672
s 2354
f 2903/1/4671 2123/1/4671 2122/1/4671
f 2122/1/4671 2901/1/4671 2903/1/4671
s 2355
f 2901/1/5007 2122/1/5008 2121/1/5009
f 2121/1/5009 2902/1/5010 2901/1/5007
s 2356
f 2121/1/4667 2120/1/5011 2172/1/4667
f 2172/1/4667 2902/1/4667 2121/1/4667
s 2357
f 2902/1/5012 2172/1/4666 2171/1/4666
f 2171/1/4666 2897/1/5013 2902/1/5012
s 2358
f 2898/1/4665 2897/1/4665 2171/1/4665
f 2171/1/4665 2170/1/4665 2898/1/4665
s 2359
f 2904/1/4865 2905/1/4865 2906/1/4865
f 2906/1/4865 2907/1/4865 2904/1/4865
s 2360
f 2908/1/4864 2909/1/4864 2905/1/4864
f 2905/1/4864 2904/1/4864 2908/1/4864
s 2361
f 2905/1/4869 2910/1/4869 2911/1/4869
f 2911/1/4869 2906/1/4869 2905/1/4869
s 2362
f 2905/1/5014 2909/1/4866 2912/1/4866
f 2912/1/4866 2910/1/5015 2905/1/5014
s 2363
f 2907/1/4877 2185/1/5016 985/1/4877
f 985/1/4877 984/1/4878 2907/1/4877
s 2364
f 2907/1/4875 984/1/4875 994/1/4875
f 994/1/4875 2904/1/4875 2907/1/4875
s 2365
f 2908/1/4874 2904/1/4874 994/1/4874
f 994/1/4874 993/1/4874 2908/1/4874
s 2366
f 993/1/5017 965/1/4870 2883/1/5018
f 2883/1/5018 2908/1/4870 993/1/5017
s 2367
f 2885/1/5019 2909/1/4894 2908/1/5019
f 2908/1/5019 2883/1/5020 2885/1/5019
s 2368
f 2884/1/5021 2912/1/5022 2909/1/4893
f 2909/1/4893 2885/1/4893 2884/1/5021
s 2369
f 1603/1/4890 2912/1/4890 2884/1/4890
f 2884/1/4890 1580/1/4890 1603/1/4890
s 2370
f 2912/1/5023 1603/1/5024 1602/1/5023
f 1602/1/5023 2910/1/5023 2912/1/5023
s 2371
f 1602/1/4885 1601/1/4885 2911/1/5025
f 2911/1/5025 2910/1/4885 1602/1/4885
s 2372
f 1601/1/4883 1600/1/4883 2187/1/4883
f 2187/1/4883 2911/1/4883 1601/1/4883
s 2373
f 2187/1/4881 2186/1/4881 2906/1/4881
f 2906/1/4881 2911/1/4881 2187/1/4881
s 2374
f 2907/1/4879 2906/1/4879 2186/1/4879
f 2186/1/4879 2185/1/4879 2907/1/4879
s 2375
f 2913/1/5026 2914/1/5026 2915/1/5026
f 2915/1/5026 2916/1/5026 2917/1/5026
f 2913/1/5026 2915/1/5026 2917/1/5026
f 2917/1/5026 2918/1/5026 2919/1/5026
f 2919/1/5026 2920/1/5026 2921/1/5026
f 2917/1/5026 2919/1/5026 2921/1/5026
f 2913/1/5026 2917/1/5026 2921/1/5026
f 2921/1/5026 2922/1/5026 2923/1/5026
f 2923/1/5026 2924/1/5026 2925/1/5026
f 2921/1/5026 2923/1/5026 2925/1/5026
f 2925/1/5026 2926/1/5026 2927/1/5026
f 2927/1/5026 2928/1/5026 2929/1/5026
f 2925/1/5026 2927/1/5026 2929/1/5026
f 2921/1/5026 2925/1/5026 2929/1/5026
f 2929/1/5026 2930/1/5026 2931/1/5026
f 2931/1/5026 2932/1/5026 2933/1/5026
f 2929/1/5026 2931/1/5026 2933/1/5026
f 2933/1/5026 2934/1/5026 2935/1/5026
f 2935/1/5026 2936/1/5026 2937/1/5026
f 2933/1/5026 2935/1/5026 2937/1/5026
f 2929/1/5026 2933/1/5026 2937/1/5026
f 2921/1/5026 2929/1/5026 2937/1/5026
f 2913/1/5026 2921/1/5026 2937/1/5026
f 2938/1/5026 2939/1/5026 2940/1/5026
f 2937/1/5026 2938/1/5026 2940/1/5026
f 2937/1/5026 2940/1/5026 2941/1/5026
f 2913/1/5026 2937/1/5026 2941/1/5026
f 2942/1/5026 2913/1/5026 2941/1/5026
f 2942/1/5026 2941/1/5026 2943/1/5026
f 2942/1/5026 2943/1/5026 2944/1/5026
s 2376
f 2945/1/5027 2946/1/5027 2947/1/5027
f 2947/1/5027 2948/1/5027 2945/1/5027
s 2377
f 2949/1/5028 2937/1/5028 2936/1/5029
f 2936/1/5029 2950/1/5030 2949/1/5028
s 2378
f 2922/1/5031 2951/1/5032 2952/1/5031
f 2952/1/5031 2923/1/5033 2922/1/5031
s 2379
f 2936/1/5034 2935/1/5034 2953/1/5034
f 2953/1/5034 2950/1/5035 2936/1/5034
s 2380
f 2921/1/5036 2954/1/5037 2951/1/5036
f 2951/1/5036 2922/1/5036 2921/1/5036
s 2381
f 2934/1/5038 2955/1/5039 2953/1/5040
f 2953/1/5040 2935/1/5041 2934/1/5038
s 2382
f 2920/1/5042 2956/1/5043 2954/1/5044
f 2954/1/5044 2921/1/5042 2920/1/5042
s 2383
f 2933/1/5045 2957/1/5046 2955/1/5047
f 2955/1/5047 2934/1/5048 2933/1/5045
s 2384
f 2919/1/5049 2958/1/5049 2956/1/5049
f 2956/1/5049 2920/1/5050 2919/1/5049
s 2385
f 2932/1/5051 2959/1/5051 2957/1/5051
f 2957/1/5051 2933/1/5051 2932/1/5051
s 2386
f 2918/1/5052 2960/1/5053 2958/1/5052
f 2958/1/5052 2919/1/5054 2918/1/5052
s 2387
f 2931/1/5055 2961/1/5056 2959/1/5055
f 2959/1/5055 2932/1/5057 2931/1/5055
s 2388
f 2962/1/5058 2913/1/5059 2942/1/5058
f 2942/1/5058 2963/1/5059 2962/1/5058
s 2389
f 2917/1/5060 2964/1/5060 2960/1/5061
f 2960/1/5061 2918/1/5061 2917/1/5060
s 2390
f 2930/1/5062 2965/1/5063 2961/1/5064
f 2961/1/5064 2931/1/5065 2930/1/5062
s 2391
f 2963/1/5066 2942/1/5067 2944/1/5068
f 2944/1/5068 2966/1/5069 2963/1/5066
s 2392
f 2916/1/5070 2967/1/5070 2964/1/5070
f 2964/1/5070 2917/1/5071 2916/1/5070
s 2393
f 2929/1/5072 2968/1/5073 2965/1/5072
f 2965/1/5072 2930/1/5073 2929/1/5072
s 2394
f 2966/1/5074 2944/1/5075 2943/1/5075
f 2943/1/5075 2948/1/5076 2966/1/5074
s 2395
f 2915/1/5077 2969/1/5078 2967/1/5079
f 2967/1/5079 2916/1/5080 2915/1/5077
s 2396
f 2928/1/5081 2970/1/5082 2968/1/5081
f 2968/1/5081 2929/1/5081 2928/1/5081
s 2397
f 2943/1/5083 2941/1/5084 2945/1/5085
f 2945/1/5085 2948/1/5086 2943/1/5083
s 2398
f 2914/1/5087 2971/1/5088 2969/1/5088
f 2969/1/5088 2915/1/5089 2914/1/5087
s 2399
f 2927/1/5090 2972/1/5090 2970/1/5091
f 2970/1/5091 2928/1/5090 2927/1/5090
s 2400
f 2940/1/5092 2973/1/5093 2945/1/5094
f 2945/1/5094 2941/1/5092 2940/1/5092
s 2401
f 2914/1/5095 2913/1/5096 2962/1/5095
f 2962/1/5095 2971/1/5097 2914/1/5095
s 2402
f 2926/1/5098 2974/1/5099 2972/1/5100
f 2972/1/5100 2927/1/5101 2926/1/5098
s 2403
f 2975/1/5102 2973/1/5103 2940/1/5104
f 2940/1/5104 2939/1/5105 2975/1/5102
s 2404
f 2925/1/5106 2976/1/5107 2974/1/5106
f 2974/1/5106 2926/1/5108 2925/1/5106
s 2405
f 2938/1/5109 2977/1/5110 2975/1/5111
f 2975/1/5111 2939/1/5109 2938/1/5109
s 2406
f 2924/1/5112 2978/1/5113 2976/1/5114
f 2976/1/5114 2925/1/5115 2924/1/5112
s 2407
f 2949/1/5116 2977/1/5117 2938/1/5117
f 2938/1/5117 2937/1/5118 2949/1/5116
s 2408
f 2923/1/5119 2952/1/5120 2978/1/5119
f 2978/1/5119 2924/1/5119 2923/1/5119
s 2409
f 2979/1/5121 2980/1/5121 2947/1/5121
f 2947/1/5121 2946/1/5121 2981/1/5121
f 2979/1/5121 2947/1/5121 2981/1/5121
f 2981/1/5121 2982/1/5121 2983/1/5121
f 2981/1/5121 2983/1/5121 2984/1/5121
f 2979/1/5121 2981/1/5121 2984/1/5121
f 2979/1/5121 2984/1/5121 2985/1/5121
f 2985/1/5121 2986/1/5121 2987/1/5121
f 2987/1/5121 2988/1/5121 2989/1/5121
f 2985/1/5121 2987/1/5121 2989/1/5121
f 2989/1/5121 2990/1/5121 2991/1/5121
f 2991/1/5121 2992/1/5121 2993/1/5121
f 2989/1/5121 2991/1/5121 2993/1/5121
f 2985/1/5121 2989/1/5121 2993/1/5121
f 2993/1/5121 2994/1/5121 2995/1/5121
f 2995/1/5121 2996/1/5121 2997/1/5121
f 2993/1/5121 2995/1/5121 2997/1/5121
f 2997/1/5121 2998/1/5121 2999/1/5121
f 2999/1/5121 3000/1/5121 3001/1/5121
f 2997/1/5121 2999/1/5121 3001/1/5121
f 2993/1/5121 2997/1/5121 3001/1/5121
f 2985/1/5121 2993/1/5121 3001/1/5121
f 3001/1/5121 3002/1/5121 3003/1/5121
f 3003/1/5121 3004/1/5121 3005/1/5121
f 3001/1/5121 3003/1/5121 3005/1/5121
f 3005/1/5121 3006/1/5121 3007/1/5121
f 3005/1/5121 3007/1/5121 3008/1/5121
f 3001/1/5121 3005/1/5121 3008/1/5121
f 2985/1/5121 3001/1/5121 3008/1/5121
f 2979/1/5121 2985/1/5121 3008/1/5121
s 2410
f 2971/1/5122 3007/1/5122 3006/1/5123
f 3006/1/5123 2969/1/5124 2971/1/5122
s 2411
f 2972/1/5125 2994/1/5126 2993/1/5127
f 2993/1/5127 2970/1/5127 2972/1/5125
s 2412
f 2973/1/5128 2981/1/5128 2946/1/5128
f 2946/1/5128 2945/1/5128 2973/1/5128
s 2413
f 2971/1/5129 2962/1/5129 3008/1/5129
f 3008/1/5129 3007/1/5129 2971/1/5129
s 2414
f 2974/1/5130 2995/1/5130 2994/1/5130
f 2994/1/5130 2972/1/5130 2974/1/5130
s 2415
f 2975/1/5131 2982/1/5131 2981/1/5131
f 2981/1/5131 2973/1/5131 2975/1/5131
s 2416
f 2976/1/5132 2996/1/5132 2995/1/5132
f 2995/1/5132 2974/1/5132 2976/1/5132
s 2417
f 2977/1/5133 2983/1/5134 2982/1/5133
f 2982/1/5133 2975/1/5134 2977/1/5133
s 2418
f 2978/1/5135 2997/1/5136 2996/1/5135
f 2996/1/5135 2976/1/5135 2978/1/5135
s 2419
f 2949/1/5137 2984/1/5137 2983/1/5137
f 2983/1/5137 2977/1/5138 2949/1/5137
s 2420
f 2952/1/5139 2998/1/5139 2997/1/5139
f 2997/1/5139 2978/1/5139 2952/1/5139
s 2421
f 2950/1/5140 2985/1/5141 2984/1/5140
f 2984/1/5140 2949/1/5142 2950/1/5140
s 2422
f 2951/1/5143 2999/1/5143 2998/1/5143
f 2998/1/5143 2952/1/5144 2951/1/5143
s 2423
f 2953/1/5145 2986/1/5146 2985/1/5145
f 2985/1/5145 2950/1/5146 2953/1/5145
s 2424
f 2954/1/5147 3000/1/5147 2999/1/5147
f 2999/1/5147 2951/1/5148 2954/1/5147
s 2425
f 2955/1/5149 2987/1/5149 2986/1/5149
f 2986/1/5149 2953/1/5149 2955/1/5149
s 2426
f 2956/1/5150 3001/1/5150 3000/1/5150
f 3000/1/5150 2954/1/5151 2956/1/5150
s 2427
f 2957/1/5152 2988/1/5152 2987/1/5152
f 2987/1/5152 2955/1/5153 2957/1/5152
s 2428
f 2958/1/5154 3002/1/5154 3001/1/5154
f 3001/1/5154 2956/1/5155 2958/1/5154
s 2429
f 2959/1/5156 2989/1/5156 2988/1/5156
f 2988/1/5156 2957/1/5156 2959/1/5156
s 2430
f 2960/1/5157 3003/1/5157 3002/1/5157
f 3002/1/5157 2958/1/5157 2960/1/5157
s 2431
f 2961/1/5158 2990/1/5158 2989/1/5158
f 2989/1/5158 2959/1/5158 2961/1/5158
s 2432
f 2963/1/5159 2979/1/5159 3008/1/5159
f 3008/1/5159 2962/1/5159 2963/1/5159
s 2433
f 2964/1/5160 3004/1/5160 3003/1/5160
f 3003/1/5160 2960/1/5160 2964/1/5160
s 2434
f 2965/1/5161 2991/1/5162 2990/1/5162
f 2990/1/5162 2961/1/5162 2965/1/5161
s 2435
f 2966/1/5163 2980/1/5164 2979/1/5164
f 2979/1/5164 2963/1/5163 2966/1/5163
s 2436
f 2967/1/5165 3005/1/5165 3004/1/5165
f 3004/1/5165 2964/1/5165 2967/1/5165
s 2437
f 2968/1/5166 2992/1/5166 2991/1/5166
f 2991/1/5166 2965/1/5166 2968/1/5166
s 2438
f 2948/1/5167 2947/1/5168 2980/1/5167
f 2980/1/5167 2966/1/5169 2948/1/5167
s 2439
f 2969/1/5170 3006/1/5171 3005/1/5170
f 3005/1/5170 2967/1/5171 2969/1/5170
s 2440
f 2970/1/5172 2993/1/5172 2992/1/5172
f 2992/1/5172 2968/1/5172 2970/1/5172
s 2441
f 3009/1/5026 3010/1/5026 3011/1/5026
f 3011/1/5026 3012/1/5026 3013/1/5026
f 3009/1/5026 3011/1/5026 3013/1/5026
f 3013/1/5026 3014/1/5026 3015/1/5026
f 3015/1/5026 3016/1/5026 3017/1/5026
f 3013/1/5026 3015/1/5026 3017/1/5026
f 3009/1/5026 3013/1/5026 3017/1/5026
f 3017/1/5026 3018/1/5026 3019/1/5026
f 3019/1/5026 3020/1/5026 3021/1/5026
f 3017/1/5026 3019/1/5026 3021/1/5026
f 3021/1/5026 3022/1/5026 3023/1/5026
f 3023/1/5026 3024/1/5026 3025/1/5026
f 3021/1/5026 3023/1/5026 3025/1/5026
f 3017/1/5026 3021/1/5026 3025/1/5026
f 3025/1/5026 3026/1/5026 3027/1/5026
f 3027/1/5026 3028/1/5026 3029/1/5026
f 3025/1/5026 3027/1/5026 3029/1/5026
f 3029/1/5026 3030/1/5026 3031/1/5026
f 3031/1/5026 3032/1/5026 3033/1/5026
f 3029/1/5026 3031/1/5026 3033/1/5026
f 3025/1/5026 3029/1/5026 3033/1/5026
f 3017/1/5026 3025/1/5026 3033/1/5026
f 3009/1/5026 3017/1/5026 3033/1/5026
f 3034/1/5026 3035/1/5026 3036/1/5026
f 3033/1/5026 3034/1/5026 3036/1/5026
f 3033/1/5026 3036/1/5026 3037/1/5026
f 3009/1/5026 3033/1/5026 3037/1/5026
f 3038/1/5026 3009/1/5026 3037/1/5026
f 3038/1/5026 3037/1/5026 3039/1/5026
f 3038/1/5026 3039/1/5026 3040/1/5026
s 2442
f 3041/1/5121 3042/1/5121 3043/1/5121
f 3043/1/5121 3044/1/5121 3045/1/5121
f 3041/1/5121 3043/1/5121 3045/1/5121
f 3045/1/5121 3046/1/5121 3047/1/5121
f 3047/1/5121 3048/1/5121 3049/1/5121
f 3045/1/5121 3047/1/5121 3049/1/5121
f 3041/1/5121 3045/1/5121 3049/1/5121
f 3049/1/5121 3050/1/5121 3051/1/5121
f 3051/1/5121 3052/1/5121 3053/1/5121
f 3049/1/5121 3051/1/5121 3053/1/5121
f 3053/1/5121 3054/1/5121 3055/1/5121
f 3055/1/5121 3056/1/5121 3057/1/5121
f 3053/1/5121 3055/1/5121 3057/1/5121
f 3049/1/5121 3053/1/5121 3057/1/5121
f 3041/1/5121 3049/1/5121 3057/1/5121
f 3057/1/5121 3058/1/5121 3059/1/5121
f 3059/1/5121 3060/1/5121 3061/1/5121
f 3057/1/5121 3059/1/5121 3061/1/5121
f 3061/1/5121 3062/1/5121 3063/1/5121
f 3063/1/5121 3064/1/5121 3065/1/5121
f 3061/1/5121 3063/1/5121 3065/1/5121
f 3057/1/5121 3061/1/5121 3065/1/5121
f 3065/1/5121 3066/1/5121 3067/1/5121
f 3067/1/5121 3068/1/5121 3069/1/5121
f 3065/1/5121 3067/1/5121 3069/1/5121
f 3069/1/5121 3070/1/5121 3071/1/5121
f 3069/1/5121 3071/1/5121 3072/1/5121
f 3065/1/5121 3069/1/5121 3072/1/5121
f 3057/1/5121 3065/1/5121 3072/1/5121
f 3041/1/5121 3057/1/5121 3072/1/5121
s 2443
f 3034/1/5173 3047/1/5174 3046/1/5175
f 3046/1/5175 3035/1/5176 3034/1/5173
s 2444
f 3020/1/5177 3061/1/5178 3060/1/5178
f 3060/1/5178 3021/1/5179 3020/1/5177
s 2445
f 3048/1/5180 3047/1/5181 3034/1/5181
f 3034/1/5181 3033/1/5182 3048/1/5180
s 2446
f 3019/1/5183 3062/1/5184 3061/1/5185
f 3061/1/5185 3020/1/5186 3019/1/5183
s 2447
f 3048/1/5187 3033/1/5188 3032/1/5189
f 3032/1/5189 3049/1/5190 3048/1/5187
s 2448
f 3018/1/5191 3063/1/5192 3062/1/5193
f 3062/1/5193 3019/1/5193 3018/1/5191
s 2449
f 3032/1/5194 3031/1/5195 3050/1/5196
f 3050/1/5196 3049/1/5197 3032/1/5194
s 2450
f 3017/1/5198 3064/1/5199 3063/1/5198
f 3063/1/5198 3018/1/5198 3017/1/5198
s 2451
f 3030/1/5200 3051/1/5200 3050/1/5201
f 3050/1/5201 3031/1/5202 3030/1/5200
s 2452
f 3016/1/5203 3065/1/5204 3064/1/5204
f 3064/1/5204 3017/1/5204 3016/1/5203
s 2453
f 3029/1/5205 3052/1/5205 3051/1/5206
f 3051/1/5206 3030/1/5205 3029/1/5205
s 2454
f 3015/1/5207 3066/1/5208 3065/1/5209
f 3065/1/5209 3016/1/5209 3015/1/5207
s 2455
f 3028/1/5210 3053/1/5211 3052/1/5212
f 3052/1/5212 3029/1/5213 3028/1/5210
s 2456
f 3014/1/5214 3067/1/5215 3066/1/5214
f 3066/1/5214 3015/1/5216 3014/1/5214
s 2457
f 3027/1/5217 3054/1/5218 3053/1/5219
f 3053/1/5219 3028/1/5220 3027/1/5217
s 2458
f 3072/1/5221 3009/1/5222 3038/1/5223
f 3038/1/5223 3041/1/5222 3072/1/5221
s 2459
f 3013/1/5224 3068/1/5225 3067/1/5226
f 3067/1/5226 3014/1/5227 3013/1/5224
s 2460
f 3026/1/5228 3055/1/5229 3054/1/5230
f 3054/1/5230 3027/1/5228 3026/1/5228
s 2461
f 3041/1/5231 3038/1/5232 3040/1/5233
f 3040/1/5233 3042/1/5232 3041/1/5231
s 2462
f 3012/1/5234 3069/1/5234 3068/1/5235
f 3068/1/5235 3013/1/5236 3012/1/5234
s 2463
f 3025/1/5237 3056/1/5238 3055/1/5239
f 3055/1/5239 3026/1/5238 3025/1/5237
s 2464
f 3042/1/5240 3040/1/5240 3039/1/5240
f 3039/1/5240 3043/1/5240 3042/1/5240
s 2465
f 3011/1/5241 3070/1/5242 3069/1/5243
f 3069/1/5243 3012/1/5244 3011/1/5241
s 2466
f 3024/1/5245 3057/1/5246 3056/1/5245
f 3056/1/5245 3025/1/5246 3024/1/5245
s 2467
f 3039/1/5247 3037/1/5248 3044/1/5249
f 3044/1/5249 3043/1/5249 3039/1/5247
s 2468
f 3010/1/5250 3071/1/5251 3070/1/5252
f 3070/1/5252 3011/1/5253 3010/1/5250
s 2469
f 3023/1/5254 3058/1/5255 3057/1/5256
f 3057/1/5256 3024/1/5257 3023/1/5254
s 2470
f 3036/1/5258 3045/1/5258 3044/1/5259
f 3044/1/5259 3037/1/5260 3036/1/5258
s 2471
f 3010/1/5261 3009/1/5262 3072/1/5263
f 3072/1/5263 3071/1/5261 3010/1/5261
s 2472
f 3022/1/5264 3059/1/5265 3058/1/5265
f 3058/1/5265 3023/1/5266 3022/1/5264
s 2473
f 3046/1/5267 3045/1/5268 3036/1/5268
f 3036/1/5268 3035/1/5269 3046/1/5267
s 2474
f 3021/1/5270 3060/1/5271 3059/1/5272
f 3059/1/5272 3022/1/5273 3021/1/5270
s 2475
f 3073/1/5026 3074/1/5026 3075/1/5026
f 3075/1/5026 3076/1/5026 3077/1/5026
f 3073/1/5026 3075/1/5026 3077/1/5026
f 3077/1/5026 3078/1/5026 3079/1/5026
f 3079/1/5026 3080/1/5026 3081/1/5026
f 3077/1/5026 3079/1/5026 3081/1/5026
f 3073/1/5026 3077/1/5026 3081/1/5026
f 3081/1/5026 3082/1/5026 3083/1/5026
f 3083/1/5026 3084/1/5026 3085/1/5026
f 3081/1/5026 3083/1/5026 3085/1/5026
f 3085/1/5026 3086/1/5026 3087/1/5026
f 3087/1/5026 3088/1/5026 3089/1/5026
f 3085/1/5026 3087/1/5026 3089/1/5026
f 3081/1/5026 3085/1/5026 3089/1/5026
f 3089/1/5026 3090/1/5026 3091/1/5026
f 3091/1/5026 3092/1/5026 3093/1/5026
f 3089/1/5026 3091/1/5026 3093/1/5026
f 3093/1/5026 3094/1/5026 3095/1/5026
f 3095/1/5026 3096/1/5026 3097/1/5026
f 3093/1/5026 3095/1/5026 3097/1/5026
f 3089/1/5026 3093/1/5026 3097/1/5026
f 3081/1/5026 3089/1/5026 3097/1/5026
f 3073/1/5026 3081/1/5026 3097/1/5026
f 3098/1/5026 3099/1/5026 3100/1/5026
f 3097/1/5026 3098/1/5026 3100/1/5026
f 3097/1/5026 3100/1/5026 3101/1/5026
f 3073/1/5026 3097/1/5026 3101/1/5026
f 3102/1/5026 3073/1/5026 3101/1/5026
f 3102/1/5026 3101/1/5026 3103/1/5026
f 3102/1/5026 3103/1/5026 3104/1/5026
s 2476
f 3105/1/5274 3106/1/5274 3107/1/5274
f 3107/1/5274 3108/1/5275 3105/1/5274
s 2477
f 3075/1/5276 3109/1/5277 3110/1/5278
f 3110/1/5278 3076/1/5279 3075/1/5276
s 2478
f 3088/1/5280 3111/1/5281 3112/1/5280
f 3112/1/5280 3089/1/5282 3088/1/5280
s 2479
f 3103/1/5283 3101/1/5284 3113/1/5284
f 3113/1/5284 3114/1/5285 3103/1/5283
s 2480
f 3074/1/5286 3115/1/5286 3109/1/5286
f 3109/1/5286 3075/1/5287 3074/1/5286
s 2481
f 3087/1/5288 3116/1/5289 3111/1/5289
f 3111/1/5289 3088/1/5290 3087/1/5288
s 2482
f 3100/1/5291 3117/1/5292 3113/1/5293
f 3113/1/5293 3101/1/5294 3100/1/5291
s 2483
f 3074/1/5295 3073/1/5296 3118/1/5295
f 3118/1/5295 3115/1/5297 3074/1/5295
s 2484
f 3086/1/5298 3119/1/5299 3116/1/5298
f 3116/1/5298 3087/1/5300 3086/1/5298
s 2485
f 3120/1/5301 3117/1/5302 3100/1/5302
f 3100/1/5302 3099/1/5303 3120/1/5301
s 2486
f 3085/1/5304 3121/1/5305 3119/1/5305
f 3119/1/5305 3086/1/5305 3085/1/5304
s 2487
f 3098/1/5306 3122/1/5307 3120/1/5306
f 3120/1/5306 3099/1/5308 3098/1/5306
s 2488
f 3084/1/5309 3123/1/5310 3121/1/5311
f 3121/1/5311 3085/1/5312 3084/1/5309
s 2489
f 3124/1/5313 3122/1/5314 3098/1/5315
f 3098/1/5315 3097/1/5313 3124/1/5313
s 2490
f 3083/1/5316 3125/1/5317 3123/1/5318
f 3123/1/5318 3084/1/5319 3083/1/5316
s 2491
f 3124/1/5320 3097/1/5321 3096/1/5321
f 3096/1/5321 3126/1/5321 3124/1/5320
s 2492
f 3082/1/5322 3127/1/5323 3125/1/5322
f 3125/1/5322 3083/1/5324 3082/1/5322
s 2493
f 3096/1/5325 3095/1/5326 3128/1/5327
f 3128/1/5327 3126/1/5328 3096/1/5325
s 2494
f 3081/1/5329 3108/1/5330 3127/1/5331
f 3127/1/5331 3082/1/5332 3081/1/5329
s 2495
f 3094/1/5333 3129/1/5334 3128/1/5334
f 3128/1/5334 3095/1/5334 3094/1/5333
s 2496
f 3080/1/5335 3105/1/5335 3108/1/5336
f 3108/1/5336 3081/1/5337 3080/1/5335
s 2497
f 3093/1/5338 3130/1/5339 3129/1/5340
f 3129/1/5340 3094/1/5340 3093/1/5338
s 2498
f 3079/1/5341 3131/1/5342 3105/1/5343
f 3105/1/5343 3080/1/5341 3079/1/5341
s 2499
f 3092/1/5344 3132/1/5345 3130/1/5345
f 3130/1/5345 3093/1/5344 3092/1/5344
s 2500
f 3078/1/5346 3133/1/5347 3131/1/5348
f 3131/1/5348 3079/1/5348 3078/1/5346
s 2501
f 3091/1/5349 3134/1/5350 3132/1/5349
f 3132/1/5349 3092/1/5351 3091/1/5349
s 2502
f 3118/1/5352 3073/1/5353 3102/1/5354
f 3102/1/5354 3135/1/5355 3118/1/5352
s 2503
f 3077/1/5356 3136/1/5357 3133/1/5357
f 3133/1/5357 3078/1/5358 3077/1/5356
s 2504
f 3090/1/5359 3137/1/5359 3134/1/5360
f 3134/1/5360 3091/1/5361 3090/1/5359
s 2505
f 3135/1/5362 3102/1/5363 3104/1/5362
f 3104/1/5362 3138/1/5362 3135/1/5362
s 2506
f 3076/1/5364 3110/1/5365 3136/1/5366
f 3136/1/5366 3077/1/5367 3076/1/5364
s 2507
f 3089/1/5368 3112/1/5369 3137/1/5370
f 3137/1/5370 3090/1/5368 3089/1/5368
s 2508
f 3138/1/5371 3104/1/5372 3103/1/5373
f 3103/1/5373 3114/1/5374 3138/1/5371
s 2509
f 3139/1/5121 3140/1/5121 3141/1/5121
f 3141/1/5121 3142/1/5121 3143/1/5121
f 3139/1/5121 3141/1/5121 3143/1/5121
f 3143/1/5121 3144/1/5121 3145/1/5121
f 3143/1/5121 3145/1/5121 3146/1/5121
f 3139/1/5121 3143/1/5121 3146/1/5121
f 3139/1/5121 3146/1/5121 3147/1/5121
f 3147/1/5121 3148/1/5121 3149/1/5121
f 3149/1/5121 3150/1/5121 3151/1/5121
f 3147/1/5121 3149/1/5121 3151/1/5121
f 3151/1/5121 3152/1/5121 3153/1/5121
f 3153/1/5121 3154/1/5121 3155/1/5121
f 3151/1/5121 3153/1/5121 3155/1/5121
f 3147/1/5121 3151/1/5121 3155/1/5121
f 3155/1/5121 3156/1/5121 3157/1/5121
f 3157/1/5121 3158/1/5121 3159/1/5121
f 3155/1/5121 3157/1/5121 3159/1/5121
f 3159/1/5121 3160/1/5121 3161/1/5121
f 3161/1/5121 3107/1/5121 3106/1/5121
f 3159/1/5121 3161/1/5121 3106/1/5121
f 3155/1/5121 3159/1/5121 3106/1/5121
f 3147/1/5121 3155/1/5121 3106/1/5121
f 3106/1/5121 3162/1/5121 3163/1/5121
f 3163/1/5121 3164/1/5121 3165/1/5121
f 3106/1/5121 3163/1/5121 3165/1/5121
f 3165/1/5121 3166/1/5121 3167/1/5121
f 3165/1/5121 3167/1/5121 3168/1/5121
f 3106/1/5121 3165/1/5121 3168/1/5121
f 3147/1/5121 3106/1/5121 3168/1/5121
f 3139/1/5121 3147/1/5121 3168/1/5121
s 2510
f 3130/1/5152 3150/1/5152 3149/1/5152
f 3149/1/5152 3129/1/5152 3130/1/5152
s 2511
f 3131/1/5155 3162/1/5155 3106/1/5155
f 3106/1/5155 3105/1/5155 3131/1/5155
s 2512
f 3132/1/5156 3151/1/5156 3150/1/5156
f 3150/1/5156 3130/1/5156 3132/1/5156
s 2513
f 3133/1/5375 3163/1/5375 3162/1/5375
f 3162/1/5375 3131/1/5375 3133/1/5375
s 2514
f 3134/1/5376 3152/1/5376 3151/1/5376
f 3151/1/5376 3132/1/5376 3134/1/5376
s 2515
f 3135/1/5377 3139/1/5377 3168/1/5377
f 3168/1/5377 3118/1/5377 3135/1/5377
s 2516
f 3136/1/5160 3164/1/5160 3163/1/5160
f 3163/1/5160 3133/1/5160 3136/1/5160
s 2517
f 3137/1/5378 3153/1/5378 3152/1/5378
f 3152/1/5378 3134/1/5378 3137/1/5378
s 2518
f 3138/1/5164 3140/1/5164 3139/1/5164
f 3139/1/5164 3135/1/5164 3138/1/5164
s 2519
f 3110/1/5379 3165/1/5379 3164/1/5379
f 3164/1/5379 3136/1/5379 3110/1/5379
s 2520
f 3112/1/5380 3154/1/5380 3153/1/5380
f 3153/1/5380 3137/1/5380 3112/1/5380
s 2521
f 3114/1/5381 3141/1/5381 3140/1/5169
f 3140/1/5169 3138/1/5381 3114/1/5381
s 2522
f 3109/1/5170 3166/1/5382 3165/1/5170
f 3165/1/5170 3110/1/5383 3109/1/5170
s 2523
f 3111/1/5384 3155/1/5384 3154/1/5384
f 3154/1/5384 3112/1/5384 3111/1/5384
s 2524
f 3113/1/5385 3142/1/5386 3141/1/5385
f 3141/1/5385 3114/1/5386 3113/1/5385
s 2525
f 3115/1/5124 3167/1/5124 3166/1/5124
f 3166/1/5124 3109/1/5124 3115/1/5124
s 2526
f 3116/1/5126 3156/1/5126 3155/1/5126
f 3155/1/5126 3111/1/5126 3116/1/5126
s 2527
f 3117/1/5128 3143/1/5128 3142/1/5128
f 3142/1/5128 3113/1/5128 3117/1/5128
s 2528
f 3115/1/5387 3118/1/5387 3168/1/5387
f 3168/1/5387 3167/1/5388 3115/1/5387
s 2529
f 3119/1/5389 3157/1/5389 3156/1/5389
f 3156/1/5389 3116/1/5389 3119/1/5389
s 2530
f 3120/1/5390 3144/1/5390 3143/1/5390
f 3143/1/5390 3117/1/5390 3120/1/5390
s 2531
f 3121/1/5132 3158/1/5132 3157/1/5132
f 3157/1/5132 3119/1/5132 3121/1/5132
s 2532
f 3122/1/5134 3145/1/5134 3144/1/5134
f 3144/1/5134 3120/1/5134 3122/1/5134
s 2533
f 3123/1/5135 3159/1/5135 3158/1/5135
f 3158/1/5135 3121/1/5135 3123/1/5135
s 2534
f 3124/1/5391 3146/1/5391 3145/1/5391
f 3145/1/5391 3122/1/5391 3124/1/5391
s 2535
f 3125/1/5392 3160/1/5392 3159/1/5392
f 3159/1/5392 3123/1/5392 3125/1/5392
s 2536
f 3126/1/5142 3147/1/5142 3146/1/5142
f 3146/1/5142 3124/1/5142 3126/1/5142
s 2537
f 3127/1/5393 3161/1/5393 3160/1/5393
f 3160/1/5393 3125/1/5393 3127/1/5393
s 2538
f 3128/1/5145 3148/1/5145 3147/1/5145
f 3147/1/5145 3126/1/5145 3128/1/5145
s 2539
f 3108/1/5147 3107/1/5147 3161/1/5147
f 3161/1/5147 3127/1/5147 3108/1/5147
s 2540
f 3129/1/5394 3149/1/5394 3148/1/5394
f 3148/1/5394 3128/1/5394 3129/1/5394
s 2541
f 3169/2/5395 3170/3/5395 3171/4/5396
f 3171/4/5396 3172/5/5396 3169/2/5395
s 2542
f 3170/3/5397 3173/6/5397 3174/7/5397
f 3174/7/5397 3171/4/5397 3170/3/5397
s 2543
f 3173/6/5398 3175/8/5398 3176/9/5398
f 3176/9/5398 3174/7/5398 3173/6/5398
s 2544
f 3175/8/5399 3177/10/5399 3178/11/5399
f 3178/11/5399 3176/9/5399 3175/8/5399
s 2545
f 3179/12/5400 3180/13/5400 3178/11/5400
f 3178/11/5400 3177/10/5401 3179/12/5400
s 2546
f 3181/14/5402 3180/13/5402 3179/12/5402
f 3179/12/5402 3182/15/5402 3181/14/5402
s 2547
f 3183/16/5403 3181/14/5403 3182/15/5403
f 3182/15/5403 3184/17/5403 3183/16/5403
s 2548
f 3185/18/5404 3186/19/5404 3183/16/5404
f 3183/16/5404 3184/17/5404 3185/18/5404
s 2549
f 3187/20/5405 3186/19/5405 3185/18/5406
f 3185/18/5406 3188/21/5406 3187/20/5405
s 2550
f 3189/22/5407 3187/20/5408 3188/21/5409
f 3188/21/5409 3190/23/5407 3189/22/5407
s 2551
f 3191/24/5410 3189/22/5410 3190/23/5410
f 3190/23/5410 3192/25/5410 3191/24/5410
s 2552
f 3193/26/5411 3194/27/5411 3191/24/5411
f 3191/24/5411 3192/25/5411 3193/26/5411
s 2553
f 3195/28/5412 3194/27/5413 3193/26/5414
f 3193/26/5414 3196/29/5412 3195/28/5412
s 2554
f 3197/30/5415 3195/28/5415 3196/29/5415
f 3196/29/5415 3198/31/5415 3197/30/5415
s 2555
f 3199/32/5416 3197/30/5416 3198/31/5416
f 3198/31/5416 3200/33/5416 3199/32/5416
s 2556
f 3201/34/5417 3199/32/5417 3200/33/5417
f 3200/33/5417 3202/35/5417 3201/34/5417
s 2557
f 3203/36/5418 3201/34/5418 3202/35/5418
f 3202/35/5418 3204/37/5418 3203/36/5418
s 2558
f 3205/38/5419 3203/36/5419 3204/37/5419
f 3204/37/5419 3206/39/5419 3205/38/5419
s 2559
f 3207/40/5420 3205/38/5420 3206/39/5420
f 3206/39/5420 3208/41/5420 3207/40/5420
s 2560
f 3209/42/5421 3210/43/5421 3207/40/5421
f 3207/40/5421 3208/41/5421 3209/42/5421
s 2561
f 3209/42/5422 3211/44/5422 3212/45/5422
f 3212/45/5422 3210/43/5422 3209/42/5422
s 2562
f 3213/46/5423 3212/45/5423 3211/44/5423
f 3211/44/5423 3214/47/5423 3213/46/5423
s 2563
f 3215/48/5424 3213/46/5424 3214/47/5424
f 3214/47/5424 3216/49/5424 3215/48/5424
s 2564
f 3217/50/5425 3218/51/5425 3215/48/5425
f 3215/48/5425 3216/49/5425 3217/50/5425
s 2565
f 3219/52/5426 3220/53/5426 3218/51/5426
f 3218/51/5426 3217/50/5426 3219/52/5426
s 2566
f 3221/54/5427 3220/53/5427 3219/52/5427
f 3219/52/5427 3222/55/5427 3221/54/5427
s 2567
f 3223/56/5428 3224/57/5428 3221/54/5428
f 3221/54/5428 3222/55/5428 3223/56/5428
s 2568
f 3225/58/5429 3224/57/5429 3223/56/5429
f 3223/56/5429 3226/59/5429 3225/58/5429
s 2569
f 3227/60/5430 3225/58/5430 3226/59/5431
f 3226/59/5431 3228/61/5430 3227/60/5430
s 2570
f 3229/62/5432 3230/63/5432 3227/60/5432
f 3227/60/5432 3228/61/5432 3229/62/5432
s 2571
f 3185/18/5433 3231/18/5433 3232/21/5433
f 3232/21/5433 3188/21/5433 3185/18/5433
s 2572
f 3233/64/5434 3234/65/5434 3230/63/5434
f 3230/63/5434 3229/62/5434 3233/64/5434
s 2573
f 3234/65/5435 3233/64/5436 3169/66/5435
f 3169/66/5435 3172/67/5435 3234/65/5435
s 2574
f 3171/68/5026 3174/69/5026 3176/70/5437
f 3171/68/5026 3176/70/5437 3178/71/5026
f 3178/71/5026 3180/72/5438 3181/73/5026
f 3181/73/5026 3183/74/5439 3186/75/5026
f 3186/75/5026 3187/76/5026 3189/77/5026
f 3181/73/5026 3186/75/5026 3189/77/5026
f 3178/71/5026 3181/73/5026 3189/77/5026
f 3189/77/5026 3191/78/5026 3194/79/5026
f 3194/79/5026 3195/80/5026 3197/81/5026
f 3189/77/5026 3194/79/5026 3197/81/5026
f 3197/81/5026 3199/82/5026 3201/83/5026
f 3201/83/5026 3203/84/5026 3205/85/5026
f 3197/81/5026 3201/83/5026 3205/85/5026
f 3205/85/5026 3207/86/5026 3210/87/5026
f 3210/87/5026 3212/88/5440 3213/89/5026
f 3205/85/5026 3210/87/5026 3213/89/5026
f 3213/89/5026 3215/90/5439 3218/91/5026
f 3218/91/5026 3220/92/5437 3221/93/5026
f 3213/89/5026 3218/91/5026 3221/93/5026
f 3205/85/5026 3213/89/5026 3221/93/5026
f 3197/81/5026 3205/85/5026 3221/93/5026
f 3189/77/5026 3197/81/5026 3221/93/5026
f 3178/71/5026 3189/77/5026 3221/93/5026
f 3221/93/5026 3224/94/5026 3225/95/5026
f 3225/95/5026 3227/96/5026 3230/97/5026
f 3221/93/5026 3225/95/5026 3230/97/5026
f 3178/71/5026 3221/93/5026 3230/97/5026
f 3171/68/5026 3178/71/5026 3230/97/5026
f 3172/98/5026 3171/68/5026 3230/97/5026
f 3172/98/5026 3230/97/5026 3234/99/5437
s 2575
f 3235/8/5441 3236/8/5441 3237/10/5441
f 3237/10/5441 3238/10/5442 3235/8/5441
s 2576
f 3239/39/5443 3206/39/5444 3204/37/5445
f 3204/37/5445 3240/37/5445 3239/39/5443
s 2577
f 3241/56/5446 3223/56/5446 3222/55/5446
f 3222/55/5446 3242/55/5447 3241/56/5446
s 2578
f 3243/12/5448 3179/12/5448 3177/10/5448
f 3177/10/5448 3238/10/5448 3243/12/5448
s 2579
f 3244/31/5449 3198/31/5449 3196/29/5449
f 3196/29/5449 3245/29/5449 3244/31/5449
s 2580
f 3246/49/5450 3216/49/5450 3214/47/5450
f 3214/47/5450 3247/47/5450 3246/49/5450
s 2581
f 3170/3/5451 3169/2/5451 3248/2/5452
f 3248/2/5452 3249/3/5452 3170/3/5451
s 2582
f 3233/64/5453 3250/64/5454 3248/66/5454
f 3248/66/5454 3169/66/5455 3233/64/5453
s 2583
f 3251/23/5456 3190/23/5456 3188/21/5456
f 3188/21/5456 3232/21/5456 3251/23/5456
s 2584
f 3252/41/5457 3208/41/5457 3206/39/5457
f 3206/39/5457 3239/39/5457 3252/41/5457
s 2585
f 3241/56/5458 3253/59/5458 3226/59/5459
f 3226/59/5459 3223/56/5459 3241/56/5458
s 2586
f 3254/15/5460 3182/15/5460 3179/12/5460
f 3179/12/5460 3243/12/5460 3254/15/5460
s 2587
f 3255/33/5461 3200/33/5462 3198/31/5462
f 3198/31/5462 3244/31/5463 3255/33/5461
s 2588
f 3256/50/5464 3217/50/5464 3216/49/5464
f 3216/49/5464 3246/49/5464 3256/50/5464
s 2589
f 3249/3/5465 3257/6/5465 3173/6/5466
f 3173/6/5466 3170/3/5466 3249/3/5465
s 2590
f 3258/25/5467 3192/25/5467 3190/23/5467
f 3190/23/5467 3251/23/5467 3258/25/5467
s 2591
f 3252/41/5468 3259/42/5468 3209/42/5469
f 3209/42/5469 3208/41/5470 3252/41/5468
s 2592
f 3228/61/5471 3226/59/5471 3253/59/5472
f 3253/59/5472 3260/61/5472 3228/61/5471
s 2593
f 3261/17/5473 3184/17/5473 3182/15/5473
f 3182/15/5473 3254/15/5473 3261/17/5473
s 2594
f 3262/35/5474 3202/35/5474 3200/33/5474
f 3200/33/5474 3255/33/5474 3262/35/5474
s 2595
f 3263/52/5475 3219/52/5475 3217/50/5475
f 3217/50/5475 3256/50/5475 3263/52/5475
s 2596
f 3235/8/5476 3175/8/5476 3173/6/5476
f 3173/6/5476 3257/6/5476 3235/8/5476
s 2597
f 3264/26/5477 3193/26/5477 3192/25/5477
f 3192/25/5477 3258/25/5478 3264/26/5477
s 2598
f 3265/44/5479 3211/44/5479 3209/42/5479
f 3209/42/5479 3259/42/5479 3265/44/5479
s 2599
f 3229/62/5480 3228/61/5480 3260/61/5480
f 3260/61/5480 3266/62/5480 3229/62/5480
s 2600
f 3184/17/5481 3261/17/5481 3231/18/5481
f 3231/18/5481 3185/18/5481 3184/17/5481
s 2601
f 3240/37/5482 3204/37/5482 3202/35/5482
f 3202/35/5482 3262/35/5482 3240/37/5482
s 2602
f 3242/55/5483 3222/55/5483 3219/52/5483
f 3219/52/5483 3263/52/5483 3242/55/5483
s 2603
f 3177/10/5484 3175/8/5484 3235/8/5484
f 3235/8/5484 3238/10/5484 3177/10/5484
s 2604
f 3245/29/5485 3196/29/5485 3193/26/5485
f 3193/26/5485 3264/26/5485 3245/29/5485
s 2605
f 3247/47/5486 3214/47/5486 3211/44/5486
f 3211/44/5486 3265/44/5486 3247/47/5486
s 2606
f 3233/64/5487 3229/62/5488 3266/62/5487
f 3266/62/5487 3250/64/5487 3233/64/5487
s 2607
f 3267/100/5489 3268/101/5490 3269/102/5491
f 3269/102/5491 3270/103/5492 3271/104/5489
f 3267/100/5489 3269/102/5491 3271/104/5489
f 3271/104/5489 3272/105/5493 3273/106/5491
f 3273/106/5491 3274/107/5494 3275/108/5495
f 3271/104/5489 3273/106/5491 3275/108/5495
f 3275/108/5495 3276/109/5496 3277/110/5489
f 3277/110/5489 3278/111/5489 3279/112/5489
f 3275/108/5495 3277/110/5489 3279/112/5489
f 3271/104/5489 3275/108/5495 3279/112/5489
f 3279/112/5489 3280/113/5497 3281/114/5489
f 3281/114/5489 3282/115/5495 3283/116/5489
f 3279/112/5489 3281/114/5489 3283/116/5489
f 3283/116/5489 3284/117/5498 3285/118/5489
f 3285/118/5489 3286/119/5499 3287/120/5500
f 3283/116/5489 3285/118/5489 3287/120/5500
f 3279/112/5489 3283/116/5489 3287/120/5500
f 3271/104/5489 3279/112/5489 3287/120/5500
f 3287/120/5500 3288/121/5501 3289/122/5491
f 3289/122/5491 3290/123/5497 3291/124/5502
f 3287/120/5500 3289/122/5491 3291/124/5502
f 3287/120/5500 3291/124/5502 3292/125/5489
f 3271/104/5489 3287/120/5500 3292/125/5489
f 3292/125/5489 3293/126/5503 3294/127/5489
f 3294/127/5489 3295/128/5502 3237/129/5489
f 3292/125/5489 3294/127/5489 3237/129/5489
f 3271/104/5489 3292/125/5489 3237/129/5489
f 3267/100/5489 3271/104/5489 3237/129/5489
f 3267/100/5489 3237/129/5489 3236/130/5497
f 3267/100/5489 3236/130/5497 3296/131/5504
s 2608
f 3266/62/5505 3270/62/5506 3269/64/5507
f 3269/64/5507 3250/64/5505 3266/62/5505
s 2609
f 3240/37/5508 3283/37/5508 3282/39/5508
f 3282/39/5508 3239/39/5508 3240/37/5508
s 2610
f 3238/10/5509 3237/10/5510 3295/12/5510
f 3295/12/5510 3243/12/5509 3238/10/5509
s 2611
f 3250/64/5511 3269/64/5512 3268/66/5513
f 3268/66/5513 3248/66/5514 3250/64/5511
s 2612
f 3239/39/5515 3282/39/5516 3281/41/5515
f 3281/41/5515 3252/41/5515 3239/39/5515
s 2613
f 3243/12/5517 3295/12/5517 3294/15/5517
f 3294/15/5517 3254/15/5517 3243/12/5517
s 2614
f 3252/41/5518 3281/41/5518 3280/42/5519
f 3280/42/5519 3259/42/5519 3252/41/5518
s 2615
f 3254/15/5520 3294/15/5521 3293/17/5521
f 3293/17/5521 3261/17/5520 3254/15/5520
s 2616
f 3259/42/5522 3280/42/5523 3279/44/5523
f 3279/44/5523 3265/44/5522 3259/42/5522
s 2617
f 3231/18/5524 3261/17/5524 3293/17/5525
f 3293/17/5525 3292/18/5525 3231/18/5524
s 2618
f 3265/44/5526 3279/44/5527 3278/47/5527
f 3278/47/5527 3247/47/5526 3265/44/5526
s 2619
f 3231/18/5528 3292/18/5528 3291/21/5528
f 3291/21/5528 3232/21/5528 3231/18/5528
s 2620
f 3247/47/5529 3278/47/5530 3277/49/5530
f 3277/49/5530 3246/49/5529 3247/47/5529
s 2621
f 3232/21/5531 3291/21/5531 3290/23/5531
f 3290/23/5531 3251/23/5531 3232/21/5531
s 2622
f 3246/49/5532 3277/49/5532 3276/50/5532
f 3276/50/5532 3256/50/5532 3246/49/5532
s 2623
f 3251/23/5533 3290/23/5533 3289/25/5533
f 3289/25/5533 3258/25/5533 3251/23/5533
s 2624
f 3256/50/5534 3276/50/5534 3275/52/5534
f 3275/52/5534 3263/52/5534 3256/50/5534
s 2625
f 3258/25/5535 3289/25/5535 3288/26/5535
f 3288/26/5535 3264/26/5535 3258/25/5535
s 2626
f 3263/52/5536 3275/52/5536 3274/55/5536
f 3274/55/5536 3242/55/5536 3263/52/5536
s 2627
f 3264/26/5537 3288/26/5538 3287/29/5539
f 3287/29/5539 3245/29/5539 3264/26/5537
s 2628
f 3242/55/5540 3274/55/5540 3273/56/5540
f 3273/56/5540 3241/56/5540 3242/55/5540
s 2629
f 3245/29/5541 3287/29/5542 3286/31/5543
f 3286/31/5543 3244/31/5541 3245/29/5541
s 2630
f 3248/2/5544 3268/2/5544 3267/3/5544
f 3267/3/5544 3249/3/5544 3248/2/5544
s 2631
f 3241/56/5545 3273/56/5545 3272/59/5545
f 3272/59/5545 3253/59/5545 3241/56/5545
s 2632
f 3244/31/5546 3286/31/5547 3285/33/5547
f 3285/33/5547 3255/33/5546 3244/31/5546
s 2633
f 3249/3/5548 3267/3/5549 3296/6/5548
f 3296/6/5548 3257/6/5548 3249/3/5548
s 2634
f 3253/59/5550 3272/59/5551 3271/61/5552
f 3271/61/5552 3260/61/5550 3253/59/5550
s 2635
f 3255/33/5553 3285/33/5553 3284/35/5553
f 3284/35/5553 3262/35/5553 3255/33/5553
s 2636
f 3257/6/5554 3296/6/5554 3236/8/5554
f 3236/8/5554 3235/8/5554 3257/6/5554
s 2637
f 3260/61/5555 3271/61/5556 3270/62/5555
f 3270/62/5555 3266/62/5557 3260/61/5555
s 2638
f 3262/35/5558 3284/35/5559 3283/37/5560
f 3283/37/5560 3240/37/5558 3262/35/5558
s 2639
f 3297/3/5561 3298/4/5561 3299/5/5561
f 3299/5/5561 3300/2/5561 3297/3/5561
s 2640
f 3301/7/5562 3298/4/5562 3297/3/5562
f 3297/3/5562 3302/6/5563 3301/7/5562
s 2641
f 3303/8/5564 3304/9/5564 3301/7/5564
f 3301/7/5564 3302/6/5564 3303/8/5564
s 2642
f 3305/11/5565 3304/9/5565 3303/8/5565
f 3303/8/5565 3306/10/5565 3305/11/5565
s 2643
f 3307/12/5566 3308/13/5566 3305/11/5566
f 3305/11/5566 3306/10/5566 3307/12/5566
s 2644
f 3309/14/5567 3308/13/5567 3307/12/5567
f 3307/12/5567 3310/15/5567 3309/14/5567
s 2645
f 3311/16/5568 3309/14/5568 3310/15/5568
f 3310/15/5568 3312/17/5568 3311/16/5568
s 2646
f 3313/18/5569 3314/19/5569 3311/16/5569
f 3311/16/5569 3312/17/5569 3313/18/5569
s 2647
f 3315/20/5570 3314/19/5570 3313/18/5570
f 3313/18/5570 3316/21/5570 3315/20/5570
s 2648
f 3317/23/5571 3318/22/5571 3315/20/5572
f 3315/20/5572 3316/21/5571 3317/23/5571
s 2649
f 3319/25/5573 3320/24/5573 3318/22/5573
f 3318/22/5573 3317/23/5573 3319/25/5573
s 2650
f 3321/27/5574 3320/24/5574 3319/25/5574
f 3319/25/5574 3322/26/5574 3321/27/5574
s 2651
f 3323/29/5575 3324/28/5575 3321/27/5575
f 3321/27/5575 3322/26/5575 3323/29/5575
s 2652
f 3325/31/5576 3326/30/5576 3324/28/5576
f 3324/28/5576 3323/29/5576 3325/31/5576
s 2653
f 3327/32/5577 3326/30/5577 3325/31/5577
f 3325/31/5577 3328/33/5577 3327/32/5577
s 2654
f 3328/33/5578 3329/35/5579 3330/34/5578
f 3330/34/5578 3327/32/5578 3328/33/5578
s 2655
f 3331/37/5580 3332/36/5580 3330/34/5580
f 3330/34/5580 3329/35/5580 3331/37/5580
s 2656
f 3333/38/5581 3332/36/5582 3331/37/5582
f 3331/37/5582 3334/39/5582 3333/38/5581
s 2657
f 3335/40/5583 3333/38/5583 3334/39/5583
f 3334/39/5583 3336/41/5583 3335/40/5583
s 2658
f 3337/42/5584 3338/43/5584 3335/40/5584
f 3335/40/5584 3336/41/5584 3337/42/5584
s 2659
f 3339/45/5585 3338/43/5585 3337/42/5585
f 3337/42/5585 3340/44/5585 3339/45/5585
s 2660
f 3341/47/5586 3342/46/5586 3339/45/5586
f 3339/45/5586 3340/44/5586 3341/47/5586
s 2661
f 3343/49/5587 3344/48/5588 3342/46/5587
f 3342/46/5587 3341/47/5588 3343/49/5587
s 2662
f 3345/51/5589 3344/48/5590 3343/49/5590
f 3343/49/5590 3346/50/5590 3345/51/5589
s 2663
f 3347/53/5591 3345/51/5591 3346/50/5591
f 3346/50/5591 3348/52/5591 3347/53/5591
s 2664
f 3349/55/5592 3350/54/5593 3347/53/5592
f 3347/53/5592 3348/52/5592 3349/55/5592
s 2665
f 3351/57/5594 3350/54/5594 3349/55/5594
f 3349/55/5594 3352/56/5594 3351/57/5594
s 2666
f 3353/59/5595 3354/58/5595 3351/57/5595
f 3351/57/5595 3352/56/5595 3353/59/5595
s 2667
f 3355/61/5596 3356/60/5596 3354/58/5596
f 3354/58/5596 3353/59/5596 3355/61/5596
s 2668
f 3357/63/5597 3356/60/5597 3355/61/5597
f 3355/61/5597 3358/62/5597 3357/63/5597
s 2669
f 3359/21/5598 3316/21/5598 3313/18/5598
f 3313/18/5598 3360/18/5598 3359/21/5598
s 2670
f 3361/64/5599 3362/65/5599 3357/63/5599
f 3357/63/5599 3358/62/5599 3361/64/5599
s 2671
f 3361/64/5600 3300/66/5600 3299/67/5600
f 3299/67/5600 3362/65/5600 3361/64/5600
s 2672
f 3299/98/5026 3298/68/5439 3301/69/5026
f 3301/69/5026 3304/70/5439 3305/71/5026
f 3299/98/5026 3301/69/5026 3305/71/5026
f 3308/72/5026 3309/73/5026 3311/74/5026
f 3305/71/5026 3308/72/5026 3311/74/5026
f 3305/71/5026 3311/74/5026 3314/75/5026
f 3314/75/5026 3315/76/5438 3318/77/5026
f 3305/71/5026 3314/75/5026 3318/77/5026
f 3305/71/5026 3318/77/5026 3320/78/5026
f 3320/78/5026 3321/79/5026 3324/80/5026
f 3305/71/5026 3320/78/5026 3324/80/5026
f 3305/71/5026 3324/80/5026 3326/81/5026
f 3326/81/5026 3327/82/5026 3330/83/5026
f 3305/71/5026 3326/81/5026 3330/83/5026
f 3305/71/5026 3330/83/5026 3332/84/5026
f 3332/84/5026 3333/85/5026 3335/86/5026
f 3305/71/5026 3332/84/5026 3335/86/5026
f 3305/71/5026 3335/86/5026 3338/87/5026
f 3338/87/5026 3339/88/5026 3342/89/5026
f 3305/71/5026 3338/87/5026 3342/89/5026
f 3305/71/5026 3342/89/5026 3344/90/5026
f 3344/90/5026 3345/91/5438 3347/92/5026
f 3305/71/5026 3344/90/5026 3347/92/5026
f 3305/71/5026 3347/92/5026 3350/93/5026
f 3350/93/5026 3351/94/5437 3354/95/5026
f 3305/71/5026 3350/93/5026 3354/95/5026
f 3305/71/5026 3354/95/5026 3356/96/5026
f 3299/98/5026 3305/71/5026 3356/96/5026
f 3299/98/5026 3356/96/5026 3357/97/5439
f 3299/98/5026 3357/97/5439 3362/99/5026
s 2673
f 3363/10/5601 3364/8/5601 3365/8/5602
f 3365/8/5602 3366/10/5602 3363/10/5601
s 2674
f 3367/39/5603 3334/39/5603 3331/37/5604
f 3331/37/5604 3368/37/5603 3367/39/5603
s 2675
f 3369/56/5605 3352/56/5605 3349/55/5605
f 3349/55/5605 3370/55/5605 3369/56/5605
s 2676
f 3306/10/5606 3363/10/5607 3371/12/5606
f 3371/12/5606 3307/12/5606 3306/10/5606
s 2677
f 3323/29/5608 3372/29/5608 3373/31/5609
f 3373/31/5609 3325/31/5608 3323/29/5608
s 2678
f 3343/49/5610 3341/47/5610 3374/47/5611
f 3374/47/5611 3375/49/5611 3343/49/5610
s 2679
f 3300/2/5612 3376/2/5612 3377/3/5612
f 3377/3/5612 3297/3/5612 3300/2/5612
s 2680
f 3300/66/5613 3361/64/5613 3378/64/5613
f 3378/64/5613 3376/66/5613 3300/66/5613
s 2681
f 3359/21/5614 3379/23/5614 3317/23/5614
f 3317/23/5614 3316/21/5614 3359/21/5614
s 2682
f 3367/39/5615 3380/41/5615 3336/41/5616
f 3336/41/5616 3334/39/5616 3367/39/5615
s 2683
f 3369/56/5617 3381/59/5617 3353/59/5617
f 3353/59/5617 3352/56/5617 3369/56/5617
s 2684
f 3382/15/5618 3310/15/5618 3307/12/5618
f 3307/12/5618 3371/12/5618 3382/15/5618
s 2685
f 3383/33/5619 3328/33/5620 3325/31/5620
f 3325/31/5620 3373/31/5620 3383/33/5619
s 2686
f 3384/50/5621 3346/50/5621 3343/49/5621
f 3343/49/5621 3375/49/5621 3384/50/5621
s 2687
f 3385/6/5622 3302/6/5622 3297/3/5622
f 3297/3/5622 3377/3/5622 3385/6/5622
s 2688
f 3317/23/5623 3379/23/5623 3386/25/5623
f 3386/25/5623 3319/25/5623 3317/23/5623
s 2689
f 3337/42/5624 3336/41/5624 3380/41/5624
f 3380/41/5624 3387/42/5624 3337/42/5624
s 2690
f 3355/61/5625 3353/59/5626 3381/59/5627
f 3381/59/5627 3388/61/5625 3355/61/5625
s 2691
f 3382/15/5628 3389/17/5628 3312/17/5628
f 3312/17/5628 3310/15/5628 3382/15/5628
s 2692
f 3383/33/5629 3390/35/5629 3329/35/5629
f 3329/35/5629 3328/33/5630 3383/33/5629
s 2693
f 3384/50/5631 3391/52/5631 3348/52/5631
f 3348/52/5631 3346/50/5632 3384/50/5631
s 2694
f 3302/6/5633 3385/6/5634 3364/8/5633
f 3364/8/5633 3303/8/5633 3302/6/5633
s 2695
f 3392/26/5635 3322/26/5635 3319/25/5635
f 3319/25/5635 3386/25/5635 3392/26/5635
s 2696
f 3393/44/5636 3340/44/5637 3337/42/5637
f 3337/42/5637 3387/42/5636 3393/44/5636
s 2697
f 3394/62/5638 3358/62/5639 3355/61/5638
f 3355/61/5638 3388/61/5638 3394/62/5638
s 2698
f 3312/17/5640 3389/17/5641 3360/18/5640
f 3360/18/5640 3313/18/5640 3312/17/5640
s 2699
f 3329/35/5642 3390/35/5643 3368/37/5644
f 3368/37/5644 3331/37/5645 3329/35/5642
s 2700
f 3349/55/5646 3348/52/5646 3391/52/5646
f 3391/52/5646 3370/55/5646 3349/55/5646
s 2701
f 3363/10/5647 3306/10/5647 3303/8/5647
f 3303/8/5647 3364/8/5647 3363/10/5647
s 2702
f 3392/26/5648 3372/29/5648 3323/29/5648
f 3323/29/5648 3322/26/5648 3392/26/5648
s 2703
f 3393/44/5649 3374/47/5649 3341/47/5649
f 3341/47/5649 3340/44/5649 3393/44/5649
s 2704
f 3394/62/5650 3378/64/5651 3361/64/5650
f 3361/64/5650 3358/62/5652 3394/62/5650
s 2705
f 3395/102/5653 3396/103/5654 3397/104/5655
f 3395/102/5653 3397/104/5655 3398/105/5653
f 3398/105/5653 3399/106/5655 3400/107/5653
f 3395/102/5653 3398/105/5653 3400/107/5653
f 3395/102/5653 3400/107/5653 3401/108/5653
f 3401/108/5653 3402/109/5656 3403/110/5655
f 3395/102/5653 3401/108/5653 3403/110/5655
f 3395/102/5653 3403/110/5655 3404/111/5653
f 3404/111/5653 3405/112/5657 3406/113/5658
f 3395/102/5653 3404/111/5653 3406/113/5658
f 3395/102/5653 3406/113/5658 3407/114/5653
f 3407/114/5653 3408/115/5659 3409/116/5653
f 3395/102/5653 3407/114/5653 3409/116/5653
f 3395/102/5653 3409/116/5653 3410/117/5653
f 3410/117/5653 3411/118/5660 3412/119/5653
f 3395/102/5653 3410/117/5653 3412/119/5653
f 3395/102/5653 3412/119/5653 3413/120/5653
f 3413/120/5653 3414/121/5653 3415/122/5653
f 3395/102/5653 3413/120/5653 3415/122/5653
f 3395/102/5653 3415/122/5653 3416/123/5653
f 3416/123/5653 3417/124/5659 3418/125/5653
f 3395/102/5653 3416/123/5653 3418/125/5653
f 3418/125/5653 3419/126/5661 3420/127/5658
f 3418/125/5653 3420/127/5658 3421/128/5653
f 3395/102/5653 3418/125/5653 3421/128/5653
f 3395/102/5653 3421/128/5653 3366/129/5653
f 3366/129/5653 3365/130/5662 3422/131/5653
f 3395/102/5653 3366/129/5653 3422/131/5653
f 3423/101/5653 3395/102/5653 3422/131/5653
f 3424/100/5662 3423/101/5653 3422/131/5653
s 2706
f 3378/64/5663 3394/62/5663 3396/62/5664
f 3396/62/5664 3395/64/5665 3378/64/5663
s 2707
f 3409/37/5666 3408/39/5666 3367/39/5666
f 3367/39/5666 3368/37/5666 3409/37/5666
s 2708
f 3371/12/5667 3363/10/5667 3366/10/5668
f 3366/10/5668 3421/12/5667 3371/12/5667
s 2709
f 3376/66/5669 3378/64/5670 3395/64/5671
f 3395/64/5671 3423/66/5669 3376/66/5669
s 2710
f 3380/41/5672 3367/39/5672 3408/39/5672
f 3408/39/5672 3407/41/5672 3380/41/5672
s 2711
f 3420/15/5673 3382/15/5673 3371/12/5673
f 3371/12/5673 3421/12/5673 3420/15/5673
s 2712
f 3387/42/5674 3380/41/5675 3407/41/5675
f 3407/41/5675 3406/42/5674 3387/42/5674
s 2713
f 3389/17/5676 3382/15/5676 3420/15/5676
f 3420/15/5676 3419/17/5676 3389/17/5676
s 2714
f 3406/42/5677 3405/44/5677 3393/44/5677
f 3393/44/5677 3387/42/5677 3406/42/5677
s 2715
f 3360/18/5678 3389/17/5678 3419/17/5679
f 3419/17/5679 3418/18/5678 3360/18/5678
s 2716
f 3374/47/5680 3393/44/5680 3405/44/5680
f 3405/44/5680 3404/47/5680 3374/47/5680
s 2717
f 3418/18/5681 3417/21/5681 3359/21/5681
f 3359/21/5681 3360/18/5681 3418/18/5681
s 2718
f 3375/49/5682 3374/47/5682 3404/47/5682
f 3404/47/5682 3403/49/5682 3375/49/5682
s 2719
f 3379/23/5683 3359/21/5683 3417/21/5683
f 3417/21/5683 3416/23/5683 3379/23/5683
s 2720
f 3403/49/5684 3402/50/5684 3384/50/5684
f 3384/50/5684 3375/49/5684 3403/49/5684
s 2721
f 3386/25/5685 3379/23/5686 3416/23/5685
f 3416/23/5685 3415/25/5685 3386/25/5685
s 2722
f 3391/52/5687 3384/50/5687 3402/50/5687
f 3402/50/5687 3401/52/5687 3391/52/5687
s 2723
f 3415/25/5688 3414/26/5688 3392/26/5689
f 3392/26/5689 3386/25/5689 3415/25/5688
s 2724
f 3370/55/5690 3391/52/5690 3401/52/5690
f 3401/52/5690 3400/55/5690 3370/55/5690
s 2725
f 3372/29/5691 3392/26/5691 3414/26/5691
f 3414/26/5691 3413/29/5692 3372/29/5691
s 2726
f 3400/55/5693 3399/56/5694 3369/56/5693
f 3369/56/5693 3370/55/5693 3400/55/5693
s 2727
f 3373/31/5695 3372/29/5695 3413/29/5696
f 3413/29/5696 3412/31/5696 3373/31/5695
s 2728
f 3376/2/5697 3423/2/5698 3424/3/5699
f 3424/3/5699 3377/3/5697 3376/2/5697
s 2729
f 3381/59/5700 3369/56/5701 3399/56/5702
f 3399/56/5702 3398/59/5703 3381/59/5700
s 2730
f 3412/31/5704 3411/33/5705 3383/33/5704
f 3383/33/5704 3373/31/5706 3412/31/5704
s 2731
f 3422/6/5707 3385/6/5707 3377/3/5707
f 3377/3/5707 3424/3/5707 3422/6/5707
s 2732
f 3388/61/5708 3381/59/5708 3398/59/5709
f 3398/59/5709 3397/61/5708 3388/61/5708
s 2733
f 3390/35/5710 3383/33/5710 3411/33/5710
f 3411/33/5710 3410/35/5710 3390/35/5710
s 2734
f 3365/8/5711 3364/8/5711 3385/6/5711
f 3385/6/5711 3422/6/5711 3365/8/5711
s 2735
f 3397/61/5712 3396/62/5712 3394/62/5713
f 3394/62/5713 3388/61/5713 3397/61/5712
s 2736
f 3368/37/5714 3390/35/5715 3410/35/5716
f 3410/35/5716 3409/37/5717 3368/37/5714
s 2737
f 3425/3/5718 3426/4/5718 3427/5/5718
f 3427/5/5718 3428/2/5718 3425/3/5718
s 2738
f 3429/7/5719 3426/4/5719 3425/3/5719
f 3425/3/5719 3430/6/5719 3429/7/5719
s 2739
f 3431/8/5720 3432/9/5721 3429/7/5720
f 3429/7/5720 3430/6/5721 3431/8/5720
s 2740
f 3433/10/5722 3434/11/5722 3432/9/5722
f 3432/9/5722 3431/8/5723 3433/10/5722
s 2741
f 3435/13/5724 3434/11/5724 3433/10/5724
f 3433/10/5724 3436/12/5724 3435/13/5724
s 2742
f 3437/15/5725 3438/14/5725 3435/13/5725
f 3435/13/5725 3436/12/5725 3437/15/5725
s 2743
f 3439/17/5726 3440/16/5726 3438/14/5726
f 3438/14/5726 3437/15/5726 3439/17/5726
s 2744
f 3441/19/5727 3440/16/5727 3439/17/5727
f 3439/17/5727 3442/18/5727 3441/19/5727
s 2745
f 3443/21/5728 3444/20/5728 3441/19/5728
f 3441/19/5728 3442/18/5728 3443/21/5728
s 2746
f 3445/23/5729 3446/22/5729 3444/20/5729
f 3444/20/5729 3443/21/5729 3445/23/5729
s 2747
f 3447/24/5730 3446/22/5730 3445/23/5730
f 3445/23/5730 3448/25/5730 3447/24/5730
s 2748
f 3449/26/5731 3450/27/5731 3447/24/5731
f 3447/24/5731 3448/25/5731 3449/26/5731
s 2749
f 3451/29/5732 3452/28/5732 3450/27/5732
f 3450/27/5732 3449/26/5732 3451/29/5732
s 2750
f 3453/30/5733 3452/28/5734 3451/29/5735
f 3451/29/5735 3454/31/5736 3453/30/5733
s 2751
f 3455/32/5737 3453/30/5737 3454/31/5737
f 3454/31/5737 3456/33/5737 3455/32/5737
s 2752
f 3457/35/5738 3458/34/5738 3455/32/5738
f 3455/32/5738 3456/33/5738 3457/35/5738
s 2753
f 3459/36/5739 3458/34/5739 3457/35/5739
f 3457/35/5739 3460/37/5739 3459/36/5739
s 2754
f 3461/38/5740 3459/36/5740 3460/37/5740
f 3460/37/5740 3462/39/5740 3461/38/5740
s 2755
f 3463/41/5741 3464/40/5741 3461/38/5741
f 3461/38/5741 3462/39/5741 3463/41/5741
s 2756
f 3465/43/5742 3464/40/5742 3463/41/5742
f 3463/41/5742 3466/42/5742 3465/43/5742
s 2757
f 3467/44/5743 3468/45/5743 3465/43/5743
f 3465/43/5743 3466/42/5743 3467/44/5743
s 2758
f 3469/47/5744 3470/46/5744 3468/45/5744
f 3468/45/5744 3467/44/5744 3469/47/5744
s 2759
f 3471/48/5745 3470/46/5745 3469/47/5745
f 3469/47/5745 3472/49/5745 3471/48/5745
s 2760
f 3473/51/5746 3471/48/5746 3472/49/5746
f 3472/49/5746 3474/50/5746 3473/51/5746
s 2761
f 3475/52/5747 3476/53/5747 3473/51/5747
f 3473/51/5747 3474/50/5747 3475/52/5747
s 2762
f 3477/54/5748 3476/53/5748 3475/52/5748
f 3475/52/5748 3478/55/5748 3477/54/5748
s 2763
f 3479/56/5749 3480/57/5749 3477/54/5749
f 3477/54/5749 3478/55/5749 3479/56/5749
s 2764
f 3481/59/5750 3482/58/5750 3480/57/5750
f 3480/57/5750 3479/56/5750 3481/59/5750
s 2765
f 3483/60/5751 3482/58/5751 3481/59/5751
f 3481/59/5751 3484/61/5751 3483/60/5751
s 2766
f 3485/62/5752 3486/63/5753 3483/60/5752
f 3483/60/5752 3484/61/5753 3485/62/5752
s 2767
f 3442/18/5754 3487/18/5754 3488/21/5754
f 3488/21/5754 3443/21/5754 3442/18/5754
s 2768
f 3489/64/5755 3490/65/5755 3486/63/5755
f 3486/63/5755 3485/62/5755 3489/64/5755
s 2769
f 3489/64/5756 3428/66/5756 3427/67/5756
f 3427/67/5756 3490/65/5756 3489/64/5756
s 2770
f 3426/68/5437 3429/69/5440 3432/70/5757
f 3427/98/5026 3426/68/5437 3432/70/5757
f 3427/98/5026 3432/70/5757 3434/71/5026
f 3434/71/5026 3435/72/5757 3438/73/5026
f 3427/98/5026 3434/71/5026 3438/73/5026
f 3427/98/5026 3438/73/5026 3440/74/5026
f 3440/74/5026 3441/75/5026 3444/76/5026
f 3427/98/5026 3440/74/5026 3444/76/5026
f 3427/98/5026 3444/76/5026 3446/77/5026
f 3446/77/5026 3447/78/5026 3450/79/5026
f 3427/98/5026 3446/77/5026 3450/79/5026
f 3427/98/5026 3450/79/5026 3452/80/5026
f 3452/80/5026 3453/81/5026 3455/82/5026
f 3427/98/5026 3452/80/5026 3455/82/5026
f 3427/98/5026 3455/82/5026 3458/83/5026
f 3458/83/5026 3459/84/5026 3461/85/5026
f 3427/98/5026 3458/83/5026 3461/85/5026
f 3427/98/5026 3461/85/5026 3464/86/5026
f 3464/86/5026 3465/87/5437 3468/88/5026
f 3427/98/5026 3464/86/5026 3468/88/5026
f 3427/98/5026 3468/88/5026 3470/89/5026
f 3470/89/5026 3471/90/5439 3473/91/5026
f 3427/98/5026 3470/89/5026 3473/91/5026
f 3427/98/5026 3473/91/5026 3476/92/5026
f 3476/92/5026 3477/93/5026 3480/94/5026
f 3427/98/5026 3476/92/5026 3480/94/5026
f 3427/98/5026 3480/94/5026 3482/95/5026
f 3482/95/5026 3483/96/5026 3486/97/5026
f 3427/98/5026 3482/95/5026 3486/97/5026
f 3427/98/5026 3486/97/5026 3490/99/5440
s 2771
f 3491/8/5758 3492/8/5758 3493/10/5758
f 3493/10/5758 3494/10/5758 3491/8/5758
s 2772
f 3495/39/5759 3462/39/5760 3460/37/5760
f 3460/37/5760 3496/37/5759 3495/39/5759
s 2773
f 3497/56/5761 3479/56/5761 3478/55/5761
f 3478/55/5761 3498/55/5761 3497/56/5761
s 2774
f 3433/10/5762 3494/10/5762 3499/12/5762
f 3499/12/5762 3436/12/5762 3433/10/5762
s 2775
f 3454/31/5763 3451/29/5763 3500/29/5763
f 3500/29/5763 3501/31/5763 3454/31/5763
s 2776
f 3472/49/5764 3469/47/5764 3502/47/5764
f 3502/47/5764 3503/49/5764 3472/49/5764
s 2777
f 3504/3/5765 3425/3/5766 3428/2/5765
f 3428/2/5765 3505/2/5767 3504/3/5765
s 2778
f 3506/64/5768 3505/66/5768 3428/66/5769
f 3428/66/5769 3489/64/5769 3506/64/5768
s 2779
f 3443/21/5770 3488/21/5770 3507/23/5770
f 3507/23/5770 3445/23/5770 3443/21/5770
s 2780
f 3508/41/5771 3463/41/5771 3462/39/5771
f 3462/39/5771 3495/39/5772 3508/41/5771
s 2781
f 3509/59/5773 3481/59/5773 3479/56/5773
f 3479/56/5773 3497/56/5774 3509/59/5773
s 2782
f 3436/12/5775 3499/12/5775 3510/15/5775
f 3510/15/5775 3437/15/5775 3436/12/5775
s 2783
f 3511/33/5776 3456/33/5777 3454/31/5777
f 3454/31/5777 3501/31/5776 3511/33/5776
s 2784
f 3512/50/5778 3474/50/5778 3472/49/5778
f 3472/49/5778 3503/49/5779 3512/50/5778
s 2785
f 3425/3/5780 3504/3/5781 3513/6/5781
f 3513/6/5781 3430/6/5780 3425/3/5780
s 2786
f 3507/23/5782 3514/25/5782 3448/25/5782
f 3448/25/5782 3445/23/5782 3507/23/5782
s 2787
f 3466/42/5783 3463/41/5783 3508/41/5783
f 3508/41/5783 3515/42/5783 3466/42/5783
s 2788
f 3484/61/5784 3481/59/5784 3509/59/5784
f 3509/59/5784 3516/61/5784 3484/61/5784
s 2789
f 3437/15/5785 3510/15/5785 3517/17/5785
f 3517/17/5785 3439/17/5785 3437/15/5785
s 2790
f 3518/35/5786 3457/35/5787 3456/33/5787
f 3456/33/5787 3511/33/5787 3518/35/5786
s 2791
f 3519/52/5788 3475/52/5788 3474/50/5788
f 3474/50/5788 3512/50/5788 3519/52/5788
s 2792
f 3430/6/5789 3513/6/5790 3491/8/5790
f 3491/8/5790 3431/8/5789 3430/6/5789
s 2793
f 3514/25/5791 3520/26/5791 3449/26/5792
f 3449/26/5792 3448/25/5792 3514/25/5791
s 2794
f 3521/44/5793 3467/44/5794 3466/42/5794
f 3466/42/5794 3515/42/5793 3521/44/5793
s 2795
f 3522/62/5795 3485/62/5796 3484/61/5796
f 3484/61/5796 3516/61/5796 3522/62/5795
s 2796
f 3439/17/5797 3517/17/5797 3487/18/5797
f 3487/18/5797 3442/18/5797 3439/17/5797
s 2797
f 3460/37/5798 3457/35/5799 3518/35/5800
f 3518/35/5800 3496/37/5798 3460/37/5798
s 2798
f 3478/55/5801 3475/52/5801 3519/52/5801
f 3519/52/5801 3498/55/5801 3478/55/5801
s 2799
f 3431/8/5802 3491/8/5802 3494/10/5802
f 3494/10/5802 3433/10/5802 3431/8/5802
s 2800
f 3451/29/5803 3449/26/5803 3520/26/5803
f 3520/26/5803 3500/29/5803 3451/29/5803
s 2801
f 3502/47/5804 3469/47/5804 3467/44/5804
f 3467/44/5804 3521/44/5804 3502/47/5804
s 2802
f 3506/64/5805 3489/64/5806 3485/62/5806
f 3485/62/5806 3522/62/5806 3506/64/5805
s 2803
f 3523/100/5807 3524/101/5808 3525/102/5807
f 3525/102/5807 3526/103/5809 3527/104/5807
f 3523/100/5807 3525/102/5807 3527/104/5807
f 3528/105/5810 3529/106/5807 3530/107/5807
f 3527/104/5807 3528/105/5810 3530/107/5807
f 3523/100/5807 3527/104/5807 3530/107/5807
f 3531/108/5811 3532/109/5812 3533/110/5807
f 3530/107/5807 3531/108/5811 3533/110/5807
f 3534/111/5807 3535/112/5813 3536/113/5807
f 3533/110/5807 3534/111/5807 3536/113/5807
f 3530/107/5807 3533/110/5807 3536/113/5807
f 3523/100/5807 3530/107/5807 3536/113/5807
f 3537/114/5814 3538/115/5815 3539/116/5807
f 3536/113/5807 3537/114/5814 3539/116/5807
f 3540/117/5816 3541/118/5814 3542/119/5807
f 3539/116/5807 3540/117/5816 3542/119/5807
f 3536/113/5807 3539/116/5807 3542/119/5807
f 3543/120/5815 3544/121/5812 3545/122/5807
f 3542/119/5807 3543/120/5815 3545/122/5807
f 3546/123/5812 3547/124/5817 3548/125/5807
f 3545/122/5807 3546/123/5812 3548/125/5807
f 3542/119/5807 3545/122/5807 3548/125/5807
f 3536/113/5807 3542/119/5807 3548/125/5807
f 3523/100/5807 3536/113/5807 3548/125/5807
f 3549/126/5807 3550/127/5807 3551/128/5818
f 3548/125/5807 3549/126/5807 3551/128/5818
f 3493/129/5819 3492/130/5820 3552/131/5812
f 3551/128/5818 3493/129/5819 3552/131/5812
f 3548/125/5807 3551/128/5818 3552/131/5812
f 3523/100/5807 3548/125/5807 3552/131/5812
s 2804
f 3522/62/5821 3526/62/5822 3525/64/5821
f 3525/64/5821 3506/64/5822 3522/62/5821
s 2805
f 3495/39/5823 3496/37/5824 3539/37/5824
f 3539/37/5824 3538/39/5824 3495/39/5823
s 2806
f 3551/12/5825 3499/12/5825 3494/10/5825
f 3494/10/5825 3493/10/5825 3551/12/5825
s 2807
f 3525/64/5826 3524/66/5827 3505/66/5828
f 3505/66/5828 3506/64/5828 3525/64/5826
s 2808
f 3495/39/5829 3538/39/5830 3537/41/5829
f 3537/41/5829 3508/41/5831 3495/39/5829
s 2809
f 3510/15/5832 3499/12/5832 3551/12/5832
f 3551/12/5832 3550/15/5832 3510/15/5832
s 2810
f 3536/42/5833 3515/42/5834 3508/41/5834
f 3508/41/5834 3537/41/5833 3536/42/5833
s 2811
f 3510/15/5835 3550/15/5835 3549/17/5835
f 3549/17/5835 3517/17/5835 3510/15/5835
s 2812
f 3521/44/5836 3515/42/5836 3536/42/5837
f 3536/42/5837 3535/44/5837 3521/44/5836
s 2813
f 3548/18/5838 3487/18/5839 3517/17/5839
f 3517/17/5839 3549/17/5839 3548/18/5838
s 2814
f 3521/44/5840 3535/44/5840 3534/47/5840
f 3534/47/5840 3502/47/5840 3521/44/5840
s 2815
f 3488/21/5841 3487/18/5841 3548/18/5841
f 3548/18/5841 3547/21/5841 3488/21/5841
s 2816
f 3533/49/5842 3503/49/5843 3502/47/5844
f 3502/47/5844 3534/47/5842 3533/49/5842
s 2817
f 3488/21/5845 3547/21/5845 3546/23/5845
f 3546/23/5845 3507/23/5845 3488/21/5845
s 2818
f 3512/50/5846 3503/49/5846 3533/49/5847
f 3533/49/5847 3532/50/5847 3512/50/5846
s 2819
f 3507/23/5848 3546/23/5848 3545/25/5848
f 3545/25/5848 3514/25/5848 3507/23/5848
s 2820
f 3512/50/5849 3532/50/5849 3531/52/5849
f 3531/52/5849 3519/52/5849 3512/50/5849
s 2821
f 3545/25/5850 3544/26/5850 3520/26/5851
f 3520/26/5851 3514/25/5850 3545/25/5850
s 2822
f 3530/55/5852 3498/55/5853 3519/52/5853
f 3519/52/5853 3531/52/5854 3530/55/5852
s 2823
f 3543/29/5855 3500/29/5856 3520/26/5856
f 3520/26/5856 3544/26/5855 3543/29/5855
s 2824
f 3497/56/5857 3498/55/5857 3530/55/5857
f 3530/55/5857 3529/56/5857 3497/56/5857
s 2825
f 3542/31/5858 3501/31/5859 3500/29/5859
f 3500/29/5859 3543/29/5858 3542/31/5858
s 2826
f 3504/3/5860 3505/2/5860 3524/2/5860
f 3524/2/5860 3523/3/5860 3504/3/5860
s 2827
f 3497/56/5861 3529/56/5861 3528/59/5861
f 3528/59/5861 3509/59/5861 3497/56/5861
s 2828
f 3511/33/5862 3501/31/5862 3542/31/5862
f 3542/31/5862 3541/33/5862 3511/33/5862
s 2829
f 3552/6/5863 3513/6/5863 3504/3/5863
f 3504/3/5863 3523/3/5864 3552/6/5863
s 2830
f 3527/61/5865 3516/61/5866 3509/59/5866
f 3509/59/5866 3528/59/5865 3527/61/5865
s 2831
f 3511/33/5867 3541/33/5867 3540/35/5867
f 3540/35/5867 3518/35/5867 3511/33/5867
s 2832
f 3491/8/5868 3513/6/5868 3552/6/5869
f 3552/6/5869 3492/8/5870 3491/8/5868
s 2833
f 3522/62/5871 3516/61/5872 3527/61/5871
f 3527/61/5871 3526/62/5873 3522/62/5871
s 2834
f 3539/37/5874 3496/37/5874 3518/35/5874
f 3518/35/5874 3540/35/5875 3539/37/5874
