# Blender 5.0.1
# www.blender.org
mtllib goddard_pie_delante_izq.mtl
g pie_deltante_izquierda_Mesh
v 0.012980 -0.133429 0.429042
v -0.058920 -0.102629 0.421342
v -0.128020 -0.073129 0.398542
v -0.191720 -0.045829 0.361542
v -0.247620 -0.021929 0.311642
v -0.293420 -0.002329 0.250942
v -0.327520 0.012271 0.181642
v -0.348420 0.021171 0.106442
v -0.355520 0.024272 0.028242
v -0.348420 0.021171 -0.049958
v -0.327520 0.012271 -0.125158
v -0.293420 -0.002329 -0.194458
v -0.247620 -0.021929 -0.255258
v -0.191720 -0.045829 -0.305058
v -0.128020 -0.073129 -0.342158
v -0.058920 -0.102629 -0.364958
v 0.012980 -0.133428 -0.372658
v 0.084880 -0.164228 -0.364958
v 0.154080 -0.193728 -0.342158
v 0.217780 -0.221029 -0.305058
v 0.273580 -0.244929 -0.255258
v 0.319480 -0.264529 -0.194458
v 0.353480 -0.279129 -0.125158
v 0.374480 -0.288029 -0.049958
v 0.381580 -0.291129 0.028242
v 0.374480 -0.288029 0.106442
v 0.353480 -0.279129 0.181642
v 0.319480 -0.264529 0.250942
v 0.273580 -0.244929 0.311642
v 0.084880 -0.164228 0.421342
v 0.217780 -0.221029 0.361542
v 0.154080 -0.193728 0.398542
v 0.322780 -0.408929 -0.049958
v 0.276180 -0.428129 -0.042958
v 0.282580 -0.430929 0.028242
v 0.329780 -0.412029 0.028242
v 0.102280 -0.314629 -0.342158
v 0.166080 -0.341929 -0.305058
v -0.038720 -0.254329 0.429042
v 0.033180 -0.285028 0.421342
v -0.299320 -0.142828 0.311642
v -0.345120 -0.123229 0.250942
v 0.033180 -0.285028 -0.364958
v 0.102280 -0.314629 0.398542
v -0.243520 -0.166728 0.361542
v -0.038720 -0.254329 -0.372658
v 0.166080 -0.341929 0.361542
v -0.179720 -0.193929 0.398542
v -0.110620 -0.223529 -0.364958
v 0.221880 -0.365829 0.311642
v -0.110620 -0.223529 0.421342
v -0.179720 -0.193929 -0.342158
v 0.267680 -0.385429 0.250942
v -0.243520 -0.166728 -0.305058
v 0.301780 -0.400029 0.181642
v -0.299320 -0.142828 -0.255258
v 0.322780 -0.408929 0.106442
v -0.345120 -0.123228 -0.194458
v -0.379220 -0.108629 -0.125158
v -0.400220 -0.099628 -0.049958
v 0.301780 -0.400029 -0.125158
v -0.407220 -0.096629 0.028242
v 0.267680 -0.385429 -0.194458
v -0.400220 -0.099628 0.106442
v 0.221880 -0.365828 -0.255258
v -0.379220 -0.108629 0.181642
v 0.184380 -0.388829 -0.229858
v 0.195980 -0.414929 -0.250758
v 0.241080 -0.434229 -0.190958
v 0.226080 -0.406729 -0.174558
v -0.381920 -0.146629 -0.042958
v -0.362820 -0.154729 -0.111458
v 0.257080 -0.420029 -0.111458
v -0.388320 -0.143829 0.028242
v -0.381920 -0.146629 0.099342
v -0.362820 -0.154729 0.167842
v 0.133480 -0.367129 -0.275158
v -0.331820 -0.168029 0.230942
v 0.075480 -0.342329 -0.308958
v 0.012580 -0.315429 0.386142
v -0.052820 -0.287429 0.393142
v -0.290120 -0.185929 0.286242
v 0.012580 -0.315429 -0.329658
v 0.075480 -0.342329 0.365342
v -0.239220 -0.207629 0.331642
v -0.052820 -0.287429 -0.336658
v 0.133480 -0.367129 0.331642
v -0.181220 -0.232429 0.365342
v -0.118320 -0.259329 -0.329658
v 0.184380 -0.388829 0.286242
v -0.118320 -0.259329 0.386142
v -0.181220 -0.232428 -0.308958
v 0.226080 -0.406729 0.230942
v -0.239220 -0.207629 -0.275158
v 0.257080 -0.420029 0.167842
v -0.290120 -0.185929 -0.229858
v 0.276180 -0.428129 0.099342
v -0.331820 -0.168029 -0.174558
v 0.078280 -0.364529 -0.336258
v 0.010280 -0.335429 -0.358658
v -0.049320 -0.474829 -0.358658
v 0.018680 -0.503929 -0.336258
v -0.395520 -0.161828 0.179142
v -0.416220 -0.153028 0.105142
v 0.140980 -0.391429 -0.299758
v -0.362020 -0.176228 0.247342
v 0.010280 -0.335429 0.415042
v -0.060520 -0.305229 0.422642
v -0.316920 -0.195528 0.307142
v 0.078280 -0.364529 0.392642
v -0.262020 -0.219028 0.356142
v -0.060520 -0.305229 -0.366258
v 0.140980 -0.391429 0.356142
v -0.199320 -0.245829 0.392642
v -0.131220 -0.274929 -0.358658
v 0.195980 -0.414929 0.307142
v -0.131220 -0.274929 0.415042
v -0.199320 -0.245829 -0.336258
v 0.241080 -0.434229 0.247342
v -0.262020 -0.219028 -0.299758
v 0.274580 -0.448529 0.179142
v -0.316920 -0.195528 -0.250758
v 0.295180 -0.457329 0.105142
v -0.362020 -0.176228 -0.190958
v 0.302180 -0.460329 0.028242
v -0.395520 -0.161828 -0.122758
v 0.295180 -0.457329 -0.048758
v -0.416220 -0.153028 -0.048758
v 0.274580 -0.448529 -0.122758
v -0.423120 -0.150029 0.028242
v -0.258920 -0.385229 -0.336258
v -0.260420 -0.429929 -0.297258
v -0.199720 -0.455929 -0.317258
v -0.190920 -0.414329 -0.358658
v 0.018680 -0.503929 0.392642
v -0.049320 -0.474829 0.415042
v -0.321620 -0.358329 0.356142
v -0.376520 -0.334829 0.307142
v -0.120120 -0.444529 -0.366258
v 0.081380 -0.530729 0.356142
v -0.258920 -0.385229 0.392642
v 0.136280 -0.554329 0.307142
v -0.190920 -0.414329 0.415042
v 0.181380 -0.573629 0.247342
v -0.120120 -0.444529 0.422642
v -0.321620 -0.358329 -0.299758
v 0.214980 -0.587929 0.179142
v -0.376520 -0.334829 -0.250758
v 0.235580 -0.596729 0.105142
v -0.421620 -0.315529 -0.190958
v 0.242580 -0.599729 0.028242
v -0.455220 -0.301228 -0.122758
v 0.235580 -0.596729 -0.048758
v -0.475820 -0.292428 -0.048758
v 0.214980 -0.587929 -0.122758
v -0.482820 -0.289429 0.028242
v 0.181380 -0.573629 -0.190958
v -0.475820 -0.292428 0.105142
v 0.136280 -0.554329 -0.250758
v -0.455220 -0.301228 0.179142
v 0.081380 -0.530729 -0.299758
v -0.421620 -0.315529 0.247342
v -0.405820 -0.367729 -0.167458
v -0.456620 -0.399429 -0.190358
v -0.411620 -0.418629 -0.249958
v -0.365520 -0.384929 -0.220858
v 0.132780 -0.598129 0.223942
v 0.092480 -0.580929 0.277242
v -0.199720 -0.455929 0.373742
v -0.136520 -0.482929 0.380442
v -0.316420 -0.405929 -0.264658
v 0.162680 -0.610929 0.163042
v 0.181080 -0.618829 0.096942
v 0.187380 -0.621429 0.028242
v -0.435720 -0.354929 -0.106558
v 0.181080 -0.618829 -0.040558
v -0.454120 -0.347029 -0.040558
v 0.162680 -0.610929 -0.106558
v -0.460420 -0.344329 0.028242
v 0.132780 -0.598129 -0.167458
v -0.454120 -0.347029 0.096942
v 0.092480 -0.580929 -0.220858
v -0.435720 -0.354929 0.163042
v 0.043380 -0.559929 -0.264658
v -0.405820 -0.367729 0.223942
v -0.012620 -0.535929 -0.297258
v -0.073320 -0.509929 0.373742
v -0.365520 -0.384929 0.277242
v -0.073320 -0.509929 -0.317258
v -0.012620 -0.535929 0.353642
v -0.316420 -0.405929 0.321142
v -0.136520 -0.482929 -0.324058
v 0.043380 -0.559929 0.321142
v -0.260420 -0.429929 0.353642
v -0.576520 -0.511029 0.028242
v -0.569520 -0.514029 -0.048558
v -0.510620 -0.376329 -0.048558
v -0.517520 -0.373329 0.028242
v 0.198880 -0.679829 0.104942
v 0.205880 -0.682829 0.028242
v -0.490020 -0.385128 -0.122358
v 0.198880 -0.679829 -0.048558
v 0.178380 -0.671029 -0.122358
v 0.144880 -0.656729 -0.190358
v -0.510620 -0.376329 0.104942
v 0.099880 -0.637529 -0.249958
v -0.490020 -0.385128 0.178742
v 0.045080 -0.614029 -0.298958
v -0.456620 -0.399429 0.246742
v -0.017420 -0.587329 -0.335258
v -0.085320 -0.558229 0.414042
v -0.155820 -0.528129 0.421642
v -0.411620 -0.418629 0.306442
v -0.085320 -0.558229 -0.357658
v -0.017420 -0.587329 0.391642
v -0.356820 -0.442129 0.355342
v -0.155820 -0.528129 -0.365258
v 0.045080 -0.614029 0.355342
v -0.294320 -0.468829 0.391642
v -0.226420 -0.497929 -0.357658
v 0.099880 -0.637529 0.306442
v -0.226420 -0.497929 0.414042
v -0.294320 -0.468829 -0.335258
v 0.144880 -0.656729 0.246742
v -0.356820 -0.442129 -0.298958
v 0.178380 -0.671029 0.178742
v -0.515520 -0.537129 0.246742
v -0.499520 -0.617029 0.216142
v -0.528820 -0.606329 0.157642
v -0.548920 -0.522829 0.178742
v 0.085980 -0.794429 -0.190358
v 0.119380 -0.808729 -0.122358
v -0.569520 -0.514029 0.104942
v 0.040980 -0.775229 -0.249958
v -0.013820 -0.751729 -0.298958
v -0.076320 -0.725029 -0.335258
v -0.144220 -0.696029 0.414042
v -0.214720 -0.665829 0.421642
v -0.470520 -0.556329 0.306442
v -0.144220 -0.696029 -0.357658
v -0.076320 -0.725029 0.391642
v -0.415720 -0.579829 0.355342
v -0.214720 -0.665829 -0.365258
v -0.013820 -0.751729 0.355342
v -0.353220 -0.606529 0.391642
v -0.285320 -0.635629 -0.357658
v 0.040980 -0.775229 0.306442
v -0.285320 -0.635629 0.414042
v -0.353220 -0.606529 -0.335258
v 0.085980 -0.794429 0.246742
v -0.415720 -0.579829 -0.298958
v 0.119380 -0.808729 0.178742
v -0.470520 -0.556329 -0.249958
v 0.139980 -0.817529 0.104942
v -0.515520 -0.537129 -0.190358
v 0.146980 -0.820529 0.028242
v -0.548920 -0.522829 -0.122358
v 0.139980 -0.817529 -0.048558
v -0.608220 -0.621129 -0.047758
v -0.587420 -0.628829 -0.120858
v -0.528820 -0.606329 -0.101258
v -0.546920 -0.599729 -0.037758
v -0.113820 -0.758529 -0.284358
v -0.058820 -0.778629 -0.253158
v -0.173420 -0.736629 0.360042
v -0.235320 -0.713929 0.366542
v -0.460020 -0.631529 0.267442
v -0.173420 -0.736629 -0.303658
v -0.113820 -0.758529 0.340842
v -0.411820 -0.649229 0.309542
v -0.235320 -0.713929 -0.310158
v -0.058820 -0.778629 0.309542
v -0.356920 -0.669329 0.340842
v -0.297320 -0.691229 -0.303658
v -0.010720 -0.796229 0.267442
v -0.297320 -0.691229 0.360042
v -0.356920 -0.669329 -0.284358
v 0.028780 -0.810729 0.216142
v -0.411820 -0.649229 -0.253158
v 0.058180 -0.821529 0.157642
v -0.460020 -0.631529 -0.211058
v 0.076180 -0.828129 0.094242
v -0.499520 -0.617029 -0.159758
v 0.082280 -0.830329 0.028242
v 0.076180 -0.828129 -0.037758
v 0.058180 -0.821529 -0.101258
v -0.553020 -0.597429 0.028242
v 0.028780 -0.810729 -0.159758
v -0.546920 -0.599729 0.094242
v -0.010720 -0.796229 -0.211058
v -0.587420 -0.628829 0.177242
v -0.635720 -0.760729 0.177242
v -0.656520 -0.753029 0.104142
v -0.608220 -0.621129 0.104142
v 0.088280 -0.876529 -0.120858
v 0.109080 -0.884129 -0.047758
v -0.615220 -0.618529 0.028242
v 0.054480 -0.864129 -0.188158
v 0.008980 -0.847429 -0.247158
v -0.046420 -0.827129 -0.295658
v -0.553620 -0.641129 0.244542
v -0.109620 -0.803929 -0.331658
v -0.178220 -0.778829 0.410242
v -0.249520 -0.752629 0.417642
v -0.508120 -0.657829 0.303642
v -0.178220 -0.778829 -0.353758
v -0.109620 -0.803929 0.388042
v -0.452720 -0.678129 0.352042
v -0.249520 -0.752629 -0.361258
v -0.046420 -0.827129 0.352042
v -0.389520 -0.701329 0.388042
v -0.320920 -0.726529 -0.353758
v 0.008980 -0.847429 0.303642
v -0.320920 -0.726529 0.410242
v -0.389520 -0.701329 -0.331658
v 0.054480 -0.864129 0.244542
v -0.452720 -0.678129 -0.295658
v 0.088280 -0.876529 0.177242
v -0.508120 -0.657829 -0.247158
v 0.109080 -0.884129 0.104142
v -0.553620 -0.641129 -0.188158
v 0.116180 -0.886729 0.028242
v -0.544120 -0.872229 0.264042
v -0.556520 -0.789729 0.303642
v -0.501120 -0.810129 0.352042
v -0.495720 -0.886829 0.305442
v -0.094720 -0.959029 -0.295658
v -0.039320 -0.979329 -0.247158
v -0.601920 -0.773129 0.244542
v -0.158020 -0.935829 -0.331658
v -0.226620 -0.910729 0.410242
v -0.297920 -0.884529 0.417642
v -0.226620 -0.910729 -0.353758
v -0.158020 -0.935829 0.388042
v -0.297920 -0.884529 -0.361258
v -0.094720 -0.959029 0.352042
v -0.437820 -0.833229 0.388042
v -0.369220 -0.858429 -0.353758
v -0.039320 -0.979329 0.303642
v -0.369220 -0.858429 0.410242
v -0.437820 -0.833229 -0.331658
v 0.006180 -0.996029 0.244542
v -0.501120 -0.810129 -0.295658
v 0.039980 -1.008429 0.177242
v -0.556520 -0.789729 -0.247158
v 0.060780 -1.016029 0.104142
v -0.601920 -0.773129 -0.188158
v 0.067780 -1.018629 0.028242
v -0.635720 -0.760729 -0.120858
v 0.060780 -1.016029 -0.047758
v -0.656520 -0.753029 -0.047758
v 0.039980 -1.008429 -0.120858
v -0.663620 -0.750529 0.028242
v 0.006180 -0.996029 -0.188158
v -0.329720 -0.978129 0.405342
v -0.400220 -0.956829 0.398142
v -0.380620 -0.921529 0.355242
v -0.318320 -0.940329 0.361642
v -0.318320 -0.940329 -0.305258
v -0.256020 -0.959029 -0.298858
v -0.140920 -0.993729 0.305442
v -0.196120 -0.977129 0.336242
v -0.440520 -0.903429 0.336242
v -0.380620 -0.921529 -0.298858
v -0.092620 -1.008329 0.264042
v -0.440520 -0.903429 -0.279858
v -0.052920 -1.020329 0.213442
v -0.495720 -0.886829 -0.249058
v -0.023420 -1.029229 0.155842
v -0.544120 -0.872229 -0.207558
v -0.005220 -1.034629 0.093242
v -0.583820 -0.860329 -0.157058
v 0.000980 -1.036529 0.028242
v -0.613320 -0.851429 -0.099358
v -0.005220 -1.034629 -0.036858
v -0.631520 -0.845929 -0.036858
v -0.023420 -1.029229 -0.099358
v -0.637620 -0.844029 0.028242
v -0.052920 -1.020329 -0.157058
v -0.631520 -0.845929 0.093242
v -0.092620 -1.008329 -0.207558
v -0.613320 -0.851429 0.155842
v -0.140920 -0.993729 -0.249058
v -0.583820 -0.860329 0.213442
v -0.196120 -0.977129 -0.279858
v -0.256020 -0.959029 0.355242
v -0.663320 -0.877529 -0.116158
v -0.700620 -1.001229 -0.116158
v -0.667220 -1.011329 -0.181358
v -0.630020 -0.887629 -0.181358
v -0.530320 -0.917629 -0.285358
v -0.467920 -0.936429 -0.320258
v -0.029520 -1.068629 0.237742
v 0.003880 -1.078629 0.172542
v -0.585120 -0.901129 -0.238458
v 0.024380 -1.084829 0.101742
v 0.031380 -1.086929 0.028242
v 0.024380 -1.084829 -0.045358
v -0.683920 -0.871329 -0.045358
v 0.003880 -1.078629 -0.116158
v -0.690820 -0.869229 0.028242
v -0.029520 -1.068629 -0.181358
v -0.683920 -0.871329 0.101742
v -0.074420 -1.055029 -0.238458
v -0.663320 -0.877529 0.172542
v -0.129120 -1.038529 -0.285358
v -0.630020 -0.887629 0.237742
v -0.191520 -1.019729 -0.320258
v -0.259320 -0.999329 0.398142
v -0.585120 -0.901129 0.294842
v -0.259320 -0.999329 -0.341658
v -0.191520 -1.019729 0.376642
v -0.530320 -0.917629 0.341742
v -0.329720 -0.978129 -0.348958
v -0.129120 -1.038529 0.341742
v -0.467920 -0.936429 0.376642
v -0.400220 -0.956829 -0.341658
v -0.074420 -1.055029 0.294842
v -0.689220 -1.080629 0.028242
v -0.728120 -0.992929 0.028242
v -0.721220 -0.995029 0.101742
v -0.683320 -1.081929 0.089742
v -0.012820 -1.208529 -0.045358
v -0.005920 -1.210629 0.028242
v -0.721220 -0.995029 -0.045358
v -0.033420 -1.202329 -0.116158
v -0.066820 -1.192229 -0.181358
v -0.111720 -1.178729 -0.238458
v -0.700620 -1.001229 0.172542
v -0.166420 -1.162229 -0.285358
v -0.667220 -1.011329 0.237742
v -0.228820 -1.143429 -0.320258
v -0.367020 -1.101829 0.405342
v -0.296620 -1.123029 0.398142
v -0.622320 -1.024829 0.294842
v -0.296620 -1.123029 -0.341658
v -0.228820 -1.143429 0.376642
v -0.567620 -1.041329 0.341742
v -0.367020 -1.101829 -0.348958
v -0.166420 -1.162229 0.341742
v -0.505220 -1.060129 0.376642
v -0.437420 -1.080529 -0.341658
v -0.111720 -1.178729 0.294842
v -0.437420 -1.080529 0.398142
v -0.505220 -1.060129 -0.320258
v -0.066820 -1.192229 0.237742
v -0.567620 -1.041329 -0.285358
v -0.033420 -1.202329 0.172542
v -0.622320 -1.024829 -0.238458
v -0.012820 -1.208529 0.101742
v -0.380720 -1.147129 0.343842
v -0.320520 -1.160129 0.337742
v -0.323520 -1.219729 0.385842
v -0.393120 -1.204729 0.392842
v -0.162520 -1.194229 -0.194958
v -0.124120 -1.202429 -0.147158
v -0.665720 -1.085729 0.148942
v -0.209320 -1.184129 -0.234258
v -0.637220 -1.091829 0.203542
v -0.262620 -1.172629 -0.263358
v -0.598820 -1.100129 0.251342
v -0.320520 -1.160129 -0.281358
v -0.262620 -1.172629 0.319742
v -0.552120 -1.110229 0.290642
v -0.380720 -1.147129 -0.287358
v -0.209320 -1.184129 0.290642
v -0.498720 -1.121729 0.319742
v -0.440920 -1.134229 -0.281358
v -0.162520 -1.194229 0.251342
v -0.440920 -1.134229 0.337742
v -0.498720 -1.121729 -0.263358
v -0.124120 -1.202429 0.203542
v -0.552120 -1.110229 -0.234258
v -0.095620 -1.208629 0.148942
v -0.598820 -1.100129 -0.194958
v -0.078120 -1.212429 0.089742
v -0.637220 -1.091829 -0.147158
v -0.072220 -1.213629 0.028242
v -0.665720 -1.085729 -0.092558
v -0.078120 -1.212429 -0.033358
v -0.683320 -1.081929 -0.033358
v -0.095620 -1.208629 -0.092558
v -0.141020 -1.259029 0.286042
v -0.168220 -1.385029 0.286042
v -0.222220 -1.373429 0.331442
v -0.195020 -1.247429 0.331442
v -0.645220 -1.150329 0.286042
v -0.689520 -1.140829 0.230842
v -0.323520 -1.219729 -0.329458
v -0.256720 -1.234129 -0.308758
v -0.256720 -1.234129 0.365142
v -0.591120 -1.162029 0.331442
v -0.393120 -1.204729 -0.336458
v -0.529520 -1.175329 0.365142
v -0.462620 -1.189729 -0.329458
v -0.462620 -1.189729 0.385842
v -0.529520 -1.175329 -0.308758
v -0.096720 -1.268629 0.230842
v -0.591120 -1.162029 -0.275058
v -0.063720 -1.275729 0.167742
v -0.645220 -1.150329 -0.229658
v -0.043420 -1.280129 0.099342
v -0.689520 -1.140829 -0.174358
v -0.036620 -1.281629 0.028242
v -0.722420 -1.133729 -0.111358
v -0.043420 -1.280129 -0.042958
v -0.742720 -1.129329 -0.042958
v -0.063720 -1.275729 -0.111358
v -0.749620 -1.127829 0.028242
v -0.096720 -1.268629 -0.174358
v -0.742720 -1.129329 0.099342
v -0.141020 -1.259029 -0.229658
v -0.722420 -1.133729 0.167742
v -0.195020 -1.247429 -0.275058
v -0.130420 -1.407729 0.087842
v -0.147520 -1.404729 0.145142
v -0.090920 -1.401729 0.167742
v -0.070620 -1.406029 0.099342
v -0.489820 -1.315729 0.385842
v -0.556720 -1.301229 0.365142
v -0.556720 -1.301229 -0.308758
v -0.489820 -1.315729 -0.329458
v -0.123820 -1.394629 0.230842
v -0.420220 -1.330729 0.392842
v -0.618320 -1.287929 -0.275058
v -0.672320 -1.276329 -0.229658
v -0.716720 -1.266729 -0.174358
v -0.063720 -1.407529 0.028242
v -0.749620 -1.259629 -0.111358
v -0.070620 -1.406029 -0.042958
v -0.769920 -1.255329 -0.042958
v -0.090920 -1.401729 -0.111358
v -0.776720 -1.253829 0.028242
v -0.123820 -1.394629 -0.174358
v -0.769920 -1.255329 0.099342
v -0.168220 -1.385029 -0.229658
v -0.749620 -1.259629 0.167742
v -0.222220 -1.373429 -0.275058
v -0.716720 -1.266729 0.230842
v -0.283820 -1.360129 -0.308758
v -0.350720 -1.345629 0.385842
v -0.672320 -1.276329 0.286042
v -0.350720 -1.345629 -0.329458
v -0.283820 -1.360129 0.365142
v -0.618320 -1.287929 0.331442
v -0.420220 -1.330729 -0.336458
v -0.147520 -1.404729 -0.088758
v -0.107620 -1.445629 -0.107958
v -0.087720 -1.449129 -0.041258
v -0.130420 -1.407729 -0.031458
v -0.676220 -1.313029 -0.141658
v -0.638820 -1.319529 -0.187958
v -0.124620 -1.408729 0.028242
v -0.704120 -1.308229 -0.088758
v -0.721220 -1.305229 -0.031458
v -0.727020 -1.304229 0.028242
v -0.175420 -1.399929 -0.141658
v -0.721220 -1.305229 0.087842
v -0.212820 -1.393429 -0.187958
v -0.704120 -1.308229 0.145142
v -0.258520 -1.385529 -0.225958
v -0.676220 -1.313029 0.198042
v -0.310520 -1.376429 -0.254258
v -0.367020 -1.366629 0.328042
v -0.425820 -1.356429 0.333842
v -0.638820 -1.319529 0.244342
v -0.367020 -1.366629 -0.271658
v -0.310520 -1.376429 0.310642
v -0.593120 -1.327429 0.282342
v -0.425820 -1.356429 -0.277458
v -0.258520 -1.385529 0.282342
v -0.541120 -1.336529 0.310642
v -0.484620 -1.346329 -0.271658
v -0.212820 -1.393429 0.244342
v -0.484620 -1.346329 0.328042
v -0.541120 -1.336529 -0.254258
v -0.175420 -1.399929 0.198042
v -0.593120 -1.327429 -0.225958
v -0.236820 -1.423229 -0.267658
v -0.258420 -1.548229 -0.267658
v -0.205320 -1.557429 -0.223358
v -0.183620 -1.432529 -0.223358
v -0.782120 -1.328729 0.028242
v -0.775420 -1.329829 -0.041258
v -0.140020 -1.440029 -0.169458
v -0.775420 -1.329829 0.097642
v -0.755420 -1.333329 0.164342
v -0.723020 -1.338929 0.225842
v -0.297420 -1.412729 -0.300558
v -0.363120 -1.401329 0.377142
v -0.431520 -1.389529 0.384042
v -0.679420 -1.346529 0.279842
v -0.363120 -1.401329 -0.320758
v -0.297420 -1.412729 0.356942
v -0.626320 -1.355729 0.324042
v -0.431520 -1.389529 -0.327658
v -0.236820 -1.423229 0.324042
v -0.565720 -1.366229 0.356942
v -0.499920 -1.377629 -0.320758
v -0.183620 -1.432529 0.279842
v -0.499920 -1.377629 0.377142
v -0.565720 -1.366229 -0.300558
v -0.140020 -1.440029 0.225842
v -0.626320 -1.355729 -0.267658
v -0.107620 -1.445629 0.164342
v -0.679420 -1.346529 -0.223358
v -0.087720 -1.449129 0.097642
v -0.723020 -1.338929 -0.169458
v -0.080920 -1.450329 0.028242
v -0.755420 -1.333329 -0.107958
v -0.453220 -1.514429 -0.327658
v -0.461620 -1.563129 -0.281858
v -0.401320 -1.566629 -0.275858
v -0.384820 -1.526229 -0.320758
v -0.744720 -1.463829 0.225842
v -0.777120 -1.458229 0.164342
v -0.319020 -1.537629 -0.300558
v -0.384820 -1.526229 0.377142
v -0.453220 -1.514429 0.384042
v -0.701120 -1.471429 0.279842
v -0.319020 -1.537629 0.356942
v -0.648020 -1.480629 0.324042
v -0.258420 -1.548229 0.324042
v -0.587320 -1.491129 0.356942
v -0.521620 -1.502529 -0.320758
v -0.205320 -1.557429 0.279842
v -0.521620 -1.502529 0.377142
v -0.587320 -1.491129 -0.300558
v -0.161720 -1.564929 0.225842
v -0.648020 -1.480629 -0.267658
v -0.129320 -1.570529 0.164342
v -0.701120 -1.471429 -0.223358
v -0.109320 -1.574029 0.097642
v -0.744720 -1.463829 -0.169458
v -0.102620 -1.575229 0.028242
v -0.777120 -1.458229 -0.107958
v -0.109320 -1.574029 -0.041258
v -0.797020 -1.454829 -0.041258
v -0.129320 -1.570529 -0.107958
v -0.803820 -1.453629 0.028242
v -0.161720 -1.564929 -0.169458
v -0.797020 -1.454829 0.097642
v -0.633620 -1.553429 -0.229558
v -0.657720 -1.575729 -0.263658
v -0.597120 -1.579129 -0.296058
v -0.580120 -1.556429 -0.258258
v -0.289720 -1.572929 0.286042
v -0.343220 -1.569929 0.314642
v -0.580120 -1.556429 0.314642
v -0.633620 -1.553429 0.286042
v -0.522020 -1.559729 -0.275858
v -0.242820 -1.575629 0.247442
v -0.522020 -1.559729 0.332342
v -0.204320 -1.577829 0.200442
v -0.461620 -1.563129 0.338242
v -0.175720 -1.579429 0.146842
v -0.680520 -1.550729 -0.191058
v -0.158020 -1.580429 0.088642
v -0.719020 -1.548529 -0.144058
v -0.152120 -1.580829 0.028242
v -0.747620 -1.546929 -0.090458
v -0.158020 -1.580429 -0.032258
v -0.765220 -1.545929 -0.032258
v -0.175720 -1.579429 -0.090458
v -0.771220 -1.545529 0.028242
v -0.204320 -1.577829 -0.144058
v -0.765220 -1.545929 0.088642
v -0.242820 -1.575629 -0.191058
v -0.747620 -1.546929 0.146842
v -0.289720 -1.572929 -0.229558
v -0.719020 -1.548529 0.200442
v -0.343220 -1.569929 -0.258258
v -0.401320 -1.566629 0.332342
v -0.680520 -1.550729 0.247442
v -0.786820 -1.568329 -0.106158
v -0.793820 -1.691329 -0.106158
v -0.761420 -1.693229 -0.166858
v -0.754420 -1.570229 -0.166858
v -0.171620 -1.603429 0.223242
v -0.139220 -1.605229 0.162542
v -0.710820 -1.572729 -0.220058
v -0.119320 -1.606329 0.096642
v -0.112520 -1.606729 0.028242
v -0.119320 -1.606329 -0.040258
v -0.806720 -1.567229 -0.040258
v -0.139220 -1.605229 -0.106158
v -0.813420 -1.566829 0.028242
v -0.171620 -1.603429 -0.166858
v -0.806720 -1.567229 0.096642
v -0.215220 -1.600929 -0.220058
v -0.786820 -1.568329 0.162542
v -0.268320 -1.597929 -0.263658
v -0.754420 -1.570229 0.223242
v -0.328920 -1.594429 -0.296058
v -0.394620 -1.590729 0.372442
v -0.463020 -1.586829 0.379242
v -0.710820 -1.572729 0.276442
v -0.394620 -1.590729 -0.316058
v -0.328920 -1.594429 0.352542
v -0.657720 -1.575729 0.320042
v -0.463020 -1.586829 -0.322858
v -0.268320 -1.597929 0.320042
v -0.597120 -1.579129 0.352542
v -0.531420 -1.582929 -0.316058
v -0.215220 -1.600929 0.276442
v -0.531420 -1.582929 0.372442
v -0.813720 -1.690229 0.096642
v -0.778220 -1.745229 0.089142
v -0.784220 -1.745229 0.028242
v -0.820520 -1.689829 0.028242
v -0.126320 -1.729329 -0.040258
v -0.119520 -1.729729 0.028242
v -0.813720 -1.690229 -0.040258
v -0.146220 -1.728229 -0.106158
v -0.178620 -1.726429 -0.166858
v -0.222220 -1.723929 -0.220058
v -0.793820 -1.691329 0.162542
v -0.275320 -1.720929 -0.263658
v -0.761420 -1.693229 0.223242
v -0.335920 -1.717429 -0.296058
v -0.470020 -1.709829 0.379242
v -0.401620 -1.713729 0.372442
v -0.717820 -1.695729 0.276442
v -0.401620 -1.713729 -0.316058
v -0.335920 -1.717429 0.352542
v -0.664720 -1.698729 0.320042
v -0.470020 -1.709829 -0.322858
v -0.275320 -1.720929 0.320042
v -0.604120 -1.702129 0.352542
v -0.538420 -1.705929 -0.316058
v -0.222220 -1.723929 0.276442
v -0.538420 -1.705929 0.372442
v -0.604120 -1.702129 -0.296058
v -0.178620 -1.726429 0.223242
v -0.664720 -1.698729 -0.263658
v -0.146220 -1.728229 0.162542
v -0.717820 -1.695729 -0.220058
v -0.126320 -1.729329 0.096642
v -0.663620 -1.779129 -0.258358
v -0.604020 -1.779329 -0.290158
v -0.591520 -1.745729 -0.260158
v -0.645520 -1.745629 -0.231358
v -0.251320 -1.746629 -0.192558
v -0.212520 -1.746729 -0.145258
v -0.760420 -1.745329 0.147642
v -0.298620 -1.746429 -0.231358
v -0.731620 -1.745329 0.201642
v -0.352620 -1.746329 -0.260158
v -0.411220 -1.746229 0.334342
v -0.472120 -1.746029 0.340342
v -0.692820 -1.745429 0.248942
v -0.411220 -1.746229 -0.277958
v -0.352620 -1.746329 0.316642
v -0.645520 -1.745629 0.287742
v -0.472120 -1.746029 -0.283958
v -0.298620 -1.746429 0.287742
v -0.591520 -1.745729 0.316642
v -0.533020 -1.745829 -0.277958
v -0.251320 -1.746629 0.248942
v -0.533020 -1.745829 0.334342
v -0.212520 -1.746729 0.201642
v -0.183720 -1.746729 0.147642
v -0.692820 -1.745429 -0.192558
v -0.165920 -1.746829 0.089142
v -0.731620 -1.745329 -0.145258
v -0.159920 -1.746829 0.028242
v -0.760420 -1.745329 -0.091258
v -0.165920 -1.746829 -0.032658
v -0.778220 -1.745229 -0.032658
v -0.183720 -1.746729 -0.091258
v -0.758720 -1.778929 -0.163258
v -0.790520 -1.778829 -0.103658
v -0.790820 -1.844429 -0.103658
v -0.759020 -1.844529 -0.163258
v -0.153720 -1.780429 0.160042
v -0.185620 -1.780329 0.219642
v -0.715820 -1.779029 -0.215458
v -0.134120 -1.780529 0.095442
v -0.127520 -1.780529 0.028242
v -0.134120 -1.780529 -0.039058
v -0.810120 -1.778729 -0.039058
v -0.153720 -1.780429 -0.103658
v -0.816820 -1.778729 0.028242
v -0.185620 -1.780329 -0.163258
v -0.810120 -1.778729 0.095442
v -0.228520 -1.780229 -0.215458
v -0.790520 -1.778829 0.160042
v -0.280720 -1.780129 -0.258358
v -0.758720 -1.778929 0.219642
v -0.340320 -1.779929 -0.290158
v -0.404920 -1.779829 0.366242
v -0.472120 -1.779629 0.372842
v -0.715820 -1.779029 0.271842
v -0.404920 -1.779829 -0.309758
v -0.340320 -1.779929 0.346642
v -0.663620 -1.779129 0.314742
v -0.472120 -1.779629 -0.316458
v -0.280720 -1.780129 0.314742
v -0.604020 -1.779329 0.346642
v -0.539420 -1.779429 -0.309758
v -0.228520 -1.780229 0.271842
v -0.539420 -1.779429 0.366242
v -0.405220 -1.845429 0.366242
v -0.340520 -1.845629 0.346642
v -0.281020 -1.845729 0.314742
v -0.228720 -1.845929 0.271842
v -0.185920 -1.846029 0.219642
v -0.154020 -1.846129 0.160042
v -0.134420 -1.846129 0.095442
v -0.127820 -1.846129 0.028242
v -0.134420 -1.846129 -0.039058
v -0.154020 -1.846129 -0.103658
v -0.185920 -1.846029 -0.163258
v -0.228720 -1.845929 -0.215458
v -0.281020 -1.845729 -0.258358
v -0.340520 -1.845629 -0.290158
v -0.405220 -1.845429 -0.309758
v -0.472420 -1.845329 -0.316458
v -0.539720 -1.845129 -0.309758
v -0.604320 -1.844929 -0.290158
v -0.663920 -1.844829 -0.258358
v -0.716120 -1.844629 -0.215458
v -0.810420 -1.844429 -0.039058
v -0.817120 -1.844429 0.028242
v -0.810420 -1.844429 0.095442
v -0.790820 -1.844429 0.160042
v -0.759020 -1.844529 0.219642
v -0.716120 -1.844629 0.271842
v -0.663920 -1.844829 0.314742
v -0.604320 -1.844929 0.346642
v -0.539720 -1.845129 0.366242
v -0.472420 -1.845329 0.372842
v 0.077380 -0.116929 0.446242
v 0.074780 -0.118329 0.433942
v 0.056080 -0.110329 0.436442
v 0.058080 -0.108629 0.448842
v 0.037280 -0.102329 0.437942
v 0.038680 -0.100429 0.450342
v 0.058280 -0.111329 0.461142
v 0.078180 -0.119829 0.458542
v 0.038380 -0.102828 0.462742
v 0.093380 -0.126328 0.430442
v 0.088780 -0.132029 0.420342
v 0.070680 -0.124228 0.423742
v 0.052380 -0.116429 0.426142
v 0.033980 -0.108629 0.427642
v 0.015580 -0.100829 0.428142
v 0.018380 -0.094329 0.438442
v 0.019280 -0.092129 0.450842
v 0.018380 -0.094329 0.463342
v 0.036080 -0.109529 0.473042
v 0.015580 -0.100829 0.473642
v 0.056480 -0.118229 0.471442
v 0.076780 -0.126929 0.468742
v 0.096980 -0.135529 0.464942
v 0.097880 -0.128229 0.454842
v 0.096580 -0.125029 0.442642
v 0.050280 -0.180428 0.446242
v 0.030980 -0.172229 0.448842
v 0.030780 -0.169629 0.436442
v 0.049580 -0.177629 0.433942
v 0.052880 -0.179028 0.458542
v 0.033080 -0.170529 0.461142
v 0.011580 -0.163928 0.450342
v 0.011980 -0.161529 0.437942
v 0.013080 -0.162029 0.462742
v 0.068180 -0.185529 0.430442
v 0.050980 -0.170529 0.423742
v 0.069080 -0.178229 0.420342
v 0.069480 -0.188629 0.442642
v 0.072580 -0.187428 0.454842
v 0.077280 -0.181729 0.464942
v 0.057080 -0.173129 0.468742
v 0.036780 -0.164429 0.471442
v 0.016380 -0.155729 0.473042
v -0.006920 -0.153529 0.463342
v -0.004120 -0.147028 0.473642
v -0.007820 -0.155729 0.450842
v -0.006920 -0.153529 0.438442
v 0.014280 -0.154829 0.427642
v -0.004120 -0.147028 0.428142
v 0.032680 -0.162729 0.426142
v 0.125680 -0.212629 0.425742
v 0.107180 -0.204729 0.432342
v 0.104780 -0.201128 0.420442
v 0.122680 -0.208828 0.414042
v 0.130480 -0.212028 0.437442
v 0.111480 -0.203928 0.444242
v 0.088480 -0.196729 0.437942
v 0.086580 -0.193429 0.425942
v 0.092180 -0.195729 0.450042
v 0.122280 -0.200929 0.404342
v 0.139480 -0.208229 0.397142
v 0.140380 -0.216329 0.406642
v 0.143780 -0.220329 0.418142
v 0.149080 -0.220029 0.429542
v 0.155480 -0.215029 0.439142
v 0.136380 -0.206929 0.447142
v 0.116980 -0.198629 0.454142
v 0.097180 -0.190228 0.460042
v 0.087080 -0.185929 0.415942
v 0.104780 -0.193429 0.410542
v 0.195880 -0.242528 0.389642
v 0.178980 -0.235329 0.400042
v 0.174480 -0.230829 0.389042
v 0.190880 -0.237829 0.378942
v 0.202680 -0.242829 0.400242
v 0.185280 -0.235429 0.411042
v 0.161580 -0.227929 0.409542
v 0.157580 -0.223629 0.398342
v 0.167380 -0.227828 0.420742
v 0.188780 -0.229329 0.370142
v 0.204380 -0.235929 0.359442
v 0.206880 -0.244629 0.367942
v 0.212280 -0.249529 0.378342
v 0.219580 -0.250129 0.388642
v 0.227580 -0.245829 0.397242
v 0.210280 -0.238429 0.409142
v 0.192480 -0.230829 0.420042
v 0.174180 -0.223029 0.430042
v 0.156280 -0.215429 0.388942
v 0.172780 -0.222429 0.379942
v 0.258280 -0.269129 0.339342
v 0.243480 -0.262829 0.353142
v 0.237180 -0.257628 0.343542
v 0.251480 -0.263729 0.330142
v 0.266880 -0.270229 0.348542
v 0.251680 -0.263829 0.362742
v 0.228180 -0.256329 0.366142
v 0.222280 -0.251229 0.356142
v 0.235880 -0.257029 0.376142
v 0.247880 -0.254429 0.322442
v 0.261280 -0.260128 0.308642
v 0.265180 -0.269529 0.315942
v 0.272380 -0.275129 0.324742
v 0.281380 -0.276429 0.333542
v 0.275980 -0.266428 0.356142
v 0.290780 -0.272728 0.340842
v 0.260480 -0.259829 0.370742
v 0.244380 -0.252929 0.384342
v 0.219380 -0.242329 0.347842
v 0.233980 -0.248528 0.335542
v 0.310380 -0.291329 0.276742
v 0.298480 -0.286229 0.293442
v 0.290480 -0.280329 0.285542
v 0.302180 -0.285329 0.269342
v 0.320480 -0.293128 0.284142
v 0.308180 -0.287828 0.301342
v 0.285780 -0.280828 0.309442
v 0.278180 -0.275029 0.301042
v 0.295180 -0.282329 0.317742
v 0.297280 -0.275529 0.263242
v 0.307880 -0.280029 0.246842
v 0.312980 -0.289929 0.252542
v 0.321580 -0.296129 0.259442
v 0.332080 -0.298029 0.266342
v 0.342680 -0.294929 0.272142
v 0.330880 -0.289829 0.290342
v 0.318280 -0.284529 0.307842
v 0.304980 -0.278829 0.324742
v 0.273980 -0.265629 0.294142
v 0.285980 -0.270729 0.279042
v 0.350380 -0.308429 0.204342
v 0.341580 -0.304629 0.223242
v 0.332380 -0.298229 0.217342
v 0.340880 -0.301829 0.199042
v 0.361580 -0.310629 0.209642
v 0.352580 -0.306828 0.229042
v 0.331980 -0.300629 0.241642
v 0.323080 -0.294229 0.235242
v 0.342780 -0.302629 0.248042
v 0.335080 -0.291629 0.194642
v 0.342580 -0.294829 0.176342
v 0.348580 -0.305129 0.180242
v 0.358180 -0.311729 0.185042
v 0.369680 -0.314129 0.189742
v 0.381280 -0.311329 0.193742
v 0.372980 -0.307829 0.214042
v 0.363780 -0.303829 0.233942
v 0.353680 -0.299529 0.253342
v 0.317780 -0.284229 0.229942
v 0.326880 -0.288129 0.212542
v 0.376480 -0.319529 0.124842
v 0.371280 -0.317329 0.145242
v 0.361280 -0.310529 0.141642
v 0.366380 -0.312629 0.121842
v 0.388480 -0.322129 0.127842
v 0.383180 -0.319828 0.148842
v 0.365180 -0.314729 0.165242
v 0.355380 -0.308029 0.161142
v 0.376880 -0.317129 0.169442
v 0.359880 -0.302229 0.119342
v 0.363980 -0.303929 0.099742
v 0.370480 -0.314429 0.101742
v 0.380780 -0.321329 0.104242
v 0.392880 -0.324029 0.106642
v 0.404980 -0.321429 0.108642
v 0.400480 -0.319529 0.130342
v 0.394980 -0.317229 0.151842
v 0.388580 -0.314429 0.172942
v 0.349180 -0.297629 0.157642
v 0.354980 -0.300129 0.138642
v 0.387880 -0.324429 0.041342
v 0.386480 -0.323829 0.062442
v 0.375980 -0.316829 0.061142
v 0.377380 -0.317329 0.040742
v 0.400280 -0.327129 0.041942
v 0.398780 -0.326529 0.063642
v 0.384080 -0.322829 0.083342
v 0.373680 -0.315829 0.081542
v 0.396280 -0.325429 0.085242
v 0.370680 -0.306828 0.040242
v 0.371180 -0.307029 0.020142
v 0.377880 -0.317529 0.020142
v 0.388380 -0.324629 0.020142
v 0.400780 -0.327329 0.020142
v 0.412480 -0.324629 0.042442
v 0.412980 -0.324829 0.020142
v 0.410980 -0.324029 0.064642
v 0.408480 -0.322929 0.086742
v 0.367080 -0.305329 0.080042
v 0.369380 -0.306229 0.060142
v 0.384080 -0.322829 -0.043058
v 0.386480 -0.323829 -0.022058
v 0.375980 -0.316829 -0.020858
v 0.373680 -0.315829 -0.041158
v 0.396280 -0.325429 -0.044858
v 0.398780 -0.326529 -0.023258
v 0.387880 -0.324429 -0.000958
v 0.377380 -0.317329 -0.000358
v 0.400280 -0.327129 -0.001558
v 0.367080 -0.305329 -0.039658
v 0.363980 -0.303929 -0.059458
v 0.370480 -0.314429 -0.061458
v 0.380780 -0.321329 -0.063858
v 0.392880 -0.324029 -0.066258
v 0.408480 -0.322929 -0.046358
v 0.404980 -0.321429 -0.068258
v 0.410980 -0.324029 -0.024258
v 0.412480 -0.324629 -0.002058
v 0.370680 -0.306828 0.000142
v 0.369380 -0.306229 -0.019758
v 0.365180 -0.314729 -0.124958
v 0.371280 -0.317329 -0.104858
v 0.361280 -0.310529 -0.101258
v 0.355380 -0.308029 -0.120758
v 0.376880 -0.317129 -0.129158
v 0.383180 -0.319828 -0.108458
v 0.376480 -0.319529 -0.084458
v 0.366380 -0.312629 -0.081458
v 0.388480 -0.322129 -0.087458
v 0.349180 -0.297629 -0.117258
v 0.342580 -0.294829 -0.135958
v 0.348580 -0.305129 -0.139858
v 0.358180 -0.311729 -0.144658
v 0.369680 -0.314129 -0.149358
v 0.388580 -0.314429 -0.132558
v 0.381280 -0.311329 -0.153358
v 0.394980 -0.317229 -0.111458
v 0.400480 -0.319529 -0.089958
v 0.359880 -0.302229 -0.078958
v 0.354980 -0.300129 -0.098258
v 0.331980 -0.300629 -0.201258
v 0.341580 -0.304629 -0.182858
v 0.332380 -0.298229 -0.176958
v 0.323080 -0.294229 -0.194858
v 0.342780 -0.302628 -0.207658
v 0.352580 -0.306828 -0.188758
v 0.350380 -0.308429 -0.163958
v 0.340880 -0.301829 -0.158658
v 0.361580 -0.310629 -0.169258
v 0.317780 -0.284229 -0.189558
v 0.307880 -0.280029 -0.206458
v 0.312980 -0.289929 -0.212158
v 0.321580 -0.296129 -0.219158
v 0.332080 -0.298029 -0.226058
v 0.353680 -0.299529 -0.212958
v 0.342680 -0.294928 -0.231758
v 0.363780 -0.303829 -0.193558
v 0.372980 -0.307829 -0.173658
v 0.335080 -0.291629 -0.154258
v 0.326880 -0.288129 -0.172158
v 0.285780 -0.280828 -0.269058
v 0.298480 -0.286229 -0.253058
v 0.290480 -0.280329 -0.245158
v 0.278180 -0.275029 -0.260758
v 0.295180 -0.282329 -0.277458
v 0.308180 -0.287828 -0.260958
v 0.310380 -0.291329 -0.236358
v 0.302180 -0.285329 -0.228958
v 0.320480 -0.293128 -0.243758
v 0.273980 -0.265629 -0.253758
v 0.261280 -0.260128 -0.268258
v 0.265180 -0.269529 -0.275558
v 0.272380 -0.275129 -0.284358
v 0.281380 -0.276429 -0.293158
v 0.304980 -0.278829 -0.284358
v 0.290780 -0.272728 -0.300458
v 0.318280 -0.284529 -0.267458
v 0.330880 -0.289829 -0.249958
v 0.297280 -0.275529 -0.222858
v 0.285980 -0.270729 -0.238658
v 0.228180 -0.256329 -0.325758
v 0.243480 -0.262829 -0.312758
v 0.237180 -0.257628 -0.303158
v 0.222280 -0.251229 -0.315758
v 0.235880 -0.257029 -0.335758
v 0.251680 -0.263829 -0.322358
v 0.258280 -0.269129 -0.298958
v 0.251480 -0.263729 -0.289758
v 0.266880 -0.270229 -0.308158
v 0.219380 -0.242329 -0.307458
v 0.204380 -0.235928 -0.319058
v 0.206880 -0.244629 -0.327558
v 0.212280 -0.249529 -0.337958
v 0.219580 -0.250129 -0.348258
v 0.244380 -0.252929 -0.344058
v 0.227580 -0.245829 -0.356858
v 0.260480 -0.259829 -0.330358
v 0.275980 -0.266428 -0.315758
v 0.247880 -0.254429 -0.282058
v 0.233980 -0.248528 -0.295158
v 0.161580 -0.227929 -0.369158
v 0.178980 -0.235329 -0.359658
v 0.174480 -0.230829 -0.348658
v 0.157580 -0.223628 -0.357958
v 0.167380 -0.227828 -0.380458
v 0.185280 -0.235429 -0.370658
v 0.195880 -0.242528 -0.349258
v 0.190880 -0.237829 -0.338558
v 0.202680 -0.242829 -0.359958
v 0.156280 -0.215429 -0.348658
v 0.139480 -0.208229 -0.356758
v 0.140380 -0.216329 -0.366258
v 0.143780 -0.220329 -0.377758
v 0.149080 -0.220029 -0.389258
v 0.174180 -0.223029 -0.389758
v 0.155480 -0.215029 -0.398758
v 0.192480 -0.230829 -0.379758
v 0.210280 -0.238429 -0.368758
v 0.188780 -0.229329 -0.329758
v 0.172780 -0.222429 -0.339658
v 0.088480 -0.196729 -0.397658
v 0.107180 -0.204729 -0.391958
v 0.104780 -0.201128 -0.380058
v 0.086580 -0.193428 -0.385558
v 0.092180 -0.195729 -0.409658
v 0.111480 -0.203928 -0.403858
v 0.125680 -0.212629 -0.385358
v 0.122680 -0.208828 -0.373658
v 0.130480 -0.212028 -0.397058
v 0.087080 -0.185929 -0.375558
v 0.069080 -0.178229 -0.379958
v 0.068180 -0.185529 -0.390058
v 0.069480 -0.188629 -0.402258
v 0.072580 -0.187428 -0.414458
v 0.097180 -0.190228 -0.419658
v 0.077280 -0.181729 -0.424558
v 0.116980 -0.198629 -0.413758
v 0.136380 -0.206929 -0.406758
v 0.122280 -0.200929 -0.363958
v 0.104780 -0.193428 -0.370258
v 0.011580 -0.163928 -0.409958
v 0.030980 -0.172229 -0.408458
v 0.030780 -0.169629 -0.396058
v 0.011980 -0.161529 -0.397558
v 0.013080 -0.162029 -0.422458
v 0.033080 -0.170529 -0.420858
v 0.050280 -0.180428 -0.405858
v 0.049580 -0.177628 -0.393558
v 0.052880 -0.179028 -0.418158
v 0.014280 -0.154828 -0.387258
v -0.004120 -0.147028 -0.387758
v -0.006920 -0.153529 -0.398058
v -0.007820 -0.155729 -0.410558
v -0.006920 -0.153529 -0.422958
v 0.016380 -0.155729 -0.432758
v -0.004120 -0.147028 -0.433258
v 0.036780 -0.164429 -0.431058
v 0.057080 -0.173129 -0.428358
v 0.050980 -0.170529 -0.383358
v 0.032680 -0.162729 -0.385858
v -0.065920 -0.130928 -0.405858
v -0.046620 -0.139129 -0.408458
v -0.044620 -0.137429 -0.396058
v -0.063320 -0.129429 -0.393558
v -0.066720 -0.128029 -0.418158
v -0.046820 -0.136528 -0.420858
v -0.027220 -0.147428 -0.409958
v -0.025820 -0.145429 -0.397558
v -0.026920 -0.145029 -0.422458
v -0.059220 -0.123528 -0.383358
v -0.077320 -0.115828 -0.379958
v -0.081920 -0.121529 -0.390058
v -0.085120 -0.122729 -0.402258
v -0.086420 -0.119629 -0.414458
v -0.065320 -0.120929 -0.428358
v -0.085520 -0.112328 -0.424558
v -0.045020 -0.129629 -0.431058
v -0.024620 -0.138328 -0.432758
v -0.022520 -0.139129 -0.387258
v -0.040920 -0.131329 -0.385858
v -0.141320 -0.098729 -0.385358
v -0.122820 -0.106629 -0.391958
v -0.118620 -0.105929 -0.380058
v -0.136520 -0.098228 -0.373658
v -0.144220 -0.094929 -0.397058
v -0.125220 -0.103029 -0.403858
v -0.104120 -0.114629 -0.397658
v -0.100420 -0.113629 -0.385558
v -0.105920 -0.111329 -0.409658
v -0.130520 -0.093129 -0.363958
v -0.147720 -0.085829 -0.356758
v -0.154120 -0.090729 -0.366258
v -0.159420 -0.091029 -0.377758
v -0.162920 -0.087028 -0.389258
v -0.144620 -0.087129 -0.406758
v -0.163720 -0.078928 -0.398758
v -0.125220 -0.095428 -0.413758
v -0.105520 -0.103829 -0.419658
v -0.095320 -0.108128 -0.375558
v -0.113020 -0.100529 -0.370258
v -0.211520 -0.068829 -0.349258
v -0.194620 -0.076029 -0.359658
v -0.188320 -0.076229 -0.348658
v -0.204720 -0.069229 -0.338558
v -0.216420 -0.064129 -0.359958
v -0.199020 -0.071628 -0.370658
v -0.177220 -0.083429 -0.369158
v -0.171420 -0.083429 -0.357958
v -0.181220 -0.079229 -0.380458
v -0.197020 -0.064729 -0.329758
v -0.212620 -0.058129 -0.319058
v -0.220620 -0.062428 -0.327558
v -0.227920 -0.061829 -0.337958
v -0.233320 -0.056929 -0.348258
v -0.218520 -0.055629 -0.368758
v -0.235820 -0.048229 -0.356858
v -0.200720 -0.063229 -0.379758
v -0.182420 -0.071029 -0.389758
v -0.164620 -0.078628 -0.348658
v -0.181020 -0.071628 -0.339658
v -0.273920 -0.042229 -0.298958
v -0.259120 -0.048529 -0.312758
v -0.251020 -0.049428 -0.303158
v -0.265320 -0.043329 -0.289758
v -0.280620 -0.036828 -0.308158
v -0.265520 -0.043229 -0.322358
v -0.243820 -0.055028 -0.325758
v -0.236120 -0.055829 -0.315758
v -0.249720 -0.050029 -0.335758
v -0.256120 -0.039529 -0.282058
v -0.269520 -0.033829 -0.268258
v -0.278920 -0.037528 -0.275558
v -0.288020 -0.036229 -0.284358
v -0.295120 -0.030629 -0.293158
v -0.284220 -0.027629 -0.315758
v -0.299020 -0.021229 -0.300458
v -0.268720 -0.034229 -0.330358
v -0.252620 -0.041028 -0.344058
v -0.227720 -0.051729 -0.307458
v -0.242220 -0.045529 -0.295158
v -0.326020 -0.020029 -0.236358
v -0.314120 -0.025129 -0.253058
v -0.304320 -0.026729 -0.245158
v -0.315920 -0.021728 -0.228958
v -0.334320 -0.013929 -0.243758
v -0.322020 -0.019129 -0.260958
v -0.301420 -0.030528 -0.269058
v -0.292020 -0.031928 -0.260758
v -0.308920 -0.024729 -0.277458
v -0.305520 -0.018528 -0.222858
v -0.316120 -0.013929 -0.206458
v -0.326820 -0.017128 -0.212158
v -0.337220 -0.015229 -0.219158
v -0.345820 -0.009029 -0.226058
v -0.339120 -0.004128 -0.249958
v -0.350920 0.000871 -0.231758
v -0.326520 -0.009529 -0.267458
v -0.313220 -0.015229 -0.284358
v -0.282220 -0.028428 -0.253758
v -0.294220 -0.023329 -0.238658
v -0.366020 -0.003029 -0.163958
v -0.357220 -0.006729 -0.182858
v -0.346220 -0.008829 -0.176958
v -0.354720 -0.005228 -0.158658
v -0.375420 0.003572 -0.169258
v -0.366420 -0.000229 -0.188758
v -0.347620 -0.010828 -0.201258
v -0.336920 -0.012829 -0.194858
v -0.356520 -0.004429 -0.207658
v -0.343420 -0.002329 -0.154258
v -0.350820 0.000772 -0.135958
v -0.362420 -0.001929 -0.139858
v -0.373820 0.000372 -0.144658
v -0.383520 0.007072 -0.149358
v -0.381220 0.013772 -0.173658
v -0.389520 0.017272 -0.153358
v -0.372020 0.009872 -0.193558
v -0.361920 0.005571 -0.212958
v -0.326020 -0.009729 -0.189558
v -0.335120 -0.005928 -0.172158
v -0.392120 0.008172 -0.084458
v -0.386920 0.005971 -0.104858
v -0.375120 0.003471 -0.101258
v -0.380120 0.005571 -0.081458
v -0.402320 0.015071 -0.087458
v -0.397020 0.012771 -0.108458
v -0.380820 0.003371 -0.124958
v -0.369120 0.000971 -0.120758
v -0.390720 0.010171 -0.129158
v -0.368120 0.008172 -0.078958
v -0.372220 0.009872 -0.059458
v -0.384220 0.007371 -0.061458
v -0.396420 0.009971 -0.063858
v -0.406720 0.016971 -0.066258
v -0.408720 0.025471 -0.089958
v -0.413220 0.027371 -0.068258
v -0.403320 0.023171 -0.111458
v -0.396820 0.020471 -0.132558
v -0.357520 0.003671 -0.117258
v -0.363220 0.006071 -0.098258
v -0.403520 0.013072 -0.000958
v -0.402120 0.012471 -0.022058
v -0.389820 0.009771 -0.020858
v -0.391220 0.010371 -0.000358
v -0.414020 0.020072 -0.001558
v -0.412520 0.019471 -0.023258
v -0.399720 0.011371 -0.043058
v -0.387520 0.008771 -0.041158
v -0.410120 0.018371 -0.044858
v -0.378920 0.012771 0.000142
v -0.379420 0.012971 0.020142
v -0.391620 0.010572 0.020142
v -0.404020 0.013271 0.020142
v -0.414520 0.020271 0.020142
v -0.420720 0.030572 -0.002058
v -0.421220 0.030871 0.020142
v -0.419220 0.029971 -0.024258
v -0.416720 0.028872 -0.046358
v -0.375320 0.011272 -0.039658
v -0.377620 0.012171 -0.019758
v -0.399720 0.011371 0.083342
v -0.402120 0.012471 0.062442
v -0.389820 0.009771 0.061142
v -0.387520 0.008771 0.081542
v -0.410120 0.018371 0.085242
v -0.412520 0.019471 0.063642
v -0.403520 0.013072 0.041342
v -0.391220 0.010371 0.040742
v -0.414020 0.020072 0.041942
v -0.375320 0.011272 0.080042
v -0.372220 0.009872 0.099742
v -0.384220 0.007371 0.101742
v -0.396420 0.009971 0.104242
v -0.406720 0.016971 0.106642
v -0.416720 0.028872 0.086742
v -0.413220 0.027371 0.108642
v -0.419220 0.029971 0.064642
v -0.420720 0.030572 0.042442
v -0.378920 0.012771 0.040242
v -0.377620 0.012171 0.060142
v -0.380820 0.003371 0.165242
v -0.386920 0.005971 0.145242
v -0.375120 0.003471 0.141642
v -0.369120 0.000971 0.161142
v -0.390720 0.010171 0.169442
v -0.397020 0.012771 0.148842
v -0.392120 0.008172 0.124842
v -0.380120 0.005571 0.121842
v -0.402320 0.015071 0.127842
v -0.357520 0.003671 0.157642
v -0.350820 0.000772 0.176342
v -0.362420 -0.001929 0.180242
v -0.373820 0.000371 0.185042
v -0.383520 0.007072 0.189742
v -0.396820 0.020471 0.172942
v -0.389520 0.017272 0.193742
v -0.403320 0.023171 0.151842
v -0.408720 0.025471 0.130342
v -0.368120 0.008172 0.119342
v -0.363220 0.006071 0.138642
v -0.347620 -0.010828 0.241642
v -0.357220 -0.006729 0.223242
v -0.346220 -0.008829 0.217342
v -0.336920 -0.012829 0.235242
v -0.356520 -0.004429 0.248042
v -0.366420 -0.000229 0.229042
v -0.366020 -0.003029 0.204342
v -0.354720 -0.005228 0.199042
v -0.375420 0.003572 0.209642
v -0.326020 -0.009729 0.229942
v -0.316120 -0.013929 0.246842
v -0.326820 -0.017128 0.252542
v -0.337220 -0.015229 0.259442
v -0.345820 -0.009029 0.266342
v -0.361920 0.005571 0.253342
v -0.350920 0.000871 0.272142
v -0.372020 0.009872 0.233942
v -0.381220 0.013772 0.214042
v -0.343420 -0.002329 0.194642
v -0.335120 -0.005928 0.212542
v -0.301420 -0.030529 0.309442
v -0.314120 -0.025129 0.293442
v -0.304320 -0.026729 0.285542
v -0.292020 -0.031929 0.301042
v -0.308920 -0.024729 0.317742
v -0.322020 -0.019129 0.301342
v -0.326020 -0.020029 0.276742
v -0.315920 -0.021728 0.269342
v -0.334320 -0.013929 0.284142
v -0.282220 -0.028429 0.294142
v -0.269520 -0.033829 0.308642
v -0.278920 -0.037528 0.315942
v -0.288020 -0.036229 0.324742
v -0.295120 -0.030629 0.333542
v -0.313220 -0.015229 0.324742
v -0.299020 -0.021229 0.340842
v -0.326520 -0.009529 0.307842
v -0.339120 -0.004128 0.290342
v -0.305520 -0.018528 0.263242
v -0.294220 -0.023329 0.279042
v -0.243820 -0.055028 0.366142
v -0.259120 -0.048529 0.353142
v -0.251020 -0.049428 0.343542
v -0.236120 -0.055829 0.356142
v -0.249720 -0.050029 0.376142
v -0.265520 -0.043229 0.362742
v -0.273920 -0.042229 0.339342
v -0.265320 -0.043329 0.330142
v -0.280620 -0.036828 0.348542
v -0.227720 -0.051729 0.347842
v -0.212620 -0.058129 0.359442
v -0.220620 -0.062428 0.367942
v -0.227920 -0.061829 0.378342
v -0.233320 -0.056929 0.388642
v -0.252620 -0.041028 0.384342
v -0.235820 -0.048229 0.397242
v -0.268720 -0.034229 0.370742
v -0.284220 -0.027629 0.356142
v -0.256120 -0.039529 0.322442
v -0.242220 -0.045529 0.335542
v -0.177220 -0.083429 0.409542
v -0.194620 -0.076029 0.400042
v -0.188320 -0.076229 0.389042
v -0.171420 -0.083429 0.398342
v -0.181220 -0.079229 0.420742
v -0.199020 -0.071629 0.411042
v -0.211520 -0.068829 0.389642
v -0.204720 -0.069229 0.378942
v -0.216420 -0.064129 0.400242
v -0.164620 -0.078629 0.388942
v -0.147720 -0.085829 0.397142
v -0.154120 -0.090729 0.406642
v -0.159420 -0.091029 0.418142
v -0.162920 -0.087028 0.429542
v -0.182420 -0.071029 0.430042
v -0.163720 -0.078928 0.439142
v -0.200720 -0.063229 0.420042
v -0.218520 -0.055629 0.409142
v -0.197020 -0.064729 0.370142
v -0.181020 -0.071629 0.379942
v -0.104120 -0.114629 0.437942
v -0.122820 -0.106629 0.432342
v -0.118620 -0.105929 0.420442
v -0.100420 -0.113629 0.425942
v -0.105920 -0.111329 0.450042
v -0.125220 -0.103029 0.444242
v -0.141320 -0.098729 0.425742
v -0.136520 -0.098228 0.414042
v -0.144220 -0.094929 0.437442
v -0.095320 -0.108129 0.415942
v -0.077320 -0.115828 0.420342
v -0.081920 -0.121529 0.430442
v -0.085120 -0.122729 0.442642
v -0.086420 -0.119629 0.454842
v -0.105520 -0.103829 0.460042
v -0.085520 -0.112329 0.464942
v -0.125220 -0.095428 0.454142
v -0.144620 -0.087129 0.447142
v -0.130520 -0.093129 0.404342
v -0.113020 -0.100529 0.410542
v -0.027220 -0.147428 0.450342
v -0.046620 -0.139129 0.448842
v -0.044620 -0.137429 0.436442
v -0.025820 -0.145429 0.437942
v -0.026920 -0.145029 0.462742
v -0.046820 -0.136528 0.461142
v -0.065920 -0.130929 0.446242
v -0.063320 -0.129429 0.433942
v -0.066720 -0.128029 0.458542
v -0.022520 -0.139129 0.427642
v -0.024620 -0.138329 0.473042
v -0.045020 -0.129629 0.471442
v -0.065320 -0.120929 0.468742
v -0.059220 -0.123528 0.423742
v -0.040920 -0.131329 0.426142
v 0.130080 -0.141929 0.420442
v 0.134280 -0.141129 0.432342
v 0.152780 -0.149029 0.425742
v 0.147980 -0.149528 0.414042
v 0.111880 -0.134129 0.425942
v 0.115580 -0.133129 0.437942
v 0.136680 -0.144729 0.444242
v 0.155680 -0.152829 0.437442
v 0.117380 -0.136528 0.450042
v 0.141980 -0.154729 0.404342
v 0.165580 -0.157029 0.406642
v 0.159180 -0.162029 0.397142
v 0.124480 -0.147229 0.410542
v 0.106780 -0.139629 0.415942
v 0.116980 -0.144029 0.460042
v 0.136680 -0.152429 0.454142
v 0.156080 -0.160728 0.447142
v 0.175180 -0.168828 0.439142
v 0.174380 -0.160829 0.429542
v 0.170880 -0.156729 0.418142
v 0.199780 -0.171628 0.389042
v 0.206080 -0.171729 0.400042
v 0.222980 -0.178929 0.389642
v 0.216180 -0.178628 0.378942
v 0.182880 -0.164429 0.398342
v 0.188680 -0.164329 0.409542
v 0.210480 -0.176229 0.411042
v 0.227880 -0.183629 0.400242
v 0.192680 -0.168629 0.420742
v 0.232080 -0.185429 0.367942
v 0.224080 -0.189729 0.359442
v 0.208480 -0.183029 0.370142
v 0.192480 -0.176229 0.379942
v 0.176080 -0.169229 0.388942
v 0.193880 -0.176829 0.430042
v 0.212180 -0.184628 0.420042
v 0.229980 -0.192229 0.409142
v 0.247280 -0.199629 0.397242
v 0.244780 -0.190829 0.388642
v 0.239380 -0.185929 0.378342
v 0.262480 -0.198328 0.343542
v 0.270580 -0.199329 0.353142
v 0.285380 -0.205529 0.339342
v 0.276780 -0.204429 0.330142
v 0.247580 -0.192029 0.356142
v 0.255280 -0.192729 0.366142
v 0.276980 -0.204529 0.362742
v 0.292080 -0.211029 0.348542
v 0.261180 -0.197829 0.376142
v 0.290380 -0.210329 0.315942
v 0.280980 -0.213929 0.308642
v 0.267580 -0.208229 0.322442
v 0.253680 -0.202329 0.335542
v 0.239180 -0.196129 0.347842
v 0.264080 -0.206728 0.384342
v 0.280180 -0.213629 0.370742
v 0.295680 -0.220229 0.356142
v 0.310480 -0.226529 0.340842
v 0.306580 -0.217229 0.333542
v 0.299480 -0.211529 0.324742
v 0.315780 -0.221128 0.285542
v 0.325580 -0.222729 0.293442
v 0.337480 -0.227828 0.276742
v 0.327380 -0.226028 0.269342
v 0.303480 -0.215829 0.301042
v 0.312880 -0.217329 0.309442
v 0.333480 -0.228629 0.301342
v 0.345780 -0.233929 0.284142
v 0.320380 -0.223029 0.317742
v 0.338280 -0.230729 0.252542
v 0.327580 -0.233829 0.246842
v 0.316980 -0.229329 0.263242
v 0.305680 -0.224429 0.279042
v 0.293680 -0.219329 0.294142
v 0.324680 -0.232529 0.324742
v 0.337980 -0.238229 0.307842
v 0.350580 -0.243628 0.290342
v 0.362380 -0.248629 0.272142
v 0.357280 -0.238829 0.266342
v 0.348680 -0.232529 0.259442
v 0.357680 -0.238929 0.217342
v 0.368680 -0.241128 0.223242
v 0.377480 -0.244829 0.204342
v 0.366180 -0.242629 0.199042
v 0.348380 -0.235029 0.235242
v 0.359080 -0.237029 0.241642
v 0.377880 -0.247529 0.229042
v 0.386880 -0.251429 0.209642
v 0.367980 -0.243329 0.248042
v 0.373880 -0.245829 0.180242
v 0.362280 -0.248629 0.176342
v 0.354880 -0.245429 0.194642
v 0.346580 -0.241929 0.212542
v 0.337480 -0.238028 0.229942
v 0.373380 -0.253329 0.253342
v 0.383480 -0.257628 0.233942
v 0.392680 -0.261528 0.214042
v 0.400980 -0.265129 0.193742
v 0.394980 -0.254828 0.189742
v 0.385280 -0.248229 0.185042
v 0.386580 -0.251229 0.141642
v 0.398380 -0.253729 0.145242
v 0.403580 -0.256029 0.124842
v 0.391580 -0.253428 0.121842
v 0.380580 -0.248729 0.161142
v 0.392280 -0.251129 0.165242
v 0.408480 -0.260629 0.148842
v 0.413780 -0.262928 0.127842
v 0.402180 -0.257929 0.169442
v 0.395680 -0.255228 0.101742
v 0.383680 -0.257729 0.099742
v 0.379580 -0.256029 0.119342
v 0.374680 -0.253929 0.138642
v 0.368980 -0.251429 0.157642
v 0.408280 -0.268229 0.172942
v 0.414780 -0.270929 0.151842
v 0.420180 -0.273329 0.130342
v 0.424680 -0.275228 0.108642
v 0.418180 -0.264729 0.106642
v 0.407880 -0.257829 0.104242
v 0.401280 -0.257529 0.061142
v 0.413580 -0.260229 0.062442
v 0.414980 -0.260828 0.041342
v 0.402680 -0.258129 0.040742
v 0.398980 -0.256529 0.081542
v 0.411180 -0.259229 0.083342
v 0.424080 -0.267229 0.063642
v 0.425480 -0.267929 0.041942
v 0.421580 -0.266229 0.085242
v 0.403080 -0.258328 0.020142
v 0.390880 -0.260828 0.020142
v 0.390380 -0.260629 0.040242
v 0.389080 -0.260029 0.060142
v 0.386780 -0.259029 0.080042
v 0.428180 -0.276729 0.086742
v 0.430680 -0.277729 0.064642
v 0.432180 -0.278429 0.042442
v 0.432680 -0.278629 0.020142
v 0.425980 -0.268129 0.020142
v 0.415480 -0.261029 0.020142
v 0.401280 -0.257529 -0.020858
v 0.413580 -0.260229 -0.022058
v 0.411180 -0.259229 -0.043058
v 0.398980 -0.256529 -0.041158
v 0.402680 -0.258129 -0.000358
v 0.414980 -0.260828 -0.000958
v 0.424080 -0.267229 -0.023258
v 0.421580 -0.266229 -0.044858
v 0.425480 -0.267929 -0.001558
v 0.395680 -0.255228 -0.061458
v 0.383680 -0.257729 -0.059458
v 0.386780 -0.259029 -0.039658
v 0.389080 -0.260029 -0.019758
v 0.390380 -0.260629 0.000142
v 0.432180 -0.278429 -0.002058
v 0.430680 -0.277729 -0.024258
v 0.428180 -0.276729 -0.046358
v 0.424680 -0.275228 -0.068258
v 0.418180 -0.264729 -0.066258
v 0.407880 -0.257829 -0.063858
v 0.386580 -0.251229 -0.101258
v 0.398380 -0.253729 -0.104858
v 0.392280 -0.251129 -0.124958
v 0.380580 -0.248729 -0.120758
v 0.391580 -0.253428 -0.081458
v 0.403580 -0.256029 -0.084458
v 0.408480 -0.260629 -0.108458
v 0.402180 -0.257929 -0.129158
v 0.413780 -0.262928 -0.087458
v 0.373880 -0.245829 -0.139858
v 0.362280 -0.248629 -0.135958
v 0.368980 -0.251429 -0.117258
v 0.374680 -0.253929 -0.098258
v 0.379580 -0.256029 -0.078958
v 0.420180 -0.273329 -0.089958
v 0.414780 -0.270929 -0.111458
v 0.408280 -0.268229 -0.132558
v 0.400980 -0.265129 -0.153358
v 0.394980 -0.254828 -0.149358
v 0.385280 -0.248228 -0.144658
v 0.357680 -0.238929 -0.176958
v 0.368680 -0.241128 -0.182858
v 0.359080 -0.237029 -0.201258
v 0.348380 -0.235029 -0.194858
v 0.366180 -0.242629 -0.158658
v 0.377480 -0.244829 -0.163958
v 0.377880 -0.247528 -0.188758
v 0.367980 -0.243329 -0.207658
v 0.386880 -0.251429 -0.169258
v 0.338280 -0.230729 -0.212158
v 0.327580 -0.233828 -0.206458
v 0.337480 -0.238028 -0.189558
v 0.346580 -0.241929 -0.172158
v 0.354880 -0.245429 -0.154258
v 0.392680 -0.261528 -0.173658
v 0.383480 -0.257628 -0.193558
v 0.373380 -0.253329 -0.212958
v 0.362380 -0.248629 -0.231758
v 0.357280 -0.238829 -0.226058
v 0.348680 -0.232529 -0.219058
v 0.315780 -0.221128 -0.245158
v 0.325580 -0.222729 -0.253058
v 0.312880 -0.217328 -0.269058
v 0.303480 -0.215829 -0.260758
v 0.327380 -0.226028 -0.228958
v 0.337480 -0.227828 -0.236358
v 0.333480 -0.228629 -0.260958
v 0.320380 -0.223029 -0.277458
v 0.345780 -0.233929 -0.243758
v 0.290380 -0.210329 -0.275558
v 0.280980 -0.213929 -0.268258
v 0.293680 -0.219329 -0.253758
v 0.305680 -0.224429 -0.238658
v 0.316980 -0.229329 -0.222858
v 0.350580 -0.243628 -0.249958
v 0.337980 -0.238229 -0.267458
v 0.324680 -0.232529 -0.284358
v 0.310480 -0.226529 -0.300458
v 0.306580 -0.217229 -0.293158
v 0.299480 -0.211529 -0.284358
v 0.262480 -0.198328 -0.303158
v 0.270580 -0.199329 -0.312758
v 0.255280 -0.192728 -0.325758
v 0.247580 -0.192028 -0.315758
v 0.276780 -0.204429 -0.289758
v 0.285380 -0.205529 -0.298958
v 0.276980 -0.204529 -0.322358
v 0.261180 -0.197829 -0.335758
v 0.292080 -0.211029 -0.308158
v 0.232080 -0.185429 -0.327558
v 0.224080 -0.189729 -0.319058
v 0.239180 -0.196129 -0.307458
v 0.253680 -0.202329 -0.295158
v 0.267580 -0.208229 -0.282058
v 0.295680 -0.220229 -0.315758
v 0.280180 -0.213629 -0.330358
v 0.264080 -0.206728 -0.344058
v 0.247280 -0.199629 -0.356858
v 0.244780 -0.190829 -0.348258
v 0.239380 -0.185929 -0.337958
v 0.199780 -0.171628 -0.348658
v 0.206080 -0.171729 -0.359658
v 0.188680 -0.164329 -0.369158
v 0.182880 -0.164429 -0.357958
v 0.216180 -0.178628 -0.338558
v 0.222980 -0.178929 -0.349258
v 0.210480 -0.176228 -0.370658
v 0.192680 -0.168629 -0.380458
v 0.227880 -0.183628 -0.359958
v 0.165580 -0.157029 -0.366258
v 0.159180 -0.162029 -0.356758
v 0.176080 -0.169228 -0.348658
v 0.192480 -0.176228 -0.339658
v 0.208480 -0.183029 -0.329758
v 0.229980 -0.192229 -0.368758
v 0.212180 -0.184628 -0.379758
v 0.193880 -0.176829 -0.389758
v 0.175180 -0.168828 -0.398758
v 0.174380 -0.160829 -0.389258
v 0.170880 -0.156729 -0.377758
v 0.130080 -0.141929 -0.380058
v 0.134280 -0.141128 -0.391958
v 0.115580 -0.133129 -0.397658
v 0.111880 -0.134128 -0.385558
v 0.147980 -0.149528 -0.373658
v 0.152780 -0.149029 -0.385358
v 0.136680 -0.144729 -0.403858
v 0.117380 -0.136528 -0.409658
v 0.155680 -0.152829 -0.397058
v 0.093380 -0.126328 -0.390058
v 0.088780 -0.132029 -0.379958
v 0.106780 -0.139629 -0.375558
v 0.124480 -0.147229 -0.370258
v 0.141980 -0.154729 -0.363958
v 0.156080 -0.160728 -0.406758
v 0.136680 -0.152429 -0.413758
v 0.116980 -0.144029 -0.419658
v 0.096980 -0.135528 -0.424558
v 0.097880 -0.128229 -0.414458
v 0.096580 -0.125029 -0.402258
v 0.056080 -0.110329 -0.396058
v 0.058080 -0.108629 -0.408458
v 0.038680 -0.100428 -0.409958
v 0.037280 -0.102329 -0.397558
v 0.074780 -0.118328 -0.393558
v 0.077380 -0.116928 -0.405858
v 0.058280 -0.111329 -0.420858
v 0.038380 -0.102828 -0.422458
v 0.078180 -0.119829 -0.418158
v 0.018380 -0.094329 -0.398058
v 0.015580 -0.100829 -0.387758
v 0.033980 -0.108629 -0.387258
v 0.052380 -0.116429 -0.385858
v 0.070680 -0.124228 -0.383358
v 0.076780 -0.126929 -0.428358
v 0.056480 -0.118229 -0.431058
v 0.036080 -0.109528 -0.432758
v 0.015580 -0.100829 -0.433258
v 0.018380 -0.094329 -0.422958
v 0.019280 -0.092129 -0.410558
v -0.019320 -0.078228 -0.396058
v -0.019520 -0.075529 -0.408458
v -0.038820 -0.067328 -0.405858
v -0.038120 -0.070228 -0.393558
v -0.000520 -0.086229 -0.397558
v -0.000120 -0.083828 -0.409958
v -0.021620 -0.077228 -0.420858
v -0.041420 -0.068829 -0.418158
v -0.001620 -0.085729 -0.422458
v -0.056720 -0.062229 -0.390058
v -0.057620 -0.069528 -0.379958
v -0.039520 -0.077329 -0.383358
v -0.021220 -0.085129 -0.385858
v -0.002820 -0.092929 -0.387258
v -0.004920 -0.092029 -0.432758
v -0.025320 -0.083329 -0.431058
v -0.045620 -0.074728 -0.428358
v -0.065820 -0.066129 -0.424558
v -0.061120 -0.060328 -0.414458
v -0.058020 -0.059129 -0.402258
v -0.093320 -0.046628 -0.380058
v -0.095720 -0.043128 -0.391958
v -0.114220 -0.035229 -0.385358
v -0.111220 -0.039029 -0.373658
v -0.075120 -0.054429 -0.385558
v -0.077020 -0.051029 -0.397658
v -0.100020 -0.043828 -0.403858
v -0.118920 -0.035728 -0.397058
v -0.080720 -0.052029 -0.409658
v -0.128920 -0.031528 -0.366258
v -0.128020 -0.039529 -0.356758
v -0.110820 -0.046929 -0.363958
v -0.093320 -0.054328 -0.370258
v -0.075620 -0.061929 -0.375558
v -0.085720 -0.057528 -0.419658
v -0.105520 -0.049128 -0.413758
v -0.124920 -0.040829 -0.406758
v -0.144020 -0.032729 -0.398758
v -0.137620 -0.027728 -0.389258
v -0.132320 -0.027429 -0.377758
v -0.163020 -0.016929 -0.348658
v -0.167520 -0.012529 -0.359658
v -0.184420 -0.005228 -0.349258
v -0.179420 -0.009929 -0.338558
v -0.146120 -0.024129 -0.357958
v -0.150120 -0.019928 -0.369158
v -0.173820 -0.012329 -0.370658
v -0.191220 -0.004929 -0.359958
v -0.155920 -0.019928 -0.380458
v -0.195420 -0.003128 -0.327558
v -0.192920 -0.011928 -0.319058
v -0.177320 -0.018528 -0.329758
v -0.161320 -0.025329 -0.339658
v -0.144820 -0.032329 -0.348658
v -0.162720 -0.024729 -0.389758
v -0.181020 -0.016929 -0.379758
v -0.198820 -0.009329 -0.368758
v -0.216120 -0.002028 -0.356858
v -0.208120 0.002271 -0.348258
v -0.200820 0.001772 -0.337958
v -0.225720 0.009771 -0.303158
v -0.232020 0.015071 -0.312758
v -0.246820 0.021371 -0.298958
v -0.240020 0.015872 -0.289758
v -0.210820 0.003471 -0.315758
v -0.216720 0.008472 -0.325758
v -0.240220 0.015971 -0.322358
v -0.255420 0.022472 -0.308158
v -0.224420 0.009271 -0.335758
v -0.253720 0.021671 -0.275558
v -0.249820 0.012372 -0.268258
v -0.236420 0.006671 -0.282058
v -0.222520 0.000772 -0.295158
v -0.207920 -0.005429 -0.307458
v -0.232920 0.005171 -0.344058
v -0.249020 0.012071 -0.330358
v -0.264520 0.018672 -0.315758
v -0.279320 0.024972 -0.300458
v -0.269920 0.028571 -0.293158
v -0.260920 0.027371 -0.284358
v -0.279020 0.032571 -0.245158
v -0.287020 0.038471 -0.253058
v -0.298920 0.043572 -0.236358
v -0.290720 0.037471 -0.228958
v -0.266720 0.027271 -0.260758
v -0.274320 0.033072 -0.269058
v -0.296720 0.040072 -0.260958
v -0.309020 0.045271 -0.243758
v -0.283720 0.034472 -0.277458
v -0.301520 0.042071 -0.212158
v -0.296420 0.032271 -0.206458
v -0.285820 0.027772 -0.222858
v -0.274520 0.022872 -0.238658
v -0.262520 0.017771 -0.253758
v -0.293520 0.030972 -0.284358
v -0.306820 0.036671 -0.267458
v -0.319420 0.042071 -0.249958
v -0.331220 0.047072 -0.231758
v -0.320620 0.050272 -0.226058
v -0.310120 0.048371 -0.219158
v -0.320920 0.050371 -0.176958
v -0.330120 0.056871 -0.182858
v -0.338920 0.060571 -0.163958
v -0.329420 0.053971 -0.158658
v -0.311620 0.046471 -0.194858
v -0.320520 0.052771 -0.201258
v -0.341120 0.058971 -0.188758
v -0.350120 0.062872 -0.169258
v -0.331320 0.054771 -0.207658
v -0.337120 0.057272 -0.139858
v -0.331120 0.047072 -0.135958
v -0.323620 0.043871 -0.154258
v -0.315420 0.040371 -0.172158
v -0.306320 0.036471 -0.189558
v -0.342220 0.051771 -0.212958
v -0.352320 0.056071 -0.193558
v -0.361520 0.059971 -0.173658
v -0.369820 0.063572 -0.153358
v -0.358220 0.066271 -0.149358
v -0.346720 0.063972 -0.144658
v -0.349820 0.062671 -0.101258
v -0.359820 0.069572 -0.104858
v -0.365020 0.071771 -0.084458
v -0.354920 0.064871 -0.081458
v -0.343920 0.060171 -0.120758
v -0.353720 0.066971 -0.124958
v -0.371720 0.072072 -0.108458
v -0.377020 0.074271 -0.087458
v -0.365420 0.069371 -0.129158
v -0.359020 0.066571 -0.061458
v -0.352520 0.056171 -0.059458
v -0.348420 0.054472 -0.078958
v -0.343520 0.052372 -0.098258
v -0.337720 0.049872 -0.117258
v -0.377120 0.066671 -0.132558
v -0.383520 0.069371 -0.111458
v -0.389020 0.071771 -0.089958
v -0.393520 0.073671 -0.068258
v -0.381420 0.076171 -0.066258
v -0.369320 0.073571 -0.063858
v -0.364520 0.068971 -0.020858
v -0.375020 0.075971 -0.022058
v -0.376420 0.076572 -0.000958
v -0.365920 0.069572 -0.000358
v -0.362220 0.067971 -0.041158
v -0.372620 0.074971 -0.043058
v -0.387320 0.078672 -0.023258
v -0.388820 0.079271 -0.001558
v -0.384820 0.077672 -0.044858
v -0.366420 0.069771 0.020142
v -0.359720 0.059271 0.020142
v -0.359220 0.059072 0.000142
v -0.357920 0.058471 -0.019758
v -0.355620 0.057471 -0.039658
v -0.397020 0.075172 -0.046358
v -0.399520 0.076171 -0.024258
v -0.401020 0.076871 -0.002058
v -0.401520 0.077071 0.020142
v -0.389320 0.079471 0.020142
v -0.376920 0.076771 0.020142
v -0.364520 0.068971 0.061142
v -0.375020 0.075971 0.062442
v -0.372620 0.074971 0.083342
v -0.362220 0.067971 0.081542
v -0.365920 0.069572 0.040742
v -0.376420 0.076572 0.041342
v -0.387320 0.078672 0.063642
v -0.384820 0.077672 0.085242
v -0.388820 0.079271 0.041942
v -0.359020 0.066571 0.101742
v -0.352520 0.056171 0.099742
v -0.355620 0.057471 0.080042
v -0.357920 0.058471 0.060142
v -0.359220 0.059072 0.040242
v -0.401020 0.076871 0.042442
v -0.399520 0.076171 0.064642
v -0.397020 0.075172 0.086742
v -0.393520 0.073671 0.108642
v -0.381420 0.076171 0.106642
v -0.369320 0.073571 0.104242
v -0.349820 0.062671 0.141642
v -0.359820 0.069572 0.145242
v -0.353720 0.066971 0.165242
v -0.343920 0.060171 0.161142
v -0.354920 0.064871 0.121842
v -0.365020 0.071771 0.124842
v -0.371720 0.072072 0.148842
v -0.365420 0.069371 0.169442
v -0.377020 0.074271 0.127842
v -0.337120 0.057272 0.180242
v -0.331120 0.047071 0.176342
v -0.337720 0.049871 0.157642
v -0.343520 0.052372 0.138642
v -0.348420 0.054472 0.119342
v -0.389020 0.071771 0.130342
v -0.383520 0.069371 0.151842
v -0.377120 0.066671 0.172942
v -0.369820 0.063571 0.193742
v -0.358220 0.066271 0.189742
v -0.346720 0.063972 0.185042
v -0.320920 0.050371 0.217342
v -0.330120 0.056871 0.223242
v -0.320520 0.052771 0.241642
v -0.311620 0.046471 0.235242
v -0.329420 0.053971 0.199042
v -0.338920 0.060571 0.204342
v -0.341120 0.058971 0.229042
v -0.331320 0.054771 0.248042
v -0.350120 0.062871 0.209642
v -0.301520 0.042071 0.252542
v -0.296420 0.032271 0.246842
v -0.306320 0.036471 0.229942
v -0.315420 0.040371 0.212542
v -0.323620 0.043871 0.194642
v -0.361520 0.059971 0.214042
v -0.352320 0.056071 0.233942
v -0.342220 0.051771 0.253342
v -0.331220 0.047071 0.272142
v -0.320620 0.050272 0.266342
v -0.310120 0.048371 0.259442
v -0.279020 0.032571 0.285542
v -0.287020 0.038471 0.293442
v -0.274320 0.033072 0.309442
v -0.266720 0.027271 0.301042
v -0.290720 0.037471 0.269342
v -0.298920 0.043571 0.276742
v -0.296720 0.040072 0.301342
v -0.283720 0.034472 0.317742
v -0.309020 0.045271 0.284142
v -0.253720 0.021671 0.315942
v -0.249820 0.012372 0.308642
v -0.262520 0.017771 0.294142
v -0.274520 0.022872 0.279042
v -0.285820 0.027772 0.263242
v -0.319420 0.042071 0.290342
v -0.306820 0.036671 0.307842
v -0.293520 0.030972 0.324742
v -0.279320 0.024972 0.340842
v -0.269920 0.028571 0.333542
v -0.260920 0.027371 0.324742
v -0.225720 0.009771 0.343542
v -0.232020 0.015071 0.353142
v -0.216720 0.008472 0.366142
v -0.210820 0.003471 0.356142
v -0.240020 0.015872 0.330142
v -0.246820 0.021371 0.339342
v -0.240220 0.015971 0.362742
v -0.224420 0.009271 0.376142
v -0.255420 0.022471 0.348542
v -0.195420 -0.003129 0.367942
v -0.192920 -0.011929 0.359442
v -0.207920 -0.005429 0.347842
v -0.222520 0.000772 0.335542
v -0.236420 0.006671 0.322442
v -0.264520 0.018672 0.356142
v -0.249020 0.012071 0.370742
v -0.232920 0.005171 0.384342
v -0.216120 -0.002028 0.397242
v -0.208120 0.002271 0.388642
v -0.200820 0.001771 0.378342
v -0.163020 -0.016929 0.389042
v -0.167520 -0.012529 0.400042
v -0.150120 -0.019928 0.409542
v -0.146120 -0.024129 0.398342
v -0.179420 -0.009929 0.378942
v -0.184420 -0.005228 0.389642
v -0.173820 -0.012329 0.411042
v -0.155920 -0.019928 0.420742
v -0.191220 -0.004929 0.400242
v -0.128920 -0.031528 0.406642
v -0.128020 -0.039529 0.397142
v -0.144820 -0.032329 0.388942
v -0.161320 -0.025329 0.379942
v -0.177320 -0.018528 0.370142
v -0.198820 -0.009329 0.409142
v -0.181020 -0.016929 0.420042
v -0.162720 -0.024729 0.430042
v -0.144020 -0.032729 0.439142
v -0.137620 -0.027729 0.429542
v -0.132320 -0.027429 0.418142
v -0.093320 -0.046628 0.420442
v -0.095720 -0.043128 0.432342
v -0.077020 -0.051029 0.437942
v -0.075120 -0.054429 0.425942
v -0.111220 -0.039029 0.414042
v -0.114220 -0.035229 0.425742
v -0.100020 -0.043828 0.444242
v -0.080720 -0.052029 0.450042
v -0.118920 -0.035728 0.437442
v -0.056720 -0.062229 0.430442
v -0.057620 -0.069529 0.420342
v -0.075620 -0.061929 0.415942
v -0.093320 -0.054328 0.410542
v -0.110820 -0.046929 0.404342
v -0.124920 -0.040829 0.447142
v -0.105520 -0.049129 0.454142
v -0.085720 -0.057528 0.460042
v -0.065820 -0.066129 0.464942
v -0.061120 -0.060328 0.454842
v -0.058020 -0.059129 0.442642
v -0.019320 -0.078228 0.436442
v -0.019520 -0.075529 0.448842
v -0.000120 -0.083828 0.450342
v -0.000520 -0.086229 0.437942
v -0.038120 -0.070229 0.433942
v -0.038820 -0.067328 0.446242
v -0.021620 -0.077229 0.461142
v -0.001620 -0.085729 0.462742
v -0.041420 -0.068829 0.458542
v -0.002820 -0.092929 0.427642
v -0.021220 -0.085129 0.426142
v -0.039520 -0.077329 0.423742
v -0.045620 -0.074728 0.468742
v -0.025320 -0.083329 0.471442
v -0.004920 -0.092029 0.473042
v -0.404420 0.036071 0.153642
v -0.400920 0.049471 0.154242
v -0.406520 0.051871 0.132442
v -0.410020 0.038371 0.131942
v -0.397920 0.033271 0.175142
v -0.394420 0.046671 0.175842
v -0.393620 0.061371 0.153642
v -0.399220 0.063671 0.131942
v -0.387120 0.058571 0.175142
v -0.414520 0.040371 0.109842
v -0.390420 0.030071 0.196142
v -0.386920 0.043471 0.196942
v -0.379720 0.055371 0.196142
v -0.403720 0.065671 0.109842
v -0.411020 0.053772 0.110342
v -0.035820 -0.121129 0.419842
v -0.030320 -0.108529 0.417742
v -0.012320 -0.116229 0.419142
v -0.017820 -0.128829 0.421242
v -0.053820 -0.113429 0.417442
v -0.048220 -0.100929 0.415342
v -0.025120 -0.095829 0.419842
v -0.007020 -0.103528 0.421242
v -0.043120 -0.088129 0.417442
v 0.000380 -0.136528 0.421742
v -0.071720 -0.105829 0.414042
v -0.065920 -0.093328 0.411942
v -0.060920 -0.080529 0.414042
v 0.011080 -0.111228 0.421742
v 0.005780 -0.123929 0.419642
v 0.326080 -0.275429 0.209442
v 0.329780 -0.262029 0.208442
v 0.337880 -0.265529 0.190942
v 0.334280 -0.278929 0.191842
v 0.317180 -0.271629 0.226642
v 0.320880 -0.258328 0.225542
v 0.336880 -0.250129 0.209442
v 0.345080 -0.253629 0.191842
v 0.327980 -0.246329 0.226642
v 0.341580 -0.282029 0.173842
v 0.307480 -0.267529 0.243242
v 0.311280 -0.254128 0.242142
v 0.318280 -0.242228 0.243242
v 0.352380 -0.256729 0.173842
v 0.345180 -0.268629 0.173042
v -0.372720 0.022471 0.236942
v -0.369020 0.035872 0.237942
v -0.378420 0.039871 0.217742
v -0.382020 0.026471 0.216742
v -0.362520 0.018171 0.256542
v -0.358720 0.031471 0.257642
v -0.361920 0.047771 0.236942
v -0.371220 0.051771 0.216742
v -0.351720 0.043471 0.256542
v -0.351320 0.013371 0.275642
v -0.347620 0.026772 0.276842
v -0.340620 0.038672 0.275642
v 0.041780 -0.154229 0.477842
v 0.047380 -0.141629 0.479942
v 0.026580 -0.132829 0.481642
v 0.021080 -0.145429 0.479442
v 0.062380 -0.163029 0.475042
v 0.068080 -0.150529 0.477142
v 0.052580 -0.128929 0.477842
v 0.031880 -0.120129 0.479442
v 0.073180 -0.137729 0.475042
v 0.000380 -0.136528 0.480042
v 0.082880 -0.171729 0.471142
v 0.088680 -0.159229 0.473242
v 0.093680 -0.146429 0.471142
v 0.011080 -0.111228 0.480042
v 0.005780 -0.123929 0.482142
v 0.353880 -0.287229 0.136742
v 0.357380 -0.273828 0.136142
v 0.362180 -0.275829 0.117242
v 0.358680 -0.289329 0.117742
v 0.348180 -0.284829 0.155442
v 0.351680 -0.271429 0.154742
v 0.364580 -0.262029 0.136742
v 0.369480 -0.264029 0.117742
v 0.358880 -0.259529 0.155442
v 0.362680 -0.291028 0.098542
v 0.373380 -0.265728 0.098542
v 0.366080 -0.277529 0.098142
v -0.326620 0.002872 0.311942
v -0.322720 0.016171 0.313242
v -0.335620 0.021671 0.295342
v -0.339420 0.008271 0.294142
v -0.313120 -0.002929 0.328942
v -0.309120 0.010371 0.330442
v -0.315820 0.028172 0.311942
v -0.328620 0.033571 0.294142
v -0.302320 0.022371 0.328942
v -0.298720 -0.009029 0.345342
v -0.294720 0.004171 0.346842
v -0.288020 0.016271 0.345342
v 0.123080 -0.188929 0.460242
v 0.129080 -0.176528 0.462242
v 0.108980 -0.167929 0.468342
v 0.103080 -0.180329 0.466242
v 0.142880 -0.197329 0.453142
v 0.148880 -0.184929 0.455142
v 0.133880 -0.163629 0.460242
v 0.113880 -0.155128 0.466242
v 0.153580 -0.172029 0.453142
v 0.162180 -0.205529 0.445042
v 0.168380 -0.193229 0.446942
v 0.172980 -0.180229 0.445042
v 0.367980 -0.293329 0.059542
v 0.371380 -0.279829 0.059342
v 0.372680 -0.280429 0.039742
v 0.369280 -0.293829 0.039842
v 0.365780 -0.292329 0.079142
v 0.369180 -0.278829 0.078742
v 0.378780 -0.268029 0.059542
v 0.380080 -0.268528 0.039842
v 0.376480 -0.267029 0.079142
v 0.369780 -0.294029 0.020142
v 0.380480 -0.268729 0.020142
v 0.373180 -0.280529 0.020142
v -0.268020 -0.022129 0.375642
v -0.263820 -0.008929 0.377242
v -0.279620 -0.002229 0.362442
v -0.283720 -0.015429 0.360942
v -0.251620 -0.029129 0.389542
v -0.247420 -0.015929 0.391242
v -0.257220 0.003171 0.375642
v -0.272920 0.009872 0.360942
v -0.240820 -0.003829 0.389542
v -0.234620 -0.036329 0.402542
v -0.230320 -0.023229 0.404342
v -0.223920 -0.011029 0.402542
v 0.199780 -0.221529 0.425742
v 0.206080 -0.209329 0.427642
v 0.187380 -0.201329 0.437842
v 0.181180 -0.213629 0.435842
v 0.217780 -0.229228 0.414642
v 0.224180 -0.217029 0.416442
v 0.210480 -0.196329 0.425742
v 0.191980 -0.188329 0.435842
v 0.228580 -0.204029 0.414642
v 0.235380 -0.236729 0.402542
v 0.241780 -0.224529 0.404342
v 0.246080 -0.211429 0.402542
v 0.367980 -0.293329 -0.019158
v 0.371380 -0.279829 -0.018958
v 0.369180 -0.278829 -0.038458
v 0.365780 -0.292329 -0.038758
v 0.369280 -0.293829 0.000442
v 0.372680 -0.280429 0.000542
v 0.378780 -0.268029 -0.019158
v 0.376480 -0.267029 -0.038758
v 0.380080 -0.268528 0.000442
v 0.362680 -0.291028 -0.058158
v 0.373380 -0.265728 -0.058158
v 0.366080 -0.277529 -0.057758
v -0.199020 -0.051528 0.425742
v -0.194620 -0.038528 0.427642
v -0.212720 -0.030729 0.416442
v -0.217120 -0.043828 0.414642
v -0.180520 -0.059429 0.435842
v -0.175920 -0.046429 0.437842
v -0.188320 -0.026229 0.425742
v -0.206320 -0.018528 0.414642
v -0.169720 -0.034129 0.435842
v -0.161520 -0.067529 0.445042
v -0.156920 -0.054529 0.446942
v -0.150720 -0.042229 0.445042
v 0.268680 -0.250929 0.375642
v 0.275280 -0.238829 0.377242
v 0.258880 -0.231829 0.391242
v 0.252280 -0.244029 0.389542
v 0.284380 -0.257628 0.360942
v 0.291080 -0.245629 0.362442
v 0.279480 -0.225629 0.375642
v 0.263080 -0.218729 0.389542
v 0.295180 -0.232329 0.360942
v 0.299480 -0.264029 0.345342
v 0.306180 -0.252028 0.346842
v 0.310180 -0.238829 0.345342
v 0.353880 -0.287229 -0.096358
v 0.357380 -0.273828 -0.095758
v 0.351680 -0.271429 -0.114358
v 0.348180 -0.284829 -0.115058
v 0.358680 -0.289329 -0.077358
v 0.362180 -0.275829 -0.076858
v 0.364580 -0.262029 -0.096358
v 0.358880 -0.259529 -0.115058
v 0.369480 -0.264029 -0.077358
v 0.341580 -0.282029 -0.133458
v 0.352380 -0.256729 -0.133458
v 0.345180 -0.268629 -0.132658
v -0.122420 -0.084229 0.460242
v -0.117620 -0.071329 0.462242
v -0.137420 -0.062829 0.455142
v -0.142120 -0.075829 0.453142
v -0.102420 -0.092729 0.466242
v -0.097520 -0.079829 0.468342
v -0.111620 -0.058928 0.460242
v -0.131420 -0.050529 0.453142
v -0.091620 -0.067429 0.466242
v -0.082220 -0.101329 0.471142
v -0.077220 -0.088529 0.473242
v -0.071420 -0.076029 0.471142
v 0.327280 -0.275928 0.311942
v 0.334180 -0.263929 0.313242
v 0.320580 -0.258129 0.330442
v 0.313780 -0.270129 0.328942
v 0.340080 -0.281429 0.294142
v 0.347080 -0.269429 0.295342
v 0.338080 -0.250628 0.311942
v 0.324580 -0.244929 0.328942
v 0.350880 -0.256129 0.294142
v 0.352080 -0.286529 0.275642
v 0.359080 -0.274529 0.276842
v 0.362780 -0.261229 0.275642
v 0.326080 -0.275429 -0.169158
v 0.329780 -0.262029 -0.168158
v 0.320880 -0.258328 -0.185158
v 0.317180 -0.271629 -0.186258
v 0.334280 -0.278929 -0.151558
v 0.337880 -0.265529 -0.150558
v 0.336880 -0.250129 -0.169158
v 0.327980 -0.246329 -0.186258
v 0.345080 -0.253629 -0.151558
v 0.307480 -0.267528 -0.202958
v 0.318280 -0.242228 -0.202958
v 0.311280 -0.254128 -0.201758
v -0.041120 -0.118829 0.477842
v -0.035920 -0.106129 0.479942
v -0.056620 -0.097329 0.477142
v -0.061720 -0.110129 0.475042
v -0.020420 -0.127728 0.479442
v -0.015120 -0.115029 0.481642
v -0.030320 -0.093629 0.477842
v -0.050920 -0.084829 0.475042
v -0.009620 -0.102429 0.479442
v 0.373380 -0.295629 0.236942
v 0.380480 -0.283729 0.237942
v 0.370180 -0.279329 0.257642
v 0.363180 -0.291229 0.256542
v 0.382680 -0.299629 0.216742
v 0.389880 -0.287729 0.217742
v 0.384180 -0.270329 0.236942
v 0.373980 -0.265929 0.256542
v 0.393480 -0.274329 0.216742
v 0.391180 -0.303129 0.196142
v 0.398380 -0.291329 0.196942
v 0.401880 -0.277929 0.196142
v 0.285880 -0.258328 -0.234558
v 0.289780 -0.245028 -0.233258
v 0.277980 -0.240029 -0.248058
v 0.274080 -0.253229 -0.249458
v 0.297080 -0.263029 -0.219058
v 0.300880 -0.249729 -0.217758
v 0.296680 -0.233029 -0.234558
v 0.284780 -0.227929 -0.249458
v 0.307780 -0.237729 -0.219058
v 0.261580 -0.247929 -0.263758
v 0.272280 -0.222629 -0.263758
v 0.265580 -0.234729 -0.262258
v 0.405080 -0.309129 0.153642
v 0.412380 -0.297329 0.154242
v 0.405880 -0.294529 0.175842
v 0.398580 -0.306329 0.175142
v 0.410680 -0.311529 0.131942
v 0.417980 -0.299629 0.132442
v 0.415880 -0.283829 0.153642
v 0.409380 -0.281029 0.175142
v 0.421480 -0.286229 0.131942
v 0.415180 -0.313429 0.109842
v 0.422480 -0.301629 0.110342
v 0.425980 -0.288129 0.109842
v 0.234680 -0.236429 -0.290258
v 0.238880 -0.223329 -0.288558
v 0.224580 -0.217229 -0.300658
v 0.220380 -0.230328 -0.302358
v 0.248380 -0.242329 -0.277358
v 0.252480 -0.229129 -0.275758
v 0.245480 -0.211129 -0.290258
v 0.231180 -0.205129 -0.302358
v 0.259180 -0.217029 -0.277358
v 0.205580 -0.224029 -0.313758
v 0.216380 -0.198728 -0.313758
v 0.209880 -0.210928 -0.311958
v 0.421280 -0.316029 0.065242
v 0.428680 -0.304229 0.065442
v 0.426080 -0.303129 0.087942
v 0.418780 -0.314929 0.087642
v 0.422780 -0.316729 0.042742
v 0.430180 -0.304829 0.042842
v 0.432080 -0.290729 0.065242
v 0.429580 -0.289628 0.087642
v 0.433580 -0.291429 0.042742
v 0.423380 -0.316929 0.020142
v 0.430680 -0.305129 0.020142
v 0.434080 -0.291629 0.020142
v 0.174480 -0.210829 -0.333958
v 0.178980 -0.197729 -0.332058
v 0.162880 -0.190928 -0.340958
v 0.158280 -0.203928 -0.342858
v 0.190280 -0.217529 -0.324258
v 0.194680 -0.204429 -0.322458
v 0.185280 -0.185529 -0.333958
v 0.169080 -0.178628 -0.342858
v 0.201080 -0.192229 -0.324258
v 0.141680 -0.196829 -0.350858
v 0.152480 -0.171529 -0.350858
v 0.146380 -0.183829 -0.348858
v 0.421280 -0.316029 -0.024858
v 0.428680 -0.304229 -0.025058
v 0.430180 -0.304829 -0.002458
v 0.422780 -0.316729 -0.002358
v 0.418780 -0.314929 -0.047258
v 0.426080 -0.303129 -0.047558
v 0.432080 -0.290729 -0.024858
v 0.433580 -0.291429 -0.002358
v 0.429580 -0.289628 -0.047258
v 0.415180 -0.313429 -0.069558
v 0.422480 -0.301629 -0.069958
v 0.425980 -0.288129 -0.069558
v 0.107580 -0.182228 -0.364058
v 0.112380 -0.169429 -0.362058
v 0.094980 -0.161929 -0.367258
v 0.090080 -0.174828 -0.369358
v 0.124780 -0.189629 -0.357958
v 0.129480 -0.176729 -0.355958
v 0.118380 -0.157029 -0.364058
v 0.100880 -0.149528 -0.369358
v 0.135580 -0.164329 -0.357958
v 0.072380 -0.167229 -0.373658
v 0.083180 -0.142029 -0.373658
v 0.077380 -0.154428 -0.371558
v 0.405080 -0.309129 -0.113258
v 0.412380 -0.297329 -0.113958
v 0.417980 -0.299629 -0.092058
v 0.410680 -0.311529 -0.091558
v 0.398580 -0.306329 -0.134758
v 0.405880 -0.294529 -0.135458
v 0.415880 -0.283829 -0.113258
v 0.421480 -0.286229 -0.091558
v 0.409380 -0.281029 -0.134758
v 0.391180 -0.303129 -0.155758
v 0.398380 -0.291329 -0.156558
v 0.401880 -0.277929 -0.155758
v 0.036580 -0.152028 -0.379458
v 0.041780 -0.139229 -0.377358
v 0.023780 -0.131628 -0.378758
v 0.018480 -0.144228 -0.380958
v 0.054580 -0.159629 -0.377058
v 0.059680 -0.146929 -0.374958
v 0.047280 -0.126728 -0.379458
v 0.029280 -0.119028 -0.380958
v 0.065280 -0.134329 -0.377058
v 0.000380 -0.136528 -0.381358
v 0.011080 -0.111228 -0.381358
v 0.005780 -0.123928 -0.379258
v 0.373380 -0.295629 -0.196558
v 0.380480 -0.283729 -0.197558
v 0.389880 -0.287729 -0.177358
v 0.382680 -0.299629 -0.176458
v 0.363180 -0.291229 -0.216258
v 0.370180 -0.279329 -0.217358
v 0.384180 -0.270328 -0.196558
v 0.393480 -0.274329 -0.176458
v 0.373980 -0.265929 -0.216258
v 0.352080 -0.286529 -0.235258
v 0.359080 -0.274528 -0.236458
v 0.362780 -0.261229 -0.235258
v -0.035820 -0.121128 -0.379458
v -0.030320 -0.108529 -0.377358
v -0.048220 -0.100929 -0.374958
v -0.053820 -0.113429 -0.377058
v -0.017820 -0.128828 -0.380958
v -0.012320 -0.116228 -0.378758
v -0.025120 -0.095828 -0.379458
v -0.043120 -0.088128 -0.377058
v -0.007020 -0.103528 -0.380958
v -0.071720 -0.105829 -0.373658
v -0.060920 -0.080529 -0.373658
v -0.065920 -0.093328 -0.371558
v 0.327280 -0.275928 -0.271558
v 0.334180 -0.263929 -0.272858
v 0.347080 -0.269429 -0.255058
v 0.340080 -0.281429 -0.253758
v 0.313780 -0.270129 -0.288658
v 0.320580 -0.258129 -0.290058
v 0.338080 -0.250628 -0.271558
v 0.350880 -0.256129 -0.253758
v 0.324580 -0.244929 -0.288658
v 0.299480 -0.264028 -0.304958
v 0.306180 -0.252028 -0.306458
v 0.310180 -0.238829 -0.304958
v -0.106920 -0.090829 -0.364058
v -0.100920 -0.078429 -0.362058
v -0.118020 -0.071129 -0.355958
v -0.124120 -0.083528 -0.357958
v -0.089420 -0.098228 -0.369358
v -0.083520 -0.085829 -0.367258
v -0.096120 -0.065529 -0.364058
v -0.113320 -0.058228 -0.357958
v -0.078620 -0.073028 -0.369358
v -0.141020 -0.076229 -0.350858
v -0.130220 -0.051029 -0.350858
v -0.134920 -0.063929 -0.348858
v 0.268680 -0.250929 -0.335258
v 0.275280 -0.238829 -0.336958
v 0.291080 -0.245629 -0.322158
v 0.284380 -0.257628 -0.320558
v 0.252280 -0.244028 -0.349158
v 0.258880 -0.231829 -0.350858
v 0.279480 -0.225629 -0.335258
v 0.295180 -0.232329 -0.320558
v 0.263080 -0.218728 -0.349158
v 0.235380 -0.236729 -0.362158
v 0.241780 -0.224529 -0.363958
v 0.246080 -0.211429 -0.362158
v -0.173820 -0.062329 -0.333958
v -0.167520 -0.050029 -0.332058
v -0.183220 -0.043329 -0.322458
v -0.189620 -0.055529 -0.324258
v -0.157620 -0.069229 -0.342858
v -0.151420 -0.056929 -0.340958
v -0.163020 -0.037029 -0.333958
v -0.178820 -0.030329 -0.324258
v -0.146820 -0.043929 -0.342858
v -0.204920 -0.049029 -0.313758
v -0.194120 -0.023729 -0.313758
v -0.198420 -0.036828 -0.311958
v 0.199780 -0.221528 -0.385358
v 0.206080 -0.209329 -0.387258
v 0.224180 -0.217029 -0.376058
v 0.217780 -0.229228 -0.374258
v 0.181180 -0.213629 -0.395458
v 0.187380 -0.201329 -0.397458
v 0.210480 -0.196329 -0.385358
v 0.228580 -0.204029 -0.374258
v 0.191980 -0.188329 -0.395458
v 0.162180 -0.205529 -0.404658
v 0.168380 -0.193229 -0.406658
v 0.172980 -0.180229 -0.404658
v -0.234020 -0.036629 -0.290258
v -0.227420 -0.024528 -0.288558
v -0.241020 -0.018729 -0.275758
v -0.247720 -0.030729 -0.277358
v -0.219720 -0.042729 -0.302358
v -0.213120 -0.030528 -0.300658
v -0.223220 -0.011329 -0.290258
v -0.236920 -0.005528 -0.277358
v -0.208920 -0.017429 -0.302358
v -0.260820 -0.025129 -0.263758
v -0.250120 0.000072 -0.263758
v -0.254120 -0.013129 -0.262258
v 0.123080 -0.188929 -0.419858
v 0.129080 -0.176528 -0.421858
v 0.148880 -0.184929 -0.414758
v 0.142880 -0.197328 -0.412758
v 0.103080 -0.180329 -0.425858
v 0.108980 -0.167929 -0.427958
v 0.133880 -0.163629 -0.419858
v 0.153580 -0.172028 -0.412758
v 0.113880 -0.155128 -0.425858
v 0.082880 -0.171729 -0.430858
v 0.088680 -0.159229 -0.432958
v 0.093680 -0.146429 -0.430858
v -0.285220 -0.014829 -0.234558
v -0.278320 -0.002829 -0.233258
v -0.289420 0.001971 -0.217758
v -0.296320 -0.010029 -0.219058
v -0.273320 -0.019829 -0.249458
v -0.266520 -0.007829 -0.248058
v -0.274420 0.010471 -0.234558
v -0.285620 0.015271 -0.219058
v -0.262620 0.005471 -0.249458
v -0.306820 -0.005629 -0.202958
v -0.296020 0.019672 -0.202958
v -0.299820 0.006372 -0.201758
v 0.041780 -0.154229 -0.437458
v 0.047380 -0.141629 -0.439558
v 0.068080 -0.150529 -0.436758
v 0.062380 -0.163029 -0.434658
v 0.021080 -0.145429 -0.439058
v 0.026580 -0.132829 -0.441258
v 0.052580 -0.128929 -0.437458
v 0.073180 -0.137729 -0.434658
v 0.031880 -0.120129 -0.439058
v 0.000380 -0.136528 -0.439658
v 0.005780 -0.123928 -0.441758
v 0.011080 -0.111228 -0.439658
v -0.325420 0.002371 -0.169158
v -0.318320 0.014271 -0.168158
v -0.326420 0.017771 -0.150558
v -0.333620 0.005871 -0.151558
v -0.316520 -0.001429 -0.186258
v -0.309420 0.010471 -0.185158
v -0.314620 0.027671 -0.169158
v -0.322820 0.031071 -0.151558
v -0.305720 0.023871 -0.186258
v -0.340920 0.008971 -0.133458
v -0.330120 0.034271 -0.133458
v -0.333720 0.020871 -0.132658
v -0.041120 -0.118829 -0.437458
v -0.035920 -0.106129 -0.439558
v -0.015120 -0.115029 -0.441258
v -0.020420 -0.127728 -0.439058
v -0.061720 -0.110129 -0.434658
v -0.056620 -0.097329 -0.436758
v -0.030320 -0.093629 -0.437458
v -0.009620 -0.102429 -0.439058
v -0.050920 -0.084829 -0.434658
v -0.082220 -0.101329 -0.430858
v -0.077220 -0.088529 -0.432958
v -0.071420 -0.076029 -0.430858
v -0.353120 0.014171 -0.096358
v -0.345920 0.025971 -0.095758
v -0.350720 0.028071 -0.076858
v -0.358020 0.016271 -0.077358
v -0.347420 0.011771 -0.115058
v -0.340220 0.023572 -0.114358
v -0.342420 0.039471 -0.096358
v -0.347220 0.041571 -0.077358
v -0.336720 0.037071 -0.115058
v -0.361920 0.017972 -0.058158
v -0.351220 0.043171 -0.058158
v -0.354620 0.029771 -0.057758
v -0.122420 -0.084228 -0.419858
v -0.117620 -0.071329 -0.421858
v -0.097520 -0.079829 -0.427958
v -0.102420 -0.092729 -0.425858
v -0.142120 -0.075828 -0.412758
v -0.137420 -0.062828 -0.414758
v -0.111620 -0.058928 -0.419858
v -0.091620 -0.067429 -0.425858
v -0.131420 -0.050528 -0.412758
v -0.161520 -0.067529 -0.404658
v -0.156920 -0.054529 -0.406658
v -0.150720 -0.042229 -0.404658
v -0.367320 0.020171 -0.019158
v -0.359920 0.031972 -0.018958
v -0.361220 0.032571 0.000542
v -0.368620 0.020772 0.000442
v -0.365020 0.019271 -0.038758
v -0.357720 0.031071 -0.038458
v -0.356520 0.045471 -0.019158
v -0.357820 0.046072 0.000442
v -0.354320 0.044571 -0.038758
v -0.369020 0.020971 0.020142
v -0.358320 0.046271 0.020142
v -0.361720 0.032771 0.020142
v -0.199020 -0.051528 -0.385358
v -0.194620 -0.038528 -0.387258
v -0.175920 -0.046429 -0.397458
v -0.180520 -0.059429 -0.395458
v -0.217120 -0.043828 -0.374258
v -0.212720 -0.030729 -0.376058
v -0.188320 -0.026229 -0.385358
v -0.169720 -0.034129 -0.395458
v -0.206320 -0.018528 -0.374258
v -0.234620 -0.036329 -0.362158
v -0.230320 -0.023229 -0.363958
v -0.223920 -0.011029 -0.362158
v -0.367320 0.020171 0.059542
v -0.359920 0.031971 0.059342
v -0.357720 0.031071 0.078742
v -0.365020 0.019271 0.079142
v -0.368620 0.020772 0.039842
v -0.361220 0.032571 0.039742
v -0.356520 0.045471 0.059542
v -0.354320 0.044571 0.079142
v -0.357820 0.046072 0.039842
v -0.361920 0.017972 0.098542
v -0.351220 0.043171 0.098542
v -0.354620 0.029771 0.098142
v -0.268020 -0.022129 -0.335258
v -0.263820 -0.008929 -0.336958
v -0.247420 -0.015929 -0.350858
v -0.251620 -0.029128 -0.349158
v -0.283720 -0.015428 -0.320558
v -0.279620 -0.002229 -0.322158
v -0.257220 0.003172 -0.335258
v -0.240820 -0.003828 -0.349158
v -0.272920 0.009872 -0.320558
v -0.298720 -0.009029 -0.304958
v -0.294720 0.004171 -0.306458
v -0.288020 0.016271 -0.304958
v -0.353120 0.014171 0.136742
v -0.345920 0.025971 0.136142
v -0.340220 0.023572 0.154742
v -0.347420 0.011771 0.155442
v -0.358020 0.016271 0.117742
v -0.350720 0.028071 0.117242
v -0.342420 0.039471 0.136742
v -0.336720 0.037071 0.155442
v -0.347220 0.041571 0.117742
v -0.340920 0.008971 0.173842
v -0.330120 0.034271 0.173842
v -0.333720 0.020871 0.173042
v -0.326620 0.002872 -0.271558
v -0.322720 0.016172 -0.272858
v -0.309120 0.010371 -0.290058
v -0.313120 -0.002929 -0.288658
v -0.339420 0.008271 -0.253758
v -0.335620 0.021671 -0.255058
v -0.315820 0.028172 -0.271558
v -0.302320 0.022371 -0.288658
v -0.328620 0.033571 -0.253758
v -0.351320 0.013372 -0.235258
v -0.347620 0.026772 -0.236458
v -0.340620 0.038672 -0.235258
v -0.325420 0.002371 0.209442
v -0.318320 0.014271 0.208442
v -0.309420 0.010471 0.225542
v -0.316520 -0.001429 0.226642
v -0.333620 0.005871 0.191842
v -0.326420 0.017771 0.190942
v -0.314620 0.027671 0.209442
v -0.305720 0.023871 0.226642
v -0.322820 0.031071 0.191842
v -0.306820 -0.005629 0.243242
v -0.296020 0.019671 0.243242
v -0.299820 0.006372 0.242142
v 0.036580 -0.152029 0.419842
v 0.041780 -0.139229 0.417742
v 0.059680 -0.146929 0.415342
v 0.054580 -0.159629 0.417442
v 0.018480 -0.144228 0.421242
v 0.023780 -0.131628 0.419142
v 0.047280 -0.126729 0.419842
v 0.065280 -0.134329 0.417442
v 0.029280 -0.119029 0.421242
v 0.072380 -0.167229 0.414042
v 0.083180 -0.142029 0.414042
v 0.077380 -0.154428 0.411942
v -0.372720 0.022471 -0.196558
v -0.369020 0.035872 -0.197558
v -0.358720 0.031471 -0.217358
v -0.362520 0.018171 -0.216258
v -0.382020 0.026471 -0.176458
v -0.378420 0.039871 -0.177358
v -0.361920 0.047772 -0.196558
v -0.351720 0.043471 -0.216258
v -0.371220 0.051771 -0.176458
v -0.390420 0.030071 -0.155758
v -0.386920 0.043471 -0.156558
v -0.379720 0.055371 -0.155758
v -0.285220 -0.014829 0.274942
v -0.278320 -0.002829 0.273542
v -0.266520 -0.007829 0.288442
v -0.273320 -0.019829 0.289842
v -0.296320 -0.010029 0.259442
v -0.289420 0.001971 0.258142
v -0.274420 0.010471 0.274942
v -0.262620 0.005471 0.289842
v -0.285620 0.015271 0.259442
v -0.260820 -0.025129 0.304142
v -0.250120 0.000072 0.304142
v -0.254120 -0.013129 0.302642
v 0.107580 -0.182229 0.404442
v 0.112380 -0.169429 0.402442
v 0.129480 -0.176729 0.396242
v 0.124780 -0.189629 0.398242
v 0.090080 -0.174829 0.409742
v 0.094980 -0.161929 0.407642
v 0.118380 -0.157029 0.404442
v 0.135580 -0.164329 0.398242
v 0.100880 -0.149528 0.409742
v 0.141680 -0.196829 0.391142
v 0.152480 -0.171529 0.391142
v 0.146380 -0.183829 0.389242
v -0.404420 0.036071 -0.113258
v -0.400920 0.049471 -0.113958
v -0.394420 0.046671 -0.135458
v -0.397920 0.033271 -0.134758
v -0.410020 0.038371 -0.091558
v -0.406520 0.051871 -0.092058
v -0.393620 0.061371 -0.113258
v -0.387120 0.058571 -0.134758
v -0.399220 0.063671 -0.091558
v -0.414520 0.040371 -0.069558
v -0.411020 0.053772 -0.069958
v -0.403720 0.065672 -0.069558
v -0.234020 -0.036629 0.330642
v -0.227420 -0.024528 0.328942
v -0.213120 -0.030529 0.341042
v -0.219720 -0.042729 0.342742
v -0.247720 -0.030729 0.317742
v -0.241020 -0.018729 0.316142
v -0.223220 -0.011329 0.330642
v -0.208920 -0.017429 0.342742
v -0.236920 -0.005528 0.317742
v -0.204920 -0.049029 0.354042
v -0.194120 -0.023729 0.354042
v -0.198420 -0.036828 0.352342
v 0.174480 -0.210829 0.374342
v 0.178980 -0.197729 0.372442
v 0.194680 -0.204429 0.362842
v 0.190280 -0.217529 0.364642
v 0.158280 -0.203928 0.383242
v 0.162880 -0.190928 0.381242
v 0.185280 -0.185529 0.374342
v 0.201080 -0.192229 0.364642
v 0.169080 -0.178628 0.383242
v 0.205580 -0.224029 0.354042
v 0.216380 -0.198729 0.354042
v 0.209880 -0.210928 0.352342
v -0.420620 0.042971 -0.024858
v -0.417220 0.056371 -0.025058
v -0.414620 0.055371 -0.047558
v -0.418120 0.041872 -0.047258
v -0.422120 0.043572 -0.002358
v -0.418720 0.057071 -0.002458
v -0.409820 0.068271 -0.024858
v -0.407320 0.067171 -0.047258
v -0.411320 0.068872 -0.002358
v -0.422620 0.043771 0.020142
v -0.419220 0.057272 0.020142
v -0.411920 0.069071 0.020142
v -0.173820 -0.062329 0.374342
v -0.167520 -0.050029 0.372442
v -0.151420 -0.056929 0.381242
v -0.157620 -0.069229 0.383242
v -0.189620 -0.055529 0.364642
v -0.183220 -0.043329 0.362842
v -0.163020 -0.037029 0.374342
v -0.146820 -0.043929 0.383242
v -0.178820 -0.030329 0.364642
v -0.141020 -0.076229 0.391142
v -0.130220 -0.051029 0.391142
v -0.134920 -0.063929 0.389242
v 0.234680 -0.236429 0.330642
v 0.238880 -0.223329 0.328942
v 0.252480 -0.229129 0.316142
v 0.248380 -0.242329 0.317742
v 0.220380 -0.230329 0.342742
v 0.224580 -0.217229 0.341042
v 0.245480 -0.211129 0.330642
v 0.259180 -0.217029 0.317742
v 0.231180 -0.205129 0.342742
v 0.261580 -0.247929 0.304142
v 0.272280 -0.222629 0.304142
v 0.265580 -0.234729 0.302642
v -0.420620 0.042971 0.065242
v -0.417220 0.056371 0.065442
v -0.418720 0.057071 0.042842
v -0.422120 0.043572 0.042742
v -0.418120 0.041872 0.087642
v -0.414620 0.055371 0.087942
v -0.409820 0.068271 0.065242
v -0.411320 0.068872 0.042742
v -0.407320 0.067171 0.087642
v -0.106920 -0.090829 0.404442
v -0.100920 -0.078429 0.402442
v -0.083520 -0.085829 0.407642
v -0.089420 -0.098228 0.409742
v -0.124120 -0.083528 0.398242
v -0.118020 -0.071129 0.396242
v -0.096120 -0.065529 0.404442
v -0.078620 -0.073029 0.409742
v -0.113320 -0.058228 0.398242
v 0.285880 -0.258328 0.274942
v 0.289780 -0.245028 0.273542
v 0.300880 -0.249729 0.258142
v 0.297080 -0.263029 0.259442
v 0.274080 -0.253229 0.289842
v 0.277980 -0.240029 0.288442
v 0.296680 -0.233029 0.274942
v 0.307780 -0.237729 0.259442
v 0.284780 -0.227929 0.289842
v -0.473720 -2.087729 0.514042
v -0.567220 -2.087729 0.504842
v -0.657120 -2.087729 0.477542
v -0.740020 -2.087729 0.433242
v -0.812620 -2.087729 0.373642
v -0.872320 -2.087729 0.301042
v -0.916520 -2.087729 0.218142
v -0.943820 -2.087729 0.128242
v -0.953020 -2.087729 0.034742
v -0.943820 -2.087729 -0.058858
v -0.916520 -2.087729 -0.148758
v -0.872320 -2.087729 -0.231558
v -0.812620 -2.087729 -0.304258
v -0.740020 -2.087729 -0.363858
v -0.657120 -2.087729 -0.408158
v -0.567220 -2.087729 -0.435458
v -0.473720 -2.087729 -0.444658
v -0.380220 -2.087729 -0.435458
v -0.290320 -2.087729 -0.408158
v -0.207420 -2.087729 -0.363858
v -0.134820 -2.087729 -0.304258
v -0.075120 -2.087729 -0.231558
v -0.030820 -2.087729 -0.148758
v -0.003620 -2.087729 -0.058858
v 0.005580 -2.087729 0.034742
v -0.003620 -2.087729 0.128242
v -0.030820 -2.087729 0.218142
v -0.075120 -2.087729 0.301042
v -0.134820 -2.087729 0.373642
v -0.380220 -2.087729 0.504842
v -0.207420 -2.087729 0.433242
v -0.290320 -2.087729 0.477542
v -0.978720 -2.109129 0.135142
v -0.978720 -2.209929 0.135142
v -0.988620 -2.209929 0.034742
v -0.988620 -2.109129 0.034742
v -0.670720 -2.109129 0.510342
v -0.759720 -2.109129 0.462842
v -0.574120 -2.109129 -0.470258
v -0.473720 -2.109129 -0.480158
v -0.109620 -2.109129 0.398742
v -0.187720 -2.109129 0.462842
v -0.574120 -2.109129 0.539642
v -0.670720 -2.109129 -0.440958
v -0.045620 -2.109129 0.320742
v -0.473720 -2.109129 0.549542
v -0.759720 -2.109129 -0.393358
v 0.001980 -2.109129 0.231742
v -0.837820 -2.109129 -0.329358
v 0.031280 -2.109129 0.135142
v -0.901820 -2.109129 -0.251358
v 0.041180 -2.109129 0.034742
v -0.949420 -2.109129 -0.162358
v 0.031280 -2.109129 -0.065758
v -0.978720 -2.109129 -0.065758
v 0.001980 -2.109129 -0.162358
v -0.045620 -2.109129 -0.251358
v -0.109620 -2.109129 -0.329358
v -0.949420 -2.109129 0.231742
v -0.187720 -2.109129 -0.393358
v -0.901820 -2.109129 0.320742
v -0.276720 -2.109129 -0.440958
v -0.373320 -2.109129 0.539642
v -0.837820 -2.109129 0.398742
v -0.373320 -2.109129 -0.470258
v -0.276720 -2.109129 0.510342
v -0.373320 -2.209929 0.539642
v -0.276720 -2.209929 0.510342
v -0.187720 -2.209929 0.462842
v -0.109620 -2.209929 0.398742
v -0.045620 -2.209929 0.320742
v 0.001980 -2.209929 0.231742
v 0.031280 -2.209929 0.135142
v 0.041180 -2.209929 0.034742
v 0.031280 -2.209929 -0.065758
v 0.001980 -2.209929 -0.162358
v -0.045620 -2.209929 -0.251358
v -0.109620 -2.209929 -0.329358
v -0.187720 -2.209929 -0.393358
v -0.276720 -2.209929 -0.440958
v -0.373320 -2.209929 -0.470258
v -0.473720 -2.209929 -0.480158
v -0.574120 -2.209929 -0.470258
v -0.670720 -2.209929 -0.440958
v -0.759720 -2.209929 -0.393358
v -0.837820 -2.209929 -0.329358
v -0.901820 -2.209929 -0.251358
v -0.949420 -2.209929 -0.162358
v -0.978720 -2.209929 -0.065758
v -0.949420 -2.209929 0.231742
v -0.901820 -2.209929 0.320742
v -0.837820 -2.209929 0.398742
v -0.759720 -2.209929 0.462842
v -0.670720 -2.209929 0.510342
v -0.574120 -2.209929 0.539642
v -0.473720 -2.209929 0.549542
v -0.472520 -1.909829 0.412442
v -0.546120 -1.909829 0.405142
v -0.616920 -1.909829 0.383742
v -0.682120 -1.909829 0.348842
v -0.739320 -1.909829 0.301942
v -0.786220 -1.909829 0.244742
v -0.821120 -1.909829 0.179442
v -0.842620 -1.909829 0.108642
v -0.849820 -1.909829 0.035042
v -0.842620 -1.909829 -0.038558
v -0.821120 -1.909829 -0.109358
v -0.786220 -1.909829 -0.174558
v -0.739320 -1.909829 -0.231758
v -0.682120 -1.909829 -0.278758
v -0.616920 -1.909829 -0.313558
v -0.546120 -1.909829 -0.335058
v -0.472520 -1.909829 -0.342258
v -0.398820 -1.909829 -0.335058
v -0.328020 -1.909829 -0.313558
v -0.262820 -1.909829 -0.278758
v -0.205620 -1.909829 -0.231758
v -0.158720 -1.909829 -0.174558
v -0.123820 -1.909829 -0.109358
v -0.102320 -1.909829 -0.038558
v -0.095120 -1.909829 0.035042
v -0.102320 -1.909829 0.108642
v -0.123820 -1.909829 0.179442
v -0.158720 -1.909829 0.244742
v -0.205620 -1.909829 0.301942
v -0.398820 -1.909829 0.405142
v -0.262820 -1.909829 0.348842
v -0.328020 -1.909829 0.383742
v -0.379420 -2.089029 0.502742
v -0.290020 -2.089029 0.475642
v -0.207520 -2.089029 0.431542
v -0.135320 -2.089029 0.372242
v -0.076020 -2.089029 0.300042
v -0.031920 -2.089029 0.217542
v -0.004820 -2.089029 0.128142
v 0.004380 -2.089029 0.035042
v -0.004820 -2.089029 -0.057958
v -0.031920 -2.089029 -0.147458
v -0.076020 -2.089029 -0.229858
v -0.135320 -2.089029 -0.302158
v -0.207520 -2.089029 -0.361458
v -0.290020 -2.089029 -0.405458
v -0.379420 -2.089029 -0.432658
v -0.472520 -2.089029 -0.441758
v -0.565520 -2.089029 -0.432658
v -0.654920 -2.089029 -0.405458
v -0.737420 -2.089029 -0.361458
v -0.809620 -2.089029 -0.302158
v -0.869020 -2.089029 -0.229858
v -0.913020 -2.089029 -0.147458
v -0.940220 -2.089029 -0.057958
v -0.949320 -2.089029 0.035042
v -0.940220 -2.089029 0.128142
v -0.913020 -2.089029 0.217542
v -0.869020 -2.089029 0.300042
v -0.809620 -2.089029 0.372242
v -0.737420 -2.089029 0.431542
v -0.654920 -2.089029 0.475642
v -0.565520 -2.089029 0.502742
v -0.472520 -2.089029 0.511942
v -0.473120 -1.845229 0.394942
v -0.542920 -1.845229 0.388042
v -0.610120 -1.845229 0.367642
v -0.672020 -1.845229 0.334542
v -0.726320 -1.845229 0.290042
v -0.770920 -1.845229 0.235742
v -0.804020 -1.845229 0.173842
v -0.824320 -1.845229 0.106642
v -0.831220 -1.845229 0.036742
v -0.824320 -1.845229 -0.033158
v -0.804020 -1.845229 -0.100358
v -0.770920 -1.845229 -0.162258
v -0.726320 -1.845229 -0.216558
v -0.672020 -1.845229 -0.261058
v -0.610120 -1.845229 -0.294158
v -0.542920 -1.845229 -0.314558
v -0.473120 -1.845229 -0.321458
v -0.403220 -1.845229 -0.314558
v -0.336020 -1.845229 -0.294158
v -0.274120 -1.845229 -0.261058
v -0.219820 -1.845229 -0.216558
v -0.175320 -1.845229 -0.162258
v -0.142220 -1.845229 -0.100358
v -0.121820 -1.845229 -0.033158
v -0.114920 -1.845229 0.036742
v -0.121820 -1.845229 0.106642
v -0.142220 -1.845229 0.173842
v -0.175320 -1.845229 0.235742
v -0.219820 -1.845229 0.290042
v -0.403220 -1.845229 0.388042
v -0.274120 -1.845229 0.334542
v -0.336020 -1.845229 0.367642
v -0.205320 -1.876129 0.304442
v -0.205320 -1.910929 0.304442
v -0.262720 -1.910929 0.351542
v -0.262720 -1.876129 0.351542
v -0.094420 -1.876129 0.036742
v -0.101720 -1.876129 -0.037158
v -0.844420 -1.876129 -0.037158
v -0.822920 -1.876129 -0.108158
v -0.123220 -1.876129 -0.108158
v -0.851720 -1.876129 0.036742
v -0.158220 -1.876129 -0.173658
v -0.844420 -1.876129 0.110642
v -0.205320 -1.876129 -0.231058
v -0.822920 -1.876129 0.181642
v -0.262720 -1.876129 -0.278058
v -0.787920 -1.876129 0.247142
v -0.328220 -1.876129 -0.313058
v -0.473120 -1.876129 0.415442
v -0.399220 -1.876129 0.408142
v -0.740820 -1.876129 0.304442
v -0.399220 -1.876129 -0.334658
v -0.328220 -1.876129 0.386542
v -0.683420 -1.876129 0.351542
v -0.473120 -1.876129 -0.341958
v -0.618020 -1.876129 0.386542
v -0.546920 -1.876129 -0.334658
v -0.546920 -1.876129 0.408142
v -0.618020 -1.876129 -0.313058
v -0.158220 -1.876129 0.247142
v -0.683420 -1.876129 -0.278058
v -0.123220 -1.876129 0.181642
v -0.740820 -1.876129 -0.231058
v -0.101720 -1.876129 0.110642
v -0.787920 -1.876129 -0.173658
v -0.399220 -1.910929 0.408142
v -0.328220 -1.910929 0.386542
v -0.158220 -1.910929 0.247142
v -0.123220 -1.910929 0.181642
v -0.101720 -1.910929 0.110642
v -0.094420 -1.910929 0.036742
v -0.101720 -1.910929 -0.037158
v -0.123220 -1.910929 -0.108158
v -0.158220 -1.910929 -0.173658
v -0.205320 -1.910929 -0.231058
v -0.262720 -1.910929 -0.278058
v -0.328220 -1.910929 -0.313058
v -0.399220 -1.910929 -0.334658
v -0.473120 -1.910929 -0.341958
v -0.546920 -1.910929 -0.334658
v -0.618020 -1.910929 -0.313058
v -0.683420 -1.910929 -0.278058
v -0.740820 -1.910929 -0.231058
v -0.787920 -1.910929 -0.173658
v -0.822920 -1.910929 -0.108158
v -0.844420 -1.910929 -0.037158
v -0.851720 -1.910929 0.036742
v -0.844420 -1.910929 0.110642
v -0.822920 -1.910929 0.181642
v -0.787920 -1.910929 0.247142
v -0.740820 -1.910929 0.304442
v -0.683420 -1.910929 0.351542
v -0.618020 -1.910929 0.386542
v -0.546920 -1.910929 0.408142
v -0.473120 -1.910929 0.415442
v -0.921220 -2.136829 0.300142
v -0.925120 -2.136829 0.301642
v -0.925120 -2.211229 0.301642
v -0.921220 -2.211229 0.300142
v -0.929220 -2.136829 0.302342
v -0.929220 -2.211229 0.302342
v -0.933420 -2.136829 0.302242
v -0.933420 -2.211229 0.302242
v -0.937520 -2.136829 0.301342
v -0.937520 -2.211229 0.301342
v -0.941320 -2.136829 0.299542
v -0.941320 -2.211229 0.299542
v -0.944720 -2.211229 0.297142
v -0.944720 -2.136829 0.297142
v -0.947620 -2.211229 0.294142
v -0.947620 -2.136829 0.294142
v -0.949820 -2.136829 0.290542
v -0.949820 -2.211229 0.290542
v -0.951320 -2.211229 0.286642
v -0.951320 -2.136829 0.286642
v -0.952020 -2.211229 0.282542
v -0.952020 -2.136829 0.282542
v -0.951920 -2.211229 0.278342
v -0.951920 -2.136829 0.278342
v -0.950920 -2.136829 0.274242
v -0.950920 -2.211229 0.274242
v -0.949220 -2.211229 0.270442
v -0.949220 -2.136829 0.270442
v -0.946820 -2.211229 0.267042
v -0.946820 -2.136829 0.267042
v -0.943720 -2.211229 0.264142
v -0.943720 -2.136829 0.264142
v -0.940220 -2.211229 0.261942
v -0.940220 -2.136829 0.261942
v -0.936320 -2.211229 0.260442
v -0.936320 -2.136829 0.260442
v -0.932220 -2.211229 0.259742
v -0.932220 -2.136829 0.259742
v -0.928020 -2.211229 0.259842
v -0.928020 -2.136829 0.259842
v -0.923920 -2.136829 0.260842
v -0.923920 -2.211229 0.260842
v -0.920120 -2.136829 0.262542
v -0.920120 -2.211229 0.262542
v -0.916720 -2.211229 0.264942
v -0.916720 -2.136829 0.264942
v -0.913820 -2.211229 0.268042
v -0.913820 -2.136829 0.268042
v -0.911620 -2.136829 0.271542
v -0.911620 -2.211229 0.271542
v -0.910120 -2.136829 0.275442
v -0.910120 -2.211229 0.275442
v -0.909420 -2.211229 0.279642
v -0.909420 -2.136829 0.279642
v -0.909520 -2.136829 0.283742
v -0.909520 -2.211229 0.283742
v -0.910520 -2.211229 0.287842
v -0.910520 -2.136829 0.287842
v -0.912220 -2.211229 0.291642
v -0.912220 -2.136829 0.291642
v -0.914620 -2.136829 0.295042
v -0.914620 -2.211229 0.295042
v -0.941320 -2.118429 0.286342
v -0.942420 -2.118629 0.283642
v -0.917720 -2.136829 0.297942
v -0.917720 -2.211229 0.297942
v -0.931120 -2.122429 0.295042
v -0.916720 -2.111629 0.287842
v -0.916820 -2.109629 0.285842
v -0.933520 -2.121129 0.294142
v -0.932720 -2.130829 0.266842
v -0.935120 -2.129129 0.267042
v -0.918220 -2.134829 0.284042
v -0.918420 -2.135629 0.281242
v -0.935820 -2.119929 0.292742
v -0.940820 -2.123929 0.270842
v -0.942020 -2.122429 0.272942
v -0.921620 -2.136129 0.273342
v -0.923420 -2.135629 0.271142
v -0.924120 -2.127329 0.294342
v -0.926320 -2.125629 0.295042
v -0.922220 -2.129129 0.293042
v -0.943020 -2.119129 0.280842
v -0.930320 -2.132329 0.267142
v -0.918620 -2.133629 0.286742
v -0.938020 -2.119129 0.290942
v -0.939220 -2.125629 0.269142
v -0.920120 -2.136329 0.275842
v -0.928720 -2.123929 0.295342
v -0.943120 -2.119929 0.278042
v -0.927920 -2.133629 0.267942
v -0.919320 -2.132329 0.289142
v -0.939820 -2.118629 0.288842
v -0.937320 -2.127329 0.267842
v -0.919020 -2.136129 0.278542
v -0.942820 -2.121129 0.275442
v -0.925620 -2.134829 0.269342
v -0.920620 -2.130829 0.291242
v -0.917720 -2.116529 0.290842
v -0.918620 -2.119229 0.291542
v -0.919820 -2.121829 0.291842
v -0.921120 -2.124329 0.291542
v -0.922720 -2.126729 0.290842
v -0.924320 -2.128729 0.289542
v -0.925920 -2.130429 0.287842
v -0.927620 -2.131729 0.285842
v -0.929120 -2.132429 0.283442
v -0.930520 -2.132729 0.280942
v -0.931720 -2.132429 0.278342
v -0.932620 -2.131729 0.275642
v -0.933220 -2.130429 0.273142
v -0.933620 -2.128729 0.270842
v -0.933620 -2.126729 0.268742
v -0.933320 -2.124329 0.267042
v -0.932720 -2.121829 0.265842
v -0.931720 -2.119229 0.265042
v -0.930620 -2.116529 0.264842
v -0.929220 -2.114029 0.265042
v -0.927720 -2.111629 0.265842
v -0.926120 -2.109629 0.267042
v -0.924420 -2.107929 0.268742
v -0.922820 -2.106629 0.270842
v -0.921220 -2.105929 0.273142
v -0.919820 -2.105629 0.275642
v -0.918720 -2.105929 0.278342
v -0.917720 -2.106629 0.280942
v -0.917120 -2.107929 0.283442
v -0.917120 -2.114029 0.289542
v -0.962520 -2.136829 -0.157958
v -0.962520 -2.211229 -0.157958
v -0.959620 -2.211229 -0.154958
v -0.959620 -2.136829 -0.154958
v -0.964820 -2.211229 -0.161458
v -0.964820 -2.136829 -0.161458
v -0.966420 -2.136829 -0.165258
v -0.966420 -2.211229 -0.165258
v -0.967120 -2.211229 -0.169458
v -0.967120 -2.136829 -0.169458
v -0.967120 -2.136829 -0.173558
v -0.967120 -2.211229 -0.173558
v -0.966220 -2.211229 -0.177658
v -0.966220 -2.136829 -0.177658
v -0.964620 -2.211229 -0.181558
v -0.964620 -2.136829 -0.181558
v -0.962220 -2.136829 -0.184958
v -0.962220 -2.211229 -0.184958
v -0.959220 -2.211229 -0.187958
v -0.959220 -2.136829 -0.187958
v -0.955720 -2.136829 -0.190158
v -0.955720 -2.211229 -0.190158
v -0.951820 -2.136829 -0.191758
v -0.951820 -2.211229 -0.191758
v -0.947720 -2.211229 -0.192558
v -0.947720 -2.136829 -0.192558
v -0.943520 -2.136829 -0.192458
v -0.943520 -2.211229 -0.192458
v -0.939420 -2.136829 -0.191658
v -0.939420 -2.211229 -0.191658
v -0.935620 -2.211229 -0.189958
v -0.935620 -2.136829 -0.189958
v -0.932120 -2.136829 -0.187658
v -0.932120 -2.211229 -0.187658
v -0.929220 -2.136829 -0.184658
v -0.929220 -2.211229 -0.184658
v -0.926920 -2.211229 -0.181158
v -0.926920 -2.136829 -0.181158
v -0.925420 -2.211229 -0.177258
v -0.925420 -2.136829 -0.177258
v -0.924620 -2.136829 -0.173158
v -0.924620 -2.211229 -0.173158
v -0.924620 -2.211229 -0.168958
v -0.924620 -2.136829 -0.168958
v -0.925520 -2.136829 -0.164858
v -0.925520 -2.211229 -0.164858
v -0.927220 -2.136829 -0.160958
v -0.927220 -2.211229 -0.160958
v -0.929520 -2.211229 -0.157558
v -0.929520 -2.136829 -0.157558
v -0.932520 -2.211229 -0.154658
v -0.932520 -2.136829 -0.154658
v -0.936020 -2.136829 -0.152358
v -0.936020 -2.211229 -0.152358
v -0.939920 -2.211229 -0.150758
v -0.939920 -2.136829 -0.150758
v -0.944020 -2.136829 -0.149958
v -0.944020 -2.211229 -0.149958
v -0.948220 -2.136829 -0.150058
v -0.948220 -2.211229 -0.150058
v -0.952320 -2.211229 -0.150958
v -0.952320 -2.136829 -0.150958
v -0.952920 -2.118629 -0.180958
v -0.954920 -2.118429 -0.178858
v -0.956120 -2.136829 -0.152558
v -0.956120 -2.211229 -0.152558
v -0.959020 -2.121129 -0.168658
v -0.958820 -2.122429 -0.166058
v -0.946520 -2.111629 -0.155758
v -0.944620 -2.109629 -0.156558
v -0.933620 -2.130829 -0.178858
v -0.934820 -2.129129 -0.180858
v -0.943620 -2.134829 -0.158658
v -0.941120 -2.135629 -0.159958
v -0.958720 -2.119929 -0.171258
v -0.943020 -2.122429 -0.184958
v -0.940520 -2.123929 -0.184658
v -0.933920 -2.135629 -0.168558
v -0.935120 -2.136129 -0.166058
v -0.955420 -2.127329 -0.159958
v -0.957020 -2.125629 -0.161658
v -0.953420 -2.129129 -0.158658
v -0.950620 -2.119129 -0.182658
v -0.932920 -2.132329 -0.176458
v -0.946220 -2.133629 -0.157858
v -0.957920 -2.119129 -0.173958
v -0.938320 -2.125629 -0.183858
v -0.936820 -2.136329 -0.163658
v -0.958120 -2.123929 -0.163658
v -0.948120 -2.119929 -0.183858
v -0.932720 -2.133629 -0.173958
v -0.948720 -2.132329 -0.157658
v -0.956620 -2.118629 -0.176458
v -0.936420 -2.127329 -0.182558
v -0.938820 -2.136129 -0.161658
v -0.945520 -2.121129 -0.184658
v -0.933120 -2.134829 -0.171258
v -0.951220 -2.130829 -0.157858
v -0.951420 -2.121829 -0.156958
v -0.951720 -2.124329 -0.158258
v -0.951620 -2.126729 -0.159958
v -0.951120 -2.128729 -0.161958
v -0.950220 -2.130429 -0.164158
v -0.949020 -2.131729 -0.166458
v -0.947520 -2.132429 -0.168858
v -0.945720 -2.132729 -0.171158
v -0.943720 -2.132429 -0.173258
v -0.941720 -2.131729 -0.175158
v -0.939620 -2.130429 -0.176758
v -0.937620 -2.128729 -0.178058
v -0.935820 -2.126729 -0.178858
v -0.934120 -2.124329 -0.179258
v -0.932720 -2.121829 -0.179158
v -0.931620 -2.119229 -0.178658
v -0.930920 -2.116529 -0.177658
v -0.930620 -2.114029 -0.176358
v -0.930720 -2.111629 -0.174558
v -0.931220 -2.109629 -0.172658
v -0.932120 -2.107929 -0.170458
v -0.933320 -2.106629 -0.168158
v -0.934820 -2.105929 -0.165758
v -0.936620 -2.105629 -0.163458
v -0.938520 -2.105929 -0.161358
v -0.940620 -2.106629 -0.159458
v -0.942620 -2.107929 -0.157858
v -0.948220 -2.114029 -0.155358
v -0.950620 -2.119229 -0.155958
v -0.949620 -2.116529 -0.155458
v -0.994220 -2.136829 0.080342
v -0.994220 -2.211229 0.080342
v -0.990020 -2.211229 0.080542
v -0.990020 -2.136829 0.080542
v -0.998220 -2.211229 0.079242
v -0.998220 -2.136829 0.079242
v -1.002020 -2.136829 0.077442
v -1.002020 -2.211229 0.077442
v -1.005320 -2.136829 0.074942
v -1.005320 -2.211229 0.074942
v -1.008120 -2.211229 0.071742
v -1.008120 -2.136829 0.071742
v -1.010220 -2.136829 0.068142
v -1.010220 -2.211229 0.068142
v -1.011620 -2.136829 0.064242
v -1.011620 -2.211229 0.064242
v -1.012120 -2.211229 0.060042
v -1.012120 -2.136829 0.060042
v -1.011920 -2.136829 0.055842
v -1.011920 -2.211229 0.055842
v -1.010820 -2.136829 0.051842
v -1.010820 -2.211229 0.051842
v -1.009020 -2.211229 0.048042
v -1.009020 -2.136829 0.048042
v -1.006420 -2.136829 0.044742
v -1.006420 -2.211229 0.044742
v -1.003320 -2.136829 0.041942
v -1.003320 -2.211229 0.041942
v -0.999720 -2.211229 0.039842
v -0.999720 -2.136829 0.039842
v -0.995720 -2.211229 0.038442
v -0.995720 -2.136829 0.038442
v -0.991620 -2.136829 0.037942
v -0.991620 -2.211229 0.037942
v -0.987420 -2.211229 0.038142
v -0.987420 -2.136829 0.038142
v -0.983420 -2.211229 0.039242
v -0.983420 -2.136829 0.039242
v -0.979620 -2.136829 0.041042
v -0.979620 -2.211229 0.041042
v -0.976320 -2.211229 0.043542
v -0.976320 -2.136829 0.043542
v -0.973520 -2.136829 0.046742
v -0.973520 -2.211229 0.046742
v -0.971420 -2.136829 0.050342
v -0.971420 -2.211229 0.050342
v -0.970020 -2.211229 0.054242
v -0.970020 -2.136829 0.054242
v -0.969520 -2.211229 0.058442
v -0.969520 -2.136829 0.058442
v -0.969720 -2.136829 0.062642
v -0.969720 -2.211229 0.062642
v -0.970820 -2.211229 0.066642
v -0.970820 -2.136829 0.066642
v -0.972620 -2.136829 0.070442
v -0.972620 -2.211229 0.070442
v -0.975120 -2.136829 0.073742
v -0.975120 -2.211229 0.073742
v -0.978320 -2.211229 0.076542
v -0.978320 -2.136829 0.076542
v -0.981920 -2.136829 0.078642
v -0.981920 -2.211229 0.078642
v -1.002620 -2.118429 0.059642
v -1.002520 -2.118629 0.056842
v -0.985820 -2.136829 0.080042
v -0.985820 -2.211229 0.080042
v -0.996920 -2.122429 0.071742
v -0.980920 -2.111629 0.071142
v -0.980020 -2.109629 0.069342
v -0.998720 -2.121129 0.070042
v -0.986820 -2.130829 0.045442
v -0.989020 -2.129129 0.044642
v -0.980720 -2.134829 0.067042
v -0.979720 -2.135629 0.064442
v -1.000320 -2.119929 0.067842
v -0.997820 -2.122429 0.047242
v -0.995820 -2.123929 0.045742
v -0.980120 -2.135629 0.053142
v -0.979320 -2.136129 0.055942
v -0.992520 -2.125629 0.073842
v -0.990220 -2.127329 0.074042
v -0.987920 -2.129129 0.073642
v -1.001920 -2.119129 0.054042
v -0.984720 -2.132329 0.046742
v -0.982020 -2.133629 0.069342
v -1.001520 -2.119129 0.065342
v -0.993620 -2.125629 0.044842
v -0.979020 -2.136329 0.058842
v -0.994820 -2.123929 0.073042
v -1.000920 -2.119929 0.051442
v -0.982820 -2.133629 0.048442
v -0.983820 -2.132329 0.071242
v -1.002320 -2.118629 0.062542
v -0.991420 -2.127329 0.044442
v -0.979120 -2.136129 0.061642
v -0.999520 -2.121129 0.049142
v -0.981320 -2.134829 0.050642
v -0.985820 -2.130829 0.072742
v -0.982920 -2.116529 0.073442
v -0.984120 -2.119229 0.073742
v -0.985220 -2.121829 0.073542
v -0.986420 -2.124329 0.072742
v -0.987520 -2.126729 0.071442
v -0.988420 -2.128729 0.069642
v -0.989220 -2.130429 0.067442
v -0.989920 -2.131729 0.064842
v -0.990320 -2.132429 0.062142
v -0.990620 -2.132729 0.059242
v -0.990620 -2.132429 0.056342
v -0.990320 -2.131729 0.053542
v -0.989920 -2.130429 0.050942
v -0.989220 -2.128729 0.048742
v -0.988420 -2.126729 0.046842
v -0.987420 -2.124329 0.045442
v -0.986320 -2.121829 0.044542
v -0.985220 -2.119229 0.044242
v -0.984020 -2.116529 0.044442
v -0.982920 -2.114029 0.045242
v -0.981820 -2.111629 0.046542
v -0.980820 -2.109629 0.048442
v -0.980020 -2.107929 0.050642
v -0.979420 -2.106629 0.053142
v -0.978920 -2.105929 0.055942
v -0.978720 -2.105629 0.058742
v -0.978720 -2.105929 0.061642
v -0.978920 -2.106629 0.064442
v -0.979420 -2.107929 0.067042
v -0.981820 -2.114029 0.072542
v -0.937520 -2.211229 0.301342
v -0.941320 -2.136829 0.299542
v -0.941320 -2.211229 0.299542
v -0.944720 -2.211229 0.297142
v -0.949820 -2.136829 0.290542
v -0.949820 -2.211229 0.290542
v -0.951320 -2.211229 0.286642
v -0.952020 -2.211229 0.282542
v -0.952020 -2.136829 0.282542
v -0.951920 -2.211229 0.278342
vn -0.3934 -0.9194 -0.0000
vn -0.3933 -0.9194 -0.0001
vn -0.3933 -0.9194 -0.0000
vn -0.3934 -0.9194 -0.0001
vn -0.3931 -0.9195 -0.0002
vn -0.3930 -0.9195 -0.0000
vn -0.3931 -0.9195 0.0002
vn -0.3934 -0.9194 0.0001
vn -0.3933 -0.9194 0.0001
vn -0.3933 -0.9194 -0.0002
vn -0.3932 -0.9194 -0.0000
vn -0.3932 -0.9195 0.0001
vn -0.3710 0.9260 0.0698
vn -0.3712 0.9259 0.0695
vn -0.3711 0.9260 0.0696
vn -0.3708 0.9261 0.0699
vn -0.4334 0.1853 0.8819
vn -0.4334 0.1857 0.8819
vn -0.4335 0.1853 0.8819
vn -0.4335 0.1854 0.8818
vn -0.0901 0.0386 -0.9952
vn -0.0901 0.0385 -0.9952
vn 0.7107 -0.3039 -0.6344
vn -0.2667 0.1142 0.9570
vn -0.2668 0.1142 0.9570
vn -0.2666 0.1142 0.9570
vn -0.2667 0.1142 -0.9570
vn -0.2672 0.1143 -0.9568
vn -0.2670 0.1142 -0.9569
vn -0.2670 0.1141 -0.9569
vn 0.5835 -0.2497 -0.7728
vn 0.5833 -0.2495 -0.7730
vn 0.5833 -0.2496 -0.7729
vn -0.0901 0.0385 0.9952
vn -0.4335 0.1854 -0.8819
vn -0.4336 0.1854 -0.8818
vn -0.4334 0.1854 -0.8819
vn 0.4334 -0.1854 -0.8819
vn 0.4332 -0.1854 -0.8820
vn 0.4335 -0.1854 -0.8819
vn 0.4336 -0.1854 -0.8818
vn 0.0901 -0.0385 0.9952
vn -0.5832 0.2495 -0.7730
vn -0.5833 0.2495 -0.7730
vn -0.5832 0.2495 -0.7731
vn 0.2669 -0.1142 -0.9569
vn 0.2669 -0.1141 -0.9570
vn 0.2670 -0.1143 -0.9569
vn 0.2669 -0.1142 0.9569
vn 0.2668 -0.1142 0.9570
vn 0.2670 -0.1142 0.9569
vn -0.7105 0.3041 -0.6346
vn -0.7105 0.3044 -0.6344
vn -0.7107 0.3043 -0.6343
vn -0.7105 0.3040 -0.6346
vn 0.0901 -0.0385 -0.9952
vn 0.4336 -0.1855 0.8818
vn 0.4334 -0.1853 0.8819
vn 0.4334 -0.1854 0.8819
vn 0.4336 -0.1856 0.8818
vn -0.8106 0.3471 -0.4716
vn -0.8109 0.3469 -0.4713
vn -0.8108 0.3470 -0.4713
vn -0.8108 0.3469 -0.4714
vn 0.5832 -0.2495 0.7730
vn 0.5834 -0.2497 0.7728
vn 0.5833 -0.2495 0.7730
vn -0.8799 0.3763 -0.2902
vn 0.7107 -0.3041 0.6344
vn 0.7109 -0.3041 0.6342
vn 0.7106 -0.3041 0.6344
vn -0.9150 0.3915 -0.0978
vn -0.9150 0.3914 -0.0980
vn -0.9148 0.3917 -0.0982
vn -0.9148 0.3917 -0.0983
vn 0.8107 -0.3468 0.4716
vn 0.8106 -0.3466 0.4719
vn 0.8108 -0.3469 0.4715
vn -0.9151 0.3912 0.0980
vn -0.9150 0.3914 0.0980
vn -0.9150 0.3915 0.0980
vn -0.9151 0.3913 0.0974
vn 0.8798 -0.3764 0.2903
vn 0.8797 -0.3768 0.2902
vn -0.8799 0.3763 0.2902
vn 0.9149 -0.3916 0.0980
vn 0.9150 -0.3914 0.0980
vn 0.9150 -0.3915 0.0980
vn 0.9148 -0.3917 0.0982
vn -0.8108 0.3470 0.4713
vn -0.8108 0.3469 0.4715
vn -0.8108 0.3469 0.4714
vn -0.8111 0.3468 0.4710
vn 0.9149 -0.3916 -0.0980
vn 0.9150 -0.3914 -0.0980
vn 0.9150 -0.3914 -0.0979
vn 0.9150 -0.3914 -0.0978
vn -0.7107 0.3043 0.6342
vn -0.7109 0.3041 0.6342
vn -0.7110 0.3042 0.6340
vn -0.7107 0.3041 0.6344
vn 0.8798 -0.3765 -0.2901
vn 0.8798 -0.3766 -0.2899
vn 0.8798 -0.3766 -0.2902
vn 0.8798 -0.3764 -0.2903
vn -0.5832 0.2494 0.7731
vn 0.8108 -0.3469 -0.4714
vn 0.8108 -0.3469 -0.4715
vn 0.8108 -0.3469 -0.4713
vn 0.8109 -0.3470 -0.4713
vn -0.7197 -0.6002 0.3491
vn -0.7199 -0.5997 0.3494
vn -0.7197 -0.6002 0.3490
vn -0.7196 -0.6004 0.3490
vn 0.9011 0.3816 0.2061
vn 0.9011 0.3815 0.2061
vn 0.9011 0.3817 0.2060
vn 0.9010 0.3817 0.2059
vn -0.3463 0.9153 0.2056
vn -0.3463 0.9153 0.2058
vn -0.3464 0.9153 0.2055
vn -0.3464 0.9154 0.2051
vn 0.9261 0.3709 0.0694
vn 0.9261 0.3709 0.0695
vn 0.9261 0.3709 0.0698
vn -0.2974 0.8943 0.3343
vn -0.2974 0.8944 0.3342
vn -0.2975 0.8941 0.3347
vn 0.9261 0.3709 -0.0695
vn 0.9261 0.3709 -0.0694
vn 0.9261 0.3709 -0.0698
vn -0.2261 0.8641 0.4497
vn -0.2266 0.8640 0.4497
vn -0.2264 0.8640 0.4497
vn 0.9010 0.3818 -0.2058
vn 0.9010 0.3819 -0.2059
vn 0.9011 0.3817 -0.2058
vn -0.1359 0.8254 0.5480
vn -0.1356 0.8255 0.5479
vn -0.1360 0.8253 0.5480
vn -0.1361 0.8253 0.5480
vn 0.8522 0.4026 -0.3341
vn 0.8525 0.4022 -0.3340
vn 0.8521 0.4028 -0.3342
vn 0.8521 0.4027 -0.3342
vn -0.0298 0.7799 0.6251
vn -0.0297 0.7799 0.6252
vn -0.0296 0.7800 0.6251
vn -0.0297 0.7800 0.6250
vn 0.2135 0.6758 -0.7055
vn 0.7813 0.4329 -0.4497
vn 0.7812 0.4330 -0.4497
vn 0.7813 0.4331 -0.4495
vn 0.0882 0.7293 0.6785
vn 0.0881 0.7294 -0.6784
vn 0.0882 0.7294 -0.6784
vn 0.6909 0.4716 -0.5480
vn 0.6911 0.4714 -0.5479
vn 0.6910 0.4715 -0.5480
vn 0.2137 0.6759 0.7054
vn 0.2139 0.6759 0.7053
vn 0.2138 0.6759 0.7054
vn 0.2135 0.6758 0.7055
vn -0.0297 0.7797 -0.6255
vn -0.0300 0.7797 -0.6254
vn -0.0299 0.7799 -0.6252
vn -0.0298 0.7799 -0.6252
vn 0.5846 0.5169 -0.6254
vn 0.5845 0.5167 -0.6256
vn 0.5846 0.5168 -0.6254
vn 0.5847 0.5170 -0.6252
vn 0.3414 0.6212 0.7054
vn 0.3415 0.6212 0.7053
vn 0.3413 0.6211 0.7055
vn -0.1361 0.8254 -0.5479
vn -0.1361 0.8255 -0.5478
vn 0.4666 0.5675 -0.6784
vn 0.4665 0.5677 -0.6783
vn 0.4664 0.5676 0.6785
vn 0.4667 0.5675 0.6783
vn 0.4666 0.5677 0.6782
vn 0.4666 0.5675 0.6785
vn -0.2263 0.8641 -0.4496
vn -0.2264 0.8640 -0.4497
vn -0.2260 0.8642 -0.4495
vn 0.3413 0.6211 -0.7055
vn 0.5846 0.5169 0.6254
vn 0.5847 0.5171 0.6251
vn 0.5847 0.5168 0.6254
vn 0.5842 0.5168 0.6257
vn -0.2970 0.8944 -0.3345
vn -0.2969 0.8944 -0.3344
vn -0.2974 0.8944 -0.3342
vn 0.6909 0.4715 0.5480
vn 0.6908 0.4717 0.5480
vn -0.3463 0.9153 -0.2058
vn -0.3463 0.9153 -0.2056
vn -0.3463 0.9153 -0.2059
vn -0.3463 0.9152 -0.2060
vn 0.7813 0.4329 0.4497
vn 0.7813 0.4328 0.4497
vn -0.3712 0.9260 -0.0695
vn -0.3708 0.9261 -0.0698
vn -0.3709 0.9260 -0.0699
vn 0.8524 0.4022 0.3343
vn 0.8522 0.4025 0.3344
vn 0.8523 0.4023 0.3343
vn 0.8523 0.4022 0.3344
vn -0.2670 0.1142 0.9569
vn -0.2671 0.1142 0.9569
vn -0.2669 0.1142 0.9569
vn -0.2668 0.1141 0.9570
vn 0.1558 -0.9748 -0.1598
vn 0.1561 -0.9747 -0.1597
vn 0.1559 -0.9748 -0.1598
vn 0.1557 -0.9748 -0.1598
vn -0.6493 -0.6304 0.4254
vn -0.6494 -0.6303 0.4254
vn -0.6494 -0.6304 0.4254
vn 0.1177 -0.9586 -0.2594
vn 0.1177 -0.9586 -0.2593
vn -0.5669 -0.6657 0.4853
vn -0.5669 -0.6657 0.4852
vn -0.3779 -0.7466 -0.5476
vn -0.3778 -0.7467 -0.5475
vn -0.3779 -0.7465 -0.5477
vn -0.3780 -0.7465 -0.5476
vn 0.0624 -0.9350 -0.3491
vn 0.0623 -0.9350 -0.3492
vn 0.0625 -0.9350 -0.3492
vn 0.0626 -0.9350 -0.3492
vn -0.4753 -0.7049 0.5266
vn -0.4753 -0.7049 0.5265
vn -0.4753 -0.7048 -0.5266
vn -0.4753 -0.7049 -0.5265
vn -0.4754 -0.7049 -0.5265
vn -0.0074 -0.9050 -0.4254
vn -0.0075 -0.9050 -0.4254
vn -0.0075 -0.9050 -0.4253
vn -0.0073 -0.9051 -0.4252
vn -0.3780 -0.7465 0.5476
vn -0.5671 -0.6656 -0.4853
vn -0.5671 -0.6655 -0.4853
vn -0.5669 -0.6657 -0.4853
vn -0.0900 -0.8697 -0.4853
vn -0.0899 -0.8697 -0.4853
vn -0.2790 -0.7888 0.5476
vn -0.2789 -0.7889 0.5475
vn -0.2790 -0.7889 0.5475
vn -0.2789 -0.7889 0.5476
vn -0.6494 -0.6304 -0.4254
vn -0.1816 -0.8305 -0.5266
vn -0.1815 -0.8305 -0.5267
vn -0.1816 -0.8305 0.5266
vn -0.1816 -0.8305 0.5265
vn -0.7194 -0.6006 -0.3490
vn -0.7195 -0.6005 -0.3488
vn -0.7196 -0.6004 -0.3490
vn -0.7194 -0.6005 -0.3491
vn -0.2789 -0.7889 -0.5476
vn -0.0899 -0.8697 0.4853
vn -0.0900 -0.8697 0.4853
vn -0.7746 -0.5768 -0.2594
vn -0.7746 -0.5769 -0.2594
vn -0.7746 -0.5768 -0.2595
vn -0.7746 -0.5768 -0.2596
vn -0.0070 -0.9050 0.4253
vn -0.0072 -0.9050 0.4253
vn -0.0071 -0.9049 0.4256
vn -0.0069 -0.9048 0.4257
vn -0.8124 -0.5608 -0.1597
vn -0.8127 -0.5605 -0.1596
vn -0.8125 -0.5606 -0.1597
vn -0.8125 -0.5607 -0.1597
vn 0.0626 -0.9350 0.3492
vn 0.0626 -0.9350 0.3491
vn 0.0625 -0.9350 0.3490
vn 0.0623 -0.9348 0.3495
vn -0.8319 -0.5523 -0.0539
vn -0.8318 -0.5525 -0.0539
vn -0.8320 -0.5522 -0.0538
vn 0.1177 -0.9586 0.2594
vn -0.8319 -0.5523 0.0539
vn -0.8320 -0.5521 0.0541
vn -0.8319 -0.5522 0.0540
vn 0.1556 -0.9748 0.1596
vn 0.1555 -0.9748 0.1597
vn 0.1556 -0.9748 0.1597
vn 0.1556 -0.9748 0.1598
vn -0.8125 -0.5605 0.1600
vn -0.8126 -0.5606 0.1597
vn -0.8123 -0.5609 0.1600
vn -0.8125 -0.5605 0.1603
vn 0.1749 -0.9831 0.0541
vn 0.1751 -0.9831 0.0540
vn 0.1748 -0.9831 0.0541
vn 0.1747 -0.9831 0.0540
vn -0.7745 -0.5769 0.2593
vn -0.7746 -0.5768 0.2594
vn 0.1750 -0.9831 -0.0540
vn 0.1750 -0.9831 -0.0539
vn 0.4672 0.5719 0.6743
vn 0.4672 0.5723 0.6739
vn 0.4672 0.5718 0.6743
vn -0.2668 0.1141 -0.9570
vn -0.2671 0.1143 -0.9569
vn -0.2671 0.1142 -0.9569
vn 0.5832 -0.2495 -0.7731
vn -0.0900 0.0386 0.9952
vn -0.0903 0.0387 0.9952
vn -0.0903 0.0386 0.9952
vn -0.4334 0.1854 -0.8820
vn -0.4333 0.1854 -0.8820
vn 0.4338 -0.1855 -0.8817
vn 0.4333 -0.1854 -0.8820
vn 0.0901 -0.0386 0.9952
vn 0.0904 -0.0387 0.9952
vn 0.0900 -0.0386 0.9952
vn 0.0903 -0.0387 0.9952
vn -0.5834 0.2495 -0.7729
vn -0.5835 0.2495 -0.7729
vn 0.2670 -0.1142 -0.9569
vn 0.2671 -0.1142 -0.9569
vn 0.2670 -0.1143 0.9569
vn 0.2664 -0.1141 0.9571
vn -0.7107 0.3041 -0.6344
vn -0.7107 0.3039 -0.6345
vn -0.7107 0.3044 -0.6342
vn 0.0904 -0.0387 -0.9952
vn 0.0901 -0.0386 -0.9952
vn 0.0903 -0.0387 -0.9952
vn 0.4331 -0.1854 0.8821
vn -0.8108 0.3471 -0.4714
vn -0.8108 0.3468 -0.4716
vn -0.8107 0.3468 -0.4718
vn 0.5832 -0.2495 0.7731
vn -0.8799 0.3763 -0.2900
vn -0.8800 0.3763 -0.2897
vn -0.8798 0.3764 -0.2903
vn 0.7108 -0.3041 0.6342
vn -0.9150 0.3913 -0.0982
vn -0.9150 0.3912 -0.0986
vn 0.8108 -0.3469 0.4714
vn 0.8109 -0.3468 0.4714
vn 0.8109 -0.3469 0.4713
vn 0.8109 -0.3469 0.4712
vn -0.9150 0.3913 0.0980
vn -0.9150 0.3915 0.0977
vn 0.8798 -0.3763 0.2905
vn 0.8797 -0.3761 0.2908
vn -0.8799 0.3763 0.2900
vn -0.8800 0.3763 0.2897
vn 0.9150 -0.3914 0.0981
vn 0.9150 -0.3913 0.0980
vn -0.8108 0.3471 0.4714
vn -0.8108 0.3473 0.4711
vn -0.8108 0.3469 0.4713
vn -0.8107 0.3468 0.4716
vn 0.9150 -0.3914 -0.0981
vn 0.9150 -0.3914 -0.0977
vn -0.7107 0.3044 0.6342
vn 0.8799 -0.3764 -0.2901
vn 0.8800 -0.3763 -0.2897
vn 0.8797 -0.3765 -0.2905
vn 0.8795 -0.3767 -0.2908
vn -0.5831 0.2495 0.7731
vn -0.5832 0.2495 0.7730
vn -0.5832 0.2495 0.7731
vn -0.5830 0.2494 0.7733
vn 0.8107 -0.3469 -0.4717
vn -0.4334 0.1854 0.8819
vn -0.4335 0.1854 0.8819
vn -0.0903 0.0386 -0.9952
vn -0.0903 0.0387 -0.9952
vn 0.7108 -0.3041 -0.6342
vn 0.2939 -0.8226 0.4868
vn 0.2938 -0.8226 0.4868
vn 0.2940 -0.8225 0.4868
vn -0.2220 0.8666 -0.4470
vn -0.2216 0.8666 -0.4472
vn -0.2219 0.8666 -0.4470
vn -0.2219 0.8665 -0.4472
vn 0.3426 0.6252 -0.7013
vn 0.3426 0.6252 -0.7012
vn 0.3425 0.6252 -0.7013
vn 0.5845 0.5217 0.6215
vn -0.2922 0.8969 -0.3320
vn -0.2923 0.8969 -0.3320
vn 0.6900 0.4765 0.5449
vn 0.6899 0.4766 0.5448
vn 0.6900 0.4764 0.5449
vn 0.6901 0.4765 0.5447
vn -0.3411 0.9175 -0.2048
vn -0.3412 0.9174 -0.2046
vn -0.3410 0.9176 -0.2043
vn -0.3409 0.9176 -0.2046
vn 0.7799 0.4378 0.4473
vn 0.7799 0.4379 0.4472
vn 0.7800 0.4378 0.4472
vn 0.7800 0.4380 0.4469
vn -0.3654 0.9283 -0.0690
vn -0.3655 0.9283 -0.0689
vn -0.3655 0.9282 -0.0691
vn -0.3657 0.9282 -0.0691
vn 0.8505 0.4079 0.3322
vn 0.8503 0.4079 0.3325
vn -0.3656 0.9282 0.0689
vn -0.3657 0.9282 0.0691
vn -0.3658 0.9281 0.0691
vn -0.3656 0.9282 0.0692
vn 0.8991 0.3870 0.2046
vn 0.8991 0.3871 0.2046
vn -0.3410 0.9175 0.2047
vn -0.3412 0.9174 0.2049
vn -0.3411 0.9174 0.2048
vn -0.3409 0.9176 0.2046
vn 0.9238 0.3765 0.0691
vn 0.9238 0.3766 0.0692
vn 0.9239 0.3764 0.0691
vn -0.2924 0.8967 0.3323
vn -0.2923 0.8968 0.3322
vn -0.2922 0.8968 0.3321
vn -0.2921 0.8969 0.3321
vn 0.9238 0.3765 -0.0691
vn 0.9238 0.3766 -0.0692
vn 0.9238 0.3767 -0.0692
vn 0.9237 0.3767 -0.0691
vn -0.2217 0.8666 0.4470
vn -0.2217 0.8669 0.4465
vn -0.2216 0.8667 0.4469
vn 0.8990 0.3872 -0.2045
vn 0.8991 0.3871 -0.2046
vn 0.8990 0.3872 -0.2046
vn -0.1319 0.8282 0.5447
vn -0.1318 0.8282 0.5447
vn 0.8505 0.4078 -0.3323
vn 0.8505 0.4079 -0.3322
vn -0.0262 0.7830 0.6215
vn -0.0264 0.7830 0.6215
vn -0.0265 0.7830 0.6215
vn 0.2156 0.6794 -0.7014
vn 0.2156 0.6795 -0.7013
vn 0.2153 0.6792 -0.7017
vn 0.7799 0.4381 -0.4470
vn 0.7800 0.4380 -0.4471
vn 0.0915 0.7327 0.6744
vn 0.0912 0.7328 0.6743
vn 0.0910 0.7328 0.6743
vn 0.0914 0.7326 0.6745
vn 0.0910 0.7328 -0.6744
vn 0.0912 0.7327 -0.6744
vn 0.6901 0.4766 -0.5447
vn 0.6901 0.4765 -0.5447
vn 0.6903 0.4763 -0.5447
vn 0.6901 0.4766 -0.5446
vn 0.2152 0.6795 0.7014
vn 0.2156 0.6795 0.7013
vn 0.2155 0.6795 0.7013
vn 0.2153 0.6792 0.7017
vn -0.0264 0.7830 -0.6215
vn -0.0263 0.7830 -0.6215
vn -0.0264 0.7829 -0.6216
vn 0.5844 0.5217 -0.6216
vn 0.5845 0.5217 -0.6215
vn 0.5844 0.5217 -0.6215
vn 0.3423 0.6252 0.7014
vn 0.3426 0.6253 0.7012
vn 0.3426 0.6252 0.7012
vn 0.3425 0.6252 0.7013
vn -0.1319 0.8282 -0.5447
vn 0.4672 0.5719 -0.6743
vn 0.4670 0.5719 -0.6744
vn 0.4675 0.5717 -0.6742
vn 0.4671 0.5717 -0.6745
vn 0.9149 -0.3915 0.0983
vn 0.9148 -0.3918 0.0979
vn 0.9148 -0.3920 0.0975
vn -0.9546 -0.2881 -0.0753
vn 0.3710 -0.8551 0.3621
vn 0.3709 -0.8552 0.3621
vn 0.3709 -0.8551 0.3621
vn -0.9547 -0.2880 0.0752
vn -0.9547 -0.2881 0.0753
vn -0.9546 -0.2881 0.0753
vn 0.4236 -0.8780 0.2230
vn 0.4238 -0.8779 0.2229
vn 0.4237 -0.8779 0.2230
vn -0.9276 -0.2999 0.2227
vn -0.9276 -0.2997 0.2229
vn 0.4508 -0.8894 0.0753
vn 0.4509 -0.8894 0.0753
vn 0.4509 -0.8894 0.0754
vn 0.4508 -0.8894 0.0755
vn -0.8748 -0.3222 0.3619
vn -0.8747 -0.3223 0.3620
vn -0.8748 -0.3220 0.3618
vn 0.4510 -0.8893 -0.0758
vn 0.4506 -0.8895 -0.0753
vn 0.4508 -0.8894 -0.0754
vn 0.4509 -0.8894 -0.0754
vn -0.7977 -0.3553 0.4874
vn -0.7977 -0.3553 0.4873
vn -0.7976 -0.3551 0.4876
vn -0.7976 -0.3552 0.4875
vn 0.4238 -0.8779 -0.2229
vn 0.4237 -0.8779 -0.2229
vn 0.4238 -0.8779 -0.2230
vn -0.6998 -0.3970 0.5939
vn -0.6999 -0.3971 0.5937
vn -0.6997 -0.3969 0.5941
vn 0.3710 -0.8551 -0.3620
vn 0.3711 -0.8551 -0.3621
vn 0.3710 -0.8552 -0.3620
vn 0.3710 -0.8552 -0.3619
vn -0.5848 -0.4463 0.6773
vn -0.5848 -0.4464 0.6773
vn -0.5851 -0.4462 0.6772
vn -0.3211 -0.5593 -0.7643
vn -0.3211 -0.5592 -0.7643
vn -0.3212 -0.5594 -0.7642
vn 0.2940 -0.8221 -0.4876
vn 0.2939 -0.8223 -0.4874
vn 0.2940 -0.8222 -0.4874
vn 0.2941 -0.8220 -0.4876
vn -0.4570 -0.5010 0.7350
vn -0.4572 -0.5011 0.7348
vn -0.4568 -0.5009 0.7352
vn -0.4569 -0.5010 -0.7350
vn -0.4568 -0.5011 -0.7350
vn -0.4569 -0.5011 -0.7350
vn 0.1962 -0.7803 -0.5938
vn 0.1961 -0.7804 -0.5937
vn 0.1962 -0.7804 -0.5937
vn -0.3212 -0.5594 0.7642
vn -0.5848 -0.4464 -0.6773
vn -0.5850 -0.4464 -0.6771
vn 0.0806 -0.7311 -0.6775
vn 0.0806 -0.7316 -0.6770
vn 0.0806 -0.7310 -0.6776
vn 0.0810 -0.7312 -0.6773
vn -0.1827 -0.6184 0.7644
vn -0.1827 -0.6184 0.7643
vn -0.7000 -0.3972 -0.5936
vn -0.6999 -0.3971 -0.5937
vn -0.7001 -0.3973 -0.5933
vn -0.6999 -0.3971 -0.5936
vn -0.0469 -0.6763 -0.7351
vn -0.0469 -0.6762 -0.7352
vn -0.0468 -0.6764 -0.7350
vn -0.0467 -0.6769 -0.7346
vn -0.0469 -0.6765 0.7350
vn -0.0468 -0.6765 0.7350
vn -0.0467 -0.6765 0.7350
vn -0.7977 -0.3554 -0.4873
vn -0.7976 -0.3554 -0.4873
vn -0.7976 -0.3553 -0.4874
vn -0.7977 -0.3553 -0.4872
vn -0.1826 -0.6182 -0.7645
vn -0.1827 -0.6184 -0.7643
vn 0.0806 -0.7315 0.6770
vn 0.0810 -0.7313 0.6773
vn 0.0810 -0.7312 0.6773
vn -0.8746 -0.3223 -0.3621
vn -0.8746 -0.3224 -0.3620
vn 0.1961 -0.7804 0.5937
vn 0.1962 -0.7804 0.5937
vn -0.9276 -0.2998 -0.2226
vn -0.9277 -0.2997 -0.2227
vn -0.9276 -0.2998 -0.2227
vn -0.9276 -0.2999 -0.2227
vn 0.8745 0.3110 -0.3723
vn 0.8744 0.3110 -0.3723
vn -0.8107 0.3470 0.4716
vn -0.8107 0.3470 0.4715
vn 0.9148 -0.3918 -0.0980
vn 0.9149 -0.3915 -0.0985
vn -0.7106 0.3040 0.6345
vn 0.8798 -0.3763 -0.2904
vn -0.5833 0.2495 0.7730
vn -0.5834 0.2495 0.7729
vn 0.8109 -0.3469 -0.4713
vn 0.8106 -0.3470 -0.4717
vn 0.8107 -0.3469 -0.4715
vn -0.4332 0.1853 0.8821
vn -0.0902 0.0386 -0.9952
vn -0.0904 0.0387 -0.9952
vn -0.2669 0.1141 0.9569
vn -0.2669 0.1141 0.9570
vn -0.2668 0.1140 0.9570
vn -0.2669 0.1141 -0.9569
vn -0.2668 0.1140 -0.9570
vn -0.2669 0.1141 -0.9570
vn -0.2669 0.1142 -0.9569
vn 0.5830 -0.2494 -0.7732
vn -0.0902 0.0386 0.9952
vn -0.0907 0.0388 0.9951
vn -0.4335 0.1855 -0.8818
vn -0.4332 0.1853 -0.8821
vn 0.4335 -0.1855 -0.8818
vn 0.4332 -0.1853 -0.8821
vn 0.4336 -0.1856 -0.8818
vn 0.0902 -0.0386 0.9952
vn -0.5830 0.2494 -0.7732
vn 0.2668 -0.1141 -0.9570
vn 0.2673 -0.1145 -0.9568
vn 0.2671 -0.1143 -0.9569
vn 0.2668 -0.1141 0.9570
vn 0.2673 -0.1145 0.9568
vn 0.2671 -0.1143 0.9569
vn -0.7106 0.3041 -0.6345
vn 0.0899 -0.0386 -0.9952
vn 0.0902 -0.0386 -0.9952
vn 0.4332 -0.1853 0.8821
vn 0.4335 -0.1855 0.8818
vn -0.8106 0.3472 -0.4715
vn -0.8108 0.3469 -0.4715
vn -0.8107 0.3474 -0.4713
vn 0.5835 -0.2496 0.7728
vn -0.8798 0.3763 -0.2905
vn -0.8798 0.3765 -0.2901
vn -0.8798 0.3766 -0.2901
vn 0.7106 -0.3040 0.6345
vn 0.7107 -0.3043 0.6342
vn -0.9150 0.3914 -0.0981
vn -0.9150 0.3914 -0.0983
vn 0.8107 -0.3469 0.4715
vn -0.9150 0.3914 0.0981
vn -0.9150 0.3914 0.0982
vn -0.9150 0.3914 0.0983
vn 0.8798 -0.3763 0.2904
vn -0.8798 0.3765 0.2901
vn -0.8796 0.3769 0.2905
vn -0.8797 0.3765 0.2904
vn -0.8798 0.3764 0.2903
vn 0.2982 -0.9368 0.1829
vn 0.2983 -0.9367 0.1832
vn 0.2979 -0.9369 0.1829
vn 0.2983 -0.9368 0.1828
vn 0.0225 0.8395 0.5429
vn 0.2115 0.7087 -0.6731
vn 0.7921 0.3575 -0.4948
vn 0.1085 0.7781 0.6187
vn 0.1083 0.7782 -0.6186
vn 0.1085 0.7781 -0.6187
vn 0.1084 0.7782 -0.6186
vn 0.6898 0.4161 -0.5925
vn 0.2115 0.7087 0.6731
vn 0.2115 0.7090 0.6728
vn 0.0225 0.8395 -0.5429
vn 0.5737 0.4840 -0.6608
vn 0.3275 0.6340 0.7005
vn 0.3274 0.6340 0.7006
vn -0.0446 0.8906 -0.4526
vn -0.0445 0.8906 -0.4525
vn -0.0446 0.8906 -0.4525
vn 0.4505 0.5579 -0.6970
vn 0.4505 0.5579 0.6970
vn -0.0930 0.9306 -0.3539
vn -0.0930 0.9306 -0.3540
vn 0.3274 0.6340 -0.7006
vn 0.5737 0.4840 0.6608
vn -0.1251 0.9596 -0.2522
vn 0.6898 0.4161 0.5925
vn -0.1440 0.9781 -0.1505
vn 0.7921 0.3575 0.4948
vn -0.1526 0.9870 -0.0499
vn -0.1526 0.9870 -0.0500
vn -0.1526 0.9870 -0.0501
vn 0.8745 0.3110 0.3723
vn 0.8744 0.3110 0.3723
vn -0.1528 0.9870 0.0497
vn -0.1526 0.9870 0.0500
vn -0.1524 0.9871 0.0500
vn 0.9321 0.2789 0.2311
vn 0.9321 0.2788 0.2312
vn 0.9321 0.2788 0.2313
vn -0.1441 0.9781 0.1505
vn -0.1440 0.9781 0.1505
vn 0.9617 0.2626 0.0784
vn 0.9618 0.2623 0.0784
vn 0.9618 0.2625 0.0782
vn -0.1251 0.9596 0.2522
vn 0.9618 0.2624 -0.0785
vn 0.9618 0.2623 -0.0784
vn 0.9618 0.2624 -0.0784
vn -0.0930 0.9306 0.3539
vn 0.9321 0.2788 -0.2312
vn -0.0446 0.8907 0.4525
vn -0.0445 0.8906 0.4525
vn 0.8986 -0.3290 -0.2903
vn -0.8332 -0.5219 0.1827
vn -0.8332 -0.5218 0.1828
vn -0.8331 -0.5220 0.1828
vn 0.3209 -0.9451 0.0617
vn 0.3206 -0.9452 0.0619
vn 0.3210 -0.9451 0.0617
vn -0.7888 -0.5382 0.2968
vn -0.7888 -0.5383 0.2967
vn -0.7888 -0.5383 0.2968
vn 0.3210 -0.9451 -0.0617
vn 0.3208 -0.9451 -0.0617
vn 0.3209 -0.9451 -0.0617
vn -0.7245 -0.5617 0.3996
vn -0.7244 -0.5616 0.3997
vn -0.7246 -0.5615 0.3995
vn 0.2980 -0.9369 -0.1830
vn 0.2981 -0.9369 -0.1827
vn 0.2984 -0.9368 -0.1828
vn 0.2983 -0.9367 -0.1835
vn -0.6425 -0.5918 0.4868
vn -0.6426 -0.5917 0.4868
vn -0.6424 -0.5919 0.4867
vn 0.2541 -0.9205 -0.2966
vn 0.2546 -0.9206 -0.2961
vn 0.2542 -0.9206 -0.2966
vn 0.2541 -0.9206 -0.2966
vn -0.5460 -0.6273 0.5553
vn -0.5461 -0.6272 0.5553
vn -0.3254 -0.7082 -0.6266
vn -0.3255 -0.7082 -0.6265
vn -0.3253 -0.7081 -0.6267
vn 0.1897 -0.8969 -0.3995
vn 0.1897 -0.8969 -0.3996
vn 0.1897 -0.8968 -0.3996
vn -0.4390 -0.6665 0.6026
vn -0.4389 -0.6664 0.6027
vn -0.4390 -0.6664 0.6026
vn -0.4390 -0.6664 0.6027
vn -0.4389 -0.6667 -0.6023
vn -0.4389 -0.6668 -0.6023
vn -0.4390 -0.6666 -0.6024
vn 0.1072 -0.8669 -0.4868
vn 0.1076 -0.8669 -0.4868
vn 0.1073 -0.8669 -0.4868
vn -0.3254 -0.7080 0.6268
vn -0.3252 -0.7081 0.6267
vn -0.3253 -0.7081 0.6267
vn -0.5461 -0.6273 -0.5552
vn -0.5461 -0.6272 -0.5553
vn -0.5460 -0.6272 -0.5555
vn -0.5460 -0.6273 -0.5553
vn 0.0113 -0.8314 -0.5556
vn 0.0114 -0.8313 -0.5557
vn 0.0115 -0.8317 -0.5552
vn 0.0113 -0.8316 -0.5552
vn -0.2093 -0.7506 0.6268
vn -0.2093 -0.7506 0.6267
vn -0.2092 -0.7505 0.6269
vn -0.6425 -0.5914 -0.4872
vn -0.6424 -0.5918 -0.4869
vn -0.6425 -0.5918 -0.4868
vn -0.6426 -0.5916 -0.4869
vn -0.0959 -0.7922 -0.6026
vn -0.0961 -0.7924 -0.6024
vn -0.0958 -0.7923 -0.6026
vn -0.0959 -0.7923 0.6026
vn -0.0961 -0.7922 0.6026
vn -0.0958 -0.7923 0.6025
vn -0.7244 -0.5618 -0.3995
vn -0.7245 -0.5617 -0.3995
vn -0.2093 -0.7507 -0.6266
vn -0.2094 -0.7506 -0.6267
vn -0.2094 -0.7507 -0.6265
vn -0.2092 -0.7507 -0.6267
vn 0.0112 -0.8316 0.5552
vn 0.0113 -0.8316 0.5553
vn 0.0114 -0.8316 0.5553
vn 0.0110 -0.8317 0.5551
vn -0.7888 -0.5382 -0.2969
vn -0.7888 -0.5381 -0.2969
vn -0.7888 -0.5383 -0.2968
vn 0.1077 -0.8669 0.4868
vn 0.1074 -0.8669 0.4868
vn 0.1078 -0.8668 0.4868
vn -0.8332 -0.5220 -0.1827
vn -0.8331 -0.5221 -0.1827
vn -0.8332 -0.5219 -0.1827
vn -0.8331 -0.5220 -0.1828
vn 0.1895 -0.8968 0.3998
vn 0.1895 -0.8967 0.4000
vn 0.1894 -0.8969 0.3997
vn 0.1896 -0.8969 0.3995
vn -0.8558 -0.5137 -0.0616
vn -0.8558 -0.5137 -0.0613
vn -0.8558 -0.5136 -0.0616
vn -0.8558 -0.5136 -0.0617
vn 0.2541 -0.9205 0.2968
vn 0.2541 -0.9206 0.2966
vn 0.2541 -0.9205 0.2967
vn 0.2540 -0.9205 0.2968
vn -0.8557 -0.5138 0.0618
vn -0.8557 -0.5137 0.0618
vn -0.8557 -0.5138 0.0619
vn -0.8556 -0.5139 0.0618
vn 0.6722 0.4089 -0.6172
vn -0.5957 0.2184 0.7729
vn -0.5956 0.2184 0.7730
vn -0.5959 0.2184 0.7728
vn 0.8280 -0.3037 -0.4714
vn 0.8280 -0.3036 -0.4714
vn -0.4426 0.1622 0.8819
vn -0.4422 0.1623 0.8821
vn -0.4428 0.1621 0.8818
vn -0.0919 0.0337 -0.9952
vn -0.0920 0.0337 -0.9952
vn -0.0921 0.0337 -0.9952
vn 0.7258 -0.2661 -0.6344
vn 0.7259 -0.2661 -0.6343
vn -0.2725 0.0999 0.9570
vn -0.2726 0.0999 0.9569
vn -0.2724 0.0999 0.9570
vn -0.2726 0.0999 -0.9569
vn -0.2725 0.0999 -0.9570
vn -0.2724 0.0999 -0.9570
vn 0.5954 -0.2184 -0.7732
vn 0.5952 -0.2183 -0.7733
vn 0.5953 -0.2183 -0.7733
vn 0.5954 -0.2185 -0.7731
vn -0.0922 0.0338 0.9952
vn -0.4424 0.1621 -0.8820
vn -0.4427 0.1624 -0.8818
vn -0.4426 0.1623 -0.8819
vn -0.4423 0.1620 -0.8821
vn 0.4427 -0.1622 -0.8819
vn 0.4428 -0.1621 -0.8818
vn 0.4425 -0.1622 -0.8820
vn 0.4424 -0.1622 -0.8820
vn 0.0922 -0.0338 0.9952
vn 0.0923 -0.0338 0.9952
vn -0.5955 0.2181 -0.7732
vn -0.5955 0.2181 -0.7731
vn 0.2726 -0.0999 -0.9569
vn 0.2729 -0.0999 -0.9568
vn 0.2725 -0.0999 -0.9570
vn 0.2725 -0.0999 0.9569
vn 0.2726 -0.0999 0.9569
vn 0.2725 -0.0999 0.9570
vn -0.7257 0.2662 -0.6345
vn -0.7258 0.2661 -0.6344
vn -0.7259 0.2660 -0.6343
vn 0.0920 -0.0337 -0.9952
vn 0.0919 -0.0337 -0.9952
vn 0.4425 -0.1622 0.8820
vn 0.4428 -0.1621 0.8818
vn 0.4427 -0.1622 0.8819
vn 0.4424 -0.1622 0.8820
vn -0.8280 0.3036 -0.4714
vn 0.5958 -0.2185 0.7729
vn 0.5956 -0.2184 0.7730
vn 0.5957 -0.2184 0.7729
vn 0.5958 -0.2184 0.7729
vn -0.8987 0.3291 -0.2899
vn 0.7258 -0.2658 0.6345
vn 0.7257 -0.2659 0.6345
vn 0.7257 -0.2660 0.6345
vn 0.7257 -0.2661 0.6344
vn -0.9343 0.3426 -0.0981
vn -0.9343 0.3428 -0.0979
vn -0.9343 0.3426 -0.0980
vn -0.9344 0.3425 -0.0980
vn 0.8280 -0.3036 0.4714
vn 0.8282 -0.3031 0.4714
vn 0.8281 -0.3036 0.4714
vn 0.8280 -0.3038 0.4712
vn -0.9344 0.3425 0.0980
vn -0.9344 0.3425 0.0982
vn -0.9343 0.3426 0.0982
vn -0.9344 0.3424 0.0980
vn 0.8986 -0.3290 0.2903
vn -0.8985 0.3293 0.2902
vn 0.9344 -0.3425 0.0980
vn 0.9344 -0.3426 0.0978
vn 0.9344 -0.3424 0.0983
vn -0.8280 0.3037 0.4714
vn -0.8280 0.3036 0.4714
vn -0.8280 0.3037 0.4713
vn 0.9344 -0.3425 -0.0980
vn 0.9344 -0.3426 -0.0979
vn 0.9344 -0.3425 -0.0982
vn 0.9344 -0.3425 -0.0979
vn -0.7257 0.2660 0.6345
vn -0.7258 0.2662 0.6343
vn -0.7258 0.2661 0.6344
vn -0.1505 -0.7276 -0.6693
vn -0.1506 -0.7276 -0.6692
vn 0.1561 0.6844 0.7122
vn -0.0545 0.8122 -0.5808
vn -0.0545 0.8123 -0.5807
vn 0.5483 0.4720 -0.6904
vn 0.5482 0.4720 -0.6904
vn 0.2828 0.6131 0.7377
vn -0.1311 0.8636 -0.4869
vn -0.1313 0.8636 -0.4867
vn -0.1314 0.8636 -0.4867
vn 0.4159 0.5411 -0.7309
vn 0.4159 0.5411 0.7309
vn -0.1880 0.9046 -0.3826
vn -0.1880 0.9046 -0.3827
vn -0.1880 0.9045 -0.3827
vn 0.2828 0.6131 -0.7377
vn 0.5482 0.4720 0.6904
vn -0.2264 0.9348 -0.2737
vn -0.2266 0.9347 -0.2739
vn -0.2264 0.9348 -0.2738
vn 0.6722 0.4089 0.6173
vn 0.6722 0.4089 0.6172
vn 0.6721 0.4089 0.6173
vn -0.2499 0.9543 -0.1639
vn -0.2499 0.9543 -0.1640
vn 0.7807 0.3549 0.5143
vn -0.2606 0.9639 -0.0547
vn -0.2606 0.9639 -0.0546
vn -0.2605 0.9639 -0.0548
vn 0.8679 0.3122 0.3864
vn -0.2605 0.9639 0.0550
vn -0.2606 0.9639 0.0546
vn 0.9288 0.2828 0.2396
vn 0.9288 0.2828 0.2397
vn -0.2499 0.9543 0.1640
vn -0.2499 0.9543 0.1639
vn 0.9601 0.2675 0.0814
vn 0.9601 0.2677 0.0812
vn 0.9601 0.2676 0.0814
vn -0.2267 0.9346 0.2740
vn -0.2266 0.9347 0.2739
vn 0.9601 0.2676 -0.0812
vn 0.9601 0.2677 -0.0812
vn 0.9601 0.2676 -0.0813
vn 0.9601 0.2675 -0.0812
vn -0.1877 0.9047 0.3824
vn -0.1880 0.9045 0.3827
vn -0.1878 0.9046 0.3827
vn -0.1880 0.9046 0.3827
vn 0.9288 0.2828 -0.2396
vn -0.1313 0.8636 0.4867
vn -0.1316 0.8637 0.4865
vn 0.8679 0.3122 -0.3864
vn -0.0545 0.8123 0.5807
vn -0.0546 0.8123 0.5807
vn 0.1562 0.6844 -0.7122
vn 0.1561 0.6844 -0.7122
vn 0.7807 0.3549 -0.5143
vn 0.0421 0.7518 0.6580
vn 0.0421 0.7518 -0.6580
vn 0.0423 0.7518 -0.6580
vn 0.8444 -0.2545 0.4715
vn 0.8444 -0.2545 0.4714
vn 0.8444 -0.2544 0.4715
vn 0.0900 -0.8001 0.5931
vn 0.0904 -0.8003 0.5928
vn -0.7813 -0.5376 -0.3170
vn -0.7814 -0.5375 -0.3170
vn -0.7814 -0.5376 -0.3170
vn 0.1947 -0.8318 0.5199
vn 0.1950 -0.8317 0.5199
vn 0.1947 -0.8317 0.5199
vn 0.1949 -0.8317 0.5199
vn -0.8296 -0.5232 -0.1951
vn -0.8296 -0.5230 -0.1953
vn -0.8296 -0.5231 -0.1952
vn -0.8297 -0.5229 -0.1952
vn 0.2841 -0.8587 0.4264
vn 0.2842 -0.8586 0.4266
vn 0.2842 -0.8586 0.4267
vn 0.2841 -0.8587 0.4265
vn -0.8544 -0.5154 -0.0661
vn -0.8544 -0.5155 -0.0659
vn -0.8544 -0.5153 -0.0662
vn 0.3543 -0.8798 0.3170
vn 0.3543 -0.8797 0.3170
vn -0.8544 -0.5154 0.0660
vn -0.8544 -0.5154 0.0659
vn -0.8544 -0.5155 0.0659
vn 0.4025 -0.8944 0.1952
vn 0.4023 -0.8945 0.1952
vn 0.4026 -0.8943 0.1952
vn -0.8296 -0.5231 0.1952
vn -0.8297 -0.5229 0.1952
vn -0.8297 -0.5229 0.1951
vn 0.4272 -0.9017 0.0659
vn 0.4270 -0.9018 0.0661
vn 0.4272 -0.9018 0.0659
vn 0.4272 -0.9018 0.0658
vn -0.7814 -0.5375 0.3171
vn -0.7813 -0.5376 0.3172
vn -0.7814 -0.5375 0.3170
vn 0.4268 -0.9019 -0.0661
vn 0.4269 -0.9019 -0.0659
vn 0.4269 -0.9019 -0.0662
vn 0.4271 -0.9017 -0.0664
vn -0.7113 -0.5588 0.4264
vn -0.7113 -0.5586 0.4266
vn -0.7113 -0.5587 0.4266
vn 0.4024 -0.8944 -0.1952
vn 0.4026 -0.8943 -0.1952
vn 0.4025 -0.8944 -0.1952
vn -0.6222 -0.5854 0.5198
vn -0.6223 -0.5852 0.5199
vn -0.6222 -0.5854 0.5199
vn -0.6220 -0.5855 0.5199
vn 0.3543 -0.8798 -0.3170
vn 0.3541 -0.8798 -0.3170
vn -0.5171 -0.6174 0.5929
vn -0.5172 -0.6173 0.5929
vn -0.5170 -0.6173 0.5930
vn -0.5169 -0.6171 0.5933
vn -0.2765 -0.6897 -0.6692
vn -0.2765 -0.6896 -0.6693
vn -0.2766 -0.6896 -0.6693
vn 0.2844 -0.8586 -0.4265
vn 0.2845 -0.8585 -0.4267
vn 0.2844 -0.8586 -0.4266
vn 0.2842 -0.8586 -0.4266
vn -0.4004 -0.6523 0.6435
vn -0.4005 -0.6523 0.6434
vn -0.4002 -0.6522 0.6438
vn -0.4004 -0.6522 0.6437
vn -0.4006 -0.6523 -0.6435
vn -0.4005 -0.6525 -0.6434
vn -0.4008 -0.6525 -0.6432
vn -0.4007 -0.6522 -0.6435
vn 0.1947 -0.8315 -0.5204
vn 0.1950 -0.8317 -0.5199
vn 0.1948 -0.8316 -0.5200
vn 0.1949 -0.8317 -0.5199
vn -0.2765 -0.6895 0.6694
vn -0.2771 -0.6898 0.6689
vn -0.2763 -0.6894 0.6696
vn -0.2766 -0.6895 0.6694
vn -0.5171 -0.6170 -0.5932
vn -0.5171 -0.6171 -0.5931
vn -0.5171 -0.6173 -0.5929
vn 0.0902 -0.8003 -0.5928
vn 0.0902 -0.8002 -0.5929
vn 0.0900 -0.8001 -0.5931
vn -0.1507 -0.7278 0.6691
vn -0.1506 -0.7277 0.6691
vn -0.1508 -0.7278 0.6690
vn -0.1505 -0.7276 0.6693
vn -0.6223 -0.5852 -0.5198
vn -0.6222 -0.5853 -0.5198
vn -0.6224 -0.5851 -0.5198
vn -0.0269 -0.7650 -0.6435
vn -0.0267 -0.7649 -0.6436
vn -0.0269 -0.7650 -0.6434
vn -0.0271 -0.7651 -0.6433
vn -0.0271 -0.7651 0.6434
vn -0.0272 -0.7651 0.6434
vn -0.7113 -0.5586 -0.4266
vn -0.7113 -0.5586 -0.4265
vn 0.9107 0.4060 -0.0766
vn 0.9107 0.4059 -0.0766
vn -0.9529 0.2871 0.0980
vn -0.9528 0.2872 0.0980
vn -0.9529 0.2868 0.0984
vn -0.9528 0.2872 0.0981
vn 0.9162 -0.2761 0.2904
vn 0.9161 -0.2762 0.2907
vn 0.9163 -0.2761 0.2902
vn -0.9162 0.2761 0.2903
vn -0.9161 0.2762 0.2907
vn -0.9162 0.2760 0.2903
vn -0.9163 0.2761 0.2903
vn 0.9529 -0.2873 0.0975
vn 0.9528 -0.2872 0.0980
vn -0.8444 0.2545 0.4714
vn -0.8443 0.2546 0.4715
vn -0.8445 0.2544 0.4713
vn 0.9528 -0.2872 -0.0980
vn 0.9528 -0.2872 -0.0982
vn -0.7398 0.2232 0.6347
vn -0.7399 0.2233 0.6346
vn -0.7398 0.2231 0.6348
vn -0.7400 0.2231 0.6346
vn 0.9162 -0.2761 -0.2903
vn 0.9162 -0.2761 -0.2904
vn 0.9163 -0.2761 -0.2902
vn -0.6075 0.1832 0.7729
vn 0.8444 -0.2544 -0.4715
vn 0.8444 -0.2545 -0.4714
vn -0.4516 0.1362 0.8818
vn -0.4515 0.1361 0.8818
vn -0.4514 0.1361 0.8819
vn -0.0939 0.0283 -0.9952
vn -0.0938 0.0283 -0.9952
vn -0.0936 0.0282 -0.9952
vn 0.7401 -0.2230 -0.6344
vn 0.7401 -0.2232 -0.6344
vn -0.2778 0.0838 0.9570
vn -0.2779 0.0838 0.9570
vn -0.2777 0.0838 -0.9570
vn 0.6074 -0.1831 -0.7730
vn 0.6075 -0.1832 -0.7729
vn 0.6073 -0.1830 -0.7731
vn -0.0938 0.0283 0.9952
vn -0.0936 0.0283 0.9952
vn -0.0939 0.0283 0.9952
vn -0.4515 0.1361 -0.8818
vn -0.4513 0.1360 -0.8820
vn -0.4516 0.1361 -0.8818
vn -0.4514 0.1361 -0.8819
vn 0.4514 -0.1360 -0.8819
vn 0.4513 -0.1360 -0.8820
vn 0.4515 -0.1360 -0.8819
vn 0.0938 -0.0283 0.9952
vn 0.0939 -0.0283 0.9952
vn -0.6075 0.1832 -0.7729
vn 0.2778 -0.0838 -0.9570
vn 0.2777 -0.0838 -0.9570
vn 0.2779 -0.0838 -0.9569
vn 0.2779 -0.0838 0.9569
vn 0.2779 -0.0838 0.9570
vn 0.2778 -0.0838 0.9570
vn -0.7401 0.2232 -0.6344
vn -0.7399 0.2233 -0.6346
vn -0.7402 0.2231 -0.6343
vn 0.0937 -0.0283 -0.9952
vn 0.0938 -0.0283 -0.9952
vn 0.0937 -0.0282 -0.9952
vn 0.0936 -0.0283 -0.9952
vn 0.4513 -0.1360 0.8820
vn 0.4515 -0.1360 0.8819
vn 0.4514 -0.1360 0.8819
vn 0.4512 -0.1360 0.8820
vn -0.8444 0.2545 -0.4714
vn -0.8445 0.2544 -0.4713
vn 0.6071 -0.1829 0.7733
vn 0.6074 -0.1831 0.7730
vn 0.6074 -0.1828 0.7731
vn -0.9162 0.2761 -0.2903
vn -0.9162 0.2761 -0.2904
vn -0.9162 0.2761 -0.2902
vn 0.7401 -0.2230 0.6344
vn 0.7401 -0.2229 0.6345
vn -0.9528 0.2873 -0.0978
vn -0.9528 0.2873 -0.0977
vn -0.9528 0.2874 -0.0977
vn -0.9528 0.2872 -0.0980
vn -0.2083 -0.6081 -0.7661
vn -0.2083 -0.6081 -0.7660
vn -0.0542 0.9682 0.2441
vn 0.8789 0.4203 -0.2255
vn 0.8790 0.4202 -0.2255
vn -0.0372 0.9417 0.3343
vn 0.8175 0.4482 -0.3617
vn 0.0003 0.9041 0.4274
vn 0.0003 0.9040 0.4275
vn 0.1490 0.7969 -0.5854
vn 0.7300 0.4889 -0.4776
vn 0.0625 0.8552 0.5146
vn 0.0625 0.8552 -0.5145
vn 0.0625 0.8552 -0.5146
vn 0.6223 0.5404 -0.5663
vn 0.1490 0.7969 0.5854
vn 0.1491 0.7969 0.5854
vn -0.0000 0.9040 -0.4275
vn 0.0003 0.9040 -0.4275
vn 0.5016 0.6003 -0.6229
vn 0.2561 0.7324 0.6309
vn -0.0372 0.9417 -0.3343
vn 0.3765 0.6655 -0.6444
vn 0.3765 0.6655 0.6444
vn -0.0542 0.9682 -0.2441
vn 0.2561 0.7324 -0.6309
vn 0.5016 0.6003 0.6229
vn -0.0569 0.9850 -0.1626
vn -0.0571 0.9850 -0.1627
vn -0.0567 0.9850 -0.1628
vn 0.6223 0.5404 0.5663
vn -0.0535 0.9943 -0.0920
vn 0.7300 0.4889 0.4776
vn -0.0499 0.9983 -0.0296
vn -0.0499 0.9983 -0.0295
vn 0.8175 0.4482 0.3617
vn -0.0499 0.9983 0.0295
vn -0.0499 0.9983 0.0296
vn 0.8790 0.4202 0.2255
vn -0.0536 0.9943 0.0920
vn -0.0535 0.9943 0.0920
vn 0.9107 0.4059 0.0766
vn -0.0572 0.9850 0.1628
vn -0.0571 0.9850 0.1627
vn -0.0573 0.9850 0.1630
vn -0.6201 0.1337 -0.7730
vn -0.6201 0.1337 -0.7731
vn -0.6202 0.1337 -0.7729
vn 0.4468 -0.7496 -0.4883
vn 0.4471 -0.7495 -0.4882
vn 0.4468 -0.7497 -0.4882
vn 0.4470 -0.7493 -0.4886
vn -0.3531 -0.5771 0.7364
vn -0.3532 -0.5770 0.7364
vn -0.3530 -0.5770 0.7365
vn -0.3535 -0.5773 0.7361
vn -0.3531 -0.5770 -0.7365
vn -0.3528 -0.5772 -0.7365
vn -0.3530 -0.5771 -0.7364
vn -0.3535 -0.5767 -0.7366
vn 0.3430 -0.7270 -0.5949
vn 0.3426 -0.7271 -0.5950
vn 0.3433 -0.7269 -0.5948
vn -0.2082 -0.6082 0.7660
vn -0.2081 -0.6082 0.7660
vn -0.2083 -0.6081 0.7660
vn -0.4888 -0.5480 -0.6788
vn -0.4889 -0.5480 -0.6788
vn 0.2201 -0.7005 -0.6788
vn 0.2201 -0.7006 -0.6788
vn 0.2200 -0.7006 -0.6788
vn 0.2201 -0.7005 -0.6789
vn -0.0609 -0.6400 0.7660
vn -0.0608 -0.6399 0.7660
vn -0.0609 -0.6399 0.7660
vn -0.0610 -0.6400 0.7660
vn -0.6119 -0.5211 -0.5950
vn -0.6119 -0.5212 -0.5949
vn 0.0837 -0.6714 -0.7363
vn 0.0835 -0.6711 -0.7367
vn 0.0837 -0.6710 -0.7367
vn 0.0839 -0.6715 -0.7363
vn 0.0838 -0.6713 0.7364
vn 0.0838 -0.6712 0.7366
vn 0.0837 -0.6714 0.7364
vn 0.0842 -0.6712 0.7365
vn -0.7163 -0.4986 -0.4883
vn -0.7162 -0.4986 -0.4883
vn -0.7162 -0.4986 -0.4884
vn -0.7163 -0.4985 -0.4883
vn -0.0608 -0.6399 -0.7660
vn -0.0610 -0.6398 -0.7661
vn 0.2200 -0.7005 0.6788
vn 0.2202 -0.7005 0.6789
vn 0.2200 -0.7005 0.6789
vn 0.2202 -0.7005 0.6788
vn -0.7981 -0.4810 -0.3629
vn -0.7979 -0.4811 -0.3632
vn -0.7981 -0.4809 -0.3629
vn -0.7981 -0.4810 -0.3628
vn 0.3426 -0.7271 0.5949
vn 0.3425 -0.7268 0.5954
vn 0.3426 -0.7272 0.5948
vn 0.3428 -0.7270 0.5950
vn -0.8546 -0.4688 -0.2234
vn -0.8547 -0.4687 -0.2234
vn -0.8546 -0.4689 -0.2233
vn -0.8546 -0.4688 -0.2235
vn 0.4471 -0.7496 0.4882
vn 0.4471 -0.7494 0.4883
vn 0.4473 -0.7495 0.4881
vn -0.8832 -0.4629 -0.0751
vn -0.8833 -0.4626 -0.0754
vn -0.8832 -0.4628 -0.0752
vn 0.5290 -0.7672 0.3628
vn 0.5291 -0.7671 0.3628
vn -0.8833 -0.4628 0.0751
vn -0.8833 -0.4626 0.0754
vn -0.8834 -0.4626 0.0755
vn -0.8834 -0.4625 0.0756
vn 0.5855 -0.7793 0.2235
vn 0.5854 -0.7792 0.2237
vn 0.5855 -0.7792 0.2236
vn 0.5855 -0.7793 0.2234
vn -0.8545 -0.4689 0.2233
vn -0.8545 -0.4689 0.2235
vn -0.8545 -0.4689 0.2234
vn -0.8546 -0.4688 0.2234
vn 0.6144 -0.7854 0.0753
vn 0.6142 -0.7855 0.0755
vn 0.6142 -0.7855 0.0758
vn 0.6145 -0.7853 0.0754
vn -0.7982 -0.4809 0.3629
vn -0.7981 -0.4810 0.3628
vn -0.7981 -0.4809 0.3628
vn -0.7981 -0.4811 0.3628
vn 0.6143 -0.7855 -0.0755
vn 0.6143 -0.7855 -0.0754
vn 0.6143 -0.7854 -0.0754
vn 0.6144 -0.7854 -0.0754
vn -0.7162 -0.4985 0.4884
vn -0.7162 -0.4986 0.4883
vn -0.7163 -0.4983 0.4885
vn 0.5855 -0.7792 -0.2240
vn 0.5855 -0.7793 -0.2234
vn 0.5855 -0.7793 -0.2235
vn 0.5854 -0.7792 -0.2240
vn -0.6119 -0.5215 0.5946
vn -0.6119 -0.5212 0.5950
vn -0.6119 -0.5215 0.5947
vn 0.5290 -0.7671 -0.3629
vn 0.5290 -0.7671 -0.3628
vn 0.5291 -0.7671 -0.3628
vn -0.4888 -0.5480 0.6788
vn -0.4889 -0.5480 0.6788
vn -0.0213 0.9977 -0.0644
vn -0.0211 0.9977 -0.0645
vn -0.0212 0.9977 -0.0645
vn 0.2836 -0.0612 -0.9570
vn 0.2838 -0.0612 -0.9569
vn 0.2835 -0.0612 -0.9570
vn 0.2837 -0.0612 0.9570
vn 0.2837 -0.0612 0.9569
vn 0.2838 -0.0612 0.9569
vn -0.7554 0.1630 -0.6346
vn -0.7556 0.1629 -0.6344
vn -0.7555 0.1630 -0.6345
vn -0.7554 0.1631 -0.6346
vn 0.0960 -0.0207 -0.9952
vn 0.0959 -0.0208 -0.9952
vn 0.0960 -0.0208 -0.9952
vn 0.0958 -0.0206 -0.9952
vn 0.4609 -0.0996 0.8818
vn -0.8622 0.1859 -0.4713
vn -0.8621 0.1858 -0.4715
vn -0.8622 0.1857 -0.4714
vn -0.8622 0.1859 -0.4712
vn 0.6201 -0.1333 0.7731
vn 0.6201 -0.1337 0.7730
vn 0.6200 -0.1337 0.7731
vn 0.6202 -0.1336 0.7730
vn -0.9353 0.2020 -0.2905
vn -0.9355 0.2016 -0.2903
vn -0.9353 0.2020 -0.2904
vn -0.9353 0.2019 -0.2906
vn 0.7557 -0.1628 0.6344
vn 0.7556 -0.1628 0.6345
vn 0.7556 -0.1629 0.6344
vn -0.9728 0.2099 -0.0979
vn -0.9728 0.2097 -0.0981
vn -0.9728 0.2096 -0.0984
vn -0.9728 0.2100 -0.0977
vn 0.8621 -0.1863 0.4712
vn -0.9728 0.2097 0.0983
vn -0.9728 0.2096 0.0982
vn -0.9728 0.2097 0.0980
vn -0.9728 0.2099 0.0978
vn 0.9354 -0.2018 0.2903
vn 0.9354 -0.2019 0.2903
vn 0.9354 -0.2020 0.2904
vn 0.9354 -0.2018 0.2904
vn -0.9355 0.2016 0.2903
vn -0.9355 0.2014 0.2903
vn -0.9355 0.2015 0.2902
vn -0.9355 0.2016 0.2902
vn 0.9729 -0.2098 0.0978
vn 0.9728 -0.2098 0.0978
vn 0.9728 -0.2097 0.0980
vn 0.9729 -0.2096 0.0981
vn -0.8620 0.1859 0.4715
vn -0.8621 0.1859 0.4714
vn -0.8621 0.1861 0.4714
vn -0.8621 0.1859 0.4715
vn 0.9728 -0.2097 -0.0981
vn 0.9728 -0.2099 -0.0978
vn 0.9728 -0.2098 -0.0979
vn 0.9728 -0.2096 -0.0982
vn -0.7556 0.1627 0.6345
vn -0.7554 0.1625 0.6347
vn -0.7558 0.1630 0.6342
vn -0.7557 0.1630 0.6343
vn 0.9353 -0.2020 -0.2905
vn 0.9354 -0.2021 -0.2903
vn 0.9353 -0.2020 -0.2904
vn 0.9353 -0.2019 -0.2906
vn -0.6202 0.1338 0.7729
vn -0.6204 0.1339 0.7728
vn -0.6201 0.1337 0.7731
vn 0.8621 -0.1859 -0.4714
vn 0.8621 -0.1859 -0.4713
vn -0.4606 0.0993 0.8820
vn -0.4610 0.0992 0.8818
vn -0.4608 0.0992 0.8819
vn -0.4607 0.0994 0.8820
vn -0.0957 0.0206 -0.9952
vn -0.0956 0.0207 -0.9952
vn -0.0958 0.0206 -0.9952
vn 0.7557 -0.1631 -0.6342
vn 0.7556 -0.1629 -0.6344
vn 0.7556 -0.1631 -0.6344
vn 0.7555 -0.1632 -0.6344
vn -0.2836 0.0612 0.9570
vn -0.2836 0.0611 0.9570
vn -0.2838 0.0612 0.9569
vn -0.2835 0.0611 -0.9570
vn -0.2836 0.0612 -0.9570
vn -0.2836 0.0611 -0.9570
vn -0.2834 0.0610 -0.9571
vn 0.6202 -0.1336 -0.7730
vn 0.6203 -0.1338 -0.7729
vn 0.6202 -0.1338 -0.7729
vn 0.6201 -0.1338 -0.7730
vn -0.0957 0.0206 0.9952
vn -0.0958 0.0206 0.9952
vn -0.0956 0.0207 0.9952
vn -0.4608 0.0992 -0.8819
vn -0.4610 0.0992 -0.8818
vn -0.4610 0.0993 -0.8818
vn -0.4610 0.0994 -0.8818
vn 0.4609 -0.0996 -0.8818
vn 0.4607 -0.0992 -0.8820
vn 0.0957 -0.0206 0.9952
vn 0.0956 -0.0206 0.9952
vn 0.0958 -0.0206 0.9952
vn -0.6677 -0.7266 0.1618
vn -0.6677 -0.7266 0.1619
vn -0.6677 -0.7267 0.1617
vn -0.6677 -0.7267 0.1615
vn 0.5675 0.7507 0.3383
vn -0.0211 0.9996 -0.0210
vn -0.0210 0.9996 -0.0210
vn 0.6358 0.7272 0.2586
vn 0.6358 0.7273 0.2585
vn -0.0210 0.9996 0.0210
vn -0.0211 0.9996 0.0210
vn 0.6844 0.7108 0.1623
vn 0.6844 0.7108 0.1622
vn -0.0210 0.9977 0.0645
vn -0.0211 0.9977 0.0645
vn -0.0211 0.9977 0.0644
vn 0.7096 0.7025 0.0549
vn 0.7098 0.7022 0.0555
vn 0.7097 0.7023 0.0551
vn 0.7097 0.7023 0.0553
vn -0.0191 0.9935 0.1123
vn -0.0188 0.9935 0.1120
vn 0.7097 0.7023 -0.0552
vn 0.7097 0.7023 -0.0553
vn 0.7096 0.7025 -0.0549
vn -0.0120 0.9861 0.1655
vn 0.6845 0.7107 -0.1623
vn 0.6844 0.7108 -0.1622
vn 0.0042 0.9747 0.2236
vn 0.6359 0.7272 -0.2586
vn 0.6358 0.7273 -0.2585
vn 0.6357 0.7273 -0.2586
vn 0.0333 0.9583 0.2838
vn 0.0335 0.9583 0.2838
vn 0.0336 0.9583 0.2838
vn 0.1393 0.9100 -0.3904
vn 0.1394 0.9100 -0.3904
vn 0.5675 0.7507 -0.3383
vn 0.5675 0.7507 -0.3382
vn 0.0783 0.9367 0.3413
vn 0.0785 0.9367 0.3413
vn 0.0783 0.9367 -0.3413
vn 0.4848 0.7796 -0.3965
vn 0.4847 0.7796 -0.3966
vn 0.1392 0.9101 0.3903
vn 0.1394 0.9100 0.3904
vn 0.0335 0.9583 -0.2838
vn 0.3940 0.8120 -0.4306
vn 0.3941 0.8122 -0.4302
vn 0.2152 0.8793 0.4249
vn 0.0043 0.9747 -0.2237
vn 0.0042 0.9747 -0.2236
vn 0.3019 0.8459 -0.4396
vn 0.3019 0.8460 -0.4395
vn 0.3019 0.8459 0.4396
vn 0.3019 0.8460 0.4395
vn -0.0120 0.9861 -0.1655
vn -0.0120 0.9861 -0.1656
vn 0.2152 0.8793 -0.4249
vn 0.3940 0.8120 0.4306
vn 0.3941 0.8120 0.4306
vn -0.0191 0.9935 -0.1122
vn -0.0191 0.9935 -0.1123
vn 0.4848 0.7796 0.3965
vn 0.4847 0.7796 0.3966
vn 0.4847 0.7796 0.3965
vn -0.6251 0.1084 0.7730
vn -0.6249 0.1085 0.7731
vn -0.6248 0.1086 0.7732
vn 0.4051 -0.9127 0.0546
vn 0.4052 -0.9126 0.0545
vn 0.4051 -0.9127 0.0545
vn 0.4048 -0.9128 0.0547
vn -0.6265 -0.7338 0.2629
vn -0.6260 -0.7341 0.2630
vn -0.6264 -0.7338 0.2629
vn 0.4051 -0.9126 -0.0546
vn 0.4051 -0.9126 -0.0547
vn -0.5664 -0.7443 0.3539
vn -0.5665 -0.7441 0.3541
vn -0.5664 -0.7444 0.3538
vn -0.5666 -0.7442 0.3538
vn 0.3840 -0.9090 -0.1619
vn 0.3839 -0.9091 -0.1619
vn 0.3841 -0.9090 -0.1619
vn -0.4903 -0.7576 0.4309
vn -0.4904 -0.7575 0.4310
vn -0.4903 -0.7575 0.4310
vn -0.4904 -0.7574 0.4311
vn 0.3430 -0.9018 -0.2628
vn 0.3430 -0.9019 -0.2628
vn 0.3429 -0.9019 -0.2627
vn -0.4009 -0.7729 0.4919
vn -0.4009 -0.7729 0.4918
vn -0.1957 -0.8085 -0.5550
vn -0.1955 -0.8084 -0.5552
vn 0.2828 -0.8916 -0.3537
vn 0.2832 -0.8913 -0.3541
vn 0.2831 -0.8914 -0.3540
vn 0.2828 -0.8916 -0.3536
vn -0.3013 -0.7901 0.5338
vn -0.3013 -0.7902 0.5337
vn -0.3013 -0.7901 0.5337
vn -0.3014 -0.7899 -0.5341
vn -0.3013 -0.7899 -0.5341
vn -0.3014 -0.7900 -0.5339
vn 0.2069 -0.8782 -0.4313
vn 0.2068 -0.8782 -0.4313
vn -0.1957 -0.8085 0.5550
vn -0.1956 -0.8084 0.5551
vn -0.1958 -0.8085 0.5549
vn -0.4010 -0.7729 -0.4919
vn -0.4009 -0.7729 -0.4918
vn -0.4010 -0.7729 -0.4918
vn -0.4011 -0.7728 -0.4919
vn 0.1171 -0.8628 -0.4918
vn 0.1172 -0.8628 -0.4918
vn 0.1170 -0.8626 -0.4923
vn -0.0880 -0.8271 0.5552
vn -0.0879 -0.8270 0.5553
vn -0.0880 -0.8271 0.5551
vn -0.0880 -0.8272 0.5550
vn -0.4904 -0.7575 -0.4310
vn -0.4904 -0.7575 -0.4309
vn -0.4904 -0.7574 -0.4311
vn 0.0175 -0.8455 -0.5337
vn 0.0173 -0.8455 -0.5336
vn 0.0174 -0.8457 -0.5334
vn 0.0177 -0.8455 -0.5337
vn 0.0174 -0.8457 0.5334
vn 0.0172 -0.8457 0.5334
vn 0.0176 -0.8456 0.5335
vn -0.5664 -0.7445 -0.3535
vn -0.5668 -0.7442 -0.3534
vn -0.5668 -0.7441 -0.3536
vn -0.5666 -0.7442 -0.3538
vn -0.0881 -0.8273 -0.5549
vn -0.0880 -0.8273 -0.5548
vn -0.0880 -0.8272 -0.5550
vn 0.1171 -0.8628 0.4918
vn 0.1172 -0.8627 0.4919
vn -0.6263 -0.7339 -0.2629
vn -0.6264 -0.7338 -0.2629
vn -0.6265 -0.7338 -0.2629
vn 0.2069 -0.8782 0.4311
vn 0.2069 -0.8783 0.4311
vn 0.2070 -0.8782 0.4312
vn 0.2068 -0.8783 0.4311
vn -0.6677 -0.7267 -0.1617
vn -0.6677 -0.7267 -0.1614
vn -0.6677 -0.7266 -0.1618
vn -0.6677 -0.7267 -0.1618
vn 0.2830 -0.8915 0.3537
vn 0.2830 -0.8915 0.3538
vn 0.2831 -0.8914 0.3539
vn 0.2832 -0.8914 0.3538
vn -0.6885 -0.7232 -0.0549
vn -0.6885 -0.7231 -0.0550
vn 0.3430 -0.9019 0.2628
vn 0.3429 -0.9019 0.2628
vn 0.3430 -0.9018 0.2628
vn 0.3430 -0.9018 0.2627
vn -0.6885 -0.7232 0.0548
vn -0.6887 -0.7230 0.0547
vn 0.3841 -0.9090 0.1620
vn 0.3840 -0.9090 0.1622
vn 0.3840 -0.9090 0.1621
vn 0.3841 -0.9090 0.1619
vn 0.0145 0.7110 0.7030
vn 0.0146 0.7110 0.7030
vn 0.8689 -0.1510 -0.4715
vn 0.8690 -0.1507 -0.4714
vn -0.4648 0.0803 0.8818
vn -0.4647 0.0804 0.8818
vn -0.4647 0.0803 0.8818
vn -0.4645 0.0805 0.8819
vn -0.0965 0.0167 -0.9952
vn -0.0966 0.0167 -0.9952
vn 0.7617 -0.1322 -0.6342
vn -0.2855 0.0495 0.9571
vn -0.2856 0.0496 0.9571
vn -0.2858 0.0496 0.9570
vn -0.2857 0.0496 -0.9570
vn -0.2856 0.0496 -0.9571
vn -0.2855 0.0495 -0.9571
vn -0.2858 0.0496 -0.9570
vn 0.6252 -0.1084 -0.7729
vn 0.6251 -0.1083 -0.7730
vn -0.0966 0.0167 0.9952
vn -0.0965 0.0167 0.9952
vn -0.4645 0.0806 -0.8819
vn -0.4644 0.0807 -0.8820
vn -0.4645 0.0805 -0.8819
vn -0.4648 0.0803 -0.8818
vn 0.4646 -0.0805 -0.8819
vn 0.4648 -0.0804 -0.8818
vn 0.4644 -0.0806 -0.8820
vn 0.0966 -0.0167 0.9952
vn -0.6251 0.1084 -0.7730
vn -0.6252 0.1084 -0.7729
vn -0.6250 0.1084 -0.7731
vn 0.2855 -0.0495 -0.9571
vn 0.2856 -0.0494 -0.9571
vn 0.2857 -0.0496 -0.9570
vn 0.2856 -0.0496 -0.9571
vn 0.2854 -0.0494 0.9571
vn 0.2858 -0.0496 0.9570
vn 0.2855 -0.0495 0.9571
vn 0.2856 -0.0496 0.9571
vn -0.7616 0.1321 -0.6344
vn 0.0966 -0.0167 -0.9952
vn 0.4644 -0.0806 0.8820
vn 0.4648 -0.0804 0.8818
vn 0.4646 -0.0805 0.8819
vn 0.4641 -0.0806 0.8821
vn -0.8690 0.1506 -0.4713
vn -0.8689 0.1510 -0.4715
vn -0.8690 0.1507 -0.4713
vn -0.8690 0.1507 -0.4714
vn 0.6251 -0.1084 0.7730
vn 0.6250 -0.1084 0.7730
vn -0.9428 0.1636 -0.2903
vn -0.9429 0.1635 -0.2902
vn -0.9429 0.1635 -0.2903
vn 0.7617 -0.1320 0.6343
vn 0.7618 -0.1320 0.6343
vn 0.7614 -0.1323 0.6346
vn -0.9806 0.1700 -0.0980
vn -0.9805 0.1701 -0.0981
vn 0.8690 -0.1505 0.4713
vn 0.8690 -0.1507 0.4714
vn 0.8691 -0.1504 0.4713
vn -0.9806 0.1701 0.0979
vn -0.9806 0.1700 0.0980
vn -0.9805 0.1701 0.0979
vn -0.9805 0.1704 0.0975
vn 0.9429 -0.1635 0.2903
vn -0.9429 0.1635 0.2903
vn -0.9429 0.1633 0.2903
vn 0.9806 -0.1700 0.0981
vn 0.9806 -0.1700 0.0980
vn 0.9805 -0.1701 0.0979
vn -0.8689 0.1510 0.4715
vn -0.8690 0.1507 0.4714
vn 0.9806 -0.1700 -0.0980
vn 0.9806 -0.1700 -0.0978
vn 0.9806 -0.1701 -0.0979
vn -0.7616 0.1323 0.6344
vn 0.9429 -0.1636 -0.2902
vn 0.9429 -0.1635 -0.2903
vn 0.9429 -0.1635 -0.2902
vn 0.1871 -0.8769 0.4427
vn -0.1644 0.8543 -0.4931
vn 0.4563 0.4998 -0.7362
vn 0.1507 0.6353 0.7574
vn -0.1948 0.9100 -0.3659
vn 0.3022 0.5638 -0.7687
vn 0.3022 0.5638 0.7687
vn 0.3022 0.5638 0.7686
vn -0.1909 0.9500 -0.2471
vn 0.1507 0.6353 -0.7574
vn 0.4563 0.4998 0.7362
vn -0.1663 0.9747 -0.1495
vn 0.6018 0.4452 0.6631
vn -0.1377 0.9875 -0.0767
vn 0.7292 0.4010 0.5545
vn -0.1194 0.9926 -0.0232
vn 0.8311 0.3677 0.4173
vn -0.1193 0.9926 0.0232
vn -0.1194 0.9926 0.0232
vn 0.9020 0.3454 0.2589
vn -0.1377 0.9875 0.0767
vn 0.9384 0.3342 0.0877
vn 0.9384 0.3343 0.0877
vn -0.1663 0.9747 0.1495
vn 0.9384 0.3342 -0.0879
vn 0.9384 0.3342 -0.0878
vn 0.9384 0.3342 -0.0877
vn 0.9385 0.3341 -0.0876
vn -0.1909 0.9500 0.2471
vn 0.9020 0.3454 -0.2589
vn -0.1948 0.9100 0.3659
vn 0.8311 0.3677 -0.4173
vn -0.1644 0.8543 0.4931
vn 0.0146 0.7110 -0.7030
vn 0.7292 0.4010 -0.5545
vn -0.0936 0.7861 0.6110
vn -0.0936 0.7861 -0.6110
vn 0.6018 0.4452 -0.6631
vn 0.8804 -0.0501 0.4715
vn -0.4912 -0.8383 -0.2366
vn -0.4913 -0.8383 -0.2366
vn -0.4911 -0.8383 -0.2368
vn -0.4909 -0.8384 -0.2368
vn 0.2688 -0.8816 0.3880
vn 0.2687 -0.8816 0.3880
vn -0.5287 -0.8362 -0.1458
vn -0.5288 -0.8362 -0.1457
vn -0.5287 -0.8362 -0.1461
vn -0.5285 -0.8363 -0.1459
vn 0.3380 -0.8856 0.3185
vn 0.3382 -0.8856 0.3185
vn 0.3379 -0.8856 0.3185
vn 0.3378 -0.8857 0.3185
vn -0.5478 -0.8352 -0.0491
vn -0.5479 -0.8351 -0.0492
vn -0.5479 -0.8351 -0.0491
vn 0.3928 -0.8886 0.2367
vn 0.3928 -0.8887 0.2366
vn -0.5479 -0.8351 0.0492
vn -0.5482 -0.8349 0.0494
vn 0.4303 -0.8909 0.1456
vn 0.4304 -0.8908 0.1457
vn 0.4303 -0.8909 0.1457
vn -0.5287 -0.8361 0.1460
vn -0.5285 -0.8363 0.1456
vn -0.5288 -0.8361 0.1458
vn -0.5288 -0.8362 0.1458
vn 0.4496 -0.8919 0.0492
vn 0.4496 -0.8919 0.0491
vn 0.4494 -0.8920 0.0492
vn -0.4912 -0.8383 0.2366
vn -0.4911 -0.8383 0.2367
vn 0.4495 -0.8919 -0.0493
vn 0.4493 -0.8920 -0.0492
vn 0.4496 -0.8919 -0.0493
vn -0.4367 -0.8414 0.3184
vn 0.4304 -0.8908 -0.1457
vn 0.4303 -0.8908 -0.1457
vn -0.3672 -0.8454 0.3880
vn -0.3671 -0.8454 0.3880
vn -0.3672 -0.8452 0.3884
vn -0.3672 -0.8453 0.3880
vn 0.3929 -0.8887 -0.2365
vn 0.3928 -0.8887 -0.2366
vn 0.3928 -0.8887 -0.2365
vn -0.2856 -0.8500 0.4427
vn -0.2858 -0.8499 0.4427
vn -0.2856 -0.8499 0.4428
vn -0.2854 -0.8500 0.4428
vn -0.0983 -0.8606 -0.4996
vn -0.0983 -0.8607 -0.4996
vn 0.3380 -0.8856 -0.3185
vn 0.3380 -0.8856 -0.3186
vn 0.3380 -0.8857 -0.3184
vn 0.3379 -0.8857 -0.3183
vn -0.1945 -0.8552 0.4804
vn -0.1947 -0.8552 0.4804
vn -0.1943 -0.8552 0.4805
vn -0.1944 -0.8553 0.4803
vn -0.1947 -0.8552 -0.4804
vn -0.1946 -0.8552 -0.4804
vn -0.1945 -0.8551 -0.4806
vn 0.2687 -0.8817 -0.3879
vn 0.2687 -0.8816 -0.3880
vn 0.2687 -0.8816 -0.3881
vn -0.0984 -0.8606 0.4996
vn -0.0983 -0.8607 0.4996
vn -0.2854 -0.8499 -0.4430
vn -0.2854 -0.8500 -0.4427
vn 0.1872 -0.8770 -0.4426
vn 0.1873 -0.8770 -0.4424
vn 0.1872 -0.8769 -0.4426
vn 0.1871 -0.8769 -0.4428
vn 0.0001 -0.8662 0.4996
vn -0.0000 -0.8663 0.4996
vn 0.0002 -0.8662 0.4997
vn -0.3670 -0.8453 -0.3883
vn -0.3667 -0.8453 -0.3885
vn -0.3669 -0.8454 -0.3882
vn -0.3671 -0.8454 -0.3880
vn 0.0961 -0.8717 -0.4805
vn 0.0963 -0.8718 -0.4804
vn 0.0960 -0.8719 -0.4802
vn 0.0963 -0.8717 -0.4805
vn 0.0960 -0.8717 0.4805
vn 0.0961 -0.8717 0.4806
vn 0.0959 -0.8717 0.4805
vn 0.0958 -0.8718 0.4804
vn -0.4363 -0.8415 -0.3186
vn -0.4363 -0.8415 -0.3185
vn -0.4367 -0.8414 -0.3184
vn -0.0000 -0.8662 -0.4996
vn -0.0000 -0.8663 -0.4996
vn -0.0000 -0.8662 -0.4997
vn 0.8332 0.5471 -0.0804
vn 0.8332 0.5471 -0.0803
vn 0.8331 0.5472 -0.0805
vn -0.9936 0.0566 0.0980
vn 0.9554 -0.0544 0.2904
vn -0.9554 0.0544 0.2903
vn -0.9554 0.0544 0.2902
vn 0.9936 -0.0568 0.0980
vn 0.9936 -0.0566 0.0981
vn 0.9936 -0.0567 0.0981
vn 0.9936 -0.0566 0.0980
vn -0.8805 0.0501 0.4715
vn 0.9936 -0.0568 -0.0981
vn 0.9936 -0.0566 -0.0982
vn 0.9936 -0.0567 -0.0982
vn 0.9936 -0.0566 -0.0981
vn -0.7717 0.0439 0.6345
vn -0.7720 0.0439 0.6341
vn -0.7719 0.0439 0.6342
vn 0.9554 -0.0544 -0.2904
vn 0.9554 -0.0544 -0.2903
vn -0.6330 0.0360 0.7733
vn -0.6332 0.0361 0.7731
vn -0.6333 0.0361 0.7730
vn 0.8804 -0.0501 -0.4715
vn -0.4704 0.0268 0.8820
vn -0.4701 0.0268 0.8822
vn -0.0981 0.0056 -0.9952
vn -0.0980 0.0056 -0.9952
vn -0.0979 0.0056 -0.9952
vn 0.7717 -0.0439 -0.6345
vn -0.2899 0.0165 0.9569
vn -0.2900 0.0165 0.9569
vn -0.2896 0.0165 0.9570
vn -0.2900 0.0165 -0.9569
vn -0.2899 0.0165 -0.9569
vn 0.6333 -0.0361 -0.7730
vn 0.6330 -0.0360 -0.7733
vn 0.6334 -0.0361 -0.7730
vn -0.0980 0.0056 0.9952
vn -0.0978 0.0056 0.9952
vn -0.0983 0.0056 0.9951
vn -0.4707 0.0268 -0.8819
vn -0.4713 0.0268 -0.8816
vn 0.4707 -0.0268 -0.8819
vn 0.4708 -0.0268 -0.8818
vn 0.0980 -0.0056 0.9952
vn 0.0981 -0.0056 0.9952
vn 0.0978 -0.0056 0.9952
vn -0.6330 0.0360 -0.7733
vn -0.6332 0.0361 -0.7731
vn -0.6333 0.0361 -0.7730
vn 0.2898 -0.0165 -0.9569
vn 0.2897 -0.0165 -0.9570
vn 0.2900 -0.0165 0.9569
vn -0.7717 0.0439 -0.6345
vn 0.0981 -0.0056 -0.9952
vn 0.0986 -0.0056 -0.9951
vn 0.0983 -0.0056 -0.9951
vn 0.0980 -0.0056 -0.9952
vn 0.4702 -0.0268 0.8822
vn -0.8805 0.0501 -0.4715
vn 0.6333 -0.0361 0.7730
vn 0.6330 -0.0360 0.7733
vn -0.9554 0.0544 -0.2904
vn -0.9554 0.0544 -0.2902
vn -0.9554 0.0544 -0.2903
vn 0.7719 -0.0439 0.6342
vn 0.7720 -0.0439 0.6341
vn 0.7717 -0.0439 0.6345
vn -0.9936 0.0566 -0.0982
vn -0.9935 0.0566 -0.0983
vn 0.3379 -0.6941 0.6356
vn 0.3380 -0.6941 0.6356
vn 0.3381 -0.6941 0.6355
vn -0.3555 0.8803 0.3141
vn 0.7986 0.5533 -0.2368
vn 0.7985 0.5534 -0.2368
vn 0.7986 0.5534 -0.2367
vn -0.3135 0.8544 0.4143
vn 0.7311 0.5659 -0.3810
vn 0.7311 0.5660 -0.3810
vn 0.7312 0.5659 -0.3811
vn -0.2478 0.8228 0.5114
vn -0.0418 0.7486 -0.6617
vn 0.6346 0.5847 -0.5054
vn 0.6345 0.5849 -0.5053
vn -0.1566 0.7869 0.5969
vn -0.1566 0.7869 -0.5969
vn 0.5149 0.6089 -0.6034
vn 0.5147 0.6091 -0.6034
vn -0.0418 0.7486 0.6617
vn -0.2478 0.8228 -0.5114
vn 0.3785 0.6388 -0.6699
vn 0.3784 0.6387 -0.6699
vn 0.3784 0.6387 -0.6700
vn 0.0911 0.7099 0.6984
vn -0.3135 0.8544 -0.4143
vn 0.2342 0.6727 -0.7018
vn 0.2342 0.6727 0.7018
vn 0.2342 0.6727 0.7019
vn -0.3555 0.8803 -0.3141
vn 0.0911 0.7099 -0.6984
vn 0.3784 0.6387 0.6699
vn 0.3782 0.6389 0.6700
vn -0.3785 0.8998 -0.2172
vn 0.5147 0.6091 0.6034
vn -0.3889 0.9125 -0.1265
vn -0.3889 0.9126 -0.1265
vn 0.6346 0.5848 0.5053
vn 0.6346 0.5847 0.5054
vn 0.6344 0.5848 0.5055
vn -0.3924 0.9189 -0.0414
vn 0.7311 0.5659 0.3811
vn 0.7311 0.5660 0.3810
vn -0.3924 0.9189 0.0414
vn -0.3924 0.9189 0.0412
vn 0.7985 0.5535 0.2365
vn 0.7985 0.5535 0.2368
vn 0.7984 0.5535 0.2370
vn -0.3889 0.9125 0.1265
vn 0.8331 0.5472 0.0804
vn 0.8331 0.5472 0.0802
vn 0.8332 0.5471 0.0804
vn -0.3785 0.8998 0.2172
vn 0.8820 -0.0039 0.4713
vn 0.8820 -0.0039 0.4712
vn -0.6373 -0.6917 -0.3397
vn -0.6372 -0.6918 -0.3397
vn -0.6370 -0.6920 -0.3398
vn 0.4554 -0.6945 0.5571
vn 0.4554 -0.6944 0.5571
vn 0.4554 -0.6943 0.5572
vn -0.6913 -0.6917 -0.2090
vn -0.6912 -0.6918 -0.2088
vn -0.6914 -0.6915 -0.2092
vn 0.5553 -0.6947 0.4572
vn -0.7190 -0.6914 -0.0707
vn -0.7191 -0.6913 -0.0706
vn -0.7189 -0.6915 -0.0707
vn -0.7188 -0.6916 -0.0708
vn 0.6338 -0.6949 0.3397
vn 0.6339 -0.6949 0.3397
vn 0.6338 -0.6949 0.3398
vn -0.7189 -0.6915 0.0706
vn -0.7188 -0.6916 0.0705
vn -0.7189 -0.6915 0.0707
vn -0.7191 -0.6913 0.0708
vn 0.6876 -0.6951 0.2098
vn 0.6878 -0.6950 0.2097
vn 0.6875 -0.6952 0.2099
vn 0.6879 -0.6950 0.2093
vn -0.6915 -0.6915 0.2092
vn -0.6914 -0.6916 0.2091
vn -0.6915 -0.6915 0.2091
vn 0.7153 -0.6952 0.0709
vn 0.7154 -0.6951 0.0706
vn 0.7152 -0.6954 0.0708
vn -0.6370 -0.6920 0.3397
vn -0.6370 -0.6920 0.3398
vn -0.6372 -0.6918 0.3397
vn -0.6373 -0.6917 0.3397
vn 0.7154 -0.6952 -0.0708
vn 0.7153 -0.6952 -0.0706
vn 0.7153 -0.6952 -0.0707
vn -0.5591 -0.6917 0.4570
vn -0.5590 -0.6918 0.4571
vn -0.5592 -0.6916 0.4572
vn -0.5594 -0.6913 0.4574
vn 0.6879 -0.6950 -0.2093
vn 0.6879 -0.6950 -0.2094
vn 0.6879 -0.6950 -0.2092
vn -0.4590 -0.6921 0.5571
vn -0.4589 -0.6921 0.5571
vn -0.4591 -0.6920 0.5571
vn -0.4592 -0.6919 0.5571
vn 0.6338 -0.6949 -0.3397
vn 0.6339 -0.6949 -0.3396
vn 0.6338 -0.6949 -0.3396
vn -0.3415 -0.6923 0.6357
vn -0.3415 -0.6924 0.6356
vn -0.3416 -0.6923 0.6357
vn -0.0725 -0.6932 -0.7171
vn -0.0724 -0.6931 -0.7172
vn -0.0725 -0.6933 -0.7170
vn 0.5553 -0.6947 -0.4572
vn -0.2109 -0.6928 0.6896
vn -0.2107 -0.6928 0.6896
vn -0.2108 -0.6928 0.6897
vn -0.2107 -0.6926 0.6899
vn -0.2108 -0.6927 -0.6897
vn -0.2103 -0.6928 -0.6897
vn 0.4554 -0.6944 -0.5571
vn 0.4554 -0.6945 -0.5571
vn -0.0726 -0.6931 0.7171
vn -0.0729 -0.6934 0.7169
vn -0.0727 -0.6931 0.7171
vn -0.0725 -0.6931 0.7172
vn -0.3417 -0.6923 -0.6356
vn -0.3415 -0.6924 -0.6356
vn -0.3416 -0.6923 -0.6356
vn -0.3417 -0.6924 -0.6355
vn 0.3384 -0.6940 -0.6355
vn 0.3377 -0.6945 -0.6353
vn 0.3382 -0.6942 -0.6354
vn 0.3382 -0.6940 -0.6356
vn 0.0689 -0.6934 0.7173
vn 0.0690 -0.6932 0.7174
vn 0.0688 -0.6932 0.7174
vn 0.0689 -0.6934 0.7172
vn -0.4591 -0.6920 -0.5571
vn -0.4590 -0.6921 -0.5571
vn 0.2077 -0.6938 -0.6896
vn 0.2074 -0.6938 -0.6897
vn 0.2079 -0.6936 -0.6897
vn 0.2074 -0.6940 -0.6894
vn 0.2076 -0.6937 0.6897
vn 0.2075 -0.6937 0.6897
vn -0.5591 -0.6917 -0.4572
vn -0.5587 -0.6919 -0.4573
vn -0.5589 -0.6916 -0.4574
vn -0.5591 -0.6915 -0.4573
vn 0.0687 -0.6935 -0.7172
vn 0.0684 -0.6936 -0.7171
vn 0.0688 -0.6935 -0.7172
vn 0.0689 -0.6934 -0.7172
vn 0.0026 1.0000 -0.0000
vn 0.0026 1.0000 -0.0001
vn 0.0028 1.0000 -0.0000
vn 0.0023 1.0000 -0.0001
vn 0.0025 1.0000 -0.0000
vn 0.0027 1.0000 -0.0001
vn 0.0024 1.0000 0.0001
vn 0.0022 1.0000 0.0004
vn 0.0029 1.0000 -0.0002
vn 0.0027 1.0000 -0.0000
vn 0.0026 1.0000 0.0001
vn 0.0028 1.0000 0.0003
vn 0.0025 1.0000 0.0004
vn 0.0027 1.0000 0.0003
vn 0.0026 1.0000 0.0002
vn -0.9952 0.0044 0.0979
vn -0.9952 0.0043 0.0980
vn 0.9569 -0.0044 0.2903
vn -0.9569 0.0044 0.2903
vn 0.9952 -0.0044 0.0981
vn 0.9952 -0.0044 0.0980
vn -0.8816 0.0040 0.4719
vn -0.8818 0.0039 0.4716
vn 0.9952 -0.0044 -0.0981
vn 0.9952 -0.0044 -0.0980
vn -0.7729 0.0029 0.6345
vn -0.7730 0.0034 0.6344
vn 0.9569 -0.0044 -0.2903
vn -0.6342 0.0030 0.7731
vn -0.6342 0.0029 0.7732
vn -0.6343 0.0028 0.7731
vn -0.6345 0.0027 0.7729
vn 0.8820 -0.0039 -0.4713
vn -0.4713 0.0020 0.8820
vn -0.4712 0.0021 0.8820
vn -0.4714 0.0021 0.8819
vn -0.0977 0.0004 -0.9952
vn -0.0981 0.0004 -0.9952
vn 0.7726 -0.0035 -0.6349
vn -0.2901 0.0011 0.9570
vn -0.2902 0.0012 0.9570
vn -0.2903 0.0013 0.9569
vn -0.2901 0.0011 -0.9570
vn -0.2902 0.0013 -0.9570
vn -0.2903 0.0009 -0.9569
vn 0.6344 -0.0028 -0.7730
vn 0.6343 -0.0028 -0.7731
vn 0.6345 -0.0028 -0.7729
vn -0.0979 0.0004 0.9952
vn -0.0980 0.0004 0.9952
vn -0.4714 0.0021 -0.8819
vn -0.4715 0.0021 -0.8819
vn 0.4715 -0.0021 -0.8819
vn 0.0980 -0.0004 0.9952
vn 0.0979 -0.0004 0.9952
vn -0.6346 0.0024 -0.7729
vn -0.6346 0.0028 -0.7729
vn -0.6344 0.0027 -0.7730
vn 0.2903 -0.0013 -0.9569
vn 0.2903 -0.0013 0.9569
vn -0.7729 0.0034 -0.6345
vn -0.7730 0.0032 -0.6344
vn -0.7729 0.0033 -0.6345
vn -0.7726 0.0035 -0.6349
vn 0.0982 -0.0004 -0.9952
vn 0.0979 -0.0004 -0.9952
vn 0.0981 -0.0004 -0.9952
vn 0.4714 -0.0021 0.8819
vn 0.4715 -0.0021 0.8818
vn -0.8816 0.0040 -0.4719
vn -0.8819 0.0039 -0.4714
vn -0.8818 0.0040 -0.4716
vn 0.6344 -0.0028 0.7730
vn 0.6343 -0.0028 0.7731
vn 0.6345 -0.0028 0.7729
vn -0.9569 0.0044 -0.2903
vn 0.7728 -0.0034 0.6347
vn 0.7726 -0.0035 0.6349
vn -0.9952 0.0046 -0.0977
vn 0.3579 0.9150 -0.1860
vn 0.3590 0.9147 -0.1856
vn 0.3652 0.9122 -0.1860
vn 0.3706 0.9095 -0.1881
vn 0.3774 0.9067 -0.1884
vn 0.3769 0.9070 -0.1879
vn 0.4020 0.8972 0.1828
vn 0.4020 0.8970 0.1835
vn 0.4069 0.8947 0.1840
vn 0.4133 0.8924 0.1808
vn 0.3966 0.8986 0.1877
vn 0.3950 0.8992 0.1881
vn 0.2344 0.7964 -0.5575
vn 0.2597 0.7856 -0.5616
vn 0.2851 0.7748 -0.5643
vn 0.2850 0.7748 -0.5643
vn 0.3107 0.7639 -0.5657
vn 0.3108 0.7639 -0.5656
vn 0.3106 0.7639 -0.5657
vn 0.3818 0.9056 -0.1847
vn 0.3885 0.9028 -0.1847
vn 0.3820 0.9051 0.1869
vn 0.3826 0.9053 0.1845
vn 0.3361 0.7530 0.5657
vn 0.3363 0.7528 0.5659
vn 0.3362 0.7530 0.5656
vn 0.3617 0.7421 0.5643
vn 0.3871 0.7313 0.5616
vn 0.4122 0.7205 0.5577
vn 0.4124 0.7205 0.5575
vn 0.4123 0.7205 0.5576
vn 0.4120 0.7204 0.5580
vn 0.4189 0.8899 0.1807
vn 0.4190 0.8898 0.1811
vn 0.3529 0.9180 -0.1810
vn 0.3526 0.9180 -0.1815
vn -0.4110 -0.8924 -0.1862
vn -0.3997 -0.8974 -0.1871
vn -0.4037 -0.8956 -0.1870
vn -0.4110 -0.8924 -0.1860
vn -0.3622 -0.9133 0.1865
vn -0.3684 -0.9115 0.1831
vn -0.3678 -0.9119 0.1823
vn -0.3580 -0.9151 0.1857
vn -0.3914 -0.9018 -0.1831
vn -0.3977 -0.8986 -0.1856
vn -0.3726 -0.9090 0.1870
vn -0.3804 -0.9056 0.1875
vn -0.4124 -0.7205 -0.5575
vn -0.4125 -0.7205 -0.5574
vn -0.4125 -0.7205 -0.5575
vn -0.4125 -0.7204 -0.5575
vn -0.4158 -0.8906 -0.1844
vn -0.4211 -0.8880 -0.1848
vn -0.3541 -0.9168 0.1845
vn -0.3491 -0.9188 0.1844
vn -0.2343 -0.7966 0.5572
vn -0.2344 -0.7964 0.5575
vn -0.2344 -0.7966 0.5573
vn -0.2343 -0.7966 0.5573
vn -0.2597 -0.7856 0.5616
vn -0.2849 -0.7750 0.5640
vn -0.2850 -0.7748 0.5643
vn -0.2851 -0.7748 0.5642
vn -0.2851 -0.7748 0.5643
vn -0.3106 -0.7639 0.5657
vn -0.3886 -0.9022 0.1869
vn -0.3882 -0.9029 0.1843
vn -0.3866 -0.9038 -0.1836
vn -0.3864 -0.9039 -0.1835
vn -0.3361 -0.7530 -0.5657
vn -0.3362 -0.7530 -0.5657
vn -0.3617 -0.7421 -0.5643
vn -0.3871 -0.7313 -0.5616
vn -0.3870 -0.7313 -0.5616
vn -0.4437 -0.8783 -0.1781
vn -0.4306 -0.8846 -0.1792
vn -0.4386 -0.8812 -0.1765
vn -0.4434 -0.8785 -0.1776
vn -0.3282 -0.9285 0.1737
vn -0.3364 -0.9250 0.1766
vn -0.3363 -0.9251 0.1764
vn -0.3282 -0.9285 0.1739
vn -0.4270 -0.8857 -0.1825
vn -0.4269 -0.8856 -0.1831
vn -0.3462 -0.9211 0.1779
vn -0.3426 -0.9226 0.1771
vn -0.5107 -0.6786 -0.5278
vn -0.5107 -0.6786 -0.5279
vn -0.4497 -0.8757 -0.1759
vn -0.4545 -0.8743 -0.1705
vn -0.3202 -0.9321 0.1692
vn -0.3187 -0.9327 0.1692
vn -0.1361 -0.8383 0.5279
vn -0.1601 -0.8281 0.5372
vn -0.1601 -0.8281 0.5373
vn -0.1845 -0.8177 0.5453
vn -0.2092 -0.8071 0.5521
vn -0.2093 -0.8071 0.5521
vn -0.2091 -0.8071 0.5522
vn -0.4375 -0.7098 -0.5521
vn -0.4374 -0.7098 -0.5521
vn -0.4623 -0.6992 -0.5453
vn -0.4622 -0.6993 -0.5453
vn -0.4867 -0.6888 -0.5373
vn -0.4867 -0.6888 -0.5372
vn -0.4866 -0.6888 -0.5373
vn -0.4742 -0.8666 -0.1555
vn -0.4623 -0.8714 -0.1643
vn -0.4693 -0.8682 -0.1612
vn -0.4768 -0.8642 -0.1606
vn -0.2982 -0.9415 0.1570
vn -0.3073 -0.9376 0.1628
vn -0.3070 -0.9378 0.1624
vn -0.2985 -0.9413 0.1578
vn -0.4579 -0.8734 -0.1659
vn -0.4581 -0.8734 -0.1653
vn -0.3141 -0.9348 0.1657
vn -0.3140 -0.9349 0.1656
vn -0.6018 -0.6397 -0.4781
vn -0.4773 -0.8649 -0.1556
vn -0.4814 -0.8634 -0.1513
vn -0.2873 -0.9450 0.1560
vn -0.2885 -0.9447 0.1562
vn -0.0449 -0.8771 0.4781
vn -0.0449 -0.8771 0.4782
vn -0.0449 -0.8772 0.4781
vn -0.0667 -0.8678 0.4924
vn -0.0668 -0.8678 0.4924
vn -0.0893 -0.8582 0.5055
vn -0.0893 -0.8582 0.5054
vn -0.1124 -0.8484 0.5173
vn -0.1125 -0.8484 0.5173
vn -0.1123 -0.8484 0.5173
vn -0.5343 -0.6685 -0.5173
vn -0.5574 -0.6587 -0.5054
vn -0.5799 -0.6491 -0.4923
vn -0.4999 -0.8546 -0.1406
vn -0.4928 -0.8576 -0.1473
vn -0.4965 -0.8560 -0.1441
vn -0.5028 -0.8534 -0.1376
vn -0.2701 -0.9523 0.1417
vn -0.2757 -0.9502 0.1453
vn -0.2753 -0.9502 0.1460
vn -0.2738 -0.9521 0.1361
vn -0.4856 -0.8617 -0.1470
vn -0.4843 -0.8622 -0.1488
vn -0.2822 -0.9469 0.1538
vn -0.2856 -0.9470 0.1474
vn -0.6823 -0.6054 -0.4099
vn -0.6822 -0.6054 -0.4100
vn -0.6823 -0.6054 -0.4098
vn -0.5084 -0.8509 -0.1322
vn -0.5084 -0.8509 -0.1326
vn -0.2654 -0.9546 0.1354
vn -0.2610 -0.9565 0.1307
vn 0.0355 -0.9115 0.4098
vn 0.0166 -0.9034 0.4285
vn -0.0031 -0.8950 0.4461
vn -0.0237 -0.8862 0.4626
vn -0.6231 -0.6307 -0.4626
vn -0.6436 -0.6219 -0.4461
vn -0.6435 -0.6218 -0.4463
vn -0.6634 -0.6134 -0.4285
vn -0.6634 -0.6135 -0.4284
vn -0.6634 -0.6135 -0.4285
vn -0.5225 -0.8450 -0.1138
vn -0.5172 -0.8473 -0.1205
vn -0.5195 -0.8463 -0.1179
vn -0.5255 -0.8436 -0.1102
vn -0.2455 -0.9629 0.1118
vn -0.2501 -0.9608 0.1199
vn -0.2506 -0.9606 0.1198
vn -0.2460 -0.9628 0.1117
vn -0.5150 -0.8479 -0.1259
vn -0.5141 -0.8483 -0.1266
vn -0.2556 -0.9587 0.1246
vn -0.2587 -0.9574 0.1280
vn -0.7489 -0.5771 -0.3257
vn -0.7489 -0.5772 -0.3257
vn -0.7489 -0.5770 -0.3258
vn -0.5298 -0.8416 -0.1050
vn -0.5291 -0.8419 -0.1062
vn -0.2411 -0.9653 0.1002
vn -0.2445 -0.9645 0.0996
vn 0.1022 -0.9399 0.3258
vn 0.0869 -0.9334 0.3482
vn 0.0869 -0.9334 0.3481
vn 0.0867 -0.9334 0.3481
vn 0.0708 -0.9265 0.3696
vn 0.0536 -0.9192 0.3901
vn 0.0536 -0.9192 0.3902
vn -0.7004 -0.5977 -0.3901
vn -0.7003 -0.5978 -0.3901
vn -0.7003 -0.5978 -0.3900
vn -0.7176 -0.5902 -0.3698
vn -0.7175 -0.5904 -0.3696
vn -0.7337 -0.5835 -0.3482
vn -0.7336 -0.5835 -0.3483
vn -0.7337 -0.5835 -0.3481
vn -0.5408 -0.8371 -0.0826
vn -0.5365 -0.8390 -0.0903
vn -0.5382 -0.8383 -0.0870
vn -0.5426 -0.8364 -0.0774
vn -0.2273 -0.9708 0.0771
vn -0.2328 -0.9685 0.0888
vn -0.2324 -0.9685 0.0896
vn -0.2328 -0.9694 0.0779
vn -0.5308 -0.8423 -0.0939
vn -0.5316 -0.8420 -0.0917
vn -0.2414 -0.9659 0.0933
vn -0.2410 -0.9659 0.0948
vn -0.7992 -0.5556 -0.2293
vn -0.7992 -0.5555 -0.2294
vn -0.5454 -0.8351 -0.0722
vn -0.5456 -0.8349 -0.0723
vn -0.2249 -0.9716 0.0730
vn -0.2254 -0.9716 0.0722
vn 0.1526 -0.9613 0.2293
vn 0.1527 -0.9613 0.2292
vn 0.1525 -0.9613 0.2293
vn 0.1415 -0.9567 0.2545
vn 0.1415 -0.9567 0.2544
vn 0.1295 -0.9515 0.2789
vn 0.1164 -0.9460 0.3027
vn 0.1164 -0.9459 0.3027
vn -0.7631 -0.5709 -0.3027
vn -0.7632 -0.5709 -0.3027
vn -0.7763 -0.5654 -0.2789
vn -0.7883 -0.5602 -0.2544
vn -0.5493 -0.8344 -0.0456
vn -0.5501 -0.8331 -0.0579
vn -0.5505 -0.8333 -0.0504
vn -0.5514 -0.8332 -0.0420
vn -0.2170 -0.9751 0.0459
vn -0.2221 -0.9737 0.0507
vn -0.2215 -0.9739 0.0502
vn -0.2173 -0.9750 0.0465
vn -0.5489 -0.8334 -0.0642
vn -0.5490 -0.8334 -0.0638
vn -0.2279 -0.9717 0.0624
vn -0.2267 -0.9720 0.0613
vn -0.8312 -0.5420 -0.1240
vn -0.8312 -0.5419 -0.1240
vn -0.8312 -0.5419 -0.1239
vn -0.5545 -0.8313 -0.0376
vn -0.5546 -0.8312 -0.0384
vn -0.2156 -0.9758 0.0366
vn -0.2161 -0.9757 0.0366
vn 0.1845 -0.9750 0.1240
vn 0.1845 -0.9750 0.1242
vn 0.1783 -0.9723 0.1509
vn 0.1782 -0.9724 0.1508
vn 0.1783 -0.9724 0.1509
vn 0.1708 -0.9692 0.1775
vn 0.1708 -0.9692 0.1773
vn 0.1622 -0.9655 0.2036
vn -0.8091 -0.5513 -0.2036
vn -0.8090 -0.5514 -0.2036
vn -0.8090 -0.5514 -0.2035
vn -0.8176 -0.5477 -0.1775
vn -0.8177 -0.5476 -0.1775
vn -0.8177 -0.5475 -0.1775
vn -0.8251 -0.5445 -0.1509
vn -0.8250 -0.5446 -0.1509
vn -0.5544 -0.8322 -0.0105
vn -0.5571 -0.8302 -0.0211
vn -0.5577 -0.8299 -0.0154
vn -0.5557 -0.8314 -0.0066
vn -0.2173 -0.9760 0.0111
vn -0.2115 -0.9772 0.0179
vn -0.2149 -0.9765 0.0183
vn -0.2177 -0.9760 0.0098
vn -0.5540 -0.8320 -0.0305
vn -0.5560 -0.8306 -0.0300
vn -0.2179 -0.9757 0.0245
vn -0.2177 -0.9757 0.0262
vn -0.8437 -0.5366 -0.0139
vn -0.8436 -0.5367 -0.0139
vn -0.8437 -0.5367 -0.0139
vn -0.5550 -0.8319 -0.0000
vn -0.5549 -0.8319 -0.0000
vn -0.2175 -0.9761 0.0001
vn -0.2174 -0.9761 -0.0000
vn 0.1970 -0.9803 0.0139
vn 0.1957 -0.9798 0.0416
vn 0.1932 -0.9787 0.0693
vn 0.1895 -0.9771 0.0967
vn -0.8362 -0.5398 -0.0967
vn -0.8362 -0.5398 -0.0966
vn -0.8400 -0.5382 -0.0692
vn -0.8425 -0.5371 -0.0416
vn -0.5573 -0.8299 0.0281
vn -0.5569 -0.8304 0.0152
vn -0.5575 -0.8299 0.0192
vn -0.5546 -0.8316 0.0309
vn -0.2180 -0.9756 -0.0248
vn -0.2115 -0.9772 -0.0180
vn -0.2149 -0.9765 -0.0182
vn -0.2176 -0.9757 -0.0262
vn -0.5547 -0.8320 0.0090
vn -0.5545 -0.8321 0.0083
vn -0.2173 -0.9760 -0.0112
vn -0.2178 -0.9760 -0.0097
vn -0.8362 -0.5398 0.0967
vn -0.5545 -0.8313 0.0377
vn -0.5546 -0.8313 0.0386
vn -0.2156 -0.9758 -0.0366
vn -0.2161 -0.9757 -0.0366
vn 0.1895 -0.9771 -0.0967
vn 0.1932 -0.9787 -0.0692
vn 0.1957 -0.9798 -0.0417
vn 0.1970 -0.9803 -0.0139
vn -0.8437 -0.5366 0.0139
vn -0.8425 -0.5371 0.0416
vn -0.8400 -0.5382 0.0692
vn -0.8401 -0.5381 0.0690
vn -0.5491 -0.8336 0.0605
vn -0.5505 -0.8333 0.0505
vn -0.5514 -0.8324 0.0557
vn -0.5472 -0.8344 0.0661
vn -0.2279 -0.9717 -0.0623
vn -0.2223 -0.9737 -0.0507
vn -0.2217 -0.9738 -0.0500
vn -0.2267 -0.9720 -0.0613
vn -0.5499 -0.8341 0.0440
vn -0.5498 -0.8342 0.0428
vn -0.2170 -0.9751 -0.0459
vn -0.2173 -0.9750 -0.0465
vn -0.8091 -0.5513 0.2036
vn -0.8090 -0.5514 0.2036
vn -0.5454 -0.8351 0.0722
vn -0.5455 -0.8350 0.0723
vn -0.2248 -0.9717 -0.0729
vn -0.2254 -0.9716 -0.0722
vn 0.1622 -0.9655 -0.2036
vn 0.1709 -0.9692 -0.1774
vn 0.1709 -0.9692 -0.1775
vn 0.1782 -0.9724 -0.1508
vn 0.1783 -0.9724 -0.1509
vn 0.1845 -0.9750 -0.1240
vn 0.1846 -0.9750 -0.1240
vn -0.8312 -0.5419 0.1240
vn -0.8250 -0.5446 0.1509
vn -0.8177 -0.5475 0.1775
vn -0.8177 -0.5476 0.1775
vn -0.8178 -0.5475 0.1775
vn -0.8177 -0.5477 0.1775
vn -0.5311 -0.8423 0.0921
vn -0.5382 -0.8384 0.0863
vn -0.5370 -0.8388 0.0898
vn -0.5300 -0.8423 0.0980
vn -0.2420 -0.9657 -0.0940
vn -0.2330 -0.9684 -0.0887
vn -0.2324 -0.9685 -0.0894
vn -0.2410 -0.9659 -0.0950
vn -0.5420 -0.8364 0.0814
vn -0.5420 -0.8365 0.0807
vn -0.2267 -0.9708 -0.0782
vn -0.2328 -0.9694 -0.0779
vn -0.7631 -0.5710 0.3027
vn -0.5295 -0.8418 0.1048
vn -0.5292 -0.8419 0.1057
vn -0.2410 -0.9653 -0.1003
vn -0.2439 -0.9647 -0.0994
vn 0.1164 -0.9459 -0.3027
vn 0.1164 -0.9460 -0.3027
vn 0.1295 -0.9515 -0.2789
vn 0.1295 -0.9516 -0.2789
vn 0.1415 -0.9567 -0.2544
vn 0.1525 -0.9613 -0.2294
vn 0.1525 -0.9613 -0.2293
vn -0.7992 -0.5556 0.2293
vn -0.7992 -0.5555 0.2294
vn -0.7883 -0.5602 0.2544
vn -0.7763 -0.5654 0.2789
vn -0.5158 -0.8477 0.1240
vn -0.5197 -0.8462 0.1175
vn -0.5175 -0.8472 0.1205
vn -0.5102 -0.8504 0.1283
vn -0.2570 -0.9581 -0.1268
vn -0.2506 -0.9605 -0.1206
vn -0.2509 -0.9606 -0.1200
vn -0.2572 -0.9581 -0.1264
vn -0.5239 -0.8443 0.1129
vn -0.5240 -0.8442 0.1126
vn -0.2454 -0.9630 -0.1117
vn -0.2459 -0.9628 -0.1117
vn -0.7004 -0.5977 0.3901
vn -0.7004 -0.5977 0.3902
vn -0.5084 -0.8509 0.1320
vn -0.5085 -0.8508 0.1324
vn -0.2617 -0.9559 -0.1332
vn -0.2614 -0.9561 -0.1325
vn 0.0536 -0.9192 -0.3901
vn 0.0536 -0.9192 -0.3902
vn 0.0708 -0.9265 -0.3696
vn 0.0868 -0.9334 -0.3481
vn 0.0869 -0.9334 -0.3481
vn 0.1022 -0.9399 -0.3258
vn -0.7489 -0.5770 0.3258
vn -0.7338 -0.5835 0.3481
vn -0.7337 -0.5835 0.3481
vn -0.7175 -0.5904 0.3696
vn -0.7176 -0.5903 0.3696
vn -0.4892 -0.8600 0.1452
vn -0.4967 -0.8560 0.1434
vn -0.4927 -0.8576 0.1473
vn -0.4844 -0.8617 0.1508
vn -0.2818 -0.9471 -0.1536
vn -0.2757 -0.9502 -0.1453
vn -0.2753 -0.9502 -0.1460
vn -0.2855 -0.9470 -0.1474
vn -0.5016 -0.8538 0.1392
vn -0.5017 -0.8537 0.1392
vn -0.2701 -0.9523 -0.1416
vn -0.2739 -0.9520 -0.1363
vn -0.6231 -0.6307 0.4626
vn -0.4790 -0.8645 0.1526
vn -0.4785 -0.8647 0.1526
vn -0.2875 -0.9449 -0.1564
vn -0.2886 -0.9446 -0.1563
vn -0.0236 -0.8862 -0.4627
vn -0.0030 -0.8950 -0.4461
vn -0.0031 -0.8950 -0.4461
vn 0.0166 -0.9034 -0.4285
vn 0.0167 -0.9034 -0.4285
vn 0.0355 -0.9115 -0.4098
vn -0.6823 -0.6054 0.4098
vn -0.6633 -0.6135 0.4285
vn -0.6633 -0.6136 0.4285
vn -0.6436 -0.6219 0.4461
vn -0.6436 -0.6219 0.4462
vn -0.4602 -0.8723 0.1653
vn -0.4693 -0.8681 0.1617
vn -0.4623 -0.8713 0.1645
vn -0.4555 -0.8743 0.1678
vn -0.3160 -0.9339 -0.1670
vn -0.3073 -0.9376 -0.1627
vn -0.3072 -0.9377 -0.1625
vn -0.3164 -0.9335 -0.1689
vn -0.4754 -0.8646 0.1630
vn -0.4736 -0.8669 0.1554
vn -0.2979 -0.9417 -0.1564
vn -0.2987 -0.9413 -0.1573
vn -0.5343 -0.6685 0.5173
vn -0.5343 -0.6683 0.5176
vn -0.4537 -0.8744 0.1718
vn -0.4540 -0.8742 0.1720
vn -0.3190 -0.9326 -0.1688
vn -0.3170 -0.9329 -0.1708
vn -0.1124 -0.8484 -0.5172
vn -0.1124 -0.8484 -0.5173
vn -0.0893 -0.8582 -0.5054
vn -0.0894 -0.8583 -0.5054
vn -0.0899 -0.8584 -0.5050
vn -0.0668 -0.8678 -0.4924
vn -0.0668 -0.8679 -0.4922
vn -0.0450 -0.8771 -0.4781
vn -0.0449 -0.8772 -0.4781
vn -0.0452 -0.8771 -0.4782
vn -0.6018 -0.6397 0.4781
vn -0.6018 -0.6397 0.4782
vn -0.5799 -0.6491 0.4923
vn -0.5574 -0.6586 0.5055
vn -0.5574 -0.6587 0.5053
vn -0.5574 -0.6587 0.5054
vn -0.4291 -0.8848 0.1815
vn -0.4338 -0.8838 0.1753
vn -0.4318 -0.8840 0.1793
vn -0.4257 -0.8863 0.1825
vn -0.3453 -0.9215 -0.1779
vn -0.3364 -0.9250 -0.1765
vn -0.3363 -0.9251 -0.1764
vn -0.3441 -0.9219 -0.1778
vn -0.4438 -0.8784 0.1775
vn -0.4439 -0.8782 0.1780
vn -0.3281 -0.9286 -0.1736
vn -0.3282 -0.9285 -0.1739
vn -0.4375 -0.7097 0.5521
vn -0.4374 -0.7098 0.5521
vn -0.4375 -0.7098 0.5521
vn -0.4177 -0.8894 0.1859
vn -0.4187 -0.8890 0.1853
vn -0.3520 -0.9174 -0.1854
vn -0.3523 -0.9174 -0.1850
vn -0.2093 -0.8071 -0.5521
vn -0.2093 -0.8070 -0.5522
vn -0.2092 -0.8072 -0.5520
vn -0.1845 -0.8177 -0.5453
vn -0.1601 -0.8281 -0.5373
vn -0.1601 -0.8281 -0.5372
vn -0.1361 -0.8383 -0.5279
vn -0.1361 -0.8384 -0.5278
vn -0.5107 -0.6786 0.5279
vn -0.4866 -0.6888 0.5373
vn -0.4866 -0.6889 0.5373
vn -0.4622 -0.6993 0.5453
vn -0.3980 -0.8984 0.1854
vn -0.4043 -0.8954 0.1867
vn -0.3998 -0.8973 0.1872
vn -0.3902 -0.9019 0.1852
vn -0.3786 -0.9062 -0.1885
vn -0.3684 -0.9116 -0.1824
vn -0.3655 -0.9126 -0.1831
vn -0.3774 -0.9067 -0.1883
vn -0.4107 -0.8926 0.1861
vn -0.4109 -0.8925 0.1862
vn -0.3595 -0.9143 -0.1866
vn -0.3600 -0.9142 -0.1862
vn -0.3361 -0.7530 0.5657
vn -0.3362 -0.7530 0.5657
vn -0.3870 -0.9038 0.1826
vn -0.3869 -0.9038 0.1831
vn -0.3886 -0.9026 -0.1853
vn -0.3868 -0.9037 -0.1838
vn -0.3106 -0.7639 -0.5656
vn -0.3106 -0.7639 -0.5657
vn -0.3106 -0.7639 -0.5658
vn -0.3107 -0.7640 -0.5656
vn -0.2851 -0.7748 -0.5643
vn -0.2597 -0.7856 -0.5616
vn -0.2599 -0.7855 -0.5616
vn -0.2598 -0.7856 -0.5616
vn -0.2344 -0.7964 -0.5575
vn -0.2344 -0.7964 -0.5576
vn -0.4124 -0.7205 0.5575
vn -0.3871 -0.7313 0.5616
vn -0.3872 -0.7312 0.5616
vn -0.3617 -0.7421 0.5643
vn -0.3617 -0.7422 0.5643
vn -0.3628 -0.9138 0.1824
vn -0.3723 -0.9093 0.1860
vn -0.3640 -0.9128 0.1852
vn -0.3581 -0.9158 0.1822
vn -0.4109 -0.8922 -0.1876
vn -0.4018 -0.8964 -0.1873
vn -0.4019 -0.8963 -0.1876
vn -0.4135 -0.8913 -0.1861
vn -0.3763 -0.9081 0.1837
vn -0.3759 -0.9083 0.1834
vn -0.3931 -0.9000 -0.1884
vn -0.3931 -0.9001 -0.1880
vn -0.2344 -0.7964 0.5576
vn -0.3558 -0.9164 0.1834
vn -0.3530 -0.9184 0.1788
vn -0.4195 -0.8885 -0.1861
vn -0.4196 -0.8885 -0.1859
vn -0.4123 -0.7205 -0.5576
vn -0.3871 -0.7312 -0.5616
vn -0.3617 -0.7421 -0.5644
vn -0.3360 -0.7530 -0.5657
vn -0.3362 -0.7529 -0.5657
vn -0.3105 -0.7639 0.5657
vn -0.2596 -0.7856 0.5617
vn -0.3289 -0.9273 0.1785
vn -0.3371 -0.9241 0.1803
vn -0.3334 -0.9256 0.1792
vn -0.3242 -0.9298 0.1745
vn -0.4465 -0.8776 -0.1748
vn -0.4325 -0.8841 -0.1770
vn -0.4321 -0.8842 -0.1775
vn -0.4439 -0.8795 -0.1713
vn -0.3425 -0.9227 0.1771
vn -0.3430 -0.9210 0.1846
vn -0.4248 -0.8865 -0.1834
vn -0.4256 -0.8860 -0.1838
vn -0.1361 -0.8383 0.5280
vn -0.3222 -0.9306 0.1735
vn -0.3205 -0.9310 0.1748
vn -0.4521 -0.8749 -0.1735
vn -0.4521 -0.8750 -0.1733
vn -0.4374 -0.7099 -0.5520
vn -0.4379 -0.7096 -0.5519
vn -0.4374 -0.7099 -0.5521
vn -0.1845 -0.8176 0.5454
vn -0.1601 -0.8280 0.5373
vn -0.1602 -0.8281 0.5373
vn -0.2980 -0.9407 0.1619
vn -0.3055 -0.9376 0.1662
vn -0.3025 -0.9389 0.1645
vn -0.2949 -0.9421 0.1598
vn -0.4719 -0.8674 -0.1578
vn -0.4656 -0.8692 -0.1665
vn -0.4658 -0.8690 -0.1669
vn -0.4725 -0.8671 -0.1577
vn -0.3114 -0.9350 0.1696
vn -0.3115 -0.9349 0.1699
vn -0.4592 -0.8719 -0.1699
vn -0.4592 -0.8720 -0.1697
vn -0.2890 -0.9445 0.1562
vn -0.4806 -0.8637 -0.1519
vn -0.4806 -0.8636 -0.1527
vn -0.5799 -0.6491 -0.4922
vn -0.5573 -0.6588 -0.5054
vn -0.5343 -0.6685 -0.5174
vn -0.0668 -0.8678 0.4923
vn -0.0668 -0.8679 0.4923
vn -0.2738 -0.9515 0.1402
vn -0.2786 -0.9489 0.1480
vn -0.2743 -0.9512 0.1412
vn -0.2680 -0.9540 0.1341
vn -0.5033 -0.8534 -0.1355
vn -0.4909 -0.8590 -0.1458
vn -0.4953 -0.8562 -0.1471
vn -0.5036 -0.8529 -0.1374
vn -0.2824 -0.9474 0.1508
vn -0.2821 -0.9474 0.1510
vn -0.4886 -0.8593 -0.1514
vn -0.4881 -0.8597 -0.1509
vn 0.0357 -0.9115 0.4098
vn -0.2638 -0.9561 0.1277
vn -0.2667 -0.9551 0.1290
vn -0.5042 -0.8538 -0.1297
vn -0.5040 -0.8538 -0.1302
vn -0.6824 -0.6055 -0.4096
vn -0.6825 -0.6054 -0.4095
vn -0.6824 -0.6054 -0.4097
vn -0.6632 -0.6136 -0.4285
vn -0.6632 -0.6136 -0.4286
vn -0.6632 -0.6135 -0.4286
vn -0.6633 -0.6135 -0.4285
vn -0.6437 -0.6219 -0.4460
vn -0.6435 -0.6221 -0.4460
vn -0.0032 -0.8950 0.4461
vn -0.0033 -0.8950 0.4461
vn 0.0165 -0.9034 0.4284
vn 0.0164 -0.9034 0.4284
vn 0.0165 -0.9034 0.4285
vn -0.2504 -0.9618 0.1108
vn -0.2559 -0.9592 0.1202
vn -0.2531 -0.9607 0.1141
vn -0.2472 -0.9629 0.1078
vn -0.5194 -0.8472 -0.1119
vn -0.5167 -0.8481 -0.1169
vn -0.5164 -0.8484 -0.1166
vn -0.5217 -0.8455 -0.1142
vn -0.2601 -0.9576 0.1239
vn -0.2606 -0.9575 0.1237
vn -0.5109 -0.8508 -0.1232
vn -0.5111 -0.8507 -0.1230
vn 0.1021 -0.9399 0.3258
vn -0.2415 -0.9646 0.1057
vn -0.2419 -0.9644 0.1069
vn -0.5298 -0.8415 -0.1060
vn -0.5293 -0.8419 -0.1056
vn -0.7176 -0.5904 -0.3695
vn -0.7004 -0.5977 -0.3902
vn 0.0708 -0.9265 0.3695
vn -0.2329 -0.9692 0.0805
vn -0.2372 -0.9673 0.0898
vn -0.2349 -0.9684 0.0844
vn -0.2309 -0.9700 0.0767
vn -0.5375 -0.8395 -0.0792
vn -0.5374 -0.8391 -0.0845
vn -0.5359 -0.8400 -0.0846
vn -0.5380 -0.8392 -0.0790
vn -0.2420 -0.9654 0.0968
vn -0.2425 -0.9654 0.0960
vn -0.5303 -0.8427 -0.0935
vn -0.5307 -0.8423 -0.0940
vn -0.2282 -0.9712 0.0682
vn -0.2284 -0.9711 0.0687
vn -0.5421 -0.8370 -0.0741
vn -0.5431 -0.8363 -0.0746
vn -0.7994 -0.5555 -0.2288
vn -0.7991 -0.5557 -0.2293
vn -0.7762 -0.5654 -0.2789
vn -0.7631 -0.5709 -0.3029
vn 0.1295 -0.9516 0.2789
vn 0.1293 -0.9516 0.2789
vn -0.2187 -0.9746 0.0483
vn -0.2221 -0.9733 0.0579
vn -0.2183 -0.9744 0.0535
vn -0.2163 -0.9753 0.0437
vn -0.5545 -0.8310 -0.0452
vn -0.5505 -0.8331 -0.0543
vn -0.5510 -0.8328 -0.0544
vn -0.5537 -0.8316 -0.0433
vn -0.2267 -0.9720 0.0612
vn -0.2272 -0.9719 0.0613
vn -0.5497 -0.8330 -0.0627
vn -0.5440 -0.8365 -0.0656
vn 0.1845 -0.9750 0.1241
vn 0.1844 -0.9750 0.1240
vn -0.2194 -0.9750 0.0346
vn -0.2202 -0.9748 0.0348
vn -0.5512 -0.8337 -0.0347
vn -0.5514 -0.8335 -0.0354
vn -0.8313 -0.5418 -0.1241
vn -0.8315 -0.5415 -0.1241
vn -0.8314 -0.5417 -0.1241
vn -0.8250 -0.5446 -0.1508
vn -0.8250 -0.5446 -0.1507
vn 0.1623 -0.9655 0.2036
vn 0.1709 -0.9692 0.1775
vn -0.2138 -0.9768 0.0135
vn -0.2135 -0.9767 0.0230
vn -0.2134 -0.9769 0.0146
vn -0.2141 -0.9768 0.0046
vn -0.5588 -0.8292 -0.0085
vn -0.5534 -0.8327 -0.0198
vn -0.5544 -0.8320 -0.0214
vn -0.5586 -0.8294 -0.0091
vn -0.2176 -0.9757 0.0262
vn -0.2179 -0.9756 0.0258
vn -0.5527 -0.8328 -0.0296
vn -0.5537 -0.8321 -0.0304
vn -0.2175 -0.9761 -0.0000
vn -0.2178 -0.9760 0.0001
vn -0.5589 -0.8292 -0.0000
vn -0.8363 -0.5396 -0.0967
vn -0.8364 -0.5395 -0.0967
vn 0.1932 -0.9787 0.0692
vn 0.1957 -0.9798 0.0417
vn -0.2171 -0.9758 -0.0244
vn -0.2140 -0.9767 -0.0149
vn -0.2113 -0.9772 -0.0200
vn -0.2180 -0.9755 -0.0292
vn -0.5529 -0.8327 0.0300
vn -0.5534 -0.8327 0.0199
vn -0.5545 -0.8319 0.0215
vn -0.5544 -0.8317 0.0306
vn -0.2108 -0.9775 -0.0112
vn -0.2101 -0.9776 -0.0086
vn -0.5589 -0.8292 0.0086
vn -0.5586 -0.8294 0.0091
vn -0.2195 -0.9750 -0.0345
vn -0.2203 -0.9748 -0.0347
vn -0.5512 -0.8337 0.0348
vn -0.5514 -0.8335 0.0354
vn -0.8362 -0.5399 0.0969
vn -0.8362 -0.5397 0.0970
vn -0.8362 -0.5398 0.0968
vn -0.8437 -0.5366 0.0140
vn -0.2253 -0.9725 -0.0592
vn -0.2184 -0.9745 -0.0520
vn -0.2221 -0.9733 -0.0578
vn -0.2265 -0.9718 -0.0651
vn -0.5497 -0.8330 0.0625
vn -0.5505 -0.8331 0.0543
vn -0.5509 -0.8328 0.0543
vn -0.5434 -0.8370 0.0643
vn -0.2168 -0.9751 -0.0469
vn -0.5545 -0.8310 0.0452
vn -0.5537 -0.8316 0.0432
vn 0.1623 -0.9655 -0.2036
vn -0.2282 -0.9712 -0.0682
vn -0.2285 -0.9711 -0.0688
vn -0.5422 -0.8370 0.0740
vn -0.5431 -0.8364 0.0745
vn -0.8176 -0.5477 0.1775
vn -0.8250 -0.5446 0.1508
vn -0.8312 -0.5419 0.1241
vn -0.8312 -0.5420 0.1240
vn -0.8312 -0.5420 0.1241
vn 0.1844 -0.9750 -0.1240
vn 0.1843 -0.9750 -0.1243
vn 0.1845 -0.9750 -0.1242
vn 0.1783 -0.9723 -0.1509
vn -0.2377 -0.9670 -0.0915
vn -0.2351 -0.9683 -0.0845
vn -0.2374 -0.9673 -0.0897
vn -0.2410 -0.9654 -0.0995
vn -0.5305 -0.8425 0.0934
vn -0.5361 -0.8399 0.0845
vn -0.5356 -0.8402 0.0850
vn -0.5309 -0.8422 0.0939
vn -0.2322 -0.9695 -0.0785
vn -0.2325 -0.9694 -0.0784
vn -0.5376 -0.8395 0.0790
vn -0.5380 -0.8392 0.0790
vn -0.2418 -0.9645 -0.1062
vn -0.2437 -0.9639 -0.1072
vn -0.5296 -0.8416 0.1062
vn -0.5292 -0.8419 0.1056
vn -0.7630 -0.5712 0.3027
vn -0.7631 -0.5711 0.3027
vn -0.7630 -0.5711 0.3029
vn -0.7762 -0.5655 0.2788
vn -0.7762 -0.5654 0.2789
vn -0.7762 -0.5656 0.2787
vn -0.7884 -0.5602 0.2544
vn -0.7883 -0.5602 0.2543
vn -0.7884 -0.5602 0.2543
vn -0.7884 -0.5601 0.2544
vn -0.7992 -0.5557 0.2293
vn -0.7991 -0.5556 0.2295
vn -0.2589 -0.9582 -0.1219
vn -0.2518 -0.9610 -0.1145
vn -0.2567 -0.9591 -0.1193
vn -0.2613 -0.9570 -0.1263
vn -0.5110 -0.8507 0.1234
vn -0.5168 -0.8481 0.1168
vn -0.5165 -0.8483 0.1166
vn -0.5112 -0.8506 0.1234
vn -0.2492 -0.9623 -0.1092
vn -0.2496 -0.9622 -0.1087
vn -0.5199 -0.8468 0.1128
vn -0.5217 -0.8455 0.1140
vn 0.0540 -0.9194 -0.3897
vn 0.0536 -0.9193 -0.3900
vn -0.2662 -0.9554 -0.1279
vn -0.2672 -0.9549 -0.1295
vn -0.5041 -0.8538 0.1301
vn -0.5038 -0.8539 0.1308
vn 0.1020 -0.9400 -0.3257
vn -0.2809 -0.9481 -0.1493
vn -0.2743 -0.9514 -0.1400
vn -0.2790 -0.9489 -0.1475
vn -0.2836 -0.9469 -0.1516
vn -0.4886 -0.8593 0.1513
vn -0.4909 -0.8590 0.1457
vn -0.4952 -0.8562 0.1471
vn -0.4882 -0.8596 0.1509
vn -0.2740 -0.9520 -0.1364
vn -0.2741 -0.9519 -0.1367
vn -0.5032 -0.8535 0.1354
vn -0.5037 -0.8529 0.1374
vn -0.0237 -0.8862 -0.4626
vn -0.0237 -0.8863 -0.4626
vn -0.0237 -0.8862 -0.4627
vn -0.2890 -0.9445 -0.1563
vn -0.2891 -0.9445 -0.1562
vn -0.4807 -0.8636 0.1521
vn -0.4807 -0.8635 0.1528
vn -0.6231 -0.6308 0.4625
vn -0.6435 -0.6219 0.4462
vn -0.6634 -0.6135 0.4284
vn -0.6636 -0.6134 0.4283
vn 0.0355 -0.9115 -0.4097
vn -0.3100 -0.9357 -0.1687
vn -0.3025 -0.9389 -0.1645
vn -0.3055 -0.9376 -0.1662
vn -0.3133 -0.9343 -0.1704
vn -0.4594 -0.8718 0.1701
vn -0.4656 -0.8692 0.1665
vn -0.4655 -0.8691 0.1671
vn -0.4593 -0.8719 0.1699
vn -0.2963 -0.9414 -0.1612
vn -0.2963 -0.9414 -0.1611
vn -0.4722 -0.8672 0.1579
vn -0.4727 -0.8670 0.1581
vn -0.3223 -0.9306 -0.1736
vn -0.3205 -0.9310 -0.1749
vn -0.4524 -0.8747 0.1738
vn -0.4524 -0.8748 0.1735
vn -0.5343 -0.6685 0.5174
vn -0.5799 -0.6491 0.4924
vn -0.0449 -0.8772 -0.4780
vn -0.0670 -0.8678 -0.4924
vn -0.0668 -0.8679 -0.4923
vn -0.0671 -0.8677 -0.4925
vn -0.3416 -0.9230 -0.1771
vn -0.3331 -0.9258 -0.1785
vn -0.3363 -0.9243 -0.1804
vn -0.3469 -0.9204 -0.1805
vn -0.4260 -0.8859 0.1835
vn -0.4324 -0.8841 0.1770
vn -0.4319 -0.8842 0.1779
vn -0.4266 -0.8857 0.1833
vn -0.3263 -0.9282 -0.1786
vn -0.3257 -0.9286 -0.1777
vn -0.4464 -0.8778 0.1737
vn -0.4439 -0.8796 0.1713
vn -0.2094 -0.8071 -0.5520
vn -0.2095 -0.8071 -0.5519
vn -0.3559 -0.9164 -0.1833
vn -0.3535 -0.9181 -0.1793
vn -0.4190 -0.8887 0.1860
vn -0.4196 -0.8885 0.1859
vn -0.4374 -0.7098 0.5522
vn -0.4374 -0.7099 0.5520
vn -0.4370 -0.7100 0.5521
vn -0.5108 -0.6787 0.5277
vn -0.5107 -0.6786 0.5278
vn -0.1361 -0.8384 -0.5279
vn -0.1601 -0.8280 -0.5373
vn -0.1844 -0.8177 -0.5453
vn -0.3761 -0.9083 -0.1834
vn -0.3649 -0.9125 -0.1850
vn -0.3727 -0.9088 -0.1876
vn -0.3767 -0.9080 -0.1835
vn -0.3964 -0.8987 0.1878
vn -0.4018 -0.8962 0.1881
vn -0.4019 -0.8961 0.1882
vn -0.3907 -0.9012 0.1878
vn -0.3609 -0.9147 -0.1820
vn -0.3612 -0.9147 -0.1814
vn -0.4116 -0.8919 0.1876
vn -0.4136 -0.8912 0.1861
vn -0.3106 -0.7638 -0.5657
vn -0.3363 -0.7528 0.5659
vn -0.3361 -0.7529 0.5659
vn -0.3362 -0.7529 0.5657
vn -0.3365 -0.7530 0.5655
vn -0.3617 -0.7421 0.5644
vn -0.4122 -0.7206 0.5576
vn -0.4120 -0.7206 0.5576
vn -0.4122 -0.7206 0.5575
vn 0.3331 0.9263 -0.1759
vn 0.3382 0.9244 -0.1763
vn 0.3310 0.9269 -0.1771
vn 0.3234 0.9297 -0.1763
vn 0.3428 0.9225 -0.1777
vn 0.3466 0.9206 -0.1797
vn 0.4349 0.8833 0.1750
vn 0.4362 0.8827 0.1748
vn 0.4420 0.8804 0.1721
vn 0.4437 0.8797 0.1712
vn 0.4249 0.8872 0.1798
vn 0.4286 0.8857 0.1786
vn 0.1361 0.8383 -0.5279
vn 0.1602 0.8280 -0.5373
vn 0.1601 0.8281 -0.5372
vn 0.1601 0.8281 -0.5373
vn 0.1845 0.8177 -0.5453
vn 0.2093 0.8071 -0.5521
vn 0.4375 0.7098 0.5521
vn 0.4375 0.7098 0.5520
vn 0.4374 0.7098 0.5521
vn 0.4622 0.6993 0.5453
vn 0.4866 0.6888 0.5373
vn 0.4866 0.6888 0.5374
vn 0.5106 0.6787 0.5279
vn 0.5107 0.6786 0.5279
vn 0.4519 0.8758 0.1695
vn 0.4483 0.8773 0.1715
vn 0.3161 0.9333 -0.1706
vn 0.3164 0.9331 -0.1710
vn 0.3032 0.9393 -0.1608
vn 0.3082 0.9370 -0.1646
vn 0.3006 0.9404 -0.1593
vn 0.2960 0.9422 -0.1567
vn 0.3138 0.9350 -0.1652
vn 0.3139 0.9349 -0.1656
vn 0.4655 0.8700 0.1624
vn 0.4654 0.8700 0.1624
vn 0.4713 0.8675 0.1593
vn 0.4745 0.8661 0.1573
vn 0.4561 0.8741 0.1674
vn 0.4603 0.8722 0.1657
vn 0.0448 0.8773 -0.4779
vn 0.0449 0.8772 -0.4781
vn 0.0448 0.8772 -0.4780
vn 0.0447 0.8773 -0.4778
vn 0.0671 0.8677 -0.4925
vn 0.0670 0.8677 -0.4925
vn 0.0894 0.8582 -0.5054
vn 0.0890 0.8583 -0.5053
vn 0.0894 0.8583 -0.5054
vn 0.0893 0.8583 -0.5054
vn 0.1125 0.8484 -0.5173
vn 0.1123 0.8485 -0.5172
vn 0.1124 0.8484 -0.5173
vn 0.5343 0.6685 0.5173
vn 0.5574 0.6587 0.5054
vn 0.5801 0.6490 0.4922
vn 0.5800 0.6491 0.4922
vn 0.5799 0.6491 0.4923
vn 0.6017 0.6398 0.4781
vn 0.6018 0.6397 0.4781
vn 0.6019 0.6395 0.4782
vn 0.6018 0.6398 0.4781
vn 0.4793 0.8642 0.1529
vn 0.4791 0.8643 0.1532
vn 0.2914 0.9444 -0.1524
vn 0.2914 0.9444 -0.1526
vn 0.2750 0.9506 -0.1441
vn 0.2777 0.9495 -0.1461
vn 0.2712 0.9531 -0.1341
vn 0.2691 0.9536 -0.1355
vn 0.2819 0.9482 -0.1464
vn 0.2830 0.9478 -0.1470
vn 0.4951 0.8565 0.1458
vn 0.4945 0.8570 0.1451
vn 0.4997 0.8554 0.1362
vn 0.5000 0.8552 0.1366
vn 0.4845 0.8617 0.1507
vn 0.4910 0.8588 0.1464
vn -0.0355 0.9115 -0.4098
vn -0.0166 0.9034 -0.4285
vn -0.0164 0.9034 -0.4284
vn 0.0031 0.8950 -0.4460
vn 0.0031 0.8950 -0.4461
vn 0.0237 0.8862 -0.4626
vn 0.0236 0.8862 -0.4627
vn 0.0237 0.8862 -0.4627
vn 0.6231 0.6307 0.4626
vn 0.6436 0.6219 0.4460
vn 0.6436 0.6219 0.4461
vn 0.6633 0.6135 0.4285
vn 0.6825 0.6053 0.4097
vn 0.6822 0.6055 0.4097
vn 0.6824 0.6054 0.4096
vn 0.6825 0.6054 0.4095
vn 0.5068 0.8523 0.1296
vn 0.5047 0.8531 0.1324
vn 0.2642 0.9558 -0.1294
vn 0.2663 0.9548 -0.1323
vn 0.2506 0.9612 -0.1152
vn 0.2546 0.9592 -0.1228
vn 0.2458 0.9626 -0.1137
vn 0.2461 0.9628 -0.1120
vn 0.2554 0.9587 -0.1254
vn 0.2568 0.9583 -0.1257
vn 0.5185 0.8465 0.1208
vn 0.5183 0.8466 0.1207
vn 0.5211 0.8458 0.1143
vn 0.5244 0.8448 0.1065
vn 0.5117 0.8494 0.1293
vn 0.5147 0.8484 0.1236
vn -0.1021 0.9399 -0.3259
vn -0.0869 0.9334 -0.3481
vn -0.0870 0.9334 -0.3481
vn -0.0708 0.9265 -0.3696
vn -0.0536 0.9192 -0.3902
vn 0.7004 0.5977 0.3902
vn 0.7175 0.5904 0.3696
vn 0.7337 0.5835 0.3481
vn 0.7338 0.5835 0.3480
vn 0.7489 0.5770 0.3258
vn 0.5263 0.8442 0.1013
vn 0.5265 0.8440 0.1022
vn 0.2434 0.9646 -0.1012
vn 0.2453 0.9638 -0.1045
vn 0.2320 0.9688 -0.0874
vn 0.2344 0.9679 -0.0904
vn 0.2329 0.9695 -0.0763
vn 0.2323 0.9694 -0.0787
vn 0.2385 0.9668 -0.0919
vn 0.2377 0.9669 -0.0928
vn 0.5378 0.8384 0.0888
vn 0.5374 0.8386 0.0887
vn 0.5368 0.8399 0.0802
vn 0.5412 0.8374 0.0760
vn 0.5326 0.8406 0.0989
vn 0.5343 0.8400 0.0943
vn -0.1526 0.9613 -0.2293
vn -0.1525 0.9613 -0.2293
vn -0.1415 0.9567 -0.2544
vn -0.1295 0.9516 -0.2789
vn -0.1295 0.9515 -0.2789
vn -0.1295 0.9516 -0.2788
vn -0.1164 0.9460 -0.3027
vn 0.7631 0.5710 0.3027
vn 0.7630 0.5711 0.3027
vn 0.7762 0.5655 0.2788
vn 0.7762 0.5656 0.2787
vn 0.7762 0.5654 0.2789
vn 0.7883 0.5602 0.2544
vn 0.7992 0.5556 0.2293
vn 0.7992 0.5558 0.2289
vn 0.5452 0.8352 0.0720
vn 0.5446 0.8356 0.0718
vn 0.2252 0.9718 -0.0697
vn 0.2262 0.9713 -0.0734
vn 0.2194 0.9743 -0.0511
vn 0.2190 0.9740 -0.0577
vn 0.2171 0.9752 -0.0438
vn 0.2174 0.9751 -0.0444
vn 0.2256 0.9720 -0.0656
vn 0.2263 0.9720 -0.0635
vn 0.5477 0.8347 0.0571
vn 0.5470 0.8353 0.0561
vn 0.5518 0.8325 0.0497
vn 0.5540 0.8315 0.0425
vn 0.5469 0.8346 0.0669
vn 0.5476 0.8347 0.0580
vn -0.1845 0.9750 -0.1240
vn -0.1845 0.9750 -0.1241
vn -0.1783 0.9723 -0.1509
vn -0.1708 0.9692 -0.1775
vn -0.1709 0.9692 -0.1775
vn -0.1707 0.9692 -0.1775
vn -0.1623 0.9655 -0.2036
vn -0.1622 0.9655 -0.2036
vn 0.8090 0.5514 0.2036
vn 0.8176 0.5477 0.1776
vn 0.8176 0.5477 0.1775
vn 0.8176 0.5478 0.1775
vn 0.8250 0.5446 0.1509
vn 0.8312 0.5419 0.1241
vn 0.8312 0.5419 0.1240
vn 0.5555 0.8307 0.0361
vn 0.5551 0.8310 0.0363
vn 0.2203 0.9748 -0.0357
vn 0.2185 0.9750 -0.0395
vn 0.2132 0.9769 -0.0146
vn 0.2132 0.9768 -0.0216
vn 0.2108 0.9775 -0.0071
vn 0.2115 0.9774 -0.0066
vn 0.2138 0.9765 -0.0287
vn 0.2140 0.9764 -0.0280
vn 0.5583 0.8294 0.0195
vn 0.5576 0.8299 0.0191
vn 0.5550 0.8318 0.0118
vn 0.5551 0.8317 0.0069
vn 0.5550 0.8313 0.0316
vn 0.5562 0.8307 0.0231
vn -0.1970 0.9803 -0.0139
vn -0.1971 0.9803 -0.0139
vn -0.1958 0.9798 -0.0417
vn -0.1958 0.9797 -0.0417
vn -0.1957 0.9798 -0.0417
vn -0.1932 0.9787 -0.0692
vn -0.1895 0.9771 -0.0967
vn 0.8363 0.5396 0.0967
vn 0.8363 0.5397 0.0967
vn 0.8364 0.5395 0.0967
vn 0.8400 0.5382 0.0692
vn 0.8425 0.5371 0.0416
vn 0.8437 0.5367 0.0139
vn 0.8436 0.5367 0.0139
vn 0.5549 0.8319 -0.0000
vn 0.2161 0.9764 0.0037
vn 0.2153 0.9765 -0.0039
vn 0.2133 0.9767 0.0217
vn 0.2127 0.9770 0.0146
vn 0.2140 0.9764 0.0288
vn 0.2144 0.9763 0.0283
vn 0.2102 0.9776 0.0091
vn 0.2109 0.9774 0.0111
vn 0.5583 0.8294 -0.0195
vn 0.5576 0.8299 -0.0191
vn 0.5560 0.8309 -0.0230
vn 0.5547 0.8314 -0.0317
vn 0.5552 0.8317 -0.0069
vn 0.5550 0.8318 -0.0118
vn -0.1895 0.9771 0.0967
vn -0.1932 0.9787 0.0692
vn -0.1957 0.9798 0.0417
vn -0.1958 0.9798 0.0417
vn -0.1971 0.9803 0.0139
vn -0.1970 0.9803 0.0139
vn 0.8437 0.5366 -0.0139
vn 0.8425 0.5371 -0.0416
vn 0.8400 0.5382 -0.0693
vn 0.8400 0.5382 -0.0692
vn 0.8362 0.5399 -0.0967
vn 0.8362 0.5398 -0.0967
vn 0.5555 0.8307 -0.0360
vn 0.5551 0.8310 -0.0361
vn 0.2200 0.9747 0.0393
vn 0.2182 0.9754 0.0323
vn 0.2199 0.9738 0.0584
vn 0.2198 0.9742 0.0511
vn 0.2250 0.9721 0.0663
vn 0.2270 0.9719 0.0622
vn 0.2170 0.9752 0.0439
vn 0.2170 0.9751 0.0448
vn 0.5477 0.8348 -0.0568
vn 0.5470 0.8353 -0.0560
vn 0.5476 0.8347 -0.0580
vn 0.5471 0.8344 -0.0668
vn 0.5539 0.8315 -0.0425
vn 0.5516 0.8326 -0.0497
vn -0.1623 0.9655 0.2036
vn -0.1625 0.9655 0.2036
vn -0.1709 0.9692 0.1775
vn -0.1708 0.9692 0.1775
vn -0.1783 0.9723 0.1509
vn -0.1844 0.9750 0.1241
vn -0.1845 0.9750 0.1241
vn -0.1845 0.9750 0.1242
vn -0.1845 0.9750 0.1240
vn 0.8312 0.5419 -0.1241
vn 0.8312 0.5419 -0.1240
vn 0.8250 0.5446 -0.1508
vn 0.8250 0.5446 -0.1509
vn 0.8176 0.5478 -0.1776
vn 0.8176 0.5477 -0.1775
vn 0.8090 0.5514 -0.2036
vn 0.8091 0.5514 -0.2035
vn 0.5452 0.8352 -0.0719
vn 0.5446 0.8356 -0.0718
vn 0.2270 0.9711 0.0738
vn 0.2254 0.9717 0.0707
vn 0.2334 0.9682 0.0899
vn 0.2320 0.9689 0.0862
vn 0.2421 0.9654 0.0970
vn 0.2404 0.9657 0.0980
vn 0.2323 0.9697 0.0759
vn 0.2323 0.9695 0.0785
vn 0.5378 0.8384 -0.0887
vn 0.5374 0.8387 -0.0886
vn 0.5342 0.8400 -0.0943
vn 0.5325 0.8406 -0.0988
vn 0.5412 0.8374 -0.0760
vn 0.5367 0.8399 -0.0804
vn -0.1164 0.9460 0.3027
vn -0.1163 0.9460 0.3027
vn -0.1295 0.9516 0.2789
vn -0.1295 0.9516 0.2788
vn -0.1295 0.9515 0.2789
vn -0.1415 0.9567 0.2544
vn -0.1525 0.9613 0.2293
vn 0.7992 0.5557 -0.2292
vn 0.7992 0.5556 -0.2294
vn 0.7992 0.5556 -0.2293
vn 0.7883 0.5602 -0.2544
vn 0.7883 0.5603 -0.2545
vn 0.7762 0.5654 -0.2789
vn 0.7762 0.5655 -0.2788
vn 0.7762 0.5654 -0.2790
vn 0.7763 0.5654 -0.2789
vn 0.7631 0.5710 -0.3027
vn 0.5264 0.8442 -0.1009
vn 0.5264 0.8441 -0.1021
vn 0.2451 0.9639 0.1036
vn 0.2426 0.9649 0.1009
vn 0.2551 0.9593 0.1212
vn 0.2494 0.9616 0.1145
vn 0.2549 0.9587 0.1263
vn 0.2570 0.9581 0.1267
vn 0.2467 0.9624 0.1139
vn 0.2467 0.9625 0.1125
vn 0.5184 0.8466 -0.1207
vn 0.5181 0.8468 -0.1207
vn 0.5146 0.8485 -0.1238
vn 0.5124 0.8491 -0.1285
vn 0.5248 0.8445 -0.1067
vn 0.5212 0.8457 -0.1144
vn -0.0536 0.9192 0.3902
vn -0.0707 0.9265 0.3696
vn -0.0869 0.9334 0.3481
vn -0.1020 0.9399 0.3258
vn -0.1022 0.9399 0.3259
vn 0.7489 0.5771 -0.3258
vn 0.7489 0.5770 -0.3258
vn 0.7337 0.5835 -0.3481
vn 0.7337 0.5835 -0.3482
vn 0.7338 0.5834 -0.3481
vn 0.7175 0.5904 -0.3696
vn 0.7004 0.5977 -0.3902
vn 0.5055 0.8529 -0.1306
vn 0.5056 0.8527 -0.1310
vn 0.2658 0.9550 0.1317
vn 0.2635 0.9559 0.1294
vn 0.2770 0.9497 0.1461
vn 0.2746 0.9508 0.1435
vn 0.2857 0.9471 0.1461
vn 0.2860 0.9466 0.1486
vn 0.2736 0.9518 0.1388
vn 0.2725 0.9520 0.1393
vn 0.4951 0.8565 -0.1458
vn 0.4945 0.8570 -0.1451
vn 0.4912 0.8586 -0.1467
vn 0.4845 0.8617 -0.1508
vn 0.5013 0.8546 -0.1358
vn 0.4981 0.8561 -0.1379
vn 0.0237 0.8862 0.4627
vn 0.0237 0.8862 0.4626
vn 0.0239 0.8862 0.4627
vn 0.0031 0.8950 0.4461
vn -0.0166 0.9034 0.4285
vn -0.0166 0.9034 0.4284
vn -0.0165 0.9034 0.4285
vn -0.0355 0.9115 0.4098
vn 0.6822 0.6055 -0.4098
vn 0.6823 0.6055 -0.4097
vn 0.6823 0.6055 -0.4098
vn 0.6822 0.6055 -0.4099
vn 0.6634 0.6135 -0.4285
vn 0.6634 0.6134 -0.4285
vn 0.6436 0.6218 -0.4462
vn 0.6436 0.6219 -0.4461
vn 0.6231 0.6307 -0.4626
vn 0.6230 0.6307 -0.4626
vn 0.4792 0.8643 -0.1530
vn 0.4792 0.8643 -0.1531
vn 0.2931 0.9435 0.1544
vn 0.2890 0.9452 0.1520
vn 0.3082 0.9370 0.1643
vn 0.3031 0.9393 0.1608
vn 0.3136 0.9351 0.1650
vn 0.3129 0.9353 0.1651
vn 0.2986 0.9413 0.1572
vn 0.2987 0.9413 0.1573
vn 0.4654 0.8701 -0.1622
vn 0.4654 0.8700 -0.1624
vn 0.4608 0.8720 -0.1654
vn 0.4552 0.8745 -0.1676
vn 0.4745 0.8661 -0.1569
vn 0.4710 0.8677 -0.1593
vn 0.1124 0.8484 0.5173
vn 0.1124 0.8484 0.5172
vn 0.0893 0.8582 0.5055
vn 0.0893 0.8582 0.5054
vn 0.0669 0.8678 0.4924
vn 0.0668 0.8678 0.4924
vn 0.0670 0.8677 0.4925
vn 0.0448 0.8772 0.4779
vn 0.0447 0.8773 0.4778
vn 0.0448 0.8772 0.4780
vn 0.0449 0.8771 0.4782
vn 0.6018 0.6397 -0.4781
vn 0.6019 0.6397 -0.4781
vn 0.5799 0.6490 -0.4924
vn 0.5799 0.6491 -0.4923
vn 0.5800 0.6491 -0.4923
vn 0.5574 0.6587 -0.5054
vn 0.5574 0.6587 -0.5055
vn 0.5343 0.6685 -0.5173
vn 0.5344 0.6685 -0.5173
vn 0.5343 0.6685 -0.5172
vn 0.4501 0.8768 -0.1693
vn 0.4502 0.8767 -0.1696
vn 0.3234 0.9302 0.1739
vn 0.3163 0.9333 0.1700
vn 0.3389 0.9240 0.1773
vn 0.3335 0.9263 0.1754
vn 0.3451 0.9215 0.1781
vn 0.3469 0.9205 0.1796
vn 0.3287 0.9273 0.1792
vn 0.3263 0.9283 0.1786
vn 0.4347 0.8834 -0.1752
vn 0.4363 0.8826 -0.1749
vn 0.4284 0.8857 -0.1788
vn 0.4250 0.8871 -0.1799
vn 0.4463 0.8781 -0.1724
vn 0.4392 0.8809 -0.1762
vn 0.2093 0.8071 0.5521
vn 0.1845 0.8177 0.5453
vn 0.1847 0.8177 0.5453
vn 0.1601 0.8281 0.5373
vn 0.1361 0.8383 0.5279
vn 0.1361 0.8383 0.5280
vn 0.5106 0.6785 -0.5281
vn 0.5106 0.6784 -0.5283
vn 0.5107 0.6785 -0.5280
vn 0.4867 0.6888 -0.5373
vn 0.4866 0.6888 -0.5374
vn 0.4622 0.6993 -0.5453
vn 0.4374 0.7098 -0.5521
vn 0.4375 0.7098 -0.5521
vn 0.4374 0.7099 -0.5520
vn 0.4190 0.8898 -0.1809
vn 0.4191 0.8897 -0.1811
vn 0.3540 0.9175 0.1815
vn 0.3504 0.9189 0.1810
vn 0.3715 0.9094 0.1871
vn 0.3652 0.9120 0.1870
vn 0.3775 0.9067 0.1881
vn 0.3773 0.9069 0.1878
vn 0.3586 0.9146 0.1870
vn 0.3600 0.9142 0.1862
vn 0.4014 0.8976 -0.1823
vn 0.4017 0.8973 -0.1832
vn 0.3965 0.8988 -0.1869
vn 0.3927 0.9002 -0.1883
vn 0.4138 0.8922 -0.1812
vn 0.4069 0.8947 -0.1845
vn 0.3106 0.7639 0.5657
vn 0.2851 0.7748 0.5643
vn 0.2595 0.7856 0.5617
vn 0.2597 0.7856 0.5616
vn 0.2344 0.7964 0.5575
vn 0.4122 0.7206 -0.5576
vn 0.4120 0.7207 -0.5576
vn 0.4124 0.7205 -0.5575
vn 0.3872 0.7312 -0.5616
vn 0.3871 0.7313 -0.5616
vn 0.3872 0.7312 -0.5617
vn 0.3617 0.7421 -0.5643
vn 0.3361 0.7530 -0.5657
vn 0.3362 0.7530 -0.5657
vn 0.3360 0.7531 -0.5657
vn 0.3822 0.9053 -0.1853
vn 0.3842 0.9047 -0.1838
vn 0.3884 0.9031 0.1829
vn 0.3814 0.9054 0.1864
vn 0.4045 0.8959 0.1836
vn 0.4002 0.8979 0.1834
vn 0.4098 0.8939 0.1816
vn 0.4096 0.8939 0.1821
vn 0.3921 0.9014 0.1835
vn 0.3915 0.9016 0.1841
vn 0.3706 0.9106 -0.1830
vn 0.3704 0.9106 -0.1834
vn 0.3622 0.9141 -0.1823
vn 0.3578 0.9158 -0.1823
vn 0.3773 0.9067 -0.1886
vn 0.3739 0.9085 -0.1866
vn 0.4123 0.7205 0.5575
vn 0.4123 0.7206 0.5575
vn 0.3872 0.7312 0.5616
vn 0.3871 0.7312 0.5616
vn 0.3616 0.7421 0.5643
vn 0.3615 0.7423 0.5642
vn 0.3362 0.7530 0.5657
vn 0.2596 0.7856 -0.5616
vn 0.3493 0.9186 -0.1849
vn 0.3509 0.9180 -0.1849
vn 0.4225 0.8878 0.1826
vn 0.4147 0.8911 0.1845
vn 0.4369 0.8815 0.1790
vn 0.4335 0.8830 0.1802
vn 0.4444 0.8781 0.1777
vn 0.4445 0.8782 0.1766
vn 0.4302 0.8844 0.1810
vn 0.4286 0.8858 0.1781
vn 0.3351 0.9246 -0.1812
vn 0.3345 0.9249 -0.1807
vn 0.3283 0.9277 -0.1777
vn 0.3248 0.9294 -0.1755
vn 0.3467 0.9204 -0.1808
vn 0.3447 0.9216 -0.1787
vn 0.5107 0.6786 0.5280
vn 0.4866 0.6889 0.5373
vn 0.4622 0.6992 0.5454
vn 0.4374 0.7098 0.5522
vn 0.4373 0.7097 0.5523
vn 0.1361 0.8383 -0.5280
vn 0.3184 0.9317 -0.1746
vn 0.3211 0.9306 -0.1758
vn 0.4516 0.8759 0.1699
vn 0.4486 0.8771 0.1720
vn 0.4679 0.8683 0.1648
vn 0.4648 0.8697 0.1661
vn 0.4732 0.8657 0.1633
vn 0.4768 0.8642 0.1606
vn 0.4601 0.8715 0.1700
vn 0.4598 0.8717 0.1693
vn 0.3037 0.9382 -0.1658
vn 0.3041 0.9381 -0.1656
vn 0.3014 0.9402 -0.1590
vn 0.2956 0.9423 -0.1573
vn 0.3132 0.9343 -0.1702
vn 0.3101 0.9356 -0.1686
vn 0.5799 0.6491 0.4924
vn 0.5574 0.6588 0.5052
vn 0.5574 0.6586 0.5055
vn 0.1124 0.8483 -0.5174
vn 0.0899 0.8584 -0.5050
vn 0.0893 0.8582 -0.5055
vn 0.0668 0.8678 -0.4924
vn 0.0668 0.8678 -0.4925
vn 0.0449 0.8772 -0.4780
vn 0.0448 0.8772 -0.4781
vn 0.2924 0.9439 -0.1532
vn 0.2918 0.9441 -0.1537
vn 0.4831 0.8624 0.1513
vn 0.4773 0.8649 0.1555
vn 0.4951 0.8572 0.1413
vn 0.4912 0.8591 0.1437
vn 0.4995 0.8556 0.1358
vn 0.4995 0.8556 0.1355
vn 0.4887 0.8592 0.1515
vn 0.4881 0.8596 0.1508
vn 0.2778 0.9503 -0.1404
vn 0.2786 0.9498 -0.1420
vn 0.2732 0.9517 -0.1399
vn 0.2710 0.9532 -0.1344
vn 0.2833 0.9470 -0.1518
vn 0.2809 0.9481 -0.1490
vn 0.6823 0.6054 0.4098
vn 0.6823 0.6055 0.4098
vn 0.0237 0.8863 -0.4626
vn 0.2658 0.9551 -0.1306
vn 0.2655 0.9552 -0.1307
vn 0.5068 0.8524 0.1288
vn 0.5041 0.8535 0.1324
vn 0.5198 0.8461 0.1180
vn 0.5172 0.8473 0.1206
vn 0.5217 0.8462 0.1085
vn 0.5222 0.8458 0.1091
vn 0.5122 0.8491 0.1290
vn 0.5153 0.8482 0.1229
vn 0.2570 0.9593 -0.1172
vn 0.2505 0.9606 -0.1205
vn 0.2505 0.9618 -0.1108
vn 0.2473 0.9629 -0.1079
vn 0.2612 0.9571 -0.1256
vn 0.2577 0.9585 -0.1217
vn 0.7002 0.5978 0.3903
vn 0.7004 0.5978 0.3900
vn -0.0536 0.9192 -0.3900
vn -0.0536 0.9192 -0.3901
vn -0.0537 0.9193 -0.3900
vn -0.0706 0.9264 -0.3697
vn -0.0707 0.9264 -0.3698
vn -0.0704 0.9264 -0.3699
vn -0.1020 0.9399 -0.3258
vn -0.1021 0.9399 -0.3258
vn 0.2458 0.9640 -0.1014
vn 0.2468 0.9637 -0.1017
vn 0.5270 0.8439 0.1005
vn 0.5257 0.8442 0.1049
vn 0.5380 0.8387 0.0847
vn 0.5388 0.8378 0.0880
vn 0.5432 0.8357 0.0809
vn 0.5425 0.8362 0.0802
vn 0.5345 0.8396 0.0970
vn 0.5338 0.8401 0.0965
vn 0.2355 0.9682 -0.0843
vn 0.2355 0.9681 -0.0854
vn 0.2303 0.9696 -0.0823
vn 0.2283 0.9704 -0.0789
vn 0.2411 0.9656 -0.0978
vn 0.2398 0.9664 -0.0928
vn 0.7992 0.5557 0.2293
vn 0.7884 0.5601 0.2544
vn 0.7763 0.5653 0.2789
vn 0.7632 0.5709 0.3028
vn 0.7631 0.5709 0.3027
vn 0.7632 0.5708 0.3027
vn 0.7632 0.5709 0.3027
vn -0.1163 0.9460 -0.3027
vn -0.1414 0.9567 -0.2545
vn -0.1525 0.9613 -0.2294
vn 0.2289 0.9710 -0.0688
vn 0.2284 0.9711 -0.0696
vn 0.5425 0.8372 0.0692
vn 0.5415 0.8375 0.0735
vn 0.5487 0.8344 0.0517
vn 0.5476 0.8349 0.0554
vn 0.5498 0.8341 0.0443
vn 0.5451 0.8360 0.0621
vn 0.5452 0.8360 0.0622
vn 0.2244 0.9729 -0.0550
vn 0.2236 0.9730 -0.0567
vn 0.2213 0.9741 -0.0470
vn 0.2203 0.9745 -0.0428
vn 0.2270 0.9718 -0.0643
vn 0.2243 0.9727 -0.0592
vn 0.8312 0.5420 0.1240
vn 0.8249 0.5447 0.1509
vn 0.8090 0.5515 0.2036
vn 0.2210 0.9747 -0.0345
vn 0.2201 0.9747 -0.0388
vn 0.5524 0.8329 0.0332
vn 0.5514 0.8334 0.0384
vn 0.5577 0.8299 0.0163
vn 0.5570 0.8302 0.0212
vn 0.5586 0.8294 0.0090
vn 0.5586 0.8294 0.0088
vn 0.5547 0.8316 0.0273
vn 0.5555 0.8312 0.0235
vn 0.2133 0.9768 -0.0207
vn 0.2137 0.9767 -0.0208
vn 0.2154 0.9764 -0.0130
vn 0.2162 0.9763 -0.0055
vn 0.2144 0.9763 -0.0298
vn 0.2140 0.9765 -0.0252
vn 0.8437 0.5366 0.0139
vn 0.8437 0.5366 0.0138
vn 0.8400 0.5382 0.0693
vn 0.8400 0.5381 0.0692
vn 0.8399 0.5382 0.0692
vn 0.8399 0.5384 0.0694
vn 0.8362 0.5399 0.0966
vn 0.8362 0.5398 0.0968
vn 0.8361 0.5400 0.0964
vn -0.1894 0.9771 -0.0967
vn -0.1892 0.9772 -0.0968
vn -0.1953 0.9799 -0.0418
vn 0.2175 0.9761 -0.0000
vn 0.2174 0.9761 -0.0000
vn 0.5582 0.8297 -0.0028
vn 0.5582 0.8297 0.0029
vn 0.5573 0.8301 -0.0209
vn 0.5574 0.8301 -0.0158
vn 0.5540 0.8319 -0.0312
vn 0.5539 0.8320 -0.0306
vn 0.5586 0.8294 -0.0090
vn 0.5586 0.8294 -0.0091
vn 0.2132 0.9768 0.0207
vn 0.2137 0.9767 0.0208
vn 0.2141 0.9765 0.0252
vn 0.2145 0.9763 0.0297
vn 0.2160 0.9764 0.0054
vn 0.2153 0.9765 0.0131
vn 0.8362 0.5399 -0.0966
vn 0.8361 0.5400 -0.0965
vn 0.8362 0.5398 -0.0966
vn 0.8425 0.5371 -0.0415
vn 0.8437 0.5367 -0.0140
vn 0.8436 0.5367 -0.0140
vn 0.8437 0.5366 -0.0140
vn -0.1957 0.9798 0.0416
vn -0.1894 0.9771 0.0967
vn 0.2212 0.9746 0.0349
vn 0.2200 0.9747 0.0389
vn 0.5512 0.8335 -0.0379
vn 0.5524 0.8329 -0.0331
vn 0.5476 0.8349 -0.0555
vn 0.5486 0.8345 -0.0517
vn 0.5452 0.8360 -0.0621
vn 0.5453 0.8359 -0.0620
vn 0.5499 0.8341 -0.0442
vn 0.5499 0.8340 -0.0440
vn 0.2245 0.9729 0.0548
vn 0.2237 0.9730 0.0567
vn 0.2243 0.9727 0.0591
vn 0.2270 0.9718 0.0643
vn 0.2204 0.9745 0.0428
vn 0.2213 0.9741 0.0470
vn 0.8090 0.5515 -0.2036
vn 0.8176 0.5478 -0.1775
vn 0.8312 0.5420 -0.1240
vn -0.1709 0.9692 0.1774
vn -0.1622 0.9655 0.2036
vn 0.2291 0.9710 0.0689
vn 0.2285 0.9710 0.0697
vn 0.5415 0.8375 -0.0735
vn 0.5429 0.8370 -0.0686
vn 0.5363 0.8390 -0.0926
vn 0.5383 0.8385 -0.0842
vn 0.5343 0.8396 -0.0974
vn 0.5335 0.8402 -0.0970
vn 0.5424 0.8361 -0.0823
vn 0.5420 0.8364 -0.0815
vn 0.2360 0.9680 0.0849
vn 0.2356 0.9681 0.0858
vn 0.2396 0.9664 0.0928
vn 0.2412 0.9655 0.0977
vn 0.2283 0.9704 0.0789
vn 0.2303 0.9696 0.0823
vn 0.7763 0.5653 -0.2789
vn 0.7883 0.5603 -0.2544
vn -0.1164 0.9460 0.3026
vn 0.2458 0.9640 0.1015
vn 0.2468 0.9637 0.1020
vn 0.5257 0.8443 -0.1041
vn 0.5276 0.8435 -0.1004
vn 0.5179 0.8469 -0.1202
vn 0.5199 0.8461 -0.1171
vn 0.5119 0.8494 -0.1282
vn 0.5115 0.8498 -0.1275
vn 0.5208 0.8466 -0.1096
vn 0.5212 0.8463 -0.1104
vn 0.2559 0.9598 0.1153
vn 0.2501 0.9608 0.1199
vn 0.2581 0.9584 0.1220
vn 0.2610 0.9571 0.1256
vn 0.2473 0.9629 0.1079
vn 0.2506 0.9617 0.1109
vn 0.7004 0.5978 -0.3901
vn 0.7004 0.5977 -0.3901
vn -0.1022 0.9399 0.3258
vn -0.0865 0.9334 0.3483
vn -0.0708 0.9265 0.3696
vn -0.0536 0.9192 0.3901
vn 0.2658 0.9551 0.1307
vn 0.2655 0.9552 0.1307
vn 0.5042 0.8535 -0.1317
vn 0.5072 0.8522 -0.1287
vn 0.4911 0.8590 -0.1446
vn 0.4941 0.8578 -0.1415
vn 0.4889 0.8591 -0.1515
vn 0.4883 0.8596 -0.1507
vn 0.4995 0.8556 -0.1359
vn 0.4994 0.8557 -0.1355
vn 0.2778 0.9503 0.1404
vn 0.2786 0.9498 0.1420
vn 0.2809 0.9481 0.1490
vn 0.2833 0.9470 0.1518
vn 0.2710 0.9532 0.1344
vn 0.2732 0.9517 0.1399
vn 0.6633 0.6135 -0.4285
vn 0.6823 0.6054 -0.4098
vn 0.6822 0.6056 -0.4098
vn -0.0356 0.9115 0.4097
vn -0.0355 0.9115 0.4097
vn -0.0356 0.9115 0.4098
vn -0.0166 0.9034 0.4286
vn 0.0031 0.8950 0.4460
vn 0.0237 0.8863 0.4626
vn 0.2923 0.9440 0.1531
vn 0.2918 0.9441 0.1537
vn 0.4786 0.8646 -0.1530
vn 0.4831 0.8622 -0.1524
vn 0.4651 0.8695 -0.1662
vn 0.4681 0.8682 -0.1646
vn 0.4593 0.8717 -0.1707
vn 0.4586 0.8722 -0.1702
vn 0.4721 0.8664 -0.1627
vn 0.4713 0.8671 -0.1616
vn 0.3037 0.9382 0.1659
vn 0.3041 0.9381 0.1656
vn 0.3100 0.9356 0.1687
vn 0.3133 0.9342 0.1704
vn 0.2958 0.9422 0.1574
vn 0.3003 0.9406 0.1585
vn 0.5797 0.6492 -0.4923
vn 0.5798 0.6492 -0.4923
vn 0.0449 0.8772 0.4780
vn 0.0668 0.8678 0.4925
vn 0.0668 0.8677 0.4925
vn 0.1123 0.8485 0.5172
vn 0.3184 0.9316 0.1754
vn 0.3220 0.9315 0.1692
vn 0.4492 0.8769 -0.1710
vn 0.4526 0.8753 -0.1700
vn 0.4341 0.8827 -0.1802
vn 0.4372 0.8815 -0.1785
vn 0.4287 0.8859 -0.1772
vn 0.4266 0.8867 -0.1782
vn 0.4430 0.8787 -0.1781
vn 0.4425 0.8791 -0.1774
vn 0.3349 0.9247 0.1810
vn 0.3344 0.9249 0.1807
vn 0.3456 0.9209 0.1804
vn 0.3468 0.9203 0.1813
vn 0.3247 0.9294 0.1755
vn 0.3285 0.9276 0.1777
vn 0.4373 0.7099 -0.5521
vn 0.4375 0.7098 -0.5520
vn 0.4866 0.6888 -0.5373
vn 0.5107 0.6786 -0.5280
vn 0.5107 0.6786 -0.5279
vn 0.1361 0.8384 0.5278
vn 0.3501 0.9182 0.1856
vn 0.3512 0.9178 0.1850
vn 0.4153 0.8909 -0.1837
vn 0.4218 0.8875 -0.1855
vn 0.4000 0.8979 -0.1835
vn 0.4043 0.8961 -0.1833
vn 0.3929 0.9012 -0.1831
vn 0.3926 0.9014 -0.1828
vn 0.4102 0.8938 -0.1815
vn 0.4106 0.8935 -0.1817
vn 0.3696 0.9110 0.1829
vn 0.3695 0.9110 0.1834
vn 0.3737 0.9087 0.1861
vn 0.3745 0.9080 0.1876
vn 0.3578 0.9158 0.1823
vn 0.3621 0.9141 0.1824
vn 0.4125 0.7205 -0.5575
vn 0.2344 0.7963 0.5576
vn 0.2344 0.7962 0.5578
vn 0.2596 0.7857 0.5615
vn 0.2597 0.7857 0.5615
vn 0.2596 0.7858 0.5614
vn 0.3106 0.7638 0.5657
vn 0.3106 0.7639 0.5656
vn -0.9362 0.2326 0.2637
vn -0.9361 0.2326 0.2637
vn -0.9362 0.2326 0.2636
vn -0.9233 0.2271 0.3099
vn -0.9232 0.2271 0.3099
vn -0.9233 0.2271 0.3098
vn -0.8160 0.5145 0.2636
vn -0.8030 0.5090 0.3099
vn -0.8030 0.5090 0.3100
vn -0.8030 0.5090 0.3098
vn -0.9746 -0.1166 0.1911
vn -0.9746 -0.1167 0.1911
vn -0.9651 -0.1207 0.2326
vn -0.9536 -0.1255 0.2735
vn -0.9404 -0.1312 0.3138
vn -0.9082 0.2207 0.3556
vn -0.7883 0.5021 0.3556
vn -0.7880 0.5026 0.3556
vn -0.7880 0.5027 0.3554
vn -0.7880 0.5025 0.3556
vn -0.5564 0.7694 0.3138
vn -0.5697 0.7750 0.2735
vn -0.5811 0.7799 0.2326
vn -0.5906 0.7840 0.1911
vn -0.8268 0.5191 0.2166
vn -0.9470 0.2372 0.2166
vn 0.0068 -0.1695 -0.9855
vn 0.0511 -0.1884 -0.9808
vn 0.0512 -0.1883 -0.9808
vn 0.1270 0.1124 -0.9855
vn 0.1271 0.1124 -0.9855
vn 0.1712 0.0934 -0.9808
vn 0.1714 0.0936 -0.9807
vn 0.1713 0.0935 -0.9808
vn -0.1723 -0.4587 -0.8717
vn -0.1330 -0.4755 -0.8696
vn -0.1330 -0.4756 -0.8696
vn -0.0938 -0.4921 -0.8655
vn -0.0938 -0.4921 -0.8654
vn -0.0549 -0.5088 -0.8592
vn -0.0550 -0.5089 -0.8591
vn -0.0549 -0.5088 -0.8591
vn -0.0549 -0.5087 -0.8592
vn 0.0953 -0.2072 -0.9736
vn 0.0953 -0.2072 -0.9737
vn 0.2155 0.0747 -0.9736
vn 0.3291 0.3918 -0.8592
vn 0.3292 0.3918 -0.8592
vn 0.2902 0.4084 -0.8654
vn 0.2510 0.4251 -0.8697
vn 0.2510 0.4251 -0.8696
vn 0.2118 0.4420 -0.8717
vn 0.2117 0.4419 -0.8717
vn 0.2119 0.4420 -0.8716
vn 0.2122 0.4421 -0.8715
vn 0.0824 0.1314 -0.9879
vn -0.0377 -0.1505 -0.9879
vn -0.0376 -0.1505 -0.9879
vn -0.8720 0.2054 -0.4444
vn -0.8720 0.2054 -0.4443
vn -0.8720 0.2053 -0.4443
vn -0.8510 0.1963 -0.4871
vn -0.7518 0.4871 -0.4444
vn -0.7518 0.4872 -0.4444
vn -0.7308 0.4782 -0.4871
vn -0.9253 -0.1376 -0.3535
vn -0.9253 -0.1376 -0.3534
vn -0.9085 -0.1448 -0.3921
vn -0.8899 -0.1527 -0.4298
vn -0.8697 -0.1614 -0.4665
vn -0.8697 -0.1613 -0.4665
vn -0.8281 0.1865 -0.5286
vn -0.8281 0.1866 -0.5286
vn -0.7079 0.4683 -0.5287
vn -0.7079 0.4682 -0.5288
vn -0.7079 0.4684 -0.5287
vn -0.7079 0.4684 -0.5286
vn -0.4856 0.7392 -0.4667
vn -0.4857 0.7392 -0.4665
vn -0.4856 0.7393 -0.4665
vn -0.5059 0.7479 -0.4298
vn -0.5245 0.7557 -0.3921
vn -0.5245 0.7558 -0.3921
vn -0.5413 0.7630 -0.3534
vn -0.7709 0.4953 -0.4005
vn -0.7709 0.4953 -0.4004
vn -0.8911 0.2134 -0.4005
vn -0.8911 0.2135 -0.4005
vn -0.8718 0.2052 0.4448
vn -0.8720 0.2053 0.4443
vn -0.8721 0.2052 0.4443
vn -0.8510 0.1963 0.4870
vn -0.8511 0.1963 0.4870
vn -0.7519 0.4872 0.4443
vn -0.7519 0.4871 0.4443
vn -0.7518 0.4872 0.4443
vn -0.7308 0.4782 0.4871
vn -0.9253 -0.1377 0.3534
vn -0.9084 -0.1448 0.3921
vn -0.9085 -0.1448 0.3921
vn -0.9085 -0.1447 0.3921
vn -0.8899 -0.1527 0.4298
vn -0.8899 -0.1526 0.4298
vn -0.8899 -0.1525 0.4298
vn -0.8697 -0.1613 0.4665
vn -0.8281 0.1865 0.5286
vn -0.7079 0.4684 0.5286
vn -0.4857 0.7392 0.4665
vn -0.4857 0.7392 0.4666
vn -0.5059 0.7479 0.4298
vn -0.5245 0.7558 0.3921
vn -0.5413 0.7629 0.3534
vn -0.5414 0.7629 0.3534
vn -0.7709 0.4953 0.4005
vn -0.8911 0.2134 0.4005
vn -0.8911 0.2133 0.4005
vn 0.0068 -0.1695 0.9855
vn 0.0512 -0.1884 0.9808
vn 0.0511 -0.1884 0.9808
vn 0.1270 0.1124 0.9855
vn 0.1713 0.0935 0.9808
vn 0.1713 0.0934 0.9808
vn -0.1723 -0.4587 0.8717
vn -0.1330 -0.4755 0.8696
vn -0.0938 -0.4923 0.8654
vn -0.0938 -0.4921 0.8655
vn -0.0938 -0.4921 0.8654
vn -0.0549 -0.5088 0.8591
vn 0.0953 -0.2072 0.9736
vn 0.2155 0.0747 0.9737
vn 0.2155 0.0747 0.9736
vn 0.2156 0.0748 0.9736
vn 0.3290 0.3919 0.8592
vn 0.3291 0.3919 0.8591
vn 0.3290 0.3918 0.8592
vn 0.3290 0.3920 0.8591
vn 0.2902 0.4085 0.8654
vn 0.2901 0.4084 0.8655
vn 0.2902 0.4084 0.8655
vn 0.2901 0.4085 0.8654
vn 0.2510 0.4251 0.8696
vn 0.2117 0.4419 0.8717
vn 0.0824 0.1314 0.9879
vn 0.0823 0.1314 0.9879
vn -0.0377 -0.1506 0.9879
vn -0.0376 -0.1505 0.9879
vn -0.0377 -0.1505 0.9879
vn -0.9362 0.2326 -0.2637
vn -0.9362 0.2326 -0.2636
vn -0.9361 0.2326 -0.2637
vn -0.9232 0.2271 -0.3100
vn -0.9232 0.2271 -0.3099
vn -0.8160 0.5145 -0.2636
vn -0.8030 0.5090 -0.3100
vn -0.9746 -0.1166 -0.1911
vn -0.9746 -0.1166 -0.1912
vn -0.9651 -0.1207 -0.2326
vn -0.9536 -0.1256 -0.2735
vn -0.9404 -0.1312 -0.3138
vn -0.9082 0.2207 -0.3556
vn -0.7880 0.5026 -0.3556
vn -0.5564 0.7694 -0.3138
vn -0.5697 0.7750 -0.2735
vn -0.5814 0.7798 -0.2323
vn -0.5815 0.7796 -0.2325
vn -0.5813 0.7799 -0.2322
vn -0.5811 0.7799 -0.2325
vn -0.5906 0.7840 -0.1911
vn -0.5906 0.7839 -0.1915
vn -0.8268 0.5191 -0.2166
vn -0.8268 0.5191 -0.2165
vn -0.9470 0.2372 -0.2166
vn -0.9470 0.2372 -0.2165
vn -0.7767 0.1645 0.6080
vn -0.7767 0.1646 0.6080
vn -0.7484 0.1527 0.6454
vn -0.7484 0.1526 0.6454
vn -0.6565 0.4465 0.6080
vn -0.6565 0.4464 0.6080
vn -0.6565 0.4465 0.6079
vn -0.6282 0.4344 0.6454
vn -0.6282 0.4344 0.6455
vn -0.8477 -0.1708 0.5022
vn -0.8478 -0.1707 0.5021
vn -0.8243 -0.1807 0.5365
vn -0.7994 -0.1913 0.5695
vn -0.7729 -0.2026 0.6013
vn -0.7184 0.1398 0.6814
vn -0.7184 0.1398 0.6815
vn -0.7185 0.1398 0.6814
vn -0.5983 0.4217 0.6814
vn -0.5982 0.4217 0.6814
vn -0.3890 0.6979 0.6013
vn -0.3890 0.6980 0.6013
vn -0.4155 0.7093 0.5695
vn -0.4154 0.7093 0.5695
vn -0.4153 0.7094 0.5695
vn -0.4403 0.7199 0.5365
vn -0.4403 0.7199 0.5366
vn -0.4639 0.7299 0.5021
vn -0.4640 0.7298 0.5021
vn -0.4638 0.7299 0.5021
vn -0.6829 0.4580 0.5690
vn -0.6830 0.4580 0.5690
vn -0.8033 0.1759 0.5690
vn 0.1823 -0.2443 0.9524
vn 0.1824 -0.2443 0.9524
vn 0.2250 -0.2624 0.9383
vn 0.2250 -0.2625 0.9383
vn 0.3026 0.0375 0.9524
vn 0.3453 0.0194 0.9383
vn 0.3454 0.0194 0.9383
vn 0.3452 0.0193 0.9383
vn 0.3452 0.0194 0.9383
vn -0.0162 -0.5252 0.8508
vn 0.0220 -0.5415 0.8404
vn 0.0598 -0.5578 0.8278
vn 0.0597 -0.5577 0.8279
vn 0.0966 -0.5733 0.8136
vn 0.0966 -0.5733 0.8137
vn 0.0967 -0.5733 0.8136
vn 0.2670 -0.2804 0.9220
vn 0.3872 0.0015 0.9220
vn 0.4806 0.3272 0.8136
vn 0.4807 0.3272 0.8136
vn 0.4436 0.3429 0.8280
vn 0.4436 0.3430 0.8280
vn 0.4060 0.3591 0.8404
vn 0.3678 0.3754 0.8508
vn 0.2593 0.0560 0.9642
vn 0.1391 -0.2259 0.9642
vn -0.9666 0.2456 -0.0727
vn -0.9623 0.2437 -0.1209
vn -0.9623 0.2436 -0.1209
vn -0.8464 0.5275 -0.0727
vn -0.8465 0.5275 -0.0727
vn -0.8421 0.5256 -0.1209
vn -0.9939 -0.1084 -0.0214
vn -0.9939 -0.1084 -0.0213
vn -0.9919 -0.1093 -0.0641
vn -0.9919 -0.1092 -0.0642
vn -0.9881 -0.1108 -0.1067
vn -0.9881 -0.1109 -0.1067
vn -0.9823 -0.1132 -0.1491
vn -0.9823 -0.1129 -0.1494
vn -0.9823 -0.1133 -0.1490
vn -0.9557 0.2409 -0.1689
vn -0.8357 0.5227 -0.1686
vn -0.8356 0.5228 -0.1689
vn -0.5983 0.7873 -0.1490
vn -0.5983 0.7873 -0.1489
vn -0.6041 0.7897 -0.1068
vn -0.6041 0.7897 -0.1067
vn -0.6080 0.7914 -0.0642
vn -0.6080 0.7913 -0.0642
vn -0.6098 0.7922 -0.0214
vn -0.6099 0.7922 -0.0214
vn -0.8486 0.5284 -0.0243
vn -0.8486 0.5285 -0.0243
vn -0.9688 0.2465 -0.0243
vn -0.9688 0.2465 -0.0244
vn -0.6538 0.1122 0.7483
vn -0.6194 0.0975 0.7790
vn -0.5336 0.3941 0.7483
vn -0.4992 0.3794 0.7790
vn -0.7452 -0.2145 0.6314
vn -0.7453 -0.2145 0.6312
vn -0.7451 -0.2145 0.6315
vn -0.7159 -0.2269 0.6603
vn -0.7159 -0.2270 0.6602
vn -0.7157 -0.2267 0.6605
vn -0.6855 -0.2399 0.6874
vn -0.6855 -0.2398 0.6874
vn -0.6854 -0.2400 0.6875
vn -0.6540 -0.2533 0.7128
vn -0.6539 -0.2534 0.7129
vn -0.5835 0.0822 0.8079
vn -0.5836 0.0821 0.8079
vn -0.4634 0.3642 0.8078
vn -0.4634 0.3642 0.8079
vn -0.4634 0.3641 0.8079
vn -0.4633 0.3641 0.8079
vn -0.2699 0.6472 0.7129
vn -0.2699 0.6473 0.7129
vn -0.3015 0.6607 0.6874
vn -0.3319 0.6737 0.6603
vn -0.3319 0.6737 0.6602
vn -0.3611 0.6861 0.6316
vn -0.5667 0.4082 0.7157
vn -0.6869 0.1263 0.7157
vn 0.3486 -0.3152 0.8827
vn 0.3879 -0.3320 0.8598
vn 0.4688 -0.0333 0.8827
vn 0.5080 -0.0502 0.8599
vn 0.5081 -0.0501 0.8598
vn 0.1331 -0.5889 0.7972
vn 0.1331 -0.5889 0.7971
vn 0.1687 -0.6041 0.7789
vn 0.2034 -0.6189 0.7587
vn 0.2035 -0.6189 0.7587
vn 0.2370 -0.6333 0.7368
vn 0.2371 -0.6333 0.7367
vn 0.4262 -0.3483 0.8349
vn 0.5464 -0.0664 0.8349
vn 0.6211 0.2674 0.7367
vn 0.6211 0.2673 0.7367
vn 0.6211 0.2673 0.7368
vn 0.5873 0.2817 0.7587
vn 0.5527 0.2965 0.7789
vn 0.5527 0.2965 0.7788
vn 0.5171 0.3117 0.7972
vn 0.4285 -0.0160 0.9034
vn 0.4285 -0.0161 0.9034
vn 0.3083 -0.2980 0.9034
vn 0.3083 -0.2981 0.9034
vn -0.9623 0.2436 0.1209
vn -0.9623 0.2437 0.1209
vn -0.9666 0.2456 0.0727
vn -0.8421 0.5256 0.1209
vn -0.8465 0.5275 0.0727
vn -0.8464 0.5275 0.0727
vn -0.9823 -0.1133 0.1490
vn -0.9823 -0.1132 0.1490
vn -0.9881 -0.1109 0.1067
vn -0.9919 -0.1093 0.0642
vn -0.9919 -0.1092 0.0642
vn -0.9939 -0.1084 0.0214
vn -0.9688 0.2465 0.0243
vn -0.8486 0.5284 0.0243
vn -0.6099 0.7922 0.0214
vn -0.6080 0.7914 0.0642
vn -0.6080 0.7913 0.0642
vn -0.6041 0.7897 0.1067
vn -0.5983 0.7873 0.1490
vn -0.8356 0.5227 0.1689
vn -0.8355 0.5229 0.1689
vn -0.8356 0.5227 0.1690
vn -0.8355 0.5228 0.1690
vn -0.9557 0.2409 0.1689
vn -0.5081 0.0501 0.8598
vn -0.5082 0.0501 0.8598
vn -0.5080 0.0501 0.8599
vn -0.5081 0.0501 0.8599
vn -0.4688 0.0333 0.8827
vn -0.3880 0.3320 0.8598
vn -0.3879 0.3320 0.8598
vn -0.3881 0.3319 0.8598
vn -0.3486 0.3152 0.8827
vn -0.6212 -0.2672 0.7367
vn -0.6211 -0.2673 0.7367
vn -0.5873 -0.2817 0.7587
vn -0.5527 -0.2965 0.7789
vn -0.5527 -0.2965 0.7788
vn -0.5171 -0.3117 0.7971
vn -0.5171 -0.3117 0.7972
vn -0.4285 0.0161 0.9034
vn -0.3083 0.2980 0.9034
vn -0.3084 0.2980 0.9034
vn -0.1331 0.5889 0.7972
vn -0.1332 0.5889 0.7972
vn -0.1331 0.5889 0.7971
vn -0.1687 0.6041 0.7789
vn -0.2034 0.6189 0.7587
vn -0.2371 0.6333 0.7367
vn -0.2370 0.6333 0.7367
vn -0.2366 0.6334 0.7368
vn -0.4262 0.3483 0.8349
vn -0.5464 0.0665 0.8349
vn -0.5464 0.0664 0.8349
vn -0.5465 0.0664 0.8348
vn 0.4992 -0.3794 0.7790
vn 0.5336 -0.3941 0.7483
vn 0.6194 -0.0975 0.7790
vn 0.6538 -0.1122 0.7483
vn 0.2699 -0.6472 0.7129
vn 0.2699 -0.6472 0.7130
vn 0.3016 -0.6607 0.6874
vn 0.3015 -0.6607 0.6874
vn 0.3318 -0.6741 0.6600
vn 0.3319 -0.6737 0.6603
vn 0.3611 -0.6861 0.6316
vn 0.5667 -0.4081 0.7157
vn 0.5667 -0.4082 0.7157
vn 0.6869 -0.1263 0.7157
vn 0.7451 0.2145 0.6316
vn 0.7451 0.2145 0.6315
vn 0.7160 0.2269 0.6602
vn 0.7159 0.2269 0.6603
vn 0.6855 0.2399 0.6874
vn 0.6855 0.2400 0.6874
vn 0.6540 0.2534 0.7128
vn 0.6542 0.2538 0.7125
vn 0.6539 0.2534 0.7129
vn 0.5834 -0.0822 0.8080
vn 0.5833 -0.0823 0.8081
vn 0.5834 -0.0823 0.8080
vn 0.5835 -0.0823 0.8079
vn 0.4634 -0.3641 0.8079
vn 0.4634 -0.3640 0.8079
vn -0.9233 0.2270 0.3099
vn -0.8162 0.5142 0.2635
vn -0.9746 -0.1166 0.1912
vn -0.9470 0.2372 0.2167
vn -0.5812 0.7799 0.2323
vn -0.5810 0.7800 0.2324
vn -0.5811 0.7800 0.2325
vn -0.5812 0.7798 0.2324
vn -0.5699 0.7749 0.2733
vn -0.3453 -0.0194 0.9383
vn -0.3452 -0.0195 0.9383
vn -0.3454 -0.0194 0.9383
vn -0.3026 -0.0376 0.9524
vn -0.3026 -0.0375 0.9524
vn -0.2250 0.2624 0.9383
vn -0.2250 0.2625 0.9383
vn -0.1824 0.2443 0.9524
vn -0.4807 -0.3274 0.8135
vn -0.4806 -0.3272 0.8136
vn -0.4436 -0.3429 0.8280
vn -0.4436 -0.3430 0.8280
vn -0.4060 -0.3591 0.8404
vn -0.3678 -0.3753 0.8508
vn -0.2593 -0.0560 0.9642
vn -0.1391 0.2259 0.9642
vn 0.0162 0.5252 0.8508
vn 0.0162 0.5254 0.8507
vn -0.0220 0.5415 0.8404
vn -0.0596 0.5576 0.8280
vn -0.0966 0.5734 0.8136
vn -0.0966 0.5733 0.8136
vn -0.0966 0.5734 0.8135
vn -0.0967 0.5734 0.8136
vn -0.2669 0.2804 0.9220
vn -0.2668 0.2802 0.9221
vn -0.2670 0.2803 0.9220
vn -0.2670 0.2804 0.9220
vn -0.3872 -0.0014 0.9220
vn -0.3873 -0.0015 0.9220
vn -0.3872 -0.0015 0.9220
vn 0.6282 -0.4344 0.6454
vn 0.6282 -0.4344 0.6455
vn 0.6565 -0.4465 0.6080
vn 0.7485 -0.1525 0.6454
vn 0.7484 -0.1525 0.6454
vn 0.7767 -0.1646 0.6080
vn 0.3890 -0.6980 0.6012
vn 0.4154 -0.7093 0.5695
vn 0.4403 -0.7199 0.5365
vn 0.4406 -0.7197 0.5366
vn 0.4638 -0.7299 0.5021
vn 0.6831 -0.4578 0.5691
vn 0.8034 -0.1760 0.5689
vn 0.8033 -0.1759 0.5690
vn 0.8477 0.1707 0.5022
vn 0.8478 0.1707 0.5021
vn 0.8243 0.1807 0.5365
vn 0.7994 0.1913 0.5696
vn 0.7994 0.1913 0.5695
vn 0.7730 0.2026 0.6012
vn 0.7184 -0.1398 0.6814
vn 0.7185 -0.1398 0.6814
vn 0.7183 -0.1398 0.6816
vn 0.5982 -0.4218 0.6813
vn 0.5982 -0.4217 0.6814
vn 0.5983 -0.4217 0.6814
vn -0.8510 0.1962 0.4872
vn -0.8510 0.1963 0.4871
vn -0.8509 0.1963 0.4872
vn -0.8509 0.1962 0.4874
vn -0.8720 0.2052 0.4444
vn -0.8720 0.2052 0.4443
vn -0.7309 0.4781 0.4871
vn -0.7518 0.4871 0.4443
vn -0.9253 -0.1377 0.3533
vn -0.9253 -0.1376 0.3534
vn -0.5413 0.7630 0.3534
vn -0.5245 0.7557 0.3922
vn -0.4858 0.7392 0.4665
vn -0.7080 0.4684 0.5286
vn -0.7079 0.4685 0.5286
vn -0.1712 -0.0935 0.9808
vn -0.1713 -0.0934 0.9808
vn -0.1713 -0.0935 0.9808
vn -0.1712 -0.0936 0.9808
vn -0.1270 -0.1124 0.9855
vn -0.1270 -0.1123 0.9855
vn -0.0510 0.1884 0.9808
vn -0.0509 0.1884 0.9808
vn -0.0511 0.1884 0.9808
vn -0.0512 0.1884 0.9808
vn -0.0068 0.1695 0.9855
vn -0.3291 -0.3919 0.8592
vn -0.2901 -0.4082 0.8656
vn -0.2900 -0.4082 0.8656
vn -0.2511 -0.4251 0.8696
vn -0.2510 -0.4251 0.8696
vn -0.2118 -0.4418 0.8717
vn -0.2118 -0.4419 0.8717
vn -0.2117 -0.4419 0.8717
vn -0.0825 -0.1315 0.9879
vn -0.0824 -0.1314 0.9879
vn 0.0377 0.1505 0.9879
vn 0.1723 0.4587 0.8717
vn 0.1722 0.4587 0.8717
vn 0.1330 0.4755 0.8696
vn 0.0938 0.4922 0.8654
vn 0.0549 0.5087 0.8592
vn 0.0549 0.5086 0.8593
vn 0.0548 0.5086 0.8593
vn -0.0953 0.2072 0.9736
vn -0.0954 0.2073 0.9736
vn -0.2154 -0.0747 0.9737
vn -0.2154 -0.0748 0.9737
vn -0.2155 -0.0747 0.9736
vn 0.7309 -0.4782 0.4870
vn 0.7308 -0.4782 0.4870
vn 0.7309 -0.4781 0.4870
vn 0.7519 -0.4871 0.4443
vn 0.7518 -0.4871 0.4443
vn 0.7518 -0.4871 0.4444
vn 0.8510 -0.1963 0.4870
vn 0.8720 -0.2053 0.4443
vn 0.8719 -0.2053 0.4445
vn 0.4858 -0.7392 0.4665
vn 0.4857 -0.7392 0.4665
vn 0.5058 -0.7479 0.4299
vn 0.5059 -0.7479 0.4298
vn 0.5245 -0.7558 0.3921
vn 0.5245 -0.7557 0.3921
vn 0.5245 -0.7557 0.3922
vn 0.5413 -0.7630 0.3534
vn 0.7709 -0.4953 0.4005
vn 0.8911 -0.2134 0.4005
vn 0.9253 0.1376 0.3534
vn 0.9253 0.1375 0.3534
vn 0.9085 0.1448 0.3921
vn 0.8899 0.1527 0.4298
vn 0.8899 0.1526 0.4298
vn 0.8697 0.1613 0.4665
vn 0.8281 -0.1864 0.5287
vn 0.8281 -0.1865 0.5286
vn 0.8281 -0.1866 0.5286
vn 0.7080 -0.4684 0.5286
vn 0.7079 -0.4684 0.5286
vn -0.7484 0.1525 0.6455
vn -0.7484 0.1525 0.6454
vn -0.7483 0.1524 0.6456
vn -0.7766 0.1647 0.6081
vn -0.7730 -0.2025 0.6013
vn -0.7728 -0.2026 0.6014
vn -0.7994 -0.1914 0.5695
vn -0.7994 -0.1913 0.5696
vn -0.8478 -0.1708 0.5021
vn -0.8033 0.1758 0.5690
vn -0.8031 0.1756 0.5693
vn -0.6831 0.4578 0.5690
vn -0.3890 0.6980 0.6012
vn -0.5983 0.4216 0.6814
vn 0.8031 -0.5090 0.3099
vn 0.8160 -0.5144 0.2636
vn 0.8160 -0.5145 0.2636
vn 0.9232 -0.2271 0.3099
vn 0.9362 -0.2326 0.2636
vn 0.5564 -0.7694 0.3138
vn 0.5697 -0.7750 0.2735
vn 0.5698 -0.7749 0.2735
vn 0.5811 -0.7799 0.2326
vn 0.5906 -0.7840 0.1911
vn 0.8268 -0.5191 0.2166
vn 0.9470 -0.2372 0.2166
vn 0.9470 -0.2372 0.2165
vn 0.9746 0.1166 0.1911
vn 0.9651 0.1207 0.2326
vn 0.9536 0.1256 0.2735
vn 0.9403 0.1312 0.3139
vn 0.9404 0.1312 0.3138
vn 0.9082 -0.2207 0.3556
vn 0.7880 -0.5026 0.3556
vn 0.7880 -0.5027 0.3556
vn -0.4991 0.3795 0.7790
vn -0.7160 -0.2269 0.6602
vn -0.7161 -0.2269 0.6601
vn -0.7160 -0.2269 0.6603
vn -0.7451 -0.2145 0.6316
vn -0.7450 -0.2145 0.6316
vn -0.5667 0.4081 0.7157
vn -0.3611 0.6861 0.6315
vn -0.3610 0.6861 0.6316
vn -0.3320 0.6737 0.6603
vn -0.3320 0.6737 0.6602
vn -0.3015 0.6608 0.6873
vn -0.3015 0.6608 0.6874
vn -0.3016 0.6607 0.6874
vn -0.2699 0.6473 0.7128
vn -0.5836 0.0822 0.8079
vn 0.8421 -0.5256 0.1209
vn 0.8420 -0.5257 0.1209
vn 0.8464 -0.5275 0.0727
vn 0.8465 -0.5275 0.0727
vn 0.9623 -0.2436 0.1209
vn 0.9623 -0.2437 0.1209
vn 0.9666 -0.2456 0.0727
vn 0.5984 -0.7872 0.1491
vn 0.5983 -0.7873 0.1490
vn 0.5983 -0.7873 0.1491
vn 0.6042 -0.7897 0.1068
vn 0.6041 -0.7897 0.1068
vn 0.6041 -0.7897 0.1067
vn 0.6079 -0.7914 0.0642
vn 0.6080 -0.7913 0.0642
vn 0.6080 -0.7914 0.0642
vn 0.6099 -0.7922 0.0214
vn 0.8486 -0.5284 0.0243
vn 0.9688 -0.2465 0.0243
vn 0.9939 0.1084 0.0214
vn 0.9939 0.1085 0.0214
vn 0.9920 0.1092 0.0641
vn 0.9920 0.1090 0.0641
vn 0.9920 0.1091 0.0642
vn 0.9919 0.1092 0.0641
vn 0.9881 0.1109 0.1067
vn 0.9823 0.1133 0.1490
vn 0.9557 -0.2410 0.1689
vn 0.9557 -0.2409 0.1689
vn 0.8356 -0.5228 0.1690
vn 0.8356 -0.5228 0.1689
vn 0.8355 -0.5228 0.1690
vn 0.8355 -0.5228 0.1689
vn -0.5172 -0.3117 0.7971
vn -0.5173 -0.3117 0.7970
vn -0.5873 -0.2818 0.7587
vn -0.5874 -0.2817 0.7587
vn -0.5463 0.0665 0.8349
vn -0.5468 0.0664 0.8347
vn -0.4262 0.3481 0.8350
vn -0.2035 0.6188 0.7587
vn -0.2034 0.6188 0.7588
vn -0.1687 0.6041 0.7788
vn -0.1330 0.5889 0.7972
vn -0.1330 0.5888 0.7972
vn 0.8464 -0.5275 -0.0727
vn 0.8464 -0.5276 -0.0727
vn 0.8421 -0.5256 -0.1209
vn 0.9667 -0.2456 -0.0727
vn 0.9666 -0.2456 -0.0727
vn 0.9623 -0.2437 -0.1209
vn 0.9623 -0.2436 -0.1209
vn 0.6099 -0.7922 -0.0214
vn 0.6080 -0.7913 -0.0642
vn 0.6081 -0.7913 -0.0642
vn 0.6079 -0.7914 -0.0642
vn 0.6043 -0.7896 -0.1068
vn 0.6042 -0.7896 -0.1067
vn 0.6042 -0.7897 -0.1067
vn 0.6041 -0.7897 -0.1068
vn 0.5983 -0.7873 -0.1490
vn 0.5983 -0.7873 -0.1489
vn 0.8356 -0.5227 -0.1691
vn 0.8355 -0.5228 -0.1690
vn 0.8355 -0.5228 -0.1689
vn 0.9557 -0.2409 -0.1689
vn 0.9557 -0.2410 -0.1689
vn 0.9823 0.1133 -0.1490
vn 0.9881 0.1110 -0.1067
vn 0.9881 0.1109 -0.1067
vn 0.9919 0.1092 -0.0641
vn 0.9919 0.1092 -0.0642
vn 0.9920 0.1091 -0.0640
vn 0.9939 0.1084 -0.0214
vn 0.9939 0.1083 -0.0214
vn 0.9689 -0.2464 -0.0243
vn 0.9689 -0.2463 -0.0244
vn 0.9689 -0.2464 -0.0244
vn 0.9688 -0.2465 -0.0243
vn 0.8486 -0.5284 -0.0243
vn -0.3027 -0.0377 0.9524
vn -0.3452 -0.0194 0.9383
vn -0.1825 0.2443 0.9524
vn -0.3679 -0.3752 0.8508
vn -0.3678 -0.3752 0.8509
vn -0.3679 -0.3753 0.8507
vn -0.3685 -0.3754 0.8505
vn -0.4059 -0.3591 0.8404
vn -0.4059 -0.3592 0.8404
vn -0.4436 -0.3431 0.8279
vn -0.4806 -0.3274 0.8135
vn -0.4806 -0.3273 0.8136
vn -0.4807 -0.3272 0.8135
vn -0.0965 0.5734 0.8136
vn -0.0595 0.5574 0.8281
vn -0.0593 0.5572 0.8282
vn 0.0162 0.5253 0.8508
vn -0.2593 -0.0561 0.9642
vn -0.2593 -0.0562 0.9642
vn 0.8160 -0.5145 -0.2636
vn 0.8030 -0.5090 -0.3099
vn 0.9362 -0.2326 -0.2636
vn 0.9362 -0.2326 -0.2635
vn 0.9361 -0.2328 -0.2636
vn 0.9232 -0.2271 -0.3099
vn 0.5906 -0.7840 -0.1911
vn 0.5810 -0.7799 -0.2326
vn 0.5811 -0.7799 -0.2326
vn 0.5811 -0.7799 -0.2327
vn 0.5697 -0.7750 -0.2736
vn 0.5697 -0.7750 -0.2735
vn 0.5564 -0.7694 -0.3138
vn 0.7880 -0.5026 -0.3556
vn 0.9082 -0.2207 -0.3556
vn 0.9404 0.1312 -0.3138
vn 0.9536 0.1256 -0.2735
vn 0.9651 0.1207 -0.2326
vn 0.9746 0.1166 -0.1911
vn 0.9470 -0.2372 -0.2166
vn 0.9470 -0.2373 -0.2165
vn 0.8268 -0.5191 -0.2165
vn 0.8269 -0.5191 -0.2164
vn 0.8268 -0.5191 -0.2166
vn -0.1270 -0.1125 0.9855
vn -0.1712 -0.0934 0.9808
vn -0.0511 0.1883 0.9808
vn -0.2902 -0.4084 0.8654
vn -0.2902 -0.4085 0.8654
vn -0.3291 -0.3918 0.8592
vn -0.3292 -0.3914 0.8593
vn -0.2155 -0.0747 0.9737
vn -0.0953 0.2071 0.9737
vn 0.0549 0.5088 0.8591
vn 0.0938 0.4921 0.8655
vn 0.7518 -0.4872 -0.4443
vn 0.7518 -0.4871 -0.4443
vn 0.7308 -0.4782 -0.4871
vn 0.8720 -0.2053 -0.4443
vn 0.8720 -0.2053 -0.4444
vn 0.8510 -0.1962 -0.4871
vn 0.8510 -0.1963 -0.4871
vn 0.5413 -0.7630 -0.3534
vn 0.5412 -0.7630 -0.3534
vn 0.5245 -0.7558 -0.3921
vn 0.5245 -0.7558 -0.3920
vn 0.5245 -0.7557 -0.3921
vn 0.5059 -0.7480 -0.4297
vn 0.5058 -0.7481 -0.4296
vn 0.5059 -0.7479 -0.4298
vn 0.4857 -0.7392 -0.4665
vn 0.4857 -0.7393 -0.4665
vn 0.7080 -0.4684 -0.5286
vn 0.7080 -0.4683 -0.5286
vn 0.7079 -0.4684 -0.5286
vn 0.8281 -0.1866 -0.5286
vn 0.8281 -0.1865 -0.5286
vn 0.8697 0.1614 -0.4665
vn 0.8697 0.1613 -0.4665
vn 0.8899 0.1527 -0.4298
vn 0.9084 0.1448 -0.3921
vn 0.9085 0.1448 -0.3921
vn 0.9084 0.1449 -0.3921
vn 0.9084 0.1450 -0.3921
vn 0.9253 0.1376 -0.3534
vn 0.8911 -0.2134 -0.4005
vn 0.8911 -0.2133 -0.4005
vn 0.7709 -0.4953 -0.4005
vn 0.0511 -0.1883 0.9808
vn 0.0510 -0.1883 0.9808
vn 0.0068 -0.1696 0.9855
vn 0.1712 0.0934 0.9808
vn 0.1269 0.1124 0.9855
vn 0.1268 0.1124 0.9855
vn -0.0549 -0.5088 0.8592
vn -0.0548 -0.5088 0.8591
vn -0.1330 -0.4756 0.8695
vn 0.2901 0.4083 0.8655
vn 0.2902 0.4084 0.8654
vn 0.2900 0.4082 0.8656
vn 0.3291 0.3918 0.8592
vn 0.0953 -0.2072 0.9737
vn 0.6565 -0.4465 -0.6080
vn 0.6283 -0.4344 -0.6454
vn 0.6282 -0.4344 -0.6454
vn 0.7767 -0.1646 -0.6080
vn 0.7484 -0.1525 -0.6454
vn 0.4638 -0.7299 -0.5021
vn 0.4404 -0.7199 -0.5365
vn 0.4404 -0.7198 -0.5366
vn 0.4154 -0.7093 -0.5695
vn 0.4155 -0.7093 -0.5695
vn 0.3890 -0.6980 -0.6012
vn 0.3889 -0.6981 -0.6012
vn 0.5983 -0.4217 -0.6814
vn 0.5983 -0.4216 -0.6814
vn 0.7185 -0.1398 -0.6814
vn 0.7184 -0.1398 -0.6814
vn 0.7730 0.2026 -0.6012
vn 0.7994 0.1913 -0.5696
vn 0.8243 0.1807 -0.5365
vn 0.8478 0.1707 -0.5021
vn 0.8033 -0.1759 -0.5690
vn 0.6831 -0.4578 -0.5690
vn 0.6831 -0.4579 -0.5689
vn 0.2250 -0.2624 0.9384
vn 0.3027 0.0377 0.9524
vn 0.3026 0.0376 0.9524
vn 0.3025 0.0376 0.9524
vn 0.0967 -0.5734 0.8136
vn 0.0967 -0.5734 0.8135
vn 0.0968 -0.5734 0.8136
vn 0.0972 -0.5733 0.8136
vn 0.0596 -0.5576 0.8280
vn -0.0162 -0.5253 0.8508
vn 0.1391 -0.2258 0.9642
vn 0.1391 -0.2257 0.9642
vn 0.2594 0.0561 0.9642
vn 0.2594 0.0560 0.9642
vn 0.2595 0.0563 0.9641
vn 0.3678 0.3753 0.8508
vn 0.3678 0.3752 0.8508
vn 0.3677 0.3754 0.8508
vn 0.3873 0.0015 0.9220
vn 0.3871 0.0015 0.9220
vn 0.3875 0.0015 0.9219
vn 0.2670 -0.2805 0.9220
vn 0.2671 -0.2805 0.9219
vn 0.5336 -0.3941 -0.7483
vn 0.4990 -0.3796 -0.7790
vn 0.4992 -0.3794 -0.7790
vn 0.6538 -0.1122 -0.7483
vn 0.6192 -0.0971 -0.7792
vn 0.6194 -0.0973 -0.7790
vn 0.6194 -0.0975 -0.7790
vn 0.6190 -0.0973 -0.7793
vn 0.3611 -0.6861 -0.6316
vn 0.3319 -0.6737 -0.6603
vn 0.3015 -0.6607 -0.6874
vn 0.3016 -0.6607 -0.6874
vn 0.2699 -0.6472 -0.7129
vn 0.2697 -0.6474 -0.7129
vn 0.2698 -0.6472 -0.7130
vn 0.2698 -0.6471 -0.7131
vn 0.4634 -0.3641 -0.8079
vn 0.5836 -0.0822 -0.8079
vn 0.5837 -0.0823 -0.8078
vn 0.5835 -0.0822 -0.8079
vn 0.6539 0.2535 -0.7128
vn 0.6539 0.2534 -0.7129
vn 0.6540 0.2535 -0.7128
vn 0.6540 0.2536 -0.7127
vn 0.6855 0.2399 -0.6874
vn 0.7159 0.2269 -0.6603
vn 0.7159 0.2270 -0.6603
vn 0.7451 0.2145 -0.6315
vn 0.7450 0.2144 -0.6316
vn 0.7451 0.2144 -0.6316
vn 0.6869 -0.1263 -0.7157
vn 0.5667 -0.4082 -0.7157
vn 0.3487 -0.3152 0.8827
vn 0.3488 -0.3152 0.8826
vn 0.5081 -0.0501 0.8599
vn 0.2371 -0.6332 0.7367
vn 0.2371 -0.6332 0.7368
vn 0.2034 -0.6188 0.7588
vn 0.1687 -0.6041 0.7788
vn 0.5171 0.3116 0.7972
vn 0.5526 0.2965 0.7789
vn 0.5874 0.2818 0.7586
vn 0.5874 0.2817 0.7587
vn 0.5872 0.2816 0.7588
vn 0.5872 0.2817 0.7588
vn 0.5461 -0.0663 0.8351
vn 0.5464 -0.0666 0.8349
vn 0.5464 -0.0665 0.8349
vn 0.4262 -0.3481 0.8350
vn 0.4262 -0.3484 0.8348
vn 0.3880 -0.3319 -0.8598
vn 0.3879 -0.3320 -0.8598
vn 0.3485 -0.3152 -0.8827
vn 0.5081 -0.0501 -0.8598
vn 0.4688 -0.0333 -0.8827
vn 0.2372 -0.6332 -0.7367
vn 0.2371 -0.6331 -0.7369
vn 0.2371 -0.6332 -0.7368
vn 0.2374 -0.6332 -0.7367
vn 0.2033 -0.6189 -0.7587
vn 0.2032 -0.6188 -0.7588
vn 0.1687 -0.6041 -0.7789
vn 0.1331 -0.5889 -0.7972
vn 0.1331 -0.5888 -0.7972
vn 0.1330 -0.5889 -0.7972
vn 0.3083 -0.2980 -0.9034
vn 0.4285 -0.0161 -0.9034
vn 0.5172 0.3116 -0.7971
vn 0.5171 0.3117 -0.7972
vn 0.5171 0.3116 -0.7972
vn 0.5527 0.2965 -0.7789
vn 0.5873 0.2817 -0.7588
vn 0.5874 0.2817 -0.7587
vn 0.5873 0.2817 -0.7587
vn 0.6211 0.2675 -0.7367
vn 0.6211 0.2677 -0.7366
vn 0.6211 0.2673 -0.7367
vn 0.5464 -0.0664 -0.8349
vn 0.5464 -0.0665 -0.8349
vn 0.4262 -0.3483 -0.8349
vn 0.4993 -0.3793 0.7790
vn 0.4992 -0.3793 0.7790
vn 0.3610 -0.6862 0.6315
vn 0.5835 -0.0822 0.8079
vn 0.7159 0.2268 0.6603
vn 0.7160 0.2268 0.6603
vn 0.7450 0.2145 0.6316
vn 0.6870 -0.1263 0.7156
vn 0.6871 -0.1263 0.7155
vn 0.5666 -0.4082 0.7158
vn 0.2250 -0.2625 -0.9383
vn 0.1824 -0.2443 -0.9524
vn 0.1824 -0.2444 -0.9524
vn 0.3452 0.0193 -0.9383
vn 0.3452 0.0192 -0.9383
vn 0.3452 0.0194 -0.9383
vn 0.3453 0.0193 -0.9383
vn 0.3026 0.0376 -0.9524
vn 0.0966 -0.5733 -0.8137
vn 0.0966 -0.5733 -0.8136
vn 0.0967 -0.5733 -0.8136
vn 0.0596 -0.5576 -0.8280
vn 0.0594 -0.5574 -0.8281
vn 0.0220 -0.5415 -0.8404
vn 0.0220 -0.5414 -0.8405
vn -0.0162 -0.5252 -0.8508
vn 0.1391 -0.2259 -0.9642
vn 0.2593 0.0560 -0.9642
vn 0.3678 0.3754 -0.8508
vn 0.4060 0.3591 -0.8404
vn 0.4436 0.3430 -0.8280
vn 0.4436 0.3429 -0.8280
vn 0.4806 0.3272 -0.8136
vn 0.4805 0.3272 -0.8136
vn 0.3872 0.0015 -0.9220
vn 0.2671 -0.2805 -0.9220
vn 0.2670 -0.2804 -0.9220
vn 0.6565 -0.4464 0.6080
vn 0.7484 -0.1525 0.6455
vn 0.4638 -0.7299 0.5022
vn 0.4636 -0.7301 0.5020
vn 0.4637 -0.7299 0.5021
vn 0.4404 -0.7199 0.5364
vn 0.7185 -0.1398 0.6813
vn 0.7729 0.2026 0.6013
vn 0.8033 -0.1760 0.5689
vn 0.8033 -0.1756 0.5691
vn 0.6831 -0.4578 0.5690
vn 0.0511 -0.1883 -0.9808
vn 0.0510 -0.1884 -0.9808
vn 0.0067 -0.1695 -0.9855
vn -0.0550 -0.5088 -0.8591
vn -0.0938 -0.4922 -0.8654
vn -0.1723 -0.4587 -0.8718
vn -0.1723 -0.4588 -0.8717
vn -0.1724 -0.4589 -0.8716
vn 0.0823 0.1314 -0.9879
vn 0.2117 0.4418 -0.8717
vn 0.2511 0.4251 -0.8696
vn 0.2902 0.4085 -0.8654
vn 0.2903 0.4085 -0.8654
vn 0.2156 0.0747 -0.9736
vn 0.7518 -0.4872 0.4443
vn 0.7308 -0.4782 0.4871
vn 0.7307 -0.4782 0.4872
vn 0.8720 -0.2053 0.4444
vn 0.8721 -0.2052 0.4443
vn 0.8720 -0.2052 0.4443
vn 0.8510 -0.1964 0.4871
vn 0.8509 -0.1965 0.4873
vn 0.8510 -0.1964 0.4872
vn 0.8510 -0.1963 0.4871
vn 0.5245 -0.7558 0.3920
vn 0.5061 -0.7479 0.4296
vn 0.5060 -0.7478 0.4298
vn 0.5063 -0.7476 0.4298
vn 0.4857 -0.7392 0.4666
vn 0.7080 -0.4684 0.5285
vn 0.8281 -0.1865 0.5287
vn 0.8697 0.1612 0.4664
vn 0.9085 0.1448 0.3920
vn 0.7709 -0.4953 0.4004
vn -0.1270 -0.1124 -0.9855
vn -0.1713 -0.0935 -0.9808
vn -0.0068 0.1695 -0.9855
vn -0.0511 0.1884 -0.9808
vn -0.0512 0.1884 -0.9808
vn -0.2117 -0.4419 -0.8717
vn -0.2510 -0.4251 -0.8696
vn -0.2510 -0.4251 -0.8697
vn -0.2901 -0.4082 -0.8656
vn -0.2900 -0.4082 -0.8656
vn -0.2902 -0.4085 -0.8654
vn -0.3290 -0.3918 -0.8592
vn -0.3291 -0.3918 -0.8592
vn -0.2155 -0.0747 -0.9736
vn -0.0953 0.2072 -0.9736
vn 0.0549 0.5087 -0.8592
vn 0.0939 0.4922 -0.8654
vn 0.0938 0.4922 -0.8654
vn 0.0937 0.4922 -0.8654
vn 0.1330 0.4755 -0.8696
vn 0.1723 0.4587 -0.8717
vn 0.0375 0.1506 -0.9879
vn 0.0377 0.1505 -0.9879
vn -0.0824 -0.1314 -0.9879
vn 0.8030 -0.5090 0.3099
vn 0.9361 -0.2327 0.2636
vn 0.9362 -0.2327 0.2635
vn 0.9361 -0.2329 0.2636
vn 0.5811 -0.7799 0.2327
vn 0.9536 0.1255 0.2735
vn 0.9537 0.1255 0.2735
vn 0.9651 0.1206 0.2326
vn 0.9470 -0.2371 0.2166
vn -0.3026 -0.0376 -0.9524
vn -0.3451 -0.0194 -0.9384
vn -0.3449 -0.0197 -0.9384
vn -0.3451 -0.0195 -0.9384
vn -0.3452 -0.0192 -0.9383
vn -0.1823 0.2443 -0.9524
vn -0.1824 0.2443 -0.9524
vn -0.2249 0.2623 -0.9384
vn -0.2250 0.2624 -0.9384
vn -0.2250 0.2623 -0.9384
vn -0.2248 0.2623 -0.9384
vn -0.3678 -0.3753 -0.8508
vn -0.3678 -0.3752 -0.8509
vn -0.4060 -0.3591 -0.8404
vn -0.4436 -0.3430 -0.8280
vn -0.4806 -0.3272 -0.8136
vn -0.4806 -0.3271 -0.8136
vn -0.4803 -0.3275 -0.8136
vn -0.4806 -0.3273 -0.8136
vn -0.3872 -0.0015 -0.9220
vn -0.2670 0.2804 -0.9220
vn -0.0967 0.5734 -0.8136
vn -0.0967 0.5734 -0.8135
vn -0.0596 0.5576 -0.8280
vn -0.0220 0.5415 -0.8404
vn 0.0162 0.5252 -0.8508
vn -0.1391 0.2259 -0.9642
vn -0.1391 0.2258 -0.9642
vn -0.2593 -0.0560 -0.9642
vn 0.6100 -0.7921 0.0215
vn 0.6099 -0.7922 0.0215
vn 0.6042 -0.7897 0.1066
vn 0.6041 -0.7897 0.1066
vn 0.6041 -0.7898 0.1067
vn 0.6042 -0.7897 0.1067
vn 0.5984 -0.7872 0.1489
vn 0.5984 -0.7872 0.1490
vn 0.5985 -0.7873 0.1484
vn 0.8355 -0.5229 0.1689
vn 0.8356 -0.5227 0.1690
vn 0.9881 0.1108 0.1067
vn 0.9919 0.1092 0.0642
vn 0.8487 -0.5283 0.0243
vn -0.4688 0.0333 -0.8827
vn -0.4688 0.0332 -0.8827
vn -0.5082 0.0502 -0.8598
vn -0.5081 0.0502 -0.8598
vn -0.5081 0.0501 -0.8598
vn -0.3485 0.3152 -0.8827
vn -0.3486 0.3152 -0.8827
vn -0.3880 0.3320 -0.8598
vn -0.3883 0.3317 -0.8598
vn -0.3879 0.3320 -0.8598
vn -0.5170 -0.3117 -0.7972
vn -0.5169 -0.3119 -0.7972
vn -0.5171 -0.3117 -0.7972
vn -0.5527 -0.2965 -0.7789
vn -0.5877 -0.2817 -0.7585
vn -0.5873 -0.2817 -0.7587
vn -0.6211 -0.2673 -0.7367
vn -0.6211 -0.2673 -0.7368
vn -0.5463 0.0664 -0.8349
vn -0.5464 0.0663 -0.8349
vn -0.5464 0.0664 -0.8349
vn -0.4262 0.3483 -0.8349
vn -0.4262 0.3484 -0.8349
vn -0.2371 0.6333 -0.7367
vn -0.2034 0.6189 -0.7587
vn -0.2034 0.6190 -0.7586
vn -0.2034 0.6188 -0.7587
vn -0.2033 0.6189 -0.7587
vn -0.1687 0.6041 -0.7789
vn -0.1687 0.6040 -0.7789
vn -0.1331 0.5889 -0.7972
vn -0.3083 0.2980 -0.9034
vn -0.4285 0.0161 -0.9034
vn 0.8465 -0.5275 -0.0727
vn 0.6042 -0.7897 -0.1066
vn 0.6041 -0.7897 -0.1065
vn 0.8487 -0.5284 -0.0243
vn 0.8357 -0.5227 -0.1686
vn 0.8355 -0.5229 -0.1691
vn -0.6194 0.0975 -0.7790
vn -0.6538 0.1122 -0.7483
vn -0.6539 0.1122 -0.7482
vn -0.6538 0.1124 -0.7483
vn -0.4992 0.3794 -0.7790
vn -0.5336 0.3940 -0.7483
vn -0.5336 0.3941 -0.7483
vn -0.5336 0.3940 -0.7484
vn -0.6539 -0.2534 -0.7129
vn -0.6855 -0.2399 -0.6874
vn -0.7159 -0.2269 -0.6603
vn -0.7159 -0.2269 -0.6604
vn -0.7159 -0.2270 -0.6602
vn -0.7451 -0.2145 -0.6315
vn -0.7452 -0.2145 -0.6314
vn -0.6869 0.1263 -0.7157
vn -0.5667 0.4082 -0.7157
vn -0.5667 0.4082 -0.7156
vn -0.3611 0.6861 -0.6316
vn -0.3319 0.6737 -0.6602
vn -0.3319 0.6737 -0.6603
vn -0.3015 0.6607 -0.6874
vn -0.2699 0.6473 -0.7129
vn -0.2699 0.6472 -0.7129
vn -0.4634 0.3641 -0.8079
vn -0.4633 0.3641 -0.8079
vn -0.5835 0.0822 -0.8079
vn -0.5835 0.0821 -0.8079
vn -0.5835 0.0823 -0.8079
vn 0.8031 -0.5089 -0.3099
vn 0.8031 -0.5090 -0.3099
vn 0.9361 -0.2326 -0.2637
vn 0.9362 -0.2325 -0.2636
vn 0.5698 -0.7750 -0.2735
vn 0.5700 -0.7749 -0.2732
vn 0.8268 -0.5191 -0.2167
vn 0.8268 -0.5191 -0.2168
vn 0.9536 0.1255 -0.2735
vn 0.9082 -0.2207 -0.3557
vn 0.7881 -0.5025 -0.3555
vn -0.7484 0.1525 -0.6454
vn -0.7767 0.1646 -0.6080
vn -0.7766 0.1646 -0.6080
vn -0.6283 0.4344 -0.6454
vn -0.6282 0.4344 -0.6454
vn -0.6565 0.4465 -0.6080
vn -0.7730 -0.2026 -0.6012
vn -0.7994 -0.1913 -0.5695
vn -0.7995 -0.1913 -0.5694
vn -0.7994 -0.1913 -0.5696
vn -0.8243 -0.1807 -0.5365
vn -0.8478 -0.1707 -0.5021
vn -0.8033 0.1759 -0.5690
vn -0.6831 0.4578 -0.5690
vn -0.4639 0.7299 -0.5021
vn -0.4638 0.7299 -0.5021
vn -0.4639 0.7298 -0.5021
vn -0.4403 0.7199 -0.5365
vn -0.4154 0.7093 -0.5695
vn -0.4154 0.7093 -0.5694
vn -0.3890 0.6980 -0.6013
vn -0.3890 0.6980 -0.6012
vn -0.5983 0.4217 -0.6814
vn -0.5983 0.4217 -0.6813
vn -0.7184 0.1398 -0.6814
vn -0.7184 0.1398 -0.6815
vn -0.7185 0.1398 -0.6814
vn 0.7308 -0.4782 -0.4870
vn 0.7519 -0.4871 -0.4443
vn 0.7518 -0.4872 -0.4444
vn 0.8510 -0.1963 -0.4870
vn 0.8720 -0.2054 -0.4444
vn 0.8720 -0.2055 -0.4443
vn 0.5059 -0.7479 -0.4297
vn 0.5244 -0.7558 -0.3921
vn 0.7709 -0.4953 -0.4004
vn 0.8911 -0.2135 -0.4005
vn 0.8281 -0.1865 -0.5287
vn 0.7079 -0.4684 -0.5287
vn -0.1714 -0.0935 -0.9808
vn -0.0512 0.1885 -0.9807
vn -0.3291 -0.3917 -0.8592
vn -0.2902 -0.4084 -0.8654
vn -0.2510 -0.4252 -0.8696
vn -0.2507 -0.4256 -0.8695
vn -0.2119 -0.4420 -0.8716
vn -0.2122 -0.4421 -0.8715
vn -0.2115 -0.4418 -0.8718
vn 0.1723 0.4588 -0.8717
vn 0.0938 0.4921 -0.8655
vn 0.0938 0.4921 -0.8654
vn 0.0550 0.5087 -0.8592
vn -0.2155 -0.0747 -0.9737
vn -0.8510 0.1963 -0.4870
vn -0.8720 0.2052 -0.4443
vn -0.8721 0.2052 -0.4443
vn -0.7308 0.4782 -0.4870
vn -0.7519 0.4871 -0.4443
vn -0.7519 0.4872 -0.4443
vn -0.8899 -0.1528 -0.4298
vn -0.9084 -0.1448 -0.3921
vn -0.9253 -0.1375 -0.3534
vn -0.9253 -0.1374 -0.3534
vn -0.8911 0.2133 -0.4005
vn -0.7709 0.4953 -0.4006
vn -0.7709 0.4952 -0.4005
vn -0.5413 0.7629 -0.3535
vn -0.5413 0.7629 -0.3534
vn -0.8281 0.1864 -0.5287
vn 0.6282 -0.4344 -0.6455
vn 0.7484 -0.1526 -0.6454
vn 0.7485 -0.1526 -0.6454
vn 0.4403 -0.7200 -0.5365
vn 0.4403 -0.7199 -0.5365
vn 0.4404 -0.7199 -0.5364
vn 0.4638 -0.7299 -0.5022
vn 0.4638 -0.7300 -0.5021
vn 0.6831 -0.4578 -0.5691
vn 0.6830 -0.4578 -0.5691
vn 0.8479 0.1705 -0.5019
vn 0.8478 0.1707 -0.5020
vn 0.8243 0.1806 -0.5365
vn 0.7994 0.1914 -0.5695
vn 0.7994 0.1913 -0.5695
vn 0.7730 0.2025 -0.6012
vn 0.7186 -0.1398 -0.6813
vn 0.7184 -0.1398 -0.6815
vn 0.5982 -0.4217 -0.6814
vn -0.3453 -0.0194 -0.9383
vn -0.3452 -0.0194 -0.9383
vn -0.3454 -0.0194 -0.9383
vn -0.3026 -0.0374 -0.9524
vn -0.2250 0.2625 -0.9383
vn -0.1825 0.2443 -0.9524
vn -0.4439 -0.3431 -0.8278
vn -0.4060 -0.3590 -0.8404
vn -0.3680 -0.3753 -0.8507
vn -0.3678 -0.3752 -0.8508
vn 0.0161 0.5253 -0.8508
vn 0.0161 0.5252 -0.8508
vn 0.0162 0.5253 -0.8508
vn -0.0221 0.5415 -0.8404
vn -0.0592 0.5573 -0.8282
vn -0.0966 0.5734 -0.8136
vn -0.2672 0.2804 -0.9219
vn -0.3873 -0.0015 -0.9220
vn -0.3879 -0.0016 -0.9217
vn -0.9232 0.2270 -0.3100
vn -0.9361 0.2326 -0.2638
vn -0.8030 0.5090 -0.3099
vn -0.8031 0.5090 -0.3099
vn -0.9404 -0.1311 -0.3138
vn -0.9536 -0.1255 -0.2735
vn -0.9746 -0.1167 -0.1911
vn -0.5906 0.7840 -0.1912
vn -0.5906 0.7839 -0.1912
vn -0.5811 0.7799 -0.2326
vn -0.7880 0.5027 -0.3555
vn -0.7881 0.5024 -0.3556
vn 0.4991 -0.3795 -0.7790
vn 0.4991 -0.3794 -0.7791
vn 0.3611 -0.6861 -0.6315
vn 0.5666 -0.4081 -0.7158
vn 0.7450 0.2145 -0.6316
vn 0.7450 0.2145 -0.6317
vn 0.7451 0.2145 -0.6316
vn 0.7159 0.2268 -0.6603
vn 0.4633 -0.3641 -0.8079
vn 0.4633 -0.3641 -0.8080
vn -0.4689 0.0333 -0.8826
vn -0.6210 -0.2673 -0.7368
vn -0.5873 -0.2817 -0.7588
vn -0.5527 -0.2965 -0.7788
vn -0.5170 -0.3116 -0.7972
vn -0.5171 -0.3117 -0.7971
vn -0.2033 0.6188 -0.7587
vn -0.2371 0.6332 -0.7367
vn -0.9622 0.2439 -0.1211
vn -0.9623 0.2438 -0.1209
vn -0.9667 0.2456 -0.0727
vn -0.8421 0.5256 -0.1207
vn -0.8421 0.5256 -0.1208
vn -0.9823 -0.1132 -0.1492
vn -0.9920 -0.1090 -0.0640
vn -0.9920 -0.1093 -0.0640
vn -0.9939 -0.1083 -0.0214
vn -0.6079 0.7914 -0.0642
vn -0.6041 0.7897 -0.1066
vn -0.6042 0.7897 -0.1065
vn -0.5983 0.7872 -0.1492
vn -0.5983 0.7873 -0.1492
vn -0.8355 0.5228 -0.1689
vn 0.3486 -0.3151 -0.8827
vn 0.3484 -0.3150 -0.8829
vn 0.3485 -0.3151 -0.8827
vn 0.3486 -0.3152 -0.8827
vn 0.4689 -0.0333 -0.8826
vn 0.5081 -0.0501 -0.8599
vn 0.2371 -0.6332 -0.7367
vn 0.6212 0.2673 -0.7367
vn -0.4991 0.3795 -0.7790
vn -0.7451 -0.2145 -0.6316
vn -0.7450 -0.2145 -0.6316
vn -0.7449 -0.2145 -0.6317
vn -0.6539 -0.2533 -0.7129
vn -0.5835 0.0822 -0.8080
vn -0.3016 0.6607 -0.6874
vn -0.3015 0.6608 -0.6874
vn -0.3320 0.6737 -0.6603
vn -0.9666 0.2457 0.0727
vn -0.9623 0.2437 0.1207
vn -0.9623 0.2436 0.1208
vn -0.8422 0.5255 0.1208
vn -0.8421 0.5256 0.1208
vn -0.9939 -0.1083 0.0213
vn -0.9939 -0.1086 0.0214
vn -0.9920 -0.1092 0.0641
vn -0.9823 -0.1135 0.1490
vn -0.9823 -0.1134 0.1490
vn -0.9558 0.2409 0.1689
vn -0.8355 0.5228 0.1689
vn -0.5983 0.7873 0.1491
vn -0.6041 0.7897 0.1066
vn -0.6042 0.7897 0.1065
vn -0.6079 0.7914 0.0641
vn -0.6079 0.7914 0.0642
vn -0.6099 0.7922 0.0213
vn -0.6100 0.7921 0.0214
vn -0.9689 0.2464 0.0243
vn 0.1824 -0.2442 -0.9524
vn 0.3026 0.0375 -0.9524
vn 0.3453 0.0194 -0.9383
vn 0.3455 0.0194 -0.9382
vn -0.0162 -0.5253 -0.8508
vn 0.0221 -0.5415 -0.8404
vn 0.0967 -0.5734 -0.8136
vn 0.3873 0.0015 -0.9220
vn 0.3677 0.3754 -0.8508
vn 0.3677 0.3755 -0.8508
vn -0.7485 0.1525 -0.6454
vn -0.7484 0.1525 -0.6455
vn -0.6565 0.4465 -0.6079
vn -0.7994 -0.1914 -0.5695
vn -0.7729 -0.2026 -0.6013
vn -0.7728 -0.2027 -0.6014
vn -0.7729 -0.2028 -0.6013
vn -0.7185 0.1398 -0.6813
vn -0.5982 0.4217 -0.6814
vn -0.3890 0.6981 -0.6012
vn -0.4404 0.7199 -0.5364
vn -0.4402 0.7200 -0.5365
vn -0.4638 0.7300 -0.5021
vn -0.8033 0.1760 -0.5690
vn -0.0000 -1.0000 -0.0000
vn 0.9952 -0.0000 -0.0981
vn 0.2440 -0.8557 -0.4564
vn 0.2440 -0.8556 -0.4565
vn 0.2439 -0.8556 -0.4565
vn 0.2439 -0.8557 -0.4564
vn 0.0507 -0.8556 0.5152
vn 0.0507 -0.8556 0.5151
vn -0.3283 -0.8557 -0.4000
vn -0.3283 -0.8557 -0.3999
vn -0.3284 -0.8556 -0.4001
vn 0.1502 -0.8557 -0.4953
vn 0.1503 -0.8556 -0.4954
vn 0.1502 -0.8557 0.4953
vn 0.1502 -0.8556 0.4953
vn 0.1502 -0.8556 0.4954
vn -0.4001 -0.8556 -0.3284
vn -0.4001 -0.8556 -0.3283
vn -0.3999 -0.8556 -0.3286
vn -0.3998 -0.8557 -0.3284
vn 0.0507 -0.8556 -0.5152
vn 0.0507 -0.8556 -0.5151
vn 0.2441 -0.8556 0.4566
vn 0.2440 -0.8557 0.4564
vn 0.2440 -0.8556 0.4565
vn 0.2440 -0.8556 0.4566
vn -0.4565 -0.8556 -0.2441
vn -0.4563 -0.8557 -0.2440
vn -0.4569 -0.8554 -0.2441
vn 0.3282 -0.8557 0.4001
vn 0.3280 -0.8557 0.4003
vn 0.3282 -0.8556 0.4002
vn 0.3284 -0.8556 0.4001
vn -0.4953 -0.8557 -0.1501
vn -0.4951 -0.8558 -0.1502
vn -0.4952 -0.8557 -0.1502
vn -0.4951 -0.8557 -0.1502
vn 0.4001 -0.8556 0.3284
vn 0.3999 -0.8558 0.3281
vn 0.3999 -0.8557 0.3283
vn 0.3998 -0.8558 0.3283
vn -0.5149 -0.8558 -0.0508
vn -0.5147 -0.8558 -0.0508
vn -0.5150 -0.8557 -0.0508
vn -0.5150 -0.8557 -0.0507
vn 0.4567 -0.8555 0.2439
vn 0.4559 -0.8559 0.2439
vn 0.4566 -0.8556 0.2439
vn 0.4569 -0.8554 0.2439
vn -0.5150 -0.8557 0.0507
vn -0.5151 -0.8556 0.0507
vn -0.5147 -0.8559 0.0507
vn -0.5148 -0.8558 0.0507
vn 0.4953 -0.8557 0.1502
vn 0.4951 -0.8558 0.1502
vn 0.4950 -0.8558 0.1502
vn -0.4953 -0.8557 0.1501
vn -0.4956 -0.8555 0.1501
vn -0.4952 -0.8557 0.1501
vn -0.4951 -0.8558 0.1502
vn 0.5150 -0.8557 0.0507
vn 0.5145 -0.8560 0.0507
vn 0.5153 -0.8555 0.0507
vn -0.4567 -0.8554 0.2443
vn -0.4567 -0.8555 0.2442
vn -0.4566 -0.8556 0.2441
vn -0.4566 -0.8555 0.2442
vn 0.5147 -0.8559 -0.0507
vn 0.5147 -0.8558 -0.0508
vn 0.5146 -0.8559 -0.0507
vn 0.5145 -0.8560 -0.0506
vn -0.4000 -0.8557 0.3282
vn -0.3999 -0.8558 0.3281
vn -0.4001 -0.8556 0.3284
vn -0.4001 -0.8557 0.3282
vn 0.4948 -0.8559 -0.1501
vn 0.4951 -0.8557 -0.1502
vn 0.4949 -0.8558 -0.1503
vn 0.4950 -0.8558 -0.1503
vn -0.3284 -0.8555 0.4003
vn -0.3283 -0.8555 0.4003
vn -0.3284 -0.8556 0.4002
vn -0.3283 -0.8557 0.3999
vn 0.4564 -0.8557 -0.2440
vn 0.4565 -0.8556 -0.2441
vn 0.4564 -0.8557 -0.2439
vn 0.4564 -0.8557 -0.2438
vn -0.2440 -0.8557 0.4564
vn -0.2440 -0.8556 0.4565
vn -0.0507 -0.8556 -0.5151
vn -0.0507 -0.8557 -0.5150
vn -0.0507 -0.8556 -0.5152
vn 0.4000 -0.8556 -0.3284
vn 0.4002 -0.8556 -0.3284
vn 0.4001 -0.8557 -0.3282
vn -0.1502 -0.8556 0.4954
vn -0.1502 -0.8556 0.4953
vn -0.1503 -0.8556 0.4954
vn -0.1501 -0.8557 0.4952
vn -0.1502 -0.8557 -0.4953
vn -0.1502 -0.8556 -0.4953
vn 0.3283 -0.8557 -0.4000
vn 0.3284 -0.8556 -0.4001
vn 0.3283 -0.8557 -0.3999
vn -0.0507 -0.8555 0.5154
vn -0.0508 -0.8553 0.5156
vn -0.0507 -0.8555 0.5153
vn -0.2440 -0.8555 -0.4568
vn -0.2440 -0.8556 -0.4565
vn -0.2438 -0.8556 -0.4566
vn -0.2436 -0.8557 -0.4565
vn -0.0000 1.0000 -0.0000
vn -0.7731 -0.0000 0.6343
vn 0.9569 -0.0000 -0.2903
vn -0.6342 -0.0000 0.7732
vn 0.8818 -0.0000 -0.4716
vn -0.4716 -0.0000 0.8818
vn -0.0981 -0.0000 -0.9952
vn 0.7731 -0.0000 -0.6343
vn -0.2903 -0.0000 0.9569
vn -0.2903 -0.0000 -0.9569
vn 0.6344 -0.0000 -0.7730
vn -0.0981 -0.0000 0.9952
vn -0.4713 -0.0000 -0.8820
vn -0.4711 -0.0000 -0.8821
vn 0.4708 -0.0000 -0.8822
vn 0.0981 -0.0000 0.9952
vn -0.6344 -0.0000 -0.7730
vn 0.2903 -0.0000 -0.9569
vn 0.2903 -0.0000 0.9569
vn -0.7731 -0.0000 -0.6343
vn 0.0981 -0.0000 -0.9952
vn 0.4716 -0.0000 0.8818
vn -0.8818 -0.0000 -0.4716
vn 0.6344 -0.0000 0.7730
vn 0.6342 -0.0000 0.7732
vn -0.9569 -0.0000 -0.2903
vn 0.7731 -0.0000 0.6343
vn -0.9952 -0.0000 -0.0981
vn 0.8820 -0.0000 0.4712
vn 0.8818 -0.0000 0.4716
vn 0.8821 -0.0000 0.4711
vn -0.9952 -0.0000 0.0980
vn 0.9569 -0.0000 0.2903
vn -0.9569 -0.0000 0.2903
vn 0.9952 -0.0000 0.0980
vn -0.8818 -0.0000 0.4716
vn -0.8821 -0.0000 0.4711
vn -0.8820 -0.0000 0.4712
vn -0.8376 -0.4835 -0.2542
vn -0.8375 -0.4837 -0.2542
vn -0.8377 -0.4835 -0.2540
vn -0.8376 -0.4836 -0.2540
vn 0.6767 -0.4836 0.5551
vn 0.6767 -0.4835 0.5552
vn 0.6766 -0.4836 0.5553
vn -0.8712 -0.4834 -0.0859
vn -0.8712 -0.4834 -0.0861
vn -0.8711 -0.4835 -0.0860
vn -0.8711 -0.4836 -0.0858
vn 0.7720 -0.4835 0.4126
vn 0.7719 -0.4836 0.4127
vn 0.7720 -0.4837 0.4124
vn 0.7721 -0.4835 0.4125
vn -0.8711 -0.4836 0.0857
vn -0.8711 -0.4836 0.0858
vn -0.8711 -0.4836 0.0860
vn 0.8375 -0.4836 0.2544
vn 0.8376 -0.4836 0.2541
vn 0.8375 -0.4836 0.2545
vn 0.8376 -0.4836 0.2540
vn -0.8376 -0.4835 0.2542
vn -0.8375 -0.4836 0.2543
vn -0.8378 -0.4834 0.2538
vn -0.8376 -0.4836 0.2541
vn 0.8711 -0.4836 0.0858
vn -0.7717 -0.4836 0.4131
vn -0.7717 -0.4836 0.4130
vn -0.7719 -0.4836 0.4126
vn 0.8711 -0.4836 -0.0858
vn 0.8711 -0.4836 -0.0855
vn 0.8711 -0.4836 -0.0856
vn 0.8711 -0.4836 -0.0859
vn -0.6765 -0.4836 0.5554
vn -0.6768 -0.4836 0.5551
vn -0.6766 -0.4836 0.5553
vn 0.8374 -0.4837 -0.2544
vn 0.8376 -0.4836 -0.2540
vn 0.8376 -0.4836 -0.2541
vn -0.5556 -0.4836 0.6763
vn -0.5555 -0.4836 0.6764
vn -0.5553 -0.4836 0.6766
vn -0.5557 -0.4837 0.6763
vn 0.7720 -0.4835 -0.4127
vn 0.7720 -0.4836 -0.4124
vn 0.7720 -0.4836 -0.4126
vn -0.4127 -0.4836 0.7719
vn -0.4126 -0.4836 0.7719
vn -0.4125 -0.4836 0.7720
vn -0.0858 -0.4836 -0.8711
vn -0.0859 -0.4836 -0.8711
vn 0.6765 -0.4838 -0.5552
vn 0.6766 -0.4836 -0.5553
vn -0.2540 -0.4836 0.8376
vn -0.2541 -0.4835 0.8377
vn -0.2544 -0.4835 0.8376
vn -0.2542 -0.4836 -0.8375
vn -0.2541 -0.4836 -0.8376
vn -0.2539 -0.4835 -0.8377
vn 0.5552 -0.4834 -0.6768
vn 0.5555 -0.4836 -0.6764
vn 0.5554 -0.4835 -0.6765
vn 0.5552 -0.4835 -0.6767
vn -0.0857 -0.4836 0.8711
vn -0.0858 -0.4836 0.8711
vn -0.4127 -0.4835 -0.7719
vn -0.4127 -0.4836 -0.7719
vn -0.4130 -0.4835 -0.7718
vn -0.4126 -0.4836 -0.7719
vn 0.4126 -0.4835 -0.7720
vn 0.4127 -0.4834 -0.7720
vn 0.4125 -0.4836 -0.7720
vn 0.4126 -0.4836 -0.7719
vn 0.0857 -0.4836 0.8711
vn 0.0856 -0.4836 0.8711
vn 0.0858 -0.4836 0.8711
vn -0.5552 -0.4834 -0.6768
vn -0.5553 -0.4836 -0.6766
vn -0.5554 -0.4835 -0.6765
vn -0.5555 -0.4836 -0.6764
vn 0.2540 -0.4836 -0.8376
vn 0.2539 -0.4837 -0.8376
vn 0.2538 -0.4836 -0.8377
vn 0.2541 -0.4836 -0.8376
vn 0.2544 -0.4836 0.8375
vn 0.2543 -0.4836 0.8375
vn 0.2543 -0.4837 0.8375
vn -0.6765 -0.4837 -0.5553
vn -0.6766 -0.4836 -0.5553
vn -0.6765 -0.4835 -0.5554
vn 0.0859 -0.4836 -0.8711
vn 0.0857 -0.4836 -0.8711
vn 0.0858 -0.4836 -0.8711
vn 0.4127 -0.4836 0.7719
vn 0.4125 -0.4836 0.7720
vn -0.7719 -0.4836 -0.4126
vn -0.7720 -0.4836 -0.4126
vn 0.5556 -0.4836 0.6763
vn 0.5555 -0.4836 0.6764
vn 0.5556 -0.4836 0.6764
vn 0.5557 -0.4836 0.6763
vn -0.6343 -0.0000 -0.7731
vn -0.8308 -0.5506 0.0818
vn -0.8309 -0.5505 0.0817
vn -0.8307 -0.5506 0.0819
vn 0.7989 -0.5505 0.2423
vn 0.7989 -0.5506 0.2422
vn 0.7989 -0.5505 0.2422
vn -0.7988 -0.5507 0.2422
vn -0.7989 -0.5505 0.2423
vn -0.7989 -0.5506 0.2422
vn -0.7988 -0.5509 0.2419
vn 0.8305 -0.5509 0.0820
vn 0.8305 -0.5510 0.0820
vn 0.8307 -0.5507 0.0819
vn 0.8308 -0.5505 0.0818
vn -0.7362 -0.5505 0.3935
vn -0.7363 -0.5505 0.3935
vn -0.7362 -0.5506 0.3935
vn -0.7362 -0.5507 0.3935
vn 0.8308 -0.5506 -0.0818
vn 0.8308 -0.5505 -0.0818
vn 0.8308 -0.5505 -0.0817
vn -0.6453 -0.5506 0.5296
vn -0.6452 -0.5507 0.5295
vn -0.6453 -0.5505 0.5296
vn 0.7989 -0.5505 -0.2423
vn -0.5296 -0.5505 0.6453
vn -0.5296 -0.5505 0.6454
vn 0.7364 -0.5502 -0.3936
vn 0.7361 -0.5507 -0.3935
vn 0.7363 -0.5503 -0.3936
vn 0.7364 -0.5503 -0.3936
vn -0.3937 -0.5500 0.7365
vn -0.3935 -0.5504 0.7363
vn -0.3937 -0.5502 0.7364
vn -0.3937 -0.5503 0.7363
vn -0.0818 -0.5506 -0.8308
vn -0.0817 -0.5505 -0.8308
vn -0.0818 -0.5505 -0.8308
vn 0.6453 -0.5504 -0.5297
vn 0.6453 -0.5505 -0.5297
vn 0.6453 -0.5505 -0.5296
vn 0.6455 -0.5506 -0.5293
vn -0.2424 -0.5505 0.7989
vn -0.2423 -0.5505 0.7989
vn -0.2427 -0.5503 0.7989
vn -0.2426 -0.5500 0.7991
vn -0.2422 -0.5505 -0.7989
vn -0.2423 -0.5505 -0.7989
vn 0.5296 -0.5506 -0.6453
vn 0.5296 -0.5505 -0.6454
vn 0.5296 -0.5505 -0.6453
vn -0.0820 -0.5509 0.8305
vn -0.0818 -0.5505 0.8308
vn -0.3935 -0.5504 -0.7363
vn -0.3936 -0.5503 -0.7363
vn -0.3936 -0.5502 -0.7364
vn -0.3935 -0.5503 -0.7364
vn 0.3937 -0.5505 -0.7362
vn 0.3936 -0.5506 -0.7362
vn 0.3938 -0.5505 -0.7362
vn 0.3937 -0.5503 -0.7363
vn 0.0819 -0.5506 0.8308
vn 0.0819 -0.5506 0.8307
vn 0.0818 -0.5505 0.8308
vn -0.5296 -0.5502 -0.6456
vn -0.5296 -0.5505 -0.6454
vn -0.5296 -0.5505 -0.6453
vn 0.2423 -0.5505 -0.7989
vn 0.2426 -0.5509 -0.7986
vn 0.2422 -0.5505 -0.7990
vn 0.2421 -0.5505 -0.7990
vn 0.2426 -0.5507 0.7987
vn 0.2427 -0.5506 0.7987
vn 0.2425 -0.5504 0.7989
vn 0.2423 -0.5505 0.7989
vn -0.6453 -0.5505 -0.5296
vn -0.6453 -0.5506 -0.5296
vn -0.6455 -0.5505 -0.5295
vn -0.6455 -0.5504 -0.5296
vn 0.0819 -0.5506 -0.8308
vn 0.0819 -0.5506 -0.8307
vn 0.0822 -0.5509 -0.8305
vn 0.3936 -0.5507 0.7361
vn 0.3935 -0.5505 0.7362
vn 0.3937 -0.5507 0.7361
vn 0.3936 -0.5508 0.7360
vn -0.7362 -0.5505 -0.3935
vn -0.7363 -0.5505 -0.3935
vn 0.5295 -0.5505 0.6454
vn 0.5296 -0.5505 0.6453
vn 0.5292 -0.5505 0.6457
vn -0.7989 -0.5505 -0.2424
vn -0.7989 -0.5504 -0.2424
vn -0.7989 -0.5505 -0.2423
vn -0.7988 -0.5506 -0.2423
vn 0.6452 -0.5506 0.5296
vn 0.6454 -0.5505 0.5296
vn 0.6453 -0.5505 0.5296
vn -0.8308 -0.5505 -0.0818
vn 0.7365 -0.5500 0.3937
vn 0.7364 -0.5502 0.3936
vn 0.7364 -0.5502 0.3937
vn 0.7363 -0.5503 0.3937
vn 0.2907 -0.0000 -0.9568
vn 0.2907 -0.0000 0.9568
vn -0.7729 -0.0000 -0.6345
vn 0.0984 -0.0000 -0.9951
vn 0.0980 -0.0000 -0.9952
vn 0.4718 -0.0000 0.8817
vn -0.8820 -0.0000 -0.4713
vn 0.6345 -0.0000 0.7730
vn -0.9570 -0.0000 -0.2901
vn -0.9571 -0.0000 -0.2898
vn -0.9952 -0.0000 -0.0983
vn -0.9952 -0.0000 -0.0978
vn 0.8820 -0.0000 0.4713
vn -0.9952 -0.0000 0.0983
vn 0.9571 -0.0000 0.2898
vn 0.9952 -0.0000 0.0983
vn -0.8820 -0.0000 0.4713
vn 0.9952 -0.0000 -0.0983
vn 0.9952 -0.0000 -0.0980
vn 0.9570 -0.0000 -0.2901
vn 0.9571 -0.0000 -0.2898
vn -0.6345 -0.0000 0.7730
vn -0.6344 -0.0000 0.7730
vn 0.8820 -0.0000 -0.4713
vn -0.4713 -0.0000 0.8820
vn -0.0983 -0.0000 -0.9952
vn 0.7729 -0.0000 -0.6345
vn -0.2906 -0.0000 0.9568
vn -0.2911 -0.0000 0.9567
vn -0.2902 -0.0000 -0.9570
vn 0.6343 -0.0000 -0.7731
vn -0.0983 -0.0000 0.9952
vn 0.4718 -0.0000 -0.8817
vn 0.0984 -0.0000 0.9951
vn 0.0980 -0.0000 0.9952
vn 0.3549 -0.0000 0.9349
vn 0.3550 -0.0000 0.9349
vn 0.1657 -0.0000 0.9862
vn -0.0299 -0.0000 0.9996
vn -0.2243 -0.0000 0.9745
vn -0.4123 -0.0096 0.9110
vn -0.4101 -0.0000 0.9120
vn -0.5801 -0.0000 0.8146
vn -0.5801 -0.0000 0.8145
vn -0.5797 -0.0020 0.8149
vn -0.7279 -0.0000 0.6857
vn -0.8477 -0.0000 0.5304
vn -0.8477 -0.0000 0.5305
vn -0.9349 -0.0000 0.3549
vn -0.9347 -0.0021 0.3554
vn -0.9862 -0.0000 0.1657
vn -0.9996 -0.0000 -0.0299
vn -0.9996 -0.0029 -0.0292
vn -0.9745 -0.0000 -0.2243
vn -0.9121 -0.0000 -0.4100
vn -0.9121 -0.0000 -0.4101
vn -0.8145 -0.0000 -0.5801
vn -0.8145 -0.0000 -0.5802
vn -0.6857 -0.0000 -0.7279
vn -0.5305 -0.0000 -0.8477
vn -0.3549 -0.0000 -0.9349
vn -0.1657 -0.0000 -0.9862
vn -0.1658 -0.0000 -0.9862
vn 0.0299 -0.0000 -0.9996
vn 0.2243 -0.0000 -0.9745
vn 0.4101 -0.0000 -0.9120
vn 0.4100 -0.0000 -0.9121
vn 0.5802 -0.0000 -0.8145
vn 0.5801 -0.0000 -0.8145
vn 0.7279 -0.0000 -0.6857
vn 0.8477 -0.0000 -0.5305
vn 0.9349 -0.0000 -0.3550
vn 0.9349 -0.0000 -0.3549
vn 0.9862 -0.0000 -0.1657
vn 0.9862 -0.0000 -0.1655
vn 0.9862 -0.0000 -0.1656
vn 0.9996 -0.0000 0.0299
vn 0.9745 -0.0000 0.2243
vn 0.9121 -0.0000 0.4101
vn 0.9120 -0.0000 0.4101
vn 0.8145 -0.0000 0.5802
vn -0.8312 0.4607 0.3114
vn -0.8312 0.4607 0.3113
vn 0.6857 -0.0000 0.7279
vn 0.5306 -0.0000 0.8476
vn 0.5307 -0.0000 0.8476
vn 0.5305 -0.0000 0.8477
vn -0.0000 -1.0000 -0.0006
vn -0.0000 -1.0000 0.0002
vn -0.0000 -1.0000 -0.0003
vn -0.0000 -1.0000 0.0001
vn -0.0000 -1.0000 -0.0001
vn -0.0000 -1.0000 0.0005
vn -0.0000 -1.0000 0.0003
vn -0.0000 -1.0000 -0.0004
vn -0.0579 0.6232 0.7799
vn -0.0579 0.6233 0.7798
vn -0.0579 0.6233 0.7799
vn 0.0800 0.7022 -0.7075
vn 0.0799 0.7022 -0.7075
vn 0.1629 0.9797 -0.1166
vn 0.1629 0.9797 -0.1167
vn -0.3330 0.4516 0.8277
vn -0.6770 0.4608 -0.5738
vn 0.1180 0.9930 -0.0100
vn 0.4226 0.5301 0.7351
vn 0.4227 0.5301 0.7351
vn 0.4227 0.5300 0.7351
vn 0.5558 0.6037 0.5715
vn 0.5559 0.6037 0.5715
vn 0.5559 0.6037 0.5714
vn -0.8784 0.4584 0.1349
vn 0.2241 0.8075 -0.5457
vn 0.2240 0.8075 -0.5457
vn 0.2242 0.8074 -0.5457
vn 0.2940 0.9504 -0.1015
vn 0.2940 0.9504 -0.1014
vn -0.4980 0.4548 0.7383
vn -0.5216 0.4843 -0.7024
vn -0.5216 0.4843 -0.7025
vn 0.0647 0.9978 -0.0115
vn 0.0647 0.9978 -0.0116
vn 0.2447 0.4843 0.8400
vn 0.2446 0.4843 0.8400
vn -0.8892 0.4548 -0.0494
vn -0.8892 0.4548 -0.0493
vn 0.2814 0.8946 -0.3472
vn 0.2814 0.8945 -0.3473
vn 0.2813 0.8945 -0.3473
vn 0.4467 0.8946 -0.0144
vn -0.6383 0.4584 0.6184
vn -0.3303 0.5301 -0.7809
vn -0.3304 0.5301 -0.7809
vn 0.0482 0.9978 -0.0446
vn 0.0482 0.9978 -0.0445
vn 0.0482 0.4608 0.8862
vn -0.8607 0.4517 -0.2348
vn 0.2584 0.9504 -0.1730
vn 0.5702 0.8075 0.1511
vn 0.5702 0.8075 0.1512
vn 0.5707 0.8070 0.1518
vn 0.5702 0.8075 0.1510
vn -0.7503 0.4606 0.4742
vn -0.7503 0.4607 0.4741
vn -0.1195 0.6037 -0.7882
vn -0.1196 0.6037 -0.7882
vn 0.0792 0.9930 -0.0881
vn -0.1484 0.4521 0.8795
vn -0.7905 0.4521 -0.4131
vn -0.7905 0.4521 -0.4132
vn 0.1914 0.9797 -0.0593
vn 0.1915 0.9797 -0.0594
vn 0.6121 0.7021 0.3639
vn 0.6122 0.7021 0.3638
vn 0.8203 -0.4014 -0.4074
vn 0.8199 -0.4015 -0.4080
vn 0.8203 -0.4013 -0.4076
vn 0.8201 -0.4016 -0.4076
vn 0.8202 -0.4014 -0.4075
vn 0.8204 -0.4014 -0.4072
vn 0.8204 -0.4010 -0.4077
vn 0.8201 -0.4017 -0.4074
vn 0.8208 -0.4003 -0.4075
vn 0.8202 -0.4016 -0.4074
vn 0.8205 -0.4011 -0.4072
vn 0.8202 -0.4013 -0.4076
vn 0.8202 -0.4013 -0.4077
vn 0.8204 -0.4003 -0.4083
vn 0.8203 -0.4015 -0.4072
vn 0.8201 -0.4020 -0.4073
vn 0.8203 -0.4013 -0.4075
vn 0.8206 -0.4006 -0.4076
vn 0.8202 -0.4017 -0.4073
vn 0.8203 -0.4015 -0.4074
vn 0.8203 -0.4014 -0.4075
vn 0.9366 -0.1054 0.3342
vn 0.9366 -0.1055 0.3341
vn 0.9366 -0.1054 0.3341
vn 0.2997 -0.1056 -0.9482
vn 0.2996 -0.1054 -0.9482
vn 0.2996 -0.1056 -0.9482
vn -0.1544 0.7314 0.6642
vn -0.1544 0.7313 0.6643
vn 0.5748 -0.0878 0.8136
vn 0.5752 -0.0882 0.8133
vn 0.5750 -0.0879 0.8134
vn 0.8931 0.3342 -0.3011
vn 0.8931 0.3342 -0.3010
vn 0.8932 0.3342 -0.3010
vn 0.8931 0.3341 -0.3011
vn -0.2405 0.8072 0.5390
vn 0.7744 0.6269 0.0857
vn 0.7744 0.6269 0.0858
vn 0.7743 0.6270 0.0857
vn -0.3184 0.8550 0.4094
vn 0.6106 0.7776 0.1501
vn -0.3901 0.8780 0.2773
vn -0.3901 0.8780 0.2774
vn 0.4802 0.8702 0.1104
vn 0.4802 0.8702 0.1105
vn -0.4567 0.8780 0.1433
vn -0.4567 0.8780 0.1431
vn 0.3773 0.9256 0.0288
vn 0.3774 0.9256 0.0287
vn -0.5186 0.8550 0.0064
vn -0.5186 0.8550 0.0063
vn 0.2976 0.9517 -0.0750
vn 0.2976 0.9518 -0.0749
vn -0.5748 0.8072 -0.1343
vn -0.5748 0.8072 -0.1340
vn -0.5749 0.8072 -0.1343
vn 0.2395 0.9518 -0.1917
vn 0.2395 0.9518 -0.1918
vn -0.6226 0.7314 -0.2783
vn -0.6226 0.7314 -0.2782
vn -0.6226 0.7314 -0.2784
vn 0.2052 0.9256 -0.3181
vn 0.2052 0.9256 -0.3180
vn -0.6564 0.6232 -0.4251
vn -0.6565 0.6232 -0.4251
vn 0.2021 0.8702 -0.4493
vn 0.2021 0.8702 -0.4494
vn -0.6664 0.4793 -0.5711
vn -0.6664 0.4794 -0.5710
vn 0.3422 0.0998 0.9343
vn 0.3421 0.1000 0.9343
vn 0.3422 0.0999 0.9343
vn 0.2494 0.7775 -0.5773
vn 0.2494 0.7775 -0.5774
vn -0.6363 0.3009 -0.7103
vn -0.6363 0.3011 -0.7103
vn -0.6363 0.3010 -0.7103
vn 0.1816 0.3010 0.9362
vn 0.1816 0.3009 0.9362
vn 0.3996 0.6269 -0.6688
vn 0.3996 0.6270 -0.6688
vn 0.3995 0.6269 -0.6689
vn -0.5377 0.0997 -0.8372
vn -0.5377 0.0999 -0.8372
vn 0.0525 0.4793 0.8761
vn 0.7796 0.3343 -0.5297
vn 0.7795 0.3343 -0.5297
vn 0.7796 0.3342 -0.5297
vn 0.7796 0.3344 -0.5296
vn -0.3010 -0.0878 -0.9496
vn -0.3009 -0.0877 -0.9496
vn -0.7148 -0.0000 0.6994
vn -0.7147 -0.0000 0.6994
vn -0.8375 -0.0000 0.5465
vn -0.8374 -0.0000 0.5466
vn -0.9280 -0.0000 0.3726
vn -0.9828 -0.0000 0.1844
vn -0.9999 -0.0000 -0.0109
vn -0.9786 -0.0000 -0.2058
vn -0.9197 -0.0000 -0.3927
vn -0.8254 -0.0000 -0.5646
vn -0.8254 -0.0000 -0.5645
vn -0.6993 -0.0000 -0.7148
vn -0.5465 -0.0000 -0.8375
vn -0.3726 -0.0000 -0.9280
vn -0.1844 -0.0000 -0.9829
vn 0.0109 -0.0000 -0.9999
vn 0.2058 -0.0000 -0.9786
vn 0.3927 -0.0000 -0.9197
vn 0.5646 -0.0000 -0.8254
vn 0.7148 -0.0000 -0.6994
vn 0.8375 -0.0000 -0.5465
vn 0.9280 -0.0000 -0.3726
vn 0.9828 -0.0000 -0.1844
vn 0.9999 -0.0000 0.0109
vn 0.9786 -0.0000 0.2058
vn 0.9196 -0.0000 0.3928
vn 0.8254 -0.0000 0.5646
vn 0.6993 -0.0000 0.7148
vn 0.5465 -0.0000 0.8375
vn 0.3726 -0.0000 0.9280
vn 0.1844 -0.0000 0.9829
vn -0.0109 -0.0000 0.9999
vn -0.2058 -0.0000 0.9786
vn -0.6179 0.4607 -0.6372
vn -0.6179 0.4606 -0.6372
vn -0.3928 -0.0000 0.9196
vn -0.5646 -0.0000 0.8254
vn -0.5645 -0.0000 0.8254
vn -0.5646 -0.0000 0.8253
vn -0.0000 -1.0000 -0.0005
vn -0.0000 -1.0000 -0.0002
vn -0.7379 0.6232 0.2590
vn 0.6805 0.7021 -0.2098
vn 0.6804 0.7022 -0.2100
vn 0.6804 0.7021 -0.2099
vn 0.1721 0.9797 0.1026
vn -0.8918 0.4517 0.0260
vn -0.8918 0.4517 0.0259
vn 0.2550 0.4607 -0.8501
vn 0.0563 0.9930 0.1042
vn 0.0563 0.9930 0.1043
vn -0.5046 0.5300 0.6815
vn -0.5045 0.5300 0.6816
vn -0.3013 0.6037 0.7381
vn -0.4751 0.4584 -0.7511
vn 0.5897 0.8075 -0.0128
vn 0.5897 0.8075 -0.0129
vn 0.5897 0.8075 -0.0130
vn 0.2105 0.9504 0.2289
vn 0.2105 0.9504 0.2288
vn 0.2104 0.9504 0.2289
vn -0.8759 0.4548 -0.1610
vn 0.4350 0.4843 -0.7591
vn 0.0364 0.9978 0.0546
vn 0.0364 0.9978 0.0547
vn -0.6720 0.4843 0.5603
vn -0.6720 0.4843 0.5602
vn -0.3106 0.4548 -0.8347
vn -0.3105 0.4548 -0.8347
vn 0.4308 0.8946 0.1188
vn 0.4308 0.8946 0.1189
vn 0.4308 0.8946 0.1190
vn 0.1919 0.8946 0.4036
vn 0.1918 0.8946 0.4036
vn 0.1920 0.8946 0.4036
vn -0.8222 0.4583 -0.3375
vn -0.8222 0.4584 -0.3375
vn 0.5835 0.5300 -0.6153
vn 0.5835 0.5300 -0.6152
vn 0.5835 0.5301 -0.6153
vn 0.0602 0.9978 0.0264
vn 0.0602 0.9978 0.0263
vn -0.7929 0.4608 0.3987
vn -0.7929 0.4608 0.3988
vn -0.1292 0.4517 -0.8828
vn 0.2619 0.9504 0.1677
vn 0.2619 0.9504 0.1676
vn 0.0898 0.8075 0.5830
vn 0.0896 0.8075 0.5830
vn 0.0897 0.8075 0.5830
vn -0.7349 0.4606 -0.4978
vn -0.7348 0.4606 -0.4978
vn 0.6745 0.6037 -0.4249
vn 0.1124 0.9930 0.0374
vn -0.8654 0.4521 0.2160
vn 0.0624 0.4521 -0.8898
vn 0.1309 0.9797 0.1516
vn 0.1309 0.9797 0.1515
vn 0.1309 0.9797 0.1517
vn 0.1309 0.9797 0.1518
vn -0.0885 0.7021 0.7065
vn -0.0884 0.7022 0.7065
vn 0.7016 -0.4014 0.5887
vn 0.7014 -0.4013 0.5891
vn 0.7017 -0.4014 0.5886
vn 0.7017 -0.4013 0.5887
vn 0.7022 -0.4004 0.5888
vn 0.7017 -0.4014 0.5887
vn 0.7016 -0.4005 0.5894
vn 0.7016 -0.4013 0.5888
vn 0.7019 -0.4012 0.5886
vn 0.7016 -0.4015 0.5887
vn 0.7016 -0.4011 0.5890
vn 0.7011 -0.4016 0.5892
vn 0.7017 -0.4019 0.5883
vn 0.7017 -0.4016 0.5885
vn 0.7017 -0.4015 0.5886
vn 0.7014 -0.4012 0.5891
vn 0.7016 -0.4014 0.5888
vn 0.0686 -0.1055 0.9920
vn 0.0686 -0.1055 0.9921
vn 0.0687 -0.1055 0.9920
vn 0.9889 -0.1054 -0.1046
vn 0.9889 -0.1055 -0.1047
vn -0.6706 0.7314 0.1242
vn -0.6706 0.7314 0.1241
vn -0.5157 -0.0878 0.8522
vn -0.5158 -0.0878 0.8522
vn -0.5157 -0.0879 0.8522
vn 0.6332 0.3343 0.6981
vn 0.6333 0.3342 0.6980
vn 0.6333 0.3341 0.6980
vn 0.6333 0.3341 0.6981
vn -0.5902 0.8072 -0.0048
vn -0.5902 0.8072 -0.0046
vn 0.2313 0.6269 0.7440
vn 0.2312 0.6269 0.7440
vn 0.2313 0.6268 0.7440
vn -0.5026 0.8550 -0.1280
vn -0.5025 0.8550 -0.1280
vn 0.1068 0.7775 0.6198
vn 0.1069 0.7776 0.6197
vn -0.4102 0.8780 -0.2465
vn -0.4102 0.8781 -0.2464
vn 0.0909 0.8703 0.4841
vn 0.0909 0.8702 0.4842
vn 0.0908 0.8702 0.4842
vn 0.0908 0.8702 0.4843
vn -0.3140 0.8780 -0.3612
vn -0.3140 0.8780 -0.3614
vn 0.1247 0.9256 0.3573
vn 0.1247 0.9256 0.3574
vn -0.2133 0.8550 -0.4728
vn 0.1877 0.9518 0.2427
vn 0.1877 0.9518 0.2426
vn -0.1070 0.8072 -0.5804
vn -0.1071 0.8073 -0.5804
vn -0.1071 0.8073 -0.5803
vn 0.2717 0.9517 0.1428
vn 0.2717 0.9517 0.1427
vn 0.0059 0.7314 -0.6819
vn 0.3735 0.9256 0.0608
vn 0.3735 0.9256 0.0607
vn 0.1270 0.6232 -0.7717
vn 0.4927 0.8702 0.0054
vn 0.4927 0.8702 0.0055
vn 0.2569 0.4793 -0.8392
vn 0.2567 0.4794 -0.8392
vn -0.7192 0.0997 0.6876
vn -0.7192 0.0998 0.6876
vn 0.6288 0.7776 -0.0024
vn 0.3964 0.3009 -0.8674
vn 0.3964 0.3010 -0.8673
vn -0.7853 0.3010 0.5410
vn 0.7728 0.6269 0.0986
vn 0.7726 0.6273 0.0980
vn 0.7729 0.6268 0.0984
vn 0.5522 0.0998 -0.8277
vn 0.5522 0.0998 -0.8278
vn -0.7819 0.4793 0.3986
vn -0.7819 0.4793 0.3987
vn 0.7974 0.3343 0.5024
vn 0.7973 0.3344 0.5025
vn 0.7497 -0.0878 -0.6559
vn 0.7498 -0.0878 -0.6558
vn 0.7497 -0.0879 -0.6559
vn -0.0602 -0.0000 0.9982
vn -0.2538 -0.0000 0.9673
vn -0.4376 -0.0000 0.8992
vn -0.6046 -0.0000 0.7965
vn -0.6043 -0.0000 0.7967
vn -0.6046 -0.0000 0.7966
vn -0.6047 -0.0000 0.7964
vn -0.7484 -0.0000 0.6632
vn -0.8634 -0.0000 0.5044
vn -0.8634 -0.0000 0.5045
vn -0.9452 -0.0000 0.3264
vn -0.9907 -0.0000 0.1358
vn -0.9982 -0.0000 -0.0602
vn -0.9673 -0.0000 -0.2537
vn -0.8992 -0.0000 -0.4376
vn -0.7965 -0.0000 -0.6046
vn -0.6633 -0.0000 -0.7484
vn -0.5044 -0.0000 -0.8634
vn -0.5045 -0.0000 -0.8634
vn -0.3264 -0.0000 -0.9452
vn -0.3265 -0.0000 -0.9452
vn -0.1357 -0.0000 -0.9908
vn 0.0602 -0.0000 -0.9982
vn 0.2538 -0.0000 -0.9673
vn 0.4376 -0.0000 -0.8992
vn 0.6046 -0.0000 -0.7966
vn 0.6043 -0.0000 -0.7967
vn 0.6046 -0.0000 -0.7965
vn 0.6047 -0.0000 -0.7964
vn 0.7484 -0.0000 -0.6633
vn 0.7484 -0.0000 -0.6632
vn 0.8634 -0.0000 -0.5044
vn 0.8634 -0.0000 -0.5045
vn 0.9452 -0.0000 -0.3264
vn 0.9907 -0.0000 -0.1358
vn 0.9982 -0.0000 0.0602
vn 0.9673 -0.0000 0.2538
vn 0.8992 -0.0000 0.4376
vn 0.7966 -0.0000 0.6046
vn 0.7968 -0.0000 0.6042
vn 0.7965 -0.0000 0.6046
vn 0.6633 -0.0000 0.7484
vn 0.6632 -0.0000 0.7484
vn 0.5044 -0.0000 0.8635
vn 0.5045 -0.0000 0.8634
vn 0.5042 -0.0000 0.8636
vn -0.8857 0.4606 -0.0574
vn 0.3264 -0.0000 0.9452
vn 0.1357 -0.0000 0.9907
vn -0.3730 0.6232 0.6874
vn -0.3730 0.6233 0.6873
vn -0.3730 0.6232 0.6873
vn 0.3635 0.7021 -0.6124
vn 0.3634 0.7021 -0.6124
vn 0.1964 0.9797 -0.0394
vn -0.6435 0.4517 0.6180
vn -0.3818 0.4608 -0.8012
vn -0.3817 0.4608 -0.8012
vn 0.1117 0.9930 0.0394
vn 0.0836 0.5301 0.8438
vn 0.2723 0.6037 0.7493
vn 0.2724 0.6037 0.7493
vn -0.8564 0.4584 -0.2376
vn 0.4284 0.8075 -0.4054
vn 0.4283 0.8075 -0.4055
vn 0.4284 0.8075 -0.4055
vn 0.3097 0.9504 0.0282
vn 0.3097 0.9504 0.0284
vn 0.3097 0.9504 0.0283
vn 0.3097 0.9504 0.0281
vn -0.7572 0.4548 0.4688
vn -0.1872 0.4843 -0.8546
vn -0.1872 0.4843 -0.8547
vn 0.0637 0.9978 0.0161
vn -0.1219 0.4843 0.8664
vn -0.1218 0.4843 0.8664
vn -0.7906 0.4548 -0.4100
vn -0.7906 0.4548 -0.4101
vn 0.3991 0.8946 -0.2011
vn 0.4131 0.8946 0.1703
vn 0.4132 0.8946 0.1703
vn -0.8359 0.4584 0.3018
vn -0.8359 0.4584 0.3019
vn 0.0195 0.5301 -0.8477
vn 0.0194 0.5301 -0.8477
vn 0.0623 0.9978 -0.0208
vn 0.0623 0.9978 -0.0209
vn -0.3199 0.4608 0.8278
vn -0.3198 0.4608 0.8279
vn -0.3199 0.4608 0.8279
vn -0.6884 0.4517 -0.5675
vn 0.3067 0.9504 -0.0516
vn 0.3066 0.9504 -0.0517
vn 0.4579 0.8075 0.3719
vn -0.8788 0.4606 0.1244
vn -0.8788 0.4606 0.1243
vn -0.8788 0.4606 0.1245
vn 0.2146 0.6037 -0.7678
vn 0.2147 0.6037 -0.7677
vn 0.1084 0.9930 -0.0477
vn 0.1084 0.9930 -0.0476
vn 0.1084 0.9930 -0.0478
vn -0.4964 0.4521 0.7411
vn -0.5511 0.4521 -0.7013
vn 0.1989 0.9797 0.0244
vn 0.1989 0.9797 0.0243
vn 0.4088 0.7021 0.5830
vn 0.4087 0.7021 0.5831
vn 0.4087 0.7022 0.5831
vn 0.9152 -0.4014 -0.0349
vn 0.9152 -0.4014 -0.0350
vn 0.9152 -0.4014 -0.0347
vn 0.9151 -0.4017 -0.0346
vn 0.9152 -0.4014 -0.0348
vn 0.9153 -0.4012 -0.0352
vn 0.9154 -0.4011 -0.0348
vn 0.9150 -0.4019 -0.0348
vn 0.9154 -0.4010 -0.0349
vn 0.9152 -0.4015 -0.0348
vn 0.9151 -0.4017 -0.0348
vn 0.9153 -0.4012 -0.0349
vn 0.9153 -0.4013 -0.0347
vn 0.9152 -0.4014 -0.0351
vn 0.9152 -0.4015 -0.0345
vn 0.9151 -0.4017 -0.0345
vn 0.9157 -0.4002 -0.0354
vn 0.9153 -0.4012 -0.0348
vn 0.9153 -0.4014 -0.0348
vn 0.9153 -0.4013 -0.0337
vn 0.9153 -0.4013 -0.0348
vn 0.7169 -0.1056 0.6892
vn 0.7168 -0.1056 0.6892
vn 0.6625 -0.1055 -0.7416
vn 0.6626 -0.1055 -0.7415
vn -0.4136 0.7313 0.5424
vn -0.4136 0.7314 0.5423
vn -0.4135 0.7313 0.5424
vn 0.1902 -0.0878 0.9778
vn 0.1901 -0.0878 0.9778
vn 0.9380 0.3342 0.0920
vn 0.9380 0.3342 0.0921
vn -0.4406 0.8072 0.3928
vn 0.6709 0.6269 0.3961
vn 0.6709 0.6270 0.3959
vn 0.6710 0.6270 0.3959
vn -0.4584 0.8550 0.2426
vn -0.4584 0.8550 0.2425
vn 0.4952 0.7775 0.3875
vn 0.4952 0.7776 0.3875
vn 0.4952 0.7775 0.3877
vn -0.4695 0.8780 0.0928
vn -0.4695 0.8780 0.0929
vn 0.3925 0.8702 0.2978
vn 0.3925 0.8702 0.2979
vn -0.4752 0.8780 -0.0571
vn -0.4752 0.8780 -0.0570
vn -0.4752 0.8780 -0.0569
vn 0.3323 0.9256 0.1812
vn 0.3323 0.9256 0.1811
vn -0.4755 0.8550 -0.2071
vn 0.3021 0.9518 0.0538
vn -0.4691 0.8072 -0.3582
vn 0.2971 0.9518 -0.0765
vn 0.2971 0.9518 -0.0767
vn 0.2971 0.9518 -0.0766
vn 0.2971 0.9518 -0.0764
vn -0.4535 0.7313 -0.5095
vn -0.4535 0.7313 -0.5094
vn -0.4535 0.7314 -0.5094
vn 0.3176 0.9256 -0.2058
vn -0.4240 0.6232 -0.6572
vn 0.3687 0.8702 -0.3267
vn 0.3687 0.8702 -0.3268
vn -0.3731 0.4795 -0.7943
vn -0.3731 0.4794 -0.7943
vn -0.0715 0.0998 0.9924
vn 0.4645 0.7776 -0.4238
vn 0.4644 0.7775 -0.4241
vn -0.2885 0.3010 -0.9089
vn -0.2885 0.3009 -0.9090
vn -0.2188 0.3010 0.9282
vn 0.6390 0.6269 -0.4457
vn 0.6390 0.6269 -0.4458
vn -0.1465 0.0998 -0.9842
vn -0.3118 0.4793 0.8204
vn -0.3117 0.4793 0.8204
vn -0.3118 0.4794 0.8203
vn 0.9283 0.3342 -0.1630
vn 0.9283 0.3341 -0.1630
vn 0.9283 0.3342 -0.1631
vn 0.1154 -0.0878 -0.9894
vn -0.4270 -0.0197 0.9040
vn -0.4101 0.0007 0.9120
vn -0.5801 0.0002 0.8146
vn -0.5769 -0.0042 0.8168
vn -0.9349 0.0002 0.3549
vn -0.9334 -0.0044 0.3588
vn -0.9996 0.0002 -0.0299
vn -0.9997 -0.0061 -0.0242
vt 0.000000 0.000000
vt 1.000000 1.000000
vt 0.968800 1.000000
vt 0.968800 0.500000
vt 1.000000 0.500000
vt 0.937500 1.000000
vt 0.937500 0.500000
vt 0.906200 1.000000
vt 0.906200 0.500000
vt 0.875000 1.000000
vt 0.875000 0.500000
vt 0.843800 1.000000
vt 0.812500 1.000000
vt 0.812500 0.500000
vt 0.781200 0.500000
vt 0.781200 1.000000
vt 0.750000 1.000000
vt 0.750000 0.500000
vt 0.718800 1.000000
vt 0.718800 0.500000
vt 0.687500 0.500000
vt 0.687500 1.000000
vt 0.656200 1.000000
vt 0.656200 0.500000
vt 0.625000 1.000000
vt 0.625000 0.500000
vt 0.593800 0.500000
vt 0.593800 1.000000
vt 0.562500 0.500000
vt 0.562500 1.000000
vt 0.531200 0.500000
vt 0.531200 1.000000
vt 0.500000 0.500000
vt 0.500000 1.000000
vt 0.468800 0.500000
vt 0.468800 1.000000
vt 0.437500 0.500000
vt 0.437500 1.000000
vt 0.406200 0.500000
vt 0.406200 1.000000
vt 0.375000 1.000000
vt 0.375000 0.500000
vt 0.343800 1.000000
vt 0.343800 0.500000
vt 0.312500 0.500000
vt 0.312500 1.000000
vt 0.281200 0.500000
vt 0.281200 1.000000
vt 0.250000 1.000000
vt 0.250000 0.500000
vt 0.218800 1.000000
vt 0.218800 0.500000
vt 0.187500 0.500000
vt 0.187500 1.000000
vt 0.156200 1.000000
vt 0.156200 0.500000
vt 0.125000 0.500000
vt 0.125000 1.000000
vt 0.093800 0.500000
vt 0.093800 1.000000
vt 0.062500 1.000000
vt 0.062500 0.500000
vt 0.031200 1.000000
vt 0.031200 0.500000
vt 0.000000 1.000000
vt 0.000000 0.500000
vt 0.796800 0.485400
vt 0.841800 0.471700
vt 0.883300 0.449600
vt 0.919700 0.419700
vt 0.949600 0.383300
vt 0.971700 0.341800
vt 0.985400 0.296800
vt 0.990000 0.250000
vt 0.985400 0.203200
vt 0.971700 0.158200
vt 0.949600 0.116700
vt 0.919700 0.080300
vt 0.883300 0.050400
vt 0.841800 0.028300
vt 0.796800 0.014600
vt 0.750000 0.010000
vt 0.703200 0.014600
vt 0.658200 0.028300
vt 0.616700 0.050400
vt 0.580300 0.080300
vt 0.550400 0.116700
vt 0.528300 0.158200
vt 0.514600 0.203200
vt 0.510000 0.250000
vt 0.514600 0.296800
vt 0.528300 0.341800
vt 0.550400 0.383300
vt 0.580300 0.419700
vt 0.616700 0.449600
vt 0.658200 0.471700
vt 0.750000 0.490000
vt 0.703200 0.485400
vt 0.296800 0.485400
vt 0.250000 0.490000
vt 0.203200 0.485400
vt 0.158200 0.471700
vt 0.116700 0.449600
vt 0.080300 0.419700
vt 0.050400 0.383300
vt 0.028300 0.341800
vt 0.014600 0.296800
vt 0.010000 0.250000
vt 0.014600 0.203200
vt 0.028300 0.158200
vt 0.050400 0.116700
vt 0.080300 0.080300
vt 0.116700 0.050400
vt 0.158200 0.028300
vt 0.203200 0.014600
vt 0.250000 0.010000
vt 0.296800 0.014600
vt 0.341800 0.028300
vt 0.383300 0.050400
vt 0.419700 0.080300
vt 0.449600 0.116700
vt 0.471700 0.158200
vt 0.485400 0.203200
vt 0.490000 0.250000
vt 0.485400 0.296800
vt 0.471700 0.341800
vt 0.449600 0.383300
vt 0.419700 0.419700
vt 0.383300 0.449600
vt 0.341800 0.471700
vt 0.843800 0.500000
s 1
g off
g pie_deltante_izquierda_Goddard_None
usemtl Goddard_None
f 1/1/1 2/1/2 3/1/2
f 3/1/2 4/1/3 5/1/4
f 1/1/1 3/1/2 5/1/4
f 5/1/4 6/1/3 7/1/5
f 7/1/5 8/1/3 9/1/6
f 5/1/4 7/1/5 9/1/6
f 1/1/1 5/1/4 9/1/6
f 9/1/6 10/1/3 11/1/7
f 11/1/7 12/1/3 13/1/8
f 9/1/6 11/1/7 13/1/8
f 13/1/8 14/1/3 15/1/9
f 15/1/9 16/1/3 17/1/8
f 13/1/8 15/1/9 17/1/8
f 9/1/6 13/1/8 17/1/8
f 17/1/8 18/1/3 19/1/3
f 19/1/3 20/1/3 21/1/10
f 17/1/8 19/1/3 21/1/10
f 21/1/10 22/1/3 23/1/8
f 23/1/8 24/1/3 25/1/11
f 21/1/10 23/1/8 25/1/11
f 17/1/8 21/1/10 25/1/11
f 9/1/6 17/1/8 25/1/11
f 1/1/1 9/1/6 25/1/11
f 26/1/3 27/1/3 28/1/1
f 25/1/11 26/1/3 28/1/1
f 25/1/11 28/1/1 29/1/12
f 1/1/1 25/1/11 29/1/12
f 30/1/4 1/1/1 29/1/12
f 30/1/4 29/1/12 31/1/3
f 30/1/4 31/1/3 32/1/3
s 2
f 33/1/13 34/1/14 35/1/15
f 35/1/15 36/1/16 33/1/13
s 3
f 19/1/17 37/1/18 38/1/19
f 38/1/19 20/1/20 19/1/17
s 4
f 39/1/21 1/1/22 30/1/22
f 30/1/22 40/1/21 39/1/21
s 5
f 5/1/23 41/1/23 42/1/23
f 42/1/23 6/1/23 5/1/23
s 6
f 18/1/24 43/1/25 37/1/25
f 37/1/25 19/1/26 18/1/24
s 7
f 40/1/27 30/1/28 32/1/29
f 32/1/29 44/1/30 40/1/27
s 8
f 4/1/31 45/1/32 41/1/33
f 41/1/33 5/1/32 4/1/31
s 9
f 17/1/34 46/1/34 43/1/34
f 43/1/34 18/1/34 17/1/34
s 10
f 44/1/35 32/1/36 31/1/36
f 31/1/36 47/1/37 44/1/35
s 11
f 3/1/38 48/1/39 45/1/40
f 45/1/40 4/1/41 3/1/38
s 12
f 16/1/42 49/1/42 46/1/42
f 46/1/42 17/1/42 16/1/42
s 13
f 31/1/43 29/1/44 50/1/45
f 50/1/45 47/1/45 31/1/43
s 14
f 2/1/46 51/1/47 48/1/46
f 48/1/46 3/1/48 2/1/46
s 15
f 15/1/49 52/1/50 49/1/49
f 49/1/49 16/1/51 15/1/49
s 16
f 28/1/52 53/1/53 50/1/54
f 50/1/54 29/1/55 28/1/52
s 17
f 2/1/56 1/1/56 39/1/56
f 39/1/56 51/1/56 2/1/56
s 18
f 14/1/57 54/1/58 52/1/59
f 52/1/59 15/1/60 14/1/57
s 19
f 55/1/61 53/1/62 28/1/63
f 28/1/63 27/1/64 55/1/61
s 20
f 13/1/65 56/1/66 54/1/67
f 54/1/67 14/1/65 13/1/65
s 21
f 26/1/68 57/1/68 55/1/68
f 55/1/68 27/1/68 26/1/68
s 22
f 12/1/69 58/1/70 56/1/71
f 56/1/71 13/1/69 12/1/69
s 23
f 36/1/72 57/1/73 26/1/74
f 26/1/74 25/1/75 36/1/72
s 24
f 11/1/76 59/1/77 58/1/78
f 58/1/78 12/1/77 11/1/76
s 25
f 36/1/79 25/1/80 24/1/81
f 24/1/81 33/1/82 36/1/79
s 26
f 10/1/83 60/1/83 59/1/84
f 59/1/84 11/1/83 10/1/83
s 27
f 24/1/85 23/1/85 61/1/85
f 61/1/85 33/1/85 24/1/85
s 28
f 9/1/86 62/1/87 60/1/88
f 60/1/88 10/1/89 9/1/86
s 29
f 22/1/90 63/1/91 61/1/92
f 61/1/92 23/1/93 22/1/90
s 30
f 8/1/94 64/1/95 62/1/96
f 62/1/96 9/1/97 8/1/94
s 31
f 21/1/98 65/1/99 63/1/100
f 63/1/100 22/1/101 21/1/98
s 32
f 7/1/102 66/1/103 64/1/104
f 64/1/104 8/1/105 7/1/102
s 33
f 20/1/106 38/1/106 65/1/106
f 65/1/106 21/1/106 20/1/106
s 34
f 6/1/107 42/1/108 66/1/109
f 66/1/109 7/1/110 6/1/107
s 35
f 67/1/111 68/1/112 69/1/113
f 69/1/113 70/1/114 67/1/111
s 36
f 60/1/115 71/1/116 72/1/117
f 72/1/117 59/1/118 60/1/115
s 37
f 61/1/119 73/1/120 34/1/121
f 34/1/121 33/1/122 61/1/119
s 38
f 62/1/123 74/1/123 71/1/124
f 71/1/124 60/1/125 62/1/123
s 39
f 63/1/126 70/1/127 73/1/126
f 73/1/126 61/1/128 63/1/126
s 40
f 64/1/129 75/1/130 74/1/129
f 74/1/129 62/1/131 64/1/129
s 41
f 65/1/132 67/1/132 70/1/133
f 70/1/133 63/1/134 65/1/132
s 42
f 66/1/135 76/1/136 75/1/137
f 75/1/137 64/1/136 66/1/135
s 43
f 38/1/138 77/1/139 67/1/140
f 67/1/140 65/1/141 38/1/138
s 44
f 42/1/142 78/1/143 76/1/144
f 76/1/144 66/1/145 42/1/142
s 45
f 37/1/146 79/1/147 77/1/148
f 77/1/148 38/1/149 37/1/146
s 46
f 40/1/150 80/1/150 81/1/150
f 81/1/150 39/1/150 40/1/150
s 47
f 41/1/151 82/1/152 78/1/151
f 78/1/151 42/1/153 41/1/151
s 48
f 43/1/154 83/1/154 79/1/154
f 79/1/154 37/1/154 43/1/154
s 49
f 44/1/155 84/1/155 80/1/156
f 80/1/156 40/1/156 44/1/155
s 50
f 45/1/157 85/1/157 82/1/158
f 82/1/158 41/1/159 45/1/157
s 51
f 46/1/160 86/1/161 83/1/162
f 83/1/162 43/1/163 46/1/160
s 52
f 47/1/164 87/1/165 84/1/166
f 84/1/166 44/1/167 47/1/164
s 53
f 48/1/168 88/1/169 85/1/170
f 85/1/170 45/1/171 48/1/168
s 54
f 49/1/172 89/1/173 86/1/174
f 86/1/174 46/1/174 49/1/172
s 55
f 50/1/175 90/1/175 87/1/175
f 87/1/175 47/1/176 50/1/175
s 56
f 51/1/177 91/1/178 88/1/177
f 88/1/177 48/1/177 51/1/177
s 57
f 52/1/179 92/1/180 89/1/181
f 89/1/181 49/1/182 52/1/179
s 58
f 53/1/183 93/1/184 90/1/184
f 90/1/184 50/1/185 53/1/183
s 59
f 51/1/186 39/1/186 81/1/186
f 81/1/186 91/1/186 51/1/186
s 60
f 54/1/187 94/1/188 92/1/189
f 92/1/189 52/1/190 54/1/187
s 61
f 55/1/191 95/1/192 93/1/191
f 93/1/191 53/1/193 55/1/191
s 62
f 56/1/194 96/1/194 94/1/195
f 94/1/195 54/1/194 56/1/194
s 63
f 57/1/196 97/1/197 95/1/198
f 95/1/198 55/1/199 57/1/196
s 64
f 58/1/200 98/1/201 96/1/200
f 96/1/200 56/1/201 58/1/200
s 65
f 36/1/202 35/1/203 97/1/202
f 97/1/202 57/1/204 36/1/202
s 66
f 59/1/205 72/1/206 98/1/207
f 98/1/207 58/1/208 59/1/205
s 67
f 99/1/209 100/1/210 101/1/211
f 101/1/211 102/1/212 99/1/209
s 68
f 76/1/213 103/1/214 104/1/215
f 104/1/215 75/1/216 76/1/213
s 69
f 77/1/217 105/1/218 68/1/218
f 68/1/218 67/1/219 77/1/217
s 70
f 78/1/220 106/1/220 103/1/221
f 103/1/221 76/1/220 78/1/220
s 71
f 79/1/222 99/1/222 105/1/223
f 105/1/223 77/1/223 79/1/222
s 72
f 80/1/224 107/1/225 108/1/226
f 108/1/226 81/1/227 80/1/224
s 73
f 82/1/228 109/1/229 106/1/230
f 106/1/230 78/1/231 82/1/228
s 74
f 83/1/232 100/1/233 99/1/233
f 99/1/233 79/1/233 83/1/232
s 75
f 84/1/234 110/1/234 107/1/235
f 107/1/235 80/1/236 84/1/234
s 76
f 85/1/237 111/1/238 109/1/239
f 109/1/239 82/1/240 85/1/237
s 77
f 86/1/241 112/1/241 100/1/241
f 100/1/241 83/1/241 86/1/241
s 78
f 87/1/242 113/1/243 110/1/244
f 110/1/244 84/1/244 87/1/242
s 79
f 88/1/245 114/1/245 111/1/246
f 111/1/246 85/1/245 88/1/245
s 80
f 89/1/247 115/1/248 112/1/249
f 112/1/249 86/1/250 89/1/247
s 81
f 90/1/251 116/1/251 113/1/251
f 113/1/251 87/1/251 90/1/251
s 82
f 91/1/252 117/1/252 114/1/252
f 114/1/252 88/1/253 91/1/252
s 83
f 92/1/254 118/1/255 115/1/255
f 115/1/255 89/1/255 92/1/254
s 84
f 93/1/256 119/1/257 116/1/258
f 116/1/258 90/1/259 93/1/256
s 85
f 91/1/260 81/1/260 108/1/260
f 108/1/260 117/1/260 91/1/260
s 86
f 94/1/261 120/1/261 118/1/261
f 118/1/261 92/1/262 94/1/261
s 87
f 95/1/263 121/1/264 119/1/265
f 119/1/265 93/1/266 95/1/263
s 88
f 96/1/267 122/1/268 120/1/269
f 120/1/269 94/1/270 96/1/267
s 89
f 97/1/271 123/1/272 121/1/273
f 121/1/273 95/1/274 97/1/271
s 90
f 98/1/275 124/1/276 122/1/277
f 122/1/277 96/1/278 98/1/275
s 91
f 35/1/279 125/1/280 123/1/279
f 123/1/279 97/1/281 35/1/279
s 92
f 72/1/282 126/1/282 124/1/282
f 124/1/282 98/1/282 72/1/282
s 93
f 34/1/283 127/1/284 125/1/285
f 125/1/285 35/1/283 34/1/283
s 94
f 71/1/286 128/1/287 126/1/288
f 126/1/288 72/1/289 71/1/286
s 95
f 73/1/290 129/1/291 127/1/292
f 127/1/292 34/1/293 73/1/290
s 96
f 74/1/294 130/1/295 128/1/296
f 128/1/296 71/1/297 74/1/294
s 97
f 70/1/298 69/1/299 129/1/299
f 129/1/299 73/1/299 70/1/298
s 98
f 75/1/300 104/1/301 130/1/301
f 130/1/301 74/1/300 75/1/300
s 99
f 131/1/302 132/1/303 133/1/304
f 133/1/304 134/1/304 131/1/302
s 100
f 110/1/29 135/1/305 136/1/306
f 136/1/306 107/1/307 110/1/29
s 101
f 137/1/308 138/1/308 109/1/308
f 109/1/308 111/1/308 137/1/308
s 102
f 100/1/309 112/1/310 139/1/311
f 139/1/311 101/1/311 100/1/309
s 103
f 113/1/37 140/1/312 135/1/313
f 135/1/313 110/1/37 113/1/37
s 104
f 111/1/40 114/1/38 141/1/314
f 141/1/314 137/1/315 111/1/40
s 105
f 112/1/316 115/1/317 134/1/318
f 134/1/318 139/1/319 112/1/316
s 106
f 116/1/320 142/1/44 140/1/44
f 140/1/44 113/1/321 116/1/320
s 107
f 114/1/322 117/1/322 143/1/323
f 143/1/323 141/1/323 114/1/322
s 108
f 115/1/49 118/1/324 131/1/49
f 131/1/49 134/1/325 115/1/49
s 109
f 119/1/326 144/1/327 142/1/328
f 142/1/328 116/1/326 119/1/326
s 110
f 143/1/329 117/1/330 108/1/330
f 108/1/330 145/1/331 143/1/329
s 111
f 118/1/59 120/1/59 146/1/59
f 146/1/59 131/1/332 118/1/59
s 112
f 121/1/333 147/1/334 144/1/335
f 144/1/335 119/1/63 121/1/333
s 113
f 148/1/336 146/1/336 120/1/336
f 120/1/336 122/1/336 148/1/336
s 114
f 123/1/337 149/1/338 147/1/338
f 147/1/338 121/1/339 123/1/337
s 115
f 122/1/340 124/1/340 150/1/340
f 150/1/340 148/1/340 122/1/340
s 116
f 123/1/341 125/1/342 151/1/342
f 151/1/342 149/1/342 123/1/341
s 117
f 124/1/343 126/1/344 152/1/345
f 152/1/345 150/1/346 124/1/343
s 118
f 125/1/80 127/1/347 153/1/80
f 153/1/80 151/1/348 125/1/80
s 119
f 154/1/83 152/1/83 126/1/349
f 126/1/349 128/1/350 154/1/83
s 120
f 153/1/351 127/1/352 129/1/351
f 129/1/351 155/1/352 153/1/351
s 121
f 128/1/87 130/1/87 156/1/353
f 156/1/353 154/1/354 128/1/87
s 122
f 129/1/355 69/1/356 157/1/357
f 157/1/357 155/1/358 129/1/355
s 123
f 130/1/359 104/1/360 158/1/96
f 158/1/96 156/1/97 130/1/359
s 124
f 157/1/361 69/1/361 68/1/361
f 68/1/361 159/1/361 157/1/361
s 125
f 160/1/362 158/1/363 104/1/364
f 104/1/364 103/1/365 160/1/362
s 126
f 159/1/366 68/1/367 105/1/368
f 105/1/368 161/1/369 159/1/366
s 127
f 103/1/370 106/1/108 162/1/108
f 162/1/108 160/1/108 103/1/370
s 128
f 102/1/371 161/1/371 105/1/372
f 105/1/372 99/1/371 102/1/371
s 129
f 107/1/373 136/1/373 145/1/373
f 145/1/373 108/1/374 107/1/373
s 130
f 106/1/375 109/1/375 138/1/375
f 138/1/375 162/1/375 106/1/375
s 131
f 163/1/376 164/1/377 165/1/376
f 165/1/376 166/1/378 163/1/376
s 132
f 144/1/379 167/1/380 168/1/381
f 168/1/381 142/1/382 144/1/379
s 133
f 169/1/383 143/1/384 145/1/384
f 145/1/384 170/1/385 169/1/383
s 134
f 132/1/386 131/1/386 146/1/386
f 146/1/386 171/1/386 132/1/386
s 135
f 172/1/387 167/1/388 144/1/387
f 144/1/387 147/1/387 172/1/387
s 136
f 148/1/389 166/1/390 171/1/391
f 171/1/391 146/1/392 148/1/389
s 137
f 149/1/393 173/1/394 172/1/395
f 172/1/395 147/1/396 149/1/393
s 138
f 150/1/397 163/1/398 166/1/399
f 166/1/399 148/1/400 150/1/397
s 139
f 151/1/401 174/1/402 173/1/403
f 173/1/403 149/1/404 151/1/401
s 140
f 175/1/405 163/1/405 150/1/406
f 150/1/406 152/1/405 175/1/405
s 141
f 153/1/407 176/1/408 174/1/409
f 174/1/409 151/1/410 153/1/407
s 142
f 154/1/411 177/1/412 175/1/411
f 175/1/411 152/1/412 154/1/411
s 143
f 178/1/413 176/1/414 153/1/415
f 153/1/415 155/1/416 178/1/413
s 144
f 156/1/417 179/1/418 177/1/417
f 177/1/417 154/1/419 156/1/417
s 145
f 157/1/420 180/1/421 178/1/422
f 178/1/422 155/1/423 157/1/420
s 146
f 181/1/424 179/1/425 156/1/426
f 156/1/426 158/1/427 181/1/424
s 147
f 159/1/428 182/1/429 180/1/430
f 180/1/430 157/1/428 159/1/428
s 148
f 160/1/431 183/1/432 181/1/431
f 181/1/431 158/1/433 160/1/431
s 149
f 184/1/434 182/1/435 159/1/434
f 159/1/434 161/1/434 184/1/434
s 150
f 162/1/436 185/1/437 183/1/437
f 183/1/437 160/1/437 162/1/436
s 151
f 102/1/438 186/1/438 184/1/439
f 184/1/439 161/1/440 102/1/438
s 152
f 136/1/441 187/1/442 170/1/441
f 170/1/441 145/1/443 136/1/441
s 153
f 185/1/444 162/1/445 138/1/444
f 138/1/444 188/1/444 185/1/444
s 154
f 101/1/446 189/1/447 186/1/448
f 186/1/448 102/1/449 101/1/446
s 155
f 135/1/450 190/1/451 187/1/450
f 187/1/450 136/1/450 135/1/450
s 156
f 137/1/452 191/1/453 188/1/454
f 188/1/454 138/1/455 137/1/452
s 157
f 192/1/456 189/1/457 101/1/458
f 101/1/458 139/1/459 192/1/456
s 158
f 193/1/460 190/1/461 135/1/462
f 135/1/462 140/1/461 193/1/460
s 159
f 141/1/463 194/1/464 191/1/464
f 191/1/464 137/1/465 141/1/463
s 160
f 134/1/466 133/1/467 192/1/468
f 192/1/468 139/1/469 134/1/466
s 161
f 142/1/470 168/1/470 193/1/470
f 193/1/470 140/1/470 142/1/470
s 162
f 169/1/471 194/1/472 141/1/473
f 141/1/473 143/1/474 169/1/471
s 163
f 195/1/475 196/1/87 197/1/476
f 197/1/476 198/1/477 195/1/475
s 164
f 199/1/478 173/1/478 174/1/478
f 174/1/478 200/1/478 199/1/478
s 165
f 175/1/479 201/1/479 164/1/480
f 164/1/480 163/1/481 175/1/479
s 166
f 176/1/482 202/1/482 200/1/483
f 200/1/483 174/1/484 176/1/482
s 167
f 201/1/485 175/1/486 177/1/485
f 177/1/485 197/1/487 201/1/485
s 168
f 178/1/488 203/1/489 202/1/488
f 202/1/488 176/1/488 178/1/488
s 169
f 179/1/490 198/1/491 197/1/492
f 197/1/492 177/1/493 179/1/490
s 170
f 204/1/494 203/1/495 178/1/494
f 178/1/494 180/1/496 204/1/494
s 171
f 181/1/497 205/1/498 198/1/499
f 198/1/499 179/1/500 181/1/497
s 172
f 182/1/501 206/1/502 204/1/503
f 204/1/503 180/1/504 182/1/501
s 173
f 205/1/505 181/1/506 183/1/505
f 183/1/505 207/1/507 205/1/505
s 174
f 184/1/508 208/1/509 206/1/508
f 206/1/508 182/1/510 184/1/508
s 175
f 185/1/511 209/1/512 207/1/513
f 207/1/513 183/1/514 185/1/511
s 176
f 210/1/515 208/1/516 184/1/515
f 184/1/515 186/1/517 210/1/515
s 177
f 170/1/518 187/1/519 211/1/518
f 211/1/518 212/1/520 170/1/518
s 178
f 188/1/521 213/1/522 209/1/523
f 209/1/523 185/1/524 188/1/521
s 179
f 189/1/525 214/1/526 210/1/525
f 210/1/525 186/1/527 189/1/525
s 180
f 190/1/528 215/1/529 211/1/530
f 211/1/530 187/1/530 190/1/528
s 181
f 216/1/531 213/1/532 188/1/533
f 188/1/533 191/1/532 216/1/531
s 182
f 192/1/534 217/1/534 214/1/534
f 214/1/534 189/1/534 192/1/534
s 183
f 193/1/535 218/1/535 215/1/535
f 215/1/535 190/1/536 193/1/535
s 184
f 194/1/537 219/1/538 216/1/539
f 216/1/539 191/1/540 194/1/537
s 185
f 217/1/541 192/1/542 133/1/541
f 133/1/541 220/1/542 217/1/541
s 186
f 168/1/543 221/1/544 218/1/545
f 218/1/545 193/1/546 168/1/543
s 187
f 169/1/547 222/1/548 219/1/549
f 219/1/549 194/1/550 169/1/547
s 188
f 132/1/551 223/1/552 220/1/551
f 220/1/551 133/1/553 132/1/551
s 189
f 221/1/554 168/1/555 167/1/556
f 167/1/556 224/1/557 221/1/554
s 190
f 212/1/558 222/1/559 169/1/559
f 169/1/559 170/1/559 212/1/558
s 191
f 171/1/560 225/1/561 223/1/562
f 223/1/562 132/1/562 171/1/560
s 192
f 172/1/563 226/1/563 224/1/564
f 224/1/564 167/1/563 172/1/563
s 193
f 225/1/565 171/1/565 166/1/566
f 166/1/566 165/1/565 225/1/565
s 194
f 173/1/567 199/1/568 226/1/569
f 226/1/569 172/1/570 173/1/567
s 195
f 227/1/571 228/1/571 229/1/571
f 229/1/571 230/1/572 227/1/571
s 196
f 204/1/573 231/1/573 232/1/574
f 232/1/574 203/1/91 204/1/573
s 197
f 205/1/575 233/1/359 195/1/576
f 195/1/576 198/1/95 205/1/575
s 198
f 234/1/577 231/1/577 204/1/577
f 204/1/577 206/1/577 234/1/577
s 199
f 207/1/578 230/1/578 233/1/578
f 233/1/578 205/1/578 207/1/578
s 200
f 208/1/579 235/1/579 234/1/580
f 234/1/580 206/1/579 208/1/579
s 201
f 227/1/581 230/1/582 207/1/581
f 207/1/581 209/1/583 227/1/581
s 202
f 210/1/584 236/1/584 235/1/584
f 235/1/584 208/1/584 210/1/584
s 203
f 212/1/585 211/1/585 237/1/21
f 237/1/21 238/1/586 212/1/585
s 204
f 213/1/375 239/1/375 227/1/375
f 227/1/375 209/1/375 213/1/375
s 205
f 240/1/587 236/1/211 210/1/588
f 210/1/588 214/1/589 240/1/587
s 206
f 237/1/590 211/1/591 215/1/592
f 215/1/592 241/1/593 237/1/590
s 207
f 216/1/594 242/1/594 239/1/594
f 239/1/594 213/1/594 216/1/594
s 208
f 217/1/595 243/1/596 240/1/595
f 240/1/595 214/1/595 217/1/595
s 209
f 241/1/37 215/1/597 218/1/598
f 218/1/598 244/1/37 241/1/37
s 210
f 245/1/599 242/1/600 216/1/38
f 216/1/38 219/1/601 245/1/599
s 211
f 220/1/602 246/1/316 243/1/318
f 243/1/318 217/1/316 220/1/602
s 212
f 221/1/44 247/1/44 244/1/603
f 244/1/603 218/1/603 221/1/44
s 213
f 222/1/604 248/1/605 245/1/606
f 245/1/606 219/1/604 222/1/604
s 214
f 249/1/607 246/1/608 220/1/609
f 220/1/609 223/1/607 249/1/607
s 215
f 224/1/326 250/1/610 247/1/326
f 247/1/326 221/1/326 224/1/326
s 216
f 238/1/611 248/1/330 222/1/330
f 222/1/330 212/1/612 238/1/611
s 217
f 225/1/59 251/1/59 249/1/613
f 249/1/613 223/1/614 225/1/59
s 218
f 250/1/615 224/1/616 226/1/616
f 226/1/616 252/1/617 250/1/615
s 219
f 165/1/67 253/1/67 251/1/67
f 251/1/67 225/1/618 165/1/67
s 220
f 199/1/339 254/1/619 252/1/620
f 252/1/620 226/1/621 199/1/339
s 221
f 255/1/622 253/1/623 165/1/622
f 165/1/622 164/1/622 255/1/622
s 222
f 200/1/624 256/1/625 254/1/73
f 254/1/73 199/1/73 200/1/624
s 223
f 201/1/345 257/1/626 255/1/345
f 255/1/345 164/1/345 201/1/345
s 224
f 258/1/627 256/1/80 200/1/628
f 200/1/628 202/1/629 258/1/627
s 225
f 197/1/630 196/1/630 257/1/630
f 257/1/630 201/1/630 197/1/630
s 226
f 203/1/631 232/1/632 258/1/633
f 258/1/633 202/1/634 203/1/631
s 227
f 259/1/635 260/1/636 261/1/637
f 261/1/637 262/1/638 259/1/635
s 228
f 236/1/639 263/1/639 264/1/639
f 264/1/639 235/1/639 236/1/639
s 229
f 265/1/640 266/1/640 238/1/640
f 238/1/640 237/1/640 265/1/640
s 230
f 267/1/641 228/1/641 227/1/641
f 227/1/641 239/1/641 267/1/641
s 231
f 240/1/642 268/1/642 263/1/642
f 263/1/642 236/1/642 240/1/642
s 232
f 241/1/643 269/1/644 265/1/645
f 265/1/645 237/1/644 241/1/643
s 233
f 242/1/646 270/1/646 267/1/646
f 267/1/646 239/1/646 242/1/646
s 234
f 271/1/647 268/1/647 240/1/648
f 240/1/648 243/1/647 271/1/647
s 235
f 244/1/649 272/1/649 269/1/649
f 269/1/649 241/1/649 244/1/649
s 236
f 245/1/650 273/1/650 270/1/650
f 270/1/650 242/1/650 245/1/650
s 237
f 246/1/651 274/1/652 271/1/652
f 271/1/652 243/1/652 246/1/651
s 238
f 275/1/653 272/1/654 244/1/655
f 244/1/655 247/1/654 275/1/653
s 239
f 273/1/656 245/1/656 248/1/656
f 248/1/656 276/1/656 273/1/656
s 240
f 249/1/657 277/1/657 274/1/657
f 274/1/657 246/1/657 249/1/657
s 241
f 250/1/658 278/1/658 275/1/659
f 275/1/659 247/1/658 250/1/658
s 242
f 266/1/660 276/1/660 248/1/660
f 248/1/660 238/1/660 266/1/660
s 243
f 277/1/661 249/1/661 251/1/661
f 251/1/661 279/1/661 277/1/661
s 244
f 252/1/662 280/1/662 278/1/662
f 278/1/662 250/1/662 252/1/662
s 245
f 253/1/663 281/1/663 279/1/663
f 279/1/663 251/1/663 253/1/663
s 246
f 282/1/664 280/1/664 252/1/664
f 252/1/664 254/1/664 282/1/664
s 247
f 255/1/665 283/1/665 281/1/665
f 281/1/665 253/1/665 255/1/665
s 248
f 256/1/666 284/1/667 282/1/668
f 282/1/668 254/1/667 256/1/666
s 249
f 261/1/669 283/1/670 255/1/670
f 255/1/670 257/1/669 261/1/669
s 250
f 258/1/671 285/1/672 284/1/673
f 284/1/673 256/1/672 258/1/671
s 251
f 196/1/674 262/1/675 261/1/676
f 261/1/676 257/1/675 196/1/674
s 252
f 285/1/677 258/1/678 232/1/678
f 232/1/678 286/1/678 285/1/677
s 253
f 195/1/679 287/1/680 262/1/680
f 262/1/680 196/1/681 195/1/679
s 254
f 231/1/682 288/1/682 286/1/682
f 286/1/682 232/1/682 231/1/682
s 255
f 287/1/683 195/1/684 233/1/685
f 233/1/685 289/1/684 287/1/683
s 256
f 234/1/686 290/1/686 288/1/686
f 288/1/686 231/1/686 234/1/686
s 257
f 230/1/687 229/1/687 289/1/687
f 289/1/687 233/1/687 230/1/687
s 258
f 264/1/688 290/1/689 234/1/689
f 234/1/689 235/1/689 264/1/688
s 259
f 291/1/690 292/1/690 293/1/690
f 293/1/690 294/1/690 291/1/690
s 260
f 286/1/691 295/1/692 296/1/691
f 296/1/691 285/1/693 286/1/691
s 261
f 287/1/694 297/1/695 259/1/696
f 259/1/696 262/1/696 287/1/694
s 262
f 298/1/697 295/1/698 286/1/697
f 286/1/697 288/1/699 298/1/697
s 263
f 289/1/700 294/1/701 297/1/702
f 297/1/702 287/1/700 289/1/700
s 264
f 290/1/703 299/1/704 298/1/703
f 298/1/703 288/1/705 290/1/703
s 265
f 294/1/706 289/1/707 229/1/708
f 229/1/708 291/1/709 294/1/706
s 266
f 264/1/710 300/1/711 299/1/710
f 299/1/710 290/1/712 264/1/710
s 267
f 228/1/713 301/1/714 291/1/715
f 291/1/715 229/1/716 228/1/713
s 268
f 300/1/717 264/1/718 263/1/717
f 263/1/717 302/1/718 300/1/717
s 269
f 266/1/719 265/1/720 303/1/719
f 303/1/719 304/1/721 266/1/719
s 270
f 267/1/722 305/1/722 301/1/723
f 301/1/723 228/1/724 267/1/722
s 271
f 268/1/725 306/1/726 302/1/727
f 302/1/727 263/1/728 268/1/725
s 272
f 269/1/729 307/1/730 303/1/729
f 303/1/729 265/1/731 269/1/729
s 273
f 308/1/732 305/1/733 267/1/734
f 267/1/734 270/1/734 308/1/732
s 274
f 271/1/735 309/1/736 306/1/735
f 306/1/735 268/1/737 271/1/735
s 275
f 272/1/738 310/1/739 307/1/740
f 307/1/740 269/1/741 272/1/738
s 276
f 273/1/742 311/1/743 308/1/744
f 308/1/744 270/1/745 273/1/742
s 277
f 312/1/746 309/1/747 271/1/746
f 271/1/746 274/1/748 312/1/746
s 278
f 275/1/749 313/1/750 310/1/751
f 310/1/751 272/1/752 275/1/749
s 279
f 276/1/753 314/1/754 311/1/755
f 311/1/755 273/1/755 276/1/753
s 280
f 277/1/756 315/1/757 312/1/758
f 312/1/758 274/1/758 277/1/756
s 281
f 313/1/759 275/1/760 278/1/759
f 278/1/759 316/1/759 313/1/759
s 282
f 304/1/761 314/1/762 276/1/763
f 276/1/763 266/1/764 304/1/761
s 283
f 279/1/765 317/1/766 315/1/767
f 315/1/767 277/1/768 279/1/765
s 284
f 280/1/769 318/1/770 316/1/769
f 316/1/769 278/1/771 280/1/769
s 285
f 317/1/772 279/1/773 281/1/774
f 281/1/774 319/1/772 317/1/772
s 286
f 282/1/775 320/1/776 318/1/777
f 318/1/777 280/1/778 282/1/775
s 287
f 283/1/779 321/1/780 319/1/781
f 319/1/781 281/1/782 283/1/779
s 288
f 322/1/783 320/1/784 282/1/785
f 282/1/785 284/1/786 322/1/783
s 289
f 261/1/787 260/1/788 321/1/789
f 321/1/789 283/1/790 261/1/787
s 290
f 285/1/791 296/1/792 322/1/793
f 322/1/793 284/1/794 285/1/791
s 291
f 323/1/795 324/1/795 325/1/795
f 325/1/795 326/1/795 323/1/795
s 292
f 300/1/796 327/1/797 328/1/796
f 328/1/796 299/1/798 300/1/796
s 293
f 291/1/799 301/1/800 329/1/800
f 329/1/800 292/1/800 291/1/799
s 294
f 302/1/801 330/1/802 327/1/803
f 327/1/803 300/1/803 302/1/801
s 295
f 304/1/804 303/1/805 331/1/804
f 331/1/804 332/1/806 304/1/804
s 296
f 329/1/807 301/1/807 305/1/808
f 305/1/808 324/1/807 329/1/807
s 297
f 302/1/809 306/1/810 333/1/811
f 333/1/811 330/1/809 302/1/809
s 298
f 331/1/812 303/1/813 307/1/812
f 307/1/812 334/1/814 331/1/812
s 299
f 308/1/815 325/1/816 324/1/817
f 324/1/817 305/1/818 308/1/815
s 300
f 333/1/819 306/1/819 309/1/819
f 309/1/819 335/1/819 333/1/819
s 301
f 334/1/820 307/1/821 310/1/822
f 310/1/822 336/1/823 334/1/820
s 302
f 308/1/824 311/1/825 337/1/826
f 337/1/826 325/1/827 308/1/824
s 303
f 312/1/828 338/1/829 335/1/829
f 335/1/829 309/1/828 312/1/828
s 304
f 313/1/830 339/1/830 336/1/830
f 336/1/830 310/1/831 313/1/830
s 305
f 337/1/832 311/1/833 314/1/832
f 314/1/832 340/1/834 337/1/832
s 306
f 312/1/835 315/1/836 341/1/837
f 341/1/837 338/1/835 312/1/835
s 307
f 316/1/838 342/1/839 339/1/840
f 339/1/840 313/1/839 316/1/838
s 308
f 314/1/841 304/1/841 332/1/841
f 332/1/841 340/1/842 314/1/841
s 309
f 341/1/843 315/1/844 317/1/845
f 317/1/845 343/1/846 341/1/843
s 310
f 342/1/847 316/1/847 318/1/847
f 318/1/847 344/1/847 342/1/847
s 311
f 319/1/848 345/1/849 343/1/850
f 343/1/850 317/1/851 319/1/848
s 312
f 320/1/852 346/1/852 344/1/852
f 344/1/852 318/1/852 320/1/852
s 313
f 319/1/853 321/1/854 347/1/855
f 347/1/855 345/1/856 319/1/853
s 314
f 322/1/857 348/1/858 346/1/859
f 346/1/859 320/1/860 322/1/857
s 315
f 347/1/861 321/1/862 260/1/863
f 260/1/863 349/1/864 347/1/861
s 316
f 322/1/865 296/1/866 350/1/867
f 350/1/867 348/1/868 322/1/865
s 317
f 259/1/869 351/1/869 349/1/869
f 349/1/869 260/1/869 259/1/869
s 318
f 350/1/870 296/1/870 295/1/870
f 295/1/870 352/1/870 350/1/870
s 319
f 259/1/871 297/1/872 353/1/871
f 353/1/871 351/1/873 259/1/871
s 320
f 354/1/874 352/1/875 295/1/875
f 295/1/875 298/1/876 354/1/874
s 321
f 353/1/877 297/1/878 294/1/879
f 294/1/879 293/1/880 353/1/877
s 322
f 354/1/881 298/1/882 299/1/881
f 299/1/881 328/1/883 354/1/881
s 323
f 355/1/884 356/1/884 357/1/884
f 357/1/884 358/1/885 355/1/884
s 324
f 335/1/886 359/1/886 360/1/886
f 360/1/886 333/1/886 335/1/886
s 325
f 336/1/887 361/1/888 362/1/888
f 362/1/888 334/1/888 336/1/887
s 326
f 337/1/889 363/1/890 326/1/890
f 326/1/890 325/1/890 337/1/889
s 327
f 359/1/891 335/1/891 338/1/891
f 338/1/891 364/1/891 359/1/891
s 328
f 336/1/892 339/1/893 365/1/894
f 365/1/894 361/1/893 336/1/892
s 329
f 340/1/895 357/1/895 363/1/895
f 363/1/895 337/1/895 340/1/895
s 330
f 341/1/896 366/1/896 364/1/896
f 364/1/896 338/1/896 341/1/896
s 331
f 365/1/897 339/1/898 342/1/899
f 342/1/899 367/1/898 365/1/897
s 332
f 358/1/900 357/1/900 340/1/900
f 340/1/900 332/1/900 358/1/900
s 333
f 343/1/901 368/1/901 366/1/901
f 366/1/901 341/1/901 343/1/901
s 334
f 344/1/902 369/1/903 367/1/904
f 367/1/904 342/1/903 344/1/902
s 335
f 368/1/905 343/1/906 345/1/906
f 345/1/906 370/1/907 368/1/905
s 336
f 344/1/908 346/1/909 371/1/909
f 371/1/909 369/1/909 344/1/908
s 337
f 347/1/910 372/1/910 370/1/910
f 370/1/910 345/1/910 347/1/910
s 338
f 371/1/911 346/1/912 348/1/913
f 348/1/913 373/1/912 371/1/911
s 339
f 349/1/914 374/1/914 372/1/914
f 372/1/914 347/1/914 349/1/914
s 340
f 350/1/915 375/1/916 373/1/916
f 373/1/916 348/1/916 350/1/915
s 341
f 374/1/917 349/1/917 351/1/918
f 351/1/918 376/1/917 374/1/917
s 342
f 352/1/919 377/1/919 375/1/920
f 375/1/920 350/1/919 352/1/919
s 343
f 353/1/921 378/1/922 376/1/923
f 376/1/923 351/1/923 353/1/921
s 344
f 352/1/924 354/1/925 379/1/925
f 379/1/925 377/1/925 352/1/924
s 345
f 293/1/926 380/1/927 378/1/928
f 378/1/928 353/1/929 293/1/926
s 346
f 381/1/930 379/1/931 354/1/932
f 354/1/932 328/1/933 381/1/930
s 347
f 380/1/934 293/1/934 292/1/934
f 292/1/934 382/1/934 380/1/934
s 348
f 381/1/935 328/1/935 327/1/936
f 327/1/936 383/1/935 381/1/935
s 349
f 329/1/937 384/1/937 382/1/937
f 382/1/937 292/1/937 329/1/937
s 350
f 383/1/938 327/1/938 330/1/939
f 330/1/939 385/1/938 383/1/938
s 351
f 331/1/940 386/1/941 358/1/941
f 358/1/941 332/1/941 331/1/940
s 352
f 324/1/942 323/1/942 384/1/942
f 384/1/942 329/1/942 324/1/942
s 353
f 333/1/943 360/1/943 385/1/943
f 385/1/943 330/1/943 333/1/943
s 354
f 386/1/944 331/1/944 334/1/945
f 334/1/945 362/1/944 386/1/944
s 355
f 387/1/946 388/1/947 389/1/948
f 389/1/948 390/1/946 387/1/946
s 356
f 368/1/949 391/1/950 392/1/949
f 392/1/949 366/1/949 368/1/949
s 357
f 393/1/951 367/1/952 369/1/953
f 369/1/953 394/1/951 393/1/951
s 358
f 370/1/954 395/1/955 391/1/956
f 391/1/956 368/1/957 370/1/954
s 359
f 371/1/958 396/1/959 394/1/960
f 394/1/960 369/1/961 371/1/958
s 360
f 395/1/962 370/1/963 372/1/964
f 372/1/964 390/1/965 395/1/962
s 361
f 373/1/966 397/1/967 396/1/966
f 396/1/966 371/1/968 373/1/966
s 362
f 374/1/969 387/1/969 390/1/969
f 390/1/969 372/1/970 374/1/969
s 363
f 397/1/971 373/1/971 375/1/972
f 375/1/972 398/1/973 397/1/971
s 364
f 376/1/974 399/1/975 387/1/974
f 387/1/974 374/1/976 376/1/974
s 365
f 377/1/977 400/1/978 398/1/977
f 398/1/977 375/1/979 377/1/977
s 366
f 399/1/980 376/1/981 378/1/982
f 378/1/982 401/1/983 399/1/980
s 367
f 379/1/984 402/1/985 400/1/986
f 400/1/986 377/1/986 379/1/984
s 368
f 380/1/987 403/1/988 401/1/989
f 401/1/989 378/1/990 380/1/987
s 369
f 402/1/991 379/1/992 381/1/993
f 381/1/993 404/1/992 402/1/991
s 370
f 382/1/994 405/1/995 403/1/996
f 403/1/996 380/1/995 382/1/994
s 371
f 383/1/997 406/1/998 404/1/999
f 404/1/999 381/1/1000 383/1/997
s 372
f 405/1/1001 382/1/1002 384/1/1001
f 384/1/1001 407/1/1002 405/1/1001
s 373
f 385/1/1003 408/1/1004 406/1/1005
f 406/1/1005 383/1/1006 385/1/1003
s 374
f 358/1/1007 386/1/1008 409/1/1009
f 409/1/1009 355/1/1009 358/1/1007
s 375
f 323/1/1010 410/1/1011 407/1/1012
f 407/1/1012 384/1/1013 323/1/1010
s 376
f 408/1/1014 385/1/1015 360/1/1016
f 360/1/1016 411/1/1017 408/1/1014
s 377
f 362/1/1018 412/1/1019 409/1/1020
f 409/1/1020 386/1/1021 362/1/1018
s 378
f 326/1/1022 413/1/1023 410/1/1024
f 410/1/1024 323/1/1025 326/1/1022
s 379
f 359/1/1026 414/1/1027 411/1/1028
f 411/1/1028 360/1/1029 359/1/1026
s 380
f 412/1/1030 362/1/1031 361/1/1032
f 361/1/1032 415/1/1031 412/1/1030
s 381
f 413/1/1033 326/1/1034 363/1/1035
f 363/1/1035 416/1/1035 413/1/1033
s 382
f 364/1/1036 417/1/1037 414/1/1038
f 414/1/1038 359/1/1039 364/1/1036
s 383
f 365/1/1040 418/1/1041 415/1/1040
f 415/1/1040 361/1/1042 365/1/1040
s 384
f 357/1/1043 356/1/1044 416/1/1045
f 416/1/1045 363/1/1046 357/1/1043
s 385
f 417/1/1047 364/1/1047 366/1/1047
f 366/1/1047 392/1/1048 417/1/1047
s 386
f 367/1/1049 393/1/1049 418/1/1050
f 418/1/1050 365/1/1049 367/1/1049
s 387
f 419/1/1051 420/1/1052 421/1/1052
f 421/1/1052 422/1/1052 419/1/1051
s 388
f 423/1/1053 424/1/1054 397/1/1055
f 397/1/1055 398/1/1056 423/1/1053
s 389
f 399/1/1057 425/1/1058 388/1/1058
f 388/1/1058 387/1/1059 399/1/1057
s 390
f 400/1/1060 426/1/1061 423/1/1062
f 423/1/1062 398/1/1063 400/1/1060
s 391
f 420/1/1064 425/1/1065 399/1/1065
f 399/1/1065 401/1/1065 420/1/1064
s 392
f 402/1/1066 427/1/1067 426/1/1066
f 426/1/1066 400/1/1068 402/1/1066
s 393
f 403/1/1069 421/1/1069 420/1/1069
f 420/1/1069 401/1/1070 403/1/1069
s 394
f 428/1/1071 427/1/1072 402/1/1073
f 402/1/1073 404/1/1074 428/1/1071
s 395
f 405/1/1075 429/1/1076 421/1/1077
f 421/1/1077 403/1/1077 405/1/1075
s 396
f 406/1/1078 430/1/1078 428/1/1078
f 428/1/1078 404/1/1078 406/1/1078
s 397
f 431/1/1079 429/1/1080 405/1/1080
f 405/1/1080 407/1/1080 431/1/1079
s 398
f 408/1/1081 432/1/1082 430/1/1083
f 430/1/1083 406/1/1083 408/1/1081
s 399
f 433/1/1084 355/1/1085 409/1/1086
f 409/1/1086 434/1/1085 433/1/1084
s 400
f 410/1/1087 435/1/1088 431/1/1088
f 431/1/1088 407/1/1088 410/1/1087
s 401
f 436/1/1089 432/1/1089 408/1/1089
f 408/1/1089 411/1/1090 436/1/1089
s 402
f 434/1/1091 409/1/1091 412/1/1091
f 412/1/1091 437/1/1091 434/1/1091
s 403
f 413/1/1092 438/1/1093 435/1/1093
f 435/1/1093 410/1/1094 413/1/1092
s 404
f 414/1/1095 439/1/1096 436/1/1095
f 436/1/1095 411/1/1097 414/1/1095
s 405
f 415/1/1098 440/1/1099 437/1/1100
f 437/1/1100 412/1/1101 415/1/1098
s 406
f 441/1/1102 438/1/1103 413/1/1104
f 413/1/1104 416/1/1104 441/1/1102
s 407
f 417/1/1105 442/1/1106 439/1/1105
f 439/1/1105 414/1/1106 417/1/1105
s 408
f 440/1/1107 415/1/1107 418/1/1107
f 418/1/1107 443/1/1107 440/1/1107
s 409
f 356/1/1108 444/1/1109 441/1/1108
f 441/1/1108 416/1/1110 356/1/1108
s 410
f 445/1/1111 442/1/1112 417/1/1113
f 417/1/1113 392/1/1112 445/1/1111
s 411
f 393/1/1114 446/1/1115 443/1/1114
f 443/1/1114 418/1/1116 393/1/1114
s 412
f 433/1/1117 444/1/1118 356/1/1119
f 356/1/1119 355/1/1120 433/1/1117
s 413
f 391/1/1121 447/1/1122 445/1/1123
f 445/1/1123 392/1/1124 391/1/1121
s 414
f 394/1/1125 448/1/1125 446/1/1125
f 446/1/1125 393/1/1126 394/1/1125
s 415
f 395/1/1127 449/1/1128 447/1/1129
f 447/1/1129 391/1/1128 395/1/1127
s 416
f 448/1/1130 394/1/1131 396/1/1132
f 396/1/1132 450/1/1131 448/1/1130
s 417
f 389/1/1133 449/1/1134 395/1/1133
f 395/1/1133 390/1/1133 389/1/1133
s 418
f 397/1/1135 424/1/1136 450/1/1137
f 450/1/1137 396/1/1138 397/1/1135
s 419
f 451/1/1139 452/1/1140 453/1/1140
f 453/1/1140 454/1/1139 451/1/1139
s 420
f 428/1/1141 455/1/1141 456/1/1141
f 456/1/1141 427/1/1141 428/1/1141
s 421
f 429/1/1142 457/1/1143 422/1/1143
f 422/1/1143 421/1/1143 429/1/1142
s 422
f 458/1/1144 455/1/1144 428/1/1144
f 428/1/1144 430/1/1144 458/1/1144
s 423
f 431/1/1145 459/1/1145 457/1/1145
f 457/1/1145 429/1/1145 431/1/1145
s 424
f 432/1/1146 460/1/1147 458/1/1147
f 458/1/1147 430/1/1147 432/1/1146
s 425
f 452/1/1148 451/1/1148 433/1/1148
f 433/1/1148 434/1/1148 452/1/1148
s 426
f 461/1/1149 459/1/1149 431/1/1149
f 431/1/1149 435/1/1149 461/1/1149
s 427
f 436/1/1150 462/1/1150 460/1/1150
f 460/1/1150 432/1/1150 436/1/1150
s 428
f 437/1/1151 463/1/1152 452/1/1152
f 452/1/1152 434/1/1152 437/1/1151
s 429
f 438/1/1153 464/1/1153 461/1/1153
f 461/1/1153 435/1/1153 438/1/1153
s 430
f 465/1/1154 462/1/1154 436/1/1155
f 436/1/1155 439/1/1154 465/1/1154
s 431
f 440/1/1156 466/1/1157 463/1/1157
f 463/1/1157 437/1/1157 440/1/1156
s 432
f 441/1/1158 467/1/1158 464/1/1158
f 464/1/1158 438/1/1158 441/1/1158
s 433
f 442/1/1159 468/1/1159 465/1/1159
f 465/1/1159 439/1/1159 442/1/1159
s 434
f 469/1/1160 466/1/1160 440/1/1160
f 440/1/1160 443/1/1160 469/1/1160
s 435
f 470/1/1161 467/1/1161 441/1/1161
f 441/1/1161 444/1/1161 470/1/1161
s 436
f 445/1/1162 471/1/1162 468/1/1162
f 468/1/1162 442/1/1162 445/1/1162
s 437
f 446/1/1163 472/1/1163 469/1/1163
f 469/1/1163 443/1/1163 446/1/1163
s 438
f 470/1/1164 444/1/1164 433/1/1164
f 433/1/1164 451/1/1164 470/1/1164
s 439
f 471/1/1165 445/1/1165 447/1/1165
f 447/1/1165 473/1/1165 471/1/1165
s 440
f 448/1/1166 474/1/1167 472/1/1168
f 472/1/1168 446/1/1167 448/1/1166
s 441
f 449/1/1169 475/1/1169 473/1/1169
f 473/1/1169 447/1/1169 449/1/1169
s 442
f 476/1/1170 474/1/1170 448/1/1170
f 448/1/1170 450/1/1170 476/1/1170
s 443
f 389/1/1171 477/1/1171 475/1/1171
f 475/1/1171 449/1/1171 389/1/1171
s 444
f 424/1/1172 478/1/1172 476/1/1173
f 476/1/1173 450/1/1172 424/1/1172
s 445
f 477/1/1174 389/1/1174 388/1/1174
f 388/1/1174 479/1/1174 477/1/1174
s 446
f 423/1/1175 480/1/1176 478/1/1175
f 478/1/1175 424/1/1176 423/1/1175
s 447
f 425/1/1177 481/1/1177 479/1/1177
f 479/1/1177 388/1/1177 425/1/1177
s 448
f 482/1/1178 480/1/1179 423/1/1179
f 423/1/1179 426/1/1179 482/1/1178
s 449
f 420/1/1180 419/1/1180 481/1/1180
f 481/1/1180 425/1/1180 420/1/1180
s 450
f 427/1/1181 456/1/1182 482/1/1183
f 482/1/1183 426/1/1182 427/1/1181
s 451
f 483/1/1184 484/1/1185 485/1/1184
f 485/1/1184 486/1/1186 483/1/1184
s 452
f 461/1/1187 487/1/1188 488/1/1189
f 488/1/1189 459/1/1190 461/1/1187
s 453
f 462/1/1191 489/1/1192 490/1/1193
f 490/1/1193 460/1/1194 462/1/1191
s 454
f 463/1/1195 491/1/1196 453/1/1197
f 453/1/1197 452/1/1198 463/1/1195
s 455
f 492/1/1199 487/1/1200 461/1/1199
f 461/1/1199 464/1/1201 492/1/1199
s 456
f 465/1/1202 493/1/1203 489/1/1202
f 489/1/1202 462/1/1204 465/1/1202
s 457
f 466/1/1205 486/1/1206 491/1/1205
f 491/1/1205 463/1/1205 466/1/1205
s 458
f 467/1/1207 494/1/1208 492/1/1209
f 492/1/1209 464/1/1210 467/1/1207
s 459
f 493/1/1211 465/1/1212 468/1/1213
f 468/1/1213 495/1/1214 493/1/1211
s 460
f 469/1/1215 483/1/1215 486/1/1216
f 486/1/1216 466/1/1215 469/1/1215
s 461
f 470/1/1217 496/1/1218 494/1/1219
f 494/1/1219 467/1/1220 470/1/1217
s 462
f 471/1/1221 497/1/1222 495/1/1223
f 495/1/1223 468/1/1224 471/1/1221
s 463
f 483/1/1225 469/1/1226 472/1/1227
f 472/1/1227 498/1/1228 483/1/1225
s 464
f 496/1/1229 470/1/1230 451/1/1229
f 451/1/1229 454/1/1229 496/1/1229
s 465
f 473/1/1231 499/1/1232 497/1/1233
f 497/1/1233 471/1/1234 473/1/1231
s 466
f 474/1/1235 500/1/1236 498/1/1237
f 498/1/1237 472/1/1238 474/1/1235
s 467
f 501/1/1239 499/1/1240 473/1/1241
f 473/1/1241 475/1/1242 501/1/1239
s 468
f 476/1/1243 502/1/1244 500/1/1245
f 500/1/1245 474/1/1246 476/1/1243
s 469
f 477/1/1247 503/1/1248 501/1/1249
f 501/1/1249 475/1/1248 477/1/1247
s 470
f 504/1/1250 502/1/1251 476/1/1252
f 476/1/1252 478/1/1251 504/1/1250
s 471
f 479/1/1253 505/1/1254 503/1/1254
f 503/1/1254 477/1/1253 479/1/1253
s 472
f 480/1/1255 506/1/1256 504/1/1257
f 504/1/1257 478/1/1258 480/1/1255
s 473
f 505/1/1259 479/1/1260 481/1/1261
f 481/1/1261 507/1/1262 505/1/1259
s 474
f 482/1/1263 508/1/1264 506/1/1265
f 506/1/1265 480/1/1266 482/1/1263
s 475
f 419/1/1267 509/1/1268 507/1/1269
f 507/1/1269 481/1/1270 419/1/1267
s 476
f 510/1/1271 508/1/1272 482/1/1273
f 482/1/1273 456/1/1274 510/1/1271
s 477
f 422/1/1275 511/1/1276 509/1/1277
f 509/1/1277 419/1/1278 422/1/1275
s 478
f 455/1/1279 512/1/1280 510/1/1281
f 510/1/1281 456/1/1280 455/1/1279
s 479
f 513/1/1282 511/1/1283 422/1/1284
f 422/1/1284 457/1/1285 513/1/1282
s 480
f 458/1/1286 514/1/1286 512/1/1287
f 512/1/1287 455/1/1288 458/1/1286
s 481
f 459/1/1289 488/1/1290 513/1/1291
f 513/1/1291 457/1/1289 459/1/1289
s 482
f 514/1/1292 458/1/1292 460/1/1292
f 460/1/1292 490/1/1293 514/1/1292
s 483
f 515/1/1294 516/1/1295 517/1/1296
f 517/1/1296 518/1/1295 515/1/1294
s 484
f 496/1/1297 519/1/1298 520/1/1297
f 520/1/1297 494/1/1299 496/1/1297
s 485
f 521/1/1300 522/1/1301 495/1/1302
f 495/1/1302 497/1/1302 521/1/1300
s 486
f 498/1/1303 523/1/1304 484/1/1305
f 484/1/1305 483/1/1306 498/1/1303
s 487
f 524/1/1307 519/1/1308 496/1/1309
f 496/1/1309 454/1/1310 524/1/1307
s 488
f 499/1/1311 525/1/1311 521/1/1311
f 521/1/1311 497/1/1311 499/1/1311
s 489
f 523/1/1312 498/1/1313 500/1/1314
f 500/1/1314 517/1/1315 523/1/1312
s 490
f 501/1/1316 526/1/1317 525/1/1318
f 525/1/1318 499/1/1319 501/1/1316
s 491
f 502/1/1320 518/1/1321 517/1/1322
f 517/1/1322 500/1/1323 502/1/1320
s 492
f 527/1/1324 526/1/1325 501/1/1326
f 501/1/1326 503/1/1326 527/1/1324
s 493
f 504/1/1327 528/1/1328 518/1/1329
f 518/1/1329 502/1/1330 504/1/1327
s 494
f 505/1/1331 529/1/1331 527/1/1331
f 527/1/1331 503/1/1331 505/1/1331
s 495
f 530/1/1332 528/1/1333 504/1/1334
f 504/1/1334 506/1/1335 530/1/1332
s 496
f 507/1/1336 531/1/1337 529/1/1338
f 529/1/1338 505/1/1339 507/1/1336
s 497
f 508/1/1340 532/1/1341 530/1/1342
f 530/1/1342 506/1/1343 508/1/1340
s 498
f 533/1/1344 531/1/1345 507/1/1346
f 507/1/1346 509/1/1347 533/1/1344
s 499
f 510/1/1348 534/1/1349 532/1/1350
f 532/1/1350 508/1/1351 510/1/1348
s 500
f 511/1/1352 535/1/1353 533/1/1354
f 533/1/1354 509/1/1355 511/1/1352
s 501
f 536/1/1356 534/1/1357 510/1/1358
f 510/1/1358 512/1/1359 536/1/1356
s 502
f 513/1/1360 537/1/1361 535/1/1362
f 535/1/1362 511/1/1363 513/1/1360
s 503
f 514/1/1364 538/1/1365 536/1/1366
f 536/1/1366 512/1/1366 514/1/1364
s 504
f 539/1/1367 537/1/1367 513/1/1368
f 513/1/1368 488/1/1368 539/1/1367
s 505
f 490/1/1369 540/1/1370 538/1/1371
f 538/1/1371 514/1/1372 490/1/1369
s 506
f 454/1/1373 453/1/1374 541/1/1375
f 541/1/1375 524/1/1375 454/1/1373
s 507
f 487/1/1376 542/1/1377 539/1/1378
f 539/1/1378 488/1/1379 487/1/1376
s 508
f 543/1/1380 540/1/1381 490/1/1380
f 490/1/1380 489/1/1382 543/1/1380
s 509
f 544/1/1383 541/1/1384 453/1/1385
f 453/1/1385 491/1/1386 544/1/1383
s 510
f 492/1/1387 545/1/1388 542/1/1389
f 542/1/1389 487/1/1390 492/1/1387
s 511
f 493/1/1391 546/1/1392 543/1/1392
f 543/1/1392 489/1/1393 493/1/1391
s 512
f 485/1/1394 544/1/1395 491/1/1396
f 491/1/1396 486/1/1397 485/1/1394
s 513
f 520/1/1398 545/1/1399 492/1/1398
f 492/1/1398 494/1/1398 520/1/1398
s 514
f 495/1/1400 522/1/1401 546/1/1400
f 546/1/1400 493/1/1402 495/1/1400
s 515
f 547/1/1403 548/1/1404 549/1/1405
f 549/1/1405 550/1/1406 547/1/1403
s 516
f 527/1/1407 551/1/1407 552/1/1407
f 552/1/1407 526/1/1407 527/1/1407
s 517
f 528/1/1408 553/1/1408 515/1/1409
f 515/1/1409 518/1/1408 528/1/1408
s 518
f 551/1/1410 527/1/1411 529/1/1411
f 529/1/1411 554/1/1411 551/1/1410
s 519
f 530/1/1412 550/1/1413 553/1/1412
f 553/1/1412 528/1/1413 530/1/1412
s 520
f 531/1/1414 555/1/1415 554/1/1415
f 554/1/1415 529/1/1415 531/1/1414
s 521
f 547/1/1416 550/1/1417 530/1/1418
f 530/1/1418 532/1/1417 547/1/1416
s 522
f 533/1/1419 556/1/1420 555/1/1421
f 555/1/1421 531/1/1422 533/1/1419
s 523
f 534/1/1423 557/1/1423 547/1/1424
f 547/1/1424 532/1/1423 534/1/1423
s 524
f 558/1/1425 556/1/1426 533/1/1427
f 533/1/1427 535/1/1426 558/1/1425
s 525
f 536/1/1428 559/1/1428 557/1/1428
f 557/1/1428 534/1/1428 536/1/1428
s 526
f 537/1/1429 560/1/1430 558/1/1430
f 558/1/1430 535/1/1430 537/1/1429
s 527
f 561/1/1431 559/1/1431 536/1/1431
f 536/1/1431 538/1/1431 561/1/1431
s 528
f 539/1/1432 562/1/1433 560/1/1434
f 560/1/1434 537/1/1433 539/1/1432
s 529
f 540/1/1435 563/1/1436 561/1/1437
f 561/1/1437 538/1/1436 540/1/1435
s 530
f 564/1/1438 565/1/1439 524/1/1439
f 524/1/1439 541/1/1439 564/1/1438
s 531
f 566/1/1440 562/1/1440 539/1/1441
f 539/1/1441 542/1/1440 566/1/1440
s 532
f 543/1/1442 567/1/1442 563/1/1443
f 563/1/1443 540/1/1442 543/1/1442
s 533
f 544/1/1444 568/1/1444 564/1/1444
f 564/1/1444 541/1/1444 544/1/1444
s 534
f 545/1/1445 569/1/1446 566/1/1446
f 566/1/1446 542/1/1446 545/1/1445
s 535
f 567/1/1447 543/1/1448 546/1/1448
f 546/1/1448 570/1/1448 567/1/1447
s 536
f 485/1/1449 571/1/1449 568/1/1449
f 568/1/1449 544/1/1449 485/1/1449
s 537
f 520/1/1450 572/1/1450 569/1/1451
f 569/1/1451 545/1/1450 520/1/1450
s 538
f 522/1/1452 573/1/1452 570/1/1452
f 570/1/1452 546/1/1452 522/1/1452
s 539
f 574/1/1453 571/1/1454 485/1/1454
f 485/1/1454 484/1/1454 574/1/1453
s 540
f 575/1/1455 572/1/1456 520/1/1456
f 520/1/1456 519/1/1456 575/1/1455
s 541
f 521/1/1457 576/1/1458 573/1/1458
f 573/1/1458 522/1/1458 521/1/1457
s 542
f 523/1/1459 577/1/1459 574/1/1460
f 574/1/1460 484/1/1459 523/1/1459
s 543
f 565/1/1461 575/1/1461 519/1/1461
f 519/1/1461 524/1/1461 565/1/1461
s 544
f 576/1/1462 521/1/1462 525/1/1463
f 525/1/1463 578/1/1462 576/1/1462
s 545
f 517/1/1464 516/1/1465 577/1/1465
f 577/1/1465 523/1/1465 517/1/1464
s 546
f 526/1/1466 552/1/1467 578/1/1468
f 578/1/1468 525/1/1467 526/1/1466
s 547
f 579/1/1469 580/1/1469 581/1/1470
f 581/1/1470 582/1/1471 579/1/1469
s 548
f 556/1/1472 583/1/1473 584/1/1474
f 584/1/1474 555/1/1475 556/1/1472
s 549
f 585/1/1476 548/1/1477 547/1/1478
f 547/1/1478 557/1/1476 585/1/1476
s 550
f 558/1/1479 586/1/1480 583/1/1479
f 583/1/1479 556/1/1480 558/1/1479
s 551
f 559/1/1481 582/1/1482 585/1/1483
f 585/1/1483 557/1/1484 559/1/1481
s 552
f 586/1/1485 558/1/1486 560/1/1485
f 560/1/1485 587/1/1487 586/1/1485
s 553
f 561/1/1488 579/1/1489 582/1/1490
f 582/1/1490 559/1/1491 561/1/1488
s 554
f 562/1/1492 588/1/1492 587/1/1493
f 587/1/1493 560/1/1494 562/1/1492
s 555
f 579/1/1495 561/1/1495 563/1/1496
f 563/1/1496 589/1/1495 579/1/1495
s 556
f 565/1/1497 564/1/1498 590/1/1497
f 590/1/1497 591/1/1498 565/1/1497
s 557
f 566/1/1499 592/1/1500 588/1/1501
f 588/1/1501 562/1/1502 566/1/1499
s 558
f 567/1/1503 593/1/1504 589/1/1505
f 589/1/1505 563/1/1503 567/1/1503
s 559
f 568/1/1506 594/1/1507 590/1/1506
f 590/1/1506 564/1/1508 568/1/1506
s 560
f 595/1/1509 592/1/1509 566/1/1509
f 566/1/1509 569/1/1510 595/1/1509
s 561
f 570/1/1511 596/1/1511 593/1/1512
f 593/1/1512 567/1/1513 570/1/1511
s 562
f 571/1/1514 597/1/1515 594/1/1516
f 594/1/1516 568/1/1517 571/1/1514
s 563
f 572/1/1518 598/1/1519 595/1/1518
f 595/1/1518 569/1/1520 572/1/1518
s 564
f 599/1/1521 596/1/1522 570/1/1523
f 570/1/1523 573/1/1524 599/1/1521
s 565
f 574/1/1525 600/1/1526 597/1/1525
f 597/1/1525 571/1/1527 574/1/1525
s 566
f 575/1/1528 601/1/1529 598/1/1530
f 598/1/1530 572/1/1531 575/1/1528
s 567
f 576/1/1532 602/1/1533 599/1/1532
f 599/1/1532 573/1/1534 576/1/1532
s 568
f 600/1/1535 574/1/1536 577/1/1537
f 577/1/1537 603/1/1538 600/1/1535
s 569
f 591/1/1539 601/1/1540 575/1/1539
f 575/1/1539 565/1/1541 591/1/1539
s 570
f 578/1/1542 604/1/1543 602/1/1542
f 602/1/1542 576/1/1542 578/1/1542
s 571
f 516/1/1544 605/1/1544 603/1/1545
f 603/1/1545 577/1/1546 516/1/1544
s 572
f 606/1/1547 604/1/1548 578/1/1549
f 578/1/1549 552/1/1550 606/1/1547
s 573
f 515/1/1551 607/1/1552 605/1/1553
f 605/1/1553 516/1/1554 515/1/1551
s 574
f 551/1/1555 608/1/1556 606/1/1557
f 606/1/1557 552/1/1558 551/1/1555
s 575
f 609/1/1559 607/1/1560 515/1/1559
f 515/1/1559 553/1/1559 609/1/1559
s 576
f 554/1/1561 610/1/1562 608/1/1563
f 608/1/1563 551/1/1564 554/1/1561
s 577
f 550/1/1565 549/1/1566 609/1/1565
f 609/1/1565 553/1/1565 550/1/1565
s 578
f 610/1/1567 554/1/1568 555/1/1569
f 555/1/1569 584/1/1570 610/1/1567
s 579
f 611/1/1571 612/1/1572 613/1/1571
f 613/1/1571 614/1/1572 611/1/1571
s 580
f 587/1/1573 588/1/1573 615/1/1573
f 615/1/1573 616/1/1574 587/1/1573
s 581
f 589/1/1575 617/1/1576 580/1/1577
f 580/1/1577 579/1/1578 589/1/1575
s 582
f 591/1/1579 590/1/1580 618/1/1580
f 618/1/1580 619/1/1580 591/1/1579
s 583
f 615/1/1581 588/1/1581 592/1/1581
f 592/1/1581 620/1/1581 615/1/1581
s 584
f 589/1/1582 593/1/1583 614/1/1584
f 614/1/1584 617/1/1584 589/1/1582
s 585
f 618/1/1585 590/1/1586 594/1/1587
f 594/1/1587 621/1/1588 618/1/1585
s 586
f 595/1/1589 622/1/1590 620/1/1589
f 620/1/1589 592/1/1589 595/1/1589
s 587
f 614/1/1591 593/1/1592 596/1/1591
f 596/1/1591 611/1/1591 614/1/1591
s 588
f 623/1/1593 621/1/1594 594/1/1595
f 594/1/1595 597/1/1596 623/1/1593
s 589
f 595/1/1597 598/1/1598 624/1/1599
f 624/1/1599 622/1/1597 595/1/1597
s 590
f 599/1/1600 625/1/1600 611/1/1600
f 611/1/1600 596/1/1600 599/1/1600
s 591
f 600/1/1601 626/1/1602 623/1/1601
f 623/1/1601 597/1/1603 600/1/1601
s 592
f 624/1/1604 598/1/1605 601/1/1606
f 601/1/1606 627/1/1607 624/1/1604
s 593
f 599/1/1608 602/1/1609 628/1/1610
f 628/1/1610 625/1/1611 599/1/1608
s 594
f 603/1/1612 629/1/1612 626/1/1612
f 626/1/1612 600/1/1612 603/1/1612
s 595
f 601/1/1613 591/1/1613 619/1/1613
f 619/1/1613 627/1/1613 601/1/1613
s 596
f 628/1/1614 602/1/1615 604/1/1616
f 604/1/1616 630/1/1617 628/1/1614
s 597
f 631/1/1618 629/1/1619 603/1/1620
f 603/1/1620 605/1/1621 631/1/1618
s 598
f 606/1/1622 632/1/1622 630/1/1623
f 630/1/1623 604/1/1622 606/1/1622
s 599
f 607/1/1624 633/1/1625 631/1/1625
f 631/1/1625 605/1/1626 607/1/1624
s 600
f 606/1/1627 608/1/1628 634/1/1627
f 634/1/1627 632/1/1629 606/1/1627
s 601
f 609/1/1630 635/1/1630 633/1/1631
f 633/1/1631 607/1/1630 609/1/1630
s 602
f 634/1/1632 608/1/1633 610/1/1632
f 610/1/1632 636/1/1634 634/1/1632
s 603
f 609/1/1635 549/1/1636 637/1/1637
f 637/1/1637 635/1/1638 609/1/1635
s 604
f 584/1/1639 638/1/1639 636/1/1639
f 636/1/1639 610/1/1639 584/1/1639
s 605
f 637/1/1640 549/1/1640 548/1/1641
f 548/1/1641 639/1/1640 637/1/1640
s 606
f 584/1/1642 583/1/1643 640/1/1644
f 640/1/1644 638/1/1642 584/1/1642
s 607
f 641/1/1645 639/1/1645 548/1/1645
f 548/1/1645 585/1/1646 641/1/1645
s 608
f 640/1/1647 583/1/1648 586/1/1649
f 586/1/1649 642/1/1647 640/1/1647
s 609
f 641/1/1650 585/1/1650 582/1/1650
f 582/1/1650 581/1/1650 641/1/1650
s 610
f 587/1/1651 616/1/1652 642/1/1653
f 642/1/1653 586/1/1652 587/1/1651
s 611
f 643/1/1654 644/1/1654 645/1/1654
f 645/1/1654 646/1/1654 643/1/1654
s 612
f 623/1/1655 647/1/1655 648/1/1655
f 648/1/1655 621/1/1655 623/1/1655
s 613
f 624/1/1656 649/1/1656 650/1/1656
f 650/1/1656 622/1/1656 624/1/1656
s 614
f 612/1/1657 611/1/1657 625/1/1657
f 625/1/1657 651/1/1657 612/1/1657
s 615
f 623/1/1658 626/1/1658 652/1/1658
f 652/1/1658 647/1/1658 623/1/1658
s 616
f 627/1/1659 653/1/1659 649/1/1659
f 649/1/1659 624/1/1659 627/1/1659
s 617
f 628/1/1660 646/1/1660 651/1/1660
f 651/1/1660 625/1/1661 628/1/1660
s 618
f 652/1/1662 626/1/1662 629/1/1662
f 629/1/1662 654/1/1662 652/1/1662
s 619
f 655/1/1663 653/1/1663 627/1/1663
f 627/1/1663 619/1/1663 655/1/1663
s 620
f 630/1/1664 643/1/1664 646/1/1664
f 646/1/1664 628/1/1664 630/1/1664
s 621
f 631/1/1665 656/1/1665 654/1/1665
f 654/1/1665 629/1/1665 631/1/1665
s 622
f 643/1/1666 630/1/1666 632/1/1666
f 632/1/1666 657/1/1666 643/1/1666
s 623
f 631/1/1667 633/1/1667 658/1/1667
f 658/1/1667 656/1/1667 631/1/1667
s 624
f 634/1/1668 659/1/1668 657/1/1668
f 657/1/1668 632/1/1668 634/1/1668
s 625
f 658/1/1669 633/1/1669 635/1/1669
f 635/1/1669 660/1/1669 658/1/1669
s 626
f 636/1/1670 661/1/1670 659/1/1670
f 659/1/1670 634/1/1670 636/1/1670
s 627
f 637/1/1671 662/1/1672 660/1/1672
f 660/1/1672 635/1/1672 637/1/1671
s 628
f 661/1/1673 636/1/1673 638/1/1673
f 638/1/1673 663/1/1673 661/1/1673
s 629
f 639/1/1674 664/1/1674 662/1/1674
f 662/1/1674 637/1/1674 639/1/1674
s 630
f 640/1/1675 665/1/1675 663/1/1676
f 663/1/1676 638/1/1676 640/1/1675
s 631
f 639/1/1677 641/1/1677 666/1/1677
f 666/1/1677 664/1/1677 639/1/1677
s 632
f 642/1/1678 667/1/1679 665/1/1680
f 665/1/1680 640/1/1681 642/1/1678
s 633
f 668/1/1682 666/1/1682 641/1/1682
f 641/1/1682 581/1/1682 668/1/1682
s 634
f 667/1/1683 642/1/1683 616/1/1683
f 616/1/1683 669/1/1683 667/1/1683
s 635
f 668/1/1684 581/1/1684 580/1/1684
f 580/1/1684 670/1/1684 668/1/1684
s 636
f 615/1/1685 671/1/1685 669/1/1685
f 669/1/1685 616/1/1685 615/1/1685
s 637
f 670/1/1686 580/1/1686 617/1/1686
f 617/1/1686 672/1/1686 670/1/1686
s 638
f 618/1/1687 673/1/1687 655/1/1687
f 655/1/1687 619/1/1687 618/1/1687
s 639
f 620/1/1688 674/1/1688 671/1/1688
f 671/1/1688 615/1/1688 620/1/1688
s 640
f 614/1/1689 613/1/1689 672/1/1689
f 672/1/1689 617/1/1689 614/1/1689
s 641
f 673/1/1690 618/1/1690 621/1/1690
f 621/1/1690 648/1/1690 673/1/1690
s 642
f 674/1/1691 620/1/1691 622/1/1691
f 622/1/1691 650/1/1691 674/1/1691
s 643
f 675/1/1692 676/1/1692 677/1/1692
f 677/1/1692 678/1/1692 675/1/1692
s 644
f 679/1/1693 654/1/1694 656/1/1695
f 656/1/1695 680/1/1696 679/1/1693
s 645
f 657/1/1697 681/1/1697 644/1/1698
f 644/1/1698 643/1/1697 657/1/1697
s 646
f 658/1/1699 682/1/1700 680/1/1701
f 680/1/1701 656/1/1702 658/1/1699
s 647
f 681/1/1703 657/1/1704 659/1/1705
f 659/1/1705 678/1/1706 681/1/1703
s 648
f 660/1/1707 683/1/1708 682/1/1708
f 682/1/1708 658/1/1709 660/1/1707
s 649
f 661/1/1710 675/1/1711 678/1/1710
f 678/1/1710 659/1/1710 661/1/1710
s 650
f 683/1/1712 660/1/1712 662/1/1712
f 662/1/1712 684/1/1713 683/1/1712
s 651
f 663/1/1714 685/1/1715 675/1/1716
f 675/1/1716 661/1/1716 663/1/1714
s 652
f 664/1/1717 686/1/1718 684/1/1719
f 684/1/1719 662/1/1720 664/1/1717
s 653
f 685/1/1721 663/1/1721 665/1/1722
f 665/1/1722 687/1/1723 685/1/1721
s 654
f 666/1/1724 688/1/1724 686/1/1725
f 686/1/1725 664/1/1724 666/1/1724
s 655
f 667/1/1726 689/1/1727 687/1/1726
f 687/1/1726 665/1/1728 667/1/1726
s 656
f 688/1/1729 666/1/1729 668/1/1729
f 668/1/1729 690/1/1729 688/1/1729
s 657
f 669/1/1730 691/1/1730 689/1/1731
f 689/1/1731 667/1/1730 669/1/1730
s 658
f 670/1/1732 692/1/1733 690/1/1734
f 690/1/1734 668/1/1735 670/1/1732
s 659
f 691/1/1736 669/1/1737 671/1/1738
f 671/1/1738 693/1/1738 691/1/1736
s 660
f 672/1/1739 694/1/1740 692/1/1741
f 692/1/1741 670/1/1742 672/1/1739
s 661
f 655/1/1743 673/1/1743 695/1/1744
f 695/1/1744 696/1/1744 655/1/1743
s 662
f 674/1/1745 697/1/1746 693/1/1747
f 693/1/1747 671/1/1748 674/1/1745
s 663
f 694/1/1749 672/1/1750 613/1/1751
f 613/1/1751 698/1/1752 694/1/1749
s 664
f 648/1/1753 699/1/1754 695/1/1755
f 695/1/1755 673/1/1753 648/1/1753
s 665
f 650/1/1756 700/1/1756 697/1/1757
f 697/1/1757 674/1/1758 650/1/1756
s 666
f 612/1/1759 701/1/1760 698/1/1760
f 698/1/1760 613/1/1760 612/1/1759
s 667
f 699/1/1761 648/1/1762 647/1/1762
f 647/1/1762 702/1/1762 699/1/1761
s 668
f 700/1/1763 650/1/1764 649/1/1765
f 649/1/1765 703/1/1766 700/1/1763
s 669
f 651/1/1767 704/1/1768 701/1/1767
f 701/1/1767 612/1/1769 651/1/1767
s 670
f 652/1/1770 705/1/1771 702/1/1772
f 702/1/1772 647/1/1773 652/1/1770
s 671
f 653/1/1774 706/1/1775 703/1/1776
f 703/1/1776 649/1/1777 653/1/1774
s 672
f 704/1/1778 651/1/1779 646/1/1780
f 646/1/1780 645/1/1781 704/1/1778
s 673
f 654/1/1782 679/1/1783 705/1/1784
f 705/1/1784 652/1/1784 654/1/1782
s 674
f 696/1/1785 706/1/1786 653/1/1786
f 653/1/1786 655/1/1787 696/1/1785
s 675
f 707/1/1788 708/1/1789 709/1/1790
f 709/1/1790 710/1/1789 707/1/1788
s 676
f 684/1/1791 711/1/1791 712/1/1791
f 712/1/1791 683/1/1791 684/1/1791
s 677
f 685/1/1792 713/1/1792 676/1/1792
f 676/1/1792 675/1/1792 685/1/1792
s 678
f 686/1/1793 714/1/1793 711/1/1793
f 711/1/1793 684/1/1794 686/1/1793
s 679
f 687/1/1795 710/1/1796 713/1/1797
f 713/1/1797 685/1/1798 687/1/1795
s 680
f 715/1/1799 714/1/1799 686/1/1799
f 686/1/1799 688/1/1799 715/1/1799
s 681
f 689/1/1800 707/1/1801 710/1/1802
f 710/1/1802 687/1/1803 689/1/1800
s 682
f 690/1/1804 716/1/1804 715/1/1805
f 715/1/1805 688/1/1806 690/1/1804
s 683
f 717/1/1807 707/1/1807 689/1/1808
f 689/1/1808 691/1/1807 717/1/1807
s 684
f 716/1/1809 690/1/1810 692/1/1810
f 692/1/1810 718/1/1811 716/1/1809
s 685
f 719/1/1812 717/1/1812 691/1/1812
f 691/1/1812 693/1/1812 719/1/1812
s 686
f 694/1/1813 720/1/1813 718/1/1814
f 718/1/1814 692/1/1813 694/1/1813
s 687
f 721/1/1815 696/1/1816 695/1/1817
f 695/1/1817 722/1/1816 721/1/1815
s 688
f 723/1/1818 719/1/1818 693/1/1818
f 693/1/1818 697/1/1818 723/1/1818
s 689
f 698/1/1819 724/1/1820 720/1/1819
f 720/1/1819 694/1/1821 698/1/1819
s 690
f 722/1/1822 695/1/1823 699/1/1823
f 699/1/1823 725/1/1823 722/1/1822
s 691
f 723/1/1824 697/1/1825 700/1/1824
f 700/1/1824 726/1/1826 723/1/1824
s 692
f 701/1/1827 727/1/1828 724/1/1827
f 724/1/1827 698/1/1829 701/1/1827
s 693
f 702/1/1830 728/1/1831 725/1/1830
f 725/1/1830 699/1/1830 702/1/1830
s 694
f 703/1/1832 729/1/1833 726/1/1832
f 726/1/1832 700/1/1833 703/1/1832
s 695
f 704/1/1834 730/1/1835 727/1/1834
f 727/1/1834 701/1/1836 704/1/1834
s 696
f 728/1/1837 702/1/1838 705/1/1838
f 705/1/1838 731/1/1839 728/1/1837
s 697
f 706/1/1840 732/1/1840 729/1/1840
f 729/1/1840 703/1/1841 706/1/1840
s 698
f 645/1/1842 733/1/1842 730/1/1842
f 730/1/1842 704/1/1842 645/1/1842
s 699
f 679/1/1843 734/1/1843 731/1/1843
f 731/1/1843 705/1/1843 679/1/1843
s 700
f 721/1/1844 732/1/1845 706/1/1846
f 706/1/1846 696/1/1847 721/1/1844
s 701
f 644/1/1848 735/1/1848 733/1/1848
f 733/1/1848 645/1/1848 644/1/1848
s 702
f 680/1/1849 736/1/1849 734/1/1849
f 734/1/1849 679/1/1849 680/1/1849
s 703
f 681/1/1850 737/1/1851 735/1/1851
f 735/1/1851 644/1/1850 681/1/1850
s 704
f 736/1/1852 680/1/1853 682/1/1854
f 682/1/1854 738/1/1852 736/1/1852
s 705
f 678/1/1855 677/1/1856 737/1/1857
f 737/1/1857 681/1/1857 678/1/1855
s 706
f 712/1/1858 738/1/1858 682/1/1858
f 682/1/1858 683/1/1859 712/1/1858
s 707
f 739/1/1860 740/1/1861 741/1/1862
f 741/1/1862 742/1/1861 739/1/1860
s 708
f 743/1/1863 744/1/1863 715/1/1863
f 715/1/1863 716/1/1863 743/1/1863
s 709
f 745/1/1864 708/1/1865 707/1/1866
f 707/1/1866 717/1/1865 745/1/1864
s 710
f 718/1/1867 746/1/1867 743/1/1867
f 743/1/1867 716/1/1867 718/1/1867
s 711
f 747/1/1868 745/1/1869 717/1/1870
f 717/1/1870 719/1/1869 747/1/1868
s 712
f 720/1/1871 748/1/1871 746/1/1871
f 746/1/1871 718/1/1871 720/1/1871
s 713
f 721/1/1872 722/1/1872 749/1/1872
f 749/1/1872 750/1/1872 721/1/1872
s 714
f 723/1/1873 751/1/1873 747/1/1874
f 747/1/1874 719/1/1873 723/1/1873
s 715
f 748/1/1875 720/1/1875 724/1/1875
f 724/1/1875 752/1/1875 748/1/1875
s 716
f 725/1/1876 753/1/1876 749/1/1876
f 749/1/1876 722/1/1876 725/1/1876
s 717
f 751/1/1877 723/1/1878 726/1/1878
f 726/1/1878 754/1/1878 751/1/1877
s 718
f 727/1/1879 755/1/1879 752/1/1879
f 752/1/1879 724/1/1879 727/1/1879
s 719
f 728/1/1880 756/1/1880 753/1/1880
f 753/1/1880 725/1/1880 728/1/1880
s 720
f 757/1/1881 754/1/1882 726/1/1883
f 726/1/1883 729/1/1882 757/1/1881
s 721
f 758/1/1884 755/1/1884 727/1/1884
f 727/1/1884 730/1/1884 758/1/1884
s 722
f 731/1/1885 759/1/1885 756/1/1885
f 756/1/1885 728/1/1885 731/1/1885
s 723
f 732/1/1886 760/1/1886 757/1/1886
f 757/1/1886 729/1/1886 732/1/1886
s 724
f 758/1/1887 730/1/1887 733/1/1888
f 733/1/1888 741/1/1888 758/1/1887
s 725
f 734/1/1889 761/1/1889 759/1/1889
f 759/1/1889 731/1/1889 734/1/1889
s 726
f 750/1/1890 760/1/1890 732/1/1890
f 732/1/1890 721/1/1890 750/1/1890
s 727
f 735/1/1891 742/1/1891 741/1/1892
f 741/1/1892 733/1/1891 735/1/1891
s 728
f 761/1/1893 734/1/1893 736/1/1893
f 736/1/1893 762/1/1893 761/1/1893
s 729
f 742/1/1894 735/1/1894 737/1/1894
f 737/1/1894 763/1/1894 742/1/1894
s 730
f 738/1/1895 764/1/1895 762/1/1896
f 762/1/1896 736/1/1895 738/1/1895
s 731
f 763/1/1897 737/1/1898 677/1/1899
f 677/1/1899 765/1/1898 763/1/1897
s 732
f 766/1/1900 764/1/1900 738/1/1900
f 738/1/1900 712/1/1900 766/1/1900
s 733
f 767/1/1901 765/1/1902 677/1/1902
f 677/1/1902 676/1/1902 767/1/1901
s 734
f 768/1/1903 766/1/1903 712/1/1904
f 712/1/1904 711/1/1903 768/1/1903
s 735
f 713/1/1905 769/1/1906 767/1/1907
f 767/1/1907 676/1/1906 713/1/1905
s 736
f 714/1/1908 770/1/1908 768/1/1908
f 768/1/1908 711/1/1908 714/1/1908
s 737
f 769/1/1909 713/1/1910 710/1/1909
f 710/1/1909 709/1/1911 769/1/1909
s 738
f 714/1/1912 715/1/1912 744/1/1912
f 744/1/1912 770/1/1912 714/1/1912
s 739
f 771/1/1913 772/1/1913 773/1/1914
f 773/1/1914 774/1/1913 771/1/1913
s 740
f 761/1/1915 762/1/1915 775/1/1916
f 775/1/1916 776/1/1917 761/1/1915
s 741
f 763/1/1918 777/1/1919 739/1/1920
f 739/1/1920 742/1/1919 763/1/1918
s 742
f 778/1/1921 775/1/1922 762/1/1922
f 762/1/1922 764/1/1923 778/1/1921
s 743
f 765/1/1924 771/1/1924 777/1/1924
f 777/1/1924 763/1/1924 765/1/1924
s 744
f 766/1/1925 779/1/1926 778/1/1927
f 778/1/1927 764/1/1928 766/1/1925
s 745
f 771/1/1929 765/1/1929 767/1/1930
f 767/1/1930 772/1/1931 771/1/1929
s 746
f 768/1/1932 780/1/1933 779/1/1934
f 779/1/1934 766/1/1935 768/1/1932
s 747
f 769/1/1936 781/1/1937 772/1/1938
f 772/1/1938 767/1/1939 769/1/1936
s 748
f 768/1/1940 770/1/1941 782/1/1941
f 782/1/1941 780/1/1942 768/1/1940
s 749
f 769/1/1943 709/1/1944 783/1/1945
f 783/1/1945 781/1/1944 769/1/1943
s 750
f 744/1/1946 784/1/1947 782/1/1948
f 782/1/1948 770/1/1949 744/1/1946
s 751
f 785/1/1950 783/1/1951 709/1/1952
f 709/1/1952 708/1/1951 785/1/1950
s 752
f 786/1/1953 784/1/1954 744/1/1955
f 744/1/1955 743/1/1956 786/1/1953
s 753
f 785/1/1957 708/1/1958 745/1/1957
f 745/1/1957 787/1/1959 785/1/1957
s 754
f 788/1/1960 786/1/1961 743/1/1962
f 743/1/1962 746/1/1963 788/1/1960
s 755
f 747/1/1964 789/1/1964 787/1/1965
f 787/1/1965 745/1/1966 747/1/1964
s 756
f 746/1/1967 748/1/1968 790/1/1967
f 790/1/1967 788/1/1969 746/1/1967
s 757
f 791/1/1970 792/1/1971 750/1/1972
f 750/1/1972 749/1/1971 791/1/1970
s 758
f 747/1/1973 751/1/1973 793/1/1973
f 793/1/1973 789/1/1973 747/1/1973
s 759
f 790/1/1974 748/1/1975 752/1/1976
f 752/1/1976 794/1/1977 790/1/1974
s 760
f 791/1/1978 749/1/1978 753/1/1978
f 753/1/1978 795/1/1979 791/1/1978
s 761
f 754/1/1980 796/1/1980 793/1/1981
f 793/1/1981 751/1/1980 754/1/1980
s 762
f 752/1/1982 755/1/1983 797/1/1984
f 797/1/1984 794/1/1985 752/1/1982
s 763
f 753/1/1986 756/1/1987 798/1/1988
f 798/1/1988 795/1/1989 753/1/1986
s 764
f 799/1/1990 796/1/1991 754/1/1992
f 754/1/1992 757/1/1993 799/1/1990
s 765
f 758/1/1994 800/1/1995 797/1/1996
f 797/1/1996 755/1/1997 758/1/1994
s 766
f 801/1/1998 798/1/1999 756/1/1999
f 756/1/1999 759/1/1998 801/1/1998
s 767
f 802/1/2000 799/1/2001 757/1/2002
f 757/1/2002 760/1/2003 802/1/2000
s 768
f 800/1/2004 758/1/2005 741/1/2005
f 741/1/2005 740/1/2004 800/1/2004
s 769
f 761/1/2006 776/1/2007 801/1/2008
f 801/1/2008 759/1/2009 761/1/2006
s 770
f 760/1/2010 750/1/2011 792/1/2012
f 792/1/2012 802/1/2013 760/1/2010
s 771
f 803/1/2014 804/1/2014 805/1/2015
f 805/1/2015 806/1/2014 807/1/2016
f 805/1/2015 807/1/2016 808/1/2017
f 803/1/2014 805/1/2015 808/1/2017
f 809/1/2014 810/1/2014 811/1/2018
f 808/1/2017 809/1/2014 811/1/2018
f 811/1/2018 812/1/2014 813/1/2019
f 811/1/2018 813/1/2019 814/1/2014
f 808/1/2017 811/1/2018 814/1/2014
f 808/1/2017 814/1/2014 815/1/2020
f 808/1/2017 815/1/2020 816/1/2021
f 817/1/2014 818/1/2014 819/1/2015
f 816/1/2021 817/1/2014 819/1/2015
f 816/1/2021 819/1/2015 820/1/2014
f 816/1/2021 820/1/2014 821/1/2022
f 808/1/2017 816/1/2021 821/1/2022
f 808/1/2017 821/1/2022 822/1/2023
f 774/1/2024 773/1/2014 823/1/2025
f 822/1/2023 774/1/2024 823/1/2025
f 822/1/2023 823/1/2025 824/1/2020
f 822/1/2023 824/1/2020 825/1/2014
f 808/1/2017 822/1/2023 825/1/2014
f 808/1/2017 825/1/2014 826/1/2015
f 827/1/2016 828/1/2014 829/1/2014
f 826/1/2015 827/1/2016 829/1/2014
f 826/1/2015 829/1/2014 830/1/2026
f 808/1/2017 826/1/2015 830/1/2026
f 808/1/2017 830/1/2026 831/1/2027
f 808/1/2017 831/1/2027 832/1/2028
f 803/1/2014 808/1/2017 832/1/2028
s 772
f 811/1/2029 810/1/2030 779/1/2029
f 779/1/2029 780/1/2030 811/1/2029
s 773
f 823/1/2031 773/1/2031 772/1/2031
f 772/1/2031 781/1/2031 823/1/2031
s 774
f 780/1/2032 782/1/2032 812/1/2032
f 812/1/2032 811/1/2032 780/1/2032
s 775
f 783/1/2033 824/1/2034 823/1/2033
f 823/1/2033 781/1/2034 783/1/2033
s 776
f 813/1/2035 812/1/2035 782/1/2035
f 782/1/2035 784/1/2036 813/1/2035
s 777
f 785/1/2037 825/1/2037 824/1/2038
f 824/1/2038 783/1/2037 785/1/2037
s 778
f 786/1/2039 814/1/2040 813/1/2040
f 813/1/2040 784/1/2040 786/1/2039
s 779
f 825/1/2041 785/1/2041 787/1/2041
f 787/1/2041 826/1/2041 825/1/2041
s 780
f 788/1/2042 815/1/2043 814/1/2044
f 814/1/2044 786/1/2045 788/1/2042
s 781
f 826/1/2046 787/1/2046 789/1/2046
f 789/1/2046 827/1/2046 826/1/2046
s 782
f 815/1/2047 788/1/2048 790/1/2049
f 790/1/2049 816/1/2049 815/1/2047
s 783
f 803/1/2050 832/1/2051 792/1/2051
f 792/1/2051 791/1/2050 803/1/2050
s 784
f 789/1/2052 793/1/2052 828/1/2052
f 828/1/2052 827/1/2052 789/1/2052
s 785
f 817/1/2053 816/1/2054 790/1/2053
f 790/1/2053 794/1/2055 817/1/2053
s 786
f 804/1/2056 803/1/2057 791/1/2056
f 791/1/2056 795/1/2058 804/1/2056
s 787
f 829/1/2059 828/1/2060 793/1/2059
f 793/1/2059 796/1/2061 829/1/2059
s 788
f 794/1/2062 797/1/2062 818/1/2063
f 818/1/2063 817/1/2063 794/1/2062
s 789
f 798/1/2064 805/1/2065 804/1/2064
f 804/1/2064 795/1/2064 798/1/2064
s 790
f 799/1/2066 830/1/2066 829/1/2066
f 829/1/2066 796/1/2066 799/1/2066
s 791
f 819/1/2067 818/1/2068 797/1/2068
f 797/1/2068 800/1/2067 819/1/2067
s 792
f 805/1/2069 798/1/2070 801/1/2071
f 801/1/2071 806/1/2071 805/1/2069
s 793
f 802/1/2072 831/1/2072 830/1/2072
f 830/1/2072 799/1/2072 802/1/2072
s 794
f 740/1/2073 820/1/2073 819/1/2073
f 819/1/2073 800/1/2073 740/1/2073
s 795
f 807/1/2074 806/1/2075 801/1/2076
f 801/1/2076 776/1/2077 807/1/2074
s 796
f 831/1/2078 802/1/2078 792/1/2079
f 792/1/2079 832/1/2080 831/1/2078
s 797
f 739/1/2081 821/1/2081 820/1/2081
f 820/1/2081 740/1/2082 739/1/2081
s 798
f 775/1/2083 808/1/2084 807/1/2085
f 807/1/2085 776/1/2083 775/1/2083
s 799
f 821/1/2086 739/1/2087 777/1/2088
f 777/1/2088 822/1/2086 821/1/2086
s 800
f 778/1/2089 809/1/2089 808/1/2089
f 808/1/2089 775/1/2089 778/1/2089
s 801
f 822/1/2090 777/1/2091 771/1/2090
f 771/1/2090 774/1/2091 822/1/2090
s 802
f 809/1/2092 778/1/2092 779/1/2092
f 779/1/2092 810/1/2092 809/1/2092
s 803
f 833/1/2093 834/1/2094 835/1/2095
f 835/1/2095 836/1/2096 833/1/2093
f 836/1/2096 835/1/2095 837/1/2097
f 837/1/2097 838/1/2098 836/1/2096
s 804
f 836/1/2099 839/1/2100 840/1/2101
f 840/1/2101 833/1/2102 836/1/2099
f 841/1/2103 839/1/2100 836/1/2099
f 836/1/2099 838/1/2104 841/1/2103
s 805
f 842/1/2105 843/1/2105 844/1/2105
f 844/1/2105 834/1/2105 842/1/2105
s 806
f 845/1/2106 835/1/2106 834/1/2106
f 834/1/2106 844/1/2106 845/1/2106
s 807
f 845/1/2107 846/1/2107 837/1/2108
f 837/1/2108 835/1/2107 845/1/2107
s 808
f 837/1/2109 846/1/2110 847/1/2111
f 847/1/2111 848/1/2111 837/1/2109
s 803
f 849/1/2112 838/1/2098 837/1/2097
f 837/1/2097 848/1/2113 849/1/2112
s 804
f 849/1/2114 850/1/2115 841/1/2103
f 841/1/2103 838/1/2104 849/1/2114
s 809
f 851/1/2116 841/1/2116 850/1/2117
f 850/1/2117 852/1/2118 851/1/2116
s 810
f 841/1/2119 851/1/2119 853/1/2119
f 853/1/2119 839/1/2119 841/1/2119
s 811
f 839/1/2120 853/1/2120 854/1/2120
f 854/1/2120 840/1/2120 839/1/2120
s 812
f 854/1/2121 855/1/2122 856/1/2123
f 856/1/2123 840/1/2124 854/1/2121
s 804
f 833/1/2102 840/1/2101 856/1/2125
f 856/1/2125 857/1/2126 833/1/2102
s 803
f 842/1/2127 834/1/2094 833/1/2093
f 833/1/2093 857/1/2128 842/1/2127
s 813
f 858/1/2129 859/1/2130 860/1/2131
f 860/1/2131 861/1/2132 858/1/2129
s 814
f 862/1/2133 863/1/2134 859/1/2135
f 859/1/2135 858/1/2136 862/1/2133
s 813
f 859/1/2130 864/1/2137 865/1/2138
f 865/1/2138 860/1/2131 859/1/2130
s 814
f 859/1/2135 863/1/2134 866/1/2139
f 866/1/2139 864/1/2140 859/1/2135
s 815
f 867/1/2141 861/1/2142 868/1/2143
f 868/1/2143 869/1/2144 867/1/2141
s 813
f 858/1/2129 861/1/2132 867/1/2145
f 867/1/2145 870/1/2146 858/1/2129
s 814
f 871/1/2147 862/1/2133 858/1/2136
f 858/1/2136 870/1/2148 871/1/2147
s 816
f 862/1/2149 871/1/2150 872/1/2151
f 872/1/2151 873/1/2152 862/1/2149
s 817
f 874/1/2153 863/1/2153 862/1/2153
f 862/1/2153 873/1/2153 874/1/2153
s 818
f 875/1/2154 866/1/2155 863/1/2156
f 863/1/2156 874/1/2157 875/1/2154
s 819
f 876/1/2158 866/1/2158 875/1/2158
f 875/1/2158 877/1/2158 876/1/2158
s 814
f 876/1/2159 878/1/2160 864/1/2140
f 864/1/2140 866/1/2139 876/1/2159
s 813
f 864/1/2137 878/1/2161 879/1/2162
f 879/1/2162 865/1/2138 864/1/2137
s 820
f 880/1/2163 865/1/2163 879/1/2164
f 879/1/2164 881/1/2164 880/1/2163
s 821
f 860/1/2165 865/1/2165 880/1/2165
f 880/1/2165 882/1/2165 860/1/2165
s 822
f 861/1/2166 860/1/2167 882/1/2167
f 882/1/2167 868/1/2166 861/1/2166
s 813
f 883/1/2168 884/1/2169 885/1/2170
f 885/1/2170 886/1/2171 883/1/2168
s 814
f 887/1/2172 888/1/2173 884/1/2174
f 884/1/2174 883/1/2175 887/1/2172
s 813
f 884/1/2169 889/1/2176 890/1/2177
f 890/1/2177 885/1/2170 884/1/2169
s 814
f 884/1/2174 888/1/2173 891/1/2178
f 891/1/2178 889/1/2179 884/1/2174
s 823
f 886/1/2180 892/1/2181 893/1/2181
f 893/1/2181 894/1/2181 886/1/2180
s 813
f 894/1/2182 895/1/2183 883/1/2168
f 883/1/2168 886/1/2171 894/1/2182
s 814
f 887/1/2172 883/1/2175 895/1/2184
f 895/1/2184 896/1/2185 887/1/2172
s 824
f 896/1/2186 897/1/2186 898/1/2186
f 898/1/2186 887/1/2186 896/1/2186
s 825
f 899/1/2187 888/1/2188 887/1/2188
f 887/1/2188 898/1/2188 899/1/2187
s 826
f 900/1/2189 891/1/2189 888/1/2189
f 888/1/2189 899/1/2189 900/1/2189
s 827
f 871/1/2190 891/1/2191 900/1/2190
f 900/1/2190 872/1/2192 871/1/2190
s 814
f 870/1/2148 889/1/2179 891/1/2178
f 891/1/2178 871/1/2147 870/1/2148
s 813
f 870/1/2146 867/1/2145 890/1/2177
f 890/1/2177 889/1/2176 870/1/2146
s 828
f 867/1/2193 869/1/2194 901/1/2193
f 901/1/2193 890/1/2193 867/1/2193
s 829
f 885/1/2195 890/1/2196 901/1/2196
f 901/1/2196 902/1/2196 885/1/2195
s 830
f 886/1/2197 885/1/2198 902/1/2197
f 902/1/2197 892/1/2199 886/1/2197
s 813
f 903/1/2200 904/1/2201 905/1/2202
f 905/1/2202 906/1/2203 903/1/2200
s 814
f 907/1/2204 908/1/2205 904/1/2206
f 904/1/2206 903/1/2207 907/1/2204
s 813
f 904/1/2201 909/1/2208 910/1/2209
f 910/1/2209 905/1/2202 904/1/2201
s 814
f 904/1/2206 908/1/2205 911/1/2210
f 911/1/2210 909/1/2211 904/1/2206
s 831
f 912/1/2212 913/1/2212 914/1/2212
f 914/1/2212 906/1/2212 912/1/2212
s 813
f 903/1/2200 906/1/2203 914/1/2213
f 914/1/2213 915/1/2214 903/1/2200
s 814
f 907/1/2204 903/1/2207 915/1/2215
f 915/1/2215 916/1/2216 907/1/2204
s 832
f 916/1/2217 917/1/2218 918/1/2217
f 918/1/2217 907/1/2219 916/1/2217
s 833
f 919/1/2220 908/1/2221 907/1/2221
f 907/1/2221 918/1/2221 919/1/2220
s 834
f 920/1/2222 911/1/2223 908/1/2222
f 908/1/2222 919/1/2222 920/1/2222
s 835
f 897/1/2224 896/1/2225 911/1/2226
f 911/1/2226 920/1/2226 897/1/2224
s 814
f 895/1/2184 909/1/2211 911/1/2210
f 911/1/2210 896/1/2185 895/1/2184
s 813
f 895/1/2183 894/1/2182 910/1/2209
f 910/1/2209 909/1/2208 895/1/2183
s 836
f 894/1/2227 893/1/2227 921/1/2227
f 921/1/2227 910/1/2227 894/1/2227
s 837
f 910/1/2228 921/1/2228 922/1/2228
f 922/1/2228 905/1/2228 910/1/2228
s 838
f 906/1/2229 905/1/2229 922/1/2229
f 922/1/2229 912/1/2229 906/1/2229
s 813
f 923/1/2230 924/1/2231 925/1/2232
f 925/1/2232 926/1/2233 923/1/2230
s 814
f 927/1/2234 928/1/2235 924/1/2236
f 924/1/2236 923/1/2237 927/1/2234
s 813
f 924/1/2231 929/1/2238 930/1/2239
f 930/1/2239 925/1/2232 924/1/2231
s 814
f 924/1/2236 928/1/2235 931/1/2240
f 931/1/2240 929/1/2241 924/1/2236
s 839
f 926/1/2242 932/1/2243 933/1/2242
f 933/1/2242 934/1/2244 926/1/2242
s 813
f 926/1/2233 934/1/2245 935/1/2246
f 935/1/2246 923/1/2230 926/1/2233
s 814
f 935/1/2247 936/1/2248 927/1/2234
f 927/1/2234 923/1/2237 935/1/2247
s 840
f 937/1/2249 927/1/2249 936/1/2249
f 936/1/2249 938/1/2249 937/1/2249
s 841
f 928/1/2250 927/1/2250 937/1/2250
f 937/1/2250 939/1/2250 928/1/2250
s 842
f 940/1/2251 931/1/2251 928/1/2251
f 928/1/2251 939/1/2251 940/1/2251
s 843
f 917/1/2252 916/1/2252 931/1/2252
f 931/1/2252 940/1/2252 917/1/2252
s 814
f 915/1/2215 929/1/2241 931/1/2240
f 931/1/2240 916/1/2216 915/1/2215
s 813
f 915/1/2214 914/1/2213 930/1/2239
f 930/1/2239 929/1/2238 915/1/2214
s 844
f 914/1/2253 913/1/2253 941/1/2253
f 941/1/2253 930/1/2253 914/1/2253
s 845
f 930/1/2254 941/1/2254 942/1/2255
f 942/1/2255 925/1/2254 930/1/2254
s 846
f 932/1/2256 926/1/2257 925/1/2256
f 925/1/2256 942/1/2258 932/1/2256
s 813
f 943/1/2259 944/1/2260 945/1/2261
f 945/1/2261 946/1/2262 943/1/2259
s 814
f 947/1/2263 948/1/2264 944/1/2265
f 944/1/2265 943/1/2266 947/1/2263
s 813
f 944/1/2260 949/1/2267 950/1/2268
f 950/1/2268 945/1/2261 944/1/2260
s 814
f 944/1/2265 948/1/2264 951/1/2269
f 951/1/2269 949/1/2270 944/1/2265
s 847
f 946/1/2271 952/1/2272 953/1/2271
f 953/1/2271 954/1/2273 946/1/2271
s 813
f 946/1/2262 954/1/2274 955/1/2275
f 955/1/2275 943/1/2259 946/1/2262
s 814
f 947/1/2263 943/1/2266 955/1/2276
f 955/1/2276 956/1/2277 947/1/2263
s 848
f 956/1/2278 957/1/2278 958/1/2278
f 958/1/2278 947/1/2278 956/1/2278
s 849
f 948/1/2279 947/1/2280 958/1/2281
f 958/1/2281 959/1/2279 948/1/2279
s 850
f 960/1/2282 951/1/2282 948/1/2282
f 948/1/2282 959/1/2282 960/1/2282
s 851
f 936/1/2283 951/1/2284 960/1/2284
f 960/1/2284 938/1/2284 936/1/2283
s 814
f 949/1/2270 951/1/2269 936/1/2248
f 936/1/2248 935/1/2247 949/1/2270
s 813
f 935/1/2246 934/1/2245 950/1/2268
f 950/1/2268 949/1/2267 935/1/2246
s 852
f 934/1/2285 933/1/2285 961/1/2286
f 961/1/2286 950/1/2287 934/1/2285
s 853
f 950/1/2288 961/1/2289 962/1/2289
f 962/1/2289 945/1/2289 950/1/2288
s 854
f 952/1/2290 946/1/2291 945/1/2290
f 945/1/2290 962/1/2292 952/1/2290
s 813
f 963/1/2293 964/1/2294 965/1/2295
f 965/1/2295 966/1/2296 963/1/2293
s 814
f 967/1/2297 968/1/2298 964/1/2299
f 964/1/2299 963/1/2300 967/1/2297
s 813
f 964/1/2294 969/1/2301 970/1/2302
f 970/1/2302 965/1/2295 964/1/2294
s 814
f 964/1/2299 968/1/2298 971/1/2303
f 971/1/2303 969/1/2304 964/1/2299
s 855
f 966/1/2305 972/1/2306 973/1/2305
f 973/1/2305 974/1/2305 966/1/2305
s 813
f 966/1/2296 974/1/2307 975/1/2308
f 975/1/2308 963/1/2293 966/1/2296
s 814
f 967/1/2297 963/1/2300 975/1/2309
f 975/1/2309 976/1/2310 967/1/2297
s 856
f 976/1/2311 977/1/2312 978/1/2313
f 978/1/2313 967/1/2313 976/1/2311
s 857
f 968/1/2314 967/1/2315 978/1/2315
f 978/1/2315 979/1/2315 968/1/2314
s 858
f 980/1/2316 971/1/2316 968/1/2316
f 968/1/2316 979/1/2316 980/1/2316
s 859
f 956/1/2317 971/1/2317 980/1/2317
f 980/1/2317 957/1/2318 956/1/2317
s 814
f 955/1/2276 969/1/2304 971/1/2303
f 971/1/2303 956/1/2277 955/1/2276
s 813
f 955/1/2275 954/1/2274 970/1/2302
f 970/1/2302 969/1/2301 955/1/2275
s 860
f 954/1/2319 953/1/2320 981/1/2319
f 981/1/2319 970/1/2319 954/1/2319
s 861
f 970/1/2321 981/1/2321 982/1/2321
f 982/1/2321 965/1/2321 970/1/2321
s 862
f 972/1/2322 966/1/2322 965/1/2322
f 965/1/2322 982/1/2322 972/1/2322
s 813
f 983/1/2323 984/1/2324 985/1/2325
f 985/1/2325 986/1/2326 983/1/2323
s 814
f 987/1/2327 988/1/2328 984/1/2329
f 984/1/2329 983/1/2330 987/1/2327
s 813
f 984/1/2324 989/1/2331 990/1/2332
f 990/1/2332 985/1/2325 984/1/2324
s 814
f 984/1/2329 988/1/2328 991/1/2333
f 991/1/2333 989/1/2334 984/1/2329
s 863
f 986/1/2335 992/1/2336 993/1/2337
f 993/1/2337 994/1/2336 986/1/2335
s 813
f 986/1/2326 994/1/2338 995/1/2339
f 995/1/2339 983/1/2323 986/1/2326
s 814
f 987/1/2327 983/1/2330 995/1/2340
f 995/1/2340 996/1/2341 987/1/2327
s 864
f 996/1/2342 997/1/2342 998/1/2342
f 998/1/2342 987/1/2343 996/1/2342
s 865
f 988/1/2344 987/1/2344 998/1/2345
f 998/1/2345 999/1/2346 988/1/2344
s 866
f 1000/1/2347 991/1/2348 988/1/2347
f 988/1/2347 999/1/2347 1000/1/2347
s 867
f 976/1/2349 991/1/2349 1000/1/2349
f 1000/1/2349 977/1/2349 976/1/2349
s 814
f 975/1/2309 989/1/2334 991/1/2333
f 991/1/2333 976/1/2310 975/1/2309
s 813
f 975/1/2308 974/1/2307 990/1/2332
f 990/1/2332 989/1/2331 975/1/2308
s 868
f 974/1/2350 973/1/2351 1001/1/2351
f 1001/1/2351 990/1/2352 974/1/2350
s 869
f 990/1/2353 1001/1/2353 1002/1/2354
f 1002/1/2354 985/1/2355 990/1/2353
s 870
f 992/1/2356 986/1/2357 985/1/2357
f 985/1/2357 1002/1/2356 992/1/2356
s 813
f 1003/1/2358 1004/1/2359 1005/1/2360
f 1005/1/2360 1006/1/2361 1003/1/2358
s 814
f 1007/1/2362 1008/1/2363 1004/1/2364
f 1004/1/2364 1003/1/2365 1007/1/2362
s 813
f 1004/1/2359 1009/1/2366 1010/1/2367
f 1010/1/2367 1005/1/2360 1004/1/2359
s 814
f 1004/1/2364 1008/1/2363 1011/1/2368
f 1011/1/2368 1009/1/2369 1004/1/2364
s 871
f 1006/1/2370 1012/1/2371 1013/1/2372
f 1013/1/2372 1014/1/2370 1006/1/2370
s 813
f 1006/1/2361 1014/1/2373 1015/1/2374
f 1015/1/2374 1003/1/2358 1006/1/2361
s 814
f 1007/1/2362 1003/1/2365 1015/1/2375
f 1015/1/2375 1016/1/2376 1007/1/2362
s 872
f 1017/1/2377 1007/1/2377 1016/1/2377
f 1016/1/2377 1018/1/2377 1017/1/2377
s 873
f 1008/1/2378 1007/1/2378 1017/1/2378
f 1017/1/2378 1019/1/2378 1008/1/2378
s 874
f 1020/1/2379 1011/1/2379 1008/1/2379
f 1008/1/2379 1019/1/2379 1020/1/2379
s 875
f 996/1/2380 1011/1/2380 1020/1/2380
f 1020/1/2380 997/1/2380 996/1/2380
s 814
f 995/1/2340 1009/1/2369 1011/1/2368
f 1011/1/2368 996/1/2341 995/1/2340
s 813
f 995/1/2339 994/1/2338 1010/1/2367
f 1010/1/2367 1009/1/2366 995/1/2339
s 876
f 994/1/2381 993/1/2381 1021/1/2382
f 1021/1/2382 1010/1/2382 994/1/2381
s 877
f 1010/1/2383 1021/1/2383 1022/1/2383
f 1022/1/2383 1005/1/2383 1010/1/2383
s 878
f 1012/1/2384 1006/1/2384 1005/1/2384
f 1005/1/2384 1022/1/2384 1012/1/2384
s 813
f 1023/1/2385 1024/1/2386 1025/1/2387
f 1025/1/2387 1026/1/2388 1023/1/2385
s 814
f 1027/1/2389 1028/1/2390 1024/1/2391
f 1024/1/2391 1023/1/2392 1027/1/2389
s 813
f 1024/1/2386 1029/1/2393 1030/1/2394
f 1030/1/2394 1025/1/2387 1024/1/2386
s 814
f 1024/1/2391 1028/1/2390 1031/1/2395
f 1031/1/2395 1029/1/2396 1024/1/2391
s 879
f 1026/1/2397 1032/1/2397 1033/1/2397
f 1033/1/2397 1034/1/2397 1026/1/2397
s 813
f 1026/1/2388 1034/1/2398 1035/1/2399
f 1035/1/2399 1023/1/2385 1026/1/2388
s 814
f 1027/1/2389 1023/1/2392 1035/1/2400
f 1035/1/2400 1036/1/2401 1027/1/2389
s 880
f 1037/1/2402 1027/1/2402 1036/1/2402
f 1036/1/2402 1038/1/2402 1037/1/2402
s 881
f 1028/1/2403 1027/1/2403 1037/1/2403
f 1037/1/2403 1039/1/2403 1028/1/2403
s 882
f 1040/1/2404 1031/1/2404 1028/1/2404
f 1028/1/2404 1039/1/2404 1040/1/2404
s 883
f 1018/1/2405 1016/1/2405 1031/1/2405
f 1031/1/2405 1040/1/2405 1018/1/2405
s 814
f 1015/1/2375 1029/1/2396 1031/1/2395
f 1031/1/2395 1016/1/2376 1015/1/2375
s 813
f 1015/1/2374 1014/1/2373 1030/1/2394
f 1030/1/2394 1029/1/2393 1015/1/2374
s 884
f 1014/1/2406 1013/1/2406 1041/1/2406
f 1041/1/2406 1030/1/2406 1014/1/2406
s 885
f 1030/1/2407 1041/1/2407 1042/1/2407
f 1042/1/2407 1025/1/2407 1030/1/2407
s 886
f 1032/1/2408 1026/1/2409 1025/1/2408
f 1025/1/2408 1042/1/2408 1032/1/2408
s 813
f 1043/1/2410 1044/1/2411 1045/1/2412
f 1045/1/2412 1046/1/2413 1043/1/2410
s 814
f 1047/1/2414 1048/1/2415 1044/1/2416
f 1044/1/2416 1043/1/2417 1047/1/2414
s 813
f 1044/1/2411 1049/1/2418 1050/1/2419
f 1050/1/2419 1045/1/2412 1044/1/2411
s 814
f 1044/1/2416 1048/1/2415 1051/1/2420
f 1051/1/2420 1049/1/2421 1044/1/2416
s 887
f 1046/1/2422 1052/1/2422 1053/1/2422
f 1053/1/2422 1054/1/2423 1046/1/2422
s 813
f 1046/1/2413 1054/1/2424 1055/1/2425
f 1055/1/2425 1043/1/2410 1046/1/2413
s 814
f 1047/1/2414 1043/1/2417 1055/1/2426
f 1055/1/2426 1056/1/2427 1047/1/2414
s 888
f 1057/1/2428 1047/1/2428 1056/1/2428
f 1056/1/2428 1058/1/2428 1057/1/2428
s 889
f 1048/1/2429 1047/1/2430 1057/1/2429
f 1057/1/2429 1059/1/2430 1048/1/2429
s 890
f 1060/1/2431 1051/1/2431 1048/1/2431
f 1048/1/2431 1059/1/2432 1060/1/2431
s 891
f 1038/1/2433 1036/1/2433 1051/1/2433
f 1051/1/2433 1060/1/2434 1038/1/2433
s 814
f 1035/1/2400 1049/1/2421 1051/1/2420
f 1051/1/2420 1036/1/2401 1035/1/2400
s 813
f 1035/1/2399 1034/1/2398 1050/1/2419
f 1050/1/2419 1049/1/2418 1035/1/2399
s 892
f 1034/1/2435 1033/1/2435 1061/1/2435
f 1061/1/2435 1050/1/2435 1034/1/2435
s 893
f 1050/1/2436 1061/1/2436 1062/1/2436
f 1062/1/2436 1045/1/2436 1050/1/2436
s 894
f 1052/1/2437 1046/1/2438 1045/1/2439
f 1045/1/2439 1062/1/2440 1052/1/2437
s 813
f 1063/1/2441 1064/1/2442 1065/1/2443
f 1065/1/2443 1066/1/2444 1063/1/2441
s 814
f 1067/1/2445 1068/1/2446 1064/1/2447
f 1064/1/2447 1063/1/2448 1067/1/2445
s 813
f 1064/1/2442 1069/1/2449 1070/1/2450
f 1070/1/2450 1065/1/2443 1064/1/2442
s 814
f 1064/1/2447 1068/1/2446 1071/1/2451
f 1071/1/2451 1069/1/2452 1064/1/2447
s 895
f 1066/1/2453 1072/1/2453 1073/1/2453
f 1073/1/2453 1074/1/2453 1066/1/2453
s 813
f 1066/1/2444 1074/1/2454 1075/1/2455
f 1075/1/2455 1063/1/2441 1066/1/2444
s 814
f 1067/1/2445 1063/1/2448 1075/1/2456
f 1075/1/2456 1076/1/2457 1067/1/2445
s 896
f 1077/1/2458 1067/1/2459 1076/1/2459
f 1076/1/2459 1078/1/2458 1077/1/2458
s 897
f 1068/1/2460 1067/1/2461 1077/1/2460
f 1077/1/2460 1079/1/2461 1068/1/2460
s 898
f 1080/1/2462 1071/1/2462 1068/1/2462
f 1068/1/2462 1079/1/2462 1080/1/2462
s 899
f 1058/1/2463 1056/1/2463 1071/1/2464
f 1071/1/2464 1080/1/2464 1058/1/2463
s 814
f 1055/1/2426 1069/1/2452 1071/1/2451
f 1071/1/2451 1056/1/2427 1055/1/2426
s 813
f 1055/1/2425 1054/1/2424 1070/1/2450
f 1070/1/2450 1069/1/2449 1055/1/2425
s 900
f 1054/1/2465 1053/1/2465 1081/1/2466
f 1081/1/2466 1070/1/2465 1054/1/2465
s 901
f 1070/1/2467 1081/1/2467 1082/1/2467
f 1082/1/2467 1065/1/2467 1070/1/2467
s 902
f 1072/1/2468 1066/1/2468 1065/1/2468
f 1065/1/2468 1082/1/2468 1072/1/2468
s 813
f 1083/1/2469 1084/1/2470 1085/1/2471
f 1085/1/2471 1086/1/2472 1083/1/2469
s 814
f 1087/1/2473 1088/1/2474 1084/1/2475
f 1084/1/2475 1083/1/2476 1087/1/2473
s 813
f 1084/1/2470 1089/1/2477 1090/1/2478
f 1090/1/2478 1085/1/2471 1084/1/2470
s 814
f 1084/1/2475 1088/1/2474 1091/1/2479
f 1091/1/2479 1089/1/2480 1084/1/2475
s 903
f 1086/1/2481 1092/1/2481 1093/1/2482
f 1093/1/2482 1094/1/2481 1086/1/2481
s 813
f 1086/1/2472 1094/1/2483 1095/1/2484
f 1095/1/2484 1083/1/2469 1086/1/2472
s 814
f 1087/1/2473 1083/1/2476 1095/1/2485
f 1095/1/2485 1096/1/2486 1087/1/2473
s 904
f 1097/1/2487 1087/1/2487 1096/1/2488
f 1096/1/2488 1098/1/2488 1097/1/2487
s 905
f 1088/1/2489 1087/1/2489 1097/1/2489
f 1097/1/2489 1099/1/2489 1088/1/2489
s 906
f 1100/1/2490 1091/1/2491 1088/1/2491
f 1088/1/2491 1099/1/2491 1100/1/2490
s 907
f 1078/1/2492 1076/1/2492 1091/1/2492
f 1091/1/2492 1100/1/2492 1078/1/2492
s 814
f 1075/1/2456 1089/1/2480 1091/1/2479
f 1091/1/2479 1076/1/2457 1075/1/2456
s 813
f 1075/1/2455 1074/1/2454 1090/1/2478
f 1090/1/2478 1089/1/2477 1075/1/2455
s 908
f 1074/1/2493 1073/1/2493 1101/1/2493
f 1101/1/2493 1090/1/2493 1074/1/2493
s 909
f 1090/1/2494 1101/1/2495 1102/1/2494
f 1102/1/2494 1085/1/2495 1090/1/2494
s 910
f 1092/1/2496 1086/1/2496 1085/1/2497
f 1085/1/2497 1102/1/2496 1092/1/2496
s 813
f 1103/1/2498 1104/1/2499 1105/1/2500
f 1105/1/2500 1106/1/2501 1103/1/2498
s 814
f 1107/1/2502 1108/1/2503 1104/1/2504
f 1104/1/2504 1103/1/2505 1107/1/2502
s 813
f 1104/1/2499 1109/1/2506 1110/1/2507
f 1110/1/2507 1105/1/2500 1104/1/2499
s 814
f 1104/1/2504 1108/1/2503 1111/1/2508
f 1111/1/2508 1109/1/2509 1104/1/2504
s 911
f 1106/1/2510 1112/1/2510 1113/1/2510
f 1113/1/2510 1114/1/2510 1106/1/2510
s 813
f 1106/1/2501 1114/1/2511 1115/1/2512
f 1115/1/2512 1103/1/2498 1106/1/2501
s 814
f 1107/1/2502 1103/1/2505 1115/1/2513
f 1115/1/2513 1116/1/2514 1107/1/2502
s 912
f 1117/1/2515 1107/1/2515 1116/1/2515
f 1116/1/2515 1118/1/2515 1117/1/2515
s 913
f 1108/1/2516 1107/1/2516 1117/1/2517
f 1117/1/2517 1119/1/2517 1108/1/2516
s 914
f 1120/1/2518 1111/1/2519 1108/1/2518
f 1108/1/2518 1119/1/2518 1120/1/2518
s 915
f 1098/1/2520 1096/1/2520 1111/1/2520
f 1111/1/2520 1120/1/2520 1098/1/2520
s 814
f 1095/1/2485 1109/1/2509 1111/1/2508
f 1111/1/2508 1096/1/2486 1095/1/2485
s 813
f 1095/1/2484 1094/1/2483 1110/1/2507
f 1110/1/2507 1109/1/2506 1095/1/2484
s 916
f 1094/1/2521 1093/1/2521 1121/1/2521
f 1121/1/2521 1110/1/2521 1094/1/2521
s 917
f 1110/1/2522 1121/1/2523 1122/1/2523
f 1122/1/2523 1105/1/2522 1110/1/2522
s 918
f 1112/1/2524 1106/1/2524 1105/1/2525
f 1105/1/2525 1122/1/2524 1112/1/2524
s 813
f 1123/1/2526 1124/1/2527 1125/1/2528
f 1125/1/2528 1126/1/2529 1123/1/2526
s 814
f 1127/1/2530 1128/1/2531 1124/1/2532
f 1124/1/2532 1123/1/2533 1127/1/2530
s 813
f 1124/1/2527 1129/1/2534 1130/1/2535
f 1130/1/2535 1125/1/2528 1124/1/2527
s 814
f 1124/1/2532 1128/1/2531 1131/1/2536
f 1131/1/2536 1129/1/2537 1124/1/2532
s 919
f 1126/1/2538 1132/1/2538 1133/1/2539
f 1133/1/2539 1134/1/2538 1126/1/2538
s 813
f 1126/1/2529 1134/1/2540 1135/1/2541
f 1135/1/2541 1123/1/2526 1126/1/2529
s 814
f 1127/1/2530 1123/1/2533 1135/1/2542
f 1135/1/2542 1136/1/2543 1127/1/2530
s 920
f 1137/1/2544 1127/1/2544 1136/1/2545
f 1136/1/2545 1138/1/2545 1137/1/2544
s 921
f 1128/1/2546 1127/1/2546 1137/1/2547
f 1137/1/2547 1139/1/2548 1128/1/2546
s 922
f 1140/1/2549 1131/1/2549 1128/1/2550
f 1128/1/2550 1139/1/2550 1140/1/2549
s 923
f 1118/1/2551 1116/1/2552 1131/1/2552
f 1131/1/2552 1140/1/2553 1118/1/2551
s 814
f 1115/1/2513 1129/1/2537 1131/1/2536
f 1131/1/2536 1116/1/2514 1115/1/2513
s 813
f 1115/1/2512 1114/1/2511 1130/1/2535
f 1130/1/2535 1129/1/2534 1115/1/2512
s 924
f 1114/1/2554 1113/1/2555 1141/1/2554
f 1141/1/2554 1130/1/2554 1114/1/2554
s 925
f 1130/1/2556 1141/1/2556 1142/1/2556
f 1142/1/2556 1125/1/2556 1130/1/2556
s 926
f 1132/1/2557 1126/1/2558 1125/1/2559
f 1125/1/2559 1142/1/2559 1132/1/2557
s 813
f 1143/1/2560 1144/1/2561 1145/1/2562
f 1145/1/2562 1146/1/2563 1143/1/2560
s 814
f 1147/1/2564 1148/1/2565 1144/1/2566
f 1144/1/2566 1143/1/2567 1147/1/2564
s 813
f 1144/1/2561 1149/1/2568 1150/1/2569
f 1150/1/2569 1145/1/2562 1144/1/2561
s 814
f 1144/1/2566 1148/1/2565 1151/1/2570
f 1151/1/2570 1149/1/2571 1144/1/2566
s 927
f 1146/1/2572 1152/1/2573 1153/1/2574
f 1153/1/2574 1154/1/2573 1146/1/2572
s 813
f 1146/1/2563 1154/1/2575 1155/1/2576
f 1155/1/2576 1143/1/2560 1146/1/2563
s 814
f 1147/1/2564 1143/1/2567 1155/1/2577
f 1155/1/2577 1156/1/2578 1147/1/2564
s 928
f 1157/1/2579 1147/1/2580 1156/1/2581
f 1156/1/2581 1158/1/2579 1157/1/2579
s 929
f 1148/1/2582 1147/1/2582 1157/1/2582
f 1157/1/2582 1159/1/2582 1148/1/2582
s 930
f 1160/1/2583 1151/1/2583 1148/1/2584
f 1148/1/2584 1159/1/2584 1160/1/2583
s 931
f 1138/1/2585 1136/1/2585 1151/1/2586
f 1151/1/2586 1160/1/2585 1138/1/2585
s 814
f 1135/1/2542 1149/1/2571 1151/1/2570
f 1151/1/2570 1136/1/2543 1135/1/2542
s 813
f 1135/1/2541 1134/1/2540 1150/1/2569
f 1150/1/2569 1149/1/2568 1135/1/2541
s 932
f 1134/1/2587 1133/1/2587 1161/1/2587
f 1161/1/2587 1150/1/2587 1134/1/2587
s 933
f 1150/1/2588 1161/1/2588 1162/1/2588
f 1162/1/2588 1145/1/2589 1150/1/2588
s 934
f 1152/1/2590 1146/1/2590 1145/1/2590
f 1145/1/2590 1162/1/2590 1152/1/2590
s 813
f 1163/1/2591 1164/1/2592 1165/1/2593
f 1165/1/2593 1166/1/2594 1163/1/2591
s 814
f 1167/1/2595 1168/1/2596 1164/1/2597
f 1164/1/2597 1163/1/2598 1167/1/2595
s 813
f 1164/1/2592 1169/1/2599 1170/1/2600
f 1170/1/2600 1165/1/2593 1164/1/2592
s 814
f 1164/1/2597 1168/1/2596 1171/1/2601
f 1171/1/2601 1169/1/2602 1164/1/2597
s 935
f 1166/1/2603 1172/1/2603 1173/1/2604
f 1173/1/2604 1174/1/2604 1166/1/2603
s 813
f 1166/1/2594 1174/1/2605 1175/1/2606
f 1175/1/2606 1163/1/2591 1166/1/2594
s 814
f 1167/1/2595 1163/1/2598 1175/1/2607
f 1175/1/2607 1176/1/2608 1167/1/2595
s 936
f 1177/1/2609 1167/1/2610 1176/1/2611
f 1176/1/2611 1178/1/2612 1177/1/2609
s 937
f 1168/1/2613 1167/1/2613 1177/1/2613
f 1177/1/2613 1179/1/2613 1168/1/2613
s 938
f 1180/1/2614 1171/1/2615 1168/1/2616
f 1168/1/2616 1179/1/2614 1180/1/2614
s 939
f 1158/1/2617 1156/1/2617 1171/1/2618
f 1171/1/2618 1180/1/2617 1158/1/2617
s 814
f 1155/1/2577 1169/1/2602 1171/1/2601
f 1171/1/2601 1156/1/2578 1155/1/2577
s 813
f 1155/1/2576 1154/1/2575 1170/1/2600
f 1170/1/2600 1169/1/2599 1155/1/2576
s 940
f 1154/1/2619 1153/1/2619 1181/1/2619
f 1181/1/2619 1170/1/2619 1154/1/2619
s 941
f 1170/1/2620 1181/1/2621 1182/1/2620
f 1182/1/2620 1165/1/2620 1170/1/2620
s 942
f 1172/1/2622 1166/1/2622 1165/1/2623
f 1165/1/2623 1182/1/2622 1172/1/2622
s 813
f 1183/1/2624 1184/1/2625 1185/1/2626
f 1185/1/2626 1186/1/2627 1183/1/2624
s 814
f 1187/1/2628 1188/1/2629 1184/1/2630
f 1184/1/2630 1183/1/2631 1187/1/2628
s 813
f 1184/1/2625 1189/1/2632 1190/1/2633
f 1190/1/2633 1185/1/2626 1184/1/2625
s 814
f 1184/1/2630 1188/1/2629 1191/1/2634
f 1191/1/2634 1189/1/2635 1184/1/2630
s 943
f 1186/1/2150 1192/1/2636 1193/1/2636
f 1193/1/2636 1194/1/2636 1186/1/2150
s 813
f 1186/1/2627 1194/1/2637 1195/1/2638
f 1195/1/2638 1183/1/2624 1186/1/2627
s 814
f 1187/1/2628 1183/1/2631 1195/1/2639
f 1195/1/2639 1196/1/2640 1187/1/2628
s 944
f 1197/1/2641 1187/1/2142 1196/1/2641
f 1196/1/2641 1198/1/2141 1197/1/2641
s 945
f 1188/1/2166 1187/1/2167 1197/1/2167
f 1197/1/2167 1199/1/2642 1188/1/2166
s 946
f 1200/1/2165 1191/1/2643 1188/1/2165
f 1188/1/2165 1199/1/2165 1200/1/2165
s 947
f 1178/1/2163 1176/1/2644 1191/1/2164
f 1191/1/2164 1200/1/2645 1178/1/2163
s 814
f 1175/1/2607 1189/1/2635 1191/1/2634
f 1191/1/2634 1176/1/2608 1175/1/2607
s 813
f 1175/1/2606 1174/1/2605 1190/1/2633
f 1190/1/2633 1189/1/2632 1175/1/2606
s 948
f 1174/1/2158 1173/1/2158 1201/1/2646
f 1201/1/2646 1190/1/2646 1174/1/2158
s 949
f 1190/1/2157 1201/1/2156 1202/1/2157
f 1202/1/2157 1185/1/2157 1190/1/2157
s 950
f 1192/1/2153 1186/1/2153 1185/1/2647
f 1185/1/2647 1202/1/2153 1192/1/2153
s 813
f 1203/1/2648 1204/1/2649 1205/1/2650
f 1205/1/2650 1206/1/2651 1203/1/2648
s 814
f 1207/1/2652 1208/1/2653 1204/1/2654
f 1204/1/2654 1203/1/2655 1207/1/2652
s 813
f 1204/1/2649 1209/1/2656 1210/1/2657
f 1210/1/2657 1205/1/2650 1204/1/2649
s 814
f 1204/1/2654 1208/1/2653 1211/1/2658
f 1211/1/2658 1209/1/2659 1204/1/2654
s 951
f 1206/1/2186 1212/1/2660 1213/1/2186
f 1213/1/2186 1214/1/2186 1206/1/2186
s 813
f 1206/1/2651 1214/1/2661 1215/1/2662
f 1215/1/2662 1203/1/2648 1206/1/2651
s 814
f 1207/1/2652 1203/1/2655 1215/1/2663
f 1215/1/2663 1216/1/2664 1207/1/2652
s 952
f 1217/1/2181 1207/1/2181 1216/1/2181
f 1216/1/2181 1218/1/2181 1217/1/2181
s 953
f 1208/1/2199 1207/1/2199 1217/1/2199
f 1217/1/2199 1219/1/2199 1208/1/2199
s 954
f 1220/1/2196 1211/1/2196 1208/1/2196
f 1208/1/2196 1219/1/2196 1220/1/2196
s 955
f 1198/1/2665 1196/1/2666 1211/1/2665
f 1211/1/2665 1220/1/2667 1198/1/2665
s 814
f 1195/1/2639 1209/1/2659 1211/1/2658
f 1211/1/2658 1196/1/2640 1195/1/2639
s 813
f 1195/1/2638 1194/1/2637 1210/1/2657
f 1210/1/2657 1209/1/2656 1195/1/2638
s 956
f 1194/1/2191 1193/1/2191 1221/1/2191
f 1221/1/2191 1210/1/2191 1194/1/2191
s 957
f 1210/1/2668 1221/1/2189 1222/1/2189
f 1222/1/2189 1205/1/2189 1210/1/2668
s 958
f 1212/1/2669 1206/1/2670 1205/1/2188
f 1205/1/2188 1222/1/2188 1212/1/2669
s 813
f 1223/1/2671 1224/1/2672 1225/1/2673
f 1225/1/2673 1226/1/2674 1223/1/2671
s 814
f 1227/1/2675 1228/1/2676 1224/1/2677
f 1224/1/2677 1223/1/2678 1227/1/2675
s 813
f 1224/1/2672 1229/1/2679 1230/1/2680
f 1230/1/2680 1225/1/2673 1224/1/2672
s 814
f 1224/1/2677 1228/1/2676 1231/1/2681
f 1231/1/2681 1229/1/2682 1224/1/2677
s 959
f 1226/1/2219 1232/1/2219 1233/1/2219
f 1233/1/2219 1234/1/2219 1226/1/2219
s 813
f 1226/1/2674 1234/1/2683 1235/1/2683
f 1235/1/2683 1223/1/2671 1226/1/2674
s 814
f 1227/1/2675 1223/1/2678 1235/1/2684
f 1235/1/2684 1236/1/2685 1227/1/2675
s 960
f 1237/1/2212 1227/1/2212 1236/1/2212
f 1236/1/2212 1238/1/2212 1237/1/2212
s 961
f 1228/1/2229 1227/1/2229 1237/1/2229
f 1237/1/2229 1239/1/2686 1228/1/2229
s 962
f 1240/1/2228 1231/1/2228 1228/1/2687
f 1228/1/2687 1239/1/2228 1240/1/2228
s 963
f 1218/1/2688 1216/1/2688 1231/1/2227
f 1231/1/2227 1240/1/2227 1218/1/2688
s 814
f 1215/1/2663 1229/1/2682 1231/1/2681
f 1231/1/2681 1216/1/2664 1215/1/2663
s 813
f 1215/1/2662 1214/1/2661 1230/1/2680
f 1230/1/2680 1229/1/2679 1215/1/2662
s 964
f 1214/1/2224 1213/1/2224 1241/1/2225
f 1241/1/2225 1230/1/2224 1214/1/2224
s 965
f 1230/1/2223 1241/1/2222 1242/1/2223
f 1242/1/2223 1225/1/2223 1230/1/2223
s 966
f 1232/1/2689 1226/1/2690 1225/1/2221
f 1225/1/2221 1242/1/2221 1232/1/2689
s 813
f 1243/1/2691 1244/1/2692 1245/1/2693
f 1245/1/2693 1246/1/2694 1243/1/2691
s 814
f 1247/1/2695 1248/1/2696 1244/1/2697
f 1244/1/2697 1243/1/2698 1247/1/2695
s 813
f 1244/1/2692 1249/1/2699 1250/1/2700
f 1250/1/2700 1245/1/2693 1244/1/2692
s 814
f 1244/1/2697 1248/1/2696 1251/1/2701
f 1251/1/2701 1249/1/2702 1244/1/2697
s 967
f 1246/1/2703 1252/1/2249 1253/1/2249
f 1253/1/2249 1254/1/2249 1246/1/2703
s 813
f 1246/1/2694 1254/1/2704 1255/1/2705
f 1255/1/2705 1243/1/2691 1246/1/2694
s 814
f 1247/1/2695 1243/1/2698 1255/1/2706
f 1255/1/2706 1256/1/2707 1247/1/2695
s 968
f 1257/1/2708 1247/1/2709 1256/1/2710
f 1256/1/2710 1258/1/2244 1257/1/2708
s 969
f 1248/1/2711 1247/1/2712 1257/1/2713
f 1257/1/2713 1259/1/2714 1248/1/2711
s 970
f 1260/1/2715 1251/1/2715 1248/1/2715
f 1248/1/2715 1259/1/2716 1260/1/2715
s 971
f 1238/1/2253 1236/1/2253 1251/1/2253
f 1251/1/2253 1260/1/2253 1238/1/2253
s 814
f 1235/1/2684 1249/1/2702 1251/1/2701
f 1251/1/2701 1236/1/2685 1235/1/2684
s 813
f 1235/1/2683 1234/1/2683 1250/1/2700
f 1250/1/2700 1249/1/2699 1235/1/2683
s 972
f 1234/1/2252 1233/1/2252 1261/1/2252
f 1261/1/2252 1250/1/2252 1234/1/2252
s 973
f 1250/1/2717 1261/1/2718 1262/1/2717
f 1262/1/2717 1245/1/2251 1250/1/2717
s 974
f 1252/1/2719 1246/1/2720 1245/1/2721
f 1245/1/2721 1262/1/2250 1252/1/2719
s 813
f 1263/1/2722 1264/1/2723 1265/1/2724
f 1265/1/2724 1266/1/2725 1263/1/2722
s 814
f 1267/1/2726 1268/1/2727 1264/1/2728
f 1264/1/2728 1263/1/2729 1267/1/2726
s 813
f 1264/1/2723 1269/1/2730 1270/1/2731
f 1270/1/2731 1265/1/2724 1264/1/2723
s 814
f 1264/1/2728 1268/1/2727 1271/1/2732
f 1271/1/2732 1269/1/2733 1264/1/2728
s 975
f 1266/1/2734 1272/1/2278 1273/1/2278
f 1273/1/2278 1274/1/2278 1266/1/2734
s 813
f 1266/1/2725 1274/1/2735 1275/1/2736
f 1275/1/2736 1263/1/2722 1266/1/2725
s 814
f 1267/1/2726 1263/1/2729 1275/1/2737
f 1275/1/2737 1276/1/2738 1267/1/2726
s 976
f 1277/1/2273 1267/1/2273 1276/1/2273
f 1276/1/2273 1278/1/2273 1277/1/2273
s 977
f 1268/1/2292 1267/1/2290 1277/1/2292
f 1277/1/2292 1279/1/2292 1268/1/2292
s 978
f 1280/1/2739 1271/1/2289 1268/1/2289
f 1268/1/2289 1279/1/2289 1280/1/2739
s 979
f 1258/1/2740 1256/1/2285 1271/1/2285
f 1271/1/2285 1280/1/2285 1258/1/2740
s 814
f 1255/1/2706 1269/1/2733 1271/1/2732
f 1271/1/2732 1256/1/2707 1255/1/2706
s 813
f 1255/1/2705 1254/1/2704 1270/1/2731
f 1270/1/2731 1269/1/2730 1255/1/2705
s 980
f 1254/1/2283 1253/1/2283 1281/1/2283
f 1281/1/2283 1270/1/2283 1254/1/2283
s 981
f 1270/1/2741 1281/1/2282 1282/1/2282
f 1282/1/2282 1265/1/2282 1270/1/2741
s 982
f 1272/1/2280 1266/1/2280 1265/1/2280
f 1265/1/2280 1282/1/2280 1272/1/2280
s 813
f 1283/1/2742 1284/1/2743 1285/1/2744
f 1285/1/2744 1286/1/2745 1283/1/2742
s 814
f 1287/1/2746 1288/1/2747 1284/1/2748
f 1284/1/2748 1283/1/2749 1287/1/2746
s 813
f 1284/1/2743 1289/1/2750 1290/1/2751
f 1290/1/2751 1285/1/2744 1284/1/2743
s 814
f 1284/1/2748 1288/1/2747 1291/1/2752
f 1291/1/2752 1289/1/2753 1284/1/2748
s 983
f 1286/1/2313 1292/1/2313 1293/1/2313
f 1293/1/2313 1294/1/2313 1286/1/2313
s 813
f 1286/1/2745 1294/1/2754 1295/1/2755
f 1295/1/2755 1283/1/2742 1286/1/2745
s 814
f 1287/1/2746 1283/1/2749 1295/1/2756
f 1295/1/2756 1296/1/2757 1287/1/2746
s 984
f 1297/1/2758 1287/1/2305 1296/1/2759
f 1296/1/2759 1298/1/2305 1297/1/2758
s 985
f 1288/1/2322 1287/1/2322 1297/1/2322
f 1297/1/2322 1299/1/2322 1288/1/2322
s 986
f 1300/1/2321 1291/1/2760 1288/1/2760
f 1288/1/2760 1299/1/2321 1300/1/2321
s 987
f 1278/1/2320 1276/1/2320 1291/1/2761
f 1291/1/2761 1300/1/2320 1278/1/2320
s 814
f 1275/1/2737 1289/1/2753 1291/1/2752
f 1291/1/2752 1276/1/2738 1275/1/2737
s 813
f 1275/1/2736 1274/1/2735 1290/1/2751
f 1290/1/2751 1289/1/2750 1275/1/2736
s 988
f 1274/1/2317 1273/1/2318 1301/1/2317
f 1301/1/2317 1290/1/2317 1274/1/2317
s 989
f 1290/1/2762 1301/1/2316 1302/1/2762
f 1302/1/2762 1285/1/2763 1290/1/2762
s 990
f 1292/1/2315 1286/1/2315 1285/1/2315
f 1285/1/2315 1302/1/2315 1292/1/2315
s 813
f 1303/1/2764 1304/1/2765 1305/1/2766
f 1305/1/2766 1306/1/2767 1303/1/2764
s 814
f 1307/1/2768 1308/1/2769 1304/1/2770
f 1304/1/2770 1303/1/2771 1307/1/2768
s 813
f 1304/1/2765 1309/1/2772 1310/1/2773
f 1310/1/2773 1305/1/2766 1304/1/2765
s 814
f 1304/1/2770 1308/1/2769 1311/1/2774
f 1311/1/2774 1309/1/2775 1304/1/2770
s 991
f 1306/1/2776 1312/1/2342 1313/1/2777
f 1313/1/2777 1314/1/2342 1306/1/2776
s 813
f 1306/1/2767 1314/1/2778 1315/1/2779
f 1315/1/2779 1303/1/2764 1306/1/2767
s 814
f 1307/1/2768 1303/1/2771 1315/1/2780
f 1315/1/2780 1316/1/2781 1307/1/2768
s 992
f 1317/1/2782 1307/1/2783 1316/1/2784
f 1316/1/2784 1318/1/2336 1317/1/2782
s 993
f 1308/1/2785 1307/1/2786 1317/1/2785
f 1317/1/2785 1319/1/2785 1308/1/2785
s 994
f 1320/1/2353 1311/1/2353 1308/1/2353
f 1308/1/2353 1319/1/2353 1320/1/2353
s 995
f 1298/1/2351 1296/1/2351 1311/1/2351
f 1311/1/2351 1320/1/2351 1298/1/2351
s 814
f 1295/1/2756 1309/1/2775 1311/1/2774
f 1311/1/2774 1296/1/2757 1295/1/2756
s 813
f 1295/1/2755 1294/1/2754 1310/1/2773
f 1310/1/2773 1309/1/2772 1295/1/2755
s 996
f 1294/1/2787 1293/1/2787 1321/1/2787
f 1321/1/2787 1310/1/2787 1294/1/2787
s 997
f 1310/1/2788 1321/1/2788 1322/1/2788
f 1322/1/2788 1305/1/2788 1310/1/2788
s 998
f 1312/1/2344 1306/1/2344 1305/1/2344
f 1305/1/2344 1322/1/2344 1312/1/2344
s 813
f 1323/1/2789 1324/1/2790 1325/1/2791
f 1325/1/2791 1326/1/2792 1323/1/2789
s 814
f 1327/1/2793 1328/1/2794 1324/1/2795
f 1324/1/2795 1323/1/2796 1327/1/2793
s 813
f 1324/1/2790 1329/1/2797 1330/1/2798
f 1330/1/2798 1325/1/2791 1324/1/2790
s 814
f 1324/1/2795 1328/1/2794 1331/1/2799
f 1331/1/2799 1329/1/2800 1324/1/2795
s 999
f 1326/1/2377 1332/1/2377 1333/1/2377
f 1333/1/2377 1334/1/2377 1326/1/2377
s 813
f 1326/1/2792 1334/1/2801 1335/1/2802
f 1335/1/2802 1323/1/2789 1326/1/2792
s 814
f 1327/1/2793 1323/1/2796 1335/1/2803
f 1335/1/2803 1336/1/2803 1327/1/2793
s 1000
f 1337/1/2370 1327/1/2370 1336/1/2370
f 1336/1/2370 1338/1/2370 1337/1/2370
s 1001
f 1328/1/2384 1327/1/2384 1337/1/2384
f 1337/1/2384 1339/1/2384 1328/1/2384
s 1002
f 1340/1/2383 1331/1/2383 1328/1/2383
f 1328/1/2383 1339/1/2383 1340/1/2383
s 1003
f 1318/1/2804 1316/1/2381 1331/1/2804
f 1331/1/2804 1340/1/2805 1318/1/2804
s 814
f 1315/1/2780 1329/1/2800 1331/1/2799
f 1331/1/2799 1316/1/2781 1315/1/2780
s 813
f 1315/1/2779 1314/1/2778 1330/1/2798
f 1330/1/2798 1329/1/2797 1315/1/2779
s 1004
f 1314/1/2380 1313/1/2380 1341/1/2380
f 1341/1/2380 1330/1/2380 1314/1/2380
s 1005
f 1330/1/2806 1341/1/2806 1342/1/2806
f 1342/1/2806 1325/1/2806 1330/1/2806
s 1006
f 1332/1/2807 1326/1/2807 1325/1/2807
f 1325/1/2807 1342/1/2807 1332/1/2807
s 813
f 1343/1/2808 1344/1/2809 1345/1/2810
f 1345/1/2810 1346/1/2811 1343/1/2808
s 814
f 1347/1/2812 1348/1/2813 1344/1/2814
f 1344/1/2814 1343/1/2815 1347/1/2812
s 813
f 1344/1/2809 1349/1/2816 1350/1/2817
f 1350/1/2817 1345/1/2810 1344/1/2809
s 814
f 1344/1/2814 1348/1/2813 1351/1/2818
f 1351/1/2818 1349/1/2819 1344/1/2814
s 1007
f 1346/1/2402 1352/1/2402 1353/1/2402
f 1353/1/2402 1354/1/2402 1346/1/2402
s 813
f 1346/1/2811 1354/1/2820 1355/1/2821
f 1355/1/2821 1343/1/2808 1346/1/2811
s 814
f 1347/1/2812 1343/1/2815 1355/1/2822
f 1355/1/2822 1356/1/2823 1347/1/2812
s 1008
f 1357/1/2824 1347/1/2825 1356/1/2826
f 1356/1/2826 1358/1/2397 1357/1/2824
s 1009
f 1348/1/2408 1347/1/2408 1357/1/2408
f 1357/1/2408 1359/1/2408 1348/1/2408
s 1010
f 1360/1/2407 1351/1/2407 1348/1/2407
f 1348/1/2407 1359/1/2407 1360/1/2407
s 1011
f 1338/1/2406 1336/1/2406 1351/1/2827
f 1351/1/2827 1360/1/2406 1338/1/2406
s 814
f 1335/1/2803 1349/1/2819 1351/1/2818
f 1351/1/2818 1336/1/2803 1335/1/2803
s 813
f 1335/1/2802 1334/1/2801 1350/1/2817
f 1350/1/2817 1349/1/2816 1335/1/2802
s 1012
f 1334/1/2405 1333/1/2405 1361/1/2405
f 1361/1/2405 1350/1/2405 1334/1/2405
s 1013
f 1350/1/2404 1361/1/2404 1362/1/2404
f 1362/1/2404 1345/1/2404 1350/1/2404
s 1014
f 1352/1/2403 1346/1/2403 1345/1/2403
f 1345/1/2403 1362/1/2403 1352/1/2403
s 813
f 1363/1/2828 1364/1/2829 1365/1/2830
f 1365/1/2830 1366/1/2831 1363/1/2828
s 814
f 1367/1/2832 1368/1/2833 1364/1/2834
f 1364/1/2834 1363/1/2835 1367/1/2832
s 813
f 1364/1/2829 1369/1/2421 1370/1/2836
f 1370/1/2836 1365/1/2830 1364/1/2829
s 814
f 1364/1/2834 1368/1/2833 1371/1/2837
f 1371/1/2837 1369/1/2838 1364/1/2834
s 1015
f 1366/1/2839 1372/1/2839 1373/1/2839
f 1373/1/2839 1374/1/2839 1366/1/2839
s 813
f 1366/1/2831 1374/1/2840 1375/1/2841
f 1375/1/2841 1363/1/2828 1366/1/2831
s 814
f 1367/1/2832 1363/1/2835 1375/1/2842
f 1375/1/2842 1376/1/2843 1367/1/2832
s 1016
f 1377/1/2423 1367/1/2423 1376/1/2423
f 1376/1/2423 1378/1/2423 1377/1/2423
s 1017
f 1368/1/2844 1367/1/2844 1377/1/2844
f 1377/1/2844 1379/1/2844 1368/1/2844
s 1018
f 1380/1/2845 1371/1/2436 1368/1/2845
f 1368/1/2845 1379/1/2845 1380/1/2845
s 1019
f 1358/1/2846 1356/1/2847 1371/1/2848
f 1371/1/2848 1380/1/2846 1358/1/2846
s 814
f 1355/1/2822 1369/1/2838 1371/1/2837
f 1371/1/2837 1356/1/2823 1355/1/2822
s 813
f 1355/1/2821 1354/1/2820 1370/1/2836
f 1370/1/2836 1369/1/2421 1355/1/2821
s 1020
f 1354/1/2849 1353/1/2433 1381/1/2850
f 1381/1/2850 1370/1/2851 1354/1/2849
s 1021
f 1370/1/2852 1381/1/2852 1382/1/2852
f 1382/1/2852 1365/1/2852 1370/1/2852
s 1022
f 1372/1/2430 1366/1/2430 1365/1/2430
f 1365/1/2430 1382/1/2430 1372/1/2430
s 813
f 1383/1/2853 1384/1/2854 1385/1/2855
f 1385/1/2855 1386/1/2856 1383/1/2853
s 814
f 1387/1/2857 1388/1/2858 1384/1/2859
f 1384/1/2859 1383/1/2860 1387/1/2857
s 813
f 1384/1/2854 1389/1/2861 1390/1/2862
f 1390/1/2862 1385/1/2855 1384/1/2854
s 814
f 1384/1/2859 1388/1/2858 1391/1/2863
f 1391/1/2863 1389/1/2864 1384/1/2859
s 1023
f 1386/1/2459 1392/1/2459 1393/1/2459
f 1393/1/2459 1394/1/2459 1386/1/2459
s 813
f 1386/1/2856 1394/1/2865 1395/1/2866
f 1395/1/2866 1383/1/2853 1386/1/2856
s 814
f 1387/1/2857 1383/1/2860 1395/1/2867
f 1395/1/2867 1396/1/2868 1387/1/2857
s 1024
f 1397/1/2869 1387/1/2870 1396/1/2871
f 1396/1/2871 1398/1/2453 1397/1/2869
s 1025
f 1388/1/2872 1387/1/2873 1397/1/2872
f 1397/1/2872 1399/1/2874 1388/1/2872
s 1026
f 1400/1/2875 1391/1/2876 1388/1/2877
f 1388/1/2877 1399/1/2878 1400/1/2875
s 1027
f 1378/1/2879 1376/1/2465 1391/1/2880
f 1391/1/2880 1400/1/2465 1378/1/2879
s 814
f 1375/1/2842 1389/1/2864 1391/1/2863
f 1391/1/2863 1376/1/2843 1375/1/2842
s 813
f 1375/1/2841 1374/1/2840 1390/1/2862
f 1390/1/2862 1389/1/2861 1375/1/2841
s 1028
f 1374/1/2464 1373/1/2464 1401/1/2464
f 1401/1/2464 1390/1/2464 1374/1/2464
s 1029
f 1390/1/2462 1401/1/2462 1402/1/2462
f 1402/1/2462 1385/1/2462 1390/1/2462
s 1030
f 1392/1/2460 1386/1/2460 1385/1/2460
f 1385/1/2460 1402/1/2461 1392/1/2460
s 813
f 1403/1/2881 1404/1/2882 1405/1/2883
f 1405/1/2883 1406/1/2884 1403/1/2881
s 814
f 1407/1/2885 1408/1/2886 1404/1/2887
f 1404/1/2887 1403/1/2888 1407/1/2885
s 813
f 1404/1/2882 1409/1/2889 1410/1/2890
f 1410/1/2890 1405/1/2883 1404/1/2882
s 814
f 1404/1/2887 1408/1/2886 1411/1/2891
f 1411/1/2891 1409/1/2892 1404/1/2887
s 1031
f 1406/1/2487 1412/1/2893 1413/1/2894
f 1413/1/2894 1414/1/2487 1406/1/2487
s 813
f 1406/1/2884 1414/1/2895 1415/1/2896
f 1415/1/2896 1403/1/2881 1406/1/2884
s 814
f 1407/1/2885 1403/1/2888 1415/1/2897
f 1415/1/2897 1416/1/2898 1407/1/2885
s 1032
f 1417/1/2481 1407/1/2481 1416/1/2481
f 1416/1/2481 1418/1/2481 1417/1/2481
s 1033
f 1408/1/2496 1407/1/2496 1417/1/2496
f 1417/1/2496 1419/1/2496 1408/1/2496
s 1034
f 1420/1/2495 1411/1/2495 1408/1/2495
f 1408/1/2495 1419/1/2495 1420/1/2495
s 1035
f 1398/1/2493 1396/1/2493 1411/1/2493
f 1411/1/2493 1420/1/2493 1398/1/2493
s 814
f 1395/1/2867 1409/1/2892 1411/1/2891
f 1411/1/2891 1396/1/2868 1395/1/2867
s 813
f 1395/1/2866 1394/1/2865 1410/1/2890
f 1410/1/2890 1409/1/2889 1395/1/2866
s 1036
f 1394/1/2492 1393/1/2492 1421/1/2899
f 1421/1/2899 1410/1/2492 1394/1/2492
s 1037
f 1410/1/2491 1421/1/2491 1422/1/2491
f 1422/1/2491 1405/1/2491 1410/1/2491
s 1038
f 1412/1/2489 1406/1/2489 1405/1/2489
f 1405/1/2489 1422/1/2489 1412/1/2489
s 813
f 1423/1/2900 1424/1/2901 1425/1/2902
f 1425/1/2902 1426/1/2903 1423/1/2900
s 814
f 1427/1/2904 1428/1/2905 1424/1/2906
f 1424/1/2906 1423/1/2907 1427/1/2904
s 813
f 1424/1/2901 1429/1/2908 1430/1/2909
f 1430/1/2909 1425/1/2902 1424/1/2901
s 814
f 1424/1/2906 1428/1/2905 1431/1/2910
f 1431/1/2910 1429/1/2911 1424/1/2906
s 1039
f 1426/1/2912 1432/1/2913 1433/1/2912
f 1433/1/2912 1434/1/2914 1426/1/2912
s 813
f 1426/1/2903 1434/1/2915 1435/1/2916
f 1435/1/2916 1423/1/2900 1426/1/2903
s 814
f 1427/1/2904 1423/1/2907 1435/1/2917
f 1435/1/2917 1436/1/2918 1427/1/2904
s 1040
f 1437/1/2510 1427/1/2510 1436/1/2919
f 1436/1/2919 1438/1/2510 1437/1/2510
s 1041
f 1428/1/2920 1427/1/2524 1437/1/2524
f 1437/1/2524 1439/1/2524 1428/1/2920
s 1042
f 1440/1/2921 1431/1/2922 1428/1/2921
f 1428/1/2921 1439/1/2522 1440/1/2921
s 1043
f 1418/1/2521 1416/1/2521 1431/1/2521
f 1431/1/2521 1440/1/2521 1418/1/2521
s 814
f 1415/1/2897 1429/1/2911 1431/1/2910
f 1431/1/2910 1416/1/2898 1415/1/2897
s 813
f 1415/1/2896 1414/1/2895 1430/1/2909
f 1430/1/2909 1429/1/2908 1415/1/2896
s 1044
f 1414/1/2520 1413/1/2520 1441/1/2520
f 1441/1/2520 1430/1/2923 1414/1/2520
s 1045
f 1430/1/2518 1441/1/2518 1442/1/2518
f 1442/1/2518 1425/1/2518 1430/1/2518
s 1046
f 1432/1/2517 1426/1/2517 1425/1/2517
f 1425/1/2517 1442/1/2517 1432/1/2517
s 813
f 1443/1/2924 1444/1/2925 1445/1/2926
f 1445/1/2926 1446/1/2927 1443/1/2924
s 814
f 1447/1/2928 1448/1/2929 1444/1/2930
f 1444/1/2930 1443/1/2931 1447/1/2928
s 813
f 1444/1/2925 1449/1/2932 1450/1/2933
f 1450/1/2933 1445/1/2926 1444/1/2925
s 814
f 1444/1/2930 1448/1/2929 1451/1/2934
f 1451/1/2934 1449/1/2935 1444/1/2930
s 1047
f 1446/1/2545 1452/1/2545 1453/1/2545
f 1453/1/2545 1454/1/2545 1446/1/2545
s 813
f 1446/1/2927 1454/1/2936 1455/1/2937
f 1455/1/2937 1443/1/2924 1446/1/2927
s 814
f 1447/1/2928 1443/1/2931 1455/1/2938
f 1455/1/2938 1456/1/2939 1447/1/2928
s 1048
f 1457/1/2940 1447/1/2940 1456/1/2538
f 1456/1/2538 1458/1/2538 1457/1/2940
s 1049
f 1448/1/2559 1447/1/2559 1457/1/2559
f 1457/1/2559 1459/1/2559 1448/1/2559
s 1050
f 1460/1/2941 1451/1/2941 1448/1/2556
f 1448/1/2556 1459/1/2941 1460/1/2941
s 1051
f 1438/1/2554 1436/1/2554 1451/1/2554
f 1451/1/2554 1460/1/2554 1438/1/2554
s 814
f 1435/1/2917 1449/1/2935 1451/1/2934
f 1451/1/2934 1436/1/2918 1435/1/2917
s 813
f 1435/1/2916 1434/1/2915 1450/1/2933
f 1450/1/2933 1449/1/2932 1435/1/2916
s 1052
f 1434/1/2552 1433/1/2942 1461/1/2552
f 1461/1/2552 1450/1/2552 1434/1/2552
s 1053
f 1450/1/2943 1461/1/2944 1462/1/2943
f 1462/1/2943 1445/1/2945 1450/1/2943
s 1054
f 1452/1/2546 1446/1/2546 1445/1/2546
f 1445/1/2546 1462/1/2546 1452/1/2546
s 813
f 1463/1/2946 1464/1/2947 1465/1/2948
f 1465/1/2948 1466/1/2949 1463/1/2946
s 814
f 1467/1/2950 1468/1/2951 1464/1/2952
f 1464/1/2952 1463/1/2953 1467/1/2950
s 813
f 1464/1/2947 1469/1/2954 1470/1/2955
f 1470/1/2955 1465/1/2948 1464/1/2947
s 814
f 1464/1/2952 1468/1/2951 1471/1/2956
f 1471/1/2956 1469/1/2957 1464/1/2952
s 1055
f 1466/1/2958 1472/1/2959 1473/1/2958
f 1473/1/2958 1474/1/2579 1466/1/2958
s 813
f 1466/1/2949 1474/1/2960 1475/1/2961
f 1475/1/2961 1463/1/2946 1466/1/2949
s 814
f 1467/1/2950 1463/1/2953 1475/1/2962
f 1475/1/2962 1476/1/2963 1467/1/2950
s 1056
f 1477/1/2573 1467/1/2964 1476/1/2965
f 1476/1/2965 1478/1/2966 1477/1/2573
s 1057
f 1468/1/2590 1467/1/2590 1477/1/2590
f 1477/1/2590 1479/1/2590 1468/1/2590
s 1058
f 1480/1/2588 1471/1/2589 1468/1/2588
f 1468/1/2588 1479/1/2588 1480/1/2588
s 1059
f 1458/1/2967 1456/1/2968 1471/1/2587
f 1471/1/2587 1480/1/2587 1458/1/2967
s 814
f 1455/1/2938 1469/1/2957 1471/1/2956
f 1471/1/2956 1456/1/2939 1455/1/2938
s 813
f 1455/1/2937 1454/1/2936 1470/1/2955
f 1470/1/2955 1469/1/2954 1455/1/2937
s 1060
f 1454/1/2585 1453/1/2585 1481/1/2585
f 1481/1/2585 1470/1/2969 1454/1/2585
s 1061
f 1470/1/2583 1481/1/2970 1482/1/2583
f 1482/1/2583 1465/1/2583 1470/1/2583
s 1062
f 1472/1/2971 1466/1/2582 1465/1/2582
f 1465/1/2582 1482/1/2582 1472/1/2971
s 813
f 1483/1/2972 1484/1/2973 1485/1/2974
f 1485/1/2974 1486/1/2975 1483/1/2972
s 814
f 1487/1/2976 1488/1/2977 1484/1/2978
f 1484/1/2978 1483/1/2979 1487/1/2976
s 813
f 1484/1/2973 1489/1/2980 1490/1/2981
f 1490/1/2981 1485/1/2974 1484/1/2973
s 814
f 1484/1/2978 1488/1/2977 1491/1/2982
f 1491/1/2982 1489/1/2983 1484/1/2978
s 1063
f 1486/1/2610 1492/1/2610 881/1/2610
f 881/1/2610 879/1/2984 1486/1/2610
s 813
f 1483/1/2972 1486/1/2975 879/1/2162
f 879/1/2162 878/1/2161 1483/1/2972
s 814
f 1483/1/2979 878/1/2160 876/1/2159
f 876/1/2159 1487/1/2976 1483/1/2979
s 1064
f 876/1/2985 877/1/2986 1493/1/2987
f 1493/1/2987 1487/1/2988 876/1/2985
s 1065
f 1488/1/2622 1487/1/2989 1493/1/2622
f 1493/1/2622 1494/1/2622 1488/1/2622
s 1066
f 1495/1/2620 1491/1/2620 1488/1/2620
f 1488/1/2620 1494/1/2620 1495/1/2620
s 1067
f 1478/1/2990 1476/1/2991 1491/1/2992
f 1491/1/2992 1495/1/2619 1478/1/2990
s 814
f 1475/1/2962 1489/1/2983 1491/1/2982
f 1491/1/2982 1476/1/2963 1475/1/2962
s 813
f 1475/1/2961 1474/1/2960 1490/1/2981
f 1490/1/2981 1489/1/2980 1475/1/2961
s 1068
f 1474/1/2617 1473/1/2617 1496/1/2617
f 1496/1/2617 1490/1/2617 1474/1/2617
s 1069
f 1490/1/2614 1496/1/2614 1497/1/2614
f 1497/1/2614 1485/1/2614 1490/1/2614
s 1070
f 1492/1/2613 1486/1/2613 1485/1/2613
f 1485/1/2613 1497/1/2613 1492/1/2613
s 803
f 1498/1/2993 1499/1/2994 1500/1/2995
f 1500/1/2995 1501/1/2996 1498/1/2993
f 1502/1/2997 1503/1/2998 1499/1/2994
f 1499/1/2994 1498/1/2993 1502/1/2997
s 804
f 1499/1/2999 1504/1/3000 1505/1/3001
f 1505/1/3001 1500/1/3002 1499/1/2999
f 1499/1/2999 1503/1/3003 1506/1/3004
f 1506/1/3004 1504/1/3000 1499/1/2999
s 1071
f 1507/1/3005 1501/1/3005 1508/1/3005
f 1508/1/3005 1509/1/3005 1507/1/3005
s 1072
f 1510/1/3006 1498/1/3007 1501/1/3008
f 1501/1/3008 1507/1/3008 1510/1/3006
s 1073
f 1498/1/3009 1510/1/3009 1511/1/3009
f 1511/1/3009 1502/1/3009 1498/1/3009
s 1074
f 842/1/3010 1502/1/3010 1511/1/3010
f 1511/1/3010 843/1/3010 842/1/3010
s 803
f 842/1/2127 857/1/2128 1503/1/2998
f 1503/1/2998 1502/1/2997 842/1/2127
s 804
f 856/1/2125 1506/1/3004 1503/1/3003
f 1503/1/3003 857/1/2126 856/1/2125
s 1075
f 1506/1/3011 856/1/3011 855/1/3012
f 855/1/3012 1512/1/3013 1506/1/3011
s 1076
f 1512/1/3014 1513/1/3014 1504/1/3014
f 1504/1/3014 1506/1/3014 1512/1/3014
s 1077
f 1504/1/3015 1513/1/3015 1514/1/3015
f 1514/1/3015 1505/1/3016 1504/1/3015
s 1078
f 1514/1/3017 1515/1/3018 1516/1/3018
f 1516/1/3018 1505/1/3018 1514/1/3017
s 804
f 1505/1/3001 1516/1/3019 1517/1/3020
f 1517/1/3020 1500/1/3002 1505/1/3001
s 803
f 1501/1/2996 1500/1/2995 1517/1/3021
f 1517/1/3021 1508/1/3022 1501/1/2996
f 1518/1/3023 1519/1/3024 1520/1/3025
f 1520/1/3025 1521/1/3026 1518/1/3023
f 1522/1/3027 1523/1/3028 1519/1/3024
f 1519/1/3024 1518/1/3023 1522/1/3027
s 804
f 1519/1/3029 1524/1/3030 1525/1/3031
f 1525/1/3031 1520/1/3032 1519/1/3029
f 1519/1/3029 1523/1/3033 1526/1/3034
f 1526/1/3034 1524/1/3030 1519/1/3029
s 1079
f 1527/1/3035 1528/1/3036 1529/1/3037
f 1529/1/3037 1521/1/3038 1527/1/3035
s 1080
f 1529/1/3039 1530/1/3039 1518/1/3039
f 1518/1/3039 1521/1/3040 1529/1/3039
s 1081
f 1518/1/3041 1530/1/3042 1531/1/3043
f 1531/1/3043 1522/1/3044 1518/1/3041
s 1082
f 1508/1/3045 1522/1/3045 1531/1/3046
f 1531/1/3046 1509/1/3047 1508/1/3045
s 803
f 1522/1/3027 1508/1/3022 1517/1/3021
f 1517/1/3021 1523/1/3028 1522/1/3027
s 804
f 1516/1/3019 1526/1/3034 1523/1/3033
f 1523/1/3033 1517/1/3020 1516/1/3019
s 1083
f 1526/1/3048 1516/1/3048 1515/1/3048
f 1515/1/3048 1532/1/3048 1526/1/3048
s 1084
f 1532/1/3049 1533/1/3049 1524/1/3049
f 1524/1/3049 1526/1/3049 1532/1/3049
s 1085
f 1534/1/3050 1525/1/3051 1524/1/3052
f 1524/1/3052 1533/1/3052 1534/1/3050
s 1086
f 1534/1/3053 1535/1/3054 1536/1/3055
f 1536/1/3055 1525/1/3056 1534/1/3053
s 804
f 1520/1/3032 1525/1/3031 1536/1/3057
f 1536/1/3057 1537/1/3058 1520/1/3032
s 803
f 1537/1/3059 1527/1/3060 1521/1/3026
f 1521/1/3026 1520/1/3025 1537/1/3059
f 1538/1/3061 1539/1/3062 1540/1/3063
f 1540/1/3063 1541/1/3064 1538/1/3061
f 1542/1/3065 1543/1/3066 1539/1/3062
f 1539/1/3062 1538/1/3061 1542/1/3065
s 804
f 1539/1/3067 1544/1/3068 1545/1/3069
f 1545/1/3069 1540/1/3070 1539/1/3067
f 1539/1/3067 1543/1/3071 1546/1/3072
f 1546/1/3072 1544/1/3068 1539/1/3067
s 1087
f 1547/1/3073 1548/1/3073 1549/1/3073
f 1549/1/3073 1541/1/3073 1547/1/3073
s 1088
f 1538/1/3074 1541/1/3075 1549/1/3074
f 1549/1/3074 1550/1/3074 1538/1/3074
s 1089
f 1538/1/3076 1550/1/3077 1551/1/3077
f 1551/1/3077 1542/1/3077 1538/1/3076
s 1090
f 1527/1/3078 1542/1/3078 1551/1/3079
f 1551/1/3079 1528/1/3080 1527/1/3078
s 803
f 1542/1/3065 1527/1/3060 1537/1/3059
f 1537/1/3059 1543/1/3066 1542/1/3065
s 804
f 1536/1/3057 1546/1/3072 1543/1/3071
f 1543/1/3071 1537/1/3058 1536/1/3057
s 1091
f 1546/1/3081 1536/1/3081 1535/1/3081
f 1535/1/3081 1552/1/3081 1546/1/3081
s 1092
f 1552/1/3082 1553/1/3082 1544/1/3083
f 1544/1/3083 1546/1/3083 1552/1/3082
s 1093
f 1553/1/3084 1554/1/3084 1545/1/3084
f 1545/1/3084 1544/1/3084 1553/1/3084
s 1094
f 1554/1/3085 1555/1/3086 1556/1/3087
f 1556/1/3087 1545/1/3088 1554/1/3085
s 804
f 1545/1/3069 1556/1/3089 1557/1/3090
f 1557/1/3090 1540/1/3070 1545/1/3069
s 803
f 1540/1/3063 1557/1/3091 1547/1/3092
f 1547/1/3092 1541/1/3064 1540/1/3063
f 1558/1/3093 1559/1/3094 1560/1/3095
f 1560/1/3095 1561/1/3096 1558/1/3093
f 1562/1/3097 1563/1/3098 1559/1/3094
f 1559/1/3094 1558/1/3093 1562/1/3097
s 804
f 1559/1/3099 1564/1/3100 1565/1/3101
f 1565/1/3101 1560/1/3102 1559/1/3099
f 1559/1/3099 1563/1/3103 1566/1/3104
f 1566/1/3104 1564/1/3100 1559/1/3099
s 1095
f 1567/1/3105 1568/1/3105 1569/1/3105
f 1569/1/3105 1561/1/3105 1567/1/3105
s 1096
f 1558/1/3106 1561/1/3106 1569/1/3107
f 1569/1/3107 1570/1/3106 1558/1/3106
s 1097
f 1558/1/3108 1570/1/3108 1571/1/3108
f 1571/1/3108 1562/1/3108 1558/1/3108
s 1098
f 1547/1/3109 1562/1/3109 1571/1/3109
f 1571/1/3109 1548/1/3109 1547/1/3109
s 803
f 1562/1/3097 1547/1/3092 1557/1/3091
f 1557/1/3091 1563/1/3098 1562/1/3097
s 804
f 1563/1/3103 1557/1/3090 1556/1/3089
f 1556/1/3089 1566/1/3104 1563/1/3103
s 1099
f 1566/1/3110 1556/1/3110 1555/1/3110
f 1555/1/3110 1572/1/3110 1566/1/3110
s 1100
f 1572/1/3111 1573/1/3111 1564/1/3111
f 1564/1/3111 1566/1/3111 1572/1/3111
s 1101
f 1573/1/3112 1574/1/3112 1565/1/3113
f 1565/1/3113 1564/1/3112 1573/1/3112
s 1102
f 1574/1/3114 1575/1/3114 1576/1/3114
f 1576/1/3114 1565/1/3114 1574/1/3114
s 804
f 1560/1/3102 1565/1/3101 1576/1/3115
f 1576/1/3115 1577/1/3116 1560/1/3102
s 803
f 1560/1/3095 1577/1/3117 1567/1/3118
f 1567/1/3118 1561/1/3096 1560/1/3095
f 1578/1/3119 1579/1/3120 1580/1/3121
f 1580/1/3121 1581/1/3122 1578/1/3119
f 1582/1/3123 1583/1/3124 1579/1/3120
f 1579/1/3120 1578/1/3119 1582/1/3123
s 804
f 1579/1/3125 1584/1/3126 1585/1/3127
f 1585/1/3127 1580/1/3128 1579/1/3125
f 1579/1/3125 1583/1/3129 1586/1/3130
f 1586/1/3130 1584/1/3126 1579/1/3125
s 1103
f 1587/1/3131 1588/1/3131 1589/1/3131
f 1589/1/3131 1581/1/3132 1587/1/3131
s 1104
f 1578/1/3133 1581/1/3133 1589/1/3133
f 1589/1/3133 1590/1/3133 1578/1/3133
s 1105
f 1578/1/3134 1590/1/3135 1591/1/3134
f 1591/1/3134 1582/1/3136 1578/1/3134
s 1106
f 1567/1/3137 1582/1/3137 1591/1/3137
f 1591/1/3137 1568/1/3137 1567/1/3137
s 803
f 1582/1/3123 1567/1/3118 1577/1/3117
f 1577/1/3117 1583/1/3124 1582/1/3123
s 804
f 1576/1/3115 1586/1/3130 1583/1/3129
f 1583/1/3129 1577/1/3116 1576/1/3115
s 1107
f 1586/1/3138 1576/1/3138 1575/1/3138
f 1575/1/3138 1592/1/3139 1586/1/3138
s 1108
f 1592/1/3140 1593/1/3141 1584/1/3140
f 1584/1/3140 1586/1/3142 1592/1/3140
s 1109
f 1593/1/3143 1594/1/3143 1585/1/3143
f 1585/1/3143 1584/1/3143 1593/1/3143
s 1110
f 1594/1/3144 1595/1/3144 1596/1/3145
f 1596/1/3145 1585/1/3144 1594/1/3144
s 804
f 1580/1/3128 1585/1/3127 1596/1/3146
f 1596/1/3146 1597/1/3147 1580/1/3128
s 803
f 1580/1/3121 1597/1/3148 1587/1/3149
f 1587/1/3149 1581/1/3122 1580/1/3121
f 1598/1/3150 1599/1/3151 1600/1/3152
f 1600/1/3152 1601/1/3153 1598/1/3150
f 1602/1/3154 1603/1/3155 1599/1/3151
f 1599/1/3151 1598/1/3150 1602/1/3154
s 804
f 1599/1/3156 1604/1/3157 1605/1/3158
f 1605/1/3158 1600/1/3159 1599/1/3156
f 1599/1/3156 1603/1/3160 1606/1/3161
f 1606/1/3161 1604/1/3157 1599/1/3156
s 1111
f 1607/1/3162 1608/1/3162 1609/1/3162
f 1609/1/3162 1601/1/3163 1607/1/3162
s 1112
f 1598/1/3164 1601/1/3164 1609/1/3164
f 1609/1/3164 1610/1/3164 1598/1/3164
s 1113
f 1598/1/3165 1610/1/3166 1611/1/3165
f 1611/1/3165 1602/1/3167 1598/1/3165
s 1114
f 1587/1/3168 1602/1/3168 1611/1/3169
f 1611/1/3169 1588/1/3168 1587/1/3168
s 803
f 1602/1/3154 1587/1/3149 1597/1/3148
f 1597/1/3148 1603/1/3155 1602/1/3154
s 804
f 1596/1/3146 1606/1/3161 1603/1/3160
f 1603/1/3160 1597/1/3147 1596/1/3146
s 1115
f 1606/1/3170 1596/1/3170 1595/1/3170
f 1595/1/3170 1612/1/3170 1606/1/3170
s 1116
f 1612/1/3171 1613/1/3172 1604/1/3172
f 1604/1/3172 1606/1/3173 1612/1/3171
s 1117
f 1613/1/3174 1614/1/3174 1605/1/3174
f 1605/1/3174 1604/1/3174 1613/1/3174
s 1118
f 1614/1/3175 1615/1/3176 1616/1/3175
f 1616/1/3175 1605/1/3175 1614/1/3175
s 804
f 1600/1/3159 1605/1/3158 1616/1/3177
f 1616/1/3177 1617/1/3178 1600/1/3159
s 803
f 1600/1/3152 1617/1/3179 1607/1/3180
f 1607/1/3180 1601/1/3153 1600/1/3152
f 1618/1/3181 1619/1/3182 1620/1/3183
f 1620/1/3183 1621/1/3184 1618/1/3181
f 1622/1/3185 1623/1/3186 1619/1/3182
f 1619/1/3182 1618/1/3181 1622/1/3185
s 804
f 1619/1/3187 1624/1/3188 1625/1/3189
f 1625/1/3189 1620/1/3190 1619/1/3187
f 1619/1/3187 1623/1/3191 1626/1/3192
f 1626/1/3192 1624/1/3188 1619/1/3187
s 1119
f 1627/1/3193 1628/1/3193 1629/1/3194
f 1629/1/3194 1621/1/3193 1627/1/3193
s 1120
f 1618/1/3195 1621/1/3196 1629/1/3195
f 1629/1/3195 1630/1/3197 1618/1/3195
s 1121
f 1618/1/3198 1630/1/3198 1631/1/3198
f 1631/1/3198 1622/1/3198 1618/1/3198
s 1122
f 1607/1/3199 1622/1/3199 1631/1/3199
f 1631/1/3199 1608/1/3199 1607/1/3199
s 803
f 1622/1/3185 1607/1/3180 1617/1/3179
f 1617/1/3179 1623/1/3186 1622/1/3185
s 804
f 1616/1/3177 1626/1/3192 1623/1/3191
f 1623/1/3191 1617/1/3178 1616/1/3177
s 1123
f 1626/1/3200 1616/1/3201 1615/1/3200
f 1615/1/3200 1632/1/3202 1626/1/3200
s 1124
f 1632/1/3203 1633/1/3203 1624/1/3203
f 1624/1/3203 1626/1/3203 1632/1/3203
s 1125
f 1633/1/3204 1634/1/3204 1625/1/3204
f 1625/1/3204 1624/1/3204 1633/1/3204
s 1126
f 1634/1/3205 1635/1/3206 1636/1/3205
f 1636/1/3205 1625/1/3206 1634/1/3205
s 804
f 1620/1/3190 1625/1/3189 1636/1/3207
f 1636/1/3207 1637/1/3207 1620/1/3190
s 803
f 1620/1/3183 1637/1/3208 1627/1/3209
f 1627/1/3209 1621/1/3184 1620/1/3183
f 1638/1/3210 1639/1/3211 1640/1/3212
f 1640/1/3212 1641/1/3213 1638/1/3210
f 1642/1/3214 1643/1/3215 1639/1/3211
f 1639/1/3211 1638/1/3210 1642/1/3214
s 804
f 1639/1/3216 1644/1/3217 1645/1/3218
f 1645/1/3218 1640/1/3219 1639/1/3216
f 1639/1/3216 1643/1/3220 1646/1/3221
f 1646/1/3221 1644/1/3217 1639/1/3216
s 1127
f 1647/1/3222 1648/1/3222 1649/1/3222
f 1649/1/3222 1641/1/3222 1647/1/3222
s 1128
f 1638/1/3223 1641/1/3223 1649/1/3223
f 1649/1/3223 1650/1/3223 1638/1/3223
s 1129
f 1638/1/3224 1650/1/3224 1651/1/3224
f 1651/1/3224 1642/1/3225 1638/1/3224
s 1130
f 1627/1/3226 1642/1/3226 1651/1/3227
f 1651/1/3227 1628/1/3227 1627/1/3226
s 803
f 1642/1/3214 1627/1/3209 1637/1/3208
f 1637/1/3208 1643/1/3215 1642/1/3214
s 804
f 1636/1/3207 1646/1/3221 1643/1/3220
f 1643/1/3220 1637/1/3207 1636/1/3207
s 1131
f 1652/1/3228 1646/1/3228 1636/1/3228
f 1636/1/3228 1635/1/3228 1652/1/3228
s 1132
f 1652/1/3229 1653/1/3229 1644/1/3229
f 1644/1/3229 1646/1/3229 1652/1/3229
s 1133
f 1653/1/3230 1654/1/3231 1645/1/3230
f 1645/1/3230 1644/1/3230 1653/1/3230
s 1134
f 1654/1/3232 1655/1/3233 1656/1/3233
f 1656/1/3233 1645/1/3233 1654/1/3232
s 804
f 1640/1/3219 1645/1/3218 1656/1/3234
f 1656/1/3234 1657/1/3235 1640/1/3219
s 803
f 1640/1/3212 1657/1/3236 1647/1/3237
f 1647/1/3237 1641/1/3213 1640/1/3212
f 1658/1/3238 1659/1/3239 1660/1/3240
f 1660/1/3240 1661/1/3241 1658/1/3238
f 1662/1/3242 1663/1/3243 1659/1/3239
f 1659/1/3239 1658/1/3238 1662/1/3242
s 804
f 1659/1/3244 1664/1/3245 1665/1/3246
f 1665/1/3246 1660/1/3247 1659/1/3244
f 1659/1/3244 1663/1/3248 1666/1/3249
f 1666/1/3249 1664/1/3245 1659/1/3244
s 1135
f 1667/1/3250 1668/1/3250 1669/1/3250
f 1669/1/3250 1661/1/3251 1667/1/3250
s 1136
f 1658/1/3252 1661/1/3252 1669/1/3253
f 1669/1/3253 1670/1/3252 1658/1/3252
s 1137
f 1658/1/3254 1670/1/3254 1671/1/3254
f 1671/1/3254 1662/1/3254 1658/1/3254
s 1138
f 1647/1/3255 1662/1/3256 1671/1/3257
f 1671/1/3257 1648/1/3258 1647/1/3255
s 803
f 1662/1/3242 1647/1/3237 1657/1/3236
f 1657/1/3236 1663/1/3243 1662/1/3242
s 804
f 1656/1/3234 1666/1/3249 1663/1/3248
f 1663/1/3248 1657/1/3235 1656/1/3234
s 1139
f 1666/1/3259 1656/1/3260 1655/1/3259
f 1655/1/3259 1672/1/3259 1666/1/3259
s 1140
f 1672/1/3261 1673/1/3262 1664/1/3262
f 1664/1/3262 1666/1/3261 1672/1/3261
s 1141
f 1673/1/3263 1674/1/3264 1665/1/3264
f 1665/1/3264 1664/1/3264 1673/1/3263
s 1142
f 1674/1/3265 1675/1/3266 1676/1/3265
f 1676/1/3265 1665/1/3265 1674/1/3265
s 804
f 1660/1/3247 1665/1/3246 1676/1/3267
f 1676/1/3267 1677/1/3268 1660/1/3247
s 803
f 1660/1/3240 1677/1/3269 1667/1/3270
f 1667/1/3270 1661/1/3241 1660/1/3240
f 1678/1/3271 1679/1/3272 1680/1/3273
f 1680/1/3273 1681/1/3274 1678/1/3271
f 1682/1/3275 1683/1/3276 1679/1/3272
f 1679/1/3272 1678/1/3271 1682/1/3275
s 804
f 1679/1/3277 1684/1/3278 1685/1/3279
f 1685/1/3279 1680/1/3280 1679/1/3277
f 1679/1/3277 1683/1/3281 1686/1/3282
f 1686/1/3282 1684/1/3278 1679/1/3277
s 1143
f 1687/1/3283 1688/1/3283 1689/1/3284
f 1689/1/3284 1681/1/3284 1687/1/3283
s 1144
f 1678/1/3285 1681/1/3286 1689/1/3285
f 1689/1/3285 1690/1/3287 1678/1/3285
s 1145
f 1678/1/3288 1690/1/3288 1691/1/3288
f 1691/1/3288 1682/1/3288 1678/1/3288
s 1146
f 1667/1/3289 1682/1/3289 1691/1/3289
f 1691/1/3289 1668/1/3289 1667/1/3289
s 803
f 1682/1/3275 1667/1/3270 1677/1/3269
f 1677/1/3269 1683/1/3276 1682/1/3275
s 804
f 1676/1/3267 1686/1/3282 1683/1/3281
f 1683/1/3281 1677/1/3268 1676/1/3267
s 1147
f 1686/1/3290 1676/1/3291 1675/1/3292
f 1675/1/3292 1692/1/3292 1686/1/3290
s 1148
f 1692/1/3293 1693/1/3293 1684/1/3294
f 1684/1/3294 1686/1/3293 1692/1/3293
s 1149
f 1693/1/3295 1694/1/3296 1685/1/3297
f 1685/1/3297 1684/1/3298 1693/1/3295
s 1150
f 1694/1/3299 1695/1/3299 1696/1/3299
f 1696/1/3299 1685/1/3299 1694/1/3299
s 804
f 1680/1/3280 1685/1/3279 1696/1/3300
f 1696/1/3300 1697/1/3301 1680/1/3280
s 803
f 1680/1/3273 1697/1/3302 1687/1/3303
f 1687/1/3303 1681/1/3274 1680/1/3273
f 1698/1/3304 1699/1/3305 1700/1/3306
f 1700/1/3306 1701/1/3307 1698/1/3304
f 1702/1/3308 1703/1/3309 1699/1/3305
f 1699/1/3305 1698/1/3304 1702/1/3308
s 804
f 1699/1/3310 1704/1/3311 1705/1/3312
f 1705/1/3312 1700/1/3313 1699/1/3310
f 1699/1/3310 1703/1/3314 1706/1/3315
f 1706/1/3315 1704/1/3311 1699/1/3310
s 1151
f 1707/1/3316 1708/1/3316 1709/1/3316
f 1709/1/3316 1701/1/3316 1707/1/3316
s 1152
f 1698/1/3317 1701/1/3317 1709/1/3317
f 1709/1/3317 1710/1/3317 1698/1/3317
s 1153
f 1698/1/3318 1710/1/3318 1711/1/3318
f 1711/1/3318 1702/1/3318 1698/1/3318
s 1154
f 1687/1/3319 1702/1/3320 1711/1/3320
f 1711/1/3320 1688/1/3320 1687/1/3319
s 803
f 1702/1/3308 1687/1/3303 1697/1/3302
f 1697/1/3302 1703/1/3309 1702/1/3308
s 804
f 1696/1/3300 1706/1/3315 1703/1/3314
f 1703/1/3314 1697/1/3301 1696/1/3300
s 1155
f 1706/1/3321 1696/1/3322 1695/1/3322
f 1695/1/3322 1712/1/3322 1706/1/3321
s 1156
f 1712/1/3323 1713/1/3324 1704/1/3325
f 1704/1/3325 1706/1/3323 1712/1/3323
s 1157
f 1713/1/3326 1714/1/3326 1705/1/3326
f 1705/1/3326 1704/1/3326 1713/1/3326
s 1158
f 1714/1/3327 1715/1/3327 1716/1/3327
f 1716/1/3327 1705/1/3327 1714/1/3327
s 804
f 1700/1/3313 1705/1/3312 1716/1/3328
f 1716/1/3328 1717/1/3329 1700/1/3313
s 803
f 1700/1/3306 1717/1/3330 1707/1/3331
f 1707/1/3331 1701/1/3307 1700/1/3306
f 1718/1/3332 1719/1/3333 1720/1/3334
f 1720/1/3334 1721/1/3335 1718/1/3332
f 1722/1/3336 1723/1/3337 1719/1/3333
f 1719/1/3333 1718/1/3332 1722/1/3336
s 804
f 1719/1/3338 1724/1/3339 1725/1/3340
f 1725/1/3340 1720/1/3341 1719/1/3338
f 1719/1/3338 1723/1/3342 1726/1/3343
f 1726/1/3343 1724/1/3339 1719/1/3338
s 1159
f 1727/1/3344 1728/1/3345 1729/1/3344
f 1729/1/3344 1721/1/3346 1727/1/3344
s 1160
f 1718/1/3347 1721/1/3347 1729/1/3347
f 1729/1/3347 1730/1/3347 1718/1/3347
s 1161
f 1718/1/3348 1730/1/3348 1731/1/3349
f 1731/1/3349 1722/1/3350 1718/1/3348
s 1162
f 1707/1/3351 1722/1/3351 1731/1/3351
f 1731/1/3351 1708/1/3351 1707/1/3351
s 803
f 1722/1/3336 1707/1/3331 1717/1/3330
f 1717/1/3330 1723/1/3337 1722/1/3336
s 804
f 1716/1/3328 1726/1/3343 1723/1/3342
f 1723/1/3342 1717/1/3329 1716/1/3328
s 1163
f 1726/1/3352 1716/1/3353 1715/1/3354
f 1715/1/3354 1732/1/3355 1726/1/3352
s 1164
f 1732/1/3356 1733/1/3356 1724/1/3357
f 1724/1/3357 1726/1/3356 1732/1/3356
s 1165
f 1733/1/3358 1734/1/3359 1725/1/3359
f 1725/1/3359 1724/1/3359 1733/1/3358
s 1166
f 1734/1/3360 1735/1/3360 1736/1/3361
f 1736/1/3361 1725/1/3360 1734/1/3360
s 804
f 1720/1/3341 1725/1/3340 1736/1/3362
f 1736/1/3362 1737/1/3363 1720/1/3341
s 803
f 1720/1/3334 1737/1/3364 1727/1/3365
f 1727/1/3365 1721/1/3335 1720/1/3334
f 1738/1/3366 1739/1/3367 1740/1/3368
f 1740/1/3368 1741/1/3369 1738/1/3366
f 1742/1/3370 1743/1/3371 1739/1/3367
f 1739/1/3367 1738/1/3366 1742/1/3370
s 804
f 1739/1/3372 1744/1/3373 1745/1/3374
f 1745/1/3374 1740/1/3375 1739/1/3372
f 1739/1/3372 1743/1/3376 1746/1/3377
f 1746/1/3377 1744/1/3373 1739/1/3372
s 1167
f 1747/1/3378 1748/1/3378 1749/1/3378
f 1749/1/3378 1741/1/3379 1747/1/3378
s 1168
f 1738/1/3380 1741/1/3381 1749/1/3380
f 1749/1/3380 1750/1/3380 1738/1/3380
s 1169
f 1738/1/3382 1750/1/3383 1751/1/3382
f 1751/1/3382 1742/1/3384 1738/1/3382
s 1170
f 1727/1/3385 1742/1/3386 1751/1/3387
f 1751/1/3387 1728/1/3388 1727/1/3385
s 803
f 1742/1/3370 1727/1/3365 1737/1/3364
f 1737/1/3364 1743/1/3371 1742/1/3370
s 804
f 1736/1/3362 1746/1/3377 1743/1/3376
f 1743/1/3376 1737/1/3363 1736/1/3362
s 1171
f 1746/1/3389 1736/1/3389 1735/1/3390
f 1735/1/3390 1752/1/3389 1746/1/3389
s 1172
f 1752/1/3391 1753/1/3392 1744/1/3393
f 1744/1/3393 1746/1/3392 1752/1/3391
s 1173
f 1753/1/3394 1754/1/3395 1745/1/3394
f 1745/1/3394 1744/1/3394 1753/1/3394
s 1174
f 1754/1/3396 1755/1/3397 1756/1/3398
f 1756/1/3398 1745/1/3396 1754/1/3396
s 804
f 1740/1/3375 1745/1/3374 1756/1/3399
f 1756/1/3399 1757/1/3400 1740/1/3375
s 803
f 1740/1/3368 1757/1/3401 1747/1/3402
f 1747/1/3402 1741/1/3369 1740/1/3368
f 1758/1/3403 1759/1/3404 1760/1/3405
f 1760/1/3405 1761/1/3406 1758/1/3403
f 1762/1/3407 1763/1/3408 1759/1/3404
f 1759/1/3404 1758/1/3403 1762/1/3407
s 804
f 1759/1/3409 1764/1/3410 1765/1/3411
f 1765/1/3411 1760/1/3412 1759/1/3409
f 1759/1/3409 1763/1/3413 1766/1/3414
f 1766/1/3414 1764/1/3410 1759/1/3409
s 1175
f 1767/1/3415 1768/1/3415 1769/1/3415
f 1769/1/3415 1761/1/3415 1767/1/3415
s 1176
f 1758/1/3416 1761/1/3417 1769/1/3416
f 1769/1/3416 1770/1/3416 1758/1/3416
s 1177
f 1758/1/3418 1770/1/3418 1771/1/3418
f 1771/1/3418 1762/1/3418 1758/1/3418
s 1178
f 1747/1/3419 1762/1/3420 1771/1/3419
f 1771/1/3419 1748/1/3419 1747/1/3419
s 803
f 1762/1/3407 1747/1/3402 1757/1/3401
f 1757/1/3401 1763/1/3408 1762/1/3407
s 804
f 1756/1/3399 1766/1/3414 1763/1/3413
f 1763/1/3413 1757/1/3400 1756/1/3399
s 1179
f 1766/1/3421 1756/1/3422 1755/1/3422
f 1755/1/3422 1772/1/3423 1766/1/3421
s 1180
f 1772/1/3424 1773/1/3424 1764/1/3424
f 1764/1/3424 1766/1/3425 1772/1/3424
s 1181
f 1773/1/3426 1774/1/3426 1765/1/3426
f 1765/1/3426 1764/1/3426 1773/1/3426
s 1182
f 1774/1/3427 1775/1/3428 1776/1/3429
f 1776/1/3429 1765/1/3427 1774/1/3427
s 804
f 1760/1/3412 1765/1/3411 1776/1/3430
f 1776/1/3430 1777/1/3431 1760/1/3412
s 803
f 1760/1/3405 1777/1/3432 1767/1/3433
f 1767/1/3433 1761/1/3406 1760/1/3405
f 1778/1/3434 1779/1/3435 1780/1/3436
f 1780/1/3436 1781/1/3437 1778/1/3434
f 1782/1/3438 1783/1/3439 1779/1/3435
f 1779/1/3435 1778/1/3434 1782/1/3438
s 804
f 1779/1/3440 1784/1/3441 1785/1/3442
f 1785/1/3442 1780/1/3443 1779/1/3440
f 1779/1/3440 1783/1/3444 1786/1/3445
f 1786/1/3445 1784/1/3441 1779/1/3440
s 1183
f 1787/1/3446 1788/1/3446 1789/1/3446
f 1789/1/3446 1781/1/3446 1787/1/3446
s 1184
f 1778/1/3447 1781/1/3447 1789/1/3447
f 1789/1/3447 1790/1/3447 1778/1/3447
s 1185
f 1778/1/3448 1790/1/3449 1791/1/3449
f 1791/1/3449 1782/1/3449 1778/1/3448
s 1186
f 1767/1/3450 1782/1/3450 1791/1/3450
f 1791/1/3450 1768/1/3450 1767/1/3450
s 803
f 1782/1/3438 1767/1/3433 1777/1/3432
f 1777/1/3432 1783/1/3439 1782/1/3438
s 804
f 1776/1/3430 1786/1/3445 1783/1/3444
f 1783/1/3444 1777/1/3431 1776/1/3430
s 1187
f 1786/1/3451 1776/1/3452 1775/1/3451
f 1775/1/3451 1792/1/3453 1786/1/3451
s 1188
f 1792/1/3454 1793/1/3455 1784/1/3456
f 1784/1/3456 1786/1/3455 1792/1/3454
s 1189
f 1793/1/3457 1794/1/3457 1785/1/3457
f 1785/1/3457 1784/1/3457 1793/1/3457
s 1190
f 1794/1/3458 1795/1/3459 1796/1/3459
f 1796/1/3459 1785/1/3460 1794/1/3458
s 804
f 1780/1/3443 1785/1/3442 1796/1/3461
f 1796/1/3461 1797/1/3462 1780/1/3443
s 803
f 1780/1/3436 1797/1/3463 1787/1/3464
f 1787/1/3464 1781/1/3437 1780/1/3436
f 1798/1/3465 1799/1/3466 1800/1/3467
f 1800/1/3467 1801/1/3468 1798/1/3465
f 1802/1/3469 1803/1/3470 1799/1/3466
f 1799/1/3466 1798/1/3465 1802/1/3469
s 804
f 1799/1/3471 1804/1/3472 1805/1/3473
f 1805/1/3473 1800/1/3474 1799/1/3471
f 1799/1/3471 1803/1/3475 1806/1/3476
f 1806/1/3476 1804/1/3472 1799/1/3471
s 1191
f 1807/1/3477 1808/1/3478 1809/1/3477
f 1809/1/3477 1801/1/3477 1807/1/3477
s 1192
f 1798/1/2120 1801/1/3479 1809/1/3480
f 1809/1/3480 1810/1/2120 1798/1/2120
s 1193
f 1798/1/3481 1810/1/2119 1811/1/3481
f 1811/1/3481 1802/1/3482 1798/1/3481
s 1194
f 1787/1/2116 1802/1/3483 1811/1/2116
f 1811/1/2116 1788/1/2116 1787/1/2116
s 803
f 1802/1/3469 1787/1/3464 1797/1/3463
f 1797/1/3463 1803/1/3470 1802/1/3469
s 804
f 1796/1/3461 1806/1/3476 1803/1/3475
f 1803/1/3475 1797/1/3462 1796/1/3461
s 1195
f 1806/1/2111 1796/1/2111 1795/1/2111
f 1795/1/2111 1812/1/2111 1806/1/2111
s 1196
f 1812/1/2107 1813/1/2107 1804/1/2107
f 1804/1/2107 1806/1/2107 1812/1/2107
s 1197
f 1813/1/2106 1814/1/2106 1805/1/3484
f 1805/1/3484 1804/1/2106 1813/1/2106
s 1198
f 1814/1/2105 1815/1/2105 1816/1/2105
f 1816/1/2105 1805/1/2105 1814/1/2105
s 804
f 1800/1/3474 1805/1/3473 1816/1/3485
f 1816/1/3485 1817/1/3486 1800/1/3474
s 803
f 1800/1/3467 1817/1/3487 1807/1/3488
f 1807/1/3488 1801/1/3468 1800/1/3467
f 1818/1/3489 1819/1/3490 1820/1/3491
f 1820/1/3491 1821/1/3492 1818/1/3489
f 1822/1/3493 1823/1/3494 1819/1/3490
f 1819/1/3490 1818/1/3489 1822/1/3493
s 804
f 1819/1/3495 1824/1/3496 1825/1/3497
f 1825/1/3497 1820/1/3498 1819/1/3495
f 1819/1/3495 1823/1/3499 1826/1/3500
f 1826/1/3500 1824/1/3496 1819/1/3495
s 1199
f 1827/1/3018 1828/1/3018 1829/1/3018
f 1829/1/3018 1821/1/3501 1827/1/3018
s 1200
f 1818/1/3502 1821/1/3502 1829/1/3502
f 1829/1/3502 1830/1/3502 1818/1/3502
s 1201
f 1818/1/3014 1830/1/3503 1831/1/3503
f 1831/1/3503 1822/1/3014 1818/1/3014
s 1202
f 1807/1/3504 1822/1/3505 1831/1/3504
f 1831/1/3504 1808/1/3013 1807/1/3504
s 803
f 1822/1/3493 1807/1/3488 1817/1/3487
f 1817/1/3487 1823/1/3494 1822/1/3493
s 804
f 1816/1/3485 1826/1/3500 1823/1/3499
f 1823/1/3499 1817/1/3486 1816/1/3485
s 1203
f 1826/1/3010 1816/1/3010 1815/1/3010
f 1815/1/3010 1832/1/3010 1826/1/3010
s 1204
f 1832/1/3009 1833/1/3009 1824/1/3009
f 1824/1/3009 1826/1/3009 1832/1/3009
s 1205
f 1833/1/3008 1834/1/3008 1825/1/3008
f 1825/1/3008 1824/1/3008 1833/1/3008
s 1206
f 1834/1/3005 1835/1/3005 1836/1/3005
f 1836/1/3005 1825/1/3506 1834/1/3005
s 804
f 1820/1/3498 1825/1/3497 1836/1/3507
f 1836/1/3507 1837/1/3508 1820/1/3498
s 803
f 1820/1/3491 1837/1/3509 1827/1/3510
f 1827/1/3510 1821/1/3492 1820/1/3491
f 1838/1/3511 1839/1/3512 1840/1/3513
f 1840/1/3513 1841/1/3514 1838/1/3511
f 1842/1/3515 1843/1/3516 1839/1/3512
f 1839/1/3512 1838/1/3511 1842/1/3515
s 804
f 1839/1/3517 1844/1/3518 1845/1/3519
f 1845/1/3519 1840/1/3520 1839/1/3517
f 1839/1/3517 1843/1/3521 1846/1/3522
f 1846/1/3522 1844/1/3518 1839/1/3517
s 1207
f 1847/1/3054 1848/1/3054 1849/1/3054
f 1849/1/3054 1841/1/3054 1847/1/3054
s 1208
f 1838/1/3052 1841/1/3052 1849/1/3052
f 1849/1/3052 1850/1/3523 1838/1/3052
s 1209
f 1838/1/3049 1850/1/3049 1851/1/3524
f 1851/1/3524 1842/1/3525 1838/1/3049
s 1210
f 1827/1/3048 1842/1/3048 1851/1/3048
f 1851/1/3048 1828/1/3048 1827/1/3048
s 803
f 1842/1/3515 1827/1/3510 1837/1/3509
f 1837/1/3509 1843/1/3516 1842/1/3515
s 804
f 1836/1/3507 1846/1/3522 1843/1/3521
f 1843/1/3521 1837/1/3508 1836/1/3507
s 1211
f 1846/1/3047 1836/1/3047 1835/1/3047
f 1835/1/3047 1852/1/3526 1846/1/3047
s 1212
f 1852/1/3043 1853/1/3527 1844/1/3043
f 1844/1/3043 1846/1/3528 1852/1/3043
s 1213
f 1853/1/3529 1854/1/3529 1845/1/3529
f 1845/1/3529 1844/1/3530 1853/1/3529
s 1214
f 1854/1/3531 1855/1/3532 1856/1/3531
f 1856/1/3531 1845/1/3531 1854/1/3531
s 804
f 1840/1/3520 1845/1/3519 1856/1/3533
f 1856/1/3533 1857/1/3534 1840/1/3520
s 803
f 1840/1/3513 1857/1/3535 1847/1/3536
f 1847/1/3536 1841/1/3514 1840/1/3513
f 1858/1/3537 1859/1/3538 1860/1/3539
f 1860/1/3539 1861/1/3540 1858/1/3537
f 1862/1/3541 1863/1/3542 1859/1/3538
f 1859/1/3538 1858/1/3537 1862/1/3541
s 804
f 1859/1/3543 1864/1/3544 1865/1/3545
f 1865/1/3545 1860/1/3546 1859/1/3543
f 1859/1/3543 1863/1/3547 1866/1/3548
f 1866/1/3548 1864/1/3544 1859/1/3543
s 1215
f 1867/1/3549 1868/1/3550 1869/1/3549
f 1869/1/3549 1861/1/3549 1867/1/3549
s 1216
f 1858/1/3084 1861/1/3084 1869/1/3084
f 1869/1/3084 1870/1/3084 1858/1/3084
s 1217
f 1858/1/3083 1870/1/3083 1871/1/3083
f 1871/1/3083 1862/1/3083 1858/1/3083
s 1218
f 1847/1/3081 1862/1/3081 1871/1/3081
f 1871/1/3081 1848/1/3081 1847/1/3081
s 803
f 1862/1/3541 1847/1/3536 1857/1/3535
f 1857/1/3535 1863/1/3542 1862/1/3541
s 804
f 1856/1/3533 1866/1/3548 1863/1/3547
f 1863/1/3547 1857/1/3534 1856/1/3533
s 1219
f 1866/1/3078 1856/1/3078 1855/1/3551
f 1855/1/3551 1872/1/3078 1866/1/3078
s 1220
f 1872/1/3076 1873/1/3076 1864/1/3076
f 1864/1/3076 1866/1/3076 1872/1/3076
s 1221
f 1873/1/3074 1874/1/3074 1865/1/3074
f 1865/1/3074 1864/1/3074 1873/1/3074
s 1222
f 1874/1/3073 1875/1/3073 1876/1/3073
f 1876/1/3073 1865/1/3073 1874/1/3073
s 804
f 1860/1/3546 1865/1/3545 1876/1/3552
f 1876/1/3552 1877/1/3553 1860/1/3546
s 803
f 1860/1/3539 1877/1/3554 1867/1/3555
f 1867/1/3555 1861/1/3540 1860/1/3539
f 1878/1/3556 1879/1/3557 1880/1/3558
f 1880/1/3558 1881/1/3559 1878/1/3556
f 1882/1/3560 1883/1/3561 1879/1/3557
f 1879/1/3557 1878/1/3556 1882/1/3560
s 804
f 1879/1/3562 1884/1/3563 1885/1/3564
f 1885/1/3564 1880/1/3565 1879/1/3562
f 1879/1/3562 1883/1/3566 1886/1/3567
f 1886/1/3567 1884/1/3563 1879/1/3562
s 1223
f 1887/1/3114 1888/1/3114 1889/1/3114
f 1889/1/3114 1881/1/3114 1887/1/3114
s 1224
f 1878/1/3112 1881/1/3112 1889/1/3112
f 1889/1/3112 1890/1/3112 1878/1/3112
s 1225
f 1878/1/3111 1890/1/3111 1891/1/3111
f 1891/1/3111 1882/1/3111 1878/1/3111
s 1226
f 1867/1/3110 1882/1/3568 1891/1/3569
f 1891/1/3569 1868/1/3110 1867/1/3110
s 803
f 1882/1/3560 1867/1/3555 1877/1/3554
f 1877/1/3554 1883/1/3561 1882/1/3560
s 804
f 1876/1/3552 1886/1/3567 1883/1/3566
f 1883/1/3566 1877/1/3553 1876/1/3552
s 1227
f 1886/1/3570 1876/1/3571 1875/1/3570
f 1875/1/3570 1892/1/3572 1886/1/3570
s 1228
f 1892/1/3573 1893/1/3108 1884/1/3574
f 1884/1/3574 1886/1/3575 1892/1/3573
s 1229
f 1893/1/3106 1894/1/3106 1885/1/3106
f 1885/1/3106 1884/1/3106 1893/1/3106
s 1230
f 1894/1/3576 1895/1/3577 1896/1/3577
f 1896/1/3577 1885/1/3577 1894/1/3576
s 804
f 1880/1/3565 1885/1/3564 1896/1/3578
f 1896/1/3578 1897/1/3579 1880/1/3565
s 803
f 1880/1/3558 1897/1/3580 1887/1/3581
f 1887/1/3581 1881/1/3559 1880/1/3558
f 1898/1/3582 1899/1/3583 1900/1/3584
f 1900/1/3584 1901/1/3585 1898/1/3582
f 1902/1/3586 1903/1/3587 1899/1/3583
f 1899/1/3583 1898/1/3582 1902/1/3586
s 804
f 1899/1/3588 1904/1/3589 1905/1/3590
f 1905/1/3590 1900/1/3591 1899/1/3588
f 1899/1/3588 1903/1/3592 1906/1/3593
f 1906/1/3593 1904/1/3589 1899/1/3588
s 1231
f 1907/1/3144 1908/1/3144 1909/1/3594
f 1909/1/3594 1901/1/3144 1907/1/3144
s 1232
f 1898/1/3143 1901/1/3143 1909/1/3595
f 1909/1/3595 1910/1/3143 1898/1/3143
s 1233
f 1898/1/3596 1910/1/3596 1911/1/3596
f 1911/1/3596 1902/1/3596 1898/1/3596
s 1234
f 1887/1/3597 1902/1/3598 1911/1/3599
f 1911/1/3599 1888/1/3600 1887/1/3597
s 803
f 1902/1/3586 1887/1/3581 1897/1/3580
f 1897/1/3580 1903/1/3587 1902/1/3586
s 804
f 1896/1/3578 1906/1/3593 1903/1/3592
f 1903/1/3592 1897/1/3579 1896/1/3578
s 1235
f 1906/1/3601 1896/1/3137 1895/1/3137
f 1895/1/3137 1912/1/3137 1906/1/3601
s 1236
f 1912/1/3135 1913/1/3134 1904/1/3135
f 1904/1/3135 1906/1/3135 1912/1/3135
s 1237
f 1913/1/3602 1914/1/3133 1905/1/3133
f 1905/1/3133 1904/1/3133 1913/1/3602
s 1238
f 1914/1/3603 1915/1/3132 1916/1/3132
f 1916/1/3132 1905/1/3132 1914/1/3603
s 804
f 1900/1/3591 1905/1/3590 1916/1/3604
f 1916/1/3604 1917/1/3605 1900/1/3591
s 803
f 1900/1/3584 1917/1/3606 1907/1/3607
f 1907/1/3607 1901/1/3585 1900/1/3584
f 1918/1/3608 1919/1/3609 1920/1/3610
f 1920/1/3610 1921/1/3610 1918/1/3608
f 1922/1/3611 1923/1/3612 1919/1/3609
f 1919/1/3609 1918/1/3608 1922/1/3611
s 804
f 1919/1/3613 1924/1/3614 1925/1/3615
f 1925/1/3615 1920/1/3616 1919/1/3613
f 1919/1/3613 1923/1/3617 1926/1/3618
f 1926/1/3618 1924/1/3614 1919/1/3613
s 1239
f 1927/1/3619 1928/1/3176 1929/1/3176
f 1929/1/3176 1921/1/3619 1927/1/3619
s 1240
f 1918/1/3174 1921/1/3620 1929/1/3174
f 1929/1/3174 1930/1/3174 1918/1/3174
s 1241
f 1918/1/3173 1930/1/3172 1931/1/3173
f 1931/1/3173 1922/1/3173 1918/1/3173
s 1242
f 1907/1/3621 1922/1/3170 1931/1/3170
f 1931/1/3170 1908/1/3170 1907/1/3621
s 803
f 1922/1/3611 1907/1/3607 1917/1/3606
f 1917/1/3606 1923/1/3612 1922/1/3611
s 804
f 1916/1/3604 1926/1/3618 1923/1/3617
f 1923/1/3617 1917/1/3605 1916/1/3604
s 1243
f 1926/1/3169 1916/1/3169 1915/1/3169
f 1915/1/3169 1932/1/3169 1926/1/3169
s 1244
f 1932/1/3165 1933/1/3165 1924/1/3165
f 1924/1/3165 1926/1/3165 1932/1/3165
s 1245
f 1933/1/3164 1934/1/3164 1925/1/3164
f 1925/1/3164 1924/1/3164 1933/1/3164
s 1246
f 1934/1/3162 1935/1/3162 1936/1/3162
f 1936/1/3162 1925/1/3162 1934/1/3162
s 804
f 1920/1/3616 1925/1/3615 1936/1/3622
f 1936/1/3622 1937/1/3623 1920/1/3616
s 803
f 1920/1/3610 1937/1/3624 1927/1/3625
f 1927/1/3625 1921/1/3610 1920/1/3610
f 1938/1/3626 1939/1/3627 1940/1/3628
f 1940/1/3628 1941/1/3629 1938/1/3626
f 1942/1/3630 1943/1/3631 1939/1/3627
f 1939/1/3627 1938/1/3626 1942/1/3630
s 804
f 1939/1/3632 1944/1/3633 1945/1/3634
f 1945/1/3634 1940/1/3635 1939/1/3632
f 1939/1/3632 1943/1/3636 1946/1/3637
f 1946/1/3637 1944/1/3633 1939/1/3632
s 1247
f 1947/1/3638 1948/1/3639 1949/1/3638
f 1949/1/3638 1941/1/3638 1947/1/3638
s 1248
f 1938/1/3204 1941/1/3204 1949/1/3204
f 1949/1/3204 1950/1/3204 1938/1/3204
s 1249
f 1938/1/3640 1950/1/3641 1951/1/3642
f 1951/1/3642 1942/1/3643 1938/1/3640
s 1250
f 1927/1/3644 1942/1/3645 1951/1/3644
f 1951/1/3644 1928/1/3646 1927/1/3644
s 803
f 1942/1/3630 1927/1/3625 1937/1/3624
f 1937/1/3624 1943/1/3631 1942/1/3630
s 804
f 1936/1/3622 1946/1/3637 1943/1/3636
f 1943/1/3636 1937/1/3623 1936/1/3622
s 1251
f 1946/1/3647 1936/1/3199 1935/1/3647
f 1935/1/3647 1952/1/3648 1946/1/3647
s 1252
f 1952/1/3198 1953/1/3198 1944/1/3198
f 1944/1/3198 1946/1/3198 1952/1/3198
s 1253
f 1953/1/3649 1954/1/3197 1945/1/3197
f 1945/1/3197 1944/1/3195 1953/1/3649
s 1254
f 1954/1/3193 1955/1/3193 1956/1/3193
f 1956/1/3193 1945/1/3193 1954/1/3193
s 804
f 1940/1/3635 1945/1/3634 1956/1/3650
f 1956/1/3650 1957/1/3651 1940/1/3635
s 803
f 1940/1/3628 1957/1/3652 1947/1/3653
f 1947/1/3653 1941/1/3629 1940/1/3628
f 1958/1/3654 1959/1/3655 1960/1/3656
f 1960/1/3656 1961/1/3657 1958/1/3654
f 1962/1/3658 1963/1/3659 1959/1/3655
f 1959/1/3655 1958/1/3654 1962/1/3658
s 804
f 1959/1/3660 1964/1/3661 1965/1/3662
f 1965/1/3662 1960/1/3663 1959/1/3660
f 1959/1/3660 1963/1/3664 1966/1/3665
f 1966/1/3665 1964/1/3661 1959/1/3660
s 1255
f 1967/1/3666 1968/1/3667 1969/1/3666
f 1969/1/3666 1961/1/3668 1967/1/3666
s 1256
f 1958/1/3231 1961/1/3231 1969/1/3231
f 1969/1/3231 1970/1/3231 1958/1/3231
s 1257
f 1958/1/3229 1970/1/3229 1971/1/3669
f 1971/1/3669 1962/1/3229 1958/1/3229
s 1258
f 1947/1/3670 1962/1/3671 1971/1/3670
f 1971/1/3670 1948/1/3672 1947/1/3670
s 803
f 1962/1/3658 1947/1/3653 1957/1/3652
f 1957/1/3652 1963/1/3659 1962/1/3658
s 804
f 1956/1/3650 1966/1/3665 1963/1/3664
f 1963/1/3664 1957/1/3651 1956/1/3650
s 1259
f 1966/1/3227 1956/1/3227 1955/1/3227
f 1955/1/3227 1972/1/3227 1966/1/3227
s 1260
f 1972/1/3673 1973/1/3673 1964/1/3224
f 1964/1/3224 1966/1/3673 1972/1/3673
s 1261
f 1973/1/3223 1974/1/3223 1965/1/3223
f 1965/1/3223 1964/1/3223 1973/1/3223
s 1262
f 1974/1/3674 1975/1/3222 1976/1/3222
f 1976/1/3222 1965/1/3222 1974/1/3674
s 804
f 1960/1/3663 1965/1/3662 1976/1/3675
f 1976/1/3675 1977/1/3676 1960/1/3663
s 803
f 1960/1/3656 1977/1/3677 1967/1/3678
f 1967/1/3678 1961/1/3657 1960/1/3656
f 1978/1/3679 1979/1/3680 1980/1/3681
f 1980/1/3681 1981/1/3682 1978/1/3679
f 1982/1/3683 1983/1/3684 1979/1/3680
f 1979/1/3680 1978/1/3679 1982/1/3683
s 804
f 1979/1/3685 1984/1/3686 1985/1/3687
f 1985/1/3687 1980/1/3688 1979/1/3685
f 1979/1/3685 1983/1/3689 1986/1/3690
f 1986/1/3690 1984/1/3686 1979/1/3685
s 1263
f 1987/1/3265 1988/1/3265 1989/1/3691
f 1989/1/3691 1981/1/3265 1987/1/3265
s 1264
f 1978/1/3264 1981/1/3692 1989/1/3692
f 1989/1/3692 1990/1/3264 1978/1/3264
s 1265
f 1978/1/3262 1990/1/3262 1991/1/3262
f 1991/1/3262 1982/1/3262 1978/1/3262
s 1266
f 1967/1/3693 1982/1/3260 1991/1/3693
f 1991/1/3693 1968/1/3260 1967/1/3693
s 803
f 1982/1/3683 1967/1/3678 1977/1/3677
f 1977/1/3677 1983/1/3684 1982/1/3683
s 804
f 1976/1/3675 1986/1/3690 1983/1/3689
f 1983/1/3689 1977/1/3676 1976/1/3675
s 1267
f 1986/1/3258 1976/1/3258 1975/1/3258
f 1975/1/3258 1992/1/3258 1986/1/3258
s 1268
f 1992/1/3254 1993/1/3254 1984/1/3254
f 1984/1/3254 1986/1/3254 1992/1/3254
s 1269
f 1993/1/3252 1994/1/3694 1985/1/3252
f 1985/1/3252 1984/1/3252 1993/1/3252
s 1270
f 1994/1/3695 1995/1/3695 1996/1/3695
f 1996/1/3695 1985/1/3695 1994/1/3695
s 804
f 1980/1/3688 1985/1/3687 1996/1/3696
f 1996/1/3696 1997/1/3697 1980/1/3688
s 803
f 1980/1/3681 1997/1/3698 1987/1/3699
f 1987/1/3699 1981/1/3682 1980/1/3681
f 1998/1/3700 1999/1/3701 2000/1/3702
f 2000/1/3702 2001/1/3703 1998/1/3700
f 2002/1/3704 2003/1/3705 1999/1/3701
f 1999/1/3701 1998/1/3700 2002/1/3704
s 804
f 1999/1/3706 2004/1/3707 2005/1/3708
f 2005/1/3708 2000/1/3709 1999/1/3706
f 1999/1/3706 2003/1/3710 2006/1/3711
f 2006/1/3711 2004/1/3707 1999/1/3706
s 1271
f 2007/1/3299 2008/1/3299 2009/1/3299
f 2009/1/3299 2001/1/3299 2007/1/3299
s 1272
f 1998/1/3712 2001/1/3712 2009/1/3712
f 2009/1/3712 2010/1/3712 1998/1/3712
s 1273
f 1998/1/3293 2010/1/3293 2011/1/3713
f 2011/1/3713 2002/1/3293 1998/1/3293
s 1274
f 1987/1/3292 2002/1/3292 2011/1/3292
f 2011/1/3292 1988/1/3292 1987/1/3292
s 803
f 2002/1/3704 1987/1/3699 1997/1/3698
f 1997/1/3698 2003/1/3705 2002/1/3704
s 804
f 1996/1/3696 2006/1/3711 2003/1/3710
f 2003/1/3710 1997/1/3697 1996/1/3696
s 1275
f 2006/1/3289 1996/1/3289 1995/1/3289
f 1995/1/3289 2012/1/3289 2006/1/3289
s 1276
f 2012/1/3288 2013/1/3288 2004/1/3288
f 2004/1/3288 2006/1/3288 2012/1/3288
s 1277
f 2013/1/3285 2014/1/3287 2005/1/3285
f 2005/1/3285 2004/1/3285 2013/1/3285
s 1278
f 2014/1/3714 2015/1/3283 2016/1/3283
f 2016/1/3283 2005/1/3283 2014/1/3714
s 804
f 2000/1/3709 2005/1/3708 2016/1/3715
f 2016/1/3715 2017/1/3716 2000/1/3709
s 803
f 2000/1/3702 2017/1/3717 2007/1/3718
f 2007/1/3718 2001/1/3703 2000/1/3702
f 2018/1/3719 2019/1/3720 2020/1/3721
f 2020/1/3721 2021/1/3722 2018/1/3719
f 2022/1/3723 2023/1/3724 2019/1/3720
f 2019/1/3720 2018/1/3719 2022/1/3723
s 804
f 2019/1/3725 2024/1/3726 2025/1/3727
f 2025/1/3727 2020/1/3728 2019/1/3725
f 2019/1/3725 2023/1/3729 2026/1/3730
f 2026/1/3730 2024/1/3726 2019/1/3725
s 1279
f 2027/1/3731 2028/1/3732 2029/1/3732
f 2029/1/3732 2021/1/3732 2027/1/3731
s 1280
f 2018/1/3326 2021/1/3326 2029/1/3326
f 2029/1/3326 2030/1/3326 2018/1/3326
s 1281
f 2018/1/3323 2030/1/3323 2031/1/3323
f 2031/1/3323 2022/1/3323 2018/1/3323
s 1282
f 2007/1/3322 2022/1/3322 2031/1/3322
f 2031/1/3322 2008/1/3322 2007/1/3322
s 803
f 2022/1/3723 2007/1/3718 2017/1/3717
f 2017/1/3717 2023/1/3724 2022/1/3723
s 804
f 2016/1/3715 2026/1/3730 2023/1/3729
f 2023/1/3729 2017/1/3716 2016/1/3715
s 1283
f 2026/1/3733 2016/1/3733 2015/1/3733
f 2015/1/3733 2032/1/3733 2026/1/3733
s 1284
f 2032/1/3318 2033/1/3318 2024/1/3734
f 2024/1/3734 2026/1/3318 2032/1/3318
s 1285
f 2033/1/3735 2034/1/3735 2025/1/3735
f 2025/1/3735 2024/1/3735 2033/1/3735
s 1286
f 2034/1/3736 2035/1/3736 2036/1/3736
f 2036/1/3736 2025/1/3736 2034/1/3736
s 804
f 2020/1/3728 2025/1/3727 2036/1/3737
f 2036/1/3737 2037/1/3738 2020/1/3728
s 803
f 2020/1/3721 2037/1/3739 2027/1/3740
f 2027/1/3740 2021/1/3722 2020/1/3721
f 2038/1/3741 2039/1/3742 2040/1/3743
f 2040/1/3743 2041/1/3744 2038/1/3741
f 2042/1/3745 2043/1/3746 2039/1/3742
f 2039/1/3742 2038/1/3741 2042/1/3745
s 804
f 2039/1/3747 2044/1/3748 2045/1/3749
f 2045/1/3749 2040/1/3750 2039/1/3747
f 2039/1/3747 2043/1/3751 2046/1/3752
f 2046/1/3752 2044/1/3748 2039/1/3747
s 1287
f 2047/1/3360 2048/1/3360 2049/1/3360
f 2049/1/3360 2041/1/3360 2047/1/3360
s 1288
f 2038/1/3359 2041/1/3359 2049/1/3359
f 2049/1/3359 2050/1/3359 2038/1/3359
s 1289
f 2038/1/3753 2050/1/3753 2051/1/3753
f 2051/1/3753 2042/1/3753 2038/1/3753
s 1290
f 2027/1/3354 2042/1/3754 2051/1/3754
f 2051/1/3754 2028/1/3755 2027/1/3354
s 803
f 2042/1/3745 2027/1/3740 2037/1/3739
f 2037/1/3739 2043/1/3746 2042/1/3745
s 804
f 2036/1/3737 2046/1/3752 2043/1/3751
f 2043/1/3751 2037/1/3738 2036/1/3737
s 1291
f 2046/1/3756 2036/1/3757 2035/1/3757
f 2035/1/3757 2052/1/3758 2046/1/3756
s 1292
f 2052/1/3348 2053/1/3348 2044/1/3348
f 2044/1/3348 2046/1/3759 2052/1/3348
s 1293
f 2053/1/3347 2054/1/3347 2045/1/3760
f 2045/1/3760 2044/1/3347 2053/1/3347
s 1294
f 2054/1/3761 2055/1/3761 2056/1/3761
f 2056/1/3761 2045/1/3761 2054/1/3761
s 804
f 2040/1/3750 2045/1/3749 2056/1/3762
f 2056/1/3762 2057/1/3763 2040/1/3750
s 803
f 2040/1/3743 2057/1/3764 2047/1/3765
f 2047/1/3765 2041/1/3744 2040/1/3743
f 2058/1/3766 2059/1/3767 2060/1/3768
f 2060/1/3768 2061/1/3769 2058/1/3766
f 2062/1/3770 2063/1/3771 2059/1/3767
f 2059/1/3767 2058/1/3766 2062/1/3770
s 804
f 2059/1/3772 2064/1/3773 2065/1/3774
f 2065/1/3774 2060/1/3775 2059/1/3772
f 2059/1/3772 2063/1/3776 2066/1/3777
f 2066/1/3777 2064/1/3773 2059/1/3772
s 1295
f 2067/1/3396 2068/1/3396 2069/1/3396
f 2069/1/3396 2061/1/3396 2067/1/3396
s 1296
f 2058/1/3394 2061/1/3394 2069/1/3394
f 2069/1/3394 2070/1/3394 2058/1/3394
s 1297
f 2058/1/3392 2070/1/3778 2071/1/3779
f 2071/1/3779 2062/1/3392 2058/1/3392
s 1298
f 2047/1/3389 2062/1/3389 2071/1/3389
f 2071/1/3389 2048/1/3389 2047/1/3389
s 803
f 2062/1/3770 2047/1/3765 2057/1/3764
f 2057/1/3764 2063/1/3771 2062/1/3770
s 804
f 2056/1/3762 2066/1/3777 2063/1/3776
f 2063/1/3776 2057/1/3763 2056/1/3762
s 1299
f 2066/1/3780 2056/1/3388 2055/1/3780
f 2055/1/3780 2072/1/3780 2066/1/3780
s 1300
f 2072/1/3781 2073/1/3781 2064/1/3782
f 2064/1/3782 2066/1/3383 2072/1/3781
s 1301
f 2073/1/3381 2074/1/3380 2065/1/3381
f 2065/1/3381 2064/1/3381 2073/1/3381
s 1302
f 2074/1/3378 2075/1/3783 2076/1/3378
f 2076/1/3378 2065/1/3378 2074/1/3378
s 804
f 2060/1/3775 2065/1/3774 2076/1/3784
f 2076/1/3784 2077/1/3785 2060/1/3775
s 803
f 2060/1/3768 2077/1/3786 2067/1/3787
f 2067/1/3787 2061/1/3769 2060/1/3768
f 2078/1/3788 2079/1/3789 2080/1/3790
f 2080/1/3790 2081/1/3791 2078/1/3788
f 2082/1/3792 2083/1/3793 2079/1/3789
f 2079/1/3789 2078/1/3788 2082/1/3792
s 804
f 2079/1/3794 2084/1/3795 2085/1/3796
f 2085/1/3796 2080/1/3797 2079/1/3794
f 2079/1/3794 2083/1/3798 2086/1/3799
f 2086/1/3799 2084/1/3795 2079/1/3794
s 1303
f 2087/1/3428 2088/1/3800 2089/1/3428
f 2089/1/3428 2081/1/3801 2087/1/3428
s 1304
f 2078/1/3426 2081/1/3426 2089/1/3426
f 2089/1/3426 2090/1/3426 2078/1/3426
s 1305
f 2078/1/3802 2090/1/3802 2091/1/3802
f 2091/1/3802 2082/1/3802 2078/1/3802
s 1306
f 2067/1/3803 2082/1/3804 2091/1/3804
f 2091/1/3804 2068/1/3804 2067/1/3803
s 803
f 2082/1/3792 2067/1/3787 2077/1/3786
f 2077/1/3786 2083/1/3793 2082/1/3792
s 804
f 2076/1/3784 2086/1/3799 2083/1/3798
f 2083/1/3798 2077/1/3785 2076/1/3784
s 1307
f 2086/1/3419 2076/1/3805 2075/1/3805
f 2075/1/3805 2092/1/3420 2086/1/3419
s 1308
f 2092/1/3418 2093/1/3418 2084/1/3418
f 2084/1/3418 2086/1/3418 2092/1/3418
s 1309
f 2093/1/3416 2094/1/3416 2085/1/3416
f 2085/1/3416 2084/1/3416 2093/1/3416
s 1310
f 2094/1/3415 2095/1/3415 2096/1/3415
f 2096/1/3415 2085/1/3415 2094/1/3415
s 804
f 2080/1/3797 2085/1/3796 2096/1/3806
f 2096/1/3806 2097/1/3807 2080/1/3797
s 803
f 2080/1/3790 2097/1/3808 2087/1/3809
f 2087/1/3809 2081/1/3791 2080/1/3790
f 2098/1/3810 2099/1/3811 2100/1/3812
f 2100/1/3812 2101/1/3813 2098/1/3810
f 2102/1/3814 2103/1/3815 2099/1/3811
f 2099/1/3811 2098/1/3810 2102/1/3814
s 804
f 2099/1/3816 2104/1/3817 2105/1/3818
f 2105/1/3818 2100/1/3819 2099/1/3816
f 2099/1/3816 2103/1/3820 2106/1/3821
f 2106/1/3821 2104/1/3817 2099/1/3816
s 1311
f 848/1/3458 847/1/3459 2107/1/3458
f 2107/1/3458 2101/1/3459 848/1/3458
s 1312
f 2098/1/3457 2101/1/3457 2107/1/3457
f 2107/1/3457 2108/1/3457 2098/1/3457
s 1313
f 2098/1/3455 2108/1/3455 2109/1/3455
f 2109/1/3455 2102/1/3454 2098/1/3455
s 1314
f 2087/1/3453 2102/1/3453 2109/1/3453
f 2109/1/3453 2088/1/3822 2087/1/3453
s 803
f 2102/1/3814 2087/1/3809 2097/1/3808
f 2097/1/3808 2103/1/3815 2102/1/3814
s 804
f 2096/1/3806 2106/1/3821 2103/1/3820
f 2103/1/3820 2097/1/3807 2096/1/3806
s 1315
f 2106/1/3823 2096/1/3450 2095/1/3823
f 2095/1/3823 2110/1/3824 2106/1/3823
s 1316
f 2110/1/3825 2111/1/3449 2104/1/3826
f 2104/1/3826 2106/1/3827 2110/1/3825
s 1317
f 2111/1/3447 2112/1/3447 2105/1/3447
f 2105/1/3447 2104/1/3447 2111/1/3447
s 1318
f 850/1/3828 2105/1/3446 2112/1/3829
f 2112/1/3829 852/1/3446 850/1/3828
s 804
f 2105/1/3818 850/1/2115 849/1/2114
f 849/1/2114 2100/1/3819 2105/1/3818
s 803
f 2100/1/3812 849/1/2112 848/1/2113
f 848/1/2113 2101/1/3813 2100/1/3812
s 1319
f 2113/1/3830 2114/1/3831 2115/1/3830
f 2115/1/3830 2116/1/3832 2113/1/3830
s 1320
f 2117/1/3833 2118/1/3834 2114/1/3835
f 2114/1/3835 2113/1/3833 2117/1/3833
s 1321
f 2114/1/3836 2119/1/3836 2120/1/3836
f 2120/1/3836 2115/1/3836 2114/1/3836
s 1322
f 2121/1/3837 2119/1/3838 2114/1/3839
f 2114/1/3839 2118/1/3837 2121/1/3837
s 1323
f 2122/1/3840 1358/1/3840 1380/1/3841
f 1380/1/3841 2116/1/3840 2122/1/3840
s 1324
f 2116/1/3842 1380/1/3842 1379/1/3842
f 1379/1/3842 2113/1/3842 2116/1/3842
s 1325
f 2117/1/3843 2113/1/3843 1379/1/3843
f 1379/1/3843 1377/1/3843 2117/1/3843
s 1326
f 2117/1/3844 1377/1/3844 1378/1/3844
f 1378/1/3844 2123/1/3844 2117/1/3844
s 1327
f 2117/1/3845 2123/1/3845 2124/1/3845
f 2124/1/3845 2118/1/3845 2117/1/3845
s 1328
f 2125/1/3846 2121/1/3847 2118/1/3848
f 2118/1/3848 2124/1/3849 2125/1/3846
s 1329
f 2121/1/3850 2125/1/3850 1995/1/3850
f 1995/1/3850 1994/1/3850 2121/1/3850
s 1330
f 2121/1/3851 1994/1/3851 1993/1/3851
f 1993/1/3851 2119/1/3851 2121/1/3851
s 1331
f 1993/1/3852 1992/1/3852 2120/1/3852
f 2120/1/3852 2119/1/3852 1993/1/3852
s 1332
f 1992/1/3853 1975/1/3853 2126/1/3853
f 2126/1/3853 2120/1/3853 1992/1/3853
s 1333
f 2115/1/3854 2120/1/3854 2126/1/3854
f 2126/1/3854 2127/1/3854 2115/1/3854
s 1334
f 2115/1/3855 2127/1/3855 2122/1/3855
f 2122/1/3855 2116/1/3855 2115/1/3855
s 1335
f 2128/1/3856 2129/1/3856 2130/1/3856
f 2130/1/3856 2131/1/3856 2128/1/3856
s 1336
f 2132/1/3857 2133/1/3858 2129/1/3857
f 2129/1/3857 2128/1/3857 2132/1/3857
s 1337
f 2129/1/3859 2134/1/3860 2135/1/3859
f 2135/1/3859 2130/1/3859 2129/1/3859
s 1338
f 2133/1/3861 2136/1/3862 2134/1/3863
f 2134/1/3863 2129/1/3863 2133/1/3861
s 1339
f 881/1/3864 1492/1/3864 2131/1/3864
f 2131/1/3864 2137/1/3864 881/1/3864
s 1340
f 1497/1/3865 2128/1/3865 2131/1/3866
f 2131/1/3866 1492/1/3865 1497/1/3865
s 1341
f 1497/1/3867 1496/1/3868 2132/1/3867
f 2132/1/3867 2128/1/3867 1497/1/3867
s 1342
f 1496/1/3869 1473/1/3870 2138/1/3871
f 2138/1/3871 2132/1/3872 1496/1/3869
s 1343
f 2132/1/3873 2138/1/3874 2139/1/3873
f 2139/1/3873 2133/1/3873 2132/1/3873
s 1344
f 2140/1/3875 2136/1/3875 2133/1/3875
f 2133/1/3875 2139/1/3875 2140/1/3875
s 1345
f 2136/1/3876 2140/1/3876 2088/1/3877
f 2088/1/3877 2109/1/3876 2136/1/3876
s 1346
f 2136/1/3878 2109/1/3878 2108/1/3878
f 2108/1/3878 2134/1/3878 2136/1/3878
s 1347
f 2134/1/3879 2108/1/3880 2107/1/3880
f 2107/1/3880 2135/1/3880 2134/1/3879
s 1348
f 2107/1/3881 847/1/3882 2141/1/3883
f 2141/1/3883 2135/1/3884 2107/1/3881
s 1349
f 2135/1/3885 2141/1/3885 2142/1/3885
f 2142/1/3885 2130/1/3885 2135/1/3885
s 1350
f 2130/1/3886 2142/1/3887 2137/1/3886
f 2137/1/3886 2131/1/3886 2130/1/3886
s 1351
f 2143/1/3888 2144/1/3889 2145/1/3889
f 2145/1/3889 2146/1/3890 2143/1/3888
s 1352
f 2147/1/3891 2148/1/3891 2144/1/3891
f 2144/1/3891 2143/1/3891 2147/1/3891
s 1353
f 2144/1/3892 2149/1/3892 2150/1/3892
f 2150/1/3892 2145/1/3893 2144/1/3892
s 1354
f 2144/1/3894 2148/1/3894 2151/1/3894
f 2151/1/3894 2149/1/3894 2144/1/3894
s 1355
f 2146/1/3895 2152/1/3896 973/1/3896
f 973/1/3896 972/1/3895 2146/1/3895
s 1356
f 2146/1/3897 972/1/3897 982/1/3897
f 982/1/3897 2143/1/3897 2146/1/3897
s 1357
f 2147/1/3898 2143/1/3898 982/1/3898
f 982/1/3898 981/1/3898 2147/1/3898
s 1358
f 981/1/3899 953/1/3900 2153/1/3900
f 2153/1/3900 2147/1/3899 981/1/3899
s 1359
f 2147/1/3901 2153/1/3901 2154/1/3902
f 2154/1/3902 2148/1/3901 2147/1/3901
s 1360
f 2155/1/3903 2151/1/3904 2148/1/3905
f 2148/1/3905 2154/1/3906 2155/1/3903
s 1361
f 1568/1/3907 1591/1/3908 2151/1/3909
f 2151/1/3909 2155/1/3909 1568/1/3907
s 1362
f 2151/1/3910 1591/1/3910 1590/1/3910
f 1590/1/3910 2149/1/3910 2151/1/3910
s 1363
f 1590/1/3911 1589/1/3911 2150/1/3911
f 2150/1/3911 2149/1/3912 1590/1/3911
s 1364
f 1589/1/3913 1588/1/3913 2156/1/3913
f 2156/1/3913 2150/1/3913 1589/1/3913
s 1365
f 2157/1/3914 2145/1/3914 2150/1/3915
f 2150/1/3915 2156/1/3914 2157/1/3914
s 1366
f 2145/1/3916 2157/1/3916 2152/1/3917
f 2152/1/3917 2146/1/3916 2145/1/3916
s 1367
f 2158/1/3918 2159/1/3919 2160/1/3920
f 2160/1/3920 2161/1/3919 2158/1/3918
s 1368
f 2162/1/3921 2163/1/3921 2159/1/3922
f 2159/1/3922 2158/1/3921 2162/1/3921
s 1369
f 2159/1/3923 2164/1/3924 2165/1/3924
f 2165/1/3924 2160/1/3925 2159/1/3923
s 1370
f 2166/1/3926 2164/1/3926 2159/1/3926
f 2159/1/3926 2163/1/3926 2166/1/3926
s 1371
f 2161/1/3927 2123/1/3927 1378/1/3927
f 1378/1/3927 1400/1/3927 2161/1/3927
s 1372
f 2161/1/3928 1400/1/3929 1399/1/3930
f 1399/1/3930 2158/1/3928 2161/1/3928
s 1373
f 2162/1/3931 2158/1/3931 1399/1/3932
f 1399/1/3932 1397/1/3933 2162/1/3931
s 1374
f 2167/1/3934 2162/1/3934 1397/1/3934
f 1397/1/3934 1398/1/3934 2167/1/3934
s 1375
f 2167/1/3935 2168/1/3935 2163/1/3935
f 2163/1/3935 2162/1/3935 2167/1/3935
s 1376
f 2169/1/3936 2166/1/3936 2163/1/3936
f 2163/1/3936 2168/1/3936 2169/1/3936
s 1377
f 2166/1/3937 2169/1/3938 2015/1/3938
f 2015/1/3938 2014/1/3937 2166/1/3937
s 1378
f 2166/1/3939 2014/1/3939 2013/1/3939
f 2013/1/3939 2164/1/3939 2166/1/3939
s 1379
f 2013/1/3940 2012/1/3940 2165/1/3940
f 2165/1/3940 2164/1/3940 2013/1/3940
s 1380
f 1995/1/3941 2125/1/3941 2165/1/3941
f 2165/1/3941 2012/1/3942 1995/1/3941
s 1381
f 2160/1/3943 2165/1/3943 2125/1/3943
f 2125/1/3943 2124/1/3943 2160/1/3943
s 1382
f 2161/1/3944 2160/1/3945 2124/1/3944
f 2124/1/3944 2123/1/3944 2161/1/3944
s 1383
f 2170/1/3946 2171/1/3946 2172/1/3946
f 2172/1/3946 2173/1/3946 2170/1/3946
s 1384
f 2174/1/3947 2175/1/3947 2171/1/3948
f 2171/1/3948 2170/1/3947 2174/1/3947
s 1385
f 2171/1/3949 2176/1/3949 2177/1/3949
f 2177/1/3949 2172/1/3949 2171/1/3949
s 1386
f 2175/1/3950 2178/1/3950 2176/1/3951
f 2176/1/3951 2171/1/3950 2175/1/3950
s 1387
f 2179/1/3952 877/1/3952 875/1/3952
f 875/1/3952 2173/1/3952 2179/1/3952
s 1388
f 874/1/3953 2170/1/3953 2173/1/3953
f 2173/1/3953 875/1/3953 874/1/3953
s 1389
f 873/1/3954 2174/1/3955 2170/1/3955
f 2170/1/3955 874/1/3956 873/1/3954
s 1390
f 2180/1/3957 2174/1/3957 873/1/3957
f 873/1/3957 872/1/3957 2180/1/3957
s 1391
f 2180/1/3958 2181/1/3958 2175/1/3958
f 2175/1/3958 2174/1/3958 2180/1/3958
s 1392
f 2182/1/3959 2178/1/3960 2175/1/3960
f 2175/1/3960 2181/1/3961 2182/1/3959
s 1393
f 2182/1/3962 855/1/3963 854/1/3964
f 854/1/3964 2178/1/3965 2182/1/3962
s 1394
f 2176/1/3966 2178/1/3967 854/1/3968
f 854/1/3968 853/1/3969 2176/1/3966
s 1395
f 2177/1/3970 2176/1/3970 853/1/3970
f 853/1/3970 851/1/3970 2177/1/3970
s 1396
f 851/1/3971 852/1/3971 2183/1/3971
f 2183/1/3971 2177/1/3971 851/1/3971
s 1397
f 2172/1/3972 2177/1/3972 2183/1/3973
f 2183/1/3973 2184/1/3972 2172/1/3972
s 1398
f 2184/1/3974 2179/1/3975 2173/1/3975
f 2173/1/3975 2172/1/3976 2184/1/3974
s 1399
f 2185/1/3977 2186/1/3978 2187/1/3977
f 2187/1/3977 2188/1/3979 2185/1/3977
s 1400
f 2189/1/3980 2190/1/3981 2186/1/3980
f 2186/1/3980 2185/1/3980 2189/1/3980
s 1401
f 2186/1/3982 2191/1/3982 2192/1/3982
f 2192/1/3982 2187/1/3982 2186/1/3982
s 1402
f 2190/1/3983 2193/1/3983 2191/1/3983
f 2191/1/3983 2186/1/3983 2190/1/3983
s 1403
f 2194/1/3984 993/1/3984 992/1/3984
f 992/1/3984 2188/1/3985 2194/1/3984
s 1404
f 1002/1/3986 2185/1/3986 2188/1/3986
f 2188/1/3986 992/1/3986 1002/1/3986
s 1405
f 1002/1/3987 1001/1/3987 2189/1/3987
f 2189/1/3987 2185/1/3987 1002/1/3987
s 1406
f 2152/1/3988 2189/1/3988 1001/1/3988
f 1001/1/3988 973/1/3988 2152/1/3988
s 1407
f 2190/1/3989 2189/1/3989 2152/1/3989
f 2152/1/3989 2157/1/3989 2190/1/3989
s 1408
f 2190/1/3990 2157/1/3990 2156/1/3990
f 2156/1/3990 2193/1/3990 2190/1/3990
s 1409
f 1588/1/3991 1611/1/3991 2193/1/3991
f 2193/1/3991 2156/1/3991 1588/1/3991
s 1410
f 2193/1/3992 1611/1/3992 1610/1/3992
f 1610/1/3992 2191/1/3992 2193/1/3992
s 1411
f 2191/1/3993 1610/1/3994 1609/1/3995
f 1609/1/3995 2192/1/3996 2191/1/3993
s 1412
f 1608/1/3997 2195/1/3997 2192/1/3997
f 2192/1/3997 1609/1/3998 1608/1/3997
s 1413
f 2196/1/3999 2187/1/4000 2192/1/3999
f 2192/1/3999 2195/1/3999 2196/1/3999
s 1414
f 2196/1/4001 2194/1/4001 2188/1/4002
f 2188/1/4002 2187/1/4002 2196/1/4001
s 1415
f 2197/1/4003 2198/1/4004 2199/1/4004
f 2199/1/4004 2200/1/4003 2197/1/4003
s 1416
f 2201/1/4005 2202/1/4006 2198/1/4006
f 2198/1/4006 2197/1/4006 2201/1/4005
s 1417
f 2198/1/4007 2203/1/4008 2204/1/4009
f 2204/1/4009 2199/1/4007 2198/1/4007
s 1418
f 2205/1/4010 2203/1/4011 2198/1/4011
f 2198/1/4011 2202/1/4010 2205/1/4010
s 1419
f 2167/1/4012 1398/1/4013 1420/1/4013
f 1420/1/4013 2200/1/4013 2167/1/4012
s 1420
f 2200/1/4014 1420/1/4014 1419/1/4014
f 1419/1/4014 2197/1/4014 2200/1/4014
s 1421
f 2201/1/4015 2197/1/4015 1419/1/4015
f 1419/1/4015 1417/1/4015 2201/1/4015
s 1422
f 2206/1/4016 2201/1/4016 1417/1/4016
f 1417/1/4016 1418/1/4016 2206/1/4016
s 1423
f 2206/1/4017 2207/1/4018 2202/1/4019
f 2202/1/4019 2201/1/4019 2206/1/4017
s 1424
f 2207/1/4020 2208/1/4021 2205/1/4020
f 2205/1/4020 2202/1/4020 2207/1/4020
s 1425
f 2205/1/4022 2208/1/4023 2035/1/4023
f 2035/1/4023 2034/1/4023 2205/1/4022
s 1426
f 2205/1/4024 2034/1/4025 2033/1/4026
f 2033/1/4026 2203/1/4025 2205/1/4024
s 1427
f 2033/1/4027 2032/1/4027 2204/1/4028
f 2204/1/4028 2203/1/4027 2033/1/4027
s 1428
f 2032/1/4029 2015/1/4030 2169/1/4029
f 2169/1/4029 2204/1/4031 2032/1/4029
s 1429
f 2169/1/4032 2168/1/4032 2199/1/4033
f 2199/1/4033 2204/1/4033 2169/1/4032
s 1430
f 2167/1/4034 2200/1/4034 2199/1/4034
f 2199/1/4034 2168/1/4034 2167/1/4034
s 1431
f 2209/1/4035 2210/1/4036 2211/1/4036
f 2211/1/4036 2212/1/4036 2209/1/4035
s 1432
f 2213/1/4037 2214/1/4038 2210/1/4038
f 2210/1/4038 2209/1/4038 2213/1/4037
s 1433
f 2210/1/4039 2215/1/4039 2216/1/4039
f 2216/1/4039 2211/1/4039 2210/1/4039
s 1434
f 2214/1/4040 2217/1/4041 2215/1/4042
f 2215/1/4042 2210/1/4043 2214/1/4040
s 1435
f 2180/1/4044 872/1/4044 900/1/4044
f 900/1/4044 2212/1/4044 2180/1/4044
s 1436
f 899/1/4045 2209/1/4045 2212/1/4045
f 2212/1/4045 900/1/4045 899/1/4045
s 1437
f 898/1/4046 2213/1/4047 2209/1/4047
f 2209/1/4047 899/1/4046 898/1/4046
s 1438
f 898/1/4048 897/1/4048 2218/1/4049
f 2218/1/4049 2213/1/4050 898/1/4048
s 1439
f 2218/1/4051 2219/1/4051 2214/1/4051
f 2214/1/4051 2213/1/4051 2218/1/4051
s 1440
f 2220/1/4052 2217/1/4052 2214/1/4052
f 2214/1/4052 2219/1/4052 2220/1/4052
s 1441
f 2217/1/4053 2220/1/4054 1515/1/4054
f 1515/1/4054 1514/1/4054 2217/1/4053
s 1442
f 2215/1/4055 2217/1/4055 1514/1/4055
f 1514/1/4055 1513/1/4056 2215/1/4055
s 1443
f 2216/1/4057 2215/1/4057 1513/1/4057
f 1513/1/4057 1512/1/4057 2216/1/4057
s 1444
f 1512/1/4058 855/1/4058 2182/1/4058
f 2182/1/4058 2216/1/4058 1512/1/4058
s 1445
f 2181/1/4059 2211/1/4059 2216/1/4059
f 2216/1/4059 2182/1/4059 2181/1/4059
s 1446
f 2212/1/4060 2211/1/4060 2181/1/4060
f 2181/1/4060 2180/1/4060 2212/1/4060
s 1447
f 2221/1/4061 2222/1/4061 2223/1/4061
f 2223/1/4061 2224/1/4061 2221/1/4061
s 1448
f 2225/1/4062 2226/1/4063 2222/1/4062
f 2222/1/4062 2221/1/4062 2225/1/4062
s 1449
f 2222/1/4064 2227/1/4065 2228/1/4065
f 2228/1/4065 2223/1/4065 2222/1/4064
s 1450
f 2226/1/4066 2229/1/4066 2227/1/4066
f 2227/1/4066 2222/1/4066 2226/1/4066
s 1451
f 2224/1/4067 2230/1/4067 1013/1/4067
f 1013/1/4067 1012/1/4068 2224/1/4067
s 1452
f 1022/1/4069 2221/1/4069 2224/1/4069
f 2224/1/4069 1012/1/4070 1022/1/4069
s 1453
f 1022/1/4071 1021/1/4072 2225/1/4072
f 2225/1/4072 2221/1/4072 1022/1/4071
s 1454
f 993/1/4073 2194/1/4074 2225/1/4073
f 2225/1/4073 1021/1/4075 993/1/4073
s 1455
f 2194/1/4076 2196/1/4076 2226/1/4076
f 2226/1/4076 2225/1/4076 2194/1/4076
s 1456
f 2229/1/4077 2226/1/4078 2196/1/4077
f 2196/1/4077 2195/1/4077 2229/1/4077
s 1457
f 2229/1/4079 2195/1/4079 1608/1/4079
f 1608/1/4079 1631/1/4080 2229/1/4079
s 1458
f 2229/1/4081 1631/1/4081 1630/1/4081
f 1630/1/4081 2227/1/4082 2229/1/4081
s 1459
f 2227/1/4083 1630/1/4084 1629/1/4083
f 1629/1/4083 2228/1/4083 2227/1/4083
s 1460
f 1629/1/4085 1628/1/4086 2231/1/4086
f 2231/1/4086 2228/1/4085 1629/1/4085
s 1461
f 2223/1/4087 2228/1/4087 2231/1/4087
f 2231/1/4087 2232/1/4088 2223/1/4087
s 1462
f 2232/1/4089 2230/1/4089 2224/1/4090
f 2224/1/4090 2223/1/4089 2232/1/4089
s 1463
f 2233/1/4091 2234/1/4091 2235/1/4091
f 2235/1/4091 2236/1/4091 2233/1/4091
s 1464
f 2237/1/4092 2238/1/4092 2234/1/4092
f 2234/1/4092 2233/1/4092 2237/1/4092
s 1465
f 2234/1/4093 2239/1/4093 2240/1/4093
f 2240/1/4093 2235/1/4093 2234/1/4093
s 1466
f 2241/1/4094 2239/1/4094 2234/1/4094
f 2234/1/4094 2238/1/4094 2241/1/4094
s 1467
f 2206/1/4095 1418/1/4096 1440/1/4095
f 1440/1/4095 2236/1/4097 2206/1/4095
s 1468
f 2236/1/4098 1440/1/4098 1439/1/4099
f 1439/1/4099 2233/1/4100 2236/1/4098
s 1469
f 2237/1/4101 2233/1/4102 1439/1/4103
f 1439/1/4103 1437/1/4101 2237/1/4101
s 1470
f 2242/1/4104 2237/1/4105 1437/1/4105
f 1437/1/4105 1438/1/4105 2242/1/4104
s 1471
f 2242/1/4106 2243/1/4107 2238/1/4106
f 2238/1/4106 2237/1/4106 2242/1/4106
s 1472
f 2241/1/4108 2238/1/4109 2243/1/4110
f 2243/1/4110 2244/1/4111 2241/1/4108
s 1473
f 2241/1/4112 2244/1/4113 2055/1/4112
f 2055/1/4112 2054/1/4112 2241/1/4112
s 1474
f 2241/1/4114 2054/1/4114 2053/1/4114
f 2053/1/4114 2239/1/4114 2241/1/4114
s 1475
f 2053/1/4115 2052/1/4115 2240/1/4116
f 2240/1/4116 2239/1/4115 2053/1/4115
s 1476
f 2035/1/4117 2208/1/4117 2240/1/4117
f 2240/1/4117 2052/1/4117 2035/1/4117
s 1477
f 2207/1/4118 2235/1/4118 2240/1/4118
f 2240/1/4118 2208/1/4118 2207/1/4118
s 1478
f 2236/1/4119 2235/1/4119 2207/1/4119
f 2207/1/4119 2206/1/4119 2236/1/4119
s 1479
f 2245/1/4120 2246/1/4120 2247/1/4120
f 2247/1/4120 2248/1/4120 2245/1/4120
s 1480
f 2249/1/4121 2250/1/4121 2246/1/4121
f 2246/1/4121 2245/1/4121 2249/1/4121
s 1481
f 2246/1/4122 2251/1/4122 2252/1/4122
f 2252/1/4122 2247/1/4122 2246/1/4122
s 1482
f 2250/1/4123 2253/1/4124 2251/1/4124
f 2251/1/4124 2246/1/4124 2250/1/4123
s 1483
f 2218/1/4125 897/1/4125 920/1/4126
f 920/1/4126 2248/1/4125 2218/1/4125
s 1484
f 2248/1/4127 920/1/4127 919/1/4127
f 919/1/4127 2245/1/4127 2248/1/4127
s 1485
f 918/1/4128 2249/1/4129 2245/1/4128
f 2245/1/4128 919/1/4128 918/1/4128
s 1486
f 918/1/4130 917/1/4131 2254/1/4131
f 2254/1/4131 2249/1/4131 918/1/4130
s 1487
f 2254/1/4132 2255/1/4132 2250/1/4132
f 2250/1/4132 2249/1/4132 2254/1/4132
s 1488
f 2253/1/4133 2250/1/4133 2255/1/4133
f 2255/1/4133 2256/1/4133 2253/1/4133
s 1489
f 2253/1/4134 2256/1/4135 1535/1/4135
f 1535/1/4135 1534/1/4136 2253/1/4134
s 1490
f 2251/1/4137 2253/1/4137 1534/1/4137
f 1534/1/4137 1533/1/4137 2251/1/4137
s 1491
f 1533/1/4138 1532/1/4138 2252/1/4139
f 2252/1/4139 2251/1/4138 1533/1/4138
s 1492
f 1532/1/4140 1515/1/4140 2220/1/4140
f 2220/1/4140 2252/1/4140 1532/1/4140
s 1493
f 2219/1/4141 2247/1/4142 2252/1/4142
f 2252/1/4142 2220/1/4142 2219/1/4141
s 1494
f 2247/1/4143 2219/1/4143 2218/1/4143
f 2218/1/4143 2248/1/4144 2247/1/4143
s 1495
f 2257/1/4145 2258/1/4145 2259/1/4145
f 2259/1/4145 2260/1/4146 2257/1/4145
s 1496
f 2261/1/4147 2262/1/4147 2258/1/4147
f 2258/1/4147 2257/1/4147 2261/1/4147
s 1497
f 2258/1/4148 2263/1/4148 2264/1/4148
f 2264/1/4148 2259/1/4148 2258/1/4148
s 1498
f 2262/1/4149 2265/1/4149 2263/1/4150
f 2263/1/4150 2258/1/4150 2262/1/4149
s 1499
f 1033/1/4151 1032/1/4151 2260/1/4152
f 2260/1/4152 2266/1/4152 1033/1/4151
s 1500
f 1042/1/4153 2257/1/4153 2260/1/4153
f 2260/1/4153 1032/1/4153 1042/1/4153
s 1501
f 1042/1/4154 1041/1/4155 2261/1/4154
f 2261/1/4154 2257/1/4154 1042/1/4154
s 1502
f 2261/1/4156 1041/1/4156 1013/1/4156
f 1013/1/4156 2230/1/4156 2261/1/4156
s 1503
f 2262/1/4157 2261/1/4157 2230/1/4157
f 2230/1/4157 2232/1/4157 2262/1/4157
s 1504
f 2231/1/4158 2265/1/4158 2262/1/4158
f 2262/1/4158 2232/1/4158 2231/1/4158
s 1505
f 1651/1/4159 2265/1/4159 2231/1/4159
f 2231/1/4159 1628/1/4159 1651/1/4159
s 1506
f 2265/1/4160 1651/1/4161 1650/1/4161
f 1650/1/4161 2263/1/4160 2265/1/4160
s 1507
f 2263/1/4162 1650/1/4162 1649/1/4162
f 1649/1/4162 2264/1/4162 2263/1/4162
s 1508
f 1649/1/4163 1648/1/4163 2267/1/4163
f 2267/1/4163 2264/1/4163 1649/1/4163
s 1509
f 2259/1/4164 2264/1/4165 2267/1/4166
f 2267/1/4166 2268/1/4167 2259/1/4164
s 1510
f 2268/1/4168 2266/1/4168 2260/1/4168
f 2260/1/4168 2259/1/4168 2268/1/4168
s 1511
f 2269/1/4169 2270/1/4170 2271/1/4171
f 2271/1/4171 2272/1/4172 2269/1/4169
s 1512
f 2273/1/4173 2274/1/4173 2270/1/4173
f 2270/1/4173 2269/1/4173 2273/1/4173
s 1513
f 2270/1/4174 2275/1/4175 2276/1/4174
f 2276/1/4174 2271/1/4176 2270/1/4174
s 1514
f 2277/1/4177 2275/1/4177 2270/1/4177
f 2270/1/4177 2274/1/4177 2277/1/4177
s 1515
f 2242/1/4178 1438/1/4179 1460/1/4179
f 1460/1/4179 2272/1/4179 2242/1/4178
s 1516
f 2272/1/4180 1460/1/4180 1459/1/4180
f 1459/1/4180 2269/1/4180 2272/1/4180
s 1517
f 2273/1/4181 2269/1/4181 1459/1/4181
f 1459/1/4181 1457/1/4182 2273/1/4181
s 1518
f 2278/1/4183 2273/1/4183 1457/1/4183
f 1457/1/4183 1458/1/4184 2278/1/4183
s 1519
f 2278/1/4185 2279/1/4185 2274/1/4185
f 2274/1/4185 2273/1/4185 2278/1/4185
s 1520
f 2277/1/4186 2274/1/4186 2279/1/4187
f 2279/1/4187 2280/1/4186 2277/1/4186
s 1521
f 2277/1/4188 2280/1/4189 2075/1/4188
f 2075/1/4188 2074/1/4190 2277/1/4188
s 1522
f 2277/1/4191 2074/1/4191 2073/1/4191
f 2073/1/4191 2275/1/4191 2277/1/4191
s 1523
f 2073/1/4192 2072/1/4192 2276/1/4192
f 2276/1/4192 2275/1/4192 2073/1/4192
s 1524
f 2072/1/4193 2055/1/4193 2244/1/4194
f 2244/1/4194 2276/1/4195 2072/1/4193
s 1525
f 2271/1/4196 2276/1/4196 2244/1/4196
f 2244/1/4196 2243/1/4196 2271/1/4196
s 1526
f 2272/1/4197 2271/1/4198 2243/1/4199
f 2243/1/4199 2242/1/4198 2272/1/4197
s 1527
f 2281/1/4200 2282/1/4200 2283/1/4200
f 2283/1/4200 2284/1/4200 2281/1/4200
s 1528
f 2285/1/4201 2286/1/4201 2282/1/4201
f 2282/1/4201 2281/1/4201 2285/1/4201
s 1529
f 2282/1/4202 2287/1/4202 2288/1/4202
f 2288/1/4202 2283/1/4202 2282/1/4202
s 1530
f 2286/1/4203 2289/1/4203 2287/1/4203
f 2287/1/4203 2282/1/4203 2286/1/4203
s 1531
f 2284/1/4204 2254/1/4205 917/1/4204
f 917/1/4204 940/1/4204 2284/1/4204
s 1532
f 939/1/4206 2281/1/4207 2284/1/4207
f 2284/1/4207 940/1/4207 939/1/4206
s 1533
f 937/1/4208 2285/1/4209 2281/1/4209
f 2281/1/4209 939/1/4209 937/1/4208
s 1534
f 2290/1/4210 2285/1/4210 937/1/4210
f 937/1/4210 938/1/4210 2290/1/4210
s 1535
f 2290/1/4211 2291/1/4212 2286/1/4212
f 2286/1/4212 2285/1/4212 2290/1/4211
s 1536
f 2289/1/4213 2286/1/4213 2291/1/4213
f 2291/1/4213 2292/1/4213 2289/1/4213
s 1537
f 2289/1/4214 2292/1/4214 1555/1/4215
f 1555/1/4215 1554/1/4214 2289/1/4214
s 1538
f 2287/1/4216 2289/1/4217 1554/1/4216
f 1554/1/4216 1553/1/4216 2287/1/4216
s 1539
f 2288/1/4218 2287/1/4218 1553/1/4219
f 1553/1/4219 1552/1/4218 2288/1/4218
s 1540
f 1552/1/4220 1535/1/4220 2256/1/4221
f 2256/1/4221 2288/1/4222 1552/1/4220
s 1541
f 2255/1/4223 2283/1/4224 2288/1/4225
f 2288/1/4225 2256/1/4226 2255/1/4223
s 1542
f 2284/1/4227 2283/1/4228 2255/1/4228
f 2255/1/4228 2254/1/4227 2284/1/4227
s 1543
f 2293/1/3833 2294/1/3834 2295/1/3834
f 2295/1/3834 2296/1/4229 2293/1/3833
s 1544
f 2297/1/3832 2298/1/3832 2294/1/3832
f 2294/1/3832 2293/1/3832 2297/1/3832
s 1545
f 2294/1/3837 2299/1/3838 2300/1/3837
f 2300/1/3837 2295/1/3837 2294/1/3837
s 1546
f 2298/1/4230 2301/1/3836 2299/1/3836
f 2299/1/3836 2294/1/3836 2298/1/4230
s 1547
f 2296/1/3844 2302/1/3844 1053/1/3844
f 1053/1/3844 1052/1/3844 2296/1/3844
s 1548
f 1062/1/3843 2293/1/3843 2296/1/3843
f 2296/1/3843 1052/1/3843 1062/1/3843
s 1549
f 1062/1/3842 1061/1/3842 2297/1/3842
f 2297/1/3842 2293/1/3842 1062/1/3842
s 1550
f 2266/1/3840 2297/1/4231 1061/1/4231
f 1061/1/4231 1033/1/3840 2266/1/3840
s 1551
f 2298/1/3855 2297/1/4232 2266/1/3855
f 2266/1/3855 2268/1/3855 2298/1/3855
s 1552
f 2267/1/3854 2301/1/3854 2298/1/3854
f 2298/1/3854 2268/1/3854 2267/1/3854
s 1553
f 1671/1/3853 2301/1/3853 2267/1/3853
f 2267/1/3853 1648/1/3853 1671/1/3853
s 1554
f 2301/1/4233 1671/1/4234 1670/1/4235
f 1670/1/4235 2299/1/4236 2301/1/4233
s 1555
f 2299/1/3851 1670/1/4237 1669/1/3851
f 1669/1/3851 2300/1/3851 2299/1/3851
s 1556
f 1669/1/3850 1668/1/3850 2303/1/3850
f 2303/1/3850 2300/1/3850 1669/1/3850
s 1557
f 2295/1/3847 2300/1/3847 2303/1/3847
f 2303/1/3847 2304/1/3847 2295/1/3847
s 1558
f 2304/1/3845 2302/1/3845 2296/1/3845
f 2296/1/3845 2295/1/3845 2304/1/3845
s 1559
f 2305/1/4238 2306/1/4239 2307/1/4239
f 2307/1/4239 2308/1/4240 2305/1/4238
s 1560
f 2309/1/4241 2310/1/4241 2306/1/4242
f 2306/1/4242 2305/1/4241 2309/1/4241
s 1561
f 2306/1/4243 2311/1/4244 2312/1/4244
f 2312/1/4244 2307/1/4244 2306/1/4243
s 1562
f 2313/1/4245 2311/1/4245 2306/1/4245
f 2306/1/4245 2310/1/4245 2313/1/4245
s 1563
f 2278/1/4246 1458/1/4247 1480/1/4247
f 1480/1/4247 2308/1/4247 2278/1/4246
s 1564
f 2308/1/4248 1480/1/4249 1479/1/4249
f 1479/1/4249 2305/1/4249 2308/1/4248
s 1565
f 2309/1/4250 2305/1/4250 1479/1/4250
f 1479/1/4250 1477/1/4250 2309/1/4250
s 1566
f 2314/1/4251 2309/1/4251 1477/1/4251
f 1477/1/4251 1478/1/4251 2314/1/4251
s 1567
f 2314/1/4252 2315/1/4252 2310/1/4252
f 2310/1/4252 2309/1/4252 2314/1/4252
s 1568
f 2313/1/4253 2310/1/4253 2315/1/4253
f 2315/1/4253 2316/1/4253 2313/1/4253
s 1569
f 2313/1/4254 2316/1/4255 2095/1/4254
f 2095/1/4254 2094/1/4254 2313/1/4254
s 1570
f 2313/1/4256 2094/1/4256 2093/1/4256
f 2093/1/4256 2311/1/4256 2313/1/4256
s 1571
f 2093/1/4257 2092/1/4257 2312/1/4257
f 2312/1/4257 2311/1/4257 2093/1/4257
s 1572
f 2092/1/4258 2075/1/4259 2280/1/4260
f 2280/1/4260 2312/1/4261 2092/1/4258
s 1573
f 2307/1/4262 2312/1/4263 2280/1/4264
f 2280/1/4264 2279/1/4265 2307/1/4262
s 1574
f 2308/1/4266 2307/1/4267 2279/1/4268
f 2279/1/4268 2278/1/4268 2308/1/4266
s 1575
f 2317/1/4269 2318/1/4270 2319/1/4270
f 2319/1/4270 2320/1/4270 2317/1/4269
s 1576
f 2321/1/4271 2322/1/4271 2318/1/4271
f 2318/1/4271 2317/1/4271 2321/1/4271
s 1577
f 2318/1/4272 2323/1/4273 2324/1/4272
f 2324/1/4272 2319/1/4272 2318/1/4272
s 1578
f 2322/1/4274 2325/1/4274 2323/1/4274
f 2323/1/4274 2318/1/4274 2322/1/4274
s 1579
f 2290/1/4275 938/1/4275 960/1/4275
f 960/1/4275 2320/1/4275 2290/1/4275
s 1580
f 959/1/4276 2317/1/4276 2320/1/4276
f 2320/1/4276 960/1/4276 959/1/4276
s 1581
f 958/1/4277 2321/1/4277 2317/1/4278
f 2317/1/4278 959/1/4277 958/1/4277
s 1582
f 2326/1/4279 2321/1/4279 958/1/4279
f 958/1/4279 957/1/4279 2326/1/4279
s 1583
f 2326/1/4280 2327/1/4280 2322/1/4280
f 2322/1/4280 2321/1/4280 2326/1/4280
s 1584
f 2325/1/4281 2322/1/4282 2327/1/4282
f 2327/1/4282 2328/1/4282 2325/1/4281
s 1585
f 2325/1/4283 2328/1/4284 1575/1/4284
f 1575/1/4284 1574/1/4284 2325/1/4283
s 1586
f 2323/1/4285 2325/1/4285 1574/1/4285
f 1574/1/4285 1573/1/4285 2323/1/4285
s 1587
f 2324/1/4286 2323/1/4286 1573/1/4287
f 1573/1/4287 1572/1/4286 2324/1/4286
s 1588
f 1572/1/4288 1555/1/4288 2292/1/4288
f 2292/1/4288 2324/1/4288 1572/1/4288
s 1589
f 2291/1/4289 2319/1/4290 2324/1/4290
f 2324/1/4290 2292/1/4291 2291/1/4289
s 1590
f 2320/1/4292 2319/1/4293 2291/1/4294
f 2291/1/4294 2290/1/4293 2320/1/4292
s 1591
f 2329/1/4295 2330/1/4296 2331/1/4297
f 2331/1/4297 2332/1/4298 2329/1/4295
s 1592
f 2333/1/3920 2334/1/3920 2330/1/4299
f 2330/1/4299 2329/1/4300 2333/1/3920
s 1593
f 2330/1/3926 2335/1/3926 2336/1/4301
f 2336/1/4301 2331/1/4301 2330/1/3926
s 1594
f 2334/1/4302 2337/1/4302 2335/1/3925
f 2335/1/3925 2330/1/4302 2334/1/4302
s 1595
f 2332/1/3934 2338/1/3934 1073/1/3934
f 1073/1/3934 1072/1/3934 2332/1/3934
s 1596
f 1082/1/3931 2329/1/3931 2332/1/3931
f 2332/1/3931 1072/1/3931 1082/1/3931
s 1597
f 1082/1/3929 1081/1/3929 2333/1/3929
f 2333/1/3929 2329/1/3929 1082/1/3929
s 1598
f 2302/1/4303 2333/1/4304 1081/1/4304
f 1081/1/4304 1053/1/4304 2302/1/4303
s 1599
f 2334/1/3944 2333/1/3944 2302/1/3944
f 2302/1/3944 2304/1/3944 2334/1/3944
s 1600
f 2303/1/3943 2337/1/3943 2334/1/3943
f 2334/1/3943 2304/1/3943 2303/1/3943
s 1601
f 1691/1/4305 2337/1/4305 2303/1/4305
f 2303/1/4305 1668/1/4305 1691/1/4305
s 1602
f 2337/1/4306 1691/1/4306 1690/1/3940
f 1690/1/3940 2335/1/3940 2337/1/4306
s 1603
f 2335/1/3939 1690/1/3939 1689/1/3939
f 1689/1/3939 2336/1/3939 2335/1/3939
s 1604
f 1689/1/4307 1688/1/3937 2339/1/3937
f 2339/1/3937 2336/1/3937 1689/1/4307
s 1605
f 2331/1/3936 2336/1/4308 2339/1/3936
f 2339/1/3936 2340/1/4309 2331/1/3936
s 1606
f 2340/1/3935 2338/1/3935 2332/1/3935
f 2332/1/3935 2331/1/3935 2340/1/3935
s 1607
f 2341/1/4310 2342/1/4311 2343/1/4312
f 2343/1/4312 2344/1/4313 2341/1/4310
s 1608
f 2345/1/4314 2346/1/4314 2342/1/4315
f 2342/1/4315 2341/1/4314 2345/1/4314
s 1609
f 2342/1/4316 2347/1/4317 2348/1/4318
f 2348/1/4318 2343/1/4319 2342/1/4316
s 1610
f 2349/1/4320 2347/1/4320 2342/1/4320
f 2342/1/4320 2346/1/4320 2349/1/4320
s 1611
f 2314/1/4321 1478/1/4321 1495/1/4321
f 1495/1/4321 2344/1/4321 2314/1/4321
s 1612
f 2344/1/4322 1495/1/4322 1494/1/4322
f 1494/1/4322 2341/1/4323 2344/1/4322
s 1613
f 2345/1/4324 2341/1/4325 1494/1/4325
f 1494/1/4325 1493/1/4325 2345/1/4324
s 1614
f 2179/1/4326 2345/1/4327 1493/1/4327
f 1493/1/4327 877/1/4328 2179/1/4326
s 1615
f 2184/1/4329 2346/1/4330 2345/1/4330
f 2345/1/4330 2179/1/4330 2184/1/4329
s 1616
f 2183/1/4331 2349/1/4331 2346/1/4331
f 2346/1/4331 2184/1/4331 2183/1/4331
s 1617
f 2349/1/4332 2183/1/4332 852/1/4332
f 852/1/4332 2112/1/4333 2349/1/4332
s 1618
f 2349/1/4334 2112/1/4334 2111/1/4334
f 2111/1/4334 2347/1/4334 2349/1/4334
s 1619
f 2111/1/4335 2110/1/4335 2348/1/4335
f 2348/1/4335 2347/1/4335 2111/1/4335
s 1620
f 2110/1/4336 2095/1/4337 2316/1/4338
f 2316/1/4338 2348/1/4336 2110/1/4336
s 1621
f 2343/1/4339 2348/1/4339 2316/1/4340
f 2316/1/4340 2315/1/4339 2343/1/4339
s 1622
f 2344/1/4341 2343/1/4342 2315/1/4343
f 2315/1/4343 2314/1/4341 2344/1/4341
s 1623
f 2350/1/4344 2351/1/4345 2352/1/4344
f 2352/1/4344 2353/1/4346 2350/1/4344
s 1624
f 2354/1/4347 2355/1/4348 2351/1/4347
f 2351/1/4347 2350/1/4349 2354/1/4347
s 1625
f 2351/1/4350 2356/1/4350 2357/1/4350
f 2357/1/4350 2352/1/4350 2351/1/4350
s 1626
f 2355/1/4351 2358/1/4351 2356/1/4352
f 2356/1/4352 2351/1/4351 2355/1/4351
s 1627
f 2326/1/4353 957/1/4354 980/1/4354
f 980/1/4354 2353/1/4353 2326/1/4353
s 1628
f 979/1/4355 2350/1/4356 2353/1/4356
f 2353/1/4356 980/1/4356 979/1/4355
s 1629
f 978/1/4357 2354/1/4358 2350/1/4359
f 2350/1/4359 979/1/4357 978/1/4357
s 1630
f 978/1/4360 977/1/4360 2359/1/4360
f 2359/1/4360 2354/1/4360 978/1/4360
s 1631
f 2359/1/4361 2360/1/4361 2355/1/4361
f 2355/1/4361 2354/1/4361 2359/1/4361
s 1632
f 2355/1/4362 2360/1/4362 2361/1/4362
f 2361/1/4362 2358/1/4362 2355/1/4362
s 1633
f 1595/1/4363 1594/1/4364 2358/1/4363
f 2358/1/4363 2361/1/4363 1595/1/4363
s 1634
f 2356/1/4365 2358/1/4365 1594/1/4365
f 1594/1/4365 1593/1/4365 2356/1/4365
s 1635
f 2357/1/4366 2356/1/4366 1593/1/4367
f 1593/1/4367 1592/1/4367 2357/1/4366
s 1636
f 1592/1/4368 1575/1/4368 2328/1/4368
f 2328/1/4368 2357/1/4368 1592/1/4368
s 1637
f 2327/1/4369 2352/1/4370 2357/1/4371
f 2357/1/4371 2328/1/4370 2327/1/4369
s 1638
f 2353/1/4372 2352/1/4373 2327/1/4373
f 2327/1/4373 2326/1/4372 2353/1/4372
s 1639
f 2362/1/4374 2363/1/4375 2364/1/4375
f 2364/1/4375 2365/1/4376 2362/1/4374
s 1640
f 2366/1/4377 2367/1/4004 2363/1/4004
f 2363/1/4004 2362/1/4004 2366/1/4377
s 1641
f 2363/1/4011 2368/1/4011 2369/1/4010
f 2369/1/4010 2364/1/4010 2363/1/4011
s 1642
f 2367/1/4007 2370/1/4007 2368/1/4007
f 2368/1/4007 2363/1/4007 2367/1/4007
s 1643
f 2365/1/4378 2371/1/4379 1093/1/4016
f 1093/1/4016 1092/1/4016 2365/1/4378
s 1644
f 1102/1/4015 2362/1/4015 2365/1/4380
f 2365/1/4380 1092/1/4381 1102/1/4015
s 1645
f 1102/1/4014 1101/1/4014 2366/1/4014
f 2366/1/4014 2362/1/4014 1102/1/4014
s 1646
f 2338/1/4013 2366/1/4013 1101/1/4013
f 1101/1/4013 1073/1/4382 2338/1/4013
s 1647
f 2367/1/4383 2366/1/4034 2338/1/4384
f 2338/1/4384 2340/1/4034 2367/1/4383
s 1648
f 2339/1/4385 2370/1/4385 2367/1/4385
f 2367/1/4385 2340/1/4385 2339/1/4385
s 1649
f 1711/1/4031 2370/1/4031 2339/1/4029
f 2339/1/4029 1688/1/4031 1711/1/4031
s 1650
f 2370/1/4027 1711/1/4027 1710/1/4027
f 1710/1/4027 2368/1/4027 2370/1/4027
s 1651
f 2368/1/4025 1710/1/4025 1709/1/4025
f 1709/1/4025 2369/1/4025 2368/1/4025
s 1652
f 2369/1/4386 1709/1/4386 1708/1/4386
f 1708/1/4386 2372/1/4386 2369/1/4386
s 1653
f 2369/1/4020 2372/1/4387 2373/1/4020
f 2373/1/4020 2364/1/4020 2369/1/4020
s 1654
f 2364/1/4019 2373/1/4019 2371/1/4019
f 2371/1/4019 2365/1/4019 2364/1/4019
s 1655
f 2374/1/4388 2375/1/4388 2376/1/4388
f 2376/1/4388 2377/1/4388 2374/1/4388
s 1656
f 2378/1/4389 2379/1/4389 2375/1/4389
f 2375/1/4389 2374/1/4390 2378/1/4389
s 1657
f 2375/1/4391 2380/1/4391 2381/1/4391
f 2381/1/4391 2376/1/4391 2375/1/4391
s 1658
f 2382/1/4392 2380/1/4392 2375/1/4392
f 2375/1/4392 2379/1/4392 2382/1/4392
s 1659
f 2359/1/4393 977/1/4393 1000/1/4393
f 1000/1/4393 2377/1/4393 2359/1/4393
s 1660
f 2377/1/4394 1000/1/4394 999/1/4395
f 999/1/4395 2374/1/4395 2377/1/4394
s 1661
f 2378/1/4396 2374/1/4396 999/1/4396
f 999/1/4396 998/1/4396 2378/1/4396
s 1662
f 2383/1/4397 2378/1/4397 998/1/4397
f 998/1/4397 997/1/4397 2383/1/4397
s 1663
f 2383/1/4398 2384/1/4398 2379/1/4398
f 2379/1/4398 2378/1/4398 2383/1/4398
s 1664
f 2382/1/4399 2379/1/4399 2384/1/4399
f 2384/1/4399 2385/1/4400 2382/1/4399
s 1665
f 1615/1/4401 1614/1/4401 2382/1/4401
f 2382/1/4401 2385/1/4401 1615/1/4401
s 1666
f 2382/1/4402 1614/1/4402 1613/1/4402
f 1613/1/4402 2380/1/4402 2382/1/4402
s 1667
f 1613/1/4403 1612/1/4403 2381/1/4403
f 2381/1/4403 2380/1/4403 1613/1/4403
s 1668
f 1612/1/4404 1595/1/4405 2361/1/4405
f 2361/1/4405 2381/1/4405 1612/1/4404
s 1669
f 2376/1/4406 2381/1/4406 2361/1/4406
f 2361/1/4406 2360/1/4406 2376/1/4406
s 1670
f 2377/1/4407 2376/1/4407 2360/1/4407
f 2360/1/4407 2359/1/4408 2377/1/4407
s 1671
f 2386/1/4092 2387/1/4092 2388/1/4092
f 2388/1/4092 2389/1/4092 2386/1/4092
s 1672
f 2390/1/4091 2391/1/4091 2387/1/4091
f 2387/1/4091 2386/1/4091 2390/1/4091
s 1673
f 2387/1/4409 2392/1/4094 2393/1/4094
f 2393/1/4094 2388/1/4094 2387/1/4409
s 1674
f 2391/1/4093 2394/1/4093 2392/1/4093
f 2392/1/4093 2387/1/4093 2391/1/4093
s 1675
f 2389/1/4105 2395/1/4105 1113/1/4105
f 1113/1/4105 1112/1/4105 2389/1/4105
s 1676
f 1122/1/4101 2386/1/4101 2389/1/4101
f 2389/1/4101 1112/1/4101 1122/1/4101
s 1677
f 1122/1/4410 1121/1/4411 2390/1/4410
f 2390/1/4410 2386/1/4412 1122/1/4410
s 1678
f 1121/1/4413 1093/1/4414 2371/1/4414
f 2371/1/4414 2390/1/4413 1121/1/4413
s 1679
f 2391/1/4119 2390/1/4119 2371/1/4119
f 2371/1/4119 2373/1/4119 2391/1/4119
s 1680
f 2372/1/4118 2394/1/4118 2391/1/4415
f 2391/1/4415 2373/1/4118 2372/1/4118
s 1681
f 2372/1/4416 1708/1/4117 1731/1/4417
f 1731/1/4417 2394/1/4117 2372/1/4416
s 1682
f 2394/1/4418 1731/1/4115 1730/1/4419
f 1730/1/4419 2392/1/4115 2394/1/4418
s 1683
f 2392/1/4420 1730/1/4421 1729/1/4422
f 1729/1/4422 2393/1/4114 2392/1/4420
s 1684
f 2393/1/4423 1729/1/4113 1728/1/4113
f 1728/1/4113 2396/1/4113 2393/1/4423
s 1685
f 2397/1/4110 2388/1/4110 2393/1/4110
f 2393/1/4110 2396/1/4110 2397/1/4110
s 1686
f 2388/1/4424 2397/1/4106 2395/1/4106
f 2395/1/4106 2389/1/4424 2388/1/4424
s 1687
f 2398/1/4425 2399/1/4425 2400/1/4426
f 2400/1/4426 2401/1/4425 2398/1/4425
s 1688
f 2402/1/4427 2403/1/4428 2399/1/4428
f 2399/1/4428 2398/1/4427 2402/1/4427
s 1689
f 2399/1/4429 2404/1/4429 2405/1/4430
f 2405/1/4430 2400/1/4430 2399/1/4429
s 1690
f 2406/1/4431 2404/1/4431 2399/1/4431
f 2399/1/4431 2403/1/4431 2406/1/4431
s 1691
f 2383/1/4432 997/1/4433 1020/1/4433
f 1020/1/4433 2401/1/4434 2383/1/4432
s 1692
f 2401/1/4435 1020/1/4436 1019/1/4435
f 1019/1/4435 2398/1/4437 2401/1/4435
s 1693
f 2402/1/4438 2398/1/4438 1019/1/4439
f 1019/1/4439 1017/1/4440 2402/1/4438
s 1694
f 2402/1/4441 1017/1/4441 1018/1/4441
f 1018/1/4441 2407/1/4441 2402/1/4441
s 1695
f 2407/1/4442 2408/1/4442 2403/1/4442
f 2403/1/4442 2402/1/4442 2407/1/4442
s 1696
f 2406/1/4443 2403/1/4443 2408/1/4443
f 2408/1/4443 2409/1/4443 2406/1/4443
s 1697
f 1635/1/4444 1634/1/4444 2406/1/4444
f 2406/1/4444 2409/1/4445 1635/1/4444
s 1698
f 2406/1/4446 1634/1/4447 1633/1/4448
f 1633/1/4448 2404/1/4449 2406/1/4446
s 1699
f 1633/1/4450 1632/1/4450 2405/1/4450
f 2405/1/4450 2404/1/4450 1633/1/4450
s 1700
f 1632/1/4451 1615/1/4451 2385/1/4451
f 2385/1/4451 2405/1/4451 1632/1/4451
s 1701
f 2384/1/4452 2400/1/4452 2405/1/4453
f 2405/1/4453 2385/1/4453 2384/1/4452
s 1702
f 2400/1/4454 2384/1/4455 2383/1/4456
f 2383/1/4456 2401/1/4457 2400/1/4454
s 1703
f 2410/1/4173 2411/1/4173 2412/1/4173
f 2412/1/4173 2413/1/4173 2410/1/4173
s 1704
f 2414/1/4169 2415/1/4169 2411/1/4169
f 2411/1/4169 2410/1/4171 2414/1/4169
s 1705
f 2411/1/4177 2416/1/4177 2417/1/4177
f 2417/1/4177 2412/1/4177 2411/1/4177
s 1706
f 2415/1/4175 2418/1/4175 2416/1/4175
f 2416/1/4175 2411/1/4175 2415/1/4175
s 1707
f 2413/1/4458 2419/1/4183 1133/1/4458
f 1133/1/4458 1132/1/4459 2413/1/4458
s 1708
f 1142/1/4182 2410/1/4182 2413/1/4182
f 2413/1/4182 1132/1/4182 1142/1/4182
s 1709
f 1142/1/4460 1141/1/4461 2414/1/4461
f 2414/1/4461 2410/1/4180 1142/1/4460
s 1710
f 1141/1/4179 1113/1/4179 2395/1/4179
f 2395/1/4179 2414/1/4179 1141/1/4179
s 1711
f 2415/1/4462 2414/1/4198 2395/1/4463
f 2395/1/4463 2397/1/4198 2415/1/4462
s 1712
f 2396/1/4196 2418/1/4196 2415/1/4464
f 2415/1/4464 2397/1/4196 2396/1/4196
s 1713
f 2396/1/4193 1728/1/4193 1751/1/4194
f 1751/1/4194 2418/1/4193 2396/1/4193
s 1714
f 2418/1/4465 1751/1/4465 1750/1/4465
f 1750/1/4465 2416/1/4466 2418/1/4465
s 1715
f 2416/1/4467 1750/1/4467 1749/1/4467
f 1749/1/4467 2417/1/4191 2416/1/4467
s 1716
f 2417/1/4188 1749/1/4468 1748/1/4468
f 1748/1/4468 2420/1/4469 2417/1/4188
s 1717
f 2421/1/4186 2412/1/4186 2417/1/4186
f 2417/1/4186 2420/1/4186 2421/1/4186
s 1718
f 2412/1/4185 2421/1/4185 2419/1/4185
f 2419/1/4185 2413/1/4185 2412/1/4185
s 1719
f 2422/1/4470 2423/1/4470 2424/1/4471
f 2424/1/4471 2425/1/4471 2422/1/4470
s 1720
f 2426/1/4472 2427/1/4472 2423/1/4472
f 2423/1/4472 2422/1/4472 2426/1/4472
s 1721
f 2423/1/4473 2428/1/4474 2429/1/4474
f 2429/1/4474 2424/1/4474 2423/1/4473
s 1722
f 2430/1/4475 2428/1/4475 2423/1/4476
f 2423/1/4476 2427/1/4475 2430/1/4475
s 1723
f 2407/1/4477 1018/1/4477 1040/1/4477
f 1040/1/4477 2425/1/4477 2407/1/4477
s 1724
f 2425/1/4478 1040/1/4478 1039/1/4479
f 1039/1/4479 2422/1/4480 2425/1/4478
s 1725
f 2426/1/4481 2422/1/4482 1039/1/4483
f 1039/1/4483 1037/1/4484 2426/1/4481
s 1726
f 2426/1/4485 1037/1/4485 1038/1/4485
f 1038/1/4485 2431/1/4486 2426/1/4485
s 1727
f 2431/1/4487 2432/1/4488 2427/1/4488
f 2427/1/4488 2426/1/4489 2431/1/4487
s 1728
f 2430/1/4490 2427/1/4491 2432/1/4491
f 2432/1/4491 2433/1/4490 2430/1/4490
s 1729
f 1655/1/4492 1654/1/4492 2430/1/4492
f 2430/1/4492 2433/1/4492 1655/1/4492
s 1730
f 2430/1/4493 1654/1/4494 1653/1/4494
f 1653/1/4494 2428/1/4494 2430/1/4493
s 1731
f 1653/1/4495 1652/1/4496 2429/1/4497
f 2429/1/4497 2428/1/4495 1653/1/4495
s 1732
f 1652/1/4498 1635/1/4499 2409/1/4499
f 2409/1/4499 2429/1/4499 1652/1/4498
s 1733
f 2408/1/4500 2424/1/4501 2429/1/4502
f 2429/1/4502 2409/1/4503 2408/1/4500
s 1734
f 2407/1/4504 2425/1/4504 2424/1/4504
f 2424/1/4504 2408/1/4504 2407/1/4504
s 1735
f 2434/1/4241 2435/1/4241 2436/1/4505
f 2436/1/4505 2437/1/4241 2434/1/4241
s 1736
f 2438/1/4506 2439/1/4506 2435/1/4506
f 2435/1/4506 2434/1/4506 2438/1/4506
s 1737
f 2435/1/4245 2440/1/4245 2441/1/4507
f 2441/1/4507 2436/1/4245 2435/1/4245
s 1738
f 2439/1/4244 2442/1/4244 2440/1/4244
f 2440/1/4244 2435/1/4243 2439/1/4244
s 1739
f 2437/1/4508 2443/1/4509 1153/1/4510
f 1153/1/4510 1152/1/4511 2437/1/4508
s 1740
f 1162/1/4250 2434/1/4250 2437/1/4512
f 2437/1/4512 1152/1/4513 1162/1/4250
s 1741
f 1162/1/4249 1161/1/4249 2438/1/4514
f 2438/1/4514 2434/1/4249 1162/1/4249
s 1742
f 1161/1/4515 1133/1/4516 2419/1/4517
f 2419/1/4517 2438/1/4516 1161/1/4515
s 1743
f 2439/1/4267 2438/1/4267 2419/1/4267
f 2419/1/4267 2421/1/4268 2439/1/4267
s 1744
f 2420/1/4265 2442/1/4265 2439/1/4265
f 2439/1/4265 2421/1/4265 2420/1/4265
s 1745
f 2420/1/4258 1748/1/4258 1771/1/4518
f 1771/1/4518 2442/1/4258 2420/1/4258
s 1746
f 2442/1/4519 1771/1/4520 1770/1/4519
f 1770/1/4519 2440/1/4257 2442/1/4519
s 1747
f 2440/1/4256 1770/1/4256 1769/1/4256
f 1769/1/4256 2441/1/4256 2440/1/4256
s 1748
f 2441/1/4254 1769/1/4254 1768/1/4254
f 1768/1/4254 2444/1/4521 2441/1/4254
s 1749
f 2441/1/4253 2444/1/4253 2445/1/4253
f 2445/1/4253 2436/1/4253 2441/1/4253
s 1750
f 2436/1/4522 2445/1/4523 2443/1/4522
f 2443/1/4522 2437/1/4522 2436/1/4522
s 1751
f 2446/1/4524 2447/1/4524 2448/1/4524
f 2448/1/4524 2449/1/4524 2446/1/4524
s 1752
f 2450/1/4525 2451/1/4525 2447/1/4525
f 2447/1/4525 2446/1/4525 2450/1/4525
s 1753
f 2447/1/4526 2452/1/4526 2453/1/4527
f 2453/1/4527 2448/1/4528 2447/1/4526
s 1754
f 2454/1/4529 2452/1/4529 2447/1/4529
f 2447/1/4529 2451/1/4529 2454/1/4529
s 1755
f 2431/1/4530 1038/1/4530 1060/1/4530
f 1060/1/4530 2449/1/4530 2431/1/4530
s 1756
f 2449/1/4531 1060/1/4532 1059/1/4533
f 1059/1/4533 2446/1/4532 2449/1/4531
s 1757
f 2450/1/4534 2446/1/4535 1059/1/4535
f 1059/1/4535 1057/1/4535 2450/1/4534
s 1758
f 2450/1/4536 1057/1/4536 1058/1/4536
f 1058/1/4536 2455/1/4536 2450/1/4536
s 1759
f 2455/1/4537 2456/1/4537 2451/1/4537
f 2451/1/4537 2450/1/4537 2455/1/4537
s 1760
f 2454/1/4538 2451/1/4538 2456/1/4538
f 2456/1/4538 2457/1/4538 2454/1/4538
s 1761
f 1675/1/4539 1674/1/4539 2454/1/4539
f 2454/1/4539 2457/1/4539 1675/1/4539
s 1762
f 2454/1/4540 1674/1/4540 1673/1/4540
f 1673/1/4540 2452/1/4540 2454/1/4540
s 1763
f 1673/1/4541 1672/1/4541 2453/1/4541
f 2453/1/4541 2452/1/4541 1673/1/4541
s 1764
f 1672/1/4542 1655/1/4542 2433/1/4542
f 2433/1/4542 2453/1/4542 1672/1/4542
s 1765
f 2432/1/4543 2448/1/4543 2453/1/4544
f 2453/1/4544 2433/1/4543 2432/1/4543
s 1766
f 2448/1/4545 2432/1/4546 2431/1/4545
f 2431/1/4545 2449/1/4547 2448/1/4545
s 1767
f 2458/1/4548 2459/1/4314 2460/1/4314
f 2460/1/4314 2461/1/4314 2458/1/4548
s 1768
f 2462/1/4549 2463/1/4310 2459/1/4310
f 2459/1/4310 2458/1/4312 2462/1/4549
s 1769
f 2459/1/4320 2464/1/4320 2465/1/4320
f 2465/1/4320 2460/1/4320 2459/1/4320
s 1770
f 2463/1/4550 2466/1/4318 2464/1/4318
f 2464/1/4318 2459/1/4318 2463/1/4550
s 1771
f 2461/1/4328 2467/1/4328 1173/1/4328
f 1173/1/4328 1172/1/4328 2461/1/4328
s 1772
f 1182/1/4325 2458/1/4325 2461/1/4325
f 2461/1/4325 1172/1/4325 1182/1/4325
s 1773
f 1182/1/4551 1181/1/4551 2462/1/4552
f 2462/1/4552 2458/1/4552 1182/1/4551
s 1774
f 1181/1/4553 1153/1/4553 2443/1/4554
f 2443/1/4554 2462/1/4553 1181/1/4553
s 1775
f 2463/1/4555 2462/1/4555 2443/1/4341
f 2443/1/4341 2445/1/4343 2463/1/4555
s 1776
f 2444/1/4339 2466/1/4556 2463/1/4339
f 2463/1/4339 2445/1/4339 2444/1/4339
s 1777
f 2444/1/4557 1768/1/4557 1791/1/4557
f 1791/1/4557 2466/1/4557 2444/1/4557
s 1778
f 2466/1/4558 1791/1/4558 1790/1/4558
f 1790/1/4558 2464/1/4558 2466/1/4558
s 1779
f 2464/1/4334 1790/1/4334 1789/1/4334
f 1789/1/4334 2465/1/4334 2464/1/4334
s 1780
f 2465/1/4332 1789/1/4332 1788/1/4332
f 1788/1/4332 2468/1/4332 2465/1/4332
s 1781
f 2469/1/4331 2460/1/4331 2465/1/4331
f 2465/1/4331 2468/1/4331 2469/1/4331
s 1782
f 2460/1/4330 2469/1/4330 2467/1/4330
f 2467/1/4330 2461/1/4330 2460/1/4330
s 1783
f 2470/1/4559 2471/1/4560 2472/1/4559
f 2472/1/4559 2473/1/4559 2470/1/4559
s 1784
f 2474/1/4561 2475/1/4561 2471/1/4561
f 2471/1/4561 2470/1/4561 2474/1/4561
s 1785
f 2471/1/4562 2476/1/4562 2477/1/4563
f 2477/1/4563 2472/1/4562 2471/1/4562
s 1786
f 2478/1/4564 2476/1/4564 2471/1/4564
f 2471/1/4564 2475/1/4565 2478/1/4564
s 1787
f 2455/1/4566 1058/1/4566 1080/1/4567
f 1080/1/4567 2473/1/4567 2455/1/4566
s 1788
f 2473/1/4568 1080/1/4569 1079/1/4569
f 1079/1/4569 2470/1/4570 2473/1/4568
s 1789
f 2474/1/4571 2470/1/4572 1079/1/4571
f 1079/1/4571 1077/1/4573 2474/1/4571
s 1790
f 2474/1/4574 1077/1/4575 1078/1/4574
f 1078/1/4574 2479/1/4574 2474/1/4574
s 1791
f 2479/1/4576 2480/1/4577 2475/1/4576
f 2475/1/4576 2474/1/4578 2479/1/4576
s 1792
f 2478/1/4579 2475/1/4579 2480/1/4579
f 2480/1/4579 2481/1/4580 2478/1/4579
s 1793
f 1695/1/4581 1694/1/4581 2478/1/4582
f 2478/1/4582 2481/1/4582 1695/1/4581
s 1794
f 2478/1/4583 1694/1/4583 1693/1/4583
f 1693/1/4583 2476/1/4583 2478/1/4583
s 1795
f 1693/1/4584 1692/1/4585 2477/1/4586
f 2477/1/4586 2476/1/4587 1693/1/4584
s 1796
f 1692/1/4588 1675/1/4588 2457/1/4588
f 2457/1/4588 2477/1/4588 1692/1/4588
s 1797
f 2456/1/4589 2472/1/4590 2477/1/4589
f 2477/1/4589 2457/1/4589 2456/1/4589
s 1798
f 2472/1/4591 2456/1/4591 2455/1/4591
f 2455/1/4591 2473/1/4591 2472/1/4591
s 1799
f 2482/1/3948 2483/1/4592 2484/1/3948
f 2484/1/3948 2485/1/4593 2482/1/3948
s 1800
f 2486/1/3946 2487/1/3946 2483/1/4594
f 2483/1/4594 2482/1/3946 2486/1/3946
s 1801
f 2483/1/3950 2488/1/4595 2489/1/3951
f 2489/1/3951 2484/1/4595 2483/1/3950
s 1802
f 2487/1/3949 2490/1/3949 2488/1/4596
f 2488/1/4596 2483/1/4597 2487/1/3949
s 1803
f 2485/1/3957 2491/1/4598 1193/1/4599
f 1193/1/4599 1192/1/3957 2485/1/3957
s 1804
f 1202/1/3955 2482/1/3955 2485/1/3955
f 2485/1/3955 1192/1/3955 1202/1/3955
s 1805
f 1202/1/4600 1201/1/3953 2486/1/3953
f 2486/1/3953 2482/1/3953 1202/1/4600
s 1806
f 1201/1/3952 1173/1/3952 2467/1/3952
f 2467/1/3952 2486/1/3952 1201/1/3952
s 1807
f 2487/1/3976 2486/1/3976 2467/1/3976
f 2467/1/3976 2469/1/3976 2487/1/3976
s 1808
f 2468/1/3972 2490/1/3972 2487/1/3972
f 2487/1/3972 2469/1/3972 2468/1/3972
s 1809
f 2468/1/3971 1788/1/3971 1811/1/3971
f 1811/1/3971 2490/1/3971 2468/1/3971
s 1810
f 2490/1/3970 1811/1/3970 1810/1/3970
f 1810/1/3970 2488/1/3970 2490/1/3970
s 1811
f 2488/1/4601 1810/1/4602 1809/1/4601
f 1809/1/4601 2489/1/4603 2488/1/4601
s 1812
f 2489/1/4604 1809/1/4604 1808/1/4604
f 1808/1/4604 2492/1/4604 2489/1/4604
s 1813
f 2493/1/3960 2484/1/3960 2489/1/3960
f 2489/1/3960 2492/1/3960 2493/1/3960
s 1814
f 2484/1/4605 2493/1/3958 2491/1/3958
f 2491/1/3958 2485/1/3958 2484/1/4605
s 1815
f 2494/1/4606 2495/1/4606 2496/1/4606
f 2496/1/4606 2497/1/4606 2494/1/4606
s 1816
f 2498/1/4607 2499/1/4607 2495/1/4607
f 2495/1/4607 2494/1/4608 2498/1/4607
s 1817
f 2495/1/4609 2500/1/4609 2501/1/4609
f 2501/1/4609 2496/1/4609 2495/1/4609
s 1818
f 2502/1/4610 2500/1/4610 2495/1/4610
f 2495/1/4610 2499/1/4610 2502/1/4610
s 1819
f 2479/1/4611 1078/1/4611 1100/1/4611
f 1100/1/4611 2497/1/4611 2479/1/4611
s 1820
f 2497/1/4612 1100/1/4612 1099/1/4613
f 1099/1/4613 2494/1/4612 2497/1/4612
s 1821
f 2498/1/4614 2494/1/4615 1099/1/4615
f 1099/1/4615 1097/1/4614 2498/1/4614
s 1822
f 2498/1/4616 1097/1/4616 1098/1/4616
f 1098/1/4616 2503/1/4617 2498/1/4616
s 1823
f 2503/1/4618 2504/1/4618 2499/1/4618
f 2499/1/4618 2498/1/4619 2503/1/4618
s 1824
f 2502/1/4620 2499/1/4620 2504/1/4621
f 2504/1/4621 2505/1/4620 2502/1/4620
s 1825
f 1715/1/4622 1714/1/4622 2502/1/4622
f 2502/1/4622 2505/1/4622 1715/1/4622
s 1826
f 2502/1/4623 1714/1/4623 1713/1/4623
f 1713/1/4623 2500/1/4623 2502/1/4623
s 1827
f 1713/1/4624 1712/1/4624 2501/1/4624
f 2501/1/4624 2500/1/4624 1713/1/4624
s 1828
f 1712/1/4625 1695/1/4625 2481/1/4625
f 2481/1/4625 2501/1/4625 1712/1/4625
s 1829
f 2480/1/4626 2496/1/4626 2501/1/4626
f 2501/1/4626 2481/1/4626 2480/1/4626
s 1830
f 2479/1/4627 2497/1/4627 2496/1/4628
f 2496/1/4628 2480/1/4627 2479/1/4627
s 1831
f 2506/1/4038 2507/1/4629 2508/1/4629
f 2508/1/4629 2509/1/4038 2506/1/4038
s 1832
f 2510/1/4036 2511/1/4036 2507/1/4035
f 2507/1/4035 2506/1/4036 2510/1/4036
s 1833
f 2507/1/4043 2512/1/4043 2513/1/4043
f 2513/1/4043 2508/1/4040 2507/1/4043
s 1834
f 2511/1/4630 2514/1/4631 2512/1/4632
f 2512/1/4632 2507/1/4631 2511/1/4630
s 1835
f 2509/1/4633 2515/1/4634 1213/1/4635
f 1213/1/4635 1212/1/4636 2509/1/4633
s 1836
f 1222/1/4637 2506/1/4637 2509/1/4637
f 2509/1/4637 1212/1/4637 1222/1/4637
s 1837
f 1222/1/4045 1221/1/4045 2510/1/4045
f 2510/1/4045 2506/1/4045 1222/1/4045
s 1838
f 1221/1/4044 1193/1/4638 2491/1/4044
f 2491/1/4044 2510/1/4044 1221/1/4044
s 1839
f 2511/1/4639 2510/1/4060 2491/1/4060
f 2491/1/4060 2493/1/4640 2511/1/4639
s 1840
f 2492/1/4641 2514/1/4059 2511/1/4642
f 2511/1/4642 2493/1/4643 2492/1/4641
s 1841
f 2492/1/4644 1808/1/4645 1831/1/4644
f 1831/1/4644 2514/1/4646 2492/1/4644
s 1842
f 2514/1/4057 1831/1/4057 1830/1/4057
f 1830/1/4057 2512/1/4057 2514/1/4057
s 1843
f 2512/1/4056 1830/1/4056 1829/1/4056
f 1829/1/4056 2513/1/4056 2512/1/4056
s 1844
f 2513/1/4053 1829/1/4053 1828/1/4053
f 1828/1/4053 2516/1/4053 2513/1/4053
s 1845
f 2517/1/4647 2508/1/4648 2513/1/4647
f 2513/1/4647 2516/1/4649 2517/1/4647
s 1846
f 2508/1/4650 2517/1/4051 2515/1/4650
f 2515/1/4650 2509/1/4651 2508/1/4650
s 1847
f 2518/1/4652 2519/1/4652 2520/1/4652
f 2520/1/4652 2521/1/4652 2518/1/4652
s 1848
f 2522/1/4653 2523/1/4654 2519/1/4654
f 2519/1/4654 2518/1/4654 2522/1/4653
s 1849
f 2519/1/4655 2524/1/4655 2525/1/4655
f 2525/1/4655 2520/1/4655 2519/1/4655
s 1850
f 2526/1/4656 2524/1/4657 2519/1/4658
f 2519/1/4658 2523/1/4659 2526/1/4656
s 1851
f 2503/1/4660 1098/1/4660 1120/1/4660
f 1120/1/4660 2521/1/4660 2503/1/4660
s 1852
f 2521/1/4661 1120/1/4661 1119/1/4661
f 1119/1/4661 2518/1/4661 2521/1/4661
s 1853
f 2522/1/4662 2518/1/4662 1119/1/4663
f 1119/1/4663 1117/1/4662 2522/1/4662
s 1854
f 2522/1/4664 1117/1/4665 1118/1/4666
f 1118/1/4666 2527/1/4667 2522/1/4664
s 1855
f 2527/1/4668 2528/1/4668 2523/1/4668
f 2523/1/4668 2522/1/4668 2527/1/4668
s 1856
f 2526/1/4669 2523/1/4670 2528/1/4669
f 2528/1/4669 2529/1/4671 2526/1/4669
s 1857
f 1735/1/4672 1734/1/4673 2526/1/4674
f 2526/1/4674 2529/1/4675 1735/1/4672
s 1858
f 2526/1/4676 1734/1/4676 1733/1/4676
f 1733/1/4676 2524/1/4676 2526/1/4676
s 1859
f 1733/1/4677 1732/1/4677 2525/1/4678
f 2525/1/4678 2524/1/4677 1733/1/4677
s 1860
f 1732/1/4679 1715/1/4680 2505/1/4681
f 2505/1/4681 2525/1/4679 1732/1/4679
s 1861
f 2504/1/4682 2520/1/4682 2525/1/4682
f 2525/1/4682 2505/1/4682 2504/1/4682
s 1862
f 2503/1/4683 2521/1/4683 2520/1/4683
f 2520/1/4683 2504/1/4683 2503/1/4683
s 1863
f 2530/1/4121 2531/1/4121 2532/1/4121
f 2532/1/4121 2533/1/4121 2530/1/4121
s 1864
f 2534/1/4684 2535/1/4120 2531/1/4684
f 2531/1/4684 2530/1/4685 2534/1/4684
s 1865
f 2531/1/4124 2536/1/4124 2537/1/4686
f 2537/1/4686 2532/1/4124 2531/1/4124
s 1866
f 2535/1/4122 2538/1/4122 2536/1/4122
f 2536/1/4122 2531/1/4122 2535/1/4122
s 1867
f 2533/1/4687 2539/1/4688 1233/1/4687
f 1233/1/4687 1232/1/4131 2533/1/4687
s 1868
f 1242/1/4128 2530/1/4128 2533/1/4128
f 2533/1/4128 1232/1/4689 1242/1/4128
s 1869
f 1242/1/4127 1241/1/4127 2534/1/4127
f 2534/1/4127 2530/1/4690 1242/1/4127
s 1870
f 1241/1/4125 1213/1/4125 2515/1/4125
f 2515/1/4125 2534/1/4125 1241/1/4125
s 1871
f 2535/1/4143 2534/1/4143 2515/1/4143
f 2515/1/4143 2517/1/4143 2535/1/4143
s 1872
f 2516/1/4142 2538/1/4142 2535/1/4142
f 2535/1/4142 2517/1/4142 2516/1/4142
s 1873
f 2516/1/4691 1828/1/4691 1851/1/4691
f 1851/1/4691 2538/1/4140 2516/1/4691
s 1874
f 2538/1/4692 1851/1/4138 1850/1/4139
f 1850/1/4139 2536/1/4138 2538/1/4692
s 1875
f 2536/1/4693 1850/1/4694 1849/1/4695
f 1849/1/4695 2537/1/4696 2536/1/4693
s 1876
f 2537/1/4135 1849/1/4135 1848/1/4135
f 1848/1/4135 2540/1/4135 2537/1/4135
s 1877
f 2541/1/4697 2532/1/4698 2537/1/4699
f 2537/1/4699 2540/1/4133 2541/1/4697
s 1878
f 2532/1/4700 2541/1/4132 2539/1/4701
f 2539/1/4701 2533/1/4132 2532/1/4700
s 1879
f 2542/1/4702 2543/1/4703 2544/1/4702
f 2544/1/4702 2545/1/4702 2542/1/4702
s 1880
f 2546/1/4704 2547/1/4704 2543/1/4704
f 2543/1/4704 2542/1/4704 2546/1/4704
s 1881
f 2543/1/4705 2548/1/4705 2549/1/4705
f 2549/1/4705 2544/1/4705 2543/1/4705
s 1882
f 2550/1/4706 2548/1/4706 2543/1/4706
f 2543/1/4706 2547/1/4706 2550/1/4706
s 1883
f 2527/1/4707 1118/1/4708 1140/1/4709
f 1140/1/4709 2545/1/4710 2527/1/4707
s 1884
f 2545/1/4711 1140/1/4712 1139/1/4711
f 1139/1/4711 2542/1/4711 2545/1/4711
s 1885
f 2546/1/4713 2542/1/4713 1139/1/4713
f 1139/1/4713 1137/1/4713 2546/1/4713
s 1886
f 2546/1/4714 1137/1/4715 1138/1/4714
f 1138/1/4714 2551/1/4716 2546/1/4714
s 1887
f 2551/1/4717 2552/1/4717 2547/1/4717
f 2547/1/4717 2546/1/4717 2551/1/4717
s 1888
f 2550/1/4718 2547/1/4718 2552/1/4718
f 2552/1/4718 2553/1/4718 2550/1/4718
s 1889
f 1755/1/4719 1754/1/4720 2550/1/4721
f 2550/1/4721 2553/1/4720 1755/1/4719
s 1890
f 2550/1/4722 1754/1/4722 1753/1/4722
f 1753/1/4722 2548/1/4722 2550/1/4722
s 1891
f 1753/1/4723 1752/1/4724 2549/1/4723
f 2549/1/4723 2548/1/4725 1753/1/4723
s 1892
f 1752/1/4726 1735/1/4727 2529/1/4726
f 2529/1/4726 2549/1/4728 1752/1/4726
s 1893
f 2528/1/4729 2544/1/4729 2549/1/4730
f 2549/1/4730 2529/1/4729 2528/1/4729
s 1894
f 2544/1/4731 2528/1/4731 2527/1/4731
f 2527/1/4731 2545/1/4731 2544/1/4731
s 1895
f 2554/1/4201 2555/1/4201 2556/1/4201
f 2556/1/4201 2557/1/4201 2554/1/4201
s 1896
f 2558/1/4732 2559/1/4732 2555/1/4733
f 2555/1/4733 2554/1/4200 2558/1/4732
s 1897
f 2555/1/4203 2560/1/4203 2561/1/4203
f 2561/1/4203 2556/1/4203 2555/1/4203
s 1898
f 2559/1/4202 2562/1/4202 2560/1/4202
f 2560/1/4202 2555/1/4202 2559/1/4202
s 1899
f 2557/1/4210 2563/1/4210 1253/1/4734
f 1253/1/4734 1252/1/4210 2557/1/4210
s 1900
f 1262/1/4209 2554/1/4209 2557/1/4209
f 2557/1/4209 1252/1/4209 1262/1/4209
s 1901
f 1262/1/4207 1261/1/4207 2558/1/4207
f 2558/1/4207 2554/1/4207 1262/1/4207
s 1902
f 1261/1/4204 1233/1/4204 2539/1/4204
f 2539/1/4204 2558/1/4204 1261/1/4204
s 1903
f 2559/1/4227 2558/1/4227 2539/1/4227
f 2539/1/4227 2541/1/4227 2559/1/4227
s 1904
f 2540/1/4735 2562/1/4735 2559/1/4735
f 2559/1/4735 2541/1/4735 2540/1/4735
s 1905
f 2540/1/4222 1848/1/4222 1871/1/4222
f 1871/1/4222 2562/1/4222 2540/1/4222
s 1906
f 2562/1/4218 1871/1/4218 1870/1/4218
f 1870/1/4218 2560/1/4218 2562/1/4218
s 1907
f 2560/1/4736 1870/1/4217 1869/1/4737
f 1869/1/4737 2561/1/4736 2560/1/4736
s 1908
f 2561/1/4738 1869/1/4738 1868/1/4738
f 1868/1/4738 2564/1/4738 2561/1/4738
s 1909
f 2565/1/4739 2556/1/4213 2561/1/4213
f 2561/1/4213 2564/1/4740 2565/1/4739
s 1910
f 2556/1/4212 2565/1/4212 2563/1/4741
f 2563/1/4741 2557/1/4212 2556/1/4212
s 1911
f 2566/1/4742 2567/1/4742 2568/1/4742
f 2568/1/4742 2569/1/4742 2566/1/4742
s 1912
f 2570/1/4743 2571/1/4743 2567/1/4744
f 2567/1/4744 2566/1/4743 2570/1/4743
s 1913
f 2567/1/4745 2572/1/4746 2573/1/4747
f 2573/1/4747 2568/1/4748 2567/1/4745
s 1914
f 2574/1/4749 2572/1/4749 2567/1/4749
f 2567/1/4749 2571/1/4749 2574/1/4749
s 1915
f 2551/1/4750 1138/1/4751 1160/1/4751
f 1160/1/4751 2569/1/4752 2551/1/4750
s 1916
f 2569/1/4753 1160/1/4754 1159/1/4753
f 1159/1/4753 2566/1/4753 2569/1/4753
s 1917
f 2570/1/4755 2566/1/4755 1159/1/4755
f 1159/1/4755 1157/1/4756 2570/1/4755
s 1918
f 2570/1/4757 1157/1/4757 1158/1/4757
f 1158/1/4757 2575/1/4757 2570/1/4757
s 1919
f 2575/1/4758 2576/1/4758 2571/1/4758
f 2571/1/4758 2570/1/4758 2575/1/4758
s 1920
f 2574/1/4759 2571/1/4759 2576/1/4759
f 2576/1/4759 2577/1/4759 2574/1/4759
s 1921
f 1775/1/4760 1774/1/4760 2574/1/4760
f 2574/1/4760 2577/1/4760 1775/1/4760
s 1922
f 2574/1/4761 1774/1/4761 1773/1/4761
f 1773/1/4761 2572/1/4761 2574/1/4761
s 1923
f 1773/1/4762 1772/1/4762 2573/1/4762
f 2573/1/4762 2572/1/4763 1773/1/4762
s 1924
f 1772/1/4764 1755/1/4764 2553/1/4765
f 2553/1/4765 2573/1/4764 1772/1/4764
s 1925
f 2552/1/4766 2568/1/4766 2573/1/4766
f 2573/1/4766 2553/1/4766 2552/1/4766
s 1926
f 2568/1/4767 2552/1/4768 2551/1/4768
f 2551/1/4768 2569/1/4768 2568/1/4767
s 1927
f 2578/1/4769 2579/1/4271 2580/1/4271
f 2580/1/4271 2581/1/4271 2578/1/4769
s 1928
f 2582/1/4269 2583/1/4270 2579/1/4269
f 2579/1/4269 2578/1/4269 2582/1/4269
s 1929
f 2579/1/4274 2584/1/4274 2585/1/4274
f 2585/1/4274 2580/1/4274 2579/1/4274
s 1930
f 2583/1/4770 2586/1/4770 2584/1/4770
f 2584/1/4770 2579/1/4273 2583/1/4770
s 1931
f 2581/1/4771 2587/1/4772 1273/1/4773
f 1273/1/4773 1272/1/4279 2581/1/4771
s 1932
f 1282/1/4277 2578/1/4277 2581/1/4774
f 2581/1/4774 1272/1/4277 1282/1/4277
s 1933
f 1282/1/4276 1281/1/4276 2582/1/4276
f 2582/1/4276 2578/1/4276 1282/1/4276
s 1934
f 1281/1/4275 1253/1/4275 2563/1/4275
f 2563/1/4275 2582/1/4275 1281/1/4275
s 1935
f 2583/1/4294 2582/1/4294 2563/1/4293
f 2563/1/4293 2565/1/4294 2583/1/4294
s 1936
f 2564/1/4290 2586/1/4290 2583/1/4775
f 2583/1/4775 2565/1/4290 2564/1/4290
s 1937
f 2564/1/4776 1868/1/4776 1891/1/4776
f 1891/1/4776 2586/1/4776 2564/1/4776
s 1938
f 2586/1/4287 1891/1/4287 1890/1/4287
f 1890/1/4287 2584/1/4287 2586/1/4287
s 1939
f 2584/1/4285 1890/1/4285 1889/1/4285
f 1889/1/4285 2585/1/4285 2584/1/4285
s 1940
f 2585/1/4284 1889/1/4284 1888/1/4284
f 1888/1/4284 2588/1/4284 2585/1/4284
s 1941
f 2589/1/4777 2580/1/4282 2585/1/4778
f 2585/1/4778 2588/1/4282 2589/1/4777
s 1942
f 2580/1/4779 2589/1/4779 2587/1/4779
f 2587/1/4779 2581/1/4779 2580/1/4779
s 1943
f 2590/1/3857 2591/1/4780 2592/1/3857
f 2592/1/3857 2593/1/4781 2590/1/3857
s 1944
f 2594/1/3856 2595/1/3856 2591/1/4782
f 2591/1/4782 2590/1/3856 2594/1/3856
s 1945
f 2591/1/3863 2596/1/3863 2597/1/3863
f 2597/1/3863 2592/1/3863 2591/1/3863
s 1946
f 2598/1/3859 2596/1/3859 2591/1/3859
f 2591/1/3859 2595/1/3859 2598/1/3859
s 1947
f 2575/1/4783 1158/1/3869 1180/1/3871
f 1180/1/3871 2593/1/3871 2575/1/4783
s 1948
f 2593/1/4784 1180/1/4784 1179/1/4784
f 1179/1/4784 2590/1/4784 2593/1/4784
s 1949
f 2594/1/3865 2590/1/3865 1179/1/3865
f 1179/1/3865 1177/1/3865 2594/1/3865
s 1950
f 2594/1/3864 1177/1/4785 1178/1/4786
f 1178/1/4786 2599/1/4787 2594/1/3864
s 1951
f 2599/1/3886 2600/1/3886 2595/1/3886
f 2595/1/3886 2594/1/3886 2599/1/3886
s 1952
f 2598/1/3885 2595/1/3885 2600/1/4788
f 2600/1/4788 2601/1/3885 2598/1/3885
s 1953
f 1795/1/4789 1794/1/3882 2598/1/3882
f 2598/1/3882 2601/1/3882 1795/1/4789
s 1954
f 2598/1/3880 1794/1/3880 1793/1/4790
f 1793/1/4790 2596/1/3880 2598/1/3880
s 1955
f 1793/1/3878 1792/1/4791 2597/1/4792
f 2597/1/4792 2596/1/3878 1793/1/3878
s 1956
f 1792/1/3876 1775/1/3876 2577/1/3876
f 2577/1/3876 2597/1/3876 1792/1/3876
s 1957
f 2576/1/3875 2592/1/4793 2597/1/3875
f 2597/1/3875 2577/1/3875 2576/1/3875
s 1958
f 2575/1/3873 2593/1/3873 2592/1/3873
f 2592/1/3873 2576/1/3873 2575/1/3873
s 1959
f 2602/1/4794 2603/1/4348 2604/1/4348
f 2604/1/4348 2605/1/4348 2602/1/4794
s 1960
f 2606/1/4795 2607/1/4795 2603/1/4796
f 2603/1/4796 2602/1/4795 2606/1/4795
s 1961
f 2603/1/4797 2608/1/4798 2609/1/4799
f 2609/1/4799 2604/1/4799 2603/1/4797
s 1962
f 2607/1/4800 2610/1/4801 2608/1/4802
f 2608/1/4802 2603/1/4803 2607/1/4800
s 1963
f 2605/1/4360 2611/1/4360 1293/1/4360
f 1293/1/4360 1292/1/4360 2605/1/4360
s 1964
f 1302/1/4804 2602/1/4357 2605/1/4357
f 2605/1/4357 1292/1/4357 1302/1/4804
s 1965
f 1302/1/4805 1301/1/4356 2606/1/4806
f 2606/1/4806 2602/1/4807 1302/1/4805
s 1966
f 1301/1/4354 1273/1/4808 2587/1/4354
f 2587/1/4354 2606/1/4354 1301/1/4354
s 1967
f 2607/1/4372 2606/1/4373 2587/1/4809
f 2587/1/4809 2589/1/4372 2607/1/4372
s 1968
f 2588/1/4370 2610/1/4370 2607/1/4810
f 2607/1/4810 2589/1/4370 2588/1/4370
s 1969
f 2588/1/4368 1888/1/4368 1911/1/4811
f 1911/1/4811 2610/1/4368 2588/1/4368
s 1970
f 2610/1/4366 1911/1/4366 1910/1/4366
f 1910/1/4366 2608/1/4366 2610/1/4366
s 1971
f 2608/1/4365 1910/1/4365 1909/1/4365
f 1909/1/4365 2609/1/4812 2608/1/4365
s 1972
f 2609/1/4364 1909/1/4363 1908/1/4363
f 1908/1/4363 2612/1/4363 2609/1/4364
s 1973
f 2613/1/4362 2604/1/4362 2609/1/4362
f 2609/1/4362 2612/1/4362 2613/1/4362
s 1974
f 2604/1/4361 2613/1/4361 2611/1/4813
f 2611/1/4813 2605/1/4361 2604/1/4361
s 1975
f 2614/1/4814 2615/1/4814 2616/1/4814
f 2616/1/4814 2617/1/4814 2614/1/4814
s 1976
f 2618/1/4815 2619/1/4815 2615/1/4815
f 2615/1/4815 2614/1/4815 2618/1/4815
s 1977
f 2615/1/4816 2620/1/4816 2621/1/4816
f 2621/1/4816 2616/1/4816 2615/1/4816
s 1978
f 2622/1/4817 2620/1/4817 2615/1/4818
f 2615/1/4818 2619/1/4818 2622/1/4817
s 1979
f 2599/1/4819 1178/1/4819 1200/1/4819
f 1200/1/4819 2617/1/4819 2599/1/4819
s 1980
f 2617/1/4820 1200/1/4820 1199/1/4821
f 1199/1/4821 2614/1/4820 2617/1/4820
s 1981
f 2618/1/4822 2614/1/4823 1199/1/4822
f 1199/1/4822 1197/1/4824 2618/1/4822
s 1982
f 2618/1/4825 1197/1/4826 1198/1/4826
f 1198/1/4826 2623/1/4826 2618/1/4825
s 1983
f 2623/1/4827 2624/1/4827 2619/1/4827
f 2619/1/4827 2618/1/4827 2623/1/4827
s 1984
f 2622/1/4828 2619/1/4828 2624/1/4828
f 2624/1/4828 2625/1/4828 2622/1/4828
s 1985
f 1815/1/4829 1814/1/4829 2622/1/4829
f 2622/1/4829 2625/1/4829 1815/1/4829
s 1986
f 2622/1/4830 1814/1/4831 1813/1/4832
f 1813/1/4832 2620/1/4831 2622/1/4830
s 1987
f 1813/1/4833 1812/1/4833 2621/1/4833
f 2621/1/4833 2620/1/4833 1813/1/4833
s 1988
f 1812/1/4834 1795/1/4834 2601/1/4834
f 2601/1/4834 2621/1/4834 1812/1/4834
s 1989
f 2600/1/4835 2616/1/4836 2621/1/4836
f 2621/1/4836 2601/1/4836 2600/1/4835
s 1990
f 2599/1/4837 2617/1/4837 2616/1/4837
f 2616/1/4837 2600/1/4837 2599/1/4837
s 1991
f 2626/1/4390 2627/1/4390 2628/1/4390
f 2628/1/4390 2629/1/4390 2626/1/4390
s 1992
f 2630/1/4838 2631/1/4838 2627/1/4388
f 2627/1/4388 2626/1/4838 2630/1/4838
s 1993
f 2627/1/4839 2632/1/4392 2633/1/4840
f 2633/1/4840 2628/1/4841 2627/1/4839
s 1994
f 2631/1/4391 2634/1/4391 2632/1/4391
f 2632/1/4391 2627/1/4391 2631/1/4391
s 1995
f 2629/1/4397 2635/1/4397 1313/1/4397
f 1313/1/4397 1312/1/4397 2629/1/4397
s 1996
f 1322/1/4396 2626/1/4842 2629/1/4842
f 2629/1/4842 1312/1/4396 1322/1/4396
s 1997
f 1322/1/4394 1321/1/4394 2630/1/4394
f 2630/1/4394 2626/1/4394 1322/1/4394
s 1998
f 1321/1/4393 1293/1/4393 2611/1/4393
f 2611/1/4393 2630/1/4393 1321/1/4393
s 1999
f 2631/1/4407 2630/1/4407 2611/1/4407
f 2611/1/4407 2613/1/4407 2631/1/4407
s 2000
f 2612/1/4406 2634/1/4406 2631/1/4406
f 2631/1/4406 2613/1/4406 2612/1/4406
s 2001
f 2612/1/4405 1908/1/4405 1931/1/4405
f 1931/1/4405 2634/1/4405 2612/1/4405
s 2002
f 2634/1/4843 1931/1/4843 1930/1/4843
f 1930/1/4843 2632/1/4844 2634/1/4843
s 2003
f 2632/1/4402 1930/1/4402 1929/1/4402
f 1929/1/4402 2633/1/4845 2632/1/4402
s 2004
f 2633/1/4401 1929/1/4401 1928/1/4401
f 1928/1/4401 2636/1/4401 2633/1/4401
s 2005
f 2633/1/4399 2636/1/4399 2637/1/4846
f 2637/1/4846 2628/1/4399 2633/1/4399
s 2006
f 2628/1/4398 2637/1/4398 2635/1/4398
f 2635/1/4398 2629/1/4398 2628/1/4398
s 2007
f 2638/1/4847 2639/1/4847 2640/1/4847
f 2640/1/4847 2641/1/4847 2638/1/4847
s 2008
f 2642/1/4848 2643/1/4849 2639/1/4850
f 2639/1/4850 2638/1/4851 2642/1/4848
s 2009
f 2639/1/4852 2644/1/4853 2645/1/4853
f 2645/1/4853 2640/1/4853 2639/1/4852
s 2010
f 2646/1/4854 2644/1/4855 2639/1/4856
f 2639/1/4856 2643/1/4857 2646/1/4854
s 2011
f 2623/1/4858 1198/1/4859 1220/1/4858
f 1220/1/4858 2641/1/4858 2623/1/4858
s 2012
f 2641/1/4860 1220/1/4860 1219/1/4860
f 1219/1/4860 2638/1/4860 2641/1/4860
s 2013
f 2642/1/4861 2638/1/4861 1219/1/4861
f 1219/1/4861 1217/1/4861 2642/1/4861
s 2014
f 2642/1/4862 1217/1/4863 1218/1/4864
f 1218/1/4864 2647/1/4865 2642/1/4862
s 2015
f 2647/1/4866 2648/1/4866 2643/1/4866
f 2643/1/4866 2642/1/4866 2647/1/4866
s 2016
f 2646/1/4867 2643/1/4867 2648/1/4867
f 2648/1/4867 2649/1/4867 2646/1/4867
s 2017
f 1835/1/4868 1834/1/4869 2646/1/4869
f 2646/1/4869 2649/1/4868 1835/1/4868
s 2018
f 2646/1/4870 1834/1/4870 1833/1/4870
f 1833/1/4870 2644/1/4870 2646/1/4870
s 2019
f 1833/1/4871 1832/1/4871 2645/1/4871
f 2645/1/4871 2644/1/4871 1833/1/4871
s 2020
f 1832/1/4872 1815/1/4872 2625/1/4872
f 2625/1/4872 2645/1/4872 1832/1/4872
s 2021
f 2624/1/4873 2640/1/4873 2645/1/4874
f 2645/1/4874 2625/1/4873 2624/1/4873
s 2022
f 2640/1/4875 2624/1/4875 2623/1/4875
f 2623/1/4875 2641/1/4875 2640/1/4875
s 2023
f 2650/1/4428 2651/1/4428 2652/1/4427
f 2652/1/4427 2653/1/4428 2650/1/4428
s 2024
f 2654/1/4425 2655/1/4425 2651/1/4425
f 2651/1/4425 2650/1/4425 2654/1/4425
s 2025
f 2651/1/4431 2656/1/4431 2657/1/4431
f 2657/1/4431 2652/1/4431 2651/1/4431
s 2026
f 2655/1/4430 2658/1/4430 2656/1/4430
f 2656/1/4430 2651/1/4430 2655/1/4430
s 2027
f 2653/1/4876 2659/1/4877 1333/1/4441
f 1333/1/4441 1332/1/4441 2653/1/4876
s 2028
f 1342/1/4440 2650/1/4439 2653/1/4440
f 2653/1/4440 1332/1/4438 1342/1/4440
s 2029
f 1342/1/4878 1341/1/4879 2654/1/4880
f 2654/1/4880 2650/1/4881 1342/1/4878
s 2030
f 1341/1/4882 1313/1/4433 2635/1/4883
f 2635/1/4883 2654/1/4884 1341/1/4882
s 2031
f 2655/1/4885 2654/1/4885 2635/1/4886
f 2635/1/4886 2637/1/4457 2655/1/4885
s 2032
f 2636/1/4453 2658/1/4453 2655/1/4453
f 2655/1/4453 2637/1/4453 2636/1/4453
s 2033
f 2636/1/4451 1928/1/4451 1951/1/4451
f 1951/1/4451 2658/1/4451 2636/1/4451
s 2034
f 2658/1/4450 1951/1/4450 1950/1/4887
f 1950/1/4887 2656/1/4450 2658/1/4450
s 2035
f 2656/1/4449 1950/1/4449 1949/1/4449
f 1949/1/4449 2657/1/4888 2656/1/4449
s 2036
f 2657/1/4444 1949/1/4444 1948/1/4444
f 1948/1/4444 2660/1/4444 2657/1/4444
s 2037
f 2657/1/4443 2660/1/4443 2661/1/4443
f 2661/1/4443 2652/1/4443 2657/1/4443
s 2038
f 2652/1/4889 2661/1/4442 2659/1/4442
f 2659/1/4442 2653/1/4442 2652/1/4889
s 2039
f 2662/1/4890 2663/1/4890 2664/1/4890
f 2664/1/4890 2665/1/4891 2662/1/4890
s 2040
f 2666/1/4892 2667/1/4893 2663/1/4893
f 2663/1/4893 2662/1/4894 2666/1/4892
s 2041
f 2663/1/4895 2668/1/4895 2669/1/4896
f 2669/1/4896 2664/1/4896 2663/1/4895
s 2042
f 2670/1/4897 2668/1/4898 2663/1/4899
f 2663/1/4899 2667/1/4899 2670/1/4897
s 2043
f 2647/1/4900 1218/1/4901 1240/1/4900
f 1240/1/4900 2665/1/4902 2647/1/4900
s 2044
f 2665/1/4903 1240/1/4903 1239/1/4903
f 1239/1/4903 2662/1/4903 2665/1/4903
s 2045
f 2666/1/4904 2662/1/4905 1239/1/4905
f 1239/1/4905 1237/1/4905 2666/1/4904
s 2046
f 2666/1/4906 1237/1/4907 1238/1/4906
f 1238/1/4906 2671/1/4906 2666/1/4906
s 2047
f 2671/1/4908 2672/1/4909 2667/1/4910
f 2667/1/4910 2666/1/4910 2671/1/4908
s 2048
f 2670/1/4911 2667/1/4911 2672/1/4911
f 2672/1/4911 2673/1/4912 2670/1/4911
s 2049
f 1855/1/4913 1854/1/4913 2670/1/4913
f 2670/1/4913 2673/1/4913 1855/1/4913
s 2050
f 2670/1/4914 1854/1/4915 1853/1/4916
f 1853/1/4916 2668/1/4917 2670/1/4914
s 2051
f 1853/1/4918 1852/1/4918 2669/1/4918
f 2669/1/4918 2668/1/4919 1853/1/4918
s 2052
f 1852/1/4920 1835/1/4920 2649/1/4920
f 2649/1/4920 2669/1/4920 1852/1/4920
s 2053
f 2648/1/4921 2664/1/4921 2669/1/4921
f 2669/1/4921 2649/1/4921 2648/1/4921
s 2054
f 2647/1/4922 2665/1/4922 2664/1/4922
f 2664/1/4922 2648/1/4922 2647/1/4922
s 2055
f 2674/1/4472 2675/1/4472 2676/1/4472
f 2676/1/4472 2677/1/4472 2674/1/4472
s 2056
f 2678/1/4470 2679/1/4923 2675/1/4923
f 2675/1/4923 2674/1/4470 2678/1/4470
s 2057
f 2675/1/4475 2680/1/4475 2681/1/4475
f 2681/1/4475 2676/1/4475 2675/1/4475
s 2058
f 2679/1/4474 2682/1/4474 2680/1/4474
f 2680/1/4474 2675/1/4473 2679/1/4474
s 2059
f 2677/1/4485 2683/1/4485 1353/1/4486
f 1353/1/4486 1352/1/4486 2677/1/4485
s 2060
f 1362/1/4924 2674/1/4483 2677/1/4924
f 2677/1/4924 1352/1/4925 1362/1/4924
s 2061
f 1362/1/4480 1361/1/4480 2678/1/4480
f 2678/1/4480 2674/1/4480 1362/1/4480
s 2062
f 1361/1/4477 1333/1/4477 2659/1/4477
f 2659/1/4477 2678/1/4477 1361/1/4477
s 2063
f 2679/1/4926 2678/1/4504 2659/1/4926
f 2659/1/4926 2661/1/4926 2679/1/4926
s 2064
f 2660/1/4503 2682/1/4503 2679/1/4503
f 2679/1/4503 2661/1/4503 2660/1/4503
s 2065
f 2660/1/4498 1948/1/4498 1971/1/4498
f 1971/1/4498 2682/1/4498 2660/1/4498
s 2066
f 2682/1/4495 1971/1/4496 1970/1/4495
f 1970/1/4495 2680/1/4496 2682/1/4495
s 2067
f 2680/1/4494 1970/1/4494 1969/1/4494
f 1969/1/4494 2681/1/4494 2680/1/4494
s 2068
f 2681/1/4492 1969/1/4492 1968/1/4492
f 1968/1/4492 2684/1/4492 2681/1/4492
s 2069
f 2685/1/4491 2676/1/4490 2681/1/4490
f 2681/1/4490 2684/1/4490 2685/1/4491
s 2070
f 2676/1/4488 2685/1/4927 2683/1/4488
f 2683/1/4488 2677/1/4928 2676/1/4488
s 2071
f 2686/1/4929 2687/1/4929 2688/1/4929
f 2688/1/4929 2689/1/4929 2686/1/4929
s 2072
f 2690/1/4930 2691/1/4931 2687/1/4930
f 2687/1/4930 2686/1/4932 2690/1/4930
s 2073
f 2687/1/4933 2692/1/4933 2693/1/4933
f 2693/1/4933 2688/1/4933 2687/1/4933
s 2074
f 2694/1/4934 2692/1/4935 2687/1/4934
f 2687/1/4934 2691/1/4936 2694/1/4934
s 2075
f 2671/1/4937 1238/1/4937 1260/1/4937
f 1260/1/4937 2689/1/4937 2671/1/4937
s 2076
f 2689/1/4938 1260/1/4938 1259/1/4938
f 1259/1/4938 2686/1/4938 2689/1/4938
s 2077
f 2690/1/4939 2686/1/4940 1259/1/4941
f 1259/1/4941 1257/1/4939 2690/1/4939
s 2078
f 2690/1/4942 1257/1/4942 1258/1/4943
f 1258/1/4943 2695/1/4943 2690/1/4942
s 2079
f 2695/1/4944 2696/1/4944 2691/1/4944
f 2691/1/4944 2690/1/4944 2695/1/4944
s 2080
f 2694/1/4945 2691/1/4946 2696/1/4945
f 2696/1/4945 2697/1/4945 2694/1/4945
s 2081
f 1875/1/4947 1874/1/4947 2694/1/4947
f 2694/1/4947 2697/1/4947 1875/1/4947
s 2082
f 2694/1/4948 1874/1/4949 1873/1/4949
f 1873/1/4949 2692/1/4949 2694/1/4948
s 2083
f 1873/1/4950 1872/1/4950 2693/1/4950
f 2693/1/4950 2692/1/4950 1873/1/4950
s 2084
f 1872/1/4951 1855/1/4952 2673/1/4952
f 2673/1/4952 2693/1/4952 1872/1/4951
s 2085
f 2672/1/4953 2688/1/4953 2693/1/4953
f 2693/1/4953 2673/1/4954 2672/1/4953
s 2086
f 2671/1/4955 2689/1/4955 2688/1/4956
f 2688/1/4956 2672/1/4957 2671/1/4955
s 2087
f 2698/1/4958 2699/1/4959 2700/1/4958
f 2700/1/4958 2701/1/4958 2698/1/4958
s 2088
f 2702/1/4524 2703/1/4524 2699/1/4524
f 2699/1/4524 2698/1/4524 2702/1/4524
s 2089
f 2699/1/4529 2704/1/4529 2705/1/4529
f 2705/1/4529 2700/1/4529 2699/1/4529
s 2090
f 2703/1/4526 2706/1/4960 2704/1/4961
f 2704/1/4961 2699/1/4961 2703/1/4526
s 2091
f 2701/1/4536 2707/1/4536 1373/1/4536
f 1373/1/4536 1372/1/4536 2701/1/4536
s 2092
f 1382/1/4962 2698/1/4963 2701/1/4535
f 2701/1/4535 1372/1/4535 1382/1/4962
s 2093
f 1382/1/4532 1381/1/4532 2702/1/4532
f 2702/1/4532 2698/1/4532 1382/1/4532
s 2094
f 1381/1/4530 1353/1/4530 2683/1/4530
f 2683/1/4530 2702/1/4530 1381/1/4530
s 2095
f 2703/1/4964 2702/1/4547 2683/1/4964
f 2683/1/4964 2685/1/4965 2703/1/4964
s 2096
f 2684/1/4543 2706/1/4543 2703/1/4543
f 2703/1/4543 2685/1/4543 2684/1/4543
s 2097
f 2684/1/4542 1968/1/4542 1991/1/4542
f 1991/1/4542 2706/1/4542 2684/1/4542
s 2098
f 2706/1/4541 1991/1/4541 1990/1/4541
f 1990/1/4541 2704/1/4541 2706/1/4541
s 2099
f 2704/1/4966 1990/1/4966 1989/1/4966
f 1989/1/4966 2705/1/4966 2704/1/4966
s 2100
f 2705/1/4539 1989/1/4539 1988/1/4539
f 1988/1/4539 2708/1/4539 2705/1/4539
s 2101
f 2709/1/4967 2700/1/4538 2705/1/4538
f 2705/1/4538 2708/1/4538 2709/1/4967
s 2102
f 2700/1/4968 2709/1/4537 2707/1/4537
f 2707/1/4537 2701/1/4537 2700/1/4968
s 2103
f 2710/1/4969 2711/1/4969 2712/1/4969
f 2712/1/4969 2713/1/4969 2710/1/4969
s 2104
f 2714/1/4970 2715/1/4970 2711/1/4971
f 2711/1/4971 2710/1/4970 2714/1/4970
s 2105
f 2711/1/4972 2716/1/4973 2717/1/4973
f 2717/1/4973 2712/1/4972 2711/1/4972
s 2106
f 2718/1/4974 2716/1/4974 2711/1/4974
f 2711/1/4974 2715/1/4974 2718/1/4974
s 2107
f 2695/1/4975 1258/1/4975 1280/1/4975
f 1280/1/4975 2713/1/4975 2695/1/4975
s 2108
f 2713/1/4976 1280/1/4977 1279/1/4976
f 1279/1/4976 2710/1/4978 2713/1/4976
s 2109
f 2714/1/4979 2710/1/4979 1279/1/4979
f 1279/1/4979 1277/1/4979 2714/1/4979
s 2110
f 2714/1/4980 1277/1/4980 1278/1/4980
f 1278/1/4980 2719/1/4980 2714/1/4980
s 2111
f 2719/1/4981 2720/1/4981 2715/1/4981
f 2715/1/4981 2714/1/4981 2719/1/4981
s 2112
f 2718/1/4982 2715/1/4982 2720/1/4982
f 2720/1/4982 2721/1/4982 2718/1/4982
s 2113
f 1895/1/4983 1894/1/4984 2718/1/4985
f 2718/1/4985 2721/1/4985 1895/1/4983
s 2114
f 2718/1/4986 1894/1/4986 1893/1/4986
f 1893/1/4986 2716/1/4986 2718/1/4986
s 2115
f 1893/1/4987 1892/1/4987 2717/1/4988
f 2717/1/4988 2716/1/4987 1893/1/4987
s 2116
f 1892/1/4989 1875/1/4990 2697/1/4990
f 2697/1/4990 2717/1/4989 1892/1/4989
s 2117
f 2696/1/4991 2712/1/4992 2717/1/4991
f 2717/1/4991 2697/1/4991 2696/1/4991
s 2118
f 2712/1/4993 2696/1/4994 2695/1/4993
f 2695/1/4993 2713/1/4995 2712/1/4993
s 2119
f 2722/1/4996 2723/1/4561 2724/1/4561
f 2724/1/4561 2725/1/4561 2722/1/4996
s 2120
f 2726/1/4997 2727/1/4998 2723/1/4560
f 2723/1/4560 2722/1/4997 2726/1/4997
s 2121
f 2723/1/4999 2728/1/4999 2729/1/4999
f 2729/1/4999 2724/1/4999 2723/1/4999
s 2122
f 2727/1/4562 2730/1/4563 2728/1/5000
f 2728/1/5000 2723/1/5001 2727/1/4562
s 2123
f 2725/1/4574 2731/1/4575 1393/1/4575
f 1393/1/4575 1392/1/4575 2725/1/4574
s 2124
f 1402/1/5002 2722/1/4573 2725/1/4573
f 2725/1/4573 1392/1/4573 1402/1/5002
s 2125
f 1402/1/5003 1401/1/4568 2726/1/4568
f 2726/1/4568 2722/1/4568 1402/1/5003
s 2126
f 1401/1/4566 1373/1/4566 2707/1/4566
f 2707/1/4566 2726/1/4566 1401/1/4566
s 2127
f 2727/1/5004 2726/1/4591 2707/1/4591
f 2707/1/4591 2709/1/4591 2727/1/5004
s 2128
f 2708/1/5005 2730/1/4589 2727/1/5005
f 2727/1/5005 2709/1/5005 2708/1/5005
s 2129
f 2708/1/4588 1988/1/4588 2011/1/4588
f 2011/1/4588 2730/1/4588 2708/1/4588
s 2130
f 2730/1/4585 2011/1/4585 2010/1/4585
f 2010/1/4585 2728/1/4585 2730/1/4585
s 2131
f 2728/1/4583 2010/1/4583 2009/1/4583
f 2009/1/4583 2729/1/4583 2728/1/4583
s 2132
f 2729/1/4581 2009/1/4581 2008/1/4581
f 2008/1/4581 2732/1/4581 2729/1/4581
s 2133
f 2729/1/5006 2732/1/5006 2733/1/5006
f 2733/1/5006 2724/1/5006 2729/1/5006
s 2134
f 2724/1/5007 2733/1/4578 2731/1/4578
f 2731/1/4578 2725/1/4578 2724/1/5007
s 2135
f 2734/1/4815 2735/1/4815 2736/1/4815
f 2736/1/4815 2737/1/5008 2734/1/4815
s 2136
f 2738/1/4814 2739/1/4814 2735/1/4814
f 2735/1/4814 2734/1/4814 2738/1/4814
s 2137
f 2735/1/4818 2740/1/5009 2741/1/4818
f 2741/1/4818 2736/1/4818 2735/1/4818
s 2138
f 2735/1/4816 2739/1/4816 2742/1/4816
f 2742/1/4816 2740/1/4816 2735/1/4816
s 2139
f 2737/1/5010 2743/1/4826 869/1/4826
f 869/1/4826 868/1/4826 2737/1/5010
s 2140
f 2737/1/5011 868/1/5011 882/1/5011
f 882/1/5011 2734/1/5011 2737/1/5011
s 2141
f 880/1/5012 2738/1/5013 2734/1/5012
f 2734/1/5012 882/1/4820 880/1/5012
s 2142
f 2137/1/5014 2738/1/5015 880/1/5014
f 880/1/5014 881/1/5016 2137/1/5014
s 2143
f 2738/1/4837 2137/1/4837 2142/1/4837
f 2142/1/4837 2739/1/4837 2738/1/4837
s 2144
f 2739/1/4836 2142/1/4836 2141/1/4836
f 2141/1/4836 2742/1/4836 2739/1/4836
s 2145
f 847/1/5017 846/1/4834 2742/1/4834
f 2742/1/4834 2141/1/4834 847/1/5017
s 2146
f 2742/1/4833 846/1/4833 845/1/4833
f 845/1/4833 2740/1/4833 2742/1/4833
s 2147
f 2741/1/5018 2740/1/5019 845/1/5018
f 845/1/5018 844/1/5018 2741/1/5018
s 2148
f 844/1/4829 843/1/4829 2744/1/5020
f 2744/1/5020 2741/1/4829 844/1/4829
s 2149
f 2736/1/4828 2741/1/4828 2744/1/4828
f 2744/1/4828 2745/1/4828 2736/1/4828
s 2150
f 2736/1/4827 2745/1/4827 2743/1/4827
f 2743/1/4827 2737/1/5021 2736/1/4827
s 2151
f 2746/1/5022 2747/1/5022 2748/1/5022
f 2748/1/5022 2749/1/5022 2746/1/5022
s 2152
f 2750/1/5023 2751/1/5023 2747/1/5024
f 2747/1/5024 2746/1/5023 2750/1/5023
s 2153
f 2747/1/5025 2752/1/5025 2753/1/5025
f 2753/1/5025 2748/1/5025 2747/1/5025
s 2154
f 2754/1/5026 2752/1/5027 2747/1/5026
f 2747/1/5026 2751/1/3892 2754/1/5026
s 2155
f 2719/1/3899 1278/1/3899 1300/1/3899
f 1300/1/3899 2749/1/3899 2719/1/3899
s 2156
f 2749/1/5028 1300/1/3898 1299/1/3898
f 1299/1/3898 2746/1/3898 2749/1/5028
s 2157
f 2750/1/5029 2746/1/3897 1299/1/3897
f 1299/1/3897 1297/1/3897 2750/1/5029
s 2158
f 2755/1/5030 2750/1/5031 1297/1/5030
f 1297/1/5030 1298/1/3896 2755/1/5030
s 2159
f 2755/1/3916 2756/1/3916 2751/1/3916
f 2751/1/3916 2750/1/5032 2755/1/3916
s 2160
f 2754/1/5033 2751/1/5034 2756/1/3914
f 2756/1/3914 2757/1/3914 2754/1/5033
s 2161
f 2754/1/5035 2757/1/5036 1915/1/5035
f 1915/1/5035 1914/1/5035 2754/1/5035
s 2162
f 2754/1/3912 1914/1/3912 1913/1/3912
f 1913/1/3912 2752/1/3912 2754/1/3912
s 2163
f 1913/1/3910 1912/1/3910 2753/1/3910
f 2753/1/3910 2752/1/3910 1913/1/3910
s 2164
f 1912/1/3908 1895/1/3908 2721/1/3908
f 2721/1/3908 2753/1/3908 1912/1/3908
s 2165
f 2721/1/3906 2720/1/3906 2748/1/3906
f 2748/1/3906 2753/1/3906 2721/1/3906
s 2166
f 2719/1/5037 2749/1/3901 2748/1/3901
f 2748/1/3901 2720/1/3901 2719/1/5037
s 2167
f 2758/1/4607 2759/1/5038 2760/1/5038
f 2760/1/5038 2761/1/4608 2758/1/4607
s 2168
f 2762/1/4606 2763/1/4606 2759/1/4606
f 2759/1/4606 2758/1/4606 2762/1/4606
s 2169
f 2759/1/5039 2764/1/5040 2765/1/5039
f 2765/1/5039 2760/1/5039 2759/1/5039
s 2170
f 2763/1/4609 2766/1/4609 2764/1/4609
f 2764/1/4609 2759/1/4609 2763/1/4609
s 2171
f 2761/1/4616 2767/1/4616 1413/1/4616
f 1413/1/4616 1412/1/4616 2761/1/4616
s 2172
f 1422/1/4614 2758/1/4614 2761/1/4614
f 2761/1/4614 1412/1/4614 1422/1/4614
s 2173
f 1422/1/5041 1421/1/5042 2762/1/5043
f 2762/1/5043 2758/1/5042 1422/1/5041
s 2174
f 1421/1/5044 1393/1/4611 2731/1/5045
f 2731/1/5045 2762/1/4611 1421/1/5044
s 2175
f 2763/1/5046 2762/1/5046 2731/1/5047
f 2731/1/5047 2733/1/5046 2763/1/5046
s 2176
f 2732/1/4626 2766/1/4626 2763/1/4626
f 2763/1/4626 2733/1/4626 2732/1/4626
s 2177
f 2732/1/4625 2008/1/5048 2031/1/5049
f 2031/1/5049 2766/1/4625 2732/1/4625
s 2178
f 2766/1/5050 2031/1/4624 2030/1/4624
f 2030/1/4624 2764/1/4624 2766/1/5050
s 2179
f 2764/1/5051 2030/1/5052 2029/1/5051
f 2029/1/5051 2765/1/5051 2764/1/5051
s 2180
f 2029/1/4622 2028/1/4622 2768/1/5053
f 2768/1/5053 2765/1/4622 2029/1/4622
s 2181
f 2760/1/5054 2765/1/4620 2768/1/4620
f 2768/1/4620 2769/1/5055 2760/1/5054
s 2182
f 2761/1/4618 2760/1/4618 2769/1/5056
f 2769/1/5056 2767/1/5056 2761/1/4618
s 2183
f 2770/1/5057 2771/1/5058 2772/1/5057
f 2772/1/5057 2773/1/5059 2770/1/5057
s 2184
f 2774/1/4847 2775/1/4847 2771/1/5060
f 2771/1/5060 2770/1/4847 2774/1/4847
s 2185
f 2771/1/5061 2776/1/5061 2777/1/5061
f 2777/1/5061 2772/1/5061 2771/1/5061
s 2186
f 2771/1/4853 2775/1/4853 2778/1/5062
f 2778/1/5062 2776/1/5062 2771/1/4853
s 2187
f 893/1/4862 892/1/4862 2773/1/4862
f 2773/1/4862 2779/1/4862 893/1/4862
s 2188
f 2773/1/4861 892/1/4861 902/1/5063
f 902/1/5063 2770/1/4861 2773/1/4861
s 2189
f 902/1/5064 901/1/4860 2774/1/5064
f 2774/1/5064 2770/1/5064 902/1/5064
s 2190
f 2774/1/4858 901/1/5065 869/1/5066
f 869/1/5066 2743/1/4859 2774/1/4858
s 2191
f 2745/1/4875 2775/1/4875 2774/1/4875
f 2774/1/4875 2743/1/4875 2745/1/4875
s 2192
f 2744/1/4873 2778/1/4873 2775/1/4873
f 2775/1/4873 2745/1/4873 2744/1/4873
s 2193
f 843/1/5067 1511/1/5068 2778/1/5068
f 2778/1/5068 2744/1/5069 843/1/5067
s 2194
f 2778/1/5070 1511/1/5070 1510/1/4871
f 1510/1/4871 2776/1/4871 2778/1/5070
s 2195
f 2777/1/4870 2776/1/4870 1510/1/5071
f 1510/1/5071 1507/1/4870 2777/1/4870
s 2196
f 1507/1/5072 1509/1/5072 2780/1/5072
f 2780/1/5072 2777/1/5072 1507/1/5072
s 2197
f 2772/1/4867 2777/1/5073 2780/1/4867
f 2780/1/4867 2781/1/4867 2772/1/4867
s 2198
f 2772/1/5074 2781/1/4866 2779/1/5074
f 2779/1/5074 2773/1/5075 2772/1/5074
s 2199
f 2782/1/3980 2783/1/5076 2784/1/3980
f 2784/1/3980 2785/1/3980 2782/1/3980
s 2200
f 2786/1/3978 2787/1/5077 2783/1/3978
f 2783/1/3978 2782/1/3978 2786/1/3978
s 2201
f 2783/1/5078 2788/1/5079 2789/1/5078
f 2789/1/5078 2784/1/5079 2783/1/5078
s 2202
f 2790/1/3982 2788/1/3982 2783/1/3982
f 2783/1/3982 2787/1/3982 2790/1/3982
s 2203
f 2755/1/3988 1298/1/3988 1320/1/5080
f 1320/1/5080 2785/1/3988 2755/1/3988
s 2204
f 2785/1/5081 1320/1/5081 1319/1/5081
f 1319/1/5081 2782/1/5081 2785/1/5081
s 2205
f 2786/1/3986 2782/1/3986 1319/1/3986
f 1319/1/3986 1317/1/3986 2786/1/3986
s 2206
f 2791/1/5082 2786/1/3984 1317/1/5082
f 1317/1/5082 1318/1/3985 2791/1/5082
s 2207
f 2791/1/4001 2792/1/4001 2787/1/4001
f 2787/1/4001 2786/1/4001 2791/1/4001
s 2208
f 2790/1/3999 2787/1/3999 2792/1/3999
f 2792/1/3999 2793/1/3999 2790/1/3999
s 2209
f 2790/1/3997 2793/1/5083 1935/1/5084
f 1935/1/5084 1934/1/3997 2790/1/3997
s 2210
f 2790/1/5085 1934/1/5085 1933/1/5085
f 1933/1/5085 2788/1/5085 2790/1/5085
s 2211
f 1933/1/3992 1932/1/3992 2789/1/3992
f 2789/1/3992 2788/1/3992 1933/1/3992
s 2212
f 1932/1/3991 1915/1/3991 2757/1/3991
f 2757/1/3991 2789/1/3991 1932/1/3991
s 2213
f 2784/1/5086 2789/1/3990 2757/1/5087
f 2757/1/5087 2756/1/3990 2784/1/5086
s 2214
f 2785/1/3989 2784/1/3989 2756/1/3989
f 2756/1/3989 2755/1/3989 2785/1/3989
s 2215
f 2794/1/5088 2795/1/4654 2796/1/5089
f 2796/1/5089 2797/1/4654 2794/1/5088
s 2216
f 2798/1/4652 2799/1/4652 2795/1/4652
f 2795/1/4652 2794/1/4652 2798/1/4652
s 2217
f 2795/1/4658 2800/1/4658 2801/1/4658
f 2801/1/4658 2796/1/4658 2795/1/4658
s 2218
f 2799/1/4655 2802/1/4655 2800/1/4655
f 2800/1/4655 2795/1/4655 2799/1/4655
s 2219
f 2797/1/4664 2803/1/4664 1433/1/4664
f 1433/1/4664 1432/1/4664 2797/1/4664
s 2220
f 1442/1/4662 2794/1/4662 2797/1/4662
f 2797/1/4662 1432/1/4662 1442/1/4662
s 2221
f 1442/1/4661 1441/1/4661 2798/1/4661
f 2798/1/4661 2794/1/4661 1442/1/4661
s 2222
f 1441/1/4660 1413/1/4660 2767/1/5090
f 2767/1/5090 2798/1/4660 1441/1/4660
s 2223
f 2798/1/4683 2767/1/4683 2769/1/5091
f 2769/1/5091 2799/1/4683 2798/1/4683
s 2224
f 2768/1/4682 2802/1/4682 2799/1/4682
f 2799/1/4682 2769/1/4682 2768/1/4682
s 2225
f 2051/1/5092 2802/1/5093 2768/1/5092
f 2768/1/5092 2028/1/5094 2051/1/5092
s 2226
f 2802/1/5095 2051/1/4677 2050/1/4677
f 2050/1/4677 2800/1/4677 2802/1/5095
s 2227
f 2800/1/4676 2050/1/4676 2049/1/4676
f 2049/1/4676 2801/1/4676 2800/1/4676
s 2228
f 2049/1/4673 2048/1/4673 2804/1/4673
f 2804/1/4673 2801/1/4673 2049/1/4673
s 2229
f 2796/1/4671 2801/1/4669 2804/1/4669
f 2804/1/4669 2805/1/4671 2796/1/4671
s 2230
f 2797/1/5096 2796/1/5097 2805/1/5096
f 2805/1/5096 2803/1/5096 2797/1/5096
s 2231
f 2806/1/4894 2807/1/4894 2808/1/4894
f 2808/1/4894 2809/1/4894 2806/1/4894
s 2232
f 2810/1/5098 2811/1/4890 2807/1/4890
f 2807/1/4890 2806/1/5098 2810/1/5098
s 2233
f 2807/1/4899 2812/1/4899 2813/1/4899
f 2813/1/4899 2808/1/4899 2807/1/4899
s 2234
f 2807/1/4896 2811/1/4896 2814/1/4896
f 2814/1/4896 2812/1/4896 2807/1/4896
s 2235
f 2809/1/5099 2815/1/4906 913/1/4906
f 913/1/4906 912/1/4906 2809/1/5099
s 2236
f 2809/1/5100 912/1/5100 922/1/4905
f 922/1/4905 2806/1/4905 2809/1/5100
s 2237
f 2806/1/5101 922/1/5101 921/1/5101
f 921/1/5101 2810/1/4903 2806/1/5101
s 2238
f 921/1/5102 893/1/5103 2779/1/5103
f 2779/1/5103 2810/1/4902 921/1/5102
s 2239
f 2781/1/4922 2811/1/4922 2810/1/4922
f 2810/1/4922 2779/1/4922 2781/1/4922
s 2240
f 2780/1/4921 2814/1/4921 2811/1/4921
f 2811/1/4921 2781/1/4921 2780/1/4921
s 2241
f 1531/1/4920 2814/1/4920 2780/1/4920
f 2780/1/4920 1509/1/4920 1531/1/4920
s 2242
f 2814/1/4918 1531/1/4918 1530/1/4919
f 1530/1/4919 2812/1/4918 2814/1/4918
s 2243
f 2813/1/4917 2812/1/5104 1530/1/4917
f 1530/1/4917 1529/1/4917 2813/1/4917
s 2244
f 1529/1/4913 1528/1/4913 2816/1/4913
f 2816/1/4913 2813/1/5105 1529/1/4913
s 2245
f 2808/1/4911 2813/1/4911 2816/1/4911
f 2816/1/4911 2817/1/4911 2808/1/4911
s 2246
f 2808/1/4910 2817/1/4910 2815/1/4910
f 2815/1/4910 2809/1/4910 2808/1/4910
s 2247
f 2818/1/5106 2819/1/4062 2820/1/5107
f 2820/1/5107 2821/1/4062 2818/1/5106
s 2248
f 2822/1/5108 2823/1/4061 2819/1/5108
f 2819/1/5108 2818/1/4061 2822/1/5108
s 2249
f 2819/1/4066 2824/1/5109 2825/1/5110
f 2825/1/5110 2820/1/4066 2819/1/4066
s 2250
f 2826/1/4064 2824/1/4064 2819/1/4064
f 2819/1/4064 2823/1/4064 2826/1/4064
s 2251
f 2791/1/4073 1318/1/5111 1340/1/4073
f 1340/1/4073 2821/1/4075 2791/1/4073
s 2252
f 2821/1/4072 1340/1/4072 1339/1/4072
f 1339/1/4072 2818/1/4072 2821/1/4072
s 2253
f 2822/1/5112 2818/1/5113 1339/1/4070
f 1339/1/4070 1337/1/4070 2822/1/5112
s 2254
f 2827/1/5114 2822/1/5114 1337/1/4067
f 1337/1/4067 1338/1/4067 2827/1/5114
s 2255
f 2827/1/4089 2828/1/4089 2823/1/4089
f 2823/1/4089 2822/1/4089 2827/1/4089
s 2256
f 2826/1/4088 2823/1/4087 2828/1/4087
f 2828/1/4087 2829/1/4087 2826/1/4088
s 2257
f 2826/1/4086 2829/1/4086 1955/1/4086
f 1955/1/4086 1954/1/4086 2826/1/4086
s 2258
f 2826/1/4084 1954/1/5115 1953/1/4083
f 1953/1/4083 2824/1/4084 2826/1/4084
s 2259
f 1953/1/5116 1952/1/5117 2825/1/5116
f 2825/1/5116 2824/1/4082 1953/1/5116
s 2260
f 1952/1/5118 1935/1/5119 2793/1/5118
f 2793/1/5118 2825/1/4079 1952/1/5118
s 2261
f 2820/1/5120 2825/1/5120 2793/1/5120
f 2793/1/5120 2792/1/5120 2820/1/5120
s 2262
f 2821/1/4076 2820/1/4076 2792/1/4076
f 2792/1/4076 2791/1/4076 2821/1/4076
s 2263
f 2830/1/5121 2831/1/5122 2832/1/5123
f 2832/1/5123 2833/1/5124 2830/1/5121
s 2264
f 2834/1/4703 2835/1/4703 2831/1/4703
f 2831/1/4703 2830/1/4703 2834/1/4703
s 2265
f 2831/1/5125 2836/1/5125 2837/1/5125
f 2837/1/5125 2832/1/4706 2831/1/5125
s 2266
f 2835/1/5126 2838/1/4705 2836/1/5126
f 2836/1/5126 2831/1/4705 2835/1/5126
s 2267
f 2833/1/4714 2839/1/4714 1453/1/4714
f 1453/1/4714 1452/1/4714 2833/1/4714
s 2268
f 1462/1/4713 2830/1/4713 2833/1/4713
f 2833/1/4713 1452/1/4713 1462/1/4713
s 2269
f 1462/1/4711 1461/1/4711 2834/1/4711
f 2834/1/4711 2830/1/4711 1462/1/4711
s 2270
f 1461/1/4709 1433/1/4709 2803/1/4709
f 2803/1/4709 2834/1/5127 1461/1/4709
s 2271
f 2834/1/4731 2803/1/4731 2805/1/4731
f 2805/1/4731 2835/1/4731 2834/1/4731
s 2272
f 2804/1/4729 2838/1/4729 2835/1/4729
f 2835/1/4729 2805/1/4729 2804/1/4729
s 2273
f 2071/1/5128 2838/1/4728 2804/1/4728
f 2804/1/4728 2048/1/4728 2071/1/5128
s 2274
f 2838/1/4723 2071/1/4725 2070/1/4723
f 2070/1/4723 2836/1/4723 2838/1/4723
s 2275
f 2836/1/4722 2070/1/4722 2069/1/4722
f 2069/1/4722 2837/1/4722 2836/1/4722
s 2276
f 2069/1/4720 2068/1/4720 2840/1/4720
f 2840/1/4720 2837/1/4720 2069/1/4720
s 2277
f 2832/1/4718 2837/1/4718 2840/1/4718
f 2840/1/4718 2841/1/4718 2832/1/4718
s 2278
f 2833/1/4717 2832/1/4717 2841/1/4717
f 2841/1/4717 2839/1/4717 2833/1/4717
s 2279
f 2842/1/4930 2843/1/4930 2844/1/4930
f 2844/1/4930 2845/1/4930 2842/1/4930
s 2280
f 2846/1/4929 2847/1/4929 2843/1/4929
f 2843/1/4929 2842/1/4929 2846/1/4929
s 2281
f 2843/1/4935 2848/1/4935 2849/1/4935
f 2849/1/4935 2844/1/4935 2843/1/4935
s 2282
f 2843/1/5129 2847/1/4933 2850/1/4933
f 2850/1/4933 2848/1/4933 2843/1/5129
s 2283
f 2845/1/5130 2851/1/5130 933/1/5131
f 933/1/5131 932/1/5132 2845/1/5130
s 2284
f 2845/1/4939 932/1/4939 942/1/4939
f 942/1/4939 2842/1/4939 2845/1/4939
s 2285
f 2846/1/4938 2842/1/4938 942/1/4938
f 942/1/4938 941/1/4938 2846/1/4938
s 2286
f 941/1/5133 913/1/4937 2815/1/4937
f 2815/1/4937 2846/1/4937 941/1/5133
s 2287
f 2817/1/4955 2847/1/5134 2846/1/4955
f 2846/1/4955 2815/1/4955 2817/1/4955
s 2288
f 2816/1/4953 2850/1/4953 2847/1/4953
f 2847/1/4953 2817/1/4953 2816/1/4953
s 2289
f 1551/1/4952 2850/1/4952 2816/1/4952
f 2816/1/4952 1528/1/4952 1551/1/4952
s 2290
f 2850/1/5135 1551/1/4950 1550/1/5136
f 1550/1/5136 2848/1/4950 2850/1/5135
s 2291
f 1550/1/4949 1549/1/4949 2849/1/5137
f 2849/1/5137 2848/1/4949 1550/1/4949
s 2292
f 1549/1/4947 1548/1/4947 2852/1/4947
f 2852/1/4947 2849/1/4947 1549/1/4947
s 2293
f 2844/1/4945 2849/1/4945 2852/1/4945
f 2852/1/4945 2853/1/4945 2844/1/4945
s 2294
f 2844/1/4944 2853/1/4944 2851/1/4944
f 2851/1/4944 2845/1/4944 2844/1/4944
s 2295
f 2854/1/4147 2855/1/4147 2856/1/4147
f 2856/1/4147 2857/1/5138 2854/1/4147
s 2296
f 2858/1/4146 2859/1/4146 2855/1/5139
f 2855/1/5139 2854/1/5140 2858/1/4146
s 2297
f 2855/1/4150 2860/1/4150 2861/1/4150
f 2861/1/4150 2856/1/4150 2855/1/4150
s 2298
f 2862/1/5141 2860/1/4148 2855/1/5142
f 2855/1/5142 2859/1/4148 2862/1/5141
s 2299
f 2827/1/4156 1338/1/5143 1360/1/5143
f 1360/1/5143 2857/1/5144 2827/1/4156
s 2300
f 2857/1/4155 1360/1/4155 1359/1/5145
f 1359/1/5145 2854/1/4155 2857/1/4155
s 2301
f 2858/1/4153 2854/1/4153 1359/1/4153
f 1359/1/4153 1357/1/4153 2858/1/4153
s 2302
f 1357/1/4151 1358/1/5146 2122/1/5147
f 2122/1/5147 2858/1/4151 1357/1/4151
s 2303
f 2127/1/5148 2859/1/4168 2858/1/5148
f 2858/1/5148 2122/1/4168 2127/1/5148
s 2304
f 2862/1/5149 2859/1/5149 2127/1/5149
f 2127/1/5149 2126/1/4165 2862/1/5149
s 2305
f 2862/1/4163 2126/1/4163 1975/1/4163
f 1975/1/4163 1974/1/5150 2862/1/4163
s 2306
f 2862/1/5151 1974/1/5152 1973/1/5151
f 1973/1/5151 2860/1/4162 2862/1/5151
s 2307
f 1973/1/5153 1972/1/5154 2861/1/4161
f 2861/1/4161 2860/1/4160 1973/1/5153
s 2308
f 1972/1/4159 1955/1/5155 2829/1/5156
f 2829/1/5156 2861/1/4159 1972/1/4159
s 2309
f 2856/1/4158 2861/1/4158 2829/1/4158
f 2829/1/4158 2828/1/4158 2856/1/4158
s 2310
f 2857/1/5157 2856/1/4157 2828/1/4157
f 2828/1/4157 2827/1/4157 2857/1/5157
s 2311
f 2863/1/4743 2864/1/5158 2865/1/4743
f 2865/1/4743 2866/1/4743 2863/1/4743
s 2312
f 2867/1/4742 2868/1/4742 2864/1/4742
f 2864/1/4742 2863/1/4742 2867/1/4742
s 2313
f 2864/1/5159 2869/1/4749 2870/1/5159
f 2870/1/5159 2865/1/4749 2864/1/5159
s 2314
f 2868/1/5160 2871/1/5161 2869/1/5160
f 2869/1/5160 2864/1/4747 2868/1/5160
s 2315
f 2866/1/5162 2138/1/4757 1473/1/5162
f 1473/1/5162 1472/1/5162 2866/1/5162
s 2316
f 1482/1/5163 2863/1/4755 2866/1/5163
f 2866/1/5163 1472/1/4755 1482/1/5163
s 2317
f 1482/1/4753 1481/1/4753 2867/1/4753
f 2867/1/4753 2863/1/4753 1482/1/4753
s 2318
f 1481/1/5164 1453/1/5164 2839/1/5164
f 2839/1/5164 2867/1/5164 1481/1/5164
s 2319
f 2867/1/4768 2839/1/4768 2841/1/4768
f 2841/1/4768 2868/1/4768 2867/1/4768
s 2320
f 2840/1/4766 2871/1/5165 2868/1/4766
f 2868/1/4766 2841/1/4766 2840/1/4766
s 2321
f 2091/1/4764 2871/1/4764 2840/1/4764
f 2840/1/4764 2068/1/4764 2091/1/4764
s 2322
f 2871/1/4762 2091/1/4762 2090/1/4762
f 2090/1/4762 2869/1/4762 2871/1/4762
s 2323
f 2869/1/4761 2090/1/4761 2089/1/4761
f 2089/1/4761 2870/1/4761 2869/1/4761
s 2324
f 2089/1/5166 2088/1/5167 2140/1/5166
f 2140/1/5166 2870/1/5166 2089/1/5166
s 2325
f 2870/1/4759 2140/1/4759 2139/1/4759
f 2139/1/4759 2865/1/4759 2870/1/4759
s 2326
f 2866/1/4758 2865/1/4758 2139/1/4758
f 2139/1/4758 2138/1/4758 2866/1/4758
s 2327
f 2872/1/4970 2873/1/4970 2874/1/4970
f 2874/1/4970 2875/1/4970 2872/1/4970
s 2328
f 2876/1/5168 2877/1/5169 2873/1/4969
f 2873/1/4969 2872/1/5168 2876/1/5168
s 2329
f 2873/1/5170 2878/1/4974 2879/1/4974
f 2879/1/4974 2874/1/4974 2873/1/5170
s 2330
f 2873/1/4972 2877/1/4973 2880/1/4972
f 2880/1/4972 2878/1/4972 2873/1/4972
s 2331
f 2875/1/4980 2153/1/4980 953/1/4980
f 953/1/4980 952/1/4980 2875/1/4980
s 2332
f 2875/1/4979 952/1/4979 962/1/4979
f 962/1/4979 2872/1/4979 2875/1/4979
s 2333
f 2876/1/5171 2872/1/4976 962/1/5171
f 962/1/5171 961/1/4978 2876/1/5171
s 2334
f 961/1/5172 933/1/5172 2851/1/5173
f 2851/1/5173 2876/1/5174 961/1/5172
s 2335
f 2853/1/5175 2877/1/4995 2876/1/4993
f 2876/1/4993 2851/1/4995 2853/1/5175
s 2336
f 2852/1/4991 2880/1/4991 2877/1/4991
f 2877/1/4991 2853/1/5176 2852/1/4991
s 2337
f 1571/1/4990 2880/1/4990 2852/1/4990
f 2852/1/4990 1548/1/5177 1571/1/4990
s 2338
f 2880/1/4987 1571/1/4987 1570/1/4987
f 1570/1/4987 2878/1/4987 2880/1/4987
s 2339
f 1570/1/5178 1569/1/4986 2879/1/5179
f 2879/1/5179 2878/1/4986 1570/1/5178
s 2340
f 1569/1/5180 1568/1/4984 2155/1/4984
f 2155/1/4984 2879/1/4984 1569/1/5180
s 2341
f 2155/1/4982 2154/1/4982 2874/1/4982
f 2874/1/4982 2879/1/4982 2155/1/4982
s 2342
f 2875/1/5181 2874/1/4981 2154/1/4981
f 2154/1/4981 2153/1/4981 2875/1/5181
s 2343
f 2881/1/5182 2882/1/5182 2883/1/5182
f 2883/1/5182 2884/1/5182 2885/1/5182
f 2881/1/5182 2883/1/5182 2885/1/5182
f 2885/1/5182 2886/1/5182 2887/1/5182
f 2887/1/5182 2888/1/5182 2889/1/5182
f 2885/1/5182 2887/1/5182 2889/1/5182
f 2881/1/5182 2885/1/5182 2889/1/5182
f 2889/1/5182 2890/1/5182 2891/1/5182
f 2891/1/5182 2892/1/5182 2893/1/5182
f 2889/1/5182 2891/1/5182 2893/1/5182
f 2893/1/5182 2894/1/5182 2895/1/5182
f 2895/1/5182 2896/1/5182 2897/1/5182
f 2893/1/5182 2895/1/5182 2897/1/5182
f 2889/1/5182 2893/1/5182 2897/1/5182
f 2897/1/5182 2898/1/5182 2899/1/5182
f 2899/1/5182 2900/1/5182 2901/1/5182
f 2897/1/5182 2899/1/5182 2901/1/5182
f 2901/1/5182 2902/1/5182 2903/1/5182
f 2903/1/5182 2904/1/5182 2905/1/5182
f 2901/1/5182 2903/1/5182 2905/1/5182
f 2897/1/5182 2901/1/5182 2905/1/5182
f 2889/1/5182 2897/1/5182 2905/1/5182
f 2881/1/5182 2889/1/5182 2905/1/5182
f 2906/1/5182 2907/1/5182 2908/1/5182
f 2905/1/5182 2906/1/5182 2908/1/5182
f 2905/1/5182 2908/1/5182 2909/1/5182
f 2881/1/5182 2905/1/5182 2909/1/5182
f 2910/1/5182 2881/1/5182 2909/1/5182
f 2910/1/5182 2909/1/5182 2911/1/5182
f 2910/1/5182 2911/1/5182 2912/1/5182
s 2344
f 2913/1/5183 2914/1/5183 2915/1/5183
f 2915/1/5183 2916/1/5183 2913/1/5183
s 2345
f 2883/1/5184 2917/1/5185 2918/1/5186
f 2918/1/5186 2884/1/5187 2883/1/5184
s 2346
f 2896/1/5188 2919/1/5188 2920/1/5189
f 2920/1/5189 2897/1/5188 2896/1/5188
s 2347
f 2911/1/5190 2909/1/5191 2921/1/5190
f 2921/1/5190 2922/1/5192 2911/1/5190
s 2348
f 2882/1/5193 2923/1/5193 2917/1/5194
f 2917/1/5194 2883/1/5193 2882/1/5193
s 2349
f 2895/1/5195 2924/1/5196 2919/1/5197
f 2919/1/5197 2896/1/5196 2895/1/5195
s 2350
f 2908/1/5198 2925/1/5199 2921/1/5200
f 2921/1/5200 2909/1/5201 2908/1/5198
s 2351
f 2882/1/5202 2881/1/5202 2926/1/5203
f 2926/1/5203 2923/1/5203 2882/1/5202
s 2352
f 2894/1/5204 2927/1/5205 2924/1/5206
f 2924/1/5206 2895/1/5207 2894/1/5204
s 2353
f 2928/1/5208 2925/1/5209 2908/1/5208
f 2908/1/5208 2907/1/5210 2928/1/5208
s 2354
f 2893/1/5211 2929/1/5212 2927/1/5213
f 2927/1/5213 2894/1/5214 2893/1/5211
s 2355
f 2906/1/5215 2930/1/5216 2928/1/5217
f 2928/1/5217 2907/1/5218 2906/1/5215
s 2356
f 2892/1/5219 2931/1/5220 2929/1/5221
f 2929/1/5221 2893/1/5222 2892/1/5219
s 2357
f 2932/1/5223 2930/1/5224 2906/1/5225
f 2906/1/5225 2905/1/5226 2932/1/5223
s 2358
f 2891/1/5227 2933/1/5228 2931/1/5229
f 2931/1/5229 2892/1/5230 2891/1/5227
s 2359
f 2932/1/5231 2905/1/5232 2904/1/5233
f 2904/1/5233 2934/1/5234 2932/1/5231
s 2360
f 2890/1/5235 2935/1/5236 2933/1/5235
f 2933/1/5235 2891/1/5237 2890/1/5235
s 2361
f 2904/1/5238 2903/1/5239 2936/1/5240
f 2936/1/5240 2934/1/5241 2904/1/5238
s 2362
f 2889/1/5242 2916/1/5243 2935/1/5242
f 2935/1/5242 2890/1/5244 2889/1/5242
s 2363
f 2902/1/5245 2937/1/5246 2936/1/5247
f 2936/1/5247 2903/1/5248 2902/1/5245
s 2364
f 2888/1/5249 2913/1/5250 2916/1/5251
f 2916/1/5251 2889/1/5252 2888/1/5249
s 2365
f 2901/1/5253 2938/1/5254 2937/1/5255
f 2937/1/5255 2902/1/5256 2901/1/5253
s 2366
f 2887/1/5257 2939/1/5258 2913/1/5259
f 2913/1/5259 2888/1/5260 2887/1/5257
s 2367
f 2900/1/5261 2940/1/5262 2938/1/5263
f 2938/1/5263 2901/1/5264 2900/1/5261
s 2368
f 2886/1/5265 2941/1/5266 2939/1/5267
f 2939/1/5267 2887/1/5268 2886/1/5265
s 2369
f 2899/1/5269 2942/1/5270 2940/1/5269
f 2940/1/5269 2900/1/5269 2899/1/5269
s 2370
f 2926/1/5271 2881/1/5271 2910/1/5272
f 2910/1/5272 2943/1/5273 2926/1/5271
s 2371
f 2885/1/5274 2944/1/5275 2941/1/5275
f 2941/1/5275 2886/1/5276 2885/1/5274
s 2372
f 2898/1/5277 2945/1/5278 2942/1/5279
f 2942/1/5279 2899/1/5280 2898/1/5277
s 2373
f 2943/1/5281 2910/1/5282 2912/1/5282
f 2912/1/5282 2946/1/5282 2943/1/5281
s 2374
f 2884/1/5283 2918/1/5284 2944/1/5283
f 2944/1/5283 2885/1/5285 2884/1/5283
s 2375
f 2897/1/5286 2920/1/5287 2945/1/5286
f 2945/1/5286 2898/1/5288 2897/1/5286
s 2376
f 2946/1/5289 2912/1/5290 2911/1/5291
f 2911/1/5291 2922/1/5292 2946/1/5289
s 2377
f 2947/1/5293 2948/1/5293 2949/1/5293
f 2949/1/5293 2950/1/5293 2951/1/5293
f 2947/1/5293 2949/1/5293 2951/1/5293
f 2951/1/5293 2952/1/5293 2953/1/5293
f 2951/1/5293 2953/1/5293 2954/1/5293
f 2947/1/5293 2951/1/5293 2954/1/5293
f 2947/1/5293 2954/1/5293 2955/1/5293
f 2955/1/5293 2956/1/5293 2957/1/5293
f 2957/1/5293 2958/1/5293 2959/1/5293
f 2955/1/5293 2957/1/5293 2959/1/5293
f 2959/1/5293 2960/1/5293 2961/1/5293
f 2961/1/5293 2962/1/5293 2963/1/5293
f 2959/1/5293 2961/1/5293 2963/1/5293
f 2955/1/5293 2959/1/5293 2963/1/5293
f 2963/1/5293 2964/1/5293 2965/1/5293
f 2965/1/5293 2966/1/5293 2967/1/5293
f 2963/1/5293 2965/1/5293 2967/1/5293
f 2967/1/5293 2968/1/5293 2969/1/5293
f 2969/1/5293 2915/1/5293 2914/1/5293
f 2967/1/5293 2969/1/5293 2914/1/5293
f 2963/1/5293 2967/1/5293 2914/1/5293
f 2955/1/5293 2963/1/5293 2914/1/5293
f 2914/1/5293 2970/1/5293 2971/1/5293
f 2971/1/5293 2972/1/5293 2973/1/5293
f 2914/1/5293 2971/1/5293 2973/1/5293
f 2973/1/5293 2974/1/5293 2975/1/5293
f 2973/1/5293 2975/1/5293 2976/1/5293
f 2914/1/5293 2973/1/5293 2976/1/5293
f 2955/1/5293 2914/1/5293 2976/1/5293
f 2947/1/5293 2955/1/5293 2976/1/5293
s 2378
f 2938/1/5294 2958/1/5294 2957/1/5294
f 2957/1/5294 2937/1/5294 2938/1/5294
s 2379
f 2939/1/5295 2970/1/5295 2914/1/5295
f 2914/1/5295 2913/1/5295 2939/1/5295
s 2380
f 2940/1/5296 2959/1/5296 2958/1/5296
f 2958/1/5296 2938/1/5296 2940/1/5296
s 2381
f 2941/1/5297 2971/1/5297 2970/1/5297
f 2970/1/5297 2939/1/5297 2941/1/5297
s 2382
f 2942/1/5298 2960/1/5298 2959/1/5298
f 2959/1/5298 2940/1/5298 2942/1/5298
s 2383
f 2943/1/5299 2947/1/5299 2976/1/5299
f 2976/1/5299 2926/1/5299 2943/1/5299
s 2384
f 2944/1/5300 2972/1/5300 2971/1/5300
f 2971/1/5300 2941/1/5300 2944/1/5300
s 2385
f 2945/1/5301 2961/1/5301 2960/1/5301
f 2960/1/5301 2942/1/5301 2945/1/5301
s 2386
f 2946/1/5302 2948/1/5302 2947/1/5302
f 2947/1/5302 2943/1/5302 2946/1/5302
s 2387
f 2918/1/5303 2973/1/5303 2972/1/5303
f 2972/1/5303 2944/1/5303 2918/1/5303
s 2388
f 2920/1/5304 2962/1/5304 2961/1/5304
f 2961/1/5304 2945/1/5304 2920/1/5304
s 2389
f 2922/1/5305 2949/1/5306 2948/1/5305
f 2948/1/5305 2946/1/5305 2922/1/5305
s 2390
f 2917/1/5307 2974/1/5307 2973/1/5307
f 2973/1/5307 2918/1/5307 2917/1/5307
s 2391
f 2919/1/5308 2963/1/5308 2962/1/5308
f 2962/1/5308 2920/1/5308 2919/1/5308
s 2392
f 2921/1/5309 2950/1/5309 2949/1/5309
f 2949/1/5309 2922/1/5309 2921/1/5309
s 2393
f 2923/1/5310 2975/1/5310 2974/1/5310
f 2974/1/5310 2917/1/5310 2923/1/5310
s 2394
f 2924/1/5311 2964/1/5311 2963/1/5311
f 2963/1/5311 2919/1/5311 2924/1/5311
s 2395
f 2925/1/5312 2951/1/5312 2950/1/5312
f 2950/1/5312 2921/1/5312 2925/1/5312
s 2396
f 2923/1/5313 2926/1/5313 2976/1/5313
f 2976/1/5313 2975/1/5313 2923/1/5313
s 2397
f 2927/1/5314 2965/1/5314 2964/1/5314
f 2964/1/5314 2924/1/5314 2927/1/5314
s 2398
f 2928/1/5315 2952/1/5315 2951/1/5315
f 2951/1/5315 2925/1/5315 2928/1/5315
s 2399
f 2929/1/5316 2966/1/5317 2965/1/5316
f 2965/1/5316 2927/1/5316 2929/1/5316
s 2400
f 2930/1/5318 2953/1/5318 2952/1/5318
f 2952/1/5318 2928/1/5318 2930/1/5318
s 2401
f 2931/1/5319 2967/1/5319 2966/1/5319
f 2966/1/5319 2929/1/5319 2931/1/5319
s 2402
f 2932/1/5320 2954/1/5320 2953/1/5320
f 2953/1/5320 2930/1/5320 2932/1/5320
s 2403
f 2933/1/5321 2968/1/5322 2967/1/5322
f 2967/1/5322 2931/1/5323 2933/1/5321
s 2404
f 2934/1/5324 2955/1/5324 2954/1/5324
f 2954/1/5324 2932/1/5324 2934/1/5324
s 2405
f 2935/1/5325 2969/1/5325 2968/1/5325
f 2968/1/5325 2933/1/5325 2935/1/5325
s 2406
f 2936/1/5326 2956/1/5326 2955/1/5326
f 2955/1/5326 2934/1/5326 2936/1/5326
s 2407
f 2916/1/5327 2915/1/5327 2969/1/5327
f 2969/1/5327 2935/1/5327 2916/1/5327
s 2408
f 2937/1/5328 2957/1/5329 2956/1/5330
f 2956/1/5330 2936/1/5328 2937/1/5328
s 2409
f 2977/1/5182 2978/1/5182 2979/1/5182
f 2979/1/5182 2980/1/5182 2981/1/5182
f 2977/1/5182 2979/1/5182 2981/1/5182
f 2981/1/5182 2982/1/5182 2983/1/5182
f 2983/1/5182 2984/1/5182 2985/1/5182
f 2981/1/5182 2983/1/5182 2985/1/5182
f 2977/1/5182 2981/1/5182 2985/1/5182
f 2985/1/5182 2986/1/5182 2987/1/5182
f 2987/1/5182 2988/1/5182 2989/1/5182
f 2985/1/5182 2987/1/5182 2989/1/5182
f 2989/1/5182 2990/1/5182 2991/1/5182
f 2991/1/5182 2992/1/5182 2993/1/5182
f 2989/1/5182 2991/1/5182 2993/1/5182
f 2985/1/5182 2989/1/5182 2993/1/5182
f 2993/1/5182 2994/1/5182 2995/1/5182
f 2995/1/5182 2996/1/5182 2997/1/5182
f 2993/1/5182 2995/1/5182 2997/1/5182
f 2997/1/5182 2998/1/5182 2999/1/5182
f 2999/1/5182 3000/1/5182 3001/1/5182
f 2997/1/5182 2999/1/5182 3001/1/5182
f 2993/1/5182 2997/1/5182 3001/1/5182
f 2985/1/5182 2993/1/5182 3001/1/5182
f 2977/1/5182 2985/1/5182 3001/1/5182
f 3002/1/5182 3003/1/5182 3004/1/5182
f 3001/1/5182 3002/1/5182 3004/1/5182
f 3001/1/5182 3004/1/5182 3005/1/5182
f 2977/1/5182 3001/1/5182 3005/1/5182
f 3006/1/5182 2977/1/5182 3005/1/5182
f 3006/1/5182 3005/1/5182 3007/1/5182
f 3006/1/5182 3007/1/5182 3008/1/5182
s 2410
f 3009/1/5293 3010/1/5293 3011/1/5293
f 3011/1/5293 3012/1/5293 3013/1/5293
f 3009/1/5293 3011/1/5293 3013/1/5293
f 3013/1/5293 3014/1/5293 3015/1/5293
f 3015/1/5293 3016/1/5293 3017/1/5293
f 3013/1/5293 3015/1/5293 3017/1/5293
f 3009/1/5293 3013/1/5293 3017/1/5293
f 3017/1/5293 3018/1/5293 3019/1/5293
f 3019/1/5293 3020/1/5293 3021/1/5293
f 3017/1/5293 3019/1/5293 3021/1/5293
f 3021/1/5293 3022/1/5293 3023/1/5293
f 3023/1/5293 3024/1/5293 3025/1/5293
f 3021/1/5293 3023/1/5293 3025/1/5293
f 3017/1/5293 3021/1/5293 3025/1/5293
f 3009/1/5293 3017/1/5293 3025/1/5293
f 3025/1/5293 3026/1/5293 3027/1/5293
f 3027/1/5293 3028/1/5293 3029/1/5293
f 3025/1/5293 3027/1/5293 3029/1/5293
f 3029/1/5293 3030/1/5293 3031/1/5293
f 3031/1/5293 3032/1/5293 3033/1/5293
f 3029/1/5293 3031/1/5293 3033/1/5293
f 3025/1/5293 3029/1/5293 3033/1/5293
f 3033/1/5293 3034/1/5293 3035/1/5293
f 3035/1/5293 3036/1/5293 3037/1/5293
f 3033/1/5293 3035/1/5293 3037/1/5293
f 3037/1/5293 3038/1/5293 3039/1/5293
f 3037/1/5293 3039/1/5293 3040/1/5293
f 3033/1/5293 3037/1/5293 3040/1/5293
f 3025/1/5293 3033/1/5293 3040/1/5293
f 3009/1/5293 3025/1/5293 3040/1/5293
s 2411
f 3002/1/5331 3015/1/5332 3014/1/5333
f 3014/1/5333 3003/1/5334 3002/1/5331
s 2412
f 2988/1/5335 3029/1/5336 3028/1/5337
f 3028/1/5337 2989/1/5337 2988/1/5335
s 2413
f 3016/1/5338 3015/1/5339 3002/1/5340
f 3002/1/5340 3001/1/5341 3016/1/5338
s 2414
f 2987/1/5342 3030/1/5343 3029/1/5344
f 3029/1/5344 2988/1/5345 2987/1/5342
s 2415
f 3016/1/5346 3001/1/5347 3000/1/5348
f 3000/1/5348 3017/1/5347 3016/1/5346
s 2416
f 2986/1/5349 3031/1/5350 3030/1/5351
f 3030/1/5351 2987/1/5352 2986/1/5349
s 2417
f 3000/1/5353 2999/1/5354 3018/1/5355
f 3018/1/5355 3017/1/5356 3000/1/5353
s 2418
f 2985/1/5357 3032/1/5357 3031/1/5357
f 3031/1/5357 2986/1/5357 2985/1/5357
s 2419
f 2998/1/5358 3019/1/5359 3018/1/5359
f 3018/1/5359 2999/1/5360 2998/1/5358
s 2420
f 2984/1/5361 3033/1/5362 3032/1/5363
f 3032/1/5363 2985/1/5364 2984/1/5361
s 2421
f 2997/1/5365 3020/1/5365 3019/1/5366
f 3019/1/5366 2998/1/5367 2997/1/5365
s 2422
f 2983/1/5368 3034/1/5369 3033/1/5369
f 3033/1/5369 2984/1/5370 2983/1/5368
s 2423
f 2996/1/5371 3021/1/5372 3020/1/5373
f 3020/1/5373 2997/1/5374 2996/1/5371
s 2424
f 2982/1/5375 3035/1/5376 3034/1/5377
f 3034/1/5377 2983/1/5377 2982/1/5375
s 2425
f 2995/1/5378 3022/1/5379 3021/1/5380
f 3021/1/5380 2996/1/5379 2995/1/5378
s 2426
f 3040/1/5381 2977/1/5381 3006/1/5382
f 3006/1/5382 3009/1/5381 3040/1/5381
s 2427
f 2981/1/5383 3036/1/5384 3035/1/5384
f 3035/1/5384 2982/1/5384 2981/1/5383
s 2428
f 2994/1/5385 3023/1/5385 3022/1/5386
f 3022/1/5386 2995/1/5387 2994/1/5385
s 2429
f 3009/1/5388 3006/1/5389 3008/1/5389
f 3008/1/5389 3010/1/5390 3009/1/5388
s 2430
f 2980/1/5391 3037/1/5392 3036/1/5393
f 3036/1/5393 2981/1/5394 2980/1/5391
s 2431
f 2993/1/5395 3024/1/5396 3023/1/5396
f 3023/1/5396 2994/1/5396 2993/1/5395
s 2432
f 3010/1/5397 3008/1/5398 3007/1/5399
f 3007/1/5399 3011/1/5400 3010/1/5397
s 2433
f 2979/1/5401 3038/1/5402 3037/1/5403
f 3037/1/5403 2980/1/5404 2979/1/5401
s 2434
f 2992/1/5405 3025/1/5406 3024/1/5407
f 3024/1/5407 2993/1/5407 2992/1/5405
s 2435
f 3007/1/5408 3005/1/5409 3012/1/5410
f 3012/1/5410 3011/1/5411 3007/1/5408
s 2436
f 2978/1/5412 3039/1/5413 3038/1/5414
f 3038/1/5414 2979/1/5415 2978/1/5412
s 2437
f 2991/1/5416 3026/1/5417 3025/1/5416
f 3025/1/5416 2992/1/5418 2991/1/5416
s 2438
f 3004/1/5419 3013/1/5420 3012/1/5421
f 3012/1/5421 3005/1/5420 3004/1/5419
s 2439
f 2978/1/5422 2977/1/5423 3040/1/5424
f 3040/1/5424 3039/1/5422 2978/1/5422
s 2440
f 2990/1/5425 3027/1/5425 3026/1/5425
f 3026/1/5425 2991/1/5426 2990/1/5425
s 2441
f 3014/1/5427 3013/1/5427 3004/1/5427
f 3004/1/5427 3003/1/5428 3014/1/5427
s 2442
f 2989/1/5429 3028/1/5430 3027/1/5431
f 3027/1/5431 2990/1/5432 2989/1/5429
s 2443
f 3041/1/5182 3042/1/5182 3043/1/5182
f 3043/1/5182 3044/1/5182 3045/1/5182
f 3041/1/5182 3043/1/5182 3045/1/5182
f 3045/1/5182 3046/1/5182 3047/1/5182
f 3047/1/5182 3048/1/5182 3049/1/5182
f 3045/1/5182 3047/1/5182 3049/1/5182
f 3041/1/5182 3045/1/5182 3049/1/5182
f 3049/1/5182 3050/1/5182 3051/1/5182
f 3051/1/5182 3052/1/5182 3053/1/5182
f 3049/1/5182 3051/1/5182 3053/1/5182
f 3053/1/5182 3054/1/5182 3055/1/5182
f 3055/1/5182 3056/1/5182 3057/1/5182
f 3053/1/5182 3055/1/5182 3057/1/5182
f 3049/1/5182 3053/1/5182 3057/1/5182
f 3057/1/5182 3058/1/5182 3059/1/5182
f 3059/1/5182 3060/1/5182 3061/1/5182
f 3057/1/5182 3059/1/5182 3061/1/5182
f 3061/1/5182 3062/1/5182 3063/1/5182
f 3063/1/5182 3064/1/5182 3065/1/5182
f 3061/1/5182 3063/1/5182 3065/1/5182
f 3057/1/5182 3061/1/5182 3065/1/5182
f 3049/1/5182 3057/1/5182 3065/1/5182
f 3041/1/5182 3049/1/5182 3065/1/5182
f 3066/1/5182 3067/1/5182 3068/1/5182
f 3065/1/5182 3066/1/5182 3068/1/5182
f 3065/1/5182 3068/1/5182 3069/1/5182
f 3041/1/5182 3065/1/5182 3069/1/5182
f 3070/1/5182 3041/1/5182 3069/1/5182
f 3070/1/5182 3069/1/5182 3071/1/5182
f 3070/1/5182 3071/1/5182 3072/1/5182
s 2444
f 3073/1/5433 3074/1/5433 3075/1/5433
f 3075/1/5433 3076/1/5433 3073/1/5433
s 2445
f 3077/1/5434 3065/1/5435 3064/1/5434
f 3064/1/5434 3078/1/5436 3077/1/5434
s 2446
f 3050/1/5437 3079/1/5438 3080/1/5439
f 3080/1/5439 3051/1/5437 3050/1/5437
s 2447
f 3064/1/5440 3063/1/5441 3081/1/5442
f 3081/1/5442 3078/1/5443 3064/1/5440
s 2448
f 3049/1/5444 3082/1/5445 3079/1/5446
f 3079/1/5446 3050/1/5447 3049/1/5444
s 2449
f 3062/1/5448 3083/1/5449 3081/1/5450
f 3081/1/5450 3063/1/5451 3062/1/5448
s 2450
f 3048/1/5452 3084/1/5453 3082/1/5452
f 3082/1/5452 3049/1/5454 3048/1/5452
s 2451
f 3061/1/5455 3085/1/5456 3083/1/5455
f 3083/1/5455 3062/1/5457 3061/1/5455
s 2452
f 3047/1/5458 3086/1/5458 3084/1/5458
f 3084/1/5458 3048/1/5458 3047/1/5458
s 2453
f 3060/1/5459 3087/1/5460 3085/1/5459
f 3085/1/5459 3061/1/5459 3060/1/5459
s 2454
f 3046/1/5461 3088/1/5462 3086/1/5463
f 3086/1/5463 3047/1/5464 3046/1/5461
s 2455
f 3059/1/5465 3089/1/5466 3087/1/5467
f 3087/1/5467 3060/1/5468 3059/1/5465
s 2456
f 3090/1/5469 3041/1/5470 3070/1/5469
f 3070/1/5469 3091/1/5471 3090/1/5469
s 2457
f 3045/1/5472 3092/1/5473 3088/1/5474
f 3088/1/5474 3046/1/5475 3045/1/5472
s 2458
f 3058/1/5476 3093/1/5477 3089/1/5478
f 3089/1/5478 3059/1/5479 3058/1/5476
s 2459
f 3091/1/5480 3070/1/5481 3072/1/5481
f 3072/1/5481 3094/1/5481 3091/1/5480
s 2460
f 3044/1/5482 3095/1/5483 3092/1/5484
f 3092/1/5484 3045/1/5482 3044/1/5482
s 2461
f 3057/1/5485 3096/1/5486 3093/1/5485
f 3093/1/5485 3058/1/5485 3057/1/5485
s 2462
f 3094/1/5487 3072/1/5488 3071/1/5489
f 3071/1/5489 3076/1/5490 3094/1/5487
s 2463
f 3043/1/5491 3097/1/5492 3095/1/5493
f 3095/1/5493 3044/1/5494 3043/1/5491
s 2464
f 3056/1/5495 3098/1/5495 3096/1/5496
f 3096/1/5496 3057/1/5497 3056/1/5495
s 2465
f 3071/1/5498 3069/1/5499 3073/1/5500
f 3073/1/5500 3076/1/5499 3071/1/5498
s 2466
f 3042/1/5501 3099/1/5502 3097/1/5503
f 3097/1/5503 3043/1/5504 3042/1/5501
s 2467
f 3055/1/5505 3100/1/5506 3098/1/5507
f 3098/1/5507 3056/1/5508 3055/1/5505
s 2468
f 3068/1/5509 3101/1/5510 3073/1/5511
f 3073/1/5511 3069/1/5512 3068/1/5509
s 2469
f 3042/1/5513 3041/1/5514 3090/1/5514
f 3090/1/5514 3099/1/5515 3042/1/5513
s 2470
f 3054/1/5516 3102/1/5517 3100/1/5518
f 3100/1/5518 3055/1/5519 3054/1/5516
s 2471
f 3103/1/5520 3101/1/5521 3068/1/5520
f 3068/1/5520 3067/1/5520 3103/1/5520
s 2472
f 3053/1/5522 3104/1/5523 3102/1/5522
f 3102/1/5522 3054/1/5524 3053/1/5522
s 2473
f 3066/1/5525 3105/1/5526 3103/1/5527
f 3103/1/5527 3067/1/5528 3066/1/5525
s 2474
f 3052/1/5529 3106/1/5530 3104/1/5531
f 3104/1/5531 3053/1/5529 3052/1/5529
s 2475
f 3077/1/5532 3105/1/5532 3066/1/5532
f 3066/1/5532 3065/1/5532 3077/1/5532
s 2476
f 3051/1/5533 3080/1/5534 3106/1/5535
f 3106/1/5535 3052/1/5536 3051/1/5533
s 2477
f 3107/1/5293 3108/1/5293 3075/1/5293
f 3075/1/5293 3074/1/5293 3109/1/5293
f 3107/1/5293 3075/1/5293 3109/1/5293
f 3109/1/5293 3110/1/5293 3111/1/5293
f 3109/1/5293 3111/1/5293 3112/1/5293
f 3107/1/5293 3109/1/5293 3112/1/5293
f 3107/1/5293 3112/1/5293 3113/1/5293
f 3113/1/5293 3114/1/5293 3115/1/5293
f 3115/1/5293 3116/1/5293 3117/1/5293
f 3113/1/5293 3115/1/5293 3117/1/5293
f 3117/1/5293 3118/1/5293 3119/1/5293
f 3119/1/5293 3120/1/5293 3121/1/5293
f 3117/1/5293 3119/1/5293 3121/1/5293
f 3113/1/5293 3117/1/5293 3121/1/5293
f 3121/1/5293 3122/1/5293 3123/1/5293
f 3123/1/5293 3124/1/5293 3125/1/5293
f 3121/1/5293 3123/1/5293 3125/1/5293
f 3125/1/5293 3126/1/5293 3127/1/5293
f 3127/1/5293 3128/1/5293 3129/1/5293
f 3125/1/5293 3127/1/5293 3129/1/5293
f 3121/1/5293 3125/1/5293 3129/1/5293
f 3113/1/5293 3121/1/5293 3129/1/5293
f 3129/1/5293 3130/1/5293 3131/1/5293
f 3131/1/5293 3132/1/5293 3133/1/5293
f 3129/1/5293 3131/1/5293 3133/1/5293
f 3133/1/5293 3134/1/5293 3135/1/5293
f 3133/1/5293 3135/1/5293 3136/1/5293
f 3129/1/5293 3133/1/5293 3136/1/5293
f 3113/1/5293 3129/1/5293 3136/1/5293
f 3107/1/5293 3113/1/5293 3136/1/5293
s 2478
f 3099/1/5537 3135/1/5537 3134/1/5537
f 3134/1/5537 3097/1/5537 3099/1/5537
s 2479
f 3100/1/5538 3122/1/5538 3121/1/5538
f 3121/1/5538 3098/1/5538 3100/1/5538
s 2480
f 3101/1/5312 3109/1/5312 3074/1/5312
f 3074/1/5312 3073/1/5539 3101/1/5312
s 2481
f 3099/1/5540 3090/1/5540 3136/1/5540
f 3136/1/5540 3135/1/5541 3099/1/5540
s 2482
f 3102/1/5542 3123/1/5542 3122/1/5542
f 3122/1/5542 3100/1/5542 3102/1/5542
s 2483
f 3103/1/5543 3110/1/5543 3109/1/5543
f 3109/1/5543 3101/1/5543 3103/1/5543
s 2484
f 3104/1/5316 3124/1/5316 3123/1/5544
f 3123/1/5544 3102/1/5316 3104/1/5316
s 2485
f 3105/1/5545 3111/1/5546 3110/1/5546
f 3110/1/5546 3103/1/5318 3105/1/5545
s 2486
f 3106/1/5319 3125/1/5319 3124/1/5319
f 3124/1/5319 3104/1/5319 3106/1/5319
s 2487
f 3077/1/5547 3112/1/5548 3111/1/5547
f 3111/1/5547 3105/1/5547 3077/1/5547
s 2488
f 3080/1/5549 3126/1/5549 3125/1/5549
f 3125/1/5549 3106/1/5549 3080/1/5549
s 2489
f 3078/1/5550 3113/1/5324 3112/1/5550
f 3112/1/5550 3077/1/5550 3078/1/5550
s 2490
f 3079/1/5551 3127/1/5551 3126/1/5551
f 3126/1/5551 3080/1/5551 3079/1/5551
s 2491
f 3081/1/5326 3114/1/5326 3113/1/5326
f 3113/1/5326 3078/1/5326 3081/1/5326
s 2492
f 3082/1/5552 3128/1/5327 3127/1/5552
f 3127/1/5552 3079/1/5327 3082/1/5552
s 2493
f 3083/1/5553 3115/1/5553 3114/1/5553
f 3114/1/5553 3081/1/5553 3083/1/5553
s 2494
f 3084/1/5554 3129/1/5554 3128/1/5554
f 3128/1/5554 3082/1/5555 3084/1/5554
s 2495
f 3085/1/5294 3116/1/5294 3115/1/5294
f 3115/1/5294 3083/1/5294 3085/1/5294
s 2496
f 3086/1/5556 3130/1/5557 3129/1/5557
f 3129/1/5557 3084/1/5295 3086/1/5556
s 2497
f 3087/1/5558 3117/1/5559 3116/1/5559
f 3116/1/5559 3085/1/5559 3087/1/5558
s 2498
f 3088/1/5560 3131/1/5560 3130/1/5560
f 3130/1/5560 3086/1/5560 3088/1/5560
s 2499
f 3089/1/5561 3118/1/5561 3117/1/5561
f 3117/1/5561 3087/1/5561 3089/1/5561
s 2500
f 3091/1/5562 3107/1/5562 3136/1/5562
f 3136/1/5562 3090/1/5562 3091/1/5562
s 2501
f 3092/1/5300 3132/1/5563 3131/1/5300
f 3131/1/5300 3088/1/5300 3092/1/5300
s 2502
f 3093/1/5564 3119/1/5565 3118/1/5564
f 3118/1/5564 3089/1/5564 3093/1/5564
s 2503
f 3094/1/5566 3108/1/5302 3107/1/5302
f 3107/1/5302 3091/1/5566 3094/1/5566
s 2504
f 3095/1/5567 3133/1/5567 3132/1/5567
f 3132/1/5567 3092/1/5567 3095/1/5567
s 2505
f 3096/1/5568 3120/1/5568 3119/1/5568
f 3119/1/5568 3093/1/5568 3096/1/5568
s 2506
f 3076/1/5305 3075/1/5305 3108/1/5305
f 3108/1/5305 3094/1/5305 3076/1/5305
s 2507
f 3097/1/5569 3134/1/5569 3133/1/5569
f 3133/1/5569 3095/1/5569 3097/1/5569
s 2508
f 3098/1/5308 3121/1/5570 3120/1/5308
f 3120/1/5308 3096/1/5571 3098/1/5308
s 2509
f 3137/2/5572 3138/3/5572 3139/4/5572
f 3139/4/5572 3140/5/5573 3137/2/5572
s 2510
f 3138/3/5574 3141/6/5574 3142/7/5574
f 3142/7/5574 3139/4/5574 3138/3/5574
s 2511
f 3141/6/5575 3143/8/5575 3144/9/5575
f 3144/9/5575 3142/7/5575 3141/6/5575
s 2512
f 3143/8/5576 3145/10/5576 3146/11/5576
f 3146/11/5576 3144/9/5576 3143/8/5576
s 2513
f 3146/11/5577 3145/10/5578 3147/12/5578
s 2514
f 3147/12/5579 3150/13/5580 3149/14/5581
s 2515
f 3151/15/5582 3149/14/5582 3150/13/5582
f 3150/13/5582 3152/16/5582 3151/15/5582
s 2516
f 3153/17/5583 3154/18/5584 3151/15/5584
f 3151/15/5584 3152/16/5583 3153/17/5583
s 2517
f 3153/17/5585 3156/19/5585 3155/20/5586
s 2518
f 3157/21/5587 3155/20/5587 3156/19/5587
f 3156/19/5587 3158/22/5587 3157/21/5587
s 2519
f 3158/22/5588 3160/23/5588 3159/24/5589
s 2520
f 3161/25/5590 3162/26/5590 3159/24/5590
f 3159/24/5590 3160/23/5590 3161/25/5590
s 2521
f 3163/27/5591 3162/26/5592 3161/25/5591
f 3161/25/5591 3164/28/5591 3163/27/5591
s 2522
f 3165/29/5593 3163/27/5593 3164/28/5594
f 3164/28/5594 3166/30/5594 3165/29/5593
s 2523
f 3167/31/5595 3165/29/5595 3166/30/5595
f 3166/30/5595 3168/32/5595 3167/31/5595
s 2524
f 3169/33/5596 3167/31/5596 3168/32/5596
f 3168/32/5596 3170/34/5596 3169/33/5596
s 2525
f 3171/35/5597 3169/33/5597 3170/34/5597
f 3170/34/5597 3172/36/5597 3171/35/5597
s 2526
f 3173/37/5598 3171/35/5598 3172/36/5599
f 3172/36/5599 3174/38/5599 3173/37/5598
s 2527
f 3175/39/5600 3173/37/5600 3174/38/5600
f 3174/38/5600 3176/40/5600 3175/39/5600
s 2528
f 3177/41/5601 3178/42/5601 3175/39/5601
f 3175/39/5601 3176/40/5601 3177/41/5601
s 2529
f 3177/41/5602 3179/43/5602 3180/44/5603
f 3180/44/5603 3178/42/5602 3177/41/5602
s 2530
f 3181/45/5604 3180/44/5604 3179/43/5605
f 3179/43/5605 3182/46/5605 3181/45/5604
s 2531
f 3183/47/5606 3181/45/5606 3182/46/5606
f 3182/46/5606 3184/48/5606 3183/47/5606
s 2532
f 3185/49/5607 3186/50/5607 3183/47/5607
f 3183/47/5607 3184/48/5607 3185/49/5607
s 2533
f 3187/51/5608 3188/52/5609 3186/50/5608
f 3186/50/5608 3185/49/5608 3187/51/5608
s 2534
f 3189/53/5610 3188/52/5611 3187/51/5612
f 3187/51/5612 3190/54/5610 3189/53/5610
s 2535
f 3191/55/5613 3192/56/5613 3189/53/5613
f 3189/53/5613 3190/54/5613 3191/55/5613
s 2536
f 3193/57/5614 3192/56/5614 3191/55/5614
f 3191/55/5614 3194/58/5614 3193/57/5614
s 2537
f 3195/59/5615 3193/57/5616 3194/58/5615
f 3194/58/5615 3196/60/5615 3195/59/5615
s 2538
f 3197/61/5617 3198/62/5617 3195/59/5617
f 3195/59/5617 3196/60/5617 3197/61/5617
s 2539
f 3153/17/5618 3199/17/5619 3200/19/5619
f 3200/19/5619 3156/19/5619 3153/17/5618
s 2540
f 3201/63/5620 3202/64/5620 3198/62/5620
f 3198/62/5620 3197/61/5620 3201/63/5620
s 2541
f 3202/64/5621 3201/63/5622 3137/65/5621
f 3137/65/5621 3140/66/5623 3202/64/5621
s 2542
f 3139/67/5182 3142/68/5624 3144/69/5625
f 3139/67/5182 3144/69/5625 3146/70/5182
f 3146/70/5182 3148/71/5626 3149/72/5182
f 3149/72/5182 3151/73/5182 3154/74/5182
f 3154/74/5182 3155/75/5627 3157/76/5182
f 3149/72/5182 3154/74/5182 3157/76/5182
f 3146/70/5182 3149/72/5182 3157/76/5182
f 3157/76/5182 3159/77/5628 3162/78/5182
f 3162/78/5182 3163/79/5182 3165/80/5182
f 3157/76/5182 3162/78/5182 3165/80/5182
f 3165/80/5182 3167/81/5182 3169/82/5625
f 3169/82/5625 3171/83/5629 3173/84/5627
f 3165/80/5182 3169/82/5625 3173/84/5627
f 3173/84/5627 3175/85/5629 3178/86/5182
f 3178/86/5182 3180/87/5630 3181/88/5182
f 3173/84/5627 3178/86/5182 3181/88/5182
f 3181/88/5182 3183/89/5630 3186/90/5182
f 3186/90/5182 3188/91/5628 3189/92/5182
f 3181/88/5182 3186/90/5182 3189/92/5182
f 3173/84/5627 3181/88/5182 3189/92/5182
f 3165/80/5182 3173/84/5627 3189/92/5182
f 3157/76/5182 3165/80/5182 3189/92/5182
f 3146/70/5182 3157/76/5182 3189/92/5182
f 3189/92/5182 3192/93/5627 3193/94/5182
f 3193/94/5182 3195/95/5182 3198/96/5182
f 3189/92/5182 3193/94/5182 3198/96/5182
f 3146/70/5182 3189/92/5182 3198/96/5182
f 3139/67/5182 3146/70/5182 3198/96/5182
f 3140/97/5631 3139/67/5182 3198/96/5182
f 3140/97/5631 3198/96/5182 3202/98/5182
s 2543
f 3203/8/5632 3204/8/5633 3205/10/5634
f 3205/10/5634 3206/10/5632 3203/8/5632
s 2544
f 3207/38/5635 3174/38/5636 3172/36/5636
f 3172/36/5636 3208/36/5635 3207/38/5635
s 2545
f 3209/55/5637 3191/55/5638 3190/54/5637
f 3190/54/5637 3210/54/5637 3209/55/5637
s 2546
f 3211/12/5639 3147/12/5639 3145/10/5639
f 3145/10/5639 3206/10/5639 3211/12/5639
s 2547
f 3212/30/5640 3166/30/5640 3164/28/5640
f 3164/28/5640 3213/28/5640 3212/30/5640
s 2548
f 3214/48/5641 3184/48/5641 3182/46/5641
f 3182/46/5641 3215/46/5641 3214/48/5641
s 2549
f 3138/3/5642 3137/2/5642 3216/2/5643
f 3216/2/5643 3217/3/5644 3138/3/5642
s 2550
f 3201/63/5645 3218/63/5646 3216/65/5647
f 3216/65/5647 3137/65/5646 3201/63/5645
s 2551
f 3219/22/5648 3158/22/5648 3156/19/5648
f 3156/19/5648 3200/19/5648 3219/22/5648
s 2552
f 3220/40/5649 3176/40/5650 3174/38/5649
f 3174/38/5649 3207/38/5651 3220/40/5649
s 2553
f 3209/55/5652 3221/58/5652 3194/58/5653
f 3194/58/5653 3191/55/5653 3209/55/5652
s 2554
f 3222/13/5654 3150/13/5654 3147/12/5654
f 3147/12/5654 3211/12/5654 3222/13/5654
s 2555
f 3223/32/5655 3168/32/5655 3166/30/5655
f 3166/30/5655 3212/30/5656 3223/32/5655
s 2556
f 3224/49/5657 3185/49/5658 3184/48/5657
f 3184/48/5657 3214/48/5657 3224/49/5657
s 2557
f 3217/3/5659 3225/6/5659 3141/6/5660
f 3141/6/5660 3138/3/5660 3217/3/5659
s 2558
f 3226/23/5661 3160/23/5662 3158/22/5662
f 3158/22/5662 3219/22/5661 3226/23/5661
s 2559
f 3220/40/5663 3227/41/5663 3177/41/5664
f 3177/41/5664 3176/40/5665 3220/40/5663
s 2560
f 3196/60/5666 3194/58/5666 3221/58/5666
f 3221/58/5666 3228/60/5666 3196/60/5666
s 2561
f 3229/16/5667 3152/16/5667 3150/13/5667
f 3150/13/5667 3222/13/5667 3229/16/5667
s 2562
f 3230/34/5668 3170/34/5669 3168/32/5669
f 3168/32/5669 3223/32/5668 3230/34/5668
s 2563
f 3231/51/5670 3187/51/5670 3185/49/5670
f 3185/49/5670 3224/49/5671 3231/51/5670
s 2564
f 3203/8/5672 3143/8/5672 3141/6/5672
f 3141/6/5672 3225/6/5672 3203/8/5672
s 2565
f 3232/25/5673 3161/25/5673 3160/23/5673
f 3160/23/5673 3226/23/5673 3232/25/5673
s 2566
f 3233/43/5674 3179/43/5674 3177/41/5674
f 3177/41/5674 3227/41/5674 3233/43/5674
s 2567
f 3197/61/5675 3196/60/5676 3228/60/5677
f 3228/60/5677 3234/61/5678 3197/61/5675
s 2568
f 3152/16/5679 3229/16/5680 3199/17/5679
f 3199/17/5679 3153/17/5679 3152/16/5679
s 2569
f 3208/36/5681 3172/36/5682 3170/34/5681
f 3170/34/5681 3230/34/5681 3208/36/5681
s 2570
f 3210/54/5683 3190/54/5683 3187/51/5683
f 3187/51/5683 3231/51/5683 3210/54/5683
s 2571
f 3145/10/5684 3143/8/5684 3203/8/5684
f 3203/8/5684 3206/10/5684 3145/10/5684
s 2572
f 3213/28/5685 3164/28/5686 3161/25/5686
f 3161/25/5686 3232/25/5686 3213/28/5685
s 2573
f 3215/46/5687 3182/46/5687 3179/43/5687
f 3179/43/5687 3233/43/5688 3215/46/5687
s 2574
f 3201/63/5689 3197/61/5689 3234/61/5690
f 3234/61/5690 3218/63/5690 3201/63/5689
s 2575
f 3235/99/5691 3236/100/5692 3237/101/5691
f 3237/101/5691 3238/102/5693 3239/103/5691
f 3235/99/5691 3237/101/5691 3239/103/5691
f 3239/103/5691 3240/104/5694 3241/105/5695
f 3241/105/5695 3242/106/5696 3243/107/5691
f 3239/103/5691 3241/105/5695 3243/107/5691
f 3243/107/5691 3244/108/5697 3245/109/5698
f 3245/109/5698 3246/110/5699 3247/111/5691
f 3243/107/5691 3245/109/5698 3247/111/5691
f 3239/103/5691 3243/107/5691 3247/111/5691
f 3247/111/5691 3248/112/5700 3249/113/5691
f 3249/113/5691 3250/114/5701 3251/115/5691
f 3247/111/5691 3249/113/5691 3251/115/5691
f 3251/115/5691 3252/116/5702 3253/117/5691
f 3253/117/5691 3254/118/5703 3255/119/5691
f 3251/115/5691 3253/117/5691 3255/119/5691
f 3247/111/5691 3251/115/5691 3255/119/5691
f 3239/103/5691 3247/111/5691 3255/119/5691
f 3255/119/5691 3256/120/5704 3257/121/5705
f 3257/121/5705 3258/122/5706 3259/123/5707
f 3255/119/5691 3257/121/5705 3259/123/5707
f 3255/119/5691 3259/123/5707 3260/124/5691
f 3239/103/5691 3255/119/5691 3260/124/5691
f 3260/124/5691 3261/125/5708 3262/126/5691
f 3262/126/5691 3263/127/5709 3205/128/5710
f 3260/124/5691 3262/126/5691 3205/128/5710
f 3239/103/5691 3260/124/5691 3205/128/5710
f 3235/99/5691 3239/103/5691 3205/128/5710
f 3235/99/5691 3205/128/5710 3204/129/5711
f 3235/99/5691 3204/129/5711 3264/130/5707
s 2576
f 3234/61/5712 3238/61/5713 3237/63/5714
f 3237/63/5714 3218/63/5713 3234/61/5712
s 2577
f 3208/36/5715 3251/36/5716 3250/38/5717
f 3250/38/5717 3207/38/5715 3208/36/5715
s 2578
f 3206/10/5718 3205/10/5719 3263/12/5719
f 3263/12/5719 3211/12/5718 3206/10/5718
s 2579
f 3218/63/5720 3237/63/5721 3236/65/5722
f 3236/65/5722 3216/65/5720 3218/63/5720
s 2580
f 3207/38/5723 3250/38/5724 3249/40/5725
f 3249/40/5725 3220/40/5726 3207/38/5723
s 2581
f 3211/12/5727 3263/12/5727 3262/13/5727
f 3262/13/5727 3222/13/5727 3211/12/5727
s 2582
f 3220/40/5728 3249/40/5729 3248/41/5729
f 3248/41/5729 3227/41/5730 3220/40/5728
s 2583
f 3222/13/5731 3262/13/5731 3261/16/5731
f 3261/16/5731 3229/16/5731 3222/13/5731
s 2584
f 3227/41/5732 3248/41/5732 3247/43/5732
f 3247/43/5732 3233/43/5732 3227/41/5732
s 2585
f 3199/17/5733 3229/16/5733 3261/16/5734
f 3261/16/5734 3260/17/5734 3199/17/5733
s 2586
f 3233/43/5735 3247/43/5736 3246/46/5736
f 3246/46/5736 3215/46/5735 3233/43/5735
s 2587
f 3199/17/5737 3260/17/5738 3259/19/5738
f 3259/19/5738 3200/19/5737 3199/17/5737
s 2588
f 3215/46/5739 3246/46/5740 3245/48/5740
f 3245/48/5740 3214/48/5739 3215/46/5739
s 2589
f 3200/19/5741 3259/19/5742 3258/22/5742
f 3258/22/5742 3219/22/5741 3200/19/5741
s 2590
f 3214/48/5743 3245/48/5744 3244/49/5744
f 3244/49/5744 3224/49/5743 3214/48/5743
s 2591
f 3219/22/5745 3258/22/5746 3257/23/5746
f 3257/23/5746 3226/23/5747 3219/22/5745
s 2592
f 3224/49/5748 3244/49/5749 3243/51/5749
f 3243/51/5749 3231/51/5748 3224/49/5748
s 2593
f 3226/23/5750 3257/23/5751 3256/25/5751
f 3256/25/5751 3232/25/5752 3226/23/5750
s 2594
f 3231/51/5753 3243/51/5754 3242/54/5754
f 3242/54/5754 3210/54/5754 3231/51/5753
s 2595
f 3232/25/5755 3256/25/5755 3255/28/5756
f 3255/28/5756 3213/28/5755 3232/25/5755
s 2596
f 3210/54/5757 3242/54/5758 3241/55/5757
f 3241/55/5757 3209/55/5757 3210/54/5757
s 2597
f 3213/28/5759 3255/28/5760 3254/30/5760
f 3254/30/5760 3212/30/5759 3213/28/5759
s 2598
f 3216/2/5761 3236/2/5762 3235/3/5763
f 3235/3/5763 3217/3/5761 3216/2/5761
s 2599
f 3209/55/5764 3241/55/5765 3240/58/5765
f 3240/58/5765 3221/58/5764 3209/55/5764
s 2600
f 3212/30/5766 3254/30/5767 3253/32/5768
f 3253/32/5768 3223/32/5766 3212/30/5766
s 2601
f 3217/3/5769 3235/3/5770 3264/6/5769
f 3264/6/5769 3225/6/5770 3217/3/5769
s 2602
f 3221/58/5771 3240/58/5772 3239/60/5772
f 3239/60/5772 3228/60/5773 3221/58/5771
s 2603
f 3223/32/5774 3253/32/5775 3252/34/5775
f 3252/34/5775 3230/34/5774 3223/32/5774
s 2604
f 3225/6/5776 3264/6/5776 3204/8/5776
f 3204/8/5776 3203/8/5776 3225/6/5776
s 2605
f 3228/60/5777 3239/60/5778 3238/61/5779
f 3238/61/5779 3234/61/5780 3228/60/5777
s 2606
f 3230/34/5781 3252/34/5782 3251/36/5782
f 3251/36/5782 3208/36/5781 3230/34/5781
s 2607
f 3265/3/5783 3266/4/5783 3267/5/5784
f 3267/5/5784 3268/2/5783 3265/3/5783
s 2608
f 3269/7/5785 3266/4/5786 3265/3/5785
f 3265/3/5785 3270/6/5785 3269/7/5785
s 2609
f 3271/8/5787 3272/9/5787 3269/7/5787
f 3269/7/5787 3270/6/5787 3271/8/5787
s 2610
f 3273/11/5788 3272/9/5788 3271/8/5788
f 3271/8/5788 3274/10/5788 3273/11/5788
s 2611
f 3275/12/5789 3276/131/5789 3273/11/5789
f 3273/11/5789 3274/10/5789 3275/12/5789
s 2612
f 3277/14/5790 3276/131/5790 3275/12/5790
f 3275/12/5790 3278/13/5790 3277/14/5790
s 2613
f 3279/15/5791 3277/14/5791 3278/13/5791
f 3278/13/5791 3280/16/5791 3279/15/5791
s 2614
f 3281/17/5792 3282/18/5793 3279/15/5792
f 3279/15/5792 3280/16/5792 3281/17/5792
s 2615
f 3283/20/5794 3282/18/5794 3281/17/5794
f 3281/17/5794 3284/19/5794 3283/20/5794
s 2616
f 3285/22/5795 3286/21/5795 3283/20/5795
f 3283/20/5795 3284/19/5795 3285/22/5795
s 2617
f 3287/23/5796 3288/24/5796 3286/21/5796
f 3286/21/5796 3285/22/5796 3287/23/5796
s 2618
f 3289/26/5797 3288/24/5797 3287/23/5797
f 3287/23/5797 3290/25/5797 3289/26/5797
s 2619
f 3291/28/5798 3292/27/5798 3289/26/5798
f 3289/26/5798 3290/25/5798 3291/28/5798
s 2620
f 3293/30/5799 3294/29/5799 3292/27/5799
f 3292/27/5799 3291/28/5799 3293/30/5799
s 2621
f 3295/31/5800 3294/29/5800 3293/30/5800
f 3293/30/5800 3296/32/5800 3295/31/5800
s 2622
f 3296/32/5801 3297/34/5801 3298/33/5801
f 3298/33/5801 3295/31/5801 3296/32/5801
s 2623
f 3299/36/5802 3300/35/5802 3298/33/5802
f 3298/33/5802 3297/34/5802 3299/36/5802
s 2624
f 3301/37/5803 3300/35/5803 3299/36/5803
f 3299/36/5803 3302/38/5803 3301/37/5803
s 2625
f 3303/39/5804 3301/37/5804 3302/38/5804
f 3302/38/5804 3304/40/5804 3303/39/5804
s 2626
f 3305/41/5805 3306/42/5805 3303/39/5805
f 3303/39/5805 3304/40/5805 3305/41/5805
s 2627
f 3307/44/5806 3306/42/5806 3305/41/5806
f 3305/41/5806 3308/43/5806 3307/44/5806
s 2628
f 3309/46/5807 3310/45/5807 3307/44/5807
f 3307/44/5807 3308/43/5807 3309/46/5807
s 2629
f 3311/48/5808 3312/47/5808 3310/45/5808
f 3310/45/5808 3309/46/5808 3311/48/5808
s 2630
f 3313/50/5809 3312/47/5809 3311/48/5809
f 3311/48/5809 3314/49/5809 3313/50/5809
s 2631
f 3315/52/5810 3313/50/5810 3314/49/5810
f 3314/49/5810 3316/51/5810 3315/52/5810
s 2632
f 3317/54/5811 3318/53/5811 3315/52/5811
f 3315/52/5811 3316/51/5811 3317/54/5811
s 2633
f 3319/56/5812 3318/53/5812 3317/54/5812
f 3317/54/5812 3320/55/5812 3319/56/5812
s 2634
f 3321/58/5813 3322/57/5813 3319/56/5813
f 3319/56/5813 3320/55/5813 3321/58/5813
s 2635
f 3323/60/5814 3324/59/5814 3322/57/5814
f 3322/57/5814 3321/58/5814 3323/60/5814
s 2636
f 3325/62/5815 3324/59/5815 3323/60/5815
f 3323/60/5815 3326/61/5815 3325/62/5815
s 2637
f 3327/19/5816 3284/19/5816 3281/17/5816
f 3281/17/5816 3328/17/5817 3327/19/5816
s 2638
f 3329/63/5818 3330/64/5818 3325/62/5818
f 3325/62/5818 3326/61/5818 3329/63/5818
s 2639
f 3329/63/5819 3268/65/5819 3267/66/5820
f 3267/66/5820 3330/64/5821 3329/63/5819
s 2640
f 3267/97/5182 3266/67/5182 3269/68/5182
f 3269/68/5182 3272/69/5182 3273/70/5182
f 3267/97/5182 3269/68/5182 3273/70/5182
f 3276/71/5182 3277/72/5182 3279/73/5182
f 3273/70/5182 3276/71/5182 3279/73/5182
f 3273/70/5182 3279/73/5182 3282/74/5182
f 3282/74/5182 3283/75/5625 3286/76/5182
f 3273/70/5182 3282/74/5182 3286/76/5182
f 3273/70/5182 3286/76/5182 3288/77/5182
f 3288/77/5182 3289/78/5629 3292/79/5182
f 3273/70/5182 3288/77/5182 3292/79/5182
f 3273/70/5182 3292/79/5182 3294/80/5182
f 3294/80/5182 3295/81/5182 3298/82/5182
f 3273/70/5182 3294/80/5182 3298/82/5182
f 3273/70/5182 3298/82/5182 3300/83/5182
f 3300/83/5182 3301/84/5628 3303/85/5182
f 3273/70/5182 3300/83/5182 3303/85/5182
f 3273/70/5182 3303/85/5182 3306/86/5182
f 3306/86/5182 3307/87/5182 3310/88/5182
f 3273/70/5182 3306/86/5182 3310/88/5182
f 3273/70/5182 3310/88/5182 3312/89/5182
f 3312/89/5182 3313/90/5182 3315/91/5182
f 3273/70/5182 3312/89/5182 3315/91/5182
f 3273/70/5182 3315/91/5182 3318/92/5182
f 3318/92/5182 3319/93/5822 3322/94/5182
f 3273/70/5182 3318/92/5182 3322/94/5182
f 3273/70/5182 3322/94/5182 3324/95/5182
f 3267/97/5182 3273/70/5182 3324/95/5182
f 3267/97/5182 3324/95/5182 3325/96/5823
f 3267/97/5182 3325/96/5823 3330/98/5182
s 2641
f 3331/10/5824 3332/8/5824 3333/8/5824
f 3333/8/5824 3334/10/5824 3331/10/5824
s 2642
f 3335/38/5825 3302/38/5826 3299/36/5827
f 3299/36/5827 3336/36/5825 3335/38/5825
s 2643
f 3337/55/5828 3320/55/5828 3317/54/5828
f 3317/54/5828 3338/54/5828 3337/55/5828
s 2644
f 3274/10/5829 3331/10/5830 3339/12/5829
f 3339/12/5829 3275/12/5829 3274/10/5829
s 2645
f 3291/28/5831 3340/28/5831 3341/30/5831
f 3341/30/5831 3293/30/5831 3291/28/5831
s 2646
f 3311/48/5832 3309/46/5832 3342/46/5832
f 3342/46/5832 3343/48/5833 3311/48/5832
s 2647
f 3268/2/5834 3344/2/5835 3345/3/5835
f 3345/3/5835 3265/3/5834 3268/2/5834
s 2648
f 3268/65/5836 3329/63/5836 3346/63/5836
f 3346/63/5836 3344/65/5836 3268/65/5836
s 2649
f 3327/19/5837 3347/22/5837 3285/22/5837
f 3285/22/5837 3284/19/5837 3327/19/5837
s 2650
f 3335/38/5838 3348/40/5838 3304/40/5839
f 3304/40/5839 3302/38/5840 3335/38/5838
s 2651
f 3337/55/5841 3349/58/5842 3321/58/5843
f 3321/58/5843 3320/55/5841 3337/55/5841
s 2652
f 3350/13/5844 3278/13/5844 3275/12/5844
f 3275/12/5844 3339/12/5844 3350/13/5844
s 2653
f 3351/32/5845 3296/32/5845 3293/30/5845
f 3293/30/5845 3341/30/5845 3351/32/5845
s 2654
f 3352/49/5846 3314/49/5847 3311/48/5847
f 3311/48/5847 3343/48/5846 3352/49/5846
s 2655
f 3353/6/5848 3270/6/5849 3265/3/5848
f 3265/3/5848 3345/3/5848 3353/6/5848
s 2656
f 3285/22/5850 3347/22/5851 3354/23/5850
f 3354/23/5850 3287/23/5850 3285/22/5850
s 2657
f 3305/41/5852 3304/40/5852 3348/40/5853
f 3348/40/5853 3355/41/5854 3305/41/5852
s 2658
f 3323/60/5855 3321/58/5856 3349/58/5857
f 3349/58/5857 3356/60/5857 3323/60/5855
s 2659
f 3350/13/5858 3357/16/5858 3280/16/5858
f 3280/16/5858 3278/13/5859 3350/13/5858
s 2660
f 3351/32/5860 3358/34/5861 3297/34/5862
f 3297/34/5862 3296/32/5862 3351/32/5860
s 2661
f 3352/49/5863 3359/51/5863 3316/51/5864
f 3316/51/5864 3314/49/5864 3352/49/5863
s 2662
f 3270/6/5865 3353/6/5866 3332/8/5865
f 3332/8/5865 3271/8/5865 3270/6/5865
s 2663
f 3360/25/5867 3290/25/5867 3287/23/5867
f 3287/23/5867 3354/23/5867 3360/25/5867
s 2664
f 3361/43/5868 3308/43/5869 3305/41/5869
f 3305/41/5869 3355/41/5869 3361/43/5868
s 2665
f 3362/61/5870 3326/61/5871 3323/60/5872
f 3323/60/5872 3356/60/5870 3362/61/5870
s 2666
f 3280/16/5873 3357/16/5873 3328/17/5873
f 3328/17/5873 3281/17/5874 3280/16/5873
s 2667
f 3297/34/5875 3358/34/5875 3336/36/5875
f 3336/36/5875 3299/36/5875 3297/34/5875
s 2668
f 3317/54/5876 3316/51/5876 3359/51/5876
f 3359/51/5876 3338/54/5876 3317/54/5876
s 2669
f 3331/10/5877 3274/10/5877 3271/8/5877
f 3271/8/5877 3332/8/5877 3331/10/5877
s 2670
f 3360/25/5878 3340/28/5878 3291/28/5878
f 3291/28/5878 3290/25/5878 3360/25/5878
s 2671
f 3361/43/5879 3342/46/5880 3309/46/5881
f 3309/46/5881 3308/43/5882 3361/43/5879
s 2672
f 3362/61/5883 3346/63/5884 3329/63/5883
f 3329/63/5883 3326/61/5883 3362/61/5883
s 2673
f 3363/101/5885 3364/102/5886 3365/103/5887
f 3363/101/5885 3365/103/5887 3366/104/5888
f 3366/104/5888 3367/105/5889 3368/106/5890
f 3363/101/5885 3366/104/5888 3368/106/5890
f 3363/101/5885 3368/106/5890 3369/107/5885
f 3369/107/5885 3370/108/5891 3371/109/5892
f 3363/101/5885 3369/107/5885 3371/109/5892
f 3363/101/5885 3371/109/5892 3372/110/5885
f 3372/110/5885 3373/111/5893 3374/112/5894
f 3363/101/5885 3372/110/5885 3374/112/5894
f 3363/101/5885 3374/112/5894 3375/113/5885
f 3375/113/5885 3376/114/5887 3377/115/5885
f 3363/101/5885 3375/113/5885 3377/115/5885
f 3363/101/5885 3377/115/5885 3378/116/5885
f 3378/116/5885 3379/117/5895 3380/118/5892
f 3363/101/5885 3378/116/5885 3380/118/5892
f 3363/101/5885 3380/118/5892 3381/119/5892
f 3381/119/5892 3382/120/5896 3383/121/5894
f 3363/101/5885 3381/119/5892 3383/121/5894
f 3363/101/5885 3383/121/5894 3384/122/5894
f 3384/122/5894 3385/123/5892 3386/124/5885
f 3363/101/5885 3384/122/5894 3386/124/5885
f 3386/124/5885 3387/125/5897 3388/126/5898
f 3386/124/5885 3388/126/5898 3389/127/5885
f 3363/101/5885 3386/124/5885 3389/127/5885
f 3363/101/5885 3389/127/5885 3334/128/5899
f 3334/128/5899 3333/129/5900 3390/130/5901
f 3363/101/5885 3334/128/5899 3390/130/5901
f 3391/100/5887 3363/101/5885 3390/130/5901
f 3392/99/5899 3391/100/5887 3390/130/5901
s 2674
f 3346/63/5902 3362/61/5903 3364/61/5902
f 3364/61/5902 3363/63/5904 3346/63/5902
s 2675
f 3377/36/5905 3376/38/5906 3335/38/5906
f 3335/38/5906 3336/36/5906 3377/36/5905
s 2676
f 3339/12/5907 3331/10/5907 3334/10/5908
f 3334/10/5908 3389/12/5907 3339/12/5907
s 2677
f 3344/65/5909 3346/63/5910 3363/63/5911
f 3363/63/5911 3391/65/5911 3344/65/5909
s 2678
f 3348/40/5912 3335/38/5913 3376/38/5914
f 3376/38/5914 3375/40/5915 3348/40/5912
s 2679
f 3388/13/5916 3350/13/5917 3339/12/5917
f 3339/12/5917 3389/12/5916 3388/13/5916
s 2680
f 3355/41/5918 3348/40/5919 3375/40/5919
f 3375/40/5919 3374/41/5920 3355/41/5918
s 2681
f 3357/16/5921 3350/13/5922 3388/13/5922
f 3388/13/5922 3387/16/5922 3357/16/5921
s 2682
f 3374/41/5923 3373/43/5923 3361/43/5924
f 3361/43/5924 3355/41/5924 3374/41/5923
s 2683
f 3328/17/5925 3357/16/5925 3387/16/5926
f 3387/16/5926 3386/17/5926 3328/17/5925
s 2684
f 3342/46/5927 3361/43/5928 3373/43/5929
f 3373/43/5929 3372/46/5930 3342/46/5927
s 2685
f 3386/17/5931 3385/19/5931 3327/19/5932
f 3327/19/5932 3328/17/5932 3386/17/5931
s 2686
f 3343/48/5933 3342/46/5934 3372/46/5933
f 3372/46/5933 3371/48/5933 3343/48/5933
s 2687
f 3347/22/5935 3327/19/5935 3385/19/5935
f 3385/19/5935 3384/22/5935 3347/22/5935
s 2688
f 3371/48/5936 3370/49/5937 3352/49/5936
f 3352/49/5936 3343/48/5936 3371/48/5936
s 2689
f 3354/23/5938 3347/22/5939 3384/22/5940
f 3384/22/5940 3383/23/5940 3354/23/5938
s 2690
f 3359/51/5941 3352/49/5941 3370/49/5942
f 3370/49/5942 3369/51/5942 3359/51/5941
s 2691
f 3383/23/5943 3382/25/5943 3360/25/5943
f 3360/25/5943 3354/23/5943 3383/23/5943
s 2692
f 3338/54/5944 3359/51/5945 3369/51/5944
f 3369/51/5944 3368/54/5944 3338/54/5944
s 2693
f 3340/28/5946 3360/25/5946 3382/25/5946
f 3382/25/5946 3381/28/5946 3340/28/5946
s 2694
f 3368/54/5947 3367/55/5947 3337/55/5948
f 3337/55/5948 3338/54/5948 3368/54/5947
s 2695
f 3341/30/5949 3340/28/5949 3381/28/5950
f 3381/28/5950 3380/30/5950 3341/30/5949
s 2696
f 3344/2/5951 3391/2/5952 3392/3/5952
f 3392/3/5952 3345/3/5951 3344/2/5951
s 2697
f 3349/58/5953 3337/55/5953 3367/55/5953
f 3367/55/5953 3366/58/5953 3349/58/5953
s 2698
f 3380/30/5954 3379/32/5954 3351/32/5955
f 3351/32/5955 3341/30/5955 3380/30/5954
s 2699
f 3390/6/5956 3353/6/5956 3345/3/5956
f 3345/3/5956 3392/3/5956 3390/6/5956
s 2700
f 3356/60/5957 3349/58/5957 3366/58/5958
f 3366/58/5958 3365/60/5959 3356/60/5957
s 2701
f 3358/34/5960 3351/32/5960 3379/32/5960
f 3379/32/5960 3378/34/5961 3358/34/5960
s 2702
f 3333/8/5962 3332/8/5963 3353/6/5963
f 3353/6/5963 3390/6/5963 3333/8/5962
s 2703
f 3365/60/5964 3364/61/5965 3362/61/5964
f 3362/61/5964 3356/60/5964 3365/60/5964
s 2704
f 3336/36/5966 3358/34/5966 3378/34/5967
f 3378/34/5967 3377/36/5968 3336/36/5966
s 2705
f 3393/3/5969 3394/4/5969 3395/5/5969
f 3395/5/5969 3396/2/5969 3393/3/5969
s 2706
f 3397/7/5970 3394/4/5970 3393/3/5970
f 3393/3/5970 3398/6/5970 3397/7/5970
s 2707
f 3399/8/5971 3400/9/5971 3397/7/5971
f 3397/7/5971 3398/6/5971 3399/8/5971
s 2708
f 3401/10/5972 3402/11/5973 3400/9/5974
f 3400/9/5974 3399/8/5975 3401/10/5972
s 2709
f 3403/131/5976 3402/11/5976 3401/10/5976
f 3401/10/5976 3404/12/5976 3403/131/5976
s 2710
f 3405/13/5977 3406/14/5978 3403/131/5977
f 3403/131/5977 3404/12/5978 3405/13/5977
s 2711
f 3407/16/5979 3408/15/5979 3406/14/5979
f 3406/14/5979 3405/13/5979 3407/16/5979
s 2712
f 3409/18/5980 3408/15/5980 3407/16/5980
f 3407/16/5980 3410/17/5980 3409/18/5980
s 2713
f 3411/19/5981 3412/20/5981 3409/18/5981
f 3409/18/5981 3410/17/5981 3411/19/5981
s 2714
f 3413/22/5982 3414/21/5982 3412/20/5982
f 3412/20/5982 3411/19/5982 3413/22/5982
s 2715
f 3415/24/5983 3414/21/5983 3413/22/5983
f 3413/22/5983 3416/23/5983 3415/24/5983
s 2716
f 3417/25/5984 3418/26/5984 3415/24/5984
f 3415/24/5984 3416/23/5984 3417/25/5984
s 2717
f 3419/28/5985 3420/27/5985 3418/26/5985
f 3418/26/5985 3417/25/5985 3419/28/5985
s 2718
f 3421/29/5986 3420/27/5987 3419/28/5986
f 3419/28/5986 3422/30/5987 3421/29/5986
s 2719
f 3423/31/5988 3421/29/5988 3422/30/5989
f 3422/30/5989 3424/32/5988 3423/31/5988
s 2720
f 3425/34/5990 3426/33/5990 3423/31/5990
f 3423/31/5990 3424/32/5990 3425/34/5990
s 2721
f 3427/35/5991 3426/33/5991 3425/34/5991
f 3425/34/5991 3428/36/5991 3427/35/5991
s 2722
f 3429/37/5992 3427/35/5992 3428/36/5992
f 3428/36/5992 3430/38/5992 3429/37/5992
s 2723
f 3431/40/5993 3432/39/5993 3429/37/5993
f 3429/37/5993 3430/38/5993 3431/40/5993
s 2724
f 3433/42/5994 3432/39/5995 3431/40/5996
f 3431/40/5996 3434/41/5997 3433/42/5994
s 2725
f 3435/43/5998 3436/44/5999 3433/42/5999
f 3433/42/5999 3434/41/5998 3435/43/5998
s 2726
f 3437/46/6000 3438/45/6000 3436/44/6000
f 3436/44/6000 3435/43/6001 3437/46/6000
s 2727
f 3439/47/6002 3438/45/6002 3437/46/6002
f 3437/46/6002 3440/48/6002 3439/47/6002
s 2728
f 3441/50/6003 3439/47/6003 3440/48/6003
f 3440/48/6003 3442/49/6003 3441/50/6003
s 2729
f 3443/51/6004 3444/52/6004 3441/50/6004
f 3441/50/6004 3442/49/6004 3443/51/6004
s 2730
f 3445/53/6005 3444/52/6005 3443/51/6005
f 3443/51/6005 3446/54/6005 3445/53/6005
s 2731
f 3447/55/6006 3448/56/6006 3445/53/6006
f 3445/53/6006 3446/54/6006 3447/55/6006
s 2732
f 3449/58/6007 3450/57/6008 3448/56/6007
f 3448/56/6007 3447/55/6009 3449/58/6007
s 2733
f 3451/59/6010 3450/57/6010 3449/58/6011
f 3449/58/6011 3452/60/6011 3451/59/6010
s 2734
f 3453/61/6012 3454/62/6013 3451/59/6012
f 3451/59/6012 3452/60/6014 3453/61/6012
s 2735
f 3410/17/6015 3455/17/6015 3456/19/6015
f 3456/19/6015 3411/19/6015 3410/17/6015
s 2736
f 3457/63/6016 3458/64/6016 3454/62/6016
f 3454/62/6016 3453/61/6016 3457/63/6016
s 2737
f 3457/63/6017 3396/65/6017 3395/66/6017
f 3395/66/6017 3458/64/6017 3457/63/6017
s 2738
f 3394/67/5182 3397/68/5182 3400/69/5627
f 3395/97/5182 3394/67/5182 3400/69/5627
f 3395/97/5182 3400/69/5627 3402/70/5182
f 3402/70/5182 3403/71/5182 3406/72/5628
f 3395/97/5182 3402/70/5182 3406/72/5628
f 3395/97/5182 3406/72/5628 3408/73/5182
f 3408/73/5182 3409/74/5182 3412/75/5182
f 3395/97/5182 3408/73/5182 3412/75/5182
f 3395/97/5182 3412/75/5182 3414/76/5182
f 3414/76/5182 3415/77/5625 3418/78/5182
f 3395/97/5182 3414/76/5182 3418/78/5182
f 3395/97/5182 3418/78/5182 3420/79/5182
f 3420/79/5182 3421/80/5624 3423/81/5182
f 3395/97/5182 3420/79/5182 3423/81/5182
f 3395/97/5182 3423/81/5182 3426/82/5182
f 3426/82/5182 3427/83/5822 3429/84/5182
f 3395/97/5182 3426/82/5182 3429/84/5182
f 3395/97/5182 3429/84/5182 3432/85/5182
f 3432/85/5182 3433/86/5630 3436/87/5182
f 3395/97/5182 3432/85/5182 3436/87/5182
f 3395/97/5182 3436/87/5182 3438/88/5182
f 3438/88/5182 3439/89/5182 3441/90/5182
f 3395/97/5182 3438/88/5182 3441/90/5182
f 3395/97/5182 3441/90/5182 3444/91/5182
f 3444/91/5182 3445/92/5182 3448/93/5182
f 3395/97/5182 3444/91/5182 3448/93/5182
f 3395/97/5182 3448/93/5182 3450/94/5627
f 3450/94/5627 3451/95/5182 3454/96/5628
f 3395/97/5182 3450/94/5627 3454/96/5628
f 3395/97/5182 3454/96/5628 3458/98/5182
s 2739
f 3459/8/6018 3460/8/6019 3461/10/6020
f 3461/10/6020 3462/10/6018 3459/8/6018
s 2740
f 3463/38/6021 3430/38/6022 3428/36/6022
f 3428/36/6022 3464/36/6021 3463/38/6021
s 2741
f 3465/55/6023 3447/55/6023 3446/54/6023
f 3446/54/6023 3466/54/6023 3465/55/6023
s 2742
f 3401/10/6024 3462/10/6024 3467/12/6024
f 3467/12/6024 3404/12/6024 3401/10/6024
s 2743
f 3422/30/6025 3419/28/6025 3468/28/6025
f 3468/28/6025 3469/30/6026 3422/30/6025
s 2744
f 3440/48/6027 3437/46/6027 3470/46/6027
f 3470/46/6027 3471/48/6027 3440/48/6027
s 2745
f 3472/3/6028 3393/3/6028 3396/2/6028
f 3396/2/6028 3473/2/6028 3472/3/6028
s 2746
f 3474/63/6029 3473/65/6030 3396/65/6029
f 3396/65/6029 3457/63/6029 3474/63/6029
s 2747
f 3411/19/6031 3456/19/6031 3475/22/6031
f 3475/22/6031 3413/22/6031 3411/19/6031
s 2748
f 3476/40/6032 3431/40/6033 3430/38/6034
f 3430/38/6034 3463/38/6032 3476/40/6032
s 2749
f 3477/58/6035 3449/58/6036 3447/55/6037
f 3447/55/6037 3465/55/6038 3477/58/6035
s 2750
f 3404/12/6039 3467/12/6039 3478/13/6039
f 3478/13/6039 3405/13/6039 3404/12/6039
s 2751
f 3479/32/6040 3424/32/6040 3422/30/6040
f 3422/30/6040 3469/30/6041 3479/32/6040
s 2752
f 3480/49/6042 3442/49/6042 3440/48/6042
f 3440/48/6042 3471/48/6042 3480/49/6042
s 2753
f 3393/3/6043 3472/3/6044 3481/6/6043
f 3481/6/6043 3398/6/6043 3393/3/6043
s 2754
f 3475/22/6045 3482/23/6046 3416/23/6045
f 3416/23/6045 3413/22/6045 3475/22/6045
s 2755
f 3434/41/6047 3431/40/6047 3476/40/6047
f 3476/40/6047 3483/41/6047 3434/41/6047
s 2756
f 3452/60/6048 3449/58/6049 3477/58/6049
f 3477/58/6049 3484/60/6049 3452/60/6048
s 2757
f 3405/13/6050 3478/13/6051 3485/16/6050
f 3485/16/6050 3407/16/6050 3405/13/6050
s 2758
f 3486/34/6052 3425/34/6053 3424/32/6053
f 3424/32/6053 3479/32/6052 3486/34/6052
s 2759
f 3487/51/6054 3443/51/6055 3442/49/6055
f 3442/49/6055 3480/49/6054 3487/51/6054
s 2760
f 3398/6/6056 3481/6/6057 3459/8/6057
f 3459/8/6057 3399/8/6058 3398/6/6056
s 2761
f 3482/23/6059 3488/25/6059 3417/25/6059
f 3417/25/6059 3416/23/6059 3482/23/6059
s 2762
f 3489/43/6060 3435/43/6061 3434/41/6061
f 3434/41/6061 3483/41/6060 3489/43/6060
s 2763
f 3490/61/6062 3453/61/6062 3452/60/6062
f 3452/60/6062 3484/60/6062 3490/61/6062
s 2764
f 3407/16/6063 3485/16/6063 3455/17/6064
f 3455/17/6064 3410/17/6065 3407/16/6063
s 2765
f 3428/36/6066 3425/34/6066 3486/34/6067
f 3486/34/6067 3464/36/6067 3428/36/6066
s 2766
f 3446/54/6068 3443/51/6069 3487/51/6070
f 3487/51/6070 3466/54/6070 3446/54/6068
s 2767
f 3399/8/6071 3459/8/6071 3462/10/6071
f 3462/10/6071 3401/10/6071 3399/8/6071
s 2768
f 3419/28/6072 3417/25/6072 3488/25/6072
f 3488/25/6072 3468/28/6072 3419/28/6072
s 2769
f 3470/46/6073 3437/46/6073 3435/43/6073
f 3435/43/6073 3489/43/6074 3470/46/6073
s 2770
f 3474/63/6075 3457/63/6076 3453/61/6077
f 3453/61/6077 3490/61/6076 3474/63/6075
s 2771
f 3491/99/6078 3492/100/6079 3493/101/6080
f 3493/101/6080 3494/102/6081 3495/103/6082
f 3491/99/6078 3493/101/6080 3495/103/6082
f 3496/104/6083 3497/105/6084 3498/106/6078
f 3495/103/6082 3496/104/6083 3498/106/6078
f 3491/99/6078 3495/103/6082 3498/106/6078
f 3499/107/6085 3500/108/6086 3501/109/6087
f 3498/106/6078 3499/107/6085 3501/109/6087
f 3502/110/6088 3503/111/6089 3504/112/6082
f 3501/109/6087 3502/110/6088 3504/112/6082
f 3498/106/6078 3501/109/6087 3504/112/6082
f 3491/99/6078 3498/106/6078 3504/112/6082
f 3505/113/6090 3506/114/6091 3507/115/6082
f 3504/112/6082 3505/113/6090 3507/115/6082
f 3508/116/6078 3509/117/6092 3510/118/6082
f 3507/115/6082 3508/116/6078 3510/118/6082
f 3504/112/6082 3507/115/6082 3510/118/6082
f 3511/119/6093 3512/120/6094 3513/121/6082
f 3510/118/6082 3511/119/6093 3513/121/6082
f 3514/122/6095 3515/123/6096 3516/124/6082
f 3513/121/6082 3514/122/6095 3516/124/6082
f 3510/118/6082 3513/121/6082 3516/124/6082
f 3504/112/6082 3510/118/6082 3516/124/6082
f 3491/99/6078 3504/112/6082 3516/124/6082
f 3517/125/6088 3518/126/6086 3519/127/6087
f 3516/124/6082 3517/125/6088 3519/127/6087
f 3461/128/6079 3460/129/6097 3520/130/6098
f 3519/127/6087 3461/128/6079 3520/130/6098
f 3516/124/6082 3519/127/6087 3520/130/6098
f 3491/99/6078 3516/124/6082 3520/130/6098
s 2772
f 3490/61/6099 3494/61/6099 3493/63/6099
f 3493/63/6099 3474/63/6100 3490/61/6099
s 2773
f 3463/38/6101 3464/36/6102 3507/36/6102
f 3507/36/6102 3506/38/6102 3463/38/6101
s 2774
f 3519/12/6103 3467/12/6104 3462/10/6104
f 3462/10/6104 3461/10/6105 3519/12/6103
s 2775
f 3493/63/6106 3492/65/6106 3473/65/6107
f 3473/65/6107 3474/63/6107 3493/63/6106
s 2776
f 3463/38/6108 3506/38/6108 3505/40/6109
f 3505/40/6109 3476/40/6109 3463/38/6108
s 2777
f 3478/13/6110 3467/12/6110 3519/12/6110
f 3519/12/6110 3518/13/6110 3478/13/6110
s 2778
f 3504/41/6111 3483/41/6112 3476/40/6113
f 3476/40/6113 3505/40/6111 3504/41/6111
s 2779
f 3478/13/6114 3518/13/6115 3517/16/6115
f 3517/16/6115 3485/16/6114 3478/13/6114
s 2780
f 3489/43/6116 3483/41/6117 3504/41/6118
f 3504/41/6118 3503/43/6118 3489/43/6116
s 2781
f 3516/17/6119 3455/17/6120 3485/16/6120
f 3485/16/6120 3517/16/6119 3516/17/6119
s 2782
f 3489/43/6121 3503/43/6122 3502/46/6122
f 3502/46/6122 3470/46/6121 3489/43/6121
s 2783
f 3456/19/6123 3455/17/6124 3516/17/6125
f 3516/17/6125 3515/19/6125 3456/19/6123
s 2784
f 3501/48/6126 3471/48/6127 3470/46/6127
f 3470/46/6127 3502/46/6126 3501/48/6126
s 2785
f 3456/19/6128 3515/19/6128 3514/22/6128
f 3514/22/6128 3475/22/6128 3456/19/6128
s 2786
f 3480/49/6129 3471/48/6129 3501/48/6129
f 3501/48/6129 3500/49/6129 3480/49/6129
s 2787
f 3475/22/6130 3514/22/6130 3513/23/6130
f 3513/23/6130 3482/23/6130 3475/22/6130
s 2788
f 3480/49/6131 3500/49/6132 3499/51/6133
f 3499/51/6133 3487/51/6134 3480/49/6131
s 2789
f 3513/23/6135 3512/25/6135 3488/25/6136
f 3488/25/6136 3482/23/6137 3513/23/6135
s 2790
f 3498/54/6138 3466/54/6138 3487/51/6138
f 3487/51/6138 3499/51/6138 3498/54/6138
s 2791
f 3511/28/6139 3468/28/6139 3488/25/6139
f 3488/25/6139 3512/25/6139 3511/28/6139
s 2792
f 3465/55/6140 3466/54/6140 3498/54/6141
f 3498/54/6141 3497/55/6141 3465/55/6140
s 2793
f 3510/30/6142 3469/30/6143 3468/28/6143
f 3468/28/6143 3511/28/6142 3510/30/6142
s 2794
f 3472/3/6144 3473/2/6144 3492/2/6144
f 3492/2/6144 3491/3/6144 3472/3/6144
s 2795
f 3465/55/6145 3497/55/6146 3496/58/6146
f 3496/58/6146 3477/58/6145 3465/55/6145
s 2796
f 3479/32/6147 3469/30/6147 3510/30/6147
f 3510/30/6147 3509/32/6148 3479/32/6147
s 2797
f 3520/6/6149 3481/6/6149 3472/3/6149
f 3472/3/6149 3491/3/6149 3520/6/6149
s 2798
f 3495/60/6150 3484/60/6151 3477/58/6150
f 3477/58/6150 3496/58/6150 3495/60/6150
s 2799
f 3479/32/6152 3509/32/6152 3508/34/6152
f 3508/34/6152 3486/34/6152 3479/32/6152
s 2800
f 3459/8/6153 3481/6/6154 3520/6/6155
f 3520/6/6155 3460/8/6155 3459/8/6153
s 2801
f 3490/61/6156 3484/60/6157 3495/60/6158
f 3495/60/6158 3494/61/6158 3490/61/6156
s 2802
f 3507/36/6159 3464/36/6159 3486/34/6159
f 3486/34/6159 3508/34/6159 3507/36/6159
s 2803
f 3522/12/6160 3523/131/5578 3521/11/6161
s 2804
f 3524/14/6162 3523/131/5580 3522/12/6163
s 2805
f 3527/20/6164 3526/18/5585 3525/17/6165
s 2806
f 3530/24/6166 3528/21/5588 3529/22/6167
