# Blender 5.0.1
# www.blender.org
mtllib goddard_pie_delante_der.mtl
g pie_delante_derecha_Mesh
v -0.019427 -0.135509 0.401486
v -0.091327 -0.104709 0.393786
v -0.160427 -0.075209 0.370986
v -0.224127 -0.047909 0.333986
v -0.280027 -0.024009 0.284086
v -0.325827 -0.004409 0.223386
v -0.359927 0.010191 0.154086
v -0.380827 0.019091 0.078886
v -0.387927 0.022191 0.000686
v -0.380827 0.019091 -0.077514
v -0.359927 0.010191 -0.152714
v -0.325827 -0.004409 -0.222014
v -0.280027 -0.024009 -0.282814
v -0.224127 -0.047909 -0.332614
v -0.160427 -0.075209 -0.369714
v -0.091327 -0.104709 -0.392514
v -0.019427 -0.135509 -0.400214
v 0.052473 -0.166309 -0.392514
v 0.121673 -0.195809 -0.369714
v 0.185373 -0.223109 -0.332614
v 0.241173 -0.247009 -0.282814
v 0.287073 -0.266609 -0.222014
v 0.321073 -0.281209 -0.152714
v 0.342073 -0.290109 -0.077514
v 0.349173 -0.293209 0.000686
v 0.342073 -0.290109 0.078886
v 0.321073 -0.281209 0.154086
v 0.287073 -0.266609 0.223386
v 0.241173 -0.247009 0.284086
v 0.052473 -0.166309 0.393786
v 0.185373 -0.223109 0.333986
v 0.121673 -0.195809 0.370986
v 0.290373 -0.411009 -0.077514
v 0.243773 -0.430209 -0.070514
v 0.250173 -0.433009 0.000686
v 0.297373 -0.414109 0.000686
v 0.069873 -0.316709 -0.369714
v 0.133673 -0.344009 -0.332614
v -0.071127 -0.256409 0.401486
v 0.000773 -0.287109 0.393786
v -0.331727 -0.144909 0.284086
v -0.377527 -0.125309 0.223386
v 0.000773 -0.287109 -0.392514
v 0.069873 -0.316709 0.370986
v -0.275927 -0.168809 0.333986
v -0.071127 -0.256409 -0.400214
v 0.133673 -0.344009 0.333986
v -0.212127 -0.196009 0.370986
v -0.143027 -0.225609 -0.392514
v 0.189473 -0.367909 0.284086
v -0.143027 -0.225609 0.393786
v -0.212127 -0.196009 -0.369714
v 0.235273 -0.387509 0.223386
v -0.275927 -0.168809 -0.332614
v 0.269373 -0.402109 0.154086
v -0.331727 -0.144909 -0.282814
v 0.290373 -0.411009 0.078886
v -0.377527 -0.125309 -0.222014
v -0.411627 -0.110709 -0.152714
v -0.432627 -0.101709 -0.077514
v 0.269373 -0.402109 -0.152714
v -0.439627 -0.098709 0.000686
v 0.235273 -0.387509 -0.222014
v -0.432627 -0.101709 0.078886
v 0.189473 -0.367909 -0.282814
v -0.411627 -0.110709 0.154086
v 0.151973 -0.390909 -0.257414
v 0.163573 -0.417009 -0.278314
v 0.208673 -0.436309 -0.218514
v 0.193673 -0.408809 -0.202114
v -0.414327 -0.148709 -0.070514
v -0.395227 -0.156809 -0.139014
v 0.224673 -0.422109 -0.139014
v -0.420727 -0.145909 0.000686
v -0.414327 -0.148709 0.071886
v -0.395227 -0.156809 0.140286
v 0.101073 -0.369209 -0.302714
v -0.364227 -0.170109 0.203386
v 0.043073 -0.344409 -0.336514
v -0.019827 -0.317509 0.358586
v -0.085227 -0.289509 0.365586
v -0.322527 -0.188009 0.258686
v -0.019827 -0.317509 -0.357214
v 0.043073 -0.344409 0.337786
v -0.271627 -0.209709 0.304086
v -0.085227 -0.289509 -0.364214
v 0.101073 -0.369209 0.304086
v -0.213627 -0.234509 0.337786
v -0.150727 -0.261409 -0.357214
v 0.151973 -0.390909 0.258686
v -0.150727 -0.261409 0.358586
v -0.213627 -0.234509 -0.336514
v 0.193673 -0.408809 0.203386
v -0.271627 -0.209709 -0.302714
v 0.224673 -0.422109 0.140286
v -0.322527 -0.188009 -0.257414
v 0.243773 -0.430209 0.071886
v -0.364227 -0.170109 -0.202114
v 0.045873 -0.366609 -0.363814
v -0.022127 -0.337509 -0.386214
v -0.081727 -0.476909 -0.386214
v -0.013727 -0.506009 -0.363814
v -0.427927 -0.163909 0.151586
v -0.448627 -0.155109 0.077586
v 0.108573 -0.393509 -0.327314
v -0.394427 -0.178309 0.219786
v -0.022127 -0.337509 0.387486
v -0.092927 -0.307309 0.395086
v -0.349327 -0.197609 0.279586
v 0.045873 -0.366609 0.365086
v -0.294427 -0.221109 0.328586
v -0.092927 -0.307309 -0.393814
v 0.108573 -0.393509 0.328586
v -0.231727 -0.247909 0.365086
v -0.163627 -0.277009 -0.386214
v 0.163573 -0.417009 0.279586
v -0.163627 -0.277009 0.387486
v -0.231727 -0.247909 -0.363814
v 0.208673 -0.436309 0.219786
v -0.294427 -0.221109 -0.327314
v 0.242173 -0.450609 0.151586
v -0.349327 -0.197609 -0.278314
v 0.262773 -0.459409 0.077586
v -0.394427 -0.178309 -0.218514
v 0.269773 -0.462409 0.000686
v -0.427927 -0.163909 -0.150314
v 0.262773 -0.459409 -0.076314
v -0.448627 -0.155109 -0.076314
v 0.242173 -0.450609 -0.150314
v -0.455527 -0.152109 0.000686
v -0.291327 -0.387309 -0.363814
v -0.292827 -0.432009 -0.324814
v -0.232127 -0.458009 -0.344814
v -0.223327 -0.416409 -0.386214
v -0.013727 -0.506009 0.365086
v -0.081727 -0.476909 0.387486
v -0.354027 -0.360409 0.328586
v -0.408927 -0.336909 0.279586
v -0.152527 -0.446609 -0.393814
v 0.048973 -0.532809 0.328586
v -0.291327 -0.387309 0.365086
v 0.103873 -0.556409 0.279586
v -0.223327 -0.416409 0.387486
v 0.148973 -0.575709 0.219786
v -0.152527 -0.446609 0.395086
v -0.354027 -0.360409 -0.327314
v 0.182573 -0.590009 0.151586
v -0.408927 -0.336909 -0.278314
v 0.203173 -0.598809 0.077586
v -0.454027 -0.317609 -0.218514
v 0.210173 -0.601809 0.000686
v -0.487627 -0.303309 -0.150314
v 0.203173 -0.598809 -0.076314
v -0.508227 -0.294509 -0.076314
v 0.182573 -0.590009 -0.150314
v -0.515227 -0.291509 0.000686
v 0.148973 -0.575709 -0.218514
v -0.508227 -0.294509 0.077586
v 0.103873 -0.556409 -0.278314
v -0.487627 -0.303309 0.151586
v 0.048973 -0.532809 -0.327314
v -0.454027 -0.317609 0.219786
v -0.438227 -0.369809 -0.195014
v -0.489027 -0.401509 -0.217914
v -0.444027 -0.420709 -0.277514
v -0.397927 -0.387009 -0.248414
v 0.100373 -0.600209 0.196386
v 0.060073 -0.583009 0.249786
v -0.232127 -0.458009 0.346186
v -0.168927 -0.485009 0.352886
v -0.348827 -0.408009 -0.292214
v 0.130273 -0.613009 0.135486
v 0.148673 -0.620909 0.069386
v 0.154973 -0.623509 0.000686
v -0.468127 -0.357009 -0.134114
v 0.148673 -0.620909 -0.068114
v -0.486527 -0.349109 -0.068114
v 0.130273 -0.613009 -0.134114
v -0.492827 -0.346409 0.000686
v 0.100373 -0.600209 -0.195014
v -0.486527 -0.349109 0.069386
v 0.060073 -0.583009 -0.248414
v -0.468127 -0.357009 0.135486
v 0.010973 -0.562009 -0.292214
v -0.438227 -0.369809 0.196386
v -0.045027 -0.538009 -0.324814
v -0.105727 -0.512009 0.346186
v -0.397927 -0.387009 0.249786
v -0.105727 -0.512009 -0.344814
v -0.045027 -0.538009 0.326086
v -0.348827 -0.408009 0.293586
v -0.168927 -0.485009 -0.351614
v 0.010973 -0.562009 0.293586
v -0.292827 -0.432009 0.326086
v -0.608927 -0.513109 0.000686
v -0.601927 -0.516109 -0.076114
v -0.543027 -0.378409 -0.076114
v -0.549927 -0.375409 0.000686
v 0.166473 -0.681909 0.077386
v 0.173473 -0.684909 0.000686
v -0.522427 -0.387209 -0.149914
v 0.166473 -0.681909 -0.076114
v 0.145973 -0.673109 -0.149914
v 0.112473 -0.658809 -0.217914
v -0.543027 -0.378409 0.077386
v 0.067473 -0.639609 -0.277514
v -0.522427 -0.387209 0.151186
v 0.012673 -0.616109 -0.326514
v -0.489027 -0.401509 0.219186
v -0.049827 -0.589409 -0.362814
v -0.117727 -0.560309 0.386486
v -0.188227 -0.530209 0.394086
v -0.444027 -0.420709 0.278886
v -0.117727 -0.560309 -0.385214
v -0.049827 -0.589409 0.364086
v -0.389227 -0.444209 0.327786
v -0.188227 -0.530209 -0.392814
v 0.012673 -0.616109 0.327786
v -0.326727 -0.470909 0.364086
v -0.258827 -0.500009 -0.385214
v 0.067473 -0.639609 0.278886
v -0.258827 -0.500009 0.386486
v -0.326727 -0.470909 -0.362814
v 0.112473 -0.658809 0.219186
v -0.389227 -0.444209 -0.326514
v 0.145973 -0.673109 0.151186
v -0.547927 -0.539209 0.219186
v -0.531927 -0.619109 0.188586
v -0.561227 -0.608409 0.130086
v -0.581327 -0.524909 0.151186
v 0.053573 -0.796509 -0.217914
v 0.086973 -0.810809 -0.149914
v -0.601927 -0.516109 0.077386
v 0.008573 -0.777309 -0.277514
v -0.046227 -0.753809 -0.326514
v -0.108727 -0.727109 -0.362814
v -0.176627 -0.698109 0.386486
v -0.247127 -0.667909 0.394086
v -0.502927 -0.558409 0.278886
v -0.176627 -0.698109 -0.385214
v -0.108727 -0.727109 0.364086
v -0.448127 -0.581909 0.327786
v -0.247127 -0.667909 -0.392814
v -0.046227 -0.753809 0.327786
v -0.385627 -0.608609 0.364086
v -0.317727 -0.637709 -0.385214
v 0.008573 -0.777309 0.278886
v -0.317727 -0.637709 0.386486
v -0.385627 -0.608609 -0.362814
v 0.053573 -0.796509 0.219186
v -0.448127 -0.581909 -0.326514
v 0.086973 -0.810809 0.151186
v -0.502927 -0.558409 -0.277514
v 0.107573 -0.819609 0.077386
v -0.547927 -0.539209 -0.217914
v 0.114573 -0.822609 0.000686
v -0.581327 -0.524909 -0.149914
v 0.107573 -0.819609 -0.076114
v -0.640627 -0.623209 -0.075314
v -0.619827 -0.630909 -0.148414
v -0.561227 -0.608409 -0.128814
v -0.579327 -0.601809 -0.065314
v -0.146227 -0.760609 -0.311914
v -0.091227 -0.780709 -0.280714
v -0.205827 -0.738709 0.332486
v -0.267727 -0.716009 0.338986
v -0.492427 -0.633609 0.239886
v -0.205827 -0.738709 -0.331214
v -0.146227 -0.760609 0.313286
v -0.444227 -0.651309 0.281986
v -0.267727 -0.716009 -0.337714
v -0.091227 -0.780709 0.281986
v -0.389327 -0.671409 0.313286
v -0.329727 -0.693309 -0.331214
v -0.043127 -0.798309 0.239886
v -0.329727 -0.693309 0.332486
v -0.389327 -0.671409 -0.311914
v -0.003627 -0.812809 0.188586
v -0.444227 -0.651309 -0.280714
v 0.025773 -0.823609 0.130086
v -0.492427 -0.633609 -0.238614
v 0.043773 -0.830209 0.066686
v -0.531927 -0.619109 -0.187314
v 0.049873 -0.832409 0.000686
v 0.043773 -0.830209 -0.065314
v 0.025773 -0.823609 -0.128814
v -0.585427 -0.599509 0.000686
v -0.003627 -0.812809 -0.187314
v -0.579327 -0.601809 0.066686
v -0.043127 -0.798309 -0.238614
v -0.619827 -0.630909 0.149686
v -0.668127 -0.762809 0.149686
v -0.688927 -0.755109 0.076586
v -0.640627 -0.623209 0.076586
v 0.055873 -0.878609 -0.148414
v 0.076673 -0.886209 -0.075314
v -0.647627 -0.620609 0.000686
v 0.022073 -0.866209 -0.215714
v -0.023427 -0.849509 -0.274714
v -0.078827 -0.829209 -0.323214
v -0.586027 -0.643209 0.216986
v -0.142027 -0.806009 -0.359214
v -0.210627 -0.780909 0.382686
v -0.281927 -0.754709 0.390086
v -0.540527 -0.659909 0.276086
v -0.210627 -0.780909 -0.381314
v -0.142027 -0.806009 0.360486
v -0.485127 -0.680209 0.324486
v -0.281927 -0.754709 -0.388814
v -0.078827 -0.829209 0.324486
v -0.421927 -0.703409 0.360486
v -0.353327 -0.728609 -0.381314
v -0.023427 -0.849509 0.276086
v -0.353327 -0.728609 0.382686
v -0.421927 -0.703409 -0.359214
v 0.022073 -0.866209 0.216986
v -0.485127 -0.680209 -0.323214
v 0.055873 -0.878609 0.149686
v -0.540527 -0.659909 -0.274714
v 0.076673 -0.886209 0.076586
v -0.586027 -0.643209 -0.215714
v 0.083773 -0.888809 0.000686
v -0.576527 -0.874309 0.236486
v -0.588927 -0.791809 0.276086
v -0.533527 -0.812209 0.324486
v -0.528127 -0.888909 0.277886
v -0.127127 -0.961109 -0.323214
v -0.071727 -0.981409 -0.274714
v -0.634327 -0.775209 0.216986
v -0.190427 -0.937909 -0.359214
v -0.259027 -0.912809 0.382686
v -0.330327 -0.886609 0.390086
v -0.259027 -0.912809 -0.381314
v -0.190427 -0.937909 0.360486
v -0.330327 -0.886609 -0.388814
v -0.127127 -0.961109 0.324486
v -0.470227 -0.835309 0.360486
v -0.401627 -0.860509 -0.381314
v -0.071727 -0.981409 0.276086
v -0.401627 -0.860509 0.382686
v -0.470227 -0.835309 -0.359214
v -0.026227 -0.998109 0.216986
v -0.533527 -0.812209 -0.323214
v 0.007573 -1.010509 0.149686
v -0.588927 -0.791809 -0.274714
v 0.028373 -1.018109 0.076586
v -0.634327 -0.775209 -0.215714
v 0.035373 -1.020709 0.000686
v -0.668127 -0.762809 -0.148414
v 0.028373 -1.018109 -0.075314
v -0.688927 -0.755109 -0.075314
v 0.007573 -1.010509 -0.148414
v -0.696027 -0.752609 0.000686
v -0.026227 -0.998109 -0.215714
v -0.362127 -0.980209 0.377786
v -0.432627 -0.958909 0.370586
v -0.413027 -0.923609 0.327686
v -0.350727 -0.942409 0.334086
v -0.350727 -0.942409 -0.332814
v -0.288427 -0.961109 -0.326414
v -0.173327 -0.995809 0.277886
v -0.228527 -0.979209 0.308686
v -0.472927 -0.905509 0.308686
v -0.413027 -0.923609 -0.326414
v -0.125027 -1.010409 0.236486
v -0.472927 -0.905509 -0.307414
v -0.085327 -1.022409 0.185886
v -0.528127 -0.888909 -0.276614
v -0.055827 -1.031309 0.128286
v -0.576527 -0.874309 -0.235114
v -0.037627 -1.036709 0.065686
v -0.616227 -0.862409 -0.184614
v -0.031427 -1.038609 0.000686
v -0.645727 -0.853509 -0.126914
v -0.037627 -1.036709 -0.064414
v -0.663927 -0.848009 -0.064414
v -0.055827 -1.031309 -0.126914
v -0.670027 -0.846109 0.000686
v -0.085327 -1.022409 -0.184614
v -0.663927 -0.848009 0.065686
v -0.125027 -1.010409 -0.235114
v -0.645727 -0.853509 0.128286
v -0.173327 -0.995809 -0.276614
v -0.616227 -0.862409 0.185886
v -0.228527 -0.979209 -0.307414
v -0.288427 -0.961109 0.327686
v -0.695727 -0.879609 -0.143714
v -0.733027 -1.003309 -0.143714
v -0.699627 -1.013409 -0.208914
v -0.662427 -0.889709 -0.208914
v -0.562727 -0.919709 -0.312914
v -0.500327 -0.938509 -0.347814
v -0.061927 -1.070709 0.210186
v -0.028527 -1.080709 0.144986
v -0.617527 -0.903209 -0.266014
v -0.008027 -1.086909 0.074186
v -0.001027 -1.089009 0.000686
v -0.008027 -1.086909 -0.072914
v -0.716327 -0.873409 -0.072914
v -0.028527 -1.080709 -0.143714
v -0.723227 -0.871309 0.000686
v -0.061927 -1.070709 -0.208914
v -0.716327 -0.873409 0.074186
v -0.106827 -1.057109 -0.266014
v -0.695727 -0.879609 0.144986
v -0.161527 -1.040609 -0.312914
v -0.662427 -0.889709 0.210186
v -0.223927 -1.021809 -0.347814
v -0.291727 -1.001409 0.370586
v -0.617527 -0.903209 0.267286
v -0.291727 -1.001409 -0.369214
v -0.223927 -1.021809 0.349086
v -0.562727 -0.919709 0.314186
v -0.362127 -0.980209 -0.376514
v -0.161527 -1.040609 0.314186
v -0.500327 -0.938509 0.349086
v -0.432627 -0.958909 -0.369214
v -0.106827 -1.057109 0.267286
v -0.721627 -1.082709 0.000686
v -0.760527 -0.995009 0.000686
v -0.753627 -0.997109 0.074186
v -0.715727 -1.084009 0.062186
v -0.045227 -1.210609 -0.072914
v -0.038327 -1.212709 0.000686
v -0.753627 -0.997109 -0.072914
v -0.065827 -1.204409 -0.143714
v -0.099227 -1.194309 -0.208914
v -0.144127 -1.180809 -0.266014
v -0.733027 -1.003309 0.144986
v -0.198827 -1.164309 -0.312914
v -0.699627 -1.013409 0.210186
v -0.261227 -1.145509 -0.347814
v -0.399427 -1.103909 0.377786
v -0.329027 -1.125109 0.370586
v -0.654727 -1.026909 0.267286
v -0.329027 -1.125109 -0.369214
v -0.261227 -1.145509 0.349086
v -0.600027 -1.043409 0.314186
v -0.399427 -1.103909 -0.376514
v -0.198827 -1.164309 0.314186
v -0.537627 -1.062209 0.349086
v -0.469827 -1.082609 -0.369214
v -0.144127 -1.180809 0.267286
v -0.469827 -1.082609 0.370586
v -0.537627 -1.062209 -0.347814
v -0.099227 -1.194309 0.210186
v -0.600027 -1.043409 -0.312914
v -0.065827 -1.204409 0.144986
v -0.654727 -1.026909 -0.266014
v -0.045227 -1.210609 0.074186
v -0.413127 -1.149209 0.316286
v -0.352927 -1.162209 0.310186
v -0.355927 -1.221809 0.358286
v -0.425527 -1.206809 0.365386
v -0.194927 -1.196309 -0.222514
v -0.156527 -1.204509 -0.174714
v -0.698127 -1.087809 0.121386
v -0.241727 -1.186209 -0.261814
v -0.669627 -1.093909 0.175986
v -0.295027 -1.174709 -0.290914
v -0.631227 -1.102209 0.223786
v -0.352927 -1.162209 -0.308914
v -0.295027 -1.174709 0.292186
v -0.584527 -1.112309 0.263086
v -0.413127 -1.149209 -0.314914
v -0.241727 -1.186209 0.263086
v -0.531127 -1.123809 0.292186
v -0.473327 -1.136309 -0.308914
v -0.194927 -1.196309 0.223786
v -0.473327 -1.136309 0.310186
v -0.531127 -1.123809 -0.290914
v -0.156527 -1.204509 0.175986
v -0.584527 -1.112309 -0.261814
v -0.128027 -1.210709 0.121386
v -0.631227 -1.102209 -0.222514
v -0.110527 -1.214509 0.062186
v -0.669627 -1.093909 -0.174714
v -0.104627 -1.215709 0.000686
v -0.698127 -1.087809 -0.120114
v -0.110527 -1.214509 -0.060914
v -0.715727 -1.084009 -0.060914
v -0.128027 -1.210709 -0.120114
v -0.173427 -1.261109 0.258486
v -0.200627 -1.387109 0.258486
v -0.254627 -1.375509 0.303886
v -0.227427 -1.249509 0.303886
v -0.677627 -1.152409 0.258486
v -0.721927 -1.142909 0.203286
v -0.355927 -1.221809 -0.357014
v -0.289127 -1.236209 -0.336314
v -0.289127 -1.236209 0.337586
v -0.623527 -1.164109 0.303886
v -0.425527 -1.206809 -0.364014
v -0.561927 -1.177409 0.337586
v -0.495027 -1.191809 -0.357014
v -0.495027 -1.191809 0.358286
v -0.561927 -1.177409 -0.336314
v -0.129127 -1.270709 0.203286
v -0.623527 -1.164109 -0.302614
v -0.096127 -1.277809 0.140186
v -0.677627 -1.152409 -0.257214
v -0.075827 -1.282209 0.071786
v -0.721927 -1.142909 -0.201914
v -0.069027 -1.283709 0.000686
v -0.754827 -1.135809 -0.138914
v -0.075827 -1.282209 -0.070514
v -0.775127 -1.131409 -0.070514
v -0.096127 -1.277809 -0.138914
v -0.782027 -1.129909 0.000686
v -0.129127 -1.270709 -0.201914
v -0.775127 -1.131409 0.071786
v -0.173427 -1.261109 -0.257214
v -0.754827 -1.135809 0.140186
v -0.227427 -1.249509 -0.302614
v -0.162827 -1.409809 0.060286
v -0.179927 -1.406809 0.117586
v -0.123327 -1.403809 0.140186
v -0.103027 -1.408109 0.071786
v -0.522227 -1.317809 0.358286
v -0.589127 -1.303309 0.337586
v -0.589127 -1.303309 -0.336314
v -0.522227 -1.317809 -0.357014
v -0.156227 -1.396709 0.203286
v -0.452627 -1.332809 0.365386
v -0.650727 -1.290009 -0.302614
v -0.704727 -1.278409 -0.257214
v -0.749127 -1.268809 -0.201914
v -0.096127 -1.409609 0.000686
v -0.782027 -1.261709 -0.138914
v -0.103027 -1.408109 -0.070514
v -0.802327 -1.257409 -0.070514
v -0.123327 -1.403809 -0.138914
v -0.809127 -1.255909 0.000686
v -0.156227 -1.396709 -0.201914
v -0.802327 -1.257409 0.071786
v -0.200627 -1.387109 -0.257214
v -0.782027 -1.261709 0.140186
v -0.254627 -1.375509 -0.302614
v -0.749127 -1.268809 0.203286
v -0.316227 -1.362209 -0.336314
v -0.383127 -1.347709 0.358286
v -0.704727 -1.278409 0.258486
v -0.383127 -1.347709 -0.357014
v -0.316227 -1.362209 0.337586
v -0.650727 -1.290009 0.303886
v -0.452627 -1.332809 -0.364014
v -0.179927 -1.406809 -0.116314
v -0.140027 -1.447709 -0.135514
v -0.120127 -1.451209 -0.068714
v -0.162827 -1.409809 -0.059014
v -0.708627 -1.315109 -0.169214
v -0.671227 -1.321609 -0.215514
v -0.157027 -1.410809 0.000686
v -0.736527 -1.310309 -0.116314
v -0.753627 -1.307309 -0.059014
v -0.759427 -1.306309 0.000686
v -0.207827 -1.402009 -0.169214
v -0.753627 -1.307309 0.060286
v -0.245227 -1.395509 -0.215514
v -0.736527 -1.310309 0.117586
v -0.290927 -1.387609 -0.253514
v -0.708627 -1.315109 0.170486
v -0.342927 -1.378509 -0.281714
v -0.399427 -1.368709 0.300486
v -0.458227 -1.358509 0.306386
v -0.671227 -1.321609 0.216786
v -0.399427 -1.368709 -0.299114
v -0.342927 -1.378509 0.283086
v -0.625527 -1.329509 0.254786
v -0.458227 -1.358509 -0.305014
v -0.290927 -1.387609 0.254786
v -0.573527 -1.338609 0.283086
v -0.517027 -1.348409 -0.299114
v -0.245227 -1.395509 0.216786
v -0.517027 -1.348409 0.300486
v -0.573527 -1.338609 -0.281714
v -0.207827 -1.402009 0.170486
v -0.625527 -1.329509 -0.253514
v -0.269227 -1.425309 -0.295214
v -0.290827 -1.550309 -0.295214
v -0.237727 -1.559509 -0.250914
v -0.216027 -1.434609 -0.250914
v -0.814527 -1.330809 0.000686
v -0.807827 -1.331909 -0.068714
v -0.172427 -1.442109 -0.197014
v -0.807827 -1.331909 0.070086
v -0.787827 -1.335409 0.136786
v -0.755427 -1.341009 0.198286
v -0.329827 -1.414809 -0.328114
v -0.395527 -1.403409 0.349586
v -0.463927 -1.391609 0.356486
v -0.711827 -1.348609 0.252286
v -0.395527 -1.403409 -0.348314
v -0.329827 -1.414809 0.329386
v -0.658727 -1.357809 0.296486
v -0.463927 -1.391609 -0.355114
v -0.269227 -1.425309 0.296486
v -0.598127 -1.368309 0.329386
v -0.532327 -1.379709 -0.348314
v -0.216027 -1.434609 0.252286
v -0.532327 -1.379709 0.349586
v -0.598127 -1.368309 -0.328114
v -0.172427 -1.442109 0.198286
v -0.658727 -1.357809 -0.295214
v -0.140027 -1.447709 0.136786
v -0.711827 -1.348609 -0.250914
v -0.120127 -1.451209 0.070086
v -0.755427 -1.341009 -0.197014
v -0.113327 -1.452409 0.000686
v -0.787827 -1.335409 -0.135514
v -0.485627 -1.516509 -0.355114
v -0.494027 -1.565209 -0.309414
v -0.433727 -1.568709 -0.303414
v -0.417227 -1.528309 -0.348314
v -0.777127 -1.465909 0.198286
v -0.809527 -1.460309 0.136786
v -0.351427 -1.539709 -0.328114
v -0.417227 -1.528309 0.349586
v -0.485627 -1.516509 0.356486
v -0.733527 -1.473509 0.252286
v -0.351427 -1.539709 0.329386
v -0.680427 -1.482709 0.296486
v -0.290827 -1.550309 0.296486
v -0.619727 -1.493209 0.329386
v -0.554027 -1.504609 -0.348314
v -0.237727 -1.559509 0.252286
v -0.554027 -1.504609 0.349586
v -0.619727 -1.493209 -0.328114
v -0.194127 -1.567009 0.198286
v -0.680427 -1.482709 -0.295214
v -0.161727 -1.572609 0.136786
v -0.733527 -1.473509 -0.250914
v -0.141727 -1.576109 0.070086
v -0.777127 -1.465909 -0.197014
v -0.135027 -1.577309 0.000686
v -0.809527 -1.460309 -0.135514
v -0.141727 -1.576109 -0.068714
v -0.829427 -1.456909 -0.068714
v -0.161727 -1.572609 -0.135514
v -0.836227 -1.455709 0.000686
v -0.194127 -1.567009 -0.197014
v -0.829427 -1.456909 0.070086
v -0.666027 -1.555509 -0.257114
v -0.690127 -1.577809 -0.291214
v -0.629527 -1.581209 -0.323614
v -0.612527 -1.558509 -0.285814
v -0.322127 -1.575009 0.258486
v -0.375627 -1.572009 0.287086
v -0.612527 -1.558509 0.287086
v -0.666027 -1.555509 0.258486
v -0.554427 -1.561809 -0.303414
v -0.275227 -1.577709 0.219886
v -0.554427 -1.561809 0.304786
v -0.236727 -1.579909 0.172886
v -0.494027 -1.565209 0.310686
v -0.208127 -1.581509 0.119286
v -0.712927 -1.552809 -0.218614
v -0.190427 -1.582509 0.061186
v -0.751427 -1.550609 -0.171614
v -0.184527 -1.582909 0.000686
v -0.780027 -1.549009 -0.118014
v -0.190427 -1.582509 -0.059814
v -0.797627 -1.548009 -0.059814
v -0.208127 -1.581509 -0.118014
v -0.803627 -1.547609 0.000686
v -0.236727 -1.579909 -0.171614
v -0.797627 -1.548009 0.061186
v -0.275227 -1.577709 -0.218614
v -0.780027 -1.549009 0.119286
v -0.322127 -1.575009 -0.257114
v -0.751427 -1.550609 0.172886
v -0.375627 -1.572009 -0.285814
v -0.433727 -1.568709 0.304786
v -0.712927 -1.552809 0.219886
v -0.819227 -1.570409 -0.133714
v -0.826227 -1.693409 -0.133714
v -0.793827 -1.695309 -0.194414
v -0.786827 -1.572309 -0.194414
v -0.204027 -1.605509 0.195686
v -0.171627 -1.607309 0.134986
v -0.743227 -1.574809 -0.247514
v -0.151727 -1.608409 0.069086
v -0.144927 -1.608809 0.000686
v -0.151727 -1.608409 -0.067814
v -0.839127 -1.569309 -0.067814
v -0.171627 -1.607309 -0.133714
v -0.845827 -1.568909 0.000686
v -0.204027 -1.605509 -0.194414
v -0.839127 -1.569309 0.069086
v -0.247627 -1.603009 -0.247514
v -0.819227 -1.570409 0.134986
v -0.300727 -1.600009 -0.291214
v -0.786827 -1.572309 0.195686
v -0.361327 -1.596509 -0.323614
v -0.427027 -1.592809 0.344886
v -0.495427 -1.588909 0.351686
v -0.743227 -1.574809 0.248886
v -0.427027 -1.592809 -0.343614
v -0.361327 -1.596509 0.324986
v -0.690127 -1.577809 0.292486
v -0.495427 -1.588909 -0.350414
v -0.300727 -1.600009 0.292486
v -0.629527 -1.581209 0.324986
v -0.563827 -1.585009 -0.343614
v -0.247627 -1.603009 0.248886
v -0.563827 -1.585009 0.344886
v -0.846127 -1.692309 0.069086
v -0.810627 -1.747309 0.061586
v -0.816627 -1.747309 0.000686
v -0.852927 -1.691909 0.000686
v -0.158727 -1.731409 -0.067814
v -0.151927 -1.731809 0.000686
v -0.846127 -1.692309 -0.067814
v -0.178627 -1.730309 -0.133714
v -0.211027 -1.728509 -0.194414
v -0.254627 -1.726009 -0.247514
v -0.826227 -1.693409 0.134986
v -0.307727 -1.723009 -0.291214
v -0.793827 -1.695309 0.195686
v -0.368327 -1.719509 -0.323614
v -0.502427 -1.711909 0.351686
v -0.434027 -1.715809 0.344886
v -0.750227 -1.697809 0.248886
v -0.434027 -1.715809 -0.343614
v -0.368327 -1.719509 0.324986
v -0.697127 -1.700809 0.292486
v -0.502427 -1.711909 -0.350414
v -0.307727 -1.723009 0.292486
v -0.636527 -1.704209 0.324986
v -0.570827 -1.708009 -0.343614
v -0.254627 -1.726009 0.248886
v -0.570827 -1.708009 0.344886
v -0.636527 -1.704209 -0.323614
v -0.211027 -1.728509 0.195686
v -0.697127 -1.700809 -0.291214
v -0.178627 -1.730309 0.134986
v -0.750227 -1.697809 -0.247514
v -0.158727 -1.731409 0.069086
v -0.696027 -1.781209 -0.285914
v -0.636427 -1.781409 -0.317714
v -0.623927 -1.747809 -0.287714
v -0.677927 -1.747709 -0.258914
v -0.283727 -1.748709 -0.220114
v -0.244927 -1.748809 -0.172814
v -0.792827 -1.747409 0.120086
v -0.331027 -1.748509 -0.258914
v -0.764027 -1.747409 0.174086
v -0.385027 -1.748409 -0.287714
v -0.443627 -1.748309 0.306786
v -0.504527 -1.748109 0.312786
v -0.725227 -1.747509 0.221386
v -0.443627 -1.748309 -0.305514
v -0.385027 -1.748409 0.289086
v -0.677927 -1.747709 0.260186
v -0.504527 -1.748109 -0.311514
v -0.331027 -1.748509 0.260186
v -0.623927 -1.747809 0.289086
v -0.565427 -1.747909 -0.305514
v -0.283727 -1.748709 0.221386
v -0.565427 -1.747909 0.306786
v -0.244927 -1.748809 0.174086
v -0.216127 -1.748809 0.120086
v -0.725227 -1.747509 -0.220114
v -0.198327 -1.748909 0.061586
v -0.764027 -1.747409 -0.172814
v -0.192327 -1.748909 0.000686
v -0.792827 -1.747409 -0.118814
v -0.198327 -1.748909 -0.060214
v -0.810627 -1.747309 -0.060214
v -0.216127 -1.748809 -0.118814
v -0.791127 -1.781009 -0.190814
v -0.822927 -1.780909 -0.131214
v -0.823227 -1.846509 -0.131214
v -0.791427 -1.846609 -0.190814
v -0.186127 -1.782509 0.132486
v -0.218027 -1.782409 0.192086
v -0.748227 -1.781109 -0.243014
v -0.166527 -1.782609 0.067886
v -0.159927 -1.782609 0.000686
v -0.166527 -1.782609 -0.066614
v -0.842527 -1.780809 -0.066614
v -0.186127 -1.782509 -0.131214
v -0.849227 -1.780809 0.000686
v -0.218027 -1.782409 -0.190814
v -0.842527 -1.780809 0.067886
v -0.260927 -1.782309 -0.243014
v -0.822927 -1.780909 0.132486
v -0.313127 -1.782209 -0.285914
v -0.791127 -1.781009 0.192086
v -0.372727 -1.782009 -0.317714
v -0.437327 -1.781909 0.338686
v -0.504527 -1.781709 0.345286
v -0.748227 -1.781109 0.244386
v -0.437327 -1.781909 -0.337314
v -0.372727 -1.782009 0.319086
v -0.696027 -1.781209 0.287186
v -0.504527 -1.781709 -0.344014
v -0.313127 -1.782209 0.287186
v -0.636427 -1.781409 0.319086
v -0.571827 -1.781509 -0.337314
v -0.260927 -1.782309 0.244386
v -0.571827 -1.781509 0.338686
v -0.437627 -1.847509 0.338686
v -0.372927 -1.847709 0.319086
v -0.313427 -1.847809 0.287186
v -0.261127 -1.848009 0.244386
v -0.218327 -1.848109 0.192086
v -0.186427 -1.848209 0.132486
v -0.166827 -1.848209 0.067886
v -0.160227 -1.848209 0.000686
v -0.166827 -1.848209 -0.066614
v -0.186427 -1.848209 -0.131214
v -0.218327 -1.848109 -0.190814
v -0.261127 -1.848009 -0.243014
v -0.313427 -1.847809 -0.285914
v -0.372927 -1.847709 -0.317714
v -0.437627 -1.847509 -0.337314
v -0.504827 -1.847409 -0.344014
v -0.572127 -1.847209 -0.337314
v -0.636727 -1.847009 -0.317714
v -0.696327 -1.846909 -0.285914
v -0.748527 -1.846709 -0.243014
v -0.842827 -1.846509 -0.066614
v -0.849527 -1.846509 0.000686
v -0.842827 -1.846509 0.067886
v -0.823227 -1.846509 0.132486
v -0.791427 -1.846609 0.192086
v -0.748527 -1.846709 0.244386
v -0.696327 -1.846909 0.287186
v -0.636727 -1.847009 0.319086
v -0.572127 -1.847209 0.338686
v -0.504827 -1.847409 0.345286
v 0.073293 -0.119009 0.424586
v 0.070693 -0.120409 0.412286
v 0.051993 -0.112409 0.414786
v 0.053993 -0.110709 0.427186
v 0.033193 -0.104409 0.416386
v 0.034593 -0.102509 0.428786
v 0.054193 -0.113409 0.439586
v 0.074093 -0.121909 0.436886
v 0.034293 -0.104909 0.441186
v 0.089293 -0.128409 0.408786
v 0.084693 -0.134109 0.398686
v 0.066593 -0.126309 0.402086
v 0.048293 -0.118509 0.404586
v 0.029893 -0.110709 0.406086
v 0.011493 -0.102909 0.406586
v 0.014293 -0.096409 0.416886
v 0.015193 -0.094209 0.429286
v 0.014293 -0.096409 0.441686
v 0.031993 -0.111609 0.451486
v 0.011493 -0.102909 0.451986
v 0.052393 -0.120309 0.449786
v 0.072693 -0.129009 0.447086
v 0.092893 -0.137609 0.443286
v 0.093793 -0.130309 0.433186
v 0.092493 -0.127109 0.420986
v 0.046193 -0.182509 0.424586
v 0.026893 -0.174309 0.427186
v 0.026693 -0.171709 0.414786
v 0.045493 -0.179709 0.412286
v 0.048793 -0.181109 0.436886
v 0.028993 -0.172609 0.439586
v 0.007493 -0.166009 0.428786
v 0.007893 -0.163609 0.416386
v 0.008993 -0.164109 0.441186
v 0.064093 -0.187609 0.408786
v 0.046893 -0.172609 0.402086
v 0.064993 -0.180309 0.398686
v 0.065393 -0.190709 0.420986
v 0.068493 -0.189509 0.433186
v 0.073193 -0.183809 0.443286
v 0.052993 -0.175209 0.447086
v 0.032693 -0.166509 0.449786
v 0.012293 -0.157809 0.451486
v -0.011007 -0.155609 0.441686
v -0.008207 -0.149109 0.451986
v -0.011907 -0.157809 0.429286
v -0.011007 -0.155609 0.416886
v 0.010193 -0.156909 0.406086
v -0.008207 -0.149109 0.406586
v 0.028593 -0.164809 0.404586
v 0.121593 -0.214709 0.404086
v 0.103093 -0.206809 0.410686
v 0.100693 -0.203209 0.398786
v 0.118593 -0.210909 0.392386
v 0.126393 -0.214109 0.415786
v 0.107393 -0.206009 0.422586
v 0.084393 -0.198809 0.416386
v 0.082493 -0.195509 0.404286
v 0.088093 -0.197809 0.428386
v 0.118193 -0.203009 0.382686
v 0.135393 -0.210309 0.375486
v 0.136293 -0.218409 0.384986
v 0.139693 -0.222409 0.396486
v 0.144993 -0.222109 0.407986
v 0.151393 -0.217109 0.417486
v 0.132293 -0.209009 0.425486
v 0.112893 -0.200709 0.432486
v 0.093093 -0.192309 0.438386
v 0.082993 -0.188009 0.394286
v 0.100693 -0.195509 0.388986
v 0.191793 -0.244609 0.367986
v 0.174893 -0.237409 0.378386
v 0.170393 -0.232909 0.367486
v 0.186793 -0.239909 0.357286
v 0.198593 -0.244909 0.378686
v 0.181193 -0.237509 0.389386
v 0.157493 -0.230009 0.387886
v 0.153493 -0.225709 0.376686
v 0.163293 -0.229909 0.399186
v 0.184693 -0.231409 0.348486
v 0.200293 -0.238009 0.337786
v 0.202793 -0.246709 0.346386
v 0.208193 -0.251609 0.356686
v 0.215493 -0.252209 0.366986
v 0.223493 -0.247909 0.375586
v 0.206193 -0.240509 0.387486
v 0.188393 -0.232909 0.398486
v 0.170093 -0.225109 0.408486
v 0.152193 -0.217509 0.367386
v 0.168693 -0.224509 0.358386
v 0.254193 -0.271209 0.317686
v 0.239393 -0.264909 0.331486
v 0.233093 -0.259709 0.321886
v 0.247393 -0.265809 0.308486
v 0.262793 -0.272309 0.326886
v 0.247593 -0.265909 0.341086
v 0.224093 -0.258409 0.344486
v 0.218193 -0.253309 0.334486
v 0.231793 -0.259109 0.354486
v 0.243793 -0.256509 0.300886
v 0.257193 -0.262209 0.287086
v 0.261093 -0.271609 0.294286
v 0.268293 -0.277209 0.303086
v 0.277293 -0.278509 0.311886
v 0.271893 -0.268509 0.334586
v 0.286693 -0.274809 0.319186
v 0.256393 -0.261909 0.349086
v 0.240293 -0.255009 0.362786
v 0.215293 -0.244409 0.326286
v 0.229893 -0.250609 0.313886
v 0.306293 -0.293409 0.255186
v 0.294393 -0.288309 0.271786
v 0.286393 -0.282409 0.263886
v 0.298093 -0.287409 0.247686
v 0.316393 -0.295209 0.262586
v 0.304093 -0.289909 0.279686
v 0.281693 -0.282909 0.287786
v 0.274093 -0.277109 0.279486
v 0.291093 -0.284409 0.296186
v 0.293193 -0.277609 0.241586
v 0.303793 -0.282109 0.225186
v 0.308893 -0.292009 0.230986
v 0.317493 -0.298209 0.237886
v 0.327993 -0.300109 0.244786
v 0.338593 -0.297009 0.250486
v 0.326793 -0.291909 0.268686
v 0.314193 -0.286609 0.286186
v 0.300893 -0.280909 0.303086
v 0.269893 -0.267709 0.272586
v 0.281893 -0.272809 0.257386
v 0.346293 -0.310509 0.182686
v 0.337493 -0.306709 0.201586
v 0.328293 -0.300309 0.195786
v 0.336793 -0.303909 0.177386
v 0.357493 -0.312709 0.187986
v 0.348493 -0.308909 0.207486
v 0.327893 -0.302709 0.219986
v 0.318993 -0.296309 0.213586
v 0.338693 -0.304709 0.226386
v 0.330993 -0.293709 0.172986
v 0.338493 -0.296909 0.154686
v 0.344493 -0.307209 0.158586
v 0.354093 -0.313809 0.163386
v 0.365593 -0.316209 0.168186
v 0.377193 -0.313409 0.172086
v 0.368893 -0.309909 0.192486
v 0.359693 -0.305909 0.212286
v 0.349593 -0.301609 0.231686
v 0.313693 -0.286309 0.208286
v 0.322793 -0.290209 0.190886
v 0.372393 -0.321609 0.103186
v 0.367193 -0.319409 0.123586
v 0.357193 -0.312609 0.119986
v 0.362293 -0.314709 0.100186
v 0.384393 -0.324209 0.106286
v 0.379093 -0.321909 0.127186
v 0.361093 -0.316809 0.143686
v 0.351293 -0.310109 0.139486
v 0.372793 -0.319209 0.147886
v 0.355793 -0.304309 0.097686
v 0.359893 -0.306009 0.078186
v 0.366393 -0.316509 0.080186
v 0.376693 -0.323409 0.082586
v 0.388793 -0.326109 0.084986
v 0.400893 -0.323509 0.086986
v 0.396393 -0.321609 0.108786
v 0.390893 -0.319309 0.130186
v 0.384493 -0.316509 0.151286
v 0.345093 -0.299709 0.135986
v 0.350893 -0.302209 0.116986
v 0.383793 -0.326509 0.019686
v 0.382393 -0.325909 0.040786
v 0.371893 -0.318909 0.039586
v 0.373293 -0.319409 0.019086
v 0.396193 -0.329209 0.020286
v 0.394693 -0.328609 0.041986
v 0.379993 -0.324909 0.061786
v 0.369593 -0.317909 0.059986
v 0.392193 -0.327509 0.063586
v 0.366593 -0.308909 0.018586
v 0.367093 -0.309109 -0.001414
v 0.373793 -0.319609 -0.001414
v 0.384293 -0.326709 -0.001414
v 0.396693 -0.329409 -0.001414
v 0.408393 -0.326709 0.020786
v 0.408893 -0.326909 -0.001414
v 0.406893 -0.326109 0.042986
v 0.404393 -0.325009 0.065086
v 0.362993 -0.307409 0.058386
v 0.365293 -0.308309 0.038586
v 0.379993 -0.324909 -0.064614
v 0.382393 -0.325909 -0.043614
v 0.371893 -0.318909 -0.042414
v 0.369593 -0.317909 -0.062814
v 0.392193 -0.327509 -0.066414
v 0.394693 -0.328609 -0.044914
v 0.383793 -0.326509 -0.022614
v 0.373293 -0.319409 -0.021914
v 0.396193 -0.329209 -0.023214
v 0.362993 -0.307409 -0.061314
v 0.359893 -0.306009 -0.081014
v 0.366393 -0.316509 -0.083014
v 0.376693 -0.323409 -0.085414
v 0.388793 -0.326109 -0.087914
v 0.404393 -0.325009 -0.068014
v 0.400893 -0.323509 -0.089914
v 0.406893 -0.326109 -0.045914
v 0.408393 -0.326709 -0.023714
v 0.366593 -0.308909 -0.021414
v 0.365293 -0.308309 -0.041414
v 0.361093 -0.316809 -0.146514
v 0.367193 -0.319409 -0.126414
v 0.357193 -0.312609 -0.122814
v 0.351293 -0.310109 -0.142314
v 0.372793 -0.319209 -0.150714
v 0.379093 -0.321909 -0.130114
v 0.372393 -0.321609 -0.106114
v 0.362293 -0.314709 -0.103114
v 0.384393 -0.324209 -0.109114
v 0.345093 -0.299709 -0.138914
v 0.338493 -0.296909 -0.157514
v 0.344493 -0.307209 -0.161514
v 0.354093 -0.313809 -0.166214
v 0.365593 -0.316209 -0.171014
v 0.384493 -0.316509 -0.154214
v 0.377193 -0.313409 -0.174914
v 0.390893 -0.319309 -0.133014
v 0.396393 -0.321609 -0.111614
v 0.355793 -0.304309 -0.100514
v 0.350893 -0.302209 -0.119814
v 0.327893 -0.302709 -0.222814
v 0.337493 -0.306709 -0.204514
v 0.328293 -0.300309 -0.198614
v 0.318993 -0.296309 -0.216514
v 0.338693 -0.304709 -0.229214
v 0.348493 -0.308909 -0.210314
v 0.346293 -0.310509 -0.185614
v 0.336793 -0.303909 -0.180314
v 0.357493 -0.312709 -0.190914
v 0.313693 -0.286309 -0.211214
v 0.303793 -0.282109 -0.228114
v 0.308893 -0.292009 -0.233814
v 0.317493 -0.298209 -0.240714
v 0.327993 -0.300109 -0.247614
v 0.349593 -0.301609 -0.234514
v 0.338593 -0.297009 -0.253314
v 0.359693 -0.305909 -0.215214
v 0.368893 -0.309909 -0.195314
v 0.330993 -0.293709 -0.175914
v 0.322793 -0.290209 -0.193714
v 0.281693 -0.282909 -0.290714
v 0.294393 -0.288309 -0.274714
v 0.286393 -0.282409 -0.266814
v 0.274093 -0.277109 -0.282314
v 0.291093 -0.284409 -0.299014
v 0.304093 -0.289909 -0.282514
v 0.306293 -0.293409 -0.258014
v 0.298093 -0.287409 -0.250614
v 0.316393 -0.295209 -0.265414
v 0.269893 -0.267709 -0.275414
v 0.257193 -0.262209 -0.289914
v 0.261093 -0.271609 -0.297214
v 0.268293 -0.277209 -0.306014
v 0.277293 -0.278509 -0.314814
v 0.300893 -0.280909 -0.305914
v 0.286693 -0.274809 -0.322114
v 0.314193 -0.286609 -0.289114
v 0.326793 -0.291909 -0.271514
v 0.293193 -0.277609 -0.244414
v 0.281893 -0.272809 -0.260214
v 0.224093 -0.258409 -0.347414
v 0.239393 -0.264909 -0.334414
v 0.233093 -0.259709 -0.324714
v 0.218193 -0.253309 -0.337414
v 0.231793 -0.259109 -0.357414
v 0.247593 -0.265909 -0.344014
v 0.254193 -0.271209 -0.320614
v 0.247393 -0.265809 -0.311314
v 0.262793 -0.272309 -0.329814
v 0.215293 -0.244409 -0.329114
v 0.200293 -0.238009 -0.340614
v 0.202793 -0.246709 -0.349214
v 0.208193 -0.251609 -0.359514
v 0.215493 -0.252209 -0.369914
v 0.240293 -0.255009 -0.365614
v 0.223493 -0.247909 -0.378414
v 0.256393 -0.261909 -0.351914
v 0.271893 -0.268509 -0.337414
v 0.243793 -0.256509 -0.303714
v 0.229893 -0.250609 -0.316814
v 0.157493 -0.230009 -0.390814
v 0.174893 -0.237409 -0.381314
v 0.170393 -0.232909 -0.370314
v 0.153493 -0.225709 -0.379514
v 0.163293 -0.229909 -0.402014
v 0.181193 -0.237509 -0.392214
v 0.191793 -0.244609 -0.370814
v 0.186793 -0.239909 -0.360214
v 0.198593 -0.244909 -0.381514
v 0.152193 -0.217509 -0.370214
v 0.135393 -0.210309 -0.378314
v 0.136293 -0.218409 -0.387914
v 0.139693 -0.222409 -0.399314
v 0.144993 -0.222109 -0.410814
v 0.170093 -0.225109 -0.411314
v 0.151393 -0.217109 -0.420314
v 0.188393 -0.232909 -0.401314
v 0.206193 -0.240509 -0.390414
v 0.184693 -0.231409 -0.351314
v 0.168693 -0.224509 -0.361214
v 0.084393 -0.198809 -0.419214
v 0.103093 -0.206809 -0.413614
v 0.100693 -0.203209 -0.401714
v 0.082493 -0.195509 -0.407214
v 0.088093 -0.197809 -0.431314
v 0.107393 -0.206009 -0.425514
v 0.121593 -0.214709 -0.406914
v 0.118593 -0.210909 -0.395214
v 0.126393 -0.214109 -0.418714
v 0.082993 -0.188009 -0.397214
v 0.064993 -0.180309 -0.401614
v 0.064093 -0.187609 -0.411714
v 0.065393 -0.190709 -0.423914
v 0.068493 -0.189509 -0.436014
v 0.093093 -0.192309 -0.441314
v 0.073193 -0.183809 -0.446214
v 0.112893 -0.200709 -0.435314
v 0.132293 -0.209009 -0.428414
v 0.118193 -0.203009 -0.385514
v 0.100693 -0.195509 -0.391814
v 0.007493 -0.166009 -0.431614
v 0.026893 -0.174309 -0.430114
v 0.026693 -0.171709 -0.417714
v 0.007893 -0.163609 -0.419214
v 0.008993 -0.164109 -0.444014
v 0.028993 -0.172609 -0.442414
v 0.046193 -0.182509 -0.427514
v 0.045493 -0.179709 -0.415214
v 0.048793 -0.181109 -0.439814
v 0.010193 -0.156909 -0.408914
v -0.008207 -0.149109 -0.409414
v -0.011007 -0.155609 -0.419714
v -0.011907 -0.157809 -0.432114
v -0.011007 -0.155609 -0.444614
v 0.012293 -0.157809 -0.454314
v -0.008207 -0.149109 -0.454914
v 0.032693 -0.166509 -0.452714
v 0.052993 -0.175209 -0.450014
v 0.046893 -0.172609 -0.405014
v 0.028593 -0.164809 -0.407414
v -0.070007 -0.133009 -0.427514
v -0.050707 -0.141209 -0.430114
v -0.048707 -0.139509 -0.417714
v -0.067407 -0.131509 -0.415214
v -0.070807 -0.130109 -0.439814
v -0.050907 -0.138609 -0.442414
v -0.031307 -0.149509 -0.431614
v -0.029907 -0.147509 -0.419214
v -0.031007 -0.147109 -0.444014
v -0.063307 -0.125609 -0.405014
v -0.081407 -0.117909 -0.401614
v -0.086007 -0.123609 -0.411714
v -0.089207 -0.124809 -0.423914
v -0.090507 -0.121709 -0.436014
v -0.069407 -0.123009 -0.450014
v -0.089607 -0.114409 -0.446214
v -0.049107 -0.131709 -0.452714
v -0.028707 -0.140409 -0.454314
v -0.026607 -0.141209 -0.408914
v -0.045007 -0.133409 -0.407414
v -0.145407 -0.100809 -0.406914
v -0.126907 -0.108709 -0.413614
v -0.122707 -0.108009 -0.401714
v -0.140607 -0.100309 -0.395214
v -0.148307 -0.097009 -0.418714
v -0.129307 -0.105109 -0.425514
v -0.108207 -0.116709 -0.419214
v -0.104507 -0.115709 -0.407214
v -0.110007 -0.113409 -0.431314
v -0.134607 -0.095209 -0.385514
v -0.151807 -0.087909 -0.378314
v -0.158207 -0.092809 -0.387914
v -0.163507 -0.093109 -0.399314
v -0.167007 -0.089109 -0.410814
v -0.148707 -0.089209 -0.428414
v -0.167807 -0.081009 -0.420314
v -0.129307 -0.097509 -0.435314
v -0.109607 -0.105909 -0.441314
v -0.099407 -0.110209 -0.397214
v -0.117107 -0.102609 -0.391814
v -0.215607 -0.070909 -0.370814
v -0.198707 -0.078109 -0.381314
v -0.192407 -0.078309 -0.370314
v -0.208807 -0.071309 -0.360214
v -0.220507 -0.066209 -0.381514
v -0.203107 -0.073709 -0.392214
v -0.181307 -0.085509 -0.390814
v -0.175507 -0.085509 -0.379514
v -0.185307 -0.081309 -0.402014
v -0.201107 -0.066809 -0.351314
v -0.216707 -0.060209 -0.340614
v -0.224707 -0.064509 -0.349214
v -0.232007 -0.063909 -0.359514
v -0.237407 -0.059009 -0.369914
v -0.222607 -0.057709 -0.390414
v -0.239907 -0.050309 -0.378414
v -0.204807 -0.065309 -0.401314
v -0.186507 -0.073109 -0.411314
v -0.168707 -0.080709 -0.370214
v -0.185107 -0.073709 -0.361214
v -0.278007 -0.044309 -0.320614
v -0.263207 -0.050609 -0.334414
v -0.255107 -0.051509 -0.324714
v -0.269407 -0.045409 -0.311314
v -0.284707 -0.038909 -0.329814
v -0.269607 -0.045309 -0.344014
v -0.247907 -0.057109 -0.347414
v -0.240207 -0.057909 -0.337414
v -0.253807 -0.052109 -0.357414
v -0.260207 -0.041609 -0.303714
v -0.273607 -0.035909 -0.289914
v -0.283007 -0.039609 -0.297214
v -0.292107 -0.038309 -0.306014
v -0.299207 -0.032709 -0.314814
v -0.288307 -0.029709 -0.337414
v -0.303107 -0.023309 -0.322114
v -0.272807 -0.036309 -0.351914
v -0.256707 -0.043109 -0.365614
v -0.231807 -0.053809 -0.329114
v -0.246307 -0.047609 -0.316814
v -0.330107 -0.022109 -0.258014
v -0.318207 -0.027209 -0.274714
v -0.308407 -0.028809 -0.266814
v -0.320007 -0.023809 -0.250614
v -0.338407 -0.016009 -0.265414
v -0.326107 -0.021209 -0.282514
v -0.305507 -0.032609 -0.290714
v -0.296107 -0.034009 -0.282314
v -0.313007 -0.026809 -0.299014
v -0.309607 -0.020609 -0.244414
v -0.320207 -0.016009 -0.228114
v -0.330907 -0.019209 -0.233814
v -0.341307 -0.017309 -0.240714
v -0.349907 -0.011109 -0.247614
v -0.343207 -0.006209 -0.271514
v -0.355007 -0.001209 -0.253314
v -0.330607 -0.011609 -0.289114
v -0.317307 -0.017309 -0.305914
v -0.286307 -0.030509 -0.275414
v -0.298307 -0.025409 -0.260214
v -0.370107 -0.005109 -0.185614
v -0.361307 -0.008809 -0.204514
v -0.350307 -0.010909 -0.198614
v -0.358807 -0.007309 -0.180314
v -0.379507 0.001491 -0.190914
v -0.370507 -0.002309 -0.210314
v -0.351707 -0.012909 -0.222814
v -0.341007 -0.014909 -0.216514
v -0.360607 -0.006509 -0.229214
v -0.347507 -0.004409 -0.175914
v -0.354907 -0.001309 -0.157514
v -0.366507 -0.004009 -0.161514
v -0.377907 -0.001709 -0.166214
v -0.387607 0.004991 -0.171014
v -0.385307 0.011691 -0.195314
v -0.393607 0.015191 -0.174914
v -0.376107 0.007791 -0.215214
v -0.366007 0.003491 -0.234514
v -0.330107 -0.011809 -0.211214
v -0.339207 -0.008009 -0.193714
v -0.396207 0.006091 -0.106114
v -0.391007 0.003891 -0.126414
v -0.379207 0.001391 -0.122814
v -0.384207 0.003491 -0.103114
v -0.406407 0.012991 -0.109114
v -0.401107 0.010691 -0.130114
v -0.384907 0.001291 -0.146514
v -0.373207 -0.001109 -0.142314
v -0.394807 0.008091 -0.150714
v -0.372207 0.006091 -0.100514
v -0.376307 0.007791 -0.081014
v -0.388307 0.005291 -0.083014
v -0.400507 0.007891 -0.085414
v -0.410807 0.014891 -0.087914
v -0.412807 0.023391 -0.111614
v -0.417307 0.025291 -0.089914
v -0.407407 0.021091 -0.133014
v -0.400907 0.018391 -0.154214
v -0.361607 0.001591 -0.138914
v -0.367307 0.003991 -0.119814
v -0.407607 0.010991 -0.022614
v -0.406207 0.010391 -0.043614
v -0.393907 0.007691 -0.042414
v -0.395307 0.008291 -0.021914
v -0.418107 0.017991 -0.023214
v -0.416607 0.017391 -0.044914
v -0.403807 0.009291 -0.064614
v -0.391607 0.006691 -0.062814
v -0.414207 0.016291 -0.066414
v -0.383007 0.010691 -0.021414
v -0.383507 0.010891 -0.001414
v -0.395707 0.008491 -0.001414
v -0.408107 0.011191 -0.001414
v -0.418607 0.018191 -0.001414
v -0.424807 0.028491 -0.023714
v -0.425307 0.028791 -0.001414
v -0.423307 0.027891 -0.045914
v -0.420807 0.026791 -0.068014
v -0.379407 0.009191 -0.061314
v -0.381707 0.010091 -0.041414
v -0.403807 0.009291 0.061786
v -0.406207 0.010391 0.040786
v -0.393907 0.007691 0.039586
v -0.391607 0.006691 0.059986
v -0.414207 0.016291 0.063586
v -0.416607 0.017391 0.041986
v -0.407607 0.010991 0.019686
v -0.395307 0.008291 0.019086
v -0.418107 0.017991 0.020286
v -0.379407 0.009191 0.058386
v -0.376307 0.007791 0.078186
v -0.388307 0.005291 0.080186
v -0.400507 0.007891 0.082586
v -0.410807 0.014891 0.084986
v -0.420807 0.026791 0.065086
v -0.417307 0.025291 0.086986
v -0.423307 0.027891 0.042986
v -0.424807 0.028491 0.020786
v -0.383007 0.010691 0.018586
v -0.381707 0.010091 0.038586
v -0.384907 0.001291 0.143686
v -0.391007 0.003891 0.123586
v -0.379207 0.001391 0.119986
v -0.373207 -0.001109 0.139486
v -0.394807 0.008091 0.147886
v -0.401107 0.010691 0.127186
v -0.396207 0.006091 0.103186
v -0.384207 0.003491 0.100186
v -0.406407 0.012991 0.106286
v -0.361607 0.001591 0.135986
v -0.354907 -0.001309 0.154686
v -0.366507 -0.004009 0.158586
v -0.377907 -0.001709 0.163386
v -0.387607 0.004991 0.168186
v -0.400907 0.018391 0.151286
v -0.393607 0.015191 0.172086
v -0.407407 0.021091 0.130186
v -0.412807 0.023391 0.108786
v -0.372207 0.006091 0.097686
v -0.367307 0.003991 0.116986
v -0.351707 -0.012909 0.219986
v -0.361307 -0.008809 0.201586
v -0.350307 -0.010909 0.195786
v -0.341007 -0.014909 0.213586
v -0.360607 -0.006509 0.226386
v -0.370507 -0.002309 0.207486
v -0.370107 -0.005109 0.182686
v -0.358807 -0.007309 0.177386
v -0.379507 0.001491 0.187986
v -0.330107 -0.011809 0.208286
v -0.320207 -0.016009 0.225186
v -0.330907 -0.019209 0.230986
v -0.341307 -0.017309 0.237886
v -0.349907 -0.011109 0.244786
v -0.366007 0.003491 0.231686
v -0.355007 -0.001209 0.250486
v -0.376107 0.007791 0.212286
v -0.385307 0.011691 0.192486
v -0.347507 -0.004409 0.172986
v -0.339207 -0.008009 0.190886
v -0.305507 -0.032609 0.287786
v -0.318207 -0.027209 0.271786
v -0.308407 -0.028809 0.263886
v -0.296107 -0.034009 0.279486
v -0.313007 -0.026809 0.296186
v -0.326107 -0.021209 0.279686
v -0.330107 -0.022109 0.255186
v -0.320007 -0.023809 0.247686
v -0.338407 -0.016009 0.262586
v -0.286307 -0.030509 0.272586
v -0.273607 -0.035909 0.287086
v -0.283007 -0.039609 0.294286
v -0.292107 -0.038309 0.303086
v -0.299207 -0.032709 0.311886
v -0.317307 -0.017309 0.303086
v -0.303107 -0.023309 0.319186
v -0.330607 -0.011609 0.286186
v -0.343207 -0.006209 0.268686
v -0.309607 -0.020609 0.241586
v -0.298307 -0.025409 0.257386
v -0.247907 -0.057109 0.344486
v -0.263207 -0.050609 0.331486
v -0.255107 -0.051509 0.321886
v -0.240207 -0.057909 0.334486
v -0.253807 -0.052109 0.354486
v -0.269607 -0.045309 0.341086
v -0.278007 -0.044309 0.317686
v -0.269407 -0.045409 0.308486
v -0.284707 -0.038909 0.326886
v -0.231807 -0.053809 0.326286
v -0.216707 -0.060209 0.337786
v -0.224707 -0.064509 0.346386
v -0.232007 -0.063909 0.356686
v -0.237407 -0.059009 0.366986
v -0.256707 -0.043109 0.362786
v -0.239907 -0.050309 0.375586
v -0.272807 -0.036309 0.349086
v -0.288307 -0.029709 0.334586
v -0.260207 -0.041609 0.300886
v -0.246307 -0.047609 0.313886
v -0.181307 -0.085509 0.387886
v -0.198707 -0.078109 0.378386
v -0.192407 -0.078309 0.367486
v -0.175507 -0.085509 0.376686
v -0.185307 -0.081309 0.399186
v -0.203107 -0.073709 0.389386
v -0.215607 -0.070909 0.367986
v -0.208807 -0.071309 0.357286
v -0.220507 -0.066209 0.378686
v -0.168707 -0.080709 0.367386
v -0.151807 -0.087909 0.375486
v -0.158207 -0.092809 0.384986
v -0.163507 -0.093109 0.396486
v -0.167007 -0.089109 0.407986
v -0.186507 -0.073109 0.408486
v -0.167807 -0.081009 0.417486
v -0.204807 -0.065309 0.398486
v -0.222607 -0.057709 0.387486
v -0.201107 -0.066809 0.348486
v -0.185107 -0.073709 0.358386
v -0.108207 -0.116709 0.416386
v -0.126907 -0.108709 0.410686
v -0.122707 -0.108009 0.398786
v -0.104507 -0.115709 0.404286
v -0.110007 -0.113409 0.428386
v -0.129307 -0.105109 0.422586
v -0.145407 -0.100809 0.404086
v -0.140607 -0.100309 0.392386
v -0.148307 -0.097009 0.415786
v -0.099407 -0.110209 0.394286
v -0.081407 -0.117909 0.398686
v -0.086007 -0.123609 0.408786
v -0.089207 -0.124809 0.420986
v -0.090507 -0.121709 0.433186
v -0.109607 -0.105909 0.438386
v -0.089607 -0.114409 0.443286
v -0.129307 -0.097509 0.432486
v -0.148707 -0.089209 0.425486
v -0.134607 -0.095209 0.382686
v -0.117107 -0.102609 0.388986
v -0.031307 -0.149509 0.428786
v -0.050707 -0.141209 0.427186
v -0.048707 -0.139509 0.414786
v -0.029907 -0.147509 0.416386
v -0.031007 -0.147109 0.441186
v -0.050907 -0.138609 0.439586
v -0.070007 -0.133009 0.424586
v -0.067407 -0.131509 0.412286
v -0.070807 -0.130109 0.436886
v -0.026607 -0.141209 0.406086
v -0.028707 -0.140409 0.451486
v -0.049107 -0.131709 0.449786
v -0.069407 -0.123009 0.447086
v -0.063307 -0.125609 0.402086
v -0.045007 -0.133409 0.404586
v 0.125993 -0.144009 0.398786
v 0.130193 -0.143209 0.410686
v 0.148693 -0.151109 0.404086
v 0.143893 -0.151609 0.392386
v 0.107793 -0.136209 0.404286
v 0.111493 -0.135209 0.416386
v 0.132593 -0.146809 0.422586
v 0.151593 -0.154909 0.415786
v 0.113293 -0.138609 0.428386
v 0.137893 -0.156809 0.382686
v 0.161493 -0.159109 0.384986
v 0.155093 -0.164109 0.375486
v 0.120393 -0.149309 0.388986
v 0.102693 -0.141709 0.394286
v 0.112893 -0.146109 0.438386
v 0.132593 -0.154509 0.432486
v 0.151993 -0.162809 0.425486
v 0.171093 -0.170909 0.417486
v 0.170293 -0.162909 0.407986
v 0.166793 -0.158809 0.396486
v 0.195693 -0.173709 0.367486
v 0.201993 -0.173809 0.378386
v 0.218893 -0.181009 0.367986
v 0.212093 -0.180709 0.357286
v 0.178793 -0.166509 0.376686
v 0.184593 -0.166409 0.387886
v 0.206393 -0.178309 0.389386
v 0.223793 -0.185709 0.378686
v 0.188593 -0.170709 0.399186
v 0.227993 -0.187509 0.346386
v 0.219993 -0.191809 0.337786
v 0.204393 -0.185109 0.348486
v 0.188393 -0.178309 0.358386
v 0.171993 -0.171309 0.367386
v 0.189793 -0.178909 0.408486
v 0.208093 -0.186709 0.398486
v 0.225893 -0.194309 0.387486
v 0.243193 -0.201709 0.375586
v 0.240693 -0.192909 0.366986
v 0.235293 -0.188009 0.356686
v 0.258393 -0.200409 0.321886
v 0.266493 -0.201409 0.331486
v 0.281293 -0.207609 0.317686
v 0.272693 -0.206509 0.308486
v 0.243493 -0.194109 0.334486
v 0.251193 -0.194809 0.344486
v 0.272893 -0.206609 0.341086
v 0.287993 -0.213109 0.326886
v 0.257093 -0.199909 0.354486
v 0.286293 -0.212409 0.294286
v 0.276893 -0.216009 0.287086
v 0.263493 -0.210309 0.300886
v 0.249593 -0.204409 0.313886
v 0.235093 -0.198209 0.326286
v 0.259993 -0.208809 0.362786
v 0.276093 -0.215709 0.349086
v 0.291593 -0.222309 0.334586
v 0.306393 -0.228609 0.319186
v 0.302493 -0.219309 0.311886
v 0.295393 -0.213609 0.303086
v 0.311693 -0.223209 0.263886
v 0.321493 -0.224809 0.271786
v 0.333393 -0.229909 0.255186
v 0.323293 -0.228109 0.247686
v 0.299393 -0.217909 0.279486
v 0.308793 -0.219409 0.287786
v 0.329393 -0.230709 0.279686
v 0.341693 -0.236009 0.262586
v 0.316293 -0.225109 0.296186
v 0.334193 -0.232809 0.230986
v 0.323493 -0.235909 0.225186
v 0.312893 -0.231409 0.241586
v 0.301593 -0.226509 0.257386
v 0.289593 -0.221409 0.272586
v 0.320593 -0.234609 0.303086
v 0.333893 -0.240309 0.286186
v 0.346493 -0.245709 0.268686
v 0.358293 -0.250709 0.250486
v 0.353193 -0.240909 0.244786
v 0.344593 -0.234609 0.237886
v 0.353593 -0.241009 0.195786
v 0.364593 -0.243209 0.201586
v 0.373393 -0.246909 0.182686
v 0.362093 -0.244709 0.177386
v 0.344293 -0.237109 0.213586
v 0.354993 -0.239109 0.219986
v 0.373793 -0.249609 0.207486
v 0.382793 -0.253509 0.187986
v 0.363893 -0.245409 0.226386
v 0.369793 -0.247909 0.158586
v 0.358193 -0.250709 0.154686
v 0.350793 -0.247509 0.172986
v 0.342493 -0.244009 0.190886
v 0.333393 -0.240109 0.208286
v 0.369293 -0.255409 0.231686
v 0.379393 -0.259709 0.212286
v 0.388593 -0.263609 0.192486
v 0.396893 -0.267209 0.172086
v 0.390893 -0.256909 0.168186
v 0.381193 -0.250309 0.163386
v 0.382493 -0.253309 0.119986
v 0.394293 -0.255809 0.123586
v 0.399493 -0.258109 0.103186
v 0.387493 -0.255509 0.100186
v 0.376493 -0.250809 0.139486
v 0.388193 -0.253209 0.143686
v 0.404393 -0.262709 0.127186
v 0.409693 -0.265009 0.106286
v 0.398093 -0.260009 0.147886
v 0.391593 -0.257309 0.080186
v 0.379593 -0.259809 0.078186
v 0.375493 -0.258109 0.097686
v 0.370593 -0.256009 0.116986
v 0.364893 -0.253509 0.135986
v 0.404193 -0.270309 0.151286
v 0.410693 -0.273009 0.130186
v 0.416093 -0.275409 0.108786
v 0.420593 -0.277309 0.086986
v 0.414093 -0.266809 0.084986
v 0.403793 -0.259909 0.082586
v 0.397193 -0.259609 0.039586
v 0.409493 -0.262309 0.040786
v 0.410893 -0.262909 0.019686
v 0.398593 -0.260209 0.019086
v 0.394893 -0.258609 0.059986
v 0.407093 -0.261309 0.061786
v 0.419993 -0.269309 0.041986
v 0.421393 -0.270009 0.020286
v 0.417493 -0.268309 0.063586
v 0.398993 -0.260409 -0.001414
v 0.386793 -0.262909 -0.001414
v 0.386293 -0.262709 0.018586
v 0.384993 -0.262109 0.038586
v 0.382693 -0.261109 0.058386
v 0.424093 -0.278809 0.065086
v 0.426593 -0.279809 0.042986
v 0.428093 -0.280509 0.020786
v 0.428593 -0.280709 -0.001414
v 0.421893 -0.270209 -0.001414
v 0.411393 -0.263109 -0.001414
v 0.397193 -0.259609 -0.042414
v 0.409493 -0.262309 -0.043614
v 0.407093 -0.261309 -0.064614
v 0.394893 -0.258609 -0.062814
v 0.398593 -0.260209 -0.021914
v 0.410893 -0.262909 -0.022614
v 0.419993 -0.269309 -0.044914
v 0.417493 -0.268309 -0.066414
v 0.421393 -0.270009 -0.023214
v 0.391593 -0.257309 -0.083014
v 0.379593 -0.259809 -0.081014
v 0.382693 -0.261109 -0.061314
v 0.384993 -0.262109 -0.041414
v 0.386293 -0.262709 -0.021414
v 0.428093 -0.280509 -0.023714
v 0.426593 -0.279809 -0.045914
v 0.424093 -0.278809 -0.068014
v 0.420593 -0.277309 -0.089914
v 0.414093 -0.266809 -0.087914
v 0.403793 -0.259909 -0.085414
v 0.382493 -0.253309 -0.122814
v 0.394293 -0.255809 -0.126414
v 0.388193 -0.253209 -0.146514
v 0.376493 -0.250809 -0.142314
v 0.387493 -0.255509 -0.103114
v 0.399493 -0.258109 -0.106114
v 0.404393 -0.262709 -0.130114
v 0.398093 -0.260009 -0.150714
v 0.409693 -0.265009 -0.109114
v 0.369793 -0.247909 -0.161514
v 0.358193 -0.250709 -0.157514
v 0.364893 -0.253509 -0.138914
v 0.370593 -0.256009 -0.119814
v 0.375493 -0.258109 -0.100514
v 0.416093 -0.275409 -0.111614
v 0.410693 -0.273009 -0.133014
v 0.404193 -0.270309 -0.154214
v 0.396893 -0.267209 -0.174914
v 0.390893 -0.256909 -0.171014
v 0.381193 -0.250309 -0.166214
v 0.353593 -0.241009 -0.198614
v 0.364593 -0.243209 -0.204514
v 0.354993 -0.239109 -0.222814
v 0.344293 -0.237109 -0.216514
v 0.362093 -0.244709 -0.180314
v 0.373393 -0.246909 -0.185614
v 0.373793 -0.249609 -0.210314
v 0.363893 -0.245409 -0.229214
v 0.382793 -0.253509 -0.190914
v 0.334193 -0.232809 -0.233814
v 0.323493 -0.235909 -0.228114
v 0.333393 -0.240109 -0.211214
v 0.342493 -0.244009 -0.193714
v 0.350793 -0.247509 -0.175914
v 0.388593 -0.263609 -0.195314
v 0.379393 -0.259709 -0.215214
v 0.369293 -0.255409 -0.234514
v 0.358293 -0.250709 -0.253314
v 0.353193 -0.240909 -0.247614
v 0.344593 -0.234609 -0.240714
v 0.311693 -0.223209 -0.266814
v 0.321493 -0.224809 -0.274714
v 0.308793 -0.219409 -0.290714
v 0.299393 -0.217909 -0.282314
v 0.323293 -0.228109 -0.250614
v 0.333393 -0.229909 -0.258014
v 0.329393 -0.230709 -0.282514
v 0.316293 -0.225109 -0.299014
v 0.341693 -0.236009 -0.265414
v 0.286293 -0.212409 -0.297214
v 0.276893 -0.216009 -0.289914
v 0.289593 -0.221409 -0.275414
v 0.301593 -0.226509 -0.260214
v 0.312893 -0.231409 -0.244414
v 0.346493 -0.245709 -0.271514
v 0.333893 -0.240309 -0.289114
v 0.320593 -0.234609 -0.305914
v 0.306393 -0.228609 -0.322114
v 0.302493 -0.219309 -0.314814
v 0.295393 -0.213609 -0.306014
v 0.258393 -0.200409 -0.324714
v 0.266493 -0.201409 -0.334414
v 0.251193 -0.194809 -0.347414
v 0.243493 -0.194109 -0.337414
v 0.272693 -0.206509 -0.311314
v 0.281293 -0.207609 -0.320614
v 0.272893 -0.206609 -0.344014
v 0.257093 -0.199909 -0.357414
v 0.287993 -0.213109 -0.329814
v 0.227993 -0.187509 -0.349214
v 0.219993 -0.191809 -0.340614
v 0.235093 -0.198209 -0.329114
v 0.249593 -0.204409 -0.316814
v 0.263493 -0.210309 -0.303714
v 0.291593 -0.222309 -0.337414
v 0.276093 -0.215709 -0.351914
v 0.259993 -0.208809 -0.365614
v 0.243193 -0.201709 -0.378414
v 0.240693 -0.192909 -0.369914
v 0.235293 -0.188009 -0.359514
v 0.195693 -0.173709 -0.370314
v 0.201993 -0.173809 -0.381314
v 0.184593 -0.166409 -0.390814
v 0.178793 -0.166509 -0.379514
v 0.212093 -0.180709 -0.360214
v 0.218893 -0.181009 -0.370814
v 0.206393 -0.178309 -0.392214
v 0.188593 -0.170709 -0.402014
v 0.223793 -0.185709 -0.381514
v 0.161493 -0.159109 -0.387914
v 0.155093 -0.164109 -0.378314
v 0.171993 -0.171309 -0.370214
v 0.188393 -0.178309 -0.361214
v 0.204393 -0.185109 -0.351314
v 0.225893 -0.194309 -0.390414
v 0.208093 -0.186709 -0.401314
v 0.189793 -0.178909 -0.411314
v 0.171093 -0.170909 -0.420314
v 0.170293 -0.162909 -0.410814
v 0.166793 -0.158809 -0.399314
v 0.125993 -0.144009 -0.401714
v 0.130193 -0.143209 -0.413614
v 0.111493 -0.135209 -0.419214
v 0.107793 -0.136209 -0.407214
v 0.143893 -0.151609 -0.395214
v 0.148693 -0.151109 -0.406914
v 0.132593 -0.146809 -0.425514
v 0.113293 -0.138609 -0.431314
v 0.151593 -0.154909 -0.418714
v 0.089293 -0.128409 -0.411714
v 0.084693 -0.134109 -0.401614
v 0.102693 -0.141709 -0.397214
v 0.120393 -0.149309 -0.391814
v 0.137893 -0.156809 -0.385514
v 0.151993 -0.162809 -0.428414
v 0.132593 -0.154509 -0.435314
v 0.112893 -0.146109 -0.441314
v 0.092893 -0.137609 -0.446214
v 0.093793 -0.130309 -0.436014
v 0.092493 -0.127109 -0.423914
v 0.051993 -0.112409 -0.417714
v 0.053993 -0.110709 -0.430114
v 0.034593 -0.102509 -0.431614
v 0.033193 -0.104409 -0.419214
v 0.070693 -0.120409 -0.415214
v 0.073293 -0.119009 -0.427514
v 0.054193 -0.113409 -0.442414
v 0.034293 -0.104909 -0.444014
v 0.074093 -0.121909 -0.439814
v 0.014293 -0.096409 -0.419714
v 0.011493 -0.102909 -0.409414
v 0.029893 -0.110709 -0.408914
v 0.048293 -0.118509 -0.407414
v 0.066593 -0.126309 -0.405014
v 0.072693 -0.129009 -0.450014
v 0.052393 -0.120309 -0.452714
v 0.031993 -0.111609 -0.454314
v 0.011493 -0.102909 -0.454914
v 0.014293 -0.096409 -0.444614
v 0.015193 -0.094209 -0.432114
v -0.023407 -0.080309 -0.417714
v -0.023607 -0.077609 -0.430114
v -0.042907 -0.069409 -0.427514
v -0.042207 -0.072309 -0.415214
v -0.004607 -0.088309 -0.419214
v -0.004207 -0.085909 -0.431614
v -0.025707 -0.079309 -0.442414
v -0.045507 -0.070909 -0.439814
v -0.005707 -0.087809 -0.444014
v -0.060807 -0.064309 -0.411714
v -0.061707 -0.071609 -0.401614
v -0.043607 -0.079409 -0.405014
v -0.025307 -0.087209 -0.407414
v -0.006907 -0.095009 -0.408914
v -0.009007 -0.094109 -0.454314
v -0.029407 -0.085409 -0.452714
v -0.049707 -0.076809 -0.450014
v -0.069907 -0.068209 -0.446214
v -0.065207 -0.062409 -0.436014
v -0.062107 -0.061209 -0.423914
v -0.097407 -0.048709 -0.401714
v -0.099807 -0.045209 -0.413614
v -0.118307 -0.037309 -0.406914
v -0.115307 -0.041109 -0.395214
v -0.079207 -0.056509 -0.407214
v -0.081107 -0.053109 -0.419214
v -0.104107 -0.045909 -0.425514
v -0.123007 -0.037809 -0.418714
v -0.084807 -0.054109 -0.431314
v -0.133007 -0.033609 -0.387914
v -0.132107 -0.041609 -0.378314
v -0.114907 -0.049009 -0.385514
v -0.097407 -0.056409 -0.391814
v -0.079707 -0.064009 -0.397214
v -0.089807 -0.059609 -0.441314
v -0.109607 -0.051209 -0.435314
v -0.129007 -0.042909 -0.428414
v -0.148107 -0.034809 -0.420314
v -0.141707 -0.029809 -0.410814
v -0.136407 -0.029509 -0.399314
v -0.167107 -0.019009 -0.370314
v -0.171607 -0.014609 -0.381314
v -0.188507 -0.007309 -0.370814
v -0.183507 -0.012009 -0.360214
v -0.150207 -0.026209 -0.379514
v -0.154207 -0.022009 -0.390814
v -0.177907 -0.014409 -0.392214
v -0.195307 -0.007009 -0.381514
v -0.160007 -0.022009 -0.402014
v -0.199507 -0.005209 -0.349214
v -0.197007 -0.014009 -0.340614
v -0.181407 -0.020609 -0.351314
v -0.165407 -0.027409 -0.361214
v -0.148907 -0.034409 -0.370214
v -0.166807 -0.026809 -0.411314
v -0.185107 -0.019009 -0.401314
v -0.202907 -0.011409 -0.390414
v -0.220207 -0.004109 -0.378414
v -0.212207 0.000191 -0.369914
v -0.204907 -0.000309 -0.359514
v -0.229807 0.007691 -0.324714
v -0.236107 0.012991 -0.334414
v -0.250907 0.019291 -0.320614
v -0.244107 0.013791 -0.311314
v -0.214907 0.001391 -0.337414
v -0.220807 0.006391 -0.347414
v -0.244307 0.013891 -0.344014
v -0.259507 0.020391 -0.329814
v -0.228507 0.007191 -0.357414
v -0.257807 0.019591 -0.297214
v -0.253907 0.010291 -0.289914
v -0.240507 0.004591 -0.303714
v -0.226607 -0.001309 -0.316814
v -0.212007 -0.007509 -0.329114
v -0.237007 0.003091 -0.365614
v -0.253107 0.009991 -0.351914
v -0.268607 0.016591 -0.337414
v -0.283407 0.022891 -0.322114
v -0.274007 0.026491 -0.314814
v -0.265007 0.025291 -0.306014
v -0.283107 0.030491 -0.266814
v -0.291107 0.036391 -0.274714
v -0.303007 0.041491 -0.258014
v -0.294807 0.035391 -0.250614
v -0.270807 0.025191 -0.282314
v -0.278407 0.030991 -0.290714
v -0.300807 0.037991 -0.282514
v -0.313107 0.043191 -0.265414
v -0.287807 0.032391 -0.299014
v -0.305607 0.039991 -0.233814
v -0.300507 0.030191 -0.228114
v -0.289907 0.025691 -0.244414
v -0.278607 0.020791 -0.260214
v -0.266607 0.015691 -0.275414
v -0.297607 0.028891 -0.305914
v -0.310907 0.034591 -0.289114
v -0.323507 0.039991 -0.271514
v -0.335307 0.044991 -0.253314
v -0.324707 0.048191 -0.247614
v -0.314207 0.046291 -0.240714
v -0.325007 0.048291 -0.198614
v -0.334207 0.054791 -0.204514
v -0.343007 0.058491 -0.185614
v -0.333507 0.051891 -0.180314
v -0.315707 0.044391 -0.216514
v -0.324607 0.050691 -0.222814
v -0.345207 0.056891 -0.210314
v -0.354207 0.060791 -0.190914
v -0.335407 0.052691 -0.229214
v -0.341207 0.055191 -0.161514
v -0.335207 0.044991 -0.157514
v -0.327707 0.041791 -0.175914
v -0.319507 0.038291 -0.193714
v -0.310407 0.034391 -0.211214
v -0.346307 0.049691 -0.234514
v -0.356407 0.053991 -0.215214
v -0.365607 0.057891 -0.195314
v -0.373907 0.061491 -0.174914
v -0.362307 0.064191 -0.171014
v -0.350807 0.061891 -0.166214
v -0.353907 0.060591 -0.122814
v -0.363907 0.067491 -0.126414
v -0.369107 0.069691 -0.106114
v -0.359007 0.062791 -0.103114
v -0.348007 0.058091 -0.142314
v -0.357807 0.064891 -0.146514
v -0.375807 0.069991 -0.130114
v -0.381107 0.072191 -0.109114
v -0.369507 0.067291 -0.150714
v -0.363107 0.064491 -0.083014
v -0.356607 0.054091 -0.081014
v -0.352507 0.052391 -0.100514
v -0.347607 0.050291 -0.119814
v -0.341807 0.047791 -0.138914
v -0.381207 0.064591 -0.154214
v -0.387607 0.067291 -0.133014
v -0.393107 0.069691 -0.111614
v -0.397607 0.071591 -0.089914
v -0.385507 0.074091 -0.087914
v -0.373407 0.071491 -0.085414
v -0.368607 0.066891 -0.042414
v -0.379107 0.073891 -0.043614
v -0.380507 0.074491 -0.022614
v -0.370007 0.067491 -0.021914
v -0.366307 0.065891 -0.062814
v -0.376707 0.072891 -0.064614
v -0.391407 0.076591 -0.044914
v -0.392907 0.077191 -0.023214
v -0.388907 0.075591 -0.066414
v -0.370507 0.067691 -0.001414
v -0.363807 0.057191 -0.001414
v -0.363307 0.056991 -0.021414
v -0.362007 0.056391 -0.041414
v -0.359707 0.055391 -0.061314
v -0.401107 0.073091 -0.068014
v -0.403607 0.074091 -0.045914
v -0.405107 0.074791 -0.023714
v -0.405607 0.074991 -0.001414
v -0.393407 0.077391 -0.001414
v -0.381007 0.074691 -0.001414
v -0.368607 0.066891 0.039586
v -0.379107 0.073891 0.040786
v -0.376707 0.072891 0.061786
v -0.366307 0.065891 0.059986
v -0.370007 0.067491 0.019086
v -0.380507 0.074491 0.019686
v -0.391407 0.076591 0.041986
v -0.388907 0.075591 0.063586
v -0.392907 0.077191 0.020286
v -0.363107 0.064491 0.080186
v -0.356607 0.054091 0.078186
v -0.359707 0.055391 0.058386
v -0.362007 0.056391 0.038586
v -0.363307 0.056991 0.018586
v -0.405107 0.074791 0.020786
v -0.403607 0.074091 0.042986
v -0.401107 0.073091 0.065086
v -0.397607 0.071591 0.086986
v -0.385507 0.074091 0.084986
v -0.373407 0.071491 0.082586
v -0.353907 0.060591 0.119986
v -0.363907 0.067491 0.123586
v -0.357807 0.064891 0.143686
v -0.348007 0.058091 0.139486
v -0.359007 0.062791 0.100186
v -0.369107 0.069691 0.103186
v -0.375807 0.069991 0.127186
v -0.369507 0.067291 0.147886
v -0.381107 0.072191 0.106286
v -0.341207 0.055191 0.158586
v -0.335207 0.044991 0.154686
v -0.341807 0.047791 0.135986
v -0.347607 0.050291 0.116986
v -0.352507 0.052391 0.097686
v -0.393107 0.069691 0.108786
v -0.387607 0.067291 0.130186
v -0.381207 0.064591 0.151286
v -0.373907 0.061491 0.172086
v -0.362307 0.064191 0.168186
v -0.350807 0.061891 0.163386
v -0.325007 0.048291 0.195786
v -0.334207 0.054791 0.201586
v -0.324607 0.050691 0.219986
v -0.315707 0.044391 0.213586
v -0.333507 0.051891 0.177386
v -0.343007 0.058491 0.182686
v -0.345207 0.056891 0.207486
v -0.335407 0.052691 0.226386
v -0.354207 0.060791 0.187986
v -0.305607 0.039991 0.230986
v -0.300507 0.030191 0.225186
v -0.310407 0.034391 0.208286
v -0.319507 0.038291 0.190886
v -0.327707 0.041791 0.172986
v -0.365607 0.057891 0.192486
v -0.356407 0.053991 0.212286
v -0.346307 0.049691 0.231686
v -0.335307 0.044991 0.250486
v -0.324707 0.048191 0.244786
v -0.314207 0.046291 0.237886
v -0.283107 0.030491 0.263886
v -0.291107 0.036391 0.271786
v -0.278407 0.030991 0.287786
v -0.270807 0.025191 0.279486
v -0.294807 0.035391 0.247686
v -0.303007 0.041491 0.255186
v -0.300807 0.037991 0.279686
v -0.287807 0.032391 0.296186
v -0.313107 0.043191 0.262586
v -0.257807 0.019591 0.294286
v -0.253907 0.010291 0.287086
v -0.266607 0.015691 0.272586
v -0.278607 0.020791 0.257386
v -0.289907 0.025691 0.241586
v -0.323507 0.039991 0.268686
v -0.310907 0.034591 0.286186
v -0.297607 0.028891 0.303086
v -0.283407 0.022891 0.319186
v -0.274007 0.026491 0.311886
v -0.265007 0.025291 0.303086
v -0.229807 0.007691 0.321886
v -0.236107 0.012991 0.331486
v -0.220807 0.006391 0.344486
v -0.214907 0.001391 0.334486
v -0.244107 0.013791 0.308486
v -0.250907 0.019291 0.317686
v -0.244307 0.013891 0.341086
v -0.228507 0.007191 0.354486
v -0.259507 0.020391 0.326886
v -0.199507 -0.005209 0.346386
v -0.197007 -0.014009 0.337786
v -0.212007 -0.007509 0.326286
v -0.226607 -0.001309 0.313886
v -0.240507 0.004591 0.300886
v -0.268607 0.016591 0.334586
v -0.253107 0.009991 0.349086
v -0.237007 0.003091 0.362786
v -0.220207 -0.004109 0.375586
v -0.212207 0.000191 0.366986
v -0.204907 -0.000309 0.356686
v -0.167107 -0.019009 0.367486
v -0.171607 -0.014609 0.378386
v -0.154207 -0.022009 0.387886
v -0.150207 -0.026209 0.376686
v -0.183507 -0.012009 0.357286
v -0.188507 -0.007309 0.367986
v -0.177907 -0.014409 0.389386
v -0.160007 -0.022009 0.399186
v -0.195307 -0.007009 0.378686
v -0.133007 -0.033609 0.384986
v -0.132107 -0.041609 0.375486
v -0.148907 -0.034409 0.367386
v -0.165407 -0.027409 0.358386
v -0.181407 -0.020609 0.348486
v -0.202907 -0.011409 0.387486
v -0.185107 -0.019009 0.398486
v -0.166807 -0.026809 0.408486
v -0.148107 -0.034809 0.417486
v -0.141707 -0.029809 0.407986
v -0.136407 -0.029509 0.396486
v -0.097407 -0.048709 0.398786
v -0.099807 -0.045209 0.410686
v -0.081107 -0.053109 0.416386
v -0.079207 -0.056509 0.404286
v -0.115307 -0.041109 0.392386
v -0.118307 -0.037309 0.404086
v -0.104107 -0.045909 0.422586
v -0.084807 -0.054109 0.428386
v -0.123007 -0.037809 0.415786
v -0.060807 -0.064309 0.408786
v -0.061707 -0.071609 0.398686
v -0.079707 -0.064009 0.394286
v -0.097407 -0.056409 0.388986
v -0.114907 -0.049009 0.382686
v -0.129007 -0.042909 0.425486
v -0.109607 -0.051209 0.432486
v -0.089807 -0.059609 0.438386
v -0.069907 -0.068209 0.443286
v -0.065207 -0.062409 0.433186
v -0.062107 -0.061209 0.420986
v -0.023407 -0.080309 0.414786
v -0.023607 -0.077609 0.427186
v -0.004207 -0.085909 0.428786
v -0.004607 -0.088309 0.416386
v -0.042207 -0.072309 0.412286
v -0.042907 -0.069409 0.424586
v -0.025707 -0.079309 0.439586
v -0.005707 -0.087809 0.441186
v -0.045507 -0.070909 0.436886
v -0.006907 -0.095009 0.406086
v -0.025307 -0.087209 0.404586
v -0.043607 -0.079409 0.402086
v -0.049707 -0.076809 0.447086
v -0.029407 -0.085409 0.449786
v -0.009007 -0.094109 0.451486
v -0.408507 0.033991 0.132086
v -0.405007 0.047391 0.132686
v -0.410607 0.049791 0.110786
v -0.414107 0.036291 0.110286
v -0.402007 0.031191 0.153486
v -0.398507 0.044591 0.154186
v -0.397707 0.059291 0.132086
v -0.403307 0.061591 0.110286
v -0.391207 0.056491 0.153486
v -0.418607 0.038291 0.088286
v -0.394507 0.027991 0.174586
v -0.391007 0.041391 0.175386
v -0.383807 0.053291 0.174586
v -0.407807 0.063591 0.088286
v -0.415107 0.051691 0.088686
v -0.039907 -0.123209 0.398186
v -0.034407 -0.110609 0.396086
v -0.016407 -0.118309 0.397486
v -0.021907 -0.130909 0.399686
v -0.057907 -0.115509 0.395786
v -0.052307 -0.103009 0.393686
v -0.029207 -0.097909 0.398186
v -0.011107 -0.105609 0.399686
v -0.047207 -0.090209 0.395786
v -0.003707 -0.138609 0.400186
v -0.075807 -0.107909 0.392386
v -0.070007 -0.095409 0.390386
v -0.065007 -0.082609 0.392386
v 0.006993 -0.113309 0.400186
v 0.001693 -0.126009 0.397986
v 0.321993 -0.277509 0.187886
v 0.325693 -0.264109 0.186886
v 0.333793 -0.267609 0.169386
v 0.330193 -0.281009 0.170286
v 0.313093 -0.273709 0.204986
v 0.316793 -0.260409 0.203886
v 0.332793 -0.252209 0.187886
v 0.340993 -0.255709 0.170286
v 0.323893 -0.248409 0.204986
v 0.337493 -0.284109 0.152286
v 0.303393 -0.269609 0.221686
v 0.307193 -0.256209 0.220486
v 0.314193 -0.244309 0.221686
v 0.348293 -0.258809 0.152286
v 0.341093 -0.270709 0.151386
v -0.376807 0.020391 0.215286
v -0.373107 0.033791 0.216386
v -0.382507 0.037791 0.196086
v -0.386107 0.024391 0.195186
v -0.366607 0.016091 0.234986
v -0.362807 0.029391 0.236086
v -0.366007 0.045691 0.215286
v -0.375307 0.049691 0.195186
v -0.355807 0.041391 0.234986
v -0.355407 0.011291 0.254086
v -0.351707 0.024691 0.255186
v -0.344707 0.036591 0.254086
v 0.037693 -0.156309 0.456186
v 0.043293 -0.143709 0.458286
v 0.022493 -0.134909 0.459986
v 0.016993 -0.147509 0.457886
v 0.058293 -0.165109 0.453386
v 0.063993 -0.152609 0.455486
v 0.048493 -0.131009 0.456186
v 0.027793 -0.122209 0.457886
v 0.069093 -0.139809 0.453386
v -0.003707 -0.138609 0.458386
v 0.078793 -0.173809 0.449586
v 0.084593 -0.161309 0.451686
v 0.089593 -0.148509 0.449586
v 0.006993 -0.113309 0.458386
v 0.001693 -0.126009 0.460586
v 0.349793 -0.289309 0.115186
v 0.353293 -0.275909 0.114486
v 0.358093 -0.277909 0.095586
v 0.354593 -0.291409 0.096186
v 0.344093 -0.286909 0.133886
v 0.347593 -0.273509 0.133086
v 0.360493 -0.264109 0.115186
v 0.365393 -0.266109 0.096186
v 0.354793 -0.261609 0.133886
v 0.358593 -0.293109 0.076886
v 0.369293 -0.267809 0.076886
v 0.361993 -0.279609 0.076486
v -0.330707 0.000791 0.290286
v -0.326807 0.014091 0.291586
v -0.339707 0.019591 0.273786
v -0.343507 0.006191 0.272486
v -0.317207 -0.005009 0.307386
v -0.313207 0.008291 0.308786
v -0.319907 0.026091 0.290286
v -0.332707 0.031491 0.272486
v -0.306407 0.020291 0.307386
v -0.302807 -0.011109 0.323686
v -0.298807 0.002091 0.325186
v -0.292107 0.014191 0.323686
v 0.118993 -0.191009 0.438586
v 0.124993 -0.178609 0.440686
v 0.104893 -0.170009 0.446686
v 0.098993 -0.182409 0.444586
v 0.138793 -0.199409 0.431486
v 0.144793 -0.187009 0.433486
v 0.129793 -0.165709 0.438586
v 0.109793 -0.157209 0.444586
v 0.149493 -0.174109 0.431486
v 0.158093 -0.207609 0.423386
v 0.164293 -0.195309 0.425386
v 0.168893 -0.182309 0.423386
v 0.363893 -0.295409 0.037886
v 0.367293 -0.281909 0.037686
v 0.368593 -0.282509 0.018186
v 0.365193 -0.295909 0.018286
v 0.361693 -0.294409 0.057486
v 0.365093 -0.280909 0.057186
v 0.374693 -0.270109 0.037886
v 0.375993 -0.270609 0.018286
v 0.372393 -0.269109 0.057486
v 0.365693 -0.296109 -0.001414
v 0.376393 -0.270809 -0.001414
v 0.369093 -0.282609 -0.001414
v -0.272107 -0.024209 0.353986
v -0.267907 -0.011009 0.355686
v -0.283707 -0.004309 0.340886
v -0.287807 -0.017509 0.339286
v -0.255707 -0.031209 0.367886
v -0.251507 -0.018009 0.369586
v -0.261307 0.001091 0.353986
v -0.277007 0.007791 0.339286
v -0.244907 -0.005909 0.367886
v -0.238707 -0.038409 0.380886
v -0.234407 -0.025309 0.382686
v -0.228007 -0.013109 0.380886
v 0.195693 -0.223609 0.404086
v 0.201993 -0.211409 0.405986
v 0.183293 -0.203409 0.416186
v 0.177093 -0.215709 0.414286
v 0.213693 -0.231309 0.392986
v 0.220093 -0.219109 0.394786
v 0.206393 -0.198409 0.404086
v 0.187893 -0.190409 0.414286
v 0.224493 -0.206109 0.392986
v 0.231293 -0.238809 0.380886
v 0.237693 -0.226609 0.382686
v 0.241993 -0.213509 0.380886
v 0.363893 -0.295409 -0.040814
v 0.367293 -0.281909 -0.040614
v 0.365093 -0.280909 -0.060014
v 0.361693 -0.294409 -0.060314
v 0.365193 -0.295909 -0.021114
v 0.368593 -0.282509 -0.021014
v 0.374693 -0.270109 -0.040814
v 0.372393 -0.269109 -0.060314
v 0.375993 -0.270609 -0.021114
v 0.358593 -0.293109 -0.079814
v 0.369293 -0.267809 -0.079814
v 0.361993 -0.279609 -0.079314
v -0.203107 -0.053609 0.404086
v -0.198707 -0.040609 0.405986
v -0.216807 -0.032809 0.394786
v -0.221207 -0.045909 0.392986
v -0.184607 -0.061509 0.414286
v -0.180007 -0.048509 0.416186
v -0.192407 -0.028309 0.404086
v -0.210407 -0.020609 0.392986
v -0.173807 -0.036209 0.414286
v -0.165607 -0.069609 0.423386
v -0.161007 -0.056609 0.425386
v -0.154807 -0.044309 0.423386
v 0.264593 -0.253009 0.353986
v 0.271193 -0.240909 0.355686
v 0.254793 -0.233909 0.369586
v 0.248193 -0.246109 0.367886
v 0.280293 -0.259709 0.339286
v 0.286993 -0.247709 0.340886
v 0.275393 -0.227709 0.353986
v 0.258993 -0.220809 0.367886
v 0.291093 -0.234409 0.339286
v 0.295393 -0.266109 0.323686
v 0.302093 -0.254109 0.325186
v 0.306093 -0.240909 0.323686
v 0.349793 -0.289309 -0.118014
v 0.353293 -0.275909 -0.117414
v 0.347593 -0.273509 -0.136014
v 0.344093 -0.286909 -0.136714
v 0.354593 -0.291409 -0.099014
v 0.358093 -0.277909 -0.098514
v 0.360493 -0.264109 -0.118014
v 0.354793 -0.261609 -0.136714
v 0.365393 -0.266109 -0.099014
v 0.337493 -0.284109 -0.155114
v 0.348293 -0.258809 -0.155114
v 0.341093 -0.270709 -0.154314
v -0.126507 -0.086309 0.438586
v -0.121707 -0.073409 0.440686
v -0.141507 -0.064909 0.433486
v -0.146207 -0.077909 0.431486
v -0.106507 -0.094809 0.444586
v -0.101607 -0.081909 0.446686
v -0.115707 -0.061009 0.438586
v -0.135507 -0.052609 0.431486
v -0.095707 -0.069509 0.444586
v -0.086307 -0.103409 0.449586
v -0.081307 -0.090609 0.451686
v -0.075507 -0.078109 0.449586
v 0.323193 -0.278009 0.290286
v 0.330093 -0.266009 0.291586
v 0.316493 -0.260209 0.308786
v 0.309693 -0.272209 0.307386
v 0.335993 -0.283509 0.272486
v 0.342993 -0.271509 0.273786
v 0.333993 -0.252709 0.290286
v 0.320493 -0.247009 0.307386
v 0.346793 -0.258209 0.272486
v 0.347993 -0.288609 0.254086
v 0.354993 -0.276609 0.255186
v 0.358693 -0.263309 0.254086
v 0.321993 -0.277509 -0.190714
v 0.325693 -0.264109 -0.189714
v 0.316793 -0.260409 -0.206814
v 0.313093 -0.273709 -0.207914
v 0.330193 -0.281009 -0.173114
v 0.333793 -0.267609 -0.172214
v 0.332793 -0.252209 -0.190714
v 0.323893 -0.248409 -0.207914
v 0.340993 -0.255709 -0.173114
v 0.303393 -0.269609 -0.224514
v 0.314193 -0.244309 -0.224514
v 0.307193 -0.256209 -0.223314
v -0.045207 -0.120909 0.456186
v -0.040007 -0.108209 0.458286
v -0.060707 -0.099409 0.455486
v -0.065807 -0.112209 0.453386
v -0.024507 -0.129809 0.457886
v -0.019207 -0.117109 0.459986
v -0.034407 -0.095709 0.456186
v -0.055007 -0.086909 0.453386
v -0.013707 -0.104509 0.457886
v 0.369293 -0.297709 0.215286
v 0.376393 -0.285809 0.216386
v 0.366093 -0.281409 0.236086
v 0.359093 -0.293309 0.234986
v 0.378593 -0.301709 0.195186
v 0.385793 -0.289809 0.196086
v 0.380093 -0.272409 0.215286
v 0.369893 -0.268009 0.234986
v 0.389393 -0.276409 0.195186
v 0.387093 -0.305209 0.174586
v 0.394293 -0.293409 0.175386
v 0.397793 -0.280009 0.174586
v 0.281793 -0.260409 -0.256214
v 0.285693 -0.247109 -0.254814
v 0.273893 -0.242109 -0.269714
v 0.269993 -0.255309 -0.271114
v 0.292993 -0.265109 -0.240614
v 0.296793 -0.251809 -0.239414
v 0.292593 -0.235109 -0.256214
v 0.280693 -0.230009 -0.271114
v 0.303693 -0.239809 -0.240614
v 0.257493 -0.250009 -0.285414
v 0.268193 -0.224709 -0.285414
v 0.261493 -0.236809 -0.283914
v 0.400993 -0.311209 0.132086
v 0.408293 -0.299409 0.132686
v 0.401793 -0.296609 0.154186
v 0.394493 -0.308409 0.153486
v 0.406593 -0.313609 0.110286
v 0.413893 -0.301709 0.110786
v 0.411793 -0.285909 0.132086
v 0.405293 -0.283109 0.153486
v 0.417393 -0.288309 0.110286
v 0.411093 -0.315509 0.088286
v 0.418393 -0.303709 0.088686
v 0.421893 -0.290209 0.088286
v 0.230593 -0.238509 -0.311814
v 0.234793 -0.225409 -0.310214
v 0.220493 -0.219309 -0.322314
v 0.216293 -0.232409 -0.324014
v 0.244293 -0.244409 -0.299014
v 0.248393 -0.231209 -0.297414
v 0.241393 -0.213209 -0.311814
v 0.227093 -0.207209 -0.324014
v 0.255093 -0.219109 -0.299014
v 0.201493 -0.226109 -0.335314
v 0.212293 -0.200809 -0.335314
v 0.205793 -0.213009 -0.333514
v 0.417193 -0.318109 0.043686
v 0.424593 -0.306309 0.043886
v 0.421993 -0.305209 0.066386
v 0.414693 -0.317009 0.066086
v 0.418693 -0.318809 0.021086
v 0.426093 -0.306909 0.021186
v 0.427993 -0.292809 0.043686
v 0.425493 -0.291709 0.066086
v 0.429493 -0.293509 0.021086
v 0.419293 -0.319009 -0.001414
v 0.426593 -0.307209 -0.001414
v 0.429993 -0.293709 -0.001414
v 0.170393 -0.212909 -0.355614
v 0.174893 -0.199809 -0.353714
v 0.158793 -0.193009 -0.362514
v 0.154193 -0.206009 -0.364414
v 0.186193 -0.219609 -0.345914
v 0.190593 -0.206509 -0.344014
v 0.181193 -0.187609 -0.355614
v 0.164993 -0.180709 -0.364414
v 0.196993 -0.194309 -0.345914
v 0.137593 -0.198909 -0.372414
v 0.148393 -0.173609 -0.372414
v 0.142293 -0.185909 -0.370514
v 0.417193 -0.318109 -0.046514
v 0.424593 -0.306309 -0.046714
v 0.426093 -0.306909 -0.024114
v 0.418693 -0.318809 -0.024014
v 0.414693 -0.317009 -0.068914
v 0.421993 -0.305209 -0.069214
v 0.427993 -0.292809 -0.046514
v 0.429493 -0.293509 -0.024014
v 0.425493 -0.291709 -0.068914
v 0.411093 -0.315509 -0.091114
v 0.418393 -0.303709 -0.091514
v 0.421893 -0.290209 -0.091114
v 0.103493 -0.184309 -0.385714
v 0.108293 -0.171509 -0.383714
v 0.090893 -0.164009 -0.388914
v 0.085993 -0.176909 -0.391014
v 0.120693 -0.191709 -0.379514
v 0.125393 -0.178809 -0.377514
v 0.114293 -0.159109 -0.385714
v 0.096793 -0.151609 -0.391014
v 0.131493 -0.166409 -0.379514
v 0.068293 -0.169309 -0.395314
v 0.079093 -0.144109 -0.395314
v 0.073293 -0.156509 -0.393214
v 0.400993 -0.311209 -0.134914
v 0.408293 -0.299409 -0.135514
v 0.413893 -0.301709 -0.113714
v 0.406593 -0.313609 -0.113214
v 0.394493 -0.308409 -0.156314
v 0.401793 -0.296609 -0.157114
v 0.411793 -0.285909 -0.134914
v 0.417393 -0.288309 -0.113214
v 0.405293 -0.283109 -0.156314
v 0.387093 -0.305209 -0.177414
v 0.394293 -0.293409 -0.178214
v 0.397793 -0.280009 -0.177414
v 0.032493 -0.154109 -0.401114
v 0.037693 -0.141309 -0.398914
v 0.019693 -0.133709 -0.400414
v 0.014393 -0.146309 -0.402514
v 0.050493 -0.161709 -0.398714
v 0.055593 -0.149009 -0.396514
v 0.043193 -0.128809 -0.401114
v 0.025193 -0.121109 -0.402514
v 0.061193 -0.136409 -0.398714
v -0.003707 -0.138609 -0.403014
v 0.006993 -0.113309 -0.403014
v 0.001693 -0.126009 -0.400914
v 0.369293 -0.297709 -0.218214
v 0.376393 -0.285809 -0.219214
v 0.385793 -0.289809 -0.198914
v 0.378593 -0.301709 -0.198014
v 0.359093 -0.293309 -0.237814
v 0.366093 -0.281409 -0.238914
v 0.380093 -0.272409 -0.218214
v 0.389393 -0.276409 -0.198014
v 0.369893 -0.268009 -0.237814
v 0.347993 -0.288609 -0.256914
v 0.354993 -0.276609 -0.258114
v 0.358693 -0.263309 -0.256914
v -0.039907 -0.123209 -0.401114
v -0.034407 -0.110609 -0.398914
v -0.052307 -0.103009 -0.396514
v -0.057907 -0.115509 -0.398714
v -0.021907 -0.130909 -0.402514
v -0.016407 -0.118309 -0.400414
v -0.029207 -0.097909 -0.401114
v -0.047207 -0.090209 -0.398714
v -0.011107 -0.105609 -0.402514
v -0.075807 -0.107909 -0.395314
v -0.065007 -0.082609 -0.395314
v -0.070007 -0.095409 -0.393214
v 0.323193 -0.278009 -0.293114
v 0.330093 -0.266009 -0.294514
v 0.342993 -0.271509 -0.276614
v 0.335993 -0.283509 -0.275314
v 0.309693 -0.272209 -0.310214
v 0.316493 -0.260209 -0.311714
v 0.333993 -0.252709 -0.293114
v 0.346793 -0.258209 -0.275314
v 0.320493 -0.247009 -0.310214
v 0.295393 -0.266109 -0.326614
v 0.302093 -0.254109 -0.328114
v 0.306093 -0.240909 -0.326614
v -0.111007 -0.092909 -0.385714
v -0.105007 -0.080509 -0.383714
v -0.122107 -0.073209 -0.377514
v -0.128207 -0.085609 -0.379514
v -0.093507 -0.100309 -0.391014
v -0.087607 -0.087909 -0.388914
v -0.100207 -0.067609 -0.385714
v -0.117407 -0.060309 -0.379514
v -0.082707 -0.075109 -0.391014
v -0.145107 -0.078309 -0.372414
v -0.134307 -0.053109 -0.372414
v -0.139007 -0.066009 -0.370514
v 0.264593 -0.253009 -0.356914
v 0.271193 -0.240909 -0.358514
v 0.286993 -0.247709 -0.343714
v 0.280293 -0.259709 -0.342114
v 0.248193 -0.246109 -0.370814
v 0.254793 -0.233909 -0.372514
v 0.275393 -0.227709 -0.356914
v 0.291093 -0.234409 -0.342114
v 0.258993 -0.220809 -0.370814
v 0.231293 -0.238809 -0.383814
v 0.237693 -0.226609 -0.385514
v 0.241993 -0.213509 -0.383814
v -0.177907 -0.064409 -0.355614
v -0.171607 -0.052109 -0.353714
v -0.187307 -0.045409 -0.344014
v -0.193707 -0.057609 -0.345914
v -0.161707 -0.071309 -0.364414
v -0.155507 -0.059009 -0.362514
v -0.167107 -0.039109 -0.355614
v -0.182907 -0.032409 -0.345914
v -0.150907 -0.046009 -0.364414
v -0.209007 -0.051109 -0.335314
v -0.198207 -0.025809 -0.335314
v -0.202507 -0.038909 -0.333514
v 0.195693 -0.223609 -0.407014
v 0.201993 -0.211409 -0.408814
v 0.220093 -0.219109 -0.397714
v 0.213693 -0.231309 -0.395814
v 0.177093 -0.215709 -0.417114
v 0.183293 -0.203409 -0.419014
v 0.206393 -0.198409 -0.407014
v 0.224493 -0.206109 -0.395814
v 0.187893 -0.190409 -0.417114
v 0.158093 -0.207609 -0.426314
v 0.164293 -0.195309 -0.428214
v 0.168893 -0.182309 -0.426314
v -0.238107 -0.038709 -0.311814
v -0.231507 -0.026609 -0.310214
v -0.245107 -0.020809 -0.297414
v -0.251807 -0.032809 -0.299014
v -0.223807 -0.044809 -0.324014
v -0.217207 -0.032609 -0.322314
v -0.227307 -0.013409 -0.311814
v -0.241007 -0.007609 -0.299014
v -0.213007 -0.019509 -0.324014
v -0.264907 -0.027209 -0.285414
v -0.254207 -0.002009 -0.285414
v -0.258207 -0.015209 -0.283914
v 0.118993 -0.191009 -0.441514
v 0.124993 -0.178609 -0.443514
v 0.144793 -0.187009 -0.436414
v 0.138793 -0.199409 -0.434414
v 0.098993 -0.182409 -0.447514
v 0.104893 -0.170009 -0.449514
v 0.129793 -0.165709 -0.441514
v 0.149493 -0.174109 -0.434414
v 0.109793 -0.157209 -0.447514
v 0.078793 -0.173809 -0.452414
v 0.084593 -0.161309 -0.454514
v 0.089593 -0.148509 -0.452414
v -0.289307 -0.016909 -0.256214
v -0.282407 -0.004909 -0.254814
v -0.293507 -0.000109 -0.239414
v -0.300407 -0.012109 -0.240614
v -0.277407 -0.021909 -0.271114
v -0.270607 -0.009909 -0.269714
v -0.278507 0.008391 -0.256214
v -0.289707 0.013191 -0.240614
v -0.266707 0.003391 -0.271114
v -0.310907 -0.007709 -0.224514
v -0.300107 0.017591 -0.224514
v -0.303907 0.004291 -0.223314
v 0.037693 -0.156309 -0.459014
v 0.043293 -0.143709 -0.461214
v 0.063993 -0.152609 -0.458414
v 0.058293 -0.165109 -0.456314
v 0.016993 -0.147509 -0.460714
v 0.022493 -0.134909 -0.462814
v 0.048493 -0.131009 -0.459014
v 0.069093 -0.139809 -0.456314
v 0.027793 -0.122209 -0.460714
v -0.003707 -0.138609 -0.461314
v 0.001693 -0.126009 -0.463414
v 0.006993 -0.113309 -0.461314
v -0.329507 0.000291 -0.190714
v -0.322407 0.012191 -0.189714
v -0.330507 0.015691 -0.172214
v -0.337707 0.003791 -0.173114
v -0.320607 -0.003509 -0.207914
v -0.313507 0.008391 -0.206814
v -0.318707 0.025591 -0.190714
v -0.326907 0.028991 -0.173114
v -0.309807 0.021791 -0.207914
v -0.345007 0.006891 -0.155114
v -0.334207 0.032191 -0.155114
v -0.337807 0.018791 -0.154314
v -0.045207 -0.120909 -0.459014
v -0.040007 -0.108209 -0.461214
v -0.019207 -0.117109 -0.462814
v -0.024507 -0.129809 -0.460714
v -0.065807 -0.112209 -0.456314
v -0.060707 -0.099409 -0.458414
v -0.034407 -0.095709 -0.459014
v -0.013707 -0.104509 -0.460714
v -0.055007 -0.086909 -0.456314
v -0.086307 -0.103409 -0.452414
v -0.081307 -0.090609 -0.454514
v -0.075507 -0.078109 -0.452414
v -0.357207 0.012091 -0.118014
v -0.350007 0.023891 -0.117414
v -0.354807 0.025991 -0.098514
v -0.362107 0.014191 -0.099014
v -0.351507 0.009691 -0.136714
v -0.344307 0.021491 -0.136014
v -0.346507 0.037391 -0.118014
v -0.351307 0.039491 -0.099014
v -0.340807 0.034991 -0.136714
v -0.366007 0.015891 -0.079814
v -0.355307 0.041091 -0.079814
v -0.358707 0.027691 -0.079314
v -0.126507 -0.086309 -0.441514
v -0.121707 -0.073409 -0.443514
v -0.101607 -0.081909 -0.449514
v -0.106507 -0.094809 -0.447514
v -0.146207 -0.077909 -0.434414
v -0.141507 -0.064909 -0.436414
v -0.115707 -0.061009 -0.441514
v -0.095707 -0.069509 -0.447514
v -0.135507 -0.052609 -0.434414
v -0.165607 -0.069609 -0.426314
v -0.161007 -0.056609 -0.428214
v -0.154807 -0.044309 -0.426314
v -0.371407 0.018091 -0.040814
v -0.364007 0.029891 -0.040614
v -0.365307 0.030491 -0.021014
v -0.372707 0.018691 -0.021114
v -0.369107 0.017191 -0.060314
v -0.361807 0.028991 -0.060014
v -0.360607 0.043391 -0.040814
v -0.361907 0.043991 -0.021114
v -0.358407 0.042491 -0.060314
v -0.373107 0.018891 -0.001414
v -0.362407 0.044191 -0.001414
v -0.365807 0.030691 -0.001414
v -0.203107 -0.053609 -0.407014
v -0.198707 -0.040609 -0.408814
v -0.180007 -0.048509 -0.419014
v -0.184607 -0.061509 -0.417114
v -0.221207 -0.045909 -0.395814
v -0.216807 -0.032809 -0.397714
v -0.192407 -0.028309 -0.407014
v -0.173807 -0.036209 -0.417114
v -0.210407 -0.020609 -0.395814
v -0.238707 -0.038409 -0.383814
v -0.234407 -0.025309 -0.385514
v -0.228007 -0.013109 -0.383814
v -0.371407 0.018091 0.037886
v -0.364007 0.029891 0.037686
v -0.361807 0.028991 0.057186
v -0.369107 0.017191 0.057486
v -0.372707 0.018691 0.018286
v -0.365307 0.030491 0.018186
v -0.360607 0.043391 0.037886
v -0.358407 0.042491 0.057486
v -0.361907 0.043991 0.018286
v -0.366007 0.015891 0.076886
v -0.355307 0.041091 0.076886
v -0.358707 0.027691 0.076486
v -0.272107 -0.024209 -0.356914
v -0.267907 -0.011009 -0.358514
v -0.251507 -0.018009 -0.372514
v -0.255707 -0.031209 -0.370814
v -0.287807 -0.017509 -0.342114
v -0.283707 -0.004309 -0.343714
v -0.261307 0.001091 -0.356914
v -0.244907 -0.005909 -0.370814
v -0.277007 0.007791 -0.342114
v -0.302807 -0.011109 -0.326614
v -0.298807 0.002091 -0.328114
v -0.292107 0.014191 -0.326614
v -0.357207 0.012091 0.115186
v -0.350007 0.023891 0.114486
v -0.344307 0.021491 0.133086
v -0.351507 0.009691 0.133886
v -0.362107 0.014191 0.096186
v -0.354807 0.025991 0.095586
v -0.346507 0.037391 0.115186
v -0.340807 0.034991 0.133886
v -0.351307 0.039491 0.096186
v -0.345007 0.006891 0.152286
v -0.334207 0.032191 0.152286
v -0.337807 0.018791 0.151386
v -0.330707 0.000791 -0.293114
v -0.326807 0.014091 -0.294514
v -0.313207 0.008291 -0.311714
v -0.317207 -0.005009 -0.310214
v -0.343507 0.006191 -0.275314
v -0.339707 0.019591 -0.276614
v -0.319907 0.026091 -0.293114
v -0.306407 0.020291 -0.310214
v -0.332707 0.031491 -0.275314
v -0.355407 0.011291 -0.256914
v -0.351707 0.024691 -0.258114
v -0.344707 0.036591 -0.256914
v -0.329507 0.000291 0.187886
v -0.322407 0.012191 0.186886
v -0.313507 0.008391 0.203886
v -0.320607 -0.003509 0.204986
v -0.337707 0.003791 0.170286
v -0.330507 0.015691 0.169386
v -0.318707 0.025591 0.187886
v -0.309807 0.021791 0.204986
v -0.326907 0.028991 0.170286
v -0.310907 -0.007709 0.221686
v -0.300107 0.017591 0.221686
v -0.303907 0.004291 0.220486
v 0.032493 -0.154109 0.398186
v 0.037693 -0.141309 0.396086
v 0.055593 -0.149009 0.393686
v 0.050493 -0.161709 0.395786
v 0.014393 -0.146309 0.399686
v 0.019693 -0.133709 0.397486
v 0.043193 -0.128809 0.398186
v 0.061193 -0.136409 0.395786
v 0.025193 -0.121109 0.399686
v 0.068293 -0.169309 0.392386
v 0.079093 -0.144109 0.392386
v 0.073293 -0.156509 0.390386
v -0.376807 0.020391 -0.218214
v -0.373107 0.033791 -0.219214
v -0.362807 0.029391 -0.238914
v -0.366607 0.016091 -0.237814
v -0.386107 0.024391 -0.198014
v -0.382507 0.037791 -0.198914
v -0.366007 0.045691 -0.218214
v -0.355807 0.041391 -0.237814
v -0.375307 0.049691 -0.198014
v -0.394507 0.027991 -0.177414
v -0.391007 0.041391 -0.178214
v -0.383807 0.053291 -0.177414
v -0.289307 -0.016909 0.253286
v -0.282407 -0.004909 0.251986
v -0.270607 -0.009909 0.266786
v -0.277407 -0.021909 0.268286
v -0.300407 -0.012109 0.237786
v -0.293507 -0.000109 0.236486
v -0.278507 0.008391 0.253286
v -0.266707 0.003391 0.268286
v -0.289707 0.013191 0.237786
v -0.264907 -0.027209 0.282486
v -0.254207 -0.002009 0.282486
v -0.258207 -0.015209 0.280986
v 0.103493 -0.184309 0.382886
v 0.108293 -0.171509 0.380786
v 0.125393 -0.178809 0.374686
v 0.120693 -0.191709 0.376686
v 0.085993 -0.176909 0.388086
v 0.090893 -0.164009 0.386086
v 0.114293 -0.159109 0.382886
v 0.131493 -0.166409 0.376686
v 0.096793 -0.151609 0.388086
v 0.137593 -0.198909 0.369586
v 0.148393 -0.173609 0.369586
v 0.142293 -0.185909 0.367586
v -0.408507 0.033991 -0.134914
v -0.405007 0.047391 -0.135514
v -0.398507 0.044591 -0.157114
v -0.402007 0.031191 -0.156314
v -0.414107 0.036291 -0.113214
v -0.410607 0.049791 -0.113714
v -0.397707 0.059291 -0.134914
v -0.391207 0.056491 -0.156314
v -0.403307 0.061591 -0.113214
v -0.418607 0.038291 -0.091114
v -0.415107 0.051691 -0.091514
v -0.407807 0.063591 -0.091114
v -0.238107 -0.038709 0.308986
v -0.231507 -0.026609 0.307386
v -0.217207 -0.032609 0.319386
v -0.223807 -0.044809 0.321086
v -0.251807 -0.032809 0.296086
v -0.245107 -0.020809 0.294486
v -0.227307 -0.013409 0.308986
v -0.213007 -0.019509 0.321086
v -0.241007 -0.007609 0.296086
v -0.209007 -0.051109 0.332486
v -0.198207 -0.025809 0.332486
v -0.202507 -0.038909 0.330686
v 0.170393 -0.212909 0.352686
v 0.174893 -0.199809 0.350886
v 0.190593 -0.206509 0.341186
v 0.186193 -0.219609 0.342986
v 0.154193 -0.206009 0.361586
v 0.158793 -0.193009 0.359686
v 0.181193 -0.187609 0.352686
v 0.196993 -0.194309 0.342986
v 0.164993 -0.180709 0.361586
v 0.201493 -0.226109 0.332486
v 0.212293 -0.200809 0.332486
v 0.205793 -0.213009 0.330686
v -0.424707 0.040891 -0.046514
v -0.421307 0.054291 -0.046714
v -0.418707 0.053291 -0.069214
v -0.422207 0.039791 -0.068914
v -0.426207 0.041491 -0.024014
v -0.422807 0.054991 -0.024114
v -0.413907 0.066191 -0.046514
v -0.411407 0.065091 -0.068914
v -0.415407 0.066791 -0.024014
v -0.426707 0.041691 -0.001414
v -0.423307 0.055191 -0.001414
v -0.416007 0.066991 -0.001414
v -0.177907 -0.064409 0.352686
v -0.171607 -0.052109 0.350886
v -0.155507 -0.059009 0.359686
v -0.161707 -0.071309 0.361586
v -0.193707 -0.057609 0.342986
v -0.187307 -0.045409 0.341186
v -0.167107 -0.039109 0.352686
v -0.150907 -0.046009 0.361586
v -0.182907 -0.032409 0.342986
v -0.145107 -0.078309 0.369586
v -0.134307 -0.053109 0.369586
v -0.139007 -0.066009 0.367586
v 0.230593 -0.238509 0.308986
v 0.234793 -0.225409 0.307386
v 0.248393 -0.231209 0.294486
v 0.244293 -0.244409 0.296086
v 0.216293 -0.232409 0.321086
v 0.220493 -0.219309 0.319386
v 0.241393 -0.213209 0.308986
v 0.255093 -0.219109 0.296086
v 0.227093 -0.207209 0.321086
v 0.257493 -0.250009 0.282486
v 0.268193 -0.224709 0.282486
v 0.261493 -0.236809 0.280986
v -0.424707 0.040891 0.043686
v -0.421307 0.054291 0.043886
v -0.422807 0.054991 0.021186
v -0.426207 0.041491 0.021086
v -0.422207 0.039791 0.066086
v -0.418707 0.053291 0.066386
v -0.413907 0.066191 0.043686
v -0.415407 0.066791 0.021086
v -0.411407 0.065091 0.066086
v -0.111007 -0.092909 0.382886
v -0.105007 -0.080509 0.380786
v -0.087607 -0.087909 0.386086
v -0.093507 -0.100309 0.388086
v -0.128207 -0.085609 0.376686
v -0.122107 -0.073209 0.374686
v -0.100207 -0.067609 0.382886
v -0.082707 -0.075109 0.388086
v -0.117407 -0.060309 0.376686
v 0.281793 -0.260409 0.253286
v 0.285693 -0.247109 0.251986
v 0.296793 -0.251809 0.236486
v 0.292993 -0.265109 0.237786
v 0.269993 -0.255309 0.268286
v 0.273893 -0.242109 0.266786
v 0.292593 -0.235109 0.253286
v 0.303693 -0.239809 0.237786
v 0.280693 -0.230009 0.268286
v -0.505527 -1.847309 0.357986
v -0.575327 -1.847309 0.351086
v -0.642527 -1.847309 0.330686
v -0.704427 -1.847309 0.297586
v -0.758727 -1.847309 0.253086
v -0.803327 -1.847309 0.198786
v -0.836427 -1.847309 0.136886
v -0.856727 -1.847309 0.069686
v -0.863627 -1.847309 -0.000214
v -0.856727 -1.847309 -0.070014
v -0.836427 -1.847309 -0.137214
v -0.803327 -1.847309 -0.199214
v -0.758727 -1.847309 -0.253414
v -0.704427 -1.847309 -0.298014
v -0.642527 -1.847309 -0.331114
v -0.575327 -1.847309 -0.351514
v -0.505527 -1.847309 -0.358314
v -0.435627 -1.847309 -0.351514
v -0.368427 -1.847309 -0.331114
v -0.306527 -1.847309 -0.298014
v -0.252227 -1.847309 -0.253414
v -0.207727 -1.847309 -0.199214
v -0.174627 -1.847309 -0.137214
v -0.154227 -1.847309 -0.070014
v -0.147327 -1.847309 -0.000214
v -0.154227 -1.847309 0.069686
v -0.174627 -1.847309 0.136886
v -0.207727 -1.847309 0.198786
v -0.252227 -1.847309 0.253086
v -0.435627 -1.847309 0.351086
v -0.306527 -1.847309 0.297586
v -0.368427 -1.847309 0.330686
v -0.237727 -1.878209 0.267586
v -0.237727 -1.913009 0.267586
v -0.295127 -1.913009 0.314686
v -0.295127 -1.878209 0.314686
v -0.126827 -1.878209 -0.000214
v -0.134127 -1.878209 -0.074014
v -0.876827 -1.878209 -0.074014
v -0.855327 -1.878209 -0.145114
v -0.155627 -1.878209 -0.145114
v -0.884127 -1.878209 -0.000214
v -0.190627 -1.878209 -0.210514
v -0.876827 -1.878209 0.073686
v -0.237727 -1.878209 -0.267914
v -0.855327 -1.878209 0.144686
v -0.295127 -1.878209 -0.315014
v -0.820327 -1.878209 0.210186
v -0.360627 -1.878209 -0.350014
v -0.505527 -1.878209 0.378486
v -0.431627 -1.878209 0.371186
v -0.773227 -1.878209 0.267586
v -0.431627 -1.878209 -0.371514
v -0.360627 -1.878209 0.349686
v -0.715827 -1.878209 0.314686
v -0.505527 -1.878209 -0.378814
v -0.650427 -1.878209 0.349686
v -0.579327 -1.878209 -0.371514
v -0.579327 -1.878209 0.371186
v -0.650427 -1.878209 -0.350014
v -0.190627 -1.878209 0.210186
v -0.715827 -1.878209 -0.315014
v -0.155627 -1.878209 0.144686
v -0.773227 -1.878209 -0.267914
v -0.134127 -1.878209 0.073686
v -0.820327 -1.878209 -0.210514
v -0.431627 -1.913009 0.371186
v -0.360627 -1.913009 0.349686
v -0.190627 -1.913009 0.210186
v -0.155627 -1.913009 0.144686
v -0.134127 -1.913009 0.073686
v -0.126827 -1.913009 -0.000214
v -0.134127 -1.913009 -0.074014
v -0.155627 -1.913009 -0.145114
v -0.190627 -1.913009 -0.210514
v -0.237727 -1.913009 -0.267914
v -0.295127 -1.913009 -0.315014
v -0.360627 -1.913009 -0.350014
v -0.431627 -1.913009 -0.371514
v -0.505527 -1.913009 -0.378814
v -0.579327 -1.913009 -0.371514
v -0.650427 -1.913009 -0.350014
v -0.715827 -1.913009 -0.315014
v -0.773227 -1.913009 -0.267914
v -0.820327 -1.913009 -0.210514
v -0.855327 -1.913009 -0.145114
v -0.876827 -1.913009 -0.074014
v -0.884127 -1.913009 -0.000214
v -0.876827 -1.913009 0.073686
v -0.855327 -1.913009 0.144686
v -0.820327 -1.913009 0.210186
v -0.773227 -1.913009 0.267586
v -0.715827 -1.913009 0.314686
v -0.650427 -1.913009 0.349686
v -0.579327 -1.913009 0.371186
v -0.505527 -1.913009 0.378486
v -0.504927 -1.911909 0.375486
v -0.578527 -1.911909 0.368286
v -0.649327 -1.911909 0.346786
v -0.714527 -1.911909 0.311886
v -0.771727 -1.911909 0.264986
v -0.818627 -1.911909 0.207786
v -0.853527 -1.911909 0.142586
v -0.875027 -1.911909 0.071786
v -0.882227 -1.911909 -0.001814
v -0.875027 -1.911909 -0.075514
v -0.853527 -1.911909 -0.146314
v -0.818627 -1.911909 -0.211514
v -0.771727 -1.911909 -0.268714
v -0.714527 -1.911909 -0.315614
v -0.649327 -1.911909 -0.350514
v -0.578527 -1.911909 -0.372014
v -0.504927 -1.911909 -0.379214
v -0.431227 -1.911909 -0.372014
v -0.360427 -1.911909 -0.350514
v -0.295227 -1.911909 -0.315614
v -0.238027 -1.911909 -0.268714
v -0.191127 -1.911909 -0.211514
v -0.156227 -1.911909 -0.146314
v -0.134727 -1.911909 -0.075514
v -0.127527 -1.911909 -0.001814
v -0.134727 -1.911909 0.071786
v -0.156227 -1.911909 0.142586
v -0.191127 -1.911909 0.207786
v -0.238027 -1.911909 0.264986
v -0.431227 -1.911909 0.368286
v -0.295227 -1.911909 0.311886
v -0.360427 -1.911909 0.346786
v -0.411827 -2.091109 0.465886
v -0.322427 -2.091109 0.438686
v -0.239927 -2.091109 0.394686
v -0.167727 -2.091109 0.335286
v -0.108427 -2.091109 0.263086
v -0.064327 -2.091109 0.180586
v -0.037227 -2.091109 0.091186
v -0.028027 -2.091109 -0.001814
v -0.037227 -2.091109 -0.094914
v -0.064327 -2.091109 -0.184314
v -0.108427 -2.091109 -0.266814
v -0.167727 -2.091109 -0.339014
v -0.239927 -2.091109 -0.398314
v -0.322427 -2.091109 -0.442414
v -0.411827 -2.091109 -0.469514
v -0.504927 -2.091109 -0.478714
v -0.597927 -2.091109 -0.469514
v -0.687327 -2.091109 -0.442414
v -0.769827 -2.091109 -0.398314
v -0.842027 -2.091109 -0.339014
v -0.901427 -2.091109 -0.266814
v -0.945427 -2.091109 -0.184314
v -0.972627 -2.091109 -0.094914
v -0.981727 -2.091109 -0.001814
v -0.972627 -2.091109 0.091186
v -0.945427 -2.091109 0.180586
v -0.901427 -2.091109 0.263086
v -0.842027 -2.091109 0.335286
v -0.769827 -2.091109 0.394686
v -0.687327 -2.091109 0.438686
v -0.597927 -2.091109 0.465886
v -0.504927 -2.091109 0.474986
v -0.506127 -2.089809 0.477086
v -0.599627 -2.089809 0.467886
v -0.689527 -2.089809 0.440586
v -0.772427 -2.089809 0.396386
v -0.845027 -2.089809 0.336686
v -0.904727 -2.089809 0.264086
v -0.948927 -2.089809 0.181186
v -0.976227 -2.089809 0.091286
v -0.985427 -2.089809 -0.002214
v -0.976227 -2.089809 -0.095714
v -0.948927 -2.089809 -0.185614
v -0.904727 -2.089809 -0.268514
v -0.845027 -2.089809 -0.341214
v -0.772427 -2.089809 -0.400814
v -0.689527 -2.089809 -0.445114
v -0.599627 -2.089809 -0.472314
v -0.506127 -2.089809 -0.481514
v -0.412627 -2.089809 -0.472314
v -0.322727 -2.089809 -0.445114
v -0.239827 -2.089809 -0.400814
v -0.167227 -2.089809 -0.341214
v -0.107527 -2.089809 -0.268514
v -0.063227 -2.089809 -0.185614
v -0.036027 -2.089809 -0.095714
v -0.026827 -2.089809 -0.002214
v -0.036027 -2.089809 0.091286
v -0.063227 -2.089809 0.181186
v -0.107527 -2.089809 0.264086
v -0.167227 -2.089809 0.336686
v -0.412627 -2.089809 0.467886
v -0.239827 -2.089809 0.396386
v -0.322727 -2.089809 0.440586
v -1.011127 -2.111209 0.098186
v -1.011127 -2.212009 0.098186
v -1.021027 -2.212009 -0.002214
v -1.021027 -2.111209 -0.002214
v -0.703127 -2.111209 0.473486
v -0.792127 -2.111209 0.425886
v -0.606527 -2.111209 -0.507214
v -0.506127 -2.111209 -0.517114
v -0.142027 -2.111209 0.361886
v -0.220127 -2.111209 0.425886
v -0.606527 -2.111209 0.502786
v -0.703127 -2.111209 -0.477914
v -0.078027 -2.111209 0.283786
v -0.506127 -2.111209 0.512686
v -0.792127 -2.111209 -0.430314
v -0.030427 -2.111209 0.194786
v -0.870227 -2.111209 -0.366314
v -0.001127 -2.111209 0.098186
v -0.934227 -2.111209 -0.288214
v 0.008773 -2.111209 -0.002214
v -0.981827 -2.111209 -0.199214
v -0.001127 -2.111209 -0.102614
v -1.011127 -2.111209 -0.102614
v -0.030427 -2.111209 -0.199214
v -0.078027 -2.111209 -0.288214
v -0.142027 -2.111209 -0.366314
v -0.981827 -2.111209 0.194786
v -0.220127 -2.111209 -0.430314
v -0.934227 -2.111209 0.283786
v -0.309127 -2.111209 -0.477914
v -0.405727 -2.111209 0.502786
v -0.870227 -2.111209 0.361886
v -0.405727 -2.111209 -0.507214
v -0.309127 -2.111209 0.473486
v -0.405727 -2.212009 0.502786
v -0.309127 -2.212009 0.473486
v -0.220127 -2.212009 0.425886
v -0.142027 -2.212009 0.361886
v -0.078027 -2.212009 0.283786
v -0.030427 -2.212009 0.194786
v -0.001127 -2.212009 0.098186
v 0.008773 -2.212009 -0.002214
v -0.001127 -2.212009 -0.102614
v -0.030427 -2.212009 -0.199214
v -0.078027 -2.212009 -0.288214
v -0.142027 -2.212009 -0.366314
v -0.220127 -2.212009 -0.430314
v -0.309127 -2.212009 -0.477914
v -0.405727 -2.212009 -0.507214
v -0.506127 -2.212009 -0.517114
v -0.606527 -2.212009 -0.507214
v -0.703127 -2.212009 -0.477914
v -0.792127 -2.212009 -0.430314
v -0.870227 -2.212009 -0.366314
v -0.934227 -2.212009 -0.288214
v -0.981827 -2.212009 -0.199214
v -1.011127 -2.212009 -0.102614
v -0.981827 -2.212009 0.194786
v -0.934227 -2.212009 0.283786
v -0.870227 -2.212009 0.361886
v -0.792127 -2.212009 0.425886
v -0.703127 -2.212009 0.473486
v -0.606527 -2.212009 0.502786
v -0.506127 -2.212009 0.512686
v -0.953627 -2.138909 0.257886
v -0.957527 -2.138909 0.259386
v -0.957527 -2.213309 0.259386
v -0.953627 -2.213309 0.257886
v -0.961627 -2.138909 0.260086
v -0.961627 -2.213309 0.260086
v -0.965827 -2.138909 0.259986
v -0.965827 -2.213309 0.259986
v -0.969927 -2.138909 0.258986
v -0.969927 -2.213309 0.258986
v -0.973727 -2.138909 0.257286
v -0.973727 -2.213309 0.257286
v -0.977127 -2.213309 0.254886
v -0.977127 -2.138909 0.254886
v -0.980027 -2.213309 0.251786
v -0.980027 -2.138909 0.251786
v -0.982227 -2.138909 0.248286
v -0.982227 -2.213309 0.248286
v -0.983727 -2.213309 0.244386
v -0.983727 -2.138909 0.244386
v -0.984427 -2.213309 0.240286
v -0.984427 -2.138909 0.240286
v -0.984327 -2.213309 0.236086
v -0.984327 -2.138909 0.236086
v -0.983327 -2.138909 0.231986
v -0.983327 -2.213309 0.231986
v -0.981627 -2.213309 0.228186
v -0.981627 -2.138909 0.228186
v -0.979227 -2.213309 0.224786
v -0.979227 -2.138909 0.224786
v -0.976127 -2.213309 0.221886
v -0.976127 -2.138909 0.221886
v -0.972627 -2.213309 0.219686
v -0.972627 -2.138909 0.219686
v -0.968727 -2.213309 0.218186
v -0.968727 -2.138909 0.218186
v -0.964627 -2.213309 0.217486
v -0.964627 -2.138909 0.217486
v -0.960427 -2.213309 0.217586
v -0.960427 -2.138909 0.217586
v -0.956327 -2.138909 0.218586
v -0.956327 -2.213309 0.218586
v -0.952527 -2.138909 0.220286
v -0.952527 -2.213309 0.220286
v -0.949127 -2.213309 0.222686
v -0.949127 -2.138909 0.222686
v -0.946227 -2.213309 0.225786
v -0.946227 -2.138909 0.225786
v -0.944027 -2.138909 0.229286
v -0.944027 -2.213309 0.229286
v -0.942527 -2.138909 0.233186
v -0.942527 -2.213309 0.233186
v -0.941827 -2.213309 0.237286
v -0.941827 -2.138909 0.237286
v -0.941927 -2.138909 0.241486
v -0.941927 -2.213309 0.241486
v -0.942927 -2.213309 0.245586
v -0.942927 -2.138909 0.245586
v -0.944627 -2.213309 0.249386
v -0.944627 -2.138909 0.249386
v -0.947027 -2.138909 0.252786
v -0.947027 -2.213309 0.252786
v -0.973727 -2.120509 0.244086
v -0.974827 -2.120709 0.241386
v -0.950127 -2.138909 0.255686
v -0.950127 -2.213309 0.255686
v -0.963527 -2.124509 0.252686
v -0.949127 -2.113709 0.245586
v -0.949227 -2.111709 0.243586
v -0.965927 -2.123209 0.251886
v -0.965127 -2.132909 0.224586
v -0.967527 -2.131209 0.224786
v -0.950627 -2.136909 0.241786
v -0.950827 -2.137709 0.238986
v -0.968227 -2.122009 0.250486
v -0.973227 -2.126009 0.228586
v -0.974427 -2.124509 0.230686
v -0.954027 -2.138209 0.231086
v -0.955827 -2.137709 0.228886
v -0.956527 -2.129409 0.252086
v -0.958727 -2.127709 0.252786
v -0.954627 -2.131209 0.250786
v -0.975427 -2.121209 0.238586
v -0.962727 -2.134409 0.224886
v -0.951027 -2.135709 0.244486
v -0.970427 -2.121209 0.248686
v -0.971627 -2.127709 0.226786
v -0.952527 -2.138409 0.233586
v -0.961127 -2.126009 0.253086
v -0.975527 -2.122009 0.235786
v -0.960327 -2.135709 0.225686
v -0.951727 -2.134409 0.246886
v -0.972227 -2.120709 0.246486
v -0.969727 -2.129409 0.225586
v -0.951427 -2.138209 0.236186
v -0.975227 -2.123209 0.233186
v -0.958027 -2.136909 0.227086
v -0.953027 -2.132909 0.248986
v -0.950127 -2.118609 0.248486
v -0.951027 -2.121309 0.249286
v -0.952227 -2.123909 0.249586
v -0.953527 -2.126409 0.249286
v -0.955127 -2.128809 0.248486
v -0.956727 -2.130809 0.247286
v -0.958327 -2.132509 0.245586
v -0.960027 -2.133809 0.243586
v -0.961527 -2.134509 0.241186
v -0.962927 -2.134809 0.238686
v -0.964127 -2.134509 0.236086
v -0.965027 -2.133809 0.233386
v -0.965627 -2.132509 0.230886
v -0.966027 -2.130809 0.228586
v -0.966027 -2.128809 0.226486
v -0.965727 -2.126409 0.224786
v -0.965127 -2.123909 0.223586
v -0.964127 -2.121309 0.222786
v -0.963027 -2.118609 0.222486
v -0.961627 -2.116109 0.222786
v -0.960127 -2.113709 0.223586
v -0.958527 -2.111709 0.224786
v -0.956827 -2.110009 0.226486
v -0.955227 -2.108709 0.228486
v -0.953627 -2.108009 0.230886
v -0.952227 -2.107709 0.233386
v -0.951127 -2.108009 0.236086
v -0.950127 -2.108709 0.238686
v -0.949527 -2.110009 0.241186
v -0.949527 -2.116109 0.247286
v -0.994927 -2.138909 -0.200214
v -0.994927 -2.213309 -0.200214
v -0.992027 -2.213309 -0.197214
v -0.992027 -2.138909 -0.197214
v -0.997227 -2.213309 -0.203714
v -0.997227 -2.138909 -0.203714
v -0.998827 -2.138909 -0.207614
v -0.998827 -2.213309 -0.207614
v -0.999527 -2.213309 -0.211714
v -0.999527 -2.138909 -0.211714
v -0.999527 -2.138909 -0.215914
v -0.999527 -2.213309 -0.215914
v -0.998627 -2.213309 -0.219914
v -0.998627 -2.138909 -0.219914
v -0.997027 -2.213309 -0.223814
v -0.997027 -2.138909 -0.223814
v -0.994627 -2.138909 -0.227214
v -0.994627 -2.213309 -0.227214
v -0.991627 -2.213309 -0.230214
v -0.991627 -2.138909 -0.230214
v -0.988127 -2.138909 -0.232514
v -0.988127 -2.213309 -0.232514
v -0.984227 -2.138909 -0.234014
v -0.984227 -2.213309 -0.234014
v -0.980127 -2.213309 -0.234814
v -0.980127 -2.138909 -0.234814
v -0.975927 -2.138909 -0.234714
v -0.975927 -2.213309 -0.234714
v -0.971827 -2.138909 -0.233914
v -0.971827 -2.213309 -0.233914
v -0.968027 -2.213309 -0.232214
v -0.968027 -2.138909 -0.232214
v -0.964527 -2.138909 -0.229914
v -0.964527 -2.213309 -0.229914
v -0.961627 -2.138909 -0.226914
v -0.961627 -2.213309 -0.226914
v -0.959327 -2.213309 -0.223414
v -0.959327 -2.138909 -0.223414
v -0.957827 -2.213309 -0.219514
v -0.957827 -2.138909 -0.219514
v -0.957027 -2.138909 -0.215414
v -0.957027 -2.213309 -0.215414
v -0.957127 -2.213309 -0.211214
v -0.957127 -2.138909 -0.211214
v -0.957927 -2.138909 -0.207114
v -0.957927 -2.213309 -0.207114
v -0.959627 -2.138909 -0.203314
v -0.959627 -2.213309 -0.203314
v -0.961927 -2.213309 -0.199814
v -0.961927 -2.138909 -0.199814
v -0.964927 -2.213309 -0.196914
v -0.964927 -2.138909 -0.196914
v -0.968427 -2.138909 -0.194614
v -0.968427 -2.213309 -0.194614
v -0.972327 -2.213309 -0.193014
v -0.972327 -2.138909 -0.193014
v -0.976427 -2.138909 -0.192314
v -0.976427 -2.213309 -0.192314
v -0.980627 -2.138909 -0.192314
v -0.980627 -2.213309 -0.192314
v -0.984727 -2.213309 -0.193214
v -0.984727 -2.138909 -0.193214
v -0.985327 -2.120709 -0.223214
v -0.987327 -2.120509 -0.221114
v -0.988527 -2.138909 -0.194814
v -0.988527 -2.213309 -0.194814
v -0.991427 -2.123209 -0.210914
v -0.991227 -2.124509 -0.208314
v -0.978927 -2.113709 -0.198014
v -0.977027 -2.111709 -0.198814
v -0.966027 -2.132909 -0.221114
v -0.967227 -2.131209 -0.223214
v -0.976027 -2.136909 -0.200914
v -0.973527 -2.137709 -0.202214
v -0.991127 -2.122009 -0.213514
v -0.975427 -2.124509 -0.227214
v -0.972927 -2.126009 -0.226914
v -0.966327 -2.137709 -0.210814
v -0.967527 -2.138209 -0.208314
v -0.987827 -2.129409 -0.202214
v -0.989427 -2.127709 -0.203914
v -0.985827 -2.131209 -0.200914
v -0.983027 -2.121209 -0.224914
v -0.965327 -2.134409 -0.218714
v -0.978627 -2.135709 -0.200114
v -0.990327 -2.121209 -0.216214
v -0.970727 -2.127709 -0.226114
v -0.969227 -2.138409 -0.205914
v -0.990527 -2.126009 -0.206014
v -0.980527 -2.122009 -0.226114
v -0.965127 -2.135709 -0.216214
v -0.981127 -2.134409 -0.199914
v -0.989027 -2.120709 -0.218814
v -0.968827 -2.129409 -0.224914
v -0.971227 -2.138209 -0.203914
v -0.977927 -2.123209 -0.226914
v -0.965527 -2.136909 -0.213514
v -0.983627 -2.132909 -0.200214
v -0.983827 -2.123909 -0.199214
v -0.984127 -2.126409 -0.200514
v -0.984027 -2.128809 -0.202314
v -0.983527 -2.130809 -0.204214
v -0.982627 -2.132509 -0.206414
v -0.981427 -2.133809 -0.208714
v -0.979927 -2.134509 -0.211114
v -0.978127 -2.134809 -0.213414
v -0.976127 -2.134509 -0.215514
v -0.974127 -2.133809 -0.217414
v -0.972027 -2.132509 -0.219014
v -0.970027 -2.130809 -0.220314
v -0.968227 -2.128809 -0.221114
v -0.966527 -2.126409 -0.221514
v -0.965127 -2.123909 -0.221414
v -0.964027 -2.121309 -0.220914
v -0.963327 -2.118609 -0.219914
v -0.963027 -2.116109 -0.218614
v -0.963127 -2.113709 -0.216914
v -0.963627 -2.111709 -0.214914
v -0.964527 -2.110009 -0.212714
v -0.965727 -2.108709 -0.210414
v -0.967227 -2.108009 -0.208014
v -0.969027 -2.107709 -0.205714
v -0.970927 -2.108009 -0.203614
v -0.973027 -2.108709 -0.201714
v -0.975027 -2.110009 -0.200114
v -0.980627 -2.116109 -0.197614
v -0.983027 -2.121309 -0.198214
v -0.982027 -2.118609 -0.197714
v -1.026627 -2.138909 0.038086
v -1.026627 -2.213309 0.038086
v -1.022427 -2.213309 0.038286
v -1.022427 -2.138909 0.038286
v -1.030627 -2.213309 0.036986
v -1.030627 -2.138909 0.036986
v -1.034427 -2.138909 0.035186
v -1.034427 -2.213309 0.035186
v -1.037727 -2.138909 0.032586
v -1.037727 -2.213309 0.032586
v -1.040527 -2.213309 0.029486
v -1.040527 -2.138909 0.029486
v -1.042627 -2.138909 0.025886
v -1.042627 -2.213309 0.025886
v -1.044027 -2.138909 0.021886
v -1.044027 -2.213309 0.021886
v -1.044527 -2.213309 0.017786
v -1.044527 -2.138909 0.017786
v -1.044327 -2.138909 0.013586
v -1.044327 -2.213309 0.013586
v -1.043227 -2.138909 0.009586
v -1.043227 -2.213309 0.009586
v -1.041427 -2.213309 0.005786
v -1.041427 -2.138909 0.005786
v -1.038827 -2.138909 0.002486
v -1.038827 -2.213309 0.002486
v -1.035727 -2.138909 -0.000314
v -1.035727 -2.213309 -0.000314
v -1.032127 -2.213309 -0.002414
v -1.032127 -2.138909 -0.002414
v -1.028127 -2.213309 -0.003814
v -1.028127 -2.138909 -0.003814
v -1.024027 -2.138909 -0.004314
v -1.024027 -2.213309 -0.004314
v -1.019827 -2.213309 -0.004114
v -1.019827 -2.138909 -0.004114
v -1.015827 -2.213309 -0.003014
v -1.015827 -2.138909 -0.003014
v -1.012027 -2.138909 -0.001214
v -1.012027 -2.213309 -0.001214
v -1.008727 -2.213309 0.001286
v -1.008727 -2.138909 0.001286
v -1.005927 -2.138909 0.004486
v -1.005927 -2.213309 0.004486
v -1.003827 -2.138909 0.008086
v -1.003827 -2.213309 0.008086
v -1.002427 -2.213309 0.011986
v -1.002427 -2.138909 0.011986
v -1.001927 -2.213309 0.016186
v -1.001927 -2.138909 0.016186
v -1.002127 -2.138909 0.020386
v -1.002127 -2.213309 0.020386
v -1.003227 -2.213309 0.024386
v -1.003227 -2.138909 0.024386
v -1.005027 -2.138909 0.028186
v -1.005027 -2.213309 0.028186
v -1.007527 -2.138909 0.031486
v -1.007527 -2.213309 0.031486
v -1.010727 -2.213309 0.034286
v -1.010727 -2.138909 0.034286
v -1.014327 -2.138909 0.036386
v -1.014327 -2.213309 0.036386
v -1.035027 -2.120509 0.017386
v -1.034927 -2.120709 0.014486
v -1.018227 -2.138909 0.037686
v -1.018227 -2.213309 0.037686
v -1.029327 -2.124509 0.029486
v -1.013327 -2.113709 0.028886
v -1.012427 -2.111709 0.026986
v -1.031127 -2.123209 0.027786
v -1.019227 -2.132909 0.003186
v -1.021427 -2.131209 0.002386
v -1.013127 -2.136909 0.024786
v -1.012127 -2.137709 0.022186
v -1.032727 -2.122009 0.025586
v -1.030227 -2.124509 0.004886
v -1.028227 -2.126009 0.003486
v -1.012527 -2.137709 0.010886
v -1.011727 -2.138209 0.013686
v -1.024927 -2.127709 0.031586
v -1.022627 -2.129409 0.031786
v -1.020327 -2.131209 0.031386
v -1.034327 -2.121209 0.011686
v -1.017127 -2.134409 0.004386
v -1.014427 -2.135709 0.027086
v -1.033927 -2.121209 0.023086
v -1.026027 -2.127709 0.002586
v -1.011427 -2.138409 0.016486
v -1.027227 -2.126009 0.030786
v -1.033327 -2.122009 0.009086
v -1.015227 -2.135709 0.006186
v -1.016227 -2.134409 0.028986
v -1.034727 -2.120709 0.020286
v -1.023827 -2.129409 0.002186
v -1.011527 -2.138209 0.019386
v -1.031927 -2.123209 0.006786
v -1.013727 -2.136909 0.008386
v -1.018227 -2.132909 0.030486
v -1.015327 -2.118609 0.031186
v -1.016527 -2.121309 0.031486
v -1.017627 -2.123909 0.031286
v -1.018827 -2.126409 0.030486
v -1.019927 -2.128809 0.029186
v -1.020827 -2.130809 0.027386
v -1.021627 -2.132509 0.025086
v -1.022327 -2.133809 0.022586
v -1.022727 -2.134509 0.019886
v -1.023027 -2.134809 0.016986
v -1.023027 -2.134509 0.014086
v -1.022727 -2.133809 0.011286
v -1.022327 -2.132509 0.008686
v -1.021627 -2.130809 0.006486
v -1.020827 -2.128809 0.004586
v -1.019827 -2.126409 0.003186
v -1.018727 -2.123909 0.002286
v -1.017627 -2.121309 0.001986
v -1.016427 -2.118609 0.002186
v -1.015327 -2.116109 0.002986
v -1.014227 -2.113709 0.004286
v -1.013227 -2.111709 0.006086
v -1.012427 -2.110009 0.008386
v -1.011827 -2.108709 0.010886
v -1.011327 -2.108009 0.013586
v -1.011127 -2.107709 0.016486
v -1.011127 -2.108009 0.019386
v -1.011327 -2.108709 0.022186
v -1.011827 -2.110009 0.024786
v -1.014227 -2.116109 0.030286
vn -0.3934 -0.9194 -0.0000
vn -0.3933 -0.9194 -0.0000
vn -0.3933 -0.9194 -0.0001
vn -0.3933 -0.9194 0.0002
vn -0.3934 -0.9193 0.0002
vn -0.3933 -0.9194 0.0001
vn -0.3930 -0.9195 -0.0000
vn -0.3931 -0.9195 0.0002
vn -0.3934 -0.9194 -0.0001
vn -0.3934 -0.9194 0.0001
vn -0.3934 -0.9194 0.0003
vn -0.3712 0.9260 0.0696
vn -0.3710 0.9260 0.0698
vn -0.3711 0.9260 0.0696
vn -0.3714 0.9259 0.0693
vn -0.4334 0.1853 0.8820
vn -0.4334 0.1852 0.8820
vn -0.4334 0.1854 0.8819
vn -0.0901 0.0385 -0.9952
vn -0.0901 0.0386 -0.9952
vn 0.7107 -0.3039 -0.6344
vn -0.2667 0.1142 0.9570
vn -0.2668 0.1142 0.9570
vn -0.2671 0.1142 0.9569
vn -0.2671 0.1142 -0.9569
vn -0.2667 0.1141 -0.9570
vn -0.2670 0.1142 -0.9569
vn -0.2670 0.1141 -0.9569
vn 0.5835 -0.2497 -0.7728
vn 0.5833 -0.2495 -0.7730
vn 0.5832 -0.2494 -0.7730
vn -0.0901 0.0385 0.9952
vn -0.4336 0.1854 -0.8818
vn -0.4337 0.1854 -0.8818
vn -0.4335 0.1854 -0.8819
vn 0.4334 -0.1854 -0.8819
vn 0.4335 -0.1854 -0.8819
vn 0.0901 -0.0385 0.9952
vn -0.5835 0.2495 -0.7729
vn -0.5835 0.2495 -0.7728
vn -0.5834 0.2495 -0.7729
vn 0.2669 -0.1142 -0.9569
vn 0.2669 -0.1141 -0.9570
vn 0.2670 -0.1143 -0.9569
vn 0.2669 -0.1142 0.9569
vn 0.2668 -0.1142 0.9570
vn 0.2670 -0.1142 0.9569
vn -0.7106 0.3041 -0.6345
vn -0.7107 0.3041 -0.6344
vn -0.7104 0.3042 -0.6347
vn -0.7105 0.3040 -0.6346
vn 0.0901 -0.0385 -0.9952
vn 0.4335 -0.1854 0.8819
vn 0.4334 -0.1853 0.8819
vn 0.4334 -0.1854 0.8819
vn -0.8106 0.3471 -0.4716
vn -0.8109 0.3469 -0.4713
vn -0.8108 0.3470 -0.4713
vn -0.8111 0.3468 -0.4710
vn 0.5832 -0.2495 0.7731
vn 0.5832 -0.2494 0.7731
vn 0.5833 -0.2495 0.7730
vn 0.5832 -0.2495 0.7730
vn -0.8799 0.3763 -0.2902
vn 0.7108 -0.3041 0.6343
vn 0.7109 -0.3041 0.6342
vn 0.7106 -0.3041 0.6344
vn -0.9150 0.3915 -0.0978
vn -0.9150 0.3914 -0.0978
vn -0.9150 0.3914 -0.0979
vn -0.9150 0.3914 -0.0980
vn 0.8108 -0.3469 0.4714
vn 0.8108 -0.3469 0.4715
vn 0.8106 -0.3466 0.4719
vn -0.9150 0.3913 0.0981
vn -0.9150 0.3914 0.0980
vn -0.9150 0.3915 0.0980
vn -0.9150 0.3914 0.0978
vn 0.8798 -0.3764 0.2902
vn 0.8798 -0.3764 0.2903
vn -0.8799 0.3763 0.2902
vn 0.9149 -0.3916 0.0980
vn 0.9150 -0.3914 0.0978
vn 0.9149 -0.3916 0.0975
vn 0.9150 -0.3914 0.0980
vn -0.8108 0.3470 0.4713
vn -0.8108 0.3469 0.4715
vn -0.8106 0.3471 0.4716
vn -0.8111 0.3468 0.4710
vn 0.9150 -0.3913 -0.0981
vn 0.9149 -0.3915 -0.0978
vn 0.9150 -0.3914 -0.0981
vn 0.9150 -0.3913 -0.0986
vn -0.7105 0.3042 0.6345
vn -0.7108 0.3041 0.6342
vn -0.7106 0.3042 0.6344
vn -0.7105 0.3044 0.6345
vn 0.8798 -0.3764 -0.2904
vn 0.8798 -0.3765 -0.2903
vn -0.5832 0.2494 0.7731
vn 0.8108 -0.3469 -0.4713
vn 0.8108 -0.3469 -0.4715
vn 0.8108 -0.3468 -0.4715
vn 0.8109 -0.3470 -0.4712
vn -0.7199 -0.5999 0.3491
vn -0.7196 -0.6002 0.3491
vn -0.7198 -0.6002 0.3487
vn -0.7196 -0.6004 0.3489
vn 0.9011 0.3816 0.2061
vn 0.9011 0.3817 0.2056
vn 0.9012 0.3816 0.2057
vn 0.9013 0.3813 0.2055
vn -0.3463 0.9153 0.2059
vn -0.3463 0.9153 0.2060
vn -0.3463 0.9153 0.2058
vn -0.3463 0.9153 0.2055
vn 0.9261 0.3709 0.0695
vn 0.9261 0.3709 0.0693
vn 0.9261 0.3709 0.0694
vn 0.9261 0.3709 0.0696
vn -0.2975 0.8942 0.3344
vn -0.2975 0.8943 0.3343
vn -0.2974 0.8943 0.3344
vn 0.9261 0.3709 -0.0692
vn 0.9261 0.3709 -0.0693
vn -0.2261 0.8641 0.4497
vn -0.2264 0.8640 0.4497
vn -0.2266 0.8640 0.4497
vn 0.9009 0.3819 -0.2062
vn 0.9011 0.3817 -0.2058
vn 0.9011 0.3815 -0.2059
vn 0.9011 0.3815 -0.2060
vn -0.1359 0.8254 0.5480
vn -0.1361 0.8253 0.5480
vn 0.8522 0.4026 -0.3341
vn 0.8525 0.4022 -0.3340
vn 0.8521 0.4028 -0.3342
vn 0.8519 0.4031 -0.3343
vn -0.0297 0.7800 0.6251
vn -0.0299 0.7799 0.6252
vn -0.0297 0.7800 0.6250
vn 0.2135 0.6758 -0.7055
vn 0.7813 0.4329 -0.4496
vn 0.7813 0.4329 -0.4497
vn 0.7813 0.4331 -0.4495
vn 0.0882 0.7293 0.6785
vn 0.0882 0.7294 0.6784
vn 0.0881 0.7293 -0.6784
vn 0.0882 0.7294 -0.6784
vn 0.6909 0.4716 -0.5480
vn 0.6909 0.4715 -0.5480
vn 0.6911 0.4714 -0.5479
vn 0.2135 0.6758 0.7055
vn 0.2132 0.6757 0.7057
vn 0.2133 0.6758 0.7056
vn -0.0299 0.7798 -0.6253
vn -0.0300 0.7797 -0.6254
vn -0.0299 0.7799 -0.6252
vn -0.0298 0.7799 -0.6252
vn 0.5847 0.5167 -0.6254
vn 0.5845 0.5167 -0.6256
vn 0.5846 0.5168 -0.6254
vn 0.5847 0.5170 -0.6252
vn 0.3414 0.6212 0.7054
vn 0.3412 0.6210 0.7056
vn 0.3413 0.6211 0.7055
vn 0.3417 0.6213 0.7051
vn -0.1361 0.8253 -0.5480
vn -0.1361 0.8254 -0.5479
vn -0.1361 0.8254 -0.5480
vn -0.1361 0.8252 -0.5482
vn 0.4665 0.5677 -0.6783
vn 0.4664 0.5678 -0.6782
vn 0.4666 0.5676 -0.6784
vn 0.4664 0.5676 0.6785
vn 0.4666 0.5675 0.6784
vn 0.4667 0.5674 0.6784
vn 0.4667 0.5677 0.6782
vn -0.2263 0.8641 -0.4496
vn -0.2264 0.8640 -0.4497
vn -0.2260 0.8642 -0.4495
vn 0.3412 0.6212 -0.7055
vn 0.3413 0.6211 -0.7055
vn 0.5847 0.5171 0.6251
vn 0.5847 0.5170 0.6251
vn 0.5845 0.5172 0.6252
vn 0.5846 0.5170 0.6252
vn -0.2970 0.8944 -0.3345
vn -0.2969 0.8944 -0.3344
vn -0.2974 0.8944 -0.3342
vn 0.6909 0.4715 0.5480
vn 0.6909 0.4716 0.5480
vn -0.3463 0.9152 -0.2059
vn -0.3463 0.9153 -0.2058
vn -0.3463 0.9153 -0.2059
vn -0.3463 0.9152 -0.2060
vn 0.7813 0.4329 0.4497
vn 0.7813 0.4328 0.4497
vn -0.3711 0.9260 -0.0696
vn -0.3708 0.9261 -0.0698
vn -0.3710 0.9260 -0.0699
vn -0.3712 0.9259 -0.0695
vn 0.8523 0.4025 0.3341
vn 0.8524 0.4025 0.3339
vn 0.8523 0.4025 0.3340
vn 0.8522 0.4025 0.3342
vn -0.2670 0.1142 0.9569
vn -0.2669 0.1142 0.9569
vn -0.2668 0.1141 0.9570
vn 0.1559 -0.9748 -0.1595
vn 0.1561 -0.9747 -0.1597
vn 0.1558 -0.9748 -0.1596
vn 0.1555 -0.9750 -0.1589
vn -0.6494 -0.6304 0.4254
vn 0.1177 -0.9586 -0.2594
vn -0.5669 -0.6657 0.4853
vn -0.5670 -0.6657 0.4852
vn -0.3780 -0.7465 -0.5476
vn -0.3782 -0.7464 -0.5476
vn -0.3780 -0.7464 -0.5478
vn -0.3780 -0.7465 -0.5475
vn 0.0627 -0.9350 -0.3492
vn 0.0627 -0.9350 -0.3491
vn 0.0626 -0.9350 -0.3492
vn -0.4753 -0.7048 0.5266
vn -0.4753 -0.7049 0.5266
vn -0.4753 -0.7049 0.5265
vn -0.4752 -0.7049 -0.5266
vn -0.4753 -0.7049 -0.5266
vn -0.4752 -0.7048 -0.5266
vn -0.4752 -0.7048 -0.5267
vn -0.0075 -0.9050 -0.4254
vn -0.3780 -0.7464 0.5477
vn -0.3780 -0.7465 0.5476
vn -0.3780 -0.7465 0.5475
vn -0.5669 -0.6657 -0.4852
vn -0.5669 -0.6657 -0.4853
vn -0.5669 -0.6658 -0.4852
vn -0.0899 -0.8697 -0.4853
vn -0.0898 -0.8697 -0.4853
vn -0.0900 -0.8697 -0.4853
vn -0.0900 -0.8697 -0.4854
vn -0.2790 -0.7887 0.5478
vn -0.2789 -0.7887 0.5478
vn -0.2792 -0.7888 0.5476
vn -0.2789 -0.7889 0.5476
vn -0.6494 -0.6304 -0.4254
vn -0.6494 -0.6304 -0.4253
vn -0.1816 -0.8305 -0.5266
vn -0.1816 -0.8305 0.5265
vn -0.1816 -0.8305 0.5266
vn -0.7197 -0.6003 -0.3489
vn -0.7195 -0.6005 -0.3488
vn -0.7196 -0.6003 -0.3490
vn -0.7196 -0.6003 -0.3491
vn -0.2789 -0.7889 -0.5476
vn -0.0898 -0.8697 0.4853
vn -0.0899 -0.8697 0.4853
vn -0.0900 -0.8697 0.4853
vn -0.7746 -0.5769 -0.2593
vn -0.7746 -0.5768 -0.2594
vn -0.7746 -0.5770 -0.2590
vn -0.0077 -0.9050 0.4254
vn -0.0076 -0.9049 0.4255
vn -0.0071 -0.9049 0.4256
vn -0.0075 -0.9050 0.4254
vn -0.8125 -0.5606 -0.1598
vn -0.8129 -0.5601 -0.1597
vn -0.8125 -0.5606 -0.1597
vn -0.8125 -0.5607 -0.1597
vn 0.0626 -0.9350 0.3491
vn 0.0626 -0.9350 0.3492
vn -0.8319 -0.5524 -0.0539
vn -0.8318 -0.5525 -0.0539
vn -0.8319 -0.5523 -0.0539
vn -0.8319 -0.5523 -0.0540
vn 0.1177 -0.9586 0.2594
vn -0.8320 -0.5522 0.0540
vn -0.8320 -0.5521 0.0541
vn -0.8319 -0.5522 0.0540
vn -0.8319 -0.5523 0.0539
vn 0.1556 -0.9749 0.1595
vn 0.1555 -0.9749 0.1596
vn 0.1556 -0.9748 0.1597
vn 0.1556 -0.9748 0.1598
vn -0.8124 -0.5608 0.1597
vn -0.8124 -0.5608 0.1596
vn -0.8125 -0.5607 0.1597
vn -0.8125 -0.5606 0.1599
vn 0.1749 -0.9831 0.0541
vn 0.1751 -0.9831 0.0540
vn 0.1748 -0.9831 0.0541
vn 0.1748 -0.9831 0.0540
vn -0.7743 -0.5773 0.2592
vn -0.7744 -0.5771 0.2594
vn -0.7745 -0.5769 0.2594
vn -0.7746 -0.5768 0.2594
vn 0.1749 -0.9831 -0.0539
vn 0.1745 -0.9832 -0.0540
vn 0.1749 -0.9831 -0.0540
vn 0.1750 -0.9831 -0.0539
vn 0.4672 0.5718 0.6743
vn 0.4672 0.5719 0.6743
vn 0.4672 0.5720 0.6742
vn 0.4673 0.5718 0.6743
vn -0.2670 0.1143 -0.9569
vn 0.5835 -0.2495 -0.7729
vn 0.5832 -0.2495 -0.7731
vn 0.5837 -0.2495 -0.7727
vn -0.0903 0.0386 0.9952
vn -0.0903 0.0387 0.9952
vn -0.0900 0.0386 0.9952
vn -0.4334 0.1854 -0.8820
vn -0.4333 0.1854 -0.8820
vn 0.0900 -0.0386 0.9952
vn 0.0904 -0.0387 0.9952
vn 0.0903 -0.0387 0.9952
vn -0.5832 0.2495 -0.7730
vn -0.5833 0.2495 -0.7730
vn 0.2668 -0.1142 -0.9570
vn 0.2671 -0.1143 0.9569
vn -0.7107 0.3044 -0.6342
vn -0.7107 0.3040 -0.6345
vn 0.0900 -0.0386 -0.9952
vn 0.0901 -0.0386 -0.9952
vn 0.0904 -0.0387 -0.9952
vn 0.0903 -0.0387 -0.9952
vn -0.8108 0.3471 -0.4714
vn -0.8108 0.3468 -0.4715
vn -0.8108 0.3469 -0.4715
vn -0.8108 0.3473 -0.4711
vn 0.5836 -0.2495 0.7728
vn -0.8799 0.3763 -0.2900
vn -0.8799 0.3764 -0.2901
vn 0.7108 -0.3041 0.6342
vn -0.9150 0.3914 -0.0981
vn -0.9149 0.3915 -0.0979
vn 0.8109 -0.3468 0.4714
vn 0.8107 -0.3469 0.4716
vn -0.9150 0.3912 0.0984
vn -0.9150 0.3914 0.0981
vn 0.8798 -0.3763 0.2905
vn -0.8799 0.3763 0.2900
vn -0.8800 0.3763 0.2897
vn -0.8799 0.3764 0.2902
vn -0.8798 0.3764 0.2902
vn 0.9150 -0.3915 0.0978
vn 0.9150 -0.3914 0.0981
vn 0.9150 -0.3912 0.0984
vn -0.8108 0.3471 0.4714
vn -0.8108 0.3473 0.4711
vn -0.8108 0.3468 0.4715
vn 0.9150 -0.3914 -0.0979
vn 0.9150 -0.3914 -0.0980
vn 0.9149 -0.3915 -0.0982
vn -0.7107 0.3044 0.6342
vn -0.7107 0.3041 0.6344
vn 0.8799 -0.3764 -0.2901
vn 0.8800 -0.3763 -0.2897
vn 0.8797 -0.3765 -0.2905
vn 0.8798 -0.3764 -0.2903
vn -0.5832 0.2495 0.7731
vn -0.5832 0.2495 0.7730
vn -0.5830 0.2494 0.7733
vn 0.8107 -0.3469 -0.4717
vn 0.8108 -0.3469 -0.4714
vn 0.8109 -0.3469 -0.4713
vn -0.4335 0.1854 0.8819
vn -0.0903 0.0386 -0.9952
vn -0.0903 0.0387 -0.9952
vn 0.7108 -0.3041 -0.6342
vn 0.2939 -0.8224 0.4871
vn 0.2939 -0.8223 0.4872
vn 0.2939 -0.8226 0.4868
vn 0.2940 -0.8225 0.4868
vn -0.2216 0.8667 -0.4469
vn -0.2219 0.8668 -0.4466
vn -0.2215 0.8667 -0.4470
vn 0.3426 0.6252 -0.7013
vn 0.3426 0.6252 -0.7012
vn 0.3425 0.6252 -0.7013
vn 0.5845 0.5217 0.6214
vn 0.5844 0.5217 0.6215
vn 0.5846 0.5217 0.6214
vn -0.2922 0.8969 -0.3320
vn -0.2923 0.8969 -0.3320
vn 0.6900 0.4767 0.5447
vn 0.6899 0.4766 0.5448
vn 0.6900 0.4768 0.5446
vn 0.6901 0.4765 0.5447
vn -0.3410 0.9176 -0.2043
vn -0.3412 0.9174 -0.2046
vn -0.3411 0.9175 -0.2047
vn -0.3409 0.9176 -0.2046
vn 0.7799 0.4378 0.4473
vn 0.7799 0.4380 0.4471
vn 0.7800 0.4378 0.4472
vn 0.7800 0.4380 0.4469
vn -0.3657 0.9282 -0.0691
vn -0.3654 0.9283 -0.0689
vn -0.3655 0.9282 -0.0691
vn -0.3657 0.9281 -0.0692
vn 0.8506 0.4078 0.3321
vn 0.8506 0.4077 0.3322
vn 0.8503 0.4079 0.3325
vn 0.8505 0.4079 0.3322
vn -0.3657 0.9282 0.0692
vn -0.3657 0.9282 0.0691
vn -0.3654 0.9283 0.0690
vn -0.3655 0.9282 0.0691
vn 0.8991 0.3871 0.2046
vn 0.8990 0.3871 0.2046
vn -0.3408 0.9177 0.2043
vn -0.3412 0.9174 0.2049
vn -0.3409 0.9176 0.2045
vn -0.3408 0.9177 0.2044
vn 0.9238 0.3766 0.0691
vn 0.9239 0.3765 0.0689
vn 0.9238 0.3767 0.0691
vn 0.9237 0.3769 0.0692
vn -0.2920 0.8969 0.3320
vn -0.2918 0.8971 0.3318
vn -0.2921 0.8969 0.3321
vn -0.2920 0.8970 0.3320
vn 0.9238 0.3765 -0.0691
vn 0.9238 0.3766 -0.0692
vn 0.9238 0.3766 -0.0691
vn 0.9238 0.3767 -0.0691
vn -0.2217 0.8666 0.4470
vn 0.8991 0.3871 -0.2046
vn 0.8991 0.3870 -0.2046
vn 0.8991 0.3870 -0.2047
vn -0.1319 0.8282 0.5447
vn -0.1318 0.8282 0.5447
vn 0.8504 0.4080 -0.3321
vn 0.8504 0.4080 -0.3322
vn 0.8504 0.4079 -0.3322
vn 0.8504 0.4079 -0.3323
vn -0.0262 0.7830 0.6215
vn 0.2156 0.6794 -0.7014
vn 0.2156 0.6795 -0.7013
vn 0.2155 0.6793 -0.7015
vn 0.2153 0.6792 -0.7017
vn 0.7799 0.4381 -0.4470
vn 0.7799 0.4383 -0.4469
vn 0.0915 0.7327 0.6744
vn 0.0917 0.7327 0.6743
vn 0.0914 0.7326 0.6745
vn 0.0910 0.7328 -0.6744
vn 0.0907 0.7330 -0.6742
vn 0.0909 0.7327 -0.6745
vn 0.0910 0.7327 -0.6744
vn 0.6901 0.4764 -0.5448
vn 0.6901 0.4765 -0.5448
vn 0.6901 0.4765 -0.5447
vn 0.6901 0.4763 -0.5449
vn 0.2157 0.6795 0.7013
vn 0.2156 0.6795 0.7013
vn 0.2155 0.6795 0.7013
vn -0.0264 0.7829 -0.6215
vn -0.0264 0.7830 -0.6215
vn -0.0263 0.7830 -0.6214
vn -0.0263 0.7830 -0.6215
vn 0.5847 0.5217 -0.6213
vn 0.5845 0.5219 -0.6213
vn 0.5845 0.5217 -0.6215
vn 0.3423 0.6252 0.7014
vn 0.3426 0.6250 0.7015
vn 0.3425 0.6251 0.7014
vn 0.3426 0.6252 0.7013
vn -0.1319 0.8282 -0.5447
vn -0.1319 0.8282 -0.5446
vn 0.4674 0.5716 -0.6744
vn 0.4671 0.5719 -0.6743
vn 0.4672 0.5718 -0.6743
vn 0.9150 -0.3915 0.0980
vn 0.9148 -0.3918 0.0979
vn 0.9149 -0.3916 0.0978
vn -0.9546 -0.2881 -0.0754
vn -0.9546 -0.2881 -0.0753
vn -0.9546 -0.2881 -0.0752
vn -0.9546 -0.2880 -0.0755
vn 0.3706 -0.8554 0.3618
vn 0.3705 -0.8555 0.3619
vn 0.3707 -0.8554 0.3618
vn -0.9546 -0.2882 0.0753
vn -0.9546 -0.2882 0.0754
vn -0.9546 -0.2881 0.0752
vn 0.4236 -0.8780 0.2231
vn 0.4239 -0.8779 0.2229
vn 0.4236 -0.8780 0.2230
vn 0.4237 -0.8779 0.2230
vn -0.9276 -0.2999 0.2227
vn -0.9276 -0.2997 0.2229
vn 0.4508 -0.8894 0.0753
vn 0.4509 -0.8894 0.0753
vn 0.4510 -0.8893 0.0758
vn -0.8747 -0.3222 0.3619
vn -0.8746 -0.3224 0.3620
vn -0.8748 -0.3222 0.3619
vn -0.8749 -0.3220 0.3618
vn 0.4510 -0.8893 -0.0758
vn 0.4506 -0.8895 -0.0753
vn 0.4507 -0.8895 -0.0753
vn 0.4509 -0.8894 -0.0754
vn -0.7977 -0.3552 0.4874
vn -0.7977 -0.3553 0.4872
vn -0.7976 -0.3551 0.4876
vn 0.4238 -0.8779 -0.2229
vn 0.4237 -0.8779 -0.2229
vn 0.4238 -0.8779 -0.2230
vn -0.6999 -0.3971 0.5936
vn -0.6999 -0.3971 0.5937
vn 0.3710 -0.8551 -0.3620
vn 0.3705 -0.8554 -0.3619
vn 0.3710 -0.8552 -0.3620
vn 0.3710 -0.8552 -0.3619
vn -0.5848 -0.4463 0.6773
vn -0.5848 -0.4464 0.6773
vn -0.5848 -0.4463 0.6774
vn -0.3210 -0.5593 -0.7643
vn -0.3211 -0.5592 -0.7643
vn -0.3211 -0.5593 -0.7643
vn -0.3212 -0.5594 -0.7642
vn 0.2939 -0.8223 -0.4873
vn 0.2939 -0.8223 -0.4872
vn 0.2941 -0.8223 -0.4871
vn 0.2940 -0.8223 -0.4872
vn -0.4570 -0.5010 0.7350
vn -0.4572 -0.5011 0.7348
vn -0.4568 -0.5009 0.7352
vn -0.4569 -0.5011 -0.7350
vn -0.4569 -0.5010 -0.7350
vn 0.1961 -0.7804 -0.5937
vn 0.1961 -0.7804 -0.5938
vn -0.3212 -0.5594 0.7642
vn -0.5848 -0.4464 -0.6773
vn -0.5850 -0.4464 -0.6771
vn 0.0810 -0.7313 -0.6773
vn 0.0806 -0.7316 -0.6770
vn 0.0809 -0.7312 -0.6773
vn 0.0810 -0.7311 -0.6774
vn -0.1827 -0.6184 0.7644
vn -0.1827 -0.6184 0.7643
vn -0.6998 -0.3970 -0.5938
vn -0.7000 -0.3968 -0.5938
vn -0.6998 -0.3971 -0.5938
vn -0.6997 -0.3974 -0.5938
vn -0.0469 -0.6763 -0.7351
vn -0.0469 -0.6764 -0.7350
vn -0.0468 -0.6764 -0.7350
vn -0.0467 -0.6769 -0.7346
vn -0.0471 -0.6765 0.7349
vn -0.0468 -0.6765 0.7350
vn -0.0477 -0.6766 0.7349
vn -0.7977 -0.3551 -0.4873
vn -0.7976 -0.3550 -0.4876
vn -0.7978 -0.3550 -0.4874
vn -0.7978 -0.3550 -0.4873
vn -0.1827 -0.6185 -0.7643
vn -0.1827 -0.6184 -0.7643
vn -0.1828 -0.6185 -0.7642
vn 0.0810 -0.7313 0.6773
vn 0.0809 -0.7313 0.6772
vn 0.0809 -0.7313 0.6773
vn 0.0810 -0.7312 0.6773
vn -0.8745 -0.3224 -0.3624
vn -0.8746 -0.3224 -0.3621
vn -0.8746 -0.3223 -0.3623
vn 0.1962 -0.7804 0.5937
vn 0.1961 -0.7804 0.5937
vn -0.9276 -0.2997 -0.2228
vn -0.9277 -0.2997 -0.2226
vn -0.9276 -0.2998 -0.2226
vn -0.9276 -0.3000 -0.2226
vn 0.8745 0.3110 -0.3723
vn 0.8744 0.3110 -0.3723
vn -0.8105 0.3471 0.4719
vn -0.8107 0.3470 0.4716
vn -0.8107 0.3470 0.4715
vn 0.9150 -0.3915 -0.0980
vn -0.7106 0.3040 0.6345
vn 0.8798 -0.3763 -0.2904
vn 0.8798 -0.3765 -0.2902
vn -0.5834 0.2495 0.7729
vn -0.5835 0.2496 0.7728
vn -0.5833 0.2495 0.7730
vn 0.8107 -0.3470 -0.4716
vn 0.8107 -0.3469 -0.4715
vn -0.4332 0.1853 0.8821
vn -0.4337 0.1856 0.8818
vn -0.0902 0.0386 -0.9952
vn 0.7107 -0.3041 -0.6344
vn -0.2669 0.1141 0.9569
vn -0.2669 0.1141 0.9570
vn -0.2671 0.1144 0.9569
vn -0.2669 0.1141 -0.9569
vn -0.2668 0.1140 -0.9570
vn -0.2669 0.1141 -0.9570
vn -0.2669 0.1142 -0.9569
vn 0.5830 -0.2494 -0.7732
vn 0.5834 -0.2495 -0.7729
vn -0.0902 0.0386 0.9952
vn -0.4332 0.1853 -0.8821
vn -0.4334 0.1854 -0.8819
vn -0.4335 0.1855 -0.8818
vn 0.4332 -0.1853 -0.8821
vn 0.0901 -0.0386 0.9952
vn 0.0906 -0.0387 0.9951
vn 0.0902 -0.0386 0.9952
vn -0.5830 0.2494 -0.7732
vn 0.2671 -0.1143 -0.9569
vn 0.2668 -0.1141 -0.9570
vn 0.2672 -0.1145 0.9568
vn 0.2673 -0.1145 0.9568
vn 0.2672 -0.1144 0.9568
vn 0.2673 -0.1146 0.9568
vn -0.7108 0.3041 -0.6342
vn -0.7111 0.3042 -0.6339
vn 0.4332 -0.1853 0.8821
vn -0.8106 0.3472 -0.4715
vn -0.8107 0.3468 -0.4718
vn -0.8108 0.3469 -0.4714
vn 0.5834 -0.2495 0.7729
vn -0.8798 0.3764 -0.2903
vn -0.8798 0.3763 -0.2905
vn -0.8798 0.3763 -0.2904
vn -0.8798 0.3765 -0.2901
vn 0.7106 -0.3040 0.6345
vn -0.9149 0.3914 -0.0985
vn 0.8109 -0.3469 0.4713
vn -0.9150 0.3914 0.0982
vn -0.9150 0.3914 0.0983
vn 0.8798 -0.3763 0.2904
vn -0.8798 0.3765 0.2902
vn -0.8796 0.3769 0.2904
vn -0.8797 0.3767 0.2901
vn -0.8798 0.3764 0.2903
vn 0.2982 -0.9368 0.1830
vn 0.2983 -0.9367 0.1835
vn 0.2983 -0.9368 0.1830
vn 0.2983 -0.9368 0.1828
vn 0.0225 0.8395 0.5429
vn 0.2114 0.7087 -0.6731
vn 0.2115 0.7087 -0.6731
vn 0.2117 0.7089 -0.6728
vn 0.7921 0.3575 -0.4948
vn 0.1083 0.7781 0.6187
vn 0.1085 0.7781 0.6187
vn 0.1084 0.7781 0.6187
vn 0.1083 0.7782 -0.6186
vn 0.1085 0.7781 -0.6187
vn 0.1084 0.7782 -0.6186
vn 0.6898 0.4161 -0.5925
vn 0.2115 0.7087 0.6731
vn 0.2115 0.7086 0.6731
vn 0.0224 0.8395 -0.5429
vn 0.0225 0.8395 -0.5429
vn 0.5737 0.4840 -0.6608
vn 0.3274 0.6340 0.7006
vn -0.0443 0.8907 -0.4525
vn -0.0445 0.8906 -0.4525
vn 0.4505 0.5579 -0.6970
vn 0.4505 0.5579 0.6970
vn -0.0930 0.9306 -0.3539
vn -0.0930 0.9307 -0.3539
vn 0.3274 0.6340 -0.7006
vn 0.5737 0.4840 0.6608
vn -0.1251 0.9596 -0.2521
vn -0.1251 0.9596 -0.2522
vn 0.6898 0.4161 0.5925
vn -0.1441 0.9781 -0.1505
vn -0.1440 0.9781 -0.1505
vn 0.7921 0.3575 0.4948
vn -0.1526 0.9870 -0.0499
vn -0.1526 0.9870 -0.0500
vn -0.1526 0.9870 -0.0501
vn 0.8745 0.3110 0.3723
vn 0.8744 0.3110 0.3723
vn -0.1528 0.9870 0.0497
vn -0.1526 0.9870 0.0500
vn -0.1524 0.9871 0.0500
vn 0.9321 0.2789 0.2311
vn 0.9321 0.2788 0.2312
vn 0.9321 0.2788 0.2313
vn -0.1440 0.9781 0.1505
vn 0.9618 0.2623 0.0783
vn 0.9618 0.2623 0.0784
vn 0.9617 0.2624 0.0787
vn 0.9618 0.2625 0.0782
vn -0.1251 0.9596 0.2522
vn 0.9618 0.2623 -0.0784
vn 0.9618 0.2622 -0.0782
vn 0.9618 0.2624 -0.0784
vn -0.0930 0.9306 0.3539
vn -0.0931 0.9306 0.3540
vn 0.9321 0.2788 -0.2312
vn -0.0446 0.8907 0.4525
vn -0.0445 0.8906 0.4525
vn 0.8986 -0.3290 -0.2903
vn -0.8334 -0.5217 0.1825
vn -0.8332 -0.5219 0.1828
vn -0.8331 -0.5220 0.1828
vn 0.3210 -0.9451 0.0617
vn 0.3211 -0.9450 0.0617
vn -0.7888 -0.5382 0.2969
vn -0.7888 -0.5381 0.2969
vn 0.3210 -0.9451 -0.0617
vn -0.7245 -0.5617 0.3996
vn -0.7245 -0.5616 0.3997
vn -0.7244 -0.5618 0.3995
vn 0.2983 -0.9368 -0.1830
vn 0.2982 -0.9369 -0.1827
vn 0.2980 -0.9368 -0.1831
vn 0.2983 -0.9367 -0.1835
vn -0.6425 -0.5918 0.4868
vn -0.6424 -0.5919 0.4868
vn 0.2542 -0.9205 -0.2966
vn 0.2542 -0.9205 -0.2967
vn 0.2541 -0.9205 -0.2967
vn -0.5461 -0.6272 0.5553
vn -0.3254 -0.7082 -0.6266
vn -0.3255 -0.7082 -0.6265
vn -0.3253 -0.7081 -0.6267
vn 0.1897 -0.8969 -0.3995
vn 0.1897 -0.8968 -0.3996
vn -0.4390 -0.6665 0.6026
vn -0.4389 -0.6664 0.6027
vn -0.4390 -0.6664 0.6026
vn -0.4389 -0.6667 -0.6023
vn -0.4389 -0.6668 -0.6023
vn -0.4390 -0.6667 -0.6023
vn -0.4390 -0.6666 -0.6024
vn 0.1072 -0.8669 -0.4868
vn 0.1076 -0.8669 -0.4868
vn 0.1073 -0.8669 -0.4868
vn 0.1074 -0.8669 -0.4868
vn -0.3254 -0.7080 0.6268
vn -0.3254 -0.7081 0.6267
vn -0.3253 -0.7080 0.6269
vn -0.5460 -0.6271 -0.5555
vn -0.5463 -0.6270 -0.5554
vn -0.5460 -0.6272 -0.5555
vn -0.5461 -0.6272 -0.5553
vn 0.0115 -0.8316 -0.5552
vn 0.0114 -0.8313 -0.5557
vn 0.0114 -0.8315 -0.5554
vn 0.0113 -0.8316 -0.5553
vn -0.2093 -0.7506 0.6268
vn -0.2095 -0.7506 0.6267
vn -0.2092 -0.7505 0.6269
vn -0.6425 -0.5918 -0.4868
vn -0.6424 -0.5916 -0.4872
vn -0.6425 -0.5918 -0.4869
vn -0.6424 -0.5919 -0.4867
vn -0.0957 -0.7923 -0.6026
vn -0.0961 -0.7924 -0.6024
vn -0.0958 -0.7923 -0.6026
vn -0.0958 -0.7923 0.6026
vn -0.0959 -0.7922 0.6026
vn -0.7245 -0.5617 -0.3995
vn -0.7244 -0.5618 -0.3995
vn -0.2093 -0.7507 -0.6265
vn -0.2095 -0.7508 -0.6264
vn -0.2094 -0.7507 -0.6265
vn -0.2096 -0.7505 -0.6267
vn 0.0109 -0.8317 0.5551
vn 0.0112 -0.8316 0.5552
vn 0.0110 -0.8317 0.5551
vn -0.7889 -0.5381 -0.2969
vn -0.7888 -0.5383 -0.2967
vn -0.7888 -0.5382 -0.2968
vn 0.1077 -0.8669 0.4868
vn 0.1078 -0.8668 0.4868
vn -0.8332 -0.5218 -0.1828
vn -0.8333 -0.5218 -0.1827
vn -0.8335 -0.5215 -0.1826
vn 0.1898 -0.8967 0.3999
vn 0.1895 -0.8967 0.4000
vn 0.1899 -0.8968 0.3997
vn -0.8558 -0.5137 -0.0617
vn -0.8557 -0.5137 -0.0621
vn -0.8557 -0.5137 -0.0618
vn -0.8556 -0.5139 -0.0618
vn 0.2541 -0.9206 0.2967
vn 0.2542 -0.9206 0.2965
vn 0.2541 -0.9206 0.2966
vn 0.2542 -0.9206 0.2966
vn -0.8557 -0.5138 0.0618
vn -0.8557 -0.5137 0.0618
vn 0.6722 0.4089 -0.6172
vn 0.6723 0.4089 -0.6172
vn -0.5957 0.2184 0.7730
vn -0.5957 0.2184 0.7729
vn -0.5956 0.2184 0.7730
vn 0.8281 -0.3034 -0.4714
vn 0.8282 -0.3031 -0.4714
vn 0.8281 -0.3032 -0.4716
vn 0.8280 -0.3037 -0.4713
vn -0.4426 0.1622 0.8819
vn -0.4422 0.1623 0.8821
vn -0.4427 0.1622 0.8819
vn -0.4428 0.1621 0.8818
vn -0.0920 0.0337 -0.9952
vn -0.0919 0.0337 -0.9952
vn 0.7258 -0.2661 -0.6344
vn 0.7258 -0.2660 -0.6343
vn 0.7257 -0.2661 -0.6344
vn -0.2725 0.0999 0.9570
vn -0.2723 0.0999 0.9570
vn -0.2727 0.0999 0.9569
vn -0.2727 0.1000 -0.9569
vn -0.2726 0.0999 -0.9569
vn 0.5957 -0.2184 -0.7729
vn 0.5956 -0.2184 -0.7730
vn 0.5957 -0.2184 -0.7730
vn 0.5959 -0.2183 -0.7728
vn -0.0922 0.0338 0.9952
vn -0.4424 0.1621 -0.8820
vn -0.4427 0.1624 -0.8818
vn -0.4426 0.1623 -0.8819
vn -0.4423 0.1620 -0.8821
vn 0.4427 -0.1622 -0.8819
vn 0.4428 -0.1621 -0.8818
vn 0.4425 -0.1622 -0.8820
vn 0.4424 -0.1622 -0.8820
vn 0.0922 -0.0338 0.9952
vn 0.0920 -0.0337 0.9952
vn 0.0923 -0.0338 0.9952
vn -0.5955 0.2181 -0.7732
vn -0.5955 0.2181 -0.7731
vn 0.2729 -0.0999 -0.9568
vn 0.2726 -0.0999 -0.9569
vn 0.2724 -0.0998 0.9570
vn 0.2725 -0.0999 0.9569
vn 0.2722 -0.0997 0.9571
vn -0.7261 0.2659 -0.6341
vn -0.7259 0.2660 -0.6343
vn 0.0920 -0.0337 -0.9952
vn 0.0919 -0.0337 -0.9952
vn 0.0921 -0.0337 -0.9952
vn 0.4425 -0.1622 0.8820
vn 0.4428 -0.1621 0.8818
vn 0.4427 -0.1622 0.8819
vn 0.4424 -0.1622 0.8820
vn -0.8280 0.3037 -0.4714
vn -0.8280 0.3036 -0.4714
vn 0.5958 -0.2185 0.7729
vn 0.5956 -0.2184 0.7730
vn 0.5957 -0.2184 0.7729
vn 0.5958 -0.2185 0.7728
vn -0.8987 0.3291 -0.2899
vn 0.7258 -0.2658 0.6344
vn 0.7258 -0.2661 0.6344
vn 0.7260 -0.2662 0.6341
vn 0.7259 -0.2661 0.6343
vn -0.9344 0.3425 -0.0981
vn -0.9344 0.3425 -0.0980
vn -0.9343 0.3426 -0.0983
vn 0.8280 -0.3036 0.4714
vn 0.8280 -0.3037 0.4714
vn -0.9344 0.3425 0.0981
vn -0.9344 0.3425 0.0982
vn -0.9343 0.3426 0.0982
vn -0.9343 0.3428 0.0978
vn 0.8986 -0.3290 0.2903
vn 0.8985 -0.3294 0.2903
vn -0.8987 0.3291 0.2899
vn -0.8985 0.3293 0.2902
vn 0.9344 -0.3425 0.0980
vn 0.9344 -0.3426 0.0978
vn 0.9344 -0.3424 0.0983
vn -0.8280 0.3036 0.4714
vn -0.8280 0.3038 0.4713
vn 0.9344 -0.3425 -0.0981
vn 0.9344 -0.3426 -0.0979
vn 0.9344 -0.3425 -0.0982
vn 0.9344 -0.3424 -0.0983
vn -0.7256 0.2657 0.6348
vn -0.1506 -0.7276 -0.6692
vn -0.1505 -0.7276 -0.6693
vn -0.1505 -0.7277 -0.6692
vn 0.1561 0.6844 0.7122
vn -0.0545 0.8122 -0.5808
vn -0.0545 0.8123 -0.5807
vn 0.5483 0.4720 -0.6904
vn 0.5482 0.4720 -0.6904
vn 0.2828 0.6131 0.7377
vn -0.1313 0.8637 -0.4866
vn -0.1312 0.8637 -0.4867
vn -0.1312 0.8636 -0.4867
vn 0.4159 0.5411 -0.7309
vn 0.4159 0.5411 0.7309
vn -0.1880 0.9046 -0.3826
vn -0.1880 0.9046 -0.3827
vn -0.1881 0.9047 -0.3823
vn 0.2828 0.6131 -0.7377
vn 0.2828 0.6131 -0.7376
vn 0.5482 0.4720 0.6904
vn -0.2264 0.9348 -0.2737
vn -0.2266 0.9347 -0.2739
vn -0.2267 0.9346 -0.2740
vn 0.6721 0.4089 0.6173
vn 0.6722 0.4089 0.6172
vn 0.6722 0.4089 0.6173
vn -0.2499 0.9543 -0.1639
vn -0.2499 0.9543 -0.1640
vn 0.7807 0.3549 0.5143
vn -0.2606 0.9639 -0.0547
vn -0.2606 0.9639 -0.0546
vn 0.8679 0.3122 0.3864
vn -0.2605 0.9639 0.0550
vn -0.2606 0.9639 0.0546
vn 0.9288 0.2828 0.2396
vn -0.2499 0.9543 0.1640
vn -0.2499 0.9543 0.1638
vn 0.9601 0.2675 0.0814
vn 0.9601 0.2677 0.0812
vn -0.2266 0.9347 0.2740
vn -0.2266 0.9347 0.2739
vn -0.2267 0.9346 0.2740
vn 0.9601 0.2674 -0.0815
vn 0.9601 0.2677 -0.0812
vn 0.9601 0.2676 -0.0813
vn 0.9601 0.2675 -0.0812
vn -0.1877 0.9047 0.3824
vn -0.1880 0.9045 0.3827
vn -0.1878 0.9046 0.3827
vn -0.1880 0.9046 0.3827
vn 0.9288 0.2828 -0.2396
vn -0.1313 0.8636 0.4867
vn 0.8679 0.3122 -0.3864
vn 0.8679 0.3122 -0.3863
vn -0.0545 0.8123 0.5807
vn -0.0541 0.8124 0.5806
vn 0.1561 0.6844 -0.7122
vn 0.7807 0.3549 -0.5143
vn 0.0422 0.7518 0.6580
vn 0.0421 0.7518 0.6580
vn 0.0421 0.7518 -0.6580
vn 0.0423 0.7518 -0.6580
vn 0.8443 -0.2545 0.4715
vn 0.8441 -0.2545 0.4719
vn 0.8444 -0.2544 0.4715
vn 0.8444 -0.2545 0.4714
vn 0.0900 -0.8001 0.5931
vn -0.7813 -0.5376 -0.3170
vn -0.7814 -0.5375 -0.3170
vn -0.7814 -0.5376 -0.3170
vn 0.1947 -0.8318 0.5199
vn 0.1945 -0.8318 0.5199
vn 0.1947 -0.8317 0.5199
vn 0.1949 -0.8317 0.5199
vn -0.8297 -0.5229 -0.1951
vn -0.8298 -0.5229 -0.1951
vn -0.8298 -0.5229 -0.1952
vn -0.8297 -0.5229 -0.1952
vn 0.2842 -0.8586 0.4266
vn 0.2842 -0.8587 0.4265
vn 0.2841 -0.8587 0.4265
vn -0.8544 -0.5154 -0.0662
vn -0.8544 -0.5153 -0.0666
vn -0.8545 -0.5151 -0.0665
vn 0.3543 -0.8797 0.3170
vn 0.3545 -0.8797 0.3170
vn 0.3544 -0.8797 0.3170
vn 0.3542 -0.8798 0.3169
vn -0.8544 -0.5155 0.0659
vn -0.8544 -0.5154 0.0663
vn -0.8544 -0.5154 0.0659
vn 0.4025 -0.8943 0.1952
vn 0.4026 -0.8943 0.1952
vn 0.4025 -0.8944 0.1952
vn -0.8297 -0.5229 0.1953
vn -0.8297 -0.5230 0.1952
vn -0.8296 -0.5231 0.1953
vn 0.4273 -0.9017 0.0658
vn 0.4272 -0.9017 0.0659
vn 0.4272 -0.9018 0.0658
vn -0.7813 -0.5376 0.3170
vn -0.7811 -0.5377 0.3172
vn -0.7814 -0.5375 0.3171
vn -0.7814 -0.5374 0.3170
vn 0.4273 -0.9017 -0.0659
vn 0.4266 -0.9021 -0.0658
vn 0.4271 -0.9018 -0.0659
vn 0.4272 -0.9017 -0.0660
vn -0.7113 -0.5587 0.4265
vn -0.7112 -0.5590 0.4263
vn -0.7113 -0.5586 0.4266
vn 0.4024 -0.8944 -0.1952
vn -0.6222 -0.5853 0.5199
vn -0.6223 -0.5852 0.5199
vn -0.6222 -0.5854 0.5198
vn -0.6221 -0.5855 0.5198
vn 0.3543 -0.8798 -0.3170
vn 0.3541 -0.8798 -0.3170
vn 0.3545 -0.8797 -0.3170
vn -0.5170 -0.6171 0.5932
vn -0.5171 -0.6171 0.5931
vn -0.5170 -0.6173 0.5930
vn -0.5167 -0.6170 0.5935
vn -0.2766 -0.6896 -0.6693
vn -0.2765 -0.6896 -0.6693
vn -0.2764 -0.6897 -0.6692
vn 0.2843 -0.8587 -0.4265
vn 0.2843 -0.8586 -0.4266
vn 0.2842 -0.8586 -0.4266
vn -0.4004 -0.6523 0.6435
vn -0.4006 -0.6524 0.6434
vn -0.4002 -0.6522 0.6438
vn -0.4005 -0.6523 0.6436
vn -0.4006 -0.6524 -0.6434
vn -0.4005 -0.6524 -0.6434
vn -0.4005 -0.6522 -0.6435
vn -0.4007 -0.6522 -0.6435
vn 0.1948 -0.8317 -0.5200
vn 0.1947 -0.8316 -0.5201
vn 0.1948 -0.8316 -0.5201
vn 0.1949 -0.8317 -0.5199
vn -0.2768 -0.6897 0.6691
vn -0.2771 -0.6898 0.6689
vn -0.2766 -0.6895 0.6694
vn -0.5170 -0.6174 -0.5929
vn -0.5171 -0.6172 -0.5931
vn -0.5171 -0.6173 -0.5929
vn -0.5175 -0.6168 -0.5930
vn 0.0902 -0.8003 -0.5928
vn 0.0902 -0.8002 -0.5929
vn 0.0900 -0.8001 -0.5931
vn 0.0901 -0.8002 -0.5929
vn -0.1507 -0.7278 0.6691
vn -0.1505 -0.7275 0.6694
vn -0.1505 -0.7276 0.6693
vn -0.6223 -0.5852 -0.5198
vn -0.6222 -0.5853 -0.5198
vn -0.6221 -0.5854 -0.5199
vn -0.0269 -0.7650 -0.6435
vn -0.0267 -0.7649 -0.6436
vn -0.0269 -0.7650 -0.6434
vn -0.0271 -0.7651 -0.6433
vn -0.0268 -0.7650 0.6435
vn -0.0271 -0.7651 0.6434
vn -0.0267 -0.7649 0.6436
vn -0.7114 -0.5586 -0.4264
vn -0.7113 -0.5586 -0.4267
vn -0.7113 -0.5586 -0.4266
vn -0.7115 -0.5585 -0.4264
vn 0.9107 0.4059 -0.0766
vn 0.9107 0.4059 -0.0767
vn -0.9529 0.2871 0.0980
vn -0.9528 0.2872 0.0983
vn -0.9528 0.2872 0.0981
vn -0.9529 0.2870 0.0983
vn 0.9163 -0.2761 0.2902
vn 0.9162 -0.2761 0.2904
vn -0.9162 0.2761 0.2903
vn -0.9161 0.2762 0.2907
vn -0.9162 0.2760 0.2903
vn -0.9162 0.2761 0.2904
vn 0.9528 -0.2872 0.0980
vn 0.9529 -0.2873 0.0975
vn 0.9528 -0.2872 0.0979
vn 0.9528 -0.2872 0.0982
vn -0.8442 0.2546 0.4717
vn -0.8441 0.2547 0.4719
vn -0.8441 0.2547 0.4718
vn -0.8443 0.2546 0.4716
vn 0.9528 -0.2873 -0.0977
vn -0.7398 0.2232 0.6347
vn -0.7401 0.2231 0.6344
vn -0.7398 0.2231 0.6348
vn 0.9162 -0.2761 -0.2903
vn 0.9163 -0.2761 -0.2901
vn 0.9162 -0.2761 -0.2904
vn 0.9161 -0.2762 -0.2907
vn -0.6075 0.1832 0.7729
vn 0.8444 -0.2544 -0.4715
vn 0.8444 -0.2545 -0.4714
vn 0.8443 -0.2546 -0.4715
vn 0.8444 -0.2545 -0.4715
vn -0.4515 0.1361 0.8818
vn -0.4514 0.1361 0.8819
vn -0.0938 0.0283 -0.9952
vn -0.0939 0.0283 -0.9952
vn -0.0936 0.0282 -0.9952
vn 0.7401 -0.2230 -0.6344
vn 0.7401 -0.2231 -0.6344
vn -0.2779 0.0838 0.9570
vn -0.2778 0.0838 0.9570
vn -0.2781 0.0838 0.9569
vn -0.2782 0.0839 -0.9569
vn 0.6074 -0.1831 -0.7730
vn 0.6075 -0.1832 -0.7729
vn 0.6073 -0.1829 -0.7731
vn -0.0937 0.0283 0.9952
vn -0.4520 0.1363 -0.8816
vn -0.4516 0.1361 -0.8818
vn -0.4515 0.1361 -0.8818
vn 0.4514 -0.1360 -0.8819
vn 0.4513 -0.1360 -0.8820
vn 0.4515 -0.1360 -0.8819
vn 0.0937 -0.0283 0.9952
vn 0.0939 -0.0283 0.9952
vn -0.6075 0.1832 -0.7729
vn 0.2780 -0.0838 -0.9569
vn 0.2776 -0.0838 -0.9570
vn 0.2779 -0.0838 -0.9570
vn 0.2781 -0.0838 -0.9569
vn 0.2779 -0.0838 0.9569
vn 0.2778 -0.0838 0.9570
vn -0.7401 0.2232 -0.6344
vn -0.7399 0.2233 -0.6346
vn -0.7398 0.2232 -0.6347
vn -0.7400 0.2231 -0.6346
vn 0.0937 -0.0283 -0.9952
vn 0.0938 -0.0283 -0.9952
vn 0.0937 -0.0282 -0.9952
vn 0.0936 -0.0283 -0.9952
vn 0.4514 -0.1361 0.8819
vn 0.4516 -0.1362 0.8818
vn 0.4515 -0.1361 0.8818
vn -0.8444 0.2544 -0.4714
vn -0.8443 0.2545 -0.4716
vn -0.8444 0.2545 -0.4714
vn 0.6074 -0.1829 0.7731
vn 0.6076 -0.1827 0.7729
vn 0.6074 -0.1828 0.7731
vn 0.6069 -0.1830 0.7735
vn -0.9163 0.2758 -0.2903
vn -0.9162 0.2761 -0.2904
vn -0.9163 0.2761 -0.2903
vn -0.9162 0.2760 -0.2904
vn 0.7401 -0.2232 0.6344
vn 0.7401 -0.2229 0.6345
vn 0.7401 -0.2230 0.6344
vn -0.9528 0.2872 -0.0980
vn -0.9529 0.2871 -0.0981
vn -0.2085 -0.6081 -0.7660
vn -0.2085 -0.6080 -0.7660
vn -0.2084 -0.6081 -0.7660
vn -0.2083 -0.6081 -0.7660
vn -0.0542 0.9682 0.2441
vn 0.8789 0.4202 -0.2255
vn 0.8790 0.4202 -0.2255
vn -0.0372 0.9418 0.3342
vn -0.0372 0.9417 0.3343
vn 0.8175 0.4482 -0.3617
vn 0.0003 0.9039 0.4277
vn 0.0003 0.9040 0.4275
vn 0.1490 0.7969 -0.5854
vn 0.7300 0.4889 -0.4776
vn 0.0626 0.8552 0.5145
vn 0.0625 0.8552 0.5145
vn 0.0625 0.8552 -0.5145
vn 0.0625 0.8552 -0.5146
vn 0.6223 0.5404 -0.5663
vn 0.1490 0.7969 0.5854
vn 0.1491 0.7969 0.5854
vn 0.0005 0.9040 -0.4275
vn 0.0003 0.9040 -0.4275
vn 0.5016 0.6003 -0.6229
vn 0.2561 0.7324 0.6309
vn -0.0372 0.9417 -0.3343
vn 0.3765 0.6655 -0.6444
vn 0.3765 0.6655 0.6444
vn 0.3765 0.6655 0.6445
vn -0.0542 0.9682 -0.2441
vn 0.2561 0.7324 -0.6309
vn 0.5016 0.6003 0.6229
vn -0.0569 0.9850 -0.1626
vn -0.0571 0.9850 -0.1627
vn -0.0567 0.9850 -0.1628
vn 0.6223 0.5404 0.5663
vn -0.0535 0.9943 -0.0920
vn 0.7300 0.4889 0.4776
vn -0.0499 0.9983 -0.0296
vn -0.0499 0.9983 -0.0295
vn 0.8175 0.4482 0.3617
vn -0.0499 0.9983 0.0295
vn -0.0499 0.9983 0.0296
vn 0.8790 0.4202 0.2255
vn -0.0533 0.9943 0.0921
vn -0.0535 0.9943 0.0920
vn 0.9107 0.4059 0.0765
vn 0.9107 0.4059 0.0766
vn -0.0572 0.9850 0.1628
vn -0.0571 0.9850 0.1627
vn -0.0572 0.9850 0.1629
vn -0.6201 0.1337 -0.7731
vn -0.6202 0.1337 -0.7730
vn 0.4468 -0.7496 -0.4883
vn 0.4471 -0.7494 -0.4883
vn 0.4470 -0.7495 -0.4883
vn 0.4470 -0.7493 -0.4886
vn -0.3531 -0.5771 0.7364
vn -0.3527 -0.5769 0.7368
vn -0.3530 -0.5770 0.7365
vn -0.3535 -0.5773 0.7361
vn -0.3531 -0.5770 -0.7365
vn -0.3530 -0.5770 -0.7366
vn -0.3530 -0.5771 -0.7364
vn -0.3530 -0.5769 -0.7366
vn 0.3426 -0.7272 -0.5949
vn 0.3428 -0.7270 -0.5950
vn 0.3427 -0.7271 -0.5949
vn 0.3430 -0.7270 -0.5949
vn -0.2083 -0.6082 0.7660
vn -0.2081 -0.6082 0.7660
vn -0.2079 -0.6081 0.7661
vn -0.2083 -0.6081 0.7660
vn -0.4888 -0.5480 -0.6788
vn -0.4889 -0.5480 -0.6788
vn 0.2196 -0.7006 -0.6789
vn 0.2201 -0.7005 -0.6788
vn 0.2201 -0.7005 -0.6789
vn -0.0609 -0.6400 0.7660
vn -0.0608 -0.6399 0.7660
vn -0.0606 -0.6398 0.7661
vn -0.6119 -0.5215 -0.5946
vn -0.6119 -0.5211 -0.5950
vn -0.6119 -0.5212 -0.5949
vn -0.6119 -0.5212 -0.5950
vn 0.0837 -0.6712 -0.7366
vn 0.0835 -0.6711 -0.7367
vn 0.0837 -0.6713 -0.7364
vn 0.0839 -0.6714 -0.7363
vn 0.0838 -0.6714 0.7364
vn 0.0838 -0.6712 0.7366
vn 0.0837 -0.6714 0.7364
vn 0.0842 -0.6712 0.7365
vn -0.7160 -0.4985 -0.4887
vn -0.7161 -0.4986 -0.4884
vn -0.7161 -0.4986 -0.4885
vn -0.7162 -0.4986 -0.4883
vn -0.0608 -0.6399 -0.7660
vn -0.0607 -0.6400 -0.7660
vn -0.0607 -0.6399 -0.7660
vn 0.2200 -0.7005 0.6789
vn 0.2202 -0.7005 0.6789
vn 0.2201 -0.7005 0.6788
vn -0.7981 -0.4810 -0.3628
vn -0.7979 -0.4811 -0.3632
vn -0.7981 -0.4811 -0.3628
vn 0.3426 -0.7271 0.5949
vn 0.3425 -0.7268 0.5954
vn 0.3427 -0.7269 0.5952
vn 0.3428 -0.7271 0.5948
vn -0.8546 -0.4689 -0.2232
vn -0.8545 -0.4690 -0.2234
vn -0.8545 -0.4690 -0.2232
vn -0.8547 -0.4688 -0.2231
vn 0.4471 -0.7496 0.4882
vn 0.4472 -0.7494 0.4883
vn 0.4473 -0.7495 0.4881
vn 0.4470 -0.7495 0.4883
vn -0.8832 -0.4629 -0.0751
vn -0.8833 -0.4627 -0.0754
vn -0.8833 -0.4626 -0.0755
vn -0.8833 -0.4626 -0.0754
vn 0.5291 -0.7671 0.3628
vn 0.5290 -0.7672 0.3628
vn -0.8833 -0.4628 0.0751
vn -0.8833 -0.4627 0.0753
vn -0.8834 -0.4625 0.0756
vn 0.5855 -0.7792 0.2236
vn 0.5855 -0.7793 0.2236
vn 0.5855 -0.7793 0.2234
vn -0.8545 -0.4689 0.2233
vn -0.8545 -0.4689 0.2235
vn -0.8545 -0.4690 0.2233
vn -0.8546 -0.4688 0.2234
vn 0.6142 -0.7855 0.0757
vn 0.6141 -0.7856 0.0758
vn 0.6142 -0.7855 0.0758
vn 0.6145 -0.7853 0.0754
vn -0.7981 -0.4809 0.3629
vn -0.7980 -0.4810 0.3630
vn -0.7981 -0.4810 0.3629
vn -0.7981 -0.4811 0.3628
vn 0.6141 -0.7856 -0.0753
vn 0.6143 -0.7855 -0.0752
vn 0.6142 -0.7856 -0.0756
vn 0.6140 -0.7857 -0.0755
vn -0.7162 -0.4985 0.4884
vn -0.7163 -0.4986 0.4882
vn -0.7162 -0.4985 0.4883
vn -0.7162 -0.4986 0.4883
vn 0.5855 -0.7792 -0.2236
vn 0.5855 -0.7793 -0.2234
vn 0.5855 -0.7793 -0.2235
vn 0.5855 -0.7793 -0.2236
vn -0.6119 -0.5215 0.5946
vn -0.6119 -0.5211 0.5950
vn 0.5290 -0.7671 -0.3628
vn 0.5291 -0.7671 -0.3628
vn -0.4888 -0.5480 0.6788
vn -0.4889 -0.5480 0.6788
vn -0.0213 0.9977 -0.0644
vn -0.0211 0.9977 -0.0645
vn 0.2838 -0.0612 -0.9569
vn 0.2837 -0.0612 -0.9570
vn 0.2838 -0.0612 0.9569
vn -0.7555 0.1630 -0.6345
vn -0.7556 0.1629 -0.6345
vn -0.7555 0.1630 -0.6346
vn -0.7554 0.1631 -0.6346
vn 0.0958 -0.0207 -0.9952
vn 0.4609 -0.0996 0.8818
vn 0.4608 -0.0993 0.8819
vn -0.8622 0.1859 -0.4713
vn -0.8620 0.1854 -0.4717
vn -0.8622 0.1857 -0.4714
vn -0.8621 0.1859 -0.4714
vn 0.6202 -0.1338 0.7730
vn 0.6201 -0.1337 0.7730
vn 0.6200 -0.1338 0.7731
vn 0.6199 -0.1339 0.7732
vn -0.9355 0.2016 -0.2902
vn -0.9355 0.2015 -0.2903
vn -0.9354 0.2017 -0.2903
vn 0.7557 -0.1628 0.6344
vn 0.7556 -0.1628 0.6345
vn 0.7557 -0.1629 0.6343
vn 0.7558 -0.1631 0.6341
vn -0.9728 0.2099 -0.0979
vn -0.9728 0.2097 -0.0981
vn -0.9728 0.2096 -0.0984
vn -0.9728 0.2100 -0.0977
vn 0.8621 -0.1863 0.4712
vn 0.8621 -0.1860 0.4714
vn -0.9728 0.2097 0.0983
vn -0.9728 0.2097 0.0981
vn -0.9728 0.2099 0.0978
vn -0.9728 0.2100 0.0976
vn 0.9355 -0.2016 0.2903
vn 0.9355 -0.2015 0.2903
vn 0.9355 -0.2017 0.2903
vn 0.9355 -0.2015 0.2901
vn -0.9353 0.2020 0.2905
vn -0.9354 0.2019 0.2903
vn -0.9354 0.2020 0.2904
vn -0.9354 0.2018 0.2904
vn 0.9729 -0.2098 0.0978
vn 0.9729 -0.2097 0.0980
vn 0.9728 -0.2097 0.0980
vn 0.9728 -0.2097 0.0981
vn -0.8620 0.1859 0.4715
vn -0.8621 0.1859 0.4714
vn -0.8621 0.1856 0.4716
vn -0.8621 0.1859 0.4715
vn 0.9728 -0.2098 -0.0980
vn 0.9728 -0.2098 -0.0979
vn 0.9728 -0.2097 -0.0981
vn -0.7557 0.1630 0.6343
vn -0.7557 0.1631 0.6343
vn -0.7558 0.1630 0.6342
vn -0.7560 0.1632 0.6339
vn 0.9354 -0.2016 -0.2904
vn 0.9355 -0.2016 -0.2903
vn 0.9354 -0.2016 -0.2905
vn 0.9353 -0.2019 -0.2906
vn -0.6202 0.1338 0.7729
vn -0.6201 0.1337 0.7731
vn 0.8621 -0.1859 -0.4713
vn 0.8622 -0.1861 -0.4711
vn 0.8621 -0.1859 -0.4714
vn -0.4606 0.0993 0.8820
vn -0.4610 0.0992 0.8818
vn -0.4608 0.0992 0.8819
vn -0.4604 0.0994 0.8821
vn -0.0958 0.0207 -0.9952
vn -0.0957 0.0207 -0.9952
vn 0.7556 -0.1631 -0.6344
vn 0.7555 -0.1629 -0.6345
vn 0.7555 -0.1632 -0.6344
vn -0.2837 0.0612 0.9570
vn -0.2838 0.0612 0.9569
vn -0.2837 0.0611 -0.9570
vn -0.2838 0.0612 -0.9569
vn -0.2836 0.0611 -0.9570
vn -0.2834 0.0610 -0.9571
vn 0.6200 -0.1337 -0.7731
vn 0.6201 -0.1337 -0.7730
vn 0.6201 -0.1336 -0.7731
vn 0.6200 -0.1333 -0.7732
vn -0.0957 0.0206 0.9952
vn -0.0958 0.0206 0.9952
vn -0.0962 0.0207 0.9951
vn -0.0961 0.0207 0.9952
vn -0.4608 0.0992 -0.8819
vn -0.4610 0.0992 -0.8818
vn -0.4606 0.0993 -0.8820
vn -0.4604 0.0994 -0.8821
vn 0.4609 -0.0996 -0.8818
vn 0.0957 -0.0206 0.9952
vn 0.0956 -0.0206 0.9952
vn 0.0958 -0.0206 0.9952
vn -0.6677 -0.7267 0.1616
vn -0.6677 -0.7266 0.1617
vn -0.6679 -0.7266 0.1613
vn 0.5678 0.7505 0.3381
vn 0.5675 0.7507 0.3383
vn -0.0211 0.9996 -0.0210
vn -0.0210 0.9996 -0.0210
vn 0.6358 0.7272 0.2586
vn 0.6358 0.7273 0.2585
vn 0.6358 0.7271 0.2588
vn -0.0210 0.9996 0.0210
vn -0.0211 0.9996 0.0210
vn 0.6844 0.7108 0.1623
vn 0.6844 0.7108 0.1622
vn -0.0210 0.9977 0.0645
vn -0.0211 0.9977 0.0645
vn -0.0211 0.9977 0.0644
vn 0.7096 0.7025 0.0549
vn 0.7097 0.7023 0.0553
vn 0.7097 0.7023 0.0551
vn -0.0191 0.9935 0.1123
vn -0.0188 0.9935 0.1120
vn 0.7097 0.7023 -0.0552
vn 0.7097 0.7023 -0.0553
vn -0.0120 0.9861 0.1655
vn 0.6845 0.7107 -0.1623
vn 0.6844 0.7108 -0.1622
vn 0.0041 0.9747 0.2236
vn 0.0042 0.9747 0.2236
vn 0.6359 0.7272 -0.2586
vn 0.6358 0.7273 -0.2585
vn 0.6357 0.7273 -0.2586
vn 0.0332 0.9583 0.2838
vn 0.0335 0.9583 0.2838
vn 0.1394 0.9100 -0.3904
vn 0.5675 0.7507 -0.3383
vn 0.5675 0.7507 -0.3382
vn 0.0780 0.9366 0.3415
vn 0.0783 0.9367 0.3413
vn 0.0784 0.9367 0.3413
vn 0.0783 0.9367 -0.3412
vn 0.0783 0.9367 -0.3413
vn 0.4848 0.7796 -0.3965
vn 0.4847 0.7796 -0.3966
vn 0.1393 0.9101 0.3903
vn 0.1394 0.9100 0.3904
vn 0.1393 0.9100 0.3904
vn 0.0335 0.9583 -0.2838
vn 0.3941 0.8120 -0.4306
vn 0.3940 0.8120 -0.4306
vn 0.3941 0.8122 -0.4302
vn 0.2152 0.8793 0.4249
vn 0.2151 0.8793 0.4249
vn 0.0043 0.9747 -0.2237
vn 0.0042 0.9747 -0.2236
vn 0.3019 0.8459 -0.4396
vn 0.3019 0.8460 -0.4395
vn 0.3019 0.8459 0.4396
vn 0.3019 0.8460 0.4395
vn 0.3019 0.8459 0.4397
vn -0.0120 0.9861 -0.1655
vn -0.0120 0.9861 -0.1656
vn 0.2153 0.8793 -0.4249
vn 0.2152 0.8793 -0.4249
vn 0.3940 0.8119 0.4307
vn 0.3940 0.8120 0.4306
vn 0.3942 0.8119 0.4306
vn -0.0191 0.9935 -0.1123
vn 0.4847 0.7796 0.3966
vn 0.4847 0.7796 0.3965
vn -0.6251 0.1084 0.7730
vn -0.6252 0.1083 0.7729
vn 0.4051 -0.9126 0.0546
vn 0.4051 -0.9126 0.0547
vn -0.6265 -0.7338 0.2629
vn -0.6264 -0.7338 0.2629
vn 0.4052 -0.9126 -0.0548
vn 0.4051 -0.9126 -0.0547
vn 0.4052 -0.9126 -0.0547
vn -0.5664 -0.7443 0.3539
vn -0.5666 -0.7442 0.3539
vn -0.5664 -0.7444 0.3538
vn -0.5666 -0.7443 0.3535
vn 0.3841 -0.9090 -0.1619
vn 0.3839 -0.9090 -0.1621
vn -0.4903 -0.7576 0.4309
vn -0.4904 -0.7575 0.4310
vn -0.4903 -0.7575 0.4310
vn -0.4904 -0.7574 0.4311
vn 0.3430 -0.9019 -0.2628
vn 0.3430 -0.9018 -0.2628
vn 0.3429 -0.9019 -0.2627
vn -0.4009 -0.7729 0.4919
vn -0.1957 -0.8085 -0.5550
vn 0.2831 -0.8914 -0.3540
vn 0.2832 -0.8913 -0.3541
vn 0.2831 -0.8914 -0.3539
vn -0.3013 -0.7904 0.5334
vn -0.3012 -0.7903 0.5335
vn -0.3013 -0.7904 0.5333
vn -0.3013 -0.7901 -0.5337
vn -0.3013 -0.7899 -0.5341
vn -0.3013 -0.7901 -0.5338
vn -0.3014 -0.7900 -0.5339
vn 0.2069 -0.8782 -0.4313
vn 0.2068 -0.8782 -0.4313
vn -0.1958 -0.8086 0.5549
vn -0.1957 -0.8085 0.5550
vn -0.1958 -0.8085 0.5549
vn -0.1959 -0.8086 0.5548
vn -0.4008 -0.7729 -0.4919
vn -0.4009 -0.7729 -0.4919
vn 0.1171 -0.8628 -0.4918
vn 0.1172 -0.8628 -0.4918
vn 0.1171 -0.8627 -0.4920
vn -0.0879 -0.8272 0.5550
vn -0.0880 -0.8272 0.5549
vn -0.0877 -0.8272 0.5550
vn -0.0880 -0.8272 0.5550
vn -0.4904 -0.7575 -0.4310
vn -0.4904 -0.7575 -0.4309
vn -0.4906 -0.7573 -0.4310
vn -0.4905 -0.7573 -0.4311
vn 0.0175 -0.8454 -0.5338
vn 0.0173 -0.8455 -0.5336
vn 0.0174 -0.8457 -0.5334
vn 0.0175 -0.8458 -0.5332
vn 0.0176 -0.8456 0.5336
vn 0.0177 -0.8455 0.5336
vn 0.0176 -0.8456 0.5335
vn -0.5665 -0.7443 -0.3537
vn -0.5666 -0.7442 -0.3538
vn -0.5664 -0.7445 -0.3535
vn -0.0880 -0.8273 -0.5549
vn -0.0880 -0.8273 -0.5548
vn -0.0880 -0.8272 -0.5549
vn -0.0880 -0.8272 -0.5550
vn 0.1174 -0.8627 0.4919
vn 0.1176 -0.8627 0.4919
vn 0.1175 -0.8627 0.4919
vn 0.1172 -0.8627 0.4919
vn -0.6264 -0.7338 -0.2629
vn -0.6263 -0.7339 -0.2629
vn 0.2069 -0.8782 0.4312
vn 0.2068 -0.8783 0.4311
vn 0.2070 -0.8781 0.4314
vn -0.6677 -0.7266 -0.1618
vn -0.6677 -0.7266 -0.1616
vn -0.6677 -0.7267 -0.1617
vn -0.6677 -0.7266 -0.1619
vn 0.2830 -0.8914 0.3539
vn 0.2829 -0.8914 0.3540
vn 0.2830 -0.8915 0.3539
vn 0.2832 -0.8914 0.3538
vn -0.6885 -0.7232 -0.0549
vn -0.6885 -0.7231 -0.0550
vn 0.3430 -0.9019 0.2628
vn 0.3429 -0.9019 0.2628
vn 0.3430 -0.9018 0.2628
vn 0.3426 -0.9019 0.2630
vn -0.6885 -0.7231 0.0549
vn -0.6886 -0.7231 0.0550
vn -0.6885 -0.7232 0.0548
vn 0.3840 -0.9090 0.1621
vn 0.3840 -0.9090 0.1622
vn 0.3841 -0.9090 0.1620
vn 0.3838 -0.9091 0.1622
vn 0.0145 0.7110 0.7031
vn 0.0146 0.7110 0.7030
vn 0.8690 -0.1507 -0.4713
vn 0.8689 -0.1510 -0.4715
vn 0.8690 -0.1507 -0.4714
vn -0.4643 0.0807 0.8820
vn -0.4644 0.0806 0.8820
vn -0.0966 0.0167 -0.9952
vn 0.7617 -0.1322 -0.6342
vn -0.2858 0.0496 0.9570
vn -0.2856 0.0496 0.9571
vn -0.2860 0.0496 0.9570
vn -0.2857 0.0496 -0.9570
vn -0.2856 0.0496 -0.9571
vn -0.2855 0.0495 -0.9571
vn -0.2858 0.0496 -0.9570
vn 0.6252 -0.1084 -0.7729
vn 0.6251 -0.1084 -0.7730
vn 0.6251 -0.1083 -0.7730
vn -0.0961 0.0167 0.9952
vn -0.4644 0.0806 -0.8820
vn -0.4643 0.0807 -0.8820
vn -0.4644 0.0806 -0.8819
vn -0.4648 0.0803 -0.8818
vn 0.4646 -0.0805 -0.8819
vn 0.4648 -0.0804 -0.8818
vn 0.4644 -0.0806 -0.8820
vn 0.0965 -0.0167 0.9952
vn 0.0967 -0.0167 0.9952
vn 0.0966 -0.0167 0.9952
vn -0.6251 0.1084 -0.7730
vn -0.6251 0.1083 -0.7730
vn -0.6249 0.1084 -0.7731
vn 0.2860 -0.0496 -0.9569
vn 0.2860 -0.0496 -0.9570
vn 0.2859 -0.0497 -0.9570
vn 0.2856 -0.0496 -0.9571
vn 0.2857 -0.0496 0.9570
vn 0.2858 -0.0496 0.9570
vn 0.2855 -0.0495 0.9571
vn 0.2856 -0.0496 0.9571
vn -0.7616 0.1321 -0.6344
vn 0.0966 -0.0167 -0.9952
vn 0.4644 -0.0806 0.8820
vn 0.4648 -0.0804 0.8818
vn 0.4646 -0.0805 0.8819
vn 0.4641 -0.0806 0.8821
vn -0.8689 0.1510 -0.4715
vn -0.8690 0.1507 -0.4714
vn 0.6250 -0.1084 0.7730
vn 0.6250 -0.1084 0.7731
vn -0.9429 0.1637 -0.2900
vn -0.9429 0.1635 -0.2903
vn -0.9429 0.1637 -0.2901
vn -0.9429 0.1638 -0.2899
vn 0.7614 -0.1323 0.6346
vn -0.9806 0.1700 -0.0980
vn -0.9805 0.1701 -0.0981
vn -0.9806 0.1700 -0.0978
vn 0.8690 -0.1507 0.4713
vn 0.8690 -0.1507 0.4714
vn 0.8689 -0.1510 0.4715
vn -0.9806 0.1700 0.0979
vn -0.9806 0.1700 0.0980
vn -0.9805 0.1701 0.0981
vn 0.9429 -0.1635 0.2903
vn 0.9428 -0.1635 0.2903
vn 0.9428 -0.1636 0.2904
vn -0.9428 0.1636 0.2904
vn -0.9429 0.1635 0.2903
vn 0.9806 -0.1701 0.0979
vn 0.9806 -0.1700 0.0980
vn -0.8690 0.1507 0.4714
vn -0.8690 0.1505 0.4713
vn -0.8689 0.1510 0.4715
vn 0.9806 -0.1699 -0.0982
vn 0.9806 -0.1699 -0.0981
vn 0.9806 -0.1701 -0.0979
vn 0.9806 -0.1700 -0.0980
vn -0.7616 0.1323 0.6344
vn -0.7617 0.1319 0.6344
vn 0.9429 -0.1635 -0.2903
vn 0.9428 -0.1634 -0.2905
vn 0.1871 -0.8770 0.4426
vn 0.1871 -0.8769 0.4427
vn -0.1644 0.8543 -0.4931
vn 0.4563 0.4998 -0.7362
vn 0.1507 0.6353 0.7574
vn -0.1948 0.9100 -0.3659
vn 0.3022 0.5638 -0.7687
vn 0.3022 0.5638 0.7687
vn -0.1909 0.9500 -0.2471
vn 0.1507 0.6353 -0.7574
vn 0.4563 0.4998 0.7362
vn -0.1663 0.9747 -0.1495
vn 0.6018 0.4452 0.6631
vn -0.1377 0.9875 -0.0767
vn 0.7292 0.4010 0.5545
vn -0.1194 0.9926 -0.0232
vn -0.1193 0.9926 -0.0232
vn 0.8311 0.3677 0.4173
vn -0.1194 0.9926 0.0232
vn 0.9020 0.3454 0.2589
vn -0.1377 0.9875 0.0767
vn 0.9384 0.3344 0.0877
vn 0.9384 0.3342 0.0877
vn 0.9384 0.3343 0.0877
vn -0.1663 0.9747 0.1495
vn 0.9384 0.3343 -0.0875
vn 0.9384 0.3342 -0.0877
vn -0.1909 0.9500 0.2471
vn 0.9020 0.3454 -0.2589
vn 0.9020 0.3454 -0.2590
vn -0.1948 0.9100 0.3659
vn 0.8311 0.3677 -0.4173
vn -0.1644 0.8543 0.4931
vn 0.0146 0.7111 -0.7030
vn 0.0146 0.7110 -0.7030
vn 0.7292 0.4010 -0.5545
vn -0.0936 0.7861 0.6110
vn -0.0936 0.7861 -0.6110
vn 0.6018 0.4452 -0.6631
vn 0.8804 -0.0501 0.4715
vn -0.4912 -0.8383 -0.2367
vn -0.4910 -0.8383 -0.2370
vn -0.4911 -0.8383 -0.2368
vn -0.4912 -0.8383 -0.2366
vn 0.2688 -0.8816 0.3880
vn 0.2690 -0.8815 0.3880
vn 0.2689 -0.8816 0.3880
vn -0.5288 -0.8361 -0.1457
vn -0.5290 -0.8360 -0.1458
vn -0.5288 -0.8362 -0.1457
vn -0.5288 -0.8362 -0.1456
vn 0.3382 -0.8854 0.3188
vn 0.3382 -0.8856 0.3184
vn 0.3379 -0.8856 0.3186
vn -0.5478 -0.8351 -0.0491
vn -0.5479 -0.8351 -0.0492
vn -0.5479 -0.8351 -0.0491
vn 0.3928 -0.8887 0.2366
vn -0.5479 -0.8351 0.0492
vn -0.5482 -0.8349 0.0494
vn 0.4303 -0.8908 0.1457
vn 0.4304 -0.8908 0.1457
vn 0.4303 -0.8909 0.1457
vn -0.5287 -0.8361 0.1460
vn -0.5285 -0.8363 0.1456
vn -0.5286 -0.8363 0.1457
vn -0.5288 -0.8361 0.1459
vn 0.4497 -0.8918 0.0493
vn 0.4495 -0.8919 0.0492
vn 0.4498 -0.8918 0.0492
vn 0.4501 -0.8916 0.0492
vn -0.4913 -0.8383 0.2365
vn -0.4912 -0.8383 0.2366
vn -0.4915 -0.8382 0.2364
vn 0.4496 -0.8919 -0.0492
vn 0.4497 -0.8918 -0.0492
vn 0.4496 -0.8919 -0.0494
vn -0.4368 -0.8412 0.3187
vn -0.4367 -0.8414 0.3184
vn -0.4366 -0.8414 0.3183
vn -0.4366 -0.8414 0.3184
vn 0.4303 -0.8909 -0.1456
vn 0.4304 -0.8908 -0.1457
vn 0.4303 -0.8908 -0.1457
vn 0.4301 -0.8910 -0.1456
vn -0.3672 -0.8453 0.3881
vn -0.3671 -0.8454 0.3880
vn 0.3928 -0.8887 -0.2366
vn -0.2856 -0.8500 0.4427
vn -0.2858 -0.8499 0.4427
vn -0.2854 -0.8500 0.4428
vn -0.0983 -0.8606 -0.4996
vn -0.0983 -0.8607 -0.4996
vn 0.3383 -0.8856 -0.3183
vn 0.3383 -0.8856 -0.3182
vn 0.3383 -0.8855 -0.3184
vn 0.3384 -0.8855 -0.3185
vn -0.1943 -0.8552 0.4806
vn -0.1942 -0.8551 0.4808
vn -0.1943 -0.8552 0.4805
vn -0.1944 -0.8553 0.4803
vn -0.1946 -0.8552 -0.4804
vn -0.1947 -0.8552 -0.4804
vn -0.1947 -0.8551 -0.4804
vn 0.2687 -0.8817 -0.3880
vn 0.2687 -0.8817 -0.3879
vn 0.2687 -0.8816 -0.3880
vn 0.2687 -0.8816 -0.3881
vn -0.0984 -0.8607 0.4996
vn -0.0983 -0.8607 0.4996
vn -0.2854 -0.8500 -0.4427
vn -0.2852 -0.8501 -0.4427
vn 0.1871 -0.8769 -0.4428
vn 0.1871 -0.8769 -0.4427
vn -0.0001 -0.8663 0.4995
vn -0.0000 -0.8662 0.4996
vn -0.0000 -0.8663 0.4996
vn -0.3671 -0.8453 -0.3882
vn -0.3667 -0.8453 -0.3885
vn -0.3671 -0.8454 -0.3881
vn -0.3671 -0.8454 -0.3880
vn 0.0961 -0.8717 -0.4805
vn 0.0963 -0.8718 -0.4804
vn 0.0960 -0.8719 -0.4802
vn 0.0960 -0.8717 0.4805
vn 0.0961 -0.8717 0.4806
vn 0.0959 -0.8717 0.4805
vn 0.0958 -0.8718 0.4804
vn -0.4367 -0.8414 -0.3184
vn -0.0000 -0.8662 -0.4996
vn -0.0000 -0.8663 -0.4996
vn -0.0000 -0.8662 -0.4997
vn 0.8332 0.5471 -0.0803
vn 0.8331 0.5472 -0.0805
vn 0.8333 0.5469 -0.0801
vn -0.9936 0.0566 0.0981
vn -0.9936 0.0566 0.0980
vn 0.9554 -0.0544 0.2904
vn 0.9554 -0.0544 0.2903
vn -0.9554 0.0544 0.2904
vn 0.9936 -0.0568 0.0980
vn 0.9936 -0.0566 0.0981
vn 0.9936 -0.0566 0.0980
vn -0.8805 0.0501 0.4715
vn 0.9936 -0.0568 -0.0981
vn 0.9936 -0.0566 -0.0981
vn 0.9936 -0.0566 -0.0980
vn 0.9936 -0.0567 -0.0980
vn -0.7717 0.0439 0.6345
vn -0.7716 0.0439 0.6346
vn -0.7718 0.0439 0.6344
vn 0.9554 -0.0544 -0.2904
vn 0.9553 -0.0544 -0.2905
vn -0.6338 0.0361 0.7726
vn -0.6335 0.0361 0.7729
vn 0.8806 -0.0501 -0.4712
vn 0.8804 -0.0501 -0.4715
vn -0.4701 0.0268 0.8822
vn -0.4705 0.0268 0.8820
vn -0.0981 0.0056 -0.9952
vn -0.0979 0.0056 -0.9952
vn -0.0978 0.0056 -0.9952
vn 0.7717 -0.0439 -0.6345
vn -0.2898 0.0165 0.9570
vn -0.2900 0.0165 0.9569
vn -0.2896 0.0165 0.9570
vn -0.2896 0.0165 -0.9570
vn -0.2897 0.0165 -0.9570
vn -0.2898 0.0165 -0.9569
vn 0.6330 -0.0360 -0.7733
vn 0.6333 -0.0361 -0.7730
vn -0.0981 0.0056 0.9952
vn -0.0980 0.0056 0.9952
vn -0.4707 0.0268 -0.8819
vn 0.4707 -0.0268 -0.8819
vn 0.0980 -0.0056 0.9952
vn 0.0978 -0.0056 0.9952
vn 0.0979 -0.0056 0.9952
vn -0.6332 0.0361 -0.7731
vn -0.6333 0.0361 -0.7730
vn 0.2897 -0.0165 -0.9570
vn 0.2898 -0.0165 -0.9569
vn 0.2897 -0.0165 0.9570
vn 0.2898 -0.0165 0.9570
vn -0.7717 0.0439 -0.6345
vn 0.0981 -0.0056 -0.9952
vn 0.0986 -0.0056 -0.9951
vn 0.0980 -0.0056 -0.9952
vn 0.4702 -0.0268 0.8822
vn -0.8805 0.0501 -0.4715
vn 0.6338 -0.0361 0.7726
vn 0.6335 -0.0361 0.7729
vn -0.9554 0.0544 -0.2904
vn 0.7718 -0.0439 0.6344
vn 0.7719 -0.0439 0.6343
vn -0.9936 0.0566 -0.0982
vn 0.3381 -0.6941 0.6356
vn 0.3380 -0.6941 0.6356
vn 0.3381 -0.6941 0.6355
vn -0.3555 0.8803 0.3141
vn 0.7986 0.5533 -0.2368
vn 0.7985 0.5534 -0.2368
vn 0.7986 0.5534 -0.2367
vn -0.3135 0.8544 0.4143
vn 0.7311 0.5659 -0.3810
vn 0.7311 0.5660 -0.3810
vn 0.7310 0.5662 -0.3808
vn -0.2478 0.8228 0.5114
vn -0.0418 0.7486 -0.6617
vn 0.6346 0.5847 -0.5054
vn 0.6346 0.5848 -0.5053
vn -0.1566 0.7869 0.5969
vn -0.1566 0.7869 -0.5969
vn 0.5146 0.6092 -0.6034
vn 0.5147 0.6091 -0.6034
vn -0.0418 0.7486 0.6617
vn -0.2478 0.8228 -0.5114
vn 0.3786 0.6388 -0.6698
vn 0.3784 0.6387 -0.6699
vn 0.0911 0.7099 0.6984
vn -0.3135 0.8544 -0.4143
vn 0.2342 0.6727 -0.7018
vn 0.2342 0.6728 0.7018
vn 0.2342 0.6727 0.7018
vn 0.2342 0.6727 0.7019
vn -0.3555 0.8803 -0.3141
vn 0.0911 0.7099 -0.6984
vn 0.3784 0.6387 0.6700
vn 0.3784 0.6387 0.6699
vn 0.3782 0.6389 0.6700
vn -0.3785 0.8998 -0.2172
vn 0.5147 0.6091 0.6034
vn 0.5147 0.6092 0.6034
vn -0.3889 0.9125 -0.1265
vn -0.3889 0.9126 -0.1265
vn 0.6344 0.5849 0.5055
vn 0.6346 0.5847 0.5054
vn 0.6345 0.5847 0.5055
vn -0.3924 0.9189 -0.0414
vn 0.7311 0.5660 0.3810
vn -0.3924 0.9189 0.0414
vn 0.7985 0.5535 0.2365
vn 0.7985 0.5535 0.2368
vn 0.7986 0.5535 0.2366
vn -0.3889 0.9125 0.1265
vn 0.8330 0.5473 0.0808
vn 0.8331 0.5472 0.0803
vn 0.8330 0.5473 0.0807
vn 0.8332 0.5471 0.0803
vn -0.3785 0.8998 0.2172
vn 0.8820 -0.0039 0.4713
vn 0.8820 -0.0039 0.4712
vn 0.8819 -0.0039 0.4714
vn -0.6372 -0.6918 -0.3397
vn -0.6374 -0.6916 -0.3397
vn -0.6370 -0.6920 -0.3397
vn -0.6370 -0.6920 -0.3398
vn 0.4554 -0.6944 0.5571
vn -0.6913 -0.6917 -0.2089
vn -0.6913 -0.6917 -0.2090
vn -0.6912 -0.6918 -0.2088
vn -0.6914 -0.6915 -0.2092
vn 0.5553 -0.6947 0.4572
vn -0.7192 -0.6913 -0.0705
vn -0.7191 -0.6913 -0.0706
vn -0.7189 -0.6915 -0.0707
vn -0.7192 -0.6913 -0.0704
vn 0.6339 -0.6949 0.3396
vn 0.6338 -0.6949 0.3397
vn 0.6338 -0.6949 0.3396
vn -0.7189 -0.6915 0.0706
vn -0.7188 -0.6916 0.0705
vn -0.7189 -0.6915 0.0707
vn -0.7191 -0.6913 0.0708
vn 0.6878 -0.6950 0.2094
vn 0.6878 -0.6950 0.2097
vn 0.6877 -0.6951 0.2096
vn 0.6879 -0.6950 0.2092
vn -0.6913 -0.6917 0.2089
vn -0.6913 -0.6917 0.2090
vn -0.6914 -0.6916 0.2091
vn 0.7153 -0.6952 0.0709
vn 0.7151 -0.6954 0.0705
vn 0.7152 -0.6954 0.0708
vn 0.7154 -0.6951 0.0707
vn -0.6370 -0.6920 0.3397
vn -0.6370 -0.6920 0.3398
vn 0.7155 -0.6951 -0.0705
vn 0.7153 -0.6952 -0.0706
vn 0.7155 -0.6951 -0.0706
vn 0.7157 -0.6948 -0.0705
vn -0.5588 -0.6919 0.4572
vn -0.5583 -0.6921 0.4575
vn 0.6878 -0.6950 -0.2094
vn 0.6879 -0.6950 -0.2092
vn 0.6878 -0.6950 -0.2093
vn 0.6878 -0.6951 -0.2093
vn -0.4591 -0.6920 0.5571
vn -0.4591 -0.6919 0.5571
vn 0.6338 -0.6949 -0.3397
vn 0.6337 -0.6950 -0.3397
vn 0.6338 -0.6949 -0.3396
vn -0.3415 -0.6924 0.6356
vn -0.3414 -0.6923 0.6357
vn -0.0725 -0.6934 -0.7169
vn -0.0726 -0.6936 -0.7167
vn -0.0724 -0.6931 -0.7172
vn 0.5553 -0.6947 -0.4572
vn 0.5554 -0.6947 -0.4572
vn 0.5554 -0.6946 -0.4572
vn -0.2106 -0.6927 0.6898
vn -0.2111 -0.6926 0.6897
vn -0.2111 -0.6927 0.6897
vn -0.2110 -0.6927 0.6897
vn -0.2108 -0.6928 -0.6897
vn -0.2108 -0.6927 -0.6897
vn -0.2107 -0.6928 -0.6897
vn -0.2103 -0.6928 -0.6897
vn 0.4555 -0.6944 -0.5571
vn 0.4554 -0.6944 -0.5571
vn 0.4554 -0.6944 -0.5572
vn 0.4554 -0.6943 -0.5573
vn -0.0725 -0.6931 0.7172
vn -0.0726 -0.6932 0.7171
vn -0.0726 -0.6931 0.7172
vn -0.0724 -0.6931 0.7172
vn -0.3417 -0.6923 -0.6356
vn -0.3415 -0.6924 -0.6356
vn -0.3416 -0.6923 -0.6356
vn -0.3417 -0.6924 -0.6355
vn 0.3380 -0.6942 -0.6356
vn 0.3377 -0.6945 -0.6353
vn 0.3382 -0.6942 -0.6354
vn 0.3379 -0.6941 -0.6356
vn 0.0689 -0.6935 0.7171
vn 0.0689 -0.6934 0.7172
vn 0.0688 -0.6932 0.7174
vn -0.4589 -0.6921 -0.5571
vn -0.4590 -0.6921 -0.5571
vn 0.2077 -0.6938 -0.6896
vn 0.2074 -0.6937 -0.6897
vn 0.2075 -0.6938 -0.6896
vn 0.2074 -0.6940 -0.6894
vn 0.2075 -0.6937 0.6897
vn 0.2074 -0.6938 0.6897
vn -0.5588 -0.6921 -0.4570
vn -0.5589 -0.6918 -0.4572
vn -0.5588 -0.6920 -0.4570
vn 0.0686 -0.6936 -0.7171
vn 0.0684 -0.6936 -0.7171
vn 0.0688 -0.6935 -0.7172
vn 0.0687 -0.6935 -0.7171
vn 0.0026 1.0000 -0.0000
vn 0.0025 1.0000 -0.0002
vn 0.0028 1.0000 -0.0000
vn 0.0023 1.0000 -0.0001
vn 0.0025 1.0000 -0.0000
vn 0.0029 1.0000 -0.0004
vn 0.0026 1.0000 -0.0001
vn 0.0025 1.0000 0.0001
vn 0.0026 1.0000 0.0001
vn 0.0029 1.0000 -0.0002
vn 0.0026 1.0000 0.0002
vn 0.0029 1.0000 0.0004
vn 0.0028 1.0000 0.0003
vn 0.0024 1.0000 0.0001
vn 0.0025 1.0000 -0.0003
vn 0.0027 1.0000 -0.0000
vn 0.0025 1.0000 0.0004
vn 0.0027 1.0000 0.0003
vn -0.9952 0.0044 0.0979
vn -0.9952 0.0044 0.0980
vn -0.9952 0.0043 0.0980
vn 0.9569 -0.0044 0.2903
vn -0.9569 0.0044 0.2903
vn 0.9952 -0.0044 0.0981
vn 0.9951 -0.0044 0.0983
vn 0.9952 -0.0044 0.0980
vn -0.8816 0.0040 0.4719
vn -0.8818 0.0039 0.4716
vn -0.8818 0.0040 0.4716
vn 0.9952 -0.0044 -0.0981
vn 0.9952 -0.0044 -0.0980
vn -0.7729 0.0029 0.6345
vn -0.7730 0.0036 0.6344
vn -0.7730 0.0034 0.6344
vn -0.7732 0.0034 0.6342
vn 0.9569 -0.0044 -0.2903
vn -0.6342 0.0029 0.7731
vn -0.6342 0.0029 0.7732
vn -0.6343 0.0029 0.7731
vn -0.6345 0.0027 0.7729
vn 0.8820 -0.0039 -0.4712
vn 0.8820 -0.0039 -0.4713
vn -0.4714 0.0021 0.8819
vn -0.4712 0.0021 0.8820
vn -0.4713 0.0020 0.8820
vn -0.4714 0.0018 0.8819
vn -0.0977 0.0004 -0.9952
vn -0.0981 0.0004 -0.9952
vn 0.7732 -0.0035 -0.6342
vn -0.2901 0.0011 0.9570
vn -0.2899 0.0009 0.9570
vn -0.2903 0.0013 0.9569
vn -0.2901 0.0011 -0.9570
vn -0.2902 0.0013 -0.9570
vn -0.2903 0.0009 -0.9569
vn 0.6344 -0.0028 -0.7730
vn 0.6340 -0.0029 -0.7733
vn 0.6343 -0.0028 -0.7731
vn -0.0980 0.0004 0.9952
vn -0.0979 0.0004 0.9952
vn -0.4714 0.0021 -0.8819
vn 0.4714 -0.0021 -0.8819
vn 0.4715 -0.0021 -0.8819
vn 0.4716 -0.0021 -0.8818
vn 0.0980 -0.0004 0.9952
vn 0.0978 -0.0004 0.9952
vn 0.0979 -0.0004 0.9952
vn 0.0983 -0.0004 0.9952
vn -0.6344 0.0028 -0.7730
vn 0.2903 -0.0013 -0.9569
vn 0.2903 -0.0013 0.9569
vn -0.7731 0.0035 -0.6343
vn -0.7730 0.0034 -0.6344
vn -0.7731 0.0034 -0.6343
vn -0.7732 0.0035 -0.6342
vn 0.0979 -0.0004 -0.9952
vn 0.0976 -0.0004 -0.9952
vn 0.4715 -0.0021 0.8818
vn 0.4716 -0.0021 0.8818
vn 0.4715 -0.0021 0.8819
vn -0.8818 0.0039 -0.4716
vn -0.8819 0.0039 -0.4715
vn 0.6344 -0.0028 0.7730
vn 0.6345 -0.0028 0.7729
vn 0.6349 -0.0029 0.7726
vn -0.9569 0.0044 -0.2903
vn 0.7729 -0.0034 0.6346
vn 0.7730 -0.0034 0.6344
vn 0.7726 -0.0035 0.6349
vn -0.9952 0.0046 -0.0977
vn 0.3579 0.9150 -0.1860
vn 0.3590 0.9147 -0.1856
vn 0.3651 0.9121 -0.1863
vn 0.3712 0.9094 -0.1877
vn 0.3777 0.9066 -0.1882
vn 0.3771 0.9069 -0.1879
vn 0.4013 0.8976 0.1825
vn 0.4017 0.8973 0.1832
vn 0.4069 0.8947 0.1844
vn 0.4136 0.8923 0.1810
vn 0.3966 0.8986 0.1879
vn 0.3947 0.8993 0.1884
vn 0.2344 0.7964 -0.5575
vn 0.2597 0.7855 -0.5618
vn 0.2597 0.7856 -0.5616
vn 0.2851 0.7748 -0.5643
vn 0.3106 0.7639 -0.5657
vn 0.3105 0.7639 -0.5657
vn 0.3818 0.9056 -0.1846
vn 0.3884 0.9028 -0.1846
vn 0.3830 0.9052 0.1841
vn 0.3845 0.9047 0.1837
vn 0.3363 0.7530 0.5657
vn 0.3362 0.7530 0.5657
vn 0.3616 0.7421 0.5643
vn 0.3617 0.7421 0.5643
vn 0.3872 0.7312 0.5616
vn 0.3871 0.7312 0.5616
vn 0.3871 0.7313 0.5616
vn 0.4122 0.7206 0.5575
vn 0.4121 0.7206 0.5576
vn 0.4122 0.7205 0.5576
vn 0.4190 0.8898 0.1809
vn 0.4191 0.8897 0.1811
vn 0.3529 0.9180 -0.1809
vn 0.3525 0.9180 -0.1814
vn -0.4110 -0.8924 -0.1862
vn -0.3997 -0.8974 -0.1868
vn -0.4035 -0.8957 -0.1870
vn -0.4110 -0.8925 -0.1859
vn -0.3622 -0.9133 0.1864
vn -0.3684 -0.9116 0.1824
vn -0.3674 -0.9122 0.1816
vn -0.3580 -0.9151 0.1857
vn -0.3907 -0.9020 -0.1836
vn -0.3980 -0.8984 -0.1855
vn -0.3729 -0.9088 0.1873
vn -0.3805 -0.9056 0.1871
vn -0.4124 -0.7205 -0.5575
vn -0.4123 -0.7205 -0.5575
vn -0.4123 -0.7205 -0.5576
vn -0.4158 -0.8906 -0.1844
vn -0.4211 -0.8880 -0.1846
vn -0.3541 -0.9168 0.1845
vn -0.3488 -0.9189 0.1842
vn -0.2344 -0.7964 0.5576
vn -0.2344 -0.7964 0.5575
vn -0.2597 -0.7855 0.5617
vn -0.2597 -0.7856 0.5616
vn -0.2851 -0.7748 0.5643
vn -0.2852 -0.7748 0.5643
vn -0.3106 -0.7639 0.5658
vn -0.3106 -0.7639 0.5657
vn -0.3106 -0.7639 0.5656
vn -0.3881 -0.9031 0.1841
vn -0.3866 -0.9038 0.1836
vn -0.3866 -0.9038 -0.1836
vn -0.3864 -0.9039 -0.1835
vn -0.3362 -0.7530 -0.5657
vn -0.3617 -0.7421 -0.5643
vn -0.3871 -0.7312 -0.5616
vn -0.3871 -0.7313 -0.5616
vn -0.4437 -0.8783 -0.1781
vn -0.4309 -0.8843 -0.1798
vn -0.4386 -0.8812 -0.1765
vn -0.4434 -0.8785 -0.1776
vn -0.3281 -0.9286 0.1735
vn -0.3364 -0.9250 0.1766
vn -0.3363 -0.9251 0.1764
vn -0.3282 -0.9285 0.1738
vn -0.4270 -0.8857 -0.1821
vn -0.4270 -0.8856 -0.1827
vn -0.3452 -0.9215 0.1779
vn -0.3441 -0.9220 0.1778
vn -0.5107 -0.6786 -0.5279
vn -0.4497 -0.8757 -0.1759
vn -0.4545 -0.8743 -0.1704
vn -0.3190 -0.9326 0.1688
vn -0.3170 -0.9329 0.1709
vn -0.1361 -0.8383 0.5279
vn -0.1360 -0.8383 0.5279
vn -0.1601 -0.8281 0.5373
vn -0.1601 -0.8281 0.5372
vn -0.1845 -0.8177 0.5452
vn -0.1845 -0.8177 0.5453
vn -0.2092 -0.8071 0.5521
vn -0.2093 -0.8071 0.5521
vn -0.2091 -0.8071 0.5522
vn -0.4375 -0.7098 -0.5521
vn -0.4374 -0.7098 -0.5521
vn -0.4622 -0.6993 -0.5453
vn -0.4866 -0.6888 -0.5373
vn -0.4866 -0.6889 -0.5373
vn -0.4727 -0.8673 -0.1560
vn -0.4631 -0.8711 -0.1635
vn -0.4682 -0.8688 -0.1611
vn -0.4769 -0.8642 -0.1604
vn -0.2979 -0.9417 0.1564
vn -0.3073 -0.9376 0.1628
vn -0.3073 -0.9376 0.1626
vn -0.2987 -0.9413 0.1573
vn -0.4579 -0.8734 -0.1659
vn -0.4583 -0.8733 -0.1654
vn -0.3161 -0.9338 0.1676
vn -0.3161 -0.9335 0.1694
vn -0.6018 -0.6397 -0.4781
vn -0.4777 -0.8647 -0.1552
vn -0.4810 -0.8634 -0.1519
vn -0.2876 -0.9448 0.1566
vn -0.2886 -0.9446 0.1564
vn -0.0449 -0.8771 0.4781
vn -0.0449 -0.8772 0.4781
vn -0.0668 -0.8678 0.4923
vn -0.0668 -0.8678 0.4925
vn -0.0668 -0.8679 0.4923
vn -0.0893 -0.8582 0.5054
vn -0.0894 -0.8583 0.5054
vn -0.1124 -0.8484 0.5173
vn -0.5343 -0.6685 -0.5173
vn -0.5343 -0.6686 -0.5172
vn -0.5574 -0.6587 -0.5054
vn -0.5799 -0.6491 -0.4923
vn -0.5800 -0.6491 -0.4923
vn -0.4999 -0.8546 -0.1406
vn -0.4928 -0.8575 -0.1474
vn -0.4965 -0.8560 -0.1441
vn -0.5028 -0.8534 -0.1376
vn -0.2700 -0.9524 0.1416
vn -0.2757 -0.9502 0.1453
vn -0.2753 -0.9502 0.1460
vn -0.2739 -0.9521 0.1362
vn -0.4856 -0.8617 -0.1471
vn -0.4845 -0.8621 -0.1487
vn -0.2823 -0.9469 0.1538
vn -0.2856 -0.9469 0.1475
vn -0.6823 -0.6054 -0.4098
vn -0.5084 -0.8509 -0.1320
vn -0.5084 -0.8509 -0.1324
vn -0.2654 -0.9546 0.1353
vn -0.2611 -0.9564 0.1307
vn 0.0356 -0.9115 0.4099
vn 0.0355 -0.9115 0.4098
vn 0.0166 -0.9034 0.4285
vn -0.0031 -0.8950 0.4461
vn -0.0237 -0.8862 0.4626
vn -0.0237 -0.8863 0.4626
vn -0.0237 -0.8862 0.4627
vn -0.6231 -0.6307 -0.4626
vn -0.6436 -0.6219 -0.4462
vn -0.6436 -0.6219 -0.4461
vn -0.6634 -0.6135 -0.4285
vn -0.5226 -0.8450 -0.1137
vn -0.5172 -0.8473 -0.1206
vn -0.5195 -0.8463 -0.1179
vn -0.5253 -0.8437 -0.1103
vn -0.2455 -0.9630 0.1116
vn -0.2500 -0.9608 0.1200
vn -0.2506 -0.9607 0.1196
vn -0.2460 -0.9628 0.1115
vn -0.5153 -0.8481 -0.1230
vn -0.5144 -0.8481 -0.1268
vn -0.2558 -0.9587 0.1245
vn -0.2586 -0.9575 0.1277
vn -0.7490 -0.5770 -0.3257
vn -0.7489 -0.5772 -0.3257
vn -0.7491 -0.5769 -0.3257
vn -0.7492 -0.5767 -0.3257
vn -0.5298 -0.8416 -0.1050
vn -0.5290 -0.8419 -0.1061
vn -0.2410 -0.9653 0.1001
vn -0.2461 -0.9640 0.1007
vn 0.1022 -0.9399 0.3258
vn 0.0869 -0.9334 0.3481
vn 0.0708 -0.9265 0.3696
vn 0.0536 -0.9192 0.3902
vn 0.0536 -0.9192 0.3901
vn -0.7004 -0.5977 -0.3901
vn -0.7005 -0.5977 -0.3901
vn -0.7175 -0.5904 -0.3696
vn -0.7175 -0.5904 -0.3695
vn -0.7337 -0.5834 -0.3482
vn -0.7336 -0.5835 -0.3483
vn -0.7337 -0.5835 -0.3481
vn -0.5407 -0.8371 -0.0827
vn -0.5365 -0.8390 -0.0904
vn -0.5383 -0.8383 -0.0870
vn -0.5426 -0.8364 -0.0775
vn -0.2268 -0.9708 0.0784
vn -0.2330 -0.9684 0.0887
vn -0.2325 -0.9685 0.0894
vn -0.2328 -0.9694 0.0779
vn -0.5307 -0.8423 -0.0940
vn -0.5301 -0.8429 -0.0927
vn -0.2419 -0.9657 0.0940
vn -0.2410 -0.9659 0.0950
vn -0.7992 -0.5556 -0.2293
vn -0.5454 -0.8351 -0.0722
vn -0.5455 -0.8350 -0.0723
vn -0.2249 -0.9717 0.0727
vn -0.2255 -0.9716 0.0721
vn 0.1525 -0.9613 0.2293
vn 0.1415 -0.9567 0.2544
vn 0.1295 -0.9515 0.2789
vn 0.1164 -0.9460 0.3027
vn 0.1164 -0.9459 0.3027
vn -0.7632 -0.5709 -0.3027
vn -0.7631 -0.5709 -0.3027
vn -0.7762 -0.5654 -0.2789
vn -0.7763 -0.5654 -0.2789
vn -0.7883 -0.5602 -0.2544
vn -0.5493 -0.8344 -0.0456
vn -0.5501 -0.8331 -0.0578
vn -0.5505 -0.8333 -0.0504
vn -0.5514 -0.8332 -0.0420
vn -0.2170 -0.9751 0.0459
vn -0.2221 -0.9737 0.0507
vn -0.2212 -0.9739 0.0502
vn -0.2174 -0.9750 0.0464
vn -0.5488 -0.8335 -0.0640
vn -0.5489 -0.8335 -0.0638
vn -0.2280 -0.9716 0.0628
vn -0.2267 -0.9720 0.0613
vn -0.8312 -0.5420 -0.1240
vn -0.8312 -0.5419 -0.1240
vn -0.8312 -0.5420 -0.1237
vn -0.5546 -0.8313 -0.0377
vn -0.5546 -0.8312 -0.0386
vn -0.2156 -0.9758 0.0366
vn -0.2162 -0.9757 0.0367
vn 0.1845 -0.9750 0.1240
vn 0.1783 -0.9723 0.1509
vn 0.1783 -0.9723 0.1510
vn 0.1708 -0.9692 0.1775
vn 0.1707 -0.9692 0.1775
vn 0.1622 -0.9655 0.2036
vn -0.8090 -0.5513 -0.2036
vn -0.8090 -0.5514 -0.2036
vn -0.8090 -0.5513 -0.2037
vn -0.8178 -0.5474 -0.1776
vn -0.8178 -0.5473 -0.1776
vn -0.8177 -0.5476 -0.1775
vn -0.8250 -0.5446 -0.1509
vn -0.8250 -0.5447 -0.1509
vn -0.5544 -0.8322 -0.0105
vn -0.5570 -0.8302 -0.0211
vn -0.5576 -0.8299 -0.0154
vn -0.5556 -0.8314 -0.0066
vn -0.2173 -0.9760 0.0111
vn -0.2115 -0.9772 0.0179
vn -0.2149 -0.9765 0.0182
vn -0.2177 -0.9760 0.0097
vn -0.5539 -0.8320 -0.0306
vn -0.5560 -0.8306 -0.0301
vn -0.2180 -0.9756 0.0248
vn -0.2176 -0.9757 0.0263
vn -0.8437 -0.5367 -0.0140
vn -0.8437 -0.5366 -0.0139
vn -0.8436 -0.5367 -0.0140
vn -0.5550 -0.8319 -0.0000
vn -0.5549 -0.8319 -0.0000
vn -0.2175 -0.9761 -0.0001
vn -0.2174 -0.9761 -0.0000
vn 0.1970 -0.9803 0.0139
vn 0.1957 -0.9798 0.0416
vn 0.1932 -0.9787 0.0693
vn 0.1895 -0.9771 0.0967
vn -0.8362 -0.5398 -0.0967
vn -0.8400 -0.5382 -0.0692
vn -0.8425 -0.5371 -0.0416
vn -0.5565 -0.8304 0.0290
vn -0.5569 -0.8304 0.0151
vn -0.5576 -0.8299 0.0193
vn -0.5545 -0.8316 0.0308
vn -0.2180 -0.9756 -0.0247
vn -0.2116 -0.9772 -0.0178
vn -0.2150 -0.9765 -0.0183
vn -0.2176 -0.9757 -0.0262
vn -0.5547 -0.8320 0.0090
vn -0.5545 -0.8322 0.0083
vn -0.2173 -0.9760 -0.0112
vn -0.2177 -0.9760 -0.0098
vn -0.8362 -0.5398 0.0967
vn -0.5545 -0.8313 0.0377
vn -0.5545 -0.8313 0.0386
vn -0.2156 -0.9758 -0.0366
vn -0.2162 -0.9757 -0.0367
vn 0.1895 -0.9771 -0.0967
vn 0.1932 -0.9787 -0.0692
vn 0.1957 -0.9798 -0.0417
vn 0.1970 -0.9803 -0.0139
vn -0.8437 -0.5367 0.0139
vn -0.8437 -0.5366 0.0139
vn -0.8436 -0.5367 0.0139
vn -0.8425 -0.5371 0.0416
vn -0.8400 -0.5381 0.0692
vn -0.8400 -0.5382 0.0691
vn -0.8400 -0.5382 0.0692
vn -0.5491 -0.8336 0.0605
vn -0.5505 -0.8333 0.0506
vn -0.5513 -0.8324 0.0555
vn -0.5473 -0.8344 0.0661
vn -0.2280 -0.9716 -0.0626
vn -0.2209 -0.9740 -0.0507
vn -0.2199 -0.9742 -0.0506
vn -0.2267 -0.9720 -0.0612
vn -0.5500 -0.8340 0.0440
vn -0.5499 -0.8341 0.0427
vn -0.2170 -0.9751 -0.0460
vn -0.2172 -0.9750 -0.0465
vn -0.8090 -0.5514 0.2036
vn -0.8089 -0.5516 0.2036
vn -0.5455 -0.8350 0.0724
vn -0.5456 -0.8349 0.0725
vn -0.2250 -0.9716 -0.0728
vn -0.2255 -0.9716 -0.0721
vn 0.1622 -0.9655 -0.2036
vn 0.1709 -0.9692 -0.1775
vn 0.1708 -0.9692 -0.1775
vn 0.1782 -0.9724 -0.1508
vn 0.1781 -0.9724 -0.1507
vn 0.1784 -0.9723 -0.1509
vn 0.1783 -0.9723 -0.1509
vn 0.1845 -0.9750 -0.1240
vn -0.8312 -0.5419 0.1240
vn -0.8250 -0.5446 0.1509
vn -0.8177 -0.5477 0.1775
vn -0.8176 -0.5477 0.1775
vn -0.5313 -0.8422 0.0925
vn -0.5381 -0.8384 0.0862
vn -0.5370 -0.8388 0.0898
vn -0.5300 -0.8424 0.0977
vn -0.2415 -0.9659 -0.0934
vn -0.2328 -0.9685 -0.0887
vn -0.2322 -0.9685 -0.0895
vn -0.2410 -0.9659 -0.0948
vn -0.5418 -0.8365 0.0815
vn -0.5420 -0.8365 0.0809
vn -0.2266 -0.9708 -0.0785
vn -0.2330 -0.9693 -0.0781
vn -0.7631 -0.5710 0.3027
vn -0.5297 -0.8416 0.1050
vn -0.5288 -0.8420 0.1064
vn -0.2410 -0.9654 -0.1001
vn -0.2462 -0.9640 -0.1008
vn 0.1164 -0.9460 -0.3027
vn 0.1164 -0.9459 -0.3027
vn 0.1295 -0.9516 -0.2789
vn 0.1295 -0.9515 -0.2789
vn 0.1415 -0.9567 -0.2544
vn 0.1415 -0.9567 -0.2545
vn 0.1525 -0.9613 -0.2294
vn 0.1525 -0.9613 -0.2293
vn -0.7993 -0.5555 0.2293
vn -0.7992 -0.5556 0.2293
vn -0.7883 -0.5602 0.2544
vn -0.7763 -0.5654 0.2789
vn -0.5153 -0.8479 0.1243
vn -0.5197 -0.8462 0.1175
vn -0.5175 -0.8472 0.1205
vn -0.5108 -0.8500 0.1285
vn -0.2570 -0.9580 -0.1271
vn -0.2492 -0.9610 -0.1199
vn -0.2503 -0.9607 -0.1201
vn -0.2570 -0.9581 -0.1267
vn -0.5238 -0.8443 0.1130
vn -0.5240 -0.8443 0.1127
vn -0.2454 -0.9630 -0.1118
vn -0.2460 -0.9628 -0.1118
vn -0.7004 -0.5977 0.3901
vn -0.5084 -0.8509 0.1320
vn -0.5083 -0.8509 0.1324
vn -0.2617 -0.9559 -0.1335
vn -0.2615 -0.9560 -0.1329
vn 0.0536 -0.9192 -0.3902
vn 0.0536 -0.9192 -0.3901
vn 0.0708 -0.9265 -0.3696
vn 0.0869 -0.9334 -0.3480
vn 0.0869 -0.9334 -0.3481
vn 0.1021 -0.9399 -0.3259
vn 0.1022 -0.9399 -0.3258
vn -0.7489 -0.5770 0.3258
vn -0.7337 -0.5836 0.3481
vn -0.7337 -0.5835 0.3481
vn -0.7336 -0.5836 0.3481
vn -0.7337 -0.5835 0.3482
vn -0.7176 -0.5904 0.3695
vn -0.7176 -0.5904 0.3694
vn -0.7176 -0.5904 0.3693
vn -0.7177 -0.5904 0.3694
vn -0.4899 -0.8596 0.1454
vn -0.4963 -0.8562 0.1436
vn -0.4930 -0.8575 0.1469
vn -0.4844 -0.8617 0.1508
vn -0.2797 -0.9481 -0.1513
vn -0.2757 -0.9502 -0.1453
vn -0.2753 -0.9502 -0.1460
vn -0.2851 -0.9472 -0.1470
vn -0.5014 -0.8540 0.1390
vn -0.5015 -0.8539 0.1391
vn -0.2699 -0.9524 -0.1417
vn -0.2739 -0.9521 -0.1362
vn -0.6231 -0.6307 0.4626
vn -0.6231 -0.6307 0.4625
vn -0.4794 -0.8642 0.1530
vn -0.4792 -0.8643 0.1528
vn -0.2879 -0.9448 -0.1562
vn -0.2888 -0.9446 -0.1560
vn -0.0237 -0.8862 -0.4626
vn -0.0237 -0.8863 -0.4626
vn -0.0031 -0.8950 -0.4461
vn 0.0166 -0.9034 -0.4285
vn 0.0355 -0.9115 -0.4098
vn -0.6823 -0.6054 0.4098
vn -0.6634 -0.6134 0.4285
vn -0.6634 -0.6135 0.4285
vn -0.6436 -0.6219 0.4461
vn -0.4613 -0.8717 0.1656
vn -0.4689 -0.8684 0.1613
vn -0.4622 -0.8713 0.1647
vn -0.4550 -0.8745 0.1677
vn -0.3139 -0.9349 -0.1654
vn -0.3064 -0.9379 -0.1626
vn -0.3066 -0.9379 -0.1625
vn -0.3132 -0.9352 -0.1652
vn -0.4709 -0.8680 0.1576
vn -0.4718 -0.8676 0.1570
vn -0.2981 -0.9416 -0.1564
vn -0.2990 -0.9412 -0.1575
vn -0.5343 -0.6685 0.5173
vn -0.4529 -0.8752 0.1697
vn -0.4537 -0.8748 0.1702
vn -0.3191 -0.9326 -0.1687
vn -0.3167 -0.9330 -0.1708
vn -0.1124 -0.8484 -0.5172
vn -0.1124 -0.8484 -0.5173
vn -0.0890 -0.8582 -0.5055
vn -0.0893 -0.8582 -0.5054
vn -0.0892 -0.8582 -0.5054
vn -0.0893 -0.8583 -0.5054
vn -0.0668 -0.8678 -0.4924
vn -0.0668 -0.8678 -0.4923
vn -0.0669 -0.8678 -0.4924
vn -0.0449 -0.8771 -0.4781
vn -0.0449 -0.8772 -0.4781
vn -0.0450 -0.8772 -0.4781
vn -0.6018 -0.6397 0.4781
vn -0.5799 -0.6491 0.4923
vn -0.5574 -0.6587 0.5054
vn -0.4294 -0.8847 0.1816
vn -0.4338 -0.8838 0.1754
vn -0.4318 -0.8840 0.1792
vn -0.4255 -0.8863 0.1828
vn -0.3455 -0.9215 -0.1775
vn -0.3364 -0.9250 -0.1765
vn -0.3364 -0.9251 -0.1763
vn -0.3426 -0.9226 -0.1771
vn -0.4435 -0.8785 0.1776
vn -0.4435 -0.8784 0.1783
vn -0.3283 -0.9285 -0.1733
vn -0.3285 -0.9284 -0.1736
vn -0.4374 -0.7098 0.5521
vn -0.4374 -0.7098 0.5522
vn -0.4375 -0.7098 0.5521
vn -0.4177 -0.8894 0.1860
vn -0.4185 -0.8891 0.1854
vn -0.3526 -0.9172 -0.1857
vn -0.3533 -0.9170 -0.1853
vn -0.2093 -0.8071 -0.5521
vn -0.1845 -0.8177 -0.5453
vn -0.1845 -0.8177 -0.5452
vn -0.1601 -0.8280 -0.5373
vn -0.1601 -0.8280 -0.5374
vn -0.1601 -0.8281 -0.5373
vn -0.1361 -0.8383 -0.5280
vn -0.5107 -0.6786 0.5279
vn -0.4867 -0.6888 0.5373
vn -0.4866 -0.6888 0.5373
vn -0.4622 -0.6993 0.5453
vn -0.4620 -0.6994 0.5453
vn -0.4622 -0.6993 0.5454
vn -0.3977 -0.8986 0.1855
vn -0.4042 -0.8954 0.1867
vn -0.3998 -0.8973 0.1872
vn -0.3904 -0.9019 0.1847
vn -0.3803 -0.9058 -0.1868
vn -0.3684 -0.9115 -0.1831
vn -0.3678 -0.9119 -0.1823
vn -0.3777 -0.9064 -0.1891
vn -0.4107 -0.8926 0.1861
vn -0.4109 -0.8924 0.1862
vn -0.3594 -0.9143 -0.1869
vn -0.3600 -0.9142 -0.1862
vn -0.3360 -0.7530 0.5657
vn -0.3361 -0.7530 0.5657
vn -0.3860 -0.9041 0.1833
vn -0.3862 -0.9040 0.1834
vn -0.3885 -0.9023 -0.1870
vn -0.3883 -0.9029 -0.1847
vn -0.3106 -0.7639 -0.5657
vn -0.2850 -0.7748 -0.5643
vn -0.2849 -0.7748 -0.5644
vn -0.2851 -0.7747 -0.5644
vn -0.2851 -0.7748 -0.5643
vn -0.2597 -0.7856 -0.5616
vn -0.2344 -0.7964 -0.5575
vn -0.4124 -0.7205 0.5575
vn -0.4122 -0.7206 0.5575
vn -0.4125 -0.7205 0.5574
vn -0.3870 -0.7313 0.5616
vn -0.3871 -0.7313 0.5616
vn -0.3869 -0.7314 0.5616
vn -0.3617 -0.7421 0.5643
vn -0.3628 -0.9138 0.1824
vn -0.3723 -0.9093 0.1860
vn -0.3640 -0.9128 0.1852
vn -0.3580 -0.9158 0.1822
vn -0.4112 -0.8920 -0.1880
vn -0.4018 -0.8962 -0.1881
vn -0.4020 -0.8961 -0.1882
vn -0.4135 -0.8913 -0.1861
vn -0.3761 -0.9081 0.1839
vn -0.3759 -0.9083 0.1836
vn -0.3928 -0.9000 -0.1889
vn -0.3928 -0.9001 -0.1886
vn -0.3557 -0.9164 0.1834
vn -0.3534 -0.9181 0.1793
vn -0.4187 -0.8887 -0.1869
vn -0.4202 -0.8897 -0.1786
vn -0.3872 -0.7313 -0.5615
vn -0.3871 -0.7313 -0.5615
vn -0.3362 -0.7529 -0.5657
vn -0.3361 -0.7529 -0.5658
vn -0.3362 -0.7529 -0.5658
vn -0.3294 -0.9272 0.1784
vn -0.3372 -0.9240 0.1803
vn -0.3335 -0.9256 0.1792
vn -0.3241 -0.9298 0.1745
vn -0.4449 -0.8777 -0.1779
vn -0.4325 -0.8841 -0.1770
vn -0.4319 -0.8841 -0.1787
vn -0.4433 -0.8783 -0.1789
vn -0.3440 -0.9220 0.1777
vn -0.3456 -0.9216 0.1768
vn -0.4259 -0.8859 -0.1836
vn -0.4266 -0.8857 -0.1833
vn -0.1361 -0.8383 0.5280
vn -0.3226 -0.9309 0.1714
vn -0.3214 -0.9307 0.1748
vn -0.4520 -0.8750 -0.1736
vn -0.4519 -0.8750 -0.1734
vn -0.5106 -0.6787 -0.5279
vn -0.4374 -0.7099 -0.5521
vn -0.2094 -0.8071 0.5521
vn -0.1845 -0.8176 0.5454
vn -0.1597 -0.8283 0.5371
vn -0.2981 -0.9407 0.1621
vn -0.3056 -0.9376 0.1662
vn -0.3024 -0.9389 0.1645
vn -0.2946 -0.9422 0.1598
vn -0.4718 -0.8675 -0.1579
vn -0.4647 -0.8697 -0.1665
vn -0.4647 -0.8696 -0.1670
vn -0.4723 -0.8672 -0.1579
vn -0.3115 -0.9350 0.1694
vn -0.3115 -0.9350 0.1697
vn -0.4594 -0.8718 -0.1701
vn -0.4595 -0.8718 -0.1698
vn -0.0448 -0.8772 0.4781
vn -0.0448 -0.8771 0.4781
vn -0.2887 -0.9445 0.1565
vn -0.2887 -0.9446 0.1563
vn -0.4818 -0.8630 -0.1519
vn -0.4812 -0.8632 -0.1525
vn -0.5799 -0.6491 -0.4924
vn -0.5799 -0.6490 -0.4924
vn -0.2724 -0.9517 0.1415
vn -0.2774 -0.9493 0.1476
vn -0.2734 -0.9514 0.1420
vn -0.2665 -0.9542 0.1360
vn -0.5032 -0.8535 -0.1355
vn -0.4908 -0.8590 -0.1456
vn -0.4955 -0.8561 -0.1470
vn -0.5035 -0.8530 -0.1374
vn -0.2823 -0.9474 0.1507
vn -0.2821 -0.9475 0.1509
vn -0.4886 -0.8593 -0.1512
vn -0.4881 -0.8596 -0.1508
vn -0.2625 -0.9564 0.1282
vn -0.2667 -0.9551 0.1286
vn -0.5041 -0.8538 -0.1301
vn -0.5038 -0.8538 -0.1307
vn -0.6824 -0.6054 -0.4097
vn -0.6825 -0.6054 -0.4095
vn -0.6633 -0.6136 -0.4285
vn -0.6632 -0.6136 -0.4286
vn -0.6632 -0.6135 -0.4286
vn -0.6633 -0.6135 -0.4285
vn -0.6436 -0.6220 -0.4460
vn -0.0032 -0.8950 0.4461
vn -0.0030 -0.8950 0.4461
vn 0.0166 -0.9034 0.4286
vn -0.2505 -0.9617 0.1110
vn -0.2560 -0.9592 0.1203
vn -0.2526 -0.9608 0.1141
vn -0.2473 -0.9629 0.1077
vn -0.5196 -0.8470 -0.1122
vn -0.5169 -0.8480 -0.1170
vn -0.5166 -0.8482 -0.1168
vn -0.5217 -0.8455 -0.1141
vn -0.2605 -0.9575 0.1238
vn -0.2610 -0.9574 0.1237
vn -0.5110 -0.8507 -0.1235
vn -0.5112 -0.8506 -0.1234
vn -0.2418 -0.9645 0.1062
vn -0.2444 -0.9638 0.1069
vn -0.5290 -0.8419 -0.1066
vn -0.5290 -0.8420 -0.1058
vn -0.7490 -0.5770 -0.3258
vn -0.7489 -0.5770 -0.3258
vn -0.7338 -0.5835 -0.3480
vn -0.7337 -0.5835 -0.3482
vn -0.7175 -0.5905 -0.3695
vn -0.2330 -0.9691 0.0806
vn -0.2372 -0.9673 0.0898
vn -0.2349 -0.9684 0.0844
vn -0.2309 -0.9699 0.0768
vn -0.5375 -0.8395 -0.0793
vn -0.5363 -0.8398 -0.0845
vn -0.5358 -0.8401 -0.0849
vn -0.5380 -0.8392 -0.0792
vn -0.2417 -0.9657 0.0951
vn -0.2417 -0.9658 0.0941
vn -0.5304 -0.8426 -0.0935
vn -0.5308 -0.8423 -0.0939
vn -0.2289 -0.9710 0.0688
vn -0.2287 -0.9710 0.0691
vn -0.5428 -0.8366 -0.0744
vn -0.5439 -0.8359 -0.0743
vn -0.7993 -0.5555 -0.2292
vn -0.7991 -0.5558 -0.2291
vn -0.7992 -0.5557 -0.2293
vn -0.7631 -0.5710 -0.3027
vn -0.7631 -0.5709 -0.3029
vn 0.1295 -0.9516 0.2789
vn 0.1415 -0.9567 0.2543
vn -0.2187 -0.9746 0.0483
vn -0.2220 -0.9733 0.0579
vn -0.2182 -0.9744 0.0533
vn -0.2164 -0.9753 0.0437
vn -0.5544 -0.8310 -0.0454
vn -0.5505 -0.8331 -0.0543
vn -0.5509 -0.8328 -0.0544
vn -0.5537 -0.8316 -0.0433
vn -0.2267 -0.9720 0.0612
vn -0.2272 -0.9719 0.0614
vn -0.5496 -0.8330 -0.0628
vn -0.5441 -0.8365 -0.0656
vn 0.1845 -0.9750 0.1239
vn 0.1845 -0.9750 0.1238
vn 0.1844 -0.9750 0.1239
vn -0.2194 -0.9750 0.0346
vn -0.2202 -0.9748 0.0349
vn -0.5511 -0.8337 -0.0348
vn -0.5513 -0.8335 -0.0354
vn -0.8311 -0.5420 -0.1242
vn -0.8315 -0.5415 -0.1240
vn -0.8176 -0.5477 -0.1775
vn 0.1623 -0.9655 0.2036
vn 0.1709 -0.9692 0.1775
vn -0.2135 -0.9769 0.0133
vn -0.2138 -0.9766 0.0231
vn -0.2133 -0.9769 0.0146
vn -0.2136 -0.9769 0.0048
vn -0.5588 -0.8292 -0.0085
vn -0.5533 -0.8327 -0.0199
vn -0.5546 -0.8318 -0.0216
vn -0.5587 -0.8293 -0.0091
vn -0.2179 -0.9756 0.0259
vn -0.5530 -0.8326 -0.0301
vn -0.5543 -0.8318 -0.0308
vn -0.2175 -0.9761 0.0002
vn -0.2179 -0.9760 0.0003
vn -0.5589 -0.8292 -0.0000
vn -0.8436 -0.5367 -0.0139
vn -0.8400 -0.5382 -0.0691
vn -0.8362 -0.5399 -0.0966
vn -0.8363 -0.5397 -0.0967
vn -0.8362 -0.5398 -0.0966
vn -0.8360 -0.5402 -0.0966
vn 0.1932 -0.9787 0.0692
vn 0.1957 -0.9798 0.0417
vn -0.2171 -0.9758 -0.0244
vn -0.2140 -0.9767 -0.0149
vn -0.2112 -0.9772 -0.0204
vn -0.2180 -0.9755 -0.0292
vn -0.5530 -0.8327 0.0299
vn -0.5535 -0.8326 0.0199
vn -0.5545 -0.8319 0.0214
vn -0.5543 -0.8317 0.0308
vn -0.2111 -0.9774 -0.0115
vn -0.2101 -0.9776 -0.0091
vn -0.5589 -0.8292 0.0085
vn -0.5586 -0.8294 0.0091
vn -0.2194 -0.9750 -0.0346
vn -0.2201 -0.9748 -0.0348
vn -0.5512 -0.8337 0.0349
vn -0.5514 -0.8335 0.0355
vn -0.8362 -0.5399 0.0968
vn -0.8362 -0.5398 0.0966
vn -0.8361 -0.5399 0.0967
vn -0.8437 -0.5366 0.0140
vn 0.1931 -0.9787 -0.0692
vn -0.2250 -0.9726 -0.0588
vn -0.2183 -0.9745 -0.0522
vn -0.2220 -0.9733 -0.0577
vn -0.2265 -0.9718 -0.0653
vn -0.5496 -0.8330 0.0626
vn -0.5505 -0.8330 0.0543
vn -0.5509 -0.8328 0.0543
vn -0.5469 -0.8349 0.0626
vn -0.2167 -0.9751 -0.0469
vn -0.5543 -0.8311 0.0453
vn -0.5538 -0.8315 0.0438
vn 0.1623 -0.9655 -0.2036
vn -0.2281 -0.9712 -0.0682
vn -0.2284 -0.9711 -0.0687
vn -0.5429 -0.8365 0.0745
vn -0.5440 -0.8358 0.0744
vn -0.8251 -0.5445 0.1508
vn -0.8252 -0.5444 0.1507
vn -0.8311 -0.5421 0.1239
vn -0.8312 -0.5420 0.1239
vn -0.8312 -0.5420 0.1240
vn -0.8314 -0.5415 0.1244
vn -0.2380 -0.9669 -0.0915
vn -0.2352 -0.9682 -0.0849
vn -0.2372 -0.9674 -0.0894
vn -0.2411 -0.9654 -0.0995
vn -0.5303 -0.8427 0.0936
vn -0.5374 -0.8391 0.0844
vn -0.5360 -0.8400 0.0846
vn -0.5307 -0.8423 0.0940
vn -0.2322 -0.9695 -0.0785
vn -0.2325 -0.9694 -0.0785
vn -0.5375 -0.8396 0.0791
vn -0.5380 -0.8393 0.0790
vn -0.2418 -0.9645 -0.1062
vn -0.2431 -0.9641 -0.1072
vn -0.5289 -0.8420 0.1066
vn -0.5289 -0.8420 0.1058
vn -0.7632 -0.5709 0.3027
vn -0.7632 -0.5710 0.3026
vn -0.7762 -0.5654 0.2789
vn -0.7762 -0.5654 0.2790
vn -0.7882 -0.5603 0.2545
vn -0.7881 -0.5604 0.2545
vn -0.7992 -0.5556 0.2294
vn -0.7990 -0.5557 0.2297
vn 0.1524 -0.9613 -0.2293
vn 0.1414 -0.9567 -0.2543
vn -0.2589 -0.9581 -0.1224
vn -0.2517 -0.9610 -0.1146
vn -0.2566 -0.9591 -0.1193
vn -0.2611 -0.9570 -0.1261
vn -0.5109 -0.8507 0.1232
vn -0.5168 -0.8481 0.1168
vn -0.5165 -0.8483 0.1165
vn -0.5111 -0.8507 0.1230
vn -0.2491 -0.9623 -0.1088
vn -0.2493 -0.9624 -0.1081
vn -0.5194 -0.8471 0.1120
vn -0.5218 -0.8454 0.1142
vn 0.0537 -0.9192 -0.3901
vn 0.0540 -0.9194 -0.3897
vn 0.0536 -0.9192 -0.3900
vn -0.2638 -0.9561 -0.1277
vn -0.2667 -0.9551 -0.1290
vn -0.5042 -0.8538 0.1296
vn -0.5040 -0.8538 0.1303
vn -0.7003 -0.5978 0.3902
vn -0.7004 -0.5978 0.3901
vn -0.7175 -0.5904 0.3696
vn -0.7490 -0.5770 0.3258
vn 0.0869 -0.9334 -0.3482
vn -0.2809 -0.9481 -0.1493
vn -0.2744 -0.9514 -0.1399
vn -0.2790 -0.9489 -0.1475
vn -0.2836 -0.9469 -0.1517
vn -0.4886 -0.8593 0.1513
vn -0.4907 -0.8591 0.1456
vn -0.4953 -0.8562 0.1471
vn -0.4881 -0.8597 0.1509
vn -0.2739 -0.9521 -0.1363
vn -0.2741 -0.9519 -0.1366
vn -0.5033 -0.8534 0.1355
vn -0.5037 -0.8529 0.1375
vn -0.2887 -0.9445 -0.1565
vn -0.2889 -0.9445 -0.1563
vn -0.4806 -0.8637 0.1519
vn -0.4806 -0.8636 0.1527
vn -0.6436 -0.6220 0.4461
vn -0.6633 -0.6135 0.4285
vn -0.3099 -0.9357 -0.1686
vn -0.3023 -0.9389 -0.1647
vn -0.3056 -0.9375 -0.1664
vn -0.3132 -0.9343 -0.1704
vn -0.4592 -0.8719 0.1699
vn -0.4656 -0.8692 0.1665
vn -0.4658 -0.8690 0.1669
vn -0.4592 -0.8720 0.1697
vn -0.2963 -0.9414 -0.1612
vn -0.2962 -0.9414 -0.1613
vn -0.4719 -0.8674 0.1578
vn -0.4725 -0.8671 0.1577
vn -0.1125 -0.8484 -0.5172
vn -0.1124 -0.8484 -0.5174
vn -0.3222 -0.9307 -0.1731
vn -0.3205 -0.9310 -0.1748
vn -0.4521 -0.8750 0.1735
vn -0.4520 -0.8750 0.1732
vn -0.5343 -0.6685 0.5174
vn -0.5577 -0.6585 0.5054
vn -0.5573 -0.6589 0.5053
vn -0.5799 -0.6491 0.4924
vn -0.0449 -0.8772 -0.4780
vn -0.0667 -0.8678 -0.4924
vn -0.0667 -0.8678 -0.4923
vn -0.0666 -0.8679 -0.4922
vn -0.0892 -0.8583 -0.5054
vn -0.0893 -0.8582 -0.5055
vn -0.0891 -0.8583 -0.5054
vn -0.0890 -0.8583 -0.5053
vn -0.3391 -0.9232 -0.1810
vn -0.3331 -0.9258 -0.1786
vn -0.3364 -0.9243 -0.1804
vn -0.3473 -0.9201 -0.1812
vn -0.4247 -0.8866 0.1833
vn -0.4325 -0.8841 0.1770
vn -0.4320 -0.8842 0.1776
vn -0.4255 -0.8861 0.1838
vn -0.3262 -0.9283 -0.1786
vn -0.3253 -0.9288 -0.1776
vn -0.4464 -0.8775 0.1750
vn -0.4445 -0.8792 0.1715
vn -0.2094 -0.8071 -0.5521
vn -0.3558 -0.9164 -0.1831
vn -0.3536 -0.9181 -0.1790
vn -0.4195 -0.8885 0.1860
vn -0.4196 -0.8885 0.1859
vn -0.4374 -0.7099 0.5521
vn -0.4370 -0.7100 0.5521
vn -0.4866 -0.6889 0.5373
vn -0.5107 -0.6787 0.5277
vn -0.1361 -0.8383 -0.5279
vn -0.1601 -0.8281 -0.5372
vn -0.3765 -0.9081 -0.1832
vn -0.3647 -0.9125 -0.1850
vn -0.3729 -0.9089 -0.1866
vn -0.3771 -0.9078 -0.1835
vn -0.3963 -0.8987 0.1877
vn -0.4018 -0.8964 0.1873
vn -0.4017 -0.8963 0.1877
vn -0.3905 -0.9013 0.1876
vn -0.3609 -0.9147 -0.1820
vn -0.3612 -0.9147 -0.1814
vn -0.4109 -0.8922 0.1877
vn -0.4136 -0.8913 0.1861
vn -0.3106 -0.7639 -0.5656
vn -0.3362 -0.7530 0.5657
vn -0.4123 -0.7206 0.5575
vn -0.4120 -0.7207 0.5576
vn -0.4121 -0.7206 0.5576
vn -0.4123 -0.7205 0.5575
vn -0.2344 -0.7964 -0.5576
vn -0.2597 -0.7856 -0.5615
vn -0.2597 -0.7856 -0.5617
vn 0.3331 0.9263 -0.1759
vn 0.3385 0.9243 -0.1763
vn 0.3310 0.9269 -0.1771
vn 0.3237 0.9295 -0.1768
vn 0.3433 0.9224 -0.1769
vn 0.3471 0.9204 -0.1801
vn 0.4348 0.8833 0.1751
vn 0.4363 0.8826 0.1749
vn 0.4425 0.8801 0.1718
vn 0.4455 0.8786 0.1722
vn 0.4250 0.8871 0.1799
vn 0.4284 0.8857 0.1788
vn 0.1361 0.8383 -0.5279
vn 0.1601 0.8281 -0.5373
vn 0.1845 0.8177 -0.5453
vn 0.2093 0.8071 -0.5521
vn 0.4375 0.7098 0.5521
vn 0.4374 0.7099 0.5521
vn 0.4622 0.6993 0.5453
vn 0.4867 0.6888 0.5373
vn 0.4866 0.6888 0.5373
vn 0.4866 0.6888 0.5374
vn 0.5107 0.6786 0.5279
vn 0.5108 0.6786 0.5279
vn 0.4523 0.8757 0.1690
vn 0.4479 0.8775 0.1716
vn 0.3157 0.9331 -0.1720
vn 0.3160 0.9330 -0.1723
vn 0.3035 0.9391 -0.1612
vn 0.3078 0.9372 -0.1639
vn 0.3005 0.9404 -0.1594
vn 0.2962 0.9422 -0.1568
vn 0.3134 0.9351 -0.1652
vn 0.3140 0.9349 -0.1656
vn 0.4655 0.8701 0.1622
vn 0.4654 0.8700 0.1624
vn 0.4710 0.8677 0.1593
vn 0.4745 0.8661 0.1570
vn 0.4553 0.8744 0.1674
vn 0.4608 0.8720 0.1654
vn 0.0450 0.8772 -0.4781
vn 0.0449 0.8772 -0.4781
vn 0.0450 0.8771 -0.4781
vn 0.0450 0.8771 -0.4782
vn 0.0668 0.8679 -0.4923
vn 0.0668 0.8678 -0.4923
vn 0.0891 0.8582 -0.5055
vn 0.0890 0.8583 -0.5053
vn 0.0892 0.8583 -0.5054
vn 0.0893 0.8582 -0.5055
vn 0.1124 0.8484 -0.5173
vn 0.5343 0.6685 0.5174
vn 0.5342 0.6685 0.5174
vn 0.5343 0.6684 0.5175
vn 0.5343 0.6685 0.5173
vn 0.5574 0.6587 0.5054
vn 0.5577 0.6585 0.5054
vn 0.5800 0.6491 0.4923
vn 0.5799 0.6491 0.4923
vn 0.5801 0.6490 0.4922
vn 0.5800 0.6491 0.4922
vn 0.6018 0.6397 0.4781
vn 0.6019 0.6397 0.4781
vn 0.4792 0.8643 0.1530
vn 0.4792 0.8643 0.1532
vn 0.2913 0.9444 -0.1528
vn 0.2912 0.9443 -0.1530
vn 0.2750 0.9506 -0.1441
vn 0.2777 0.9495 -0.1461
vn 0.2712 0.9531 -0.1341
vn 0.2691 0.9535 -0.1355
vn 0.2826 0.9480 -0.1461
vn 0.2830 0.9478 -0.1470
vn 0.4951 0.8565 0.1458
vn 0.4946 0.8570 0.1451
vn 0.4997 0.8554 0.1363
vn 0.5000 0.8552 0.1366
vn 0.4845 0.8617 0.1507
vn 0.4910 0.8588 0.1464
vn -0.0355 0.9115 -0.4098
vn -0.0353 0.9115 -0.4098
vn -0.0354 0.9115 -0.4098
vn -0.0355 0.9115 -0.4097
vn -0.0166 0.9034 -0.4285
vn 0.0031 0.8950 -0.4461
vn 0.0237 0.8862 -0.4626
vn 0.6231 0.6307 0.4626
vn 0.6436 0.6219 0.4460
vn 0.6437 0.6219 0.4460
vn 0.6633 0.6135 0.4285
vn 0.6823 0.6054 0.4098
vn 0.6823 0.6054 0.4097
vn 0.5068 0.8523 0.1295
vn 0.5047 0.8531 0.1324
vn 0.2641 0.9558 -0.1295
vn 0.2663 0.9548 -0.1323
vn 0.2505 0.9613 -0.1152
vn 0.2560 0.9589 -0.1223
vn 0.2455 0.9628 -0.1129
vn 0.2463 0.9627 -0.1118
vn 0.2552 0.9589 -0.1244
vn 0.2565 0.9584 -0.1256
vn 0.5187 0.8464 0.1206
vn 0.5183 0.8466 0.1208
vn 0.5210 0.8459 0.1143
vn 0.5244 0.8448 0.1066
vn 0.5124 0.8491 0.1285
vn 0.5146 0.8485 0.1238
vn -0.1021 0.9399 -0.3259
vn -0.0869 0.9334 -0.3481
vn -0.0708 0.9265 -0.3696
vn -0.0708 0.9265 -0.3697
vn -0.0537 0.9193 -0.3899
vn -0.0537 0.9192 -0.3901
vn -0.0537 0.9192 -0.3900
vn -0.0536 0.9193 -0.3899
vn 0.7004 0.5977 0.3902
vn 0.7175 0.5904 0.3696
vn 0.7337 0.5835 0.3481
vn 0.7491 0.5768 0.3258
vn 0.7490 0.5770 0.3258
vn 0.7489 0.5770 0.3258
vn 0.5262 0.8443 0.1014
vn 0.5265 0.8440 0.1024
vn 0.2434 0.9646 -0.1013
vn 0.2453 0.9638 -0.1046
vn 0.2318 0.9688 -0.0874
vn 0.2344 0.9679 -0.0906
vn 0.2338 0.9692 -0.0772
vn 0.2324 0.9694 -0.0788
vn 0.2395 0.9665 -0.0920
vn 0.2378 0.9669 -0.0927
vn 0.5377 0.8384 0.0887
vn 0.5374 0.8387 0.0886
vn 0.5369 0.8399 0.0799
vn 0.5413 0.8374 0.0761
vn 0.5325 0.8406 0.0989
vn 0.5343 0.8400 0.0943
vn -0.1524 0.9613 -0.2295
vn -0.1525 0.9613 -0.2293
vn -0.1525 0.9613 -0.2294
vn -0.1415 0.9567 -0.2544
vn -0.1295 0.9515 -0.2789
vn -0.1295 0.9516 -0.2789
vn -0.1295 0.9516 -0.2788
vn -0.1164 0.9460 -0.3027
vn 0.7631 0.5710 0.3027
vn 0.7630 0.5711 0.3027
vn 0.7763 0.5653 0.2789
vn 0.7763 0.5653 0.2790
vn 0.7883 0.5602 0.2544
vn 0.7992 0.5556 0.2293
vn 0.7992 0.5556 0.2292
vn 0.5451 0.8353 0.0719
vn 0.5446 0.8356 0.0717
vn 0.2252 0.9718 -0.0697
vn 0.2262 0.9713 -0.0734
vn 0.2194 0.9743 -0.0511
vn 0.2191 0.9740 -0.0578
vn 0.2172 0.9752 -0.0438
vn 0.2174 0.9751 -0.0444
vn 0.2250 0.9721 -0.0659
vn 0.2264 0.9720 -0.0638
vn 0.5477 0.8347 0.0570
vn 0.5469 0.8353 0.0559
vn 0.5520 0.8324 0.0494
vn 0.5540 0.8314 0.0429
vn 0.5470 0.8344 0.0668
vn 0.5474 0.8349 0.0579
vn -0.1846 0.9750 -0.1240
vn -0.1845 0.9750 -0.1240
vn -0.1845 0.9750 -0.1241
vn -0.1783 0.9723 -0.1509
vn -0.1709 0.9692 -0.1775
vn -0.1623 0.9655 -0.2036
vn 0.8090 0.5514 0.2036
vn 0.8176 0.5477 0.1775
vn 0.8250 0.5446 0.1509
vn 0.8313 0.5419 0.1240
vn 0.8313 0.5418 0.1240
vn 0.8312 0.5419 0.1240
vn 0.5555 0.8307 0.0361
vn 0.5552 0.8309 0.0362
vn 0.2202 0.9748 -0.0355
vn 0.2186 0.9750 -0.0394
vn 0.2133 0.9769 -0.0145
vn 0.2133 0.9767 -0.0217
vn 0.2107 0.9775 -0.0073
vn 0.2114 0.9774 -0.0067
vn 0.2138 0.9765 -0.0287
vn 0.2141 0.9764 -0.0279
vn 0.5583 0.8294 0.0195
vn 0.5576 0.8299 0.0191
vn 0.5550 0.8318 0.0118
vn 0.5552 0.8317 0.0069
vn 0.5547 0.8314 0.0317
vn 0.5560 0.8309 0.0229
vn -0.1970 0.9803 -0.0139
vn -0.1957 0.9798 -0.0417
vn -0.1958 0.9798 -0.0417
vn -0.1932 0.9787 -0.0691
vn -0.1932 0.9787 -0.0692
vn -0.1895 0.9771 -0.0967
vn 0.8363 0.5396 0.0967
vn 0.8362 0.5398 0.0967
vn 0.8363 0.5397 0.0967
vn 0.8364 0.5395 0.0967
vn 0.8400 0.5382 0.0692
vn 0.8425 0.5371 0.0416
vn 0.8437 0.5366 0.0139
vn 0.8437 0.5367 0.0139
vn 0.5549 0.8319 -0.0000
vn 0.2161 0.9764 0.0037
vn 0.2153 0.9765 -0.0039
vn 0.2134 0.9767 0.0217
vn 0.2126 0.9770 0.0147
vn 0.2139 0.9764 0.0289
vn 0.2143 0.9763 0.0284
vn 0.2102 0.9776 0.0097
vn 0.2108 0.9775 0.0109
vn 0.5583 0.8294 -0.0194
vn 0.5576 0.8299 -0.0190
vn 0.5561 0.8308 -0.0229
vn 0.5548 0.8314 -0.0317
vn 0.5552 0.8317 -0.0069
vn 0.5550 0.8318 -0.0118
vn -0.1895 0.9771 0.0967
vn -0.1932 0.9787 0.0691
vn -0.1932 0.9787 0.0692
vn -0.1957 0.9798 0.0417
vn -0.1958 0.9798 0.0417
vn -0.1970 0.9803 0.0139
vn 0.8437 0.5367 -0.0139
vn 0.8436 0.5367 -0.0139
vn 0.8437 0.5366 -0.0139
vn 0.8425 0.5371 -0.0416
vn 0.8400 0.5382 -0.0693
vn 0.8399 0.5382 -0.0694
vn 0.8400 0.5382 -0.0694
vn 0.8362 0.5398 -0.0967
vn 0.8362 0.5398 -0.0966
vn 0.5555 0.8308 -0.0361
vn 0.5551 0.8310 -0.0363
vn 0.2199 0.9747 0.0394
vn 0.2182 0.9754 0.0323
vn 0.2194 0.9739 0.0581
vn 0.2198 0.9742 0.0511
vn 0.2253 0.9721 0.0661
vn 0.2270 0.9719 0.0625
vn 0.2170 0.9752 0.0439
vn 0.2170 0.9751 0.0448
vn 0.5484 0.8343 -0.0574
vn 0.5477 0.8347 -0.0570
vn 0.5482 0.8344 -0.0579
vn 0.5470 0.8345 -0.0668
vn 0.5539 0.8315 -0.0425
vn 0.5517 0.8325 -0.0497
vn -0.1623 0.9655 0.2036
vn -0.1709 0.9692 0.1775
vn -0.1783 0.9723 0.1509
vn -0.1844 0.9750 0.1240
vn -0.1845 0.9750 0.1242
vn -0.1844 0.9750 0.1241
vn -0.1845 0.9750 0.1240
vn 0.8312 0.5419 -0.1240
vn 0.8312 0.5419 -0.1241
vn 0.8250 0.5446 -0.1508
vn 0.8176 0.5478 -0.1775
vn 0.8176 0.5477 -0.1775
vn 0.8090 0.5514 -0.2036
vn 0.8090 0.5513 -0.2036
vn 0.5451 0.8353 -0.0720
vn 0.5446 0.8356 -0.0718
vn 0.2271 0.9711 0.0739
vn 0.2253 0.9717 0.0708
vn 0.2334 0.9682 0.0899
vn 0.2320 0.9689 0.0862
vn 0.2420 0.9656 0.0954
vn 0.2410 0.9657 0.0968
vn 0.2332 0.9694 0.0766
vn 0.2323 0.9695 0.0786
vn 0.5379 0.8383 -0.0887
vn 0.5375 0.8386 -0.0886
vn 0.5343 0.8400 -0.0943
vn 0.5326 0.8406 -0.0989
vn 0.5413 0.8374 -0.0760
vn 0.5368 0.8399 -0.0803
vn -0.1164 0.9460 0.3027
vn -0.1164 0.9459 0.3027
vn -0.1295 0.9515 0.2789
vn -0.1295 0.9516 0.2789
vn -0.1415 0.9567 0.2544
vn -0.1526 0.9613 0.2293
vn -0.1525 0.9613 0.2293
vn 0.7992 0.5556 -0.2292
vn 0.7992 0.5556 -0.2293
vn 0.7993 0.5555 -0.2293
vn 0.7883 0.5602 -0.2544
vn 0.7762 0.5654 -0.2789
vn 0.7630 0.5711 -0.3027
vn 0.5262 0.8443 -0.1014
vn 0.5265 0.8440 -0.1023
vn 0.2452 0.9639 0.1036
vn 0.2427 0.9648 0.1009
vn 0.2551 0.9593 0.1213
vn 0.2495 0.9616 0.1144
vn 0.2556 0.9585 0.1266
vn 0.2572 0.9581 0.1264
vn 0.2467 0.9624 0.1139
vn 0.2467 0.9625 0.1125
vn 0.5181 0.8467 -0.1213
vn 0.5175 0.8471 -0.1214
vn 0.5148 0.8484 -0.1236
vn 0.5117 0.8494 -0.1293
vn 0.5242 0.8449 -0.1064
vn 0.5209 0.8460 -0.1142
vn -0.0536 0.9192 0.3902
vn -0.0707 0.9265 0.3696
vn -0.0869 0.9334 0.3481
vn -0.1021 0.9399 0.3259
vn -0.1022 0.9399 0.3259
vn 0.7489 0.5770 -0.3258
vn 0.7338 0.5834 -0.3481
vn 0.7337 0.5835 -0.3481
vn 0.7176 0.5905 -0.3693
vn 0.7175 0.5904 -0.3696
vn 0.7176 0.5904 -0.3695
vn 0.7176 0.5904 -0.3694
vn 0.7004 0.5977 -0.3902
vn 0.5055 0.8529 -0.1307
vn 0.5057 0.8527 -0.1310
vn 0.2659 0.9550 0.1316
vn 0.2634 0.9560 0.1294
vn 0.2771 0.9497 0.1460
vn 0.2747 0.9508 0.1435
vn 0.2863 0.9469 0.1466
vn 0.2860 0.9466 0.1489
vn 0.2720 0.9519 0.1412
vn 0.2719 0.9521 0.1401
vn 0.4951 0.8565 -0.1458
vn 0.4945 0.8570 -0.1451
vn 0.4912 0.8587 -0.1465
vn 0.4845 0.8617 -0.1508
vn 0.5013 0.8546 -0.1358
vn 0.4981 0.8561 -0.1379
vn 0.0237 0.8862 0.4627
vn 0.0237 0.8862 0.4626
vn 0.0031 0.8950 0.4461
vn -0.0166 0.9034 0.4285
vn -0.0354 0.9115 0.4098
vn -0.0355 0.9115 0.4098
vn 0.6823 0.6054 -0.4098
vn 0.6823 0.6055 -0.4098
vn 0.6633 0.6135 -0.4285
vn 0.6436 0.6219 -0.4461
vn 0.6231 0.6307 -0.4626
vn 0.6231 0.6307 -0.4625
vn 0.6231 0.6308 -0.4624
vn 0.4792 0.8644 -0.1524
vn 0.4789 0.8645 -0.1526
vn 0.2926 0.9437 0.1543
vn 0.2892 0.9451 0.1523
vn 0.3085 0.9369 0.1644
vn 0.3034 0.9392 0.1608
vn 0.3121 0.9357 0.1644
vn 0.3092 0.9365 0.1656
vn 0.2985 0.9413 0.1577
vn 0.2986 0.9412 0.1579
vn 0.4655 0.8700 -0.1625
vn 0.4656 0.8699 -0.1628
vn 0.4602 0.8722 -0.1657
vn 0.4559 0.8741 -0.1674
vn 0.4745 0.8662 -0.1569
vn 0.4710 0.8676 -0.1592
vn 0.1124 0.8484 0.5172
vn 0.1124 0.8484 0.5173
vn 0.1123 0.8484 0.5173
vn 0.0893 0.8582 0.5055
vn 0.0893 0.8582 0.5054
vn 0.0894 0.8582 0.5054
vn 0.0895 0.8582 0.5055
vn 0.0668 0.8678 0.4924
vn 0.0668 0.8678 0.4923
vn 0.0668 0.8679 0.4923
vn 0.0449 0.8772 0.4781
vn 0.6018 0.6397 -0.4781
vn 0.6018 0.6397 -0.4782
vn 0.5799 0.6490 -0.4924
vn 0.5799 0.6491 -0.4924
vn 0.5798 0.6491 -0.4924
vn 0.5575 0.6586 -0.5054
vn 0.5574 0.6587 -0.5054
vn 0.5343 0.6685 -0.5173
vn 0.5342 0.6686 -0.5173
vn 0.5343 0.6686 -0.5173
vn 0.5343 0.6685 -0.5174
vn 0.4501 0.8768 -0.1694
vn 0.4506 0.8765 -0.1696
vn 0.3241 0.9303 0.1718
vn 0.3170 0.9331 0.1697
vn 0.3388 0.9240 0.1773
vn 0.3334 0.9263 0.1754
vn 0.3448 0.9216 0.1784
vn 0.3456 0.9213 0.1785
vn 0.3310 0.9269 0.1770
vn 0.3274 0.9278 0.1787
vn 0.4348 0.8834 -0.1748
vn 0.4361 0.8828 -0.1747
vn 0.4287 0.8856 -0.1786
vn 0.4250 0.8872 -0.1797
vn 0.4476 0.8769 -0.1752
vn 0.4398 0.8805 -0.1770
vn 0.2093 0.8071 0.5521
vn 0.1844 0.8176 0.5454
vn 0.1845 0.8176 0.5454
vn 0.1599 0.8283 0.5370
vn 0.1601 0.8281 0.5373
vn 0.1600 0.8281 0.5373
vn 0.1361 0.8383 0.5279
vn 0.1361 0.8383 0.5280
vn 0.5107 0.6785 -0.5280
vn 0.5107 0.6786 -0.5279
vn 0.4866 0.6888 -0.5374
vn 0.4866 0.6888 -0.5373
vn 0.4622 0.6993 -0.5453
vn 0.4375 0.7098 -0.5521
vn 0.4189 0.8898 -0.1810
vn 0.4189 0.8898 -0.1813
vn 0.3540 0.9174 0.1816
vn 0.3505 0.9189 0.1811
vn 0.3715 0.9094 0.1871
vn 0.3652 0.9119 0.1870
vn 0.3776 0.9066 0.1882
vn 0.3773 0.9069 0.1877
vn 0.3586 0.9145 0.1870
vn 0.3600 0.9142 0.1862
vn 0.4020 0.8972 -0.1828
vn 0.4020 0.8970 -0.1836
vn 0.3971 0.8986 -0.1864
vn 0.3929 0.9000 -0.1888
vn 0.4126 0.8928 -0.1807
vn 0.4070 0.8946 -0.1842
vn 0.3106 0.7639 0.5657
vn 0.2851 0.7748 0.5642
vn 0.2851 0.7748 0.5643
vn 0.2597 0.7856 0.5616
vn 0.2597 0.7856 0.5615
vn 0.2344 0.7964 0.5575
vn 0.4123 0.7205 -0.5575
vn 0.4124 0.7205 -0.5575
vn 0.3871 0.7313 -0.5615
vn 0.3871 0.7313 -0.5616
vn 0.3870 0.7313 -0.5616
vn 0.3617 0.7421 -0.5643
vn 0.3367 0.7529 -0.5655
vn 0.3362 0.7529 -0.5657
vn 0.3362 0.7531 -0.5655
vn 0.3363 0.7530 -0.5656
vn 0.3820 0.9051 -0.1866
vn 0.3826 0.9053 -0.1846
vn 0.3871 0.9036 0.1834
vn 0.3819 0.9054 0.1853
vn 0.4045 0.8959 0.1836
vn 0.4002 0.8979 0.1834
vn 0.4097 0.8939 0.1816
vn 0.4096 0.8939 0.1821
vn 0.3927 0.9012 0.1832
vn 0.3918 0.9016 0.1835
vn 0.3696 0.9110 -0.1829
vn 0.3695 0.9110 -0.1834
vn 0.3623 0.9140 -0.1824
vn 0.3580 0.9158 -0.1822
vn 0.3766 0.9069 -0.1889
vn 0.3735 0.9088 -0.1860
vn 0.4123 0.7205 0.5575
vn 0.4124 0.7205 0.5575
vn 0.3870 0.7313 0.5616
vn 0.3616 0.7422 0.5643
vn 0.3615 0.7422 0.5643
vn 0.3361 0.7530 0.5657
vn 0.3106 0.7638 -0.5658
vn 0.3107 0.7638 -0.5658
vn 0.2849 0.7750 -0.5640
vn 0.2850 0.7748 -0.5643
vn 0.2597 0.7856 -0.5615
vn 0.3482 0.9192 -0.1839
vn 0.3509 0.9178 -0.1859
vn 0.4227 0.8877 0.1824
vn 0.4147 0.8911 0.1845
vn 0.4368 0.8816 0.1791
vn 0.4334 0.8830 0.1802
vn 0.4443 0.8780 0.1779
vn 0.4445 0.8782 0.1766
vn 0.4294 0.8854 0.1781
vn 0.4276 0.8862 0.1783
vn 0.3350 0.9247 -0.1809
vn 0.3344 0.9249 -0.1807
vn 0.3286 0.9277 -0.1774
vn 0.3251 0.9292 -0.1758
vn 0.3468 0.9202 -0.1813
vn 0.3460 0.9208 -0.1801
vn 0.4865 0.6889 0.5374
vn 0.4866 0.6889 0.5373
vn 0.4622 0.6993 0.5454
vn 0.4622 0.6992 0.5453
vn 0.4622 0.6992 0.5454
vn 0.4374 0.7098 0.5522
vn 0.4374 0.7098 0.5521
vn 0.1601 0.8281 -0.5372
vn 0.1600 0.8281 -0.5372
vn 0.3183 0.9318 -0.1745
vn 0.3164 0.9324 -0.1745
vn 0.4516 0.8758 0.1701
vn 0.4487 0.8770 0.1720
vn 0.4680 0.8683 0.1647
vn 0.4648 0.8697 0.1661
vn 0.4701 0.8679 0.1609
vn 0.4730 0.8671 0.1562
vn 0.4599 0.8716 0.1698
vn 0.4596 0.8719 0.1692
vn 0.3036 0.9382 -0.1661
vn 0.3040 0.9381 -0.1659
vn 0.3010 0.9403 -0.1586
vn 0.2955 0.9423 -0.1572
vn 0.3133 0.9343 -0.1704
vn 0.3100 0.9356 -0.1687
vn 0.0893 0.8582 -0.5054
vn 0.0893 0.8583 -0.5054
vn 0.0894 0.8582 -0.5054
vn 0.0668 0.8678 -0.4924
vn 0.0449 0.8772 -0.4780
vn 0.2929 0.9439 -0.1528
vn 0.2922 0.9440 -0.1535
vn 0.4822 0.8629 0.1514
vn 0.4777 0.8647 0.1550
vn 0.4954 0.8572 0.1411
vn 0.4905 0.8594 0.1442
vn 0.4998 0.8555 0.1353
vn 0.5005 0.8552 0.1348
vn 0.4888 0.8592 0.1514
vn 0.4882 0.8596 0.1507
vn 0.2779 0.9503 -0.1404
vn 0.2786 0.9498 -0.1420
vn 0.2732 0.9517 -0.1399
vn 0.2710 0.9531 -0.1344
vn 0.2833 0.9470 -0.1517
vn 0.2809 0.9481 -0.1490
vn 0.6634 0.6134 0.4285
vn 0.6435 0.6219 0.4461
vn 0.6436 0.6219 0.4461
vn 0.6436 0.6220 0.4461
vn 0.0031 0.8950 -0.4460
vn 0.0033 0.8950 -0.4460
vn 0.0030 0.8950 -0.4461
vn 0.0030 0.8950 -0.4460
vn 0.2658 0.9551 -0.1306
vn 0.2655 0.9552 -0.1307
vn 0.5067 0.8525 0.1287
vn 0.5040 0.8535 0.1324
vn 0.5198 0.8461 0.1179
vn 0.5172 0.8473 0.1206
vn 0.5216 0.8462 0.1086
vn 0.5222 0.8458 0.1091
vn 0.5134 0.8486 0.1282
vn 0.5150 0.8479 0.1259
vn 0.2557 0.9598 -0.1158
vn 0.2493 0.9610 -0.1201
vn 0.2505 0.9617 -0.1109
vn 0.2473 0.9629 -0.1079
vn 0.2610 0.9571 -0.1256
vn 0.2582 0.9584 -0.1220
vn 0.7338 0.5834 0.3481
vn 0.7337 0.5836 0.3481
vn 0.7003 0.5977 0.3902
vn -0.0536 0.9192 -0.3901
vn -0.0535 0.9192 -0.3901
vn -0.0703 0.9264 -0.3699
vn -0.0707 0.9265 -0.3696
vn -0.0869 0.9334 -0.3482
vn -0.1022 0.9399 -0.3259
vn -0.1022 0.9398 -0.3259
vn 0.2461 0.9639 -0.1021
vn 0.2469 0.9635 -0.1039
vn 0.5271 0.8438 0.1010
vn 0.5258 0.8441 0.1048
vn 0.5379 0.8387 0.0847
vn 0.5386 0.8380 0.0873
vn 0.5431 0.8357 0.0814
vn 0.5425 0.8362 0.0802
vn 0.5350 0.8393 0.0967
vn 0.5341 0.8399 0.0964
vn 0.2356 0.9681 -0.0848
vn 0.2355 0.9681 -0.0858
vn 0.2303 0.9696 -0.0823
vn 0.2283 0.9704 -0.0790
vn 0.2412 0.9656 -0.0977
vn 0.2396 0.9664 -0.0928
vn 0.7992 0.5557 0.2293
vn -0.1163 0.9460 -0.3027
vn -0.1416 0.9567 -0.2544
vn -0.1524 0.9613 -0.2294
vn 0.2290 0.9710 -0.0685
vn 0.2286 0.9711 -0.0694
vn 0.5426 0.8371 0.0694
vn 0.5416 0.8375 0.0734
vn 0.5487 0.8344 0.0517
vn 0.5476 0.8349 0.0553
vn 0.5498 0.8341 0.0443
vn 0.5497 0.8342 0.0443
vn 0.5451 0.8360 0.0621
vn 0.5451 0.8360 0.0622
vn 0.2245 0.9729 -0.0551
vn 0.2229 0.9732 -0.0573
vn 0.2213 0.9741 -0.0470
vn 0.2204 0.9745 -0.0427
vn 0.2271 0.9717 -0.0645
vn 0.2243 0.9727 -0.0590
vn -0.1621 0.9656 -0.2035
vn -0.1622 0.9655 -0.2036
vn -0.1708 0.9692 -0.1775
vn -0.1782 0.9724 -0.1509
vn 0.2213 0.9746 -0.0348
vn 0.2192 0.9749 -0.0394
vn 0.5524 0.8329 0.0333
vn 0.5514 0.8334 0.0384
vn 0.5577 0.8299 0.0163
vn 0.5570 0.8302 0.0212
vn 0.5586 0.8294 0.0089
vn 0.5549 0.8315 0.0273
vn 0.5550 0.8315 0.0232
vn 0.2132 0.9768 -0.0206
vn 0.2136 0.9767 -0.0207
vn 0.2153 0.9765 -0.0131
vn 0.2161 0.9764 -0.0055
vn 0.2145 0.9763 -0.0299
vn 0.2140 0.9765 -0.0252
vn 0.8436 0.5367 0.0140
vn 0.8400 0.5381 0.0692
vn 0.8362 0.5398 0.0966
vn 0.8362 0.5398 0.0968
vn -0.1894 0.9771 -0.0967
vn -0.1956 0.9798 -0.0417
vn 0.2175 0.9761 -0.0000
vn 0.2174 0.9761 -0.0000
vn 0.5582 0.8297 -0.0028
vn 0.5582 0.8297 0.0029
vn 0.5572 0.8301 -0.0210
vn 0.5574 0.8301 -0.0158
vn 0.5536 0.8322 -0.0311
vn 0.5539 0.8320 -0.0306
vn 0.5586 0.8294 -0.0090
vn 0.5586 0.8294 -0.0091
vn 0.2132 0.9768 0.0207
vn 0.2137 0.9767 0.0208
vn 0.2140 0.9765 0.0252
vn 0.2144 0.9763 0.0298
vn 0.2161 0.9764 0.0054
vn 0.2153 0.9765 0.0131
vn 0.8362 0.5399 -0.0967
vn 0.8362 0.5399 -0.0966
vn 0.8362 0.5398 -0.0968
vn 0.8400 0.5381 -0.0692
vn 0.8400 0.5382 -0.0692
vn 0.8425 0.5371 -0.0415
vn 0.8437 0.5367 -0.0140
vn -0.1957 0.9798 0.0416
vn -0.1932 0.9787 0.0693
vn 0.2211 0.9746 0.0346
vn 0.2199 0.9747 0.0390
vn 0.5512 0.8335 -0.0378
vn 0.5525 0.8329 -0.0332
vn 0.5476 0.8349 -0.0555
vn 0.5486 0.8345 -0.0518
vn 0.5452 0.8360 -0.0620
vn 0.5499 0.8341 -0.0442
vn 0.5499 0.8340 -0.0440
vn 0.2244 0.9729 0.0550
vn 0.2237 0.9730 0.0567
vn 0.2243 0.9727 0.0591
vn 0.2270 0.9718 0.0644
vn 0.2204 0.9745 0.0427
vn 0.2213 0.9741 0.0471
vn 0.8250 0.5446 -0.1509
vn 0.8312 0.5420 -0.1240
vn -0.1621 0.9655 0.2036
vn -0.1622 0.9655 0.2036
vn -0.1622 0.9655 0.2038
vn 0.2286 0.9711 0.0684
vn 0.2284 0.9711 0.0694
vn 0.5414 0.8375 -0.0735
vn 0.5429 0.8370 -0.0685
vn 0.5339 0.8405 -0.0922
vn 0.5378 0.8389 -0.0839
vn 0.5343 0.8396 -0.0976
vn 0.5335 0.8402 -0.0970
vn 0.5420 0.8363 -0.0827
vn 0.5420 0.8364 -0.0815
vn 0.2354 0.9682 0.0844
vn 0.2355 0.9681 0.0853
vn 0.2397 0.9664 0.0929
vn 0.2411 0.9656 0.0978
vn 0.2283 0.9704 0.0789
vn 0.2303 0.9696 0.0822
vn 0.7631 0.5709 -0.3027
vn 0.7631 0.5710 -0.3027
vn 0.7763 0.5654 -0.2788
vn 0.7763 0.5653 -0.2789
vn 0.7762 0.5655 -0.2787
vn -0.1415 0.9567 0.2545
vn -0.1164 0.9460 0.3026
vn 0.2461 0.9639 0.1020
vn 0.2469 0.9635 0.1039
vn 0.5256 0.8443 -0.1041
vn 0.5276 0.8435 -0.1004
vn 0.5179 0.8470 -0.1202
vn 0.5199 0.8462 -0.1171
vn 0.5109 0.8501 -0.1281
vn 0.5107 0.8503 -0.1272
vn 0.5207 0.8467 -0.1091
vn 0.5209 0.8465 -0.1103
vn 0.2551 0.9601 0.1144
vn 0.2501 0.9608 0.1199
vn 0.2577 0.9585 0.1217
vn 0.2612 0.9571 0.1256
vn 0.2472 0.9629 0.1079
vn 0.2505 0.9618 0.1108
vn 0.7004 0.5977 -0.3901
vn 0.7004 0.5978 -0.3900
vn -0.1020 0.9399 0.3259
vn -0.1022 0.9399 0.3258
vn -0.0869 0.9334 0.3482
vn -0.0708 0.9265 0.3696
vn -0.0536 0.9192 0.3901
vn 0.2658 0.9551 0.1306
vn 0.2655 0.9552 0.1307
vn 0.5042 0.8535 -0.1317
vn 0.5072 0.8522 -0.1288
vn 0.4911 0.8590 -0.1446
vn 0.4941 0.8578 -0.1414
vn 0.4888 0.8591 -0.1517
vn 0.4882 0.8596 -0.1508
vn 0.4995 0.8556 -0.1358
vn 0.4994 0.8557 -0.1355
vn 0.2779 0.9503 0.1404
vn 0.2786 0.9498 0.1420
vn 0.2808 0.9481 0.1490
vn 0.2833 0.9470 0.1518
vn 0.2710 0.9531 0.1344
vn 0.2732 0.9517 0.1399
vn 0.6436 0.6219 -0.4462
vn 0.6822 0.6054 -0.4099
vn 0.6821 0.6055 -0.4100
vn -0.0165 0.9034 0.4285
vn -0.0164 0.9034 0.4285
vn 0.0237 0.8863 0.4626
vn 0.2924 0.9439 0.1532
vn 0.2918 0.9441 0.1537
vn 0.4788 0.8644 -0.1534
vn 0.4826 0.8625 -0.1522
vn 0.4650 0.8695 -0.1664
vn 0.4683 0.8681 -0.1648
vn 0.4595 0.8716 -0.1706
vn 0.4588 0.8721 -0.1702
vn 0.4713 0.8669 -0.1623
vn 0.4713 0.8671 -0.1615
vn 0.3037 0.9382 0.1658
vn 0.3041 0.9381 0.1656
vn 0.3101 0.9356 0.1686
vn 0.3132 0.9343 0.1702
vn 0.2956 0.9423 0.1573
vn 0.3014 0.9402 0.1590
vn 0.5800 0.6491 -0.4923
vn 0.5799 0.6492 -0.4921
vn 0.5799 0.6491 -0.4923
vn 0.0449 0.8772 0.4780
vn 0.0668 0.8679 0.4922
vn 0.0891 0.8583 0.5054
vn 0.0893 0.8583 0.5054
vn 0.1124 0.8483 0.5174
vn 0.3184 0.9317 0.1746
vn 0.3209 0.9306 0.1759
vn 0.4492 0.8769 -0.1711
vn 0.4526 0.8753 -0.1700
vn 0.4340 0.8827 -0.1802
vn 0.4372 0.8814 -0.1785
vn 0.4302 0.8842 -0.1821
vn 0.4265 0.8869 -0.1772
vn 0.4430 0.8787 -0.1782
vn 0.4425 0.8790 -0.1774
vn 0.3351 0.9246 0.1812
vn 0.3345 0.9249 0.1807
vn 0.3447 0.9216 0.1787
vn 0.3467 0.9204 0.1809
vn 0.3248 0.9294 0.1755
vn 0.3283 0.9277 0.1777
vn 0.4374 0.7098 -0.5521
vn 0.4373 0.7098 -0.5521
vn 0.4374 0.7098 -0.5522
vn 0.5107 0.6786 -0.5280
vn 0.1601 0.8281 0.5372
vn 0.1845 0.8177 0.5453
vn 0.3494 0.9185 0.1850
vn 0.3509 0.9180 0.1849
vn 0.4152 0.8910 -0.1838
vn 0.4222 0.8875 -0.1848
vn 0.3998 0.8980 -0.1837
vn 0.4042 0.8962 -0.1832
vn 0.3924 0.9013 -0.1835
vn 0.3918 0.9016 -0.1836
vn 0.4102 0.8938 -0.1815
vn 0.4106 0.8935 -0.1817
vn 0.3705 0.9106 0.1831
vn 0.3704 0.9106 0.1834
vn 0.3736 0.9087 0.1862
vn 0.3747 0.9079 0.1881
vn 0.3578 0.9158 0.1823
vn 0.3622 0.9141 0.1823
vn 0.3362 0.7530 -0.5657
vn 0.3361 0.7530 -0.5657
vn 0.3870 0.7313 -0.5617
vn 0.2344 0.7963 0.5576
vn 0.2850 0.7748 0.5643
vn -0.9362 0.2326 0.2635
vn -0.9233 0.2271 0.3099
vn -0.9232 0.2271 0.3099
vn -0.9233 0.2269 0.3098
vn -0.9231 0.2272 0.3101
vn -0.8160 0.5145 0.2636
vn -0.8160 0.5144 0.2636
vn -0.8030 0.5091 0.3098
vn -0.8031 0.5090 0.3099
vn -0.8029 0.5091 0.3100
vn -0.9746 -0.1166 0.1911
vn -0.9746 -0.1166 0.1910
vn -0.9651 -0.1207 0.2326
vn -0.9536 -0.1255 0.2735
vn -0.9536 -0.1255 0.2736
vn -0.9404 -0.1312 0.3138
vn -0.9082 0.2207 0.3556
vn -0.7880 0.5026 0.3556
vn -0.7880 0.5026 0.3555
vn -0.5564 0.7694 0.3138
vn -0.5564 0.7694 0.3137
vn -0.5697 0.7750 0.2735
vn -0.5811 0.7799 0.2326
vn -0.5906 0.7840 0.1911
vn -0.5906 0.7840 0.1908
vn -0.5906 0.7840 0.1910
vn -0.8268 0.5191 0.2166
vn -0.8268 0.5192 0.2166
vn -0.9470 0.2372 0.2166
vn 0.0068 -0.1695 -0.9855
vn 0.0512 -0.1884 -0.9808
vn 0.1270 0.1125 -0.9855
vn 0.1270 0.1124 -0.9855
vn 0.1713 0.0935 -0.9808
vn -0.1723 -0.4587 -0.8717
vn -0.1330 -0.4755 -0.8696
vn -0.0938 -0.4921 -0.8655
vn -0.0549 -0.5087 -0.8592
vn -0.0550 -0.5089 -0.8591
vn -0.0549 -0.5088 -0.8591
vn 0.0953 -0.2072 -0.9736
vn 0.2155 0.0747 -0.9736
vn 0.3291 0.3918 -0.8592
vn 0.3292 0.3918 -0.8592
vn 0.2902 0.4084 -0.8654
vn 0.2902 0.4085 -0.8654
vn 0.2510 0.4251 -0.8696
vn 0.2510 0.4251 -0.8697
vn 0.2118 0.4420 -0.8717
vn 0.2117 0.4419 -0.8717
vn 0.2122 0.4421 -0.8715
vn 0.0824 0.1314 -0.9879
vn -0.0377 -0.1505 -0.9879
vn -0.8720 0.2053 -0.4444
vn -0.8720 0.2053 -0.4443
vn -0.8720 0.2053 -0.4445
vn -0.8510 0.1963 -0.4871
vn -0.7518 0.4872 -0.4443
vn -0.7518 0.4871 -0.4443
vn -0.7308 0.4782 -0.4871
vn -0.7309 0.4781 -0.4871
vn -0.9253 -0.1376 -0.3534
vn -0.9253 -0.1375 -0.3534
vn -0.9085 -0.1448 -0.3921
vn -0.8899 -0.1527 -0.4298
vn -0.8697 -0.1614 -0.4665
vn -0.8697 -0.1613 -0.4665
vn -0.8281 0.1865 -0.5286
vn -0.7079 0.4685 -0.5286
vn -0.7079 0.4684 -0.5286
vn -0.7080 0.4685 -0.5285
vn -0.4857 0.7393 -0.4665
vn -0.4856 0.7393 -0.4665
vn -0.5059 0.7479 -0.4298
vn -0.5245 0.7558 -0.3920
vn -0.5245 0.7558 -0.3921
vn -0.5413 0.7630 -0.3533
vn -0.5412 0.7631 -0.3533
vn -0.5412 0.7631 -0.3532
vn -0.5413 0.7630 -0.3532
vn -0.7709 0.4953 -0.4005
vn -0.8911 0.2134 -0.4004
vn -0.8911 0.2134 -0.4005
vn -0.8720 0.2052 0.4443
vn -0.8721 0.2052 0.4443
vn -0.8721 0.2050 0.4443
vn -0.8721 0.2051 0.4443
vn -0.8510 0.1963 0.4871
vn -0.7518 0.4872 0.4443
vn -0.7519 0.4871 0.4443
vn -0.7308 0.4782 0.4871
vn -0.9253 -0.1377 0.3534
vn -0.9085 -0.1448 0.3921
vn -0.8899 -0.1528 0.4298
vn -0.8899 -0.1527 0.4298
vn -0.8697 -0.1614 0.4665
vn -0.8281 0.1865 0.5286
vn -0.7079 0.4684 0.5286
vn -0.4857 0.7392 0.4665
vn -0.4857 0.7392 0.4666
vn -0.5059 0.7479 0.4298
vn -0.5245 0.7558 0.3921
vn -0.5413 0.7629 0.3535
vn -0.5413 0.7629 0.3534
vn -0.7709 0.4953 0.4005
vn -0.8911 0.2134 0.4005
vn 0.0068 -0.1695 0.9855
vn 0.0512 -0.1884 0.9808
vn 0.1270 0.1124 0.9855
vn 0.1270 0.1123 0.9855
vn 0.1713 0.0934 0.9808
vn 0.1714 0.0933 0.9808
vn 0.1713 0.0935 0.9808
vn -0.1723 -0.4587 0.8717
vn -0.1330 -0.4755 0.8696
vn -0.0938 -0.4922 0.8654
vn -0.0937 -0.4921 0.8655
vn -0.0938 -0.4921 0.8655
vn -0.0938 -0.4921 0.8654
vn -0.0550 -0.5088 0.8591
vn -0.0549 -0.5088 0.8591
vn -0.0549 -0.5086 0.8592
vn 0.0953 -0.2072 0.9736
vn 0.2155 0.0747 0.9736
vn 0.3291 0.3918 0.8592
vn 0.2902 0.4084 0.8654
vn 0.2902 0.4085 0.8654
vn 0.2510 0.4251 0.8696
vn 0.2116 0.4420 0.8717
vn 0.2117 0.4419 0.8717
vn 0.2115 0.4421 0.8717
vn 0.0824 0.1314 0.9879
vn -0.0377 -0.1505 0.9879
vn -0.0377 -0.1507 0.9879
vn -0.9362 0.2326 -0.2636
vn -0.9232 0.2271 -0.3099
vn -0.8160 0.5144 -0.2636
vn -0.8160 0.5144 -0.2637
vn -0.8160 0.5145 -0.2636
vn -0.8030 0.5090 -0.3100
vn -0.8030 0.5090 -0.3101
vn -0.9746 -0.1166 -0.1911
vn -0.9746 -0.1165 -0.1912
vn -0.9651 -0.1207 -0.2326
vn -0.9536 -0.1256 -0.2735
vn -0.9404 -0.1312 -0.3138
vn -0.9082 0.2207 -0.3556
vn -0.7881 0.5025 -0.3556
vn -0.7880 0.5026 -0.3556
vn -0.7879 0.5025 -0.3560
vn -0.5564 0.7694 -0.3138
vn -0.5697 0.7750 -0.2735
vn -0.5812 0.7798 -0.2326
vn -0.5811 0.7799 -0.2326
vn -0.5906 0.7840 -0.1911
vn -0.8268 0.5191 -0.2166
vn -0.9470 0.2372 -0.2166
vn -0.9470 0.2372 -0.2165
vn -0.7767 0.1646 0.6080
vn -0.7484 0.1526 0.6454
vn -0.6565 0.4465 0.6080
vn -0.6283 0.4344 0.6454
vn -0.6282 0.4344 0.6454
vn -0.8478 -0.1707 0.5021
vn -0.8478 -0.1706 0.5021
vn -0.8243 -0.1807 0.5365
vn -0.7994 -0.1913 0.5695
vn -0.7730 -0.2026 0.6012
vn -0.7729 -0.2026 0.6013
vn -0.7184 0.1398 0.6814
vn -0.7184 0.1398 0.6815
vn -0.7185 0.1398 0.6814
vn -0.5983 0.4217 0.6814
vn -0.3888 0.6980 0.6013
vn -0.3889 0.6980 0.6013
vn -0.3888 0.6980 0.6014
vn -0.4154 0.7093 0.5694
vn -0.4155 0.7094 0.5694
vn -0.4154 0.7093 0.5695
vn -0.4403 0.7200 0.5365
vn -0.4403 0.7199 0.5365
vn -0.4638 0.7299 0.5022
vn -0.4638 0.7300 0.5021
vn -0.4637 0.7300 0.5021
vn -0.6831 0.4578 0.5690
vn -0.8033 0.1759 0.5690
vn -0.8033 0.1758 0.5690
vn 0.1824 -0.2443 0.9524
vn 0.2250 -0.2625 0.9383
vn 0.3026 0.0376 0.9524
vn 0.3453 0.0194 0.9383
vn 0.3455 0.0194 0.9382
vn 0.3452 0.0194 0.9383
vn -0.0162 -0.5252 0.8508
vn 0.0220 -0.5415 0.8404
vn 0.0219 -0.5415 0.8404
vn 0.0597 -0.5577 0.8279
vn 0.0598 -0.5578 0.8278
vn 0.0967 -0.5734 0.8136
vn 0.0966 -0.5733 0.8136
vn 0.0967 -0.5733 0.8136
vn 0.2670 -0.2804 0.9220
vn 0.2669 -0.2803 0.9220
vn 0.3872 0.0015 0.9220
vn 0.4806 0.3272 0.8136
vn 0.4807 0.3272 0.8136
vn 0.4436 0.3429 0.8280
vn 0.4436 0.3430 0.8280
vn 0.4060 0.3591 0.8404
vn 0.3678 0.3754 0.8508
vn 0.2593 0.0560 0.9642
vn 0.1391 -0.2259 0.9642
vn -0.9667 0.2456 -0.0726
vn -0.9667 0.2456 -0.0727
vn -0.9623 0.2436 -0.1209
vn -0.9623 0.2437 -0.1209
vn -0.8465 0.5274 -0.0727
vn -0.8465 0.5275 -0.0727
vn -0.8464 0.5275 -0.0727
vn -0.8421 0.5256 -0.1209
vn -0.9939 -0.1084 -0.0214
vn -0.9919 -0.1093 -0.0642
vn -0.9919 -0.1092 -0.0642
vn -0.9881 -0.1108 -0.1068
vn -0.9881 -0.1109 -0.1067
vn -0.9823 -0.1133 -0.1490
vn -0.9557 0.2409 -0.1689
vn -0.8357 0.5226 -0.1688
vn -0.8357 0.5226 -0.1689
vn -0.8359 0.5223 -0.1689
vn -0.8357 0.5227 -0.1686
vn -0.5983 0.7873 -0.1490
vn -0.6041 0.7897 -0.1067
vn -0.6080 0.7914 -0.0641
vn -0.6079 0.7914 -0.0642
vn -0.6080 0.7914 -0.0642
vn -0.6099 0.7922 -0.0214
vn -0.8486 0.5284 -0.0243
vn -0.9688 0.2465 -0.0243
vn -0.6538 0.1121 0.7483
vn -0.6537 0.1121 0.7484
vn -0.6538 0.1122 0.7483
vn -0.6194 0.0975 0.7790
vn -0.5336 0.3940 0.7483
vn -0.5336 0.3941 0.7483
vn -0.5336 0.3940 0.7484
vn -0.4992 0.3794 0.7790
vn -0.7451 -0.2145 0.6315
vn -0.7451 -0.2145 0.6316
vn -0.7159 -0.2268 0.6603
vn -0.7159 -0.2268 0.6604
vn -0.7159 -0.2269 0.6603
vn -0.6855 -0.2399 0.6874
vn -0.6855 -0.2397 0.6875
vn -0.6855 -0.2398 0.6874
vn -0.6539 -0.2534 0.7129
vn -0.5835 0.0822 0.8079
vn -0.5836 0.0822 0.8079
vn -0.4634 0.3642 0.8078
vn -0.4634 0.3641 0.8079
vn -0.2699 0.6472 0.7129
vn -0.3015 0.6607 0.6874
vn -0.3319 0.6737 0.6603
vn -0.3610 0.6861 0.6316
vn -0.3611 0.6861 0.6316
vn -0.5667 0.4082 0.7157
vn -0.6869 0.1263 0.7157
vn 0.3486 -0.3152 0.8827
vn 0.3879 -0.3320 0.8598
vn 0.4688 -0.0333 0.8827
vn 0.4687 -0.0334 0.8827
vn 0.5080 -0.0502 0.8599
vn 0.5081 -0.0501 0.8598
vn 0.5082 -0.0501 0.8598
vn 0.1331 -0.5889 0.7972
vn 0.1329 -0.5888 0.7973
vn 0.1687 -0.6040 0.7789
vn 0.1687 -0.6041 0.7789
vn 0.2037 -0.6187 0.7587
vn 0.2035 -0.6189 0.7587
vn 0.2034 -0.6189 0.7587
vn 0.2371 -0.6333 0.7367
vn 0.4262 -0.3483 0.8349
vn 0.5464 -0.0665 0.8349
vn 0.5464 -0.0664 0.8349
vn 0.5465 -0.0664 0.8349
vn 0.6211 0.2673 0.7367
vn 0.6211 0.2673 0.7368
vn 0.5873 0.2817 0.7587
vn 0.5872 0.2818 0.7588
vn 0.5527 0.2965 0.7789
vn 0.5527 0.2965 0.7788
vn 0.5171 0.3117 0.7972
vn 0.4285 -0.0161 0.9034
vn 0.3083 -0.2980 0.9034
vn -0.9623 0.2437 0.1209
vn -0.9667 0.2455 0.0726
vn -0.9667 0.2455 0.0725
vn -0.9666 0.2456 0.0727
vn -0.8421 0.5256 0.1209
vn -0.8464 0.5275 0.0727
vn -0.8465 0.5275 0.0727
vn -0.9823 -0.1132 0.1489
vn -0.9823 -0.1133 0.1490
vn -0.9881 -0.1109 0.1067
vn -0.9919 -0.1092 0.0642
vn -0.9939 -0.1084 0.0214
vn -0.9688 0.2465 0.0243
vn -0.8486 0.5284 0.0243
vn -0.8487 0.5284 0.0243
vn -0.6099 0.7922 0.0214
vn -0.6079 0.7914 0.0642
vn -0.6080 0.7914 0.0642
vn -0.6041 0.7897 0.1067
vn -0.5983 0.7873 0.1490
vn -0.5983 0.7873 0.1489
vn -0.8356 0.5227 0.1688
vn -0.8356 0.5228 0.1689
vn -0.8355 0.5229 0.1687
vn -0.9557 0.2409 0.1689
vn -0.5081 0.0501 0.8598
vn -0.5081 0.0501 0.8599
vn -0.4688 0.0332 0.8827
vn -0.4688 0.0333 0.8827
vn -0.3879 0.3320 0.8598
vn -0.3880 0.3320 0.8598
vn -0.3487 0.3152 0.8827
vn -0.3488 0.3152 0.8826
vn -0.3486 0.3152 0.8827
vn -0.6212 -0.2673 0.7367
vn -0.6211 -0.2673 0.7367
vn -0.5877 -0.2817 0.7585
vn -0.5874 -0.2817 0.7586
vn -0.5874 -0.2817 0.7587
vn -0.5873 -0.2817 0.7587
vn -0.5528 -0.2965 0.7788
vn -0.5527 -0.2965 0.7789
vn -0.5171 -0.3117 0.7972
vn -0.4285 0.0161 0.9034
vn -0.3082 0.2981 0.9034
vn -0.3083 0.2980 0.9034
vn -0.1330 0.5889 0.7972
vn -0.1330 0.5888 0.7972
vn -0.1331 0.5889 0.7972
vn -0.1687 0.6040 0.7789
vn -0.1686 0.6041 0.7789
vn -0.1687 0.6041 0.7789
vn -0.2033 0.6189 0.7587
vn -0.2034 0.6190 0.7586
vn -0.2034 0.6189 0.7587
vn -0.2371 0.6333 0.7367
vn -0.2370 0.6333 0.7367
vn -0.2366 0.6334 0.7368
vn -0.4262 0.3483 0.8349
vn -0.5464 0.0664 0.8349
vn -0.5465 0.0664 0.8348
vn 0.4992 -0.3794 0.7790
vn 0.5336 -0.3941 0.7483
vn 0.6194 -0.0976 0.7790
vn 0.6194 -0.0975 0.7790
vn 0.6192 -0.0971 0.7792
vn 0.6192 -0.0974 0.7791
vn 0.6538 -0.1122 0.7483
vn 0.6538 -0.1123 0.7483
vn 0.2695 -0.6473 0.7130
vn 0.2699 -0.6472 0.7130
vn 0.2698 -0.6472 0.7130
vn 0.2699 -0.6472 0.7129
vn 0.3016 -0.6607 0.6874
vn 0.3015 -0.6607 0.6874
vn 0.3319 -0.6737 0.6603
vn 0.3611 -0.6861 0.6316
vn 0.5667 -0.4082 0.7157
vn 0.5667 -0.4083 0.7157
vn 0.6869 -0.1263 0.7157
vn 0.7451 0.2145 0.6315
vn 0.7451 0.2145 0.6316
vn 0.7452 0.2145 0.6314
vn 0.7157 0.2270 0.6605
vn 0.7155 0.2271 0.6607
vn 0.7157 0.2271 0.6605
vn 0.7159 0.2270 0.6603
vn 0.6855 0.2399 0.6874
vn 0.6539 0.2534 0.7129
vn 0.5834 -0.0822 0.8080
vn 0.5833 -0.0820 0.8081
vn 0.5835 -0.0821 0.8080
vn 0.5835 -0.0822 0.8079
vn 0.4634 -0.3641 0.8079
vn -0.9362 0.2326 0.2636
vn -0.8030 0.5090 0.3099
vn -0.8159 0.5146 0.2636
vn -0.8161 0.5144 0.2635
vn -0.9536 -0.1256 0.2735
vn -0.9536 -0.1256 0.2736
vn -0.9470 0.2371 0.2166
vn -0.3452 -0.0194 0.9383
vn -0.3451 -0.0194 0.9384
vn -0.3026 -0.0376 0.9524
vn -0.2250 0.2625 0.9383
vn -0.1824 0.2443 0.9524
vn -0.4805 -0.3271 0.8137
vn -0.4806 -0.3272 0.8136
vn -0.4436 -0.3430 0.8280
vn -0.4060 -0.3591 0.8404
vn -0.3678 -0.3753 0.8508
vn -0.3678 -0.3754 0.8507
vn -0.2593 -0.0560 0.9642
vn -0.1391 0.2259 0.9642
vn 0.0162 0.5252 0.8509
vn 0.0162 0.5252 0.8508
vn -0.0220 0.5415 0.8404
vn -0.0596 0.5576 0.8280
vn -0.0967 0.5734 0.8136
vn -0.2670 0.2804 0.9220
vn -0.2671 0.2805 0.9220
vn -0.2670 0.2805 0.9220
vn -0.3872 -0.0015 0.9220
vn 0.6283 -0.4344 0.6454
vn 0.6282 -0.4344 0.6454
vn 0.6565 -0.4465 0.6080
vn 0.7484 -0.1525 0.6454
vn 0.7767 -0.1646 0.6080
vn 0.3890 -0.6980 0.6012
vn 0.4155 -0.7093 0.5695
vn 0.4154 -0.7093 0.5695
vn 0.4403 -0.7199 0.5365
vn 0.4404 -0.7199 0.5365
vn 0.4638 -0.7299 0.5021
vn 0.6831 -0.4578 0.5691
vn 0.8033 -0.1759 0.5690
vn 0.8033 -0.1760 0.5690
vn 0.8478 0.1707 0.5021
vn 0.8243 0.1807 0.5365
vn 0.7994 0.1913 0.5695
vn 0.7730 0.2026 0.6012
vn 0.7184 -0.1398 0.6814
vn 0.7185 -0.1398 0.6814
vn 0.5983 -0.4217 0.6814
vn 0.5983 -0.4216 0.6814
vn -0.8509 0.1963 0.4872
vn -0.8720 0.2053 0.4443
vn -0.7519 0.4871 0.4442
vn -0.8697 -0.1613 0.4665
vn -0.8697 -0.1613 0.4664
vn -0.9085 -0.1447 0.3921
vn -0.9253 -0.1376 0.3533
vn -0.9253 -0.1376 0.3534
vn -0.8911 0.2133 0.4005
vn -0.5413 0.7630 0.3534
vn -0.4856 0.7393 0.4666
vn -0.7078 0.4683 0.5288
vn -0.7079 0.4682 0.5288
vn -0.7079 0.4683 0.5287
vn -0.7079 0.4684 0.5287
vn -0.8281 0.1865 0.5287
vn -0.1713 -0.0936 0.9808
vn -0.1713 -0.0935 0.9808
vn -0.1270 -0.1124 0.9855
vn -0.1270 -0.1125 0.9855
vn -0.0511 0.1884 0.9808
vn -0.0510 0.1884 0.9808
vn -0.0068 0.1695 0.9855
vn -0.3291 -0.3918 0.8592
vn -0.3290 -0.3918 0.8592
vn -0.2901 -0.4082 0.8656
vn -0.2900 -0.4082 0.8656
vn -0.2510 -0.4251 0.8696
vn -0.2117 -0.4419 0.8717
vn -0.0824 -0.1314 0.9879
vn -0.0825 -0.1315 0.9879
vn 0.0377 0.1506 0.9879
vn 0.0377 0.1505 0.9879
vn 0.0378 0.1505 0.9879
vn 0.1723 0.4587 0.8717
vn 0.1330 0.4755 0.8696
vn 0.0938 0.4922 0.8654
vn 0.0937 0.4922 0.8654
vn 0.0549 0.5087 0.8592
vn -0.0953 0.2072 0.9736
vn -0.2155 -0.0747 0.9736
vn 0.7306 -0.4784 0.4872
vn 0.7307 -0.4783 0.4871
vn 0.7308 -0.4782 0.4871
vn 0.7518 -0.4872 0.4443
vn 0.7518 -0.4871 0.4443
vn 0.8511 -0.1963 0.4870
vn 0.8511 -0.1963 0.4869
vn 0.8510 -0.1963 0.4870
vn 0.8720 -0.2053 0.4443
vn 0.8721 -0.2052 0.4443
vn 0.4857 -0.7392 0.4665
vn 0.5059 -0.7479 0.4298
vn 0.5245 -0.7558 0.3921
vn 0.5413 -0.7630 0.3534
vn 0.7709 -0.4953 0.4005
vn 0.8911 -0.2134 0.4005
vn 0.9253 0.1376 0.3534
vn 0.9085 0.1448 0.3921
vn 0.8899 0.1527 0.4298
vn 0.8697 0.1613 0.4665
vn 0.8281 -0.1865 0.5286
vn 0.7079 -0.4684 0.5286
vn -0.7485 0.1525 0.6454
vn -0.7484 0.1525 0.6454
vn -0.7484 0.1525 0.6455
vn -0.7766 0.1647 0.6081
vn -0.6282 0.4344 0.6455
vn -0.7733 -0.2026 0.6008
vn -0.7995 -0.1912 0.5695
vn -0.8243 -0.1807 0.5366
vn -0.8242 -0.1806 0.5367
vn -0.8478 -0.1708 0.5021
vn -0.8033 0.1760 0.5689
vn -0.8034 0.1761 0.5689
vn -0.4638 0.7299 0.5021
vn -0.4153 0.7093 0.5696
vn -0.3890 0.6981 0.6011
vn -0.3890 0.6980 0.6012
vn -0.3890 0.6982 0.6010
vn -0.5982 0.4217 0.6814
vn -0.5983 0.4217 0.6813
vn 0.8030 -0.5090 0.3099
vn 0.8031 -0.5090 0.3099
vn 0.8160 -0.5143 0.2637
vn 0.8160 -0.5145 0.2636
vn 0.9232 -0.2271 0.3099
vn 0.9232 -0.2272 0.3099
vn 0.9362 -0.2326 0.2636
vn 0.5564 -0.7694 0.3138
vn 0.5697 -0.7750 0.2736
vn 0.5697 -0.7750 0.2735
vn 0.5811 -0.7799 0.2326
vn 0.5906 -0.7840 0.1910
vn 0.5906 -0.7840 0.1911
vn 0.8268 -0.5191 0.2166
vn 0.9470 -0.2372 0.2166
vn 0.9746 0.1166 0.1911
vn 0.9746 0.1167 0.1911
vn 0.9651 0.1207 0.2326
vn 0.9536 0.1256 0.2735
vn 0.9404 0.1312 0.3138
vn 0.9082 -0.2207 0.3556
vn 0.7880 -0.5026 0.3556
vn -0.6855 -0.2400 0.6874
vn -0.6855 -0.2399 0.6875
vn -0.7160 -0.2269 0.6602
vn -0.7161 -0.2269 0.6601
vn -0.7450 -0.2145 0.6316
vn -0.7450 -0.2145 0.6317
vn -0.5667 0.4082 0.7156
vn -0.5667 0.4081 0.7157
vn -0.3611 0.6861 0.6315
vn -0.3016 0.6607 0.6874
vn -0.2699 0.6473 0.7129
vn -0.5835 0.0823 0.8079
vn -0.5835 0.0823 0.8080
vn 0.8421 -0.5256 0.1209
vn 0.8418 -0.5260 0.1209
vn 0.8464 -0.5275 0.0727
vn 0.8465 -0.5275 0.0727
vn 0.9623 -0.2435 0.1209
vn 0.9623 -0.2437 0.1209
vn 0.9623 -0.2438 0.1210
vn 0.9666 -0.2456 0.0727
vn 0.5983 -0.7873 0.1489
vn 0.5983 -0.7873 0.1490
vn 0.6040 -0.7897 0.1071
vn 0.6041 -0.7897 0.1067
vn 0.6043 -0.7896 0.1067
vn 0.6080 -0.7914 0.0642
vn 0.6079 -0.7914 0.0642
vn 0.6083 -0.7911 0.0641
vn 0.6099 -0.7922 0.0214
vn 0.6098 -0.7922 0.0214
vn 0.8486 -0.5284 0.0243
vn 0.9688 -0.2465 0.0243
vn 0.9939 0.1084 0.0214
vn 0.9939 0.1086 0.0214
vn 0.9920 0.1091 0.0641
vn 0.9920 0.1092 0.0641
vn 0.9919 0.1092 0.0642
vn 0.9881 0.1109 0.1067
vn 0.9823 0.1134 0.1490
vn 0.9823 0.1135 0.1490
vn 0.9823 0.1133 0.1490
vn 0.9557 -0.2409 0.1689
vn 0.8355 -0.5228 0.1689
vn -0.4687 0.0331 0.8827
vn -0.4686 0.0329 0.8828
vn -0.5080 0.0501 0.8599
vn -0.3485 0.3152 0.8827
vn -0.5173 -0.3118 0.7970
vn -0.5171 -0.3117 0.7971
vn -0.5173 -0.3117 0.7970
vn -0.5174 -0.3117 0.7970
vn -0.5526 -0.2965 0.7789
vn -0.5873 -0.2817 0.7588
vn -0.5872 -0.2817 0.7588
vn -0.2033 0.6188 0.7588
vn 0.8464 -0.5275 -0.0727
vn 0.8464 -0.5276 -0.0727
vn 0.8465 -0.5274 -0.0727
vn 0.8421 -0.5256 -0.1209
vn 0.9667 -0.2456 -0.0727
vn 0.9666 -0.2456 -0.0727
vn 0.9623 -0.2438 -0.1210
vn 0.9623 -0.2437 -0.1209
vn 0.9623 -0.2436 -0.1209
vn 0.6099 -0.7922 -0.0214
vn 0.6080 -0.7914 -0.0642
vn 0.6079 -0.7914 -0.0642
vn 0.6080 -0.7913 -0.0642
vn 0.6041 -0.7897 -0.1067
vn 0.6041 -0.7897 -0.1068
vn 0.6041 -0.7897 -0.1069
vn 0.5983 -0.7873 -0.1490
vn 0.5983 -0.7873 -0.1491
vn 0.8355 -0.5228 -0.1689
vn 0.9557 -0.2409 -0.1689
vn 0.9823 0.1133 -0.1490
vn 0.9881 0.1109 -0.1067
vn 0.9919 0.1092 -0.0642
vn 0.9920 0.1091 -0.0641
vn 0.9939 0.1084 -0.0214
vn 0.9939 0.1083 -0.0214
vn 0.9689 -0.2464 -0.0243
vn 0.9689 -0.2463 -0.0243
vn 0.9688 -0.2465 -0.0243
vn 0.8486 -0.5284 -0.0243
vn -0.3022 -0.0374 0.9525
vn -0.1825 0.2443 0.9524
vn -0.2252 0.2625 0.9383
vn -0.2251 0.2625 0.9383
vn -0.3678 -0.3752 0.8508
vn -0.3679 -0.3753 0.8508
vn -0.4060 -0.3590 0.8404
vn -0.4807 -0.3272 0.8136
vn -0.3873 -0.0015 0.9220
vn -0.0967 0.5734 0.8135
vn -0.0966 0.5734 0.8136
vn -0.0221 0.5415 0.8404
vn 0.0163 0.5252 0.8508
vn 0.8160 -0.5145 -0.2636
vn 0.8030 -0.5091 -0.3099
vn 0.8030 -0.5090 -0.3099
vn 0.9362 -0.2326 -0.2636
vn 0.9232 -0.2271 -0.3099
vn 0.5906 -0.7840 -0.1911
vn 0.5811 -0.7799 -0.2326
vn 0.5697 -0.7750 -0.2735
vn 0.5697 -0.7750 -0.2736
vn 0.5564 -0.7694 -0.3138
vn 0.7880 -0.5026 -0.3556
vn 0.9082 -0.2207 -0.3556
vn 0.9404 0.1312 -0.3137
vn 0.9405 0.1311 -0.3136
vn 0.9404 0.1312 -0.3138
vn 0.9536 0.1256 -0.2735
vn 0.9651 0.1207 -0.2326
vn 0.9746 0.1166 -0.1911
vn 0.9746 0.1166 -0.1912
vn 0.9470 -0.2372 -0.2166
vn 0.8268 -0.5191 -0.2166
vn -0.1269 -0.1124 0.9855
vn -0.1268 -0.1124 0.9855
vn -0.2114 -0.4419 0.8718
vn -0.2116 -0.4418 0.8718
vn -0.2117 -0.4420 0.8717
vn -0.2902 -0.4084 0.8654
vn -0.3292 -0.3914 0.8593
vn -0.2156 -0.0747 0.9736
vn 0.0549 0.5088 0.8591
vn 0.0549 0.5088 0.8592
vn 0.0938 0.4921 0.8655
vn 0.1331 0.4755 0.8696
vn 0.1724 0.4587 0.8717
vn 0.1724 0.4588 0.8717
vn 0.0377 0.1504 0.9879
vn 0.7518 -0.4872 -0.4443
vn 0.7518 -0.4871 -0.4443
vn 0.7308 -0.4782 -0.4871
vn 0.7308 -0.4783 -0.4871
vn 0.8721 -0.2052 -0.4443
vn 0.8720 -0.2053 -0.4443
vn 0.8720 -0.2052 -0.4444
vn 0.8721 -0.2051 -0.4443
vn 0.8510 -0.1962 -0.4871
vn 0.8510 -0.1963 -0.4871
vn 0.5413 -0.7630 -0.3534
vn 0.5245 -0.7558 -0.3921
vn 0.5244 -0.7558 -0.3921
vn 0.5059 -0.7479 -0.4298
vn 0.4857 -0.7392 -0.4665
vn 0.4857 -0.7393 -0.4664
vn 0.7079 -0.4684 -0.5286
vn 0.7080 -0.4684 -0.5285
vn 0.8281 -0.1865 -0.5286
vn 0.8281 -0.1864 -0.5287
vn 0.8697 0.1613 -0.4665
vn 0.8697 0.1614 -0.4665
vn 0.8899 0.1527 -0.4298
vn 0.8899 0.1524 -0.4299
vn 0.8899 0.1525 -0.4298
vn 0.9085 0.1448 -0.3921
vn 0.9253 0.1376 -0.3534
vn 0.8911 -0.2134 -0.4005
vn 0.7709 -0.4953 -0.4005
vn 0.0511 -0.1884 0.9808
vn 0.1712 0.0935 0.9808
vn 0.1269 0.1124 0.9855
vn -0.0550 -0.5088 0.8592
vn -0.0549 -0.5087 0.8592
vn -0.1330 -0.4754 0.8696
vn -0.1330 -0.4756 0.8696
vn -0.1723 -0.4589 0.8716
vn 0.2118 0.4419 0.8717
vn 0.2510 0.4250 0.8697
vn 0.2509 0.4249 0.8698
vn 0.2509 0.4250 0.8697
vn 0.3292 0.3917 0.8592
vn 0.3291 0.3917 0.8592
vn 0.6565 -0.4465 -0.6080
vn 0.6282 -0.4345 -0.6454
vn 0.7767 -0.1646 -0.6080
vn 0.7485 -0.1525 -0.6454
vn 0.7484 -0.1525 -0.6454
vn 0.4638 -0.7299 -0.5021
vn 0.4404 -0.7199 -0.5364
vn 0.4404 -0.7199 -0.5365
vn 0.4154 -0.7093 -0.5695
vn 0.3890 -0.6980 -0.6012
vn 0.5983 -0.4216 -0.6814
vn 0.5983 -0.4217 -0.6814
vn 0.5983 -0.4217 -0.6813
vn 0.7185 -0.1398 -0.6813
vn 0.7730 0.2026 -0.6012
vn 0.7995 0.1913 -0.5694
vn 0.7996 0.1912 -0.5693
vn 0.7995 0.1913 -0.5695
vn 0.7994 0.1913 -0.5695
vn 0.8245 0.1807 -0.5363
vn 0.8243 0.1807 -0.5365
vn 0.8243 0.1808 -0.5365
vn 0.8477 0.1707 -0.5022
vn 0.8475 0.1705 -0.5026
vn 0.8478 0.1707 -0.5021
vn 0.8033 -0.1759 -0.5690
vn 0.6831 -0.4578 -0.5691
vn 0.6831 -0.4578 -0.5690
vn 0.2251 -0.2625 0.9383
vn 0.2252 -0.2625 0.9383
vn 0.3025 0.0376 0.9524
vn 0.0966 -0.5734 0.8136
vn 0.0596 -0.5576 0.8280
vn 0.0221 -0.5415 0.8404
vn -0.0161 -0.5252 0.8509
vn 0.1391 -0.2260 0.9642
vn 0.1390 -0.2265 0.9640
vn 0.2593 0.0561 0.9642
vn 0.2594 0.0562 0.9641
vn 0.3678 0.3753 0.8508
vn 0.4060 0.3591 0.8403
vn 0.2671 -0.2804 0.9220
vn 0.2671 -0.2805 0.9220
vn 0.2671 -0.2805 0.9219
vn 0.5336 -0.3941 -0.7483
vn 0.4992 -0.3794 -0.7790
vn 0.6538 -0.1121 -0.7483
vn 0.6538 -0.1122 -0.7483
vn 0.6194 -0.0975 -0.7790
vn 0.3611 -0.6861 -0.6316
vn 0.3319 -0.6736 -0.6603
vn 0.3319 -0.6737 -0.6603
vn 0.3015 -0.6607 -0.6874
vn 0.3016 -0.6607 -0.6874
vn 0.2699 -0.6472 -0.7129
vn 0.4634 -0.3641 -0.8079
vn 0.5835 -0.0822 -0.8079
vn 0.6539 0.2534 -0.7129
vn 0.6855 0.2399 -0.6874
vn 0.6856 0.2399 -0.6874
vn 0.7159 0.2269 -0.6603
vn 0.7159 0.2270 -0.6603
vn 0.7451 0.2143 -0.6315
vn 0.7451 0.2145 -0.6316
vn 0.7452 0.2145 -0.6314
vn 0.7453 0.2144 -0.6313
vn 0.6869 -0.1263 -0.7157
vn 0.5667 -0.4082 -0.7158
vn 0.5667 -0.4082 -0.7157
vn 0.3881 -0.3320 0.8598
vn 0.4686 -0.0332 0.8828
vn 0.4684 -0.0331 0.8829
vn 0.2371 -0.6332 0.7367
vn 0.2372 -0.6332 0.7367
vn 0.5171 0.3116 0.7972
vn 0.5528 0.2965 0.7788
vn 0.5874 0.2817 0.7587
vn 0.5873 0.2817 0.7588
vn 0.3879 -0.3320 -0.8598
vn 0.3486 -0.3152 -0.8827
vn 0.3486 -0.3151 -0.8827
vn 0.5081 -0.0501 -0.8598
vn 0.4687 -0.0334 -0.8827
vn 0.4688 -0.0333 -0.8827
vn 0.2371 -0.6332 -0.7368
vn 0.2033 -0.6189 -0.7587
vn 0.1687 -0.6041 -0.7789
vn 0.1687 -0.6041 -0.7788
vn 0.1331 -0.5889 -0.7972
vn 0.1330 -0.5889 -0.7972
vn 0.3083 -0.2980 -0.9034
vn 0.4285 -0.0161 -0.9034
vn 0.5171 0.3117 -0.7972
vn 0.5527 0.2965 -0.7789
vn 0.5527 0.2965 -0.7788
vn 0.5873 0.2817 -0.7587
vn 0.5873 0.2817 -0.7588
vn 0.6212 0.2673 -0.7367
vn 0.6211 0.2673 -0.7367
vn 0.5464 -0.0664 -0.8349
vn 0.4262 -0.3483 -0.8349
vn 0.3610 -0.6862 0.6315
vn 0.3015 -0.6608 0.6874
vn 0.3017 -0.6606 0.6874
vn 0.5836 -0.0822 0.8079
vn 0.6855 0.2399 0.6875
vn 0.7159 0.2269 0.6603
vn 0.7450 0.2145 0.6316
vn 0.5666 -0.4083 0.7157
vn 0.2250 -0.2624 -0.9383
vn 0.2250 -0.2625 -0.9383
vn 0.1824 -0.2443 -0.9524
vn 0.1824 -0.2442 -0.9524
vn 0.3451 0.0194 -0.9383
vn 0.3452 0.0193 -0.9383
vn 0.3451 0.0193 -0.9384
vn 0.3451 0.0194 -0.9384
vn 0.3026 0.0376 -0.9524
vn 0.0966 -0.5734 -0.8136
vn 0.0596 -0.5576 -0.8280
vn 0.0220 -0.5416 -0.8404
vn 0.0220 -0.5415 -0.8404
vn -0.0162 -0.5252 -0.8508
vn 0.1390 -0.2259 -0.9642
vn 0.1390 -0.2257 -0.9642
vn 0.1391 -0.2259 -0.9642
vn 0.2593 0.0560 -0.9642
vn 0.3678 0.3752 -0.8508
vn 0.3678 0.3753 -0.8508
vn 0.3678 0.3752 -0.8509
vn 0.4060 0.3591 -0.8404
vn 0.4436 0.3430 -0.8280
vn 0.4806 0.3272 -0.8136
vn 0.3872 0.0015 -0.9220
vn 0.3872 0.0014 -0.9220
vn 0.2670 -0.2804 -0.9220
vn 0.6283 -0.4344 0.6453
vn 0.7485 -0.1526 0.6454
vn 0.7185 -0.1398 0.6813
vn 0.7729 0.2026 0.6013
vn 0.7995 0.1912 0.5695
vn 0.7994 0.1912 0.5695
vn 0.8478 0.1708 0.5021
vn 0.8477 0.1708 0.5022
vn 0.6831 -0.4578 0.5690
vn -0.0938 -0.4922 -0.8654
vn -0.1330 -0.4756 -0.8696
vn -0.1722 -0.4588 -0.8717
vn -0.1722 -0.4586 -0.8718
vn 0.2118 0.4419 -0.8717
vn 0.2511 0.4251 -0.8696
vn 0.2901 0.4083 -0.8655
vn 0.2901 0.4082 -0.8656
vn 0.2154 0.0747 -0.9737
vn 0.0952 -0.2072 -0.9737
vn 0.0951 -0.2072 -0.9737
vn 0.7518 -0.4871 0.4444
vn 0.7519 -0.4870 0.4444
vn 0.7308 -0.4782 0.4870
vn 0.8720 -0.2053 0.4444
vn 0.8720 -0.2054 0.4443
vn 0.8510 -0.1963 0.4871
vn 0.8510 -0.1962 0.4871
vn 0.5413 -0.7629 0.3534
vn 0.5414 -0.7629 0.3534
vn 0.9253 0.1376 0.3533
vn 0.7709 -0.4953 0.4004
vn -0.1270 -0.1124 -0.9855
vn -0.1269 -0.1123 -0.9855
vn -0.1713 -0.0936 -0.9808
vn -0.1713 -0.0935 -0.9808
vn -0.0068 0.1695 -0.9855
vn -0.0512 0.1884 -0.9808
vn -0.2118 -0.4418 -0.8717
vn -0.2118 -0.4418 -0.8718
vn -0.2119 -0.4418 -0.8717
vn -0.2118 -0.4419 -0.8717
vn -0.2510 -0.4251 -0.8696
vn -0.2511 -0.4251 -0.8696
vn -0.2901 -0.4083 -0.8655
vn -0.2902 -0.4084 -0.8654
vn -0.2902 -0.4083 -0.8655
vn -0.2901 -0.4082 -0.8656
vn -0.3291 -0.3918 -0.8592
vn -0.2156 -0.0747 -0.9736
vn -0.2155 -0.0747 -0.9736
vn -0.0952 0.2072 -0.9736
vn -0.0949 0.2072 -0.9737
vn -0.0952 0.2072 -0.9737
vn -0.0953 0.2072 -0.9736
vn 0.0549 0.5086 -0.8592
vn 0.0549 0.5087 -0.8592
vn 0.0938 0.4921 -0.8655
vn 0.1330 0.4755 -0.8696
vn 0.1723 0.4587 -0.8717
vn 0.0377 0.1505 -0.9879
vn -0.0824 -0.1314 -0.9879
vn 0.8160 -0.5144 0.2636
vn 0.8030 -0.5090 0.3100
vn 0.8030 -0.5090 0.3101
vn 0.9362 -0.2327 0.2636
vn 0.9362 -0.2327 0.2635
vn 0.9361 -0.2329 0.2636
vn 0.7881 -0.5025 0.3555
vn 0.9536 0.1255 0.2735
vn -0.3026 -0.0375 -0.9524
vn -0.3451 -0.0196 -0.9384
vn -0.3449 -0.0197 -0.9384
vn -0.3451 -0.0195 -0.9384
vn -0.3452 -0.0192 -0.9383
vn -0.1824 0.2443 -0.9524
vn -0.2249 0.2624 -0.9384
vn -0.2250 0.2625 -0.9383
vn -0.2250 0.2624 -0.9384
vn -0.2247 0.2623 -0.9385
vn -0.3678 -0.3753 -0.8508
vn -0.4061 -0.3590 -0.8404
vn -0.4060 -0.3591 -0.8404
vn -0.4436 -0.3430 -0.8280
vn -0.4436 -0.3431 -0.8280
vn -0.4806 -0.3272 -0.8136
vn -0.3872 -0.0014 -0.9220
vn -0.3872 -0.0015 -0.9220
vn -0.2670 0.2804 -0.9220
vn -0.0967 0.5734 -0.8136
vn -0.0596 0.5576 -0.8280
vn -0.0597 0.5576 -0.8280
vn -0.0220 0.5415 -0.8404
vn 0.0162 0.5252 -0.8508
vn -0.1392 0.2259 -0.9642
vn -0.1391 0.2259 -0.9642
vn -0.2593 -0.0560 -0.9642
vn -0.2593 -0.0559 -0.9642
vn 0.8421 -0.5255 0.1208
vn 0.9667 -0.2456 0.0727
vn 0.9623 -0.2436 0.1209
vn 0.6099 -0.7922 0.0215
vn 0.6080 -0.7913 0.0642
vn 0.6042 -0.7897 0.1066
vn 0.5984 -0.7872 0.1489
vn 0.5983 -0.7873 0.1491
vn 0.8355 -0.5229 0.1687
vn 0.9823 0.1133 0.1491
vn 0.9881 0.1110 0.1067
vn 0.8487 -0.5284 0.0243
vn 0.8486 -0.5284 0.0242
vn -0.4688 0.0333 -0.8827
vn -0.5081 0.0501 -0.8598
vn -0.3486 0.3152 -0.8827
vn -0.3878 0.3321 -0.8598
vn -0.3879 0.3320 -0.8598
vn -0.5171 -0.3117 -0.7972
vn -0.5171 -0.3117 -0.7971
vn -0.5527 -0.2964 -0.7789
vn -0.5527 -0.2965 -0.7789
vn -0.5873 -0.2817 -0.7588
vn -0.5873 -0.2817 -0.7587
vn -0.6211 -0.2673 -0.7367
vn -0.5464 0.0665 -0.8349
vn -0.5464 0.0664 -0.8349
vn -0.4261 0.3482 -0.8350
vn -0.4262 0.3483 -0.8349
vn -0.2371 0.6333 -0.7367
vn -0.2033 0.6189 -0.7587
vn -0.1687 0.6041 -0.7789
vn -0.1331 0.5889 -0.7972
vn -0.3083 0.2980 -0.9034
vn -0.4285 0.0161 -0.9034
vn 0.8421 -0.5257 -0.1209
vn 0.8465 -0.5275 -0.0727
vn 0.5984 -0.7872 -0.1489
vn 0.5983 -0.7873 -0.1489
vn 0.5983 -0.7874 -0.1488
vn 0.6041 -0.7897 -0.1066
vn 0.8487 -0.5284 -0.0243
vn 0.9881 0.1109 -0.1068
vn 0.9823 0.1133 -0.1491
vn 0.9823 0.1134 -0.1492
vn 0.9557 -0.2410 -0.1689
vn 0.8356 -0.5228 -0.1689
vn 0.8355 -0.5228 -0.1690
vn 0.8357 -0.5225 -0.1690
vn 0.8356 -0.5227 -0.1689
vn -0.6194 0.0975 -0.7790
vn -0.6537 0.1123 -0.7484
vn -0.6535 0.1123 -0.7485
vn -0.6538 0.1122 -0.7483
vn -0.4992 0.3794 -0.7790
vn -0.5336 0.3940 -0.7483
vn -0.5336 0.3941 -0.7483
vn -0.6539 -0.2534 -0.7129
vn -0.6855 -0.2399 -0.6874
vn -0.7160 -0.2271 -0.6602
vn -0.7159 -0.2269 -0.6603
vn -0.7450 -0.2144 -0.6317
vn -0.7451 -0.2145 -0.6316
vn -0.7450 -0.2145 -0.6316
vn -0.7450 -0.2146 -0.6316
vn -0.6868 0.1263 -0.7157
vn -0.6869 0.1263 -0.7157
vn -0.5668 0.4081 -0.7157
vn -0.5669 0.4081 -0.7156
vn -0.5667 0.4082 -0.7157
vn -0.3611 0.6861 -0.6316
vn -0.3319 0.6737 -0.6603
vn -0.3015 0.6608 -0.6874
vn -0.3015 0.6607 -0.6874
vn -0.2699 0.6472 -0.7129
vn -0.4634 0.3641 -0.8079
vn -0.5835 0.0822 -0.8079
vn 0.8030 -0.5090 -0.3100
vn 0.9362 -0.2325 -0.2635
vn 0.9362 -0.2326 -0.2635
vn 0.9470 -0.2371 -0.2166
vn 0.9536 0.1255 -0.2735
vn 0.7880 -0.5027 -0.3556
vn 0.7880 -0.5027 -0.3555
vn -0.7484 0.1526 -0.6454
vn -0.7485 0.1526 -0.6454
vn -0.7767 0.1646 -0.6080
vn -0.6282 0.4344 -0.6454
vn -0.6282 0.4345 -0.6454
vn -0.6565 0.4465 -0.6080
vn -0.6565 0.4466 -0.6080
vn -0.7730 -0.2026 -0.6012
vn -0.7994 -0.1913 -0.5695
vn -0.7995 -0.1914 -0.5694
vn -0.7995 -0.1913 -0.5695
vn -0.8243 -0.1807 -0.5365
vn -0.8242 -0.1807 -0.5367
vn -0.8243 -0.1808 -0.5366
vn -0.8478 -0.1707 -0.5020
vn -0.8478 -0.1707 -0.5021
vn -0.8479 -0.1708 -0.5019
vn -0.8033 0.1759 -0.5691
vn -0.8033 0.1759 -0.5690
vn -0.6831 0.4578 -0.5690
vn -0.4637 0.7299 -0.5021
vn -0.4638 0.7299 -0.5021
vn -0.4639 0.7298 -0.5022
vn -0.4403 0.7199 -0.5365
vn -0.4155 0.7092 -0.5695
vn -0.4154 0.7093 -0.5696
vn -0.4156 0.7093 -0.5693
vn -0.4154 0.7093 -0.5695
vn -0.3890 0.6980 -0.6012
vn -0.3890 0.6981 -0.6011
vn -0.5983 0.4217 -0.6814
vn -0.7185 0.1398 -0.6813
vn -0.7184 0.1398 -0.6814
vn -0.7185 0.1398 -0.6814
vn 0.7307 -0.4782 -0.4872
vn 0.7519 -0.4871 -0.4442
vn 0.7519 -0.4871 -0.4443
vn 0.8510 -0.1963 -0.4870
vn 0.8720 -0.2053 -0.4444
vn 0.4856 -0.7392 -0.4666
vn 0.5059 -0.7479 -0.4297
vn 0.5413 -0.7630 -0.3533
vn 0.5413 -0.7630 -0.3532
vn 0.8911 -0.2133 -0.4006
vn 0.9253 0.1375 -0.3534
vn 0.9085 0.1447 -0.3921
vn 0.8281 -0.1865 -0.5287
vn 0.7079 -0.4685 -0.5286
vn -0.1714 -0.0935 -0.9808
vn -0.0511 0.1883 -0.9808
vn -0.0511 0.1884 -0.9808
vn -0.3291 -0.3917 -0.8592
vn -0.2902 -0.4084 -0.8655
vn -0.2902 -0.4085 -0.8654
vn -0.2117 -0.4418 -0.8718
vn -0.2116 -0.4418 -0.8718
vn -0.2117 -0.4419 -0.8717
vn 0.1723 0.4588 -0.8717
vn 0.1329 0.4755 -0.8696
vn 0.1328 0.4755 -0.8696
vn 0.0939 0.4921 -0.8654
vn 0.0938 0.4921 -0.8654
vn 0.0550 0.5087 -0.8592
vn -0.2155 -0.0747 -0.9737
vn -0.8510 0.1963 -0.4870
vn -0.8510 0.1964 -0.4870
vn -0.8721 0.2052 -0.4443
vn -0.8721 0.2051 -0.4443
vn -0.7309 0.4782 -0.4870
vn -0.7308 0.4782 -0.4870
vn -0.7519 0.4870 -0.4444
vn -0.7519 0.4871 -0.4443
vn -0.7519 0.4870 -0.4443
vn -0.9084 -0.1448 -0.3921
vn -0.8911 0.2133 -0.4005
vn -0.8912 0.2130 -0.4005
vn -0.5413 0.7629 -0.3534
vn -0.5058 0.7480 -0.4298
vn -0.5059 0.7478 -0.4299
vn -0.4857 0.7392 -0.4665
vn 0.6282 -0.4344 -0.6455
vn 0.6283 -0.4345 -0.6454
vn 0.6282 -0.4344 -0.6454
vn 0.7484 -0.1526 -0.6454
vn 0.4403 -0.7199 -0.5365
vn 0.4638 -0.7299 -0.5022
vn 0.4637 -0.7299 -0.5022
vn 0.8032 -0.1761 -0.5691
vn 0.8034 -0.1759 -0.5689
vn 0.8244 0.1807 -0.5365
vn 0.7184 -0.1398 -0.6814
vn 0.7185 -0.1398 -0.6814
vn 0.7184 -0.1398 -0.6815
vn -0.3452 -0.0194 -0.9383
vn -0.3453 -0.0194 -0.9383
vn -0.3026 -0.0376 -0.9524
vn -0.1824 0.2445 -0.9523
vn -0.4806 -0.3273 -0.8136
vn -0.4059 -0.3591 -0.8404
vn -0.3680 -0.3753 -0.8507
vn -0.3678 -0.3755 -0.8507
vn 0.0161 0.5253 -0.8508
vn 0.0161 0.5252 -0.8508
vn 0.0162 0.5253 -0.8508
vn -0.0596 0.5575 -0.8280
vn -0.0594 0.5572 -0.8282
vn -0.0966 0.5733 -0.8136
vn -0.0965 0.5733 -0.8137
vn -0.0965 0.5733 -0.8136
vn -0.0966 0.5734 -0.8136
vn -0.2671 0.2804 -0.9220
vn -0.3874 -0.0015 -0.9219
vn -0.3876 -0.0015 -0.9218
vn -0.9232 0.2271 -0.3100
vn -0.8030 0.5090 -0.3099
vn -0.8031 0.5088 -0.3101
vn -0.8031 0.5089 -0.3100
vn -0.8031 0.5090 -0.3099
vn -0.8160 0.5145 -0.2635
vn -0.9404 -0.1311 -0.3138
vn -0.9536 -0.1255 -0.2736
vn -0.9537 -0.1255 -0.2735
vn -0.9536 -0.1255 -0.2735
vn -0.9651 -0.1207 -0.2325
vn -0.5811 0.7799 -0.2327
vn -0.7880 0.5027 -0.3556
vn -0.7880 0.5026 -0.3555
vn -0.7880 0.5025 -0.3556
vn 0.2699 -0.6473 -0.7129
vn 0.2700 -0.6472 -0.7129
vn 0.3016 -0.6606 -0.6874
vn 0.3015 -0.6608 -0.6874
vn 0.5666 -0.4081 -0.7158
vn 0.7450 0.2146 -0.6316
vn 0.7450 0.2145 -0.6316
vn 0.7160 0.2271 -0.6601
vn 0.6854 0.2398 -0.6875
vn 0.6854 0.2400 -0.6875
vn 0.6855 0.2400 -0.6874
vn 0.4634 -0.3642 -0.8079
vn 0.4633 -0.3642 -0.8079
vn -0.5874 -0.2817 -0.7587
vn -0.5873 -0.2818 -0.7587
vn -0.5526 -0.2965 -0.7789
vn -0.5172 -0.3118 -0.7971
vn -0.4285 0.0162 -0.9034
vn -0.4284 0.0163 -0.9034
vn -0.3083 0.2981 -0.9034
vn -0.1332 0.5889 -0.7972
vn -0.1333 0.5888 -0.7972
vn -0.1687 0.6041 -0.7788
vn -0.2035 0.6189 -0.7586
vn -0.2034 0.6189 -0.7587
vn -0.2371 0.6334 -0.7366
vn -0.4262 0.3485 -0.8348
vn -0.5468 0.0664 -0.8347
vn -0.9622 0.2439 -0.1211
vn -0.9666 0.2456 -0.0726
vn -0.9666 0.2456 -0.0727
vn -0.8421 0.5255 -0.1209
vn -0.9823 -0.1133 -0.1491
vn -0.9823 -0.1132 -0.1490
vn -0.9920 -0.1091 -0.0642
vn -0.9919 -0.1091 -0.0643
vn -0.9939 -0.1085 -0.0214
vn -0.9939 -0.1085 -0.0215
vn -0.6099 0.7922 -0.0215
vn -0.6080 0.7913 -0.0642
vn -0.6041 0.7897 -0.1066
vn -0.5983 0.7873 -0.1491
vn -0.5983 0.7873 -0.1489
vn -0.8355 0.5228 -0.1689
vn -0.8355 0.5229 -0.1689
vn -0.9557 0.2410 -0.1689
vn 0.3880 -0.3320 -0.8598
vn 0.1687 -0.6040 -0.7789
vn 0.2034 -0.6188 -0.7587
vn 0.2034 -0.6187 -0.7589
vn 0.2033 -0.6188 -0.7588
vn 0.2034 -0.6189 -0.7587
vn 0.2371 -0.6332 -0.7367
vn 0.2372 -0.6332 -0.7368
vn 0.2371 -0.6333 -0.7367
vn 0.4261 -0.3483 -0.8349
vn 0.5466 -0.0666 -0.8347
vn 0.6211 0.2673 -0.7368
vn 0.5874 0.2816 -0.7587
vn 0.5873 0.2818 -0.7587
vn 0.5527 0.2966 -0.7789
vn 0.5527 0.2961 -0.7790
vn 0.5171 0.3116 -0.7972
vn 0.3083 -0.2979 -0.9034
vn -0.6853 -0.2401 -0.6876
vn -0.6854 -0.2399 -0.6875
vn -0.6855 -0.2401 -0.6873
vn -0.5836 0.0822 -0.8079
vn -0.4634 0.3642 -0.8079
vn -0.3317 0.6738 -0.6602
vn -0.3318 0.6738 -0.6603
vn -0.5667 0.4081 -0.7157
vn -0.9623 0.2438 0.1208
vn -0.8464 0.5276 0.0727
vn -0.8422 0.5255 0.1209
vn -0.9939 -0.1085 0.0215
vn -0.9939 -0.1086 0.0216
vn -0.9920 -0.1091 0.0640
vn -0.9920 -0.1089 0.0642
vn -0.9920 -0.1091 0.0642
vn -0.8355 0.5228 0.1689
vn -0.8355 0.5229 0.1689
vn -0.5983 0.7873 0.1491
vn -0.6041 0.7897 0.1066
vn -0.6080 0.7913 0.0642
vn -0.6098 0.7922 0.0213
vn -0.8486 0.5285 0.0243
vn -0.9689 0.2464 0.0243
vn 0.2250 -0.2626 -0.9383
vn 0.3026 0.0375 -0.9524
vn 0.3453 0.0194 -0.9383
vn 0.3454 0.0194 -0.9382
vn 0.3452 0.0194 -0.9383
vn 0.0219 -0.5415 -0.8404
vn 0.0597 -0.5576 -0.8280
vn 0.2669 -0.2804 -0.9220
vn 0.3874 0.0015 -0.9219
vn 0.3873 0.0015 -0.9220
vn 0.4435 0.3430 -0.8280
vn 0.4434 0.3428 -0.8282
vn 0.4435 0.3429 -0.8281
vn 0.4059 0.3591 -0.8404
vn 0.3677 0.3754 -0.8508
vn 0.3677 0.3755 -0.8508
vn -0.7485 0.1524 -0.6454
vn -0.7484 0.1525 -0.6454
vn -0.6282 0.4344 -0.6455
vn -0.6283 0.4344 -0.6455
vn -0.8478 -0.1708 -0.5021
vn -0.7995 -0.1913 -0.5694
vn -0.7995 -0.1913 -0.5693
vn -0.7729 -0.2026 -0.6013
vn -0.5982 0.4217 -0.6814
vn -0.4154 0.7093 -0.5694
vn -0.4156 0.7094 -0.5692
vn -0.6830 0.4578 -0.5691
vn -0.6830 0.4579 -0.5691
vn -0.6831 0.4579 -0.5690
vn -0.8033 0.1758 -0.5691
vn -0.8033 0.1757 -0.5690
vn -0.0000 -1.0000 -0.0000
vn -0.6343 -0.0000 -0.7731
vn -0.8305 -0.5509 0.0821
vn -0.8305 -0.5510 0.0821
vn -0.8305 -0.5509 0.0822
vn 0.7989 -0.5505 0.2423
vn -0.7989 -0.5506 0.2422
vn -0.7989 -0.5505 0.2423
vn -0.7989 -0.5505 0.2422
vn 0.8308 -0.5505 0.0817
vn 0.8308 -0.5506 0.0818
vn 0.8307 -0.5506 0.0818
vn -0.7362 -0.5506 0.3936
vn -0.7357 -0.5511 0.3937
vn -0.7361 -0.5507 0.3935
vn -0.7362 -0.5506 0.3935
vn 0.8307 -0.5507 -0.0819
vn 0.8308 -0.5505 -0.0818
vn -0.6453 -0.5506 0.5295
vn -0.6451 -0.5511 0.5293
vn -0.6454 -0.5505 0.5295
vn -0.6455 -0.5504 0.5296
vn 0.7989 -0.5505 -0.2424
vn 0.7989 -0.5505 -0.2423
vn -0.5296 -0.5506 0.6452
vn -0.5296 -0.5505 0.6454
vn -0.5296 -0.5505 0.6453
vn 0.7364 -0.5502 -0.3936
vn 0.7361 -0.5507 -0.3935
vn 0.7363 -0.5503 -0.3936
vn 0.7362 -0.5505 -0.3935
vn -0.3937 -0.5500 0.7365
vn -0.3936 -0.5502 0.7365
vn -0.3937 -0.5502 0.7364
vn -0.3937 -0.5503 0.7363
vn -0.0818 -0.5506 -0.8308
vn -0.0817 -0.5505 -0.8309
vn -0.0818 -0.5505 -0.8308
vn 0.6454 -0.5505 -0.5296
vn 0.6453 -0.5506 -0.5296
vn 0.6451 -0.5506 -0.5297
vn 0.6454 -0.5505 -0.5295
vn -0.2423 -0.5505 0.7989
vn -0.2423 -0.5504 -0.7989
vn -0.2423 -0.5505 -0.7989
vn 0.5297 -0.5504 -0.6453
vn 0.5296 -0.5506 -0.6453
vn 0.5297 -0.5505 -0.6453
vn -0.0817 -0.5504 0.8309
vn -0.0820 -0.5510 0.8305
vn -0.0818 -0.5505 0.8308
vn -0.3935 -0.5507 -0.7362
vn -0.3935 -0.5506 -0.7362
vn 0.3935 -0.5506 -0.7362
vn 0.3935 -0.5505 -0.7362
vn 0.3935 -0.5505 -0.7363
vn 0.0818 -0.5505 0.8308
vn 0.0813 -0.5504 0.8309
vn 0.0817 -0.5506 0.8308
vn -0.5296 -0.5506 -0.6453
vn -0.5295 -0.5507 -0.6453
vn -0.5296 -0.5505 -0.6453
vn 0.2422 -0.5506 -0.7989
vn 0.2416 -0.5509 -0.7988
vn 0.2423 -0.5505 -0.7989
vn 0.2423 -0.5505 0.7989
vn -0.6453 -0.5506 -0.5296
vn -0.6453 -0.5505 -0.5296
vn -0.6453 -0.5506 -0.5295
vn 0.0819 -0.5507 -0.8307
vn 0.0821 -0.5510 -0.8305
vn 0.0819 -0.5506 -0.8307
vn 0.0822 -0.5509 -0.8305
vn 0.3938 -0.5505 0.7361
vn 0.3935 -0.5505 0.7362
vn 0.3937 -0.5507 0.7361
vn 0.3935 -0.5506 0.7362
vn -0.7362 -0.5506 -0.3935
vn -0.7362 -0.5507 -0.3935
vn -0.7361 -0.5507 -0.3935
vn 0.5297 -0.5505 0.6452
vn 0.5296 -0.5505 0.6453
vn 0.5297 -0.5506 0.6451
vn 0.5299 -0.5504 0.6451
vn -0.7988 -0.5506 -0.2422
vn -0.7988 -0.5509 -0.2419
vn -0.7989 -0.5506 -0.2422
vn -0.7990 -0.5504 -0.2423
vn 0.6453 -0.5505 0.5296
vn 0.6452 -0.5505 0.5297
vn 0.6452 -0.5506 0.5297
vn -0.8308 -0.5505 -0.0818
vn -0.8307 -0.5506 -0.0819
vn 0.7362 -0.5504 0.3937
vn 0.7361 -0.5506 0.3936
vn 0.7363 -0.5505 0.3935
vn 0.7363 -0.5504 0.3935
vn -0.0000 1.0000 -0.0000
vn 0.2903 -0.0000 -0.9569
vn 0.2901 -0.0000 -0.9570
vn 0.2903 -0.0000 0.9569
vn 0.2901 -0.0000 0.9570
vn -0.7731 -0.0000 -0.6343
vn 0.0981 -0.0000 -0.9952
vn 0.0984 -0.0000 -0.9951
vn 0.0980 -0.0000 -0.9952
vn 0.4716 -0.0000 0.8818
vn 0.4718 -0.0000 0.8817
vn 0.4713 -0.0000 0.8820
vn -0.8820 -0.0000 -0.4713
vn 0.6343 -0.0000 0.7731
vn -0.9570 -0.0000 -0.2901
vn -0.9571 -0.0000 -0.2898
vn 0.7731 -0.0000 0.6343
vn -0.9952 -0.0000 -0.0983
vn -0.9952 -0.0000 -0.0980
vn 0.8817 -0.0000 0.4718
vn -0.9952 -0.0000 0.0981
vn -0.9951 -0.0000 0.0984
vn -0.9952 -0.0000 0.0980
vn 0.9569 -0.0000 0.2903
vn -0.9569 -0.0000 0.2903
vn -0.9570 -0.0000 0.2900
vn 0.9952 -0.0000 0.0981
vn 0.9952 -0.0000 0.0980
vn 0.9951 -0.0000 0.0984
vn -0.8817 -0.0000 0.4718
vn 0.9952 -0.0000 -0.0983
vn 0.9952 -0.0000 -0.0980
vn -0.7731 -0.0000 0.6343
vn 0.9571 -0.0000 -0.2898
vn 0.9569 -0.0000 -0.2903
vn 0.9570 -0.0000 -0.2901
vn -0.6343 -0.0000 0.7731
vn 0.8820 -0.0000 -0.4713
vn -0.4713 -0.0000 0.8820
vn -0.0983 -0.0000 -0.9952
vn 0.7731 -0.0000 -0.6343
vn -0.2903 -0.0000 0.9569
vn -0.2901 -0.0000 -0.9570
vn -0.2903 -0.0000 -0.9569
vn 0.6343 -0.0000 -0.7731
vn -0.0983 -0.0000 0.9952
vn -0.4713 -0.0000 -0.8820
vn 0.4716 -0.0000 -0.8818
vn 0.4718 -0.0000 -0.8817
vn 0.4713 -0.0000 -0.8820
vn 0.0981 -0.0000 0.9952
vn 0.0980 -0.0000 0.9952
vn 0.0984 -0.0000 0.9951
vn -0.8376 -0.4837 -0.2540
vn -0.8376 -0.4836 -0.2541
vn -0.8375 -0.4838 -0.2540
vn -0.8376 -0.4836 -0.2540
vn 0.6767 -0.4835 0.5553
vn 0.6766 -0.4836 0.5553
vn 0.6767 -0.4835 0.5552
vn 0.6770 -0.4833 0.5551
vn -0.8712 -0.4834 -0.0860
vn -0.8711 -0.4836 -0.0858
vn -0.8711 -0.4836 -0.0860
vn 0.7718 -0.4838 0.4127
vn 0.7720 -0.4836 0.4125
vn 0.7719 -0.4836 0.4126
vn 0.7717 -0.4838 0.4128
vn -0.8712 -0.4834 0.0859
vn -0.8711 -0.4836 0.0858
vn -0.8711 -0.4836 0.0857
vn -0.8712 -0.4833 0.0861
vn 0.8376 -0.4836 0.2540
vn 0.8376 -0.4836 0.2541
vn 0.8375 -0.4836 0.2542
vn -0.8376 -0.4837 0.2540
vn -0.8376 -0.4836 0.2541
vn -0.8377 -0.4834 0.2540
vn -0.8374 -0.4839 0.2542
vn 0.8711 -0.4836 0.0858
vn 0.8711 -0.4836 0.0860
vn -0.7719 -0.4836 0.4126
vn -0.7719 -0.4835 0.4127
vn -0.7719 -0.4835 0.4128
vn 0.8711 -0.4837 -0.0852
vn 0.8711 -0.4836 -0.0857
vn -0.6768 -0.4836 0.5551
vn -0.6766 -0.4836 0.5552
vn -0.6766 -0.4834 0.5555
vn -0.6766 -0.4836 0.5553
vn 0.8376 -0.4837 -0.2541
vn 0.8376 -0.4836 -0.2541
vn 0.8375 -0.4836 -0.2544
vn 0.8375 -0.4837 -0.2543
vn -0.5552 -0.4834 0.6768
vn -0.5552 -0.4836 0.6767
vn -0.5554 -0.4835 0.6765
vn -0.5551 -0.4833 0.6770
vn 0.7719 -0.4835 -0.4128
vn 0.7719 -0.4836 -0.4127
vn 0.7719 -0.4836 -0.4126
vn -0.4126 -0.4835 0.7720
vn -0.4127 -0.4834 0.7720
vn -0.4128 -0.4835 0.7719
vn -0.4126 -0.4836 0.7719
vn -0.0858 -0.4836 -0.8711
vn -0.0860 -0.4836 -0.8711
vn 0.6767 -0.4835 -0.5553
vn 0.6766 -0.4836 -0.5553
vn 0.6767 -0.4836 -0.5552
vn 0.6767 -0.4837 -0.5551
vn -0.2542 -0.4834 0.8376
vn -0.2542 -0.4839 0.8374
vn -0.2543 -0.4837 0.8375
vn -0.2544 -0.4835 0.8376
vn -0.2542 -0.4836 -0.8375
vn -0.2543 -0.4837 -0.8375
vn -0.2541 -0.4837 -0.8376
vn -0.2541 -0.4836 -0.8376
vn 0.5553 -0.4835 -0.6767
vn 0.5554 -0.4836 -0.6765
vn 0.5553 -0.4836 -0.6766
vn 0.5551 -0.4833 -0.6770
vn -0.0858 -0.4835 0.8711
vn -0.0861 -0.4836 0.8710
vn -0.0859 -0.4836 0.8711
vn -0.4126 -0.4836 -0.7719
vn -0.4127 -0.4836 -0.7719
vn -0.4128 -0.4835 -0.7719
vn 0.4126 -0.4836 -0.7720
vn 0.4126 -0.4836 -0.7719
vn 0.0855 -0.4836 0.8711
vn 0.0858 -0.4836 0.8711
vn 0.0860 -0.4834 0.8712
vn 0.0852 -0.4837 0.8711
vn -0.5553 -0.4835 -0.6767
vn -0.5555 -0.4838 -0.6763
vn -0.5555 -0.4837 -0.6764
vn -0.5554 -0.4836 -0.6765
vn 0.2541 -0.4836 -0.8376
vn 0.2539 -0.4837 -0.8376
vn 0.2540 -0.4836 0.8377
vn 0.2539 -0.4835 0.8377
vn 0.2540 -0.4834 0.8377
vn 0.2541 -0.4836 0.8376
vn -0.6765 -0.4836 -0.5554
vn -0.6764 -0.4836 -0.5555
vn -0.6765 -0.4835 -0.5554
vn -0.6766 -0.4836 -0.5553
vn 0.0859 -0.4836 -0.8711
vn 0.0858 -0.4836 -0.8711
vn 0.4130 -0.4835 0.7718
vn 0.4126 -0.4836 0.7719
vn 0.4127 -0.4835 0.7719
vn 0.4127 -0.4836 0.7719
vn -0.7719 -0.4835 -0.4127
vn -0.7719 -0.4836 -0.4126
vn -0.7718 -0.4835 -0.4130
vn -0.7719 -0.4835 -0.4128
vn 0.5551 -0.4836 0.6768
vn 0.5552 -0.4836 0.6766
vn 0.5555 -0.4834 0.6766
vn 0.5550 -0.4836 0.6768
vn 0.9952 -0.0000 -0.0981
vn 0.2439 -0.8557 -0.4563
vn 0.2439 -0.8559 -0.4560
vn 0.2440 -0.8556 -0.4564
vn 0.2440 -0.8557 -0.4564
vn 0.0507 -0.8559 0.5147
vn 0.0508 -0.8558 0.5148
vn 0.0507 -0.8559 0.5146
vn 0.0506 -0.8560 0.5145
vn -0.3284 -0.8556 -0.4002
vn -0.3283 -0.8557 -0.4000
vn -0.3285 -0.8554 -0.4005
vn 0.1502 -0.8556 -0.4954
vn 0.1502 -0.8558 -0.4951
vn 0.1502 -0.8557 -0.4952
vn 0.1503 -0.8557 0.4952
vn 0.1502 -0.8557 0.4953
vn 0.1500 -0.8557 0.4953
vn 0.1504 -0.8556 0.4953
vn -0.4002 -0.8556 -0.3283
vn -0.3998 -0.8558 -0.3283
vn -0.4001 -0.8557 -0.3283
vn 0.0507 -0.8559 -0.5147
vn 0.0507 -0.8557 -0.5149
vn 0.0507 -0.8559 -0.5146
vn 0.0508 -0.8558 -0.5147
vn 0.2441 -0.8556 0.4565
vn 0.2442 -0.8555 0.4566
vn 0.2441 -0.8555 0.4566
vn -0.4565 -0.8556 -0.2441
vn -0.4566 -0.8555 -0.2442
vn -0.4566 -0.8556 -0.2441
vn -0.4569 -0.8554 -0.2441
vn 0.3282 -0.8556 0.4004
vn 0.3280 -0.8557 0.4003
vn 0.3283 -0.8555 0.4003
vn 0.3284 -0.8555 0.4002
vn -0.4950 -0.8558 -0.1503
vn -0.4951 -0.8558 -0.1502
vn -0.4951 -0.8557 -0.1502
vn 0.4003 -0.8556 0.3284
vn 0.4001 -0.8557 0.3283
vn 0.4001 -0.8556 0.3284
vn 0.3998 -0.8558 0.3283
vn -0.5149 -0.8558 -0.0507
vn -0.5147 -0.8558 -0.0508
vn -0.5147 -0.8559 -0.0507
vn -0.5151 -0.8556 -0.0507
vn 0.4563 -0.8557 0.2439
vn 0.4559 -0.8559 0.2439
vn 0.4564 -0.8557 0.2439
vn 0.4566 -0.8556 0.2440
vn -0.5149 -0.8558 0.0508
vn -0.5145 -0.8560 0.0506
vn -0.5150 -0.8557 0.0508
vn -0.5147 -0.8558 0.0508
vn 0.4950 -0.8558 0.1502
vn 0.4951 -0.8558 0.1502
vn 0.4948 -0.8559 0.1502
vn -0.4953 -0.8557 0.1501
vn -0.4956 -0.8555 0.1501
vn -0.4952 -0.8557 0.1502
vn -0.4951 -0.8558 0.1502
vn 0.5149 -0.8558 0.0507
vn 0.5150 -0.8557 0.0507
vn 0.5147 -0.8559 0.0507
vn 0.5148 -0.8558 0.0507
vn -0.4565 -0.8556 0.2441
vn -0.4567 -0.8555 0.2441
vn -0.4569 -0.8554 0.2441
vn 0.5147 -0.8559 -0.0507
vn 0.5147 -0.8558 -0.0508
vn 0.5150 -0.8557 -0.0508
vn 0.5148 -0.8558 -0.0507
vn -0.4003 -0.8556 0.3282
vn -0.4001 -0.8556 0.3283
vn -0.4001 -0.8557 0.3283
vn -0.4001 -0.8557 0.3282
vn 0.4948 -0.8559 -0.1501
vn 0.4951 -0.8557 -0.1502
vn 0.4949 -0.8558 -0.1503
vn 0.4950 -0.8558 -0.1503
vn -0.3283 -0.8557 0.4000
vn -0.3284 -0.8556 0.4002
vn -0.3283 -0.8557 0.3999
vn 0.4564 -0.8557 -0.2439
vn 0.4564 -0.8557 -0.2440
vn 0.4564 -0.8557 -0.2438
vn -0.2441 -0.8556 0.4565
vn -0.2443 -0.8554 0.4568
vn -0.2440 -0.8556 0.4564
vn -0.0507 -0.8559 -0.5146
vn -0.0506 -0.8560 -0.5145
vn -0.0507 -0.8559 -0.5147
vn -0.0508 -0.8558 -0.5147
vn 0.4000 -0.8558 -0.3281
vn 0.4000 -0.8557 -0.3282
vn 0.4001 -0.8557 -0.3283
vn 0.4001 -0.8557 -0.3282
vn -0.1501 -0.8557 0.4953
vn -0.1502 -0.8558 0.4951
vn -0.1502 -0.8557 0.4952
vn -0.1502 -0.8556 0.4953
vn -0.1502 -0.8556 -0.4954
vn -0.1502 -0.8556 -0.4953
vn -0.1502 -0.8557 -0.4952
vn -0.1502 -0.8558 -0.4950
vn 0.3283 -0.8557 -0.4001
vn 0.3283 -0.8556 -0.4001
vn 0.3283 -0.8557 -0.3999
vn 0.3283 -0.8557 -0.4000
vn -0.0506 -0.8558 0.5149
vn -0.0507 -0.8560 0.5145
vn -0.0507 -0.8559 0.5147
vn -0.0507 -0.8558 0.5148
vn -0.2440 -0.8556 -0.4564
vn -0.2438 -0.8557 -0.4564
vn -0.2440 -0.8557 -0.4564
vn -0.2441 -0.8556 -0.4565
vn -0.7732 -0.0000 0.6342
vn -0.6342 -0.0000 0.7732
vn -0.6344 -0.0000 0.7730
vn 0.8818 -0.0000 -0.4716
vn -0.4716 -0.0000 0.8818
vn -0.0981 -0.0000 -0.9952
vn -0.0977 -0.0000 -0.9952
vn 0.7730 -0.0000 -0.6343
vn 0.7735 -0.0000 -0.6338
vn 0.7732 -0.0000 -0.6342
vn 0.6343 -0.0000 -0.7730
vn 0.6344 -0.0000 -0.7730
vn -0.0981 -0.0000 0.9952
vn -0.0977 -0.0000 0.9952
vn -0.4716 -0.0000 -0.8818
vn 0.0977 -0.0000 0.9952
vn -0.6345 -0.0000 -0.7729
vn -0.6342 -0.0000 -0.7732
vn -0.6346 -0.0000 -0.7729
vn -0.7732 -0.0000 -0.6342
vn 0.0977 -0.0000 -0.9952
vn -0.8818 -0.0000 -0.4716
vn 0.6344 -0.0000 0.7730
vn -0.9569 -0.0000 -0.2903
vn 0.7729 -0.0000 0.6346
vn -0.9952 -0.0000 -0.0981
vn 0.8818 -0.0000 0.4716
vn -0.8818 -0.0000 0.4716
vn 0.3549 -0.0000 0.9349
vn 0.3550 -0.0000 0.9349
vn 0.1657 -0.0000 0.9862
vn -0.0299 -0.0000 0.9996
vn -0.2243 -0.0000 0.9745
vn -0.4101 -0.0000 0.9120
vn -0.4101 -0.0000 0.9121
vn -0.4102 -0.0000 0.9120
vn -0.5801 -0.0000 0.8145
vn -0.5802 -0.0000 0.8145
vn -0.7279 -0.0000 0.6857
vn -0.8476 -0.0000 0.5306
vn -0.8477 -0.0000 0.5305
vn -0.8476 -0.0000 0.5307
vn -0.9349 -0.0000 0.3549
vn -0.9862 -0.0000 0.1657
vn -0.9996 -0.0000 -0.0299
vn -0.9745 -0.0000 -0.2243
vn -0.9120 -0.0000 -0.4101
vn -0.9121 -0.0000 -0.4100
vn -0.8145 -0.0000 -0.5802
vn -0.6857 -0.0000 -0.7279
vn -0.6856 -0.0000 -0.7279
vn -0.5305 -0.0000 -0.8477
vn -0.3549 -0.0000 -0.9349
vn -0.1657 -0.0000 -0.9862
vn 0.0299 -0.0000 -0.9996
vn 0.2243 -0.0000 -0.9745
vn 0.4101 -0.0000 -0.9121
vn 0.4101 -0.0000 -0.9120
vn 0.5802 -0.0000 -0.8145
vn 0.7279 -0.0000 -0.6857
vn 0.8477 -0.0000 -0.5305
vn 0.9349 -0.0000 -0.3549
vn 0.9862 -0.0000 -0.1657
vn 0.9996 -0.0000 0.0299
vn 0.9745 -0.0000 0.2243
vn 0.9120 -0.0000 0.4101
vn 0.9121 -0.0000 0.4101
vn 0.8145 -0.0000 0.5802
vn 0.8145 -0.0000 0.5801
vn -0.8312 0.4607 0.3113
vn 0.6857 -0.0000 0.7279
vn 0.5305 -0.0000 0.8477
vn 0.5307 -0.0000 0.8476
vn 0.5306 -0.0000 0.8476
vn -0.0000 -1.0000 -0.0006
vn -0.0000 -1.0000 0.0003
vn -0.0000 -1.0000 -0.0001
vn -0.0000 -1.0000 0.0001
vn -0.0000 -1.0000 -0.0003
vn -0.0000 -1.0000 -0.0005
vn -0.0000 -1.0000 0.0006
vn -0.0579 0.6232 0.7799
vn 0.0799 0.7021 -0.7075
vn 0.0799 0.7022 -0.7075
vn 0.0799 0.7021 -0.7076
vn 0.1629 0.9797 -0.1167
vn -0.3330 0.4516 0.8278
vn -0.3330 0.4516 0.8277
vn -0.6770 0.4608 -0.5738
vn 0.1180 0.9930 -0.0100
vn 0.4226 0.5301 0.7351
vn 0.5558 0.6037 0.5715
vn 0.5559 0.6037 0.5715
vn -0.8784 0.4584 0.1350
vn -0.8784 0.4584 0.1349
vn 0.2242 0.8074 -0.5457
vn 0.2241 0.8075 -0.5456
vn 0.2241 0.8075 -0.5457
vn 0.2242 0.8074 -0.5458
vn 0.2940 0.9504 -0.1015
vn 0.2940 0.9504 -0.1014
vn -0.4980 0.4548 0.7383
vn -0.5216 0.4843 -0.7024
vn 0.0647 0.9978 -0.0115
vn 0.0647 0.9978 -0.0114
vn 0.2447 0.4843 0.8400
vn 0.2447 0.4842 0.8400
vn 0.2446 0.4843 0.8400
vn -0.8892 0.4548 -0.0493
vn 0.2814 0.8946 -0.3472
vn 0.2814 0.8945 -0.3473
vn 0.2814 0.8946 -0.3473
vn 0.4467 0.8946 -0.0144
vn 0.4467 0.8946 -0.0143
vn 0.4466 0.8946 -0.0143
vn -0.6383 0.4584 0.6184
vn -0.3304 0.5300 -0.7810
vn 0.0482 0.9978 -0.0446
vn 0.0482 0.4608 0.8862
vn -0.8607 0.4517 -0.2349
vn -0.8607 0.4517 -0.2348
vn 0.2585 0.9504 -0.1730
vn 0.2584 0.9504 -0.1730
vn 0.5702 0.8075 0.1511
vn 0.5708 0.8070 0.1518
vn -0.7503 0.4606 0.4742
vn -0.7503 0.4606 0.4743
vn -0.1194 0.6037 -0.7882
vn -0.1195 0.6037 -0.7882
vn 0.0792 0.9930 -0.0880
vn 0.0792 0.9930 -0.0879
vn -0.1484 0.4521 0.8796
vn -0.1484 0.4521 0.8795
vn -0.7905 0.4521 -0.4132
vn 0.1914 0.9797 -0.0593
vn 0.1915 0.9797 -0.0593
vn 0.6121 0.7021 0.3638
vn 0.6122 0.7021 0.3638
vn 0.8203 -0.4015 -0.4074
vn 0.8203 -0.4015 -0.4073
vn 0.8203 -0.4016 -0.4073
vn 0.8203 -0.4018 -0.4070
vn 0.8202 -0.4015 -0.4074
vn 0.8204 -0.4015 -0.4072
vn 0.8202 -0.4018 -0.4073
vn 0.8204 -0.4013 -0.4073
vn 0.8199 -0.4021 -0.4076
vn 0.8203 -0.4014 -0.4074
vn 0.8200 -0.4015 -0.4078
vn 0.8200 -0.4015 -0.4079
vn 0.8205 -0.4011 -0.4072
vn 0.8202 -0.4015 -0.4075
vn 0.8203 -0.4020 -0.4069
vn 0.8206 -0.4008 -0.4074
vn 0.8201 -0.4013 -0.4078
vn 0.8202 -0.4017 -0.4074
vn 0.8204 -0.4014 -0.4072
vn 0.9366 -0.1056 0.3342
vn 0.9366 -0.1055 0.3341
vn 0.9366 -0.1056 0.3340
vn 0.9366 -0.1056 0.3341
vn 0.2996 -0.1056 -0.9482
vn 0.2997 -0.1054 -0.9482
vn 0.2997 -0.1056 -0.9482
vn -0.1543 0.7313 0.6644
vn -0.1545 0.7314 0.6642
vn -0.1544 0.7314 0.6642
vn 0.5748 -0.0878 0.8136
vn 0.5745 -0.0878 0.8138
vn 0.8931 0.3342 -0.3010
vn 0.8931 0.3342 -0.3011
vn 0.8932 0.3341 -0.3010
vn -0.2405 0.8072 0.5391
vn -0.2405 0.8073 0.5389
vn 0.7743 0.6270 0.0857
vn 0.7742 0.6271 0.0857
vn -0.3184 0.8550 0.4094
vn -0.3184 0.8550 0.4093
vn 0.6107 0.7775 0.1500
vn 0.6107 0.7775 0.1502
vn -0.3900 0.8780 0.2774
vn -0.3901 0.8780 0.2774
vn -0.3902 0.8780 0.2772
vn -0.3902 0.8780 0.2773
vn 0.4802 0.8702 0.1105
vn -0.4567 0.8780 0.1432
vn -0.4567 0.8780 0.1433
vn 0.3773 0.9256 0.0287
vn 0.3773 0.9256 0.0286
vn -0.5185 0.8550 0.0065
vn -0.5186 0.8550 0.0064
vn -0.5185 0.8550 0.0064
vn 0.2976 0.9518 -0.0749
vn 0.2976 0.9518 -0.0748
vn 0.2976 0.9517 -0.0749
vn -0.5748 0.8072 -0.1340
vn -0.5748 0.8072 -0.1342
vn 0.2395 0.9517 -0.1919
vn 0.2395 0.9518 -0.1919
vn 0.2394 0.9518 -0.1919
vn -0.6226 0.7314 -0.2783
vn -0.6226 0.7314 -0.2784
vn 0.2053 0.9256 -0.3179
vn 0.2052 0.9256 -0.3181
vn -0.6564 0.6232 -0.4251
vn -0.6564 0.6232 -0.4252
vn 0.2021 0.8701 -0.4495
vn 0.2021 0.8702 -0.4493
vn 0.2021 0.8702 -0.4494
vn -0.6664 0.4793 -0.5711
vn -0.6664 0.4794 -0.5710
vn 0.3423 0.0998 0.9343
vn 0.3421 0.0999 0.9343
vn 0.3422 0.0999 0.9343
vn 0.2494 0.7775 -0.5773
vn 0.2493 0.7775 -0.5773
vn -0.6363 0.3010 -0.7103
vn -0.6362 0.3010 -0.7103
vn 0.1816 0.3010 0.9362
vn 0.1815 0.3010 0.9362
vn 0.1817 0.3010 0.9362
vn 0.3997 0.6269 -0.6687
vn 0.3996 0.6269 -0.6688
vn -0.5377 0.0997 -0.8372
vn -0.5378 0.0999 -0.8371
vn -0.5377 0.0998 -0.8372
vn 0.0526 0.4793 0.8761
vn 0.0523 0.4793 0.8761
vn 0.0524 0.4793 0.8761
vn 0.7796 0.3342 -0.5297
vn 0.7796 0.3341 -0.5297
vn 0.7796 0.3342 -0.5296
vn -0.3010 -0.0878 -0.9496
vn -0.3010 -0.0876 -0.9496
vn -0.3010 -0.0877 -0.9496
vn -0.7148 -0.0000 0.6994
vn -0.7147 -0.0000 0.6994
vn -0.8375 -0.0000 0.5465
vn -0.9280 -0.0000 0.3726
vn -0.9829 -0.0000 0.1844
vn -0.9999 -0.0000 -0.0109
vn -0.9786 -0.0000 -0.2057
vn -0.9197 -0.0000 -0.3927
vn -0.8254 -0.0000 -0.5646
vn -0.6993 -0.0000 -0.7148
vn -0.5465 -0.0000 -0.8375
vn -0.5465 -0.0000 -0.8374
vn -0.3726 -0.0000 -0.9280
vn -0.3725 -0.0000 -0.9280
vn -0.1844 -0.0000 -0.9829
vn 0.0109 -0.0000 -0.9999
vn 0.2058 -0.0000 -0.9786
vn 0.2057 -0.0000 -0.9786
vn 0.3927 -0.0000 -0.9197
vn 0.3926 -0.0000 -0.9197
vn 0.5646 -0.0000 -0.8254
vn 0.7148 -0.0000 -0.6994
vn 0.7148 -0.0000 -0.6993
vn 0.7147 -0.0000 -0.6994
vn 0.8375 -0.0000 -0.5465
vn 0.9280 -0.0000 -0.3726
vn 0.9829 -0.0000 -0.1844
vn 0.9828 -0.0000 -0.1844
vn 0.9999 -0.0000 0.0109
vn 0.9786 -0.0000 0.2058
vn 0.9197 -0.0000 0.3927
vn 0.8254 -0.0000 0.5646
vn 0.6993 -0.0000 0.7148
vn 0.5464 -0.0000 0.8375
vn 0.5465 -0.0000 0.8374
vn 0.3726 -0.0000 0.9280
vn 0.1844 -0.0000 0.9829
vn -0.0109 -0.0000 0.9999
vn -0.2058 -0.0000 0.9786
vn -0.6179 0.4606 -0.6372
vn -0.3927 -0.0000 0.9197
vn -0.3926 -0.0000 0.9197
vn -0.5647 -0.0000 0.8253
vn -0.5649 -0.0000 0.8252
vn -0.5646 -0.0000 0.8253
vn -0.5645 -0.0000 0.8254
vn -0.0000 -1.0000 0.0002
vn -0.7379 0.6232 0.2591
vn -0.7379 0.6232 0.2590
vn 0.6804 0.7021 -0.2098
vn 0.6804 0.7021 -0.2100
vn 0.6805 0.7021 -0.2098
vn 0.1721 0.9797 0.1026
vn 0.1721 0.9797 0.1025
vn -0.8918 0.4517 0.0260
vn 0.2550 0.4607 -0.8501
vn 0.2551 0.4607 -0.8501
vn 0.2549 0.4607 -0.8501
vn 0.0563 0.9930 0.1041
vn -0.5046 0.5300 0.6815
vn -0.3013 0.6037 0.7381
vn -0.3012 0.6037 0.7381
vn -0.4751 0.4584 -0.7511
vn 0.5897 0.8075 -0.0129
vn 0.2106 0.9504 0.2289
vn 0.2105 0.9504 0.2289
vn -0.8759 0.4548 -0.1610
vn -0.8759 0.4548 -0.1609
vn 0.4350 0.4843 -0.7591
vn 0.0364 0.9978 0.0547
vn -0.6720 0.4843 0.5603
vn -0.3106 0.4548 -0.8347
vn -0.3107 0.4548 -0.8347
vn 0.4308 0.8946 0.1189
vn 0.4308 0.8946 0.1188
vn 0.1919 0.8945 0.4037
vn 0.1918 0.8946 0.4037
vn -0.8222 0.4584 -0.3376
vn -0.8221 0.4584 -0.3375
vn -0.8222 0.4583 -0.3375
vn -0.8223 0.4582 -0.3375
vn 0.5835 0.5300 -0.6153
vn 0.5836 0.5300 -0.6153
vn 0.5835 0.5301 -0.6153
vn 0.0602 0.9978 0.0262
vn 0.0602 0.9978 0.0263
vn -0.7929 0.4608 0.3987
vn -0.7929 0.4608 0.3988
vn -0.1292 0.4517 -0.8828
vn -0.1293 0.4517 -0.8827
vn 0.2619 0.9504 0.1677
vn 0.2619 0.9505 0.1675
vn 0.2619 0.9504 0.1675
vn 0.2619 0.9504 0.1678
vn 0.0898 0.8075 0.5830
vn 0.0896 0.8075 0.5830
vn 0.0897 0.8075 0.5830
vn -0.7348 0.4606 -0.4979
vn -0.7349 0.4606 -0.4978
vn -0.7348 0.4606 -0.4978
vn 0.6745 0.6037 -0.4249
vn 0.6745 0.6038 -0.4249
vn 0.1124 0.9930 0.0373
vn 0.1124 0.9930 0.0374
vn -0.8654 0.4521 0.2160
vn 0.0624 0.4520 -0.8898
vn 0.0624 0.4521 -0.8898
vn 0.1309 0.9797 0.1518
vn 0.1309 0.9797 0.1517
vn -0.0885 0.7021 0.7065
vn -0.0885 0.7021 0.7066
vn -0.0886 0.7021 0.7065
vn 0.7016 -0.4014 0.5887
vn 0.7013 -0.4017 0.5889
vn 0.7019 -0.4011 0.5886
vn 0.7017 -0.4013 0.5887
vn 0.7018 -0.4012 0.5887
vn 0.7016 -0.4015 0.5887
vn 0.7018 -0.4013 0.5886
vn 0.7018 -0.4015 0.5885
vn 0.7018 -0.4018 0.5883
vn 0.7015 -0.4016 0.5887
vn 0.7021 -0.4014 0.5881
vn 0.7017 -0.4012 0.5887
vn 0.7016 -0.4011 0.5889
vn 0.7015 -0.4013 0.5889
vn 0.7016 -0.4014 0.5888
vn 0.7022 -0.4015 0.5880
vn 0.7020 -0.4015 0.5883
vn 0.0686 -0.1055 0.9920
vn 0.0687 -0.1054 0.9921
vn 0.0686 -0.1054 0.9921
vn 0.9889 -0.1055 -0.1046
vn 0.9889 -0.1054 -0.1047
vn -0.6706 0.7314 0.1242
vn -0.6706 0.7313 0.1242
vn -0.6705 0.7314 0.1244
vn -0.5157 -0.0879 0.8523
vn -0.5157 -0.0880 0.8523
vn -0.5157 -0.0880 0.8522
vn 0.6333 0.3342 0.6981
vn 0.6334 0.3342 0.6980
vn -0.5902 0.8072 -0.0048
vn -0.5902 0.8072 -0.0046
vn -0.5902 0.8072 -0.0049
vn 0.2314 0.6270 0.7439
vn 0.2313 0.6270 0.7439
vn 0.2312 0.6269 0.7440
vn 0.2313 0.6269 0.7440
vn -0.5025 0.8550 -0.1281
vn -0.5026 0.8550 -0.1281
vn -0.5026 0.8550 -0.1280
vn 0.1067 0.7776 0.6197
vn 0.1068 0.7775 0.6198
vn -0.4102 0.8781 -0.2464
vn -0.4102 0.8780 -0.2466
vn -0.4101 0.8781 -0.2465
vn 0.0908 0.8702 0.4843
vn -0.3140 0.8780 -0.3612
vn -0.3141 0.8780 -0.3612
vn 0.1247 0.9257 0.3572
vn 0.1247 0.9257 0.3571
vn 0.1247 0.9256 0.3573
vn -0.2134 0.8550 -0.4727
vn -0.2133 0.8550 -0.4727
vn 0.1877 0.9518 0.2427
vn 0.1877 0.9517 0.2428
vn -0.1071 0.8072 -0.5804
vn -0.1071 0.8073 -0.5804
vn 0.2716 0.9518 0.1427
vn 0.2716 0.9518 0.1426
vn 0.0059 0.7314 -0.6819
vn 0.0059 0.7315 -0.6818
vn 0.0059 0.7313 -0.6821
vn 0.3735 0.9256 0.0610
vn 0.3735 0.9256 0.0608
vn 0.1270 0.6231 -0.7717
vn 0.1270 0.6232 -0.7717
vn 0.4927 0.8702 0.0053
vn 0.4927 0.8702 0.0054
vn 0.2568 0.4794 -0.8392
vn -0.7193 0.0998 0.6875
vn -0.7195 0.1000 0.6872
vn -0.7194 0.0999 0.6874
vn 0.6288 0.7776 -0.0023
vn 0.6289 0.7775 -0.0025
vn 0.6288 0.7775 -0.0025
vn 0.3964 0.3009 -0.8674
vn 0.3964 0.3009 -0.8673
vn 0.3964 0.3008 -0.8674
vn -0.7853 0.3010 0.5411
vn -0.7853 0.3010 0.5410
vn -0.7852 0.3010 0.5411
vn 0.7728 0.6270 0.0987
vn 0.7728 0.6269 0.0987
vn 0.7729 0.6268 0.0986
vn 0.7729 0.6269 0.0985
vn 0.5522 0.0998 -0.8277
vn 0.5523 0.0998 -0.8277
vn 0.5524 0.0998 -0.8276
vn -0.7819 0.4793 0.3986
vn -0.7819 0.4792 0.3986
vn -0.7819 0.4794 0.3986
vn 0.7974 0.3343 0.5024
vn 0.7497 -0.0878 -0.6559
vn 0.7498 -0.0877 -0.6558
vn 0.7499 -0.0879 -0.6556
vn -0.0602 -0.0000 0.9982
vn -0.2538 -0.0000 0.9673
vn -0.4375 -0.0000 0.8992
vn -0.4376 -0.0000 0.8992
vn -0.6047 -0.0000 0.7965
vn -0.6046 -0.0000 0.7965
vn -0.7484 -0.0000 0.6632
vn -0.7483 -0.0000 0.6633
vn -0.8634 -0.0000 0.5044
vn -0.8635 -0.0000 0.5044
vn -0.8634 -0.0000 0.5045
vn -0.9452 -0.0000 0.3264
vn -0.9452 -0.0000 0.3265
vn -0.9908 -0.0000 0.1357
vn -0.9982 -0.0000 -0.0602
vn -0.9673 -0.0000 -0.2538
vn -0.8992 -0.0000 -0.4376
vn -0.7965 -0.0000 -0.6046
vn -0.6633 -0.0000 -0.7484
vn -0.5045 -0.0000 -0.8634
vn -0.5044 -0.0000 -0.8635
vn -0.3264 -0.0000 -0.9452
vn -0.3265 -0.0000 -0.9452
vn -0.1356 -0.0000 -0.9908
vn -0.1357 -0.0000 -0.9908
vn 0.0601 -0.0000 -0.9982
vn 0.0602 -0.0000 -0.9982
vn 0.0603 -0.0000 -0.9982
vn 0.2538 -0.0000 -0.9673
vn 0.4375 -0.0000 -0.8992
vn 0.4376 -0.0000 -0.8992
vn 0.6045 -0.0000 -0.7966
vn 0.6046 -0.0000 -0.7965
vn 0.6047 -0.0000 -0.7964
vn 0.7484 -0.0000 -0.6633
vn 0.8634 -0.0000 -0.5044
vn 0.8634 -0.0000 -0.5045
vn 0.9452 -0.0000 -0.3264
vn 0.9907 -0.0000 -0.1357
vn 0.9982 -0.0000 0.0602
vn 0.9673 -0.0000 0.2538
vn 0.8992 -0.0000 0.4376
vn 0.7966 -0.0000 0.6045
vn 0.7967 -0.0000 0.6044
vn 0.7967 -0.0000 0.6043
vn 0.6633 -0.0000 0.7484
vn 0.5044 -0.0000 0.8635
vn 0.5045 -0.0000 0.8634
vn -0.8857 0.4606 -0.0574
vn -0.8858 0.4606 -0.0575
vn -0.8858 0.4606 -0.0574
vn 0.3264 -0.0000 0.9452
vn 0.1357 -0.0000 0.9908
vn 0.1357 -0.0000 0.9907
vn -0.3730 0.6232 0.6874
vn -0.3730 0.6231 0.6875
vn -0.3730 0.6231 0.6874
vn 0.3633 0.7021 -0.6124
vn 0.1964 0.9797 -0.0396
vn 0.1964 0.9797 -0.0394
vn 0.1964 0.9797 -0.0395
vn -0.6435 0.4517 0.6180
vn -0.6434 0.4517 0.6180
vn -0.3818 0.4608 -0.8012
vn 0.1117 0.9930 0.0394
vn 0.1117 0.9930 0.0395
vn 0.1117 0.9930 0.0393
vn 0.0836 0.5300 0.8439
vn 0.0836 0.5299 0.8439
vn 0.2722 0.6037 0.7493
vn 0.2722 0.6036 0.7493
vn -0.8564 0.4584 -0.2376
vn 0.4284 0.8075 -0.4055
vn 0.3097 0.9504 0.0282
vn 0.3097 0.9504 0.0283
vn -0.7572 0.4548 0.4688
vn -0.1871 0.4843 -0.8547
vn -0.1872 0.4843 -0.8547
vn -0.1872 0.4843 -0.8546
vn 0.0637 0.9978 0.0162
vn 0.0637 0.9978 0.0161
vn 0.0637 0.9978 0.0163
vn -0.1219 0.4843 0.8664
vn -0.7906 0.4548 -0.4101
vn -0.7906 0.4548 -0.4100
vn 0.3992 0.8945 -0.2011
vn 0.3992 0.8945 -0.2012
vn 0.4132 0.8946 0.1703
vn 0.4133 0.8945 0.1703
vn 0.4133 0.8945 0.1704
vn -0.8359 0.4584 0.3019
vn 0.0194 0.5301 -0.8477
vn 0.0623 0.9978 -0.0210
vn 0.0623 0.9978 -0.0209
vn -0.3199 0.4608 0.8279
vn -0.3198 0.4608 0.8279
vn -0.3199 0.4608 0.8278
vn -0.6884 0.4516 -0.5676
vn -0.6885 0.4516 -0.5675
vn -0.6885 0.4516 -0.5674
vn 0.3067 0.9504 -0.0516
vn 0.3066 0.9504 -0.0517
vn 0.4580 0.8075 0.3718
vn 0.4579 0.8075 0.3719
vn -0.8788 0.4606 0.1244
vn 0.2146 0.6037 -0.7678
vn 0.2147 0.6037 -0.7678
vn 0.1084 0.9930 -0.0477
vn 0.1084 0.9930 -0.0476
vn -0.4964 0.4521 0.7411
vn -0.5512 0.4521 -0.7013
vn 0.1989 0.9797 0.0246
vn 0.1989 0.9797 0.0245
vn 0.4088 0.7021 0.5831
vn 0.4087 0.7021 0.5831
vn 0.9152 -0.4015 -0.0347
vn 0.9154 -0.4011 -0.0347
vn 0.9151 -0.4018 -0.0341
vn 0.9152 -0.4016 -0.0347
vn 0.9153 -0.4013 -0.0347
vn 0.9153 -0.4014 -0.0347
vn 0.9152 -0.4015 -0.0348
vn 0.9152 -0.4016 -0.0346
vn 0.9151 -0.4017 -0.0356
vn 0.9152 -0.4014 -0.0344
vn 0.9152 -0.4014 -0.0348
vn 0.9153 -0.4013 -0.0344
vn 0.9151 -0.4017 -0.0347
vn 0.9153 -0.4013 -0.0346
vn 0.9152 -0.4015 -0.0344
vn 0.9151 -0.4016 -0.0351
vn 0.7169 -0.1056 0.6891
vn 0.7169 -0.1057 0.6891
vn 0.6625 -0.1057 -0.7416
vn 0.6625 -0.1056 -0.7415
vn 0.6627 -0.1056 -0.7414
vn 0.6626 -0.1056 -0.7415
vn -0.4135 0.7315 0.5422
vn -0.4134 0.7313 0.5425
vn -0.4134 0.7313 0.5424
vn 0.1902 -0.0877 0.9778
vn 0.1900 -0.0877 0.9779
vn 0.9380 0.3342 0.0922
vn 0.9380 0.3342 0.0921
vn 0.9380 0.3342 0.0923
vn -0.4406 0.8072 0.3927
vn -0.4406 0.8072 0.3928
vn 0.6709 0.6269 0.3960
vn 0.6709 0.6270 0.3959
vn 0.6710 0.6269 0.3960
vn -0.4584 0.8550 0.2425
vn -0.4584 0.8550 0.2427
vn -0.4584 0.8550 0.2426
vn 0.4953 0.7775 0.3875
vn 0.4952 0.7775 0.3876
vn 0.4952 0.7776 0.3876
vn 0.4952 0.7775 0.3875
vn -0.4694 0.8781 0.0926
vn -0.4695 0.8781 0.0927
vn -0.4695 0.8781 0.0926
vn 0.3925 0.8702 0.2980
vn 0.3925 0.8702 0.2978
vn 0.3925 0.8701 0.2980
vn -0.4752 0.8780 -0.0568
vn -0.4752 0.8780 -0.0570
vn -0.4752 0.8780 -0.0571
vn 0.3323 0.9256 0.1810
vn 0.3323 0.9257 0.1809
vn -0.4755 0.8550 -0.2071
vn -0.4755 0.8550 -0.2070
vn 0.3021 0.9518 0.0540
vn 0.3021 0.9517 0.0540
vn -0.4691 0.8072 -0.3581
vn -0.4691 0.8072 -0.3583
vn -0.4691 0.8072 -0.3582
vn -0.4692 0.8073 -0.3581
vn 0.2971 0.9518 -0.0767
vn 0.2971 0.9518 -0.0768
vn -0.4536 0.7315 -0.5092
vn -0.4536 0.7315 -0.5091
vn -0.4534 0.7313 -0.5095
vn -0.4534 0.7313 -0.5096
vn 0.3176 0.9256 -0.2057
vn 0.3176 0.9257 -0.2056
vn -0.4239 0.6231 -0.6573
vn -0.4240 0.6232 -0.6571
vn -0.4240 0.6232 -0.6572
vn 0.3687 0.8702 -0.3268
vn 0.3687 0.8702 -0.3269
vn -0.3731 0.4795 -0.7943
vn -0.3731 0.4794 -0.7943
vn -0.3731 0.4794 -0.7944
vn -0.3730 0.4795 -0.7943
vn -0.0715 0.0998 0.9924
vn -0.0716 0.0998 0.9924
vn -0.0717 0.0999 0.9924
vn 0.4644 0.7775 -0.4241
vn 0.4644 0.7775 -0.4240
vn -0.2886 0.3010 -0.9089
vn -0.2188 0.3010 0.9282
vn 0.6389 0.6269 -0.4458
vn 0.6390 0.6270 -0.4457
vn -0.1465 0.0998 -0.9842
vn -0.3118 0.4794 0.8204
vn -0.3118 0.4795 0.8203
vn 0.9283 0.3342 -0.1630
vn 0.9284 0.3340 -0.1630
vn 0.9283 0.3342 -0.1629
vn 0.1154 -0.0878 -0.9894
vn 0.1155 -0.0878 -0.9894
vt 0.000000 0.000000
vt 1.000000 1.000000
vt 0.968800 1.000000
vt 0.968800 0.500000
vt 1.000000 0.500000
vt 0.937500 1.000000
vt 0.937500 0.500000
vt 0.906200 1.000000
vt 0.906200 0.500000
vt 0.875000 1.000000
vt 0.875000 0.500000
vt 0.843800 1.000000
vt 0.843800 0.500000
vt 0.812500 0.500000
vt 0.812500 1.000000
vt 0.781200 0.500000
vt 0.781200 1.000000
vt 0.750000 1.000000
vt 0.750000 0.500000
vt 0.718800 0.500000
vt 0.718800 1.000000
vt 0.687500 0.500000
vt 0.687500 1.000000
vt 0.656200 0.500000
vt 0.656200 1.000000
vt 0.625000 1.000000
vt 0.625000 0.500000
vt 0.593800 0.500000
vt 0.593800 1.000000
vt 0.562500 0.500000
vt 0.562500 1.000000
vt 0.531200 0.500000
vt 0.531200 1.000000
vt 0.500000 0.500000
vt 0.500000 1.000000
vt 0.468800 0.500000
vt 0.468800 1.000000
vt 0.437500 0.500000
vt 0.437500 1.000000
vt 0.406200 0.500000
vt 0.406200 1.000000
vt 0.375000 1.000000
vt 0.375000 0.500000
vt 0.343800 1.000000
vt 0.343800 0.500000
vt 0.312500 0.500000
vt 0.312500 1.000000
vt 0.281200 0.500000
vt 0.281200 1.000000
vt 0.250000 1.000000
vt 0.250000 0.500000
vt 0.218800 1.000000
vt 0.218800 0.500000
vt 0.187500 0.500000
vt 0.187500 1.000000
vt 0.156200 1.000000
vt 0.156200 0.500000
vt 0.125000 0.500000
vt 0.125000 1.000000
vt 0.093800 0.500000
vt 0.093800 1.000000
vt 0.062500 1.000000
vt 0.062500 0.500000
vt 0.031200 1.000000
vt 0.031200 0.500000
vt 0.000000 1.000000
vt 0.000000 0.500000
vt 0.796800 0.485400
vt 0.841800 0.471700
vt 0.883300 0.449600
vt 0.919700 0.419700
vt 0.949600 0.383300
vt 0.971700 0.341800
vt 0.985400 0.296800
vt 0.990000 0.250000
vt 0.985400 0.203200
vt 0.971700 0.158200
vt 0.949600 0.116700
vt 0.919700 0.080300
vt 0.883300 0.050400
vt 0.841800 0.028300
vt 0.796800 0.014600
vt 0.750000 0.010000
vt 0.703200 0.014600
vt 0.658200 0.028300
vt 0.616700 0.050400
vt 0.580300 0.080300
vt 0.550400 0.116700
vt 0.528300 0.158200
vt 0.514600 0.203200
vt 0.510000 0.250000
vt 0.514600 0.296800
vt 0.528300 0.341800
vt 0.550400 0.383300
vt 0.580300 0.419700
vt 0.616700 0.449600
vt 0.658200 0.471700
vt 0.750000 0.490000
vt 0.703200 0.485400
vt 0.296800 0.485400
vt 0.250000 0.490000
vt 0.203200 0.485400
vt 0.158200 0.471700
vt 0.116700 0.449600
vt 0.080300 0.419700
vt 0.050400 0.383300
vt 0.028300 0.341800
vt 0.014600 0.296800
vt 0.010000 0.250000
vt 0.014600 0.203200
vt 0.028300 0.158200
vt 0.050400 0.116700
vt 0.080300 0.080300
vt 0.116700 0.050400
vt 0.158200 0.028300
vt 0.203200 0.014600
vt 0.250000 0.010000
vt 0.296800 0.014600
vt 0.341800 0.028300
vt 0.383300 0.050400
vt 0.419700 0.080300
vt 0.449600 0.116700
vt 0.471700 0.158200
vt 0.485400 0.203200
vt 0.490000 0.250000
vt 0.485400 0.296800
vt 0.471700 0.341800
vt 0.449600 0.383300
vt 0.419700 0.419700
vt 0.383300 0.449600
vt 0.341800 0.471700
s 1
g off
g pie_delante_derecha_Goddard_None
usemtl Goddard_None
f 1/1/1 2/1/2 3/1/3
f 3/1/3 4/1/2 5/1/4
f 1/1/1 3/1/3 5/1/4
f 5/1/4 6/1/5 7/1/6
f 7/1/6 8/1/2 9/1/7
f 5/1/4 7/1/6 9/1/7
f 1/1/1 5/1/4 9/1/7
f 9/1/7 10/1/2 11/1/8
f 11/1/8 12/1/9 13/1/10
f 9/1/7 11/1/8 13/1/10
f 13/1/10 14/1/2 15/1/2
f 15/1/2 16/1/2 17/1/10
f 13/1/10 15/1/2 17/1/10
f 9/1/7 13/1/10 17/1/10
f 17/1/10 18/1/2 19/1/3
f 19/1/3 20/1/2 21/1/11
f 17/1/10 19/1/3 21/1/11
f 21/1/11 22/1/2 23/1/10
f 23/1/10 24/1/2 25/1/1
f 21/1/11 23/1/10 25/1/1
f 17/1/10 21/1/11 25/1/1
f 9/1/7 17/1/10 25/1/1
f 1/1/1 9/1/7 25/1/1
f 26/1/2 27/1/2 28/1/2
f 25/1/1 26/1/2 28/1/2
f 25/1/1 28/1/2 29/1/9
f 1/1/1 25/1/1 29/1/9
f 30/1/3 1/1/1 29/1/9
f 30/1/3 29/1/9 31/1/2
f 30/1/3 31/1/2 32/1/2
s 2
f 33/1/12 34/1/13 35/1/14
f 35/1/14 36/1/15 33/1/12
s 3
f 19/1/16 37/1/17 38/1/18
f 38/1/18 20/1/18 19/1/16
s 4
f 39/1/19 1/1/19 30/1/19
f 30/1/19 40/1/20 39/1/19
s 5
f 5/1/21 41/1/21 42/1/21
f 42/1/21 6/1/21 5/1/21
s 6
f 18/1/22 43/1/23 37/1/23
f 37/1/23 19/1/24 18/1/22
s 7
f 40/1/25 30/1/26 32/1/27
f 32/1/27 44/1/28 40/1/25
s 8
f 4/1/29 45/1/30 41/1/31
f 41/1/31 5/1/30 4/1/29
s 9
f 17/1/32 46/1/32 43/1/32
f 43/1/32 18/1/32 17/1/32
s 10
f 44/1/33 32/1/34 31/1/35
f 31/1/35 47/1/33 44/1/33
s 11
f 3/1/36 48/1/37 45/1/37
f 45/1/37 4/1/36 3/1/36
s 12
f 16/1/38 49/1/38 46/1/38
f 46/1/38 17/1/38 16/1/38
s 13
f 31/1/39 29/1/40 50/1/39
f 50/1/39 47/1/41 31/1/39
s 14
f 2/1/42 51/1/43 48/1/42
f 48/1/42 3/1/44 2/1/42
s 15
f 15/1/45 52/1/46 49/1/45
f 49/1/45 16/1/47 15/1/45
s 16
f 28/1/48 53/1/49 50/1/50
f 50/1/50 29/1/51 28/1/48
s 17
f 2/1/52 1/1/52 39/1/52
f 39/1/52 51/1/52 2/1/52
s 18
f 14/1/53 54/1/54 52/1/55
f 52/1/55 15/1/55 14/1/53
s 19
f 55/1/56 53/1/57 28/1/58
f 28/1/58 27/1/59 55/1/56
s 20
f 13/1/60 56/1/61 54/1/62
f 54/1/62 14/1/63 13/1/60
s 21
f 26/1/64 57/1/64 55/1/64
f 55/1/64 27/1/64 26/1/64
s 22
f 12/1/65 58/1/66 56/1/65
f 56/1/65 13/1/67 12/1/65
s 23
f 36/1/68 57/1/69 26/1/70
f 26/1/70 25/1/71 36/1/68
s 24
f 11/1/72 59/1/73 58/1/73
f 58/1/73 12/1/74 11/1/72
s 25
f 36/1/75 25/1/76 24/1/77
f 24/1/77 33/1/78 36/1/75
s 26
f 10/1/79 60/1/80 59/1/80
f 59/1/80 11/1/80 10/1/79
s 27
f 24/1/81 23/1/81 61/1/81
f 61/1/81 33/1/81 24/1/81
s 28
f 9/1/82 62/1/83 60/1/84
f 60/1/84 10/1/85 9/1/82
s 29
f 22/1/86 63/1/87 61/1/88
f 61/1/88 23/1/89 22/1/86
s 30
f 8/1/90 64/1/91 62/1/92
f 62/1/92 9/1/93 8/1/90
s 31
f 21/1/94 65/1/95 63/1/96
f 63/1/96 22/1/97 21/1/94
s 32
f 7/1/98 66/1/99 64/1/98
f 64/1/98 8/1/98 7/1/98
s 33
f 20/1/100 38/1/100 65/1/100
f 65/1/100 21/1/100 20/1/100
s 34
f 6/1/101 42/1/102 66/1/103
f 66/1/103 7/1/104 6/1/101
s 35
f 67/1/105 68/1/106 69/1/107
f 69/1/107 70/1/108 67/1/105
s 36
f 60/1/109 71/1/110 72/1/111
f 72/1/111 59/1/112 60/1/109
s 37
f 61/1/113 73/1/114 34/1/115
f 34/1/115 33/1/116 61/1/113
s 38
f 62/1/117 74/1/118 71/1/119
f 71/1/119 60/1/120 62/1/117
s 39
f 63/1/121 70/1/122 73/1/121
f 73/1/121 61/1/123 63/1/121
s 40
f 64/1/124 75/1/125 74/1/125
f 74/1/125 62/1/124 64/1/124
s 41
f 65/1/126 67/1/127 70/1/128
f 70/1/128 63/1/128 65/1/126
s 42
f 66/1/129 76/1/130 75/1/131
f 75/1/131 64/1/132 66/1/129
s 43
f 38/1/133 77/1/133 67/1/133
f 67/1/133 65/1/134 38/1/133
s 44
f 42/1/135 78/1/136 76/1/137
f 76/1/137 66/1/138 42/1/135
s 45
f 37/1/139 79/1/140 77/1/139
f 77/1/139 38/1/141 37/1/139
s 46
f 40/1/142 80/1/142 81/1/142
f 81/1/142 39/1/142 40/1/142
s 47
f 41/1/143 82/1/144 78/1/144
f 78/1/144 42/1/145 41/1/143
s 48
f 43/1/146 83/1/147 79/1/146
f 79/1/146 37/1/147 43/1/146
s 49
f 44/1/148 84/1/149 80/1/149
f 80/1/149 40/1/149 44/1/148
s 50
f 45/1/150 85/1/151 82/1/152
f 82/1/152 41/1/151 45/1/150
s 51
f 46/1/153 86/1/153 83/1/154
f 83/1/154 43/1/155 46/1/153
s 52
f 47/1/156 87/1/157 84/1/158
f 84/1/158 44/1/159 47/1/156
s 53
f 48/1/160 88/1/161 85/1/162
f 85/1/162 45/1/163 48/1/160
s 54
f 49/1/164 89/1/165 86/1/166
f 86/1/166 46/1/167 49/1/164
s 55
f 50/1/168 90/1/169 87/1/170
f 87/1/170 47/1/171 50/1/168
s 56
f 51/1/172 91/1/173 88/1/172
f 88/1/172 48/1/174 51/1/172
s 57
f 52/1/175 92/1/176 89/1/177
f 89/1/177 49/1/178 52/1/175
s 58
f 53/1/179 93/1/180 90/1/180
f 90/1/180 50/1/181 53/1/179
s 59
f 51/1/182 39/1/183 81/1/183
f 81/1/183 91/1/182 51/1/182
s 60
f 54/1/184 94/1/185 92/1/186
f 92/1/186 52/1/187 54/1/184
s 61
f 55/1/188 95/1/189 93/1/188
f 93/1/188 53/1/190 55/1/188
s 62
f 56/1/191 96/1/191 94/1/192
f 94/1/192 54/1/191 56/1/191
s 63
f 57/1/193 97/1/194 95/1/195
f 95/1/195 55/1/196 57/1/193
s 64
f 58/1/197 98/1/198 96/1/197
f 96/1/197 56/1/198 58/1/197
s 65
f 36/1/199 35/1/200 97/1/201
f 97/1/201 57/1/202 36/1/199
s 66
f 59/1/203 72/1/204 98/1/205
f 98/1/205 58/1/206 59/1/203
s 67
f 99/1/207 100/1/207 101/1/208
f 101/1/208 102/1/209 99/1/207
s 68
f 76/1/210 103/1/211 104/1/212
f 104/1/212 75/1/213 76/1/210
s 69
f 77/1/214 105/1/214 68/1/214
f 68/1/214 67/1/214 77/1/214
s 70
f 78/1/215 106/1/215 103/1/215
f 103/1/215 76/1/215 78/1/215
s 71
f 79/1/216 99/1/216 105/1/216
f 105/1/216 77/1/217 79/1/216
s 72
f 80/1/218 107/1/219 108/1/220
f 108/1/220 81/1/221 80/1/218
s 73
f 82/1/222 109/1/223 106/1/223
f 106/1/223 78/1/224 82/1/222
s 74
f 83/1/225 100/1/225 99/1/226
f 99/1/226 79/1/227 83/1/225
s 75
f 84/1/228 110/1/229 107/1/230
f 107/1/230 80/1/231 84/1/228
s 76
f 85/1/232 111/1/232 109/1/232
f 109/1/232 82/1/232 85/1/232
s 77
f 86/1/233 112/1/234 100/1/235
f 100/1/235 83/1/234 86/1/233
s 78
f 87/1/236 113/1/237 110/1/237
f 110/1/237 84/1/238 87/1/236
s 79
f 88/1/239 114/1/240 111/1/241
f 111/1/241 85/1/242 88/1/239
s 80
f 89/1/243 115/1/244 112/1/245
f 112/1/245 86/1/246 89/1/243
s 81
f 90/1/247 116/1/247 113/1/247
f 113/1/247 87/1/248 90/1/247
s 82
f 91/1/249 117/1/249 114/1/249
f 114/1/249 88/1/249 91/1/249
s 83
f 92/1/250 118/1/250 115/1/251
f 115/1/251 89/1/250 92/1/250
s 84
f 93/1/252 119/1/253 116/1/254
f 116/1/254 90/1/255 93/1/252
s 85
f 91/1/256 81/1/256 108/1/256
f 108/1/256 117/1/256 91/1/256
s 86
f 94/1/257 120/1/258 118/1/258
f 118/1/258 92/1/259 94/1/257
s 87
f 95/1/260 121/1/261 119/1/260
f 119/1/260 93/1/262 95/1/260
s 88
f 96/1/263 122/1/264 120/1/265
f 120/1/265 94/1/266 96/1/263
s 89
f 97/1/267 123/1/268 121/1/269
f 121/1/269 95/1/270 97/1/267
s 90
f 98/1/271 124/1/271 122/1/272
f 122/1/272 96/1/271 98/1/271
s 91
f 35/1/273 125/1/274 123/1/275
f 123/1/275 97/1/276 35/1/273
s 92
f 72/1/277 126/1/277 124/1/277
f 124/1/277 98/1/277 72/1/277
s 93
f 34/1/278 127/1/279 125/1/280
f 125/1/280 35/1/281 34/1/278
s 94
f 71/1/282 128/1/283 126/1/284
f 126/1/284 72/1/285 71/1/282
s 95
f 73/1/286 129/1/287 127/1/288
f 127/1/288 34/1/289 73/1/286
s 96
f 74/1/290 130/1/291 128/1/292
f 128/1/292 71/1/293 74/1/290
s 97
f 70/1/294 69/1/295 129/1/296
f 129/1/296 73/1/297 70/1/294
s 98
f 75/1/298 104/1/299 130/1/300
f 130/1/300 74/1/301 75/1/298
s 99
f 131/1/302 132/1/303 133/1/304
f 133/1/304 134/1/305 131/1/302
s 100
f 110/1/27 135/1/25 136/1/27
f 136/1/27 107/1/306 110/1/27
s 101
f 137/1/307 138/1/308 109/1/307
f 109/1/307 111/1/309 137/1/307
s 102
f 100/1/310 112/1/311 139/1/312
f 139/1/312 101/1/310 100/1/310
s 103
f 113/1/35 140/1/313 135/1/314
f 135/1/314 110/1/314 113/1/35
s 104
f 111/1/37 114/1/36 141/1/37
f 141/1/37 137/1/36 111/1/37
s 105
f 112/1/315 115/1/316 134/1/316
f 134/1/316 139/1/317 112/1/315
s 106
f 116/1/318 142/1/319 140/1/319
f 140/1/319 113/1/319 116/1/318
s 107
f 114/1/44 117/1/320 143/1/44
f 143/1/44 141/1/44 114/1/44
s 108
f 115/1/321 118/1/46 131/1/47
f 131/1/47 134/1/45 115/1/321
s 109
f 119/1/322 144/1/323 142/1/322
f 142/1/322 116/1/322 119/1/322
s 110
f 143/1/324 117/1/325 108/1/326
f 108/1/326 145/1/327 143/1/324
s 111
f 118/1/55 120/1/55 146/1/55
f 146/1/55 131/1/55 118/1/55
s 112
f 121/1/328 147/1/329 144/1/330
f 144/1/330 119/1/331 121/1/328
s 113
f 148/1/60 146/1/60 120/1/60
f 120/1/60 122/1/332 148/1/60
s 114
f 123/1/333 149/1/334 147/1/333
f 147/1/333 121/1/333 123/1/333
s 115
f 122/1/335 124/1/335 150/1/335
f 150/1/335 148/1/335 122/1/335
s 116
f 123/1/336 125/1/336 151/1/71
f 151/1/71 149/1/337 123/1/336
s 117
f 124/1/72 126/1/338 152/1/339
f 152/1/339 150/1/73 124/1/72
s 118
f 125/1/340 127/1/341 153/1/340
f 153/1/340 151/1/340 125/1/340
s 119
f 154/1/80 152/1/80 126/1/342
f 126/1/342 128/1/342 154/1/80
s 120
f 153/1/343 127/1/344 129/1/345
f 129/1/345 155/1/346 153/1/343
s 121
f 128/1/85 130/1/347 156/1/348
f 156/1/348 154/1/349 128/1/85
s 122
f 129/1/350 69/1/351 157/1/87
f 157/1/87 155/1/352 129/1/350
s 123
f 130/1/92 104/1/353 158/1/354
f 158/1/354 156/1/355 130/1/92
s 124
f 157/1/356 69/1/357 68/1/356
f 68/1/356 159/1/357 157/1/356
s 125
f 160/1/358 158/1/359 104/1/360
f 104/1/360 103/1/361 160/1/358
s 126
f 159/1/362 68/1/363 105/1/100
f 105/1/100 161/1/364 159/1/362
s 127
f 103/1/365 106/1/102 162/1/366
f 162/1/366 160/1/367 103/1/365
s 128
f 102/1/18 161/1/18 105/1/368
f 105/1/368 99/1/18 102/1/18
s 129
f 107/1/369 136/1/369 145/1/369
f 145/1/369 108/1/370 107/1/369
s 130
f 106/1/371 109/1/371 138/1/371
f 138/1/371 162/1/371 106/1/371
s 131
f 163/1/372 164/1/373 165/1/374
f 165/1/374 166/1/375 163/1/372
s 132
f 144/1/376 167/1/377 168/1/376
f 168/1/376 142/1/378 144/1/376
s 133
f 169/1/379 143/1/380 145/1/379
f 145/1/379 170/1/381 169/1/379
s 134
f 132/1/382 131/1/383 146/1/382
f 146/1/382 171/1/384 132/1/382
s 135
f 172/1/385 167/1/386 144/1/385
f 144/1/385 147/1/385 172/1/385
s 136
f 148/1/387 166/1/388 171/1/389
f 171/1/389 146/1/390 148/1/387
s 137
f 149/1/391 173/1/392 172/1/393
f 172/1/393 147/1/394 149/1/391
s 138
f 150/1/395 163/1/396 166/1/397
f 166/1/397 148/1/398 150/1/395
s 139
f 151/1/399 174/1/400 173/1/401
f 173/1/401 149/1/402 151/1/399
s 140
f 175/1/403 163/1/404 150/1/405
f 150/1/405 152/1/406 175/1/403
s 141
f 153/1/407 176/1/408 174/1/409
f 174/1/409 151/1/410 153/1/407
s 142
f 154/1/411 177/1/411 175/1/412
f 175/1/412 152/1/411 154/1/411
s 143
f 178/1/413 176/1/414 153/1/415
f 153/1/415 155/1/416 178/1/413
s 144
f 156/1/417 179/1/418 177/1/419
f 177/1/419 154/1/420 156/1/417
s 145
f 157/1/421 180/1/422 178/1/423
f 178/1/423 155/1/424 157/1/421
s 146
f 181/1/425 179/1/426 156/1/427
f 156/1/427 158/1/428 181/1/425
s 147
f 159/1/429 182/1/429 180/1/429
f 180/1/429 157/1/429 159/1/429
s 148
f 160/1/430 183/1/430 181/1/431
f 181/1/431 158/1/432 160/1/430
s 149
f 184/1/433 182/1/434 159/1/434
f 159/1/434 161/1/433 184/1/433
s 150
f 162/1/435 185/1/436 183/1/437
f 183/1/437 160/1/438 162/1/435
s 151
f 102/1/439 186/1/439 184/1/439
f 184/1/439 161/1/439 102/1/439
s 152
f 136/1/440 187/1/441 170/1/442
f 170/1/442 145/1/443 136/1/440
s 153
f 185/1/444 162/1/444 138/1/444
f 138/1/444 188/1/445 185/1/444
s 154
f 101/1/446 189/1/447 186/1/446
f 186/1/446 102/1/448 101/1/446
s 155
f 135/1/449 190/1/450 187/1/451
f 187/1/451 136/1/452 135/1/449
s 156
f 137/1/453 191/1/454 188/1/455
f 188/1/455 138/1/456 137/1/453
s 157
f 192/1/457 189/1/458 101/1/459
f 101/1/459 139/1/458 192/1/457
s 158
f 193/1/460 190/1/461 135/1/462
f 135/1/462 140/1/463 193/1/460
s 159
f 141/1/464 194/1/465 191/1/466
f 191/1/466 137/1/466 141/1/464
s 160
f 134/1/467 133/1/468 192/1/469
f 192/1/469 139/1/470 134/1/467
s 161
f 142/1/471 168/1/471 193/1/472
f 193/1/472 140/1/471 142/1/471
s 162
f 169/1/473 194/1/474 141/1/474
f 141/1/474 143/1/475 169/1/473
s 163
f 195/1/476 196/1/85 197/1/477
f 197/1/477 198/1/478 195/1/476
s 164
f 199/1/479 173/1/480 174/1/481
f 174/1/481 200/1/482 199/1/479
s 165
f 175/1/483 201/1/484 164/1/483
f 164/1/483 163/1/485 175/1/483
s 166
f 176/1/486 202/1/487 200/1/486
f 200/1/486 174/1/488 176/1/486
s 167
f 201/1/489 175/1/490 177/1/491
f 177/1/491 197/1/492 201/1/489
s 168
f 178/1/493 203/1/494 202/1/493
f 202/1/493 176/1/493 178/1/493
s 169
f 179/1/495 198/1/496 197/1/497
f 197/1/497 177/1/495 179/1/495
s 170
f 204/1/498 203/1/499 178/1/500
f 178/1/500 180/1/501 204/1/498
s 171
f 181/1/502 205/1/503 198/1/504
f 198/1/504 179/1/505 181/1/502
s 172
f 182/1/506 206/1/507 204/1/508
f 204/1/508 180/1/507 182/1/506
s 173
f 205/1/509 181/1/510 183/1/509
f 183/1/509 207/1/511 205/1/509
s 174
f 184/1/512 208/1/513 206/1/513
f 206/1/513 182/1/513 184/1/512
s 175
f 185/1/514 209/1/515 207/1/516
f 207/1/516 183/1/517 185/1/514
s 176
f 210/1/518 208/1/519 184/1/520
f 184/1/520 186/1/519 210/1/518
s 177
f 170/1/521 187/1/522 211/1/523
f 211/1/523 212/1/524 170/1/521
s 178
f 188/1/525 213/1/526 209/1/527
f 209/1/527 185/1/528 188/1/525
s 179
f 189/1/529 214/1/530 210/1/529
f 210/1/529 186/1/531 189/1/529
s 180
f 190/1/532 215/1/533 211/1/533
f 211/1/533 187/1/532 190/1/532
s 181
f 216/1/534 213/1/534 188/1/534
f 188/1/534 191/1/535 216/1/534
s 182
f 192/1/536 217/1/536 214/1/536
f 214/1/536 189/1/536 192/1/536
s 183
f 193/1/537 218/1/537 215/1/537
f 215/1/537 190/1/538 193/1/537
s 184
f 194/1/539 219/1/540 216/1/541
f 216/1/541 191/1/542 194/1/539
s 185
f 217/1/543 192/1/544 133/1/543
f 133/1/543 220/1/543 217/1/543
s 186
f 168/1/545 221/1/546 218/1/547
f 218/1/547 193/1/548 168/1/545
s 187
f 169/1/549 222/1/550 219/1/551
f 219/1/551 194/1/552 169/1/549
s 188
f 132/1/553 223/1/554 220/1/553
f 220/1/553 133/1/555 132/1/553
s 189
f 221/1/556 168/1/557 167/1/558
f 167/1/558 224/1/559 221/1/556
s 190
f 212/1/560 222/1/561 169/1/562
f 169/1/562 170/1/561 212/1/560
s 191
f 171/1/563 225/1/564 223/1/565
f 223/1/565 132/1/566 171/1/563
s 192
f 172/1/567 226/1/568 224/1/569
f 224/1/569 167/1/568 172/1/567
s 193
f 225/1/570 171/1/570 166/1/570
f 166/1/570 165/1/571 225/1/570
s 194
f 173/1/572 199/1/573 226/1/574
f 226/1/574 172/1/575 173/1/572
s 195
f 227/1/576 228/1/576 229/1/577
f 229/1/577 230/1/576 227/1/576
s 196
f 204/1/578 231/1/579 232/1/580
f 232/1/580 203/1/87 204/1/578
s 197
f 205/1/581 233/1/353 195/1/92
f 195/1/92 198/1/354 205/1/581
s 198
f 234/1/582 231/1/582 204/1/582
f 204/1/582 206/1/582 234/1/582
s 199
f 207/1/583 230/1/583 233/1/583
f 233/1/583 205/1/584 207/1/583
s 200
f 208/1/585 235/1/586 234/1/585
f 234/1/585 206/1/587 208/1/585
s 201
f 227/1/367 230/1/588 207/1/589
f 207/1/589 209/1/367 227/1/367
s 202
f 210/1/590 236/1/18 235/1/590
f 235/1/590 208/1/591 210/1/590
s 203
f 212/1/592 211/1/592 237/1/20
f 237/1/20 238/1/592 212/1/592
s 204
f 213/1/593 239/1/593 227/1/593
f 227/1/593 209/1/593 213/1/593
s 205
f 240/1/594 236/1/208 210/1/595
f 210/1/595 214/1/596 240/1/594
s 206
f 237/1/597 211/1/598 215/1/599
f 215/1/599 241/1/600 237/1/597
s 207
f 216/1/601 242/1/602 239/1/601
f 239/1/601 213/1/601 216/1/601
s 208
f 217/1/603 243/1/603 240/1/603
f 240/1/603 214/1/603 217/1/603
s 209
f 241/1/604 215/1/605 218/1/606
f 218/1/606 244/1/604 241/1/604
s 210
f 245/1/607 242/1/607 216/1/607
f 216/1/607 219/1/607 245/1/607
s 211
f 220/1/608 246/1/609 243/1/610
f 243/1/610 217/1/610 220/1/608
s 212
f 221/1/41 247/1/611 244/1/611
f 244/1/611 218/1/40 221/1/41
s 213
f 222/1/612 248/1/613 245/1/613
f 245/1/613 219/1/613 222/1/612
s 214
f 249/1/614 246/1/615 220/1/616
f 220/1/616 223/1/617 249/1/614
s 215
f 224/1/618 250/1/619 247/1/618
f 247/1/618 221/1/619 224/1/618
s 216
f 238/1/325 248/1/325 222/1/325
f 222/1/325 212/1/325 238/1/325
s 217
f 225/1/620 251/1/620 249/1/620
f 249/1/620 223/1/55 225/1/620
s 218
f 250/1/621 224/1/622 226/1/330
f 226/1/330 252/1/623 250/1/621
s 219
f 165/1/62 253/1/62 251/1/62
f 251/1/62 225/1/624 165/1/62
s 220
f 199/1/625 254/1/626 252/1/627
f 252/1/627 226/1/628 199/1/625
s 221
f 255/1/629 253/1/629 165/1/629
f 165/1/629 164/1/629 255/1/629
s 222
f 200/1/336 256/1/630 254/1/336
f 254/1/336 199/1/71 200/1/336
s 223
f 201/1/631 257/1/631 255/1/631
f 255/1/631 164/1/631 201/1/631
s 224
f 258/1/632 256/1/633 200/1/632
f 200/1/632 202/1/633 258/1/632
s 225
f 197/1/634 196/1/634 257/1/634
f 257/1/634 201/1/634 197/1/634
s 226
f 203/1/635 232/1/636 258/1/637
f 258/1/637 202/1/638 203/1/635
s 227
f 259/1/639 260/1/640 261/1/641
f 261/1/641 262/1/642 259/1/639
s 228
f 236/1/643 263/1/643 264/1/643
f 264/1/643 235/1/643 236/1/643
s 229
f 265/1/644 266/1/645 238/1/646
f 238/1/646 237/1/645 265/1/644
s 230
f 267/1/647 228/1/647 227/1/647
f 227/1/647 239/1/647 267/1/647
s 231
f 240/1/648 268/1/649 263/1/650
f 263/1/650 236/1/649 240/1/648
s 232
f 241/1/651 269/1/652 265/1/653
f 265/1/653 237/1/652 241/1/651
s 233
f 242/1/654 270/1/654 267/1/654
f 267/1/654 239/1/654 242/1/654
s 234
f 271/1/655 268/1/655 240/1/656
f 240/1/656 243/1/655 271/1/655
s 235
f 244/1/657 272/1/658 269/1/658
f 269/1/658 241/1/658 244/1/657
s 236
f 245/1/659 273/1/659 270/1/659
f 270/1/659 242/1/659 245/1/659
s 237
f 246/1/660 274/1/660 271/1/660
f 271/1/660 243/1/660 246/1/660
s 238
f 275/1/661 272/1/662 244/1/662
f 244/1/662 247/1/662 275/1/661
s 239
f 273/1/663 245/1/663 248/1/663
f 248/1/663 276/1/663 273/1/663
s 240
f 249/1/664 277/1/664 274/1/664
f 274/1/664 246/1/664 249/1/664
s 241
f 250/1/665 278/1/665 275/1/666
f 275/1/666 247/1/665 250/1/665
s 242
f 266/1/667 276/1/667 248/1/667
f 248/1/667 238/1/667 266/1/667
s 243
f 277/1/668 249/1/668 251/1/668
f 251/1/668 279/1/668 277/1/668
s 244
f 252/1/669 280/1/670 278/1/670
f 278/1/670 250/1/670 252/1/669
s 245
f 253/1/671 281/1/671 279/1/671
f 279/1/671 251/1/671 253/1/671
s 246
f 282/1/672 280/1/673 252/1/673
f 252/1/673 254/1/673 282/1/672
s 247
f 255/1/674 283/1/674 281/1/674
f 281/1/674 253/1/674 255/1/674
s 248
f 256/1/675 284/1/676 282/1/677
f 282/1/677 254/1/676 256/1/675
s 249
f 261/1/678 283/1/679 255/1/678
f 255/1/678 257/1/678 261/1/678
s 250
f 258/1/680 285/1/681 284/1/682
f 284/1/682 256/1/681 258/1/680
s 251
f 196/1/683 262/1/684 261/1/685
f 261/1/685 257/1/684 196/1/683
s 252
f 285/1/686 258/1/686 232/1/686
f 232/1/686 286/1/686 285/1/686
s 253
f 195/1/687 287/1/688 262/1/689
f 262/1/689 196/1/690 195/1/687
s 254
f 231/1/691 288/1/691 286/1/691
f 286/1/691 232/1/691 231/1/691
s 255
f 287/1/692 195/1/693 233/1/694
f 233/1/694 289/1/692 287/1/692
s 256
f 234/1/695 290/1/695 288/1/696
f 288/1/696 231/1/695 234/1/695
s 257
f 230/1/697 229/1/697 289/1/697
f 289/1/697 233/1/697 230/1/697
s 258
f 264/1/698 290/1/699 234/1/699
f 234/1/699 235/1/699 264/1/698
s 259
f 291/1/700 292/1/700 293/1/700
f 293/1/700 294/1/700 291/1/700
s 260
f 286/1/701 295/1/702 296/1/703
f 296/1/703 285/1/703 286/1/701
s 261
f 287/1/704 297/1/705 259/1/704
f 259/1/704 262/1/704 287/1/704
s 262
f 298/1/706 295/1/707 286/1/706
f 286/1/706 288/1/706 298/1/706
s 263
f 289/1/708 294/1/708 297/1/708
f 297/1/708 287/1/708 289/1/708
s 264
f 290/1/709 299/1/710 298/1/709
f 298/1/709 288/1/711 290/1/709
s 265
f 294/1/712 289/1/713 229/1/714
f 229/1/714 291/1/715 294/1/712
s 266
f 264/1/716 300/1/717 299/1/716
f 299/1/716 290/1/716 264/1/716
s 267
f 228/1/718 301/1/719 291/1/718
f 291/1/718 229/1/720 228/1/718
s 268
f 300/1/721 264/1/721 263/1/721
f 263/1/721 302/1/721 300/1/721
s 269
f 266/1/722 265/1/723 303/1/722
f 303/1/722 304/1/724 266/1/722
s 270
f 267/1/725 305/1/725 301/1/725
f 301/1/725 228/1/726 267/1/725
s 271
f 268/1/727 306/1/728 302/1/729
f 302/1/729 263/1/729 268/1/727
s 272
f 269/1/730 307/1/731 303/1/732
f 303/1/732 265/1/733 269/1/730
s 273
f 308/1/734 305/1/735 267/1/736
f 267/1/736 270/1/737 308/1/734
s 274
f 271/1/738 309/1/739 306/1/738
f 306/1/738 268/1/740 271/1/738
s 275
f 272/1/741 310/1/742 307/1/743
f 307/1/743 269/1/744 272/1/741
s 276
f 273/1/745 311/1/746 308/1/747
f 308/1/747 270/1/748 273/1/745
s 277
f 312/1/749 309/1/750 271/1/749
f 271/1/749 274/1/751 312/1/749
s 278
f 275/1/752 313/1/753 310/1/754
f 310/1/754 272/1/755 275/1/752
s 279
f 276/1/756 314/1/757 311/1/758
f 311/1/758 273/1/758 276/1/756
s 280
f 277/1/759 315/1/759 312/1/760
f 312/1/760 274/1/759 277/1/759
s 281
f 313/1/761 275/1/761 278/1/761
f 278/1/761 316/1/762 313/1/761
s 282
f 304/1/763 314/1/764 276/1/765
f 276/1/765 266/1/766 304/1/763
s 283
f 279/1/767 317/1/768 315/1/767
f 315/1/767 277/1/769 279/1/767
s 284
f 280/1/770 318/1/771 316/1/772
f 316/1/772 278/1/772 280/1/770
s 285
f 317/1/773 279/1/773 281/1/774
f 281/1/774 319/1/773 317/1/773
s 286
f 282/1/775 320/1/775 318/1/776
f 318/1/776 280/1/777 282/1/775
s 287
f 283/1/778 321/1/779 319/1/778
f 319/1/778 281/1/780 283/1/778
s 288
f 322/1/781 320/1/782 282/1/783
f 282/1/783 284/1/784 322/1/781
s 289
f 261/1/785 260/1/786 321/1/787
f 321/1/787 283/1/788 261/1/785
s 290
f 285/1/789 296/1/790 322/1/790
f 322/1/790 284/1/789 285/1/789
s 291
f 323/1/791 324/1/791 325/1/792
f 325/1/792 326/1/791 323/1/791
s 292
f 300/1/793 327/1/794 328/1/793
f 328/1/793 299/1/795 300/1/793
s 293
f 291/1/796 301/1/797 329/1/798
f 329/1/798 292/1/799 291/1/796
s 294
f 302/1/800 330/1/801 327/1/802
f 327/1/802 300/1/803 302/1/800
s 295
f 304/1/804 303/1/804 331/1/805
f 331/1/805 332/1/805 304/1/804
s 296
f 329/1/806 301/1/807 305/1/808
f 305/1/808 324/1/806 329/1/806
s 297
f 302/1/809 306/1/810 333/1/809
f 333/1/809 330/1/811 302/1/809
s 298
f 331/1/812 303/1/812 307/1/813
f 307/1/813 334/1/812 331/1/812
s 299
f 308/1/814 325/1/815 324/1/816
f 324/1/816 305/1/817 308/1/814
s 300
f 333/1/818 306/1/818 309/1/818
f 309/1/818 335/1/818 333/1/818
s 301
f 334/1/819 307/1/820 310/1/821
f 310/1/821 336/1/822 334/1/819
s 302
f 308/1/823 311/1/824 337/1/825
f 337/1/825 325/1/826 308/1/823
s 303
f 312/1/827 338/1/828 335/1/829
f 335/1/829 309/1/827 312/1/827
s 304
f 313/1/830 339/1/831 336/1/831
f 336/1/831 310/1/830 313/1/830
s 305
f 337/1/832 311/1/832 314/1/833
f 314/1/833 340/1/832 337/1/832
s 306
f 312/1/834 315/1/835 341/1/834
f 341/1/834 338/1/836 312/1/834
s 307
f 316/1/837 342/1/837 339/1/837
f 339/1/837 313/1/838 316/1/837
s 308
f 314/1/839 304/1/839 332/1/840
f 332/1/840 340/1/841 314/1/839
s 309
f 341/1/842 315/1/843 317/1/844
f 317/1/844 343/1/845 341/1/842
s 310
f 342/1/846 316/1/847 318/1/847
f 318/1/847 344/1/847 342/1/846
s 311
f 319/1/848 345/1/849 343/1/850
f 343/1/850 317/1/851 319/1/848
s 312
f 320/1/852 346/1/852 344/1/852
f 344/1/852 318/1/852 320/1/852
s 313
f 319/1/853 321/1/854 347/1/855
f 347/1/855 345/1/856 319/1/853
s 314
f 322/1/857 348/1/858 346/1/859
f 346/1/859 320/1/858 322/1/857
s 315
f 347/1/860 321/1/860 260/1/861
f 260/1/861 349/1/860 347/1/860
s 316
f 322/1/862 296/1/863 350/1/864
f 350/1/864 348/1/865 322/1/862
s 317
f 259/1/866 351/1/866 349/1/866
f 349/1/866 260/1/867 259/1/866
s 318
f 350/1/868 296/1/869 295/1/868
f 295/1/868 352/1/868 350/1/868
s 319
f 259/1/870 297/1/871 353/1/870
f 353/1/870 351/1/872 259/1/870
s 320
f 354/1/873 352/1/873 295/1/874
f 295/1/874 298/1/873 354/1/873
s 321
f 353/1/875 297/1/876 294/1/877
f 294/1/877 293/1/878 353/1/875
s 322
f 354/1/879 298/1/879 299/1/879
f 299/1/879 328/1/879 354/1/879
s 323
f 355/1/880 356/1/881 357/1/881
f 357/1/881 358/1/882 355/1/880
s 324
f 335/1/883 359/1/883 360/1/883
f 360/1/883 333/1/883 335/1/883
s 325
f 336/1/884 361/1/885 362/1/885
f 362/1/885 334/1/885 336/1/884
s 326
f 337/1/886 363/1/887 326/1/887
f 326/1/887 325/1/887 337/1/886
s 327
f 359/1/888 335/1/888 338/1/888
f 338/1/888 364/1/888 359/1/888
s 328
f 336/1/889 339/1/890 365/1/891
f 365/1/891 361/1/891 336/1/889
s 329
f 340/1/892 357/1/892 363/1/892
f 363/1/892 337/1/892 340/1/892
s 330
f 341/1/893 366/1/893 364/1/893
f 364/1/893 338/1/893 341/1/893
s 331
f 365/1/894 339/1/895 342/1/896
f 342/1/896 367/1/895 365/1/894
s 332
f 358/1/897 357/1/897 340/1/898
f 340/1/898 332/1/897 358/1/897
s 333
f 343/1/899 368/1/899 366/1/899
f 366/1/899 341/1/899 343/1/899
s 334
f 344/1/900 369/1/901 367/1/902
f 367/1/902 342/1/901 344/1/900
s 335
f 368/1/903 343/1/904 345/1/905
f 345/1/905 370/1/903 368/1/903
s 336
f 344/1/906 346/1/907 371/1/907
f 371/1/907 369/1/907 344/1/906
s 337
f 347/1/908 372/1/908 370/1/908
f 370/1/908 345/1/908 347/1/908
s 338
f 371/1/909 346/1/910 348/1/909
f 348/1/909 373/1/910 371/1/909
s 339
f 349/1/911 374/1/911 372/1/911
f 372/1/911 347/1/911 349/1/911
s 340
f 350/1/912 375/1/913 373/1/913
f 373/1/913 348/1/913 350/1/912
s 341
f 374/1/914 349/1/914 351/1/914
f 351/1/914 376/1/914 374/1/914
s 342
f 352/1/915 377/1/915 375/1/916
f 375/1/916 350/1/915 352/1/915
s 343
f 353/1/917 378/1/918 376/1/918
f 376/1/918 351/1/918 353/1/917
s 344
f 352/1/919 354/1/920 379/1/921
f 379/1/921 377/1/920 352/1/919
s 345
f 293/1/922 380/1/923 378/1/924
f 378/1/924 353/1/925 293/1/922
s 346
f 381/1/926 379/1/927 354/1/928
f 354/1/928 328/1/929 381/1/926
s 347
f 380/1/930 293/1/930 292/1/930
f 292/1/930 382/1/930 380/1/930
s 348
f 381/1/931 328/1/931 327/1/931
f 327/1/931 383/1/931 381/1/931
s 349
f 329/1/932 384/1/932 382/1/933
f 382/1/933 292/1/932 329/1/932
s 350
f 383/1/934 327/1/934 330/1/935
f 330/1/935 385/1/934 383/1/934
s 351
f 331/1/936 386/1/936 358/1/936
f 358/1/936 332/1/936 331/1/936
s 352
f 324/1/937 323/1/937 384/1/937
f 384/1/937 329/1/937 324/1/937
s 353
f 333/1/938 360/1/939 385/1/939
f 385/1/939 330/1/939 333/1/938
s 354
f 386/1/940 331/1/940 334/1/941
f 334/1/941 362/1/940 386/1/940
s 355
f 387/1/942 388/1/943 389/1/944
f 389/1/944 390/1/945 387/1/942
s 356
f 368/1/946 391/1/946 392/1/946
f 392/1/946 366/1/946 368/1/946
s 357
f 393/1/947 367/1/948 369/1/949
f 369/1/949 394/1/947 393/1/947
s 358
f 370/1/950 395/1/951 391/1/952
f 391/1/952 368/1/953 370/1/950
s 359
f 371/1/954 396/1/955 394/1/956
f 394/1/956 369/1/957 371/1/954
s 360
f 395/1/958 370/1/958 372/1/959
f 372/1/959 390/1/960 395/1/958
s 361
f 373/1/961 397/1/962 396/1/961
f 396/1/961 371/1/963 373/1/961
s 362
f 374/1/964 387/1/965 390/1/966
f 390/1/966 372/1/967 374/1/964
s 363
f 397/1/968 373/1/969 375/1/970
f 375/1/970 398/1/968 397/1/968
s 364
f 376/1/971 399/1/972 387/1/973
f 387/1/973 374/1/972 376/1/971
s 365
f 377/1/974 400/1/975 398/1/976
f 398/1/976 375/1/974 377/1/974
s 366
f 399/1/977 376/1/978 378/1/977
f 378/1/977 401/1/979 399/1/977
s 367
f 379/1/980 402/1/981 400/1/982
f 400/1/982 377/1/983 379/1/980
s 368
f 380/1/984 403/1/985 401/1/986
f 401/1/986 378/1/987 380/1/984
s 369
f 402/1/988 379/1/989 381/1/988
f 381/1/988 404/1/990 402/1/988
s 370
f 382/1/991 405/1/991 403/1/991
f 403/1/991 380/1/991 382/1/991
s 371
f 383/1/992 406/1/993 404/1/994
f 404/1/994 381/1/995 383/1/992
s 372
f 405/1/996 382/1/997 384/1/996
f 384/1/996 407/1/998 405/1/996
s 373
f 385/1/999 408/1/1000 406/1/1001
f 406/1/1001 383/1/1002 385/1/999
s 374
f 358/1/1003 386/1/1004 409/1/1005
f 409/1/1005 355/1/1003 358/1/1003
s 375
f 323/1/1006 410/1/1007 407/1/1006
f 407/1/1006 384/1/1008 323/1/1006
s 376
f 408/1/1009 385/1/1010 360/1/1011
f 360/1/1011 411/1/1012 408/1/1009
s 377
f 362/1/1013 412/1/1014 409/1/1015
f 409/1/1015 386/1/1016 362/1/1013
s 378
f 326/1/1017 413/1/1018 410/1/1019
f 410/1/1019 323/1/1020 326/1/1017
s 379
f 359/1/1021 414/1/1022 411/1/1023
f 411/1/1023 360/1/1023 359/1/1021
s 380
f 412/1/1024 362/1/1025 361/1/1026
f 361/1/1026 415/1/1027 412/1/1024
s 381
f 413/1/1028 326/1/1029 363/1/1030
f 363/1/1030 416/1/1031 413/1/1028
s 382
f 364/1/1032 417/1/1033 414/1/1034
f 414/1/1034 359/1/1034 364/1/1032
s 383
f 365/1/1035 418/1/1036 415/1/1035
f 415/1/1035 361/1/1037 365/1/1035
s 384
f 357/1/1038 356/1/1039 416/1/1040
f 416/1/1040 363/1/1041 357/1/1038
s 385
f 417/1/1042 364/1/1043 366/1/1043
f 366/1/1043 392/1/1044 417/1/1042
s 386
f 367/1/1045 393/1/1046 418/1/1047
f 418/1/1047 365/1/1048 367/1/1045
s 387
f 419/1/1049 420/1/1049 421/1/1050
f 421/1/1050 422/1/1049 419/1/1049
s 388
f 423/1/1051 424/1/1052 397/1/1053
f 397/1/1053 398/1/1054 423/1/1051
s 389
f 399/1/1055 425/1/1055 388/1/1055
f 388/1/1055 387/1/1056 399/1/1055
s 390
f 400/1/1057 426/1/1058 423/1/1059
f 423/1/1059 398/1/1060 400/1/1057
s 391
f 420/1/1061 425/1/1062 399/1/1063
f 399/1/1063 401/1/1064 420/1/1061
s 392
f 402/1/1065 427/1/1066 426/1/1067
f 426/1/1067 400/1/1068 402/1/1065
s 393
f 403/1/1069 421/1/1069 420/1/1069
f 420/1/1069 401/1/1069 403/1/1069
s 394
f 428/1/1070 427/1/1071 402/1/1072
f 402/1/1072 404/1/1072 428/1/1070
s 395
f 405/1/1073 429/1/1074 421/1/1075
f 421/1/1075 403/1/1076 405/1/1073
s 396
f 406/1/1077 430/1/1077 428/1/1077
f 428/1/1077 404/1/1077 406/1/1077
s 397
f 431/1/1078 429/1/1079 405/1/1080
f 405/1/1080 407/1/1081 431/1/1078
s 398
f 408/1/1082 432/1/1082 430/1/1083
f 430/1/1083 406/1/1082 408/1/1082
s 399
f 433/1/1084 355/1/1085 409/1/1086
f 409/1/1086 434/1/1085 433/1/1084
s 400
f 410/1/1087 435/1/1088 431/1/1088
f 431/1/1088 407/1/1088 410/1/1087
s 401
f 436/1/1089 432/1/1090 408/1/1089
f 408/1/1089 411/1/1091 436/1/1089
s 402
f 434/1/1092 409/1/1092 412/1/1092
f 412/1/1092 437/1/1092 434/1/1092
s 403
f 413/1/1093 438/1/1094 435/1/1094
f 435/1/1094 410/1/1095 413/1/1093
s 404
f 414/1/1096 439/1/1096 436/1/1096
f 436/1/1096 411/1/1096 414/1/1096
s 405
f 415/1/1097 440/1/1098 437/1/1099
f 437/1/1099 412/1/1098 415/1/1097
s 406
f 441/1/1100 438/1/1101 413/1/1102
f 413/1/1102 416/1/1102 441/1/1100
s 407
f 417/1/1103 442/1/1103 439/1/1103
f 439/1/1103 414/1/1104 417/1/1103
s 408
f 440/1/1105 415/1/1105 418/1/1105
f 418/1/1105 443/1/1105 440/1/1105
s 409
f 356/1/1106 444/1/1107 441/1/1108
f 441/1/1108 416/1/1109 356/1/1106
s 410
f 445/1/1110 442/1/1110 417/1/1111
f 417/1/1111 392/1/1111 445/1/1110
s 411
f 393/1/1112 446/1/1113 443/1/1114
f 443/1/1114 418/1/1115 393/1/1112
s 412
f 433/1/1116 444/1/1117 356/1/1118
f 356/1/1118 355/1/1119 433/1/1116
s 413
f 391/1/1120 447/1/1120 445/1/1121
f 445/1/1121 392/1/1122 391/1/1120
s 414
f 394/1/1123 448/1/1124 446/1/1123
f 446/1/1123 393/1/1125 394/1/1123
s 415
f 395/1/1126 449/1/1127 447/1/1128
f 447/1/1128 391/1/1129 395/1/1126
s 416
f 448/1/1130 394/1/1131 396/1/1132
f 396/1/1132 450/1/1133 448/1/1130
s 417
f 389/1/1134 449/1/1135 395/1/1136
f 395/1/1136 390/1/1134 389/1/1134
s 418
f 397/1/1137 424/1/1137 450/1/1138
f 450/1/1138 396/1/1137 397/1/1137
s 419
f 451/1/1139 452/1/1140 453/1/1141
f 453/1/1141 454/1/1142 451/1/1139
s 420
f 428/1/1143 455/1/1143 456/1/1143
f 456/1/1143 427/1/1143 428/1/1143
s 421
f 429/1/1144 457/1/1145 422/1/1145
f 422/1/1145 421/1/1145 429/1/1144
s 422
f 458/1/1146 455/1/1147 428/1/1147
f 428/1/1147 430/1/1147 458/1/1146
s 423
f 431/1/1148 459/1/1148 457/1/1148
f 457/1/1148 429/1/1148 431/1/1148
s 424
f 432/1/1149 460/1/1150 458/1/1150
f 458/1/1150 430/1/1150 432/1/1149
s 425
f 452/1/1151 451/1/1151 433/1/1151
f 433/1/1151 434/1/1151 452/1/1151
s 426
f 461/1/1152 459/1/1152 431/1/1152
f 431/1/1152 435/1/1152 461/1/1152
s 427
f 436/1/1153 462/1/1154 460/1/1154
f 460/1/1154 432/1/1154 436/1/1153
s 428
f 437/1/1155 463/1/1156 452/1/1156
f 452/1/1156 434/1/1156 437/1/1155
s 429
f 438/1/1157 464/1/1157 461/1/1157
f 461/1/1157 435/1/1157 438/1/1157
s 430
f 465/1/1158 462/1/1158 436/1/1159
f 436/1/1159 439/1/1158 465/1/1158
s 431
f 440/1/1160 466/1/1161 463/1/1161
f 463/1/1161 437/1/1161 440/1/1160
s 432
f 441/1/1162 467/1/1162 464/1/1162
f 464/1/1162 438/1/1162 441/1/1162
s 433
f 442/1/1163 468/1/1163 465/1/1163
f 465/1/1163 439/1/1163 442/1/1163
s 434
f 469/1/1164 466/1/1164 440/1/1164
f 440/1/1164 443/1/1164 469/1/1164
s 435
f 470/1/1165 467/1/1165 441/1/1165
f 441/1/1165 444/1/1165 470/1/1165
s 436
f 445/1/1166 471/1/1167 468/1/1166
f 468/1/1166 442/1/1166 445/1/1166
s 437
f 446/1/1168 472/1/1168 469/1/1168
f 469/1/1168 443/1/1168 446/1/1168
s 438
f 470/1/1169 444/1/1169 433/1/1169
f 433/1/1169 451/1/1169 470/1/1169
s 439
f 471/1/1170 445/1/1170 447/1/1170
f 447/1/1170 473/1/1170 471/1/1170
s 440
f 448/1/1171 474/1/1172 472/1/1173
f 472/1/1173 446/1/1172 448/1/1171
s 441
f 449/1/1174 475/1/1174 473/1/1174
f 473/1/1174 447/1/1174 449/1/1174
s 442
f 476/1/1175 474/1/1175 448/1/1175
f 448/1/1175 450/1/1175 476/1/1175
s 443
f 389/1/1176 477/1/1176 475/1/1176
f 475/1/1176 449/1/1176 389/1/1176
s 444
f 424/1/1177 478/1/1177 476/1/1178
f 476/1/1178 450/1/1177 424/1/1177
s 445
f 477/1/1179 389/1/1179 388/1/1179
f 388/1/1179 479/1/1179 477/1/1179
s 446
f 423/1/1180 480/1/1181 478/1/1181
f 478/1/1181 424/1/1181 423/1/1180
s 447
f 425/1/1182 481/1/1182 479/1/1182
f 479/1/1182 388/1/1182 425/1/1182
s 448
f 482/1/1183 480/1/1184 423/1/1184
f 423/1/1184 426/1/1184 482/1/1183
s 449
f 420/1/1185 419/1/1186 481/1/1186
f 481/1/1186 425/1/1186 420/1/1185
s 450
f 427/1/1187 456/1/1188 482/1/1189
f 482/1/1189 426/1/1188 427/1/1187
s 451
f 483/1/1190 484/1/1191 485/1/1190
f 485/1/1190 486/1/1190 483/1/1190
s 452
f 461/1/1192 487/1/1193 488/1/1194
f 488/1/1194 459/1/1195 461/1/1192
s 453
f 462/1/1196 489/1/1197 490/1/1198
f 490/1/1198 460/1/1199 462/1/1196
s 454
f 463/1/1200 491/1/1201 453/1/1202
f 453/1/1202 452/1/1203 463/1/1200
s 455
f 492/1/1204 487/1/1205 461/1/1206
f 461/1/1206 464/1/1207 492/1/1204
s 456
f 465/1/1208 493/1/1209 489/1/1210
f 489/1/1210 462/1/1211 465/1/1208
s 457
f 466/1/1212 486/1/1213 491/1/1212
f 491/1/1212 463/1/1212 466/1/1212
s 458
f 467/1/1214 494/1/1215 492/1/1215
f 492/1/1215 464/1/1216 467/1/1214
s 459
f 493/1/1217 465/1/1218 468/1/1217
f 468/1/1217 495/1/1219 493/1/1217
s 460
f 469/1/1220 483/1/1221 486/1/1222
f 486/1/1222 466/1/1223 469/1/1220
s 461
f 470/1/1224 496/1/1225 494/1/1226
f 494/1/1226 467/1/1227 470/1/1224
s 462
f 471/1/1228 497/1/1229 495/1/1230
f 495/1/1230 468/1/1231 471/1/1228
s 463
f 483/1/1232 469/1/1233 472/1/1234
f 472/1/1234 498/1/1235 483/1/1232
s 464
f 496/1/1236 470/1/1237 451/1/1236
f 451/1/1236 454/1/1238 496/1/1236
s 465
f 473/1/1239 499/1/1240 497/1/1239
f 497/1/1239 471/1/1241 473/1/1239
s 466
f 474/1/1242 500/1/1243 498/1/1244
f 498/1/1244 472/1/1242 474/1/1242
s 467
f 501/1/1245 499/1/1246 473/1/1247
f 473/1/1247 475/1/1248 501/1/1245
s 468
f 476/1/1249 502/1/1250 500/1/1251
f 500/1/1251 474/1/1252 476/1/1249
s 469
f 477/1/1253 503/1/1254 501/1/1255
f 501/1/1255 475/1/1256 477/1/1253
s 470
f 504/1/1257 502/1/1258 476/1/1259
f 476/1/1259 478/1/1260 504/1/1257
s 471
f 479/1/1261 505/1/1261 503/1/1262
f 503/1/1262 477/1/1262 479/1/1261
s 472
f 480/1/1263 506/1/1264 504/1/1264
f 504/1/1264 478/1/1265 480/1/1263
s 473
f 505/1/1266 479/1/1267 481/1/1266
f 481/1/1266 507/1/1268 505/1/1266
s 474
f 482/1/1269 508/1/1270 506/1/1271
f 506/1/1271 480/1/1272 482/1/1269
s 475
f 419/1/1273 509/1/1274 507/1/1275
f 507/1/1275 481/1/1276 419/1/1273
s 476
f 510/1/1277 508/1/1278 482/1/1279
f 482/1/1279 456/1/1280 510/1/1277
s 477
f 422/1/1281 511/1/1282 509/1/1283
f 509/1/1283 419/1/1284 422/1/1281
s 478
f 455/1/1285 512/1/1286 510/1/1287
f 510/1/1287 456/1/1288 455/1/1285
s 479
f 513/1/1289 511/1/1290 422/1/1291
f 422/1/1291 457/1/1292 513/1/1289
s 480
f 458/1/1293 514/1/1293 512/1/1293
f 512/1/1293 455/1/1294 458/1/1293
s 481
f 459/1/1295 488/1/1295 513/1/1296
f 513/1/1296 457/1/1295 459/1/1295
s 482
f 514/1/1297 458/1/1297 460/1/1297
f 460/1/1297 490/1/1298 514/1/1297
s 483
f 515/1/1299 516/1/1300 517/1/1300
f 517/1/1300 518/1/1300 515/1/1299
s 484
f 496/1/1301 519/1/1301 520/1/1302
f 520/1/1302 494/1/1301 496/1/1301
s 485
f 521/1/1303 522/1/1303 495/1/1303
f 495/1/1303 497/1/1303 521/1/1303
s 486
f 498/1/1304 523/1/1305 484/1/1306
f 484/1/1306 483/1/1307 498/1/1304
s 487
f 524/1/1308 519/1/1308 496/1/1308
f 496/1/1308 454/1/1308 524/1/1308
s 488
f 499/1/1309 525/1/1309 521/1/1309
f 521/1/1309 497/1/1310 499/1/1309
s 489
f 523/1/1311 498/1/1312 500/1/1313
f 500/1/1313 517/1/1314 523/1/1311
s 490
f 501/1/1315 526/1/1316 525/1/1317
f 525/1/1317 499/1/1318 501/1/1315
s 491
f 502/1/1319 518/1/1320 517/1/1321
f 517/1/1321 500/1/1319 502/1/1319
s 492
f 527/1/1322 526/1/1323 501/1/1324
f 501/1/1324 503/1/1325 527/1/1322
s 493
f 504/1/1326 528/1/1327 518/1/1328
f 518/1/1328 502/1/1329 504/1/1326
s 494
f 505/1/1330 529/1/1330 527/1/1331
f 527/1/1331 503/1/1330 505/1/1330
s 495
f 530/1/1332 528/1/1333 504/1/1334
f 504/1/1334 506/1/1335 530/1/1332
s 496
f 507/1/1336 531/1/1337 529/1/1338
f 529/1/1338 505/1/1339 507/1/1336
s 497
f 508/1/1340 532/1/1341 530/1/1342
f 530/1/1342 506/1/1343 508/1/1340
s 498
f 533/1/1344 531/1/1345 507/1/1346
f 507/1/1346 509/1/1347 533/1/1344
s 499
f 510/1/1348 534/1/1349 532/1/1350
f 532/1/1350 508/1/1351 510/1/1348
s 500
f 511/1/1352 535/1/1353 533/1/1353
f 533/1/1353 509/1/1354 511/1/1352
s 501
f 536/1/1355 534/1/1356 510/1/1357
f 510/1/1357 512/1/1358 536/1/1355
s 502
f 513/1/1359 537/1/1360 535/1/1361
f 535/1/1361 511/1/1362 513/1/1359
s 503
f 514/1/1363 538/1/1364 536/1/1364
f 536/1/1364 512/1/1364 514/1/1363
s 504
f 539/1/1365 537/1/1366 513/1/1365
f 513/1/1365 488/1/1367 539/1/1365
s 505
f 490/1/1368 540/1/1369 538/1/1370
f 538/1/1370 514/1/1371 490/1/1368
s 506
f 454/1/1372 453/1/1372 541/1/1373
f 541/1/1373 524/1/1373 454/1/1372
s 507
f 487/1/1374 542/1/1375 539/1/1374
f 539/1/1374 488/1/1376 487/1/1374
s 508
f 543/1/1377 540/1/1378 490/1/1377
f 490/1/1377 489/1/1377 543/1/1377
s 509
f 544/1/1379 541/1/1380 453/1/1381
f 453/1/1381 491/1/1382 544/1/1379
s 510
f 492/1/1383 545/1/1384 542/1/1385
f 542/1/1385 487/1/1386 492/1/1383
s 511
f 493/1/1387 546/1/1388 543/1/1389
f 543/1/1389 489/1/1390 493/1/1387
s 512
f 485/1/1391 544/1/1392 491/1/1393
f 491/1/1393 486/1/1394 485/1/1391
s 513
f 520/1/1395 545/1/1395 492/1/1395
f 492/1/1395 494/1/1395 520/1/1395
s 514
f 495/1/1396 522/1/1397 546/1/1396
f 546/1/1396 493/1/1398 495/1/1396
s 515
f 547/1/1399 548/1/1400 549/1/1400
f 549/1/1400 550/1/1401 547/1/1399
s 516
f 527/1/1402 551/1/1403 552/1/1403
f 552/1/1403 526/1/1403 527/1/1402
s 517
f 528/1/1404 553/1/1404 515/1/1405
f 515/1/1405 518/1/1404 528/1/1404
s 518
f 551/1/1406 527/1/1407 529/1/1408
f 529/1/1408 554/1/1407 551/1/1406
s 519
f 530/1/1409 550/1/1410 553/1/1410
f 553/1/1410 528/1/1410 530/1/1409
s 520
f 531/1/1411 555/1/1412 554/1/1411
f 554/1/1411 529/1/1412 531/1/1411
s 521
f 547/1/1413 550/1/1414 530/1/1415
f 530/1/1415 532/1/1414 547/1/1413
s 522
f 533/1/1416 556/1/1417 555/1/1418
f 555/1/1418 531/1/1417 533/1/1416
s 523
f 534/1/1419 557/1/1419 547/1/1420
f 547/1/1420 532/1/1419 534/1/1419
s 524
f 558/1/1421 556/1/1422 533/1/1421
f 533/1/1421 535/1/1422 558/1/1421
s 525
f 536/1/1423 559/1/1423 557/1/1423
f 557/1/1423 534/1/1423 536/1/1423
s 526
f 537/1/1424 560/1/1425 558/1/1425
f 558/1/1425 535/1/1425 537/1/1424
s 527
f 561/1/1426 559/1/1427 536/1/1427
f 536/1/1427 538/1/1427 561/1/1426
s 528
f 539/1/1428 562/1/1429 560/1/1430
f 560/1/1430 537/1/1429 539/1/1428
s 529
f 540/1/1431 563/1/1432 561/1/1432
f 561/1/1432 538/1/1432 540/1/1431
s 530
f 564/1/1433 565/1/1433 524/1/1433
f 524/1/1433 541/1/1433 564/1/1433
s 531
f 566/1/1434 562/1/1434 539/1/1435
f 539/1/1435 542/1/1434 566/1/1434
s 532
f 543/1/1436 567/1/1437 563/1/1438
f 563/1/1438 540/1/1437 543/1/1436
s 533
f 544/1/1439 568/1/1440 564/1/1440
f 564/1/1440 541/1/1440 544/1/1439
s 534
f 545/1/1441 569/1/1442 566/1/1442
f 566/1/1442 542/1/1442 545/1/1441
s 535
f 567/1/1443 543/1/1444 546/1/1445
f 546/1/1445 570/1/1444 567/1/1443
s 536
f 485/1/1446 571/1/1446 568/1/1446
f 568/1/1446 544/1/1446 485/1/1446
s 537
f 520/1/1447 572/1/1448 569/1/1449
f 569/1/1449 545/1/1448 520/1/1447
s 538
f 522/1/1450 573/1/1450 570/1/1451
f 570/1/1451 546/1/1450 522/1/1450
s 539
f 574/1/1452 571/1/1453 485/1/1453
f 485/1/1453 484/1/1453 574/1/1452
s 540
f 575/1/1454 572/1/1455 520/1/1454
f 520/1/1454 519/1/1455 575/1/1454
s 541
f 521/1/1456 576/1/1457 573/1/1458
f 573/1/1458 522/1/1457 521/1/1456
s 542
f 523/1/1459 577/1/1459 574/1/1460
f 574/1/1460 484/1/1459 523/1/1459
s 543
f 565/1/1461 575/1/1462 519/1/1462
f 519/1/1462 524/1/1462 565/1/1461
s 544
f 576/1/1463 521/1/1464 525/1/1465
f 525/1/1465 578/1/1464 576/1/1463
s 545
f 517/1/1466 516/1/1466 577/1/1466
f 577/1/1466 523/1/1466 517/1/1466
s 546
f 526/1/1467 552/1/1467 578/1/1468
f 578/1/1468 525/1/1467 526/1/1467
s 547
f 579/1/1469 580/1/1469 581/1/1469
f 581/1/1469 582/1/1470 579/1/1469
s 548
f 556/1/1471 583/1/1472 584/1/1471
f 584/1/1471 555/1/1472 556/1/1471
s 549
f 585/1/1473 548/1/1474 547/1/1474
f 547/1/1474 557/1/1473 585/1/1473
s 550
f 558/1/1475 586/1/1476 583/1/1477
f 583/1/1477 556/1/1477 558/1/1475
s 551
f 559/1/1478 582/1/1479 585/1/1480
f 585/1/1480 557/1/1481 559/1/1478
s 552
f 586/1/1482 558/1/1482 560/1/1483
f 560/1/1483 587/1/1482 586/1/1482
s 553
f 561/1/1484 579/1/1485 582/1/1486
f 582/1/1486 559/1/1487 561/1/1484
s 554
f 562/1/1488 588/1/1489 587/1/1488
f 587/1/1488 560/1/1490 562/1/1488
s 555
f 579/1/1491 561/1/1491 563/1/1491
f 563/1/1491 589/1/1491 579/1/1491
s 556
f 565/1/1492 564/1/1492 590/1/1492
f 590/1/1492 591/1/1492 565/1/1492
s 557
f 566/1/1493 592/1/1494 588/1/1493
f 588/1/1493 562/1/1495 566/1/1493
s 558
f 567/1/1496 593/1/1497 589/1/1496
f 589/1/1496 563/1/1498 567/1/1496
s 559
f 568/1/1499 594/1/1500 590/1/1501
f 590/1/1501 564/1/1502 568/1/1499
s 560
f 595/1/1503 592/1/1503 566/1/1503
f 566/1/1503 569/1/1504 595/1/1503
s 561
f 570/1/1505 596/1/1506 593/1/1507
f 593/1/1507 567/1/1508 570/1/1505
s 562
f 571/1/1509 597/1/1510 594/1/1510
f 594/1/1510 568/1/1509 571/1/1509
s 563
f 572/1/1511 598/1/1512 595/1/1511
f 595/1/1511 569/1/1513 572/1/1511
s 564
f 599/1/1514 596/1/1515 570/1/1516
f 570/1/1516 573/1/1517 599/1/1514
s 565
f 574/1/1518 600/1/1519 597/1/1520
f 597/1/1520 571/1/1521 574/1/1518
s 566
f 575/1/1522 601/1/1523 598/1/1524
f 598/1/1524 572/1/1525 575/1/1522
s 567
f 576/1/1526 602/1/1527 599/1/1527
f 599/1/1527 573/1/1528 576/1/1526
s 568
f 600/1/1529 574/1/1530 577/1/1531
f 577/1/1531 603/1/1530 600/1/1529
s 569
f 591/1/1532 601/1/1533 575/1/1534
f 575/1/1534 565/1/1535 591/1/1532
s 570
f 578/1/1536 604/1/1537 602/1/1538
f 602/1/1538 576/1/1539 578/1/1536
s 571
f 516/1/1540 605/1/1540 603/1/1540
f 603/1/1540 577/1/1541 516/1/1540
s 572
f 606/1/1542 604/1/1543 578/1/1542
f 578/1/1542 552/1/1544 606/1/1542
s 573
f 515/1/1545 607/1/1546 605/1/1547
f 605/1/1547 516/1/1548 515/1/1545
s 574
f 551/1/1549 608/1/1550 606/1/1551
f 606/1/1551 552/1/1552 551/1/1549
s 575
f 609/1/1553 607/1/1554 515/1/1553
f 515/1/1553 553/1/1553 609/1/1553
s 576
f 554/1/1555 610/1/1556 608/1/1557
f 608/1/1557 551/1/1558 554/1/1555
s 577
f 550/1/1559 549/1/1560 609/1/1559
f 609/1/1559 553/1/1561 550/1/1559
s 578
f 610/1/1562 554/1/1563 555/1/1564
f 555/1/1564 584/1/1565 610/1/1562
s 579
f 611/1/1566 612/1/1567 613/1/1566
f 613/1/1566 614/1/1567 611/1/1566
s 580
f 587/1/1568 588/1/1569 615/1/1568
f 615/1/1568 616/1/1570 587/1/1568
s 581
f 589/1/1571 617/1/1571 580/1/1572
f 580/1/1572 579/1/1572 589/1/1571
s 582
f 591/1/1573 590/1/1573 618/1/1573
f 618/1/1573 619/1/1573 591/1/1573
s 583
f 615/1/1574 588/1/1574 592/1/1574
f 592/1/1574 620/1/1574 615/1/1574
s 584
f 589/1/1575 593/1/1576 614/1/1575
f 614/1/1575 617/1/1577 589/1/1575
s 585
f 618/1/1578 590/1/1579 594/1/1580
f 594/1/1580 621/1/1581 618/1/1578
s 586
f 595/1/1582 622/1/1582 620/1/1583
f 620/1/1583 592/1/1584 595/1/1582
s 587
f 614/1/1585 593/1/1585 596/1/1585
f 596/1/1585 611/1/1585 614/1/1585
s 588
f 623/1/1586 621/1/1587 594/1/1588
f 594/1/1588 597/1/1589 623/1/1586
s 589
f 595/1/1590 598/1/1591 624/1/1592
f 624/1/1592 622/1/1590 595/1/1590
s 590
f 599/1/1593 625/1/1594 611/1/1593
f 611/1/1593 596/1/1595 599/1/1593
s 591
f 600/1/1596 626/1/1597 623/1/1598
f 623/1/1598 597/1/1596 600/1/1596
s 592
f 624/1/1599 598/1/1600 601/1/1601
f 601/1/1601 627/1/1602 624/1/1599
s 593
f 599/1/1603 602/1/1604 628/1/1605
f 628/1/1605 625/1/1606 599/1/1603
s 594
f 603/1/1607 629/1/1607 626/1/1607
f 626/1/1607 600/1/1607 603/1/1607
s 595
f 601/1/1608 591/1/1608 619/1/1608
f 619/1/1608 627/1/1608 601/1/1608
s 596
f 628/1/1609 602/1/1610 604/1/1611
f 604/1/1611 630/1/1612 628/1/1609
s 597
f 631/1/1613 629/1/1613 603/1/1613
f 603/1/1613 605/1/1614 631/1/1613
s 598
f 606/1/1615 632/1/1616 630/1/1616
f 630/1/1616 604/1/1616 606/1/1615
s 599
f 607/1/1617 633/1/1618 631/1/1619
f 631/1/1619 605/1/1620 607/1/1617
s 600
f 606/1/1621 608/1/1621 634/1/1621
f 634/1/1621 632/1/1621 606/1/1621
s 601
f 609/1/1622 635/1/1622 633/1/1623
f 633/1/1623 607/1/1624 609/1/1622
s 602
f 634/1/1625 608/1/1626 610/1/1627
f 610/1/1627 636/1/1627 634/1/1625
s 603
f 609/1/1628 549/1/1629 637/1/1630
f 637/1/1630 635/1/1629 609/1/1628
s 604
f 584/1/1631 638/1/1631 636/1/1632
f 636/1/1632 610/1/1633 584/1/1631
s 605
f 637/1/1634 549/1/1635 548/1/1634
f 548/1/1634 639/1/1635 637/1/1634
s 606
f 584/1/1636 583/1/1637 640/1/1637
f 640/1/1637 638/1/1637 584/1/1636
s 607
f 641/1/1638 639/1/1639 548/1/1640
f 548/1/1640 585/1/1638 641/1/1638
s 608
f 640/1/1641 583/1/1642 586/1/1643
f 586/1/1643 642/1/1644 640/1/1641
s 609
f 641/1/1645 585/1/1646 582/1/1645
f 582/1/1645 581/1/1645 641/1/1645
s 610
f 587/1/1647 616/1/1647 642/1/1648
f 642/1/1648 586/1/1647 587/1/1647
s 611
f 643/1/1649 644/1/1650 645/1/1650
f 645/1/1650 646/1/1650 643/1/1649
s 612
f 623/1/1651 647/1/1651 648/1/1651
f 648/1/1651 621/1/1651 623/1/1651
s 613
f 624/1/1652 649/1/1652 650/1/1652
f 650/1/1652 622/1/1652 624/1/1652
s 614
f 612/1/1653 611/1/1653 625/1/1653
f 625/1/1653 651/1/1653 612/1/1653
s 615
f 623/1/1654 626/1/1654 652/1/1654
f 652/1/1654 647/1/1654 623/1/1654
s 616
f 627/1/1655 653/1/1655 649/1/1655
f 649/1/1655 624/1/1655 627/1/1655
s 617
f 628/1/1656 646/1/1656 651/1/1656
f 651/1/1656 625/1/1656 628/1/1656
s 618
f 652/1/1657 626/1/1657 629/1/1657
f 629/1/1657 654/1/1657 652/1/1657
s 619
f 655/1/1658 653/1/1658 627/1/1658
f 627/1/1658 619/1/1658 655/1/1658
s 620
f 630/1/1659 643/1/1659 646/1/1659
f 646/1/1659 628/1/1659 630/1/1659
s 621
f 631/1/1660 656/1/1660 654/1/1660
f 654/1/1660 629/1/1660 631/1/1660
s 622
f 643/1/1661 630/1/1661 632/1/1661
f 632/1/1661 657/1/1661 643/1/1661
s 623
f 631/1/1662 633/1/1662 658/1/1662
f 658/1/1662 656/1/1662 631/1/1662
s 624
f 634/1/1663 659/1/1663 657/1/1663
f 657/1/1663 632/1/1663 634/1/1663
s 625
f 658/1/1664 633/1/1664 635/1/1665
f 635/1/1665 660/1/1664 658/1/1664
s 626
f 636/1/1666 661/1/1666 659/1/1666
f 659/1/1666 634/1/1666 636/1/1666
s 627
f 637/1/1667 662/1/1667 660/1/1667
f 660/1/1667 635/1/1667 637/1/1667
s 628
f 661/1/1668 636/1/1668 638/1/1668
f 638/1/1668 663/1/1668 661/1/1668
s 629
f 639/1/1669 664/1/1669 662/1/1669
f 662/1/1669 637/1/1669 639/1/1669
s 630
f 640/1/1670 665/1/1671 663/1/1671
f 663/1/1671 638/1/1672 640/1/1670
s 631
f 639/1/1673 641/1/1673 666/1/1673
f 666/1/1673 664/1/1673 639/1/1673
s 632
f 642/1/1674 667/1/1675 665/1/1675
f 665/1/1675 640/1/1675 642/1/1674
s 633
f 668/1/1676 666/1/1676 641/1/1676
f 641/1/1676 581/1/1676 668/1/1676
s 634
f 667/1/1677 642/1/1677 616/1/1678
f 616/1/1678 669/1/1677 667/1/1677
s 635
f 668/1/1679 581/1/1679 580/1/1679
f 580/1/1679 670/1/1679 668/1/1679
s 636
f 615/1/1680 671/1/1680 669/1/1680
f 669/1/1680 616/1/1680 615/1/1680
s 637
f 670/1/1681 580/1/1681 617/1/1681
f 617/1/1681 672/1/1681 670/1/1681
s 638
f 618/1/1682 673/1/1683 655/1/1682
f 655/1/1682 619/1/1683 618/1/1682
s 639
f 620/1/1684 674/1/1684 671/1/1684
f 671/1/1684 615/1/1684 620/1/1684
s 640
f 614/1/1685 613/1/1685 672/1/1685
f 672/1/1685 617/1/1685 614/1/1685
s 641
f 673/1/1686 618/1/1686 621/1/1686
f 621/1/1686 648/1/1686 673/1/1686
s 642
f 674/1/1687 620/1/1687 622/1/1687
f 622/1/1687 650/1/1687 674/1/1687
s 643
f 675/1/1688 676/1/1688 677/1/1688
f 677/1/1688 678/1/1688 675/1/1688
s 644
f 679/1/1689 654/1/1690 656/1/1691
f 656/1/1691 680/1/1692 679/1/1689
s 645
f 657/1/1693 681/1/1694 644/1/1695
f 644/1/1695 643/1/1693 657/1/1693
s 646
f 658/1/1696 682/1/1697 680/1/1698
f 680/1/1698 656/1/1699 658/1/1696
s 647
f 681/1/1700 657/1/1701 659/1/1701
f 659/1/1701 678/1/1702 681/1/1700
s 648
f 660/1/1703 683/1/1704 682/1/1705
f 682/1/1705 658/1/1705 660/1/1703
s 649
f 661/1/1706 675/1/1706 678/1/1706
f 678/1/1706 659/1/1706 661/1/1706
s 650
f 683/1/1707 660/1/1707 662/1/1707
f 662/1/1707 684/1/1708 683/1/1707
s 651
f 663/1/1709 685/1/1710 675/1/1711
f 675/1/1711 661/1/1711 663/1/1709
s 652
f 664/1/1712 686/1/1713 684/1/1714
f 684/1/1714 662/1/1715 664/1/1712
s 653
f 685/1/1716 663/1/1717 665/1/1718
f 665/1/1718 687/1/1719 685/1/1716
s 654
f 666/1/1720 688/1/1721 686/1/1721
f 686/1/1721 664/1/1722 666/1/1720
s 655
f 667/1/1723 689/1/1724 687/1/1723
f 687/1/1723 665/1/1725 667/1/1723
s 656
f 688/1/1726 666/1/1727 668/1/1728
f 668/1/1728 690/1/1729 688/1/1726
s 657
f 669/1/1730 691/1/1731 689/1/1732
f 689/1/1732 667/1/1733 669/1/1730
s 658
f 670/1/1734 692/1/1734 690/1/1734
f 690/1/1734 668/1/1735 670/1/1734
s 659
f 691/1/1736 669/1/1736 671/1/1736
f 671/1/1736 693/1/1736 691/1/1736
s 660
f 672/1/1737 694/1/1738 692/1/1737
f 692/1/1737 670/1/1739 672/1/1737
s 661
f 655/1/1740 673/1/1741 695/1/1741
f 695/1/1741 696/1/1741 655/1/1740
s 662
f 674/1/1742 697/1/1743 693/1/1744
f 693/1/1744 671/1/1745 674/1/1742
s 663
f 694/1/1746 672/1/1747 613/1/1748
f 613/1/1748 698/1/1749 694/1/1746
s 664
f 648/1/1750 699/1/1751 695/1/1751
f 695/1/1751 673/1/1752 648/1/1750
s 665
f 650/1/1753 700/1/1754 697/1/1755
f 697/1/1755 674/1/1756 650/1/1753
s 666
f 612/1/1757 701/1/1758 698/1/1757
f 698/1/1757 613/1/1757 612/1/1757
s 667
f 699/1/1759 648/1/1760 647/1/1759
f 647/1/1759 702/1/1759 699/1/1759
s 668
f 700/1/1761 650/1/1762 649/1/1761
f 649/1/1761 703/1/1761 700/1/1761
s 669
f 651/1/1763 704/1/1764 701/1/1765
f 701/1/1765 612/1/1765 651/1/1763
s 670
f 652/1/1766 705/1/1767 702/1/1768
f 702/1/1768 647/1/1769 652/1/1766
s 671
f 653/1/1770 706/1/1771 703/1/1772
f 703/1/1772 649/1/1771 653/1/1770
s 672
f 704/1/1773 651/1/1774 646/1/1775
f 646/1/1775 645/1/1776 704/1/1773
s 673
f 654/1/1777 679/1/1777 705/1/1777
f 705/1/1777 652/1/1777 654/1/1777
s 674
f 696/1/1778 706/1/1779 653/1/1779
f 653/1/1779 655/1/1780 696/1/1778
s 675
f 707/1/1781 708/1/1781 709/1/1782
f 709/1/1782 710/1/1783 707/1/1781
s 676
f 684/1/1784 711/1/1785 712/1/1784
f 712/1/1784 683/1/1785 684/1/1784
s 677
f 685/1/1786 713/1/1787 676/1/1786
f 676/1/1786 675/1/1786 685/1/1786
s 678
f 686/1/1788 714/1/1788 711/1/1788
f 711/1/1788 684/1/1788 686/1/1788
s 679
f 687/1/1789 710/1/1790 713/1/1791
f 713/1/1791 685/1/1791 687/1/1789
s 680
f 715/1/1792 714/1/1792 686/1/1792
f 686/1/1792 688/1/1792 715/1/1792
s 681
f 689/1/1793 707/1/1794 710/1/1795
f 710/1/1795 687/1/1796 689/1/1793
s 682
f 690/1/1797 716/1/1798 715/1/1797
f 715/1/1797 688/1/1799 690/1/1797
s 683
f 717/1/1800 707/1/1800 689/1/1800
f 689/1/1800 691/1/1801 717/1/1800
s 684
f 716/1/1802 690/1/1802 692/1/1802
f 692/1/1802 718/1/1803 716/1/1802
s 685
f 719/1/1804 717/1/1804 691/1/1804
f 691/1/1804 693/1/1805 719/1/1804
s 686
f 694/1/1806 720/1/1806 718/1/1806
f 718/1/1806 692/1/1807 694/1/1806
s 687
f 721/1/1808 696/1/1809 695/1/1809
f 695/1/1809 722/1/1810 721/1/1808
s 688
f 723/1/1811 719/1/1811 693/1/1811
f 693/1/1811 697/1/1811 723/1/1811
s 689
f 698/1/1812 724/1/1813 720/1/1812
f 720/1/1812 694/1/1814 698/1/1812
s 690
f 722/1/1815 695/1/1816 699/1/1817
f 699/1/1817 725/1/1816 722/1/1815
s 691
f 723/1/1818 697/1/1819 700/1/1818
f 700/1/1818 726/1/1819 723/1/1818
s 692
f 701/1/1820 727/1/1821 724/1/1821
f 724/1/1821 698/1/1821 701/1/1820
s 693
f 702/1/1822 728/1/1822 725/1/1822
f 725/1/1822 699/1/1822 702/1/1822
s 694
f 703/1/1823 729/1/1823 726/1/1823
f 726/1/1823 700/1/1823 703/1/1823
s 695
f 704/1/1824 730/1/1825 727/1/1826
f 727/1/1826 701/1/1824 704/1/1824
s 696
f 728/1/1827 702/1/1828 705/1/1828
f 705/1/1828 731/1/1828 728/1/1827
s 697
f 706/1/1829 732/1/1830 729/1/1830
f 729/1/1830 703/1/1830 706/1/1829
s 698
f 645/1/1831 733/1/1832 730/1/1832
f 730/1/1832 704/1/1831 645/1/1831
s 699
f 679/1/1833 734/1/1833 731/1/1833
f 731/1/1833 705/1/1833 679/1/1833
s 700
f 721/1/1834 732/1/1835 706/1/1834
f 706/1/1834 696/1/1836 721/1/1834
s 701
f 644/1/1837 735/1/1837 733/1/1837
f 733/1/1837 645/1/1837 644/1/1837
s 702
f 680/1/1838 736/1/1838 734/1/1838
f 734/1/1838 679/1/1838 680/1/1838
s 703
f 681/1/1839 737/1/1839 735/1/1839
f 735/1/1839 644/1/1840 681/1/1839
s 704
f 736/1/1841 680/1/1841 682/1/1841
f 682/1/1841 738/1/1841 736/1/1841
s 705
f 678/1/1842 677/1/1842 737/1/1842
f 737/1/1842 681/1/1843 678/1/1842
s 706
f 712/1/1844 738/1/1844 682/1/1844
f 682/1/1844 683/1/1844 712/1/1844
s 707
f 739/1/1845 740/1/1846 741/1/1847
f 741/1/1847 742/1/1846 739/1/1845
s 708
f 743/1/1848 744/1/1848 715/1/1848
f 715/1/1848 716/1/1848 743/1/1848
s 709
f 745/1/1849 708/1/1850 707/1/1851
f 707/1/1851 717/1/1850 745/1/1849
s 710
f 718/1/1852 746/1/1852 743/1/1852
f 743/1/1852 716/1/1852 718/1/1852
s 711
f 747/1/1853 745/1/1854 717/1/1855
f 717/1/1855 719/1/1854 747/1/1853
s 712
f 720/1/1856 748/1/1856 746/1/1856
f 746/1/1856 718/1/1856 720/1/1856
s 713
f 721/1/1857 722/1/1857 749/1/1857
f 749/1/1857 750/1/1857 721/1/1857
s 714
f 723/1/1858 751/1/1858 747/1/1859
f 747/1/1859 719/1/1858 723/1/1858
s 715
f 748/1/1860 720/1/1860 724/1/1860
f 724/1/1860 752/1/1860 748/1/1860
s 716
f 725/1/1861 753/1/1861 749/1/1861
f 749/1/1861 722/1/1861 725/1/1861
s 717
f 751/1/1862 723/1/1863 726/1/1863
f 726/1/1863 754/1/1863 751/1/1862
s 718
f 727/1/1864 755/1/1864 752/1/1864
f 752/1/1864 724/1/1864 727/1/1864
s 719
f 728/1/1865 756/1/1865 753/1/1865
f 753/1/1865 725/1/1865 728/1/1865
s 720
f 757/1/1866 754/1/1867 726/1/1867
f 726/1/1867 729/1/1867 757/1/1866
s 721
f 758/1/1868 755/1/1868 727/1/1868
f 727/1/1868 730/1/1868 758/1/1868
s 722
f 731/1/1869 759/1/1869 756/1/1869
f 756/1/1869 728/1/1869 731/1/1869
s 723
f 732/1/1870 760/1/1870 757/1/1870
f 757/1/1870 729/1/1870 732/1/1870
s 724
f 758/1/1871 730/1/1872 733/1/1873
f 733/1/1873 741/1/1872 758/1/1871
s 725
f 734/1/1874 761/1/1874 759/1/1874
f 759/1/1874 731/1/1874 734/1/1874
s 726
f 750/1/1875 760/1/1875 732/1/1875
f 732/1/1875 721/1/1875 750/1/1875
s 727
f 735/1/1876 742/1/1877 741/1/1878
f 741/1/1878 733/1/1877 735/1/1876
s 728
f 761/1/1879 734/1/1879 736/1/1879
f 736/1/1879 762/1/1879 761/1/1879
s 729
f 742/1/1880 735/1/1880 737/1/1881
f 737/1/1881 763/1/1880 742/1/1880
s 730
f 738/1/1882 764/1/1882 762/1/1883
f 762/1/1883 736/1/1883 738/1/1882
s 731
f 763/1/1884 737/1/1885 677/1/1886
f 677/1/1886 765/1/1885 763/1/1884
s 732
f 766/1/1887 764/1/1887 738/1/1887
f 738/1/1887 712/1/1887 766/1/1887
s 733
f 767/1/1888 765/1/1888 677/1/1888
f 677/1/1888 676/1/1888 767/1/1888
s 734
f 768/1/1889 766/1/1889 712/1/1889
f 712/1/1889 711/1/1889 768/1/1889
s 735
f 713/1/1890 769/1/1891 767/1/1892
f 767/1/1892 676/1/1891 713/1/1890
s 736
f 714/1/1893 770/1/1893 768/1/1893
f 768/1/1893 711/1/1893 714/1/1893
s 737
f 769/1/1894 713/1/1895 710/1/1896
f 710/1/1896 709/1/1897 769/1/1894
s 738
f 714/1/1898 715/1/1898 744/1/1898
f 744/1/1898 770/1/1898 714/1/1898
s 739
f 771/1/1899 772/1/1900 773/1/1900
f 773/1/1900 774/1/1901 771/1/1899
s 740
f 761/1/1902 762/1/1903 775/1/1904
f 775/1/1904 776/1/1905 761/1/1902
s 741
f 763/1/1906 777/1/1906 739/1/1906
f 739/1/1906 742/1/1906 763/1/1906
s 742
f 778/1/1907 775/1/1908 762/1/1909
f 762/1/1909 764/1/1910 778/1/1907
s 743
f 765/1/1911 771/1/1911 777/1/1911
f 777/1/1911 763/1/1911 765/1/1911
s 744
f 766/1/1912 779/1/1913 778/1/1914
f 778/1/1914 764/1/1915 766/1/1912
s 745
f 771/1/1916 765/1/1917 767/1/1918
f 767/1/1918 772/1/1918 771/1/1916
s 746
f 768/1/1919 780/1/1920 779/1/1921
f 779/1/1921 766/1/1922 768/1/1919
s 747
f 769/1/1923 781/1/1924 772/1/1925
f 772/1/1925 767/1/1926 769/1/1923
s 748
f 768/1/1927 770/1/1928 782/1/1928
f 782/1/1928 780/1/1929 768/1/1927
s 749
f 769/1/1930 709/1/1931 783/1/1932
f 783/1/1932 781/1/1933 769/1/1930
s 750
f 744/1/1934 784/1/1935 782/1/1934
f 782/1/1934 770/1/1934 744/1/1934
s 751
f 785/1/1936 783/1/1937 709/1/1938
f 709/1/1938 708/1/1939 785/1/1936
s 752
f 786/1/1940 784/1/1941 744/1/1940
f 744/1/1940 743/1/1940 786/1/1940
s 753
f 785/1/1942 708/1/1943 745/1/1944
f 745/1/1944 787/1/1945 785/1/1942
s 754
f 788/1/1946 786/1/1947 743/1/1946
f 743/1/1946 746/1/1946 788/1/1946
s 755
f 747/1/1948 789/1/1949 787/1/1948
f 787/1/1948 745/1/1950 747/1/1948
s 756
f 746/1/1951 748/1/1951 790/1/1952
f 790/1/1952 788/1/1951 746/1/1951
s 757
f 791/1/1953 792/1/1953 750/1/1954
f 750/1/1954 749/1/1955 791/1/1953
s 758
f 747/1/1956 751/1/1956 793/1/1957
f 793/1/1957 789/1/1958 747/1/1956
s 759
f 790/1/1959 748/1/1960 752/1/1961
f 752/1/1961 794/1/1962 790/1/1959
s 760
f 791/1/1963 749/1/1964 753/1/1965
f 753/1/1965 795/1/1966 791/1/1963
s 761
f 754/1/1967 796/1/1968 793/1/1969
f 793/1/1969 751/1/1970 754/1/1967
s 762
f 752/1/1971 755/1/1972 797/1/1973
f 797/1/1973 794/1/1974 752/1/1971
s 763
f 753/1/1975 756/1/1976 798/1/1977
f 798/1/1977 795/1/1978 753/1/1975
s 764
f 799/1/1979 796/1/1980 754/1/1981
f 754/1/1981 757/1/1982 799/1/1979
s 765
f 758/1/1983 800/1/1984 797/1/1985
f 797/1/1985 755/1/1984 758/1/1983
s 766
f 801/1/1986 798/1/1987 756/1/1987
f 756/1/1987 759/1/1987 801/1/1986
s 767
f 802/1/1988 799/1/1989 757/1/1990
f 757/1/1990 760/1/1991 802/1/1988
s 768
f 800/1/1992 758/1/1993 741/1/1992
f 741/1/1992 740/1/1992 800/1/1992
s 769
f 761/1/1994 776/1/1995 801/1/1994
f 801/1/1994 759/1/1996 761/1/1994
s 770
f 760/1/1997 750/1/1998 792/1/1999
f 792/1/1999 802/1/2000 760/1/1997
s 771
f 803/1/2001 804/1/2001 805/1/2002
f 805/1/2002 806/1/2001 807/1/2003
f 805/1/2002 807/1/2003 808/1/2004
f 803/1/2001 805/1/2002 808/1/2004
f 809/1/2001 810/1/2001 811/1/2005
f 808/1/2004 809/1/2001 811/1/2005
f 811/1/2005 812/1/2001 813/1/2006
f 811/1/2005 813/1/2006 814/1/2007
f 808/1/2004 811/1/2005 814/1/2007
f 808/1/2004 814/1/2007 815/1/2001
f 808/1/2004 815/1/2001 816/1/2008
f 817/1/2001 818/1/2009 819/1/2001
f 816/1/2008 817/1/2001 819/1/2001
f 816/1/2008 819/1/2001 820/1/2009
f 816/1/2008 820/1/2009 821/1/2010
f 808/1/2004 816/1/2008 821/1/2010
f 808/1/2004 821/1/2010 822/1/2011
f 774/1/2012 773/1/2001 823/1/2013
f 822/1/2011 774/1/2012 823/1/2013
f 822/1/2011 823/1/2013 824/1/2014
f 822/1/2011 824/1/2014 825/1/2015
f 808/1/2004 822/1/2011 825/1/2015
f 808/1/2004 825/1/2015 826/1/2007
f 827/1/2016 828/1/2001 829/1/2009
f 826/1/2007 827/1/2016 829/1/2009
f 826/1/2007 829/1/2009 830/1/2017
f 808/1/2004 826/1/2007 830/1/2017
f 808/1/2004 830/1/2017 831/1/2018
f 808/1/2004 831/1/2018 832/1/2011
f 803/1/2001 808/1/2004 832/1/2011
s 772
f 811/1/2019 810/1/2020 779/1/2019
f 779/1/2019 780/1/2021 811/1/2019
s 773
f 823/1/2022 773/1/2022 772/1/2022
f 772/1/2022 781/1/2022 823/1/2022
s 774
f 780/1/2023 782/1/2023 812/1/2023
f 812/1/2023 811/1/2023 780/1/2023
s 775
f 783/1/2024 824/1/2025 823/1/2024
f 823/1/2024 781/1/2026 783/1/2024
s 776
f 813/1/2027 812/1/2028 782/1/2029
f 782/1/2029 784/1/2027 813/1/2027
s 777
f 785/1/2030 825/1/2031 824/1/2030
f 824/1/2030 783/1/2031 785/1/2030
s 778
f 786/1/2032 814/1/2033 813/1/2034
f 813/1/2034 784/1/2035 786/1/2032
s 779
f 825/1/2036 785/1/2036 787/1/2036
f 787/1/2036 826/1/2036 825/1/2036
s 780
f 788/1/2037 815/1/2038 814/1/2039
f 814/1/2039 786/1/2040 788/1/2037
s 781
f 826/1/2041 787/1/2042 789/1/2042
f 789/1/2042 827/1/2041 826/1/2041
s 782
f 815/1/2043 788/1/2044 790/1/2045
f 790/1/2045 816/1/2046 815/1/2043
s 783
f 803/1/2047 832/1/2048 792/1/2047
f 792/1/2047 791/1/2047 803/1/2047
s 784
f 789/1/2049 793/1/2049 828/1/2049
f 828/1/2049 827/1/2049 789/1/2049
s 785
f 817/1/2050 816/1/2051 790/1/2050
f 790/1/2050 794/1/2052 817/1/2050
s 786
f 804/1/2053 803/1/2054 791/1/2053
f 791/1/2053 795/1/2055 804/1/2053
s 787
f 829/1/2056 828/1/2057 793/1/2058
f 793/1/2058 796/1/2057 829/1/2056
s 788
f 794/1/2059 797/1/2059 818/1/2059
f 818/1/2059 817/1/2060 794/1/2059
s 789
f 798/1/2061 805/1/2061 804/1/2061
f 804/1/2061 795/1/2061 798/1/2061
s 790
f 799/1/2062 830/1/2063 829/1/2063
f 829/1/2063 796/1/2064 799/1/2062
s 791
f 819/1/2065 818/1/2066 797/1/2067
f 797/1/2067 800/1/2068 819/1/2065
s 792
f 805/1/2069 798/1/2069 801/1/2069
f 801/1/2069 806/1/2069 805/1/2069
s 793
f 802/1/2070 831/1/2070 830/1/2070
f 830/1/2070 799/1/2070 802/1/2070
s 794
f 740/1/2071 820/1/2071 819/1/2071
f 819/1/2071 800/1/2071 740/1/2071
s 795
f 807/1/2072 806/1/2073 801/1/2074
f 801/1/2074 776/1/2075 807/1/2072
s 796
f 831/1/2076 802/1/2077 792/1/2077
f 792/1/2077 832/1/2077 831/1/2076
s 797
f 739/1/2078 821/1/2079 820/1/2079
f 820/1/2079 740/1/2080 739/1/2078
s 798
f 775/1/2081 808/1/2082 807/1/2082
f 807/1/2082 776/1/2082 775/1/2081
s 799
f 821/1/2083 739/1/2083 777/1/2084
f 777/1/2084 822/1/2085 821/1/2083
s 800
f 778/1/2086 809/1/2086 808/1/2086
f 808/1/2086 775/1/2086 778/1/2086
s 801
f 822/1/2087 777/1/2088 771/1/2087
f 771/1/2087 774/1/2089 822/1/2087
s 802
f 809/1/2090 778/1/2090 779/1/2090
f 779/1/2090 810/1/2090 809/1/2090
s 803
f 833/1/2091 834/1/2092 835/1/2093
f 835/1/2093 836/1/2094 833/1/2091
f 836/1/2094 835/1/2093 837/1/2095
f 837/1/2095 838/1/2096 836/1/2094
s 804
f 836/1/2097 839/1/2098 840/1/2099
f 840/1/2099 833/1/2100 836/1/2097
f 841/1/2101 839/1/2098 836/1/2097
f 836/1/2097 838/1/2102 841/1/2101
s 805
f 842/1/2103 843/1/2103 844/1/2103
f 844/1/2103 834/1/2103 842/1/2103
s 806
f 845/1/2104 835/1/2105 834/1/2105
f 834/1/2105 844/1/2105 845/1/2104
s 807
f 845/1/2106 846/1/2106 837/1/2106
f 837/1/2106 835/1/2106 845/1/2106
s 808
f 837/1/2107 846/1/2107 847/1/2108
f 847/1/2108 848/1/2108 837/1/2107
s 803
f 849/1/2109 838/1/2096 837/1/2095
f 837/1/2095 848/1/2110 849/1/2109
s 804
f 849/1/2111 850/1/2112 841/1/2101
f 841/1/2101 838/1/2102 849/1/2111
s 809
f 851/1/2113 841/1/2114 850/1/2114
f 850/1/2114 852/1/2114 851/1/2113
s 810
f 841/1/2115 851/1/2116 853/1/2116
f 853/1/2116 839/1/2116 841/1/2115
s 811
f 839/1/2117 853/1/2118 854/1/2118
f 854/1/2118 840/1/2119 839/1/2117
s 812
f 854/1/2120 855/1/2121 856/1/2121
f 856/1/2121 840/1/2122 854/1/2120
s 804
f 833/1/2100 840/1/2099 856/1/2123
f 856/1/2123 857/1/2124 833/1/2100
s 803
f 842/1/2125 834/1/2092 833/1/2091
f 833/1/2091 857/1/2126 842/1/2125
s 813
f 858/1/2127 859/1/2128 860/1/2129
f 860/1/2129 861/1/2130 858/1/2127
s 814
f 862/1/2131 863/1/2132 859/1/2133
f 859/1/2133 858/1/2134 862/1/2131
s 813
f 859/1/2128 864/1/2135 865/1/2136
f 865/1/2136 860/1/2129 859/1/2128
s 814
f 859/1/2133 863/1/2132 866/1/2137
f 866/1/2137 864/1/2138 859/1/2133
s 815
f 867/1/2139 861/1/2139 868/1/2140
f 868/1/2140 869/1/2141 867/1/2139
s 813
f 858/1/2127 861/1/2130 867/1/2142
f 867/1/2142 870/1/2143 858/1/2127
s 814
f 871/1/2144 862/1/2131 858/1/2134
f 858/1/2134 870/1/2145 871/1/2144
s 816
f 862/1/2146 871/1/2147 872/1/2147
f 872/1/2147 873/1/2147 862/1/2146
s 817
f 874/1/2148 863/1/2149 862/1/2149
f 862/1/2149 873/1/2149 874/1/2148
s 818
f 875/1/2150 866/1/2151 863/1/2150
f 863/1/2150 874/1/2150 875/1/2150
s 819
f 876/1/2152 866/1/2153 875/1/2154
f 875/1/2154 877/1/2153 876/1/2152
s 814
f 876/1/2155 878/1/2156 864/1/2138
f 864/1/2138 866/1/2137 876/1/2155
s 813
f 864/1/2135 878/1/2157 879/1/2158
f 879/1/2158 865/1/2136 864/1/2135
s 820
f 880/1/2159 865/1/2159 879/1/2159
f 879/1/2159 881/1/2159 880/1/2159
s 821
f 860/1/2160 865/1/2160 880/1/2160
f 880/1/2160 882/1/2160 860/1/2160
s 822
f 861/1/2161 860/1/2162 882/1/2162
f 882/1/2162 868/1/2162 861/1/2161
s 813
f 883/1/2163 884/1/2164 885/1/2165
f 885/1/2165 886/1/2166 883/1/2163
s 814
f 887/1/2167 888/1/2168 884/1/2169
f 884/1/2169 883/1/2170 887/1/2167
s 813
f 884/1/2164 889/1/2171 890/1/2172
f 890/1/2172 885/1/2165 884/1/2164
s 814
f 884/1/2169 888/1/2168 891/1/2173
f 891/1/2173 889/1/2174 884/1/2169
s 823
f 886/1/2175 892/1/2175 893/1/2175
f 893/1/2175 894/1/2175 886/1/2175
s 813
f 894/1/2176 895/1/2177 883/1/2163
f 883/1/2163 886/1/2166 894/1/2176
s 814
f 887/1/2167 883/1/2170 895/1/2178
f 895/1/2178 896/1/2179 887/1/2167
s 824
f 896/1/2180 897/1/2180 898/1/2180
f 898/1/2180 887/1/2181 896/1/2180
s 825
f 899/1/2182 888/1/2183 887/1/2182
f 887/1/2182 898/1/2182 899/1/2182
s 826
f 900/1/2184 891/1/2185 888/1/2185
f 888/1/2185 899/1/2185 900/1/2184
s 827
f 871/1/2186 891/1/2187 900/1/2186
f 900/1/2186 872/1/2188 871/1/2186
s 814
f 870/1/2145 889/1/2174 891/1/2173
f 891/1/2173 871/1/2144 870/1/2145
s 813
f 870/1/2143 867/1/2142 890/1/2172
f 890/1/2172 889/1/2171 870/1/2143
s 828
f 867/1/2189 869/1/2190 901/1/2190
f 901/1/2190 890/1/2189 867/1/2189
s 829
f 885/1/2191 890/1/2191 901/1/2191
f 901/1/2191 902/1/2191 885/1/2191
s 830
f 886/1/2192 885/1/2193 902/1/2192
f 902/1/2192 892/1/2192 886/1/2192
s 813
f 903/1/2194 904/1/2195 905/1/2196
f 905/1/2196 906/1/2197 903/1/2194
s 814
f 907/1/2198 908/1/2199 904/1/2200
f 904/1/2200 903/1/2201 907/1/2198
s 813
f 904/1/2195 909/1/2202 910/1/2203
f 910/1/2203 905/1/2196 904/1/2195
s 814
f 904/1/2200 908/1/2199 911/1/2204
f 911/1/2204 909/1/2205 904/1/2200
s 831
f 912/1/2206 913/1/2206 914/1/2206
f 914/1/2206 906/1/2206 912/1/2206
s 813
f 903/1/2194 906/1/2197 914/1/2207
f 914/1/2207 915/1/2208 903/1/2194
s 814
f 907/1/2198 903/1/2201 915/1/2209
f 915/1/2209 916/1/2210 907/1/2198
s 832
f 916/1/2211 917/1/2212 918/1/2212
f 918/1/2212 907/1/2212 916/1/2211
s 833
f 919/1/2213 908/1/2214 907/1/2215
f 907/1/2215 918/1/2215 919/1/2213
s 834
f 920/1/2216 911/1/2216 908/1/2216
f 908/1/2216 919/1/2217 920/1/2216
s 835
f 897/1/2218 896/1/2218 911/1/2218
f 911/1/2218 920/1/2218 897/1/2218
s 814
f 895/1/2178 909/1/2205 911/1/2204
f 911/1/2204 896/1/2179 895/1/2178
s 813
f 895/1/2177 894/1/2176 910/1/2203
f 910/1/2203 909/1/2202 895/1/2177
s 836
f 894/1/2219 893/1/2219 921/1/2220
f 921/1/2220 910/1/2219 894/1/2219
s 837
f 910/1/2221 921/1/2221 922/1/2221
f 922/1/2221 905/1/2221 910/1/2221
s 838
f 906/1/2222 905/1/2223 922/1/2222
f 922/1/2222 912/1/2222 906/1/2222
s 813
f 923/1/2224 924/1/2225 925/1/2226
f 925/1/2226 926/1/2227 923/1/2224
s 814
f 927/1/2228 928/1/2229 924/1/2230
f 924/1/2230 923/1/2231 927/1/2228
s 813
f 924/1/2225 929/1/2232 930/1/2233
f 930/1/2233 925/1/2226 924/1/2225
s 814
f 924/1/2230 928/1/2229 931/1/2234
f 931/1/2234 929/1/2235 924/1/2230
s 839
f 926/1/2236 932/1/2236 933/1/2236
f 933/1/2236 934/1/2236 926/1/2236
s 813
f 926/1/2227 934/1/2237 935/1/2238
f 935/1/2238 923/1/2224 926/1/2227
s 814
f 935/1/2239 936/1/2240 927/1/2228
f 927/1/2228 923/1/2231 935/1/2239
s 840
f 937/1/2241 927/1/2242 936/1/2242
f 936/1/2242 938/1/2242 937/1/2241
s 841
f 928/1/2243 927/1/2243 937/1/2243
f 937/1/2243 939/1/2243 928/1/2243
s 842
f 940/1/2244 931/1/2244 928/1/2244
f 928/1/2244 939/1/2244 940/1/2244
s 843
f 917/1/2245 916/1/2246 931/1/2245
f 931/1/2245 940/1/2247 917/1/2245
s 814
f 915/1/2209 929/1/2235 931/1/2234
f 931/1/2234 916/1/2210 915/1/2209
s 813
f 915/1/2208 914/1/2207 930/1/2233
f 930/1/2233 929/1/2232 915/1/2208
s 844
f 914/1/2248 913/1/2248 941/1/2248
f 941/1/2248 930/1/2248 914/1/2248
s 845
f 930/1/2249 941/1/2250 942/1/2250
f 942/1/2250 925/1/2250 930/1/2249
s 846
f 932/1/2251 926/1/2251 925/1/2251
f 925/1/2251 942/1/2251 932/1/2251
s 813
f 943/1/2252 944/1/2253 945/1/2254
f 945/1/2254 946/1/2255 943/1/2252
s 814
f 947/1/2256 948/1/2257 944/1/2258
f 944/1/2258 943/1/2259 947/1/2256
s 813
f 944/1/2253 949/1/2260 950/1/2261
f 950/1/2261 945/1/2254 944/1/2253
s 814
f 944/1/2258 948/1/2257 951/1/2262
f 951/1/2262 949/1/2263 944/1/2258
s 847
f 946/1/2264 952/1/2265 953/1/2266
f 953/1/2266 954/1/2267 946/1/2264
s 813
f 946/1/2255 954/1/2268 955/1/2269
f 955/1/2269 943/1/2252 946/1/2255
s 814
f 947/1/2256 943/1/2259 955/1/2270
f 955/1/2270 956/1/2271 947/1/2256
s 848
f 956/1/2272 957/1/2272 958/1/2272
f 958/1/2272 947/1/2272 956/1/2272
s 849
f 948/1/2273 947/1/2273 958/1/2273
f 958/1/2273 959/1/2273 948/1/2273
s 850
f 960/1/2274 951/1/2274 948/1/2274
f 948/1/2274 959/1/2274 960/1/2274
s 851
f 936/1/2275 951/1/2276 960/1/2275
f 960/1/2275 938/1/2275 936/1/2275
s 814
f 949/1/2263 951/1/2262 936/1/2240
f 936/1/2240 935/1/2239 949/1/2263
s 813
f 935/1/2238 934/1/2237 950/1/2261
f 950/1/2261 949/1/2260 935/1/2238
s 852
f 934/1/2277 933/1/2277 961/1/2277
f 961/1/2277 950/1/2278 934/1/2277
s 853
f 950/1/2279 961/1/2280 962/1/2279
f 962/1/2279 945/1/2279 950/1/2279
s 854
f 952/1/2281 946/1/2282 945/1/2281
f 945/1/2281 962/1/2283 952/1/2281
s 813
f 963/1/2284 964/1/2285 965/1/2286
f 965/1/2286 966/1/2287 963/1/2284
s 814
f 967/1/2288 968/1/2289 964/1/2290
f 964/1/2290 963/1/2291 967/1/2288
s 813
f 964/1/2285 969/1/2292 970/1/2293
f 970/1/2293 965/1/2286 964/1/2285
s 814
f 964/1/2290 968/1/2289 971/1/2294
f 971/1/2294 969/1/2295 964/1/2290
s 855
f 966/1/2296 972/1/2296 973/1/2296
f 973/1/2296 974/1/2296 966/1/2296
s 813
f 966/1/2287 974/1/2297 975/1/2298
f 975/1/2298 963/1/2284 966/1/2287
s 814
f 967/1/2288 963/1/2291 975/1/2299
f 975/1/2299 976/1/2300 967/1/2288
s 856
f 976/1/2301 977/1/2301 978/1/2301
f 978/1/2301 967/1/2301 976/1/2301
s 857
f 968/1/2302 967/1/2302 978/1/2302
f 978/1/2302 979/1/2302 968/1/2302
s 858
f 980/1/2303 971/1/2303 968/1/2303
f 968/1/2303 979/1/2303 980/1/2303
s 859
f 956/1/2304 971/1/2304 980/1/2305
f 980/1/2305 957/1/2305 956/1/2304
s 814
f 955/1/2270 969/1/2295 971/1/2294
f 971/1/2294 956/1/2271 955/1/2270
s 813
f 955/1/2269 954/1/2268 970/1/2293
f 970/1/2293 969/1/2292 955/1/2269
s 860
f 954/1/2306 953/1/2307 981/1/2306
f 981/1/2306 970/1/2306 954/1/2306
s 861
f 970/1/2308 981/1/2308 982/1/2308
f 982/1/2308 965/1/2309 970/1/2308
s 862
f 972/1/2310 966/1/2310 965/1/2310
f 965/1/2310 982/1/2310 972/1/2310
s 813
f 983/1/2311 984/1/2312 985/1/2313
f 985/1/2313 986/1/2314 983/1/2311
s 814
f 987/1/2315 988/1/2316 984/1/2317
f 984/1/2317 983/1/2318 987/1/2315
s 813
f 984/1/2312 989/1/2319 990/1/2320
f 990/1/2320 985/1/2313 984/1/2312
s 814
f 984/1/2317 988/1/2316 991/1/2321
f 991/1/2321 989/1/2322 984/1/2317
s 863
f 986/1/2323 992/1/2324 993/1/2325
f 993/1/2325 994/1/2324 986/1/2323
s 813
f 986/1/2314 994/1/2326 995/1/2327
f 995/1/2327 983/1/2311 986/1/2314
s 814
f 987/1/2315 983/1/2318 995/1/2328
f 995/1/2328 996/1/2329 987/1/2315
s 864
f 996/1/2330 997/1/2330 998/1/2330
f 998/1/2330 987/1/2330 996/1/2330
s 865
f 988/1/2331 987/1/2331 998/1/2332
f 998/1/2332 999/1/2331 988/1/2331
s 866
f 1000/1/2333 991/1/2333 988/1/2334
f 988/1/2334 999/1/2333 1000/1/2333
s 867
f 976/1/2335 991/1/2335 1000/1/2335
f 1000/1/2335 977/1/2335 976/1/2335
s 814
f 975/1/2299 989/1/2322 991/1/2321
f 991/1/2321 976/1/2300 975/1/2299
s 813
f 975/1/2298 974/1/2297 990/1/2320
f 990/1/2320 989/1/2319 975/1/2298
s 868
f 974/1/2336 973/1/2337 1001/1/2337
f 1001/1/2337 990/1/2338 974/1/2336
s 869
f 990/1/2339 1001/1/2340 1002/1/2339
f 1002/1/2339 985/1/2341 990/1/2339
s 870
f 992/1/2342 986/1/2342 985/1/2342
f 985/1/2342 1002/1/2343 992/1/2342
s 813
f 1003/1/2344 1004/1/2345 1005/1/2346
f 1005/1/2346 1006/1/2347 1003/1/2344
s 814
f 1007/1/2348 1008/1/2349 1004/1/2350
f 1004/1/2350 1003/1/2351 1007/1/2348
s 813
f 1004/1/2345 1009/1/2352 1010/1/2353
f 1010/1/2353 1005/1/2346 1004/1/2345
s 814
f 1004/1/2350 1008/1/2349 1011/1/2354
f 1011/1/2354 1009/1/2355 1004/1/2350
s 871
f 1006/1/2356 1012/1/2357 1013/1/2357
f 1013/1/2357 1014/1/2358 1006/1/2356
s 813
f 1006/1/2347 1014/1/2359 1015/1/2360
f 1015/1/2360 1003/1/2344 1006/1/2347
s 814
f 1007/1/2348 1003/1/2351 1015/1/2361
f 1015/1/2361 1016/1/2362 1007/1/2348
s 872
f 1017/1/2363 1007/1/2363 1016/1/2363
f 1016/1/2363 1018/1/2363 1017/1/2363
s 873
f 1008/1/2364 1007/1/2364 1017/1/2364
f 1017/1/2364 1019/1/2364 1008/1/2364
s 874
f 1020/1/2365 1011/1/2365 1008/1/2365
f 1008/1/2365 1019/1/2365 1020/1/2365
s 875
f 996/1/2366 1011/1/2366 1020/1/2366
f 1020/1/2366 997/1/2366 996/1/2366
s 814
f 995/1/2328 1009/1/2355 1011/1/2354
f 1011/1/2354 996/1/2329 995/1/2328
s 813
f 995/1/2327 994/1/2326 1010/1/2353
f 1010/1/2353 1009/1/2352 995/1/2327
s 876
f 994/1/2367 993/1/2367 1021/1/2367
f 1021/1/2367 1010/1/2367 994/1/2367
s 877
f 1010/1/2368 1021/1/2368 1022/1/2368
f 1022/1/2368 1005/1/2368 1010/1/2368
s 878
f 1012/1/2369 1006/1/2369 1005/1/2369
f 1005/1/2369 1022/1/2369 1012/1/2369
s 813
f 1023/1/2370 1024/1/2371 1025/1/2372
f 1025/1/2372 1026/1/2373 1023/1/2370
s 814
f 1027/1/2374 1028/1/2375 1024/1/2376
f 1024/1/2376 1023/1/2377 1027/1/2374
s 813
f 1024/1/2371 1029/1/2378 1030/1/2379
f 1030/1/2379 1025/1/2372 1024/1/2371
s 814
f 1024/1/2376 1028/1/2375 1031/1/2380
f 1031/1/2380 1029/1/2381 1024/1/2376
s 879
f 1026/1/2382 1032/1/2382 1033/1/2382
f 1033/1/2382 1034/1/2382 1026/1/2382
s 813
f 1026/1/2373 1034/1/2383 1035/1/2384
f 1035/1/2384 1023/1/2370 1026/1/2373
s 814
f 1027/1/2374 1023/1/2377 1035/1/2385
f 1035/1/2385 1036/1/2386 1027/1/2374
s 880
f 1037/1/2387 1027/1/2387 1036/1/2387
f 1036/1/2387 1038/1/2387 1037/1/2387
s 881
f 1028/1/2388 1027/1/2388 1037/1/2388
f 1037/1/2388 1039/1/2388 1028/1/2388
s 882
f 1040/1/2389 1031/1/2389 1028/1/2389
f 1028/1/2389 1039/1/2389 1040/1/2389
s 883
f 1018/1/2390 1016/1/2390 1031/1/2390
f 1031/1/2390 1040/1/2390 1018/1/2390
s 814
f 1015/1/2361 1029/1/2381 1031/1/2380
f 1031/1/2380 1016/1/2362 1015/1/2361
s 813
f 1015/1/2360 1014/1/2359 1030/1/2379
f 1030/1/2379 1029/1/2378 1015/1/2360
s 884
f 1014/1/2391 1013/1/2392 1041/1/2391
f 1041/1/2391 1030/1/2393 1014/1/2391
s 885
f 1030/1/2394 1041/1/2394 1042/1/2394
f 1042/1/2394 1025/1/2394 1030/1/2394
s 886
f 1032/1/2395 1026/1/2396 1025/1/2397
f 1025/1/2397 1042/1/2397 1032/1/2395
s 813
f 1043/1/2398 1044/1/2399 1045/1/2400
f 1045/1/2400 1046/1/2401 1043/1/2398
s 814
f 1047/1/2402 1048/1/2403 1044/1/2404
f 1044/1/2404 1043/1/2405 1047/1/2402
s 813
f 1044/1/2399 1049/1/2406 1050/1/2407
f 1050/1/2407 1045/1/2400 1044/1/2399
s 814
f 1044/1/2404 1048/1/2403 1051/1/2408
f 1051/1/2408 1049/1/2409 1044/1/2404
s 887
f 1046/1/2410 1052/1/2410 1053/1/2410
f 1053/1/2410 1054/1/2411 1046/1/2410
s 813
f 1046/1/2401 1054/1/2412 1055/1/2413
f 1055/1/2413 1043/1/2398 1046/1/2401
s 814
f 1047/1/2402 1043/1/2405 1055/1/2414
f 1055/1/2414 1056/1/2415 1047/1/2402
s 888
f 1057/1/2416 1047/1/2416 1056/1/2416
f 1056/1/2416 1058/1/2416 1057/1/2416
s 889
f 1048/1/2417 1047/1/2417 1057/1/2417
f 1057/1/2417 1059/1/2418 1048/1/2417
s 890
f 1060/1/2419 1051/1/2420 1048/1/2421
f 1048/1/2421 1059/1/2422 1060/1/2419
s 891
f 1038/1/2423 1036/1/2423 1051/1/2423
f 1051/1/2423 1060/1/2423 1038/1/2423
s 814
f 1035/1/2385 1049/1/2409 1051/1/2408
f 1051/1/2408 1036/1/2386 1035/1/2385
s 813
f 1035/1/2384 1034/1/2383 1050/1/2407
f 1050/1/2407 1049/1/2406 1035/1/2384
s 892
f 1034/1/2424 1033/1/2424 1061/1/2424
f 1061/1/2424 1050/1/2424 1034/1/2424
s 893
f 1050/1/2425 1061/1/2425 1062/1/2425
f 1062/1/2425 1045/1/2425 1050/1/2425
s 894
f 1052/1/2426 1046/1/2427 1045/1/2426
f 1045/1/2426 1062/1/2426 1052/1/2426
s 813
f 1063/1/2428 1064/1/2429 1065/1/2430
f 1065/1/2430 1066/1/2431 1063/1/2428
s 814
f 1067/1/2432 1068/1/2433 1064/1/2434
f 1064/1/2434 1063/1/2435 1067/1/2432
s 813
f 1064/1/2429 1069/1/2436 1070/1/2437
f 1070/1/2437 1065/1/2430 1064/1/2429
s 814
f 1064/1/2434 1068/1/2433 1071/1/2438
f 1071/1/2438 1069/1/2439 1064/1/2434
s 895
f 1066/1/2440 1072/1/2440 1073/1/2440
f 1073/1/2440 1074/1/2440 1066/1/2440
s 813
f 1066/1/2431 1074/1/2441 1075/1/2442
f 1075/1/2442 1063/1/2428 1066/1/2431
s 814
f 1067/1/2432 1063/1/2435 1075/1/2443
f 1075/1/2443 1076/1/2444 1067/1/2432
s 896
f 1077/1/2445 1067/1/2445 1076/1/2445
f 1076/1/2445 1078/1/2446 1077/1/2445
s 897
f 1068/1/2447 1067/1/2447 1077/1/2447
f 1077/1/2447 1079/1/2448 1068/1/2447
s 898
f 1080/1/2449 1071/1/2449 1068/1/2450
f 1068/1/2450 1079/1/2449 1080/1/2449
s 899
f 1058/1/2451 1056/1/2452 1071/1/2452
f 1071/1/2452 1080/1/2452 1058/1/2451
s 814
f 1055/1/2414 1069/1/2439 1071/1/2438
f 1071/1/2438 1056/1/2415 1055/1/2414
s 813
f 1055/1/2413 1054/1/2412 1070/1/2437
f 1070/1/2437 1069/1/2436 1055/1/2413
s 900
f 1054/1/2453 1053/1/2453 1081/1/2454
f 1081/1/2454 1070/1/2454 1054/1/2453
s 901
f 1070/1/2455 1081/1/2455 1082/1/2455
f 1082/1/2455 1065/1/2455 1070/1/2455
s 902
f 1072/1/2456 1066/1/2456 1065/1/2456
f 1065/1/2456 1082/1/2456 1072/1/2456
s 813
f 1083/1/2457 1084/1/2458 1085/1/2459
f 1085/1/2459 1086/1/2460 1083/1/2457
s 814
f 1087/1/2461 1088/1/2462 1084/1/2463
f 1084/1/2463 1083/1/2464 1087/1/2461
s 813
f 1084/1/2458 1089/1/2465 1090/1/2466
f 1090/1/2466 1085/1/2459 1084/1/2458
s 814
f 1084/1/2463 1088/1/2462 1091/1/2467
f 1091/1/2467 1089/1/2468 1084/1/2463
s 903
f 1086/1/2469 1092/1/2469 1093/1/2469
f 1093/1/2469 1094/1/2469 1086/1/2469
s 813
f 1086/1/2460 1094/1/2470 1095/1/2471
f 1095/1/2471 1083/1/2457 1086/1/2460
s 814
f 1087/1/2461 1083/1/2464 1095/1/2472
f 1095/1/2472 1096/1/2473 1087/1/2461
s 904
f 1097/1/2474 1087/1/2475 1096/1/2474
f 1096/1/2474 1098/1/2474 1097/1/2474
s 905
f 1088/1/2476 1087/1/2476 1097/1/2476
f 1097/1/2476 1099/1/2476 1088/1/2476
s 906
f 1100/1/2477 1091/1/2478 1088/1/2478
f 1088/1/2478 1099/1/2478 1100/1/2477
s 907
f 1078/1/2479 1076/1/2480 1091/1/2480
f 1091/1/2480 1100/1/2480 1078/1/2479
s 814
f 1075/1/2443 1089/1/2468 1091/1/2467
f 1091/1/2467 1076/1/2444 1075/1/2443
s 813
f 1075/1/2442 1074/1/2441 1090/1/2466
f 1090/1/2466 1089/1/2465 1075/1/2442
s 908
f 1074/1/2481 1073/1/2481 1101/1/2481
f 1101/1/2481 1090/1/2481 1074/1/2481
s 909
f 1090/1/2482 1101/1/2483 1102/1/2484
f 1102/1/2484 1085/1/2485 1090/1/2482
s 910
f 1092/1/2486 1086/1/2487 1085/1/2488
f 1085/1/2488 1102/1/2489 1092/1/2486
s 813
f 1103/1/2490 1104/1/2491 1105/1/2492
f 1105/1/2492 1106/1/2493 1103/1/2490
s 814
f 1107/1/2494 1108/1/2495 1104/1/2496
f 1104/1/2496 1103/1/2497 1107/1/2494
s 813
f 1104/1/2491 1109/1/2498 1110/1/2499
f 1110/1/2499 1105/1/2492 1104/1/2491
s 814
f 1104/1/2496 1108/1/2495 1111/1/2500
f 1111/1/2500 1109/1/2501 1104/1/2496
s 911
f 1106/1/2502 1112/1/2502 1113/1/2502
f 1113/1/2502 1114/1/2503 1106/1/2502
s 813
f 1106/1/2493 1114/1/2504 1115/1/2505
f 1115/1/2505 1103/1/2490 1106/1/2493
s 814
f 1107/1/2494 1103/1/2497 1115/1/2506
f 1115/1/2506 1116/1/2507 1107/1/2494
s 912
f 1117/1/2508 1107/1/2509 1116/1/2508
f 1116/1/2508 1118/1/2508 1117/1/2508
s 913
f 1108/1/2510 1107/1/2510 1117/1/2510
f 1117/1/2510 1119/1/2510 1108/1/2510
s 914
f 1120/1/2511 1111/1/2511 1108/1/2511
f 1108/1/2511 1119/1/2511 1120/1/2511
s 915
f 1098/1/2512 1096/1/2512 1111/1/2512
f 1111/1/2512 1120/1/2512 1098/1/2512
s 814
f 1095/1/2472 1109/1/2501 1111/1/2500
f 1111/1/2500 1096/1/2473 1095/1/2472
s 813
f 1095/1/2471 1094/1/2470 1110/1/2499
f 1110/1/2499 1109/1/2498 1095/1/2471
s 916
f 1094/1/2513 1093/1/2513 1121/1/2513
f 1121/1/2513 1110/1/2513 1094/1/2513
s 917
f 1110/1/2514 1121/1/2515 1122/1/2514
f 1122/1/2514 1105/1/2515 1110/1/2514
s 918
f 1112/1/2516 1106/1/2516 1105/1/2516
f 1105/1/2516 1122/1/2516 1112/1/2516
s 813
f 1123/1/2517 1124/1/2518 1125/1/2519
f 1125/1/2519 1126/1/2520 1123/1/2517
s 814
f 1127/1/2521 1128/1/2522 1124/1/2523
f 1124/1/2523 1123/1/2524 1127/1/2521
s 813
f 1124/1/2518 1129/1/2525 1130/1/2526
f 1130/1/2526 1125/1/2519 1124/1/2518
s 814
f 1124/1/2523 1128/1/2522 1131/1/2527
f 1131/1/2527 1129/1/2528 1124/1/2523
s 919
f 1126/1/2529 1132/1/2529 1133/1/2529
f 1133/1/2529 1134/1/2529 1126/1/2529
s 813
f 1126/1/2520 1134/1/2530 1135/1/2531
f 1135/1/2531 1123/1/2517 1126/1/2520
s 814
f 1127/1/2521 1123/1/2524 1135/1/2532
f 1135/1/2532 1136/1/2533 1127/1/2521
s 920
f 1137/1/2534 1127/1/2535 1136/1/2535
f 1136/1/2535 1138/1/2535 1137/1/2534
s 921
f 1128/1/2536 1127/1/2537 1137/1/2538
f 1137/1/2538 1139/1/2539 1128/1/2536
s 922
f 1140/1/2540 1131/1/2541 1128/1/2542
f 1128/1/2542 1139/1/2540 1140/1/2540
s 923
f 1118/1/2543 1116/1/2544 1131/1/2545
f 1131/1/2545 1140/1/2544 1118/1/2543
s 814
f 1115/1/2506 1129/1/2528 1131/1/2527
f 1131/1/2527 1116/1/2507 1115/1/2506
s 813
f 1115/1/2505 1114/1/2504 1130/1/2526
f 1130/1/2526 1129/1/2525 1115/1/2505
s 924
f 1114/1/2546 1113/1/2546 1141/1/2546
f 1141/1/2546 1130/1/2546 1114/1/2546
s 925
f 1130/1/2547 1141/1/2547 1142/1/2547
f 1142/1/2547 1125/1/2547 1130/1/2547
s 926
f 1132/1/2548 1126/1/2548 1125/1/2548
f 1125/1/2548 1142/1/2548 1132/1/2548
s 813
f 1143/1/2549 1144/1/2550 1145/1/2551
f 1145/1/2551 1146/1/2552 1143/1/2549
s 814
f 1147/1/2553 1148/1/2554 1144/1/2555
f 1144/1/2555 1143/1/2556 1147/1/2553
s 813
f 1144/1/2550 1149/1/2557 1150/1/2558
f 1150/1/2558 1145/1/2551 1144/1/2550
s 814
f 1144/1/2555 1148/1/2554 1151/1/2559
f 1151/1/2559 1149/1/2560 1144/1/2555
s 927
f 1146/1/2561 1152/1/2562 1153/1/2563
f 1153/1/2563 1154/1/2561 1146/1/2561
s 813
f 1146/1/2552 1154/1/2564 1155/1/2565
f 1155/1/2565 1143/1/2549 1146/1/2552
s 814
f 1147/1/2553 1143/1/2556 1155/1/2566
f 1155/1/2566 1156/1/2567 1147/1/2553
s 928
f 1157/1/2568 1147/1/2568 1156/1/2568
f 1156/1/2568 1158/1/2568 1157/1/2568
s 929
f 1148/1/2569 1147/1/2569 1157/1/2570
f 1157/1/2570 1159/1/2569 1148/1/2569
s 930
f 1160/1/2571 1151/1/2572 1148/1/2571
f 1148/1/2571 1159/1/2573 1160/1/2571
s 931
f 1138/1/2574 1136/1/2574 1151/1/2574
f 1151/1/2574 1160/1/2574 1138/1/2574
s 814
f 1135/1/2532 1149/1/2560 1151/1/2559
f 1151/1/2559 1136/1/2533 1135/1/2532
s 813
f 1135/1/2531 1134/1/2530 1150/1/2558
f 1150/1/2558 1149/1/2557 1135/1/2531
s 932
f 1134/1/2575 1133/1/2575 1161/1/2575
f 1161/1/2575 1150/1/2575 1134/1/2575
s 933
f 1150/1/2576 1161/1/2577 1162/1/2576
f 1162/1/2576 1145/1/2576 1150/1/2576
s 934
f 1152/1/2578 1146/1/2578 1145/1/2579
f 1145/1/2579 1162/1/2580 1152/1/2578
s 813
f 1163/1/2581 1164/1/2582 1165/1/2583
f 1165/1/2583 1166/1/2584 1163/1/2581
s 814
f 1167/1/2585 1168/1/2586 1164/1/2587
f 1164/1/2587 1163/1/2588 1167/1/2585
s 813
f 1164/1/2582 1169/1/2589 1170/1/2590
f 1170/1/2590 1165/1/2583 1164/1/2582
s 814
f 1164/1/2587 1168/1/2586 1171/1/2591
f 1171/1/2591 1169/1/2592 1164/1/2587
s 935
f 1166/1/2593 1172/1/2594 1173/1/2594
f 1173/1/2594 1174/1/2594 1166/1/2593
s 813
f 1166/1/2584 1174/1/2595 1175/1/2596
f 1175/1/2596 1163/1/2581 1166/1/2584
s 814
f 1167/1/2585 1163/1/2588 1175/1/2597
f 1175/1/2597 1176/1/2598 1167/1/2585
s 936
f 1177/1/2599 1167/1/2599 1176/1/2599
f 1176/1/2599 1178/1/2599 1177/1/2599
s 937
f 1168/1/2600 1167/1/2601 1177/1/2602
f 1177/1/2602 1179/1/2603 1168/1/2600
s 938
f 1180/1/2604 1171/1/2604 1168/1/2604
f 1168/1/2604 1179/1/2604 1180/1/2604
s 939
f 1158/1/2605 1156/1/2605 1171/1/2605
f 1171/1/2605 1180/1/2605 1158/1/2605
s 814
f 1155/1/2566 1169/1/2592 1171/1/2591
f 1171/1/2591 1156/1/2567 1155/1/2566
s 813
f 1155/1/2565 1154/1/2564 1170/1/2590
f 1170/1/2590 1169/1/2589 1155/1/2565
s 940
f 1154/1/2606 1153/1/2607 1181/1/2606
f 1181/1/2606 1170/1/2608 1154/1/2606
s 941
f 1170/1/2609 1181/1/2610 1182/1/2610
f 1182/1/2610 1165/1/2611 1170/1/2609
s 942
f 1172/1/2612 1166/1/2612 1165/1/2612
f 1165/1/2612 1182/1/2612 1172/1/2612
s 813
f 1183/1/2613 1184/1/2614 1185/1/2615
f 1185/1/2615 1186/1/2616 1183/1/2613
s 814
f 1187/1/2617 1188/1/2618 1184/1/2619
f 1184/1/2619 1183/1/2620 1187/1/2617
s 813
f 1184/1/2614 1189/1/2621 1190/1/2622
f 1190/1/2622 1185/1/2615 1184/1/2614
s 814
f 1184/1/2619 1188/1/2618 1191/1/2623
f 1191/1/2623 1189/1/2624 1184/1/2619
s 943
f 1186/1/2147 1192/1/2147 1193/1/2147
f 1193/1/2147 1194/1/2147 1186/1/2147
s 813
f 1186/1/2616 1194/1/2625 1195/1/2626
f 1195/1/2626 1183/1/2613 1186/1/2616
s 814
f 1187/1/2617 1183/1/2620 1195/1/2627
f 1195/1/2627 1196/1/2628 1187/1/2617
s 944
f 1197/1/2140 1187/1/2139 1196/1/2140
f 1196/1/2140 1198/1/2140 1197/1/2140
s 945
f 1188/1/2162 1187/1/2629 1197/1/2630
f 1197/1/2630 1199/1/2162 1188/1/2162
s 946
f 1200/1/2160 1191/1/2160 1188/1/2160
f 1188/1/2160 1199/1/2160 1200/1/2160
s 947
f 1178/1/2631 1176/1/2159 1191/1/2632
f 1191/1/2632 1200/1/2633 1178/1/2631
s 814
f 1175/1/2597 1189/1/2624 1191/1/2623
f 1191/1/2623 1176/1/2598 1175/1/2597
s 813
f 1175/1/2596 1174/1/2595 1190/1/2622
f 1190/1/2622 1189/1/2621 1175/1/2596
s 948
f 1174/1/2153 1173/1/2153 1201/1/2153
f 1201/1/2153 1190/1/2153 1174/1/2153
s 949
f 1190/1/2150 1201/1/2151 1202/1/2150
f 1202/1/2150 1185/1/2150 1190/1/2150
s 950
f 1192/1/2149 1186/1/2149 1185/1/2149
f 1185/1/2149 1202/1/2149 1192/1/2149
s 813
f 1203/1/2634 1204/1/2635 1205/1/2636
f 1205/1/2636 1206/1/2637 1203/1/2634
s 814
f 1207/1/2638 1208/1/2639 1204/1/2640
f 1204/1/2640 1203/1/2641 1207/1/2638
s 813
f 1204/1/2635 1209/1/2642 1210/1/2643
f 1210/1/2643 1205/1/2636 1204/1/2635
s 814
f 1204/1/2640 1208/1/2639 1211/1/2644
f 1211/1/2644 1209/1/2645 1204/1/2640
s 951
f 1206/1/2180 1212/1/2646 1213/1/2180
f 1213/1/2180 1214/1/2180 1206/1/2180
s 813
f 1206/1/2637 1214/1/2647 1215/1/2648
f 1215/1/2648 1203/1/2634 1206/1/2637
s 814
f 1207/1/2638 1203/1/2641 1215/1/2649
f 1215/1/2649 1216/1/2650 1207/1/2638
s 952
f 1217/1/2651 1207/1/2175 1216/1/2175
f 1216/1/2175 1218/1/2175 1217/1/2651
s 953
f 1208/1/2192 1207/1/2192 1217/1/2192
f 1217/1/2192 1219/1/2193 1208/1/2192
s 954
f 1220/1/2191 1211/1/2191 1208/1/2191
f 1208/1/2191 1219/1/2191 1220/1/2191
s 955
f 1198/1/2190 1196/1/2190 1211/1/2652
f 1211/1/2652 1220/1/2652 1198/1/2190
s 814
f 1195/1/2627 1209/1/2645 1211/1/2644
f 1211/1/2644 1196/1/2628 1195/1/2627
s 813
f 1195/1/2626 1194/1/2625 1210/1/2643
f 1210/1/2643 1209/1/2642 1195/1/2626
s 956
f 1194/1/2187 1193/1/2187 1221/1/2653
f 1221/1/2653 1210/1/2187 1194/1/2187
s 957
f 1210/1/2654 1221/1/2654 1222/1/2654
f 1222/1/2654 1205/1/2185 1210/1/2654
s 958
f 1212/1/2655 1206/1/2182 1205/1/2182
f 1205/1/2182 1222/1/2182 1212/1/2655
s 813
f 1223/1/2656 1224/1/2657 1225/1/2658
f 1225/1/2658 1226/1/2659 1223/1/2656
s 814
f 1227/1/2660 1228/1/2661 1224/1/2662
f 1224/1/2662 1223/1/2663 1227/1/2660
s 813
f 1224/1/2657 1229/1/2664 1230/1/2665
f 1230/1/2665 1225/1/2658 1224/1/2657
s 814
f 1224/1/2662 1228/1/2661 1231/1/2666
f 1231/1/2666 1229/1/2667 1224/1/2662
s 959
f 1226/1/2668 1232/1/2212 1233/1/2669
f 1233/1/2669 1234/1/2669 1226/1/2668
s 813
f 1226/1/2659 1234/1/2670 1235/1/2671
f 1235/1/2671 1223/1/2656 1226/1/2659
s 814
f 1227/1/2660 1223/1/2663 1235/1/2672
f 1235/1/2672 1236/1/2673 1227/1/2660
s 960
f 1237/1/2206 1227/1/2206 1236/1/2206
f 1236/1/2206 1238/1/2206 1237/1/2206
s 961
f 1228/1/2674 1227/1/2675 1237/1/2674
f 1237/1/2674 1239/1/2674 1228/1/2674
s 962
f 1240/1/2221 1231/1/2221 1228/1/2221
f 1228/1/2221 1239/1/2221 1240/1/2221
s 963
f 1218/1/2219 1216/1/2219 1231/1/2219
f 1231/1/2219 1240/1/2219 1218/1/2219
s 814
f 1215/1/2649 1229/1/2667 1231/1/2666
f 1231/1/2666 1216/1/2650 1215/1/2649
s 813
f 1215/1/2648 1214/1/2647 1230/1/2665
f 1230/1/2665 1229/1/2664 1215/1/2648
s 964
f 1214/1/2218 1213/1/2218 1241/1/2218
f 1241/1/2218 1230/1/2218 1214/1/2218
s 965
f 1230/1/2216 1241/1/2216 1242/1/2216
f 1242/1/2216 1225/1/2216 1230/1/2216
s 966
f 1232/1/2215 1226/1/2215 1225/1/2215
f 1225/1/2215 1242/1/2215 1232/1/2215
s 813
f 1243/1/2676 1244/1/2677 1245/1/2678
f 1245/1/2678 1246/1/2679 1243/1/2676
s 814
f 1247/1/2680 1248/1/2681 1244/1/2682
f 1244/1/2682 1243/1/2683 1247/1/2680
s 813
f 1244/1/2677 1249/1/2684 1250/1/2685
f 1250/1/2685 1245/1/2678 1244/1/2677
s 814
f 1244/1/2682 1248/1/2681 1251/1/2686
f 1251/1/2686 1249/1/2687 1244/1/2682
s 967
f 1246/1/2242 1252/1/2242 1253/1/2242
f 1253/1/2242 1254/1/2242 1246/1/2242
s 813
f 1246/1/2679 1254/1/2688 1255/1/2689
f 1255/1/2689 1243/1/2676 1246/1/2679
s 814
f 1247/1/2680 1243/1/2683 1255/1/2690
f 1255/1/2690 1256/1/2691 1247/1/2680
s 968
f 1257/1/2692 1247/1/2693 1256/1/2692
f 1256/1/2692 1258/1/2236 1257/1/2692
s 969
f 1248/1/2694 1247/1/2695 1257/1/2696
f 1257/1/2696 1259/1/2697 1248/1/2694
s 970
f 1260/1/2250 1251/1/2698 1248/1/2250
f 1248/1/2250 1259/1/2250 1260/1/2250
s 971
f 1238/1/2248 1236/1/2248 1251/1/2248
f 1251/1/2248 1260/1/2248 1238/1/2248
s 814
f 1235/1/2672 1249/1/2687 1251/1/2686
f 1251/1/2686 1236/1/2673 1235/1/2672
s 813
f 1235/1/2671 1234/1/2670 1250/1/2685
f 1250/1/2685 1249/1/2684 1235/1/2671
s 972
f 1234/1/2247 1233/1/2247 1261/1/2245
f 1261/1/2245 1250/1/2245 1234/1/2247
s 973
f 1250/1/2244 1261/1/2699 1262/1/2699
f 1262/1/2699 1245/1/2700 1250/1/2244
s 974
f 1252/1/2701 1246/1/2243 1245/1/2243
f 1245/1/2243 1262/1/2243 1252/1/2701
s 813
f 1263/1/2702 1264/1/2703 1265/1/2704
f 1265/1/2704 1266/1/2705 1263/1/2702
s 814
f 1267/1/2706 1268/1/2707 1264/1/2708
f 1264/1/2708 1263/1/2709 1267/1/2706
s 813
f 1264/1/2703 1269/1/2710 1270/1/2711
f 1270/1/2711 1265/1/2704 1264/1/2703
s 814
f 1264/1/2708 1268/1/2707 1271/1/2712
f 1271/1/2712 1269/1/2713 1264/1/2708
s 975
f 1266/1/2272 1272/1/2272 1273/1/2272
f 1273/1/2272 1274/1/2272 1266/1/2272
s 813
f 1266/1/2705 1274/1/2714 1275/1/2715
f 1275/1/2715 1263/1/2702 1266/1/2705
s 814
f 1267/1/2706 1263/1/2709 1275/1/2716
f 1275/1/2716 1276/1/2717 1267/1/2706
s 976
f 1277/1/2718 1267/1/2719 1276/1/2719
f 1276/1/2719 1278/1/2719 1277/1/2718
s 977
f 1268/1/2720 1267/1/2721 1277/1/2283
f 1277/1/2283 1279/1/2720 1268/1/2720
s 978
f 1280/1/2722 1271/1/2279 1268/1/2279
f 1268/1/2279 1279/1/2279 1280/1/2722
s 979
f 1258/1/2277 1256/1/2277 1271/1/2277
f 1271/1/2277 1280/1/2277 1258/1/2277
s 814
f 1255/1/2690 1269/1/2713 1271/1/2712
f 1271/1/2712 1256/1/2691 1255/1/2690
s 813
f 1255/1/2689 1254/1/2688 1270/1/2711
f 1270/1/2711 1269/1/2710 1255/1/2689
s 980
f 1254/1/2275 1253/1/2276 1281/1/2276
f 1281/1/2276 1270/1/2275 1254/1/2275
s 981
f 1270/1/2274 1281/1/2274 1282/1/2274
f 1282/1/2274 1265/1/2274 1270/1/2274
s 982
f 1272/1/2273 1266/1/2273 1265/1/2273
f 1265/1/2273 1282/1/2273 1272/1/2273
s 813
f 1283/1/2723 1284/1/2724 1285/1/2725
f 1285/1/2725 1286/1/2726 1283/1/2723
s 814
f 1287/1/2727 1288/1/2728 1284/1/2729
f 1284/1/2729 1283/1/2730 1287/1/2727
s 813
f 1284/1/2724 1289/1/2731 1290/1/2732
f 1290/1/2732 1285/1/2725 1284/1/2724
s 814
f 1284/1/2729 1288/1/2728 1291/1/2733
f 1291/1/2733 1289/1/2734 1284/1/2729
s 983
f 1286/1/2301 1292/1/2301 1293/1/2301
f 1293/1/2301 1294/1/2301 1286/1/2301
s 813
f 1286/1/2726 1294/1/2735 1295/1/2736
f 1295/1/2736 1283/1/2723 1286/1/2726
s 814
f 1287/1/2727 1283/1/2730 1295/1/2737
f 1295/1/2737 1296/1/2738 1287/1/2727
s 984
f 1297/1/2739 1287/1/2296 1296/1/2740
f 1296/1/2740 1298/1/2741 1297/1/2739
s 985
f 1288/1/2310 1287/1/2310 1297/1/2310
f 1297/1/2310 1299/1/2310 1288/1/2310
s 986
f 1300/1/2308 1291/1/2309 1288/1/2308
f 1288/1/2308 1299/1/2308 1300/1/2308
s 987
f 1278/1/2742 1276/1/2742 1291/1/2743
f 1291/1/2743 1300/1/2306 1278/1/2742
s 814
f 1275/1/2716 1289/1/2734 1291/1/2733
f 1291/1/2733 1276/1/2717 1275/1/2716
s 813
f 1275/1/2715 1274/1/2714 1290/1/2732
f 1290/1/2732 1289/1/2731 1275/1/2715
s 988
f 1274/1/2304 1273/1/2305 1301/1/2305
f 1301/1/2305 1290/1/2305 1274/1/2304
s 989
f 1290/1/2744 1301/1/2744 1302/1/2744
f 1302/1/2744 1285/1/2744 1290/1/2744
s 990
f 1292/1/2745 1286/1/2302 1285/1/2302
f 1285/1/2302 1302/1/2302 1292/1/2745
s 813
f 1303/1/2746 1304/1/2747 1305/1/2748
f 1305/1/2748 1306/1/2749 1303/1/2746
s 814
f 1307/1/2750 1308/1/2751 1304/1/2752
f 1304/1/2752 1303/1/2753 1307/1/2750
s 813
f 1304/1/2747 1309/1/2754 1310/1/2755
f 1310/1/2755 1305/1/2748 1304/1/2747
s 814
f 1304/1/2752 1308/1/2751 1311/1/2756
f 1311/1/2756 1309/1/2757 1304/1/2752
s 991
f 1306/1/2758 1312/1/2759 1313/1/2760
f 1313/1/2760 1314/1/2330 1306/1/2758
s 813
f 1306/1/2749 1314/1/2761 1315/1/2762
f 1315/1/2762 1303/1/2746 1306/1/2749
s 814
f 1307/1/2750 1303/1/2753 1315/1/2763
f 1315/1/2763 1316/1/2764 1307/1/2750
s 992
f 1317/1/2765 1307/1/2766 1316/1/2324
f 1316/1/2324 1318/1/2324 1317/1/2765
s 993
f 1308/1/2342 1307/1/2342 1317/1/2342
f 1317/1/2342 1319/1/2342 1308/1/2342
s 994
f 1320/1/2767 1311/1/2767 1308/1/2767
f 1308/1/2767 1319/1/2767 1320/1/2767
s 995
f 1298/1/2337 1296/1/2337 1311/1/2337
f 1311/1/2337 1320/1/2337 1298/1/2337
s 814
f 1295/1/2737 1309/1/2757 1311/1/2756
f 1311/1/2756 1296/1/2738 1295/1/2737
s 813
f 1295/1/2736 1294/1/2735 1310/1/2755
f 1310/1/2755 1309/1/2754 1295/1/2736
s 996
f 1294/1/2335 1293/1/2768 1321/1/2335
f 1321/1/2335 1310/1/2335 1294/1/2335
s 997
f 1310/1/2769 1321/1/2769 1322/1/2769
f 1322/1/2769 1305/1/2769 1310/1/2769
s 998
f 1312/1/2331 1306/1/2331 1305/1/2331
f 1305/1/2331 1322/1/2331 1312/1/2331
s 813
f 1323/1/2770 1324/1/2771 1325/1/2772
f 1325/1/2772 1326/1/2773 1323/1/2770
s 814
f 1327/1/2774 1328/1/2775 1324/1/2776
f 1324/1/2776 1323/1/2777 1327/1/2774
s 813
f 1324/1/2771 1329/1/2355 1330/1/2778
f 1330/1/2778 1325/1/2772 1324/1/2771
s 814
f 1324/1/2776 1328/1/2775 1331/1/2779
f 1331/1/2779 1329/1/2780 1324/1/2776
s 999
f 1326/1/2363 1332/1/2363 1333/1/2363
f 1333/1/2363 1334/1/2363 1326/1/2363
s 813
f 1326/1/2773 1334/1/2781 1335/1/2782
f 1335/1/2782 1323/1/2770 1326/1/2773
s 814
f 1327/1/2774 1323/1/2777 1335/1/2783
f 1335/1/2783 1336/1/2783 1327/1/2774
s 1000
f 1337/1/2357 1327/1/2784 1336/1/2357
f 1336/1/2357 1338/1/2357 1337/1/2357
s 1001
f 1328/1/2369 1327/1/2369 1337/1/2369
f 1337/1/2369 1339/1/2369 1328/1/2369
s 1002
f 1340/1/2785 1331/1/2785 1328/1/2368
f 1328/1/2368 1339/1/2368 1340/1/2785
s 1003
f 1318/1/2786 1316/1/2787 1331/1/2788
f 1331/1/2788 1340/1/2789 1318/1/2786
s 814
f 1315/1/2763 1329/1/2780 1331/1/2779
f 1331/1/2779 1316/1/2764 1315/1/2763
s 813
f 1315/1/2762 1314/1/2761 1330/1/2778
f 1330/1/2778 1329/1/2355 1315/1/2762
s 1004
f 1314/1/2366 1313/1/2366 1341/1/2366
f 1341/1/2366 1330/1/2366 1314/1/2366
s 1005
f 1330/1/2790 1341/1/2790 1342/1/2790
f 1342/1/2790 1325/1/2790 1330/1/2790
s 1006
f 1332/1/2791 1326/1/2791 1325/1/2791
f 1325/1/2791 1342/1/2791 1332/1/2791
s 813
f 1343/1/2792 1344/1/2793 1345/1/2794
f 1345/1/2794 1346/1/2795 1343/1/2792
s 814
f 1347/1/2796 1348/1/2797 1344/1/2798
f 1344/1/2798 1343/1/2799 1347/1/2796
s 813
f 1344/1/2793 1349/1/2800 1350/1/2801
f 1350/1/2801 1345/1/2794 1344/1/2793
s 814
f 1344/1/2798 1348/1/2797 1351/1/2802
f 1351/1/2802 1349/1/2803 1344/1/2798
s 1007
f 1346/1/2387 1352/1/2387 1353/1/2387
f 1353/1/2387 1354/1/2387 1346/1/2387
s 813
f 1346/1/2795 1354/1/2804 1355/1/2805
f 1355/1/2805 1343/1/2792 1346/1/2795
s 814
f 1347/1/2796 1343/1/2799 1355/1/2806
f 1355/1/2806 1356/1/2807 1347/1/2796
s 1008
f 1357/1/2808 1347/1/2809 1356/1/2382
f 1356/1/2382 1358/1/2810 1357/1/2808
s 1009
f 1348/1/2397 1347/1/2397 1357/1/2396
f 1357/1/2396 1359/1/2397 1348/1/2397
s 1010
f 1360/1/2394 1351/1/2394 1348/1/2394
f 1348/1/2394 1359/1/2394 1360/1/2394
s 1011
f 1338/1/2392 1336/1/2392 1351/1/2811
f 1351/1/2811 1360/1/2392 1338/1/2392
s 814
f 1335/1/2783 1349/1/2803 1351/1/2802
f 1351/1/2802 1336/1/2783 1335/1/2783
s 813
f 1335/1/2782 1334/1/2781 1350/1/2801
f 1350/1/2801 1349/1/2800 1335/1/2782
s 1012
f 1334/1/2390 1333/1/2390 1361/1/2390
f 1361/1/2390 1350/1/2390 1334/1/2390
s 1013
f 1350/1/2389 1361/1/2389 1362/1/2389
f 1362/1/2389 1345/1/2389 1350/1/2389
s 1014
f 1352/1/2388 1346/1/2812 1345/1/2388
f 1345/1/2388 1362/1/2388 1352/1/2388
s 813
f 1363/1/2813 1364/1/2814 1365/1/2815
f 1365/1/2815 1366/1/2816 1363/1/2813
s 814
f 1367/1/2817 1368/1/2818 1364/1/2819
f 1364/1/2819 1363/1/2820 1367/1/2817
s 813
f 1364/1/2814 1369/1/2409 1370/1/2821
f 1370/1/2821 1365/1/2815 1364/1/2814
s 814
f 1364/1/2819 1368/1/2818 1371/1/2822
f 1371/1/2822 1369/1/2823 1364/1/2819
s 1015
f 1366/1/2824 1372/1/2824 1373/1/2824
f 1373/1/2824 1374/1/2824 1366/1/2824
s 813
f 1366/1/2816 1374/1/2825 1375/1/2826
f 1375/1/2826 1363/1/2813 1366/1/2816
s 814
f 1367/1/2817 1363/1/2820 1375/1/2827
f 1375/1/2827 1376/1/2828 1367/1/2817
s 1016
f 1377/1/2410 1367/1/2410 1376/1/2410
f 1376/1/2410 1378/1/2410 1377/1/2410
s 1017
f 1368/1/2427 1367/1/2427 1377/1/2427
f 1377/1/2427 1379/1/2427 1368/1/2427
s 1018
f 1380/1/2829 1371/1/2425 1368/1/2829
f 1368/1/2829 1379/1/2830 1380/1/2829
s 1019
f 1358/1/2831 1356/1/2832 1371/1/2833
f 1371/1/2833 1380/1/2834 1358/1/2831
s 814
f 1355/1/2806 1369/1/2823 1371/1/2822
f 1371/1/2822 1356/1/2807 1355/1/2806
s 813
f 1355/1/2805 1354/1/2804 1370/1/2821
f 1370/1/2821 1369/1/2409 1355/1/2805
s 1020
f 1354/1/2423 1353/1/2423 1381/1/2423
f 1381/1/2423 1370/1/2423 1354/1/2423
s 1021
f 1370/1/2422 1381/1/2422 1382/1/2422
f 1382/1/2422 1365/1/2422 1370/1/2422
s 1022
f 1372/1/2418 1366/1/2418 1365/1/2417
f 1365/1/2417 1382/1/2417 1372/1/2418
s 813
f 1383/1/2835 1384/1/2836 1385/1/2837
f 1385/1/2837 1386/1/2838 1383/1/2835
s 814
f 1387/1/2839 1388/1/2840 1384/1/2841
f 1384/1/2841 1383/1/2842 1387/1/2839
s 813
f 1384/1/2836 1389/1/2843 1390/1/2844
f 1390/1/2844 1385/1/2837 1384/1/2836
s 814
f 1384/1/2841 1388/1/2840 1391/1/2845
f 1391/1/2845 1389/1/2846 1384/1/2841
s 1023
f 1386/1/2445 1392/1/2445 1393/1/2445
f 1393/1/2445 1394/1/2446 1386/1/2445
s 813
f 1386/1/2838 1394/1/2847 1395/1/2848
f 1395/1/2848 1383/1/2835 1386/1/2838
s 814
f 1387/1/2839 1383/1/2842 1395/1/2849
f 1395/1/2849 1396/1/2850 1387/1/2839
s 1024
f 1397/1/2851 1387/1/2852 1396/1/2440
f 1396/1/2440 1398/1/2440 1397/1/2851
s 1025
f 1388/1/2853 1387/1/2853 1397/1/2854
f 1397/1/2854 1399/1/2456 1388/1/2853
s 1026
f 1400/1/2855 1391/1/2856 1388/1/2855
f 1388/1/2855 1399/1/2455 1400/1/2855
s 1027
f 1378/1/2857 1376/1/2454 1391/1/2857
f 1391/1/2857 1400/1/2858 1378/1/2857
s 814
f 1375/1/2827 1389/1/2846 1391/1/2845
f 1391/1/2845 1376/1/2828 1375/1/2827
s 813
f 1375/1/2826 1374/1/2825 1390/1/2844
f 1390/1/2844 1389/1/2843 1375/1/2826
s 1028
f 1374/1/2452 1373/1/2452 1401/1/2859
f 1401/1/2859 1390/1/2452 1374/1/2452
s 1029
f 1390/1/2449 1401/1/2449 1402/1/2860
f 1402/1/2860 1385/1/2449 1390/1/2449
s 1030
f 1392/1/2448 1386/1/2447 1385/1/2447
f 1385/1/2447 1402/1/2447 1392/1/2448
s 813
f 1403/1/2861 1404/1/2862 1405/1/2863
f 1405/1/2863 1406/1/2864 1403/1/2861
s 814
f 1407/1/2865 1408/1/2866 1404/1/2867
f 1404/1/2867 1403/1/2868 1407/1/2865
s 813
f 1404/1/2862 1409/1/2869 1410/1/2870
f 1410/1/2870 1405/1/2863 1404/1/2862
s 814
f 1404/1/2867 1408/1/2866 1411/1/2871
f 1411/1/2871 1409/1/2872 1404/1/2867
s 1031
f 1406/1/2873 1412/1/2874 1413/1/2875
f 1413/1/2875 1414/1/2475 1406/1/2873
s 813
f 1406/1/2864 1414/1/2876 1415/1/2877
f 1415/1/2877 1403/1/2861 1406/1/2864
s 814
f 1407/1/2865 1403/1/2868 1415/1/2878
f 1415/1/2878 1416/1/2879 1407/1/2865
s 1032
f 1417/1/2880 1407/1/2881 1416/1/2469
f 1416/1/2469 1418/1/2469 1417/1/2880
s 1033
f 1408/1/2882 1407/1/2882 1417/1/2882
f 1417/1/2882 1419/1/2882 1408/1/2882
s 1034
f 1420/1/2483 1411/1/2485 1408/1/2483
f 1408/1/2483 1419/1/2483 1420/1/2483
s 1035
f 1398/1/2883 1396/1/2481 1411/1/2481
f 1411/1/2481 1420/1/2481 1398/1/2883
s 814
f 1395/1/2849 1409/1/2872 1411/1/2871
f 1411/1/2871 1396/1/2850 1395/1/2849
s 813
f 1395/1/2848 1394/1/2847 1410/1/2870
f 1410/1/2870 1409/1/2869 1395/1/2848
s 1036
f 1394/1/2480 1393/1/2480 1421/1/2480
f 1421/1/2480 1410/1/2480 1394/1/2480
s 1037
f 1410/1/2478 1421/1/2478 1422/1/2884
f 1422/1/2884 1405/1/2478 1410/1/2478
s 1038
f 1412/1/2476 1406/1/2476 1405/1/2476
f 1405/1/2476 1422/1/2476 1412/1/2476
s 813
f 1423/1/2885 1424/1/2886 1425/1/2887
f 1425/1/2887 1426/1/2888 1423/1/2885
s 814
f 1427/1/2889 1428/1/2890 1424/1/2891
f 1424/1/2891 1423/1/2892 1427/1/2889
s 813
f 1424/1/2886 1429/1/2893 1430/1/2894
f 1430/1/2894 1425/1/2887 1424/1/2886
s 814
f 1424/1/2891 1428/1/2890 1431/1/2895
f 1431/1/2895 1429/1/2896 1424/1/2891
s 1039
f 1426/1/2509 1432/1/2509 1433/1/2509
f 1433/1/2509 1434/1/2508 1426/1/2509
s 813
f 1426/1/2888 1434/1/2897 1435/1/2898
f 1435/1/2898 1423/1/2885 1426/1/2888
s 814
f 1427/1/2889 1423/1/2892 1435/1/2899
f 1435/1/2899 1436/1/2900 1427/1/2889
s 1040
f 1437/1/2502 1427/1/2502 1436/1/2502
f 1436/1/2502 1438/1/2502 1437/1/2502
s 1041
f 1428/1/2901 1427/1/2516 1437/1/2516
f 1437/1/2516 1439/1/2516 1428/1/2901
s 1042
f 1440/1/2902 1431/1/2902 1428/1/2902
f 1428/1/2902 1439/1/2902 1440/1/2902
s 1043
f 1418/1/2513 1416/1/2513 1431/1/2513
f 1431/1/2513 1440/1/2513 1418/1/2513
s 814
f 1415/1/2878 1429/1/2896 1431/1/2895
f 1431/1/2895 1416/1/2879 1415/1/2878
s 813
f 1415/1/2877 1414/1/2876 1430/1/2894
f 1430/1/2894 1429/1/2893 1415/1/2877
s 1044
f 1414/1/2512 1413/1/2512 1441/1/2512
f 1441/1/2512 1430/1/2512 1414/1/2512
s 1045
f 1430/1/2511 1441/1/2511 1442/1/2511
f 1442/1/2511 1425/1/2511 1430/1/2511
s 1046
f 1432/1/2510 1426/1/2510 1425/1/2510
f 1425/1/2510 1442/1/2510 1432/1/2510
s 813
f 1443/1/2903 1444/1/2904 1445/1/2905
f 1445/1/2905 1446/1/2906 1443/1/2903
s 814
f 1447/1/2907 1448/1/2908 1444/1/2909
f 1444/1/2909 1443/1/2910 1447/1/2907
s 813
f 1444/1/2904 1449/1/2911 1450/1/2912
f 1450/1/2912 1445/1/2905 1444/1/2904
s 814
f 1444/1/2909 1448/1/2908 1451/1/2913
f 1451/1/2913 1449/1/2914 1444/1/2909
s 1047
f 1446/1/2915 1452/1/2535 1453/1/2916
f 1453/1/2916 1454/1/2535 1446/1/2915
s 813
f 1446/1/2906 1454/1/2917 1455/1/2918
f 1455/1/2918 1443/1/2903 1446/1/2906
s 814
f 1447/1/2907 1443/1/2910 1455/1/2919
f 1455/1/2919 1456/1/2920 1447/1/2907
s 1048
f 1457/1/2529 1447/1/2921 1456/1/2529
f 1456/1/2529 1458/1/2529 1457/1/2529
s 1049
f 1448/1/2922 1447/1/2548 1457/1/2548
f 1457/1/2548 1459/1/2923 1448/1/2922
s 1050
f 1460/1/2547 1451/1/2547 1448/1/2547
f 1448/1/2547 1459/1/2924 1460/1/2547
s 1051
f 1438/1/2546 1436/1/2546 1451/1/2546
f 1451/1/2546 1460/1/2546 1438/1/2546
s 814
f 1435/1/2899 1449/1/2914 1451/1/2913
f 1451/1/2913 1436/1/2900 1435/1/2899
s 813
f 1435/1/2898 1434/1/2897 1450/1/2912
f 1450/1/2912 1449/1/2911 1435/1/2898
s 1052
f 1434/1/2544 1433/1/2925 1461/1/2544
f 1461/1/2544 1450/1/2543 1434/1/2544
s 1053
f 1450/1/2926 1461/1/2540 1462/1/2927
f 1462/1/2927 1445/1/2928 1450/1/2926
s 1054
f 1452/1/2929 1446/1/2930 1445/1/2931
f 1445/1/2931 1462/1/2932 1452/1/2929
s 813
f 1463/1/2933 1464/1/2934 1465/1/2935
f 1465/1/2935 1466/1/2936 1463/1/2933
s 814
f 1467/1/2937 1468/1/2938 1464/1/2939
f 1464/1/2939 1463/1/2940 1467/1/2937
s 813
f 1464/1/2934 1469/1/2941 1470/1/2942
f 1470/1/2942 1465/1/2935 1464/1/2934
s 814
f 1464/1/2939 1468/1/2938 1471/1/2943
f 1471/1/2943 1469/1/2944 1464/1/2939
s 1055
f 1466/1/2945 1472/1/2945 1473/1/2568
f 1473/1/2568 1474/1/2568 1466/1/2945
s 813
f 1466/1/2936 1474/1/2946 1475/1/2947
f 1475/1/2947 1463/1/2933 1466/1/2936
s 814
f 1467/1/2937 1463/1/2940 1475/1/2948
f 1475/1/2948 1476/1/2949 1467/1/2937
s 1056
f 1477/1/2950 1467/1/2561 1476/1/2950
f 1476/1/2950 1478/1/2951 1477/1/2950
s 1057
f 1468/1/2578 1467/1/2578 1477/1/2578
f 1477/1/2578 1479/1/2578 1468/1/2578
s 1058
f 1480/1/2952 1471/1/2952 1468/1/2577
f 1468/1/2577 1479/1/2577 1480/1/2952
s 1059
f 1458/1/2575 1456/1/2575 1471/1/2953
f 1471/1/2953 1480/1/2575 1458/1/2575
s 814
f 1455/1/2919 1469/1/2944 1471/1/2943
f 1471/1/2943 1456/1/2920 1455/1/2919
s 813
f 1455/1/2918 1454/1/2917 1470/1/2942
f 1470/1/2942 1469/1/2941 1455/1/2918
s 1060
f 1454/1/2954 1453/1/2954 1481/1/2954
f 1481/1/2954 1470/1/2954 1454/1/2954
s 1061
f 1470/1/2573 1481/1/2955 1482/1/2573
f 1482/1/2573 1465/1/2573 1470/1/2573
s 1062
f 1472/1/2569 1466/1/2569 1465/1/2569
f 1465/1/2569 1482/1/2569 1472/1/2569
s 813
f 1483/1/2956 1484/1/2957 1485/1/2958
f 1485/1/2958 1486/1/2959 1483/1/2956
s 814
f 1487/1/2960 1488/1/2961 1484/1/2962
f 1484/1/2962 1483/1/2963 1487/1/2960
s 813
f 1484/1/2957 1489/1/2964 1490/1/2965
f 1490/1/2965 1485/1/2958 1484/1/2957
s 814
f 1484/1/2962 1488/1/2961 1491/1/2966
f 1491/1/2966 1489/1/2967 1484/1/2962
s 1063
f 1486/1/2968 1492/1/2968 881/1/2968
f 881/1/2968 879/1/2968 1486/1/2968
s 813
f 1483/1/2956 1486/1/2959 879/1/2158
f 879/1/2158 878/1/2157 1483/1/2956
s 814
f 1483/1/2963 878/1/2156 876/1/2155
f 876/1/2155 1487/1/2960 1483/1/2963
s 1064
f 876/1/2969 877/1/2969 1493/1/2594
f 1493/1/2594 1487/1/2594 876/1/2969
s 1065
f 1488/1/2612 1487/1/2612 1493/1/2612
f 1493/1/2612 1494/1/2612 1488/1/2612
s 1066
f 1495/1/2609 1491/1/2609 1488/1/2609
f 1488/1/2609 1494/1/2610 1495/1/2609
s 1067
f 1478/1/2970 1476/1/2971 1491/1/2972
f 1491/1/2972 1495/1/2973 1478/1/2970
s 814
f 1475/1/2948 1489/1/2967 1491/1/2966
f 1491/1/2966 1476/1/2949 1475/1/2948
s 813
f 1475/1/2947 1474/1/2946 1490/1/2965
f 1490/1/2965 1489/1/2964 1475/1/2947
s 1068
f 1474/1/2974 1473/1/2605 1496/1/2605
f 1496/1/2605 1490/1/2605 1474/1/2974
s 1069
f 1490/1/2975 1496/1/2604 1497/1/2976
f 1497/1/2976 1485/1/2604 1490/1/2975
s 1070
f 1492/1/2603 1486/1/2603 1485/1/2603
f 1485/1/2603 1497/1/2603 1492/1/2603
s 803
f 1498/1/2977 1499/1/2978 1500/1/2979
f 1500/1/2979 1501/1/2980 1498/1/2977
f 1502/1/2981 1503/1/2982 1499/1/2978
f 1499/1/2978 1498/1/2977 1502/1/2981
s 804
f 1499/1/2983 1504/1/2984 1505/1/2985
f 1505/1/2985 1500/1/2986 1499/1/2983
f 1499/1/2983 1503/1/2987 1506/1/2988
f 1506/1/2988 1504/1/2984 1499/1/2983
s 1071
f 1507/1/2989 1501/1/2989 1508/1/2989
f 1508/1/2989 1509/1/2989 1507/1/2989
s 1072
f 1510/1/2990 1498/1/2990 1501/1/2990
f 1501/1/2990 1507/1/2990 1510/1/2990
s 1073
f 1498/1/2991 1510/1/2991 1511/1/2991
f 1511/1/2991 1502/1/2991 1498/1/2991
s 1074
f 842/1/2992 1502/1/2992 1511/1/2992
f 1511/1/2992 843/1/2992 842/1/2992
s 803
f 842/1/2125 857/1/2126 1503/1/2982
f 1503/1/2982 1502/1/2981 842/1/2125
s 804
f 856/1/2123 1506/1/2988 1503/1/2987
f 1503/1/2987 857/1/2124 856/1/2123
s 1075
f 1506/1/2993 856/1/2993 855/1/2993
f 855/1/2993 1512/1/2994 1506/1/2993
s 1076
f 1512/1/2995 1513/1/2995 1504/1/2995
f 1504/1/2995 1506/1/2995 1512/1/2995
s 1077
f 1504/1/2996 1513/1/2997 1514/1/2997
f 1514/1/2997 1505/1/2998 1504/1/2996
s 1078
f 1514/1/2999 1515/1/3000 1516/1/2999
f 1516/1/2999 1505/1/2999 1514/1/2999
s 804
f 1505/1/2985 1516/1/3001 1517/1/3002
f 1517/1/3002 1500/1/2986 1505/1/2985
s 803
f 1501/1/2980 1500/1/2979 1517/1/3003
f 1517/1/3003 1508/1/3004 1501/1/2980
f 1518/1/3005 1519/1/3006 1520/1/3007
f 1520/1/3007 1521/1/3008 1518/1/3005
f 1522/1/3009 1523/1/3010 1519/1/3006
f 1519/1/3006 1518/1/3005 1522/1/3009
s 804
f 1519/1/3011 1524/1/3012 1525/1/3013
f 1525/1/3013 1520/1/3014 1519/1/3011
f 1519/1/3011 1523/1/3015 1526/1/3016
f 1526/1/3016 1524/1/3012 1519/1/3011
s 1079
f 1527/1/3017 1528/1/3018 1529/1/3019
f 1529/1/3019 1521/1/3020 1527/1/3017
s 1080
f 1529/1/3021 1530/1/3022 1518/1/3021
f 1518/1/3021 1521/1/3021 1529/1/3021
s 1081
f 1518/1/3023 1530/1/3024 1531/1/3025
f 1531/1/3025 1522/1/3026 1518/1/3023
s 1082
f 1508/1/3027 1522/1/3027 1531/1/3027
f 1531/1/3027 1509/1/3027 1508/1/3027
s 803
f 1522/1/3009 1508/1/3004 1517/1/3003
f 1517/1/3003 1523/1/3010 1522/1/3009
s 804
f 1516/1/3001 1526/1/3016 1523/1/3015
f 1523/1/3015 1517/1/3002 1516/1/3001
s 1083
f 1526/1/3028 1516/1/3029 1515/1/3030
f 1515/1/3030 1532/1/3031 1526/1/3028
s 1084
f 1532/1/3032 1533/1/3032 1524/1/3033
f 1524/1/3033 1526/1/3032 1532/1/3032
s 1085
f 1534/1/3034 1525/1/3035 1524/1/3036
f 1524/1/3036 1533/1/3037 1534/1/3034
s 1086
f 1534/1/3038 1535/1/3039 1536/1/3038
f 1536/1/3038 1525/1/3038 1534/1/3038
s 804
f 1520/1/3014 1525/1/3013 1536/1/3040
f 1536/1/3040 1537/1/3041 1520/1/3014
s 803
f 1537/1/3042 1527/1/3043 1521/1/3008
f 1521/1/3008 1520/1/3007 1537/1/3042
f 1538/1/3044 1539/1/3045 1540/1/3046
f 1540/1/3046 1541/1/3047 1538/1/3044
f 1542/1/3048 1543/1/3049 1539/1/3045
f 1539/1/3045 1538/1/3044 1542/1/3048
s 804
f 1539/1/3050 1544/1/3051 1545/1/3052
f 1545/1/3052 1540/1/3053 1539/1/3050
f 1539/1/3050 1543/1/3054 1546/1/3055
f 1546/1/3055 1544/1/3051 1539/1/3050
s 1087
f 1547/1/3056 1548/1/3057 1549/1/3058
f 1549/1/3058 1541/1/3059 1547/1/3056
s 1088
f 1538/1/3060 1541/1/3060 1549/1/3060
f 1549/1/3060 1550/1/3060 1538/1/3060
s 1089
f 1538/1/3061 1550/1/3061 1551/1/3061
f 1551/1/3061 1542/1/3061 1538/1/3061
s 1090
f 1527/1/3062 1542/1/3062 1551/1/3062
f 1551/1/3062 1528/1/3062 1527/1/3062
s 803
f 1542/1/3048 1527/1/3043 1537/1/3042
f 1537/1/3042 1543/1/3049 1542/1/3048
s 804
f 1536/1/3040 1546/1/3055 1543/1/3054
f 1543/1/3054 1537/1/3041 1536/1/3040
s 1091
f 1546/1/3063 1536/1/3063 1535/1/3063
f 1535/1/3063 1552/1/3063 1546/1/3063
s 1092
f 1552/1/3064 1553/1/3064 1544/1/3065
f 1544/1/3065 1546/1/3064 1552/1/3064
s 1093
f 1553/1/3066 1554/1/3066 1545/1/3066
f 1545/1/3066 1544/1/3066 1553/1/3066
s 1094
f 1554/1/3067 1555/1/3068 1556/1/3067
f 1556/1/3067 1545/1/3067 1554/1/3067
s 804
f 1545/1/3052 1556/1/3069 1557/1/3070
f 1557/1/3070 1540/1/3053 1545/1/3052
s 803
f 1540/1/3046 1557/1/3071 1547/1/3072
f 1547/1/3072 1541/1/3047 1540/1/3046
f 1558/1/3073 1559/1/3074 1560/1/3075
f 1560/1/3075 1561/1/3076 1558/1/3073
f 1562/1/3077 1563/1/3078 1559/1/3074
f 1559/1/3074 1558/1/3073 1562/1/3077
s 804
f 1559/1/3079 1564/1/3080 1565/1/3081
f 1565/1/3081 1560/1/3082 1559/1/3079
f 1559/1/3079 1563/1/3083 1566/1/3084
f 1566/1/3084 1564/1/3080 1559/1/3079
s 1095
f 1567/1/3085 1568/1/3085 1569/1/3085
f 1569/1/3085 1561/1/3085 1567/1/3085
s 1096
f 1558/1/3086 1561/1/3086 1569/1/3086
f 1569/1/3086 1570/1/3086 1558/1/3086
s 1097
f 1558/1/3087 1570/1/3088 1571/1/3087
f 1571/1/3087 1562/1/3087 1558/1/3087
s 1098
f 1547/1/3089 1562/1/3090 1571/1/3091
f 1571/1/3091 1548/1/3092 1547/1/3089
s 803
f 1562/1/3077 1547/1/3072 1557/1/3071
f 1557/1/3071 1563/1/3078 1562/1/3077
s 804
f 1563/1/3083 1557/1/3070 1556/1/3069
f 1556/1/3069 1566/1/3084 1563/1/3083
s 1099
f 1566/1/3093 1556/1/3093 1555/1/3093
f 1555/1/3093 1572/1/3093 1566/1/3093
s 1100
f 1572/1/3094 1573/1/3094 1564/1/3094
f 1564/1/3094 1566/1/3094 1572/1/3094
s 1101
f 1573/1/3095 1574/1/3095 1565/1/3095
f 1565/1/3095 1564/1/3095 1573/1/3095
s 1102
f 1574/1/3096 1575/1/3097 1576/1/3098
f 1576/1/3098 1565/1/3098 1574/1/3096
s 804
f 1560/1/3082 1565/1/3081 1576/1/3099
f 1576/1/3099 1577/1/3100 1560/1/3082
s 803
f 1560/1/3075 1577/1/3101 1567/1/3102
f 1567/1/3102 1561/1/3076 1560/1/3075
f 1578/1/3103 1579/1/3104 1580/1/3105
f 1580/1/3105 1581/1/3106 1578/1/3103
f 1582/1/3107 1583/1/3108 1579/1/3104
f 1579/1/3104 1578/1/3103 1582/1/3107
s 804
f 1579/1/3109 1584/1/3110 1585/1/3111
f 1585/1/3111 1580/1/3112 1579/1/3109
f 1579/1/3109 1583/1/3113 1586/1/3114
f 1586/1/3114 1584/1/3110 1579/1/3109
s 1103
f 1587/1/3115 1588/1/3116 1589/1/3117
f 1589/1/3117 1581/1/3116 1587/1/3115
s 1104
f 1578/1/3118 1581/1/3118 1589/1/3118
f 1589/1/3118 1590/1/3118 1578/1/3118
s 1105
f 1578/1/3119 1590/1/3119 1591/1/3120
f 1591/1/3120 1582/1/3121 1578/1/3119
s 1106
f 1567/1/3122 1582/1/3122 1591/1/3122
f 1591/1/3122 1568/1/3122 1567/1/3122
s 803
f 1582/1/3107 1567/1/3102 1577/1/3101
f 1577/1/3101 1583/1/3108 1582/1/3107
s 804
f 1576/1/3099 1586/1/3114 1583/1/3113
f 1583/1/3113 1577/1/3100 1576/1/3099
s 1107
f 1586/1/3123 1576/1/3123 1575/1/3123
f 1575/1/3123 1592/1/3124 1586/1/3123
s 1108
f 1592/1/3125 1593/1/3125 1584/1/3126
f 1584/1/3126 1586/1/3125 1592/1/3125
s 1109
f 1593/1/3127 1594/1/3127 1585/1/3127
f 1585/1/3127 1584/1/3127 1593/1/3127
s 1110
f 1594/1/3128 1595/1/3128 1596/1/3129
f 1596/1/3129 1585/1/3128 1594/1/3128
s 804
f 1580/1/3112 1585/1/3111 1596/1/3130
f 1596/1/3130 1597/1/3131 1580/1/3112
s 803
f 1580/1/3105 1597/1/3132 1587/1/3133
f 1587/1/3133 1581/1/3106 1580/1/3105
f 1598/1/3134 1599/1/3135 1600/1/3136
f 1600/1/3136 1601/1/3137 1598/1/3134
f 1602/1/3138 1603/1/3139 1599/1/3135
f 1599/1/3135 1598/1/3134 1602/1/3138
s 804
f 1599/1/3140 1604/1/3141 1605/1/3142
f 1605/1/3142 1600/1/3143 1599/1/3140
f 1599/1/3140 1603/1/3144 1606/1/3145
f 1606/1/3145 1604/1/3141 1599/1/3140
s 1111
f 1607/1/3146 1608/1/3147 1609/1/3148
f 1609/1/3148 1601/1/3147 1607/1/3146
s 1112
f 1598/1/3149 1601/1/3149 1609/1/3149
f 1609/1/3149 1610/1/3149 1598/1/3149
s 1113
f 1598/1/3150 1610/1/3150 1611/1/3150
f 1611/1/3150 1602/1/3150 1598/1/3150
s 1114
f 1587/1/3151 1602/1/3151 1611/1/3151
f 1611/1/3151 1588/1/3151 1587/1/3151
s 803
f 1602/1/3138 1587/1/3133 1597/1/3132
f 1597/1/3132 1603/1/3139 1602/1/3138
s 804
f 1596/1/3130 1606/1/3145 1603/1/3144
f 1603/1/3144 1597/1/3131 1596/1/3130
s 1115
f 1606/1/3152 1596/1/3152 1595/1/3152
f 1595/1/3152 1612/1/3152 1606/1/3152
s 1116
f 1612/1/3153 1613/1/3153 1604/1/3153
f 1604/1/3153 1606/1/3153 1612/1/3153
s 1117
f 1613/1/3154 1614/1/3154 1605/1/3154
f 1605/1/3154 1604/1/3154 1613/1/3154
s 1118
f 1614/1/3155 1615/1/3156 1616/1/3155
f 1616/1/3155 1605/1/3157 1614/1/3155
s 804
f 1600/1/3143 1605/1/3142 1616/1/3158
f 1616/1/3158 1617/1/3159 1600/1/3143
s 803
f 1600/1/3136 1617/1/3160 1607/1/3161
f 1607/1/3161 1601/1/3137 1600/1/3136
f 1618/1/3162 1619/1/3163 1620/1/3164
f 1620/1/3164 1621/1/3165 1618/1/3162
f 1622/1/3166 1623/1/3167 1619/1/3163
f 1619/1/3163 1618/1/3162 1622/1/3166
s 804
f 1619/1/3168 1624/1/3169 1625/1/3170
f 1625/1/3170 1620/1/3171 1619/1/3168
f 1619/1/3168 1623/1/3172 1626/1/3173
f 1626/1/3173 1624/1/3169 1619/1/3168
s 1119
f 1627/1/3174 1628/1/3174 1629/1/3174
f 1629/1/3174 1621/1/3174 1627/1/3174
s 1120
f 1618/1/3175 1621/1/3175 1629/1/3176
f 1629/1/3176 1630/1/3176 1618/1/3175
s 1121
f 1618/1/3177 1630/1/3178 1631/1/3178
f 1631/1/3178 1622/1/3178 1618/1/3177
s 1122
f 1607/1/3179 1622/1/3179 1631/1/3179
f 1631/1/3179 1608/1/3179 1607/1/3179
s 803
f 1622/1/3166 1607/1/3161 1617/1/3160
f 1617/1/3160 1623/1/3167 1622/1/3166
s 804
f 1616/1/3158 1626/1/3173 1623/1/3172
f 1623/1/3172 1617/1/3159 1616/1/3158
s 1123
f 1626/1/3180 1616/1/3181 1615/1/3182
f 1615/1/3182 1632/1/3183 1626/1/3180
s 1124
f 1632/1/3184 1633/1/3184 1624/1/3184
f 1624/1/3184 1626/1/3184 1632/1/3184
s 1125
f 1633/1/3185 1634/1/3185 1625/1/3185
f 1625/1/3185 1624/1/3185 1633/1/3185
s 1126
f 1634/1/3186 1635/1/3187 1636/1/3186
f 1636/1/3186 1625/1/3186 1634/1/3186
s 804
f 1620/1/3171 1625/1/3170 1636/1/3188
f 1636/1/3188 1637/1/3188 1620/1/3171
s 803
f 1620/1/3164 1637/1/3189 1627/1/3190
f 1627/1/3190 1621/1/3165 1620/1/3164
f 1638/1/3191 1639/1/3192 1640/1/3193
f 1640/1/3193 1641/1/3194 1638/1/3191
f 1642/1/3195 1643/1/3196 1639/1/3192
f 1639/1/3192 1638/1/3191 1642/1/3195
s 804
f 1639/1/3197 1644/1/3198 1645/1/3199
f 1645/1/3199 1640/1/3200 1639/1/3197
f 1639/1/3197 1643/1/3201 1646/1/3202
f 1646/1/3202 1644/1/3198 1639/1/3197
s 1127
f 1647/1/3203 1648/1/3203 1649/1/3203
f 1649/1/3203 1641/1/3203 1647/1/3203
s 1128
f 1638/1/3204 1641/1/3205 1649/1/3205
f 1649/1/3205 1650/1/3204 1638/1/3204
s 1129
f 1638/1/3206 1650/1/3207 1651/1/3206
f 1651/1/3206 1642/1/3206 1638/1/3206
s 1130
f 1627/1/3208 1642/1/3208 1651/1/3208
f 1651/1/3208 1628/1/3208 1627/1/3208
s 803
f 1642/1/3195 1627/1/3190 1637/1/3189
f 1637/1/3189 1643/1/3196 1642/1/3195
s 804
f 1636/1/3188 1646/1/3202 1643/1/3201
f 1643/1/3201 1637/1/3188 1636/1/3188
s 1131
f 1652/1/3209 1646/1/3210 1636/1/3211
f 1636/1/3211 1635/1/3211 1652/1/3209
s 1132
f 1652/1/3212 1653/1/3212 1644/1/3212
f 1644/1/3212 1646/1/3212 1652/1/3212
s 1133
f 1653/1/3213 1654/1/3214 1645/1/3215
f 1645/1/3215 1644/1/3213 1653/1/3213
s 1134
f 1654/1/3216 1655/1/3216 1656/1/3216
f 1656/1/3216 1645/1/3217 1654/1/3216
s 804
f 1640/1/3200 1645/1/3199 1656/1/3218
f 1656/1/3218 1657/1/3219 1640/1/3200
s 803
f 1640/1/3193 1657/1/3220 1647/1/3221
f 1647/1/3221 1641/1/3194 1640/1/3193
f 1658/1/3222 1659/1/3223 1660/1/3224
f 1660/1/3224 1661/1/3225 1658/1/3222
f 1662/1/3226 1663/1/3227 1659/1/3223
f 1659/1/3223 1658/1/3222 1662/1/3226
s 804
f 1659/1/3228 1664/1/3229 1665/1/3230
f 1665/1/3230 1660/1/3231 1659/1/3228
f 1659/1/3228 1663/1/3232 1666/1/3233
f 1666/1/3233 1664/1/3229 1659/1/3228
s 1135
f 1667/1/3234 1668/1/3234 1669/1/3234
f 1669/1/3234 1661/1/3234 1667/1/3234
s 1136
f 1658/1/3235 1661/1/3235 1669/1/3235
f 1669/1/3235 1670/1/3235 1658/1/3235
s 1137
f 1658/1/3236 1670/1/3236 1671/1/3236
f 1671/1/3236 1662/1/3236 1658/1/3236
s 1138
f 1647/1/3237 1662/1/3238 1671/1/3239
f 1671/1/3239 1648/1/3240 1647/1/3237
s 803
f 1662/1/3226 1647/1/3221 1657/1/3220
f 1657/1/3220 1663/1/3227 1662/1/3226
s 804
f 1656/1/3218 1666/1/3233 1663/1/3232
f 1663/1/3232 1657/1/3219 1656/1/3218
s 1139
f 1666/1/3241 1656/1/3241 1655/1/3241
f 1655/1/3241 1672/1/3242 1666/1/3241
s 1140
f 1672/1/3243 1673/1/3243 1664/1/3243
f 1664/1/3243 1666/1/3243 1672/1/3243
s 1141
f 1673/1/3244 1674/1/3245 1665/1/3245
f 1665/1/3245 1664/1/3244 1673/1/3244
s 1142
f 1674/1/3246 1675/1/3246 1676/1/3247
f 1676/1/3247 1665/1/3246 1674/1/3246
s 804
f 1660/1/3231 1665/1/3230 1676/1/3248
f 1676/1/3248 1677/1/3249 1660/1/3231
s 803
f 1660/1/3224 1677/1/3250 1667/1/3251
f 1667/1/3251 1661/1/3225 1660/1/3224
f 1678/1/3252 1679/1/3253 1680/1/3254
f 1680/1/3254 1681/1/3255 1678/1/3252
f 1682/1/3256 1683/1/3257 1679/1/3253
f 1679/1/3253 1678/1/3252 1682/1/3256
s 804
f 1679/1/3258 1684/1/3259 1685/1/3260
f 1685/1/3260 1680/1/3261 1679/1/3258
f 1679/1/3258 1683/1/3262 1686/1/3263
f 1686/1/3263 1684/1/3259 1679/1/3258
s 1143
f 1687/1/3264 1688/1/3264 1689/1/3265
f 1689/1/3265 1681/1/3265 1687/1/3264
s 1144
f 1678/1/3266 1681/1/3266 1689/1/3267
f 1689/1/3267 1690/1/3266 1678/1/3266
s 1145
f 1678/1/3268 1690/1/3268 1691/1/3268
f 1691/1/3268 1682/1/3268 1678/1/3268
s 1146
f 1667/1/3269 1682/1/3270 1691/1/3269
f 1691/1/3269 1668/1/3269 1667/1/3269
s 803
f 1682/1/3256 1667/1/3251 1677/1/3250
f 1677/1/3250 1683/1/3257 1682/1/3256
s 804
f 1676/1/3248 1686/1/3263 1683/1/3262
f 1683/1/3262 1677/1/3249 1676/1/3248
s 1147
f 1686/1/3271 1676/1/3272 1675/1/3273
f 1675/1/3273 1692/1/3272 1686/1/3271
s 1148
f 1692/1/3274 1693/1/3274 1684/1/3274
f 1684/1/3274 1686/1/3274 1692/1/3274
s 1149
f 1693/1/3275 1694/1/3275 1685/1/3275
f 1685/1/3275 1684/1/3275 1693/1/3275
s 1150
f 1694/1/3276 1695/1/3276 1696/1/3276
f 1696/1/3276 1685/1/3276 1694/1/3276
s 804
f 1680/1/3261 1685/1/3260 1696/1/3277
f 1696/1/3277 1697/1/3278 1680/1/3261
s 803
f 1680/1/3254 1697/1/3279 1687/1/3280
f 1687/1/3280 1681/1/3255 1680/1/3254
f 1698/1/3281 1699/1/3282 1700/1/3283
f 1700/1/3283 1701/1/3284 1698/1/3281
f 1702/1/3285 1703/1/3286 1699/1/3282
f 1699/1/3282 1698/1/3281 1702/1/3285
s 804
f 1699/1/3287 1704/1/3288 1705/1/3289
f 1705/1/3289 1700/1/3290 1699/1/3287
f 1699/1/3287 1703/1/3291 1706/1/3292
f 1706/1/3292 1704/1/3288 1699/1/3287
s 1151
f 1707/1/3293 1708/1/3293 1709/1/3293
f 1709/1/3293 1701/1/3293 1707/1/3293
s 1152
f 1698/1/3294 1701/1/3294 1709/1/3294
f 1709/1/3294 1710/1/3294 1698/1/3294
s 1153
f 1698/1/3295 1710/1/3295 1711/1/3295
f 1711/1/3295 1702/1/3295 1698/1/3295
s 1154
f 1687/1/3296 1702/1/3297 1711/1/3297
f 1711/1/3297 1688/1/3297 1687/1/3296
s 803
f 1702/1/3285 1687/1/3280 1697/1/3279
f 1697/1/3279 1703/1/3286 1702/1/3285
s 804
f 1696/1/3277 1706/1/3292 1703/1/3291
f 1703/1/3291 1697/1/3278 1696/1/3277
s 1155
f 1706/1/3298 1696/1/3298 1695/1/3298
f 1695/1/3298 1712/1/3298 1706/1/3298
s 1156
f 1712/1/3299 1713/1/3300 1704/1/3299
f 1704/1/3299 1706/1/3299 1712/1/3299
s 1157
f 1713/1/3301 1714/1/3302 1705/1/3303
f 1705/1/3303 1704/1/3304 1713/1/3301
s 1158
f 1714/1/3305 1715/1/3305 1716/1/3305
f 1716/1/3305 1705/1/3305 1714/1/3305
s 804
f 1700/1/3290 1705/1/3289 1716/1/3306
f 1716/1/3306 1717/1/3307 1700/1/3290
s 803
f 1700/1/3283 1717/1/3308 1707/1/3309
f 1707/1/3309 1701/1/3284 1700/1/3283
f 1718/1/3310 1719/1/3311 1720/1/3312
f 1720/1/3312 1721/1/3313 1718/1/3310
f 1722/1/3314 1723/1/3315 1719/1/3311
f 1719/1/3311 1718/1/3310 1722/1/3314
s 804
f 1719/1/3316 1724/1/3317 1725/1/3318
f 1725/1/3318 1720/1/3319 1719/1/3316
f 1719/1/3316 1723/1/3320 1726/1/3321
f 1726/1/3321 1724/1/3317 1719/1/3316
s 1159
f 1727/1/3322 1728/1/3322 1729/1/3322
f 1729/1/3322 1721/1/3323 1727/1/3322
s 1160
f 1718/1/3324 1721/1/3324 1729/1/3324
f 1729/1/3324 1730/1/3324 1718/1/3324
s 1161
f 1718/1/3325 1730/1/3325 1731/1/3325
f 1731/1/3325 1722/1/3325 1718/1/3325
s 1162
f 1707/1/3326 1722/1/3327 1731/1/3327
f 1731/1/3327 1708/1/3326 1707/1/3326
s 803
f 1722/1/3314 1707/1/3309 1717/1/3308
f 1717/1/3308 1723/1/3315 1722/1/3314
s 804
f 1716/1/3306 1726/1/3321 1723/1/3320
f 1723/1/3320 1717/1/3307 1716/1/3306
s 1163
f 1726/1/3328 1716/1/3328 1715/1/3329
f 1715/1/3329 1732/1/3328 1726/1/3328
s 1164
f 1732/1/3330 1733/1/3330 1724/1/3330
f 1724/1/3330 1726/1/3330 1732/1/3330
s 1165
f 1733/1/3331 1734/1/3331 1725/1/3331
f 1725/1/3331 1724/1/3331 1733/1/3331
s 1166
f 1734/1/3332 1735/1/3332 1736/1/3333
f 1736/1/3333 1725/1/3334 1734/1/3332
s 804
f 1720/1/3319 1725/1/3318 1736/1/3335
f 1736/1/3335 1737/1/3336 1720/1/3319
s 803
f 1720/1/3312 1737/1/3337 1727/1/3338
f 1727/1/3338 1721/1/3313 1720/1/3312
f 1738/1/3339 1739/1/3340 1740/1/3341
f 1740/1/3341 1741/1/3342 1738/1/3339
f 1742/1/3343 1743/1/3344 1739/1/3340
f 1739/1/3340 1738/1/3339 1742/1/3343
s 804
f 1739/1/3345 1744/1/3346 1745/1/3347
f 1745/1/3347 1740/1/3348 1739/1/3345
f 1739/1/3345 1743/1/3349 1746/1/3350
f 1746/1/3350 1744/1/3346 1739/1/3345
s 1167
f 1747/1/3351 1748/1/3352 1749/1/3352
f 1749/1/3352 1741/1/3353 1747/1/3351
s 1168
f 1738/1/3354 1741/1/3355 1749/1/3356
f 1749/1/3356 1750/1/3357 1738/1/3354
s 1169
f 1738/1/3358 1750/1/3359 1751/1/3359
f 1751/1/3359 1742/1/3360 1738/1/3358
s 1170
f 1727/1/3361 1742/1/3361 1751/1/3361
f 1751/1/3361 1728/1/3361 1727/1/3361
s 803
f 1742/1/3343 1727/1/3338 1737/1/3337
f 1737/1/3337 1743/1/3344 1742/1/3343
s 804
f 1736/1/3335 1746/1/3350 1743/1/3349
f 1743/1/3349 1737/1/3336 1736/1/3335
s 1171
f 1746/1/3362 1736/1/3363 1735/1/3362
f 1735/1/3362 1752/1/3362 1746/1/3362
s 1172
f 1752/1/3364 1753/1/3365 1744/1/3366
f 1744/1/3366 1746/1/3364 1752/1/3364
s 1173
f 1753/1/3367 1754/1/3368 1745/1/3368
f 1745/1/3368 1744/1/3368 1753/1/3367
s 1174
f 1754/1/3369 1755/1/3370 1756/1/3371
f 1756/1/3371 1745/1/3372 1754/1/3369
s 804
f 1740/1/3348 1745/1/3347 1756/1/3373
f 1756/1/3373 1757/1/3374 1740/1/3348
s 803
f 1740/1/3341 1757/1/3375 1747/1/3376
f 1747/1/3376 1741/1/3342 1740/1/3341
f 1758/1/3377 1759/1/3378 1760/1/3379
f 1760/1/3379 1761/1/3380 1758/1/3377
f 1762/1/3381 1763/1/3382 1759/1/3378
f 1759/1/3378 1758/1/3377 1762/1/3381
s 804
f 1759/1/3383 1764/1/3384 1765/1/3385
f 1765/1/3385 1760/1/3386 1759/1/3383
f 1759/1/3383 1763/1/3387 1766/1/3388
f 1766/1/3388 1764/1/3384 1759/1/3383
s 1175
f 1767/1/3389 1768/1/3389 1769/1/3389
f 1769/1/3389 1761/1/3389 1767/1/3389
s 1176
f 1758/1/3390 1761/1/3390 1769/1/3391
f 1769/1/3391 1770/1/3391 1758/1/3390
s 1177
f 1758/1/3392 1770/1/3393 1771/1/3394
f 1771/1/3394 1762/1/3393 1758/1/3392
s 1178
f 1747/1/3395 1762/1/3395 1771/1/3395
f 1771/1/3395 1748/1/3396 1747/1/3395
s 803
f 1762/1/3381 1747/1/3376 1757/1/3375
f 1757/1/3375 1763/1/3382 1762/1/3381
s 804
f 1756/1/3373 1766/1/3388 1763/1/3387
f 1763/1/3387 1757/1/3374 1756/1/3373
s 1179
f 1766/1/3397 1756/1/3398 1755/1/3397
f 1755/1/3397 1772/1/3397 1766/1/3397
s 1180
f 1772/1/3399 1773/1/3400 1764/1/3400
f 1764/1/3400 1766/1/3399 1772/1/3399
s 1181
f 1773/1/3401 1774/1/3401 1765/1/3401
f 1765/1/3401 1764/1/3401 1773/1/3401
s 1182
f 1774/1/3402 1775/1/3402 1776/1/3402
f 1776/1/3402 1765/1/3402 1774/1/3402
s 804
f 1760/1/3386 1765/1/3385 1776/1/3403
f 1776/1/3403 1777/1/3404 1760/1/3386
s 803
f 1760/1/3379 1777/1/3405 1767/1/3406
f 1767/1/3406 1761/1/3380 1760/1/3379
f 1778/1/3407 1779/1/3408 1780/1/3409
f 1780/1/3409 1781/1/3410 1778/1/3407
f 1782/1/3411 1783/1/3412 1779/1/3408
f 1779/1/3408 1778/1/3407 1782/1/3411
s 804
f 1779/1/3413 1784/1/3414 1785/1/3415
f 1785/1/3415 1780/1/3416 1779/1/3413
f 1779/1/3413 1783/1/3417 1786/1/3418
f 1786/1/3418 1784/1/3414 1779/1/3413
s 1183
f 1787/1/3419 1788/1/3419 1789/1/3419
f 1789/1/3419 1781/1/3419 1787/1/3419
s 1184
f 1778/1/3420 1781/1/3421 1789/1/3421
f 1789/1/3421 1790/1/3421 1778/1/3420
s 1185
f 1778/1/3422 1790/1/3422 1791/1/3422
f 1791/1/3422 1782/1/3423 1778/1/3422
s 1186
f 1767/1/3424 1782/1/3424 1791/1/3424
f 1791/1/3424 1768/1/3424 1767/1/3424
s 803
f 1782/1/3411 1767/1/3406 1777/1/3405
f 1777/1/3405 1783/1/3412 1782/1/3411
s 804
f 1776/1/3403 1786/1/3418 1783/1/3417
f 1783/1/3417 1777/1/3404 1776/1/3403
s 1187
f 1786/1/3425 1776/1/3425 1775/1/3426
f 1775/1/3426 1792/1/3426 1786/1/3425
s 1188
f 1792/1/3427 1793/1/3428 1784/1/3427
f 1784/1/3427 1786/1/3429 1792/1/3427
s 1189
f 1793/1/3430 1794/1/3430 1785/1/3430
f 1785/1/3430 1784/1/3430 1793/1/3430
s 1190
f 1794/1/3431 1795/1/3432 1796/1/3433
f 1796/1/3433 1785/1/3434 1794/1/3431
s 804
f 1780/1/3416 1785/1/3415 1796/1/3435
f 1796/1/3435 1797/1/3436 1780/1/3416
s 803
f 1780/1/3409 1797/1/3437 1787/1/3438
f 1787/1/3438 1781/1/3410 1780/1/3409
f 1798/1/3439 1799/1/3440 1800/1/3441
f 1800/1/3441 1801/1/3442 1798/1/3439
f 1802/1/3443 1803/1/3444 1799/1/3440
f 1799/1/3440 1798/1/3439 1802/1/3443
s 804
f 1799/1/3445 1804/1/3446 1805/1/3447
f 1805/1/3447 1800/1/3448 1799/1/3445
f 1799/1/3445 1803/1/3449 1806/1/3450
f 1806/1/3450 1804/1/3446 1799/1/3445
s 1191
f 1807/1/3451 1808/1/3452 1809/1/3451
f 1809/1/3451 1801/1/3451 1807/1/3451
s 1192
f 1798/1/2119 1801/1/3453 1809/1/3453
f 1809/1/3453 1810/1/2119 1798/1/2119
s 1193
f 1798/1/3454 1810/1/2116 1811/1/3454
f 1811/1/3454 1802/1/3455 1798/1/3454
s 1194
f 1787/1/3456 1802/1/2114 1811/1/2114
f 1811/1/2114 1788/1/2114 1787/1/3456
s 803
f 1802/1/3443 1787/1/3438 1797/1/3437
f 1797/1/3437 1803/1/3444 1802/1/3443
s 804
f 1796/1/3435 1806/1/3450 1803/1/3449
f 1803/1/3449 1797/1/3436 1796/1/3435
s 1195
f 1806/1/3457 1796/1/3458 1795/1/3457
f 1795/1/3457 1812/1/2107 1806/1/3457
s 1196
f 1812/1/3459 1813/1/2106 1804/1/2106
f 1804/1/2106 1806/1/3460 1812/1/3459
s 1197
f 1813/1/3461 1814/1/2105 1805/1/3461
f 1805/1/3461 1804/1/2105 1813/1/3461
s 1198
f 1814/1/2103 1815/1/2103 1816/1/2103
f 1816/1/2103 1805/1/2103 1814/1/2103
s 804
f 1800/1/3448 1805/1/3447 1816/1/3462
f 1816/1/3462 1817/1/3463 1800/1/3448
s 803
f 1800/1/3441 1817/1/3464 1807/1/3465
f 1807/1/3465 1801/1/3442 1800/1/3441
f 1818/1/3466 1819/1/3467 1820/1/3468
f 1820/1/3468 1821/1/3469 1818/1/3466
f 1822/1/3470 1823/1/3471 1819/1/3467
f 1819/1/3467 1818/1/3466 1822/1/3470
s 804
f 1819/1/3472 1824/1/3473 1825/1/3474
f 1825/1/3474 1820/1/3475 1819/1/3472
f 1819/1/3472 1823/1/3476 1826/1/3477
f 1826/1/3477 1824/1/3473 1819/1/3472
s 1199
f 1827/1/2999 1828/1/2999 1829/1/2999
f 1829/1/2999 1821/1/2999 1827/1/2999
s 1200
f 1818/1/3478 1821/1/3479 1829/1/2997
f 1829/1/2997 1830/1/3479 1818/1/3478
s 1201
f 1818/1/3480 1830/1/3481 1831/1/3480
f 1831/1/3480 1822/1/3482 1818/1/3480
s 1202
f 1807/1/3483 1822/1/3483 1831/1/3483
f 1831/1/3483 1808/1/3484 1807/1/3483
s 803
f 1822/1/3470 1807/1/3465 1817/1/3464
f 1817/1/3464 1823/1/3471 1822/1/3470
s 804
f 1816/1/3462 1826/1/3477 1823/1/3476
f 1823/1/3476 1817/1/3463 1816/1/3462
s 1203
f 1826/1/2992 1816/1/2992 1815/1/2992
f 1815/1/2992 1832/1/2992 1826/1/2992
s 1204
f 1832/1/2991 1833/1/2991 1824/1/2991
f 1824/1/2991 1826/1/2991 1832/1/2991
s 1205
f 1833/1/3485 1834/1/2990 1825/1/3486
f 1825/1/3486 1824/1/3486 1833/1/3485
s 1206
f 1834/1/2989 1835/1/2989 1836/1/2989
f 1836/1/2989 1825/1/2989 1834/1/2989
s 804
f 1820/1/3475 1825/1/3474 1836/1/3487
f 1836/1/3487 1837/1/3488 1820/1/3475
s 803
f 1820/1/3468 1837/1/3489 1827/1/3490
f 1827/1/3490 1821/1/3469 1820/1/3468
f 1838/1/3491 1839/1/3492 1840/1/3493
f 1840/1/3493 1841/1/3494 1838/1/3491
f 1842/1/3495 1843/1/3496 1839/1/3492
f 1839/1/3492 1838/1/3491 1842/1/3495
s 804
f 1839/1/3497 1844/1/3498 1845/1/3499
f 1845/1/3499 1840/1/3500 1839/1/3497
f 1839/1/3497 1843/1/3501 1846/1/3502
f 1846/1/3502 1844/1/3498 1839/1/3497
s 1207
f 1847/1/3038 1848/1/3038 1849/1/3038
f 1849/1/3038 1841/1/3038 1847/1/3038
s 1208
f 1838/1/3035 1841/1/3035 1849/1/3035
f 1849/1/3035 1850/1/3035 1838/1/3035
s 1209
f 1838/1/3032 1850/1/3032 1851/1/3032
f 1851/1/3032 1842/1/3032 1838/1/3032
s 1210
f 1827/1/3031 1842/1/3031 1851/1/3031
f 1851/1/3031 1828/1/3031 1827/1/3031
s 803
f 1842/1/3495 1827/1/3490 1837/1/3489
f 1837/1/3489 1843/1/3496 1842/1/3495
s 804
f 1836/1/3487 1846/1/3502 1843/1/3501
f 1843/1/3501 1837/1/3488 1836/1/3487
s 1211
f 1846/1/3027 1836/1/3027 1835/1/3027
f 1835/1/3027 1852/1/3027 1846/1/3027
s 1212
f 1852/1/3503 1853/1/3504 1844/1/3505
f 1844/1/3505 1846/1/3026 1852/1/3503
s 1213
f 1853/1/3022 1854/1/3506 1845/1/3022
f 1845/1/3022 1844/1/3022 1853/1/3022
s 1214
f 1854/1/3507 1855/1/3018 1856/1/3018
f 1856/1/3018 1845/1/3018 1854/1/3507
s 804
f 1840/1/3500 1845/1/3499 1856/1/3508
f 1856/1/3508 1857/1/3509 1840/1/3500
s 803
f 1840/1/3493 1857/1/3510 1847/1/3511
f 1847/1/3511 1841/1/3494 1840/1/3493
f 1858/1/3512 1859/1/3513 1860/1/3514
f 1860/1/3514 1861/1/3515 1858/1/3512
f 1862/1/3516 1863/1/3517 1859/1/3513
f 1859/1/3513 1858/1/3512 1862/1/3516
s 804
f 1859/1/3518 1864/1/3519 1865/1/3520
f 1865/1/3520 1860/1/3521 1859/1/3518
f 1859/1/3518 1863/1/3522 1866/1/3523
f 1866/1/3523 1864/1/3519 1859/1/3518
s 1215
f 1867/1/3067 1868/1/3067 1869/1/3067
f 1869/1/3067 1861/1/3067 1867/1/3067
s 1216
f 1858/1/3066 1861/1/3066 1869/1/3524
f 1869/1/3524 1870/1/3066 1858/1/3066
s 1217
f 1858/1/3525 1870/1/3526 1871/1/3527
f 1871/1/3527 1862/1/3526 1858/1/3525
s 1218
f 1847/1/3063 1862/1/3063 1871/1/3063
f 1871/1/3063 1848/1/3063 1847/1/3063
s 803
f 1862/1/3516 1847/1/3511 1857/1/3510
f 1857/1/3510 1863/1/3517 1862/1/3516
s 804
f 1856/1/3508 1866/1/3523 1863/1/3522
f 1863/1/3522 1857/1/3509 1856/1/3508
s 1219
f 1866/1/3062 1856/1/3062 1855/1/3062
f 1855/1/3062 1872/1/3062 1866/1/3062
s 1220
f 1872/1/3528 1873/1/3529 1864/1/3530
f 1864/1/3530 1866/1/3531 1872/1/3528
s 1221
f 1873/1/3060 1874/1/3060 1865/1/3060
f 1865/1/3060 1864/1/3060 1873/1/3060
s 1222
f 1874/1/3056 1875/1/3056 1876/1/3056
f 1876/1/3056 1865/1/3056 1874/1/3056
s 804
f 1860/1/3521 1865/1/3520 1876/1/3532
f 1876/1/3532 1877/1/3533 1860/1/3521
s 803
f 1860/1/3514 1877/1/3534 1867/1/3535
f 1867/1/3535 1861/1/3515 1860/1/3514
f 1878/1/3536 1879/1/3537 1880/1/3538
f 1880/1/3538 1881/1/3539 1878/1/3536
f 1882/1/3540 1883/1/3541 1879/1/3537
f 1879/1/3537 1878/1/3536 1882/1/3540
s 804
f 1879/1/3542 1884/1/3543 1885/1/3544
f 1885/1/3544 1880/1/3545 1879/1/3542
f 1879/1/3542 1883/1/3546 1886/1/3547
f 1886/1/3547 1884/1/3543 1879/1/3542
s 1223
f 1887/1/3098 1888/1/3098 1889/1/3098
f 1889/1/3098 1881/1/3098 1887/1/3098
s 1224
f 1878/1/3548 1881/1/3095 1889/1/3549
f 1889/1/3549 1890/1/3095 1878/1/3548
s 1225
f 1878/1/3094 1890/1/3094 1891/1/3094
f 1891/1/3094 1882/1/3094 1878/1/3094
s 1226
f 1867/1/3550 1882/1/3093 1891/1/3093
f 1891/1/3093 1868/1/3093 1867/1/3550
s 803
f 1882/1/3540 1867/1/3535 1877/1/3534
f 1877/1/3534 1883/1/3541 1882/1/3540
s 804
f 1876/1/3532 1886/1/3547 1883/1/3546
f 1883/1/3546 1877/1/3533 1876/1/3532
s 1227
f 1886/1/3551 1876/1/3552 1875/1/3551
f 1875/1/3551 1892/1/3551 1886/1/3551
s 1228
f 1892/1/3553 1893/1/3554 1884/1/3554
f 1884/1/3554 1886/1/3087 1892/1/3553
s 1229
f 1893/1/3086 1894/1/3086 1885/1/3086
f 1885/1/3086 1884/1/3555 1893/1/3086
s 1230
f 1894/1/3556 1895/1/3556 1896/1/3557
f 1896/1/3557 1885/1/3556 1894/1/3556
s 804
f 1880/1/3545 1885/1/3544 1896/1/3558
f 1896/1/3558 1897/1/3559 1880/1/3545
s 803
f 1880/1/3538 1897/1/3560 1887/1/3561
f 1887/1/3561 1881/1/3539 1880/1/3538
f 1898/1/3562 1899/1/3563 1900/1/3564
f 1900/1/3564 1901/1/3565 1898/1/3562
f 1902/1/3566 1903/1/3567 1899/1/3563
f 1899/1/3563 1898/1/3562 1902/1/3566
s 804
f 1899/1/3568 1904/1/3569 1905/1/3570
f 1905/1/3570 1900/1/3571 1899/1/3568
f 1899/1/3568 1903/1/3572 1906/1/3573
f 1906/1/3573 1904/1/3569 1899/1/3568
s 1231
f 1907/1/3128 1908/1/3128 1909/1/3574
f 1909/1/3574 1901/1/3128 1907/1/3128
s 1232
f 1898/1/3127 1901/1/3127 1909/1/3127
f 1909/1/3127 1910/1/3127 1898/1/3127
s 1233
f 1898/1/3125 1910/1/3125 1911/1/3125
f 1911/1/3125 1902/1/3125 1898/1/3125
s 1234
f 1887/1/3123 1902/1/3123 1911/1/3123
f 1911/1/3123 1888/1/3123 1887/1/3123
s 803
f 1902/1/3566 1887/1/3561 1897/1/3560
f 1897/1/3560 1903/1/3567 1902/1/3566
s 804
f 1896/1/3558 1906/1/3573 1903/1/3572
f 1903/1/3572 1897/1/3559 1896/1/3558
s 1235
f 1906/1/3575 1896/1/3122 1895/1/3122
f 1895/1/3122 1912/1/3122 1906/1/3575
s 1236
f 1912/1/3119 1913/1/3119 1904/1/3119
f 1904/1/3119 1906/1/3120 1912/1/3119
s 1237
f 1913/1/3118 1914/1/3118 1905/1/3576
f 1905/1/3576 1904/1/3118 1913/1/3118
s 1238
f 1914/1/3577 1915/1/3116 1916/1/3116
f 1916/1/3116 1905/1/3116 1914/1/3577
s 804
f 1900/1/3571 1905/1/3570 1916/1/3578
f 1916/1/3578 1917/1/3579 1900/1/3571
s 803
f 1900/1/3564 1917/1/3580 1907/1/3581
f 1907/1/3581 1901/1/3565 1900/1/3564
f 1918/1/3582 1919/1/3583 1920/1/3584
f 1920/1/3584 1921/1/3585 1918/1/3582
f 1922/1/3586 1923/1/3587 1919/1/3583
f 1919/1/3583 1918/1/3582 1922/1/3586
s 804
f 1919/1/3588 1924/1/3589 1925/1/3590
f 1925/1/3590 1920/1/3591 1919/1/3588
f 1919/1/3588 1923/1/3592 1926/1/3593
f 1926/1/3593 1924/1/3589 1919/1/3588
s 1239
f 1927/1/3157 1928/1/3157 1929/1/3157
f 1929/1/3157 1921/1/3157 1927/1/3157
s 1240
f 1918/1/3154 1921/1/3154 1929/1/3154
f 1929/1/3154 1930/1/3154 1918/1/3154
s 1241
f 1918/1/3153 1930/1/3153 1931/1/3153
f 1931/1/3153 1922/1/3153 1918/1/3153
s 1242
f 1907/1/3152 1922/1/3152 1931/1/3152
f 1931/1/3152 1908/1/3152 1907/1/3152
s 803
f 1922/1/3586 1907/1/3581 1917/1/3580
f 1917/1/3580 1923/1/3587 1922/1/3586
s 804
f 1916/1/3578 1926/1/3593 1923/1/3592
f 1923/1/3592 1917/1/3579 1916/1/3578
s 1243
f 1926/1/3594 1916/1/3595 1915/1/3595
f 1915/1/3595 1932/1/3595 1926/1/3594
s 1244
f 1932/1/3596 1933/1/3596 1924/1/3596
f 1924/1/3596 1926/1/3596 1932/1/3596
s 1245
f 1933/1/3149 1934/1/3597 1925/1/3597
f 1925/1/3597 1924/1/3597 1933/1/3149
s 1246
f 1934/1/3147 1935/1/3147 1936/1/3147
f 1936/1/3147 1925/1/3147 1934/1/3147
s 804
f 1920/1/3591 1925/1/3590 1936/1/3598
f 1936/1/3598 1937/1/3599 1920/1/3591
s 803
f 1920/1/3584 1937/1/3600 1927/1/3601
f 1927/1/3601 1921/1/3585 1920/1/3584
f 1938/1/3602 1939/1/3603 1940/1/3604
f 1940/1/3604 1941/1/3604 1938/1/3602
f 1942/1/3605 1943/1/3606 1939/1/3603
f 1939/1/3603 1938/1/3602 1942/1/3605
s 804
f 1939/1/3607 1944/1/3608 1945/1/3609
f 1945/1/3609 1940/1/3610 1939/1/3607
f 1939/1/3607 1943/1/3611 1946/1/3612
f 1946/1/3612 1944/1/3608 1939/1/3607
s 1247
f 1947/1/3186 1948/1/3186 1949/1/3187
f 1949/1/3187 1941/1/3613 1947/1/3186
s 1248
f 1938/1/3185 1941/1/3185 1949/1/3185
f 1949/1/3185 1950/1/3185 1938/1/3185
s 1249
f 1938/1/3184 1950/1/3184 1951/1/3614
f 1951/1/3614 1942/1/3184 1938/1/3184
s 1250
f 1927/1/3181 1942/1/3615 1951/1/3616
f 1951/1/3616 1928/1/3181 1927/1/3181
s 803
f 1942/1/3605 1927/1/3601 1937/1/3600
f 1937/1/3600 1943/1/3606 1942/1/3605
s 804
f 1936/1/3598 1946/1/3612 1943/1/3611
f 1943/1/3611 1937/1/3599 1936/1/3598
s 1251
f 1946/1/3617 1936/1/3179 1935/1/3179
f 1935/1/3179 1952/1/3179 1946/1/3617
s 1252
f 1952/1/3178 1953/1/3178 1944/1/3178
f 1944/1/3178 1946/1/3178 1952/1/3178
s 1253
f 1953/1/3618 1954/1/3175 1945/1/3175
f 1945/1/3175 1944/1/3175 1953/1/3618
s 1254
f 1954/1/3174 1955/1/3174 1956/1/3174
f 1956/1/3174 1945/1/3174 1954/1/3174
s 804
f 1940/1/3610 1945/1/3609 1956/1/3619
f 1956/1/3619 1957/1/3620 1940/1/3610
s 803
f 1940/1/3604 1957/1/3621 1947/1/3622
f 1947/1/3622 1941/1/3604 1940/1/3604
f 1958/1/3623 1959/1/3624 1960/1/3625
f 1960/1/3625 1961/1/3626 1958/1/3623
f 1962/1/3627 1963/1/3628 1959/1/3624
f 1959/1/3624 1958/1/3623 1962/1/3627
s 804
f 1959/1/3629 1964/1/3630 1965/1/3631
f 1965/1/3631 1960/1/3632 1959/1/3629
f 1959/1/3629 1963/1/3633 1966/1/3634
f 1966/1/3634 1964/1/3630 1959/1/3629
s 1255
f 1967/1/3635 1968/1/3636 1969/1/3635
f 1969/1/3635 1961/1/3637 1967/1/3635
s 1256
f 1958/1/3213 1961/1/3213 1969/1/3638
f 1969/1/3638 1970/1/3639 1958/1/3213
s 1257
f 1958/1/3212 1970/1/3212 1971/1/3640
f 1971/1/3640 1962/1/3212 1958/1/3212
s 1258
f 1947/1/3211 1962/1/3211 1971/1/3641
f 1971/1/3641 1948/1/3641 1947/1/3211
s 803
f 1962/1/3627 1947/1/3622 1957/1/3621
f 1957/1/3621 1963/1/3628 1962/1/3627
s 804
f 1956/1/3619 1966/1/3634 1963/1/3633
f 1963/1/3633 1957/1/3620 1956/1/3619
s 1259
f 1966/1/3208 1956/1/3208 1955/1/3208
f 1955/1/3208 1972/1/3208 1966/1/3208
s 1260
f 1972/1/3642 1973/1/3642 1964/1/3642
f 1964/1/3642 1966/1/3642 1972/1/3642
s 1261
f 1973/1/3643 1974/1/3205 1965/1/3205
f 1965/1/3205 1964/1/3205 1973/1/3643
s 1262
f 1974/1/3203 1975/1/3203 1976/1/3203
f 1976/1/3203 1965/1/3203 1974/1/3203
s 804
f 1960/1/3632 1965/1/3631 1976/1/3644
f 1976/1/3644 1977/1/3645 1960/1/3632
s 803
f 1960/1/3625 1977/1/3646 1967/1/3647
f 1967/1/3647 1961/1/3626 1960/1/3625
f 1978/1/3648 1979/1/3649 1980/1/3650
f 1980/1/3650 1981/1/3650 1978/1/3648
f 1982/1/3651 1983/1/3652 1979/1/3649
f 1979/1/3649 1978/1/3648 1982/1/3651
s 804
f 1979/1/3653 1984/1/3654 1985/1/3655
f 1985/1/3655 1980/1/3656 1979/1/3653
f 1979/1/3653 1983/1/3657 1986/1/3658
f 1986/1/3658 1984/1/3654 1979/1/3653
s 1263
f 1987/1/3246 1988/1/3246 1989/1/3246
f 1989/1/3246 1981/1/3246 1987/1/3246
s 1264
f 1978/1/3244 1981/1/3244 1989/1/3244
f 1989/1/3244 1990/1/3245 1978/1/3244
s 1265
f 1978/1/3659 1990/1/3659 1991/1/3659
f 1991/1/3659 1982/1/3659 1978/1/3659
s 1266
f 1967/1/3660 1982/1/3241 1991/1/3241
f 1991/1/3241 1968/1/3241 1967/1/3660
s 803
f 1982/1/3651 1967/1/3647 1977/1/3646
f 1977/1/3646 1983/1/3652 1982/1/3651
s 804
f 1976/1/3644 1986/1/3658 1983/1/3657
f 1983/1/3657 1977/1/3645 1976/1/3644
s 1267
f 1986/1/3240 1976/1/3240 1975/1/3240
f 1975/1/3240 1992/1/3240 1986/1/3240
s 1268
f 1992/1/3236 1993/1/3236 1984/1/3236
f 1984/1/3236 1986/1/3236 1992/1/3236
s 1269
f 1993/1/3235 1994/1/3235 1985/1/3235
f 1985/1/3235 1984/1/3235 1993/1/3235
s 1270
f 1994/1/3661 1995/1/3662 1996/1/3662
f 1996/1/3662 1985/1/3663 1994/1/3661
s 804
f 1980/1/3656 1985/1/3655 1996/1/3664
f 1996/1/3664 1997/1/3665 1980/1/3656
s 803
f 1980/1/3650 1997/1/3666 1987/1/3667
f 1987/1/3667 1981/1/3650 1980/1/3650
f 1998/1/3668 1999/1/3669 2000/1/3670
f 2000/1/3670 2001/1/3671 1998/1/3668
f 2002/1/3672 2003/1/3673 1999/1/3669
f 1999/1/3669 1998/1/3668 2002/1/3672
s 804
f 1999/1/3674 2004/1/3675 2005/1/3676
f 2005/1/3676 2000/1/3677 1999/1/3674
f 1999/1/3674 2003/1/3678 2006/1/3679
f 2006/1/3679 2004/1/3675 1999/1/3674
s 1271
f 2007/1/3680 2008/1/3681 2009/1/3681
f 2009/1/3681 2001/1/3681 2007/1/3680
s 1272
f 1998/1/3682 2001/1/3683 2009/1/3682
f 2009/1/3682 2010/1/3684 1998/1/3682
s 1273
f 1998/1/3274 2010/1/3274 2011/1/3274
f 2011/1/3274 2002/1/3274 1998/1/3274
s 1274
f 1987/1/3272 2002/1/3272 2011/1/3272
f 2011/1/3272 1988/1/3272 1987/1/3272
s 803
f 2002/1/3672 1987/1/3667 1997/1/3666
f 1997/1/3666 2003/1/3673 2002/1/3672
s 804
f 1996/1/3664 2006/1/3679 2003/1/3678
f 2003/1/3678 1997/1/3665 1996/1/3664
s 1275
f 2006/1/3270 1996/1/3270 1995/1/3270
f 1995/1/3270 2012/1/3270 2006/1/3270
s 1276
f 2012/1/3685 2013/1/3268 2004/1/3268
f 2004/1/3268 2006/1/3685 2012/1/3685
s 1277
f 2013/1/3267 2014/1/3267 2005/1/3267
f 2005/1/3267 2004/1/3267 2013/1/3267
s 1278
f 2014/1/3686 2015/1/3264 2016/1/3264
f 2016/1/3264 2005/1/3264 2014/1/3686
s 804
f 2000/1/3677 2005/1/3676 2016/1/3687
f 2016/1/3687 2017/1/3688 2000/1/3677
s 803
f 2000/1/3670 2017/1/3689 2007/1/3690
f 2007/1/3690 2001/1/3671 2000/1/3670
f 2018/1/3691 2019/1/3692 2020/1/3693
f 2020/1/3693 2021/1/3694 2018/1/3691
f 2022/1/3695 2023/1/3696 2019/1/3692
f 2019/1/3692 2018/1/3691 2022/1/3695
s 804
f 2019/1/3697 2024/1/3698 2025/1/3699
f 2025/1/3699 2020/1/3700 2019/1/3697
f 2019/1/3697 2023/1/3701 2026/1/3702
f 2026/1/3702 2024/1/3698 2019/1/3697
s 1279
f 2027/1/3703 2028/1/3704 2029/1/3703
f 2029/1/3703 2021/1/3703 2027/1/3703
s 1280
f 2018/1/3302 2021/1/3302 2029/1/3302
f 2029/1/3302 2030/1/3302 2018/1/3302
s 1281
f 2018/1/3300 2030/1/3300 2031/1/3300
f 2031/1/3300 2022/1/3300 2018/1/3300
s 1282
f 2007/1/3298 2022/1/3298 2031/1/3298
f 2031/1/3298 2008/1/3298 2007/1/3298
s 803
f 2022/1/3695 2007/1/3690 2017/1/3689
f 2017/1/3689 2023/1/3696 2022/1/3695
s 804
f 2016/1/3687 2026/1/3702 2023/1/3701
f 2023/1/3701 2017/1/3688 2016/1/3687
s 1283
f 2026/1/3705 2016/1/3706 2015/1/3706
f 2015/1/3706 2032/1/3706 2026/1/3705
s 1284
f 2032/1/3295 2033/1/3295 2024/1/3707
f 2024/1/3707 2026/1/3295 2032/1/3295
s 1285
f 2033/1/3708 2034/1/3708 2025/1/3294
f 2025/1/3294 2024/1/3708 2033/1/3708
s 1286
f 2034/1/3709 2035/1/3709 2036/1/3709
f 2036/1/3709 2025/1/3709 2034/1/3709
s 804
f 2020/1/3700 2025/1/3699 2036/1/3710
f 2036/1/3710 2037/1/3711 2020/1/3700
s 803
f 2020/1/3693 2037/1/3712 2027/1/3713
f 2027/1/3713 2021/1/3694 2020/1/3693
f 2038/1/3714 2039/1/3715 2040/1/3716
f 2040/1/3716 2041/1/3717 2038/1/3714
f 2042/1/3718 2043/1/3719 2039/1/3715
f 2039/1/3715 2038/1/3714 2042/1/3718
s 804
f 2039/1/3720 2044/1/3721 2045/1/3722
f 2045/1/3722 2040/1/3723 2039/1/3720
f 2039/1/3720 2043/1/3724 2046/1/3725
f 2046/1/3725 2044/1/3721 2039/1/3720
s 1287
f 2047/1/3332 2048/1/3332 2049/1/3332
f 2049/1/3332 2041/1/3332 2047/1/3332
s 1288
f 2038/1/3331 2041/1/3726 2049/1/3331
f 2049/1/3331 2050/1/3331 2038/1/3331
s 1289
f 2038/1/3330 2050/1/3330 2051/1/3330
f 2051/1/3330 2042/1/3330 2038/1/3330
s 1290
f 2027/1/3727 2042/1/3728 2051/1/3328
f 2051/1/3328 2028/1/3328 2027/1/3727
s 803
f 2042/1/3718 2027/1/3713 2037/1/3712
f 2037/1/3712 2043/1/3719 2042/1/3718
s 804
f 2036/1/3710 2046/1/3725 2043/1/3724
f 2043/1/3724 2037/1/3711 2036/1/3710
s 1291
f 2046/1/3327 2036/1/3327 2035/1/3327
f 2035/1/3327 2052/1/3327 2046/1/3327
s 1292
f 2052/1/3729 2053/1/3325 2044/1/3729
f 2044/1/3729 2046/1/3730 2052/1/3729
s 1293
f 2053/1/3324 2054/1/3324 2045/1/3324
f 2045/1/3324 2044/1/3324 2053/1/3324
s 1294
f 2054/1/3323 2055/1/3731 2056/1/3731
f 2056/1/3731 2045/1/3731 2054/1/3323
s 804
f 2040/1/3723 2045/1/3722 2056/1/3732
f 2056/1/3732 2057/1/3733 2040/1/3723
s 803
f 2040/1/3716 2057/1/3734 2047/1/3735
f 2047/1/3735 2041/1/3717 2040/1/3716
f 2058/1/3736 2059/1/3737 2060/1/3738
f 2060/1/3738 2061/1/3739 2058/1/3736
f 2062/1/3740 2063/1/3741 2059/1/3737
f 2059/1/3737 2058/1/3736 2062/1/3740
s 804
f 2059/1/3742 2064/1/3743 2065/1/3744
f 2065/1/3744 2060/1/3745 2059/1/3742
f 2059/1/3742 2063/1/3746 2066/1/3747
f 2066/1/3747 2064/1/3743 2059/1/3742
s 1295
f 2067/1/3369 2068/1/3369 2069/1/3369
f 2069/1/3369 2061/1/3369 2067/1/3369
s 1296
f 2058/1/3368 2061/1/3368 2069/1/3368
f 2069/1/3368 2070/1/3368 2058/1/3368
s 1297
f 2058/1/3748 2070/1/3749 2071/1/3748
f 2071/1/3748 2062/1/3750 2058/1/3748
s 1298
f 2047/1/3362 2062/1/3362 2071/1/3362
f 2071/1/3362 2048/1/3362 2047/1/3362
s 803
f 2062/1/3740 2047/1/3735 2057/1/3734
f 2057/1/3734 2063/1/3741 2062/1/3740
s 804
f 2056/1/3732 2066/1/3747 2063/1/3746
f 2063/1/3746 2057/1/3733 2056/1/3732
s 1299
f 2066/1/3751 2056/1/3751 2055/1/3751
f 2055/1/3751 2072/1/3751 2066/1/3751
s 1300
f 2072/1/3358 2073/1/3358 2064/1/3359
f 2064/1/3359 2066/1/3752 2072/1/3358
s 1301
f 2073/1/3753 2074/1/3355 2065/1/3355
f 2065/1/3355 2064/1/3754 2073/1/3753
s 1302
f 2074/1/3352 2075/1/3352 2076/1/3352
f 2076/1/3352 2065/1/3755 2074/1/3352
s 804
f 2060/1/3745 2065/1/3744 2076/1/3756
f 2076/1/3756 2077/1/3757 2060/1/3745
s 803
f 2060/1/3738 2077/1/3758 2067/1/3759
f 2067/1/3759 2061/1/3739 2060/1/3738
f 2078/1/3760 2079/1/3761 2080/1/3762
f 2080/1/3762 2081/1/3763 2078/1/3760
f 2082/1/3764 2083/1/3765 2079/1/3761
f 2079/1/3761 2078/1/3760 2082/1/3764
s 804
f 2079/1/3766 2084/1/3767 2085/1/3768
f 2085/1/3768 2080/1/3769 2079/1/3766
f 2079/1/3766 2083/1/3770 2086/1/3771
f 2086/1/3771 2084/1/3767 2079/1/3766
s 1303
f 2087/1/3772 2088/1/3773 2089/1/3772
f 2089/1/3772 2081/1/3774 2087/1/3772
s 1304
f 2078/1/3401 2081/1/3401 2089/1/3401
f 2089/1/3401 2090/1/3401 2078/1/3401
s 1305
f 2078/1/3400 2090/1/3400 2091/1/3400
f 2091/1/3400 2082/1/3400 2078/1/3400
s 1306
f 2067/1/3775 2082/1/3398 2091/1/3398
f 2091/1/3398 2068/1/3398 2067/1/3775
s 803
f 2082/1/3764 2067/1/3759 2077/1/3758
f 2077/1/3758 2083/1/3765 2082/1/3764
s 804
f 2076/1/3756 2086/1/3771 2083/1/3770
f 2083/1/3770 2077/1/3757 2076/1/3756
s 1307
f 2086/1/3396 2076/1/3395 2075/1/3396
f 2075/1/3396 2092/1/3396 2086/1/3396
s 1308
f 2092/1/3393 2093/1/3393 2084/1/3776
f 2084/1/3776 2086/1/3393 2092/1/3393
s 1309
f 2093/1/3777 2094/1/3777 2085/1/3777
f 2085/1/3777 2084/1/3777 2093/1/3777
s 1310
f 2094/1/3389 2095/1/3389 2096/1/3389
f 2096/1/3389 2085/1/3389 2094/1/3389
s 804
f 2080/1/3769 2085/1/3768 2096/1/3778
f 2096/1/3778 2097/1/3779 2080/1/3769
s 803
f 2080/1/3762 2097/1/3780 2087/1/3781
f 2087/1/3781 2081/1/3763 2080/1/3762
f 2098/1/3782 2099/1/3783 2100/1/3784
f 2100/1/3784 2101/1/3785 2098/1/3782
f 2102/1/3786 2103/1/3787 2099/1/3783
f 2099/1/3783 2098/1/3782 2102/1/3786
s 804
f 2099/1/3788 2104/1/3789 2105/1/3790
f 2105/1/3790 2100/1/3791 2099/1/3788
f 2099/1/3788 2103/1/3792 2106/1/3793
f 2106/1/3793 2104/1/3789 2099/1/3788
s 1311
f 848/1/3794 847/1/3432 2107/1/3795
f 2107/1/3795 2101/1/3794 848/1/3794
s 1312
f 2098/1/3430 2101/1/3430 2107/1/3430
f 2107/1/3430 2108/1/3430 2098/1/3430
s 1313
f 2098/1/3428 2108/1/3428 2109/1/3428
f 2109/1/3428 2102/1/3796 2098/1/3428
s 1314
f 2087/1/3426 2102/1/3426 2109/1/3426
f 2109/1/3426 2088/1/3426 2087/1/3426
s 803
f 2102/1/3786 2087/1/3781 2097/1/3780
f 2097/1/3780 2103/1/3787 2102/1/3786
s 804
f 2096/1/3778 2106/1/3793 2103/1/3792
f 2103/1/3792 2097/1/3779 2096/1/3778
s 1315
f 2106/1/3797 2096/1/3424 2095/1/3797
f 2095/1/3797 2110/1/3797 2106/1/3797
s 1316
f 2110/1/3422 2111/1/3422 2104/1/3422
f 2104/1/3422 2106/1/3422 2110/1/3422
s 1317
f 2111/1/3798 2112/1/3421 2105/1/3421
f 2105/1/3421 2104/1/3421 2111/1/3798
s 1318
f 850/1/3419 2105/1/3419 2112/1/3419
f 2112/1/3419 852/1/3419 850/1/3419
s 804
f 2105/1/3790 850/1/2112 849/1/2111
f 849/1/2111 2100/1/3791 2105/1/3790
s 803
f 2100/1/3784 849/1/2109 848/1/2110
f 848/1/2110 2101/1/3785 2100/1/3784
s 1319
f 2113/1/3799 2114/1/3799 2115/1/3799
f 2115/1/3799 2116/1/3799 2113/1/3799
s 1320
f 2117/1/3800 2118/1/3801 2114/1/3802
f 2114/1/3802 2113/1/3803 2117/1/3800
s 1321
f 2114/1/3804 2119/1/3805 2120/1/3804
f 2120/1/3804 2115/1/3804 2114/1/3804
s 1322
f 2121/1/3806 2119/1/3807 2114/1/3808
f 2114/1/3808 2118/1/3807 2121/1/3806
s 1323
f 2122/1/3809 1358/1/3810 1380/1/3809
f 1380/1/3809 2116/1/3809 2122/1/3809
s 1324
f 2116/1/3811 1380/1/3811 1379/1/3811
f 1379/1/3811 2113/1/3811 2116/1/3811
s 1325
f 2117/1/3812 2113/1/3812 1379/1/3813
f 1379/1/3813 1377/1/3812 2117/1/3812
s 1326
f 2117/1/3814 1377/1/3814 1378/1/3814
f 1378/1/3814 2123/1/3814 2117/1/3814
s 1327
f 2117/1/3815 2123/1/3815 2124/1/3815
f 2124/1/3815 2118/1/3815 2117/1/3815
s 1328
f 2125/1/3816 2121/1/3817 2118/1/3817
f 2118/1/3817 2124/1/3816 2125/1/3816
s 1329
f 2121/1/3818 2125/1/3818 1995/1/3819
f 1995/1/3819 1994/1/3818 2121/1/3818
s 1330
f 2121/1/3820 1994/1/3820 1993/1/3820
f 1993/1/3820 2119/1/3820 2121/1/3820
s 1331
f 1993/1/3821 1992/1/3821 2120/1/3821
f 2120/1/3821 2119/1/3821 1993/1/3821
s 1332
f 1992/1/3822 1975/1/3823 2126/1/3824
f 2126/1/3824 2120/1/3822 1992/1/3822
s 1333
f 2115/1/3825 2120/1/3826 2126/1/3826
f 2126/1/3826 2127/1/3825 2115/1/3825
s 1334
f 2115/1/3827 2127/1/3827 2122/1/3827
f 2122/1/3827 2116/1/3827 2115/1/3827
s 1335
f 2128/1/3828 2129/1/3828 2130/1/3828
f 2130/1/3828 2131/1/3828 2128/1/3828
s 1336
f 2132/1/3829 2133/1/3829 2129/1/3829
f 2129/1/3829 2128/1/3829 2132/1/3829
s 1337
f 2129/1/3830 2134/1/3831 2135/1/3830
f 2135/1/3830 2130/1/3830 2129/1/3830
s 1338
f 2133/1/3832 2136/1/3832 2134/1/3832
f 2134/1/3832 2129/1/3832 2133/1/3832
s 1339
f 881/1/3833 1492/1/3833 2131/1/3833
f 2131/1/3833 2137/1/3833 881/1/3833
s 1340
f 1497/1/3834 2128/1/3834 2131/1/3834
f 2131/1/3834 1492/1/3834 1497/1/3834
s 1341
f 1497/1/3835 1496/1/3835 2132/1/3835
f 2132/1/3835 2128/1/3835 1497/1/3835
s 1342
f 1496/1/3836 1473/1/3837 2138/1/3838
f 2138/1/3838 2132/1/3836 1496/1/3836
s 1343
f 2132/1/3839 2138/1/3839 2139/1/3839
f 2139/1/3839 2133/1/3839 2132/1/3839
s 1344
f 2140/1/3840 2136/1/3840 2133/1/3840
f 2133/1/3840 2139/1/3840 2140/1/3840
s 1345
f 2136/1/3841 2140/1/3841 2088/1/3842
f 2088/1/3842 2109/1/3841 2136/1/3841
s 1346
f 2136/1/3843 2109/1/3843 2108/1/3843
f 2108/1/3843 2134/1/3844 2136/1/3843
s 1347
f 2134/1/3845 2108/1/3845 2107/1/3846
f 2107/1/3846 2135/1/3845 2134/1/3845
s 1348
f 2107/1/3847 847/1/3848 2141/1/3847
f 2141/1/3847 2135/1/3849 2107/1/3847
s 1349
f 2135/1/3850 2141/1/3850 2142/1/3850
f 2142/1/3850 2130/1/3850 2135/1/3850
s 1350
f 2130/1/3851 2142/1/3851 2137/1/3851
f 2137/1/3851 2131/1/3851 2130/1/3851
s 1351
f 2143/1/3852 2144/1/3853 2145/1/3854
f 2145/1/3854 2146/1/3852 2143/1/3852
s 1352
f 2147/1/3855 2148/1/3855 2144/1/3855
f 2144/1/3855 2143/1/3855 2147/1/3855
s 1353
f 2144/1/3856 2149/1/3857 2150/1/3856
f 2150/1/3856 2145/1/3856 2144/1/3856
s 1354
f 2144/1/3858 2148/1/3858 2151/1/3859
f 2151/1/3859 2149/1/3859 2144/1/3858
s 1355
f 2146/1/3860 2152/1/3860 973/1/3861
f 973/1/3861 972/1/3860 2146/1/3860
s 1356
f 2146/1/3862 972/1/3862 982/1/3862
f 982/1/3862 2143/1/3862 2146/1/3862
s 1357
f 2147/1/3863 2143/1/3863 982/1/3863
f 982/1/3863 981/1/3863 2147/1/3863
s 1358
f 981/1/3864 953/1/3865 2153/1/3865
f 2153/1/3865 2147/1/3865 981/1/3864
s 1359
f 2147/1/3866 2153/1/3866 2154/1/3866
f 2154/1/3866 2148/1/3866 2147/1/3866
s 1360
f 2155/1/3867 2151/1/3868 2148/1/3869
f 2148/1/3869 2154/1/3867 2155/1/3867
s 1361
f 1568/1/3870 1591/1/3870 2151/1/3871
f 2151/1/3871 2155/1/3870 1568/1/3870
s 1362
f 2151/1/3872 1591/1/3872 1590/1/3872
f 1590/1/3872 2149/1/3872 2151/1/3872
s 1363
f 1590/1/3873 1589/1/3873 2150/1/3873
f 2150/1/3873 2149/1/3874 1590/1/3873
s 1364
f 1589/1/3875 1588/1/3876 2156/1/3877
f 2156/1/3877 2150/1/3878 1589/1/3875
s 1365
f 2157/1/3879 2145/1/3879 2150/1/3879
f 2150/1/3879 2156/1/3879 2157/1/3879
s 1366
f 2145/1/3880 2157/1/3881 2152/1/3881
f 2152/1/3881 2146/1/3881 2145/1/3880
s 1367
f 2158/1/3882 2159/1/3883 2160/1/3884
f 2160/1/3884 2161/1/3885 2158/1/3882
s 1368
f 2162/1/3886 2163/1/3886 2159/1/3886
f 2159/1/3886 2158/1/3886 2162/1/3886
s 1369
f 2159/1/3887 2164/1/3888 2165/1/3888
f 2165/1/3888 2160/1/3887 2159/1/3887
s 1370
f 2166/1/3889 2164/1/3889 2159/1/3889
f 2159/1/3889 2163/1/3889 2166/1/3889
s 1371
f 2161/1/3890 2123/1/3890 1378/1/3890
f 1378/1/3890 1400/1/3890 2161/1/3890
s 1372
f 2161/1/3891 1400/1/3891 1399/1/3891
f 1399/1/3891 2158/1/3891 2161/1/3891
s 1373
f 2162/1/3892 2158/1/3893 1399/1/3892
f 1399/1/3892 1397/1/3892 2162/1/3892
s 1374
f 2167/1/3894 2162/1/3894 1397/1/3894
f 1397/1/3894 1398/1/3894 2167/1/3894
s 1375
f 2167/1/3895 2168/1/3895 2163/1/3895
f 2163/1/3895 2162/1/3895 2167/1/3895
s 1376
f 2169/1/3896 2166/1/3896 2163/1/3896
f 2163/1/3896 2168/1/3896 2169/1/3896
s 1377
f 2166/1/3897 2169/1/3897 2015/1/3897
f 2015/1/3897 2014/1/3898 2166/1/3897
s 1378
f 2166/1/3899 2014/1/3899 2013/1/3899
f 2013/1/3899 2164/1/3899 2166/1/3899
s 1379
f 2013/1/3900 2012/1/3900 2165/1/3900
f 2165/1/3900 2164/1/3900 2013/1/3900
s 1380
f 1995/1/3901 2125/1/3902 2165/1/3902
f 2165/1/3902 2012/1/3902 1995/1/3901
s 1381
f 2160/1/3903 2165/1/3903 2125/1/3903
f 2125/1/3903 2124/1/3903 2160/1/3903
s 1382
f 2161/1/3904 2160/1/3904 2124/1/3904
f 2124/1/3904 2123/1/3904 2161/1/3904
s 1383
f 2170/1/3905 2171/1/3905 2172/1/3905
f 2172/1/3905 2173/1/3905 2170/1/3905
s 1384
f 2174/1/3906 2175/1/3906 2171/1/3906
f 2171/1/3906 2170/1/3906 2174/1/3906
s 1385
f 2171/1/3907 2176/1/3907 2177/1/3908
f 2177/1/3908 2172/1/3908 2171/1/3907
s 1386
f 2175/1/3909 2178/1/3910 2176/1/3909
f 2176/1/3909 2171/1/3911 2175/1/3909
s 1387
f 2179/1/3912 877/1/3912 875/1/3912
f 875/1/3912 2173/1/3912 2179/1/3912
s 1388
f 874/1/3913 2170/1/3913 2173/1/3913
f 2173/1/3913 875/1/3913 874/1/3913
s 1389
f 873/1/3914 2174/1/3915 2170/1/3916
f 2170/1/3916 874/1/3917 873/1/3914
s 1390
f 2180/1/3918 2174/1/3919 873/1/3919
f 873/1/3919 872/1/3920 2180/1/3918
s 1391
f 2180/1/3921 2181/1/3921 2175/1/3921
f 2175/1/3921 2174/1/3921 2180/1/3921
s 1392
f 2182/1/3922 2178/1/3922 2175/1/3922
f 2175/1/3922 2181/1/3922 2182/1/3922
s 1393
f 2182/1/3923 855/1/3923 854/1/3923
f 854/1/3923 2178/1/3923 2182/1/3923
s 1394
f 2176/1/3924 2178/1/3924 854/1/3924
f 854/1/3924 853/1/3925 2176/1/3924
s 1395
f 2177/1/3926 2176/1/3926 853/1/3926
f 853/1/3926 851/1/3926 2177/1/3926
s 1396
f 851/1/3927 852/1/3928 2183/1/3927
f 2183/1/3927 2177/1/3929 851/1/3927
s 1397
f 2172/1/3930 2177/1/3930 2183/1/3930
f 2183/1/3930 2184/1/3930 2172/1/3930
s 1398
f 2184/1/3931 2179/1/3931 2173/1/3932
f 2173/1/3932 2172/1/3931 2184/1/3931
s 1399
f 2185/1/3933 2186/1/3933 2187/1/3933
f 2187/1/3933 2188/1/3933 2185/1/3933
s 1400
f 2189/1/3934 2190/1/3934 2186/1/3934
f 2186/1/3934 2185/1/3934 2189/1/3934
s 1401
f 2186/1/3935 2191/1/3936 2192/1/3937
f 2192/1/3937 2187/1/3937 2186/1/3935
s 1402
f 2190/1/3938 2193/1/3938 2191/1/3938
f 2191/1/3938 2186/1/3939 2190/1/3938
s 1403
f 2194/1/3940 993/1/3940 992/1/3941
f 992/1/3941 2188/1/3940 2194/1/3940
s 1404
f 1002/1/3942 2185/1/3942 2188/1/3942
f 2188/1/3942 992/1/3942 1002/1/3942
s 1405
f 1002/1/3943 1001/1/3943 2189/1/3943
f 2189/1/3943 2185/1/3943 1002/1/3943
s 1406
f 2152/1/3944 2189/1/3944 1001/1/3944
f 1001/1/3944 973/1/3944 2152/1/3944
s 1407
f 2190/1/3945 2189/1/3945 2152/1/3945
f 2152/1/3945 2157/1/3945 2190/1/3945
s 1408
f 2190/1/3946 2157/1/3947 2156/1/3948
f 2156/1/3948 2193/1/3947 2190/1/3946
s 1409
f 1588/1/3949 1611/1/3949 2193/1/3949
f 2193/1/3949 2156/1/3949 1588/1/3949
s 1410
f 2193/1/3950 1611/1/3950 1610/1/3950
f 1610/1/3950 2191/1/3950 2193/1/3950
s 1411
f 2191/1/3951 1610/1/3952 1609/1/3952
f 1609/1/3952 2192/1/3952 2191/1/3951
s 1412
f 1608/1/3953 2195/1/3953 2192/1/3953
f 2192/1/3953 1609/1/3953 1608/1/3953
s 1413
f 2196/1/3954 2187/1/3954 2192/1/3954
f 2192/1/3954 2195/1/3954 2196/1/3954
s 1414
f 2196/1/3955 2194/1/3955 2188/1/3955
f 2188/1/3955 2187/1/3956 2196/1/3955
s 1415
f 2197/1/3957 2198/1/3957 2199/1/3957
f 2199/1/3957 2200/1/3957 2197/1/3957
s 1416
f 2201/1/3958 2202/1/3958 2198/1/3958
f 2198/1/3958 2197/1/3958 2201/1/3958
s 1417
f 2198/1/3959 2203/1/3959 2204/1/3959
f 2204/1/3959 2199/1/3959 2198/1/3959
s 1418
f 2205/1/3960 2203/1/3961 2198/1/3960
f 2198/1/3960 2202/1/3960 2205/1/3960
s 1419
f 2167/1/3962 1398/1/3963 1420/1/3962
f 1420/1/3962 2200/1/3962 2167/1/3962
s 1420
f 2200/1/3964 1420/1/3964 1419/1/3964
f 1419/1/3964 2197/1/3964 2200/1/3964
s 1421
f 2201/1/3965 2197/1/3965 1419/1/3965
f 1419/1/3965 1417/1/3965 2201/1/3965
s 1422
f 2206/1/3966 2201/1/3967 1417/1/3966
f 1417/1/3966 1418/1/3966 2206/1/3966
s 1423
f 2206/1/3968 2207/1/3969 2202/1/3968
f 2202/1/3968 2201/1/3970 2206/1/3968
s 1424
f 2207/1/3971 2208/1/3971 2205/1/3971
f 2205/1/3971 2202/1/3971 2207/1/3971
s 1425
f 2205/1/3972 2208/1/3973 2035/1/3973
f 2035/1/3973 2034/1/3974 2205/1/3972
s 1426
f 2205/1/3975 2034/1/3976 2033/1/3975
f 2033/1/3975 2203/1/3977 2205/1/3975
s 1427
f 2033/1/3978 2032/1/3979 2204/1/3979
f 2204/1/3979 2203/1/3979 2033/1/3978
s 1428
f 2032/1/3980 2015/1/3981 2169/1/3982
f 2169/1/3982 2204/1/3980 2032/1/3980
s 1429
f 2169/1/3983 2168/1/3983 2199/1/3983
f 2199/1/3983 2204/1/3983 2169/1/3983
s 1430
f 2167/1/3984 2200/1/3984 2199/1/3985
f 2199/1/3985 2168/1/3984 2167/1/3984
s 1431
f 2209/1/3986 2210/1/3986 2211/1/3986
f 2211/1/3986 2212/1/3986 2209/1/3986
s 1432
f 2213/1/3987 2214/1/3987 2210/1/3987
f 2210/1/3987 2209/1/3987 2213/1/3987
s 1433
f 2210/1/3988 2215/1/3988 2216/1/3988
f 2216/1/3988 2211/1/3988 2210/1/3988
s 1434
f 2214/1/3989 2217/1/3990 2215/1/3989
f 2215/1/3989 2210/1/3991 2214/1/3989
s 1435
f 2180/1/3992 872/1/3992 900/1/3992
f 900/1/3992 2212/1/3992 2180/1/3992
s 1436
f 899/1/3993 2209/1/3994 2212/1/3993
f 2212/1/3993 900/1/3993 899/1/3993
s 1437
f 898/1/3995 2213/1/3996 2209/1/3996
f 2209/1/3996 899/1/3996 898/1/3995
s 1438
f 898/1/3997 897/1/3998 2218/1/3998
f 2218/1/3998 2213/1/3999 898/1/3997
s 1439
f 2218/1/4000 2219/1/4000 2214/1/4001
f 2214/1/4001 2213/1/4000 2218/1/4000
s 1440
f 2220/1/4002 2217/1/4002 2214/1/4002
f 2214/1/4002 2219/1/4002 2220/1/4002
s 1441
f 2217/1/4003 2220/1/4004 1515/1/4004
f 1515/1/4004 1514/1/4004 2217/1/4003
s 1442
f 2215/1/4005 2217/1/4005 1514/1/4005
f 1514/1/4005 1513/1/4006 2215/1/4005
s 1443
f 2216/1/4007 2215/1/4007 1513/1/4007
f 1513/1/4007 1512/1/4007 2216/1/4007
s 1444
f 1512/1/4008 855/1/4008 2182/1/4008
f 2182/1/4008 2216/1/4008 1512/1/4008
s 1445
f 2181/1/4009 2211/1/4009 2216/1/4009
f 2216/1/4009 2182/1/4009 2181/1/4009
s 1446
f 2212/1/4010 2211/1/4010 2181/1/4010
f 2181/1/4010 2180/1/4010 2212/1/4010
s 1447
f 2221/1/4011 2222/1/4012 2223/1/4011
f 2223/1/4011 2224/1/4011 2221/1/4011
s 1448
f 2225/1/4013 2226/1/4014 2222/1/4013
f 2222/1/4013 2221/1/4013 2225/1/4013
s 1449
f 2222/1/4015 2227/1/4016 2228/1/4016
f 2228/1/4016 2223/1/4017 2222/1/4015
s 1450
f 2226/1/4018 2229/1/4018 2227/1/4018
f 2227/1/4018 2222/1/4018 2226/1/4018
s 1451
f 2224/1/4019 2230/1/4019 1013/1/4019
f 1013/1/4019 1012/1/4019 2224/1/4019
s 1452
f 1022/1/4020 2221/1/4020 2224/1/4020
f 2224/1/4020 1012/1/4021 1022/1/4020
s 1453
f 1022/1/4022 1021/1/4023 2225/1/4023
f 2225/1/4023 2221/1/4023 1022/1/4022
s 1454
f 993/1/4024 2194/1/4024 2225/1/4024
f 2225/1/4024 1021/1/4024 993/1/4024
s 1455
f 2194/1/4025 2196/1/4025 2226/1/4025
f 2226/1/4025 2225/1/4025 2194/1/4025
s 1456
f 2229/1/4026 2226/1/4027 2196/1/4028
f 2196/1/4028 2195/1/4029 2229/1/4026
s 1457
f 2229/1/4030 2195/1/4030 1608/1/4030
f 1608/1/4030 1631/1/4030 2229/1/4030
s 1458
f 2229/1/4031 1631/1/4031 1630/1/4031
f 1630/1/4031 2227/1/4031 2229/1/4031
s 1459
f 2227/1/4032 1630/1/4033 1629/1/4033
f 1629/1/4033 2228/1/4034 2227/1/4032
s 1460
f 1629/1/4035 1628/1/4035 2231/1/4035
f 2231/1/4035 2228/1/4035 1629/1/4035
s 1461
f 2223/1/4036 2228/1/4036 2231/1/4036
f 2231/1/4036 2232/1/4036 2223/1/4036
s 1462
f 2232/1/4037 2230/1/4037 2224/1/4037
f 2224/1/4037 2223/1/4037 2232/1/4037
s 1463
f 2233/1/4038 2234/1/4038 2235/1/4039
f 2235/1/4039 2236/1/4040 2233/1/4038
s 1464
f 2237/1/4041 2238/1/4041 2234/1/4041
f 2234/1/4041 2233/1/4041 2237/1/4041
s 1465
f 2234/1/4042 2239/1/4043 2240/1/4042
f 2240/1/4042 2235/1/4044 2234/1/4042
s 1466
f 2241/1/4045 2239/1/4045 2234/1/4045
f 2234/1/4045 2238/1/4045 2241/1/4045
s 1467
f 2206/1/4046 1418/1/4047 1440/1/4046
f 1440/1/4046 2236/1/4047 2206/1/4046
s 1468
f 2236/1/4048 1440/1/4049 1439/1/4048
f 1439/1/4048 2233/1/4050 2236/1/4048
s 1469
f 2237/1/4051 2233/1/4052 1439/1/4053
f 1439/1/4053 1437/1/4051 2237/1/4051
s 1470
f 2242/1/4054 2237/1/4054 1437/1/4054
f 1437/1/4054 1438/1/4054 2242/1/4054
s 1471
f 2242/1/4055 2243/1/4056 2238/1/4055
f 2238/1/4055 2237/1/4055 2242/1/4055
s 1472
f 2241/1/4057 2238/1/4058 2243/1/4058
f 2243/1/4058 2244/1/4058 2241/1/4057
s 1473
f 2241/1/4059 2244/1/4059 2055/1/4059
f 2055/1/4059 2054/1/4059 2241/1/4059
s 1474
f 2241/1/4060 2054/1/4060 2053/1/4060
f 2053/1/4060 2239/1/4060 2241/1/4060
s 1475
f 2053/1/4061 2052/1/4061 2240/1/4061
f 2240/1/4061 2239/1/4061 2053/1/4061
s 1476
f 2035/1/4062 2208/1/4063 2240/1/4063
f 2240/1/4063 2052/1/4063 2035/1/4062
s 1477
f 2207/1/4064 2235/1/4064 2240/1/4064
f 2240/1/4064 2208/1/4064 2207/1/4064
s 1478
f 2236/1/4065 2235/1/4065 2207/1/4065
f 2207/1/4065 2206/1/4065 2236/1/4065
s 1479
f 2245/1/4066 2246/1/4066 2247/1/4066
f 2247/1/4066 2248/1/4066 2245/1/4066
s 1480
f 2249/1/4067 2250/1/4067 2246/1/4067
f 2246/1/4067 2245/1/4067 2249/1/4067
s 1481
f 2246/1/4068 2251/1/4068 2252/1/4069
f 2252/1/4069 2247/1/4069 2246/1/4068
s 1482
f 2250/1/4070 2253/1/4071 2251/1/4072
f 2251/1/4072 2246/1/4071 2250/1/4070
s 1483
f 2218/1/4073 897/1/4074 920/1/4073
f 920/1/4073 2248/1/4073 2218/1/4073
s 1484
f 2248/1/4075 920/1/4076 919/1/4076
f 919/1/4076 2245/1/4076 2248/1/4075
s 1485
f 918/1/4077 2249/1/4078 2245/1/4078
f 2245/1/4078 919/1/4079 918/1/4077
s 1486
f 918/1/4080 917/1/4080 2254/1/4080
f 2254/1/4080 2249/1/4080 918/1/4080
s 1487
f 2254/1/4081 2255/1/4081 2250/1/4081
f 2250/1/4081 2249/1/4081 2254/1/4081
s 1488
f 2253/1/4082 2250/1/4083 2255/1/4084
f 2255/1/4084 2256/1/4083 2253/1/4082
s 1489
f 2253/1/4085 2256/1/4085 1535/1/4085
f 1535/1/4085 1534/1/4086 2253/1/4085
s 1490
f 2251/1/4087 2253/1/4087 1534/1/4088
f 1534/1/4088 1533/1/4087 2251/1/4087
s 1491
f 1533/1/4089 1532/1/4089 2252/1/4090
f 2252/1/4090 2251/1/4089 1533/1/4089
s 1492
f 1532/1/4091 1515/1/4091 2220/1/4091
f 2220/1/4091 2252/1/4091 1532/1/4091
s 1493
f 2219/1/4092 2247/1/4092 2252/1/4092
f 2252/1/4092 2220/1/4092 2219/1/4092
s 1494
f 2247/1/4093 2219/1/4093 2218/1/4093
f 2218/1/4093 2248/1/4093 2247/1/4093
s 1495
f 2257/1/4094 2258/1/4094 2259/1/4094
f 2259/1/4094 2260/1/4094 2257/1/4094
s 1496
f 2261/1/4095 2262/1/4096 2258/1/4095
f 2258/1/4095 2257/1/4097 2261/1/4095
s 1497
f 2258/1/4098 2263/1/4098 2264/1/4098
f 2264/1/4098 2259/1/4098 2258/1/4098
s 1498
f 2262/1/4099 2265/1/4100 2263/1/4099
f 2263/1/4099 2258/1/4099 2262/1/4099
s 1499
f 1033/1/4101 1032/1/4102 2260/1/4102
f 2260/1/4102 2266/1/4101 1033/1/4101
s 1500
f 1042/1/4103 2257/1/4103 2260/1/4103
f 2260/1/4103 1032/1/4103 1042/1/4103
s 1501
f 1042/1/4104 1041/1/4104 2261/1/4104
f 2261/1/4104 2257/1/4104 1042/1/4104
s 1502
f 2261/1/4105 1041/1/4105 1013/1/4105
f 1013/1/4105 2230/1/4105 2261/1/4105
s 1503
f 2262/1/4106 2261/1/4106 2230/1/4106
f 2230/1/4106 2232/1/4106 2262/1/4106
s 1504
f 2231/1/4107 2265/1/4107 2262/1/4108
f 2262/1/4108 2232/1/4108 2231/1/4107
s 1505
f 1651/1/4109 2265/1/4109 2231/1/4109
f 2231/1/4109 1628/1/4109 1651/1/4109
s 1506
f 2265/1/4110 1651/1/4110 1650/1/4110
f 1650/1/4110 2263/1/4111 2265/1/4110
s 1507
f 2263/1/4112 1650/1/4112 1649/1/4112
f 1649/1/4112 2264/1/4112 2263/1/4112
s 1508
f 1649/1/4113 1648/1/4114 2267/1/4113
f 2267/1/4113 2264/1/4113 1649/1/4113
s 1509
f 2259/1/4115 2264/1/4116 2267/1/4117
f 2267/1/4117 2268/1/4116 2259/1/4115
s 1510
f 2268/1/4118 2266/1/4118 2260/1/4118
f 2260/1/4118 2259/1/4118 2268/1/4118
s 1511
f 2269/1/4119 2270/1/4119 2271/1/4119
f 2271/1/4119 2272/1/4120 2269/1/4119
s 1512
f 2273/1/4121 2274/1/4122 2270/1/4122
f 2270/1/4122 2269/1/4122 2273/1/4121
s 1513
f 2270/1/4123 2275/1/4123 2276/1/4124
f 2276/1/4124 2271/1/4123 2270/1/4123
s 1514
f 2277/1/4125 2275/1/4126 2270/1/4125
f 2270/1/4125 2274/1/4127 2277/1/4125
s 1515
f 2242/1/4128 1438/1/4129 1460/1/4129
f 1460/1/4129 2272/1/4129 2242/1/4128
s 1516
f 2272/1/4130 1460/1/4131 1459/1/4132
f 1459/1/4132 2269/1/4133 2272/1/4130
s 1517
f 2273/1/4134 2269/1/4135 1459/1/4135
f 1459/1/4135 1457/1/4135 2273/1/4134
s 1518
f 2278/1/4136 2273/1/4136 1457/1/4136
f 1457/1/4136 1458/1/4136 2278/1/4136
s 1519
f 2278/1/4137 2279/1/4137 2274/1/4137
f 2274/1/4137 2273/1/4137 2278/1/4137
s 1520
f 2277/1/4138 2274/1/4139 2279/1/4139
f 2279/1/4139 2280/1/4139 2277/1/4138
s 1521
f 2277/1/4140 2280/1/4141 2075/1/4142
f 2075/1/4142 2074/1/4142 2277/1/4140
s 1522
f 2277/1/4143 2074/1/4143 2073/1/4144
f 2073/1/4144 2275/1/4145 2277/1/4143
s 1523
f 2073/1/4146 2072/1/4147 2276/1/4148
f 2276/1/4148 2275/1/4146 2073/1/4146
s 1524
f 2072/1/4149 2055/1/4149 2244/1/4150
f 2244/1/4150 2276/1/4151 2072/1/4149
s 1525
f 2271/1/4152 2276/1/4152 2244/1/4152
f 2244/1/4152 2243/1/4152 2271/1/4152
s 1526
f 2272/1/4153 2271/1/4153 2243/1/4154
f 2243/1/4154 2242/1/4153 2272/1/4153
s 1527
f 2281/1/4155 2282/1/4155 2283/1/4155
f 2283/1/4155 2284/1/4155 2281/1/4155
s 1528
f 2285/1/4156 2286/1/4156 2282/1/4156
f 2282/1/4156 2281/1/4156 2285/1/4156
s 1529
f 2282/1/4157 2287/1/4158 2288/1/4159
f 2288/1/4159 2283/1/4160 2282/1/4157
s 1530
f 2286/1/4161 2289/1/4162 2287/1/4161
f 2287/1/4161 2282/1/4161 2286/1/4161
s 1531
f 2284/1/4163 2254/1/4164 917/1/4165
f 917/1/4165 940/1/4166 2284/1/4163
s 1532
f 939/1/4167 2281/1/4168 2284/1/4168
f 2284/1/4168 940/1/4168 939/1/4167
s 1533
f 937/1/4169 2285/1/4169 2281/1/4169
f 2281/1/4169 939/1/4169 937/1/4169
s 1534
f 2290/1/4170 2285/1/4170 937/1/4170
f 937/1/4170 938/1/4170 2290/1/4170
s 1535
f 2290/1/4171 2291/1/4171 2286/1/4172
f 2286/1/4172 2285/1/4171 2290/1/4171
s 1536
f 2289/1/4173 2286/1/4173 2291/1/4173
f 2291/1/4173 2292/1/4173 2289/1/4173
s 1537
f 2289/1/4174 2292/1/4175 1555/1/4174
f 1555/1/4174 1554/1/4176 2289/1/4174
s 1538
f 2287/1/4177 2289/1/4178 1554/1/4179
f 1554/1/4179 1553/1/4180 2287/1/4177
s 1539
f 2288/1/4181 2287/1/4181 1553/1/4181
f 1553/1/4181 1552/1/4181 2288/1/4181
s 1540
f 1552/1/4182 1535/1/4182 2256/1/4182
f 2256/1/4182 2288/1/4182 1552/1/4182
s 1541
f 2255/1/4183 2283/1/4184 2288/1/4185
f 2288/1/4185 2256/1/4186 2255/1/4183
s 1542
f 2284/1/4187 2283/1/4187 2255/1/4187
f 2255/1/4187 2254/1/4187 2284/1/4187
s 1543
f 2293/1/3801 2294/1/3800 2295/1/3800
f 2295/1/3800 2296/1/3801 2293/1/3801
s 1544
f 2297/1/4188 2298/1/4188 2294/1/4188
f 2294/1/4188 2293/1/4188 2297/1/4188
s 1545
f 2294/1/4189 2299/1/4189 2300/1/4189
f 2300/1/4189 2295/1/4189 2294/1/4189
s 1546
f 2298/1/4190 2301/1/4191 2299/1/3804
f 2299/1/3804 2294/1/3804 2298/1/4190
s 1547
f 2296/1/3814 2302/1/3814 1053/1/3814
f 1053/1/3814 1052/1/3814 2296/1/3814
s 1548
f 1062/1/4192 2293/1/4192 2296/1/4193
f 2296/1/4193 1052/1/4192 1062/1/4192
s 1549
f 1062/1/3811 1061/1/3811 2297/1/3811
f 2297/1/3811 2293/1/3811 1062/1/3811
s 1550
f 2266/1/3809 2297/1/3809 1061/1/3809
f 1061/1/3809 1033/1/3809 2266/1/3809
s 1551
f 2298/1/3827 2297/1/3827 2266/1/4194
f 2266/1/4194 2268/1/3827 2298/1/3827
s 1552
f 2267/1/3825 2301/1/3825 2298/1/3825
f 2298/1/3825 2268/1/3825 2267/1/3825
s 1553
f 1671/1/3824 2301/1/3822 2267/1/3822
f 2267/1/3822 1648/1/3822 1671/1/3824
s 1554
f 2301/1/3821 1671/1/3821 1670/1/3821
f 1670/1/3821 2299/1/3821 2301/1/3821
s 1555
f 2299/1/3820 1670/1/3820 1669/1/3820
f 1669/1/3820 2300/1/3820 2299/1/3820
s 1556
f 1669/1/3818 1668/1/3818 2303/1/3818
f 2303/1/3818 2300/1/3818 1669/1/3818
s 1557
f 2295/1/3816 2300/1/3816 2303/1/3816
f 2303/1/3816 2304/1/3816 2295/1/3816
s 1558
f 2304/1/3815 2302/1/3815 2296/1/3815
f 2296/1/3815 2295/1/3815 2304/1/3815
s 1559
f 2305/1/4195 2306/1/4195 2307/1/4195
f 2307/1/4195 2308/1/4196 2305/1/4195
s 1560
f 2309/1/4197 2310/1/4197 2306/1/4197
f 2306/1/4197 2305/1/4197 2309/1/4197
s 1561
f 2306/1/4198 2311/1/4198 2312/1/4198
f 2312/1/4198 2307/1/4198 2306/1/4198
s 1562
f 2313/1/4199 2311/1/4199 2306/1/4199
f 2306/1/4199 2310/1/4199 2313/1/4199
s 1563
f 2278/1/4200 1458/1/4201 1480/1/4200
f 1480/1/4200 2308/1/4201 2278/1/4200
s 1564
f 2308/1/4202 1480/1/4202 1479/1/4202
f 1479/1/4202 2305/1/4202 2308/1/4202
s 1565
f 2309/1/4203 2305/1/4203 1479/1/4203
f 1479/1/4203 1477/1/4203 2309/1/4203
s 1566
f 2314/1/4204 2309/1/4204 1477/1/4204
f 1477/1/4204 1478/1/4205 2314/1/4204
s 1567
f 2314/1/4206 2315/1/4206 2310/1/4206
f 2310/1/4206 2309/1/4206 2314/1/4206
s 1568
f 2313/1/4207 2310/1/4207 2315/1/4207
f 2315/1/4207 2316/1/4207 2313/1/4207
s 1569
f 2313/1/4208 2316/1/4209 2095/1/4209
f 2095/1/4209 2094/1/4209 2313/1/4208
s 1570
f 2313/1/4210 2094/1/4210 2093/1/4210
f 2093/1/4210 2311/1/4210 2313/1/4210
s 1571
f 2093/1/4211 2092/1/4211 2312/1/4211
f 2312/1/4211 2311/1/4211 2093/1/4211
s 1572
f 2092/1/4212 2075/1/4212 2280/1/4212
f 2280/1/4212 2312/1/4212 2092/1/4212
s 1573
f 2307/1/4213 2312/1/4214 2280/1/4215
f 2280/1/4215 2279/1/4213 2307/1/4213
s 1574
f 2308/1/4216 2307/1/4216 2279/1/4216
f 2279/1/4216 2278/1/4216 2308/1/4216
s 1575
f 2317/1/4217 2318/1/4218 2319/1/4217
f 2319/1/4217 2320/1/4217 2317/1/4217
s 1576
f 2321/1/4219 2322/1/4219 2318/1/4219
f 2318/1/4219 2317/1/4219 2321/1/4219
s 1577
f 2318/1/4220 2323/1/4220 2324/1/4220
f 2324/1/4220 2319/1/4220 2318/1/4220
s 1578
f 2322/1/4221 2325/1/4221 2323/1/4221
f 2323/1/4221 2318/1/4221 2322/1/4221
s 1579
f 2290/1/4222 938/1/4222 960/1/4222
f 960/1/4222 2320/1/4222 2290/1/4222
s 1580
f 959/1/4223 2317/1/4223 2320/1/4223
f 2320/1/4223 960/1/4224 959/1/4223
s 1581
f 958/1/4225 2321/1/4225 2317/1/4226
f 2317/1/4226 959/1/4226 958/1/4225
s 1582
f 2326/1/4227 2321/1/4227 958/1/4227
f 958/1/4227 957/1/4227 2326/1/4227
s 1583
f 2326/1/4228 2327/1/4228 2322/1/4228
f 2322/1/4228 2321/1/4228 2326/1/4228
s 1584
f 2325/1/4229 2322/1/4229 2327/1/4230
f 2327/1/4230 2328/1/4230 2325/1/4229
s 1585
f 2325/1/4231 2328/1/4231 1575/1/4231
f 1575/1/4231 1574/1/4231 2325/1/4231
s 1586
f 2323/1/4232 2325/1/4232 1574/1/4232
f 1574/1/4232 1573/1/4232 2323/1/4232
s 1587
f 2324/1/4233 2323/1/4233 1573/1/4233
f 1573/1/4233 1572/1/4233 2324/1/4233
s 1588
f 1572/1/4234 1555/1/4234 2292/1/4234
f 2292/1/4234 2324/1/4234 1572/1/4234
s 1589
f 2291/1/4235 2319/1/4236 2324/1/4236
f 2324/1/4236 2292/1/4236 2291/1/4235
s 1590
f 2320/1/4237 2319/1/4237 2291/1/4238
f 2291/1/4238 2290/1/4237 2320/1/4237
s 1591
f 2329/1/3886 2330/1/3886 2331/1/3886
f 2331/1/3886 2332/1/4239 2329/1/3886
s 1592
f 2333/1/3883 2334/1/4240 2330/1/4240
f 2330/1/4240 2329/1/3883 2333/1/3883
s 1593
f 2330/1/3889 2335/1/3889 2336/1/3889
f 2336/1/3889 2331/1/3889 2330/1/3889
s 1594
f 2334/1/4241 2337/1/3888 2335/1/3888
f 2335/1/3888 2330/1/4241 2334/1/4241
s 1595
f 2332/1/4242 2338/1/4243 1073/1/4242
f 1073/1/4242 1072/1/4242 2332/1/4242
s 1596
f 1082/1/3893 2329/1/3893 2332/1/3893
f 2332/1/3893 1072/1/3893 1082/1/3893
s 1597
f 1082/1/3891 1081/1/3891 2333/1/4244
f 2333/1/4244 2329/1/3891 1082/1/3891
s 1598
f 2302/1/4245 2333/1/4246 1081/1/4245
f 1081/1/4245 1053/1/4246 2302/1/4245
s 1599
f 2334/1/3904 2333/1/3904 2302/1/4247
f 2302/1/4247 2304/1/3904 2334/1/3904
s 1600
f 2303/1/3903 2337/1/3903 2334/1/3903
f 2334/1/3903 2304/1/3903 2303/1/3903
s 1601
f 1691/1/4248 2337/1/4248 2303/1/4248
f 2303/1/4248 1668/1/4248 1691/1/4248
s 1602
f 2337/1/3900 1691/1/3900 1690/1/3900
f 1690/1/3900 2335/1/3900 2337/1/3900
s 1603
f 2335/1/3899 1690/1/3899 1689/1/3899
f 1689/1/3899 2336/1/3899 2335/1/3899
s 1604
f 1689/1/4249 1688/1/3897 2339/1/3897
f 2339/1/3897 2336/1/3897 1689/1/4249
s 1605
f 2331/1/4250 2336/1/4251 2339/1/4252
f 2339/1/4252 2340/1/4253 2331/1/4250
s 1606
f 2340/1/3895 2338/1/3895 2332/1/4254
f 2332/1/4254 2331/1/3895 2340/1/3895
s 1607
f 2341/1/4255 2342/1/4255 2343/1/4255
f 2343/1/4255 2344/1/4256 2341/1/4255
s 1608
f 2345/1/4257 2346/1/4257 2342/1/4258
f 2342/1/4258 2341/1/4257 2345/1/4257
s 1609
f 2342/1/4259 2347/1/4259 2348/1/4259
f 2348/1/4259 2343/1/4260 2342/1/4259
s 1610
f 2349/1/4261 2347/1/4261 2342/1/4261
f 2342/1/4261 2346/1/4261 2349/1/4261
s 1611
f 2314/1/4262 1478/1/4262 1495/1/4263
f 1495/1/4263 2344/1/4263 2314/1/4262
s 1612
f 2344/1/4264 1495/1/4264 1494/1/4264
f 1494/1/4264 2341/1/4265 2344/1/4264
s 1613
f 2345/1/4266 2341/1/4266 1494/1/4266
f 1494/1/4266 1493/1/4266 2345/1/4266
s 1614
f 2179/1/4267 2345/1/4267 1493/1/4267
f 1493/1/4267 877/1/4267 2179/1/4267
s 1615
f 2184/1/4268 2346/1/4268 2345/1/4269
f 2345/1/4269 2179/1/4268 2184/1/4268
s 1616
f 2183/1/4270 2349/1/4271 2346/1/4272
f 2346/1/4272 2184/1/4271 2183/1/4270
s 1617
f 2349/1/4273 2183/1/4273 852/1/4273
f 852/1/4273 2112/1/4273 2349/1/4273
s 1618
f 2349/1/4274 2112/1/4274 2111/1/4274
f 2111/1/4274 2347/1/4274 2349/1/4274
s 1619
f 2111/1/4275 2110/1/4275 2348/1/4276
f 2348/1/4276 2347/1/4275 2111/1/4275
s 1620
f 2110/1/4277 2095/1/4277 2316/1/4277
f 2316/1/4277 2348/1/4277 2110/1/4277
s 1621
f 2343/1/4278 2348/1/4278 2316/1/4278
f 2316/1/4278 2315/1/4278 2343/1/4278
s 1622
f 2344/1/4279 2343/1/4279 2315/1/4279
f 2315/1/4279 2314/1/4279 2344/1/4279
s 1623
f 2350/1/4280 2351/1/4281 2352/1/4282
f 2352/1/4282 2353/1/4282 2350/1/4280
s 1624
f 2354/1/4283 2355/1/4283 2351/1/4283
f 2351/1/4283 2350/1/4284 2354/1/4283
s 1625
f 2351/1/4285 2356/1/4286 2357/1/4285
f 2357/1/4285 2352/1/4287 2351/1/4285
s 1626
f 2355/1/4288 2358/1/4288 2356/1/4288
f 2356/1/4288 2351/1/4289 2355/1/4288
s 1627
f 2326/1/4290 957/1/4290 980/1/4290
f 980/1/4290 2353/1/4290 2326/1/4290
s 1628
f 979/1/4291 2350/1/4291 2353/1/4291
f 2353/1/4291 980/1/4291 979/1/4291
s 1629
f 978/1/4292 2354/1/4292 2350/1/4292
f 2350/1/4292 979/1/4292 978/1/4292
s 1630
f 978/1/4293 977/1/4293 2359/1/4293
f 2359/1/4293 2354/1/4293 978/1/4293
s 1631
f 2359/1/4294 2360/1/4294 2355/1/4294
f 2355/1/4294 2354/1/4294 2359/1/4294
s 1632
f 2355/1/4295 2360/1/4295 2361/1/4295
f 2361/1/4295 2358/1/4295 2355/1/4295
s 1633
f 1595/1/4296 1594/1/4296 2358/1/4296
f 2358/1/4296 2361/1/4296 1595/1/4296
s 1634
f 2356/1/4297 2358/1/4297 1594/1/4297
f 1594/1/4297 1593/1/4297 2356/1/4297
s 1635
f 2357/1/4298 2356/1/4298 1593/1/4298
f 1593/1/4298 1592/1/4298 2357/1/4298
s 1636
f 1592/1/4299 1575/1/4299 2328/1/4299
f 2328/1/4299 2357/1/4299 1592/1/4299
s 1637
f 2327/1/4300 2352/1/4300 2357/1/4300
f 2357/1/4300 2328/1/4300 2327/1/4300
s 1638
f 2353/1/4301 2352/1/4301 2327/1/4301
f 2327/1/4301 2326/1/4301 2353/1/4301
s 1639
f 2362/1/4302 2363/1/4303 2364/1/4302
f 2364/1/4302 2365/1/4304 2362/1/4302
s 1640
f 2366/1/3957 2367/1/3957 2363/1/4305
f 2363/1/4305 2362/1/3957 2366/1/3957
s 1641
f 2363/1/3960 2368/1/4306 2369/1/3960
f 2369/1/3960 2364/1/3960 2363/1/3960
s 1642
f 2367/1/3959 2370/1/3959 2368/1/3959
f 2368/1/3959 2363/1/3959 2367/1/3959
s 1643
f 2365/1/3966 2371/1/4307 1093/1/3967
f 1093/1/3967 1092/1/3967 2365/1/3966
s 1644
f 1102/1/4308 2362/1/4308 2365/1/4308
f 2365/1/4308 1092/1/3965 1102/1/4308
s 1645
f 1102/1/3964 1101/1/3964 2366/1/4309
f 2366/1/4309 2362/1/4310 1102/1/3964
s 1646
f 2338/1/4311 2366/1/3962 1101/1/3962
f 1101/1/3962 1073/1/3963 2338/1/4311
s 1647
f 2367/1/4312 2366/1/3984 2338/1/4312
f 2338/1/4312 2340/1/4313 2367/1/4312
s 1648
f 2339/1/3983 2370/1/3983 2367/1/3983
f 2367/1/3983 2340/1/3983 2339/1/3983
s 1649
f 1711/1/4314 2370/1/4314 2339/1/4314
f 2339/1/4314 1688/1/4314 1711/1/4314
s 1650
f 2370/1/3979 1711/1/3979 1710/1/3979
f 1710/1/3979 2368/1/3979 2370/1/3979
s 1651
f 2368/1/3977 1710/1/3977 1709/1/4315
f 1709/1/4315 2369/1/3977 2368/1/3977
s 1652
f 2369/1/4316 1709/1/4317 1708/1/4316
f 1708/1/4316 2372/1/4318 2369/1/4316
s 1653
f 2369/1/3971 2372/1/4319 2373/1/3971
f 2373/1/3971 2364/1/4320 2369/1/3971
s 1654
f 2364/1/3970 2373/1/3968 2371/1/3970
f 2371/1/3970 2365/1/3970 2364/1/3970
s 1655
f 2374/1/4321 2375/1/4322 2376/1/4321
f 2376/1/4321 2377/1/4321 2374/1/4321
s 1656
f 2378/1/4323 2379/1/4324 2375/1/4324
f 2375/1/4324 2374/1/4324 2378/1/4323
s 1657
f 2375/1/4325 2380/1/4326 2381/1/4325
f 2381/1/4325 2376/1/4325 2375/1/4325
s 1658
f 2382/1/4327 2380/1/4327 2375/1/4327
f 2375/1/4327 2379/1/4327 2382/1/4327
s 1659
f 2359/1/4328 977/1/4328 1000/1/4328
f 1000/1/4328 2377/1/4328 2359/1/4328
s 1660
f 2377/1/4329 1000/1/4330 999/1/4330
f 999/1/4330 2374/1/4329 2377/1/4329
s 1661
f 2378/1/4331 2374/1/4331 999/1/4331
f 999/1/4331 998/1/4331 2378/1/4331
s 1662
f 2383/1/4332 2378/1/4333 998/1/4333
f 998/1/4333 997/1/4333 2383/1/4332
s 1663
f 2383/1/4334 2384/1/4334 2379/1/4334
f 2379/1/4334 2378/1/4334 2383/1/4334
s 1664
f 2382/1/4335 2379/1/4335 2384/1/4335
f 2384/1/4335 2385/1/4335 2382/1/4335
s 1665
f 1615/1/4336 1614/1/4336 2382/1/4337
f 2382/1/4337 2385/1/4336 1615/1/4336
s 1666
f 2382/1/4338 1614/1/4338 1613/1/4338
f 1613/1/4338 2380/1/4338 2382/1/4338
s 1667
f 1613/1/4339 1612/1/4339 2381/1/4339
f 2381/1/4339 2380/1/4339 1613/1/4339
s 1668
f 1612/1/4340 1595/1/4340 2361/1/4340
f 2361/1/4340 2381/1/4340 1612/1/4340
s 1669
f 2376/1/4341 2381/1/4341 2361/1/4341
f 2361/1/4341 2360/1/4341 2376/1/4341
s 1670
f 2377/1/4342 2376/1/4342 2360/1/4342
f 2360/1/4342 2359/1/4342 2377/1/4342
s 1671
f 2386/1/4041 2387/1/4041 2388/1/4041
f 2388/1/4041 2389/1/4041 2386/1/4041
s 1672
f 2390/1/4040 2391/1/4040 2387/1/4040
f 2387/1/4040 2386/1/4040 2390/1/4040
s 1673
f 2387/1/4045 2392/1/4045 2393/1/4045
f 2393/1/4045 2388/1/4045 2387/1/4045
s 1674
f 2391/1/4043 2394/1/4043 2392/1/4043
f 2392/1/4043 2387/1/4043 2391/1/4043
s 1675
f 2389/1/4054 2395/1/4054 1113/1/4054
f 1113/1/4054 1112/1/4054 2389/1/4054
s 1676
f 1122/1/4343 2386/1/4051 2389/1/4344
f 2389/1/4344 1112/1/4051 1122/1/4343
s 1677
f 1122/1/4345 1121/1/4346 2390/1/4345
f 2390/1/4345 2386/1/4050 1122/1/4345
s 1678
f 1121/1/4347 1093/1/4347 2371/1/4347
f 2371/1/4347 2390/1/4348 1121/1/4347
s 1679
f 2391/1/4065 2390/1/4065 2371/1/4065
f 2371/1/4065 2373/1/4065 2391/1/4065
s 1680
f 2372/1/4064 2394/1/4349 2391/1/4350
f 2391/1/4350 2373/1/4064 2372/1/4064
s 1681
f 2372/1/4351 1708/1/4063 1731/1/4063
f 1731/1/4063 2394/1/4063 2372/1/4351
s 1682
f 2394/1/4061 1731/1/4061 1730/1/4061
f 1730/1/4061 2392/1/4061 2394/1/4061
s 1683
f 2392/1/4060 1730/1/4060 1729/1/4060
f 1729/1/4060 2393/1/4352 2392/1/4060
s 1684
f 2393/1/4059 1729/1/4059 1728/1/4059
f 1728/1/4059 2396/1/4353 2393/1/4059
s 1685
f 2397/1/4058 2388/1/4058 2393/1/4058
f 2393/1/4058 2396/1/4058 2397/1/4058
s 1686
f 2388/1/4354 2397/1/4354 2395/1/4354
f 2395/1/4354 2389/1/4355 2388/1/4354
s 1687
f 2398/1/4356 2399/1/4356 2400/1/4357
f 2400/1/4357 2401/1/4356 2398/1/4356
s 1688
f 2402/1/4358 2403/1/4359 2399/1/4358
f 2399/1/4358 2398/1/4359 2402/1/4358
s 1689
f 2399/1/4360 2404/1/4361 2405/1/4362
f 2405/1/4362 2400/1/4361 2399/1/4360
s 1690
f 2406/1/4363 2404/1/4363 2399/1/4363
f 2399/1/4363 2403/1/4363 2406/1/4363
s 1691
f 2383/1/4364 997/1/4365 1020/1/4364
f 1020/1/4364 2401/1/4364 2383/1/4364
s 1692
f 2401/1/4366 1020/1/4367 1019/1/4368
f 1019/1/4368 2398/1/4367 2401/1/4366
s 1693
f 2402/1/4369 2398/1/4370 1019/1/4371
f 1019/1/4371 1017/1/4370 2402/1/4369
s 1694
f 2402/1/4372 1017/1/4373 1018/1/4372
f 1018/1/4372 2407/1/4372 2402/1/4372
s 1695
f 2407/1/4374 2408/1/4374 2403/1/4374
f 2403/1/4374 2402/1/4374 2407/1/4374
s 1696
f 2406/1/4375 2403/1/4375 2408/1/4375
f 2408/1/4375 2409/1/4375 2406/1/4375
s 1697
f 1635/1/4376 1634/1/4376 2406/1/4376
f 2406/1/4376 2409/1/4377 1635/1/4376
s 1698
f 2406/1/4378 1634/1/4378 1633/1/4379
f 1633/1/4379 2404/1/4380 2406/1/4378
s 1699
f 1633/1/4381 1632/1/4381 2405/1/4381
f 2405/1/4381 2404/1/4381 1633/1/4381
s 1700
f 1632/1/4382 1615/1/4383 2385/1/4384
f 2385/1/4384 2405/1/4384 1632/1/4382
s 1701
f 2384/1/4385 2400/1/4385 2405/1/4385
f 2405/1/4385 2385/1/4385 2384/1/4385
s 1702
f 2400/1/4386 2384/1/4386 2383/1/4386
f 2383/1/4386 2401/1/4386 2400/1/4386
s 1703
f 2410/1/4387 2411/1/4388 2412/1/4387
f 2412/1/4387 2413/1/4122 2410/1/4387
s 1704
f 2414/1/4119 2415/1/4119 2411/1/4119
f 2411/1/4119 2410/1/4389 2414/1/4119
s 1705
f 2411/1/4390 2416/1/4390 2417/1/4127
f 2417/1/4127 2412/1/4127 2411/1/4390
s 1706
f 2415/1/4123 2418/1/4123 2416/1/4123
f 2416/1/4123 2411/1/4123 2415/1/4123
s 1707
f 2413/1/4391 2419/1/4392 1133/1/4393
f 1133/1/4393 1132/1/4394 2413/1/4391
s 1708
f 1142/1/4135 2410/1/4135 2413/1/4395
f 2413/1/4395 1132/1/4135 1142/1/4135
s 1709
f 1142/1/4396 1141/1/4133 2414/1/4396
f 2414/1/4396 2410/1/4397 1142/1/4396
s 1710
f 1141/1/4129 1113/1/4129 2395/1/4129
f 2395/1/4129 2414/1/4129 1141/1/4129
s 1711
f 2415/1/4153 2414/1/4153 2395/1/4153
f 2395/1/4153 2397/1/4153 2415/1/4153
s 1712
f 2396/1/4152 2418/1/4152 2415/1/4152
f 2415/1/4152 2397/1/4152 2396/1/4152
s 1713
f 2396/1/4149 1728/1/4149 1751/1/4149
f 1751/1/4149 2418/1/4149 2396/1/4149
s 1714
f 2418/1/4398 1751/1/4146 1750/1/4398
f 1750/1/4398 2416/1/4398 2418/1/4398
s 1715
f 2416/1/4145 1750/1/4145 1749/1/4145
f 1749/1/4145 2417/1/4145 2416/1/4145
s 1716
f 2417/1/4140 1749/1/4140 1748/1/4142
f 1748/1/4142 2420/1/4140 2417/1/4140
s 1717
f 2421/1/4139 2412/1/4139 2417/1/4139
f 2417/1/4139 2420/1/4139 2421/1/4139
s 1718
f 2412/1/4137 2421/1/4137 2419/1/4137
f 2419/1/4137 2413/1/4137 2412/1/4137
s 1719
f 2422/1/4399 2423/1/4399 2424/1/4400
f 2424/1/4400 2425/1/4401 2422/1/4399
s 1720
f 2426/1/4402 2427/1/4402 2423/1/4402
f 2423/1/4402 2422/1/4402 2426/1/4402
s 1721
f 2423/1/4403 2428/1/4404 2429/1/4404
f 2429/1/4404 2424/1/4404 2423/1/4403
s 1722
f 2430/1/4405 2428/1/4406 2423/1/4407
f 2423/1/4407 2427/1/4406 2430/1/4405
s 1723
f 2407/1/4408 1018/1/4408 1040/1/4408
f 1040/1/4408 2425/1/4408 2407/1/4408
s 1724
f 2425/1/4409 1040/1/4410 1039/1/4409
f 1039/1/4409 2422/1/4411 2425/1/4409
s 1725
f 2426/1/4412 2422/1/4412 1039/1/4413
f 1039/1/4413 1037/1/4414 2426/1/4412
s 1726
f 2426/1/4415 1037/1/4416 1038/1/4415
f 1038/1/4415 2431/1/4415 2426/1/4415
s 1727
f 2431/1/4417 2432/1/4417 2427/1/4417
f 2427/1/4417 2426/1/4417 2431/1/4417
s 1728
f 2430/1/4418 2427/1/4418 2432/1/4418
f 2432/1/4418 2433/1/4418 2430/1/4418
s 1729
f 1655/1/4419 1654/1/4419 2430/1/4419
f 2430/1/4419 2433/1/4419 1655/1/4419
s 1730
f 2430/1/4420 1654/1/4420 1653/1/4420
f 1653/1/4420 2428/1/4420 2430/1/4420
s 1731
f 1653/1/4421 1652/1/4421 2429/1/4422
f 2429/1/4422 2428/1/4421 1653/1/4421
s 1732
f 1652/1/4423 1635/1/4423 2409/1/4424
f 2409/1/4424 2429/1/4424 1652/1/4423
s 1733
f 2408/1/4425 2424/1/4426 2429/1/4427
f 2429/1/4427 2409/1/4427 2408/1/4425
s 1734
f 2407/1/4428 2425/1/4428 2424/1/4428
f 2424/1/4428 2408/1/4428 2407/1/4428
s 1735
f 2434/1/4429 2435/1/4197 2436/1/4197
f 2436/1/4197 2437/1/4197 2434/1/4429
s 1736
f 2438/1/4195 2439/1/4195 2435/1/4195
f 2435/1/4195 2434/1/4195 2438/1/4195
s 1737
f 2435/1/4430 2440/1/4199 2441/1/4199
f 2441/1/4199 2436/1/4199 2435/1/4430
s 1738
f 2439/1/4198 2442/1/4431 2440/1/4432
f 2440/1/4432 2435/1/4198 2439/1/4198
s 1739
f 2437/1/4433 2443/1/4433 1153/1/4204
f 1153/1/4204 1152/1/4434 2437/1/4433
s 1740
f 1162/1/4435 2434/1/4435 2437/1/4203
f 2437/1/4203 1152/1/4203 1162/1/4435
s 1741
f 1162/1/4202 1161/1/4202 2438/1/4202
f 2438/1/4202 2434/1/4202 1162/1/4202
s 1742
f 1161/1/4436 1133/1/4201 2419/1/4201
f 2419/1/4201 2438/1/4436 1161/1/4436
s 1743
f 2439/1/4437 2438/1/4437 2419/1/4216
f 2419/1/4216 2421/1/4216 2439/1/4437
s 1744
f 2420/1/4213 2442/1/4213 2439/1/4215
f 2439/1/4215 2421/1/4213 2420/1/4213
s 1745
f 2420/1/4438 1748/1/4212 1771/1/4212
f 1771/1/4212 2442/1/4439 2420/1/4438
s 1746
f 2442/1/4211 1771/1/4211 1770/1/4211
f 1770/1/4211 2440/1/4211 2442/1/4211
s 1747
f 2440/1/4210 1770/1/4210 1769/1/4440
f 1769/1/4440 2441/1/4440 2440/1/4210
s 1748
f 2441/1/4209 1769/1/4441 1768/1/4209
f 1768/1/4209 2444/1/4209 2441/1/4209
s 1749
f 2441/1/4207 2444/1/4207 2445/1/4207
f 2445/1/4207 2436/1/4207 2441/1/4207
s 1750
f 2436/1/4206 2445/1/4206 2443/1/4206
f 2443/1/4206 2437/1/4206 2436/1/4206
s 1751
f 2446/1/4442 2447/1/4442 2448/1/4442
f 2448/1/4442 2449/1/4442 2446/1/4442
s 1752
f 2450/1/4443 2451/1/4444 2447/1/4443
f 2447/1/4443 2446/1/4443 2450/1/4443
s 1753
f 2447/1/4445 2452/1/4445 2453/1/4445
f 2453/1/4445 2448/1/4445 2447/1/4445
s 1754
f 2454/1/4446 2452/1/4446 2447/1/4446
f 2447/1/4446 2451/1/4446 2454/1/4446
s 1755
f 2431/1/4447 1038/1/4447 1060/1/4447
f 1060/1/4447 2449/1/4447 2431/1/4447
s 1756
f 2449/1/4448 1060/1/4448 1059/1/4448
f 1059/1/4448 2446/1/4448 2449/1/4448
s 1757
f 2450/1/4449 2446/1/4449 1059/1/4450
f 1059/1/4450 1057/1/4450 2450/1/4449
s 1758
f 2450/1/4451 1057/1/4451 1058/1/4451
f 1058/1/4451 2455/1/4451 2450/1/4451
s 1759
f 2455/1/4452 2456/1/4452 2451/1/4452
f 2451/1/4452 2450/1/4452 2455/1/4452
s 1760
f 2454/1/4453 2451/1/4453 2456/1/4453
f 2456/1/4453 2457/1/4453 2454/1/4453
s 1761
f 1675/1/4454 1674/1/4454 2454/1/4455
f 2454/1/4455 2457/1/4456 1675/1/4454
s 1762
f 2454/1/4457 1674/1/4457 1673/1/4457
f 1673/1/4457 2452/1/4457 2454/1/4457
s 1763
f 1673/1/4458 1672/1/4458 2453/1/4458
f 2453/1/4458 2452/1/4458 1673/1/4458
s 1764
f 1672/1/4459 1655/1/4460 2433/1/4459
f 2433/1/4459 2453/1/4459 1672/1/4459
s 1765
f 2432/1/4461 2448/1/4461 2453/1/4461
f 2453/1/4461 2433/1/4461 2432/1/4461
s 1766
f 2448/1/4462 2432/1/4462 2431/1/4462
f 2431/1/4462 2449/1/4462 2448/1/4462
s 1767
f 2458/1/4257 2459/1/4257 2460/1/4463
f 2460/1/4463 2461/1/4464 2458/1/4257
s 1768
f 2462/1/4256 2463/1/4256 2459/1/4256
f 2459/1/4256 2458/1/4256 2462/1/4256
s 1769
f 2459/1/4261 2464/1/4261 2465/1/4261
f 2465/1/4261 2460/1/4261 2459/1/4261
s 1770
f 2463/1/4259 2466/1/4259 2464/1/4259
f 2464/1/4259 2459/1/4259 2463/1/4259
s 1771
f 2461/1/4465 2467/1/4267 1173/1/4466
f 1173/1/4466 1172/1/4467 2461/1/4465
s 1772
f 1182/1/4266 2458/1/4266 2461/1/4266
f 2461/1/4266 1172/1/4266 1182/1/4266
s 1773
f 1182/1/4468 1181/1/4468 2462/1/4468
f 2462/1/4468 2458/1/4468 1182/1/4468
s 1774
f 1181/1/4262 1153/1/4262 2443/1/4469
f 2443/1/4469 2462/1/4262 1181/1/4262
s 1775
f 2463/1/4279 2462/1/4279 2443/1/4279
f 2443/1/4279 2445/1/4470 2463/1/4279
s 1776
f 2444/1/4278 2466/1/4278 2463/1/4278
f 2463/1/4278 2445/1/4278 2444/1/4278
s 1777
f 2444/1/4471 1768/1/4471 1791/1/4471
f 1791/1/4471 2466/1/4472 2444/1/4471
s 1778
f 2466/1/4473 1791/1/4473 1790/1/4473
f 1790/1/4473 2464/1/4473 2466/1/4473
s 1779
f 2464/1/4274 1790/1/4274 1789/1/4274
f 1789/1/4274 2465/1/4474 2464/1/4274
s 1780
f 2465/1/4273 1789/1/4475 1788/1/4476
f 1788/1/4476 2468/1/4273 2465/1/4273
s 1781
f 2469/1/4477 2460/1/4271 2465/1/4477
f 2465/1/4477 2468/1/4271 2469/1/4477
s 1782
f 2460/1/4268 2469/1/4268 2467/1/4268
f 2467/1/4268 2461/1/4268 2460/1/4268
s 1783
f 2470/1/4478 2471/1/4479 2472/1/4478
f 2472/1/4478 2473/1/4478 2470/1/4478
s 1784
f 2474/1/4480 2475/1/4480 2471/1/4480
f 2471/1/4480 2470/1/4481 2474/1/4480
s 1785
f 2471/1/4482 2476/1/4483 2477/1/4484
f 2477/1/4484 2472/1/4485 2471/1/4482
s 1786
f 2478/1/4486 2476/1/4486 2471/1/4487
f 2471/1/4487 2475/1/4487 2478/1/4486
s 1787
f 2455/1/4488 1058/1/4488 1080/1/4488
f 1080/1/4488 2473/1/4488 2455/1/4488
s 1788
f 2473/1/4489 1080/1/4489 1079/1/4490
f 1079/1/4490 2470/1/4489 2473/1/4489
s 1789
f 2474/1/4491 2470/1/4491 1079/1/4491
f 1079/1/4491 1077/1/4491 2474/1/4491
s 1790
f 2474/1/4492 1077/1/4493 1078/1/4492
f 1078/1/4492 2479/1/4492 2474/1/4492
s 1791
f 2479/1/4494 2480/1/4495 2475/1/4494
f 2475/1/4494 2474/1/4494 2479/1/4494
s 1792
f 2478/1/4496 2475/1/4496 2480/1/4497
f 2480/1/4497 2481/1/4496 2478/1/4496
s 1793
f 1695/1/4498 1694/1/4499 2478/1/4498
f 2478/1/4498 2481/1/4498 1695/1/4498
s 1794
f 2478/1/4500 1694/1/4500 1693/1/4501
f 1693/1/4501 2476/1/4502 2478/1/4500
s 1795
f 1693/1/4503 1692/1/4503 2477/1/4503
f 2477/1/4503 2476/1/4503 1693/1/4503
s 1796
f 1692/1/4504 1675/1/4504 2457/1/4504
f 2457/1/4504 2477/1/4504 1692/1/4504
s 1797
f 2456/1/4505 2472/1/4505 2477/1/4505
f 2477/1/4505 2457/1/4505 2456/1/4505
s 1798
f 2472/1/4506 2456/1/4506 2455/1/4506
f 2455/1/4506 2473/1/4506 2472/1/4506
s 1799
f 2482/1/4507 2483/1/4507 2484/1/4507
f 2484/1/4507 2485/1/4507 2482/1/4507
s 1800
f 2486/1/3905 2487/1/3905 2483/1/3905
f 2483/1/3905 2482/1/3905 2486/1/3905
s 1801
f 2483/1/3911 2488/1/3911 2489/1/4508
f 2489/1/4508 2484/1/3911 2483/1/3911
s 1802
f 2487/1/3907 2490/1/4509 2488/1/3907
f 2488/1/3907 2483/1/3907 2487/1/3907
s 1803
f 2485/1/4510 2491/1/4511 1193/1/4511
f 1193/1/4511 1192/1/3920 2485/1/4510
s 1804
f 1202/1/3916 2482/1/3914 2485/1/3916
f 2485/1/3916 1192/1/3916 1202/1/3916
s 1805
f 1202/1/4512 1201/1/3913 2486/1/4513
f 2486/1/4513 2482/1/3913 1202/1/4512
s 1806
f 1201/1/3912 1173/1/3912 2467/1/4514
f 2467/1/4514 2486/1/3912 1201/1/3912
s 1807
f 2487/1/3931 2486/1/3931 2467/1/3931
f 2467/1/3931 2469/1/3931 2487/1/3931
s 1808
f 2468/1/3930 2490/1/3930 2487/1/3930
f 2487/1/3930 2469/1/3930 2468/1/3930
s 1809
f 2468/1/4515 1788/1/3928 1811/1/4515
f 1811/1/4515 2490/1/4515 2468/1/4515
s 1810
f 2490/1/4516 1811/1/4517 1810/1/4518
f 1810/1/4518 2488/1/3926 2490/1/4516
s 1811
f 2488/1/3925 1810/1/3924 1809/1/3924
f 1809/1/3924 2489/1/3925 2488/1/3925
s 1812
f 2489/1/4519 1809/1/4519 1808/1/4520
f 1808/1/4520 2492/1/3923 2489/1/4519
s 1813
f 2493/1/3922 2484/1/3922 2489/1/3922
f 2489/1/3922 2492/1/3922 2493/1/3922
s 1814
f 2484/1/3921 2493/1/3921 2491/1/3921
f 2491/1/3921 2485/1/3921 2484/1/3921
s 1815
f 2494/1/4521 2495/1/4521 2496/1/4521
f 2496/1/4521 2497/1/4521 2494/1/4521
s 1816
f 2498/1/4522 2499/1/4522 2495/1/4522
f 2495/1/4522 2494/1/4522 2498/1/4522
s 1817
f 2495/1/4523 2500/1/4523 2501/1/4523
f 2501/1/4523 2496/1/4523 2495/1/4523
s 1818
f 2502/1/4524 2500/1/4525 2495/1/4524
f 2495/1/4524 2499/1/4524 2502/1/4524
s 1819
f 2479/1/4526 1078/1/4526 1100/1/4526
f 1100/1/4526 2497/1/4526 2479/1/4526
s 1820
f 2497/1/4527 1100/1/4527 1099/1/4528
f 1099/1/4528 2494/1/4528 2497/1/4527
s 1821
f 2498/1/4529 2494/1/4529 1099/1/4529
f 1099/1/4529 1097/1/4529 2498/1/4529
s 1822
f 2498/1/4530 1097/1/4530 1098/1/4530
f 1098/1/4530 2503/1/4530 2498/1/4530
s 1823
f 2503/1/4531 2504/1/4532 2499/1/4533
f 2499/1/4533 2498/1/4532 2503/1/4531
s 1824
f 2502/1/4534 2499/1/4534 2504/1/4534
f 2504/1/4534 2505/1/4534 2502/1/4534
s 1825
f 1715/1/4535 1714/1/4535 2502/1/4535
f 2502/1/4535 2505/1/4535 1715/1/4535
s 1826
f 2502/1/4536 1714/1/4537 1713/1/4538
f 1713/1/4538 2500/1/4539 2502/1/4536
s 1827
f 1713/1/4540 1712/1/4541 2501/1/4542
f 2501/1/4542 2500/1/4542 1713/1/4540
s 1828
f 1712/1/4543 1695/1/4544 2481/1/4543
f 2481/1/4543 2501/1/4545 1712/1/4543
s 1829
f 2480/1/4546 2496/1/4546 2501/1/4546
f 2501/1/4546 2481/1/4546 2480/1/4546
s 1830
f 2479/1/4547 2497/1/4548 2496/1/4548
f 2496/1/4548 2480/1/4548 2479/1/4547
s 1831
f 2506/1/4549 2507/1/3987 2508/1/4549
f 2508/1/4549 2509/1/4550 2506/1/4549
s 1832
f 2510/1/3986 2511/1/3986 2507/1/3986
f 2507/1/3986 2506/1/3986 2510/1/3986
s 1833
f 2507/1/3991 2512/1/3991 2513/1/3991
f 2513/1/3991 2508/1/3989 2507/1/3991
s 1834
f 2511/1/3988 2514/1/3988 2512/1/4551
f 2512/1/4551 2507/1/3988 2511/1/3988
s 1835
f 2509/1/4552 2515/1/3997 1213/1/4552
f 1213/1/4552 1212/1/4552 2509/1/4552
s 1836
f 1222/1/4553 2506/1/4553 2509/1/4553
f 2509/1/4553 1212/1/4553 1222/1/4553
s 1837
f 1222/1/3993 1221/1/4554 2510/1/3993
f 2510/1/3993 2506/1/3993 1222/1/3993
s 1838
f 1221/1/3992 1193/1/4555 2491/1/3992
f 2491/1/3992 2510/1/3992 1221/1/3992
s 1839
f 2511/1/4556 2510/1/4010 2491/1/4556
f 2491/1/4556 2493/1/4557 2511/1/4556
s 1840
f 2492/1/4558 2514/1/4009 2511/1/4009
f 2511/1/4009 2493/1/4559 2492/1/4558
s 1841
f 2492/1/4560 1808/1/4560 1831/1/4560
f 1831/1/4560 2514/1/4560 2492/1/4560
s 1842
f 2514/1/4007 1831/1/4561 1830/1/4007
f 1830/1/4007 2512/1/4007 2514/1/4007
s 1843
f 2512/1/4005 1830/1/4006 1829/1/4005
f 1829/1/4005 2513/1/4005 2512/1/4005
s 1844
f 2513/1/4003 1829/1/4003 1828/1/4003
f 1828/1/4003 2516/1/4003 2513/1/4003
s 1845
f 2517/1/4002 2508/1/4002 2513/1/4002
f 2513/1/4002 2516/1/4002 2517/1/4002
s 1846
f 2508/1/4562 2517/1/4000 2515/1/4563
f 2515/1/4563 2509/1/4564 2508/1/4562
s 1847
f 2518/1/4565 2519/1/4565 2520/1/4565
f 2520/1/4565 2521/1/4565 2518/1/4565
s 1848
f 2522/1/4566 2523/1/4566 2519/1/4566
f 2519/1/4566 2518/1/4566 2522/1/4566
s 1849
f 2519/1/4567 2524/1/4568 2525/1/4568
f 2525/1/4568 2520/1/4567 2519/1/4567
s 1850
f 2526/1/4569 2524/1/4569 2519/1/4569
f 2519/1/4569 2523/1/4569 2526/1/4569
s 1851
f 2503/1/4570 1098/1/4570 1120/1/4570
f 1120/1/4570 2521/1/4570 2503/1/4570
s 1852
f 2521/1/4571 1120/1/4572 1119/1/4572
f 1119/1/4572 2518/1/4572 2521/1/4571
s 1853
f 2522/1/4573 2518/1/4573 1119/1/4573
f 1119/1/4573 1117/1/4574 2522/1/4573
s 1854
f 2522/1/4575 1117/1/4575 1118/1/4575
f 1118/1/4575 2527/1/4575 2522/1/4575
s 1855
f 2527/1/4576 2528/1/4576 2523/1/4576
f 2523/1/4576 2522/1/4576 2527/1/4576
s 1856
f 2526/1/4577 2523/1/4577 2528/1/4577
f 2528/1/4577 2529/1/4577 2526/1/4577
s 1857
f 1735/1/4578 1734/1/4578 2526/1/4578
f 2526/1/4578 2529/1/4578 1735/1/4578
s 1858
f 2526/1/4579 1734/1/4580 1733/1/4579
f 1733/1/4579 2524/1/4579 2526/1/4579
s 1859
f 1733/1/4581 1732/1/4581 2525/1/4582
f 2525/1/4582 2524/1/4581 1733/1/4581
s 1860
f 1732/1/4583 1715/1/4584 2505/1/4585
f 2505/1/4585 2525/1/4586 1732/1/4583
s 1861
f 2504/1/4587 2520/1/4587 2525/1/4587
f 2525/1/4587 2505/1/4587 2504/1/4587
s 1862
f 2503/1/4588 2521/1/4589 2520/1/4589
f 2520/1/4589 2504/1/4589 2503/1/4588
s 1863
f 2530/1/4067 2531/1/4590 2532/1/4067
f 2532/1/4067 2533/1/4067 2530/1/4067
s 1864
f 2534/1/4066 2535/1/4066 2531/1/4066
f 2531/1/4066 2530/1/4066 2534/1/4066
s 1865
f 2531/1/4071 2536/1/4071 2537/1/4071
f 2537/1/4071 2532/1/4071 2531/1/4071
s 1866
f 2535/1/4591 2538/1/4068 2536/1/4591
f 2536/1/4591 2531/1/4592 2535/1/4591
s 1867
f 2533/1/4593 2539/1/4594 1233/1/4593
f 1233/1/4593 1232/1/4593 2533/1/4593
s 1868
f 1242/1/4079 2530/1/4079 2533/1/4079
f 2533/1/4079 1232/1/4079 1242/1/4079
s 1869
f 1242/1/4076 1241/1/4075 2534/1/4076
f 2534/1/4076 2530/1/4076 1242/1/4076
s 1870
f 1241/1/4073 1213/1/4073 2515/1/4073
f 2515/1/4073 2534/1/4073 1241/1/4073
s 1871
f 2535/1/4093 2534/1/4093 2515/1/4093
f 2515/1/4093 2517/1/4093 2535/1/4093
s 1872
f 2516/1/4092 2538/1/4092 2535/1/4092
f 2535/1/4092 2517/1/4092 2516/1/4092
s 1873
f 2516/1/4595 1828/1/4595 1851/1/4595
f 1851/1/4595 2538/1/4595 2516/1/4595
s 1874
f 2538/1/4090 1851/1/4596 1850/1/4089
f 1850/1/4089 2536/1/4089 2538/1/4090
s 1875
f 2536/1/4087 1850/1/4597 1849/1/4087
f 1849/1/4087 2537/1/4598 2536/1/4087
s 1876
f 2537/1/4085 1849/1/4085 1848/1/4085
f 1848/1/4085 2540/1/4085 2537/1/4085
s 1877
f 2541/1/4083 2532/1/4083 2537/1/4083
f 2537/1/4083 2540/1/4083 2541/1/4083
s 1878
f 2532/1/4081 2541/1/4081 2539/1/4081
f 2539/1/4081 2533/1/4081 2532/1/4081
s 1879
f 2542/1/4599 2543/1/4599 2544/1/4599
f 2544/1/4599 2545/1/4599 2542/1/4599
s 1880
f 2546/1/4600 2547/1/4601 2543/1/4601
f 2543/1/4601 2542/1/4600 2546/1/4600
s 1881
f 2543/1/4602 2548/1/4602 2549/1/4602
f 2549/1/4602 2544/1/4602 2543/1/4602
s 1882
f 2550/1/4603 2548/1/4604 2543/1/4604
f 2543/1/4604 2547/1/4603 2550/1/4603
s 1883
f 2527/1/4605 1118/1/4605 1140/1/4605
f 1140/1/4605 2545/1/4605 2527/1/4605
s 1884
f 2545/1/4606 1140/1/4606 1139/1/4606
f 1139/1/4606 2542/1/4606 2545/1/4606
s 1885
f 2546/1/4607 2542/1/4607 1139/1/4607
f 1139/1/4607 1137/1/4608 2546/1/4607
s 1886
f 2546/1/4609 1137/1/4610 1138/1/4609
f 1138/1/4609 2551/1/4609 2546/1/4609
s 1887
f 2551/1/4611 2552/1/4611 2547/1/4611
f 2547/1/4611 2546/1/4611 2551/1/4611
s 1888
f 2550/1/4612 2547/1/4612 2552/1/4612
f 2552/1/4612 2553/1/4612 2550/1/4612
s 1889
f 1755/1/4613 1754/1/4613 2550/1/4613
f 2550/1/4613 2553/1/4613 1755/1/4613
s 1890
f 2550/1/4614 1754/1/4614 1753/1/4614
f 1753/1/4614 2548/1/4615 2550/1/4614
s 1891
f 1753/1/4616 1752/1/4617 2549/1/4617
f 2549/1/4617 2548/1/4616 1753/1/4616
s 1892
f 1752/1/4618 1735/1/4619 2529/1/4619
f 2529/1/4619 2549/1/4619 1752/1/4618
s 1893
f 2528/1/4620 2544/1/4620 2549/1/4620
f 2549/1/4620 2529/1/4620 2528/1/4620
s 1894
f 2544/1/4621 2528/1/4621 2527/1/4621
f 2527/1/4621 2545/1/4621 2544/1/4621
s 1895
f 2554/1/4156 2555/1/4156 2556/1/4156
f 2556/1/4156 2557/1/4156 2554/1/4156
s 1896
f 2558/1/4155 2559/1/4155 2555/1/4155
f 2555/1/4155 2554/1/4155 2558/1/4155
s 1897
f 2555/1/4161 2560/1/4161 2561/1/4161
f 2561/1/4161 2556/1/4161 2555/1/4161
s 1898
f 2559/1/4158 2562/1/4158 2560/1/4158
f 2560/1/4158 2555/1/4158 2559/1/4158
s 1899
f 2557/1/4170 2563/1/4170 1253/1/4622
f 1253/1/4622 1252/1/4170 2557/1/4170
s 1900
f 1262/1/4169 2554/1/4169 2557/1/4169
f 2557/1/4169 1252/1/4169 1262/1/4169
s 1901
f 1262/1/4623 1261/1/4168 2558/1/4624
f 2558/1/4624 2554/1/4168 1262/1/4623
s 1902
f 1261/1/4166 1233/1/4166 2539/1/4166
f 2539/1/4166 2558/1/4166 1261/1/4166
s 1903
f 2559/1/4187 2558/1/4187 2539/1/4187
f 2539/1/4187 2541/1/4187 2559/1/4187
s 1904
f 2540/1/4625 2562/1/4625 2559/1/4625
f 2559/1/4625 2541/1/4186 2540/1/4625
s 1905
f 2540/1/4182 1848/1/4182 1871/1/4182
f 1871/1/4182 2562/1/4182 2540/1/4182
s 1906
f 2562/1/4626 1871/1/4181 1870/1/4181
f 1870/1/4181 2560/1/4181 2562/1/4626
s 1907
f 2560/1/4627 1870/1/4627 1869/1/4180
f 1869/1/4180 2561/1/4627 2560/1/4627
s 1908
f 2561/1/4628 1869/1/4628 1868/1/4175
f 1868/1/4175 2564/1/4175 2561/1/4628
s 1909
f 2565/1/4173 2556/1/4173 2561/1/4173
f 2561/1/4173 2564/1/4173 2565/1/4173
s 1910
f 2556/1/4629 2565/1/4171 2563/1/4171
f 2563/1/4171 2557/1/4171 2556/1/4629
s 1911
f 2566/1/4630 2567/1/4631 2568/1/4631
f 2568/1/4631 2569/1/4631 2566/1/4630
s 1912
f 2570/1/4632 2571/1/4632 2567/1/4632
f 2567/1/4632 2566/1/4633 2570/1/4632
s 1913
f 2567/1/4634 2572/1/4635 2573/1/4636
f 2573/1/4636 2568/1/4637 2567/1/4634
s 1914
f 2574/1/4638 2572/1/4638 2567/1/4638
f 2567/1/4638 2571/1/4638 2574/1/4638
s 1915
f 2551/1/4639 1138/1/4639 1160/1/4639
f 1160/1/4639 2569/1/4639 2551/1/4639
s 1916
f 2569/1/4640 1160/1/4640 1159/1/4640
f 1159/1/4640 2566/1/4640 2569/1/4640
s 1917
f 2570/1/4641 2566/1/4642 1159/1/4642
f 1159/1/4642 1157/1/4642 2570/1/4641
s 1918
f 2570/1/4643 1157/1/4643 1158/1/4643
f 1158/1/4643 2575/1/4643 2570/1/4643
s 1919
f 2575/1/4644 2576/1/4645 2571/1/4646
f 2571/1/4646 2570/1/4646 2575/1/4644
s 1920
f 2574/1/4647 2571/1/4647 2576/1/4647
f 2576/1/4647 2577/1/4647 2574/1/4647
s 1921
f 1775/1/4648 1774/1/4649 2574/1/4648
f 2574/1/4648 2577/1/4650 1775/1/4648
s 1922
f 2574/1/4651 1774/1/4651 1773/1/4651
f 1773/1/4651 2572/1/4651 2574/1/4651
s 1923
f 1773/1/4652 1772/1/4652 2573/1/4652
f 2573/1/4652 2572/1/4652 1773/1/4652
s 1924
f 1772/1/4653 1755/1/4653 2553/1/4653
f 2553/1/4653 2573/1/4653 1772/1/4653
s 1925
f 2552/1/4654 2568/1/4654 2573/1/4655
f 2573/1/4655 2553/1/4654 2552/1/4654
s 1926
f 2568/1/4656 2552/1/4656 2551/1/4656
f 2551/1/4656 2569/1/4656 2568/1/4656
s 1927
f 2578/1/4219 2579/1/4219 2580/1/4219
f 2580/1/4219 2581/1/4219 2578/1/4219
s 1928
f 2582/1/4217 2583/1/4217 2579/1/4657
f 2579/1/4657 2578/1/4218 2582/1/4217
s 1929
f 2579/1/4221 2584/1/4221 2585/1/4221
f 2585/1/4221 2580/1/4221 2579/1/4221
s 1930
f 2583/1/4658 2586/1/4658 2584/1/4658
f 2584/1/4658 2579/1/4658 2583/1/4658
s 1931
f 2581/1/4227 2587/1/4227 1273/1/4227
f 1273/1/4227 1272/1/4227 2581/1/4227
s 1932
f 1282/1/4225 2578/1/4225 2581/1/4225
f 2581/1/4225 1272/1/4225 1282/1/4225
s 1933
f 1282/1/4224 1281/1/4224 2582/1/4224
f 2582/1/4224 2578/1/4224 1282/1/4224
s 1934
f 1281/1/4222 1253/1/4222 2563/1/4222
f 2563/1/4222 2582/1/4222 1281/1/4222
s 1935
f 2583/1/4237 2582/1/4237 2563/1/4237
f 2563/1/4237 2565/1/4237 2583/1/4237
s 1936
f 2564/1/4659 2586/1/4236 2583/1/4235
f 2583/1/4235 2565/1/4236 2564/1/4659
s 1937
f 2564/1/4660 1868/1/4660 1891/1/4660
f 1891/1/4660 2586/1/4660 2564/1/4660
s 1938
f 2586/1/4233 1891/1/4233 1890/1/4661
f 1890/1/4661 2584/1/4662 2586/1/4233
s 1939
f 2584/1/4232 1890/1/4232 1889/1/4232
f 1889/1/4232 2585/1/4232 2584/1/4232
s 1940
f 2585/1/4231 1889/1/4231 1888/1/4663
f 1888/1/4663 2588/1/4664 2585/1/4231
s 1941
f 2589/1/4229 2580/1/4229 2585/1/4229
f 2585/1/4229 2588/1/4229 2589/1/4229
s 1942
f 2580/1/4665 2589/1/4665 2587/1/4665
f 2587/1/4665 2581/1/4665 2580/1/4665
s 1943
f 2590/1/3829 2591/1/3829 2592/1/3829
f 2592/1/3829 2593/1/3829 2590/1/3829
s 1944
f 2594/1/3828 2595/1/3828 2591/1/3828
f 2591/1/3828 2590/1/3828 2594/1/3828
s 1945
f 2591/1/3832 2596/1/3832 2597/1/3832
f 2597/1/3832 2592/1/3832 2591/1/3832
s 1946
f 2598/1/3831 2596/1/3831 2591/1/3831
f 2591/1/3831 2595/1/3831 2598/1/3831
s 1947
f 2575/1/3838 1158/1/3838 1180/1/3838
f 1180/1/3838 2593/1/3838 2575/1/3838
s 1948
f 2593/1/4666 1180/1/4666 1179/1/4666
f 1179/1/4666 2590/1/4666 2593/1/4666
s 1949
f 2594/1/4667 2590/1/3834 1179/1/3834
f 1179/1/3834 1177/1/3834 2594/1/4667
s 1950
f 2594/1/3833 1177/1/3833 1178/1/4668
f 1178/1/4668 2599/1/4669 2594/1/3833
s 1951
f 2599/1/3851 2600/1/3851 2595/1/3851
f 2595/1/3851 2594/1/3851 2599/1/3851
s 1952
f 2598/1/3850 2595/1/3850 2600/1/3850
f 2600/1/3850 2601/1/3850 2598/1/3850
s 1953
f 1795/1/4670 1794/1/4670 2598/1/4670
f 2598/1/4670 2601/1/3848 1795/1/4670
s 1954
f 2598/1/4671 1794/1/3845 1793/1/3845
f 1793/1/3845 2596/1/3845 2598/1/4671
s 1955
f 1793/1/4672 1792/1/4673 2597/1/4672
f 2597/1/4672 2596/1/3843 1793/1/4672
s 1956
f 1792/1/3841 1775/1/3841 2577/1/3841
f 2577/1/3841 2597/1/3841 1792/1/3841
s 1957
f 2576/1/4674 2592/1/3840 2597/1/3840
f 2597/1/3840 2577/1/3840 2576/1/4674
s 1958
f 2575/1/4675 2593/1/4676 2592/1/4675
f 2592/1/4675 2576/1/3839 2575/1/4675
s 1959
f 2602/1/4677 2603/1/4678 2604/1/4677
f 2604/1/4677 2605/1/4284 2602/1/4677
s 1960
f 2606/1/4679 2607/1/4282 2603/1/4282
f 2603/1/4282 2602/1/4282 2606/1/4679
s 1961
f 2603/1/4288 2608/1/4680 2609/1/4681
f 2609/1/4681 2604/1/4681 2603/1/4288
s 1962
f 2607/1/4682 2610/1/4682 2608/1/4682
f 2608/1/4682 2603/1/4683 2607/1/4682
s 1963
f 2605/1/4684 2611/1/4684 1293/1/4685
f 1293/1/4685 1292/1/4684 2605/1/4684
s 1964
f 1302/1/4292 2602/1/4292 2605/1/4292
f 2605/1/4292 1292/1/4292 1302/1/4292
s 1965
f 1302/1/4291 1301/1/4291 2606/1/4291
f 2606/1/4291 2602/1/4291 1302/1/4291
s 1966
f 1301/1/4290 1273/1/4290 2587/1/4290
f 2587/1/4290 2606/1/4290 1301/1/4290
s 1967
f 2607/1/4301 2606/1/4301 2587/1/4301
f 2587/1/4301 2589/1/4301 2607/1/4301
s 1968
f 2588/1/4300 2610/1/4300 2607/1/4300
f 2607/1/4300 2589/1/4300 2588/1/4300
s 1969
f 2588/1/4299 1888/1/4299 1911/1/4299
f 1911/1/4299 2610/1/4299 2588/1/4299
s 1970
f 2610/1/4298 1911/1/4298 1910/1/4298
f 1910/1/4298 2608/1/4298 2610/1/4298
s 1971
f 2608/1/4297 1910/1/4297 1909/1/4297
f 1909/1/4297 2609/1/4297 2608/1/4297
s 1972
f 2609/1/4296 1909/1/4296 1908/1/4686
f 1908/1/4686 2612/1/4296 2609/1/4296
s 1973
f 2613/1/4295 2604/1/4295 2609/1/4295
f 2609/1/4295 2612/1/4295 2613/1/4295
s 1974
f 2604/1/4687 2613/1/4294 2611/1/4687
f 2611/1/4687 2605/1/4294 2604/1/4687
s 1975
f 2614/1/4688 2615/1/4688 2616/1/4689
f 2616/1/4689 2617/1/4688 2614/1/4688
s 1976
f 2618/1/4690 2619/1/4691 2615/1/4691
f 2615/1/4691 2614/1/4691 2618/1/4690
s 1977
f 2615/1/4692 2620/1/4692 2621/1/4692
f 2621/1/4692 2616/1/4692 2615/1/4692
s 1978
f 2622/1/4693 2620/1/4693 2615/1/4693
f 2615/1/4693 2619/1/4693 2622/1/4693
s 1979
f 2599/1/4694 1178/1/4695 1200/1/4696
f 1200/1/4696 2617/1/4697 2599/1/4694
s 1980
f 2617/1/4698 1200/1/4699 1199/1/4698
f 1199/1/4698 2614/1/4698 2617/1/4698
s 1981
f 2618/1/4700 2614/1/4701 1199/1/4702
f 1199/1/4702 1197/1/4703 2618/1/4700
s 1982
f 2618/1/4704 1197/1/4704 1198/1/4704
f 1198/1/4704 2623/1/4704 2618/1/4704
s 1983
f 2623/1/4705 2624/1/4706 2619/1/4706
f 2619/1/4706 2618/1/4706 2623/1/4705
s 1984
f 2622/1/4707 2619/1/4708 2624/1/4709
f 2624/1/4709 2625/1/4710 2622/1/4707
s 1985
f 1815/1/4711 1814/1/4712 2622/1/4712
f 2622/1/4712 2625/1/4712 1815/1/4711
s 1986
f 2622/1/4713 1814/1/4713 1813/1/4713
f 1813/1/4713 2620/1/4713 2622/1/4713
s 1987
f 1813/1/4714 1812/1/4714 2621/1/4714
f 2621/1/4714 2620/1/4714 1813/1/4714
s 1988
f 1812/1/4715 1795/1/4715 2601/1/4715
f 2601/1/4715 2621/1/4715 1812/1/4715
s 1989
f 2600/1/4716 2616/1/4716 2621/1/4716
f 2621/1/4716 2601/1/4716 2600/1/4716
s 1990
f 2599/1/4717 2617/1/4717 2616/1/4717
f 2616/1/4717 2600/1/4717 2599/1/4717
s 1991
f 2626/1/4324 2627/1/4718 2628/1/4324
f 2628/1/4324 2629/1/4324 2626/1/4324
s 1992
f 2630/1/4719 2631/1/4720 2627/1/4719
f 2627/1/4719 2626/1/4321 2630/1/4719
s 1993
f 2627/1/4721 2632/1/4327 2633/1/4722
f 2633/1/4722 2628/1/4723 2627/1/4721
s 1994
f 2631/1/4325 2634/1/4325 2632/1/4325
f 2632/1/4325 2627/1/4325 2631/1/4325
s 1995
f 2629/1/4333 2635/1/4333 1313/1/4333
f 1313/1/4333 1312/1/4333 2629/1/4333
s 1996
f 1322/1/4331 2626/1/4331 2629/1/4331
f 2629/1/4331 1312/1/4331 1322/1/4331
s 1997
f 1322/1/4330 1321/1/4330 2630/1/4330
f 2630/1/4330 2626/1/4330 1322/1/4330
s 1998
f 1321/1/4328 1293/1/4328 2611/1/4328
f 2611/1/4328 2630/1/4328 1321/1/4328
s 1999
f 2631/1/4342 2630/1/4724 2611/1/4342
f 2611/1/4342 2613/1/4342 2631/1/4342
s 2000
f 2612/1/4341 2634/1/4341 2631/1/4341
f 2631/1/4341 2613/1/4341 2612/1/4341
s 2001
f 2612/1/4340 1908/1/4340 1931/1/4340
f 1931/1/4340 2634/1/4340 2612/1/4340
s 2002
f 2634/1/4725 1931/1/4725 1930/1/4725
f 1930/1/4725 2632/1/4725 2634/1/4725
s 2003
f 2632/1/4338 1930/1/4338 1929/1/4338
f 1929/1/4338 2633/1/4338 2632/1/4338
s 2004
f 2633/1/4336 1929/1/4336 1928/1/4336
f 1928/1/4336 2636/1/4336 2633/1/4336
s 2005
f 2633/1/4335 2636/1/4335 2637/1/4335
f 2637/1/4335 2628/1/4335 2633/1/4335
s 2006
f 2628/1/4334 2637/1/4334 2635/1/4334
f 2635/1/4334 2629/1/4334 2628/1/4334
s 2007
f 2638/1/4726 2639/1/4726 2640/1/4726
f 2640/1/4726 2641/1/4726 2638/1/4726
s 2008
f 2642/1/4727 2643/1/4728 2639/1/4729
f 2639/1/4729 2638/1/4730 2642/1/4727
s 2009
f 2639/1/4731 2644/1/4731 2645/1/4731
f 2645/1/4731 2640/1/4731 2639/1/4731
s 2010
f 2646/1/4732 2644/1/4733 2639/1/4734
f 2639/1/4734 2643/1/4735 2646/1/4732
s 2011
f 2623/1/4736 1198/1/4736 1220/1/4736
f 1220/1/4736 2641/1/4736 2623/1/4736
s 2012
f 2641/1/4737 1220/1/4738 1219/1/4738
f 1219/1/4738 2638/1/4738 2641/1/4737
s 2013
f 2642/1/4739 2638/1/4739 1219/1/4740
f 1219/1/4740 1217/1/4739 2642/1/4739
s 2014
f 2642/1/4741 1217/1/4741 1218/1/4741
f 1218/1/4741 2647/1/4741 2642/1/4741
s 2015
f 2647/1/4742 2648/1/4743 2643/1/4743
f 2643/1/4743 2642/1/4743 2647/1/4742
s 2016
f 2646/1/4744 2643/1/4744 2648/1/4744
f 2648/1/4744 2649/1/4744 2646/1/4744
s 2017
f 1835/1/4745 1834/1/4745 2646/1/4745
f 2646/1/4745 2649/1/4745 1835/1/4745
s 2018
f 2646/1/4746 1834/1/4746 1833/1/4747
f 1833/1/4747 2644/1/4746 2646/1/4746
s 2019
f 1833/1/4748 1832/1/4748 2645/1/4748
f 2645/1/4748 2644/1/4748 1833/1/4748
s 2020
f 1832/1/4749 1815/1/4749 2625/1/4749
f 2625/1/4749 2645/1/4749 1832/1/4749
s 2021
f 2624/1/4750 2640/1/4751 2645/1/4751
f 2645/1/4751 2625/1/4750 2624/1/4750
s 2022
f 2640/1/4752 2624/1/4752 2623/1/4753
f 2623/1/4753 2641/1/4752 2640/1/4752
s 2023
f 2650/1/4359 2651/1/4358 2652/1/4358
f 2652/1/4358 2653/1/4359 2650/1/4359
s 2024
f 2654/1/4754 2655/1/4356 2651/1/4356
f 2651/1/4356 2650/1/4356 2654/1/4754
s 2025
f 2651/1/4363 2656/1/4363 2657/1/4363
f 2657/1/4363 2652/1/4755 2651/1/4363
s 2026
f 2655/1/4756 2658/1/4361 2656/1/4756
f 2656/1/4756 2651/1/4756 2655/1/4756
s 2027
f 2653/1/4757 2659/1/4757 1333/1/4372
f 1333/1/4372 1332/1/4372 2653/1/4757
s 2028
f 1342/1/4370 2650/1/4370 2653/1/4369
f 2653/1/4369 1332/1/4758 1342/1/4370
s 2029
f 1342/1/4367 1341/1/4367 2654/1/4759
f 2654/1/4759 2650/1/4367 1342/1/4367
s 2030
f 1341/1/4760 1313/1/4365 2635/1/4365
f 2635/1/4365 2654/1/4761 1341/1/4760
s 2031
f 2655/1/4386 2654/1/4386 2635/1/4762
f 2635/1/4762 2637/1/4386 2655/1/4386
s 2032
f 2636/1/4385 2658/1/4385 2655/1/4385
f 2655/1/4385 2637/1/4385 2636/1/4385
s 2033
f 2636/1/4384 1928/1/4763 1951/1/4384
f 1951/1/4384 2658/1/4384 2636/1/4384
s 2034
f 2658/1/4381 1951/1/4381 1950/1/4381
f 1950/1/4381 2656/1/4764 2658/1/4381
s 2035
f 2656/1/4380 1950/1/4380 1949/1/4380
f 1949/1/4380 2657/1/4380 2656/1/4380
s 2036
f 2657/1/4376 1949/1/4376 1948/1/4376
f 1948/1/4376 2660/1/4376 2657/1/4376
s 2037
f 2657/1/4375 2660/1/4375 2661/1/4375
f 2661/1/4375 2652/1/4375 2657/1/4375
s 2038
f 2652/1/4765 2661/1/4374 2659/1/4766
f 2659/1/4766 2653/1/4374 2652/1/4765
s 2039
f 2662/1/4767 2663/1/4767 2664/1/4767
f 2664/1/4767 2665/1/4767 2662/1/4767
s 2040
f 2666/1/4768 2667/1/4768 2663/1/4768
f 2663/1/4768 2662/1/4768 2666/1/4768
s 2041
f 2663/1/4769 2668/1/4769 2669/1/4769
f 2669/1/4769 2664/1/4769 2663/1/4769
s 2042
f 2670/1/4770 2668/1/4771 2663/1/4771
f 2663/1/4771 2667/1/4771 2670/1/4770
s 2043
f 2647/1/4772 1218/1/4772 1240/1/4773
f 1240/1/4773 2665/1/4772 2647/1/4772
s 2044
f 2665/1/4774 1240/1/4774 1239/1/4775
f 1239/1/4775 2662/1/4775 2665/1/4774
s 2045
f 2666/1/4776 2662/1/4777 1239/1/4777
f 1239/1/4777 1237/1/4776 2666/1/4776
s 2046
f 2666/1/4778 1237/1/4778 1238/1/4778
f 1238/1/4778 2671/1/4778 2666/1/4778
s 2047
f 2671/1/4779 2672/1/4780 2667/1/4780
f 2667/1/4780 2666/1/4780 2671/1/4779
s 2048
f 2670/1/4781 2667/1/4782 2672/1/4782
f 2672/1/4782 2673/1/4782 2670/1/4781
s 2049
f 1855/1/4783 1854/1/4783 2670/1/4783
f 2670/1/4783 2673/1/4783 1855/1/4783
s 2050
f 2670/1/4784 1854/1/4784 1853/1/4784
f 1853/1/4784 2668/1/4784 2670/1/4784
s 2051
f 1853/1/4785 1852/1/4785 2669/1/4785
f 2669/1/4785 2668/1/4785 1853/1/4785
s 2052
f 1852/1/4786 1835/1/4786 2649/1/4786
f 2649/1/4786 2669/1/4786 1852/1/4786
s 2053
f 2648/1/4787 2664/1/4787 2669/1/4787
f 2669/1/4787 2649/1/4787 2648/1/4787
s 2054
f 2647/1/4788 2665/1/4788 2664/1/4788
f 2664/1/4788 2648/1/4788 2647/1/4788
s 2055
f 2674/1/4789 2675/1/4402 2676/1/4402
f 2676/1/4402 2677/1/4402 2674/1/4789
s 2056
f 2678/1/4399 2679/1/4790 2675/1/4790
f 2675/1/4790 2674/1/4399 2678/1/4399
s 2057
f 2675/1/4406 2680/1/4406 2681/1/4406
f 2681/1/4406 2676/1/4406 2675/1/4406
s 2058
f 2679/1/4404 2682/1/4403 2680/1/4404
f 2680/1/4404 2675/1/4403 2679/1/4404
s 2059
f 2677/1/4791 2683/1/4415 1353/1/4792
f 1353/1/4792 1352/1/4793 2677/1/4791
s 2060
f 1362/1/4794 2674/1/4412 2677/1/4794
f 2677/1/4794 1352/1/4794 1362/1/4794
s 2061
f 1362/1/4409 1361/1/4411 2678/1/4411
f 2678/1/4411 2674/1/4411 1362/1/4409
s 2062
f 1361/1/4408 1333/1/4408 2659/1/4408
f 2659/1/4408 2678/1/4408 1361/1/4408
s 2063
f 2679/1/4428 2678/1/4795 2659/1/4795
f 2659/1/4795 2661/1/4795 2679/1/4428
s 2064
f 2660/1/4427 2682/1/4427 2679/1/4427
f 2679/1/4427 2661/1/4427 2660/1/4427
s 2065
f 2660/1/4423 1948/1/4423 1971/1/4423
f 1971/1/4423 2682/1/4423 2660/1/4423
s 2066
f 2682/1/4421 1971/1/4421 1970/1/4421
f 1970/1/4421 2680/1/4421 2682/1/4421
s 2067
f 2680/1/4420 1970/1/4796 1969/1/4420
f 1969/1/4420 2681/1/4420 2680/1/4420
s 2068
f 2681/1/4797 1969/1/4419 1968/1/4797
f 1968/1/4797 2684/1/4798 2681/1/4797
s 2069
f 2685/1/4799 2676/1/4418 2681/1/4418
f 2681/1/4418 2684/1/4418 2685/1/4799
s 2070
f 2676/1/4800 2685/1/4801 2683/1/4802
f 2683/1/4802 2677/1/4803 2676/1/4800
s 2071
f 2686/1/4804 2687/1/4804 2688/1/4804
f 2688/1/4804 2689/1/4804 2686/1/4804
s 2072
f 2690/1/4805 2691/1/4806 2687/1/4805
f 2687/1/4805 2686/1/4807 2690/1/4805
s 2073
f 2687/1/4808 2692/1/4808 2693/1/4808
f 2693/1/4808 2688/1/4808 2687/1/4808
s 2074
f 2694/1/4809 2692/1/4810 2687/1/4809
f 2687/1/4809 2691/1/4810 2694/1/4809
s 2075
f 2671/1/4811 1238/1/4811 1260/1/4811
f 1260/1/4811 2689/1/4811 2671/1/4811
s 2076
f 2689/1/4812 1260/1/4812 1259/1/4812
f 1259/1/4812 2686/1/4812 2689/1/4812
s 2077
f 2690/1/4813 2686/1/4814 1259/1/4814
f 1259/1/4814 1257/1/4814 2690/1/4813
s 2078
f 2690/1/4815 1257/1/4816 1258/1/4817
f 1258/1/4817 2695/1/4818 2690/1/4815
s 2079
f 2695/1/4819 2696/1/4820 2691/1/4820
f 2691/1/4820 2690/1/4820 2695/1/4819
s 2080
f 2694/1/4821 2691/1/4822 2696/1/4821
f 2696/1/4821 2697/1/4823 2694/1/4821
s 2081
f 1875/1/4824 1874/1/4824 2694/1/4824
f 2694/1/4824 2697/1/4824 1875/1/4824
s 2082
f 2694/1/4825 1874/1/4825 1873/1/4825
f 1873/1/4825 2692/1/4825 2694/1/4825
s 2083
f 1873/1/4826 1872/1/4827 2693/1/4826
f 2693/1/4826 2692/1/4826 1873/1/4826
s 2084
f 1872/1/4828 1855/1/4828 2673/1/4828
f 2673/1/4828 2693/1/4828 1872/1/4828
s 2085
f 2672/1/4829 2688/1/4829 2693/1/4829
f 2693/1/4829 2673/1/4829 2672/1/4829
s 2086
f 2671/1/4830 2689/1/4830 2688/1/4830
f 2688/1/4830 2672/1/4830 2671/1/4830
s 2087
f 2698/1/4831 2699/1/4831 2700/1/4831
f 2700/1/4831 2701/1/4444 2698/1/4831
s 2088
f 2702/1/4442 2703/1/4442 2699/1/4442
f 2699/1/4442 2698/1/4442 2702/1/4442
s 2089
f 2699/1/4446 2704/1/4446 2705/1/4446
f 2705/1/4446 2700/1/4446 2699/1/4446
s 2090
f 2703/1/4832 2706/1/4832 2704/1/4833
f 2704/1/4833 2699/1/4445 2703/1/4832
s 2091
f 2701/1/4451 2707/1/4451 1373/1/4451
f 1373/1/4451 1372/1/4451 2701/1/4451
s 2092
f 1382/1/4449 2698/1/4449 2701/1/4449
f 2701/1/4449 1372/1/4449 1382/1/4449
s 2093
f 1382/1/4448 1381/1/4448 2702/1/4448
f 2702/1/4448 2698/1/4448 1382/1/4448
s 2094
f 1381/1/4447 1353/1/4447 2683/1/4447
f 2683/1/4447 2702/1/4447 1381/1/4447
s 2095
f 2703/1/4462 2702/1/4462 2683/1/4462
f 2683/1/4462 2685/1/4462 2703/1/4462
s 2096
f 2684/1/4834 2706/1/4834 2703/1/4461
f 2703/1/4461 2685/1/4461 2684/1/4834
s 2097
f 2684/1/4459 1968/1/4459 1991/1/4459
f 1991/1/4459 2706/1/4459 2684/1/4459
s 2098
f 2706/1/4458 1991/1/4458 1990/1/4458
f 1990/1/4458 2704/1/4458 2706/1/4458
s 2099
f 2704/1/4835 1990/1/4835 1989/1/4835
f 1989/1/4835 2705/1/4835 2704/1/4835
s 2100
f 2705/1/4456 1989/1/4456 1988/1/4456
f 1988/1/4456 2708/1/4456 2705/1/4456
s 2101
f 2709/1/4453 2700/1/4453 2705/1/4453
f 2705/1/4453 2708/1/4453 2709/1/4453
s 2102
f 2700/1/4836 2709/1/4452 2707/1/4837
f 2707/1/4837 2701/1/4452 2700/1/4836
s 2103
f 2710/1/4838 2711/1/4838 2712/1/4839
f 2712/1/4839 2713/1/4838 2710/1/4838
s 2104
f 2714/1/4840 2715/1/4840 2711/1/4840
f 2711/1/4840 2710/1/4840 2714/1/4840
s 2105
f 2711/1/4841 2716/1/4842 2717/1/4841
f 2717/1/4841 2712/1/4841 2711/1/4841
s 2106
f 2718/1/4843 2716/1/4844 2711/1/4843
f 2711/1/4843 2715/1/4843 2718/1/4843
s 2107
f 2695/1/4845 1258/1/4845 1280/1/4845
f 1280/1/4845 2713/1/4845 2695/1/4845
s 2108
f 2713/1/4846 1280/1/4847 1279/1/4848
f 1279/1/4848 2710/1/4846 2713/1/4846
s 2109
f 2714/1/4849 2710/1/4850 1279/1/4851
f 1279/1/4851 1277/1/4849 2714/1/4849
s 2110
f 2714/1/4852 1277/1/4853 1278/1/4852
f 1278/1/4852 2719/1/4854 2714/1/4852
s 2111
f 2719/1/4855 2720/1/4856 2715/1/4856
f 2715/1/4856 2714/1/4856 2719/1/4855
s 2112
f 2718/1/4857 2715/1/4857 2720/1/4857
f 2720/1/4857 2721/1/4857 2718/1/4857
s 2113
f 1895/1/4858 1894/1/4859 2718/1/4860
f 2718/1/4860 2721/1/4859 1895/1/4858
s 2114
f 2718/1/4861 1894/1/4861 1893/1/4861
f 1893/1/4861 2716/1/4861 2718/1/4861
s 2115
f 1893/1/4862 1892/1/4863 2717/1/4864
f 2717/1/4864 2716/1/4865 1893/1/4862
s 2116
f 1892/1/4866 1875/1/4867 2697/1/4867
f 2697/1/4867 2717/1/4866 1892/1/4866
s 2117
f 2696/1/4868 2712/1/4868 2717/1/4868
f 2717/1/4868 2697/1/4868 2696/1/4868
s 2118
f 2712/1/4869 2696/1/4869 2695/1/4870
f 2695/1/4870 2713/1/4871 2712/1/4869
s 2119
f 2722/1/4872 2723/1/4480 2724/1/4480
f 2724/1/4480 2725/1/4480 2722/1/4872
s 2120
f 2726/1/4873 2727/1/4873 2723/1/4874
f 2723/1/4874 2722/1/4874 2726/1/4873
s 2121
f 2723/1/4875 2728/1/4875 2729/1/4875
f 2729/1/4875 2724/1/4487 2723/1/4875
s 2122
f 2727/1/4876 2730/1/4876 2728/1/4876
f 2728/1/4876 2723/1/4483 2727/1/4876
s 2123
f 2725/1/4492 2731/1/4492 1393/1/4877
f 1393/1/4877 1392/1/4492 2725/1/4492
s 2124
f 1402/1/4878 2722/1/4491 2725/1/4491
f 2725/1/4491 1392/1/4491 1402/1/4878
s 2125
f 1402/1/4489 1401/1/4489 2726/1/4489
f 2726/1/4489 2722/1/4489 1402/1/4489
s 2126
f 1401/1/4879 1373/1/4488 2707/1/4879
f 2707/1/4879 2726/1/4880 1401/1/4879
s 2127
f 2727/1/4506 2726/1/4506 2707/1/4506
f 2707/1/4506 2709/1/4506 2727/1/4506
s 2128
f 2708/1/4505 2730/1/4881 2727/1/4505
f 2727/1/4505 2709/1/4505 2708/1/4505
s 2129
f 2708/1/4882 1988/1/4504 2011/1/4504
f 2011/1/4504 2730/1/4504 2708/1/4882
s 2130
f 2730/1/4503 2011/1/4503 2010/1/4883
f 2010/1/4883 2728/1/4503 2730/1/4503
s 2131
f 2728/1/4500 2010/1/4500 2009/1/4500
f 2009/1/4500 2729/1/4500 2728/1/4500
s 2132
f 2729/1/4499 2009/1/4499 2008/1/4499
f 2008/1/4499 2732/1/4499 2729/1/4499
s 2133
f 2729/1/4884 2732/1/4884 2733/1/4884
f 2733/1/4884 2724/1/4884 2729/1/4884
s 2134
f 2724/1/4885 2733/1/4494 2731/1/4494
f 2731/1/4494 2725/1/4885 2724/1/4885
s 2135
f 2734/1/4691 2735/1/4691 2736/1/4691
f 2736/1/4691 2737/1/4886 2734/1/4691
s 2136
f 2738/1/4688 2739/1/4688 2735/1/4688
f 2735/1/4688 2734/1/4688 2738/1/4688
s 2137
f 2735/1/4887 2740/1/4888 2741/1/4888
f 2741/1/4888 2736/1/4888 2735/1/4887
s 2138
f 2735/1/4692 2739/1/4692 2742/1/4692
f 2742/1/4692 2740/1/4692 2735/1/4692
s 2139
f 2737/1/4889 2743/1/4704 869/1/4704
f 869/1/4704 868/1/4704 2737/1/4889
s 2140
f 2737/1/4890 868/1/4701 882/1/4891
f 882/1/4891 2734/1/4701 2737/1/4890
s 2141
f 880/1/4698 2738/1/4698 2734/1/4698
f 2734/1/4698 882/1/4698 880/1/4698
s 2142
f 2137/1/4892 2738/1/4697 880/1/4893
f 880/1/4893 881/1/4894 2137/1/4892
s 2143
f 2738/1/4717 2137/1/4717 2142/1/4717
f 2142/1/4717 2739/1/4717 2738/1/4717
s 2144
f 2739/1/4716 2142/1/4716 2141/1/4716
f 2141/1/4716 2742/1/4716 2739/1/4716
s 2145
f 847/1/4895 846/1/4715 2742/1/4895
f 2742/1/4895 2141/1/4895 847/1/4895
s 2146
f 2742/1/4896 846/1/4714 845/1/4896
f 845/1/4896 2740/1/4897 2742/1/4896
s 2147
f 2741/1/4898 2740/1/4898 845/1/4899
f 845/1/4899 844/1/4899 2741/1/4898
s 2148
f 844/1/4712 843/1/4712 2744/1/4900
f 2744/1/4900 2741/1/4712 844/1/4712
s 2149
f 2736/1/4710 2741/1/4710 2744/1/4710
f 2744/1/4710 2745/1/4710 2736/1/4710
s 2150
f 2736/1/4706 2745/1/4706 2743/1/4706
f 2743/1/4706 2737/1/4901 2736/1/4706
s 2151
f 2746/1/4902 2747/1/4902 2748/1/4902
f 2748/1/4902 2749/1/4903 2746/1/4902
s 2152
f 2750/1/4904 2751/1/4905 2747/1/4904
f 2747/1/4904 2746/1/3853 2750/1/4904
s 2153
f 2747/1/4906 2752/1/4906 2753/1/4906
f 2753/1/4906 2748/1/4907 2747/1/4906
s 2154
f 2754/1/4908 2752/1/4909 2747/1/4909
f 2747/1/4909 2751/1/4910 2754/1/4908
s 2155
f 2719/1/3864 1278/1/3864 1300/1/3864
f 1300/1/3864 2749/1/3864 2719/1/3864
s 2156
f 2749/1/3863 1300/1/3863 1299/1/3863
f 1299/1/3863 2746/1/3863 2749/1/3863
s 2157
f 2750/1/4911 2746/1/4911 1299/1/3862
f 1299/1/3862 1297/1/3862 2750/1/4911
s 2158
f 2755/1/3860 2750/1/3860 1297/1/3860
f 1297/1/3860 1298/1/3860 2755/1/3860
s 2159
f 2755/1/4912 2756/1/3881 2751/1/3881
f 2751/1/3881 2750/1/4913 2755/1/4912
s 2160
f 2754/1/3879 2751/1/3879 2756/1/3879
f 2756/1/3879 2757/1/3879 2754/1/3879
s 2161
f 2754/1/4914 2757/1/4914 1915/1/4914
f 1915/1/4914 1914/1/4914 2754/1/4914
s 2162
f 2754/1/3874 1914/1/3874 1913/1/3874
f 1913/1/3874 2752/1/3874 2754/1/3874
s 2163
f 1913/1/3872 1912/1/4915 2753/1/4916
f 2753/1/4916 2752/1/3872 1913/1/3872
s 2164
f 1912/1/4917 1895/1/4917 2721/1/4917
f 2721/1/4917 2753/1/4917 1912/1/4917
s 2165
f 2721/1/3868 2720/1/3868 2748/1/3868
f 2748/1/3868 2753/1/3868 2721/1/3868
s 2166
f 2719/1/3866 2749/1/3866 2748/1/3866
f 2748/1/3866 2720/1/3866 2719/1/3866
s 2167
f 2758/1/4918 2759/1/4918 2760/1/4919
f 2760/1/4919 2761/1/4920 2758/1/4918
s 2168
f 2762/1/4521 2763/1/4521 2759/1/4521
f 2759/1/4521 2758/1/4521 2762/1/4521
s 2169
f 2759/1/4921 2764/1/4921 2765/1/4921
f 2765/1/4921 2760/1/4921 2759/1/4921
s 2170
f 2763/1/4523 2766/1/4523 2764/1/4523
f 2764/1/4523 2759/1/4523 2763/1/4523
s 2171
f 2761/1/4530 2767/1/4530 1413/1/4530
f 1413/1/4530 1412/1/4530 2761/1/4530
s 2172
f 1422/1/4529 2758/1/4529 2761/1/4529
f 2761/1/4529 1412/1/4529 1422/1/4529
s 2173
f 1422/1/4922 1421/1/4922 2762/1/4527
f 2762/1/4527 2758/1/4922 1422/1/4922
s 2174
f 1421/1/4923 1393/1/4924 2731/1/4924
f 2731/1/4924 2762/1/4526 1421/1/4923
s 2175
f 2763/1/4547 2762/1/4547 2731/1/4547
f 2731/1/4547 2733/1/4547 2763/1/4547
s 2176
f 2732/1/4925 2766/1/4546 2763/1/4926
f 2763/1/4926 2733/1/4546 2732/1/4925
s 2177
f 2732/1/4545 2008/1/4545 2031/1/4545
f 2031/1/4545 2766/1/4545 2732/1/4545
s 2178
f 2766/1/4541 2031/1/4541 2030/1/4927
f 2030/1/4927 2764/1/4541 2766/1/4541
s 2179
f 2764/1/4539 2030/1/4539 2029/1/4539
f 2029/1/4539 2765/1/4539 2764/1/4539
s 2180
f 2029/1/4535 2028/1/4535 2768/1/4535
f 2768/1/4535 2765/1/4535 2029/1/4535
s 2181
f 2760/1/4928 2765/1/4929 2768/1/4928
f 2768/1/4928 2769/1/4930 2760/1/4928
s 2182
f 2761/1/4532 2760/1/4532 2769/1/4532
f 2769/1/4532 2767/1/4532 2761/1/4532
s 2183
f 2770/1/4931 2771/1/4931 2772/1/4932
f 2772/1/4932 2773/1/4932 2770/1/4931
s 2184
f 2774/1/4933 2775/1/4933 2771/1/4933
f 2771/1/4933 2770/1/4933 2774/1/4933
s 2185
f 2771/1/4733 2776/1/4733 2777/1/4733
f 2777/1/4733 2772/1/4733 2771/1/4733
s 2186
f 2771/1/4731 2775/1/4731 2778/1/4934
f 2778/1/4934 2776/1/4731 2771/1/4731
s 2187
f 893/1/4935 892/1/4741 2773/1/4741
f 2773/1/4741 2779/1/4741 893/1/4935
s 2188
f 2773/1/4739 892/1/4739 902/1/4739
f 902/1/4739 2770/1/4739 2773/1/4739
s 2189
f 902/1/4738 901/1/4936 2774/1/4936
f 2774/1/4936 2770/1/4738 902/1/4738
s 2190
f 2774/1/4736 901/1/4937 869/1/4736
f 869/1/4736 2743/1/4938 2774/1/4736
s 2191
f 2745/1/4752 2775/1/4752 2774/1/4752
f 2774/1/4752 2743/1/4752 2745/1/4752
s 2192
f 2744/1/4751 2778/1/4751 2775/1/4751
f 2775/1/4751 2745/1/4751 2744/1/4751
s 2193
f 843/1/4939 1511/1/4940 2778/1/4940
f 2778/1/4940 2744/1/4941 843/1/4939
s 2194
f 2778/1/4748 1511/1/4748 1510/1/4748
f 1510/1/4748 2776/1/4748 2778/1/4748
s 2195
f 2777/1/4942 2776/1/4746 1510/1/4942
f 1510/1/4942 1507/1/4943 2777/1/4942
s 2196
f 1507/1/4944 1509/1/4945 2780/1/4946
f 2780/1/4946 2777/1/4947 1507/1/4944
s 2197
f 2772/1/4744 2777/1/4948 2780/1/4744
f 2780/1/4744 2781/1/4744 2772/1/4744
s 2198
f 2772/1/4949 2781/1/4950 2779/1/4949
f 2779/1/4949 2773/1/4949 2772/1/4949
s 2199
f 2782/1/4951 2783/1/4951 2784/1/4951
f 2784/1/4951 2785/1/4951 2782/1/4951
s 2200
f 2786/1/3933 2787/1/3933 2783/1/3933
f 2783/1/3933 2782/1/3933 2786/1/3933
s 2201
f 2783/1/4952 2788/1/4953 2789/1/4954
f 2789/1/4954 2784/1/4955 2783/1/4952
s 2202
f 2790/1/3937 2788/1/4956 2783/1/4956
f 2783/1/4956 2787/1/3937 2790/1/3937
s 2203
f 2755/1/3944 1298/1/3944 1320/1/4957
f 1320/1/4957 2785/1/3944 2755/1/3944
s 2204
f 2785/1/4958 1320/1/4959 1319/1/4960
f 1319/1/4960 2782/1/4960 2785/1/4958
s 2205
f 2786/1/3942 2782/1/3942 1319/1/4961
f 1319/1/4961 1317/1/3942 2786/1/3942
s 2206
f 2791/1/3940 2786/1/3940 1317/1/3940
f 1317/1/3940 1318/1/3940 2791/1/3940
s 2207
f 2791/1/3955 2792/1/3955 2787/1/3955
f 2787/1/3955 2786/1/3955 2791/1/3955
s 2208
f 2790/1/3954 2787/1/3954 2792/1/3954
f 2792/1/3954 2793/1/3954 2790/1/3954
s 2209
f 2790/1/3953 2793/1/3953 1935/1/3953
f 1935/1/3953 1934/1/3953 2790/1/3953
s 2210
f 2790/1/3952 1934/1/3952 1933/1/4962
f 1933/1/4962 2788/1/3952 2790/1/3952
s 2211
f 1933/1/3950 1932/1/3950 2789/1/3950
f 2789/1/3950 2788/1/3950 1933/1/3950
s 2212
f 1932/1/3949 1915/1/3949 2757/1/3949
f 2757/1/3949 2789/1/3949 1932/1/3949
s 2213
f 2784/1/4963 2789/1/3947 2757/1/4964
f 2757/1/4964 2756/1/4965 2784/1/4963
s 2214
f 2785/1/3945 2784/1/3945 2756/1/3945
f 2756/1/3945 2755/1/3945 2785/1/3945
s 2215
f 2794/1/4566 2795/1/4566 2796/1/4566
f 2796/1/4566 2797/1/4566 2794/1/4566
s 2216
f 2798/1/4565 2799/1/4565 2795/1/4565
f 2795/1/4565 2794/1/4565 2798/1/4565
s 2217
f 2795/1/4569 2800/1/4569 2801/1/4569
f 2801/1/4569 2796/1/4569 2795/1/4569
s 2218
f 2799/1/4568 2802/1/4568 2800/1/4568
f 2800/1/4568 2795/1/4568 2799/1/4568
s 2219
f 2797/1/4966 2803/1/4575 1433/1/4967
f 1433/1/4967 1432/1/4575 2797/1/4966
s 2220
f 1442/1/4968 2794/1/4573 2797/1/4969
f 2797/1/4969 1432/1/4573 1442/1/4968
s 2221
f 1442/1/4572 1441/1/4572 2798/1/4572
f 2798/1/4572 2794/1/4572 1442/1/4572
s 2222
f 1441/1/4570 1413/1/4570 2767/1/4570
f 2767/1/4570 2798/1/4570 1441/1/4570
s 2223
f 2798/1/4589 2767/1/4589 2769/1/4970
f 2769/1/4970 2799/1/4589 2798/1/4589
s 2224
f 2768/1/4587 2802/1/4587 2799/1/4587
f 2799/1/4587 2769/1/4587 2768/1/4587
s 2225
f 2051/1/4971 2802/1/4971 2768/1/4972
f 2768/1/4972 2028/1/4584 2051/1/4971
s 2226
f 2802/1/4581 2051/1/4581 2050/1/4973
f 2050/1/4973 2800/1/4581 2802/1/4581
s 2227
f 2800/1/4974 2050/1/4579 2049/1/4975
f 2049/1/4975 2801/1/4976 2800/1/4974
s 2228
f 2049/1/4578 2048/1/4578 2804/1/4578
f 2804/1/4578 2801/1/4578 2049/1/4578
s 2229
f 2796/1/4577 2801/1/4577 2804/1/4577
f 2804/1/4577 2805/1/4577 2796/1/4577
s 2230
f 2797/1/4977 2796/1/4576 2805/1/4977
f 2805/1/4977 2803/1/4978 2797/1/4977
s 2231
f 2806/1/4768 2807/1/4768 2808/1/4768
f 2808/1/4768 2809/1/4768 2806/1/4768
s 2232
f 2810/1/4767 2811/1/4767 2807/1/4767
f 2807/1/4767 2806/1/4767 2810/1/4767
s 2233
f 2807/1/4771 2812/1/4771 2813/1/4771
f 2813/1/4771 2808/1/4771 2807/1/4771
s 2234
f 2807/1/4769 2811/1/4769 2814/1/4769
f 2814/1/4769 2812/1/4769 2807/1/4769
s 2235
f 2809/1/4778 2815/1/4778 913/1/4778
f 913/1/4778 912/1/4778 2809/1/4778
s 2236
f 2809/1/4777 912/1/4979 922/1/4980
f 922/1/4980 2806/1/4777 2809/1/4777
s 2237
f 2806/1/4775 922/1/4775 921/1/4775
f 921/1/4775 2810/1/4981 2806/1/4775
s 2238
f 921/1/4982 893/1/4772 2779/1/4773
f 2779/1/4773 2810/1/4773 921/1/4982
s 2239
f 2781/1/4983 2811/1/4788 2810/1/4983
f 2810/1/4983 2779/1/4984 2781/1/4983
s 2240
f 2780/1/4985 2814/1/4985 2811/1/4985
f 2811/1/4985 2781/1/4787 2780/1/4985
s 2241
f 1531/1/4986 2814/1/4987 2780/1/4986
f 2780/1/4986 1509/1/4786 1531/1/4986
s 2242
f 2814/1/4988 1531/1/4785 1530/1/4785
f 1530/1/4785 2812/1/4988 2814/1/4988
s 2243
f 2813/1/4989 2812/1/4990 1530/1/4990
f 1530/1/4990 1529/1/4990 2813/1/4989
s 2244
f 1529/1/4991 1528/1/4783 2816/1/4991
f 2816/1/4991 2813/1/4991 1529/1/4991
s 2245
f 2808/1/4992 2813/1/4782 2816/1/4782
f 2816/1/4782 2817/1/4782 2808/1/4992
s 2246
f 2808/1/4779 2817/1/4780 2815/1/4993
f 2815/1/4993 2809/1/4780 2808/1/4779
s 2247
f 2818/1/4994 2819/1/4013 2820/1/4014
f 2820/1/4014 2821/1/4014 2818/1/4994
s 2248
f 2822/1/4995 2823/1/4996 2819/1/4995
f 2819/1/4995 2818/1/4011 2822/1/4995
s 2249
f 2819/1/4018 2824/1/4018 2825/1/4997
f 2825/1/4997 2820/1/4018 2819/1/4018
s 2250
f 2826/1/4017 2824/1/4017 2819/1/4017
f 2819/1/4017 2823/1/4017 2826/1/4017
s 2251
f 2791/1/4998 1318/1/4999 1340/1/4024
f 1340/1/4024 2821/1/4024 2791/1/4998
s 2252
f 2821/1/4023 1340/1/4023 1339/1/4023
f 1339/1/4023 2818/1/4023 2821/1/4023
s 2253
f 2822/1/5000 2818/1/4021 1339/1/5001
f 1339/1/5001 1337/1/5000 2822/1/5000
s 2254
f 2827/1/5002 2822/1/4019 1337/1/4019
f 1337/1/4019 1338/1/5003 2827/1/5002
s 2255
f 2827/1/4037 2828/1/4037 2823/1/4037
f 2823/1/4037 2822/1/4037 2827/1/4037
s 2256
f 2826/1/4036 2823/1/4036 2828/1/4036
f 2828/1/4036 2829/1/4036 2826/1/4036
s 2257
f 2826/1/4035 2829/1/5004 1955/1/4035
f 1955/1/4035 1954/1/4035 2826/1/4035
s 2258
f 2826/1/5005 1954/1/4033 1953/1/4033
f 1953/1/4033 2824/1/4034 2826/1/5005
s 2259
f 1953/1/5006 1952/1/5006 2825/1/5006
f 2825/1/5006 2824/1/4031 1953/1/5006
s 2260
f 1952/1/5007 1935/1/4030 2793/1/4030
f 2793/1/4030 2825/1/5008 1952/1/5007
s 2261
f 2820/1/5009 2825/1/5009 2793/1/5010
f 2793/1/5010 2792/1/5009 2820/1/5009
s 2262
f 2821/1/4025 2820/1/4025 2792/1/5011
f 2792/1/5011 2791/1/5011 2821/1/4025
s 2263
f 2830/1/4600 2831/1/4600 2832/1/4600
f 2832/1/4600 2833/1/4600 2830/1/4600
s 2264
f 2834/1/5012 2835/1/5012 2831/1/5012
f 2831/1/5012 2830/1/4599 2834/1/5012
s 2265
f 2831/1/4604 2836/1/4604 2837/1/4604
f 2837/1/4604 2832/1/4604 2831/1/4604
s 2266
f 2835/1/4602 2838/1/4602 2836/1/4602
f 2836/1/4602 2831/1/4602 2835/1/4602
s 2267
f 2833/1/4609 2839/1/4609 1453/1/4609
f 1453/1/4609 1452/1/4609 2833/1/4609
s 2268
f 1462/1/4607 2830/1/4608 2833/1/5013
f 2833/1/5013 1452/1/5013 1462/1/4607
s 2269
f 1462/1/5014 1461/1/5015 2834/1/5016
f 2834/1/5016 2830/1/5017 1462/1/5014
s 2270
f 1461/1/5018 1433/1/5019 2803/1/5020
f 2803/1/5020 2834/1/5020 1461/1/5018
s 2271
f 2834/1/5021 2803/1/4621 2805/1/4621
f 2805/1/4621 2835/1/4621 2834/1/5021
s 2272
f 2804/1/5022 2838/1/4620 2835/1/4620
f 2835/1/4620 2805/1/4620 2804/1/5022
s 2273
f 2071/1/5023 2838/1/4619 2804/1/4619
f 2804/1/4619 2048/1/4618 2071/1/5023
s 2274
f 2838/1/5024 2071/1/4616 2070/1/5025
f 2070/1/5025 2836/1/4616 2838/1/5024
s 2275
f 2836/1/5026 2070/1/4614 2069/1/5027
f 2069/1/5027 2837/1/4614 2836/1/5026
s 2276
f 2069/1/4613 2068/1/5028 2840/1/5028
f 2840/1/5028 2837/1/4613 2069/1/4613
s 2277
f 2832/1/4612 2837/1/4612 2840/1/4612
f 2840/1/4612 2841/1/4612 2832/1/4612
s 2278
f 2833/1/5029 2832/1/4611 2841/1/5029
f 2841/1/5029 2839/1/4611 2833/1/5029
s 2279
f 2842/1/4807 2843/1/4807 2844/1/4807
f 2844/1/4807 2845/1/4807 2842/1/4807
s 2280
f 2846/1/4804 2847/1/4804 2843/1/4804
f 2843/1/4804 2842/1/4804 2846/1/4804
s 2281
f 2843/1/4810 2848/1/4810 2849/1/4810
f 2849/1/4810 2844/1/4810 2843/1/4810
s 2282
f 2843/1/4808 2847/1/4808 2850/1/4808
f 2850/1/4808 2848/1/4808 2843/1/4808
s 2283
f 2845/1/4816 2851/1/4816 933/1/4816
f 933/1/4816 932/1/4816 2845/1/4816
s 2284
f 2845/1/4814 932/1/4814 942/1/4814
f 942/1/4814 2842/1/4814 2845/1/4814
s 2285
f 2846/1/5030 2842/1/4812 942/1/5031
f 942/1/5031 941/1/5032 2846/1/5030
s 2286
f 941/1/4811 913/1/4811 2815/1/4811
f 2815/1/4811 2846/1/4811 941/1/4811
s 2287
f 2817/1/4830 2847/1/5033 2846/1/4830
f 2846/1/4830 2815/1/4830 2817/1/4830
s 2288
f 2816/1/5034 2850/1/4829 2847/1/4829
f 2847/1/4829 2817/1/4829 2816/1/5034
s 2289
f 1551/1/4828 2850/1/4828 2816/1/4828
f 2816/1/4828 1528/1/4828 1551/1/4828
s 2290
f 2850/1/4827 1551/1/4827 1550/1/4827
f 1550/1/4827 2848/1/4827 2850/1/4827
s 2291
f 1550/1/4825 1549/1/5035 2849/1/5036
f 2849/1/5036 2848/1/4825 1550/1/4825
s 2292
f 1549/1/4824 1548/1/4824 2852/1/4824
f 2852/1/4824 2849/1/4824 1549/1/4824
s 2293
f 2844/1/5037 2849/1/4823 2852/1/4823
f 2852/1/4823 2853/1/4823 2844/1/5037
s 2294
f 2844/1/4820 2853/1/4820 2851/1/4820
f 2851/1/4820 2845/1/4820 2844/1/4820
s 2295
f 2854/1/4097 2855/1/4097 2856/1/4097
f 2856/1/4097 2857/1/4097 2854/1/4097
s 2296
f 2858/1/4094 2859/1/4094 2855/1/5038
f 2855/1/5038 2854/1/4094 2858/1/4094
s 2297
f 2855/1/4099 2860/1/4099 2861/1/4099
f 2861/1/4099 2856/1/5039 2855/1/4099
s 2298
f 2862/1/4098 2860/1/4098 2855/1/4098
f 2855/1/4098 2859/1/5040 2862/1/4098
s 2299
f 2827/1/5041 1338/1/5042 1360/1/5041
f 1360/1/5041 2857/1/4105 2827/1/5041
s 2300
f 2857/1/5043 1360/1/5044 1359/1/5045
f 1359/1/5045 2854/1/4104 2857/1/5043
s 2301
f 2858/1/4103 2854/1/4103 1359/1/4103
f 1359/1/4103 1357/1/4103 2858/1/4103
s 2302
f 1357/1/4102 1358/1/4102 2122/1/4102
f 2122/1/4102 2858/1/4102 1357/1/4102
s 2303
f 2127/1/4118 2859/1/4118 2858/1/4118
f 2858/1/4118 2122/1/4118 2127/1/4118
s 2304
f 2862/1/5046 2859/1/5046 2127/1/5046
f 2127/1/5046 2126/1/5047 2862/1/5046
s 2305
f 2862/1/5048 2126/1/5048 1975/1/4113
f 1975/1/4113 1974/1/4113 2862/1/5048
s 2306
f 2862/1/4112 1974/1/5049 1973/1/4112
f 1973/1/4112 2860/1/4112 2862/1/4112
s 2307
f 1973/1/4110 1972/1/4110 2861/1/5050
f 2861/1/5050 2860/1/4110 1973/1/4110
s 2308
f 1972/1/4109 1955/1/5051 2829/1/4109
f 2829/1/4109 2861/1/4109 1972/1/4109
s 2309
f 2856/1/4107 2861/1/4107 2829/1/4107
f 2829/1/4107 2828/1/5052 2856/1/4107
s 2310
f 2857/1/4106 2856/1/4106 2828/1/5053
f 2828/1/5053 2827/1/4106 2857/1/4106
s 2311
f 2863/1/4632 2864/1/4632 2865/1/4632
f 2865/1/4632 2866/1/4632 2863/1/4632
s 2312
f 2867/1/5054 2868/1/4631 2864/1/4631
f 2864/1/4631 2863/1/4631 2867/1/5054
s 2313
f 2864/1/4638 2869/1/4638 2870/1/5055
f 2870/1/5055 2865/1/4638 2864/1/4638
s 2314
f 2868/1/5056 2871/1/5057 2869/1/5056
f 2869/1/5056 2864/1/5058 2868/1/5056
s 2315
f 2866/1/4643 2138/1/4643 1473/1/4643
f 1473/1/4643 1472/1/4643 2866/1/4643
s 2316
f 1482/1/4642 2863/1/5059 2866/1/5059
f 2866/1/5059 1472/1/4642 1482/1/4642
s 2317
f 1482/1/4640 1481/1/5060 2867/1/5060
f 2867/1/5060 2863/1/4640 1482/1/4640
s 2318
f 1481/1/4639 1453/1/4639 2839/1/4639
f 2839/1/4639 2867/1/4639 1481/1/4639
s 2319
f 2867/1/4656 2839/1/4656 2841/1/5061
f 2841/1/5061 2868/1/5061 2867/1/4656
s 2320
f 2840/1/5062 2871/1/5063 2868/1/5062
f 2868/1/5062 2841/1/5063 2840/1/5062
s 2321
f 2091/1/4653 2871/1/4653 2840/1/4653
f 2840/1/4653 2068/1/4653 2091/1/4653
s 2322
f 2871/1/5064 2091/1/5065 2090/1/5066
f 2090/1/5066 2869/1/4652 2871/1/5064
s 2323
f 2869/1/5067 2090/1/4651 2089/1/5067
f 2089/1/5067 2870/1/5067 2869/1/5067
s 2324
f 2089/1/5068 2088/1/5069 2140/1/5068
f 2140/1/5068 2870/1/5068 2089/1/5068
s 2325
f 2870/1/4647 2140/1/4647 2139/1/4647
f 2139/1/4647 2865/1/4647 2870/1/4647
s 2326
f 2866/1/4646 2865/1/4646 2139/1/4646
f 2139/1/4646 2138/1/4646 2866/1/4646
s 2327
f 2872/1/4840 2873/1/4840 2874/1/4840
f 2874/1/4840 2875/1/4840 2872/1/4840
s 2328
f 2876/1/5070 2877/1/5071 2873/1/4839
f 2873/1/4839 2872/1/5071 2876/1/5070
s 2329
f 2873/1/4843 2878/1/4843 2879/1/4843
f 2879/1/4843 2874/1/4843 2873/1/4843
s 2330
f 2873/1/5072 2877/1/5072 2880/1/5072
f 2880/1/5072 2878/1/5073 2873/1/5072
s 2331
f 2875/1/4853 2153/1/5074 953/1/4853
f 953/1/4853 952/1/4853 2875/1/4853
s 2332
f 2875/1/4849 952/1/4849 962/1/4849
f 962/1/4849 2872/1/4849 2875/1/4849
s 2333
f 2876/1/5075 2872/1/4846 962/1/4846
f 962/1/4846 961/1/5076 2876/1/5075
s 2334
f 961/1/5077 933/1/5077 2851/1/5077
f 2851/1/5077 2876/1/5077 961/1/5077
s 2335
f 2853/1/4871 2877/1/4871 2876/1/4871
f 2876/1/4871 2851/1/4871 2853/1/4871
s 2336
f 2852/1/4868 2880/1/5078 2877/1/4868
f 2877/1/4868 2853/1/4868 2852/1/4868
s 2337
f 1571/1/4866 2880/1/4866 2852/1/4866
f 2852/1/4866 1548/1/4866 1571/1/4866
s 2338
f 2880/1/5079 1571/1/4865 1570/1/5080
f 1570/1/5080 2878/1/4865 2880/1/5079
s 2339
f 1570/1/4861 1569/1/4861 2879/1/4861
f 2879/1/4861 2878/1/4861 1570/1/4861
s 2340
f 1569/1/4859 1568/1/4859 2155/1/4859
f 2155/1/4859 2879/1/4859 1569/1/4859
s 2341
f 2155/1/5081 2154/1/5082 2874/1/5083
f 2874/1/5083 2879/1/4857 2155/1/5081
s 2342
f 2875/1/5084 2874/1/4856 2154/1/5085
f 2154/1/5085 2153/1/4856 2875/1/5084
s 2343
f 2881/1/5086 2882/1/5086 2883/1/5086
f 2883/1/5086 2884/1/5086 2885/1/5086
f 2881/1/5086 2883/1/5086 2885/1/5086
f 2885/1/5086 2886/1/5086 2887/1/5086
f 2887/1/5086 2888/1/5086 2889/1/5086
f 2885/1/5086 2887/1/5086 2889/1/5086
f 2881/1/5086 2885/1/5086 2889/1/5086
f 2889/1/5086 2890/1/5086 2891/1/5086
f 2891/1/5086 2892/1/5086 2893/1/5086
f 2889/1/5086 2891/1/5086 2893/1/5086
f 2893/1/5086 2894/1/5086 2895/1/5086
f 2895/1/5086 2896/1/5086 2897/1/5086
f 2893/1/5086 2895/1/5086 2897/1/5086
f 2889/1/5086 2893/1/5086 2897/1/5086
f 2897/1/5086 2898/1/5086 2899/1/5086
f 2899/1/5086 2900/1/5086 2901/1/5086
f 2897/1/5086 2899/1/5086 2901/1/5086
f 2901/1/5086 2902/1/5086 2903/1/5086
f 2903/1/5086 2904/1/5086 2905/1/5086
f 2901/1/5086 2903/1/5086 2905/1/5086
f 2897/1/5086 2901/1/5086 2905/1/5086
f 2889/1/5086 2897/1/5086 2905/1/5086
f 2881/1/5086 2889/1/5086 2905/1/5086
f 2906/1/5086 2907/1/5086 2908/1/5086
f 2905/1/5086 2906/1/5086 2908/1/5086
f 2905/1/5086 2908/1/5086 2909/1/5086
f 2881/1/5086 2905/1/5086 2909/1/5086
f 2910/1/5086 2881/1/5086 2909/1/5086
f 2910/1/5086 2909/1/5086 2911/1/5086
f 2910/1/5086 2911/1/5086 2912/1/5086
s 2344
f 2913/1/5087 2914/1/5087 2915/1/5087
f 2915/1/5087 2916/1/5087 2913/1/5087
s 2345
f 2917/1/5088 2905/1/5089 2904/1/5088
f 2904/1/5088 2918/1/5090 2917/1/5088
s 2346
f 2890/1/5091 2919/1/5091 2920/1/5091
f 2920/1/5091 2891/1/5091 2890/1/5091
s 2347
f 2904/1/5092 2903/1/5093 2921/1/5093
f 2921/1/5093 2918/1/5094 2904/1/5092
s 2348
f 2889/1/5095 2922/1/5096 2919/1/5097
f 2919/1/5097 2890/1/5095 2889/1/5095
s 2349
f 2902/1/5098 2923/1/5099 2921/1/5100
f 2921/1/5100 2903/1/5101 2902/1/5098
s 2350
f 2888/1/5102 2924/1/5103 2922/1/5102
f 2922/1/5102 2889/1/5103 2888/1/5102
s 2351
f 2901/1/5104 2925/1/5105 2923/1/5106
f 2923/1/5106 2902/1/5107 2901/1/5104
s 2352
f 2887/1/5108 2926/1/5109 2924/1/5109
f 2924/1/5109 2888/1/5108 2887/1/5108
s 2353
f 2900/1/5110 2927/1/5111 2925/1/5112
f 2925/1/5112 2901/1/5111 2900/1/5110
s 2354
f 2886/1/5113 2928/1/5114 2926/1/5115
f 2926/1/5115 2887/1/5116 2886/1/5113
s 2355
f 2899/1/5117 2929/1/5118 2927/1/5119
f 2927/1/5119 2900/1/5120 2899/1/5117
s 2356
f 2930/1/5121 2881/1/5122 2910/1/5121
f 2910/1/5121 2931/1/5123 2930/1/5121
s 2357
f 2885/1/5124 2932/1/5125 2928/1/5126
f 2928/1/5126 2886/1/5127 2885/1/5124
s 2358
f 2898/1/5128 2933/1/5128 2929/1/5128
f 2929/1/5128 2899/1/5128 2898/1/5128
s 2359
f 2931/1/5129 2910/1/5130 2912/1/5130
f 2912/1/5130 2934/1/5130 2931/1/5129
s 2360
f 2884/1/5131 2935/1/5132 2932/1/5133
f 2932/1/5133 2885/1/5133 2884/1/5131
s 2361
f 2897/1/5134 2936/1/5135 2933/1/5136
f 2933/1/5136 2898/1/5136 2897/1/5134
s 2362
f 2934/1/5137 2912/1/5138 2911/1/5138
f 2911/1/5138 2916/1/5137 2934/1/5137
s 2363
f 2883/1/5139 2937/1/5139 2935/1/5140
f 2935/1/5140 2884/1/5141 2883/1/5139
s 2364
f 2896/1/5142 2938/1/5142 2936/1/5143
f 2936/1/5143 2897/1/5144 2896/1/5142
s 2365
f 2911/1/5145 2909/1/5146 2913/1/5145
f 2913/1/5145 2916/1/5147 2911/1/5145
s 2366
f 2882/1/5148 2939/1/5149 2937/1/5148
f 2937/1/5148 2883/1/5150 2882/1/5148
s 2367
f 2895/1/5151 2940/1/5151 2938/1/5151
f 2938/1/5151 2896/1/5151 2895/1/5151
s 2368
f 2908/1/5152 2941/1/5152 2913/1/5153
f 2913/1/5153 2909/1/5154 2908/1/5152
s 2369
f 2882/1/5155 2881/1/5156 2930/1/5157
f 2930/1/5157 2939/1/5158 2882/1/5155
s 2370
f 2894/1/5159 2942/1/5160 2940/1/5161
f 2940/1/5161 2895/1/5162 2894/1/5159
s 2371
f 2943/1/5163 2941/1/5164 2908/1/5163
f 2908/1/5163 2907/1/5165 2943/1/5163
s 2372
f 2893/1/5166 2944/1/5167 2942/1/5168
f 2942/1/5168 2894/1/5169 2893/1/5166
s 2373
f 2906/1/5170 2945/1/5171 2943/1/5172
f 2943/1/5172 2907/1/5173 2906/1/5170
s 2374
f 2892/1/5174 2946/1/5174 2944/1/5175
f 2944/1/5175 2893/1/5176 2892/1/5174
s 2375
f 2917/1/5177 2945/1/5178 2906/1/5177
f 2906/1/5177 2905/1/5177 2917/1/5177
s 2376
f 2891/1/5179 2920/1/5180 2946/1/5181
f 2946/1/5181 2892/1/5182 2891/1/5179
s 2377
f 2947/1/5183 2948/1/5183 2915/1/5183
f 2915/1/5183 2914/1/5183 2949/1/5183
f 2947/1/5183 2915/1/5183 2949/1/5183
f 2949/1/5183 2950/1/5183 2951/1/5183
f 2949/1/5183 2951/1/5183 2952/1/5183
f 2947/1/5183 2949/1/5183 2952/1/5183
f 2947/1/5183 2952/1/5183 2953/1/5183
f 2953/1/5183 2954/1/5183 2955/1/5183
f 2955/1/5183 2956/1/5183 2957/1/5183
f 2953/1/5183 2955/1/5183 2957/1/5183
f 2957/1/5183 2958/1/5183 2959/1/5183
f 2959/1/5183 2960/1/5183 2961/1/5183
f 2957/1/5183 2959/1/5183 2961/1/5183
f 2953/1/5183 2957/1/5183 2961/1/5183
f 2961/1/5183 2962/1/5183 2963/1/5183
f 2963/1/5183 2964/1/5183 2965/1/5183
f 2961/1/5183 2963/1/5183 2965/1/5183
f 2965/1/5183 2966/1/5183 2967/1/5183
f 2967/1/5183 2968/1/5183 2969/1/5183
f 2965/1/5183 2967/1/5183 2969/1/5183
f 2961/1/5183 2965/1/5183 2969/1/5183
f 2953/1/5183 2961/1/5183 2969/1/5183
f 2969/1/5183 2970/1/5183 2971/1/5183
f 2971/1/5183 2972/1/5183 2973/1/5183
f 2969/1/5183 2971/1/5183 2973/1/5183
f 2973/1/5183 2974/1/5183 2975/1/5183
f 2973/1/5183 2975/1/5183 2976/1/5183
f 2969/1/5183 2973/1/5183 2976/1/5183
f 2953/1/5183 2969/1/5183 2976/1/5183
f 2947/1/5183 2953/1/5183 2976/1/5183
s 2378
f 2939/1/5184 2975/1/5185 2974/1/5184
f 2974/1/5184 2937/1/5184 2939/1/5184
s 2379
f 2940/1/5186 2962/1/5187 2961/1/5186
f 2961/1/5186 2938/1/5186 2940/1/5186
s 2380
f 2941/1/5188 2949/1/5188 2914/1/5188
f 2914/1/5188 2913/1/5188 2941/1/5188
s 2381
f 2939/1/5189 2930/1/5190 2976/1/5190
f 2976/1/5190 2975/1/5191 2939/1/5189
s 2382
f 2942/1/5192 2963/1/5193 2962/1/5193
f 2962/1/5193 2940/1/5194 2942/1/5192
s 2383
f 2943/1/5195 2950/1/5195 2949/1/5195
f 2949/1/5195 2941/1/5195 2943/1/5195
s 2384
f 2944/1/5196 2964/1/5196 2963/1/5196
f 2963/1/5196 2942/1/5196 2944/1/5196
s 2385
f 2945/1/5197 2951/1/5198 2950/1/5197
f 2950/1/5197 2943/1/5198 2945/1/5197
s 2386
f 2946/1/5199 2965/1/5199 2964/1/5199
f 2964/1/5199 2944/1/5199 2946/1/5199
s 2387
f 2917/1/5200 2952/1/5201 2951/1/5200
f 2951/1/5200 2945/1/5201 2917/1/5200
s 2388
f 2920/1/5202 2966/1/5202 2965/1/5202
f 2965/1/5202 2946/1/5202 2920/1/5202
s 2389
f 2918/1/5203 2953/1/5204 2952/1/5203
f 2952/1/5203 2917/1/5205 2918/1/5203
s 2390
f 2919/1/5206 2967/1/5206 2966/1/5206
f 2966/1/5206 2920/1/5206 2919/1/5206
s 2391
f 2921/1/5207 2954/1/5208 2953/1/5207
f 2953/1/5207 2918/1/5207 2921/1/5207
s 2392
f 2922/1/5209 2968/1/5210 2967/1/5211
f 2967/1/5211 2919/1/5211 2922/1/5209
s 2393
f 2923/1/5212 2955/1/5212 2954/1/5212
f 2954/1/5212 2921/1/5212 2923/1/5212
s 2394
f 2924/1/5213 2969/1/5214 2968/1/5213
f 2968/1/5213 2922/1/5214 2924/1/5213
s 2395
f 2925/1/5215 2956/1/5215 2955/1/5215
f 2955/1/5215 2923/1/5215 2925/1/5215
s 2396
f 2926/1/5216 2970/1/5217 2969/1/5218
f 2969/1/5218 2924/1/5216 2926/1/5216
s 2397
f 2927/1/5219 2957/1/5219 2956/1/5219
f 2956/1/5219 2925/1/5219 2927/1/5219
s 2398
f 2928/1/5220 2971/1/5220 2970/1/5220
f 2970/1/5220 2926/1/5220 2928/1/5220
s 2399
f 2929/1/5221 2958/1/5221 2957/1/5221
f 2957/1/5221 2927/1/5221 2929/1/5221
s 2400
f 2931/1/5222 2947/1/5222 2976/1/5222
f 2976/1/5222 2930/1/5222 2931/1/5222
s 2401
f 2932/1/5223 2972/1/5223 2971/1/5223
f 2971/1/5223 2928/1/5223 2932/1/5223
s 2402
f 2933/1/5224 2959/1/5224 2958/1/5224
f 2958/1/5224 2929/1/5224 2933/1/5224
s 2403
f 2934/1/5225 2948/1/5226 2947/1/5225
f 2947/1/5225 2931/1/5226 2934/1/5225
s 2404
f 2935/1/5227 2973/1/5227 2972/1/5227
f 2972/1/5227 2932/1/5227 2935/1/5227
s 2405
f 2936/1/5228 2960/1/5228 2959/1/5228
f 2959/1/5228 2933/1/5228 2936/1/5228
s 2406
f 2916/1/5229 2915/1/5229 2948/1/5229
f 2948/1/5229 2934/1/5229 2916/1/5229
s 2407
f 2937/1/5230 2974/1/5231 2973/1/5231
f 2973/1/5231 2935/1/5232 2937/1/5230
s 2408
f 2938/1/5233 2961/1/5234 2960/1/5233
f 2960/1/5233 2936/1/5235 2938/1/5233
s 2409
f 2977/1/5086 2978/1/5086 2979/1/5086
f 2979/1/5086 2980/1/5086 2981/1/5086
f 2977/1/5086 2979/1/5086 2981/1/5086
f 2981/1/5086 2982/1/5086 2983/1/5086
f 2983/1/5086 2984/1/5086 2985/1/5086
f 2981/1/5086 2983/1/5086 2985/1/5086
f 2977/1/5086 2981/1/5086 2985/1/5086
f 2985/1/5086 2986/1/5086 2987/1/5086
f 2987/1/5086 2988/1/5086 2989/1/5086
f 2985/1/5086 2987/1/5086 2989/1/5086
f 2989/1/5086 2990/1/5086 2991/1/5086
f 2991/1/5086 2992/1/5086 2993/1/5086
f 2989/1/5086 2991/1/5086 2993/1/5086
f 2985/1/5086 2989/1/5086 2993/1/5086
f 2993/1/5086 2994/1/5086 2995/1/5086
f 2995/1/5086 2996/1/5086 2997/1/5086
f 2993/1/5086 2995/1/5086 2997/1/5086
f 2997/1/5086 2998/1/5086 2999/1/5086
f 2999/1/5086 3000/1/5086 3001/1/5086
f 2997/1/5086 2999/1/5086 3001/1/5086
f 2993/1/5086 2997/1/5086 3001/1/5086
f 2985/1/5086 2993/1/5086 3001/1/5086
f 2977/1/5086 2985/1/5086 3001/1/5086
f 3002/1/5086 3003/1/5086 3004/1/5086
f 3001/1/5086 3002/1/5086 3004/1/5086
f 3001/1/5086 3004/1/5086 3005/1/5086
f 2977/1/5086 3001/1/5086 3005/1/5086
f 3006/1/5086 2977/1/5086 3005/1/5086
f 3006/1/5086 3005/1/5086 3007/1/5086
f 3006/1/5086 3007/1/5086 3008/1/5086
s 2410
f 3009/1/5183 3010/1/5183 3011/1/5183
f 3011/1/5183 3012/1/5183 3013/1/5183
f 3009/1/5183 3011/1/5183 3013/1/5183
f 3013/1/5183 3014/1/5183 3015/1/5183
f 3015/1/5183 3016/1/5183 3017/1/5183
f 3013/1/5183 3015/1/5183 3017/1/5183
f 3009/1/5183 3013/1/5183 3017/1/5183
f 3017/1/5183 3018/1/5183 3019/1/5183
f 3019/1/5183 3020/1/5183 3021/1/5183
f 3017/1/5183 3019/1/5183 3021/1/5183
f 3021/1/5183 3022/1/5183 3023/1/5183
f 3023/1/5183 3024/1/5183 3025/1/5183
f 3021/1/5183 3023/1/5183 3025/1/5183
f 3017/1/5183 3021/1/5183 3025/1/5183
f 3009/1/5183 3017/1/5183 3025/1/5183
f 3025/1/5183 3026/1/5183 3027/1/5183
f 3027/1/5183 3028/1/5183 3029/1/5183
f 3025/1/5183 3027/1/5183 3029/1/5183
f 3029/1/5183 3030/1/5183 3031/1/5183
f 3031/1/5183 3032/1/5183 3033/1/5183
f 3029/1/5183 3031/1/5183 3033/1/5183
f 3025/1/5183 3029/1/5183 3033/1/5183
f 3033/1/5183 3034/1/5183 3035/1/5183
f 3035/1/5183 3036/1/5183 3037/1/5183
f 3033/1/5183 3035/1/5183 3037/1/5183
f 3037/1/5183 3038/1/5183 3039/1/5183
f 3037/1/5183 3039/1/5183 3040/1/5183
f 3033/1/5183 3037/1/5183 3040/1/5183
f 3025/1/5183 3033/1/5183 3040/1/5183
f 3009/1/5183 3025/1/5183 3040/1/5183
s 2411
f 3002/1/5236 3015/1/5237 3014/1/5238
f 3014/1/5238 3003/1/5239 3002/1/5236
s 2412
f 2988/1/5240 3029/1/5241 3028/1/5242
f 3028/1/5242 2989/1/5243 2988/1/5240
s 2413
f 3016/1/5244 3015/1/5245 3002/1/5246
f 3002/1/5246 3001/1/5245 3016/1/5244
s 2414
f 2987/1/5247 3030/1/5248 3029/1/5249
f 3029/1/5249 2988/1/5250 2987/1/5247
s 2415
f 3016/1/5251 3001/1/5252 3000/1/5253
f 3000/1/5253 3017/1/5254 3016/1/5251
s 2416
f 2986/1/5255 3031/1/5256 3030/1/5257
f 3030/1/5257 2987/1/5256 2986/1/5255
s 2417
f 3000/1/5258 2999/1/5259 3018/1/5260
f 3018/1/5260 3017/1/5261 3000/1/5258
s 2418
f 2985/1/5262 3032/1/5263 3031/1/5262
f 3031/1/5262 2986/1/5262 2985/1/5262
s 2419
f 2998/1/5264 3019/1/5264 3018/1/5265
f 3018/1/5265 2999/1/5266 2998/1/5264
s 2420
f 2984/1/5267 3033/1/5267 3032/1/5268
f 3032/1/5268 2985/1/5267 2984/1/5267
s 2421
f 2997/1/5269 3020/1/5270 3019/1/5271
f 3019/1/5271 2998/1/5272 2997/1/5269
s 2422
f 2983/1/5273 3034/1/5274 3033/1/5275
f 3033/1/5275 2984/1/5276 2983/1/5273
s 2423
f 2996/1/5277 3021/1/5278 3020/1/5279
f 3020/1/5279 2997/1/5280 2996/1/5277
s 2424
f 2982/1/5281 3035/1/5282 3034/1/5283
f 3034/1/5283 2983/1/5283 2982/1/5281
s 2425
f 2995/1/5284 3022/1/5285 3021/1/5286
f 3021/1/5286 2996/1/5287 2995/1/5284
s 2426
f 3040/1/5288 2977/1/5289 3006/1/5288
f 3006/1/5288 3009/1/5288 3040/1/5288
s 2427
f 2981/1/5290 3036/1/5291 3035/1/5292
f 3035/1/5292 2982/1/5293 2981/1/5290
s 2428
f 2994/1/5294 3023/1/5295 3022/1/5296
f 3022/1/5296 2995/1/5297 2994/1/5294
s 2429
f 3009/1/5298 3006/1/5299 3008/1/5300
f 3008/1/5300 3010/1/5301 3009/1/5298
s 2430
f 2980/1/5302 3037/1/5303 3036/1/5304
f 3036/1/5304 2981/1/5305 2980/1/5302
s 2431
f 2993/1/5306 3024/1/5307 3023/1/5308
f 3023/1/5308 2994/1/5308 2993/1/5306
s 2432
f 3010/1/5309 3008/1/5310 3007/1/5311
f 3007/1/5311 3011/1/5309 3010/1/5309
s 2433
f 2979/1/5312 3038/1/5313 3037/1/5312
f 3037/1/5312 2980/1/5312 2979/1/5312
s 2434
f 2992/1/5314 3025/1/5315 3024/1/5316
f 3024/1/5316 2993/1/5317 2992/1/5314
s 2435
f 3007/1/5318 3005/1/5319 3012/1/5320
f 3012/1/5320 3011/1/5321 3007/1/5318
s 2436
f 2978/1/5322 3039/1/5322 3038/1/5323
f 3038/1/5323 2979/1/5323 2978/1/5322
s 2437
f 2991/1/5324 3026/1/5325 3025/1/5326
f 3025/1/5326 2992/1/5327 2991/1/5324
s 2438
f 3004/1/5328 3013/1/5329 3012/1/5330
f 3012/1/5330 3005/1/5331 3004/1/5328
s 2439
f 2978/1/5332 2977/1/5333 3040/1/5333
f 3040/1/5333 3039/1/5333 2978/1/5332
s 2440
f 2990/1/5334 3027/1/5335 3026/1/5336
f 3026/1/5336 2991/1/5337 2990/1/5334
s 2441
f 3014/1/5338 3013/1/5339 3004/1/5340
f 3004/1/5340 3003/1/5341 3014/1/5338
s 2442
f 2989/1/5342 3028/1/5343 3027/1/5344
f 3027/1/5344 2990/1/5345 2989/1/5342
s 2443
f 3041/1/5086 3042/1/5086 3043/1/5086
f 3043/1/5086 3044/1/5086 3045/1/5086
f 3041/1/5086 3043/1/5086 3045/1/5086
f 3045/1/5086 3046/1/5086 3047/1/5086
f 3047/1/5086 3048/1/5086 3049/1/5086
f 3045/1/5086 3047/1/5086 3049/1/5086
f 3041/1/5086 3045/1/5086 3049/1/5086
f 3049/1/5086 3050/1/5086 3051/1/5086
f 3051/1/5086 3052/1/5086 3053/1/5086
f 3049/1/5086 3051/1/5086 3053/1/5086
f 3053/1/5086 3054/1/5086 3055/1/5086
f 3055/1/5086 3056/1/5086 3057/1/5086
f 3053/1/5086 3055/1/5086 3057/1/5086
f 3049/1/5086 3053/1/5086 3057/1/5086
f 3057/1/5086 3058/1/5086 3059/1/5086
f 3059/1/5086 3060/1/5086 3061/1/5086
f 3057/1/5086 3059/1/5086 3061/1/5086
f 3061/1/5086 3062/1/5086 3063/1/5086
f 3063/1/5086 3064/1/5086 3065/1/5086
f 3061/1/5086 3063/1/5086 3065/1/5086
f 3057/1/5086 3061/1/5086 3065/1/5086
f 3049/1/5086 3057/1/5086 3065/1/5086
f 3041/1/5086 3049/1/5086 3065/1/5086
f 3066/1/5086 3067/1/5086 3068/1/5086
f 3065/1/5086 3066/1/5086 3068/1/5086
f 3065/1/5086 3068/1/5086 3069/1/5086
f 3041/1/5086 3065/1/5086 3069/1/5086
f 3070/1/5086 3041/1/5086 3069/1/5086
f 3070/1/5086 3069/1/5086 3071/1/5086
f 3070/1/5086 3071/1/5086 3072/1/5086
s 2444
f 3073/1/5346 3074/1/5346 3075/1/5346
f 3075/1/5346 3076/1/5346 3073/1/5346
s 2445
f 3043/1/5347 3077/1/5348 3078/1/5349
f 3078/1/5349 3044/1/5350 3043/1/5347
s 2446
f 3056/1/5351 3079/1/5352 3080/1/5353
f 3080/1/5353 3057/1/5354 3056/1/5351
s 2447
f 3071/1/5355 3069/1/5356 3081/1/5356
f 3081/1/5356 3082/1/5357 3071/1/5355
s 2448
f 3042/1/5358 3083/1/5359 3077/1/5358
f 3077/1/5358 3043/1/5360 3042/1/5358
s 2449
f 3055/1/5361 3084/1/5362 3079/1/5363
f 3079/1/5363 3056/1/5364 3055/1/5361
s 2450
f 3068/1/5365 3085/1/5365 3081/1/5366
f 3081/1/5366 3069/1/5367 3068/1/5365
s 2451
f 3042/1/5368 3041/1/5369 3086/1/5370
f 3086/1/5370 3083/1/5371 3042/1/5368
s 2452
f 3054/1/5372 3087/1/5373 3084/1/5372
f 3084/1/5372 3055/1/5374 3054/1/5372
s 2453
f 3088/1/5375 3085/1/5376 3068/1/5377
f 3068/1/5377 3067/1/5378 3088/1/5375
s 2454
f 3053/1/5379 3089/1/5380 3087/1/5381
f 3087/1/5381 3054/1/5382 3053/1/5379
s 2455
f 3066/1/5383 3090/1/5384 3088/1/5385
f 3088/1/5385 3067/1/5385 3066/1/5383
s 2456
f 3052/1/5386 3091/1/5387 3089/1/5388
f 3089/1/5388 3053/1/5389 3052/1/5386
s 2457
f 3092/1/5390 3090/1/5391 3066/1/5392
f 3066/1/5392 3065/1/5393 3092/1/5390
s 2458
f 3051/1/5394 3093/1/5395 3091/1/5396
f 3091/1/5396 3052/1/5397 3051/1/5394
s 2459
f 3092/1/5398 3065/1/5399 3064/1/5400
f 3064/1/5400 3094/1/5401 3092/1/5398
s 2460
f 3050/1/5402 3095/1/5403 3093/1/5404
f 3093/1/5404 3051/1/5403 3050/1/5402
s 2461
f 3064/1/5405 3063/1/5406 3096/1/5407
f 3096/1/5407 3094/1/5408 3064/1/5405
s 2462
f 3049/1/5409 3076/1/5410 3095/1/5411
f 3095/1/5411 3050/1/5412 3049/1/5409
s 2463
f 3062/1/5413 3097/1/5413 3096/1/5414
f 3096/1/5414 3063/1/5415 3062/1/5413
s 2464
f 3048/1/5416 3073/1/5417 3076/1/5418
f 3076/1/5418 3049/1/5419 3048/1/5416
s 2465
f 3061/1/5420 3098/1/5421 3097/1/5422
f 3097/1/5422 3062/1/5423 3061/1/5420
s 2466
f 3047/1/5424 3099/1/5425 3073/1/5426
f 3073/1/5426 3048/1/5427 3047/1/5424
s 2467
f 3060/1/5428 3100/1/5428 3098/1/5429
f 3098/1/5429 3061/1/5430 3060/1/5428
s 2468
f 3046/1/5431 3101/1/5432 3099/1/5432
f 3099/1/5432 3047/1/5433 3046/1/5431
s 2469
f 3059/1/5434 3102/1/5435 3100/1/5434
f 3100/1/5434 3060/1/5436 3059/1/5434
s 2470
f 3086/1/5437 3041/1/5438 3070/1/5439
f 3070/1/5439 3103/1/5440 3086/1/5437
s 2471
f 3045/1/5441 3104/1/5442 3101/1/5443
f 3101/1/5443 3046/1/5444 3045/1/5441
s 2472
f 3058/1/5445 3105/1/5446 3102/1/5447
f 3102/1/5447 3059/1/5448 3058/1/5445
s 2473
f 3103/1/5449 3070/1/5450 3072/1/5451
f 3072/1/5451 3106/1/5452 3103/1/5449
s 2474
f 3044/1/5453 3078/1/5454 3104/1/5455
f 3104/1/5455 3045/1/5456 3044/1/5453
s 2475
f 3057/1/5457 3080/1/5458 3105/1/5459
f 3105/1/5459 3058/1/5460 3057/1/5457
s 2476
f 3106/1/5461 3072/1/5462 3071/1/5463
f 3071/1/5463 3082/1/5464 3106/1/5461
s 2477
f 3107/1/5183 3108/1/5183 3109/1/5183
f 3109/1/5183 3110/1/5183 3111/1/5183
f 3107/1/5183 3109/1/5183 3111/1/5183
f 3111/1/5183 3112/1/5183 3113/1/5183
f 3111/1/5183 3113/1/5183 3114/1/5183
f 3107/1/5183 3111/1/5183 3114/1/5183
f 3107/1/5183 3114/1/5183 3115/1/5183
f 3115/1/5183 3116/1/5183 3117/1/5183
f 3117/1/5183 3118/1/5183 3119/1/5183
f 3115/1/5183 3117/1/5183 3119/1/5183
f 3119/1/5183 3120/1/5183 3121/1/5183
f 3121/1/5183 3122/1/5183 3123/1/5183
f 3119/1/5183 3121/1/5183 3123/1/5183
f 3115/1/5183 3119/1/5183 3123/1/5183
f 3123/1/5183 3124/1/5183 3125/1/5183
f 3125/1/5183 3126/1/5183 3127/1/5183
f 3123/1/5183 3125/1/5183 3127/1/5183
f 3127/1/5183 3128/1/5183 3129/1/5183
f 3129/1/5183 3075/1/5183 3074/1/5183
f 3127/1/5183 3129/1/5183 3074/1/5183
f 3123/1/5183 3127/1/5183 3074/1/5183
f 3115/1/5183 3123/1/5183 3074/1/5183
f 3074/1/5183 3130/1/5183 3131/1/5183
f 3131/1/5183 3132/1/5183 3133/1/5183
f 3074/1/5183 3131/1/5183 3133/1/5183
f 3133/1/5183 3134/1/5183 3135/1/5183
f 3133/1/5183 3135/1/5183 3136/1/5183
f 3074/1/5183 3133/1/5183 3136/1/5183
f 3115/1/5183 3074/1/5183 3136/1/5183
f 3107/1/5183 3115/1/5183 3136/1/5183
s 2478
f 3098/1/5215 3118/1/5465 3117/1/5215
f 3117/1/5215 3097/1/5465 3098/1/5215
s 2479
f 3099/1/5217 3130/1/5217 3074/1/5217
f 3074/1/5217 3073/1/5217 3099/1/5217
s 2480
f 3100/1/5219 3119/1/5466 3118/1/5219
f 3118/1/5219 3098/1/5467 3100/1/5219
s 2481
f 3101/1/5468 3131/1/5468 3130/1/5468
f 3130/1/5468 3099/1/5468 3101/1/5468
s 2482
f 3102/1/5469 3120/1/5469 3119/1/5469
f 3119/1/5469 3100/1/5469 3102/1/5469
s 2483
f 3103/1/5470 3107/1/5470 3136/1/5470
f 3136/1/5470 3086/1/5471 3103/1/5470
s 2484
f 3104/1/5472 3132/1/5473 3131/1/5472
f 3131/1/5472 3101/1/5474 3104/1/5472
s 2485
f 3105/1/5224 3121/1/5224 3120/1/5224
f 3120/1/5224 3102/1/5224 3105/1/5224
s 2486
f 3106/1/5226 3108/1/5226 3107/1/5226
f 3107/1/5226 3103/1/5226 3106/1/5226
s 2487
f 3078/1/5475 3133/1/5476 3132/1/5475
f 3132/1/5475 3104/1/5476 3078/1/5475
s 2488
f 3080/1/5477 3122/1/5477 3121/1/5477
f 3121/1/5477 3105/1/5478 3080/1/5477
s 2489
f 3082/1/5479 3109/1/5479 3108/1/5479
f 3108/1/5479 3106/1/5479 3082/1/5479
s 2490
f 3077/1/5230 3134/1/5230 3133/1/5230
f 3133/1/5230 3078/1/5230 3077/1/5230
s 2491
f 3079/1/5233 3123/1/5233 3122/1/5233
f 3122/1/5233 3080/1/5480 3079/1/5233
s 2492
f 3081/1/5481 3110/1/5482 3109/1/5481
f 3109/1/5481 3082/1/5483 3081/1/5481
s 2493
f 3083/1/5184 3135/1/5184 3134/1/5184
f 3134/1/5184 3077/1/5184 3083/1/5184
s 2494
f 3084/1/5186 3124/1/5186 3123/1/5186
f 3123/1/5186 3079/1/5186 3084/1/5186
s 2495
f 3085/1/5484 3111/1/5484 3110/1/5484
f 3110/1/5484 3081/1/5484 3085/1/5484
s 2496
f 3083/1/5189 3086/1/5485 3136/1/5189
f 3136/1/5189 3135/1/5189 3083/1/5189
s 2497
f 3087/1/5192 3125/1/5192 3124/1/5192
f 3124/1/5192 3084/1/5192 3087/1/5192
s 2498
f 3088/1/5486 3112/1/5486 3111/1/5486
f 3111/1/5486 3085/1/5486 3088/1/5486
s 2499
f 3089/1/5487 3126/1/5487 3125/1/5487
f 3125/1/5487 3087/1/5487 3089/1/5487
s 2500
f 3090/1/5488 3113/1/5488 3112/1/5488
f 3112/1/5488 3088/1/5488 3090/1/5488
s 2501
f 3091/1/5489 3127/1/5489 3126/1/5489
f 3126/1/5489 3089/1/5489 3091/1/5489
s 2502
f 3092/1/5490 3114/1/5490 3113/1/5490
f 3113/1/5490 3090/1/5490 3092/1/5490
s 2503
f 3093/1/5491 3128/1/5491 3127/1/5491
f 3127/1/5491 3091/1/5491 3093/1/5491
s 2504
f 3094/1/5203 3115/1/5203 3114/1/5203
f 3114/1/5203 3092/1/5203 3094/1/5203
s 2505
f 3095/1/5206 3129/1/5206 3128/1/5206
f 3128/1/5206 3093/1/5206 3095/1/5206
s 2506
f 3096/1/5207 3116/1/5207 3115/1/5207
f 3115/1/5207 3094/1/5207 3096/1/5207
s 2507
f 3076/1/5209 3075/1/5209 3129/1/5209
f 3129/1/5209 3095/1/5209 3076/1/5209
s 2508
f 3097/1/5492 3117/1/5492 3116/1/5492
f 3116/1/5492 3096/1/5492 3097/1/5492
s 2509
f 3137/2/5493 3138/3/5493 3139/4/5494
f 3139/4/5494 3140/5/5494 3137/2/5493
s 2510
f 3138/3/5495 3141/6/5495 3142/7/5495
f 3142/7/5495 3139/4/5495 3138/3/5495
s 2511
f 3141/6/5496 3143/8/5496 3144/9/5496
f 3144/9/5496 3142/7/5496 3141/6/5496
s 2512
f 3143/8/5497 3145/10/5497 3146/11/5497
f 3146/11/5497 3144/9/5497 3143/8/5497
s 2513
f 3147/12/5498 3148/13/5499 3146/11/5499
f 3146/11/5499 3145/10/5500 3147/12/5498
s 2514
f 3149/14/5501 3148/13/5501 3147/12/5502
f 3147/12/5502 3150/15/5502 3149/14/5501
s 2515
f 3151/16/5503 3149/14/5503 3150/15/5503
f 3150/15/5503 3152/17/5503 3151/16/5503
s 2516
f 3153/18/5504 3154/19/5505 3151/16/5504
f 3151/16/5504 3152/17/5506 3153/18/5504
s 2517
f 3155/20/5507 3154/19/5507 3153/18/5507
f 3153/18/5507 3156/21/5507 3155/20/5507
s 2518
f 3157/22/5508 3155/20/5508 3156/21/5508
f 3156/21/5508 3158/23/5508 3157/22/5508
s 2519
f 3159/24/5509 3157/22/5509 3158/23/5509
f 3158/23/5509 3160/25/5509 3159/24/5509
s 2520
f 3161/26/5510 3162/27/5510 3159/24/5510
f 3159/24/5510 3160/25/5510 3161/26/5510
s 2521
f 3163/28/5511 3162/27/5511 3161/26/5511
f 3161/26/5511 3164/29/5512 3163/28/5511
s 2522
f 3165/30/5513 3163/28/5513 3164/29/5513
f 3164/29/5513 3166/31/5513 3165/30/5513
s 2523
f 3167/32/5514 3165/30/5515 3166/31/5514
f 3166/31/5514 3168/33/5514 3167/32/5514
s 2524
f 3169/34/5516 3167/32/5516 3168/33/5516
f 3168/33/5516 3170/35/5516 3169/34/5516
s 2525
f 3171/36/5517 3169/34/5517 3170/35/5517
f 3170/35/5517 3172/37/5517 3171/36/5517
s 2526
f 3173/38/5518 3171/36/5518 3172/37/5518
f 3172/37/5518 3174/39/5518 3173/38/5518
s 2527
f 3175/40/5519 3173/38/5519 3174/39/5519
f 3174/39/5519 3176/41/5519 3175/40/5519
s 2528
f 3177/42/5520 3178/43/5520 3175/40/5520
f 3175/40/5520 3176/41/5520 3177/42/5520
s 2529
f 3177/42/5521 3179/44/5521 3180/45/5522
f 3180/45/5522 3178/43/5522 3177/42/5521
s 2530
f 3181/46/5523 3180/45/5523 3179/44/5523
f 3179/44/5523 3182/47/5523 3181/46/5523
s 2531
f 3183/48/5524 3181/46/5524 3182/47/5524
f 3182/47/5524 3184/49/5524 3183/48/5524
s 2532
f 3185/50/5525 3186/51/5525 3183/48/5525
f 3183/48/5525 3184/49/5525 3185/50/5525
s 2533
f 3187/52/5526 3188/53/5526 3186/51/5526
f 3186/51/5526 3185/50/5526 3187/52/5526
s 2534
f 3189/54/5527 3188/53/5527 3187/52/5527
f 3187/52/5527 3190/55/5527 3189/54/5527
s 2535
f 3191/56/5528 3192/57/5528 3189/54/5528
f 3189/54/5528 3190/55/5528 3191/56/5528
s 2536
f 3193/58/5529 3192/57/5529 3191/56/5529
f 3191/56/5529 3194/59/5529 3193/58/5529
s 2537
f 3195/60/5530 3193/58/5531 3194/59/5530
f 3194/59/5530 3196/61/5531 3195/60/5530
s 2538
f 3197/62/5532 3198/63/5532 3195/60/5533
f 3195/60/5533 3196/61/5532 3197/62/5532
s 2539
f 3153/18/5534 3199/18/5534 3200/21/5534
f 3200/21/5534 3156/21/5534 3153/18/5534
s 2540
f 3201/64/5535 3202/65/5535 3198/63/5535
f 3198/63/5535 3197/62/5535 3201/64/5535
s 2541
f 3202/65/5536 3201/64/5537 3137/66/5538
f 3137/66/5538 3140/67/5536 3202/65/5536
s 2542
f 3139/68/5086 3142/69/5086 3144/70/5086
f 3139/68/5086 3144/70/5086 3146/71/5086
f 3146/71/5086 3148/72/5539 3149/73/5086
f 3149/73/5086 3151/74/5540 3154/75/5086
f 3154/75/5086 3155/76/5541 3157/77/5086
f 3149/73/5086 3154/75/5086 3157/77/5086
f 3146/71/5086 3149/73/5086 3157/77/5086
f 3157/77/5086 3159/78/5086 3162/79/5542
f 3162/79/5542 3163/80/5543 3165/81/5086
f 3157/77/5086 3162/79/5542 3165/81/5086
f 3165/81/5086 3167/82/5086 3169/83/5542
f 3169/83/5542 3171/84/5544 3173/85/5086
f 3165/81/5086 3169/83/5542 3173/85/5086
f 3173/85/5086 3175/86/5544 3178/87/5542
f 3178/87/5542 3180/88/5545 3181/89/5086
f 3173/85/5086 3178/87/5542 3181/89/5086
f 3181/89/5086 3183/90/5543 3186/91/5086
f 3186/91/5086 3188/92/5542 3189/93/5086
f 3181/89/5086 3186/91/5086 3189/93/5086
f 3173/85/5086 3181/89/5086 3189/93/5086
f 3165/81/5086 3173/85/5086 3189/93/5086
f 3157/77/5086 3165/81/5086 3189/93/5086
f 3146/71/5086 3157/77/5086 3189/93/5086
f 3189/93/5086 3192/94/5086 3193/95/5086
f 3193/95/5086 3195/96/5086 3198/97/5086
f 3189/93/5086 3193/95/5086 3198/97/5086
f 3146/71/5086 3189/93/5086 3198/97/5086
f 3139/68/5086 3146/71/5086 3198/97/5086
f 3140/98/5086 3139/68/5086 3198/97/5086
f 3140/98/5086 3198/97/5086 3202/99/5540
s 2543
f 3203/8/5546 3204/8/5546 3205/10/5546
f 3205/10/5546 3206/10/5546 3203/8/5546
s 2544
f 3207/39/5547 3174/39/5548 3172/37/5548
f 3172/37/5548 3208/37/5549 3207/39/5547
s 2545
f 3209/56/5550 3191/56/5550 3190/55/5550
f 3190/55/5550 3210/55/5550 3209/56/5550
s 2546
f 3211/12/5551 3147/12/5552 3145/10/5551
f 3145/10/5551 3206/10/5552 3211/12/5551
s 2547
f 3212/31/5553 3166/31/5553 3164/29/5553
f 3164/29/5553 3213/29/5553 3212/31/5553
s 2548
f 3214/49/5554 3184/49/5554 3182/47/5554
f 3182/47/5554 3215/47/5554 3214/49/5554
s 2549
f 3138/3/5555 3137/2/5555 3216/2/5555
f 3216/2/5555 3217/3/5555 3138/3/5555
s 2550
f 3201/64/5556 3218/64/5557 3216/66/5557
f 3216/66/5557 3137/66/5556 3201/64/5556
s 2551
f 3219/23/5558 3158/23/5559 3156/21/5559
f 3156/21/5559 3200/21/5559 3219/23/5558
s 2552
f 3220/41/5560 3176/41/5561 3174/39/5562
f 3174/39/5562 3207/39/5563 3220/41/5560
s 2553
f 3209/56/5564 3221/59/5564 3194/59/5565
f 3194/59/5565 3191/56/5565 3209/56/5564
s 2554
f 3222/15/5566 3150/15/5566 3147/12/5566
f 3147/12/5566 3211/12/5566 3222/15/5566
s 2555
f 3223/33/5567 3168/33/5567 3166/31/5567
f 3166/31/5567 3212/31/5567 3223/33/5567
s 2556
f 3224/50/5568 3185/50/5568 3184/49/5568
f 3184/49/5568 3214/49/5569 3224/50/5568
s 2557
f 3217/3/5570 3225/6/5571 3141/6/5572
f 3141/6/5572 3138/3/5572 3217/3/5570
s 2558
f 3226/25/5573 3160/25/5573 3158/23/5573
f 3158/23/5573 3219/23/5573 3226/25/5573
s 2559
f 3220/41/5574 3227/42/5575 3177/42/5576
f 3177/42/5576 3176/41/5575 3220/41/5574
s 2560
f 3196/61/5577 3194/59/5577 3221/59/5578
f 3221/59/5578 3228/61/5579 3196/61/5577
s 2561
f 3229/17/5580 3152/17/5580 3150/15/5580
f 3150/15/5580 3222/15/5580 3229/17/5580
s 2562
f 3230/35/5581 3170/35/5581 3168/33/5581
f 3168/33/5581 3223/33/5581 3230/35/5581
s 2563
f 3231/52/5582 3187/52/5582 3185/50/5582
f 3185/50/5582 3224/50/5582 3231/52/5582
s 2564
f 3203/8/5583 3143/8/5583 3141/6/5583
f 3141/6/5583 3225/6/5583 3203/8/5583
s 2565
f 3232/26/5584 3161/26/5585 3160/25/5585
f 3160/25/5585 3226/25/5584 3232/26/5584
s 2566
f 3233/44/5586 3179/44/5587 3177/42/5587
f 3177/42/5587 3227/42/5586 3233/44/5586
s 2567
f 3197/62/5588 3196/61/5588 3228/61/5589
f 3228/61/5589 3234/62/5588 3197/62/5588
s 2568
f 3152/17/5590 3229/17/5591 3199/18/5590
f 3199/18/5590 3153/18/5590 3152/17/5590
s 2569
f 3208/37/5592 3172/37/5593 3170/35/5593
f 3170/35/5593 3230/35/5592 3208/37/5592
s 2570
f 3210/55/5594 3190/55/5594 3187/52/5594
f 3187/52/5594 3231/52/5595 3210/55/5594
s 2571
f 3145/10/5596 3143/8/5596 3203/8/5597
f 3203/8/5597 3206/10/5597 3145/10/5596
s 2572
f 3213/29/5598 3164/29/5598 3161/26/5598
f 3161/26/5598 3232/26/5598 3213/29/5598
s 2573
f 3215/47/5599 3182/47/5599 3179/44/5599
f 3179/44/5599 3233/44/5600 3215/47/5599
s 2574
f 3201/64/5601 3197/62/5601 3234/62/5602
f 3234/62/5602 3218/64/5602 3201/64/5601
s 2575
f 3235/100/5603 3236/101/5603 3237/102/5604
f 3237/102/5604 3238/103/5605 3239/104/5603
f 3235/100/5603 3237/102/5604 3239/104/5603
f 3239/104/5603 3240/105/5606 3241/106/5607
f 3241/106/5607 3242/107/5608 3243/108/5603
f 3239/104/5603 3241/106/5607 3243/108/5603
f 3243/108/5603 3244/109/5607 3245/110/5609
f 3245/110/5609 3246/111/5610 3247/112/5603
f 3243/108/5603 3245/110/5609 3247/112/5603
f 3239/104/5603 3243/108/5603 3247/112/5603
f 3247/112/5603 3248/113/5611 3249/114/5612
f 3249/114/5612 3250/115/5613 3251/116/5603
f 3247/112/5603 3249/114/5612 3251/116/5603
f 3251/116/5603 3252/117/5603 3253/118/5604
f 3253/118/5604 3254/119/5614 3255/120/5603
f 3251/116/5603 3253/118/5604 3255/120/5603
f 3247/112/5603 3251/116/5603 3255/120/5603
f 3239/104/5603 3247/112/5603 3255/120/5603
f 3255/120/5603 3256/121/5615 3257/122/5616
f 3257/122/5616 3258/123/5617 3259/124/5607
f 3255/120/5603 3257/122/5616 3259/124/5607
f 3255/120/5603 3259/124/5607 3260/125/5603
f 3239/104/5603 3255/120/5603 3260/125/5603
f 3260/125/5603 3261/126/5618 3262/127/5605
f 3262/127/5605 3263/128/5619 3205/129/5603
f 3260/125/5603 3262/127/5605 3205/129/5603
f 3239/104/5603 3260/125/5603 3205/129/5603
f 3235/100/5603 3239/104/5603 3205/129/5603
f 3235/100/5603 3205/129/5603 3204/130/5620
f 3235/100/5603 3204/130/5620 3264/131/5621
s 2576
f 3234/62/5622 3238/62/5623 3237/64/5624
f 3237/64/5624 3218/64/5625 3234/62/5622
s 2577
f 3208/37/5626 3251/37/5627 3250/39/5628
f 3250/39/5628 3207/39/5626 3208/37/5626
s 2578
f 3206/10/5629 3205/10/5630 3263/12/5631
f 3263/12/5631 3211/12/5629 3206/10/5629
s 2579
f 3218/64/5632 3237/64/5633 3236/66/5632
f 3236/66/5632 3216/66/5632 3218/64/5632
s 2580
f 3207/39/5634 3250/39/5635 3249/41/5635
f 3249/41/5635 3220/41/5636 3207/39/5634
s 2581
f 3211/12/5637 3263/12/5638 3262/15/5638
f 3262/15/5638 3222/15/5637 3211/12/5637
s 2582
f 3220/41/5639 3249/41/5639 3248/42/5639
f 3248/42/5639 3227/42/5640 3220/41/5639
s 2583
f 3222/15/5641 3262/15/5641 3261/17/5641
f 3261/17/5641 3229/17/5642 3222/15/5641
s 2584
f 3227/42/5643 3248/42/5644 3247/44/5644
f 3247/44/5644 3233/44/5643 3227/42/5643
s 2585
f 3199/18/5645 3229/17/5646 3261/17/5647
f 3261/17/5647 3260/18/5648 3199/18/5645
s 2586
f 3233/44/5649 3247/44/5649 3246/47/5649
f 3246/47/5649 3215/47/5649 3233/44/5649
s 2587
f 3199/18/5650 3260/18/5651 3259/21/5651
f 3259/21/5651 3200/21/5650 3199/18/5650
s 2588
f 3215/47/5652 3246/47/5652 3245/49/5652
f 3245/49/5652 3214/49/5653 3215/47/5652
s 2589
f 3200/21/5654 3259/21/5655 3258/23/5656
f 3258/23/5656 3219/23/5654 3200/21/5654
s 2590
f 3214/49/5657 3245/49/5658 3244/50/5658
f 3244/50/5658 3224/50/5659 3214/49/5657
s 2591
f 3219/23/5660 3258/23/5661 3257/25/5661
f 3257/25/5661 3226/25/5660 3219/23/5660
s 2592
f 3224/50/5662 3244/50/5663 3243/52/5664
f 3243/52/5664 3231/52/5662 3224/50/5662
s 2593
f 3226/25/5665 3257/25/5666 3256/26/5666
f 3256/26/5666 3232/26/5665 3226/25/5665
s 2594
f 3231/52/5667 3243/52/5668 3242/55/5668
f 3242/55/5668 3210/55/5667 3231/52/5667
s 2595
f 3232/26/5669 3256/26/5670 3255/29/5670
f 3255/29/5670 3213/29/5669 3232/26/5669
s 2596
f 3210/55/5671 3242/55/5672 3241/56/5673
f 3241/56/5673 3209/56/5671 3210/55/5671
s 2597
f 3213/29/5674 3255/29/5674 3254/31/5675
f 3254/31/5675 3212/31/5674 3213/29/5674
s 2598
f 3216/2/5676 3236/2/5677 3235/3/5678
f 3235/3/5678 3217/3/5676 3216/2/5676
s 2599
f 3209/56/5679 3241/56/5680 3240/59/5680
f 3240/59/5680 3221/59/5679 3209/56/5679
s 2600
f 3212/31/5681 3254/31/5682 3253/33/5682
f 3253/33/5682 3223/33/5681 3212/31/5681
s 2601
f 3217/3/5683 3235/3/5684 3264/6/5683
f 3264/6/5683 3225/6/5685 3217/3/5683
s 2602
f 3221/59/5686 3240/59/5687 3239/61/5687
f 3239/61/5687 3228/61/5687 3221/59/5686
s 2603
f 3223/33/5688 3253/33/5689 3252/35/5689
f 3252/35/5689 3230/35/5690 3223/33/5688
s 2604
f 3225/6/5691 3264/6/5692 3204/8/5693
f 3204/8/5693 3203/8/5691 3225/6/5691
s 2605
f 3228/61/5694 3239/61/5695 3238/62/5694
f 3238/62/5694 3234/62/5696 3228/61/5694
s 2606
f 3230/35/5697 3252/35/5698 3251/37/5699
f 3251/37/5699 3208/37/5697 3230/35/5697
s 2607
f 3265/3/5700 3266/4/5701 3267/5/5700
f 3267/5/5700 3268/2/5701 3265/3/5700
s 2608
f 3269/7/5702 3266/4/5702 3265/3/5702
f 3265/3/5702 3270/6/5702 3269/7/5702
s 2609
f 3271/8/5703 3272/9/5703 3269/7/5703
f 3269/7/5703 3270/6/5703 3271/8/5703
s 2610
f 3273/11/5704 3272/9/5704 3271/8/5704
f 3271/8/5704 3274/10/5704 3273/11/5704
s 2611
f 3275/12/5705 3276/13/5705 3273/11/5705
f 3273/11/5705 3274/10/5705 3275/12/5705
s 2612
f 3277/14/5706 3276/13/5706 3275/12/5706
f 3275/12/5706 3278/15/5706 3277/14/5706
s 2613
f 3279/16/5707 3277/14/5707 3278/15/5707
f 3278/15/5707 3280/17/5707 3279/16/5707
s 2614
f 3281/18/5708 3282/19/5708 3279/16/5708
f 3279/16/5708 3280/17/5708 3281/18/5708
s 2615
f 3283/20/5709 3282/19/5709 3281/18/5709
f 3281/18/5709 3284/21/5709 3283/20/5709
s 2616
f 3285/23/5710 3286/22/5710 3283/20/5710
f 3283/20/5710 3284/21/5711 3285/23/5710
s 2617
f 3287/25/5712 3288/24/5712 3286/22/5712
f 3286/22/5712 3285/23/5713 3287/25/5712
s 2618
f 3289/27/5714 3288/24/5714 3287/25/5714
f 3287/25/5714 3290/26/5714 3289/27/5714
s 2619
f 3291/29/5715 3292/28/5715 3289/27/5715
f 3289/27/5715 3290/26/5715 3291/29/5715
s 2620
f 3293/31/5716 3294/30/5717 3292/28/5717
f 3292/28/5717 3291/29/5716 3293/31/5716
s 2621
f 3295/32/5718 3294/30/5718 3293/31/5719
f 3293/31/5719 3296/33/5719 3295/32/5718
s 2622
f 3296/33/5720 3297/35/5720 3298/34/5720
f 3298/34/5720 3295/32/5720 3296/33/5720
s 2623
f 3299/37/5721 3300/36/5722 3298/34/5722
f 3298/34/5722 3297/35/5723 3299/37/5721
s 2624
f 3301/38/5724 3300/36/5724 3299/37/5724
f 3299/37/5724 3302/39/5724 3301/38/5724
s 2625
f 3303/40/5725 3301/38/5725 3302/39/5725
f 3302/39/5725 3304/41/5725 3303/40/5725
s 2626
f 3305/42/5726 3306/43/5727 3303/40/5727
f 3303/40/5727 3304/41/5726 3305/42/5726
s 2627
f 3307/45/5728 3306/43/5728 3305/42/5728
f 3305/42/5728 3308/44/5728 3307/45/5728
s 2628
f 3309/47/5729 3310/46/5729 3307/45/5729
f 3307/45/5729 3308/44/5729 3309/47/5729
s 2629
f 3311/49/5730 3312/48/5730 3310/46/5730
f 3310/46/5730 3309/47/5730 3311/49/5730
s 2630
f 3313/51/5731 3312/48/5731 3311/49/5731
f 3311/49/5731 3314/50/5731 3313/51/5731
s 2631
f 3315/53/5732 3313/51/5732 3314/50/5732
f 3314/50/5732 3316/52/5732 3315/53/5732
s 2632
f 3317/55/5733 3318/54/5734 3315/53/5734
f 3315/53/5734 3316/52/5733 3317/55/5733
s 2633
f 3319/57/5735 3318/54/5735 3317/55/5735
f 3317/55/5735 3320/56/5735 3319/57/5735
s 2634
f 3321/59/5736 3322/58/5736 3319/57/5736
f 3319/57/5736 3320/56/5736 3321/59/5736
s 2635
f 3323/61/5737 3324/60/5737 3322/58/5737
f 3322/58/5737 3321/59/5737 3323/61/5737
s 2636
f 3325/63/5738 3324/60/5738 3323/61/5738
f 3323/61/5738 3326/62/5738 3325/63/5738
s 2637
f 3327/21/5739 3284/21/5739 3281/18/5739
f 3281/18/5739 3328/18/5739 3327/21/5739
s 2638
f 3329/64/5740 3330/65/5741 3325/63/5741
f 3325/63/5741 3326/62/5740 3329/64/5740
s 2639
f 3329/64/5742 3268/66/5743 3267/67/5744
f 3267/67/5744 3330/65/5745 3329/64/5742
s 2640
f 3267/98/5541 3266/68/5543 3269/69/5086
f 3269/69/5086 3272/70/5542 3273/71/5086
f 3267/98/5541 3269/69/5086 3273/71/5086
f 3276/72/5086 3277/73/5086 3279/74/5086
f 3273/71/5086 3276/72/5086 3279/74/5086
f 3273/71/5086 3279/74/5086 3282/75/5086
f 3282/75/5086 3283/76/5086 3286/77/5086
f 3273/71/5086 3282/75/5086 3286/77/5086
f 3273/71/5086 3286/77/5086 3288/78/5086
f 3288/78/5086 3289/79/5086 3292/80/5086
f 3273/71/5086 3288/78/5086 3292/80/5086
f 3273/71/5086 3292/80/5086 3294/81/5086
f 3294/81/5086 3295/82/5540 3298/83/5086
f 3273/71/5086 3294/81/5086 3298/83/5086
f 3273/71/5086 3298/83/5086 3300/84/5086
f 3300/84/5086 3301/85/5541 3303/86/5086
f 3273/71/5086 3300/84/5086 3303/86/5086
f 3273/71/5086 3303/86/5086 3306/87/5086
f 3306/87/5086 3307/88/5542 3310/89/5086
f 3273/71/5086 3306/87/5086 3310/89/5086
f 3273/71/5086 3310/89/5086 3312/90/5086
f 3312/90/5086 3313/91/5746 3315/92/5086
f 3273/71/5086 3312/90/5086 3315/92/5086
f 3273/71/5086 3315/92/5086 3318/93/5541
f 3318/93/5541 3319/94/5086 3322/95/5086
f 3273/71/5086 3318/93/5541 3322/95/5086
f 3273/71/5086 3322/95/5086 3324/96/5086
f 3267/98/5541 3273/71/5086 3324/96/5086
f 3267/98/5541 3324/96/5086 3325/97/5086
f 3267/98/5541 3325/97/5086 3330/99/5544
s 2641
f 3331/10/5747 3332/8/5748 3333/8/5748
f 3333/8/5748 3334/10/5748 3331/10/5747
s 2642
f 3335/39/5749 3302/39/5750 3299/37/5750
f 3299/37/5750 3336/37/5751 3335/39/5749
s 2643
f 3337/56/5752 3320/56/5752 3317/55/5753
f 3317/55/5753 3338/55/5752 3337/56/5752
s 2644
f 3274/10/5754 3331/10/5754 3339/12/5754
f 3339/12/5754 3275/12/5754 3274/10/5754
s 2645
f 3291/29/5755 3340/29/5756 3341/31/5755
f 3341/31/5755 3293/31/5757 3291/29/5755
s 2646
f 3311/49/5758 3309/47/5758 3342/47/5758
f 3342/47/5758 3343/49/5758 3311/49/5758
s 2647
f 3268/2/5759 3344/2/5759 3345/3/5759
f 3345/3/5759 3265/3/5759 3268/2/5759
s 2648
f 3268/66/5760 3329/64/5760 3346/64/5761
f 3346/64/5761 3344/66/5761 3268/66/5760
s 2649
f 3327/21/5762 3347/23/5762 3285/23/5762
f 3285/23/5762 3284/21/5762 3327/21/5762
s 2650
f 3335/39/5763 3348/41/5763 3304/41/5763
f 3304/41/5763 3302/39/5763 3335/39/5763
s 2651
f 3337/56/5764 3349/59/5764 3321/59/5765
f 3321/59/5765 3320/56/5765 3337/56/5764
s 2652
f 3350/15/5766 3278/15/5766 3275/12/5766
f 3275/12/5766 3339/12/5767 3350/15/5766
s 2653
f 3351/33/5768 3296/33/5768 3293/31/5768
f 3293/31/5768 3341/31/5768 3351/33/5768
s 2654
f 3352/50/5769 3314/50/5769 3311/49/5769
f 3311/49/5769 3343/49/5769 3352/50/5769
s 2655
f 3353/6/5770 3270/6/5770 3265/3/5770
f 3265/3/5770 3345/3/5770 3353/6/5770
s 2656
f 3285/23/5771 3347/23/5772 3354/25/5772
f 3354/25/5772 3287/25/5771 3285/23/5771
s 2657
f 3305/42/5773 3304/41/5773 3348/41/5773
f 3348/41/5773 3355/42/5774 3305/42/5773
s 2658
f 3323/61/5775 3321/59/5776 3349/59/5775
f 3349/59/5775 3356/61/5775 3323/61/5775
s 2659
f 3350/15/5777 3357/17/5778 3280/17/5779
f 3280/17/5779 3278/15/5780 3350/15/5777
s 2660
f 3351/33/5781 3358/35/5782 3297/35/5783
f 3297/35/5783 3296/33/5783 3351/33/5781
s 2661
f 3352/50/5784 3359/52/5784 3316/52/5785
f 3316/52/5785 3314/50/5785 3352/50/5784
s 2662
f 3270/6/5786 3353/6/5787 3332/8/5786
f 3332/8/5786 3271/8/5786 3270/6/5786
s 2663
f 3360/26/5788 3290/26/5789 3287/25/5789
f 3287/25/5789 3354/25/5788 3360/26/5788
s 2664
f 3361/44/5790 3308/44/5791 3305/42/5792
f 3305/42/5792 3355/42/5793 3361/44/5790
s 2665
f 3362/62/5794 3326/62/5795 3323/61/5796
f 3323/61/5796 3356/61/5794 3362/62/5794
s 2666
f 3280/17/5797 3357/17/5797 3328/18/5798
f 3328/18/5798 3281/18/5799 3280/17/5797
s 2667
f 3297/35/5800 3358/35/5801 3336/37/5801
f 3336/37/5801 3299/37/5800 3297/35/5800
s 2668
f 3317/55/5802 3316/52/5802 3359/52/5803
f 3359/52/5803 3338/55/5803 3317/55/5802
s 2669
f 3331/10/5804 3274/10/5804 3271/8/5804
f 3271/8/5804 3332/8/5804 3331/10/5804
s 2670
f 3360/26/5805 3340/29/5805 3291/29/5806
f 3291/29/5806 3290/26/5806 3360/26/5805
s 2671
f 3361/44/5807 3342/47/5807 3309/47/5808
f 3309/47/5808 3308/44/5808 3361/44/5807
s 2672
f 3362/62/5809 3346/64/5810 3329/64/5811
f 3329/64/5811 3326/62/5811 3362/62/5809
s 2673
f 3363/102/5812 3364/103/5813 3365/104/5814
f 3363/102/5812 3365/104/5814 3366/105/5815
f 3366/105/5815 3367/106/5816 3368/107/5817
f 3363/102/5812 3366/105/5815 3368/107/5817
f 3363/102/5812 3368/107/5817 3369/108/5812
f 3369/108/5812 3370/109/5818 3371/110/5817
f 3363/102/5812 3369/108/5812 3371/110/5817
f 3363/102/5812 3371/110/5817 3372/111/5812
f 3372/111/5812 3373/112/5819 3374/113/5812
f 3363/102/5812 3372/111/5812 3374/113/5812
f 3363/102/5812 3374/113/5812 3375/114/5812
f 3375/114/5812 3376/115/5820 3377/116/5812
f 3363/102/5812 3375/114/5812 3377/116/5812
f 3363/102/5812 3377/116/5812 3378/117/5812
f 3378/117/5812 3379/118/5821 3380/119/5812
f 3363/102/5812 3378/117/5812 3380/119/5812
f 3363/102/5812 3380/119/5812 3381/120/5817
f 3381/120/5817 3382/121/5822 3383/122/5817
f 3363/102/5812 3381/120/5817 3383/122/5817
f 3363/102/5812 3383/122/5817 3384/123/5812
f 3384/123/5812 3385/124/5823 3386/125/5812
f 3363/102/5812 3384/123/5812 3386/125/5812
f 3386/125/5812 3387/126/5824 3388/127/5825
f 3386/125/5812 3388/127/5825 3389/128/5812
f 3363/102/5812 3386/125/5812 3389/128/5812
f 3363/102/5812 3389/128/5812 3334/129/5826
f 3334/129/5826 3333/130/5827 3390/131/5812
f 3363/102/5812 3334/129/5826 3390/131/5812
f 3391/101/5826 3363/102/5812 3390/131/5812
f 3392/100/5828 3391/101/5826 3390/131/5812
s 2674
f 3346/64/5829 3362/62/5829 3364/62/5830
f 3364/62/5830 3363/64/5831 3346/64/5829
s 2675
f 3377/37/5832 3376/39/5832 3335/39/5833
f 3335/39/5833 3336/37/5832 3377/37/5832
s 2676
f 3339/12/5834 3331/10/5835 3334/10/5836
f 3334/10/5836 3389/12/5836 3339/12/5834
s 2677
f 3344/66/5837 3346/64/5837 3363/64/5838
f 3363/64/5838 3391/66/5839 3344/66/5837
s 2678
f 3348/41/5840 3335/39/5841 3376/39/5841
f 3376/39/5841 3375/41/5841 3348/41/5840
s 2679
f 3388/15/5842 3350/15/5843 3339/12/5843
f 3339/12/5843 3389/12/5844 3388/15/5842
s 2680
f 3355/42/5845 3348/41/5846 3375/41/5847
f 3375/41/5847 3374/42/5848 3355/42/5845
s 2681
f 3357/17/5849 3350/15/5850 3388/15/5851
f 3388/15/5851 3387/17/5851 3357/17/5849
s 2682
f 3374/42/5852 3373/44/5852 3361/44/5853
f 3361/44/5853 3355/42/5853 3374/42/5852
s 2683
f 3328/18/5854 3357/17/5854 3387/17/5855
f 3387/17/5855 3386/18/5856 3328/18/5854
s 2684
f 3342/47/5857 3361/44/5857 3373/44/5857
f 3373/44/5857 3372/47/5857 3342/47/5857
s 2685
f 3386/18/5858 3385/21/5859 3327/21/5858
f 3327/21/5858 3328/18/5858 3386/18/5858
s 2686
f 3343/49/5860 3342/47/5861 3372/47/5860
f 3372/47/5860 3371/49/5862 3343/49/5860
s 2687
f 3347/23/5863 3327/21/5864 3385/21/5864
f 3385/21/5864 3384/23/5864 3347/23/5863
s 2688
f 3371/49/5865 3370/50/5865 3352/50/5866
f 3352/50/5866 3343/49/5866 3371/49/5865
s 2689
f 3354/25/5867 3347/23/5868 3384/23/5868
f 3384/23/5868 3383/25/5868 3354/25/5867
s 2690
f 3359/52/5869 3352/50/5869 3370/50/5870
f 3370/50/5870 3369/52/5870 3359/52/5869
s 2691
f 3383/25/5871 3382/26/5872 3360/26/5873
f 3360/26/5873 3354/25/5873 3383/25/5871
s 2692
f 3338/55/5874 3359/52/5874 3369/52/5875
f 3369/52/5875 3368/55/5875 3338/55/5874
s 2693
f 3340/29/5876 3360/26/5876 3382/26/5877
f 3382/26/5877 3381/29/5877 3340/29/5876
s 2694
f 3368/55/5878 3367/56/5878 3337/56/5878
f 3337/56/5878 3338/55/5879 3368/55/5878
s 2695
f 3341/31/5880 3340/29/5880 3381/29/5880
f 3381/29/5880 3380/31/5880 3341/31/5880
s 2696
f 3344/2/5881 3391/2/5882 3392/3/5883
f 3392/3/5883 3345/3/5881 3344/2/5881
s 2697
f 3349/59/5884 3337/56/5884 3367/56/5885
f 3367/56/5885 3366/59/5886 3349/59/5884
s 2698
f 3380/31/5887 3379/33/5888 3351/33/5889
f 3351/33/5889 3341/31/5889 3380/31/5887
s 2699
f 3390/6/5890 3353/6/5891 3345/3/5891
f 3345/3/5891 3392/3/5892 3390/6/5890
s 2700
f 3356/61/5893 3349/59/5894 3366/59/5895
f 3366/59/5895 3365/61/5896 3356/61/5893
s 2701
f 3358/35/5897 3351/33/5897 3379/33/5898
f 3379/33/5898 3378/35/5899 3358/35/5897
s 2702
f 3333/8/5900 3332/8/5901 3353/6/5900
f 3353/6/5900 3390/6/5902 3333/8/5900
s 2703
f 3365/61/5903 3364/62/5903 3362/62/5903
f 3362/62/5903 3356/61/5903 3365/61/5903
s 2704
f 3336/37/5904 3358/35/5904 3378/35/5905
f 3378/35/5905 3377/37/5906 3336/37/5904
s 2705
f 3393/3/5907 3394/4/5907 3395/5/5907
f 3395/5/5907 3396/2/5907 3393/3/5907
s 2706
f 3397/7/5908 3394/4/5908 3393/3/5908
f 3393/3/5908 3398/6/5908 3397/7/5908
s 2707
f 3399/8/5909 3400/9/5910 3397/7/5910
f 3397/7/5910 3398/6/5909 3399/8/5909
s 2708
f 3401/10/5911 3402/11/5912 3400/9/5912
f 3400/9/5912 3399/8/5911 3401/10/5911
s 2709
f 3403/13/5913 3402/11/5913 3401/10/5914
f 3401/10/5914 3404/12/5914 3403/13/5913
s 2710
f 3405/15/5915 3406/14/5915 3403/13/5916
f 3403/13/5916 3404/12/5917 3405/15/5915
s 2711
f 3407/17/5918 3408/16/5919 3406/14/5918
f 3406/14/5918 3405/15/5918 3407/17/5918
s 2712
f 3409/19/5920 3408/16/5920 3407/17/5920
f 3407/17/5920 3410/18/5920 3409/19/5920
s 2713
f 3411/21/5921 3412/20/5921 3409/19/5921
f 3409/19/5921 3410/18/5921 3411/21/5921
s 2714
f 3413/23/5922 3414/22/5922 3412/20/5922
f 3412/20/5922 3411/21/5922 3413/23/5922
s 2715
f 3415/24/5923 3414/22/5923 3413/23/5923
f 3413/23/5923 3416/25/5923 3415/24/5923
s 2716
f 3417/26/5924 3418/27/5924 3415/24/5924
f 3415/24/5924 3416/25/5924 3417/26/5924
s 2717
f 3419/29/5925 3420/28/5925 3418/27/5925
f 3418/27/5925 3417/26/5925 3419/29/5925
s 2718
f 3421/30/5926 3420/28/5926 3419/29/5927
f 3419/29/5927 3422/31/5926 3421/30/5926
s 2719
f 3423/32/5928 3421/30/5928 3422/31/5928
f 3422/31/5928 3424/33/5929 3423/32/5928
s 2720
f 3425/35/5930 3426/34/5931 3423/32/5931
f 3423/32/5931 3424/33/5931 3425/35/5930
s 2721
f 3427/36/5932 3426/34/5932 3425/35/5933
f 3425/35/5933 3428/37/5934 3427/36/5932
s 2722
f 3429/38/5935 3427/36/5935 3428/37/5935
f 3428/37/5935 3430/39/5935 3429/38/5935
s 2723
f 3431/41/5936 3432/40/5937 3429/38/5937
f 3429/38/5937 3430/39/5936 3431/41/5936
s 2724
f 3433/43/5938 3432/40/5938 3431/41/5939
f 3431/41/5939 3434/42/5940 3433/43/5938
s 2725
f 3435/44/5941 3436/45/5941 3433/43/5941
f 3433/43/5941 3434/42/5941 3435/44/5941
s 2726
f 3437/47/5942 3438/46/5942 3436/45/5942
f 3436/45/5942 3435/44/5943 3437/47/5942
s 2727
f 3439/48/5944 3438/46/5944 3437/47/5944
f 3437/47/5944 3440/49/5944 3439/48/5944
s 2728
f 3441/51/5945 3439/48/5945 3440/49/5945
f 3440/49/5945 3442/50/5945 3441/51/5945
s 2729
f 3443/52/5946 3444/53/5946 3441/51/5946
f 3441/51/5946 3442/50/5946 3443/52/5946
s 2730
f 3445/54/5947 3444/53/5947 3443/52/5947
f 3443/52/5947 3446/55/5947 3445/54/5947
s 2731
f 3447/56/5948 3448/57/5948 3445/54/5948
f 3445/54/5948 3446/55/5948 3447/56/5948
s 2732
f 3449/59/5949 3450/58/5950 3448/57/5950
f 3448/57/5950 3447/56/5951 3449/59/5949
s 2733
f 3451/60/5952 3450/58/5952 3449/59/5952
f 3449/59/5952 3452/61/5952 3451/60/5952
s 2734
f 3453/62/5953 3454/63/5954 3451/60/5954
f 3451/60/5954 3452/61/5954 3453/62/5953
s 2735
f 3410/18/5955 3455/18/5956 3456/21/5957
f 3456/21/5957 3411/21/5955 3410/18/5955
s 2736
f 3457/64/5958 3458/65/5958 3454/63/5958
f 3454/63/5958 3453/62/5958 3457/64/5958
s 2737
f 3457/64/5959 3396/66/5959 3395/67/5960
f 3395/67/5960 3458/65/5960 3457/64/5959
s 2738
f 3394/68/5086 3397/69/5545 3400/70/5542
f 3395/98/5086 3394/68/5086 3400/70/5542
f 3395/98/5086 3400/70/5542 3402/71/5086
f 3402/71/5086 3403/72/5543 3406/73/5086
f 3395/98/5086 3402/71/5086 3406/73/5086
f 3395/98/5086 3406/73/5086 3408/74/5086
f 3408/74/5086 3409/75/5086 3412/76/5086
f 3395/98/5086 3408/74/5086 3412/76/5086
f 3395/98/5086 3412/76/5086 3414/77/5086
f 3414/77/5086 3415/78/5086 3418/79/5086
f 3395/98/5086 3414/77/5086 3418/79/5086
f 3395/98/5086 3418/79/5086 3420/80/5086
f 3420/80/5086 3421/81/5539 3423/82/5086
f 3395/98/5086 3420/80/5086 3423/82/5086
f 3395/98/5086 3423/82/5086 3426/83/5086
f 3426/83/5086 3427/84/5086 3429/85/5086
f 3395/98/5086 3426/83/5086 3429/85/5086
f 3395/98/5086 3429/85/5086 3432/86/5086
f 3432/86/5086 3433/87/5086 3436/88/5086
f 3395/98/5086 3432/86/5086 3436/88/5086
f 3395/98/5086 3436/88/5086 3438/89/5086
f 3438/89/5086 3439/90/5542 3441/91/5086
f 3395/98/5086 3438/89/5086 3441/91/5086
f 3395/98/5086 3441/91/5086 3444/92/5086
f 3444/92/5086 3445/93/5086 3448/94/5086
f 3395/98/5086 3444/92/5086 3448/94/5086
f 3395/98/5086 3448/94/5086 3450/95/5541
f 3450/95/5541 3451/96/5545 3454/97/5086
f 3395/98/5086 3450/95/5541 3454/97/5086
f 3395/98/5086 3454/97/5086 3458/99/5086
s 2739
f 3459/8/5961 3460/8/5962 3461/10/5963
f 3461/10/5963 3462/10/5961 3459/8/5961
s 2740
f 3463/39/5964 3430/39/5964 3428/37/5964
f 3428/37/5964 3464/37/5964 3463/39/5964
s 2741
f 3465/56/5965 3447/56/5966 3446/55/5967
f 3446/55/5967 3466/55/5965 3465/56/5965
s 2742
f 3401/10/5968 3462/10/5969 3467/12/5969
f 3467/12/5969 3404/12/5968 3401/10/5968
s 2743
f 3422/31/5970 3419/29/5970 3468/29/5970
f 3468/29/5970 3469/31/5970 3422/31/5970
s 2744
f 3440/49/5971 3437/47/5972 3470/47/5971
f 3470/47/5971 3471/49/5973 3440/49/5971
s 2745
f 3472/3/5974 3393/3/5975 3396/2/5974
f 3396/2/5974 3473/2/5974 3472/3/5974
s 2746
f 3474/64/5976 3473/66/5976 3396/66/5976
f 3396/66/5976 3457/64/5977 3474/64/5976
s 2747
f 3411/21/5978 3456/21/5978 3475/23/5978
f 3475/23/5978 3413/23/5978 3411/21/5978
s 2748
f 3476/41/5979 3431/41/5979 3430/39/5979
f 3430/39/5979 3463/39/5979 3476/41/5979
s 2749
f 3477/59/5980 3449/59/5981 3447/56/5981
f 3447/56/5981 3465/56/5980 3477/59/5980
s 2750
f 3404/12/5982 3467/12/5982 3478/15/5982
f 3478/15/5982 3405/15/5982 3404/12/5982
s 2751
f 3479/33/5983 3424/33/5984 3422/31/5985
f 3422/31/5985 3469/31/5983 3479/33/5983
s 2752
f 3480/50/5986 3442/50/5987 3440/49/5987
f 3440/49/5987 3471/49/5988 3480/50/5986
s 2753
f 3393/3/5989 3472/3/5989 3481/6/5989
f 3481/6/5989 3398/6/5989 3393/3/5989
s 2754
f 3475/23/5990 3482/25/5990 3416/25/5991
f 3416/25/5991 3413/23/5991 3475/23/5990
s 2755
f 3434/42/5992 3431/41/5992 3476/41/5992
f 3476/41/5992 3483/42/5993 3434/42/5992
s 2756
f 3452/61/5994 3449/59/5994 3477/59/5995
f 3477/59/5995 3484/61/5996 3452/61/5994
s 2757
f 3405/15/5997 3478/15/5997 3485/17/5997
f 3485/17/5997 3407/17/5997 3405/15/5997
s 2758
f 3486/35/5998 3425/35/5998 3424/33/5998
f 3424/33/5998 3479/33/5998 3486/35/5998
s 2759
f 3487/52/5999 3443/52/6000 3442/50/6000
f 3442/50/6000 3480/50/5999 3487/52/5999
s 2760
f 3398/6/6001 3481/6/6002 3459/8/6002
f 3459/8/6002 3399/8/6003 3398/6/6001
s 2761
f 3482/25/6004 3488/26/6004 3417/26/6005
f 3417/26/6005 3416/25/6006 3482/25/6004
s 2762
f 3489/44/6007 3435/44/6008 3434/42/6008
f 3434/42/6008 3483/42/6007 3489/44/6007
s 2763
f 3490/62/6009 3453/62/6010 3452/61/6010
f 3452/61/6010 3484/61/6009 3490/62/6009
s 2764
f 3407/17/6011 3485/17/6011 3455/18/6011
f 3455/18/6011 3410/18/6011 3407/17/6011
s 2765
f 3428/37/6012 3425/35/6012 3486/35/6013
f 3486/35/6013 3464/37/6013 3428/37/6012
s 2766
f 3446/55/6014 3443/52/6014 3487/52/6015
f 3487/52/6015 3466/55/6015 3446/55/6014
s 2767
f 3399/8/6016 3459/8/6016 3462/10/6016
f 3462/10/6016 3401/10/6016 3399/8/6016
s 2768
f 3419/29/6017 3417/26/6017 3488/26/6017
f 3488/26/6017 3468/29/6017 3419/29/6017
s 2769
f 3470/47/6018 3437/47/6019 3435/44/6019
f 3435/44/6019 3489/44/6018 3470/47/6018
s 2770
f 3474/64/6020 3457/64/6021 3453/62/6020
f 3453/62/6020 3490/62/6020 3474/64/6020
s 2771
f 3491/100/6022 3492/101/6023 3493/102/6022
f 3493/102/6022 3494/103/6024 3495/104/6022
f 3491/100/6022 3493/102/6022 3495/104/6022
f 3496/105/6025 3497/106/6022 3498/107/6022
f 3495/104/6022 3496/105/6025 3498/107/6022
f 3491/100/6022 3495/104/6022 3498/107/6022
f 3499/108/6022 3500/109/6026 3501/110/6022
f 3498/107/6022 3499/108/6022 3501/110/6022
f 3502/111/6027 3503/112/6028 3504/113/6022
f 3501/110/6022 3502/111/6027 3504/113/6022
f 3498/107/6022 3501/110/6022 3504/113/6022
f 3491/100/6022 3498/107/6022 3504/113/6022
f 3505/114/6029 3506/115/6030 3507/116/6022
f 3504/113/6022 3505/114/6029 3507/116/6022
f 3508/117/6028 3509/118/6031 3510/119/6022
f 3507/116/6022 3508/117/6028 3510/119/6022
f 3504/113/6022 3507/116/6022 3510/119/6022
f 3511/120/6032 3512/121/6033 3513/122/6022
f 3510/119/6022 3511/120/6032 3513/122/6022
f 3514/123/6028 3515/124/6034 3516/125/6022
f 3513/122/6022 3514/123/6028 3516/125/6022
f 3510/119/6022 3513/122/6022 3516/125/6022
f 3504/113/6022 3510/119/6022 3516/125/6022
f 3491/100/6022 3504/113/6022 3516/125/6022
f 3517/126/6035 3518/127/6034 3519/128/6022
f 3516/125/6022 3517/126/6035 3519/128/6022
f 3461/129/6036 3460/130/6037 3520/131/6022
f 3519/128/6022 3461/129/6036 3520/131/6022
f 3516/125/6022 3519/128/6022 3520/131/6022
f 3491/100/6022 3516/125/6022 3520/131/6022
s 2772
f 3490/62/6038 3494/62/6038 3493/64/6039
f 3493/64/6039 3474/64/6038 3490/62/6038
s 2773
f 3463/39/6040 3464/37/6041 3507/37/6042
f 3507/37/6042 3506/39/6043 3463/39/6040
s 2774
f 3519/12/6044 3467/12/6045 3462/10/6046
f 3462/10/6046 3461/10/6044 3519/12/6044
s 2775
f 3493/64/6047 3492/66/6047 3473/66/6048
f 3473/66/6048 3474/64/6048 3493/64/6047
s 2776
f 3463/39/6049 3506/39/6050 3505/41/6050
f 3505/41/6050 3476/41/6051 3463/39/6049
s 2777
f 3478/15/6052 3467/12/6053 3519/12/6053
f 3519/12/6053 3518/15/6053 3478/15/6052
s 2778
f 3504/42/6054 3483/42/6054 3476/41/6055
f 3476/41/6055 3505/41/6056 3504/42/6054
s 2779
f 3478/15/6057 3518/15/6058 3517/17/6059
f 3517/17/6059 3485/17/6057 3478/15/6057
s 2780
f 3489/44/6060 3483/42/6061 3504/42/6062
f 3504/42/6062 3503/44/6063 3489/44/6060
s 2781
f 3516/18/6064 3455/18/6065 3485/17/6066
f 3485/17/6066 3517/17/6066 3516/18/6064
s 2782
f 3489/44/6067 3503/44/6068 3502/47/6068
f 3502/47/6068 3470/47/6069 3489/44/6067
s 2783
f 3456/21/6070 3455/18/6070 3516/18/6071
f 3516/18/6071 3515/21/6072 3456/21/6070
s 2784
f 3501/49/6073 3471/49/6074 3470/47/6074
f 3470/47/6074 3502/47/6073 3501/49/6073
s 2785
f 3456/21/6075 3515/21/6076 3514/23/6076
f 3514/23/6076 3475/23/6075 3456/21/6075
s 2786
f 3480/50/6077 3471/49/6078 3501/49/6078
f 3501/49/6078 3500/50/6078 3480/50/6077
s 2787
f 3475/23/6079 3514/23/6080 3513/25/6081
f 3513/25/6081 3482/25/6082 3475/23/6079
s 2788
f 3480/50/6083 3500/50/6084 3499/52/6084
f 3499/52/6084 3487/52/6083 3480/50/6083
s 2789
f 3513/25/6085 3512/26/6086 3488/26/6087
f 3488/26/6087 3482/25/6088 3513/25/6085
s 2790
f 3498/55/6089 3466/55/6090 3487/52/6090
f 3487/52/6090 3499/52/6089 3498/55/6089
s 2791
f 3511/29/6091 3468/29/6092 3488/26/6093
f 3488/26/6093 3512/26/6091 3511/29/6091
s 2792
f 3465/56/6094 3466/55/6094 3498/55/6095
f 3498/55/6095 3497/56/6094 3465/56/6094
s 2793
f 3510/31/6096 3469/31/6097 3468/29/6098
f 3468/29/6098 3511/29/6099 3510/31/6096
s 2794
f 3472/3/6100 3473/2/6100 3492/2/6101
f 3492/2/6101 3491/3/6102 3472/3/6100
s 2795
f 3465/56/6103 3497/56/6104 3496/59/6104
f 3496/59/6104 3477/59/6103 3465/56/6103
s 2796
f 3479/33/6105 3469/31/6105 3510/31/6105
f 3510/31/6105 3509/33/6105 3479/33/6105
s 2797
f 3520/6/6106 3481/6/6106 3472/3/6106
f 3472/3/6106 3491/3/6106 3520/6/6106
s 2798
f 3495/61/6107 3484/61/6107 3477/59/6108
f 3477/59/6108 3496/59/6107 3495/61/6107
s 2799
f 3479/33/6109 3509/33/6109 3508/35/6109
f 3508/35/6109 3486/35/6109 3479/33/6109
s 2800
f 3459/8/6110 3481/6/6110 3520/6/6111
f 3520/6/6111 3460/8/6111 3459/8/6110
s 2801
f 3490/62/6112 3484/61/6113 3495/61/6112
f 3495/61/6112 3494/62/6114 3490/62/6112
s 2802
f 3507/37/6115 3464/37/6116 3486/35/6116
f 3486/35/6116 3508/35/6115 3507/37/6115
