# Blender 5.0.1
# www.blender.org
mtllib goddard_mandibula.mtl
g mandibula_inferior_Mesh
v 0.259942 -0.173997 0.510255
v 0.288342 -0.223497 0.479055
v 0.319642 -0.177797 0.452055
v 0.154642 -0.594297 -0.343645
v 0.112042 -0.619097 -0.382445
v 0.152242 -0.587697 -0.399745
v 0.203942 -0.555097 -0.358045
v 0.186242 -0.556197 -0.420545
v 0.244142 -0.516997 -0.376145
v 0.214042 -0.524897 -0.443645
v 0.275842 -0.480197 -0.396945
v 0.235142 -0.494397 -0.468245
v 0.299342 -0.444997 -0.419945
v 0.248742 -0.465797 -0.494245
v 0.314342 -0.412397 -0.445345
v 0.254442 -0.439997 -0.521845
v 0.320542 -0.383497 -0.473345
v 0.251642 -0.417897 -0.551145
v 0.317542 -0.359397 -0.504145
v 0.191642 -0.571097 -0.297945
v 0.247142 -0.525297 -0.310045
v 0.292042 -0.480897 -0.325545
v 0.327142 -0.438197 -0.343945
v 0.352842 -0.397397 -0.365045
v 0.369142 -0.359797 -0.389345
v 0.375842 -0.326897 -0.417545
v 0.372442 -0.300197 -0.450245
v 0.282542 -0.498597 -0.256645
v 0.223042 -0.549797 -0.246645
v 0.330842 -0.448397 -0.269645
v 0.368542 -0.399397 -0.285245
v 0.396342 -0.351997 -0.303845
v 0.413942 -0.308197 -0.326545
v 0.421042 -0.270097 -0.354645
v 0.417342 -0.239997 -0.389545
v 0.248442 -0.531297 -0.191045
v 0.310442 -0.475597 -0.198945
v 0.361042 -0.420097 -0.209245
v 0.267142 -0.516797 -0.132245
v 0.330742 -0.457597 -0.138045
v 0.343142 -0.445897 -0.074745
v 0.278742 -0.507297 -0.071245
v 0.024142 -0.376097 -0.746945
v 0.060642 -0.334297 -0.734745
v 0.120042 -0.323097 -0.707645
v 0.073742 -0.370597 -0.725845
v 0.090042 -0.290197 -0.721745
v 0.156542 -0.274797 -0.688745
v 0.183942 -0.226097 -0.670045
v 0.112742 -0.244597 -0.708445
v 0.171942 -0.317397 -0.677345
v 0.118642 -0.369397 -0.701445
v 0.214042 -0.265297 -0.652245
v 0.245742 -0.213197 -0.627145
v 0.202642 -0.177497 -0.652545
v 0.267542 -0.161597 -0.603345
v 0.216642 -0.316397 -0.644345
v 0.158742 -0.371797 -0.674045
v 0.263042 -0.260997 -0.612645
v 0.298542 -0.205697 -0.580245
v 0.323542 -0.150697 -0.548645
v 0.254142 -0.319797 -0.609245
v 0.192842 -0.377497 -0.644245
v 0.303842 -0.261797 -0.570945
v 0.342642 -0.203497 -0.530345
v 0.370942 -0.145097 -0.489345
v 0.283842 -0.327797 -0.573345
v 0.220142 -0.386897 -0.613245
v 0.336042 -0.268097 -0.528645
v 0.377542 -0.207597 -0.479945
v 0.408942 -0.146297 -0.428845
v 0.305142 -0.340897 -0.537845
v 0.240042 -0.400197 -0.581845
v 0.359042 -0.280697 -0.487745
v 0.402742 -0.219397 -0.432145
v 0.436842 -0.156497 -0.371445
v 0.067642 -0.353697 0.701855
v 0.031142 -0.395297 0.714755
v 0.080242 -0.388497 0.694055
v 0.126542 -0.341097 0.674955
v 0.124642 -0.385897 0.670055
v 0.177942 -0.333797 0.645055
v 0.164142 -0.386797 0.643155
v 0.222042 -0.331197 0.612355
v 0.197642 -0.390997 0.614155
v 0.258842 -0.332897 0.577855
v 0.224542 -0.398797 0.583855
v 0.287942 -0.339297 0.542655
v 0.243842 -0.410697 0.553455
v 0.308742 -0.350797 0.508155
v 0.254942 -0.427097 0.523855
v 0.320642 -0.367897 0.475555
v 0.163142 -0.292997 0.655055
v 0.097142 -0.309997 0.687955
v 0.220042 -0.281697 0.618755
v 0.268342 -0.275597 0.579455
v 0.308442 -0.274597 0.538155
v 0.339942 -0.279097 0.496555
v 0.362442 -0.289997 0.456555
v 0.375342 -0.307997 0.420155
v 0.120042 -0.264697 0.673655
v 0.190642 -0.244497 0.635255
v 0.251742 -0.229597 0.592355
v 0.303742 -0.220097 0.545655
v 0.347142 -0.215897 0.496055
v 0.381342 -0.217997 0.446255
v 0.405842 -0.227897 0.399155
v 0.419942 -0.246997 0.357755
v 0.135542 -0.219197 0.659955
v 0.209342 -0.196197 0.616555
v 0.273542 -0.178197 0.567355
v 0.328742 -0.165097 0.512655
v 0.375242 -0.157097 0.453455
v 0.412542 -0.156097 0.393255
v 0.439542 -0.164197 0.336555
v 0.455342 -0.184297 0.288255
v 0.432542 -0.093897 0.342055
v 0.153842 -0.592097 0.381555
v 0.113442 -0.623097 0.365555
v 0.155942 -0.597797 0.326455
v 0.205342 -0.558897 0.339255
v 0.192742 -0.574097 0.280455
v 0.248342 -0.528597 0.290755
v 0.223942 -0.552297 0.228955
v 0.283542 -0.501297 0.236955
v 0.249142 -0.533197 0.173055
v 0.311142 -0.477697 0.178855
v 0.267642 -0.517997 0.114055
v 0.331242 -0.458997 0.117555
v 0.278942 -0.507897 0.052955
v 0.343442 -0.446597 0.054055
v 0.282842 -0.504097 -0.009245
v 0.347442 -0.441897 -0.010345
v 0.187942 -0.561097 0.400855
v 0.245642 -0.521297 0.355655
v 0.293342 -0.484597 0.304355
v 0.331942 -0.451397 0.247855
v 0.361942 -0.422397 0.186755
v 0.383442 -0.399197 0.122455
v 0.277642 -0.484997 0.374755
v 0.216042 -0.530297 0.422355
v 0.328642 -0.442397 0.320855
v 0.369842 -0.402797 0.261355
v 0.401942 -0.367397 0.196955
v 0.301342 -0.450497 0.396055
v 0.237342 -0.500597 0.445355
v 0.354542 -0.402197 0.340055
v 0.397842 -0.355997 0.277655
v 0.431642 -0.313097 0.209755
v 0.316642 -0.418697 0.419755
v 0.251242 -0.472797 0.469855
v 0.371142 -0.365397 0.362455
v 0.415642 -0.312997 0.298255
v 0.257342 -0.447997 0.496055
v 0.323242 -0.390797 0.446155
v 0.378142 -0.333497 0.388955
v 0.423142 -0.275897 0.324455
v 0.458942 -0.217897 0.252555
v 0.065642 -0.650097 -0.369545
v 0.039742 -0.662497 -0.396645
v 0.063842 -0.645197 -0.413745
v 0.090242 -0.623697 -0.434245
v 0.117342 -0.598297 -0.458145
v 0.140942 -0.571697 -0.483345
v 0.159242 -0.545297 -0.509345
v 0.171342 -0.519997 -0.535845
v 0.176342 -0.496597 -0.563045
v 0.173642 -0.476097 -0.590945
v 0.094342 -0.635197 -0.334145
v 0.124542 -0.618297 -0.289645
v 0.151842 -0.601797 -0.239545
v 0.174342 -0.587197 -0.185245
v 0.191342 -0.575497 -0.127945
v 0.202142 -0.567797 -0.068545
v 0.205942 -0.565097 -0.008145
v -0.050258 -0.413797 -0.768145
v -0.029658 -0.386397 -0.764345
v -0.019358 -0.414997 -0.757745
v -0.007858 -0.352497 -0.758445
v 0.013742 -0.311897 -0.750445
v 0.011642 -0.022497 -0.739045
v 0.015542 -0.417297 -0.743045
v 0.053242 -0.421097 -0.723445
v 0.088542 -0.426797 -0.700445
v 0.119242 -0.434797 -0.674945
v 0.144342 -0.445397 -0.647645
v 0.162842 -0.459097 -0.619345
v -0.012458 -0.434097 0.726255
v -0.022358 -0.406697 0.731955
v -0.043058 -0.433797 0.736355
v 0.022042 -0.435297 0.711955
v 0.059342 -0.437797 0.692855
v 0.094042 -0.442097 0.670555
v 0.124242 -0.448597 0.645855
v 0.148842 -0.457797 0.619355
v 0.166742 -0.469997 0.592155
v 0.177142 -0.485797 0.564955
v -0.000358 -0.373197 0.725455
v 0.021442 -0.333197 0.716655
v 0.039342 -0.290697 0.706955
v 0.010942 -0.020797 0.697155
v 0.067042 -0.653797 0.353855
v 0.065442 -0.649497 0.397155
v 0.041142 -0.666597 0.380855
v 0.095542 -0.638497 0.318455
v 0.125542 -0.621097 0.273755
v 0.152642 -0.604097 0.223655
v 0.175042 -0.588897 0.169255
v 0.191842 -0.576597 0.111855
v 0.202342 -0.568297 0.052355
v 0.091942 -0.628497 0.416655
v 0.119242 -0.603597 0.439255
v 0.143042 -0.577697 0.463055
v 0.161642 -0.551997 0.487455
v 0.174042 -0.527497 0.512555
v 0.179442 -0.505097 0.538355
v -1.564658 -0.915697 -0.661045
v -1.650158 -0.939797 -0.634445
v -1.679758 -0.924597 -0.630545
v -1.588558 -0.896197 -0.660245
v -1.714158 -0.907597 -0.624545
v -1.617358 -0.875597 -0.657245
v -1.748658 -0.887797 -0.617845
v -1.687358 -0.713597 -0.653045
v -1.486458 -0.865397 -0.689245
v -1.466358 -0.888397 -0.688045
v -1.510958 -0.841597 -0.688345
v -1.537058 -0.816297 -0.686245
v -1.375158 -0.831797 -0.716845
v -1.357458 -0.857597 -0.714345
v -1.396358 -0.805197 -0.717545
v -1.464158 -0.654597 -0.716945
v -1.240658 -0.823297 -0.738845
v -1.256458 -0.795397 -0.742345
v -1.274958 -0.766297 -0.744145
v -1.294858 -0.736097 -0.744745
v -1.132458 -0.756197 -0.765045
v -1.118158 -0.785897 -0.760945
v -1.148658 -0.725297 -0.767645
v -1.223358 -0.497397 -0.769045
v -1.005058 -0.714897 -0.784445
v -0.992058 -0.745897 -0.780045
v -1.019158 -0.682297 -0.787545
v -1.034258 -0.648397 -0.789445
v -0.864558 -0.703697 -0.795345
v -0.876158 -0.671597 -0.799945
v -0.888358 -0.637697 -0.803145
v -0.915058 -0.483997 -0.805245
v -0.747758 -0.626797 -0.810945
v -0.737658 -0.659697 -0.806345
v -0.757958 -0.591897 -0.814145
v -0.768458 -0.555497 -0.816245
v -0.621858 -0.581397 -0.817345
v -0.613258 -0.614897 -0.813045
v -0.629658 -0.545797 -0.820245
v -0.637458 -0.508397 -0.822045
v -0.493458 -0.569997 -0.815145
v -0.499958 -0.536297 -0.819045
v -0.505058 -0.499997 -0.821445
v -0.526458 -0.387397 -0.822645
v -0.384058 -0.492297 -0.815945
v -0.380158 -0.526097 -0.812645
v -0.385758 -0.455597 -0.817445
v -0.387058 -0.416897 -0.817745
v -0.275658 -0.450497 -0.807945
v -0.275258 -0.484197 -0.805745
v -0.273258 -0.413497 -0.808245
v -0.288058 -0.289397 -0.807245
v -0.180958 -0.445697 -0.794845
v -0.176258 -0.412197 -0.795445
v -0.168558 -0.374697 -0.793945
v -0.161058 -0.334597 -0.791045
v -0.086858 -0.378897 -0.778845
v -0.098758 -0.412597 -0.780845
v -0.072558 -0.340397 -0.774645
v -0.103658 -0.037597 -0.763845
v -1.628358 -0.953997 -0.635245
v -1.688258 -0.967197 -0.615945
v -1.720658 -0.960997 -0.609145
v -1.758458 -0.951397 -0.600745
v -1.799758 -0.937797 -0.590945
v -1.852158 -0.853597 -0.577445
v -0.105458 -0.440297 -0.779845
v -0.177858 -0.473397 -0.791145
v -0.269358 -0.513297 -0.801045
v -0.372558 -0.556197 -0.807345
v -0.484658 -0.600597 -0.809345
v -0.603558 -0.645597 -0.806945
v -0.727258 -0.690297 -0.800145
v -0.853658 -0.733797 -0.789045
v -0.980758 -0.775297 -0.773845
v -1.106558 -0.814197 -0.754945
v -1.228658 -0.850197 -0.733245
v -1.345058 -0.882797 -0.709245
v -1.453358 -0.911497 -0.683745
v -1.550558 -0.935697 -0.658045
v -0.173058 -0.467597 0.762655
v -0.091158 -0.433797 0.748555
v -0.078958 -0.400697 0.745855
v -0.168058 -0.434997 0.762555
v -0.064458 -0.362897 0.740855
v -0.159958 -0.398297 0.760155
v -0.051658 -0.322397 0.734555
v -0.152258 -0.358997 0.756555
v -0.104258 -0.036397 0.727955
v -0.147258 -0.318497 0.752255
v -0.267158 -0.474097 0.775055
v -0.267158 -0.506697 0.773655
v -0.264358 -0.437997 0.774555
v -0.261158 -0.399597 0.772755
v -0.293858 -0.227397 0.770255
v -0.375258 -0.516497 0.783155
v -0.371858 -0.549197 0.780755
v -0.376558 -0.480897 0.783855
v -0.377558 -0.443197 0.783455
v -0.379658 -0.404297 0.782155
v -0.491058 -0.560997 0.786355
v -0.484958 -0.593497 0.783255
v -0.495758 -0.525897 0.787955
v -0.500158 -0.488897 0.788355
v -0.555158 -0.237997 0.788055
v -0.612758 -0.606497 0.784755
v -0.604658 -0.638697 0.781155
v -0.620158 -0.571997 0.786855
v -0.627558 -0.535797 0.787955
v -0.635558 -0.498397 0.788155
v -0.738658 -0.652097 0.778355
v -0.728958 -0.683697 0.774555
v -0.748458 -0.618397 0.780755
v -0.758458 -0.583197 0.782155
v -0.810158 -0.413697 0.782655
v -0.866958 -0.696897 0.767355
v -0.855858 -0.727697 0.763555
v -0.878758 -0.664297 0.769755
v -0.891158 -0.630097 0.771155
v -0.903958 -0.594797 0.771655
v -0.995858 -0.740097 0.751855
v -0.983358 -0.769897 0.748255
v -1.009658 -0.708797 0.754155
v -1.024258 -0.675997 0.755255
v -1.079658 -0.532297 0.755555
v -1.123358 -0.781297 0.732455
v -1.109558 -0.809697 0.729155
v -1.139158 -0.751497 0.734255
v -1.156158 -0.720397 0.734855
v -1.173458 -0.687997 0.734755
v -1.247558 -0.819997 0.709655
v -1.232158 -0.846797 0.706955
v -1.265658 -0.792197 0.710655
v -1.285158 -0.762997 0.710555
v -1.342158 -0.543597 0.709655
v -1.366358 -0.855997 0.684155
v -1.349058 -0.880597 0.682355
v -1.387158 -0.830397 0.683955
v -1.409558 -0.803597 0.682655
v -1.431858 -0.774997 0.680755
v -1.477958 -0.888897 0.656455
v -1.458158 -0.910997 0.655955
v -1.502058 -0.866097 0.654755
v -1.527858 -0.841797 0.651855
v -1.579758 -0.719397 0.643255
v -1.580358 -0.918997 0.627355
v -1.556758 -0.937597 0.628855
v -1.608758 -0.899197 0.623455
v -1.638558 -0.877597 0.618555
v -1.666858 -0.853497 0.613455
v -1.671858 -0.946497 0.597555
v -1.642458 -0.960997 0.602155
v -1.705958 -0.930097 0.590755
v -1.740258 -0.911097 0.583255
v -1.728758 -0.813897 0.578755
v -0.098058 -0.460697 0.748255
v -1.863958 -0.863197 0.545755
v -1.792158 -0.959097 0.557155
v -1.751058 -0.972297 0.567755
v -1.713658 -0.981397 0.576855
v -1.681058 -0.987297 0.584055
v -1.620958 -0.974497 0.603555
v -1.542958 -0.956597 0.626555
v -1.445658 -0.932897 0.652355
v -1.337158 -0.904597 0.678055
v -1.220658 -0.872497 0.702155
v -1.098358 -0.836697 0.724055
v -0.972658 -0.797897 0.742955
v -0.845458 -0.756497 0.758155
v -0.719058 -0.712897 0.769255
v -0.595458 -0.668097 0.775955
v -0.476658 -0.622797 0.778255
v -0.364658 -0.577997 0.776155
v -0.261658 -0.534697 0.769755
v -0.170358 -0.494297 0.759655
v -0.081758 -0.720197 -0.448645
v -0.069858 -0.706497 -0.480945
v 0.016142 -0.663597 -0.460945
v -0.001958 -0.680497 -0.433245
v -0.174458 -0.763197 -0.460145
v -0.166858 -0.751497 -0.495645
v -0.278258 -0.807897 -0.468245
v -0.273658 -0.797597 -0.505645
v -0.391158 -0.852997 -0.472945
v -0.388858 -0.843597 -0.511345
v -0.511058 -0.897497 -0.474145
v -0.510658 -0.888897 -0.512845
v -0.635958 -0.940697 -0.471945
v -0.637158 -0.932797 -0.510345
v -0.763958 -0.981897 -0.466145
v -0.766658 -0.974397 -0.503845
v -0.892858 -1.020197 -0.456945
v -0.897158 -1.013197 -0.493545
v -1.020758 -1.055297 -0.444745
v -1.026658 -1.048897 -0.479845
v -1.145358 -1.086797 -0.429845
v -1.153258 -1.080897 -0.463145
v -1.264558 -1.114297 -0.412845
v -1.274858 -1.109097 -0.443745
v -1.376258 -1.137697 -0.394145
v -1.389658 -1.133197 -0.422045
v -1.477558 -1.156597 -0.374145
v -1.495657 -1.153197 -0.398345
v -1.566358 -1.171497 -0.353045
v -1.591358 -1.169297 -0.372245
v -0.054758 -0.689197 -0.511645
v 0.036742 -0.642897 -0.488345
v -0.156358 -0.736697 -0.528645
v -0.266758 -0.784597 -0.540145
v -0.385058 -0.831997 -0.546645
v -0.509358 -0.878497 -0.548345
v -0.638158 -0.923197 -0.545545
v -0.769758 -0.965697 -0.538345
v -0.902458 -1.005197 -0.527045
v -1.034358 -1.041497 -0.511945
v -1.163658 -1.074297 -0.493445
v -1.288558 -1.103297 -0.471845
v -1.407258 -1.128197 -0.447545
v -1.518458 -1.149097 -0.420545
v -1.620558 -1.165897 -0.390745
v -0.039858 -0.669797 -0.540945
v 0.056042 -0.620297 -0.515745
v -0.145358 -0.719797 -0.559645
v -0.259558 -0.769597 -0.572245
v -0.380858 -0.818697 -0.579245
v -0.508058 -0.866497 -0.581045
v -0.639358 -0.912297 -0.577845
v -0.773458 -0.955697 -0.569945
v -0.908558 -0.995997 -0.557645
v -1.043058 -1.033097 -0.541245
v -1.175358 -1.066597 -0.521145
v -1.303758 -1.096397 -0.497645
v -1.426558 -1.121997 -0.471045
v -1.542458 -1.143497 -0.441545
v -1.649258 -1.160497 -0.409145
v -0.027558 -0.649497 -0.569245
v 0.071342 -0.597197 -0.542945
v -0.136258 -0.701797 -0.588845
v -0.253358 -0.753497 -0.602045
v -0.377558 -0.804197 -0.609345
v -0.507258 -0.853197 -0.611045
v -0.641058 -0.900097 -0.607445
v -0.777458 -0.944397 -0.598845
v -0.915058 -0.985697 -0.585645
v -1.052158 -1.023497 -0.568245
v -1.187158 -1.057697 -0.546745
v -1.318658 -1.087997 -0.521745
v -1.444958 -1.114197 -0.493445
v -1.564558 -1.135997 -0.462045
v -1.674458 -1.152597 -0.427645
v -0.019358 -0.629197 -0.596745
v 0.081542 -0.574597 -0.569945
v -0.130258 -0.683497 -0.616645
v -0.249458 -0.736797 -0.629945
v -0.375758 -0.788797 -0.637245
v -0.507558 -0.838997 -0.638645
v -0.643458 -0.886897 -0.634545
v -0.781958 -0.931997 -0.625345
v -0.921658 -0.973997 -0.611445
v -1.060858 -1.012497 -0.593045
v -1.198258 -1.047297 -0.570545
v -1.332258 -1.078097 -0.544445
v -1.461158 -1.104597 -0.514845
v -1.583258 -1.126397 -0.482145
v -1.694658 -1.142197 -0.446545
v -0.016258 -0.609597 -0.623345
v 0.085842 -0.553197 -0.596845
v -0.128258 -0.665297 -0.642945
v -0.248758 -0.719897 -0.656045
v -0.376358 -0.772897 -0.662945
v -0.509558 -0.823997 -0.664045
v -0.646958 -0.872597 -0.659445
v -0.786858 -0.918397 -0.649745
v -0.927958 -0.960997 -0.635145
v -1.068758 -1.000097 -0.616045
v -1.207758 -1.035297 -0.592845
v -1.343258 -1.066397 -0.565945
v -1.473858 -1.092997 -0.535645
v -1.597358 -1.114497 -0.502245
v -1.709058 -1.129497 -0.466245
v -0.019058 -0.591497 -0.649145
v 0.083042 -0.533997 -0.623545
v -0.131358 -0.647997 -0.668045
v -0.252258 -0.703297 -0.680445
v -0.380258 -0.756997 -0.686845
v -0.513958 -0.808497 -0.687345
v -0.651758 -0.857597 -0.682445
v -0.792158 -0.903797 -0.672245
v -0.933858 -0.946697 -0.657145
v -1.075158 -0.985997 -0.637545
v -1.214658 -1.021497 -0.613945
v -1.350758 -1.052697 -0.586645
v -1.481957 -1.079297 -0.556145
v -1.605758 -1.100497 -0.522645
v -1.717058 -1.114697 -0.486745
v -0.028658 -0.575297 -0.674145
v 0.072842 -0.517497 -0.650045
v -0.140258 -0.632097 -0.691845
v -0.260558 -0.687497 -0.703345
v -0.387858 -0.741197 -0.708945
v -0.520858 -0.792697 -0.708945
v -0.658058 -0.841797 -0.703545
v -0.797858 -0.887897 -0.692945
v -0.938858 -0.930897 -0.677645
v -1.079558 -0.970297 -0.657845
v -1.218458 -1.005697 -0.634045
v -1.353958 -1.036897 -0.606745
v -1.484558 -1.063397 -0.576445
v -1.607858 -1.084397 -0.543345
v -1.718758 -1.098197 -0.508045
v -0.044158 -0.560797 -0.697945
v 0.055842 -0.503497 -0.675845
v -0.154258 -0.617097 -0.714145
v -0.272958 -0.671997 -0.724545
v -0.398758 -0.725197 -0.729245
v -0.530158 -0.776297 -0.728645
v -0.665858 -0.824997 -0.722845
v -0.804058 -0.870897 -0.712045
v -0.943458 -0.913597 -0.696545
v -1.082458 -0.952797 -0.676745
v -1.219658 -0.988097 -0.653145
v -1.353558 -1.019097 -0.626145
v -1.482558 -1.045497 -0.596345
v -1.604558 -1.066497 -0.564145
v -1.714458 -1.080197 -0.529945
v 0.033142 -0.491597 -0.700245
v -0.064458 -0.547597 -0.720145
v -0.172158 -0.602697 -0.734645
v -0.288458 -0.656497 -0.743845
v -0.412058 -0.708697 -0.747745
v -0.541258 -0.758997 -0.746545
v -0.674658 -0.807097 -0.740345
v -0.810758 -0.852497 -0.729445
v -0.947858 -0.894797 -0.713845
v -1.084558 -0.933697 -0.694145
v -1.219358 -0.968697 -0.670845
v -1.350658 -0.999497 -0.644445
v -1.476958 -1.025797 -0.615545
v -1.596558 -1.046797 -0.584445
v -1.704858 -1.060797 -0.551745
v 0.005742 -0.481297 -0.722645
v -0.088458 -0.535197 -0.740245
v -0.192958 -0.588297 -0.753045
v -0.306258 -0.640297 -0.761145
v -0.426958 -0.691197 -0.764245
v -0.553558 -0.740497 -0.762545
v -0.684458 -0.787697 -0.756045
v -0.817958 -0.832497 -0.745045
v -0.952558 -0.874297 -0.729545
v -1.086558 -0.912897 -0.710045
v -1.218358 -0.947697 -0.687145
v -1.346358 -0.978397 -0.661445
v -1.469058 -1.004497 -0.633445
v -1.584958 -1.025597 -0.603845
v -1.690758 -1.039997 -0.572945
v -0.024858 -0.472297 -0.742345
v -0.114858 -0.522997 -0.757745
v -0.215458 -0.573297 -0.769145
v -0.325158 -0.623097 -0.776245
v -0.442758 -0.672197 -0.778745
v -0.566558 -0.720197 -0.776545
v -0.694858 -0.766597 -0.769945
v -0.825858 -0.810797 -0.758845
v -0.957758 -0.852197 -0.743345
v -1.088958 -0.890497 -0.724145
v -1.217558 -0.925197 -0.701745
v -1.341858 -0.955797 -0.676745
v -1.460158 -0.981997 -0.649845
v -1.571258 -1.003097 -0.621645
v -1.672858 -1.018197 -0.592945
v -0.056258 -0.463497 -0.758745
v -0.140958 -0.509897 -0.772245
v -0.237258 -0.556697 -0.782545
v -0.343658 -0.603897 -0.789045
v -0.458358 -0.651197 -0.791045
v -0.579658 -0.697997 -0.788645
v -0.705658 -0.743497 -0.781945
v -0.834358 -0.787197 -0.770745
v -0.963958 -0.828397 -0.755445
v -1.092558 -0.866597 -0.736445
v -1.218158 -0.901297 -0.714545
v -1.338858 -0.932197 -0.690145
v -1.452758 -0.958597 -0.664045
v -1.558258 -0.980097 -0.637345
v -1.653758 -0.995797 -0.610745
v -0.084058 -0.453297 -0.771445
v -0.163458 -0.494097 -0.783545
v -0.256158 -0.537097 -0.793345
v -0.359958 -0.581897 -0.799445
v -0.472758 -0.627497 -0.801345
v -0.592158 -0.673197 -0.798845
v -0.716458 -0.718197 -0.791945
v -0.843558 -0.761597 -0.780845
v -0.971558 -0.802697 -0.765645
v -1.098158 -0.841097 -0.746845
v -1.221458 -0.876297 -0.725045
v -1.339258 -0.907697 -0.701045
v -1.449458 -0.934997 -0.675645
v -1.549658 -0.957397 -0.649845
v -1.637658 -0.974097 -0.625045
v -0.014458 -0.692097 -0.404845
v -0.085758 -0.727997 -0.413345
v -0.176458 -0.770397 -0.421445
v -0.279058 -0.814797 -0.427645
v -0.390958 -0.859697 -0.431245
v -0.510158 -0.903997 -0.432145
v -0.634358 -0.946997 -0.430145
v -0.761758 -0.987997 -0.425045
v -0.890158 -1.026097 -0.416945
v -1.017358 -1.060897 -0.406145
v -1.141258 -1.092097 -0.393245
v -1.259558 -1.119297 -0.378545
v -1.369958 -1.142097 -0.362745
v -1.469357 -1.160297 -0.346745
v -1.549058 -1.173197 -0.332545
v -1.640958 -1.182397 -0.330845
v -1.610858 -1.181697 -0.320445
v -1.675258 -1.181697 -0.343345
v -1.711958 -1.178797 -0.358145
v -1.745658 -1.172997 -0.373945
v -1.773758 -1.164297 -0.390845
v -1.795358 -1.152897 -0.408945
v -1.809958 -1.139097 -0.428445
v -1.817858 -1.123497 -0.449445
v -1.819158 -1.106497 -0.471745
v -1.814058 -1.088297 -0.494945
v -1.802858 -1.068797 -0.518645
v -1.785758 -1.048197 -0.542045
v -1.763558 -1.026597 -0.564645
v -1.737658 -1.004697 -0.585445
v -1.711658 -0.984497 -0.602745
v -1.743358 -1.201097 0.251955
v -1.694058 -1.194797 0.285455
v -1.745458 -1.195497 0.292755
v -1.806358 -1.201697 0.256455
v -1.791558 -1.193197 0.303055
v -1.858158 -1.197597 0.264155
v -1.831458 -1.187697 0.315255
v -1.897658 -1.188897 0.274455
v -1.862858 -1.178697 0.329155
v -1.928358 -1.177197 0.287455
v -1.885458 -1.166697 0.345055
v -1.951158 -1.163097 0.303055
v -1.966458 -1.147297 0.321755
v -1.900658 -1.152797 0.363155
v -1.909058 -1.137797 0.383555
v -1.974258 -1.130497 0.343555
v -1.855258 -1.204397 0.217155
v -1.786858 -1.205697 0.214455
v -1.909558 -1.197897 0.222955
v -1.950958 -1.186897 0.231855
v -1.983158 -1.172697 0.243855
v -2.007558 -1.156297 0.259255
v -2.024158 -1.138297 0.278655
v -2.031858 -1.119297 0.302255
v -1.823058 -1.208197 0.173455
v -1.894758 -1.204997 0.175055
v -1.951058 -1.196297 0.179555
v -1.994058 -1.182797 0.187155
v -2.028358 -1.165897 0.198055
v -2.055158 -1.146597 0.212955
v -2.073758 -1.125497 0.232955
v -2.082258 -1.103697 0.259055
v -1.926358 -1.204497 0.130755
v -1.851058 -1.208897 0.129955
v -1.983158 -1.193397 0.134055
v -2.026858 -1.177097 0.140155
v -2.062458 -1.156997 0.149555
v -2.091258 -1.133497 0.163455
v -2.112158 -1.107697 0.183755
v -2.122358 -1.081497 0.212755
v -1.950458 -1.203597 0.084755
v -1.873258 -1.209197 0.084555
v -2.006258 -1.190197 0.086655
v -2.049158 -1.170897 0.090855
v -2.085258 -1.146897 0.097855
v -2.115758 -1.117997 0.109355
v -2.139558 -1.084697 0.128355
v -2.159258 -0.979397 0.172755
v -1.967358 -1.203097 0.037455
v -1.888158 -1.209397 0.037955
v -2.020658 -1.187497 0.037855
v -2.061958 -1.165697 0.039355
v -2.097858 -1.137797 0.042655
v -2.129958 -1.102497 0.049155
v -2.182458 -0.944697 0.070855
v -1.763358 -1.003297 0.554455
v -1.817158 -0.997297 0.538355
v -1.871758 -1.021397 0.508955
v -1.806858 -1.025597 0.530855
v -1.866458 -0.986297 0.523055
v -1.921058 -1.008997 0.489455
v -1.907558 -0.969597 0.508855
v -1.967458 -0.929697 0.472555
v -1.911458 -1.042597 0.479955
v -1.844158 -1.047897 0.506155
v -1.957058 -1.027497 0.457255
v -1.992558 -1.006897 0.437455
v -1.937158 -1.060697 0.451355
v -1.874758 -1.069397 0.480655
v -1.984058 -1.044997 0.425055
v -2.022558 -1.024397 0.401155
v -2.054458 -0.999197 0.380055
v -2.040458 -0.891797 0.406155
v -1.955958 -1.078397 0.422955
v -1.894958 -1.088297 0.455055
v -2.005458 -1.062897 0.392655
v -2.047658 -1.042597 0.364055
v -2.096758 -0.929797 0.328055
v -1.968458 -1.095797 0.394955
v -1.906258 -1.105397 0.430055
v -2.021258 -1.081197 0.360555
v -2.067458 -1.061897 0.326755
v -2.105758 -1.036797 0.294055
v -1.974658 -1.113197 0.368155
v -1.910758 -1.121797 0.406055
v -2.030558 -1.100097 0.330055
v -2.079658 -1.082297 0.291055
v -2.135958 -0.973097 0.245055
v -1.822958 -0.977297 -0.571345
v -1.769358 -0.983597 -0.586545
v -1.810358 -1.006397 -0.562745
v -1.874958 -1.002197 -0.541945
v -1.844358 -1.028997 -0.537745
v -1.915358 -1.025397 -0.512545
v -1.871358 -1.050697 -0.511945
v -1.944458 -1.046597 -0.483145
v -1.890558 -1.071197 -0.485745
v -1.963458 -1.066197 -0.454045
v -1.902358 -1.090397 -0.459945
v -1.974058 -1.084797 -0.425645
v -1.907158 -1.108697 -0.434945
v -1.977758 -1.103197 -0.398245
v -1.905458 -1.126197 -0.411245
v -1.975158 -1.121397 -0.372645
v -1.930758 -0.991897 -0.522845
v -1.872858 -0.966197 -0.556845
v -1.972058 -1.014297 -0.489645
v -2.000058 -1.034097 -0.457045
v -2.018058 -1.052797 -0.424745
v -2.028658 -1.071397 -0.392745
v -2.032558 -1.090497 -0.361945
v -2.029458 -1.109997 -0.333445
v -1.985858 -0.919597 -0.502545
v -1.916858 -0.950197 -0.543545
v -2.013358 -0.995597 -0.470245
v -2.040358 -1.014197 -0.434245
v -2.086958 -0.937797 -0.400845
v -2.071958 -1.051697 -0.361145
v -2.077258 -1.071997 -0.325345
v -2.074058 -1.093497 -0.292645
v -2.108658 -1.026597 -0.330445
v -2.092758 -1.006897 -0.373445
v -2.138758 -0.935997 -0.288445
v -2.112658 -1.071997 -0.248445
v -1.744558 -1.197597 -0.269145
v -1.807158 -1.197597 -0.275245
v -1.746858 -1.191097 -0.311045
v -1.695558 -1.190897 -0.302345
v -1.787358 -1.202497 -0.231845
v -1.857858 -1.201497 -0.236345
v -1.824258 -1.205897 -0.191145
v -1.901258 -1.203997 -0.194645
v -1.854658 -1.207997 -0.147945
v -1.936358 -1.205097 -0.150745
v -1.877258 -1.209097 -0.102745
v -1.960758 -1.204797 -0.105045
v -1.890658 -1.209397 -0.056345
v -1.973758 -1.203897 -0.058145
v -1.894158 -1.209397 -0.009245
v -1.975458 -1.203097 -0.010445
v -1.792358 -1.187997 -0.322745
v -1.860158 -1.193397 -0.284545
v -1.916658 -1.195797 -0.243945
v -1.960258 -1.195397 -0.201145
v -1.989858 -1.192497 -0.156445
v -2.010158 -1.189397 -0.109745
v -2.022458 -1.187097 -0.061345
v -2.025958 -1.186297 -0.011845
v -1.901958 -1.184897 -0.296545
v -1.830958 -1.181297 -0.336445
v -1.956458 -1.183797 -0.254845
v -1.996258 -1.179497 -0.211345
v -2.025458 -1.173797 -0.165445
v -2.046658 -1.168297 -0.116945
v -2.060158 -1.164197 -0.066045
v -2.065458 -1.162997 -0.013445
v -1.931558 -1.171997 -0.311345
v -1.861258 -1.171197 -0.352045
v -1.984058 -1.167697 -0.269145
v -2.023858 -1.160297 -0.225045
v -2.054658 -1.151397 -0.177945
v -2.077958 -1.142597 -0.127245
v -2.093558 -1.135497 -0.072645
v -2.100558 -1.132997 -0.015145
v -1.952458 -1.156497 -0.328945
v -1.883058 -1.157997 -0.369645
v -2.004958 -1.149397 -0.286945
v -2.046058 -1.138897 -0.242645
v -2.079258 -1.126097 -0.194845
v -2.105558 -1.112197 -0.141945
v -2.124458 -1.099397 -0.082545
v -2.133758 -1.092897 -0.016945
v -1.966658 -1.139297 -0.349445
v -1.897358 -1.142697 -0.389445
v -2.019958 -1.129897 -0.308345
v -2.063058 -1.116197 -0.265045
v -2.099158 -1.098897 -0.217745
v -2.129558 -1.077997 -0.163845
v -2.175158 -0.950297 -0.097245
v -2.168858 -1.033897 -0.019045
v -2.158858 -0.987597 -0.197245
v -1.637858 -1.191097 0.281555
v -1.609358 -1.185697 0.304755
v -1.639358 -1.186797 0.314355
v -1.673558 -1.186497 0.325755
v -1.710758 -1.184297 0.339255
v -1.745558 -1.179797 0.353855
v -1.775958 -1.172897 0.369355
v -1.800358 -1.163497 0.385855
v -1.817758 -1.151897 0.403755
v -1.827358 -1.138297 0.423255
v -1.670058 -1.196497 0.251855
v -1.704558 -1.201397 0.215155
v -1.736358 -1.205297 0.174555
v -1.763058 -1.207797 0.131255
v -1.782458 -1.208797 0.085855
v -1.794858 -1.209097 0.039155
v -1.799458 -1.208997 -0.008145
v -1.705458 -1.003997 0.571055
v -1.732558 -1.023397 0.554555
v -1.761058 -1.044997 0.534255
v -1.786558 -1.066397 0.512355
v -1.807058 -1.086697 0.489555
v -1.821458 -1.105597 0.466755
v -1.828558 -1.122797 0.444355
v -1.639158 -1.187397 -0.297245
v -1.671158 -1.193197 -0.267545
v -1.705458 -1.198597 -0.230945
v -1.736858 -1.202797 -0.190445
v -1.762958 -1.205697 -0.147245
v -1.782658 -1.207497 -0.101945
v -1.795058 -1.208497 -0.055445
v -1.589458 -1.174297 0.355355
v -1.564758 -1.175997 0.337155
v -1.475958 -1.161297 0.359055
v -1.493758 -1.158397 0.382155
v -1.374558 -1.142397 0.379755
v -1.387658 -1.138597 0.406655
v -1.262858 -1.119097 0.399155
v -1.272858 -1.114597 0.428955
v -1.143658 -1.091597 0.416755
v -1.151258 -1.086497 0.448955
v -1.019058 -1.060097 0.432055
v -1.024658 -1.054397 0.466055
v -0.891158 -1.024997 0.444655
v -0.895058 -1.018797 0.480055
v -0.762158 -0.986697 0.453855
v -0.764558 -0.979997 0.490455
v -0.634258 -0.945497 0.459555
v -0.635158 -0.938397 0.496855
v -0.508558 -0.894497 0.499055
v -0.509358 -0.902297 0.461555
v -0.386858 -0.849097 0.497155
v -0.389458 -0.857797 0.459855
v -0.271658 -0.802997 0.490855
v -0.276558 -0.812597 0.454555
v -0.164858 -0.756897 0.480255
v -0.172758 -0.767897 0.445755
v -0.067958 -0.711797 0.464855
v -0.080058 -0.724797 0.433455
v -0.000358 -0.684997 0.417355
v 0.017942 -0.668597 0.444055
v -1.618658 -1.171597 0.372655
v -1.516358 -1.154997 0.403155
v -1.405058 -1.134297 0.430955
v -1.286258 -1.109497 0.455955
v -1.161358 -1.080597 0.478055
v -1.031958 -1.047897 0.496955
v -0.900058 -1.011697 0.512355
v -0.767458 -0.972097 0.523755
v -0.635858 -0.929697 0.530855
v -0.507058 -0.884897 0.533355
v -0.382758 -0.838397 0.531255
v -0.264558 -0.790797 0.524255
v -0.154158 -0.742797 0.512055
v -0.052658 -0.695097 0.494255
v 0.038842 -0.648497 0.470255
v -1.647658 -1.167197 0.389755
v -1.540058 -1.150197 0.422955
v -1.424057 -1.128897 0.453255
v -1.301158 -1.103397 0.480455
v -1.172758 -1.073897 0.504555
v -1.040358 -1.040497 0.525055
v -0.905858 -1.003397 0.541655
v -0.770758 -0.963097 0.554055
v -0.636758 -0.919697 0.561855
v -0.505358 -0.873797 0.564755
v -0.378258 -0.825997 0.562555
v -0.256958 -0.776697 0.554955
v -0.142958 -0.726697 0.541755
v -0.037458 -0.676497 0.522355
v 0.058342 -0.626597 0.496255
v -1.673758 -1.160597 0.406955
v -1.561958 -1.143597 0.442055
v -1.442158 -1.121997 0.474155
v -1.315758 -1.095997 0.503155
v -1.184258 -1.065897 0.528755
v -1.049158 -1.031797 0.550655
v -0.911958 -0.993997 0.568355
v -0.774458 -0.952797 0.581555
v -0.638058 -0.908497 0.590055
v -0.504258 -0.861497 0.593455
v -0.374558 -0.812397 0.591355
v -0.250458 -0.761597 0.583555
v -0.133458 -0.709597 0.569655
v -0.024858 -0.656997 0.549255
v 0.073942 -0.604297 0.522055
v -1.695258 -1.151797 0.424555
v -1.580658 -1.134997 0.460855
v -1.458058 -1.113397 0.494255
v -1.328958 -1.087097 0.524455
v -1.194958 -1.056497 0.551155
v -1.057558 -1.021897 0.574055
v -0.918258 -0.983397 0.592655
v -0.778558 -0.941497 0.606755
v -0.640058 -0.896297 0.615855
v -0.504158 -0.848297 0.619655
v -0.372458 -0.797997 0.617855
v -0.246258 -0.745797 0.610055
v -0.127058 -0.692197 0.596055
v -0.016358 -0.637597 0.575355
v 0.084442 -0.582597 0.547655
v -1.711158 -1.140897 0.442855
v -1.594658 -1.124397 0.479655
v -1.470358 -1.102797 0.513655
v -1.339558 -1.076497 0.544655
v -1.203958 -1.045597 0.572055
v -1.064958 -1.010597 0.595655
v -0.924158 -0.971597 0.615055
v -0.783058 -0.928997 0.629655
v -0.643058 -0.883197 0.639355
v -0.505858 -0.834397 0.643655
v -0.372658 -0.783197 0.642155
v -0.245158 -0.729997 0.634755
v -0.124758 -0.675097 0.621055
v -0.012858 -0.619097 0.600555
v 0.089042 -0.562297 0.573155
v -1.720158 -1.127797 0.462055
v -1.602958 -1.111697 0.498655
v -1.478058 -1.090297 0.532855
v -1.346658 -1.063897 0.564055
v -1.210458 -1.032897 0.591855
v -1.070958 -0.997697 0.615855
v -0.929558 -0.958497 0.635655
v -0.787958 -0.915597 0.650755
v -0.647458 -0.869297 0.660855
v -0.509658 -0.820197 0.665655
v -0.376158 -0.768497 0.664755
v -0.248158 -0.714597 0.657855
v -0.127458 -0.658997 0.644755
v -0.015258 -0.602097 0.625055
v 0.086742 -0.544197 0.598555
v -1.721358 -1.112697 0.482255
v -1.604658 -1.096797 0.518255
v -1.480158 -1.075597 0.551955
v -1.349358 -1.049297 0.582855
v -1.213758 -1.018397 0.610655
v -1.074858 -0.983197 0.634755
v -0.934158 -0.943897 0.654755
v -0.793158 -0.900997 0.670155
v -0.653358 -0.854797 0.680655
v -0.516258 -0.805597 0.685855
v -0.383258 -0.753897 0.685555
v -0.255958 -0.699997 0.679455
v -0.135858 -0.644297 0.667255
v -0.024358 -0.587097 0.648855
v 0.077042 -0.528897 0.623955
v -1.715558 -1.095697 0.503055
v -1.600458 -1.079997 0.537855
v -1.477658 -1.058997 0.570655
v -1.348558 -1.032897 0.601055
v -1.214658 -1.002097 0.628455
v -1.077358 -0.966997 0.652355
v -0.938258 -0.927997 0.672355
v -0.798858 -0.885297 0.687955
v -0.660658 -0.839397 0.698655
v -0.525058 -0.790597 0.704255
v -0.393658 -0.739297 0.704555
v -0.267958 -0.685797 0.699355
v -0.149358 -0.630597 0.688455
v -0.039358 -0.573997 0.671555
v 0.060542 -0.516297 0.648655
v -1.703958 -1.076997 0.523855
v -1.591658 -1.061497 0.557055
v -1.471558 -1.040597 0.588655
v -1.345158 -1.014697 0.618155
v -1.213858 -0.984097 0.644955
v -1.078958 -0.949297 0.668555
v -0.942158 -0.910497 0.688355
v -0.805058 -0.868197 0.704055
v -0.668958 -0.822797 0.714955
v -0.535658 -0.774597 0.720955
v -0.406458 -0.724097 0.721855
v -0.282958 -0.671597 0.717555
v -0.166758 -0.617497 0.707855
v -0.059158 -0.562097 0.692755
v 0.038242 -0.505697 0.672055
v -1.687558 -1.056897 0.544155
v -1.579358 -1.041497 0.575455
v -1.463158 -1.020697 0.605655
v -1.340358 -0.994897 0.634055
v -1.212258 -0.964497 0.660155
v -1.080358 -0.929897 0.683255
v -0.946358 -0.891397 0.702855
v -0.811758 -0.849597 0.718355
v -0.678258 -0.804797 0.729455
v -0.547458 -0.757397 0.735755
v -0.420958 -0.707997 0.737155
v -0.300258 -0.656897 0.733755
v -0.187058 -0.604497 0.725255
v -0.082758 -0.551097 0.711855
v 0.011442 -0.496897 0.693555
v -1.667758 -1.035697 0.563255
v -1.564958 -1.020397 0.592455
v -1.453758 -0.999597 0.621055
v -1.335358 -0.973697 0.648355
v -1.210958 -0.943397 0.673655
v -1.082258 -0.908897 0.696255
v -0.951058 -0.870697 0.715555
v -0.819058 -0.829297 0.731055
v -0.688158 -0.785097 0.742055
v -0.559958 -0.738597 0.748655
v -0.436258 -0.690397 0.750555
v -0.318658 -0.640997 0.747855
v -0.209058 -0.590897 0.740355
v -0.108658 -0.540297 0.728455
v -0.018758 -0.489197 0.712555
v -1.647358 -1.014297 0.580255
v -1.551558 -0.998697 0.607255
v -1.445858 -0.977597 0.634455
v -1.331858 -0.951397 0.660755
v -1.211058 -0.920897 0.685355
v -1.085458 -0.886297 0.707455
v -0.956758 -0.848297 0.726555
v -0.827158 -0.807097 0.741855
v -0.698458 -0.763397 0.752955
v -0.572558 -0.717697 0.759655
v -0.451358 -0.670797 0.761955
v -0.336658 -0.623197 0.759655
v -0.230458 -0.575597 0.752955
v -0.134258 -0.528397 0.742255
v -0.049658 -0.481797 0.728255
v -1.630658 -0.993597 0.593955
v -1.542458 -0.977197 0.619055
v -1.442158 -0.955197 0.645055
v -1.331858 -0.928297 0.670755
v -1.213958 -0.897197 0.694955
v -1.090558 -0.862297 0.716755
v -0.963858 -0.823997 0.735655
v -0.835858 -0.782897 0.750955
v -0.708758 -0.739397 0.762055
v -0.584558 -0.694397 0.768755
v -0.465158 -0.648397 0.771155
v -0.352558 -0.602497 0.769155
v -0.248858 -0.557297 0.762755
v -0.156258 -0.513897 0.752855
v -0.077058 -0.472697 0.740355
v -1.547558 -1.177297 0.317555
v -1.467858 -1.164397 0.332455
v -1.368458 -1.146197 0.349355
v -1.258058 -1.123397 0.365855
v -1.139758 -1.096197 0.381055
v -1.015858 -1.064997 0.394455
v -0.888658 -1.030197 0.405555
v -0.760258 -0.992097 0.413755
v -0.632858 -0.951097 0.418755
v -0.508658 -0.908097 0.420455
v -0.389458 -0.863797 0.419155
v -0.277558 -0.818897 0.414855
v -0.174958 -0.774497 0.407955
v -0.084358 -0.732097 0.399055
v -0.012958 -0.696097 0.389855
v 0.022642 -0.681697 0.316255
v 0.001942 -0.691097 0.355955
v -0.077358 -0.732197 0.360655
v -0.062458 -0.726897 0.317955
v -0.158858 -0.773497 0.321355
v -0.169758 -0.775997 0.366455
v -0.273458 -0.821297 0.371555
v -0.265258 -0.820597 0.324755
v -0.386158 -0.866797 0.374755
v -0.380258 -0.867397 0.327055
v -0.505958 -0.911597 0.375755
v -0.501858 -0.913297 0.327755
v -0.630858 -0.954997 0.374255
v -0.628258 -0.957397 0.326455
v -0.758758 -0.996197 0.369955
v -0.757658 -0.999097 0.322855
v -0.887758 -1.034397 0.362855
v -0.888258 -1.037897 0.316755
v -1.015658 -1.069397 0.353255
v -1.017858 -1.073197 0.308555
v -1.140358 -1.100597 0.341655
v -1.144658 -1.104697 0.298655
v -1.266558 -1.132097 0.287755
v -1.259758 -1.127797 0.328555
v -1.371558 -1.150497 0.314755
v -1.381658 -1.155097 0.276455
v -1.473258 -1.168697 0.301355
v -1.488358 -1.173497 0.265655
v -1.562458 -1.182097 0.289855
v -1.584858 -1.187297 0.256855
v 0.046442 -0.669497 0.271055
v -0.044158 -0.718697 0.271155
v -0.144858 -0.768297 0.272855
v -0.254858 -0.817697 0.274955
v -0.372658 -0.866197 0.276455
v -0.496758 -0.913397 0.276855
v -0.625458 -0.958597 0.275755
v -0.756958 -1.001097 0.272855
v -0.889658 -1.040497 0.267755
v -1.021758 -1.076397 0.260855
v -1.151358 -1.108397 0.252755
v -1.276658 -1.136197 0.243855
v -1.395958 -1.159497 0.234755
v -1.507957 -1.178197 0.226255
v -1.611158 -1.192197 0.219355
v 0.069142 -0.656597 0.221055
v -0.025558 -0.709397 0.220555
v -0.130258 -0.761797 0.221255
v -0.243658 -0.813497 0.222455
v -0.364558 -0.863897 0.223355
v -0.491358 -0.912597 0.223555
v -0.622558 -0.958897 0.222755
v -0.756558 -1.002397 0.220355
v -0.891758 -1.042497 0.216355
v -1.026458 -1.078997 0.210855
v -1.159158 -1.111497 0.204355
v -1.288058 -1.139697 0.197355
v -1.411558 -1.163397 0.190155
v -1.528358 -1.182397 0.183555
v -1.637058 -1.196397 0.178155
v 0.088542 -0.644797 0.167255
v -0.009258 -0.700397 0.166655
v -0.116958 -0.755297 0.166955
v -0.233358 -0.808997 0.167655
v -0.356958 -0.861097 0.168255
v -0.486258 -0.911097 0.168355
v -0.619958 -0.958597 0.167755
v -0.756358 -1.002997 0.165955
v -0.893958 -1.043897 0.162955
v -1.031358 -1.080997 0.158855
v -1.166858 -1.113997 0.153955
v -1.298958 -1.142597 0.148655
v -1.426058 -1.166497 0.143255
v -1.546858 -1.185497 0.138355
v -1.659658 -1.199397 0.134155
v 0.103442 -0.634997 0.110655
v 0.003542 -0.692797 0.110355
v -0.106358 -0.749597 0.110655
v -0.224858 -0.804897 0.111055
v -0.350558 -0.858397 0.111555
v -0.482058 -0.909497 0.111655
v -0.617758 -0.957897 0.111255
v -0.756258 -1.003097 0.110155
v -0.896058 -1.044697 0.108155
v -1.035658 -1.082297 0.105355
v -1.173558 -1.115697 0.101955
v -1.308158 -1.144597 0.098355
v -1.437958 -1.168697 0.094655
v -1.561558 -1.187697 0.091155
v -1.677358 -1.201297 0.088155
v 0.011942 -0.687497 0.052455
v 0.112942 -0.628297 0.052255
v -0.099258 -0.745497 0.052855
v -0.219158 -0.801897 0.053355
v -0.346258 -0.856297 0.053755
v -0.479158 -0.908197 0.053955
v -0.616258 -0.957297 0.053855
v -0.756258 -1.002997 0.053355
v -0.897658 -1.044997 0.052255
v -1.038758 -1.082997 0.050755
v -1.178258 -1.116697 0.048955
v -1.314558 -1.145797 0.046955
v -1.446058 -1.169897 0.044855
v -1.571358 -1.188797 0.042755
v -1.688958 -1.202297 0.040855
v 0.014842 -0.685297 -0.006345
v 0.116242 -0.625597 -0.007145
v -0.096758 -0.743797 -0.005645
v -0.217158 -0.800597 -0.005045
v -0.344758 -0.855297 -0.004545
v -0.478158 -0.907497 -0.004245
v -0.615858 -0.956797 -0.004045
v -0.756358 -1.002797 -0.003945
v -0.898258 -1.044997 -0.004045
v -1.040058 -1.083097 -0.004245
v -1.180058 -1.116897 -0.004545
v -1.316958 -1.145997 -0.005045
v -1.449158 -1.170197 -0.005645
v -1.575058 -1.189097 -0.006345
v -1.693058 -1.202397 -0.007145
v 0.011742 -0.686897 -0.065145
v 0.112742 -0.627697 -0.066545
v -0.099458 -0.744997 -0.064145
v -0.219358 -0.801397 -0.063445
v -0.346458 -0.855797 -0.062945
v -0.479258 -0.907797 -0.062545
v -0.616458 -0.956797 -0.062045
v -0.756458 -1.002597 -0.061345
v -0.897758 -1.044597 -0.060445
v -1.038958 -1.082597 -0.059345
v -1.178458 -1.116297 -0.058145
v -1.314658 -1.145297 -0.057045
v -1.446258 -1.169397 -0.056045
v -1.571558 -1.188297 -0.055345
v -1.689058 -1.201697 -0.055145
v 0.003242 -0.691797 -0.123045
v 0.103042 -0.633897 -0.124945
v -0.106658 -0.748597 -0.121945
v -0.225158 -0.803997 -0.121245
v -0.350858 -0.857497 -0.120845
v -0.482358 -0.908697 -0.120345
v -0.618058 -0.957097 -0.119545
v -0.756558 -1.002297 -0.118345
v -0.896358 -1.043797 -0.116345
v -1.035958 -1.081397 -0.113945
v -1.173858 -1.114797 -0.111245
v -1.308458 -1.143697 -0.108545
v -1.438358 -1.167697 -0.105945
v -1.561958 -1.186697 -0.103845
v -1.677658 -1.200197 -0.102445
v -0.009758 -0.698897 -0.179445
v 0.087942 -0.643097 -0.181545
v -0.117458 -0.753797 -0.178445
v -0.233858 -0.807597 -0.177945
v -0.357458 -0.859797 -0.177745
v -0.486758 -0.909797 -0.177245
v -0.620358 -0.957297 -0.176245
v -0.756758 -1.001697 -0.174345
v -0.894458 -1.042597 -0.171445
v -1.031858 -1.079597 -0.167645
v -1.167358 -1.112597 -0.163445
v -1.299458 -1.141197 -0.158945
v -1.426658 -1.165097 -0.154745
v -1.547358 -1.183997 -0.151045
v -1.660258 -1.197797 -0.148345
v -0.026258 -0.707297 -0.233345
v 0.068442 -0.654497 -0.235345
v -0.130958 -0.759897 -0.232845
v -0.244358 -0.811597 -0.233045
v -0.365158 -0.862097 -0.233145
v -0.492058 -0.910797 -0.232745
v -0.623158 -0.957097 -0.231545
v -0.757158 -1.000597 -0.229045
v -0.892358 -1.040697 -0.225145
v -1.027158 -1.077197 -0.220045
v -1.159758 -1.109697 -0.214145
v -1.288658 -1.137797 -0.207945
v -1.412258 -1.161497 -0.201745
v -1.529158 -1.180297 -0.196345
v -1.637858 -1.194197 -0.192345
v -0.045058 -0.716197 -0.284145
v 0.045442 -0.666797 -0.285345
v -0.145758 -0.765897 -0.284745
v -0.255658 -0.815297 -0.285845
v -0.373458 -0.863897 -0.286645
v -0.497558 -0.911097 -0.286445
v -0.626258 -0.956297 -0.285045
v -0.757758 -0.998897 -0.281945
v -0.890458 -1.038197 -0.277045
v -1.022558 -1.074097 -0.270545
v -1.152158 -1.105997 -0.262945
v -1.277458 -1.133797 -0.254745
v -1.396858 -1.157097 -0.246545
v -1.508858 -1.175697 -0.239245
v -1.612158 -1.189597 -0.233645
v -0.063558 -0.723897 -0.331245
v 0.021542 -0.678597 -0.330645
v -0.159958 -0.770497 -0.333645
v -0.266358 -0.817697 -0.336145
v -0.381258 -0.864497 -0.337745
v -0.502858 -0.910397 -0.337945
v -0.629258 -0.954597 -0.336245
v -0.758758 -0.996297 -0.332545
v -0.889258 -1.034997 -0.326545
v -1.018858 -1.070297 -0.318645
v -1.145658 -1.101797 -0.309345
v -1.267658 -1.129197 -0.299145
v -1.382758 -1.152097 -0.288645
v -1.489458 -1.170497 -0.278945
v -1.585958 -1.184097 -0.271345
v -0.078658 -0.728697 -0.374345
v 0.000642 -0.687497 -0.370645
v -0.171058 -0.772497 -0.379245
v -0.274658 -0.817797 -0.383545
v -0.387458 -0.863397 -0.386045
v -0.507258 -0.908197 -0.386645
v -0.632058 -0.951597 -0.384845
v -0.760058 -0.992697 -0.380445
v -0.888958 -1.030997 -0.373345
v -1.016858 -1.065897 -0.364045
v -1.141658 -1.097097 -0.352945
v -1.260958 -1.124297 -0.340545
v -1.372858 -1.146997 -0.327545
v -1.474558 -1.165097 -0.314945
v -1.563758 -1.178497 -0.304445
v 0.075042 -0.570997 -0.371345
v 0.115742 -0.547097 -0.335745
v 0.161742 -0.510897 -0.346745
v 0.112742 -0.542097 -0.384745
v 0.198842 -0.476297 -0.360745
v 0.144442 -0.513397 -0.401445
v 0.170242 -0.485197 -0.420045
v 0.227842 -0.443297 -0.377245
v 0.249142 -0.412397 -0.395745
v 0.189642 -0.458297 -0.440045
v 0.262642 -0.384197 -0.416345
v 0.202242 -0.433397 -0.461345
v 0.207542 -0.411397 -0.484045
v 0.268242 -0.359797 -0.439245
v 0.265642 -0.339897 -0.464945
v 0.205242 -0.393097 -0.508245
v 0.151042 -0.524897 -0.292645
v 0.202642 -0.482497 -0.301945
v 0.243742 -0.442297 -0.313945
v 0.275342 -0.404197 -0.328345
v 0.298342 -0.368497 -0.345045
v 0.312842 -0.336197 -0.364745
v 0.318642 -0.308497 -0.387845
v 0.315742 -0.286397 -0.415245
v 0.236142 -0.457297 -0.251245
v 0.181142 -0.504497 -0.243345
v 0.280042 -0.411897 -0.261345
v 0.313842 -0.368397 -0.273645
v 0.356942 -0.231997 -0.359145
v 0.205342 -0.486997 -0.189245
v 0.262442 -0.435697 -0.195645
v 0.308242 -0.385597 -0.203745
v 0.223042 -0.473197 -0.131345
v 0.234142 -0.464197 -0.070845
v 0.037542 -0.334997 -0.663645
v 0.002342 -0.372797 -0.675645
v 0.047142 -0.364797 -0.656945
v 0.091342 -0.321997 -0.639345
v 0.126142 -0.277797 -0.621245
v 0.065442 -0.293597 -0.651245
v 0.150442 -0.231697 -0.604445
v 0.087542 -0.249197 -0.638345
v 0.137742 -0.313997 -0.612545
v 0.087542 -0.360797 -0.635645
v 0.177342 -0.266697 -0.588745
v 0.206942 -0.218897 -0.565245
v 0.166642 -0.185497 -0.588845
v 0.226642 -0.169297 -0.543445
v 0.177242 -0.310297 -0.583845
v 0.123242 -0.360197 -0.611945
v 0.220442 -0.260297 -0.554145
v 0.253242 -0.210097 -0.524045
v 0.276042 -0.157397 -0.495045
v 0.153542 -0.362797 -0.586645
v 0.210242 -0.310797 -0.553645
v 0.256042 -0.258597 -0.518045
v 0.291742 -0.205897 -0.480445
v 0.317842 -0.149897 -0.442445
v 0.236242 -0.315697 -0.523045
v 0.177742 -0.368997 -0.560245
v 0.284042 -0.261997 -0.481745
v 0.322242 -0.207397 -0.436745
v 0.351642 -0.148297 -0.388845
v 0.195142 -0.378997 -0.533845
v 0.254842 -0.325197 -0.493145
v 0.304042 -0.270997 -0.446945
v 0.344142 -0.215697 -0.395545
v 0.053542 -0.383497 0.625055
v 0.009342 -0.392897 0.643355
v 0.044742 -0.355497 0.630655
v 0.097842 -0.340897 0.606555
v 0.143442 -0.331197 0.580255
v 0.093242 -0.377997 0.604255
v 0.182242 -0.325797 0.552055
v 0.128242 -0.375697 0.581255
v 0.157842 -0.376597 0.556755
v 0.214442 -0.324397 0.522655
v 0.239742 -0.327497 0.492955
v 0.181442 -0.381097 0.531455
v 0.257842 -0.335397 0.464155
v 0.198342 -0.389597 0.506155
v 0.268142 -0.348597 0.437155
v 0.207942 -0.402297 0.481755
v 0.132742 -0.296997 0.587555
v 0.073142 -0.314997 0.617355
v 0.183142 -0.283997 0.555355
v 0.225442 -0.275697 0.521155
v 0.260242 -0.271997 0.485655
v 0.287542 -0.273397 0.450155
v 0.306942 -0.280597 0.416455
v 0.318042 -0.294497 0.386055
v 0.094242 -0.271397 0.603955
v 0.158742 -0.251897 0.568855
v 0.212942 -0.236397 0.530655
v 0.258342 -0.225397 0.489655
v 0.295942 -0.219097 0.446555
v 0.325642 -0.218397 0.403555
v 0.346842 -0.224697 0.363255
v 0.359042 -0.239297 0.328155
v 0.109142 -0.226597 0.590655
v 0.175442 -0.205197 0.551655
v 0.232542 -0.186797 0.507655
v 0.280942 -0.172597 0.459355
v 0.321842 -0.162597 0.407055
v 0.353942 -0.159997 0.355455
v 0.076442 -0.574897 0.355655
v 0.114242 -0.546297 0.367655
v 0.163042 -0.514697 0.329055
v 0.116942 -0.550497 0.319655
v 0.203742 -0.485797 0.283855
v 0.152142 -0.527797 0.276255
v 0.182042 -0.506997 0.226655
v 0.237042 -0.459997 0.232655
v 0.263242 -0.437697 0.176555
v 0.206042 -0.488797 0.172255
v 0.282042 -0.420197 0.116655
v 0.223542 -0.474397 0.114155
v 0.234342 -0.464897 0.053455
v 0.237942 -0.461197 -0.008745
v 0.145942 -0.518097 0.382855
v 0.200242 -0.480497 0.341455
v 0.244942 -0.445897 0.293955
v 0.281042 -0.414897 0.240655
v 0.309042 -0.387797 0.182355
v 0.329142 -0.366297 0.120155
v 0.171942 -0.490497 0.399855
v 0.229342 -0.448097 0.356155
v 0.276742 -0.408397 0.306355
v 0.314942 -0.371797 0.250755
v 0.344742 -0.338997 0.189755
v 0.191442 -0.464397 0.418155
v 0.250742 -0.417897 0.372855
v 0.299842 -0.373397 0.321155
v 0.339642 -0.330997 0.263155
v 0.204242 -0.440397 0.437855
v 0.264442 -0.390597 0.391755
v 0.314442 -0.341897 0.338855
v 0.355342 -0.293997 0.279255
v 0.270342 -0.367297 0.413055
v 0.209942 -0.419397 0.459055
v 0.320642 -0.315297 0.360155
v 0.361842 -0.262897 0.300455
v 0.029242 -0.596097 -0.399245
v 0.006742 -0.611897 -0.385645
v 0.031342 -0.599997 -0.361545
v 0.054042 -0.576497 -0.415745
v 0.079642 -0.553297 -0.435645
v 0.101842 -0.529397 -0.456345
v 0.119042 -0.505997 -0.477645
v 0.130442 -0.483797 -0.499545
v 0.135342 -0.463697 -0.522045
v 0.133242 -0.446497 -0.545245
v 0.058942 -0.585497 -0.328845
v 0.088042 -0.569197 -0.286245
v 0.114242 -0.553397 -0.237645
v 0.135842 -0.539297 -0.184545
v 0.152142 -0.528097 -0.127745
v 0.162342 -0.520797 -0.068445
v 0.166042 -0.518297 -0.007645
v -0.066858 -0.408897 -0.695245
v -0.039458 -0.407497 -0.686345
v -0.046858 -0.384997 -0.691345
v -0.025458 -0.354097 -0.685445
v -0.004558 -0.315297 -0.677745
v -0.004158 -0.025997 -0.665545
v -0.008158 -0.406797 -0.673845
v 0.025842 -0.407597 -0.656945
v 0.057542 -0.410197 -0.637345
v 0.085042 -0.414897 -0.615745
v 0.107442 -0.422397 -0.592645
v 0.123742 -0.432797 -0.568945
v -0.059558 -0.429797 0.663255
v -0.039358 -0.406297 0.658855
v -0.032558 -0.427397 0.654755
v -0.001858 -0.425397 0.642655
v 0.031542 -0.424797 0.626355
v 0.062642 -0.425797 0.607555
v 0.089542 -0.428997 0.586955
v 0.111242 -0.434797 0.564955
v 0.127142 -0.443797 0.542355
v 0.136142 -0.456197 0.519955
v -0.017758 -0.375897 0.652455
v 0.003342 -0.338297 0.643955
v 0.019742 -0.296397 0.634755
v -0.006858 -0.025597 0.624355
v 0.030742 -0.600297 0.383855
v 0.032642 -0.603597 0.346955
v 0.008142 -0.615797 0.371055
v 0.060142 -0.588697 0.314255
v 0.089042 -0.571897 0.271555
v 0.115042 -0.555597 0.222855
v 0.136542 -0.540997 0.169455
v 0.152642 -0.529297 0.112555
v 0.162642 -0.521297 0.053155
v 0.055542 -0.581097 0.399255
v 0.081242 -0.558497 0.417755
v 0.103642 -0.535197 0.437055
v 0.120942 -0.512497 0.456855
v 0.132642 -0.491197 0.477155
v 0.137942 -0.472197 0.498155
v -1.634458 -0.925397 -0.562745
v -1.551058 -0.901997 -0.588745
v -1.573858 -0.884797 -0.587545
v -1.663058 -0.912097 -0.558645
v -1.695758 -0.898197 -0.552445
v -1.600958 -0.867097 -0.584445
v -1.727958 -0.880497 -0.546245
v -1.670258 -0.707097 -0.580145
v -1.454458 -0.875297 -0.615145
v -1.473658 -0.854697 -0.616045
v -1.496958 -0.833597 -0.614945
v -1.521758 -0.810097 -0.612845
v -1.364158 -0.821797 -0.643145
v -1.347258 -0.845097 -0.640945
v -1.384158 -0.797797 -0.643645
v -1.451358 -0.648897 -0.642945
v -1.232258 -0.811397 -0.665145
v -1.247258 -0.785897 -0.668245
v -1.264758 -0.759797 -0.669745
v -1.283858 -0.731297 -0.670345
v -1.111458 -0.774797 -0.686945
v -1.124958 -0.747497 -0.690645
v -1.140058 -0.719497 -0.692945
v -1.214058 -0.493597 -0.694245
v -0.987058 -0.735497 -0.705645
v -0.999258 -0.706897 -0.709745
v -1.012458 -0.677197 -0.712445
v -1.026658 -0.645197 -0.714345
v -0.861358 -0.694097 -0.720645
v -0.872258 -0.664397 -0.724945
v -0.883558 -0.633497 -0.727945
v -0.909658 -0.481697 -0.729945
v -0.736358 -0.650997 -0.731545
v -0.745758 -0.620597 -0.735745
v -0.755058 -0.587997 -0.738745
v -0.764658 -0.552897 -0.740845
v -0.621758 -0.576197 -0.742045
v -0.613958 -0.607097 -0.738045
v -0.629158 -0.542697 -0.744745
v -0.636958 -0.506697 -0.746545
v -0.496158 -0.563297 -0.740045
v -0.501858 -0.532297 -0.743645
v -0.506558 -0.498297 -0.745845
v -0.527658 -0.386897 -0.747045
v -0.385158 -0.520597 -0.737645
v -0.388158 -0.489497 -0.740545
v -0.389458 -0.455097 -0.741945
v -0.390858 -0.417397 -0.742245
v -0.282358 -0.449097 -0.732745
v -0.282658 -0.479797 -0.730845
v -0.279858 -0.414197 -0.732945
v -0.294858 -0.290997 -0.731945
v -0.190958 -0.442697 -0.720245
v -0.185858 -0.412197 -0.720645
v -0.178158 -0.376597 -0.719045
v -0.171258 -0.337497 -0.716345
v -0.111858 -0.410997 -0.706745
v -0.099858 -0.380097 -0.704645
v -0.085858 -0.343397 -0.700545
v -0.117158 -0.041097 -0.689845
v -1.672458 -0.948897 -0.545445
v -1.614158 -0.936397 -0.564245
v -1.703258 -0.944597 -0.538545
v -1.739558 -0.936797 -0.529945
v -1.778258 -0.926797 -0.520145
v -1.829358 -0.846397 -0.506545
v -0.119458 -0.434297 -0.706445
v -0.189258 -0.466297 -0.717245
v -0.278158 -0.505097 -0.726845
v -0.378758 -0.546997 -0.732945
v -0.488558 -0.590397 -0.734945
v -0.605358 -0.634497 -0.732545
v -0.727058 -0.678297 -0.725945
v -0.851558 -0.720997 -0.715045
v -0.976858 -0.761697 -0.700145
v -1.100858 -0.799897 -0.681645
v -1.221258 -0.835197 -0.660245
v -1.335958 -0.867097 -0.636645
v -1.442558 -0.895097 -0.611545
v -1.538058 -0.918697 -0.586445
v -0.103958 -0.433197 0.674255
v -0.182758 -0.465597 0.687955
v -0.177258 -0.435997 0.687655
v -0.091658 -0.402997 0.671555
v -0.169258 -0.401297 0.685355
v -0.077558 -0.367297 0.666755
v -0.162058 -0.362797 0.681855
v -0.065558 -0.327197 0.660755
v -0.157658 -0.321997 0.677555
v -0.119558 -0.040697 0.654355
v -0.274258 -0.503297 0.698655
v -0.273558 -0.473597 0.699855
v -0.270558 -0.439597 0.699355
v -0.267758 -0.402097 0.697555
v -0.300958 -0.229997 0.695155
v -0.379158 -0.514697 0.707655
v -0.376458 -0.544497 0.705555
v -0.380158 -0.481097 0.708355
v -0.381158 -0.444397 0.707955
v -0.383458 -0.405697 0.706655
v -0.487458 -0.587697 0.708055
v -0.492658 -0.557897 0.710855
v -0.496958 -0.524697 0.712355
v -0.501358 -0.488897 0.712755
v -0.556458 -0.238397 0.712455
v -0.612358 -0.602197 0.709255
v -0.605058 -0.631797 0.706055
v -0.619358 -0.569597 0.711355
v -0.626458 -0.534797 0.712355
v -0.634358 -0.497997 0.712555
v -0.736358 -0.646797 0.703055
v -0.727358 -0.675897 0.699555
v -0.745558 -0.614897 0.705355
v -0.755258 -0.581197 0.706655
v -0.806758 -0.412397 0.707155
v -0.852358 -0.718997 0.688755
v -0.862758 -0.690597 0.692255
v -0.874058 -0.659797 0.694555
v -0.885858 -0.627197 0.695855
v -0.898458 -0.592597 0.696355
v -0.978058 -0.760397 0.673655
v -0.989858 -0.732997 0.677055
v -1.002958 -0.703397 0.679155
v -1.017058 -0.672197 0.680155
v -1.072258 -0.529297 0.680455
v -1.102458 -0.799397 0.654955
v -1.115558 -0.773397 0.657855
v -1.130758 -0.745397 0.659555
v -1.146958 -0.716097 0.660155
v -1.163558 -0.684697 0.659955
v -1.223358 -0.835797 0.633055
v -1.237958 -0.811497 0.635455
v -1.255358 -0.785397 0.636355
v -1.273958 -0.758297 0.636055
v -1.330558 -0.540197 0.635155
v -1.338558 -0.868997 0.608855
v -1.355058 -0.846897 0.610255
v -1.375058 -0.823097 0.610055
v -1.396558 -0.798397 0.608655
v -1.417858 -0.771397 0.606855
v -1.464658 -0.879197 0.583055
v -1.445858 -0.898797 0.582855
v -1.488058 -0.858097 0.581255
v -1.512558 -0.836097 0.578355
v -1.563858 -0.715497 0.569855
v -1.565158 -0.908597 0.554555
v -1.542658 -0.924897 0.556355
v -1.592658 -0.890397 0.550655
v -1.620658 -0.871997 0.545855
v -1.645758 -0.851497 0.541555
v -1.654658 -0.935097 0.525555
v -1.626458 -0.947497 0.530355
v -1.687558 -0.920297 0.518755
v -1.719158 -0.903997 0.511755
v -1.704758 -0.813197 0.508055
v -0.111858 -0.455497 0.674555
v -1.770958 -0.947797 0.486355
v -1.841458 -0.853597 0.475155
v -1.731758 -0.958997 0.496755
v -1.695858 -0.966097 0.505955
v -1.606358 -0.957597 0.532355
v -1.664958 -0.969897 0.513455
v -1.530058 -0.940397 0.554755
v -1.434358 -0.917297 0.580055
v -1.327658 -0.889797 0.605255
v -1.212858 -0.858297 0.628955
v -1.092358 -0.823297 0.650455
v -0.968358 -0.785197 0.668955
v -0.843058 -0.744597 0.683955
v -0.718558 -0.701897 0.694855
v -0.596958 -0.657897 0.701455
v -0.480258 -0.613497 0.703655
v -0.370658 -0.569697 0.701655
v -0.270158 -0.527397 0.695355
v -0.181458 -0.487997 0.685655
v -0.016458 -0.614697 -0.440445
v -0.099258 -0.655997 -0.459845
v -0.110558 -0.668197 -0.432345
v -0.033558 -0.629897 -0.417145
v -0.193458 -0.699597 -0.474345
v -0.200758 -0.709997 -0.443845
v -0.297658 -0.744397 -0.484345
v -0.302358 -0.753697 -0.451845
v -0.413158 -0.797897 -0.456545
v -0.410558 -0.789497 -0.490045
v -0.530258 -0.833997 -0.491545
v -0.531058 -0.841697 -0.457645
v -0.654658 -0.877197 -0.488845
v -0.653958 -0.884297 -0.455245
v -0.782058 -0.918297 -0.482245
v -0.779958 -0.924797 -0.449345
v -0.907058 -0.962697 -0.439845
v -0.910558 -0.956597 -0.471745
v -1.033058 -0.997297 -0.427345
v -1.038158 -0.991797 -0.457645
v -1.162758 -1.023497 -0.440545
v -1.155758 -1.028497 -0.412145
v -1.273158 -1.055697 -0.394745
v -1.282358 -1.051397 -0.420845
v -1.382758 -1.078797 -0.375745
v -1.394958 -1.075297 -0.398945
v -1.498658 -1.094997 -0.374945
v -1.482158 -1.097497 -0.355545
v -1.568658 -1.112097 -0.334445
v -1.591858 -1.110797 -0.349245
v 0.003142 -0.595897 -0.463445
v -0.084758 -0.640397 -0.485645
v -0.183158 -0.686397 -0.502345
v -0.290858 -0.732897 -0.513745
v -0.406558 -0.779297 -0.520245
v -0.528558 -0.824897 -0.521945
v -0.655158 -0.868897 -0.519045
v -0.784558 -0.910797 -0.511645
v -0.915058 -0.949797 -0.500145
v -1.044858 -0.985697 -0.484745
v -1.171958 -1.018097 -0.465845
v -1.294758 -1.046797 -0.443945
v -1.411158 -1.071497 -0.419445
v -1.519858 -1.092097 -0.392545
v -1.619158 -1.108597 -0.363245
v -0.070358 -0.623097 -0.510245
v 0.021442 -0.575597 -0.486245
v -0.172458 -0.671397 -0.528245
v -0.283458 -0.719797 -0.540645
v -0.402058 -0.767797 -0.547645
v -0.526658 -0.814597 -0.549345
v -0.655658 -0.859597 -0.546045
v -0.787358 -0.902397 -0.538045
v -0.920158 -0.942197 -0.525545
v -1.052458 -0.978897 -0.508945
v -1.182458 -1.011997 -0.488645
v -1.308458 -1.041397 -0.464845
v -1.428858 -1.066797 -0.438245
v -1.541958 -1.088097 -0.408845
v -1.645558 -1.104797 -0.376745
v -0.058358 -0.605197 -0.533745
v 0.036142 -0.555097 -0.508745
v -0.163258 -0.655697 -0.552645
v -0.277058 -0.705897 -0.565445
v -0.398258 -0.755297 -0.572645
v -0.525258 -0.803297 -0.574145
v -0.656458 -0.849497 -0.570345
v -0.790358 -0.893097 -0.561645
v -0.925558 -0.933797 -0.548345
v -1.060258 -0.971197 -0.530745
v -1.192958 -1.004997 -0.509245
v -1.321958 -1.034997 -0.484145
v -1.445658 -1.060897 -0.455845
v -1.562158 -1.082497 -0.424645
v -1.668358 -1.098897 -0.390345
v 0.046042 -0.535297 -0.531245
v -0.050258 -0.587497 -0.556545
v -0.156958 -0.639797 -0.575545
v -0.272658 -0.691497 -0.588445
v -0.395758 -0.742297 -0.595445
v -0.524658 -0.791497 -0.596645
v -0.657858 -0.838597 -0.592345
v -0.793758 -0.882997 -0.583045
v -0.930958 -0.924497 -0.569045
v -1.067758 -0.962497 -0.550645
v -1.202658 -0.996897 -0.528245
v -1.334058 -1.027297 -0.502145
v -1.460258 -1.053497 -0.472745
v -1.578958 -1.074997 -0.440345
v -1.686258 -1.090797 -0.404845
v 0.050442 -0.516897 -0.553545
v -0.046758 -0.570597 -0.578645
v -0.154458 -0.624297 -0.597345
v -0.271258 -0.677297 -0.609845
v -0.395558 -0.729097 -0.616445
v -0.525758 -0.779097 -0.617145
v -0.660258 -0.826897 -0.612445
v -0.797558 -0.872097 -0.602645
v -0.936058 -0.914097 -0.588045
v -1.074358 -0.952597 -0.569045
v -1.210758 -0.987297 -0.545945
v -1.343758 -1.017997 -0.519245
v -1.471457 -1.044297 -0.489245
v -1.591258 -1.065597 -0.456345
v -1.698758 -1.080597 -0.420545
v -0.048758 -0.555397 -0.600045
v 0.048342 -0.500697 -0.575845
v -0.156758 -0.609897 -0.618045
v -0.273758 -0.663597 -0.629945
v -0.398458 -0.715897 -0.635845
v -0.528958 -0.766497 -0.636145
v -0.663858 -0.814697 -0.631045
v -0.801658 -0.860197 -0.620745
v -0.940658 -0.902497 -0.605745
v -1.079458 -0.941297 -0.586345
v -1.216458 -0.976297 -0.562845
v -1.349958 -1.006997 -0.535845
v -1.478258 -1.033297 -0.505745
v -1.598158 -1.054197 -0.472845
v -1.705458 -1.068397 -0.437645
v 0.039442 -0.487297 -0.597945
v -0.057058 -0.542197 -0.620845
v -0.164358 -0.596897 -0.637645
v -0.280758 -0.650697 -0.648545
v -0.404758 -0.703197 -0.653845
v -0.534658 -0.753697 -0.653545
v -0.668958 -0.801997 -0.648045
v -0.806058 -0.847397 -0.637445
v -0.944458 -0.889797 -0.622145
v -1.082658 -0.928597 -0.602545
v -1.218958 -0.963497 -0.579045
v -1.351958 -0.994197 -0.552145
v -1.479758 -1.020297 -0.522345
v -1.599258 -1.040997 -0.490045
v -1.706158 -1.054497 -0.455745
v 0.024342 -0.476297 -0.619545
v -0.070858 -0.530797 -0.640645
v -0.176658 -0.585097 -0.655945
v -0.291558 -0.638497 -0.665745
v -0.414058 -0.690597 -0.670145
v -0.542458 -0.740797 -0.669245
v -0.675258 -0.788697 -0.663345
v -0.810858 -0.833897 -0.652645
v -0.947658 -0.875997 -0.637245
v -1.084258 -0.914597 -0.617645
v -1.219058 -0.949297 -0.594345
v -1.350458 -0.979797 -0.567845
v -1.476758 -1.005697 -0.538645
v -1.595158 -1.026097 -0.507345
v -1.701258 -1.039297 -0.474345
v 0.004042 -0.467597 -0.639945
v -0.088958 -0.520897 -0.658945
v -0.192558 -0.574097 -0.672745
v -0.305258 -0.626597 -0.681345
v -0.425558 -0.677797 -0.684845
v -0.551858 -0.727397 -0.683445
v -0.682558 -0.774697 -0.677145
v -0.815958 -0.819297 -0.666245
v -0.950658 -0.860997 -0.650945
v -1.085058 -0.899297 -0.631545
v -1.217558 -0.933697 -0.608645
v -1.346458 -0.963897 -0.582745
v -1.470258 -0.989497 -0.554445
v -1.586658 -1.009897 -0.524345
v -1.691358 -1.023197 -0.492845
v -0.110558 -0.511997 -0.675545
v -0.020558 -0.460797 -0.658645
v -0.211158 -0.563397 -0.687745
v -0.320958 -0.614297 -0.695245
v -0.438558 -0.664297 -0.698045
v -0.562358 -0.712897 -0.696045
v -0.690558 -0.759397 -0.689545
v -0.821658 -0.803497 -0.678645
v -0.953858 -0.844697 -0.663345
v -1.085658 -0.882497 -0.644245
v -1.215358 -0.916697 -0.621845
v -1.341158 -0.946597 -0.596645
v -1.461558 -0.972097 -0.569345
v -1.574558 -0.992397 -0.540645
v -1.677058 -1.006197 -0.510945
v -0.048158 -0.455097 -0.675245
v -0.134258 -0.503497 -0.689945
v -0.231158 -0.552297 -0.700745
v -0.337658 -0.601097 -0.707445
v -0.452358 -0.649497 -0.709645
v -0.573458 -0.696797 -0.707345
v -0.699258 -0.742597 -0.700645
v -0.827958 -0.785997 -0.689745
v -0.957658 -0.826797 -0.674545
v -1.086758 -0.864297 -0.655745
v -1.213358 -0.898297 -0.633745
v -1.335658 -0.928097 -0.609345
v -1.451858 -0.953497 -0.583045
v -1.560458 -0.973897 -0.555745
v -1.659158 -0.988297 -0.527945
v -0.157458 -0.494097 -0.701945
v -0.076458 -0.449597 -0.689145
v -0.250458 -0.539797 -0.711745
v -0.353858 -0.586197 -0.717845
v -0.465858 -0.632697 -0.719645
v -0.584758 -0.678797 -0.717245
v -0.708358 -0.723697 -0.710445
v -0.834958 -0.766697 -0.699545
v -0.962458 -0.807097 -0.684445
v -1.089158 -0.844597 -0.665845
v -1.212958 -0.878497 -0.644345
v -1.331758 -0.908597 -0.620545
v -1.443658 -0.934197 -0.595045
v -1.547058 -0.954897 -0.569045
v -1.640058 -0.969897 -0.543345
v -0.101158 -0.442997 -0.699645
v -0.177258 -0.482497 -0.711145
v -0.266958 -0.524597 -0.720445
v -0.368058 -0.568497 -0.726345
v -0.478258 -0.613297 -0.728145
v -0.595558 -0.658197 -0.725645
v -0.717758 -0.702397 -0.718945
v -0.842758 -0.745097 -0.708045
v -0.968758 -0.785497 -0.693045
v -1.093558 -0.823097 -0.674545
v -1.215158 -0.857497 -0.653245
v -1.331158 -0.888197 -0.629745
v -1.439658 -0.914697 -0.604745
v -1.537958 -0.936197 -0.579645
v -1.623858 -0.952197 -0.555745
v -0.045158 -0.640197 -0.393745
v -0.114358 -0.675097 -0.402045
v -0.202758 -0.716397 -0.409945
v -0.303158 -0.759897 -0.415945
v -0.413058 -0.803897 -0.419345
v -0.530258 -0.847597 -0.420045
v -0.652758 -0.889997 -0.417745
v -0.778158 -0.930397 -0.412545
v -0.904758 -0.967997 -0.404145
v -1.030158 -1.002397 -0.393145
v -1.152358 -1.033197 -0.379945
v -1.268858 -1.059997 -0.365145
v -1.377458 -1.082497 -0.349145
v -1.474957 -1.100497 -0.333045
v -1.552958 -1.113097 -0.318745
v -1.641158 -1.122597 -0.313545
v -1.612858 -1.121397 -0.306645
v -1.673358 -1.122697 -0.321945
v -1.707558 -1.120897 -0.331945
v -1.738358 -1.116997 -0.342545
v -1.763558 -1.110597 -0.354145
v -1.782458 -1.101797 -0.367745
v -1.795058 -1.090397 -0.383545
v -1.801658 -1.077197 -0.401545
v -1.802358 -1.062497 -0.420845
v -1.797058 -1.046997 -0.440945
v -1.785758 -1.030697 -0.461145
v -1.768758 -1.013897 -0.481245
v -1.746658 -0.996497 -0.500645
v -1.721058 -0.978797 -0.518745
v -1.695358 -0.962697 -0.533845
v -1.799858 -1.140897 0.243455
v -1.741458 -1.135397 0.276055
v -1.692958 -1.134197 0.272655
v -1.741058 -1.139997 0.242555
v -1.845958 -1.137997 0.246655
v -1.784058 -1.134097 0.281755
v -1.879358 -1.131397 0.251755
v -1.819458 -1.130197 0.289155
v -1.904658 -1.122497 0.259655
v -1.846158 -1.123397 0.298455
v -1.923258 -1.111697 0.270655
v -1.864658 -1.114197 0.309855
v -1.935558 -1.099297 0.285055
v -1.876858 -1.103197 0.323955
v -1.941058 -1.085997 0.302955
v -1.883158 -1.091197 0.340555
v -1.845758 -1.143397 0.207755
v -1.782958 -1.144297 0.208055
v -1.892958 -1.138297 0.208655
v -1.927458 -1.129897 0.212155
v -1.953958 -1.118897 0.219455
v -1.973958 -1.105997 0.230455
v -1.987058 -1.091997 0.245155
v -1.992358 -1.077497 0.264155
v -1.817458 -1.146697 0.169555
v -1.882758 -1.143897 0.168355
v -1.930758 -1.136897 0.168355
v -1.965758 -1.126397 0.171755
v -1.993458 -1.113097 0.179155
v -2.014858 -1.097997 0.190355
v -2.028958 -1.081997 0.205655
v -2.032858 -1.068997 0.224355
v -1.912158 -1.143497 0.125955
v -1.844258 -1.147297 0.127755
v -1.959158 -1.134597 0.125855
v -1.993558 -1.121897 0.129855
v -2.021458 -1.106097 0.137755
v -2.043658 -1.087997 0.149455
v -2.057358 -1.071097 0.165255
v -2.063958 -1.055097 0.185955
v -1.934158 -1.142897 0.080955
v -1.865558 -1.147597 0.083055
v -1.978458 -1.132397 0.081055
v -2.011258 -1.117497 0.085355
v -2.038958 -1.098897 0.092855
v -2.060358 -1.078897 0.104955
v -2.077258 -1.056797 0.121455
v -2.096158 -0.957197 0.156155
v -1.949058 -1.142597 0.034755
v -1.880058 -1.147797 0.037055
v -1.989258 -1.130897 0.034755
v -2.020158 -1.114397 0.037955
v -2.047958 -1.092797 0.042855
v -2.070358 -1.069197 0.047655
v -2.119058 -0.919497 0.065155
v -1.847258 -1.000897 0.442455
v -1.795758 -0.980897 0.468955
v -1.744358 -0.984597 0.485055
v -1.786858 -1.002897 0.463455
v -1.888258 -0.992397 0.425655
v -1.841258 -0.972797 0.454355
v -1.931258 -0.916897 0.409955
v -1.877158 -0.957197 0.442555
v -1.882058 -1.017597 0.417855
v -1.822658 -1.020697 0.441855
v -1.920358 -1.007497 0.397455
v -1.951758 -0.991497 0.379055
v -1.903858 -1.031497 0.394455
v -1.850858 -1.037497 0.420455
v -1.944558 -1.019097 0.370655
v -1.976658 -1.005397 0.348955
v -2.002758 -0.983297 0.333555
v -1.996658 -0.882397 0.349155
v -1.920858 -1.044897 0.370655
v -1.868758 -1.052097 0.399655
v -1.964558 -1.033197 0.342155
v -1.998858 -1.020297 0.317055
v -2.044758 -0.914797 0.281755
v -1.933058 -1.058297 0.346955
v -1.879058 -1.065297 0.379255
v -1.980158 -1.047697 0.313955
v -2.017058 -1.035397 0.284955
v -2.048058 -1.011897 0.263855
v -1.940058 -1.072097 0.323855
v -1.883658 -1.078297 0.359255
v -1.989758 -1.062497 0.287355
v -2.027458 -1.051197 0.256655
v -2.078258 -0.949697 0.213555
v -1.750758 -0.963397 -0.517645
v -1.802258 -0.959097 -0.502345
v -1.852358 -0.979297 -0.475645
v -1.790858 -0.981697 -0.496345
v -1.890358 -0.997397 -0.450045
v -1.824158 -0.999497 -0.474445
v -1.916858 -1.013597 -0.425645
v -1.850258 -1.016597 -0.452345
v -1.933558 -1.028897 -0.401845
v -1.868558 -1.032897 -0.430345
v -1.942758 -1.044197 -0.378145
v -1.879558 -1.048797 -0.408345
v -1.945958 -1.059897 -0.354545
v -1.883958 -1.064597 -0.386745
v -1.943658 -1.075897 -0.332045
v -1.882658 -1.079897 -0.365945
v -1.901358 -0.973597 -0.457745
v -1.848858 -0.952697 -0.487645
v -1.939758 -0.991997 -0.427945
v -1.960758 -1.002997 -0.406245
v -1.973858 -1.020397 -0.380245
v -1.986658 -1.036997 -0.347845
v -1.991858 -1.049597 -0.323745
v -1.989258 -1.066497 -0.298945
v -1.887558 -0.937897 -0.476545
v -1.952858 -0.906597 -0.437845
v -1.976958 -0.975697 -0.410145
v -1.988858 -0.982397 -0.399745
v -2.039758 -0.912697 -0.353645
v -2.021658 -1.019497 -0.324845
v -2.023458 -1.037497 -0.299345
v -2.024058 -1.056497 -0.262545
v -2.057158 -0.981097 -0.315945
v -2.051758 -0.990697 -0.318745
v -2.078858 -0.909297 -0.266745
v -2.055358 -1.042097 -0.223945
v -1.742058 -1.136597 -0.258345
v -1.694258 -1.130397 -0.288145
v -1.742758 -1.131297 -0.292545
v -1.800958 -1.137097 -0.260545
v -1.783658 -1.141197 -0.223945
v -1.849558 -1.140597 -0.224945
v -1.890558 -1.142897 -0.185945
v -1.819558 -1.144397 -0.185545
v -1.849058 -1.146397 -0.144345
v -1.922158 -1.144197 -0.144145
v -1.870658 -1.147397 -0.101045
v -1.943158 -1.144297 -0.100745
v -1.954158 -1.143697 -0.056745
v -1.883158 -1.147797 -0.055845
v -1.886158 -1.147797 -0.009445
v -1.955858 -1.142897 -0.011445
v -1.848958 -1.134197 -0.264445
v -1.784758 -1.129397 -0.299145
v -1.900658 -1.136597 -0.226645
v -1.937958 -1.136897 -0.186645
v -1.961758 -1.135397 -0.145445
v -1.978058 -1.133397 -0.102345
v -1.988358 -1.131597 -0.057945
v -1.992158 -1.130597 -0.012045
v -1.819358 -1.124897 -0.307045
v -1.884258 -1.128397 -0.269845
v -1.930858 -1.128297 -0.231445
v -1.963058 -1.125797 -0.192445
v -1.986958 -1.121797 -0.151545
v -2.004658 -1.117697 -0.107645
v -2.016258 -1.114497 -0.060845
v -2.021558 -1.113197 -0.011545
v -1.845358 -1.117497 -0.316945
v -1.907658 -1.118997 -0.279545
v -1.951658 -1.116097 -0.242245
v -1.984358 -1.110697 -0.203645
v -2.009858 -1.103997 -0.162145
v -2.029458 -1.097097 -0.116545
v -2.042758 -1.091697 -0.066345
v -2.049158 -1.089597 -0.011845
v -1.863658 -1.107197 -0.330245
v -1.924358 -1.106497 -0.293645
v -1.968358 -1.101097 -0.257345
v -2.002558 -1.092797 -0.219245
v -2.030358 -1.082597 -0.177445
v -2.050158 -1.073997 -0.131645
v -2.065258 -1.066197 -0.073945
v -2.073858 -1.060297 -0.013245
v -1.875658 -1.094297 -0.346845
v -1.936258 -1.091797 -0.311445
v -1.981058 -1.084097 -0.276445
v -2.017058 -1.072797 -0.239545
v -2.045758 -1.060697 -0.198545
v -2.069058 -1.047697 -0.152845
v -2.112658 -0.924497 -0.084845
v -2.105658 -1.007897 -0.015145
v -2.098358 -0.959597 -0.180045
v -1.639658 -1.126697 0.298455
v -1.611558 -1.125197 0.292255
v -1.639358 -1.130197 0.271955
v -1.671758 -1.127097 0.305855
v -1.706658 -1.125897 0.315155
v -1.738858 -1.122797 0.324955
v -1.766258 -1.117797 0.335655
v -1.787658 -1.110697 0.347855
v -1.802458 -1.101597 0.361755
v -1.810158 -1.090797 0.377255
v -1.670958 -1.135297 0.245055
v -1.704758 -1.140097 0.210555
v -1.735658 -1.143797 0.171955
v -1.761258 -1.146197 0.130055
v -1.780058 -1.147197 0.085555
v -1.792058 -1.147497 0.039255
v -1.796558 -1.147397 -0.007745
v -1.688858 -0.983397 0.501755
v -1.715758 -0.998997 0.487055
v -1.744058 -1.016697 0.469155
v -1.769358 -1.033697 0.450255
v -1.789658 -1.049497 0.431355
v -1.803558 -1.064597 0.412555
v -1.810458 -1.078497 0.394255
v -1.640558 -1.126697 -0.286245
v -1.672058 -1.132097 -0.259345
v -1.705558 -1.137297 -0.225045
v -1.736058 -1.141397 -0.186445
v -1.761458 -1.144197 -0.144745
v -1.780558 -1.145897 -0.100545
v -1.792558 -1.146897 -0.054645
v -1.496858 -1.099897 0.360155
v -1.480557 -1.101897 0.341855
v -1.567058 -1.116297 0.319855
v -1.590158 -1.115497 0.333655
v -1.393058 -1.080297 0.384855
v -1.381158 -1.083197 0.362855
v -1.280458 -1.056597 0.407455
v -1.271558 -1.060197 0.382555
v -1.160858 -1.028697 0.427855
v -1.154158 -1.032997 0.400455
v -1.036258 -0.997097 0.445355
v -1.031458 -1.001897 0.416055
v -0.908658 -0.961897 0.459655
v -0.905358 -0.967297 0.428855
v -0.780258 -0.923597 0.470255
v -0.778358 -0.929397 0.438455
v -0.652858 -0.882497 0.476855
v -0.652358 -0.888897 0.444255
v -0.528358 -0.839297 0.479155
v -0.529358 -0.846297 0.446355
v -0.408758 -0.794797 0.477155
v -0.411458 -0.802497 0.444755
v -0.295858 -0.749697 0.470855
v -0.300758 -0.758197 0.439555
v -0.191658 -0.704697 0.460155
v -0.199258 -0.714497 0.430755
v -0.097558 -0.660997 0.444855
v -0.108958 -0.672597 0.418355
v -0.014858 -0.619497 0.424655
v -0.032058 -0.634297 0.402355
v -1.517758 -1.097597 0.376455
v -1.617358 -1.113797 0.346655
v -1.408958 -1.077197 0.404155
v -1.292558 -1.052697 0.429355
v -1.169858 -1.024097 0.451855
v -1.042658 -0.991697 0.471155
v -0.912858 -0.955897 0.486855
v -0.782358 -0.916897 0.498455
v -0.653058 -0.874997 0.505755
v -0.526458 -0.830997 0.508355
v -0.404458 -0.785397 0.506155
v -0.288858 -0.738897 0.499055
v -0.181258 -0.692197 0.486955
v -0.082958 -0.646097 0.469455
v 0.004942 -0.601297 0.446455
v -1.539658 -1.094197 0.391455
v -1.644358 -1.110797 0.359255
v -1.426358 -1.073297 0.421555
v -1.305958 -1.048097 0.448855
v -1.179958 -1.018797 0.473155
v -1.049958 -0.985697 0.493955
v -0.917658 -0.949097 0.510855
v -0.784858 -0.909297 0.523355
v -0.653258 -0.866597 0.531355
v -0.524258 -0.821497 0.534355
v -0.399758 -0.774597 0.532155
v -0.281158 -0.726597 0.524655
v -0.170258 -0.677997 0.511455
v -0.068258 -0.629497 0.492655
v 0.023342 -0.581697 0.467855
v -1.559758 -1.089497 0.405855
v -1.668358 -1.105997 0.371755
v -1.442858 -1.068197 0.437655
v -1.319158 -1.042597 0.466555
v -1.190058 -1.012697 0.492255
v -1.057358 -0.978997 0.514255
v -0.922658 -0.941697 0.532155
v -0.787558 -0.901097 0.545555
v -0.653658 -0.857397 0.554155
v -0.522458 -0.811197 0.557655
v -0.395558 -0.763097 0.555655
v -0.274458 -0.713597 0.547955
v -0.160858 -0.663197 0.534355
v -0.056058 -0.612497 0.514655
v 0.038242 -0.561997 0.488855
v -1.576758 -1.082997 0.420155
v -1.688058 -1.099397 0.384855
v -1.457057 -1.061697 0.453055
v -1.330758 -1.035797 0.483055
v -1.199358 -1.005597 0.509655
v -1.064458 -0.971397 0.532555
v -0.927658 -0.933397 0.551255
v -0.790558 -0.892097 0.565355
v -0.654758 -0.847597 0.574555
v -0.521658 -0.800397 0.578555
v -0.392758 -0.751097 0.576955
v -0.269858 -0.700197 0.569455
v -0.154258 -0.648197 0.555855
v -0.047658 -0.595697 0.535955
v 0.048442 -0.543197 0.509755
v -1.589158 -1.074797 0.434655
v -1.702158 -1.090997 0.398855
v -1.467957 -1.053597 0.468055
v -1.339958 -1.027697 0.498655
v -1.207058 -0.997197 0.525855
v -1.070658 -0.962597 0.549355
v -0.932358 -0.924197 0.568655
v -0.793858 -0.882297 0.583355
v -0.656658 -0.837097 0.593055
v -0.522258 -0.789197 0.597555
v -0.392258 -0.738997 0.596355
v -0.268058 -0.687097 0.589355
v -0.151358 -0.633897 0.576155
v -0.043758 -0.579897 0.556555
v 0.053142 -0.525797 0.530655
v -1.709658 -1.080697 0.413855
v -1.596058 -1.064897 0.449555
v -1.474257 -1.043797 0.483055
v -1.345758 -1.017897 0.513755
v -1.212158 -0.987397 0.541255
v -1.075258 -0.952597 0.565055
v -0.936558 -0.913897 0.584755
v -0.797558 -0.871597 0.599855
v -0.659858 -0.826097 0.610055
v -0.525058 -0.777797 0.614955
v -0.394558 -0.727097 0.614255
v -0.270158 -0.674497 0.607855
v -0.153258 -0.620597 0.595355
v -0.045558 -0.565797 0.576655
v 0.051442 -0.510797 0.551555
v -1.596658 -1.053097 0.465155
v -1.709758 -1.068597 0.430055
v -1.475258 -1.032197 0.498255
v -1.347258 -1.006397 0.528655
v -1.214258 -0.975997 0.555955
v -1.077958 -0.941197 0.579755
v -0.939858 -0.902497 0.599655
v -0.801458 -0.860197 0.614955
v -0.664458 -0.814797 0.625455
v -0.530258 -0.766397 0.630755
v -0.400458 -0.715697 0.630755
v -0.276658 -0.662997 0.625055
v -0.160458 -0.608897 0.613555
v -0.053358 -0.553897 0.596055
v 0.042942 -0.498597 0.572355
v -1.591558 -1.039597 0.481055
v -1.703158 -1.055097 0.446955
v -1.471658 -1.018997 0.513155
v -1.345258 -0.993397 0.542955
v -1.213858 -0.963197 0.569855
v -1.079058 -0.928697 0.593355
v -0.942458 -0.890197 0.613155
v -0.805658 -0.848197 0.628555
v -0.670158 -0.802997 0.639255
v -0.537458 -0.754997 0.645055
v -0.409258 -0.704597 0.645655
v -0.286958 -0.652197 0.640855
v -0.172158 -0.598497 0.630555
v -0.066558 -0.543897 0.614555
v 0.028342 -0.489097 0.592755
v -1.690958 -1.040097 0.464255
v -1.581858 -1.024797 0.496755
v -1.464658 -1.004297 0.527755
v -1.340758 -0.978997 0.556555
v -1.211758 -0.949097 0.582755
v -1.079258 -0.914897 0.605855
v -0.944958 -0.876797 0.625355
v -0.810258 -0.835197 0.640855
v -0.676858 -0.790497 0.651655
v -0.546258 -0.742997 0.657755
v -0.420158 -0.693297 0.658955
v -0.300058 -0.641797 0.655155
v -0.187558 -0.588997 0.646055
v -0.084158 -0.535497 0.631755
v 0.008642 -0.481897 0.612055
v -1.674058 -1.023997 0.481355
v -1.568858 -1.008697 0.511955
v -1.455358 -0.988397 0.541455
v -1.334958 -0.963297 0.569255
v -1.209058 -0.933697 0.594655
v -1.079358 -0.899797 0.617255
v -0.947558 -0.862097 0.636455
v -0.815358 -0.820897 0.651755
v -0.684358 -0.776797 0.662755
v -0.556158 -0.730097 0.669055
v -0.432558 -0.681297 0.670855
v -0.315158 -0.630997 0.667755
v -0.205558 -0.579797 0.659955
v -0.105158 -0.528097 0.647155
v -0.015358 -0.476597 0.629755
v -1.654058 -1.006797 0.497655
v -1.553958 -0.991597 0.526255
v -1.445158 -0.971397 0.554155
v -1.328858 -0.946397 0.580755
v -1.206558 -0.916897 0.605455
v -1.079858 -0.883197 0.627455
v -0.950758 -0.845797 0.646455
v -0.821058 -0.805097 0.661655
v -0.692458 -0.761597 0.672555
v -0.566758 -0.715697 0.679155
v -0.445758 -0.668097 0.681255
v -0.331258 -0.619397 0.678855
v -0.224858 -0.570297 0.671855
v -0.128158 -0.521097 0.660655
v -0.042358 -0.472397 0.645355
v -1.633458 -0.989197 0.512455
v -1.539958 -0.973997 0.538755
v -1.436458 -0.953697 0.565255
v -1.324458 -0.928397 0.590855
v -1.205558 -0.898697 0.614955
v -1.081758 -0.864997 0.636555
v -0.955058 -0.827697 0.655255
v -0.827458 -0.787297 0.670355
v -0.700958 -0.744297 0.681255
v -0.577358 -0.699197 0.687855
v -0.458658 -0.652897 0.690255
v -0.346858 -0.605997 0.688155
v -0.243658 -0.559297 0.681855
v -0.150858 -0.513197 0.671755
v -0.069958 -0.468397 0.658555
v -1.616558 -0.972397 0.524355
v -1.530358 -0.956697 0.548655
v -1.431958 -0.935497 0.574055
v -1.323358 -0.909497 0.599155
v -1.207258 -0.879197 0.622855
v -1.085658 -0.845097 0.644255
v -0.960758 -0.807597 0.662855
v -0.834758 -0.767197 0.677855
v -0.709758 -0.724497 0.688655
v -0.587658 -0.680197 0.695355
v -0.470558 -0.634997 0.697755
v -0.360458 -0.589797 0.695855
v -0.259558 -0.545497 0.689755
v -0.169958 -0.502997 0.680255
v -0.094158 -0.463097 0.668355
v -1.551558 -1.116997 0.305055
v -1.473557 -1.104397 0.320155
v -1.376058 -1.086397 0.337055
v -1.267458 -1.063897 0.353755
v -1.150958 -1.037097 0.369155
v -1.028858 -1.006297 0.382855
v -0.903358 -0.971897 0.394155
v -0.776858 -0.934297 0.402555
v -0.651358 -0.893897 0.407655
v -0.528858 -0.851497 0.409655
v -0.411658 -0.807897 0.408455
v -0.301758 -0.763797 0.404455
v -0.201358 -0.720397 0.397755
v -0.112958 -0.678997 0.388955
v -0.043758 -0.644197 0.379855
v -0.091758 -0.673597 0.314855
v -0.106158 -0.678797 0.354755
v -0.029458 -0.639097 0.350255
v -0.009458 -0.629897 0.313055
v -0.185758 -0.718997 0.317955
v -0.196258 -0.721597 0.360155
v -0.289958 -0.765097 0.320955
v -0.297858 -0.765897 0.364855
v -0.402758 -0.811197 0.322855
v -0.408558 -0.810597 0.367755
v -0.522458 -0.856297 0.323155
v -0.526458 -0.854797 0.368455
v -0.647158 -0.899797 0.321555
v -0.649558 -0.897497 0.366655
v -0.774758 -0.940997 0.317755
v -0.775658 -0.938097 0.362255
v -0.903458 -0.979197 0.311455
v -0.902858 -0.975897 0.354855
v -1.031358 -1.013997 0.303155
v -1.028958 -1.010397 0.345155
v -1.156458 -1.045097 0.293355
v -1.151958 -1.041197 0.333455
v -1.276558 -1.072197 0.282455
v -1.269558 -1.067997 0.320355
v -1.389858 -1.094797 0.271155
v -1.379558 -1.090397 0.306555
v -1.494358 -1.112797 0.260455
v -1.479358 -1.108197 0.293155
v -1.588558 -1.126297 0.251355
v -1.566458 -1.121397 0.281555
v -0.074058 -0.665697 0.269855
v 0.013442 -0.618097 0.269655
v -0.172158 -0.713997 0.271355
v -0.279758 -0.762297 0.273155
v -0.395458 -0.809997 0.274255
v -0.517658 -0.856397 0.274255
v -0.644458 -0.900997 0.272855
v -0.774158 -0.942897 0.269655
v -0.905058 -0.981797 0.264455
v -1.035358 -1.017197 0.257555
v -1.163158 -1.048697 0.249455
v -1.286658 -1.076097 0.240655
v -1.403958 -1.099097 0.231555
v -1.513758 -1.117397 0.223055
v -1.614458 -1.131097 0.215755
v -0.056058 -0.656597 0.220555
v 0.035442 -0.605697 0.220955
v -0.157958 -0.707697 0.221055
v -0.268958 -0.758197 0.221955
v -0.387658 -0.807797 0.222455
v -0.512458 -0.855597 0.222355
v -0.641658 -0.901297 0.221255
v -0.773758 -0.944097 0.218655
v -0.907158 -0.983697 0.214555
v -1.040058 -1.019697 0.208955
v -1.170858 -1.051797 0.202555
v -1.297858 -1.079597 0.195655
v -1.419358 -1.102897 0.188555
v -1.533858 -1.121497 0.181855
v -1.639858 -1.135097 0.176155
v -0.040258 -0.647897 0.167455
v 0.054142 -0.594297 0.168055
v -0.145058 -0.701297 0.167555
v -0.258858 -0.753897 0.167955
v -0.380258 -0.804997 0.168255
v -0.507558 -0.854197 0.168055
v -0.639158 -0.900997 0.167255
v -0.773658 -0.944697 0.165355
v -0.909358 -0.985097 0.162155
v -1.044958 -1.021697 0.158055
v -1.178558 -1.054197 0.153155
v -1.308658 -1.082397 0.147955
v -1.433658 -1.105897 0.142655
v -1.551958 -1.124597 0.137655
v -1.661958 -1.138097 0.133355
v -0.027858 -0.640597 0.111455
v 0.068442 -0.584797 0.111755
v -0.134758 -0.695797 0.111555
v -0.250658 -0.749897 0.111755
v -0.374058 -0.802397 0.111955
v -0.503358 -0.852697 0.111955
v -0.637058 -0.900397 0.111355
v -0.773658 -0.944897 0.110155
v -0.911458 -0.985897 0.108055
v -1.049158 -1.022997 0.105155
v -1.185158 -1.055897 0.101855
v -1.317658 -1.084397 0.098255
v -1.445358 -1.108097 0.094655
v -1.566358 -1.126697 0.091255
v -1.679158 -1.139997 0.088255
v -0.019858 -0.635397 0.053355
v 0.077542 -0.578297 0.053155
v -0.127958 -0.691797 0.053655
v -0.245158 -0.746997 0.054055
v -0.369858 -0.800297 0.054255
v -0.500558 -0.851397 0.054455
v -0.635658 -0.899697 0.054255
v -0.773658 -0.944797 0.053655
v -0.913058 -0.986297 0.052555
v -1.052258 -1.023697 0.051055
v -1.189758 -1.056897 0.049255
v -1.323958 -1.085497 0.047255
v -1.453258 -1.109297 0.045155
v -1.575958 -1.127797 0.043155
v -1.690358 -1.140897 0.041255
v -0.017058 -0.633297 -0.005945
v 0.080642 -0.575797 -0.006745
v -0.125558 -0.690097 -0.005245
v -0.243258 -0.745697 -0.004645
v -0.368458 -0.799397 -0.004145
v -0.499558 -0.850697 -0.003845
v -0.635258 -0.899297 -0.003645
v -0.773758 -0.944597 -0.003645
v -0.913658 -0.986197 -0.003645
v -1.053458 -1.023797 -0.003845
v -1.191558 -1.057097 -0.004145
v -1.326358 -1.085797 -0.004545
v -1.456158 -1.109497 -0.005145
v -1.579558 -1.127997 -0.005845
v -1.694258 -1.140997 -0.006645
v -0.020058 -0.634897 -0.065145
v 0.077342 -0.577797 -0.066545
v -0.128158 -0.691297 -0.064045
v -0.245358 -0.746497 -0.063345
v -0.370058 -0.799897 -0.062745
v -0.500758 -0.850997 -0.062145
v -0.635858 -0.899297 -0.061645
v -0.773858 -0.944397 -0.060945
v -0.913158 -0.985797 -0.059945
v -1.052458 -1.023297 -0.058745
v -1.189958 -1.056497 -0.057545
v -1.324158 -1.085097 -0.056445
v -1.453358 -1.108797 -0.055445
v -1.576158 -1.127297 -0.054745
v -1.690358 -1.140297 -0.054445
v -0.028258 -0.639597 -0.123245
v 0.068042 -0.583797 -0.125145
v -0.135158 -0.694797 -0.121945
v -0.251058 -0.748997 -0.121145
v -0.374458 -0.801497 -0.120445
v -0.503758 -0.851797 -0.119745
v -0.637358 -0.899497 -0.118845
v -0.773958 -0.944097 -0.117545
v -0.911758 -0.984997 -0.115545
v -1.049458 -1.022097 -0.113045
v -1.185458 -1.055097 -0.110345
v -1.317958 -1.083497 -0.107545
v -1.445658 -1.107097 -0.105045
v -1.566758 -1.125697 -0.102845
v -1.679358 -1.138797 -0.101345
v -0.040858 -0.646397 -0.179245
v 0.053542 -0.592697 -0.181345
v -0.145658 -0.699897 -0.178045
v -0.259458 -0.752497 -0.177445
v -0.380758 -0.803697 -0.176845
v -0.507958 -0.852897 -0.176145
v -0.639658 -0.899697 -0.174845
v -0.774058 -0.943497 -0.172845
v -0.909858 -0.983797 -0.169845
v -1.045358 -1.020397 -0.166045
v -1.178958 -1.052897 -0.161745
v -1.309058 -1.080997 -0.157345
v -1.434058 -1.104497 -0.153045
v -1.552458 -1.122997 -0.149345
v -1.662358 -1.136497 -0.146445
v -0.056758 -0.654597 -0.232345
v 0.034642 -0.603597 -0.234145
v -0.158658 -0.705797 -0.231745
v -0.269658 -0.756397 -0.231545
v -0.388258 -0.805897 -0.231345
v -0.513058 -0.853797 -0.230645
v -0.642358 -0.899497 -0.229145
v -0.774458 -0.942397 -0.226445
v -0.907758 -0.981997 -0.222445
v -1.040658 -1.017897 -0.217245
v -1.171458 -1.049997 -0.211345
v -1.298458 -1.077697 -0.205145
v -1.419958 -1.100997 -0.199045
v -1.534558 -1.119497 -0.193545
v -1.640558 -1.132997 -0.189145
v -0.074958 -0.663197 -0.281845
v 0.012442 -0.615497 -0.282845
v -0.173058 -0.711497 -0.282245
v -0.280658 -0.759897 -0.283045
v -0.396358 -0.807697 -0.283445
v -0.518458 -0.854197 -0.282845
v -0.645258 -0.898697 -0.281145
v -0.774958 -0.940697 -0.277845
v -0.905858 -0.979497 -0.272745
v -1.036058 -1.014897 -0.266145
v -1.163958 -1.046397 -0.258545
v -1.287358 -1.073797 -0.250445
v -1.404758 -1.096597 -0.242245
v -1.514558 -1.114897 -0.234745
v -1.615358 -1.128497 -0.228745
v -0.092858 -0.670597 -0.327045
v -0.010658 -0.626797 -0.326445
v -0.186858 -0.716097 -0.329045
v -0.290958 -0.762297 -0.331245
v -0.403858 -0.808297 -0.332445
v -0.523558 -0.853497 -0.332245
v -0.648158 -0.896997 -0.330345
v -0.775758 -0.938197 -0.326345
v -0.904458 -0.976397 -0.320145
v -1.032358 -1.011197 -0.312145
v -1.157358 -1.042297 -0.302845
v -1.277558 -1.069297 -0.292645
v -1.390758 -1.091897 -0.282145
v -1.495358 -1.109897 -0.272445
v -1.589558 -1.123297 -0.264445
v -0.107458 -0.675297 -0.367245
v -0.030758 -0.635597 -0.363745
v -0.197558 -0.718097 -0.371745
v -0.299058 -0.762497 -0.375645
v -0.409758 -0.807297 -0.377945
v -0.527658 -0.851397 -0.378145
v -0.650658 -0.894197 -0.376045
v -0.776758 -0.934797 -0.371445
v -0.903958 -0.972597 -0.364245
v -1.030158 -1.006997 -0.354745
v -1.153158 -1.037897 -0.343445
v -1.270758 -1.064597 -0.331045
v -1.380758 -1.086997 -0.317945
v -1.480557 -1.104797 -0.305445
v -1.567658 -1.117897 -0.294845
vn 0.6909 -0.0534 0.7209
vn 0.6810 -0.0690 0.7290
vn 0.6990 -0.0464 0.7136
vn 0.5886 -0.7998 -0.1181
vn 0.5886 -0.7997 -0.1182
vn 0.6278 -0.7610 -0.1636
vn 0.6642 -0.7168 -0.2121
vn 0.6974 -0.6658 -0.2653
vn 0.7241 -0.6100 -0.3220
vn 0.7422 -0.5500 -0.3828
vn 0.7422 -0.5501 -0.3828
vn 0.7423 -0.5500 -0.3828
vn 0.7492 -0.4880 -0.4479
vn 0.6150 -0.7842 -0.0826
vn 0.6148 -0.7843 -0.0830
vn 0.6650 -0.7367 -0.1223
vn 0.6651 -0.7367 -0.1223
vn 0.7126 -0.6810 -0.1686
vn 0.7553 -0.6173 -0.2201
vn 0.7898 -0.5480 -0.2756
vn 0.8133 -0.4746 -0.3365
vn 0.8228 -0.4009 -0.4027
vn 0.8228 -0.4011 -0.4027
vn 0.8228 -0.4010 -0.4027
vn 0.8229 -0.4009 -0.4027
vn 0.6377 -0.7683 -0.0554
vn 0.6377 -0.7683 -0.0553
vn 0.6963 -0.7125 -0.0864
vn 0.6964 -0.7124 -0.0865
vn 0.7536 -0.6451 -0.1263
vn 0.7536 -0.6450 -0.1263
vn 0.8053 -0.5670 -0.1731
vn 0.8462 -0.4828 -0.2253
vn 0.8732 -0.3954 -0.2850
vn 0.8732 -0.3953 -0.2850
vn 0.8834 -0.3098 -0.3517
vn 0.6575 -0.7527 -0.0338
vn 0.6576 -0.7526 -0.0338
vn 0.7228 -0.6887 -0.0564
vn 0.7228 -0.6887 -0.0570
vn 0.7733 -0.6271 -0.0939
vn 0.7877 -0.6097 -0.0881
vn 0.7752 -0.6251 -0.0918
vn 0.6737 -0.7388 -0.0185
vn 0.7352 -0.6764 -0.0446
vn 0.7441 -0.6672 -0.0346
vn 0.7335 -0.6782 -0.0451
vn 0.6855 -0.7280 -0.0086
vn 0.6855 -0.7281 -0.0086
vn 0.6875 -0.7262 -0.0093
vn 0.6894 -0.7244 -0.0047
vn 0.4123 -0.0726 -0.9081
vn 0.4119 -0.0726 -0.9083
vn 0.4289 0.0061 -0.9033
vn 0.4456 0.0667 -0.8928
vn 0.4456 0.0667 -0.8927
vn 0.4946 -0.1301 -0.8593
vn 0.5248 -0.0378 -0.8504
vn 0.5486 0.0418 -0.8350
vn 0.5487 0.0419 -0.8350
vn 0.5486 0.0418 -0.8351
vn 0.5686 0.1062 -0.8157
vn 0.5685 -0.1882 -0.8009
vn 0.6132 -0.0898 -0.7848
vn 0.6471 0.0040 -0.7624
vn 0.6472 0.0039 -0.7623
vn 0.6723 0.0859 -0.7353
vn 0.6723 0.0860 -0.7353
vn 0.6328 -0.2477 -0.7336
vn 0.6894 -0.1459 -0.7095
vn 0.6894 -0.1459 -0.7096
vn 0.7333 -0.0434 -0.6785
vn 0.7334 -0.0434 -0.6785
vn 0.7636 0.0525 -0.6435
vn 0.7636 0.0524 -0.6435
vn 0.6838 -0.3067 -0.6621
vn 0.6838 -0.3067 -0.6620
vn 0.7491 -0.2040 -0.6302
vn 0.8004 -0.0975 -0.5914
vn 0.8352 0.0066 -0.5500
vn 0.8351 0.0066 -0.5500
vn 0.7206 -0.3662 -0.5887
vn 0.7916 -0.2661 -0.5500
vn 0.8481 -0.1610 -0.5048
vn 0.8874 -0.0558 -0.4577
vn 0.8874 -0.0558 -0.4576
vn 0.4106 -0.0553 0.9101
vn 0.4108 -0.0550 0.9101
vn 0.4967 -0.1156 0.8602
vn 0.5732 -0.1768 0.8001
vn 0.6396 -0.2393 0.7305
vn 0.6918 -0.3010 0.6564
vn 0.7288 -0.3625 0.5808
vn 0.7503 -0.4245 0.5068
vn 0.4260 0.0261 0.9043
vn 0.5251 -0.0202 0.8508
vn 0.6165 -0.0753 0.7838
vn 0.6165 -0.0753 0.7837
vn 0.6950 -0.1346 0.7063
vn 0.7561 -0.1956 0.6246
vn 0.7991 -0.2603 0.5420
vn 0.8233 -0.3282 0.4631
vn 0.4415 0.0881 0.8929
vn 0.5471 0.0615 0.8348
vn 0.6486 0.0209 0.7609
vn 0.6485 0.0209 0.7609
vn 0.7371 -0.0296 0.6751
vn 0.8058 -0.0868 0.5858
vn 0.8541 -0.1532 0.4970
vn 0.8815 -0.2273 0.4139
vn 0.8815 -0.2273 0.4140
vn 0.8814 -0.2273 0.4140
vn 0.4569 0.1361 0.8790
vn 0.5658 0.1271 0.8147
vn 0.6717 0.1047 0.7334
vn 0.6716 0.1047 0.7334
vn 0.6716 0.1047 0.7335
vn 0.7651 0.0679 0.6404
vn 0.7653 0.0684 0.6401
vn 0.7652 0.0684 0.6401
vn 0.8384 0.0193 0.5447
vn 0.8916 -0.0464 0.4504
vn 0.9233 -0.1262 0.3627
vn 0.9233 -0.1262 0.3628
vn 0.9036 0.0565 0.4246
vn 0.9129 0.0587 0.4040
vn 0.9060 0.0609 0.4188
vn 0.5894 -0.8009 0.1057
vn 0.5893 -0.8010 0.1057
vn 0.6152 -0.7853 0.0702
vn 0.6152 -0.7852 0.0702
vn 0.6376 -0.7692 0.0432
vn 0.6375 -0.7692 0.0433
vn 0.6375 -0.7693 0.0433
vn 0.6571 -0.7534 0.0223
vn 0.6571 -0.7535 0.0223
vn 0.6570 -0.7535 0.0223
vn 0.6732 -0.7394 0.0075
vn 0.6732 -0.7394 0.0076
vn 0.6850 -0.7285 -0.0020
vn 0.6883 -0.7254 -0.0053
vn 0.6886 -0.7251 -0.0024
vn 0.6916 -0.7223 -0.0053
vn 0.6916 -0.7222 -0.0050
vn 0.6296 -0.7621 0.1512
vn 0.6662 -0.7376 0.1099
vn 0.6969 -0.7133 0.0743
vn 0.6968 -0.7134 0.0743
vn 0.7230 -0.6894 0.0454
vn 0.7229 -0.6895 0.0453
vn 0.7439 -0.6679 0.0234
vn 0.6670 -0.7177 0.1998
vn 0.7147 -0.6818 0.1563
vn 0.7551 -0.6456 0.1141
vn 0.7885 -0.6103 0.0763
vn 0.7013 -0.6663 0.2533
vn 0.7585 -0.6175 0.2080
vn 0.8078 -0.5670 0.1612
vn 0.8364 -0.5363 0.1136
vn 0.8478 -0.5176 0.1155
vn 0.8307 -0.5443 0.1169
vn 0.7292 -0.6098 0.3104
vn 0.7943 -0.5473 0.2639
vn 0.8498 -0.4818 0.2137
vn 0.8869 -0.4347 0.1563
vn 0.8937 -0.4184 0.1620
vn 0.8797 -0.4489 0.1571
vn 0.7484 -0.5493 0.3718
vn 0.8188 -0.4729 0.3254
vn 0.8778 -0.3929 0.2740
vn 0.7424 -0.4268 -0.5164
vn 0.7424 -0.4268 -0.5163
vn 0.8162 -0.3321 -0.4728
vn 0.8755 -0.2327 -0.4234
vn 0.9174 -0.1303 -0.3761
vn 0.9188 -0.1327 -0.3717
vn 0.9161 -0.1290 -0.3795
vn 0.7563 -0.4863 0.4376
vn 0.8293 -0.3981 0.3922
vn 0.8888 -0.3058 0.3414
vn 0.9334 -0.2149 0.2872
vn 0.5281 -0.8412 -0.1160
vn 0.5282 -0.8412 -0.1161
vn 0.5558 -0.8156 -0.1612
vn 0.5558 -0.8156 -0.1611
vn 0.5558 -0.8156 -0.1610
vn 0.5823 -0.7866 -0.2054
vn 0.6088 -0.7519 -0.2532
vn 0.6088 -0.7518 -0.2532
vn 0.6087 -0.7519 -0.2532
vn 0.6329 -0.7108 -0.3070
vn 0.6520 -0.6654 -0.3636
vn 0.6641 -0.6165 -0.4230
vn 0.6673 -0.5647 -0.4856
vn 0.6674 -0.5646 -0.4857
vn 0.6673 -0.5646 -0.4857
vn 0.5466 -0.8337 -0.0788
vn 0.5465 -0.8337 -0.0787
vn 0.5637 -0.8243 -0.0530
vn 0.5804 -0.8136 -0.0332
vn 0.5951 -0.8035 -0.0173
vn 0.5951 -0.8034 -0.0173
vn 0.6102 -0.7922 -0.0073
vn 0.6129 -0.7902 -0.0021
vn 0.6072 -0.7945 -0.0070
vn 0.6173 -0.7867 -0.0035
vn 0.6188 -0.7855 -0.0017
vn 0.6200 -0.7846 -0.0030
vn 0.6198 -0.7847 -0.0073
vn 0.3203 -0.1020 -0.9418
vn 0.3204 -0.1020 -0.9418
vn 0.3202 -0.1023 -0.9418
vn 0.3237 -0.0231 -0.9459
vn 0.3328 0.0331 -0.9424
vn 0.3640 0.0464 -0.9302
vn 0.3898 -0.1670 -0.9056
vn 0.4526 -0.2256 -0.8627
vn 0.5123 -0.2832 -0.8108
vn 0.5660 -0.3433 -0.7495
vn 0.5660 -0.3433 -0.7496
vn 0.6089 -0.4010 -0.6844
vn 0.6402 -0.4567 -0.6178
vn 0.6597 -0.5113 -0.5508
vn 0.6597 -0.5112 -0.5508
vn 0.3179 -0.0843 0.9444
vn 0.3179 -0.0844 0.9444
vn 0.3903 -0.1528 0.9079
vn 0.4558 -0.2144 0.8639
vn 0.5177 -0.2748 0.8102
vn 0.5732 -0.3378 0.7465
vn 0.6172 -0.3978 0.6789
vn 0.6486 -0.4551 0.6100
vn 0.6679 -0.5105 0.5416
vn 0.6679 -0.5106 0.5416
vn 0.3193 -0.0028 0.9477
vn 0.3193 -0.0028 0.9476
vn 0.3275 0.0547 0.9433
vn 0.3398 0.0990 0.9353
vn 0.3858 0.0839 0.9188
vn 0.3858 0.0839 0.9187
vn 0.5289 -0.8424 0.1034
vn 0.5288 -0.8424 0.1034
vn 0.5466 -0.8348 0.0660
vn 0.5466 -0.8348 0.0662
vn 0.5633 -0.8252 0.0407
vn 0.5798 -0.8145 0.0214
vn 0.5798 -0.8145 0.0215
vn 0.5797 -0.8145 0.0216
vn 0.5945 -0.8041 0.0060
vn 0.5944 -0.8041 0.0061
vn 0.6065 -0.7951 -0.0037
vn 0.6107 -0.7918 -0.0076
vn 0.6114 -0.7913 -0.0047
vn 0.6173 -0.7866 -0.0094
vn 0.6183 -0.7859 -0.0068
vn 0.5573 -0.8169 0.1487
vn 0.5847 -0.7879 0.1931
vn 0.6122 -0.7531 0.2410
vn 0.6374 -0.7117 0.2953
vn 0.6575 -0.6659 0.3525
vn 0.6575 -0.6659 0.3524
vn 0.6706 -0.6166 0.4124
vn 0.6747 -0.5644 0.4757
vn 0.6747 -0.5643 0.4757
vn -0.2328 -0.2300 -0.9449
vn -0.2521 -0.1941 -0.9480
vn -0.2768 -0.1022 -0.9555
vn -0.2707 -0.1059 -0.9568
vn -0.2745 -0.1039 -0.9560
vn -0.2029 -0.2193 -0.9543
vn -0.2029 -0.2194 -0.9543
vn -0.2209 -0.1794 -0.9587
vn -0.2684 -0.1058 -0.9575
vn -0.2685 -0.1058 -0.9575
vn -0.1740 -0.2099 -0.9621
vn -0.1740 -0.2101 -0.9621
vn -0.1908 -0.1684 -0.9671
vn -0.2087 -0.0967 -0.9732
vn -0.1993 -0.0983 -0.9750
vn -0.2056 -0.0975 -0.9738
vn -0.1457 -0.2002 -0.9689
vn -0.1617 -0.1584 -0.9740
vn -0.1617 -0.1583 -0.9741
vn -0.1966 -0.0956 -0.9758
vn -0.1183 -0.1902 -0.9746
vn -0.1334 -0.1485 -0.9799
vn -0.1487 -0.0626 -0.9869
vn -0.1500 -0.0625 -0.9867
vn -0.1470 -0.0628 -0.9871
vn -0.0912 -0.1790 -0.9796
vn -0.0910 -0.1789 -0.9796
vn -0.0911 -0.1789 -0.9796
vn -0.0915 -0.1793 -0.9795
vn -0.1054 -0.1372 -0.9849
vn -0.1054 -0.1371 -0.9849
vn -0.1457 -0.0623 -0.9874
vn -0.0630 -0.1659 -0.9841
vn -0.0631 -0.1661 -0.9841
vn -0.0631 -0.1658 -0.9841
vn -0.0628 -0.1656 -0.9842
vn -0.0768 -0.1236 -0.9894
vn -0.0768 -0.1235 -0.9894
vn -0.0768 -0.1237 -0.9893
vn -0.0910 -0.0414 -0.9950
vn -0.0851 -0.0406 -0.9955
vn -0.0887 -0.0412 -0.9952
vn -0.0330 -0.1508 -0.9880
vn -0.0330 -0.1509 -0.9880
vn -0.0467 -0.1081 -0.9930
vn -0.0467 -0.1080 -0.9930
vn -0.0467 -0.1080 -0.9931
vn -0.0825 -0.0381 -0.9959
vn -0.0030 -0.1344 -0.9909
vn -0.0164 -0.0907 -0.9957
vn -0.0250 -0.0587 -0.9980
vn -0.0250 -0.0586 -0.9980
vn 0.0276 -0.1161 -0.9929
vn 0.0276 -0.1162 -0.9928
vn 0.0148 -0.0710 -0.9974
vn 0.0149 -0.0710 -0.9974
vn 0.0063 -0.0189 -0.9998
vn 0.0607 -0.0956 -0.9936
vn 0.0486 -0.0488 -0.9976
vn 0.0346 -0.0050 -0.9994
vn 0.0347 -0.0047 -0.9994
vn 0.0347 -0.0045 -0.9994
vn 0.0347 -0.0048 -0.9994
vn 0.0981 -0.0733 -0.9925
vn 0.0870 -0.0253 -0.9959
vn 0.0871 -0.0253 -0.9959
vn 0.0828 0.0126 -0.9965
vn 0.0828 0.0127 -0.9965
vn 0.0827 0.0126 -0.9965
vn 0.1390 -0.0496 -0.9890
vn 0.1390 -0.0496 -0.9891
vn 0.1306 -0.0012 -0.9914
vn 0.1312 0.0293 -0.9909
vn 0.1854 -0.0252 -0.9823
vn 0.1826 0.0215 -0.9830
vn 0.1826 0.0215 -0.9829
vn 0.1856 0.0517 -0.9813
vn 0.1856 0.0518 -0.9813
vn -0.2389 -0.2951 -0.9251
vn -0.2633 -0.2512 -0.9314
vn -0.2842 -0.2195 -0.9333
vn -0.3639 -0.1250 -0.9230
vn 0.2255 0.0492 -0.9730
vn 0.2484 0.0365 -0.9680
vn 0.2444 -0.0090 -0.9696
vn 0.2502 -0.0735 -0.9654
vn 0.2004 -0.0945 -0.9751
vn 0.1597 -0.1197 -0.9799
vn 0.1196 -0.1401 -0.9829
vn 0.1196 -0.1402 -0.9829
vn 0.1196 -0.1400 -0.9829
vn 0.0817 -0.1592 -0.9839
vn 0.0477 -0.1765 -0.9831
vn 0.0478 -0.1766 -0.9831
vn 0.0166 -0.1924 -0.9812
vn 0.0166 -0.1925 -0.9811
vn -0.0139 -0.2072 -0.9782
vn -0.0441 -0.2213 -0.9742
vn -0.0442 -0.2212 -0.9742
vn -0.0439 -0.2215 -0.9742
vn -0.0724 -0.2343 -0.9695
vn -0.0724 -0.2341 -0.9695
vn -0.0724 -0.2340 -0.9695
vn -0.0993 -0.2453 -0.9643
vn -0.0993 -0.2454 -0.9643
vn -0.0994 -0.2455 -0.9643
vn -0.1259 -0.2559 -0.9585
vn -0.1261 -0.2562 -0.9584
vn -0.1260 -0.2558 -0.9585
vn -0.1538 -0.2667 -0.9514
vn -0.1537 -0.2667 -0.9514
vn -0.1537 -0.2668 -0.9514
vn -0.1536 -0.2669 -0.9514
vn -0.1813 -0.2764 -0.9438
vn -0.1813 -0.2765 -0.9438
vn -0.1810 -0.2765 -0.9438
vn -0.1812 -0.2766 -0.9437
vn -0.2093 -0.2830 -0.9360
vn -0.2094 -0.2829 -0.9360
vn 0.1790 -0.0041 0.9838
vn 0.1758 0.0431 0.9835
vn 0.1787 0.0762 0.9809
vn 0.1837 0.0597 0.9812
vn 0.1838 0.0597 0.9812
vn 0.1838 0.0597 0.9811
vn 0.1327 -0.0294 0.9907
vn 0.1239 0.0196 0.9921
vn 0.1227 0.0525 0.9911
vn 0.1426 0.0503 0.9885
vn 0.0920 -0.0537 0.9943
vn 0.0805 -0.0053 0.9967
vn 0.0763 0.0276 0.9967
vn 0.0772 0.0295 0.9966
vn 0.0767 0.0289 0.9966
vn 0.0776 0.0305 0.9965
vn 0.0776 0.0306 0.9965
vn 0.0546 -0.0765 0.9956
vn 0.0422 -0.0297 0.9987
vn 0.0364 0.0029 0.9993
vn 0.0393 0.0081 0.9992
vn 0.0393 0.0090 0.9992
vn 0.0421 0.0137 0.9990
vn 0.0418 0.0138 0.9990
vn 0.0214 -0.0975 0.9950
vn 0.0086 -0.0524 0.9986
vn 0.0013 -0.0203 0.9998
vn -0.0019 -0.0000 1.0000
vn -0.0018 0.0003 1.0000
vn -0.0092 -0.1162 0.9932
vn -0.0092 -0.1163 0.9932
vn -0.0226 -0.0726 0.9971
vn -0.0311 -0.0408 0.9987
vn -0.0390 -0.0147 0.9991
vn -0.0390 -0.0148 0.9991
vn -0.0389 -0.0148 0.9991
vn -0.0393 -0.1327 0.9904
vn -0.0393 -0.1328 0.9904
vn -0.0393 -0.1329 0.9904
vn -0.0529 -0.0902 0.9945
vn -0.0624 -0.0587 0.9963
vn -0.0624 -0.0586 0.9963
vn -0.0624 -0.0588 0.9963
vn -0.0695 -0.0268 0.9972
vn -0.0693 -0.0267 0.9972
vn -0.0693 -0.0268 0.9972
vn -0.0693 -0.1477 0.9866
vn -0.0692 -0.1480 0.9866
vn -0.0693 -0.1480 0.9866
vn -0.0693 -0.1483 0.9865
vn -0.0830 -0.1059 0.9909
vn -0.0830 -0.1060 0.9909
vn -0.0930 -0.0744 0.9929
vn -0.0929 -0.0746 0.9929
vn -0.1053 -0.0449 0.9934
vn -0.1052 -0.0446 0.9935
vn -0.0977 -0.1614 0.9820
vn -0.0977 -0.1611 0.9821
vn -0.0977 -0.1613 0.9821
vn -0.0977 -0.1616 0.9820
vn -0.1120 -0.1193 0.9865
vn -0.1231 -0.0880 0.9885
vn -0.1233 -0.0880 0.9885
vn -0.1229 -0.0882 0.9885
vn -0.1228 -0.0882 0.9885
vn -0.1322 -0.0552 0.9897
vn -0.1317 -0.0553 0.9897
vn -0.1252 -0.1722 0.9771
vn -0.1252 -0.1720 0.9771
vn -0.1252 -0.1721 0.9771
vn -0.1403 -0.1303 0.9815
vn -0.1520 -0.0998 0.9833
vn -0.1520 -0.0997 0.9833
vn -0.1800 -0.0491 0.9824
vn -0.1801 -0.0492 0.9824
vn -0.1530 -0.1817 0.9714
vn -0.1530 -0.1816 0.9714
vn -0.1530 -0.1815 0.9714
vn -0.1689 -0.1396 0.9757
vn -0.1815 -0.1095 0.9773
vn -0.1947 -0.0513 0.9795
vn -0.1947 -0.0511 0.9795
vn -0.1818 -0.1908 0.9646
vn -0.1818 -0.1908 0.9647
vn -0.1985 -0.1489 0.9687
vn -0.1985 -0.1490 0.9687
vn -0.2121 -0.1193 0.9699
vn -0.2515 -0.0561 0.9662
vn -0.2515 -0.0562 0.9662
vn -0.2546 -0.0566 0.9654
vn -0.2588 -0.0549 0.9644
vn -0.2111 -0.1997 0.9569
vn -0.2111 -0.1996 0.9569
vn -0.2292 -0.1590 0.9603
vn -0.2440 -0.1307 0.9609
vn -0.2618 -0.0532 0.9637
vn -0.2416 -0.2096 0.9475
vn -0.2610 -0.1728 0.9497
vn -0.2776 -0.1459 0.9496
vn -0.2776 -0.1459 0.9495
vn -0.3928 0.0183 0.9194
vn -0.3927 0.0185 0.9195
vn -0.3928 0.0184 0.9194
vn -0.3928 0.0184 0.9195
vn 0.2456 -0.0538 0.9679
vn 0.2385 0.0123 0.9711
vn 0.2418 0.0585 0.9686
vn 0.2497 0.0940 0.9638
vn 0.2579 0.0660 0.9639
vn -0.3293 -0.1511 0.9321
vn -0.3293 -0.1512 0.9320
vn -0.2939 -0.1961 0.9355
vn -0.2724 -0.2292 0.9345
vn -0.2476 -0.2763 0.9286
vn -0.2182 -0.2645 0.9394
vn -0.1894 -0.2585 0.9473
vn -0.1614 -0.2491 0.9549
vn -0.1613 -0.2490 0.9550
vn -0.1616 -0.2489 0.9550
vn -0.1615 -0.2489 0.9550
vn -0.1333 -0.2386 0.9619
vn -0.1333 -0.2384 0.9620
vn -0.1334 -0.2388 0.9619
vn -0.1335 -0.2385 0.9619
vn -0.1062 -0.2280 0.9679
vn -0.1062 -0.2279 0.9679
vn -0.1065 -0.2282 0.9678
vn -0.1063 -0.2281 0.9678
vn -0.0794 -0.2164 0.9731
vn -0.0791 -0.2165 0.9731
vn -0.0791 -0.2163 0.9731
vn -0.0791 -0.2164 0.9731
vn -0.0504 -0.2039 0.9777
vn -0.0505 -0.2036 0.9777
vn -0.0505 -0.2036 0.9778
vn -0.0201 -0.1896 0.9817
vn 0.0101 -0.1747 0.9846
vn 0.0102 -0.1752 0.9845
vn 0.0104 -0.1747 0.9846
vn 0.0105 -0.1747 0.9846
vn 0.0419 -0.1587 0.9864
vn 0.0419 -0.1586 0.9864
vn 0.0419 -0.1586 0.9865
vn 0.0419 -0.1585 0.9865
vn 0.0761 -0.1410 0.9871
vn 0.0761 -0.1409 0.9871
vn 0.1143 -0.1215 0.9860
vn 0.1546 -0.1009 0.9828
vn 0.1546 -0.1008 0.9828
vn 0.1955 -0.0750 0.9778
vn 0.4713 -0.8588 -0.2009
vn 0.4349 -0.8776 -0.2016
vn 0.4019 -0.8933 -0.2014
vn 0.4019 -0.8933 -0.2013
vn 0.4019 -0.8932 -0.2014
vn 0.3713 -0.9064 -0.2013
vn 0.3713 -0.9064 -0.2014
vn 0.3433 -0.9173 -0.2016
vn 0.3433 -0.9174 -0.2015
vn 0.3430 -0.9175 -0.2013
vn 0.3433 -0.9173 -0.2017
vn 0.3174 -0.9265 -0.2022
vn 0.3170 -0.9266 -0.2024
vn 0.3170 -0.9265 -0.2025
vn 0.3172 -0.9265 -0.2024
vn 0.2910 -0.9347 -0.2043
vn 0.2645 -0.9419 -0.2069
vn 0.2646 -0.9419 -0.2069
vn 0.2646 -0.9419 -0.2068
vn 0.2393 -0.9480 -0.2100
vn 0.2391 -0.9480 -0.2101
vn 0.2391 -0.9480 -0.2100
vn 0.2392 -0.9481 -0.2094
vn 0.2142 -0.9531 -0.2139
vn 0.1886 -0.9575 -0.2182
vn 0.1886 -0.9575 -0.2183
vn 0.1618 -0.9614 -0.2225
vn 0.1338 -0.9649 -0.2262
vn 0.1338 -0.9648 -0.2262
vn 0.1038 -0.9680 -0.2283
vn 0.4834 -0.8384 -0.2520
vn 0.4414 -0.8598 -0.2568
vn 0.4044 -0.8775 -0.2576
vn 0.3709 -0.8923 -0.2574
vn 0.3709 -0.8923 -0.2573
vn 0.3406 -0.9045 -0.2567
vn 0.3406 -0.9045 -0.2568
vn 0.3406 -0.9044 -0.2568
vn 0.3120 -0.9146 -0.2572
vn 0.3120 -0.9146 -0.2573
vn 0.3120 -0.9147 -0.2570
vn 0.2839 -0.9232 -0.2592
vn 0.2839 -0.9233 -0.2588
vn 0.2837 -0.9234 -0.2586
vn 0.2839 -0.9231 -0.2592
vn 0.2558 -0.9307 -0.2615
vn 0.2558 -0.9306 -0.2616
vn 0.2558 -0.9306 -0.2619
vn 0.2285 -0.9369 -0.2647
vn 0.2016 -0.9419 -0.2688
vn 0.2016 -0.9418 -0.2689
vn 0.1739 -0.9460 -0.2736
vn 0.1447 -0.9497 -0.2778
vn 0.1139 -0.9531 -0.2803
vn 0.0805 -0.9569 -0.2792
vn 0.4954 -0.8135 -0.3046
vn 0.4480 -0.8375 -0.3128
vn 0.4067 -0.8573 -0.3156
vn 0.3699 -0.8737 -0.3159
vn 0.3366 -0.8872 -0.3156
vn 0.3366 -0.8872 -0.3157
vn 0.3054 -0.8982 -0.3161
vn 0.3054 -0.8983 -0.3160
vn 0.3054 -0.8983 -0.3161
vn 0.3054 -0.8982 -0.3162
vn 0.2751 -0.9074 -0.3178
vn 0.2752 -0.9074 -0.3178
vn 0.2751 -0.9073 -0.3179
vn 0.2448 -0.9151 -0.3203
vn 0.2449 -0.9151 -0.3205
vn 0.2449 -0.9151 -0.3204
vn 0.2156 -0.9214 -0.3232
vn 0.2156 -0.9214 -0.3233
vn 0.1864 -0.9265 -0.3270
vn 0.1566 -0.9305 -0.3312
vn 0.1252 -0.9340 -0.3345
vn 0.1252 -0.9341 -0.3345
vn 0.0918 -0.9377 -0.3350
vn 0.0532 -0.9414 -0.3331
vn 0.5056 -0.7836 -0.3610
vn 0.4531 -0.8107 -0.3708
vn 0.4076 -0.8327 -0.3749
vn 0.4076 -0.8326 -0.3749
vn 0.3674 -0.8505 -0.3763
vn 0.3674 -0.8506 -0.3763
vn 0.3310 -0.8651 -0.3770
vn 0.3310 -0.8651 -0.3768
vn 0.2970 -0.8768 -0.3783
vn 0.2969 -0.8769 -0.3780
vn 0.2970 -0.8769 -0.3781
vn 0.2970 -0.8768 -0.3782
vn 0.2643 -0.8863 -0.3803
vn 0.2642 -0.8864 -0.3802
vn 0.2643 -0.8861 -0.3808
vn 0.2644 -0.8862 -0.3804
vn 0.2319 -0.8945 -0.3823
vn 0.2319 -0.8944 -0.3824
vn 0.2319 -0.8943 -0.3827
vn 0.2319 -0.8944 -0.3823
vn 0.2006 -0.9010 -0.3847
vn 0.2006 -0.9009 -0.3848
vn 0.1694 -0.9062 -0.3874
vn 0.1374 -0.9104 -0.3902
vn 0.1038 -0.9140 -0.3921
vn 0.1038 -0.9141 -0.3921
vn 0.0675 -0.9175 -0.3920
vn 0.0217 -0.9203 -0.3907
vn 0.0217 -0.9202 -0.3907
vn 0.5125 -0.7503 -0.4177
vn 0.4556 -0.7801 -0.4289
vn 0.4556 -0.7800 -0.4289
vn 0.4062 -0.8037 -0.4347
vn 0.4062 -0.8038 -0.4347
vn 0.4062 -0.8037 -0.4348
vn 0.3626 -0.8228 -0.4377
vn 0.3230 -0.8379 -0.4399
vn 0.3230 -0.8380 -0.4399
vn 0.3230 -0.8379 -0.4401
vn 0.2863 -0.8501 -0.4420
vn 0.2863 -0.8501 -0.4421
vn 0.2512 -0.8600 -0.4442
vn 0.2169 -0.8684 -0.4460
vn 0.2169 -0.8683 -0.4460
vn 0.1838 -0.8752 -0.4475
vn 0.1508 -0.8808 -0.4488
vn 0.1170 -0.8855 -0.4497
vn 0.1170 -0.8854 -0.4498
vn 0.1170 -0.8854 -0.4499
vn 0.0816 -0.8894 -0.4498
vn 0.0420 -0.8925 -0.4491
vn -0.0111 -0.8941 -0.4478
vn 0.5149 -0.7136 -0.4750
vn 0.4543 -0.7458 -0.4872
vn 0.4543 -0.7459 -0.4871
vn 0.4543 -0.7459 -0.4872
vn 0.4015 -0.7708 -0.4946
vn 0.3548 -0.7904 -0.4993
vn 0.3548 -0.7905 -0.4993
vn 0.3548 -0.7904 -0.4994
vn 0.3548 -0.7904 -0.4995
vn 0.3125 -0.8059 -0.5028
vn 0.3125 -0.8060 -0.5027
vn 0.3125 -0.8060 -0.5028
vn 0.2734 -0.8183 -0.5055
vn 0.2734 -0.8183 -0.5056
vn 0.2734 -0.8185 -0.5053
vn 0.2362 -0.8285 -0.5077
vn 0.2362 -0.8284 -0.5079
vn 0.2362 -0.8285 -0.5078
vn 0.2003 -0.8371 -0.5091
vn 0.2003 -0.8371 -0.5090
vn 0.1657 -0.8442 -0.5098
vn 0.1312 -0.8504 -0.5096
vn 0.1312 -0.8503 -0.5097
vn 0.1312 -0.8504 -0.5095
vn 0.0960 -0.8555 -0.5088
vn 0.0960 -0.8555 -0.5089
vn 0.0592 -0.8599 -0.5070
vn 0.0164 -0.8630 -0.5050
vn 0.0164 -0.8629 -0.5050
vn -0.0426 -0.8634 -0.5027
vn -0.0426 -0.8635 -0.5026
vn 0.5116 -0.6736 -0.5334
vn 0.4481 -0.7079 -0.5459
vn 0.4481 -0.7080 -0.5458
vn 0.4481 -0.7080 -0.5459
vn 0.3927 -0.7338 -0.5543
vn 0.3927 -0.7339 -0.5542
vn 0.3927 -0.7338 -0.5544
vn 0.3928 -0.7338 -0.5543
vn 0.3437 -0.7541 -0.5597
vn 0.3436 -0.7540 -0.5598
vn 0.2992 -0.7698 -0.5638
vn 0.2992 -0.7697 -0.5639
vn 0.2584 -0.7823 -0.5667
vn 0.2584 -0.7824 -0.5666
vn 0.2198 -0.7927 -0.5686
vn 0.1826 -0.8015 -0.5695
vn 0.1826 -0.8014 -0.5695
vn 0.1830 -0.8015 -0.5693
vn 0.1467 -0.8089 -0.5694
vn 0.1112 -0.8153 -0.5683
vn 0.1112 -0.8152 -0.5684
vn 0.1113 -0.8153 -0.5683
vn 0.0751 -0.8207 -0.5664
vn 0.0372 -0.8255 -0.5631
vn 0.0372 -0.8254 -0.5633
vn 0.0372 -0.8255 -0.5632
vn -0.0079 -0.8289 -0.5594
vn -0.0079 -0.8288 -0.5594
vn -0.0706 -0.8291 -0.5546
vn 0.5012 -0.6307 -0.5925
vn 0.5012 -0.6307 -0.5924
vn 0.4363 -0.6668 -0.6042
vn 0.4363 -0.6667 -0.6043
vn 0.3794 -0.6935 -0.6124
vn 0.3794 -0.6936 -0.6124
vn 0.3794 -0.6935 -0.6125
vn 0.3288 -0.7138 -0.6184
vn 0.2833 -0.7296 -0.6224
vn 0.2833 -0.7296 -0.6225
vn 0.2413 -0.7424 -0.6250
vn 0.2019 -0.7530 -0.6263
vn 0.1640 -0.7619 -0.6267
vn 0.1640 -0.7619 -0.6266
vn 0.1639 -0.7618 -0.6267
vn 0.1273 -0.7693 -0.6260
vn 0.1273 -0.7693 -0.6261
vn 0.0911 -0.7756 -0.6246
vn 0.0544 -0.7811 -0.6221
vn 0.0544 -0.7811 -0.6220
vn 0.0160 -0.7860 -0.6180
vn 0.0162 -0.7862 -0.6178
vn 0.0161 -0.7861 -0.6179
vn 0.0161 -0.7860 -0.6180
vn -0.0300 -0.7902 -0.6122
vn -0.0298 -0.7901 -0.6122
vn -0.0297 -0.7901 -0.6123
vn -0.0296 -0.7899 -0.6125
vn -0.0939 -0.7910 -0.6045
vn -0.0939 -0.7911 -0.6045
vn -0.0940 -0.7909 -0.6046
vn 0.4833 -0.5844 -0.6519
vn 0.4179 -0.6211 -0.6630
vn 0.3605 -0.6474 -0.6716
vn 0.3605 -0.6474 -0.6715
vn 0.3605 -0.6473 -0.6716
vn 0.3093 -0.6669 -0.6779
vn 0.3093 -0.6669 -0.6780
vn 0.2631 -0.6821 -0.6823
vn 0.2208 -0.6946 -0.6846
vn 0.2208 -0.6947 -0.6846
vn 0.2208 -0.6946 -0.6847
vn 0.1807 -0.7051 -0.6857
vn 0.1809 -0.7053 -0.6855
vn 0.1808 -0.7052 -0.6856
vn 0.1427 -0.7142 -0.6853
vn 0.1427 -0.7142 -0.6852
vn 0.1059 -0.7214 -0.6844
vn 0.1058 -0.7218 -0.6840
vn 0.1058 -0.7217 -0.6841
vn 0.0697 -0.7285 -0.6815
vn 0.0332 -0.7346 -0.6777
vn 0.0333 -0.7346 -0.6776
vn 0.0333 -0.7346 -0.6777
vn -0.0049 -0.7399 -0.6727
vn -0.0494 -0.7456 -0.6646
vn -0.1123 -0.7487 -0.6533
vn 0.4575 -0.5341 -0.7109
vn 0.3930 -0.5702 -0.7214
vn 0.3358 -0.5948 -0.7304
vn 0.2847 -0.6124 -0.7375
vn 0.2385 -0.6261 -0.7424
vn 0.1962 -0.6377 -0.7449
vn 0.1962 -0.6376 -0.7449
vn 0.1962 -0.6376 -0.7450
vn 0.1565 -0.6480 -0.7454
vn 0.1566 -0.6482 -0.7452
vn 0.1564 -0.6480 -0.7454
vn 0.1184 -0.6572 -0.7444
vn 0.1184 -0.6573 -0.7442
vn 0.1182 -0.6575 -0.7441
vn 0.1184 -0.6573 -0.7443
vn 0.0822 -0.6654 -0.7419
vn 0.0821 -0.6654 -0.7420
vn 0.0821 -0.6653 -0.7420
vn 0.0821 -0.6653 -0.7421
vn 0.0466 -0.6729 -0.7382
vn 0.0468 -0.6730 -0.7381
vn 0.0467 -0.6730 -0.7381
vn 0.0112 -0.6803 -0.7329
vn 0.0112 -0.6803 -0.7328
vn -0.0255 -0.6870 -0.7262
vn -0.0670 -0.6944 -0.7165
vn -0.1266 -0.7001 -0.7027
vn 0.4240 -0.4782 -0.7691
vn 0.3616 -0.5126 -0.7787
vn 0.3616 -0.5126 -0.7788
vn 0.3057 -0.5350 -0.7876
vn 0.2553 -0.5502 -0.7950
vn 0.2097 -0.5619 -0.8002
vn 0.1680 -0.5722 -0.8027
vn 0.1291 -0.5822 -0.8027
vn 0.1291 -0.5821 -0.8028
vn 0.0915 -0.5918 -0.8009
vn 0.0917 -0.5921 -0.8006
vn 0.0564 -0.6007 -0.7975
vn 0.0563 -0.6006 -0.7976
vn 0.0564 -0.6006 -0.7975
vn 0.0225 -0.6095 -0.7924
vn -0.0111 -0.6187 -0.7855
vn -0.0459 -0.6273 -0.7774
vn -0.0842 -0.6358 -0.7673
vn -0.1381 -0.6437 -0.7527
vn 0.3834 -0.4155 -0.8249
vn 0.3242 -0.4473 -0.8336
vn 0.2705 -0.4673 -0.8417
vn 0.2216 -0.4806 -0.8485
vn 0.1775 -0.4904 -0.8532
vn 0.1372 -0.4996 -0.8553
vn 0.0997 -0.5096 -0.8546
vn 0.0996 -0.5095 -0.8547
vn 0.0995 -0.5093 -0.8548
vn 0.0634 -0.5193 -0.8522
vn 0.0636 -0.5194 -0.8521
vn 0.0635 -0.5194 -0.8522
vn 0.0635 -0.5194 -0.8521
vn 0.0297 -0.5293 -0.8479
vn -0.0023 -0.5398 -0.8418
vn -0.0337 -0.5508 -0.8340
vn -0.0663 -0.5611 -0.8251
vn -0.1018 -0.5699 -0.8154
vn -0.1480 -0.5793 -0.8016
vn 0.3387 -0.3499 -0.8734
vn 0.2828 -0.3758 -0.8825
vn 0.2318 -0.3922 -0.8902
vn 0.1852 -0.4042 -0.8957
vn 0.1433 -0.4133 -0.8992
vn 0.1433 -0.4133 -0.8993
vn 0.1051 -0.4223 -0.9003
vn 0.0693 -0.4325 -0.8990
vn 0.0693 -0.4326 -0.8989
vn 0.0693 -0.4324 -0.8990
vn 0.0347 -0.4431 -0.8958
vn 0.0026 -0.4539 -0.8910
vn 0.0025 -0.4538 -0.8911
vn 0.0026 -0.4539 -0.8911
vn -0.0273 -0.4655 -0.8846
vn -0.0273 -0.4656 -0.8846
vn -0.0566 -0.4779 -0.8766
vn -0.0869 -0.4899 -0.8674
vn -0.1192 -0.5003 -0.8576
vn -0.1575 -0.5111 -0.8450
vn -0.1575 -0.5111 -0.8449
vn 0.2911 -0.2787 -0.9152
vn 0.2389 -0.2967 -0.9246
vn 0.1916 -0.3106 -0.9310
vn 0.1480 -0.3227 -0.9349
vn 0.1088 -0.3330 -0.9366
vn 0.1086 -0.3329 -0.9367
vn 0.0732 -0.3432 -0.9364
vn 0.0393 -0.3541 -0.9344
vn 0.0392 -0.3540 -0.9344
vn 0.0393 -0.3542 -0.9343
vn 0.0394 -0.3544 -0.9343
vn 0.0065 -0.3657 -0.9307
vn 0.0064 -0.3655 -0.9308
vn 0.0064 -0.3656 -0.9307
vn -0.0238 -0.3774 -0.9258
vn -0.0238 -0.3774 -0.9257
vn -0.0521 -0.3895 -0.9195
vn -0.0521 -0.3894 -0.9196
vn -0.0798 -0.4023 -0.9120
vn -0.1083 -0.4150 -0.9034
vn -0.1373 -0.4272 -0.8937
vn -0.1687 -0.4401 -0.8820
vn -0.1687 -0.4400 -0.8820
vn 0.4964 -0.8558 -0.1458
vn 0.4613 -0.8748 -0.1480
vn 0.4300 -0.8908 -0.1470
vn 0.4303 -0.8907 -0.1468
vn 0.4303 -0.8907 -0.1467
vn 0.4007 -0.9042 -0.1476
vn 0.4006 -0.9043 -0.1477
vn 0.4007 -0.9042 -0.1475
vn 0.4009 -0.9042 -0.1475
vn 0.3721 -0.9161 -0.1489
vn 0.3721 -0.9162 -0.1488
vn 0.3722 -0.9161 -0.1489
vn 0.3722 -0.9161 -0.1490
vn 0.3458 -0.9262 -0.1505
vn 0.3457 -0.9262 -0.1505
vn 0.3458 -0.9261 -0.1505
vn 0.3456 -0.9262 -0.1506
vn 0.3207 -0.9348 -0.1528
vn 0.3209 -0.9347 -0.1527
vn 0.3210 -0.9347 -0.1524
vn 0.3210 -0.9347 -0.1526
vn 0.2965 -0.9425 -0.1545
vn 0.2963 -0.9425 -0.1547
vn 0.2964 -0.9425 -0.1547
vn 0.2714 -0.9495 -0.1572
vn 0.2714 -0.9496 -0.1571
vn 0.2474 -0.9556 -0.1600
vn 0.2472 -0.9557 -0.1599
vn 0.2470 -0.9557 -0.1604
vn 0.2237 -0.9609 -0.1632
vn 0.2242 -0.9608 -0.1630
vn 0.2004 -0.9655 -0.1662
vn 0.2004 -0.9655 -0.1663
vn 0.1753 -0.9699 -0.1691
vn 0.1754 -0.9699 -0.1690
vn 0.1753 -0.9699 -0.1692
vn 0.1753 -0.9699 -0.1693
vn 0.1498 -0.9736 -0.1722
vn 0.1235 -0.9765 -0.1765
vn 0.0953 -0.9797 -0.1762
vn 0.0719 -0.9722 -0.2227
vn 0.0439 -0.9617 -0.2704
vn 0.0439 -0.9618 -0.2704
vn 0.0096 -0.9451 -0.3267
vn -0.0290 -0.9207 -0.3892
vn -0.0674 -0.8907 -0.4496
vn -0.1020 -0.8576 -0.5041
vn -0.1300 -0.8240 -0.5515
vn -0.1510 -0.7889 -0.5957
vn -0.1510 -0.7890 -0.5956
vn -0.1510 -0.7889 -0.5956
vn -0.1666 -0.7506 -0.6394
vn -0.1666 -0.7507 -0.6393
vn -0.1786 -0.7057 -0.6856
vn -0.1891 -0.6512 -0.7350
vn -0.1978 -0.5868 -0.7852
vn -0.2037 -0.5174 -0.8311
vn -0.2081 -0.4479 -0.8695
vn -0.2151 -0.3755 -0.9015
vn -0.1843 -0.3643 -0.9129
vn -0.1580 -0.3501 -0.9233
vn -0.1309 -0.3385 -0.9318
vn -0.1308 -0.3382 -0.9319
vn -0.1034 -0.3266 -0.9395
vn -0.1033 -0.3267 -0.9395
vn -0.0764 -0.3147 -0.9461
vn -0.0763 -0.3148 -0.9461
vn -0.0492 -0.3028 -0.9518
vn -0.0492 -0.3029 -0.9518
vn -0.0492 -0.3027 -0.9518
vn -0.0204 -0.2901 -0.9568
vn -0.0201 -0.2905 -0.9567
vn -0.0202 -0.2905 -0.9567
vn -0.0202 -0.2904 -0.9567
vn 0.0111 -0.2782 -0.9605
vn 0.0111 -0.2777 -0.9606
vn 0.0429 -0.2651 -0.9633
vn 0.0428 -0.2650 -0.9633
vn 0.0428 -0.2652 -0.9632
vn 0.0759 -0.2520 -0.9647
vn 0.0761 -0.2523 -0.9647
vn 0.0758 -0.2518 -0.9648
vn 0.1123 -0.2391 -0.9645
vn 0.1123 -0.2390 -0.9645
vn 0.1527 -0.2240 -0.9626
vn 0.1527 -0.2241 -0.9625
vn 0.1955 -0.2083 -0.9583
vn 0.2423 -0.1957 -0.9503
vn 0.2928 -0.1734 -0.9403
vn 0.3460 -0.2433 -0.9061
vn 0.3974 -0.3034 -0.8660
vn 0.4474 -0.3633 -0.8172
vn 0.4931 -0.4239 -0.7597
vn 0.5301 -0.4798 -0.6992
vn 0.5578 -0.5314 -0.6376
vn 0.5761 -0.5804 -0.5756
vn 0.5761 -0.5804 -0.5755
vn 0.5849 -0.6272 -0.5143
vn 0.5849 -0.6271 -0.5145
vn 0.5849 -0.6271 -0.5144
vn 0.5852 -0.6714 -0.4547
vn 0.5784 -0.7125 -0.3972
vn 0.5660 -0.7506 -0.3409
vn 0.5496 -0.7849 -0.2861
vn 0.5313 -0.8134 -0.2370
vn 0.5129 -0.8367 -0.1922
vn 0.0249 -0.9902 0.1372
vn 0.0248 -0.9902 0.1376
vn 0.0249 -0.9902 0.1376
vn -0.0293 -0.9818 0.1874
vn -0.1038 -0.9649 0.2414
vn -0.1864 -0.9372 0.2947
vn -0.2643 -0.8952 0.3589
vn -0.2643 -0.8952 0.3588
vn -0.3234 -0.8497 0.4164
vn -0.3682 -0.8043 0.4665
vn -0.3682 -0.8043 0.4664
vn -0.0007 -0.9954 0.0963
vn -0.0007 -0.9953 0.0965
vn -0.0807 -0.9871 0.1380
vn -0.1835 -0.9604 0.2095
vn -0.2728 -0.9225 0.2730
vn -0.3484 -0.8769 0.3313
vn -0.3484 -0.8768 0.3313
vn -0.4102 -0.8249 0.3889
vn -0.4609 -0.7673 0.4460
vn -0.0301 -0.9974 0.0650
vn -0.1263 -0.9861 0.1079
vn -0.1263 -0.9861 0.1080
vn -0.1262 -0.9861 0.1080
vn -0.2433 -0.9547 0.1711
vn -0.2434 -0.9547 0.1711
vn -0.3466 -0.9098 0.2282
vn -0.4314 -0.8574 0.2807
vn -0.5044 -0.7941 0.3390
vn -0.5652 -0.7183 0.4057
vn -0.0510 -0.9980 0.0363
vn -0.0510 -0.9980 0.0364
vn -0.1669 -0.9826 0.0814
vn -0.1669 -0.9826 0.0815
vn -0.1669 -0.9826 0.0819
vn -0.3044 -0.9441 0.1267
vn -0.3044 -0.9441 0.1268
vn -0.4255 -0.8905 0.1611
vn -0.5313 -0.8244 0.1950
vn -0.6290 -0.7382 0.2438
vn -0.7059 -0.6346 0.3148
vn -0.7059 -0.6345 0.3148
vn -0.7058 -0.6346 0.3148
vn -0.0653 -0.9975 0.0271
vn -0.0703 -0.9972 0.0264
vn -0.0729 -0.9971 0.0220
vn -0.2096 -0.9758 0.0628
vn -0.3705 -0.9251 0.0837
vn -0.5081 -0.8566 0.0893
vn -0.6343 -0.7669 0.0976
vn -0.7495 -0.6499 0.1257
vn -0.9251 -0.3225 0.2005
vn -0.9251 -0.3225 0.2004
vn -0.9251 -0.3225 0.2006
vn -0.0759 -0.9969 0.0215
vn -0.0773 -0.9969 0.0137
vn -0.2558 -0.9654 0.0510
vn -0.4358 -0.8988 0.0468
vn -0.5817 -0.8129 0.0292
vn -0.5816 -0.8129 0.0292
vn -0.7142 -0.6997 0.0170
vn -0.9303 -0.3654 -0.0306
vn -0.9303 -0.3654 -0.0307
vn -0.9304 -0.3654 -0.0306
vn -0.9304 -0.3654 -0.0305
vn -0.3124 -0.3473 0.8842
vn -0.3123 -0.3473 0.8842
vn -0.3796 -0.2925 0.8777
vn -0.3796 -0.2926 0.8777
vn -0.3796 -0.2924 0.8777
vn -0.5321 -0.2208 0.8174
vn -0.5321 -0.2208 0.8173
vn -0.3349 -0.4385 0.8340
vn -0.4646 -0.3629 0.8077
vn -0.4646 -0.3629 0.8078
vn -0.5818 -0.1858 0.7919
vn -0.5818 -0.1858 0.7918
vn -0.3853 -0.5056 0.7720
vn -0.3853 -0.5055 0.7720
vn -0.5302 -0.4451 0.7217
vn -0.5302 -0.4450 0.7217
vn -0.6157 -0.3642 0.6988
vn -0.6158 -0.3641 0.6988
vn -0.6158 -0.3640 0.6988
vn -0.6830 -0.1197 0.7206
vn -0.6830 -0.1198 0.7206
vn -0.4339 -0.5690 0.6986
vn -0.5523 -0.5080 0.6610
vn -0.6349 -0.4245 0.6455
vn -0.6349 -0.4246 0.6455
vn -0.8354 -0.2999 0.4606
vn -0.8355 -0.2998 0.4605
vn -0.8354 -0.2998 0.4606
vn -0.8354 -0.2998 0.4607
vn -0.4421 -0.6473 0.6209
vn -0.5507 -0.5761 0.6040
vn -0.5507 -0.5762 0.6040
vn -0.5508 -0.5760 0.6040
vn -0.6385 -0.4893 0.5940
vn -0.6385 -0.4894 0.5940
vn -0.6385 -0.4895 0.5939
vn -0.7651 -0.1760 0.6193
vn -0.7651 -0.1761 0.6193
vn -0.4273 -0.7087 0.5614
vn -0.4274 -0.7086 0.5615
vn -0.4273 -0.7086 0.5614
vn -0.5312 -0.6439 0.5506
vn -0.6291 -0.5626 0.5363
vn -0.6291 -0.5626 0.5364
vn -0.8500 -0.4980 0.1719
vn -0.8499 -0.4980 0.1721
vn -0.3003 -0.3860 -0.8722
vn -0.3075 -0.4780 -0.8228
vn -0.3075 -0.4780 -0.8227
vn -0.3159 -0.5665 -0.7611
vn -0.3267 -0.6431 -0.6926
vn -0.3375 -0.7015 -0.6277
vn -0.3442 -0.7426 -0.5745
vn -0.3444 -0.7425 -0.5745
vn -0.3423 -0.7746 -0.5319
vn -0.3461 -0.3418 -0.8737
vn -0.3461 -0.3419 -0.8737
vn -0.3856 -0.4307 -0.8160
vn -0.4309 -0.5169 -0.7397
vn -0.4685 -0.5951 -0.6530
vn -0.4681 -0.5954 -0.6530
vn -0.4888 -0.6555 -0.5756
vn -0.4888 -0.6555 -0.5757
vn -0.4926 -0.7019 -0.5145
vn -0.4854 -0.7396 -0.4663
vn -0.4854 -0.7395 -0.4663
vn -0.5003 -0.2444 -0.8306
vn -0.5002 -0.2445 -0.8307
vn -0.5217 -0.1888 -0.8320
vn -0.5216 -0.1888 -0.8320
vn -0.5672 -0.4349 -0.6994
vn -0.5671 -0.4349 -0.6994
vn -0.7890 -0.5328 -0.3060
vn -0.7890 -0.5328 -0.3058
vn -0.7890 -0.5328 -0.3059
vn -0.7178 -0.3491 -0.6024
vn -0.7178 -0.3492 -0.6024
vn -0.6278 -0.6295 -0.4578
vn -0.6120 -0.6838 -0.3973
vn -0.6121 -0.6838 -0.3973
vn -0.6121 -0.6838 -0.3972
vn -0.5278 -0.4445 -0.7237
vn -0.5280 -0.4445 -0.7237
vn -0.5278 -0.4446 -0.7237
vn -0.8222 -0.5546 0.1284
vn -0.8222 -0.5546 0.1283
vn -0.8222 -0.5546 0.1282
vn -0.8542 -0.3401 -0.3932
vn -0.8542 -0.3402 -0.3933
vn -0.8542 -0.3401 -0.3933
vn 0.0222 -0.9879 -0.1533
vn 0.0223 -0.9879 -0.1534
vn 0.0019 -0.9935 -0.1137
vn 0.0020 -0.9935 -0.1137
vn -0.0149 -0.9963 -0.0846
vn -0.0148 -0.9963 -0.0846
vn -0.0148 -0.9963 -0.0847
vn -0.0283 -0.9979 -0.0581
vn -0.0283 -0.9979 -0.0580
vn -0.0426 -0.9986 -0.0316
vn -0.0580 -0.9983 -0.0103
vn -0.0742 -0.9972 0.0105
vn -0.0751 -0.9971 0.0075
vn -0.0715 -0.9974 0.0045
vn -0.0284 -0.9781 -0.2063
vn -0.0626 -0.9846 -0.1631
vn -0.0625 -0.9846 -0.1631
vn -0.1043 -0.9859 -0.1305
vn -0.1043 -0.9860 -0.1304
vn -0.1042 -0.9860 -0.1305
vn -0.1721 -0.9793 -0.1065
vn -0.1719 -0.9794 -0.1063
vn -0.2527 -0.9636 -0.0875
vn -0.2526 -0.9636 -0.0874
vn -0.2527 -0.9636 -0.0874
vn -0.3088 -0.9498 -0.0497
vn -0.3087 -0.9499 -0.0497
vn -0.3217 -0.9468 -0.0016
vn -0.3216 -0.9469 -0.0016
vn -0.3213 -0.9470 -0.0014
vn -0.0929 -0.9570 -0.2747
vn -0.1713 -0.9539 -0.2464
vn -0.2821 -0.9335 -0.2214
vn -0.3917 -0.9043 -0.1696
vn -0.4598 -0.8799 -0.1202
vn -0.4599 -0.8798 -0.1202
vn -0.5003 -0.8627 -0.0739
vn -0.5002 -0.8628 -0.0740
vn -0.5113 -0.8590 -0.0277
vn -0.5112 -0.8590 -0.0277
vn -0.1733 -0.9190 -0.3542
vn -0.2937 -0.9019 -0.3166
vn -0.4197 -0.8682 -0.2647
vn -0.5159 -0.8323 -0.2028
vn -0.5822 -0.8001 -0.1447
vn -0.6270 -0.7736 -0.0915
vn -0.6463 -0.7616 -0.0471
vn -0.6464 -0.7616 -0.0470
vn -0.6464 -0.7616 -0.0471
vn -0.2459 -0.8758 -0.4153
vn -0.3827 -0.8499 -0.3623
vn -0.3827 -0.8498 -0.3623
vn -0.5045 -0.8109 -0.2966
vn -0.5983 -0.7681 -0.2281
vn -0.6716 -0.7229 -0.1627
vn -0.6716 -0.7228 -0.1627
vn -0.6715 -0.7229 -0.1627
vn -0.7274 -0.6786 -0.1021
vn -0.7601 -0.6476 -0.0542
vn -0.7600 -0.6477 -0.0541
vn -0.2991 -0.8344 -0.4630
vn -0.4393 -0.8046 -0.3996
vn -0.5592 -0.7620 -0.3266
vn -0.6552 -0.7121 -0.2522
vn -0.7351 -0.6543 -0.1776
vn -0.7351 -0.6543 -0.1775
vn -0.9222 -0.3843 -0.0433
vn -0.9222 -0.3843 -0.0434
vn -0.9222 -0.3844 -0.0432
vn -0.8937 -0.3868 -0.2272
vn -0.8937 -0.3868 -0.2273
vn -0.8938 -0.3868 -0.2271
vn -0.4034 -0.7562 0.5152
vn -0.5017 -0.7052 0.5010
vn -0.6065 -0.6383 0.4740
vn -0.6065 -0.6384 0.4739
vn -0.6066 -0.6384 0.4739
vn -0.6066 -0.6383 0.4739
vn -0.8395 -0.2970 0.4550
vn -0.8395 -0.2971 0.4550
vn -0.3274 -0.8049 -0.4949
vn -0.4685 -0.7725 -0.4287
vn -0.5901 -0.7254 -0.3544
vn -0.5901 -0.7255 -0.3542
vn -0.5901 -0.7255 -0.3543
vn -0.5900 -0.7255 -0.3543
vn -0.6893 -0.6690 -0.2783
vn -0.6891 -0.6691 -0.2784
vn -0.6890 -0.6692 -0.2783
vn -0.8776 -0.4330 -0.2059
vn -0.8775 -0.4331 -0.2059
vn -0.2982 -0.9541 0.0293
vn -0.2981 -0.9541 0.0292
vn -0.4875 -0.8731 0.0090
vn -0.4875 -0.8731 0.0091
vn -0.4876 -0.8730 0.0092
vn -0.6313 -0.7754 -0.0166
vn -0.6313 -0.7753 -0.0166
vn -0.7568 -0.6527 -0.0352
vn -0.9137 -0.3821 0.1381
vn -0.9137 -0.3821 0.1380
vn 0.0761 -0.9881 0.1337
vn 0.0761 -0.9881 0.1338
vn 0.0445 -0.9827 0.1796
vn 0.0118 -0.9741 0.2256
vn 0.0118 -0.9742 0.2256
vn -0.0288 -0.9598 0.2793
vn -0.0805 -0.9370 0.3398
vn -0.0805 -0.9371 0.3398
vn -0.1385 -0.9079 0.3956
vn -0.1936 -0.8746 0.4445
vn -0.2388 -0.8359 0.4943
vn -0.2388 -0.8358 0.4943
vn 0.0675 -0.9930 0.0965
vn 0.0675 -0.9930 0.0966
vn 0.0573 -0.9960 0.0683
vn 0.0572 -0.9960 0.0683
vn 0.0426 -0.9982 0.0421
vn 0.0234 -0.9995 0.0216
vn 0.0059 -1.0000 0.0052
vn 0.0090 -0.9999 0.0108
vn 0.0074 -0.9999 0.0088
vn 0.0044 -1.0000 0.0036
vn 0.0054 -1.0000 0.0003
vn 0.0050 -1.0000 -0.0019
vn 0.0057 -1.0000 -0.0046
vn -0.2637 -0.3258 0.9079
vn -0.2978 -0.2748 0.9142
vn -0.3261 -0.2370 0.9152
vn -0.3261 -0.2370 0.9151
vn -0.3681 -0.1619 0.9156
vn -0.3680 -0.1619 0.9156
vn -0.3681 -0.1617 0.9156
vn -0.2635 -0.3994 0.8781
vn -0.2622 -0.4694 0.8431
vn -0.2622 -0.4694 0.8432
vn -0.2597 -0.5440 0.7979
vn -0.2579 -0.6322 0.7306
vn -0.2688 -0.6948 0.6671
vn -0.2783 -0.7431 0.6086
vn -0.2692 -0.7904 0.5503
vn -0.2562 -0.3481 -0.9018
vn -0.2551 -0.4290 -0.8665
vn -0.2551 -0.4289 -0.8665
vn -0.2518 -0.5082 -0.8236
vn -0.2473 -0.5842 -0.7730
vn -0.2424 -0.6526 -0.7179
vn -0.2381 -0.7086 -0.6642
vn -0.2334 -0.7515 -0.6171
vn -0.2246 -0.7862 -0.5758
vn -0.2246 -0.7861 -0.5758
vn -0.2881 -0.3033 -0.9083
vn -0.3147 -0.2677 -0.9107
vn -0.3641 -0.1023 -0.9257
vn -0.3641 -0.1022 -0.9257
vn -0.3641 -0.1024 -0.9257
vn 0.0749 -0.9860 -0.1492
vn 0.0749 -0.9860 -0.1491
vn 0.0658 -0.9915 -0.1119
vn 0.0658 -0.9915 -0.1120
vn 0.0658 -0.9915 -0.1121
vn 0.0546 -0.9951 -0.0827
vn 0.0415 -0.9974 -0.0587
vn 0.0300 -0.9988 -0.0386
vn 0.0208 -0.9995 -0.0221
vn 0.0156 -0.9998 -0.0128
vn 0.0169 -0.9997 -0.0186
vn 0.0109 -0.9999 -0.0099
vn 0.0090 -0.9999 -0.0058
vn 0.0435 -0.9797 -0.1956
vn 0.0079 -0.9688 -0.2479
vn 0.0079 -0.9687 -0.2479
vn -0.0361 -0.9499 -0.3105
vn -0.0869 -0.9210 -0.3797
vn -0.1370 -0.8858 -0.4434
vn -0.1796 -0.8492 -0.4966
vn -0.2074 -0.8184 -0.5360
vn -0.2074 -0.8183 -0.5360
vn 0.1046 -0.9713 0.2136
vn 0.1349 -0.9681 0.2112
vn 0.1633 -0.9646 0.2071
vn 0.1904 -0.9606 0.2027
vn 0.2160 -0.9561 0.1981
vn 0.2160 -0.9561 0.1982
vn 0.2410 -0.9509 0.1942
vn 0.2408 -0.9509 0.1941
vn 0.2410 -0.9509 0.1941
vn 0.2664 -0.9447 0.1911
vn 0.2664 -0.9447 0.1912
vn 0.2659 -0.9449 0.1911
vn 0.2663 -0.9448 0.1910
vn 0.2927 -0.9374 0.1888
vn 0.2927 -0.9374 0.1886
vn 0.2927 -0.9374 0.1887
vn 0.2927 -0.9374 0.1885
vn 0.3187 -0.9292 0.1870
vn 0.3187 -0.9292 0.1872
vn 0.3187 -0.9292 0.1871
vn 0.3185 -0.9294 0.1865
vn 0.3450 -0.9198 0.1867
vn 0.3450 -0.9198 0.1868
vn 0.3730 -0.9088 0.1869
vn 0.3731 -0.9088 0.1868
vn 0.3731 -0.9088 0.1869
vn 0.3730 -0.9088 0.1870
vn 0.4036 -0.8955 0.1876
vn 0.4036 -0.8955 0.1875
vn 0.4367 -0.8797 0.1883
vn 0.4367 -0.8797 0.1882
vn 0.4732 -0.8606 0.1881
vn 0.0814 -0.9610 0.2643
vn 0.1147 -0.9572 0.2657
vn 0.1459 -0.9538 0.2627
vn 0.1755 -0.9500 0.2582
vn 0.1755 -0.9500 0.2581
vn 0.2035 -0.9458 0.2530
vn 0.2306 -0.9407 0.2488
vn 0.2306 -0.9407 0.2487
vn 0.2306 -0.9407 0.2486
vn 0.2580 -0.9344 0.2456
vn 0.2583 -0.9344 0.2454
vn 0.2581 -0.9345 0.2453
vn 0.2580 -0.9345 0.2453
vn 0.2859 -0.9269 0.2432
vn 0.2860 -0.9269 0.2431
vn 0.2860 -0.9268 0.2433
vn 0.2861 -0.9268 0.2432
vn 0.3142 -0.9181 0.2417
vn 0.3142 -0.9182 0.2414
vn 0.3142 -0.9181 0.2416
vn 0.3142 -0.9180 0.2419
vn 0.3429 -0.9078 0.2417
vn 0.3428 -0.9078 0.2416
vn 0.3429 -0.9077 0.2417
vn 0.3429 -0.9077 0.2419
vn 0.3732 -0.8954 0.2429
vn 0.3732 -0.8954 0.2430
vn 0.4069 -0.8803 0.2438
vn 0.4441 -0.8622 0.2436
vn 0.4861 -0.8405 0.2394
vn 0.0556 -0.9468 0.3169
vn 0.0920 -0.9425 0.3212
vn 0.1260 -0.9390 0.3201
vn 0.1260 -0.9389 0.3202
vn 0.1580 -0.9354 0.3164
vn 0.1884 -0.9313 0.3118
vn 0.2178 -0.9262 0.3079
vn 0.2178 -0.9262 0.3078
vn 0.2473 -0.9197 0.3048
vn 0.2473 -0.9198 0.3048
vn 0.2473 -0.9198 0.3047
vn 0.2777 -0.9118 0.3023
vn 0.2778 -0.9118 0.3025
vn 0.2778 -0.9117 0.3025
vn 0.3083 -0.9024 0.3011
vn 0.3083 -0.9024 0.3009
vn 0.3083 -0.9024 0.3010
vn 0.3395 -0.8912 0.3009
vn 0.3730 -0.8773 0.3019
vn 0.4100 -0.8605 0.3023
vn 0.4515 -0.8403 0.3001
vn 0.4990 -0.8158 0.2924
vn 0.0277 -0.9273 0.3732
vn 0.0674 -0.9230 0.3788
vn 0.1041 -0.9195 0.3791
vn 0.1385 -0.9159 0.3767
vn 0.1385 -0.9160 0.3766
vn 0.1711 -0.9117 0.3734
vn 0.2028 -0.9065 0.3704
vn 0.2028 -0.9065 0.3703
vn 0.2345 -0.8997 0.3682
vn 0.2342 -0.8996 0.3687
vn 0.2342 -0.8997 0.3685
vn 0.2669 -0.8915 0.3661
vn 0.2671 -0.8915 0.3659
vn 0.2669 -0.8915 0.3662
vn 0.2667 -0.8914 0.3663
vn 0.3002 -0.8818 0.3638
vn 0.3000 -0.8818 0.3640
vn 0.3001 -0.8817 0.3641
vn 0.3002 -0.8816 0.3642
vn 0.3344 -0.8696 0.3633
vn 0.3344 -0.8696 0.3634
vn 0.3712 -0.8546 0.3632
vn 0.4117 -0.8361 0.3624
vn 0.4117 -0.8362 0.3624
vn 0.4117 -0.8361 0.3625
vn 0.4576 -0.8135 0.3589
vn 0.5102 -0.7859 0.3494
vn -0.0003 -0.9030 0.4297
vn 0.0423 -0.8988 0.4362
vn 0.0423 -0.8989 0.4362
vn 0.0423 -0.8989 0.4361
vn 0.0813 -0.8951 0.4383
vn 0.1175 -0.8913 0.4380
vn 0.1175 -0.8913 0.4379
vn 0.1521 -0.8868 0.4365
vn 0.1521 -0.8868 0.4364
vn 0.1857 -0.8811 0.4350
vn 0.2195 -0.8741 0.4333
vn 0.2195 -0.8741 0.4334
vn 0.2542 -0.8655 0.4316
vn 0.2542 -0.8655 0.4315
vn 0.2542 -0.8656 0.4314
vn 0.2899 -0.8552 0.4296
vn 0.2898 -0.8553 0.4295
vn 0.2900 -0.8553 0.4294
vn 0.2900 -0.8551 0.4297
vn 0.3270 -0.8427 0.4276
vn 0.3270 -0.8427 0.4277
vn 0.3669 -0.8270 0.4260
vn 0.4109 -0.8075 0.4233
vn 0.4109 -0.8074 0.4233
vn 0.4608 -0.7829 0.4179
vn 0.5181 -0.7523 0.4070
vn -0.0274 -0.8737 0.4858
vn -0.0274 -0.8737 0.4857
vn 0.0175 -0.8697 0.4932
vn 0.0175 -0.8697 0.4933
vn 0.0582 -0.8657 0.4971
vn 0.0959 -0.8613 0.4989
vn 0.0959 -0.8614 0.4989
vn 0.1319 -0.8562 0.4995
vn 0.1319 -0.8563 0.4994
vn 0.1319 -0.8563 0.4993
vn 0.1672 -0.8501 0.4994
vn 0.1672 -0.8500 0.4995
vn 0.2027 -0.8427 0.4987
vn 0.2027 -0.8427 0.4988
vn 0.2027 -0.8426 0.4989
vn 0.2392 -0.8340 0.4973
vn 0.2392 -0.8339 0.4975
vn 0.2392 -0.8339 0.4974
vn 0.2771 -0.8237 0.4948
vn 0.2770 -0.8235 0.4950
vn 0.2770 -0.8234 0.4952
vn 0.3165 -0.8107 0.4925
vn 0.3165 -0.8110 0.4921
vn 0.3167 -0.8107 0.4924
vn 0.3595 -0.7947 0.4891
vn 0.3595 -0.7948 0.4890
vn 0.4068 -0.7744 0.4846
vn 0.4068 -0.7744 0.4845
vn 0.4601 -0.7487 0.4772
vn 0.5212 -0.7155 0.4651
vn -0.0530 -0.8389 0.5417
vn -0.0063 -0.8353 0.5497
vn 0.0357 -0.8313 0.5547
vn 0.0356 -0.8312 0.5549
vn 0.0744 -0.8264 0.5582
vn 0.0744 -0.8264 0.5581
vn 0.0744 -0.8265 0.5581
vn 0.1115 -0.8209 0.5601
vn 0.1115 -0.8208 0.5602
vn 0.1115 -0.8208 0.5603
vn 0.1479 -0.8143 0.5613
vn 0.1479 -0.8142 0.5614
vn 0.1846 -0.8068 0.5613
vn 0.1847 -0.8067 0.5613
vn 0.1846 -0.8068 0.5612
vn 0.2225 -0.7978 0.5604
vn 0.2225 -0.7978 0.5603
vn 0.2225 -0.7976 0.5606
vn 0.2619 -0.7871 0.5584
vn 0.2619 -0.7872 0.5584
vn 0.3036 -0.7742 0.5554
vn 0.3036 -0.7742 0.5553
vn 0.3487 -0.7580 0.5513
vn 0.3487 -0.7580 0.5512
vn 0.3487 -0.7581 0.5512
vn 0.3484 -0.7584 0.5509
vn 0.3985 -0.7375 0.5452
vn 0.3985 -0.7376 0.5451
vn 0.3985 -0.7375 0.5453
vn 0.3986 -0.7372 0.5456
vn 0.4545 -0.7108 0.5369
vn 0.4545 -0.7108 0.5368
vn 0.4545 -0.7109 0.5368
vn 0.4545 -0.7107 0.5369
vn 0.5186 -0.6755 0.5242
vn 0.5186 -0.6754 0.5242
vn -0.0762 -0.7984 0.5972
vn -0.0762 -0.7984 0.5973
vn -0.0286 -0.7955 0.6053
vn 0.0140 -0.7914 0.6112
vn 0.0140 -0.7916 0.6108
vn 0.0139 -0.7914 0.6111
vn 0.0139 -0.7914 0.6112
vn 0.0530 -0.7862 0.6157
vn 0.0532 -0.7862 0.6156
vn 0.0529 -0.7861 0.6158
vn 0.0529 -0.7862 0.6157
vn 0.0908 -0.7807 0.6183
vn 0.0908 -0.7805 0.6185
vn 0.0906 -0.7808 0.6181
vn 0.1277 -0.7739 0.6203
vn 0.1277 -0.7740 0.6202
vn 0.1278 -0.7740 0.6201
vn 0.1279 -0.7741 0.6200
vn 0.1654 -0.7663 0.6208
vn 0.1655 -0.7664 0.6207
vn 0.1653 -0.7660 0.6212
vn 0.1653 -0.7662 0.6210
vn 0.2043 -0.7574 0.6202
vn 0.2043 -0.7574 0.6201
vn 0.2043 -0.7573 0.6202
vn 0.2443 -0.7462 0.6193
vn 0.2446 -0.7466 0.6186
vn 0.2445 -0.7465 0.6188
vn 0.2446 -0.7465 0.6188
vn 0.2875 -0.7335 0.6159
vn 0.2875 -0.7335 0.6158
vn 0.3339 -0.7173 0.6116
vn 0.3339 -0.7173 0.6115
vn 0.3854 -0.6967 0.6051
vn 0.4431 -0.6694 0.5963
vn 0.5087 -0.6325 0.5841
vn -0.0972 -0.7514 0.6527
vn -0.0498 -0.7489 0.6608
vn -0.0077 -0.7443 0.6679
vn -0.0077 -0.7442 0.6679
vn -0.0077 -0.7442 0.6680
vn -0.0077 -0.7443 0.6678
vn 0.0312 -0.7385 0.6736
vn 0.0312 -0.7385 0.6735
vn 0.0312 -0.7386 0.6735
vn 0.0686 -0.7321 0.6777
vn 0.0686 -0.7322 0.6776
vn 0.0686 -0.7321 0.6778
vn 0.0686 -0.7320 0.6778
vn 0.1057 -0.7250 0.6806
vn 0.1057 -0.7249 0.6807
vn 0.1057 -0.7251 0.6805
vn 0.1057 -0.7253 0.6803
vn 0.1437 -0.7174 0.6817
vn 0.1438 -0.7174 0.6816
vn 0.1436 -0.7174 0.6818
vn 0.1434 -0.7173 0.6819
vn 0.1826 -0.7081 0.6821
vn 0.1823 -0.7079 0.6824
vn 0.2235 -0.6972 0.6811
vn 0.2669 -0.6847 0.6782
vn 0.3141 -0.6694 0.6733
vn 0.3141 -0.6693 0.6733
vn 0.3663 -0.6497 0.6662
vn 0.3663 -0.6497 0.6661
vn 0.4248 -0.6231 0.6568
vn 0.4909 -0.5856 0.6450
vn -0.1160 -0.6977 0.7069
vn -0.0697 -0.6951 0.7155
vn -0.0697 -0.6952 0.7154
vn -0.0697 -0.6952 0.7155
vn -0.0292 -0.6893 0.7239
vn 0.0083 -0.6820 0.7313
vn 0.0445 -0.6740 0.7374
vn 0.0445 -0.6739 0.7375
vn 0.0445 -0.6741 0.7373
vn 0.0808 -0.6660 0.7416
vn 0.1178 -0.6577 0.7440
vn 0.1180 -0.6576 0.7440
vn 0.1177 -0.6576 0.7442
vn 0.1177 -0.6578 0.7440
vn 0.1571 -0.6482 0.7451
vn 0.1571 -0.6483 0.7450
vn 0.1979 -0.6378 0.7443
vn 0.1979 -0.6379 0.7443
vn 0.2413 -0.6264 0.7412
vn 0.2887 -0.6129 0.7355
vn 0.3410 -0.5953 0.7275
vn 0.3994 -0.5707 0.7175
vn 0.4649 -0.5341 0.7061
vn -0.1332 -0.6369 0.7594
vn -0.0891 -0.6341 0.7681
vn -0.0505 -0.6268 0.7776
vn -0.0505 -0.6267 0.7776
vn -0.0150 -0.6173 0.7866
vn 0.0192 -0.6072 0.7943
vn 0.0538 -0.5978 0.7999
vn 0.0538 -0.5977 0.7999
vn 0.0538 -0.5976 0.8000
vn 0.0900 -0.5886 0.8034
vn 0.0900 -0.5885 0.8035
vn 0.0900 -0.5884 0.8035
vn 0.1283 -0.5790 0.8052
vn 0.1283 -0.5788 0.8053
vn 0.1283 -0.5789 0.8053
vn 0.1682 -0.5690 0.8049
vn 0.2111 -0.5590 0.8018
vn 0.2580 -0.5479 0.7958
vn 0.3097 -0.5331 0.7874
vn 0.3097 -0.5331 0.7873
vn 0.3670 -0.5109 0.7774
vn 0.4305 -0.4761 0.7668
vn -0.1491 -0.5693 0.8085
vn -0.1079 -0.5659 0.8174
vn -0.0719 -0.5570 0.8274
vn -0.0388 -0.5456 0.8371
vn -0.0068 -0.5335 0.8458
vn -0.0068 -0.5335 0.8457
vn 0.0258 -0.5224 0.8523
vn 0.0604 -0.5122 0.8568
vn 0.0603 -0.5120 0.8569
vn 0.0603 -0.5121 0.8568
vn 0.0602 -0.5121 0.8568
vn 0.0974 -0.5022 0.8592
vn 0.0975 -0.5024 0.8591
vn 0.0974 -0.5023 0.8592
vn 0.0972 -0.5020 0.8594
vn 0.1358 -0.4925 0.8596
vn 0.1358 -0.4925 0.8597
vn 0.1771 -0.4838 0.8571
vn 0.1771 -0.4839 0.8570
vn 0.2226 -0.4747 0.8516
vn 0.2226 -0.4747 0.8515
vn 0.2226 -0.4746 0.8516
vn 0.2729 -0.4621 0.8438
vn 0.3279 -0.4425 0.8347
vn 0.3882 -0.4106 0.8251
vn -0.1629 -0.4999 0.8506
vn -0.1260 -0.4932 0.8607
vn -0.0934 -0.4819 0.8712
vn -0.0626 -0.4687 0.8811
vn -0.0329 -0.4553 0.8897
vn -0.0025 -0.4431 0.8965
vn -0.0025 -0.4432 0.8964
vn -0.0025 -0.4430 0.8965
vn -0.0025 -0.4428 0.8966
vn 0.0301 -0.4318 0.9014
vn 0.0301 -0.4317 0.9015
vn 0.0301 -0.4318 0.9015
vn 0.0653 -0.4210 0.9047
vn 0.0653 -0.4211 0.9046
vn 0.1020 -0.4113 0.9058
vn 0.1020 -0.4112 0.9058
vn 0.1412 -0.4028 0.9043
vn 0.1842 -0.3945 0.9002
vn 0.1842 -0.3945 0.9003
vn 0.2321 -0.3832 0.8940
vn 0.2844 -0.3674 0.8855
vn 0.3415 -0.3417 0.8756
vn -0.1763 -0.4280 0.8864
vn -0.1448 -0.4163 0.8976
vn -0.1154 -0.4030 0.9079
vn -0.0866 -0.3895 0.9170
vn -0.0866 -0.3894 0.9170
vn -0.0585 -0.3758 0.9249
vn -0.0585 -0.3758 0.9248
vn -0.0299 -0.3631 0.9313
vn 0.0010 -0.3514 0.9362
vn 0.0008 -0.3505 0.9366
vn 0.0009 -0.3512 0.9363
vn 0.0010 -0.3516 0.9361
vn 0.0343 -0.3395 0.9400
vn 0.0343 -0.3396 0.9399
vn 0.0343 -0.3396 0.9400
vn 0.0689 -0.3283 0.9421
vn 0.0686 -0.3285 0.9420
vn 0.0686 -0.3287 0.9419
vn 0.0686 -0.3288 0.9419
vn 0.1051 -0.3190 0.9419
vn 0.1051 -0.3191 0.9419
vn 0.1451 -0.3093 0.9398
vn 0.1897 -0.2978 0.9356
vn 0.2383 -0.2845 0.9286
vn 0.2916 -0.2671 0.9185
vn 0.0963 -0.9822 0.1612
vn 0.1247 -0.9790 0.1614
vn 0.1512 -0.9760 0.1569
vn 0.1769 -0.9721 0.1540
vn 0.1769 -0.9721 0.1539
vn 0.1769 -0.9721 0.1538
vn 0.2020 -0.9677 0.1509
vn 0.2020 -0.9677 0.1510
vn 0.2258 -0.9629 0.1477
vn 0.2257 -0.9629 0.1480
vn 0.2255 -0.9629 0.1480
vn 0.2258 -0.9629 0.1478
vn 0.2491 -0.9575 0.1455
vn 0.2490 -0.9576 0.1450
vn 0.2490 -0.9576 0.1447
vn 0.2490 -0.9576 0.1449
vn 0.2729 -0.9515 0.1423
vn 0.2729 -0.9515 0.1424
vn 0.2728 -0.9515 0.1420
vn 0.2727 -0.9516 0.1419
vn 0.2978 -0.9443 0.1399
vn 0.2979 -0.9443 0.1398
vn 0.2978 -0.9443 0.1398
vn 0.2977 -0.9443 0.1400
vn 0.3223 -0.9366 0.1379
vn 0.3222 -0.9366 0.1379
vn 0.3223 -0.9365 0.1379
vn 0.3221 -0.9366 0.1378
vn 0.3468 -0.9280 0.1364
vn 0.3468 -0.9280 0.1365
vn 0.3464 -0.9281 0.1368
vn 0.3731 -0.9179 0.1351
vn 0.3730 -0.9179 0.1352
vn 0.3732 -0.9178 0.1353
vn 0.3734 -0.9177 0.1353
vn 0.4016 -0.9059 0.1342
vn 0.4016 -0.9059 0.1345
vn 0.4012 -0.9061 0.1339
vn 0.4011 -0.9062 0.1337
vn 0.4312 -0.8924 0.1333
vn 0.4313 -0.8923 0.1334
vn 0.4313 -0.8923 0.1333
vn 0.4624 -0.8763 0.1352
vn 0.4624 -0.8763 0.1353
vn 0.4975 -0.8572 0.1332
vn 0.5148 -0.8383 0.1798
vn 0.5340 -0.8151 0.2247
vn 0.5533 -0.7866 0.2741
vn 0.5708 -0.7521 0.3294
vn 0.5708 -0.7522 0.3294
vn 0.5840 -0.7139 0.3863
vn 0.5918 -0.6724 0.4446
vn 0.5922 -0.6279 0.5050
vn 0.5923 -0.6280 0.5048
vn 0.5841 -0.5811 0.5667
vn 0.5841 -0.5811 0.5668
vn 0.5660 -0.5315 0.6302
vn 0.5660 -0.5315 0.6301
vn 0.5382 -0.4786 0.6938
vn 0.5003 -0.4207 0.7568
vn 0.4530 -0.3574 0.8168
vn 0.4530 -0.3574 0.8167
vn 0.4010 -0.2945 0.8675
vn 0.3473 -0.2315 0.9087
vn 0.2913 -0.1581 0.9435
vn 0.2401 -0.1803 0.9539
vn 0.1925 -0.1924 0.9623
vn 0.1927 -0.1925 0.9622
vn 0.1926 -0.1925 0.9622
vn 0.1488 -0.2078 0.9668
vn 0.1080 -0.2230 0.9688
vn 0.1079 -0.2226 0.9689
vn 0.1079 -0.2225 0.9689
vn 0.0712 -0.2359 0.9692
vn 0.0711 -0.2359 0.9692
vn 0.0712 -0.2358 0.9692
vn 0.0376 -0.2485 0.9679
vn 0.0375 -0.2484 0.9679
vn 0.0376 -0.2484 0.9679
vn 0.0049 -0.2606 0.9654
vn 0.0054 -0.2613 0.9652
vn 0.0053 -0.2612 0.9653
vn 0.0051 -0.2608 0.9654
vn -0.0264 -0.2738 0.9614
vn -0.0557 -0.2863 0.9565
vn -0.0557 -0.2862 0.9566
vn -0.0561 -0.2864 0.9565
vn -0.0833 -0.2984 0.9508
vn -0.0834 -0.2982 0.9508
vn -0.0833 -0.2985 0.9508
vn -0.1105 -0.3108 0.9440
vn -0.1384 -0.3232 0.9362
vn -0.1661 -0.3354 0.9273
vn -0.1925 -0.3499 0.9168
vn -0.2234 -0.3584 0.9064
vn -0.2234 -0.3584 0.9065
vn -0.2144 -0.4289 0.8775
vn -0.2076 -0.4947 0.8439
vn -0.1987 -0.5627 0.8024
vn -0.1863 -0.6314 0.7527
vn -0.1712 -0.6942 0.6991
vn -0.1531 -0.7509 0.6424
vn -0.1322 -0.8006 0.5844
vn -0.1322 -0.8006 0.5845
vn -0.1086 -0.8416 0.5291
vn -0.0802 -0.8772 0.4735
vn -0.0802 -0.8771 0.4735
vn -0.0485 -0.9079 0.4163
vn -0.0485 -0.9080 0.4163
vn -0.0157 -0.9333 0.3588
vn 0.0165 -0.9528 0.3030
vn 0.0463 -0.9664 0.2529
vn 0.0727 -0.9755 0.2077
vn 0.4656 -0.8839 0.0435
vn 0.4332 -0.9001 0.0469
vn 0.4038 -0.9134 0.0509
vn 0.3763 -0.9249 0.0550
vn 0.3763 -0.9248 0.0551
vn 0.3512 -0.9344 0.0592
vn 0.3512 -0.9344 0.0591
vn 0.3512 -0.9344 0.0590
vn 0.3274 -0.9428 0.0625
vn 0.3275 -0.9428 0.0626
vn 0.3042 -0.9504 0.0651
vn 0.3042 -0.9504 0.0654
vn 0.3043 -0.9503 0.0653
vn 0.3044 -0.9503 0.0656
vn 0.2806 -0.9574 0.0675
vn 0.2806 -0.9574 0.0676
vn 0.2806 -0.9575 0.0674
vn 0.2581 -0.9636 0.0691
vn 0.2581 -0.9636 0.0694
vn 0.2581 -0.9636 0.0692
vn 0.2360 -0.9692 0.0700
vn 0.2360 -0.9692 0.0699
vn 0.2360 -0.9692 0.0698
vn 0.2134 -0.9745 0.0698
vn 0.2133 -0.9745 0.0700
vn 0.2133 -0.9745 0.0701
vn 0.1896 -0.9794 0.0697
vn 0.1896 -0.9794 0.0698
vn 0.1896 -0.9794 0.0696
vn 0.1646 -0.9839 0.0691
vn 0.1375 -0.9881 0.0690
vn 0.4737 -0.8804 0.0208
vn 0.4386 -0.8984 0.0224
vn 0.4077 -0.9127 0.0261
vn 0.4077 -0.9127 0.0262
vn 0.3795 -0.9247 0.0303
vn 0.3795 -0.9247 0.0304
vn 0.3539 -0.9346 0.0348
vn 0.3539 -0.9346 0.0347
vn 0.3539 -0.9346 0.0349
vn 0.3298 -0.9433 0.0384
vn 0.3298 -0.9433 0.0385
vn 0.3062 -0.9511 0.0412
vn 0.3062 -0.9511 0.0417
vn 0.3063 -0.9510 0.0416
vn 0.2828 -0.9582 0.0427
vn 0.2826 -0.9583 0.0430
vn 0.2826 -0.9583 0.0428
vn 0.2598 -0.9646 0.0446
vn 0.2598 -0.9646 0.0445
vn 0.2598 -0.9646 0.0444
vn 0.2373 -0.9704 0.0449
vn 0.2373 -0.9704 0.0448
vn 0.2373 -0.9704 0.0446
vn 0.2372 -0.9704 0.0445
vn 0.2143 -0.9758 0.0441
vn 0.1899 -0.9808 0.0433
vn 0.1899 -0.9809 0.0433
vn 0.1637 -0.9856 0.0430
vn 0.1637 -0.9856 0.0429
vn 0.1343 -0.9900 0.0443
vn 0.4823 -0.8760 0.0052
vn 0.4448 -0.8956 0.0061
vn 0.4480 -0.8940 -0.0014
vn 0.4471 -0.8945 0.0038
vn 0.4140 -0.9102 0.0074
vn 0.4123 -0.9110 0.0092
vn 0.4153 -0.9097 0.0001
vn 0.3845 -0.9230 0.0114
vn 0.3831 -0.9236 0.0132
vn 0.3853 -0.9228 0.0037
vn 0.3576 -0.9337 0.0159
vn 0.3567 -0.9341 0.0174
vn 0.3581 -0.9336 0.0071
vn 0.3327 -0.9428 0.0197
vn 0.3319 -0.9431 0.0209
vn 0.3319 -0.9431 0.0210
vn 0.3329 -0.9429 0.0095
vn 0.3083 -0.9510 0.0229
vn 0.3077 -0.9512 0.0233
vn 0.3077 -0.9512 0.0234
vn 0.3083 -0.9512 0.0114
vn 0.2841 -0.9587 0.0125
vn 0.2886 -0.9573 0.0147
vn 0.2837 -0.9586 0.0252
vn 0.2838 -0.9586 0.0249
vn 0.2588 -0.9655 0.0269
vn 0.2608 -0.9650 0.0269
vn 0.2606 -0.9651 0.0260
vn 0.2609 -0.9653 0.0125
vn 0.2316 -0.9725 0.0234
vn 0.2374 -0.9711 0.0263
vn 0.2373 -0.9711 0.0260
vn 0.2419 -0.9702 0.0146
vn 0.2137 -0.9766 0.0255
vn 0.2130 -0.9768 0.0227
vn 0.2128 -0.9770 0.0144
vn 0.1857 -0.9825 0.0161
vn 0.1884 -0.9818 0.0246
vn 0.1884 -0.9818 0.0245
vn 0.1885 -0.9819 0.0199
vn 0.1581 -0.9873 0.0162
vn 0.1608 -0.9867 0.0243
vn 0.1595 -0.9870 0.0189
vn 0.1295 -0.9912 0.0260
vn 0.1294 -0.9912 0.0259
vn 0.4930 -0.8700 -0.0067
vn 0.4906 -0.8714 -0.0060
vn 0.4952 -0.8687 -0.0110
vn 0.4542 -0.8909 -0.0092
vn 0.4537 -0.8911 -0.0064
vn 0.4189 -0.9080 -0.0028
vn 0.4191 -0.9079 -0.0057
vn 0.3881 -0.9216 0.0007
vn 0.3883 -0.9215 -0.0025
vn 0.3608 -0.9326 -0.0009
vn 0.3603 -0.9328 0.0047
vn 0.3344 -0.9424 0.0071
vn 0.3340 -0.9426 0.0018
vn 0.3092 -0.9509 0.0097
vn 0.3092 -0.9510 0.0025
vn 0.2846 -0.9586 0.0118
vn 0.2844 -0.9587 0.0034
vn 0.2604 -0.9655 0.0046
vn 0.2606 -0.9654 0.0119
vn 0.2362 -0.9717 0.0050
vn 0.2362 -0.9716 0.0112
vn 0.2116 -0.9773 0.0108
vn 0.2116 -0.9773 0.0056
vn 0.1844 -0.9828 0.0047
vn 0.1848 -0.9827 0.0090
vn 0.1549 -0.9879 0.0041
vn 0.1555 -0.9878 0.0080
vn 0.1243 -0.9922 0.0115
vn 0.1219 -0.9925 0.0073
vn 0.1214 -0.9926 0.0061
vn 0.1243 -0.9922 0.0116
vn 0.5001 -0.8659 -0.0104
vn 0.5004 -0.8657 -0.0126
vn 0.4580 -0.8889 -0.0098
vn 0.4593 -0.8882 -0.0112
vn 0.4225 -0.9063 -0.0085
vn 0.4233 -0.9060 -0.0081
vn 0.3908 -0.9204 -0.0059
vn 0.3913 -0.9203 -0.0056
vn 0.3626 -0.9319 -0.0041
vn 0.3629 -0.9318 -0.0024
vn 0.3355 -0.9421 -0.0030
vn 0.3353 -0.9421 -0.0005
vn 0.3107 -0.9505 -0.0022
vn 0.3095 -0.9509 0.0014
vn 0.2848 -0.9586 0.0029
vn 0.2852 -0.9585 -0.0024
vn 0.2602 -0.9656 0.0030
vn 0.2627 -0.9649 0.0020
vn 0.2354 -0.9719 0.0030
vn 0.2360 -0.9717 -0.0006
vn 0.2084 -0.9781 0.0005
vn 0.2100 -0.9777 0.0016
vn 0.1827 -0.9832 0.0016
vn 0.1822 -0.9833 -0.0017
vn 0.1526 -0.9883 0.0009
vn 0.1518 -0.9884 -0.0023
vn 0.1175 -0.9931 0.0002
vn 0.1170 -0.9931 -0.0022
vn 0.5052 -0.8629 -0.0118
vn 0.5045 -0.8633 -0.0095
vn 0.4623 -0.8867 -0.0094
vn 0.4619 -0.8869 -0.0089
vn 0.4256 -0.9049 -0.0084
vn 0.4253 -0.9050 -0.0074
vn 0.3931 -0.9195 -0.0068
vn 0.3930 -0.9195 -0.0063
vn 0.3639 -0.9314 -0.0051
vn 0.3639 -0.9314 -0.0050
vn 0.3365 -0.9417 -0.0043
vn 0.3365 -0.9417 -0.0041
vn 0.3104 -0.9506 -0.0033
vn 0.3102 -0.9507 -0.0030
vn 0.2852 -0.9584 -0.0037
vn 0.2854 -0.9584 -0.0032
vn 0.2607 -0.9654 -0.0026
vn 0.2597 -0.9657 -0.0017
vn 0.2348 -0.9720 -0.0034
vn 0.2347 -0.9721 -0.0015
vn 0.2087 -0.9780 -0.0031
vn 0.2086 -0.9780 -0.0032
vn 0.1808 -0.9835 -0.0032
vn 0.1810 -0.9835 -0.0039
vn 0.1497 -0.9887 -0.0038
vn 0.1499 -0.9887 -0.0045
vn 0.1142 -0.9935 -0.0040
vn 0.1142 -0.9934 -0.0051
vn 0.5045 -0.8634 -0.0033
vn 0.5077 -0.8616 -0.0020
vn 0.4642 -0.8858 -0.0021
vn 0.4613 -0.8872 -0.0042
vn 0.4265 -0.9045 -0.0019
vn 0.4264 -0.9045 -0.0067
vn 0.3939 -0.9191 -0.0025
vn 0.3940 -0.9191 -0.0061
vn 0.3645 -0.9312 -0.0036
vn 0.3650 -0.9310 -0.0044
vn 0.3369 -0.9415 -0.0037
vn 0.3366 -0.9416 -0.0042
vn 0.3107 -0.9505 -0.0040
vn 0.3108 -0.9505 -0.0040
vn 0.2849 -0.9586 -0.0037
vn 0.2851 -0.9585 -0.0038
vn 0.2595 -0.9657 -0.0040
vn 0.2598 -0.9656 -0.0037
vn 0.2347 -0.9721 -0.0041
vn 0.2346 -0.9721 -0.0044
vn 0.2084 -0.9780 -0.0042
vn 0.2079 -0.9781 -0.0049
vn 0.1801 -0.9836 -0.0049
vn 0.1802 -0.9836 -0.0050
vn 0.1487 -0.9889 -0.0055
vn 0.1488 -0.9889 -0.0054
vn 0.1127 -0.9936 -0.0056
vn 0.1128 -0.9936 -0.0060
vn 0.5056 -0.8628 0.0025
vn 0.5049 -0.8632 -0.0000
vn 0.4627 -0.8865 0.0014
vn 0.4622 -0.8868 -0.0003
vn 0.4255 -0.9049 -0.0004
vn 0.4258 -0.9048 -0.0014
vn 0.3931 -0.9195 -0.0016
vn 0.3933 -0.9194 -0.0022
vn 0.3639 -0.9314 -0.0031
vn 0.3639 -0.9314 -0.0028
vn 0.3368 -0.9416 -0.0038
vn 0.3368 -0.9416 -0.0036
vn 0.3106 -0.9505 -0.0045
vn 0.3107 -0.9505 -0.0042
vn 0.2850 -0.9585 -0.0057
vn 0.2849 -0.9585 -0.0047
vn 0.2609 -0.9654 -0.0061
vn 0.2602 -0.9655 -0.0045
vn 0.2337 -0.9723 -0.0062
vn 0.2349 -0.9720 -0.0047
vn 0.2084 -0.9780 -0.0068
vn 0.2087 -0.9780 -0.0055
vn 0.1807 -0.9835 -0.0066
vn 0.1803 -0.9836 -0.0054
vn 0.1496 -0.9887 -0.0066
vn 0.1493 -0.9888 -0.0058
vn 0.1133 -0.9935 -0.0062
vn 0.1135 -0.9935 -0.0072
vn 0.5003 -0.8658 0.0032
vn 0.5015 -0.8652 0.0016
vn 0.4587 -0.8886 0.0017
vn 0.4597 -0.8881 0.0010
vn 0.4233 -0.9060 0.0001
vn 0.4231 -0.9061 -0.0009
vn 0.3914 -0.9202 -0.0018
vn 0.3913 -0.9202 -0.0032
vn 0.3627 -0.9319 -0.0036
vn 0.3626 -0.9319 -0.0055
vn 0.3358 -0.9419 -0.0048
vn 0.3362 -0.9417 -0.0083
vn 0.3096 -0.9509 -0.0058
vn 0.3098 -0.9507 -0.0097
vn 0.2856 -0.9583 -0.0112
vn 0.2870 -0.9579 -0.0095
vn 0.2603 -0.9654 -0.0125
vn 0.2604 -0.9655 -0.0069
vn 0.2350 -0.9719 -0.0127
vn 0.2351 -0.9719 -0.0079
vn 0.2095 -0.9777 -0.0122
vn 0.2094 -0.9778 -0.0081
vn 0.1821 -0.9832 -0.0115
vn 0.1822 -0.9832 -0.0089
vn 0.1516 -0.9884 -0.0115
vn 0.1515 -0.9884 -0.0089
vn 0.1165 -0.9931 -0.0122
vn 0.1165 -0.9931 -0.0098
vn 0.4947 -0.8691 -0.0001
vn 0.4939 -0.8695 -0.0035
vn 0.4540 -0.8910 -0.0044
vn 0.4544 -0.8908 -0.0010
vn 0.4194 -0.9078 -0.0043
vn 0.4196 -0.9077 -0.0053
vn 0.3885 -0.9214 -0.0068
vn 0.3880 -0.9216 -0.0084
vn 0.3618 -0.9322 -0.0097
vn 0.3600 -0.9329 -0.0119
vn 0.3347 -0.9423 -0.0099
vn 0.3340 -0.9424 -0.0160
vn 0.3092 -0.9509 -0.0111
vn 0.3090 -0.9509 -0.0187
vn 0.2888 -0.9572 -0.0168
vn 0.2857 -0.9581 -0.0209
vn 0.2616 -0.9650 -0.0210
vn 0.2607 -0.9653 -0.0132
vn 0.2355 -0.9716 -0.0208
vn 0.2343 -0.9721 -0.0141
vn 0.2106 -0.9775 -0.0143
vn 0.2105 -0.9774 -0.0206
vn 0.1842 -0.9827 -0.0207
vn 0.1838 -0.9828 -0.0145
vn 0.1550 -0.9877 -0.0208
vn 0.1542 -0.9879 -0.0146
vn 0.1214 -0.9924 -0.0220
vn 0.1200 -0.9926 -0.0157
vn 0.4913 -0.8710 -0.0043
vn 0.4493 -0.8933 -0.0072
vn 0.4484 -0.8937 -0.0134
vn 0.4152 -0.9096 -0.0110
vn 0.4148 -0.9098 -0.0169
vn 0.3850 -0.9228 -0.0144
vn 0.3846 -0.9229 -0.0210
vn 0.3580 -0.9334 -0.0255
vn 0.3582 -0.9335 -0.0174
vn 0.3379 -0.9408 -0.0257
vn 0.3280 -0.9445 -0.0200
vn 0.3080 -0.9508 -0.0339
vn 0.3077 -0.9513 -0.0192
vn 0.2845 -0.9580 -0.0354
vn 0.2843 -0.9585 -0.0212
vn 0.2601 -0.9653 -0.0225
vn 0.2601 -0.9653 -0.0227
vn 0.2366 -0.9710 -0.0351
vn 0.2358 -0.9715 -0.0242
vn 0.2123 -0.9766 -0.0345
vn 0.2129 -0.9767 -0.0258
vn 0.1852 -0.9824 -0.0223
vn 0.1562 -0.9875 -0.0223
vn 0.1562 -0.9875 -0.0224
vn 0.1231 -0.9921 -0.0241
vn 0.1231 -0.9921 -0.0240
vn 0.4831 -0.8754 -0.0162
vn 0.4454 -0.8952 -0.0168
vn 0.4128 -0.9106 -0.0196
vn 0.4128 -0.9106 -0.0195
vn 0.3834 -0.9233 -0.0233
vn 0.3568 -0.9338 -0.0274
vn 0.3568 -0.9338 -0.0272
vn 0.3318 -0.9429 -0.0307
vn 0.3318 -0.9428 -0.0306
vn 0.3075 -0.9510 -0.0333
vn 0.2833 -0.9584 -0.0351
vn 0.2832 -0.9584 -0.0354
vn 0.2599 -0.9649 -0.0367
vn 0.2599 -0.9649 -0.0365
vn 0.2600 -0.9649 -0.0366
vn 0.2599 -0.9649 -0.0370
vn 0.2368 -0.9709 -0.0367
vn 0.2367 -0.9709 -0.0369
vn 0.2128 -0.9764 -0.0366
vn 0.1873 -0.9816 -0.0363
vn 0.1873 -0.9816 -0.0364
vn 0.1874 -0.9816 -0.0364
vn 0.1595 -0.9865 -0.0367
vn 0.1595 -0.9865 -0.0368
vn 0.1281 -0.9910 -0.0391
vn 0.4742 -0.8798 -0.0326
vn 0.4743 -0.8798 -0.0325
vn 0.4391 -0.8978 -0.0338
vn 0.4080 -0.9122 -0.0372
vn 0.3796 -0.9242 -0.0414
vn 0.3796 -0.9242 -0.0413
vn 0.3796 -0.9242 -0.0412
vn 0.3539 -0.9342 -0.0457
vn 0.3539 -0.9342 -0.0456
vn 0.3298 -0.9428 -0.0494
vn 0.3296 -0.9428 -0.0493
vn 0.3296 -0.9428 -0.0492
vn 0.3058 -0.9507 -0.0522
vn 0.3058 -0.9507 -0.0521
vn 0.3057 -0.9507 -0.0521
vn 0.2818 -0.9579 -0.0546
vn 0.2817 -0.9579 -0.0551
vn 0.2819 -0.9579 -0.0544
vn 0.2816 -0.9580 -0.0548
vn 0.2589 -0.9643 -0.0557
vn 0.2590 -0.9643 -0.0557
vn 0.2593 -0.9642 -0.0561
vn 0.2588 -0.9643 -0.0556
vn 0.2364 -0.9700 -0.0564
vn 0.2364 -0.9700 -0.0563
vn 0.2133 -0.9754 -0.0562
vn 0.2133 -0.9754 -0.0561
vn 0.1887 -0.9804 -0.0560
vn 0.1887 -0.9804 -0.0559
vn 0.1887 -0.9804 -0.0561
vn 0.1622 -0.9852 -0.0560
vn 0.1622 -0.9852 -0.0561
vn 0.1327 -0.9894 -0.0582
vn 0.4659 -0.8831 -0.0558
vn 0.4333 -0.8993 -0.0591
vn 0.4333 -0.8993 -0.0592
vn 0.4039 -0.9126 -0.0630
vn 0.3762 -0.9241 -0.0670
vn 0.3762 -0.9241 -0.0671
vn 0.3510 -0.9337 -0.0710
vn 0.3510 -0.9337 -0.0711
vn 0.3511 -0.9337 -0.0710
vn 0.3271 -0.9420 -0.0746
vn 0.3271 -0.9420 -0.0747
vn 0.3036 -0.9496 -0.0775
vn 0.3036 -0.9497 -0.0774
vn 0.3036 -0.9496 -0.0776
vn 0.2799 -0.9567 -0.0799
vn 0.2799 -0.9567 -0.0800
vn 0.2800 -0.9567 -0.0796
vn 0.2801 -0.9567 -0.0795
vn 0.2572 -0.9629 -0.0817
vn 0.2571 -0.9629 -0.0817
vn 0.2572 -0.9629 -0.0819
vn 0.2573 -0.9629 -0.0820
vn 0.2349 -0.9685 -0.0827
vn 0.2348 -0.9685 -0.0830
vn 0.2347 -0.9685 -0.0834
vn 0.2348 -0.9685 -0.0828
vn 0.2121 -0.9737 -0.0832
vn 0.2121 -0.9737 -0.0831
vn 0.1882 -0.9786 -0.0834
vn 0.1882 -0.9786 -0.0833
vn 0.1631 -0.9831 -0.0833
vn 0.1358 -0.9872 -0.0838
vn 0.1358 -0.9872 -0.0837
vn 0.4932 -0.8665 0.0774
vn 0.4932 -0.8664 0.0774
vn 0.4596 -0.8846 0.0786
vn 0.4596 -0.8847 0.0785
vn 0.4301 -0.8989 0.0835
vn 0.4301 -0.8989 0.0836
vn 0.4015 -0.9117 0.0866
vn 0.4015 -0.9118 0.0865
vn 0.4015 -0.9117 0.0867
vn 0.3740 -0.9231 0.0895
vn 0.3740 -0.9231 0.0896
vn 0.3743 -0.9230 0.0895
vn 0.3742 -0.9230 0.0897
vn 0.3489 -0.9326 0.0925
vn 0.3251 -0.9409 0.0952
vn 0.3251 -0.9409 0.0953
vn 0.3251 -0.9408 0.0954
vn 0.3016 -0.9485 0.0972
vn 0.3015 -0.9484 0.0978
vn 0.3015 -0.9485 0.0977
vn 0.2776 -0.9555 0.1001
vn 0.2775 -0.9555 0.0998
vn 0.2774 -0.9556 0.0997
vn 0.2777 -0.9554 0.1002
vn 0.2548 -0.9616 0.1021
vn 0.2325 -0.9670 0.1039
vn 0.2322 -0.9670 0.1044
vn 0.2324 -0.9670 0.1040
vn 0.2100 -0.9720 0.1051
vn 0.2099 -0.9720 0.1054
vn 0.2099 -0.9720 0.1053
vn 0.1858 -0.9768 0.1063
vn 0.1860 -0.9768 0.1060
vn 0.1614 -0.9810 0.1076
vn 0.1614 -0.9810 0.1075
vn 0.1368 -0.9850 0.1055
vn 0.1089 -0.9883 0.1070
vn 0.1058 -0.9916 0.0744
vn 0.0996 -0.9937 0.0510
vn 0.0923 -0.9952 0.0319
vn 0.0845 -0.9963 0.0151
vn 0.0723 -0.9974 -0.0016
vn 0.0757 -0.9971 0.0016
vn 0.0708 -0.9975 -0.0005
vn 0.0653 -0.9979 -0.0054
vn 0.0657 -0.9978 -0.0041
vn 0.0636 -0.9980 -0.0061
vn 0.0635 -0.9980 -0.0066
vn 0.0649 -0.9979 -0.0083
vn 0.0656 -0.9978 -0.0080
vn 0.0700 -0.9975 -0.0134
vn 0.0705 -0.9974 -0.0122
vn 0.0733 -0.9972 -0.0164
vn 0.0815 -0.9963 -0.0282
vn 0.0901 -0.9949 -0.0452
vn 0.0901 -0.9949 -0.0451
vn 0.0979 -0.9930 -0.0656
vn 0.1041 -0.9905 -0.0897
vn 0.1040 -0.9905 -0.0897
vn 0.1073 -0.9866 -0.1225
vn 0.1073 -0.9867 -0.1225
vn 0.1352 -0.9834 -0.1208
vn 0.1596 -0.9796 -0.1223
vn 0.1596 -0.9796 -0.1222
vn 0.1596 -0.9796 -0.1221
vn 0.1598 -0.9796 -0.1217
vn 0.1843 -0.9754 -0.1210
vn 0.1843 -0.9753 -0.1214
vn 0.1842 -0.9754 -0.1211
vn 0.2081 -0.9707 -0.1199
vn 0.2083 -0.9707 -0.1200
vn 0.2082 -0.9707 -0.1198
vn 0.2082 -0.9707 -0.1196
vn 0.2310 -0.9658 -0.1175
vn 0.2310 -0.9658 -0.1174
vn 0.2535 -0.9604 -0.1157
vn 0.2535 -0.9604 -0.1159
vn 0.2535 -0.9604 -0.1160
vn 0.2534 -0.9604 -0.1161
vn 0.2765 -0.9543 -0.1138
vn 0.2766 -0.9542 -0.1139
vn 0.2769 -0.9541 -0.1141
vn 0.3004 -0.9473 -0.1114
vn 0.3003 -0.9473 -0.1114
vn 0.3004 -0.9473 -0.1113
vn 0.3245 -0.9396 -0.1085
vn 0.3244 -0.9397 -0.1085
vn 0.3243 -0.9397 -0.1086
vn 0.3482 -0.9314 -0.1058
vn 0.3483 -0.9314 -0.1058
vn 0.3483 -0.9314 -0.1057
vn 0.3483 -0.9314 -0.1056
vn 0.3735 -0.9219 -0.1026
vn 0.4011 -0.9106 -0.0995
vn 0.4011 -0.9106 -0.0997
vn 0.4011 -0.9106 -0.0996
vn 0.4298 -0.8977 -0.0965
vn 0.4298 -0.8977 -0.0964
vn 0.4298 -0.8977 -0.0966
vn 0.4595 -0.8835 -0.0915
vn 0.4595 -0.8834 -0.0915
vn 0.4931 -0.8653 -0.0903
vn 0.4931 -0.8652 -0.0904
vn 0.5036 -0.8620 -0.0585
vn 0.5155 -0.8561 -0.0370
vn 0.5155 -0.8561 -0.0369
vn 0.5276 -0.8492 -0.0204
vn 0.5387 -0.8425 -0.0074
vn 0.5418 -0.8405 -0.0067
vn 0.5447 -0.8386 -0.0009
vn 0.5509 -0.8346 -0.0016
vn 0.5511 -0.8344 0.0018
vn 0.5568 -0.8307 -0.0010
vn 0.5560 -0.8311 0.0017
vn 0.5576 -0.8301 -0.0077
vn 0.5570 -0.8305 -0.0012
vn 0.5551 -0.8317 -0.0092
vn 0.5563 -0.8309 -0.0103
vn 0.5511 -0.8343 -0.0131
vn 0.5504 -0.8349 -0.0099
vn 0.5426 -0.8400 -0.0057
vn 0.5419 -0.8404 -0.0079
vn 0.5378 -0.8430 -0.0034
vn 0.5378 -0.8431 -0.0033
vn 0.5268 -0.8499 0.0090
vn 0.5149 -0.8569 0.0251
vn 0.5149 -0.8569 0.0250
vn 0.5032 -0.8629 0.0460
vn -0.5884 0.8000 0.1176
vn -0.6277 0.7612 0.1633
vn -0.6277 0.7611 0.1633
vn -0.6640 0.7172 0.2117
vn -0.6640 0.7171 0.2117
vn -0.6972 0.6661 0.2650
vn -0.7238 0.6104 0.3216
vn -0.7420 0.5507 0.3824
vn -0.7489 0.4886 0.4477
vn -0.6143 0.7848 0.0816
vn -0.6147 0.7845 0.0820
vn -0.6146 0.7846 0.0819
vn -0.6648 0.7370 0.1218
vn -0.7123 0.6814 0.1682
vn -0.7551 0.6177 0.2197
vn -0.7551 0.6178 0.2197
vn -0.7896 0.5485 0.2752
vn -0.8132 0.4751 0.3362
vn -0.8131 0.4751 0.3362
vn -0.8228 0.4013 0.4025
vn -0.6373 0.7686 0.0549
vn -0.6374 0.7686 0.0550
vn -0.6374 0.7686 0.0551
vn -0.6960 0.7128 0.0861
vn -0.6960 0.7129 0.0860
vn -0.7428 0.6576 0.1259
vn -0.7534 0.6455 0.1258
vn -0.7394 0.6618 0.1234
vn -0.7958 0.5811 0.1702
vn -0.8051 0.5674 0.1728
vn -0.7915 0.5892 0.1622
vn -0.6572 0.7529 0.0337
vn -0.6572 0.7530 0.0336
vn -0.7225 0.6891 0.0567
vn -0.7225 0.6891 0.0568
vn -0.6667 0.7448 0.0285
vn -0.6734 0.7390 0.0185
vn -0.6674 0.7443 0.0254
vn -0.4110 0.0710 0.9089
vn -0.4109 0.0710 0.9089
vn -0.4274 -0.0083 0.9040
vn -0.4440 -0.0662 0.8936
vn -0.4943 0.1297 0.8595
vn -0.5240 0.0364 0.8510
vn -0.5240 0.0365 0.8509
vn -0.5241 0.0366 0.8509
vn -0.5470 -0.0443 0.8360
vn -0.5682 0.1879 0.8011
vn -0.6128 0.0891 0.7852
vn -0.6466 -0.0049 0.7628
vn -0.6466 -0.0048 0.7628
vn -0.6467 -0.0046 0.7627
vn -0.6327 0.2477 0.7337
vn -0.6892 0.1457 0.7098
vn -0.7331 0.0428 0.6787
vn -0.6837 0.3068 0.6622
vn -0.7490 0.2040 0.6304
vn -0.8004 0.0971 0.5915
vn -0.7204 0.3665 0.5888
vn -0.7916 0.2663 0.5499
vn -0.8481 0.1611 0.5047
vn -0.4097 0.0530 -0.9107
vn -0.4102 0.0532 -0.9104
vn -0.4963 0.1150 -0.8605
vn -0.5730 0.1766 -0.8003
vn -0.6395 0.2394 -0.7305
vn -0.6916 0.3012 -0.6565
vn -0.7287 0.3629 -0.5808
vn -0.7286 0.3629 -0.5808
vn -0.7500 0.4252 -0.5066
vn -0.4247 -0.0279 -0.9049
vn -0.5241 0.0189 -0.8514
vn -0.5241 0.0188 -0.8515
vn -0.5241 0.0188 -0.8514
vn -0.6160 0.0745 -0.7842
vn -0.6948 0.1343 -0.7065
vn -0.7560 0.1956 -0.6246
vn -0.7990 0.2607 -0.5418
vn -0.7991 0.2607 -0.5418
vn -0.8232 0.3288 -0.4628
vn -0.4401 -0.0898 -0.8934
vn -0.5461 -0.0626 -0.8354
vn -0.5461 -0.0625 -0.8354
vn -0.6478 -0.0220 -0.7615
vn -0.7369 0.0289 -0.6754
vn -0.8058 0.0864 -0.5859
vn -0.8542 0.1534 -0.4968
vn -0.8815 0.2279 -0.4135
vn -0.4561 -0.1357 -0.8795
vn -0.5642 -0.1280 -0.8157
vn -0.6701 -0.1064 -0.7346
vn -0.6700 -0.1065 -0.7346
vn -0.6701 -0.1065 -0.7346
vn -0.5892 0.8012 -0.1050
vn -0.5892 0.8011 -0.1053
vn -0.6148 0.7856 -0.0695
vn -0.6149 0.7856 -0.0696
vn -0.6372 0.7695 -0.0430
vn -0.6371 0.7696 -0.0430
vn -0.6568 0.7538 -0.0222
vn -0.6568 0.7538 -0.0221
vn -0.6729 0.7397 -0.0075
vn -0.6821 0.7312 -0.0024
vn -0.6847 0.7288 0.0019
vn -0.6793 0.7338 -0.0073
vn -0.6294 0.7623 -0.1508
vn -0.6659 0.7380 -0.1093
vn -0.6965 0.7138 -0.0739
vn -0.7226 0.6898 -0.0449
vn -0.7225 0.6899 -0.0451
vn -0.7224 0.6901 -0.0451
vn -0.7509 0.6590 -0.0432
vn -0.7436 0.6683 -0.0233
vn -0.7502 0.6598 -0.0428
vn -0.6668 0.7180 -0.1994
vn -0.7144 0.6822 -0.1558
vn -0.7547 0.6461 -0.1137
vn -0.7882 0.6107 -0.0760
vn -0.7882 0.6107 -0.0759
vn -0.7011 0.6667 -0.2529
vn -0.7583 0.6179 -0.2076
vn -0.8077 0.5673 -0.1608
vn -0.8076 0.5673 -0.1608
vn -0.7290 0.6103 -0.3100
vn -0.7289 0.6104 -0.3100
vn -0.7940 0.5479 -0.2634
vn -0.8497 0.4821 -0.2133
vn -0.8498 0.4821 -0.2133
vn -0.7482 0.5499 -0.3714
vn -0.7481 0.5499 -0.3714
vn -0.8187 0.4734 -0.3250
vn -0.8777 0.3932 -0.2738
vn -0.7423 0.4273 0.5162
vn -0.8161 0.3326 0.4726
vn -0.8751 0.2257 0.4281
vn -0.8756 0.2331 0.4231
vn -0.8757 0.2146 0.4326
vn -0.7561 0.4869 -0.4374
vn -0.7562 0.4869 -0.4372
vn -0.8292 0.3985 -0.3921
vn -0.8292 0.3985 -0.3920
vn -0.8887 0.3061 -0.3414
vn -0.5281 0.8413 0.1155
vn -0.5280 0.8413 0.1156
vn -0.5557 0.8156 0.1613
vn -0.5822 0.7867 0.2054
vn -0.5822 0.7866 0.2054
vn -0.6087 0.7520 0.2529
vn -0.6328 0.7110 0.3068
vn -0.6517 0.6657 0.3635
vn -0.6518 0.6657 0.3634
vn -0.6638 0.6170 0.4228
vn -0.6670 0.5651 0.4855
vn -0.5467 0.8337 0.0773
vn -0.5463 0.8340 0.0778
vn -0.5634 0.8245 0.0526
vn -0.5634 0.8245 0.0527
vn -0.5802 0.8138 0.0331
vn -0.5949 0.8036 0.0172
vn -0.6099 0.7924 0.0074
vn -0.6069 0.7947 0.0070
vn -0.6126 0.7904 0.0021
vn -0.6178 0.7863 0.0016
vn -0.6176 0.7865 0.0045
vn -0.6193 0.7852 0.0049
vn -0.6197 0.7848 0.0068
vn -0.3196 0.1003 0.9422
vn -0.3196 0.1002 0.9422
vn -0.3219 0.0203 0.9466
vn -0.3316 -0.0342 0.9428
vn -0.3655 -0.0454 0.9297
vn -0.3902 0.1681 0.9053
vn -0.4527 0.2263 0.8625
vn -0.5121 0.2834 0.8108
vn -0.5121 0.2834 0.8109
vn -0.5658 0.3437 0.7495
vn -0.6087 0.4015 0.6843
vn -0.6399 0.4571 0.6177
vn -0.6594 0.5119 0.5506
vn -0.6594 0.5118 0.5507
vn -0.3171 0.0822 -0.9448
vn -0.3169 0.0822 -0.9449
vn -0.3909 0.1541 -0.9074
vn -0.4560 0.2153 -0.8636
vn -0.4560 0.2153 -0.8635
vn -0.5176 0.2751 -0.8102
vn -0.5731 0.3384 -0.7464
vn -0.6170 0.3984 -0.6787
vn -0.6484 0.4557 -0.6098
vn -0.6676 0.5112 -0.5413
vn -0.6675 0.5112 -0.5413
vn -0.3172 -0.0006 -0.9484
vn -0.3263 -0.0560 -0.9436
vn -0.3388 -0.0993 -0.9356
vn -0.3873 -0.0832 -0.9182
vn -0.3873 -0.0833 -0.9182
vn -0.5286 0.8426 -0.1028
vn -0.5287 0.8426 -0.1028
vn -0.5462 0.8351 -0.0652
vn -0.5630 0.8255 -0.0403
vn -0.5630 0.8254 -0.0403
vn -0.5630 0.8255 -0.0402
vn -0.5796 0.8146 -0.0214
vn -0.5942 0.8043 -0.0061
vn -0.6091 0.7931 0.0030
vn -0.6120 0.7909 0.0081
vn -0.6063 0.7952 0.0037
vn -0.6063 0.7953 0.0037
vn -0.6168 0.7871 0.0066
vn -0.6181 0.7860 0.0087
vn -0.5572 0.8169 -0.1489
vn -0.5846 0.7880 -0.1931
vn -0.6121 0.7533 -0.2407
vn -0.6372 0.7120 -0.2950
vn -0.6372 0.7119 -0.2950
vn -0.6573 0.6663 -0.3522
vn -0.6703 0.6171 -0.4121
vn -0.6744 0.5648 -0.4755
vn -0.6744 0.5649 -0.4755
vn 0.2330 0.2294 0.9450
vn 0.2516 0.1955 0.9479
vn 0.2765 0.1018 0.9556
vn 0.2749 0.1009 0.9562
vn 0.2721 0.1043 0.9566
vn 0.2030 0.2189 0.9544
vn 0.2205 0.1805 0.9585
vn 0.2685 0.1052 0.9575
vn 0.1741 0.2095 0.9622
vn 0.1906 0.1690 0.9670
vn 0.2087 0.0964 0.9732
vn 0.2023 0.1013 0.9741
vn 0.2018 0.0977 0.9745
vn 0.1458 0.1999 0.9689
vn 0.1458 0.2000 0.9689
vn 0.1459 0.1998 0.9689
vn 0.1615 0.1593 0.9739
vn 0.1615 0.1592 0.9739
vn 0.1615 0.1592 0.9740
vn 0.1967 0.0953 0.9758
vn 0.1184 0.1901 0.9746
vn 0.1184 0.1900 0.9746
vn 0.1185 0.1903 0.9746
vn 0.1332 0.1494 0.9798
vn 0.1332 0.1495 0.9798
vn 0.1501 0.0622 0.9867
vn 0.1478 0.0624 0.9870
vn 0.1471 0.0637 0.9871
vn 0.0911 0.1785 0.9797
vn 0.0911 0.1788 0.9797
vn 0.0910 0.1790 0.9796
vn 0.0910 0.1789 0.9796
vn 0.1051 0.1379 0.9849
vn 0.1051 0.1380 0.9848
vn 0.1051 0.1380 0.9849
vn 0.1457 0.0620 0.9874
vn 0.1458 0.0621 0.9874
vn 0.0629 0.1656 0.9842
vn 0.0627 0.1658 0.9842
vn 0.0769 0.1241 0.9893
vn 0.0769 0.1242 0.9893
vn 0.0877 0.0409 0.9953
vn 0.0911 0.0410 0.9950
vn 0.0848 0.0390 0.9956
vn 0.0331 0.1505 0.9881
vn 0.0465 0.1084 0.9930
vn 0.0826 0.0376 0.9959
vn 0.0031 0.1341 0.9910
vn 0.0163 0.0908 0.9957
vn 0.0247 0.0591 0.9979
vn 0.0247 0.0592 0.9979
vn -0.0275 0.1158 0.9929
vn -0.0275 0.1157 0.9929
vn -0.0274 0.1156 0.9929
vn -0.0147 0.0710 0.9974
vn -0.0148 0.0710 0.9974
vn -0.0062 0.0186 0.9998
vn -0.0606 0.0951 0.9936
vn -0.0486 0.0488 0.9976
vn -0.0344 0.0047 0.9994
vn -0.0346 0.0047 0.9994
vn -0.0346 0.0048 0.9994
vn -0.0341 0.0043 0.9994
vn -0.0979 0.0729 0.9925
vn -0.0870 0.0252 0.9959
vn -0.0827 -0.0127 0.9965
vn -0.1388 0.0491 0.9891
vn -0.1306 0.0009 0.9914
vn -0.1305 0.0009 0.9914
vn -0.1311 -0.0293 0.9909
vn -0.1311 -0.0289 0.9910
vn -0.1851 0.0245 0.9824
vn -0.1824 -0.0219 0.9830
vn -0.1854 -0.0518 0.9813
vn -0.1850 -0.0518 0.9814
vn -0.1853 -0.0518 0.9813
vn 0.2396 0.2933 0.9255
vn 0.2636 0.2498 0.9317
vn 0.2831 0.2217 0.9331
vn 0.3646 0.1229 0.9230
vn -0.2245 -0.0494 0.9732
vn -0.2479 -0.0369 0.9681
vn -0.2434 0.0076 0.9699
vn -0.2492 0.0708 0.9659
vn -0.1994 0.0924 0.9755
vn -0.1994 0.0924 0.9756
vn -0.1592 0.1187 0.9801
vn -0.1193 0.1393 0.9830
vn -0.0814 0.1585 0.9840
vn -0.0813 0.1584 0.9840
vn -0.0475 0.1760 0.9832
vn -0.0475 0.1760 0.9833
vn -0.0166 0.1919 0.9813
vn -0.0164 0.1921 0.9812
vn -0.0167 0.1922 0.9812
vn -0.0167 0.1918 0.9813
vn 0.0141 0.2068 0.9783
vn 0.0141 0.2067 0.9783
vn 0.0141 0.2066 0.9783
vn 0.0443 0.2208 0.9743
vn 0.0443 0.2209 0.9743
vn 0.0440 0.2210 0.9743
vn 0.0725 0.2335 0.9697
vn 0.0725 0.2334 0.9697
vn 0.0725 0.2336 0.9696
vn 0.0725 0.2335 0.9696
vn 0.0997 0.2448 0.9644
vn 0.0997 0.2446 0.9645
vn 0.0995 0.2452 0.9643
vn 0.0995 0.2453 0.9643
vn 0.1264 0.2557 0.9585
vn 0.1261 0.2556 0.9585
vn 0.1263 0.2553 0.9586
vn 0.1263 0.2557 0.9585
vn 0.1540 0.2659 0.9516
vn 0.1540 0.2660 0.9516
vn 0.1539 0.2661 0.9516
vn 0.1538 0.2662 0.9516
vn 0.1815 0.2758 0.9439
vn 0.1815 0.2759 0.9439
vn 0.2098 0.2815 0.9363
vn -0.1787 0.0033 -0.9839
vn -0.1756 -0.0433 -0.9835
vn -0.1785 -0.0762 -0.9810
vn -0.1832 -0.0595 -0.9813
vn -0.1325 0.0288 -0.9908
vn -0.1238 -0.0198 -0.9921
vn -0.1226 -0.0527 -0.9911
vn -0.1428 -0.0503 -0.9885
vn -0.0918 0.0531 -0.9944
vn -0.0804 0.0051 -0.9967
vn -0.0762 -0.0277 -0.9967
vn -0.0768 -0.0293 -0.9966
vn -0.0767 -0.0289 -0.9966
vn -0.0774 -0.0305 -0.9965
vn -0.0778 -0.0304 -0.9965
vn -0.0545 0.0760 -0.9956
vn -0.0421 0.0295 -0.9987
vn -0.0384 -0.0062 -0.9992
vn -0.0363 -0.0030 -0.9993
vn -0.0391 -0.0105 -0.9992
vn -0.0420 -0.0139 -0.9990
vn -0.0422 -0.0137 -0.9990
vn -0.0213 0.0972 -0.9950
vn -0.0085 0.0523 -0.9986
vn -0.0013 0.0202 -0.9998
vn 0.0016 -0.0001 -1.0000
vn 0.0019 -0.0000 -1.0000
vn 0.0018 -0.0000 -1.0000
vn 0.0093 0.1161 -0.9932
vn 0.0093 0.1160 -0.9932
vn 0.0227 0.0725 -0.9971
vn 0.0311 0.0407 -0.9987
vn 0.0311 0.0408 -0.9987
vn 0.0387 0.0146 -0.9991
vn 0.0389 0.0147 -0.9991
vn 0.0389 0.0148 -0.9991
vn 0.0394 0.1327 -0.9904
vn 0.0394 0.1328 -0.9904
vn 0.0530 0.0901 -0.9945
vn 0.0624 0.0587 -0.9963
vn 0.0696 0.0267 -0.9972
vn 0.0693 0.0268 -0.9972
vn 0.0693 0.0269 -0.9972
vn 0.0697 0.1478 -0.9866
vn 0.0693 0.1477 -0.9866
vn 0.0831 0.1057 -0.9909
vn 0.0831 0.1058 -0.9909
vn 0.0831 0.1056 -0.9909
vn 0.0930 0.0747 -0.9929
vn 0.0931 0.0746 -0.9929
vn 0.0931 0.0747 -0.9929
vn 0.1053 0.0447 -0.9934
vn 0.1053 0.0448 -0.9934
vn 0.0978 0.1608 -0.9821
vn 0.0979 0.1607 -0.9821
vn 0.1121 0.1198 -0.9864
vn 0.1122 0.1196 -0.9865
vn 0.1120 0.1195 -0.9865
vn 0.1120 0.1193 -0.9865
vn 0.1228 0.0885 -0.9885
vn 0.1228 0.0884 -0.9885
vn 0.1316 0.0553 -0.9898
vn 0.1316 0.0551 -0.9898
vn 0.1315 0.0554 -0.9898
vn 0.1253 0.1720 -0.9771
vn 0.1253 0.1718 -0.9771
vn 0.1252 0.1723 -0.9771
vn 0.1252 0.1721 -0.9771
vn 0.1403 0.1301 -0.9815
vn 0.1403 0.1302 -0.9815
vn 0.1519 0.1000 -0.9833
vn 0.1801 0.0489 -0.9824
vn 0.1801 0.0486 -0.9824
vn 0.1802 0.0490 -0.9824
vn 0.1531 0.1814 -0.9714
vn 0.1531 0.1813 -0.9714
vn 0.1689 0.1395 -0.9757
vn 0.1813 0.1100 -0.9773
vn 0.1948 0.0509 -0.9795
vn 0.1947 0.0510 -0.9795
vn 0.1819 0.1903 -0.9647
vn 0.1819 0.1904 -0.9647
vn 0.1819 0.1905 -0.9647
vn 0.1986 0.1486 -0.9688
vn 0.1986 0.1486 -0.9687
vn 0.2118 0.1201 -0.9699
vn 0.2545 0.0572 -0.9654
vn 0.2556 0.0553 -0.9652
vn 0.2517 0.0557 -0.9662
vn 0.2112 0.1991 -0.9570
vn 0.2292 0.1588 -0.9603
vn 0.2431 0.1324 -0.9609
vn 0.2602 0.0535 -0.9641
vn 0.2418 0.2090 -0.9476
vn 0.2418 0.2090 -0.9475
vn 0.2610 0.1725 -0.9498
vn 0.2763 0.1493 -0.9494
vn 0.3935 -0.0271 -0.9189
vn 0.3935 -0.0272 -0.9189
vn -0.2444 0.0506 -0.9684
vn -0.2373 -0.0140 -0.9713
vn -0.2412 -0.0590 -0.9687
vn -0.2493 -0.0936 -0.9639
vn -0.2573 -0.0662 -0.9641
vn 0.3294 0.1509 -0.9321
vn 0.3294 0.1508 -0.9321
vn 0.2938 0.1957 -0.9356
vn 0.2726 0.2278 -0.9348
vn 0.2484 0.2742 -0.9290
vn 0.2187 0.2629 -0.9397
vn 0.1897 0.2577 -0.9474
vn 0.1897 0.2576 -0.9474
vn 0.1617 0.2482 -0.9551
vn 0.1617 0.2483 -0.9551
vn 0.1618 0.2481 -0.9551
vn 0.1336 0.2375 -0.9621
vn 0.1337 0.2379 -0.9621
vn 0.1337 0.2377 -0.9621
vn 0.1336 0.2377 -0.9621
vn 0.1067 0.2272 -0.9680
vn 0.1066 0.2272 -0.9680
vn 0.1067 0.2273 -0.9680
vn 0.0791 0.2159 -0.9732
vn 0.0792 0.2160 -0.9732
vn 0.0791 0.2161 -0.9732
vn 0.0791 0.2158 -0.9732
vn 0.0507 0.2033 -0.9778
vn 0.0507 0.2032 -0.9778
vn 0.0203 0.1890 -0.9818
vn 0.0203 0.1891 -0.9818
vn -0.0103 0.1741 -0.9847
vn -0.0102 0.1743 -0.9846
vn -0.0102 0.1741 -0.9847
vn -0.0416 0.1581 -0.9866
vn -0.0416 0.1582 -0.9865
vn -0.0417 0.1581 -0.9865
vn -0.0416 0.1580 -0.9866
vn -0.0758 0.1401 -0.9872
vn -0.1138 0.1206 -0.9862
vn -0.1540 0.0996 -0.9830
vn -0.1943 0.0726 -0.9783
vn -0.1943 0.0726 -0.9782
vn -0.4713 0.8588 0.2009
vn -0.4349 0.8777 0.2013
vn -0.4349 0.8777 0.2014
vn -0.4019 0.8933 0.2012
vn -0.3714 0.9064 0.2011
vn -0.3713 0.9064 0.2012
vn -0.3713 0.9064 0.2011
vn -0.3432 0.9175 0.2012
vn -0.3433 0.9174 0.2014
vn -0.3433 0.9174 0.2013
vn -0.3172 0.9265 0.2025
vn -0.3172 0.9265 0.2024
vn -0.3171 0.9266 0.2023
vn -0.2910 0.9347 0.2040
vn -0.2910 0.9346 0.2043
vn -0.2910 0.9348 0.2038
vn -0.2910 0.9348 0.2037
vn -0.2645 0.9420 0.2067
vn -0.2646 0.9420 0.2066
vn -0.2646 0.9420 0.2065
vn -0.2392 0.9480 0.2099
vn -0.2392 0.9480 0.2098
vn -0.2392 0.9481 0.2097
vn -0.2392 0.9480 0.2100
vn -0.2142 0.9531 0.2137
vn -0.1887 0.9575 0.2181
vn -0.1619 0.9614 0.2224
vn -0.1338 0.9648 0.2263
vn -0.1338 0.9649 0.2262
vn -0.1338 0.9648 0.2262
vn -0.1038 0.9680 0.2285
vn -0.4833 0.8385 0.2518
vn -0.4833 0.8385 0.2517
vn -0.4414 0.8599 0.2565
vn -0.4044 0.8776 0.2574
vn -0.3709 0.8924 0.2571
vn -0.3406 0.9046 0.2565
vn -0.3406 0.9045 0.2565
vn -0.3121 0.9148 0.2565
vn -0.3121 0.9148 0.2566
vn -0.3121 0.9148 0.2564
vn -0.2840 0.9233 0.2587
vn -0.2840 0.9233 0.2586
vn -0.2841 0.9233 0.2586
vn -0.2840 0.9233 0.2584
vn -0.2559 0.9307 0.2613
vn -0.2559 0.9307 0.2612
vn -0.2559 0.9308 0.2611
vn -0.2286 0.9369 0.2644
vn -0.2016 0.9419 0.2686
vn -0.1739 0.9460 0.2735
vn -0.1447 0.9497 0.2778
vn -0.1139 0.9532 0.2802
vn -0.0805 0.9568 0.2792
vn -0.0805 0.9569 0.2792
vn -0.4953 0.8136 0.3045
vn -0.4480 0.8376 0.3127
vn -0.4067 0.8574 0.3155
vn -0.3699 0.8738 0.3156
vn -0.3366 0.8873 0.3153
vn -0.3366 0.8872 0.3155
vn -0.3365 0.8872 0.3155
vn -0.3053 0.8985 0.3153
vn -0.3052 0.8983 0.3161
vn -0.3054 0.8983 0.3159
vn -0.3054 0.8986 0.3152
vn -0.2756 0.9073 0.3176
vn -0.2752 0.9074 0.3176
vn -0.2755 0.9072 0.3178
vn -0.2450 0.9152 0.3201
vn -0.2450 0.9151 0.3202
vn -0.2156 0.9215 0.3230
vn -0.1865 0.9265 0.3268
vn -0.1567 0.9305 0.3311
vn -0.1252 0.9341 0.3343
vn -0.0919 0.9378 0.3348
vn -0.0534 0.9414 0.3329
vn -0.5054 0.7838 0.3610
vn -0.4531 0.8107 0.3707
vn -0.4076 0.8327 0.3748
vn -0.3674 0.8506 0.3761
vn -0.3674 0.8506 0.3762
vn -0.3310 0.8652 0.3767
vn -0.2971 0.8769 0.3780
vn -0.2971 0.8768 0.3781
vn -0.2971 0.8769 0.3779
vn -0.2642 0.8864 0.3800
vn -0.2642 0.8864 0.3801
vn -0.2320 0.8945 0.3823
vn -0.2319 0.8944 0.3825
vn -0.2320 0.8944 0.3823
vn -0.2320 0.8945 0.3822
vn -0.2006 0.9010 0.3845
vn -0.2006 0.9011 0.3845
vn -0.2006 0.9010 0.3846
vn -0.1694 0.9063 0.3873
vn -0.1694 0.9063 0.3872
vn -0.1375 0.9104 0.3901
vn -0.1038 0.9141 0.3921
vn -0.1038 0.9141 0.3920
vn -0.1038 0.9140 0.3921
vn -0.0676 0.9176 0.3917
vn -0.0219 0.9204 0.3904
vn -0.5123 0.7504 0.4177
vn -0.4555 0.7801 0.4289
vn -0.4062 0.8038 0.4346
vn -0.3626 0.8228 0.4376
vn -0.3230 0.8380 0.4397
vn -0.2864 0.8501 0.4419
vn -0.2864 0.8501 0.4418
vn -0.2512 0.8599 0.4443
vn -0.2512 0.8600 0.4442
vn -0.2512 0.8600 0.4441
vn -0.2512 0.8601 0.4441
vn -0.2169 0.8683 0.4460
vn -0.2169 0.8684 0.4460
vn -0.2169 0.8684 0.4459
vn -0.2169 0.8684 0.4458
vn -0.1838 0.8752 0.4474
vn -0.1838 0.8753 0.4474
vn -0.1838 0.8752 0.4475
vn -0.1508 0.8809 0.4486
vn -0.1170 0.8855 0.4497
vn -0.0817 0.8895 0.4496
vn -0.0422 0.8927 0.4487
vn 0.0109 0.8942 0.4475
vn -0.5147 0.7138 0.4749
vn -0.4542 0.7460 0.4870
vn -0.4542 0.7460 0.4871
vn -0.4542 0.7459 0.4871
vn -0.4014 0.7709 0.4945
vn -0.3548 0.7905 0.4993
vn -0.3548 0.7905 0.4992
vn -0.3125 0.8059 0.5029
vn -0.3123 0.8058 0.5032
vn -0.3125 0.8059 0.5028
vn -0.2734 0.8183 0.5056
vn -0.2734 0.8183 0.5057
vn -0.2363 0.8285 0.5077
vn -0.2362 0.8284 0.5079
vn -0.2362 0.8284 0.5080
vn -0.2362 0.8285 0.5078
vn -0.2003 0.8370 0.5092
vn -0.1656 0.8442 0.5098
vn -0.1312 0.8503 0.5097
vn -0.0960 0.8555 0.5088
vn -0.0964 0.8555 0.5087
vn -0.0961 0.8554 0.5089
vn -0.0960 0.8555 0.5089
vn -0.0593 0.8600 0.5069
vn -0.0166 0.8631 0.5047
vn 0.0425 0.8636 0.5023
vn 0.0425 0.8636 0.5024
vn -0.5114 0.6739 0.5332
vn -0.5114 0.6739 0.5333
vn -0.4480 0.7083 0.5456
vn -0.4480 0.7086 0.5452
vn -0.4480 0.7082 0.5456
vn -0.4480 0.7082 0.5457
vn -0.3926 0.7341 0.5540
vn -0.3924 0.7341 0.5542
vn -0.3926 0.7343 0.5538
vn -0.3927 0.7341 0.5540
vn -0.3436 0.7540 0.5598
vn -0.3436 0.7540 0.5599
vn -0.3436 0.7541 0.5598
vn -0.2992 0.7698 0.5638
vn -0.2992 0.7697 0.5639
vn -0.2992 0.7697 0.5640
vn -0.2583 0.7823 0.5668
vn -0.2197 0.7927 0.5687
vn -0.2197 0.7927 0.5686
vn -0.1826 0.8014 0.5696
vn -0.1826 0.8014 0.5695
vn -0.1827 0.8015 0.5695
vn -0.1826 0.8014 0.5697
vn -0.1467 0.8088 0.5695
vn -0.1468 0.8089 0.5694
vn -0.1112 0.8153 0.5683
vn -0.1112 0.8153 0.5682
vn -0.1112 0.8152 0.5684
vn -0.1112 0.8151 0.5685
vn -0.0751 0.8206 0.5665
vn -0.0751 0.8207 0.5664
vn -0.0751 0.8207 0.5665
vn -0.0373 0.8255 0.5632
vn -0.0373 0.8256 0.5631
vn 0.0077 0.8291 0.5591
vn 0.0706 0.8292 0.5544
vn -0.5010 0.6310 0.5923
vn -0.4362 0.6670 0.6041
vn -0.4362 0.6670 0.6040
vn -0.3793 0.6936 0.6124
vn -0.3286 0.7137 0.6186
vn -0.3287 0.7138 0.6184
vn -0.2833 0.7297 0.6223
vn -0.2413 0.7426 0.6248
vn -0.2416 0.7422 0.6251
vn -0.2413 0.7425 0.6248
vn -0.2020 0.7531 0.6261
vn -0.2020 0.7532 0.6260
vn -0.1641 0.7618 0.6267
vn -0.1641 0.7615 0.6270
vn -0.1274 0.7693 0.6260
vn -0.1274 0.7694 0.6259
vn -0.1276 0.7695 0.6258
vn -0.1274 0.7694 0.6260
vn -0.0912 0.7758 0.6244
vn -0.0912 0.7757 0.6245
vn -0.0912 0.7757 0.6244
vn -0.0544 0.7814 0.6217
vn -0.0544 0.7813 0.6218
vn -0.0163 0.7862 0.6178
vn -0.0164 0.7865 0.6174
vn -0.0162 0.7860 0.6180
vn -0.0162 0.7860 0.6181
vn 0.0296 0.7903 0.6120
vn 0.0296 0.7903 0.6121
vn 0.0939 0.7913 0.6042
vn 0.0940 0.7911 0.6044
vn 0.0939 0.7914 0.6041
vn -0.4831 0.5847 0.6518
vn -0.4831 0.5847 0.6517
vn -0.4178 0.6213 0.6629
vn -0.3604 0.6475 0.6715
vn -0.3604 0.6475 0.6714
vn -0.3093 0.6669 0.6779
vn -0.3093 0.6670 0.6779
vn -0.3093 0.6670 0.6778
vn -0.2631 0.6822 0.6822
vn -0.2631 0.6822 0.6821
vn -0.2208 0.6948 0.6845
vn -0.1810 0.7055 0.6852
vn -0.1810 0.7054 0.6853
vn -0.1427 0.7144 0.6851
vn -0.1427 0.7144 0.6850
vn -0.1058 0.7220 0.6838
vn -0.1058 0.7219 0.6838
vn -0.0697 0.7286 0.6814
vn -0.0696 0.7284 0.6816
vn -0.0697 0.7285 0.6815
vn -0.0332 0.7346 0.6777
vn 0.0049 0.7399 0.6727
vn 0.0492 0.7457 0.6645
vn 0.1125 0.7485 0.6535
vn 0.1125 0.7486 0.6535
vn -0.4574 0.5345 0.7107
vn -0.3930 0.5703 0.7213
vn -0.3358 0.5948 0.7304
vn -0.2847 0.6124 0.7375
vn -0.2384 0.6261 0.7424
vn -0.1962 0.6376 0.7449
vn -0.1962 0.6377 0.7449
vn -0.1962 0.6376 0.7450
vn -0.1565 0.6481 0.7453
vn -0.1565 0.6480 0.7453
vn -0.1184 0.6573 0.7443
vn -0.1184 0.6574 0.7442
vn -0.1184 0.6573 0.7442
vn -0.0820 0.6653 0.7420
vn -0.0820 0.6654 0.7420
vn -0.0466 0.6728 0.7384
vn -0.0466 0.6728 0.7383
vn -0.0112 0.6803 0.7329
vn 0.0256 0.6869 0.7263
vn 0.0669 0.6943 0.7166
vn 0.0669 0.6943 0.7165
vn 0.1268 0.6999 0.7029
vn -0.4240 0.4786 0.7689
vn -0.4240 0.4787 0.7688
vn -0.3616 0.5128 0.7786
vn -0.3056 0.5350 0.7876
vn -0.2552 0.5501 0.7951
vn -0.2096 0.5617 0.8004
vn -0.1679 0.5720 0.8029
vn -0.1679 0.5719 0.8029
vn -0.1290 0.5822 0.8028
vn -0.1291 0.5823 0.8027
vn -0.1290 0.5820 0.8029
vn -0.0915 0.5916 0.8010
vn -0.0916 0.5916 0.8010
vn -0.0917 0.5916 0.8010
vn -0.0562 0.6006 0.7976
vn -0.0563 0.6004 0.7977
vn -0.0565 0.6007 0.7975
vn -0.0561 0.6008 0.7974
vn -0.0224 0.6093 0.7926
vn 0.0112 0.6185 0.7857
vn 0.0460 0.6272 0.7775
vn 0.0842 0.6356 0.7674
vn 0.1382 0.6435 0.7529
vn -0.3833 0.4157 0.8248
vn -0.3242 0.4473 0.8336
vn -0.2704 0.4672 0.8418
vn -0.2215 0.4805 0.8486
vn -0.1774 0.4902 0.8534
vn -0.1371 0.4993 0.8555
vn -0.1371 0.4994 0.8555
vn -0.0994 0.5092 0.8549
vn -0.0994 0.5091 0.8549
vn -0.0634 0.5191 0.8524
vn -0.0631 0.5187 0.8526
vn -0.0633 0.5189 0.8525
vn -0.0634 0.5192 0.8523
vn -0.0296 0.5291 0.8481
vn -0.0296 0.5290 0.8481
vn 0.0024 0.5395 0.8420
vn 0.0338 0.5506 0.8341
vn 0.0664 0.5610 0.8251
vn 0.1019 0.5695 0.8156
vn 0.1481 0.5789 0.8018
vn -0.3387 0.3500 0.8734
vn -0.2828 0.3757 0.8825
vn -0.2317 0.3921 0.8903
vn -0.1851 0.4039 0.8959
vn -0.1431 0.4130 0.8994
vn -0.1431 0.4129 0.8995
vn -0.1049 0.4219 0.9006
vn -0.1049 0.4219 0.9005
vn -0.0691 0.4320 0.8992
vn -0.0693 0.4322 0.8991
vn -0.0692 0.4318 0.8993
vn -0.0344 0.4426 0.8961
vn -0.0342 0.4426 0.8961
vn -0.0342 0.4425 0.8961
vn -0.0343 0.4425 0.8961
vn -0.0025 0.4535 0.8912
vn -0.0025 0.4535 0.8913
vn -0.0025 0.4534 0.8913
vn 0.0274 0.4652 0.8848
vn 0.0567 0.4777 0.8767
vn 0.0870 0.4898 0.8675
vn 0.1193 0.5000 0.8578
vn 0.1576 0.5109 0.8451
vn 0.1576 0.5108 0.8451
vn -0.2913 0.2790 0.9150
vn -0.2388 0.2965 0.9247
vn -0.1915 0.3103 0.9312
vn -0.1915 0.3103 0.9311
vn -0.1478 0.3225 0.9350
vn -0.1086 0.3325 0.9368
vn -0.1086 0.3326 0.9368
vn -0.0730 0.3428 0.9366
vn -0.0730 0.3427 0.9366
vn -0.0729 0.3433 0.9364
vn -0.0730 0.3430 0.9365
vn -0.0391 0.3536 0.9346
vn -0.0392 0.3537 0.9345
vn -0.0393 0.3537 0.9345
vn -0.0393 0.3536 0.9346
vn -0.0063 0.3654 0.9308
vn -0.0062 0.3652 0.9309
vn -0.0063 0.3653 0.9309
vn 0.0240 0.3770 0.9259
vn 0.0240 0.3768 0.9260
vn 0.0240 0.3769 0.9260
vn 0.0523 0.3892 0.9197
vn 0.0523 0.3891 0.9197
vn 0.0799 0.4020 0.9121
vn 0.0799 0.4020 0.9122
vn 0.1084 0.4147 0.9035
vn 0.1374 0.4270 0.8938
vn 0.1374 0.4270 0.8937
vn 0.1687 0.4401 0.8820
vn -0.4966 0.8556 0.1461
vn -0.4613 0.8748 0.1480
vn -0.4302 0.8908 0.1463
vn -0.4006 0.9044 0.1471
vn -0.4006 0.9043 0.1472
vn -0.3716 0.9164 0.1490
vn -0.3715 0.9164 0.1488
vn -0.3718 0.9163 0.1488
vn -0.3719 0.9163 0.1489
vn -0.3458 0.9262 0.1503
vn -0.3457 0.9262 0.1503
vn -0.3455 0.9263 0.1503
vn -0.3210 0.9348 0.1522
vn -0.3210 0.9348 0.1523
vn -0.3208 0.9348 0.1526
vn -0.3207 0.9348 0.1524
vn -0.2964 0.9425 0.1544
vn -0.2714 0.9495 0.1572
vn -0.2715 0.9494 0.1578
vn -0.2714 0.9496 0.1570
vn -0.2475 0.9556 0.1597
vn -0.2475 0.9556 0.1598
vn -0.2243 0.9608 0.1629
vn -0.2243 0.9608 0.1627
vn -0.2243 0.9609 0.1626
vn -0.2242 0.9609 0.1623
vn -0.2004 0.9656 0.1660
vn -0.2004 0.9656 0.1659
vn -0.2004 0.9656 0.1658
vn -0.1755 0.9699 0.1690
vn -0.1754 0.9699 0.1690
vn -0.1499 0.9736 0.1720
vn -0.1499 0.9736 0.1719
vn -0.1234 0.9765 0.1767
vn -0.1234 0.9765 0.1766
vn -0.0949 0.9796 0.1769
vn -0.0717 0.9721 0.2235
vn -0.0440 0.9617 0.2706
vn -0.0098 0.9450 0.3269
vn 0.0289 0.9206 0.3895
vn 0.0672 0.8906 0.4497
vn 0.1019 0.8575 0.5043
vn 0.1299 0.8238 0.5518
vn 0.1510 0.7886 0.5960
vn 0.1508 0.7887 0.5960
vn 0.1665 0.7505 0.6396
vn 0.1785 0.7058 0.6856
vn 0.1889 0.6515 0.7347
vn 0.1976 0.5872 0.7850
vn 0.2035 0.5180 0.8308
vn 0.2076 0.4494 0.8689
vn 0.2076 0.4493 0.8689
vn 0.2150 0.3768 0.9010
vn 0.1842 0.3645 0.9128
vn 0.1581 0.3497 0.9234
vn 0.1310 0.3382 0.9319
vn 0.1310 0.3381 0.9320
vn 0.1310 0.3381 0.9319
vn 0.1034 0.3262 0.9396
vn 0.1034 0.3263 0.9396
vn 0.0765 0.3142 0.9463
vn 0.0764 0.3139 0.9464
vn 0.0765 0.3143 0.9462
vn 0.0765 0.3144 0.9462
vn 0.0494 0.3024 0.9519
vn 0.0494 0.3023 0.9519
vn 0.0493 0.3024 0.9519
vn 0.0203 0.2899 0.9568
vn 0.0203 0.2900 0.9568
vn -0.0109 0.2771 0.9608
vn -0.0109 0.2770 0.9608
vn -0.0108 0.2769 0.9608
vn -0.0427 0.2644 0.9635
vn -0.0427 0.2645 0.9634
vn -0.0427 0.2643 0.9635
vn -0.0755 0.2521 0.9647
vn -0.0759 0.2519 0.9648
vn -0.0759 0.2517 0.9648
vn -0.1121 0.2385 0.9646
vn -0.1121 0.2386 0.9646
vn -0.1122 0.2388 0.9646
vn -0.1121 0.2387 0.9646
vn -0.1524 0.2236 0.9627
vn -0.1952 0.2077 0.9585
vn -0.2423 0.1959 0.9502
vn -0.2938 0.1746 0.9398
vn -0.3467 0.2452 0.9054
vn -0.3467 0.2452 0.9053
vn -0.3975 0.3041 0.8658
vn -0.3975 0.3041 0.8657
vn -0.4473 0.3638 0.8171
vn -0.4930 0.4247 0.7593
vn -0.5299 0.4805 0.6988
vn -0.5574 0.5319 0.6375
vn -0.5574 0.5319 0.6374
vn -0.5757 0.5810 0.5754
vn -0.5845 0.6275 0.5143
vn -0.5845 0.6276 0.5143
vn -0.5845 0.6275 0.5144
vn -0.5849 0.6717 0.4547
vn -0.5781 0.7127 0.3972
vn -0.5782 0.7127 0.3971
vn -0.5781 0.7128 0.3972
vn -0.5658 0.7508 0.3410
vn -0.5494 0.7851 0.2860
vn -0.5312 0.8134 0.2370
vn -0.5129 0.8365 0.1927
vn -0.5129 0.8366 0.1927
vn -0.0254 0.9903 -0.1368
vn 0.0283 0.9820 -0.1870
vn 0.0283 0.9819 -0.1870
vn 0.1026 0.9651 -0.2408
vn 0.1026 0.9652 -0.2407
vn 0.1026 0.9651 -0.2409
vn 0.1859 0.9378 -0.2932
vn 0.2656 0.8946 -0.3593
vn 0.3247 0.8489 -0.4170
vn 0.3687 0.8042 -0.4662
vn 0.3687 0.8042 -0.4661
vn -0.0003 0.9955 -0.0952
vn 0.0789 0.9875 -0.1362
vn 0.1846 0.9599 -0.2109
vn 0.2737 0.9219 -0.2743
vn 0.3486 0.8764 -0.3322
vn 0.4096 0.8249 -0.3896
vn 0.4597 0.7677 -0.4464
vn 0.4597 0.7678 -0.4464
vn 0.0292 0.9975 -0.0644
vn 0.1245 0.9864 -0.1069
vn 0.1246 0.9864 -0.1070
vn 0.2430 0.9548 -0.1712
vn 0.3460 0.9100 -0.2286
vn 0.4293 0.8583 -0.2811
vn 0.5010 0.7959 -0.3398
vn 0.5509 0.7317 -0.4014
vn 0.5508 0.7317 -0.4015
vn 0.0493 0.9981 -0.0356
vn 0.0493 0.9982 -0.0356
vn 0.1648 0.9830 -0.0812
vn 0.3033 0.9444 -0.1267
vn 0.4232 0.8917 -0.1604
vn 0.5275 0.8271 -0.1939
vn 0.5275 0.8272 -0.1939
vn 0.6165 0.7494 -0.2416
vn 0.6814 0.6650 -0.3058
vn 0.6814 0.6650 -0.3057
vn 0.0660 0.9974 -0.0272
vn 0.0629 0.9977 -0.0271
vn 0.0690 0.9974 -0.0229
vn 0.2072 0.9762 -0.0639
vn 0.2074 0.9762 -0.0638
vn 0.3697 0.9253 -0.0841
vn 0.5061 0.8579 -0.0889
vn 0.6242 0.7751 -0.0979
vn 0.7281 0.6742 -0.1239
vn 0.9321 0.3021 -0.2000
vn 0.9320 0.3021 -0.2001
vn 0.9321 0.3021 -0.2001
vn 0.9321 0.3021 -0.1999
vn 0.0693 0.9974 -0.0199
vn 0.0721 0.9973 -0.0145
vn 0.2546 0.9656 -0.0529
vn 0.4368 0.8983 -0.0474
vn 0.5815 0.8130 -0.0291
vn 0.7023 0.7116 -0.0188
vn 0.9357 0.3517 0.0295
vn 0.9357 0.3516 0.0295
vn 0.3120 0.3454 -0.8851
vn 0.3751 0.2925 -0.8796
vn 0.3751 0.2924 -0.8796
vn 0.3751 0.2926 -0.8796
vn 0.5380 0.2193 -0.8139
vn 0.5380 0.2192 -0.8139
vn 0.3324 0.4387 -0.8349
vn 0.3324 0.4388 -0.8349
vn 0.3324 0.4386 -0.8350
vn 0.4641 0.3646 -0.8073
vn 0.4641 0.3647 -0.8073
vn 0.4640 0.3648 -0.8072
vn 0.4641 0.3645 -0.8073
vn 0.5837 0.1794 -0.7919
vn 0.3846 0.5035 -0.7737
vn 0.3846 0.5036 -0.7736
vn 0.3846 0.5034 -0.7737
vn 0.5305 0.4537 -0.7161
vn 0.6124 0.3734 -0.6968
vn 0.6124 0.3735 -0.6967
vn 0.6125 0.3734 -0.6967
vn 0.6713 0.1095 -0.7330
vn 0.6713 0.1096 -0.7330
vn 0.4366 0.5671 -0.6984
vn 0.4366 0.5672 -0.6984
vn 0.4366 0.5670 -0.6985
vn 0.5538 0.5078 -0.6599
vn 0.6279 0.4329 -0.6467
vn 0.6279 0.4330 -0.6467
vn 0.8403 0.2922 -0.4567
vn 0.8402 0.2922 -0.4568
vn 0.8402 0.2923 -0.4567
vn 0.4432 0.6495 -0.6178
vn 0.5511 0.5762 -0.6035
vn 0.5511 0.5763 -0.6035
vn 0.6288 0.4999 -0.5956
vn 0.7440 0.0767 -0.6638
vn 0.7381 0.1522 -0.6573
vn 0.7198 0.0440 -0.6928
vn 0.4273 0.7109 -0.5586
vn 0.4274 0.7109 -0.5586
vn 0.5306 0.6448 -0.5502
vn 0.5306 0.6447 -0.5502
vn 0.5306 0.6449 -0.5501
vn 0.5305 0.6450 -0.5500
vn 0.6154 0.5705 -0.5439
vn 0.6154 0.5704 -0.5440
vn 0.6155 0.5704 -0.5440
vn 0.8617 0.4809 -0.1620
vn 0.8617 0.4808 -0.1622
vn 0.8617 0.4808 -0.1621
vn 0.3004 0.3846 0.8728
vn 0.3005 0.3849 0.8727
vn 0.3068 0.4782 0.8229
vn 0.3144 0.5672 0.7612
vn 0.3245 0.6441 0.6927
vn 0.3352 0.7025 0.6278
vn 0.3424 0.7432 0.5748
vn 0.3409 0.7749 0.5323
vn 0.3414 0.3489 0.8728
vn 0.3804 0.4390 0.8140
vn 0.3804 0.4391 0.8140
vn 0.3804 0.4389 0.8140
vn 0.4192 0.5238 0.7415
vn 0.4192 0.5238 0.7416
vn 0.4192 0.5239 0.7415
vn 0.4570 0.5941 0.6620
vn 0.4570 0.5940 0.6620
vn 0.4751 0.6719 0.5682
vn 0.4839 0.7131 0.5073
vn 0.4850 0.7401 0.4658
vn 0.4632 0.0922 0.8815
vn 0.5042 0.2408 0.8293
vn 0.4478 0.0428 0.8931
vn 0.5210 0.1765 0.8351
vn 0.5210 0.1766 0.8351
vn 0.5137 0.4108 0.7532
vn 0.5137 0.4107 0.7533
vn 0.7967 0.4932 0.3493
vn 0.7967 0.4931 0.3494
vn 0.7967 0.4932 0.3492
vn 0.7159 0.3346 0.6128
vn 0.7159 0.3347 0.6128
vn 0.6160 0.6298 0.4732
vn 0.6160 0.6297 0.4733
vn 0.6160 0.6298 0.4733
vn 0.5923 0.7034 0.3929
vn 0.5119 0.2840 0.8107
vn 0.5120 0.2840 0.8107
vn 0.8673 0.4915 -0.0791
vn 0.8673 0.4915 -0.0792
vn 0.8673 0.4915 -0.0793
vn 0.8617 0.3310 0.3845
vn 0.8618 0.3310 0.3844
vn 0.8617 0.3310 0.3846
vn -0.0228 0.9881 0.1522
vn -0.0029 0.9937 0.1124
vn -0.0027 0.9937 0.1123
vn -0.0026 0.9937 0.1123
vn 0.0137 0.9964 0.0842
vn 0.0137 0.9964 0.0840
vn 0.0254 0.9980 0.0583
vn 0.0255 0.9980 0.0582
vn 0.0368 0.9988 0.0320
vn 0.0499 0.9987 0.0101
vn 0.0673 0.9977 -0.0119
vn 0.0637 0.9980 -0.0054
vn 0.0686 0.9976 -0.0082
vn 0.0276 0.9783 0.2053
vn 0.0593 0.9852 0.1609
vn 0.0969 0.9870 0.1284
vn 0.0968 0.9870 0.1284
vn 0.1641 0.9808 0.1056
vn 0.1641 0.9808 0.1057
vn 0.1641 0.9808 0.1055
vn 0.2525 0.9635 0.0885
vn 0.3145 0.9479 0.0506
vn 0.3265 0.9452 0.0008
vn 0.3263 0.9453 0.0004
vn 0.0906 0.9577 0.2732
vn 0.1676 0.9548 0.2456
vn 0.2846 0.9320 0.2244
vn 0.4009 0.8999 0.1715
vn 0.4671 0.8759 0.1210
vn 0.5059 0.8593 0.0749
vn 0.5160 0.8561 0.0285
vn 0.5160 0.8561 0.0284
vn 0.1714 0.9195 0.3537
vn 0.2937 0.9018 0.3169
vn 0.4232 0.8663 0.2654
vn 0.5188 0.8305 0.2029
vn 0.5837 0.7989 0.1450
vn 0.6282 0.7726 0.0922
vn 0.6282 0.7725 0.0922
vn 0.6498 0.7586 0.0476
vn 0.6479 0.7602 0.0479
vn 0.6489 0.7594 0.0469
vn 0.2446 0.8760 0.4156
vn 0.3836 0.8493 0.3626
vn 0.5061 0.8099 0.2964
vn 0.5991 0.7675 0.2278
vn 0.5991 0.7676 0.2278
vn 0.6660 0.7277 0.1639
vn 0.7179 0.6883 0.1045
vn 0.7178 0.6884 0.1045
vn 0.7178 0.6883 0.1045
vn 0.7510 0.6582 0.0520
vn 0.2983 0.8341 0.4640
vn 0.4401 0.8040 0.3999
vn 0.5600 0.7615 0.3264
vn 0.6515 0.7158 0.2515
vn 0.6515 0.7157 0.2515
vn 0.7193 0.6708 0.1807
vn 0.7193 0.6707 0.1807
vn 0.7193 0.6708 0.1806
vn 0.9266 0.3736 0.0436
vn 0.9265 0.3737 0.0436
vn 0.8941 0.3801 0.2369
vn 0.8941 0.3801 0.2368
vn 0.8941 0.3801 0.2370
vn 0.4036 0.7569 -0.5140
vn 0.4035 0.7569 -0.5140
vn 0.5007 0.7059 -0.5011
vn 0.5902 0.6556 -0.4711
vn 0.8460 0.2810 -0.4531
vn 0.8460 0.2811 -0.4531
vn 0.3262 0.8051 0.4954
vn 0.4686 0.7726 0.4285
vn 0.4687 0.7725 0.4285
vn 0.4686 0.7726 0.4284
vn 0.5816 0.7340 0.3506
vn 0.5817 0.7339 0.3507
vn 0.5818 0.7339 0.3507
vn 0.6682 0.6929 0.2710
vn 0.8833 0.4223 0.2037
vn 0.8833 0.4223 0.2036
vn 0.8833 0.4223 0.2038
vn 0.2997 0.9535 -0.0311
vn 0.2996 0.9535 -0.0311
vn 0.4909 0.8712 -0.0088
vn 0.6329 0.7740 0.0173
vn 0.7470 0.6637 0.0390
vn 0.9149 0.3756 -0.1479
vn 0.9149 0.3756 -0.1478
vn -0.0762 0.9882 -0.1332
vn -0.0762 0.9882 -0.1331
vn -0.0444 0.9826 -0.1802
vn -0.0121 0.9741 -0.2257
vn 0.0276 0.9600 -0.2787
vn 0.0789 0.9374 -0.3393
vn 0.0789 0.9374 -0.3392
vn 0.1369 0.9084 -0.3951
vn 0.1923 0.8754 -0.4435
vn 0.2378 0.8369 -0.4930
vn -0.0680 0.9931 -0.0952
vn -0.0680 0.9931 -0.0951
vn -0.0680 0.9931 -0.0950
vn -0.0578 0.9960 -0.0677
vn -0.0431 0.9982 -0.0418
vn -0.0237 0.9995 -0.0214
vn -0.0071 1.0000 -0.0060
vn -0.0074 0.9999 -0.0075
vn -0.0092 0.9999 -0.0108
vn -0.0056 1.0000 -0.0034
vn -0.0061 1.0000 0.0002
vn -0.0054 1.0000 0.0019
vn -0.0061 1.0000 0.0047
vn 0.2641 0.3245 -0.9083
vn 0.2641 0.3244 -0.9083
vn 0.2983 0.2721 -0.9149
vn 0.3251 0.2370 -0.9155
vn 0.3642 0.1609 -0.9173
vn 0.3642 0.1610 -0.9173
vn 0.3642 0.1611 -0.9173
vn 0.2631 0.4004 -0.8777
vn 0.2631 0.4005 -0.8777
vn 0.2617 0.4693 -0.8433
vn 0.2617 0.4693 -0.8434
vn 0.2590 0.5417 -0.7997
vn 0.2550 0.6335 -0.7305
vn 0.2655 0.6969 -0.6662
vn 0.2768 0.7442 -0.6079
vn 0.2685 0.7913 -0.5494
vn 0.2685 0.7913 -0.5493
vn 0.2562 0.3466 0.9024
vn 0.2566 0.3469 0.9021
vn 0.2566 0.3468 0.9022
vn 0.2546 0.4306 0.8659
vn 0.2546 0.4305 0.8659
vn 0.2512 0.5097 0.8229
vn 0.2466 0.5850 0.7726
vn 0.2417 0.6529 0.7178
vn 0.2374 0.7085 0.6646
vn 0.2327 0.7513 0.6176
vn 0.2238 0.7859 0.5765
vn 0.2885 0.3008 0.9090
vn 0.3131 0.2712 0.9102
vn 0.3605 0.0989 0.9275
vn -0.0751 0.9861 0.1484
vn -0.0751 0.9861 0.1485
vn -0.0751 0.9860 0.1486
vn -0.0663 0.9917 0.1106
vn -0.0663 0.9916 0.1106
vn -0.0663 0.9916 0.1108
vn -0.0550 0.9951 0.0820
vn -0.0417 0.9974 0.0582
vn -0.0417 0.9974 0.0583
vn -0.0302 0.9988 0.0384
vn -0.0161 0.9998 0.0126
vn -0.0211 0.9995 0.0220
vn -0.0174 0.9997 0.0188
vn -0.0112 0.9999 0.0101
vn -0.0094 0.9999 0.0059
vn -0.0434 0.9796 0.1962
vn -0.0080 0.9686 0.2485
vn 0.0358 0.9497 0.3111
vn 0.0862 0.9209 0.3802
vn 0.0862 0.9209 0.3803
vn 0.1361 0.8858 0.4437
vn 0.1789 0.8489 0.4973
vn 0.2065 0.8183 0.5364
vn -0.1045 0.9713 -0.2139
vn -0.1349 0.9681 -0.2111
vn -0.1633 0.9646 -0.2069
vn -0.1905 0.9606 -0.2025
vn -0.1905 0.9606 -0.2026
vn -0.2161 0.9561 -0.1980
vn -0.2161 0.9561 -0.1979
vn -0.2411 0.9509 -0.1939
vn -0.2411 0.9510 -0.1937
vn -0.2664 0.9448 -0.1908
vn -0.2664 0.9448 -0.1909
vn -0.2927 0.9375 -0.1885
vn -0.2926 0.9375 -0.1885
vn -0.3189 0.9291 -0.1875
vn -0.3187 0.9292 -0.1869
vn -0.3187 0.9292 -0.1871
vn -0.3450 0.9199 -0.1864
vn -0.3450 0.9199 -0.1865
vn -0.3452 0.9198 -0.1865
vn -0.3451 0.9199 -0.1862
vn -0.3730 0.9089 -0.1866
vn -0.3730 0.9088 -0.1867
vn -0.3730 0.9088 -0.1869
vn -0.3730 0.9088 -0.1868
vn -0.4036 0.8956 -0.1871
vn -0.4036 0.8956 -0.1872
vn -0.4367 0.8798 -0.1880
vn -0.4732 0.8606 -0.1881
vn -0.0813 0.9610 -0.2643
vn -0.1147 0.9572 -0.2657
vn -0.1460 0.9538 -0.2626
vn -0.1756 0.9501 -0.2579
vn -0.2036 0.9459 -0.2527
vn -0.2307 0.9408 -0.2483
vn -0.2580 0.9345 -0.2452
vn -0.2580 0.9345 -0.2451
vn -0.2579 0.9345 -0.2452
vn -0.2862 0.9269 -0.2428
vn -0.2861 0.9269 -0.2429
vn -0.3143 0.9183 -0.2409
vn -0.3142 0.9184 -0.2406
vn -0.3143 0.9182 -0.2413
vn -0.3143 0.9181 -0.2414
vn -0.3429 0.9078 -0.2415
vn -0.3429 0.9078 -0.2414
vn -0.3732 0.8955 -0.2426
vn -0.4069 0.8804 -0.2436
vn -0.4440 0.8623 -0.2434
vn -0.4861 0.8406 -0.2392
vn -0.4861 0.8405 -0.2392
vn -0.0556 0.9468 -0.3169
vn -0.0921 0.9426 -0.3211
vn -0.1261 0.9390 -0.3201
vn -0.1581 0.9354 -0.3162
vn -0.1581 0.9354 -0.3163
vn -0.1885 0.9314 -0.3115
vn -0.1885 0.9314 -0.3114
vn -0.2178 0.9263 -0.3076
vn -0.2178 0.9263 -0.3075
vn -0.2179 0.9263 -0.3073
vn -0.2177 0.9262 -0.3077
vn -0.2474 0.9198 -0.3044
vn -0.2474 0.9199 -0.3044
vn -0.2778 0.9119 -0.3021
vn -0.2783 0.9118 -0.3020
vn -0.3083 0.9026 -0.3005
vn -0.3083 0.9026 -0.3006
vn -0.3395 0.8913 -0.3006
vn -0.3395 0.8913 -0.3005
vn -0.3730 0.8774 -0.3016
vn -0.4100 0.8606 -0.3020
vn -0.4515 0.8404 -0.2999
vn -0.4989 0.8159 -0.2922
vn -0.0276 0.9272 -0.3735
vn -0.0674 0.9230 -0.3789
vn -0.1041 0.9195 -0.3790
vn -0.1384 0.9160 -0.3765
vn -0.1385 0.9160 -0.3765
vn -0.1711 0.9119 -0.3731
vn -0.2028 0.9066 -0.3702
vn -0.2028 0.9066 -0.3701
vn -0.2343 0.9000 -0.3677
vn -0.2345 0.8998 -0.3678
vn -0.2343 0.8999 -0.3678
vn -0.2340 0.9000 -0.3676
vn -0.2672 0.8916 -0.3657
vn -0.2672 0.8916 -0.3655
vn -0.2672 0.8916 -0.3656
vn -0.3003 0.8818 -0.3637
vn -0.3003 0.8818 -0.3638
vn -0.3345 0.8697 -0.3630
vn -0.3712 0.8547 -0.3630
vn -0.3712 0.8547 -0.3629
vn -0.4116 0.8363 -0.3622
vn -0.4575 0.8136 -0.3588
vn -0.5101 0.7860 -0.3494
vn 0.0002 0.9029 -0.4299
vn -0.0423 0.8988 -0.4363
vn -0.0813 0.8952 -0.4382
vn -0.1175 0.8914 -0.4377
vn -0.1176 0.8914 -0.4377
vn -0.1521 0.8868 -0.4364
vn -0.1520 0.8868 -0.4364
vn -0.1857 0.8811 -0.4349
vn -0.2196 0.8741 -0.4332
vn -0.2196 0.8741 -0.4333
vn -0.2543 0.8656 -0.4314
vn -0.2542 0.8656 -0.4315
vn -0.2544 0.8656 -0.4313
vn -0.2899 0.8554 -0.4292
vn -0.2899 0.8554 -0.4293
vn -0.3271 0.8428 -0.4274
vn -0.3271 0.8428 -0.4275
vn -0.3669 0.8272 -0.4256
vn -0.3669 0.8272 -0.4257
vn -0.4109 0.8075 -0.4231
vn -0.4608 0.7830 -0.4178
vn -0.5179 0.7524 -0.4070
vn -0.5179 0.7525 -0.4070
vn 0.0273 0.8737 -0.4858
vn 0.0273 0.8736 -0.4858
vn -0.0175 0.8697 -0.4933
vn -0.0175 0.8697 -0.4932
vn -0.0582 0.8657 -0.4971
vn -0.0959 0.8613 -0.4989
vn -0.1319 0.8562 -0.4995
vn -0.1319 0.8562 -0.4996
vn -0.1672 0.8501 -0.4994
vn -0.1672 0.8501 -0.4995
vn -0.2027 0.8427 -0.4987
vn -0.2027 0.8427 -0.4988
vn -0.2394 0.8336 -0.4977
vn -0.2392 0.8339 -0.4974
vn -0.2395 0.8336 -0.4977
vn -0.2770 0.8234 -0.4952
vn -0.2768 0.8232 -0.4957
vn -0.2769 0.8234 -0.4953
vn -0.2770 0.8235 -0.4952
vn -0.3167 0.8107 -0.4924
vn -0.3595 0.7948 -0.4890
vn -0.3595 0.7948 -0.4889
vn -0.3595 0.7947 -0.4890
vn -0.3595 0.7947 -0.4891
vn -0.4068 0.7745 -0.4844
vn -0.4067 0.7745 -0.4845
vn -0.4600 0.7488 -0.4771
vn -0.5210 0.7157 -0.4651
vn -0.5210 0.7157 -0.4650
vn -0.5210 0.7158 -0.4650
vn 0.0529 0.8389 -0.5418
vn 0.0529 0.8389 -0.5417
vn 0.0062 0.8353 -0.5498
vn 0.0062 0.8354 -0.5497
vn 0.0062 0.8353 -0.5497
vn -0.0355 0.8311 -0.5550
vn -0.0356 0.8311 -0.5550
vn -0.0356 0.8310 -0.5551
vn -0.0356 0.8312 -0.5549
vn -0.0744 0.8264 -0.5582
vn -0.1114 0.8209 -0.5601
vn -0.1114 0.8208 -0.5603
vn -0.1474 0.8142 -0.5616
vn -0.1474 0.8141 -0.5617
vn -0.1478 0.8143 -0.5614
vn -0.1478 0.8144 -0.5612
vn -0.1845 0.8067 -0.5615
vn -0.1845 0.8067 -0.5614
vn -0.2225 0.7977 -0.5604
vn -0.2226 0.7978 -0.5604
vn -0.2225 0.7977 -0.5605
vn -0.2617 0.7871 -0.5585
vn -0.2617 0.7871 -0.5586
vn -0.2618 0.7871 -0.5585
vn -0.2619 0.7871 -0.5584
vn -0.3036 0.7742 -0.5554
vn -0.3036 0.7743 -0.5553
vn -0.3037 0.7739 -0.5557
vn -0.3036 0.7738 -0.5559
vn -0.3487 0.7580 -0.5513
vn -0.3487 0.7581 -0.5511
vn -0.3487 0.7580 -0.5512
vn -0.3984 0.7376 -0.5453
vn -0.3984 0.7376 -0.5452
vn -0.4544 0.7108 -0.5369
vn -0.4544 0.7109 -0.5368
vn -0.5184 0.6757 -0.5241
vn 0.0761 0.7984 -0.5973
vn 0.0760 0.7986 -0.5970
vn 0.0761 0.7985 -0.5972
vn 0.0286 0.7954 -0.6054
vn 0.0286 0.7955 -0.6052
vn 0.0286 0.7956 -0.6052
vn 0.0285 0.7956 -0.6052
vn -0.0140 0.7915 -0.6111
vn -0.0140 0.7914 -0.6111
vn -0.0139 0.7914 -0.6111
vn -0.0140 0.7915 -0.6110
vn -0.0533 0.7864 -0.6154
vn -0.0533 0.7865 -0.6153
vn -0.0910 0.7807 -0.6183
vn -0.0909 0.7807 -0.6183
vn -0.0909 0.7807 -0.6182
vn -0.1280 0.7742 -0.6198
vn -0.1280 0.7743 -0.6197
vn -0.1280 0.7742 -0.6199
vn -0.1278 0.7738 -0.6204
vn -0.1656 0.7665 -0.6205
vn -0.1656 0.7666 -0.6204
vn -0.1656 0.7666 -0.6205
vn -0.2044 0.7575 -0.6200
vn -0.2447 0.7468 -0.6184
vn -0.2447 0.7467 -0.6185
vn -0.2875 0.7336 -0.6157
vn -0.3339 0.7175 -0.6113
vn -0.3853 0.6968 -0.6050
vn -0.4430 0.6696 -0.5962
vn -0.5085 0.6329 -0.5838
vn -0.5085 0.6328 -0.5839
vn 0.0971 0.7515 -0.6525
vn 0.0971 0.7515 -0.6526
vn 0.0971 0.7516 -0.6525
vn 0.0497 0.7490 -0.6607
vn 0.0076 0.7443 -0.6678
vn -0.0313 0.7386 -0.6735
vn -0.0313 0.7386 -0.6734
vn -0.0686 0.7322 -0.6776
vn -0.0686 0.7320 -0.6778
vn -0.0686 0.7321 -0.6777
vn -0.1052 0.7252 -0.6805
vn -0.1056 0.7252 -0.6804
vn -0.1057 0.7253 -0.6803
vn -0.1057 0.7252 -0.6803
vn -0.1435 0.7174 -0.6818
vn -0.1435 0.7174 -0.6817
vn -0.1435 0.7175 -0.6816
vn -0.1436 0.7176 -0.6815
vn -0.1826 0.7086 -0.6816
vn -0.1825 0.7086 -0.6816
vn -0.1826 0.7085 -0.6817
vn -0.1826 0.7087 -0.6814
vn -0.2236 0.6974 -0.6809
vn -0.2669 0.6848 -0.6781
vn -0.2669 0.6847 -0.6782
vn -0.3142 0.6694 -0.6732
vn -0.3663 0.6499 -0.6659
vn -0.3663 0.6499 -0.6660
vn -0.4247 0.6233 -0.6566
vn -0.4908 0.5860 -0.6448
vn 0.1158 0.6980 -0.7067
vn 0.0697 0.6952 -0.7154
vn 0.0292 0.6893 -0.7239
vn -0.0083 0.6819 -0.7314
vn -0.0445 0.6740 -0.7374
vn -0.0445 0.6739 -0.7375
vn -0.0807 0.6659 -0.7416
vn -0.0807 0.6660 -0.7416
vn -0.1180 0.6577 -0.7440
vn -0.1180 0.6576 -0.7440
vn -0.1571 0.6484 -0.7449
vn -0.1571 0.6485 -0.7448
vn -0.1571 0.6484 -0.7450
vn -0.1571 0.6483 -0.7450
vn -0.1979 0.6378 -0.7443
vn -0.2412 0.6264 -0.7413
vn -0.2887 0.6129 -0.7355
vn -0.3410 0.5954 -0.7274
vn -0.3994 0.5710 -0.7173
vn -0.4648 0.5346 -0.7058
vn 0.1330 0.6373 -0.7591
vn 0.0890 0.6342 -0.7680
vn 0.0505 0.6267 -0.7776
vn 0.0505 0.6268 -0.7776
vn 0.0151 0.6172 -0.7867
vn -0.0191 0.6070 -0.7945
vn -0.0191 0.6071 -0.7944
vn -0.0537 0.5975 -0.8001
vn -0.0899 0.5883 -0.8036
vn -0.1282 0.5787 -0.8054
vn -0.1681 0.5687 -0.8052
vn -0.1681 0.5688 -0.8051
vn -0.2110 0.5588 -0.8020
vn -0.2579 0.5478 -0.7959
vn -0.3097 0.5332 -0.7873
vn -0.3670 0.5112 -0.7772
vn -0.4305 0.4767 -0.7664
vn 0.1491 0.5694 -0.8084
vn 0.1491 0.5694 -0.8085
vn 0.1080 0.5658 -0.8174
vn 0.0719 0.5569 -0.8274
vn 0.0719 0.5570 -0.8274
vn 0.0389 0.5453 -0.8373
vn 0.0070 0.5331 -0.8460
vn -0.0256 0.5218 -0.8527
vn -0.0256 0.5220 -0.8526
vn -0.0255 0.5221 -0.8525
vn -0.0256 0.5219 -0.8526
vn -0.0600 0.5117 -0.8571
vn -0.0970 0.5016 -0.8596
vn -0.0970 0.5017 -0.8596
vn -0.0970 0.5020 -0.8594
vn -0.1356 0.4920 -0.8600
vn -0.1770 0.4834 -0.8573
vn -0.2225 0.4745 -0.8517
vn -0.2728 0.4620 -0.8439
vn -0.3278 0.4425 -0.8347
vn -0.3881 0.4108 -0.8250
vn 0.1629 0.5001 -0.8505
vn 0.1261 0.4932 -0.8607
vn 0.0935 0.4816 -0.8714
vn 0.0627 0.4684 -0.8813
vn 0.0331 0.4548 -0.8900
vn 0.0331 0.4547 -0.8900
vn 0.0027 0.4424 -0.8968
vn 0.0027 0.4423 -0.8968
vn -0.0299 0.4312 -0.9018
vn -0.0297 0.4313 -0.9017
vn -0.0298 0.4311 -0.9018
vn -0.0651 0.4206 -0.9049
vn -0.1018 0.4109 -0.9060
vn -0.1018 0.4108 -0.9060
vn -0.1018 0.4111 -0.9059
vn -0.1410 0.4024 -0.9045
vn -0.1410 0.4024 -0.9046
vn -0.1841 0.3942 -0.9004
vn -0.2320 0.3831 -0.8941
vn -0.2843 0.3673 -0.8856
vn -0.3415 0.3418 -0.8755
vn 0.1763 0.4283 -0.8863
vn 0.1449 0.4162 -0.8977
vn 0.1155 0.4027 -0.9080
vn 0.0867 0.3890 -0.9172
vn 0.0586 0.3754 -0.9250
vn 0.0586 0.3755 -0.9250
vn 0.0301 0.3626 -0.9315
vn 0.0301 0.3627 -0.9314
vn 0.0301 0.3626 -0.9314
vn 0.0301 0.3625 -0.9315
vn -0.0007 0.3504 -0.9366
vn -0.0007 0.3508 -0.9364
vn -0.0007 0.3507 -0.9365
vn -0.0007 0.3505 -0.9366
vn -0.0340 0.3387 -0.9403
vn -0.0344 0.3384 -0.9404
vn -0.0339 0.3389 -0.9402
vn -0.0339 0.3390 -0.9402
vn -0.0684 0.3283 -0.9421
vn -0.0684 0.3282 -0.9421
vn -0.1048 0.3185 -0.9421
vn -0.1449 0.3089 -0.9400
vn -0.1448 0.3089 -0.9400
vn -0.1895 0.2975 -0.9357
vn -0.2381 0.2843 -0.9287
vn -0.2919 0.2676 -0.9183
vn -0.0958 0.9821 -0.1621
vn -0.1247 0.9789 -0.1616
vn -0.1513 0.9760 -0.1566
vn -0.1770 0.9721 -0.1538
vn -0.1770 0.9721 -0.1537
vn -0.2021 0.9677 -0.1506
vn -0.2259 0.9629 -0.1474
vn -0.2259 0.9629 -0.1477
vn -0.2491 0.9576 -0.1445
vn -0.2491 0.9576 -0.1446
vn -0.2732 0.9514 -0.1418
vn -0.2732 0.9514 -0.1419
vn -0.2731 0.9515 -0.1419
vn -0.2731 0.9515 -0.1418
vn -0.2978 0.9444 -0.1397
vn -0.2978 0.9443 -0.1398
vn -0.3221 0.9367 -0.1374
vn -0.3220 0.9368 -0.1371
vn -0.3222 0.9366 -0.1377
vn -0.3466 0.9281 -0.1362
vn -0.3466 0.9281 -0.1361
vn -0.3731 0.9179 -0.1351
vn -0.3730 0.9180 -0.1349
vn -0.3732 0.9179 -0.1349
vn -0.3732 0.9179 -0.1348
vn -0.4015 0.9060 -0.1338
vn -0.4015 0.9060 -0.1339
vn -0.4015 0.9061 -0.1337
vn -0.4016 0.9061 -0.1334
vn -0.4312 0.8924 -0.1331
vn -0.4313 0.8924 -0.1330
vn -0.4312 0.8924 -0.1332
vn -0.4624 0.8763 -0.1351
vn -0.4977 0.8570 -0.1336
vn -0.5148 0.8382 -0.1803
vn -0.5339 0.8151 -0.2248
vn -0.5339 0.8152 -0.2248
vn -0.5531 0.7868 -0.2740
vn -0.5706 0.7522 -0.3295
vn -0.5706 0.7523 -0.3295
vn -0.5838 0.7140 -0.3864
vn -0.5915 0.6728 -0.4445
vn -0.5919 0.6284 -0.5047
vn -0.5837 0.5817 -0.5665
vn -0.5657 0.5323 -0.6298
vn -0.5380 0.4795 -0.6933
vn -0.5002 0.4217 -0.7563
vn -0.4529 0.3579 -0.8166
vn -0.4011 0.2954 -0.8671
vn -0.3482 0.2338 -0.9078
vn -0.2926 0.1598 -0.9428
vn -0.2401 0.1807 -0.9538
vn -0.1920 0.1917 -0.9625
vn -0.1484 0.2072 -0.9670
vn -0.1075 0.2220 -0.9691
vn -0.1075 0.2221 -0.9691
vn -0.0708 0.2352 -0.9694
vn -0.0708 0.2353 -0.9693
vn -0.0710 0.2353 -0.9693
vn -0.0708 0.2353 -0.9694
vn -0.0372 0.2479 -0.9681
vn -0.0372 0.2478 -0.9681
vn -0.0050 0.2604 -0.9655
vn -0.0050 0.2605 -0.9655
vn 0.0266 0.2732 -0.9616
vn 0.0266 0.2733 -0.9616
vn 0.0559 0.2856 -0.9567
vn 0.0836 0.2978 -0.9510
vn 0.0835 0.2979 -0.9509
vn 0.1107 0.3103 -0.9442
vn 0.1107 0.3102 -0.9442
vn 0.1385 0.3228 -0.9363
vn 0.1385 0.3227 -0.9363
vn 0.1385 0.3226 -0.9363
vn 0.1662 0.3349 -0.9275
vn 0.1924 0.3504 -0.9166
vn 0.2234 0.3598 -0.9059
vn 0.2139 0.4306 -0.8768
vn 0.2074 0.4953 -0.8436
vn 0.1985 0.5628 -0.8024
vn 0.1861 0.6308 -0.7533
vn 0.1711 0.6928 -0.7005
vn 0.1524 0.7501 -0.6435
vn 0.1306 0.8008 -0.5845
vn 0.1067 0.8423 -0.5284
vn 0.1067 0.8423 -0.5283
vn 0.0787 0.8778 -0.4725
vn 0.0474 0.9084 -0.4153
vn 0.0152 0.9335 -0.3583
vn -0.0167 0.9528 -0.3030
vn -0.0167 0.9529 -0.3030
vn -0.0462 0.9663 -0.2532
vn -0.0724 0.9753 -0.2087
vn -0.4655 0.8840 -0.0433
vn -0.4655 0.8840 -0.0432
vn -0.4331 0.9001 -0.0467
vn -0.4332 0.9001 -0.0467
vn -0.4332 0.9001 -0.0468
vn -0.4038 0.9134 -0.0508
vn -0.3763 0.9249 -0.0548
vn -0.3764 0.9249 -0.0547
vn -0.3513 0.9344 -0.0589
vn -0.3512 0.9344 -0.0589
vn -0.3515 0.9343 -0.0588
vn -0.3516 0.9343 -0.0585
vn -0.3275 0.9428 -0.0625
vn -0.3275 0.9428 -0.0624
vn -0.3042 0.9504 -0.0653
vn -0.3042 0.9504 -0.0655
vn -0.3043 0.9503 -0.0653
vn -0.2806 0.9574 -0.0676
vn -0.2806 0.9575 -0.0675
vn -0.2806 0.9574 -0.0675
vn -0.2582 0.9636 -0.0689
vn -0.2582 0.9637 -0.0688
vn -0.2360 0.9693 -0.0697
vn -0.2360 0.9692 -0.0697
vn -0.2359 0.9693 -0.0695
vn -0.2359 0.9693 -0.0697
vn -0.2136 0.9744 -0.0703
vn -0.2135 0.9744 -0.0700
vn -0.2136 0.9744 -0.0698
vn -0.2135 0.9744 -0.0698
vn -0.1896 0.9794 -0.0695
vn -0.1896 0.9794 -0.0694
vn -0.1647 0.9839 -0.0688
vn -0.1647 0.9839 -0.0689
vn -0.1376 0.9881 -0.0687
vn -0.4736 0.8805 -0.0208
vn -0.4386 0.8984 -0.0224
vn -0.4078 0.9127 -0.0259
vn -0.4077 0.9127 -0.0260
vn -0.3795 0.9247 -0.0303
vn -0.3539 0.9347 -0.0346
vn -0.3539 0.9347 -0.0347
vn -0.3539 0.9346 -0.0346
vn -0.3298 0.9433 -0.0384
vn -0.3298 0.9433 -0.0385
vn -0.3063 0.9511 -0.0411
vn -0.3061 0.9511 -0.0412
vn -0.3062 0.9511 -0.0410
vn -0.3062 0.9511 -0.0412
vn -0.2825 0.9583 -0.0429
vn -0.2823 0.9583 -0.0434
vn -0.2824 0.9583 -0.0432
vn -0.2825 0.9583 -0.0431
vn -0.2597 0.9647 -0.0446
vn -0.2597 0.9647 -0.0445
vn -0.2598 0.9646 -0.0444
vn -0.2598 0.9646 -0.0443
vn -0.2375 0.9704 -0.0442
vn -0.2373 0.9704 -0.0446
vn -0.2373 0.9704 -0.0447
vn -0.2144 0.9758 -0.0440
vn -0.1899 0.9809 -0.0433
vn -0.1899 0.9809 -0.0432
vn -0.1637 0.9856 -0.0428
vn -0.1344 0.9899 -0.0440
vn -0.1344 0.9899 -0.0441
vn -0.4822 0.8761 -0.0052
vn -0.4448 0.8956 -0.0061
vn -0.4477 0.8942 -0.0015
vn -0.4483 0.8939 0.0006
vn -0.4123 0.9110 -0.0092
vn -0.4145 0.9101 -0.0049
vn -0.4155 0.9096 -0.0028
vn -0.3859 0.9225 -0.0054
vn -0.3831 0.9236 -0.0132
vn -0.3839 0.9234 -0.0089
vn -0.3567 0.9341 -0.0174
vn -0.3575 0.9338 -0.0137
vn -0.3611 0.9325 -0.0109
vn -0.3319 0.9431 -0.0209
vn -0.3284 0.9444 -0.0132
vn -0.3306 0.9435 -0.0219
vn -0.3097 0.9505 -0.0234
vn -0.3077 0.9512 -0.0233
vn -0.3076 0.9512 -0.0231
vn -0.3098 0.9508 -0.0099
vn -0.2838 0.9586 -0.0247
vn -0.2841 0.9587 -0.0121
vn -0.2838 0.9585 -0.0252
vn -0.2837 0.9586 -0.0251
vn -0.2605 0.9651 -0.0258
vn -0.2609 0.9653 -0.0136
vn -0.2603 0.9652 -0.0253
vn -0.2605 0.9651 -0.0260
vn -0.2368 0.9712 -0.0247
vn -0.2375 0.9711 -0.0260
vn -0.2372 0.9711 -0.0266
vn -0.2372 0.9714 -0.0140
vn -0.2130 0.9768 -0.0237
vn -0.2137 0.9766 -0.0254
vn -0.2137 0.9766 -0.0255
vn -0.2130 0.9770 -0.0141
vn -0.1884 0.9818 -0.0245
vn -0.1871 0.9822 -0.0135
vn -0.1874 0.9820 -0.0221
vn -0.1594 0.9870 -0.0218
vn -0.1608 0.9867 -0.0242
vn -0.1608 0.9867 -0.0243
vn -0.1586 0.9873 -0.0131
vn -0.1296 0.9912 -0.0258
vn -0.1296 0.9912 -0.0259
vn -0.4936 0.8696 0.0094
vn -0.4905 0.8714 0.0060
vn -0.4945 0.8691 0.0081
vn -0.4539 0.8910 0.0068
vn -0.4533 0.8913 0.0080
vn -0.4193 0.9079 0.0042
vn -0.4189 0.9080 0.0049
vn -0.3883 0.9215 0.0018
vn -0.3881 0.9216 0.0004
vn -0.3602 0.9329 -0.0030
vn -0.3614 0.9324 -0.0012
vn -0.3318 0.9433 -0.0034
vn -0.3308 0.9437 -0.0052
vn -0.3114 0.9503 -0.0021
vn -0.3110 0.9503 -0.0102
vn -0.2838 0.9589 -0.0033
vn -0.2839 0.9588 -0.0121
vn -0.2607 0.9654 -0.0046
vn -0.2604 0.9654 -0.0126
vn -0.2363 0.9716 -0.0119
vn -0.2365 0.9716 -0.0050
vn -0.2115 0.9773 -0.0110
vn -0.2112 0.9774 -0.0045
vn -0.1846 0.9828 -0.0041
vn -0.1851 0.9827 -0.0101
vn -0.1559 0.9877 -0.0090
vn -0.1550 0.9879 -0.0035
vn -0.1227 0.9924 -0.0098
vn -0.1244 0.9922 -0.0116
vn -0.1213 0.9926 -0.0039
vn -0.4998 0.8661 0.0128
vn -0.5010 0.8654 0.0113
vn -0.4591 0.8883 0.0101
vn -0.4581 0.8888 0.0111
vn -0.4232 0.9060 0.0081
vn -0.4224 0.9064 0.0085
vn -0.3909 0.9204 0.0058
vn -0.3913 0.9202 0.0056
vn -0.3625 0.9320 0.0035
vn -0.3624 0.9320 0.0030
vn -0.3343 0.9425 0.0026
vn -0.3350 0.9422 0.0026
vn -0.3116 0.9502 -0.0001
vn -0.3115 0.9503 0.0028
vn -0.2847 0.9586 0.0016
vn -0.2840 0.9588 -0.0030
vn -0.2605 0.9655 0.0012
vn -0.2603 0.9655 -0.0033
vn -0.2357 0.9718 -0.0035
vn -0.2356 0.9718 0.0011
vn -0.2100 0.9777 -0.0025
vn -0.2097 0.9778 0.0011
vn -0.1823 0.9832 0.0018
vn -0.1828 0.9831 -0.0018
vn -0.1526 0.9883 -0.0009
vn -0.1518 0.9884 0.0022
vn -0.1181 0.9930 -0.0010
vn -0.1170 0.9931 0.0026
vn -0.5042 0.8635 0.0122
vn -0.5049 0.8631 0.0089
vn -0.4623 0.8867 0.0083
vn -0.4618 0.8869 0.0108
vn -0.4255 0.9049 0.0071
vn -0.4251 0.9051 0.0089
vn -0.3928 0.9196 0.0068
vn -0.3932 0.9194 0.0061
vn -0.3640 0.9314 0.0052
vn -0.3636 0.9315 0.0050
vn -0.3364 0.9417 0.0039
vn -0.3368 0.9415 0.0050
vn -0.3107 0.9505 0.0036
vn -0.3107 0.9505 0.0038
vn -0.2848 0.9586 0.0022
vn -0.2848 0.9586 0.0038
vn -0.2602 0.9656 0.0020
vn -0.2601 0.9656 0.0035
vn -0.2351 0.9720 0.0020
vn -0.2348 0.9720 0.0037
vn -0.2089 0.9779 0.0023
vn -0.2087 0.9780 0.0036
vn -0.1810 0.9835 0.0031
vn -0.1807 0.9835 0.0043
vn -0.1501 0.9887 0.0036
vn -0.1497 0.9887 0.0048
vn -0.1146 0.9934 0.0039
vn -0.1139 0.9935 0.0055
vn -0.5052 0.8629 0.0081
vn -0.5058 0.8626 0.0012
vn -0.4630 0.8863 0.0079
vn -0.4633 0.8862 0.0015
vn -0.4247 0.9053 0.0056
vn -0.4260 0.9047 0.0022
vn -0.3938 0.9192 0.0058
vn -0.3937 0.9192 0.0027
vn -0.3650 0.9310 0.0028
vn -0.3644 0.9312 0.0053
vn -0.3368 0.9416 0.0035
vn -0.3366 0.9416 0.0043
vn -0.3108 0.9505 0.0039
vn -0.2851 0.9585 0.0044
vn -0.2850 0.9585 0.0039
vn -0.2598 0.9657 0.0045
vn -0.2596 0.9657 0.0041
vn -0.2345 0.9721 0.0040
vn -0.2345 0.9721 0.0039
vn -0.2083 0.9781 0.0043
vn -0.2083 0.9780 0.0041
vn -0.1800 0.9836 0.0047
vn -0.1802 0.9836 0.0046
vn -0.1486 0.9889 0.0051
vn -0.1488 0.9889 0.0051
vn -0.1131 0.9936 0.0059
vn -0.1128 0.9936 0.0055
vn -0.5051 0.8631 -0.0011
vn -0.5045 0.8634 -0.0003
vn -0.4621 0.8868 -0.0000
vn -0.4624 0.8867 -0.0005
vn -0.4253 0.9051 0.0011
vn -0.4257 0.9049 0.0007
vn -0.3934 0.9194 0.0019
vn -0.3929 0.9196 0.0017
vn -0.3636 0.9316 0.0024
vn -0.3641 0.9314 0.0029
vn -0.3365 0.9417 0.0041
vn -0.3367 0.9416 0.0035
vn -0.3106 0.9505 0.0039
vn -0.3104 0.9506 0.0048
vn -0.2850 0.9585 0.0040
vn -0.2851 0.9585 0.0059
vn -0.2598 0.9656 0.0072
vn -0.2602 0.9655 0.0043
vn -0.2349 0.9720 0.0059
vn -0.2341 0.9722 0.0061
vn -0.2087 0.9780 0.0063
vn -0.2083 0.9780 0.0073
vn -0.1806 0.9835 0.0058
vn -0.1805 0.9835 0.0061
vn -0.1494 0.9888 0.0062
vn -0.1497 0.9887 0.0065
vn -0.1138 0.9935 0.0064
vn -0.1135 0.9935 0.0070
vn -0.5017 0.8651 -0.0031
vn -0.5001 0.8660 -0.0013
vn -0.4597 0.8881 -0.0021
vn -0.4585 0.8887 -0.0007
vn -0.4227 0.9063 0.0013
vn -0.4236 0.9059 -0.0001
vn -0.3917 0.9201 0.0018
vn -0.3910 0.9204 0.0037
vn -0.3625 0.9319 0.0063
vn -0.3629 0.9318 0.0036
vn -0.3355 0.9420 0.0085
vn -0.3358 0.9419 0.0050
vn -0.3098 0.9508 0.0053
vn -0.3097 0.9508 0.0102
vn -0.2850 0.9585 0.0113
vn -0.2852 0.9584 0.0060
vn -0.2599 0.9656 0.0127
vn -0.2599 0.9656 0.0089
vn -0.2340 0.9722 0.0114
vn -0.2336 0.9723 0.0125
vn -0.2084 0.9780 0.0091
vn -0.2102 0.9776 0.0111
vn -0.1817 0.9833 0.0093
vn -0.1824 0.9832 0.0106
vn -0.1517 0.9884 0.0106
vn -0.1516 0.9884 0.0096
vn -0.1166 0.9931 0.0103
vn -0.1165 0.9931 0.0110
vn -0.4959 0.8684 -0.0010
vn -0.4938 0.8696 0.0036
vn -0.4551 0.8904 0.0001
vn -0.4535 0.8913 0.0044
vn -0.4189 0.9080 0.0068
vn -0.4201 0.9075 0.0025
vn -0.3890 0.9212 0.0054
vn -0.3882 0.9215 0.0103
vn -0.3604 0.9327 0.0137
vn -0.3609 0.9326 0.0078
vn -0.3343 0.9423 0.0166
vn -0.3345 0.9424 0.0098
vn -0.3090 0.9510 0.0111
vn -0.3090 0.9509 0.0192
vn -0.2851 0.9584 0.0114
vn -0.2843 0.9585 0.0214
vn -0.2600 0.9654 0.0225
vn -0.2602 0.9655 0.0121
vn -0.2364 0.9714 0.0206
vn -0.2326 0.9723 0.0216
vn -0.2106 0.9775 0.0156
vn -0.2140 0.9767 0.0178
vn -0.1832 0.9829 0.0167
vn -0.1846 0.9826 0.0186
vn -0.1551 0.9877 0.0185
vn -0.1539 0.9879 0.0163
vn -0.1203 0.9926 0.0180
vn -0.1210 0.9925 0.0196
vn -0.4913 0.8710 0.0044
vn -0.4494 0.8933 0.0072
vn -0.4475 0.8941 0.0148
vn -0.4145 0.9099 0.0176
vn -0.4158 0.9094 0.0097
vn -0.3856 0.9226 0.0129
vn -0.3848 0.9228 0.0216
vn -0.3584 0.9334 0.0159
vn -0.3579 0.9334 0.0258
vn -0.3326 0.9426 0.0294
vn -0.3328 0.9428 0.0186
vn -0.3080 0.9512 0.0204
vn -0.3079 0.9509 0.0327
vn -0.2838 0.9586 0.0218
vn -0.2836 0.9583 0.0353
vn -0.2597 0.9650 0.0372
vn -0.2612 0.9650 0.0219
vn -0.2367 0.9713 0.0219
vn -0.2308 0.9724 0.0334
vn -0.2101 0.9773 0.0268
vn -0.2150 0.9761 0.0313
vn -0.1852 0.9824 0.0222
vn -0.1852 0.9825 0.0222
vn -0.1562 0.9875 0.0224
vn -0.1232 0.9921 0.0240
vn -0.4830 0.8755 0.0161
vn -0.4454 0.8952 0.0168
vn -0.4127 0.9106 0.0195
vn -0.3834 0.9233 0.0233
vn -0.3568 0.9338 0.0273
vn -0.3317 0.9429 0.0306
vn -0.3318 0.9429 0.0307
vn -0.3075 0.9510 0.0334
vn -0.2833 0.9584 0.0352
vn -0.2599 0.9649 0.0365
vn -0.2599 0.9650 0.0364
vn -0.2367 0.9709 0.0366
vn -0.2366 0.9709 0.0369
vn -0.2128 0.9764 0.0364
vn -0.2128 0.9764 0.0365
vn -0.1873 0.9816 0.0361
vn -0.1873 0.9816 0.0363
vn -0.1873 0.9816 0.0362
vn -0.1596 0.9865 0.0367
vn -0.1282 0.9910 0.0390
vn -0.1282 0.9910 0.0391
vn -0.4743 0.8798 0.0324
vn -0.4743 0.8798 0.0323
vn -0.4390 0.8978 0.0337
vn -0.4390 0.8979 0.0337
vn -0.4080 0.9122 0.0373
vn -0.4080 0.9122 0.0372
vn -0.3796 0.9242 0.0413
vn -0.3539 0.9342 0.0456
vn -0.3296 0.9428 0.0493
vn -0.3058 0.9507 0.0521
vn -0.3057 0.9507 0.0519
vn -0.2818 0.9580 0.0541
vn -0.2817 0.9580 0.0540
vn -0.2818 0.9579 0.0543
vn -0.2590 0.9643 0.0557
vn -0.2590 0.9642 0.0560
vn -0.2589 0.9643 0.0554
vn -0.2364 0.9700 0.0563
vn -0.2133 0.9754 0.0561
vn -0.2133 0.9754 0.0562
vn -0.2133 0.9754 0.0560
vn -0.1887 0.9804 0.0558
vn -0.1887 0.9805 0.0558
vn -0.1622 0.9852 0.0560
vn -0.1327 0.9895 0.0581
vn -0.1326 0.9895 0.0582
vn -0.4659 0.8831 0.0556
vn -0.4333 0.8993 0.0588
vn -0.4333 0.8993 0.0589
vn -0.4039 0.9126 0.0628
vn -0.4040 0.9126 0.0628
vn -0.3762 0.9241 0.0670
vn -0.3762 0.9241 0.0668
vn -0.3762 0.9241 0.0669
vn -0.3510 0.9337 0.0710
vn -0.3510 0.9337 0.0711
vn -0.3268 0.9421 0.0749
vn -0.3271 0.9420 0.0745
vn -0.3270 0.9421 0.0747
vn -0.3032 0.9498 0.0776
vn -0.3036 0.9497 0.0774
vn -0.3036 0.9497 0.0773
vn -0.3036 0.9496 0.0773
vn -0.2800 0.9567 0.0794
vn -0.2798 0.9567 0.0796
vn -0.2801 0.9567 0.0791
vn -0.2801 0.9567 0.0793
vn -0.2570 0.9630 0.0815
vn -0.2571 0.9629 0.0815
vn -0.2571 0.9630 0.0814
vn -0.2571 0.9629 0.0816
vn -0.2348 0.9685 0.0826
vn -0.2348 0.9685 0.0828
vn -0.2350 0.9685 0.0828
vn -0.2122 0.9737 0.0832
vn -0.2122 0.9737 0.0831
vn -0.2122 0.9737 0.0829
vn -0.1882 0.9786 0.0832
vn -0.1882 0.9786 0.0833
vn -0.1882 0.9786 0.0831
vn -0.1631 0.9831 0.0831
vn -0.1359 0.9872 0.0835
vn -0.1359 0.9872 0.0834
vn -0.4932 0.8665 -0.0766
vn -0.4596 0.8847 -0.0779
vn -0.4300 0.8990 -0.0832
vn -0.4014 0.9118 -0.0864
vn -0.4014 0.9118 -0.0865
vn -0.4015 0.9118 -0.0863
vn -0.4015 0.9118 -0.0862
vn -0.3740 0.9232 -0.0889
vn -0.3739 0.9231 -0.0894
vn -0.3740 0.9231 -0.0893
vn -0.3489 0.9326 -0.0924
vn -0.3489 0.9326 -0.0922
vn -0.3489 0.9326 -0.0923
vn -0.3251 0.9409 -0.0951
vn -0.3251 0.9409 -0.0950
vn -0.3249 0.9410 -0.0948
vn -0.3251 0.9409 -0.0952
vn -0.3014 0.9484 -0.0980
vn -0.3014 0.9484 -0.0979
vn -0.3017 0.9484 -0.0972
vn -0.3015 0.9485 -0.0975
vn -0.2776 0.9555 -0.1000
vn -0.2776 0.9555 -0.0999
vn -0.2777 0.9555 -0.0996
vn -0.2776 0.9555 -0.0997
vn -0.2548 0.9616 -0.1018
vn -0.2548 0.9616 -0.1019
vn -0.2324 0.9671 -0.1036
vn -0.2325 0.9671 -0.1037
vn -0.2324 0.9671 -0.1037
vn -0.2098 0.9721 -0.1051
vn -0.2098 0.9721 -0.1049
vn -0.2098 0.9721 -0.1053
vn -0.1858 0.9768 -0.1062
vn -0.1859 0.9767 -0.1068
vn -0.1858 0.9769 -0.1059
vn -0.1614 0.9811 -0.1065
vn -0.1614 0.9811 -0.1066
vn -0.1370 0.9850 -0.1046
vn -0.1090 0.9884 -0.1060
vn -0.1090 0.9884 -0.1059
vn -0.1061 0.9916 -0.0736
vn -0.0998 0.9937 -0.0507
vn -0.0924 0.9952 -0.0319
vn -0.0924 0.9952 -0.0318
vn -0.0847 0.9963 -0.0152
vn -0.0760 0.9971 -0.0016
vn -0.0720 0.9974 0.0020
vn -0.0722 0.9974 -0.0010
vn -0.0653 0.9979 0.0055
vn -0.0658 0.9978 0.0041
vn -0.0636 0.9980 0.0063
vn -0.0633 0.9980 0.0061
vn -0.0650 0.9979 0.0074
vn -0.0654 0.9978 0.0088
vn -0.0703 0.9975 0.0122
vn -0.0699 0.9975 0.0136
vn -0.0735 0.9972 0.0164
vn -0.0816 0.9963 0.0281
vn -0.0902 0.9949 0.0450
vn -0.0980 0.9930 0.0654
vn -0.0980 0.9930 0.0653
vn -0.1044 0.9905 0.0890
vn -0.1074 0.9867 0.1217
vn -0.1353 0.9835 0.1201
vn -0.1598 0.9797 0.1213
vn -0.1598 0.9797 0.1214
vn -0.1598 0.9796 0.1215
vn -0.1842 0.9754 0.1212
vn -0.1843 0.9754 0.1210
vn -0.2081 0.9708 0.1196
vn -0.2083 0.9708 0.1194
vn -0.2082 0.9708 0.1194
vn -0.2312 0.9657 0.1179
vn -0.2311 0.9657 0.1180
vn -0.2311 0.9658 0.1178
vn -0.2311 0.9658 0.1177
vn -0.2534 0.9604 0.1157
vn -0.2535 0.9604 0.1159
vn -0.2533 0.9605 0.1157
vn -0.2533 0.9604 0.1158
vn -0.2765 0.9543 0.1135
vn -0.2765 0.9543 0.1134
vn -0.3007 0.9472 0.1111
vn -0.3007 0.9472 0.1112
vn -0.3007 0.9473 0.1108
vn -0.3006 0.9473 0.1106
vn -0.3243 0.9397 0.1085
vn -0.3243 0.9397 0.1083
vn -0.3243 0.9397 0.1084
vn -0.3483 0.9314 0.1054
vn -0.3483 0.9314 0.1052
vn -0.3484 0.9315 0.1050
vn -0.3480 0.9315 0.1061
vn -0.3735 0.9220 0.1023
vn -0.4010 0.9107 0.0992
vn -0.4011 0.9106 0.0993
vn -0.4010 0.9107 0.0993
vn -0.4009 0.9107 0.0994
vn -0.4296 0.8979 0.0962
vn -0.4297 0.8978 0.0961
vn -0.4594 0.8835 0.0909
vn -0.4594 0.8836 0.0909
vn -0.4931 0.8654 0.0895
vn -0.4931 0.8653 0.0895
vn -0.5034 0.8621 0.0581
vn -0.5154 0.8562 0.0368
vn -0.5274 0.8494 0.0203
vn -0.5441 0.8390 0.0004
vn -0.5428 0.8399 0.0056
vn -0.5385 0.8426 0.0074
vn -0.5497 0.8354 0.0008
vn -0.5519 0.8339 -0.0022
vn -0.5554 0.8316 0.0009
vn -0.5564 0.8309 -0.0006
vn -0.5601 0.8284 0.0058
vn -0.5558 0.8313 0.0062
vn -0.5562 0.8310 0.0104
vn -0.5556 0.8314 0.0092
vn -0.5514 0.8342 0.0132
vn -0.5503 0.8349 0.0098
vn -0.5422 0.8403 0.0057
vn -0.5417 0.8405 0.0083
vn -0.5376 0.8432 0.0034
vn -0.5266 0.8501 -0.0090
vn -0.5266 0.8500 -0.0090
vn -0.5147 0.8570 -0.0248
vn -0.5030 0.8631 -0.0455
vn -0.2428 0.9695 -0.0323
vn -0.2432 0.9694 -0.0320
vn -0.2434 0.9694 -0.0320
vn -0.8113 0.4349 -0.3907
vn -0.2335 0.9721 -0.0221
vn -0.2335 0.9721 -0.0220
vn -0.1892 0.9817 -0.0237
vn -0.1276 0.9917 -0.0150
vn -0.1277 0.9917 -0.0148
vn -0.1276 0.9917 -0.0148
vn -0.0430 0.9988 0.0242
vn -0.0429 0.9988 0.0243
vn -0.2943 0.9556 0.0147
vn -0.2697 0.9626 0.0251
vn -0.2226 0.9743 0.0353
vn -0.2224 0.9743 0.0352
vn -0.1597 0.9866 0.0331
vn -0.1597 0.9866 0.0330
vn -0.0741 0.9972 -0.0135
vn -0.0742 0.9972 -0.0134
vn -0.4415 0.6504 0.6181
vn -0.4360 0.6457 0.6269
vn -0.4433 0.6505 0.6168
vn 0.8699 0.4118 0.2715
vn 0.7951 0.5310 -0.2930
vn -0.9128 0.3530 0.2055
vn 0.5283 0.8278 -0.1889
vn -0.8957 0.4232 0.1365
vn 0.4167 0.8997 -0.1303
vn -0.9496 0.2930 0.1117
vn 0.6160 0.7807 -0.1055
vn -0.8083 0.5868 0.0482
vn 0.4354 0.8985 -0.0560
vn 0.4354 0.8985 -0.0559
vn -0.3402 0.9402 -0.0176
vn -0.3402 0.9402 -0.0175
vn -0.3403 0.9402 -0.0175
vn -0.7377 0.6750 -0.0138
vn -0.7376 0.6751 -0.0137
vn 0.2121 0.9772 0.0074
vn -0.7906 0.6106 -0.0469
vn 0.3353 0.9398 0.0664
vn -0.9696 0.1955 -0.1469
vn 0.2500 0.9525 -0.1738
vn 0.2499 0.9525 -0.1738
vn 0.2499 0.9526 -0.1738
vn -0.1353 0.9906 0.0200
vn -0.1351 0.9906 0.0202
vn -0.1351 0.9906 0.0207
vn -0.9750 0.1540 0.1603
vn 0.5233 0.8467 -0.0957
vn -0.8997 0.4332 0.0534
vn 0.6905 0.7226 -0.0321
vn -0.9567 0.2912 0.0009
vn 0.4399 0.8978 0.0232
vn -0.8879 0.4583 -0.0412
vn 0.3329 0.9410 0.0610
vn -0.8524 0.5172 -0.0765
vn 0.6363 0.7612 0.1255
vn -0.9187 0.3690 -0.1410
vn 0.3267 0.9382 0.1142
vn 0.3267 0.9382 0.1143
vn -0.8146 0.5496 -0.1855
vn 0.4671 0.8688 0.1643
vn 0.4669 0.8689 0.1646
vn 0.4671 0.8688 0.1644
vn 0.4669 0.8688 0.1646
vn -0.9482 0.1178 -0.2950
vn -0.1415 0.9895 -0.0298
vn -0.1411 0.9895 -0.0299
vn -0.1410 0.9896 -0.0297
vn 0.3096 0.9288 0.2035
vn 0.1743 0.3776 0.9094
vn -0.2895 0.2962 -0.9102
vn -0.0600 0.3633 0.9297
vn -0.0601 0.3633 0.9297
vn -0.0598 0.3635 0.9297
vn 0.3795 0.8511 0.3628
vn -0.8058 0.4223 -0.4150
vn -0.8059 0.4223 -0.4150
vn -0.8058 0.4223 -0.4151
vn 0.6760 0.4410 0.5904
vn 0.6761 0.4409 0.5903
vn -0.7439 0.1993 -0.6379
vn -0.7438 0.1993 -0.6380
vn 0.3568 0.6915 0.6281
vn 0.3568 0.6911 0.6285
vn 0.3567 0.6911 0.6286
vn -0.6121 0.2292 -0.7568
vn -0.6122 0.2292 -0.7568
vn -0.6121 0.2292 -0.7569
vn 0.1280 0.6514 0.7479
vn 0.1280 0.6513 0.7479
vn 0.2466 0.9279 -0.2795
vn 0.2496 0.9222 -0.2953
vn 0.2472 0.9287 -0.2766
vn -0.8299 0.4379 0.3458
vn -0.8300 0.4378 0.3457
vn -0.8300 0.4377 0.3457
vn -0.5258 0.8503 0.0240
vn 0.2798 0.5963 -0.7525
vn 0.2798 0.5962 -0.7525
vn 0.2798 0.5963 -0.7524
vn -0.8096 0.3572 0.4658
vn -0.8097 0.3570 0.4658
vn -0.8096 0.3571 0.4658
vn -0.1479 0.9075 -0.3932
vn -0.6771 0.6672 0.3105
vn -0.6793 0.7108 0.1825
vn -0.0048 0.4782 -0.8782
vn -0.0048 0.4782 -0.8783
vn -0.0048 0.4783 -0.8782
vn -0.4384 0.1898 0.8785
vn 0.0496 0.5147 -0.8560
vn -0.0408 0.4608 -0.8866
vn -0.3430 0.6070 0.7169
vn -0.5001 0.1724 -0.8486
vn -0.3165 0.2103 0.9250
vn -0.2712 0.6443 -0.7151
vn -0.8684 0.4172 -0.2682
vn -0.7831 0.5841 0.2135
vn -0.7831 0.5842 0.2135
vt 0.460100 0.213200
vt 0.473000 0.208500
vt 0.473500 0.220400
vt 0.380500 0.052000
vt 0.378800 0.039600
vt 0.382700 0.037900
vt 0.385900 0.050500
vt 0.386400 0.036200
vt 0.391200 0.048900
vt 0.390100 0.034400
vt 0.396400 0.047100
vt 0.393600 0.032500
vt 0.401400 0.045100
vt 0.397100 0.030400
vt 0.406100 0.042900
vt 0.400300 0.028200
vt 0.410500 0.040200
vt 0.403300 0.025700
vt 0.414400 0.037100
vt 0.382000 0.064400
vt 0.388900 0.063100
vt 0.395800 0.061600
vt 0.402500 0.059900
vt 0.409000 0.058000
vt 0.415200 0.055500
vt 0.420900 0.052500
vt 0.425800 0.048700
vt 0.391700 0.075700
vt 0.383300 0.076900
vt 0.400000 0.074400
vt 0.408300 0.072900
vt 0.416500 0.071000
vt 0.424300 0.068500
vt 0.431400 0.065100
vt 0.437500 0.060600
vt 0.384500 0.089300
vt 0.394100 0.088400
vt 0.403800 0.087300
vt 0.385400 0.101700
vt 0.395900 0.101000
vt 0.397100 0.113700
vt 0.386000 0.114200
vt 0.419500 0.003500
vt 0.431500 0.005200
vt 0.429700 0.010300
vt 0.417500 0.007000
vt 0.443500 0.006700
vt 0.441900 0.013400
vt 0.454100 0.016200
vt 0.455500 0.008100
vt 0.427800 0.015300
vt 0.415500 0.010400
vt 0.440100 0.020000
vt 0.452500 0.024300
vt 0.466300 0.018600
vt 0.465000 0.028100
vt 0.425700 0.020200
vt 0.413300 0.013800
vt 0.438200 0.026500
vt 0.450700 0.032400
vt 0.463500 0.037800
vt 0.423400 0.024900
vt 0.411100 0.017000
vt 0.435900 0.032700
vt 0.448600 0.040300
vt 0.461600 0.047600
vt 0.420800 0.029400
vt 0.408700 0.020100
vt 0.433200 0.038600
vt 0.445800 0.047900
vt 0.459000 0.057200
vt 0.417800 0.033400
vt 0.406100 0.023000
vt 0.429800 0.044000
vt 0.442200 0.054800
vt 0.455200 0.065900
vt 0.426800 0.249400
vt 0.415100 0.248700
vt 0.413500 0.244600
vt 0.425500 0.242200
vt 0.411800 0.240700
vt 0.424100 0.236200
vt 0.410000 0.237300
vt 0.422400 0.230900
vt 0.408100 0.234100
vt 0.420500 0.226100
vt 0.406000 0.231100
vt 0.418300 0.221700
vt 0.403800 0.228400
vt 0.415600 0.217700
vt 0.401300 0.225900
vt 0.412500 0.214300
vt 0.437600 0.239700
vt 0.438600 0.248600
vt 0.436300 0.231800
vt 0.434900 0.224700
vt 0.433000 0.218200
vt 0.430700 0.212200
vt 0.427800 0.206900
vt 0.424000 0.202500
vt 0.450400 0.247300
vt 0.449600 0.237000
vt 0.448700 0.227600
vt 0.447400 0.218800
vt 0.445800 0.210400
vt 0.443500 0.202600
vt 0.440300 0.195800
vt 0.436000 0.190200
vt 0.462300 0.245800
vt 0.461800 0.234500
vt 0.461100 0.223700
vt 0.458800 0.202900
vt 0.456800 0.193200
vt 0.453500 0.184500
vt 0.448500 0.177400
vt 0.470500 0.184300
vt 0.382200 0.215200
vt 0.378600 0.213900
vt 0.380300 0.201400
vt 0.385500 0.202600
vt 0.381800 0.188900
vt 0.388600 0.189900
vt 0.383200 0.176500
vt 0.391400 0.177200
vt 0.384400 0.164000
vt 0.393900 0.164500
vt 0.385300 0.151500
vt 0.395800 0.151800
vt 0.385900 0.139100
vt 0.397100 0.139100
vt 0.386200 0.126600
vt 0.397600 0.126400
vt 0.385700 0.216700
vt 0.390600 0.203900
vt 0.395200 0.191000
vt 0.399600 0.178100
vt 0.403400 0.165200
vt 0.406500 0.152200
vt 0.395500 0.205300
vt 0.389100 0.218200
vt 0.401800 0.192400
vt 0.407700 0.179300
vt 0.413200 0.166100
vt 0.400300 0.207000
vt 0.392400 0.219900
vt 0.408100 0.194000
vt 0.415700 0.180800
vt 0.404800 0.209000
vt 0.395600 0.221700
vt 0.414000 0.196200
vt 0.423400 0.182900
vt 0.423000 0.167300
vt 0.398500 0.223700
vt 0.408900 0.211400
vt 0.419400 0.198900
vt 0.430200 0.186000
vt 0.441300 0.172500
vt 0.375000 0.041200
vt 0.375000 0.029000
vt 0.377200 0.027200
vt 0.379300 0.025300
vt 0.381500 0.023500
vt 0.383700 0.021700
vt 0.385800 0.019900
vt 0.388000 0.018100
vt 0.390200 0.016300
vt 0.392300 0.014500
vt 0.375000 0.053400
vt 0.375000 0.065700
vt 0.375000 0.077900
vt 0.375000 0.090100
vt 0.375000 0.102400
vt 0.375000 0.114600
vt 0.375000 0.126800
vt 0.409700 0.000000
vt 0.421500 0.000000
vt 0.407500 0.001800
vt 0.433200 0.000000
vt 0.445000 0.000000
vt 0.456800 0.000000
vt 0.405400 0.003600
vt 0.403200 0.005400
vt 0.401000 0.007200
vt 0.398900 0.009100
vt 0.396700 0.010900
vt 0.394500 0.012700
vt 0.403400 0.248400
vt 0.416500 0.255000
vt 0.405300 0.250000
vt 0.401500 0.246800
vt 0.399600 0.245300
vt 0.397700 0.243700
vt 0.395800 0.242100
vt 0.393900 0.240500
vt 0.392000 0.238900
vt 0.390100 0.237400
vt 0.427800 0.258400
vt 0.439400 0.258900
vt 0.451000 0.258500
vt 0.462600 0.257800
vt 0.375000 0.212500
vt 0.376900 0.226300
vt 0.375000 0.224700
vt 0.375000 0.200300
vt 0.375000 0.188000
vt 0.375000 0.175800
vt 0.375000 0.163600
vt 0.375000 0.151300
vt 0.375000 0.139100
vt 0.378800 0.227900
vt 0.380700 0.229500
vt 0.382600 0.231100
vt 0.384500 0.232600
vt 0.386400 0.234200
vt 0.388200 0.235800
vt 0.432600 0.782400
vt 0.433200 0.767400
vt 0.442500 0.769600
vt 0.442500 0.783300
vt 0.452300 0.770400
vt 0.452500 0.783900
vt 0.462400 0.770500
vt 0.462500 0.784100
vt 0.442100 0.797900
vt 0.432000 0.797400
vt 0.452300 0.798300
vt 0.462500 0.798500
vt 0.441600 0.813000
vt 0.431300 0.812800
vt 0.451900 0.813200
vt 0.462200 0.813300
vt 0.430500 0.828200
vt 0.441000 0.828400
vt 0.451500 0.828400
vt 0.461900 0.828500
vt 0.440400 0.843800
vt 0.429700 0.843800
vt 0.451000 0.843900
vt 0.461500 0.843900
vt 0.439700 0.859400
vt 0.428900 0.859400
vt 0.450400 0.859400
vt 0.461100 0.859400
vt 0.428100 0.875000
vt 0.439000 0.875000
vt 0.449800 0.875000
vt 0.460600 0.875000
vt 0.438300 0.890600
vt 0.427300 0.890600
vt 0.449200 0.890600
vt 0.460100 0.890600
vt 0.437600 0.906300
vt 0.426500 0.906300
vt 0.448600 0.906300
vt 0.459600 0.906300
vt 0.425600 0.921900
vt 0.436900 0.921900
vt 0.448000 0.921900
vt 0.459200 0.921900
vt 0.436100 0.937500
vt 0.424800 0.937500
vt 0.447400 0.937500
vt 0.458700 0.937500
vt 0.435400 0.953100
vt 0.424000 0.953100
vt 0.446800 0.953100
vt 0.458200 0.953100
vt 0.423100 0.968800
vt 0.434700 0.968800
vt 0.446200 0.968800
vt 0.457700 0.968800
vt 0.434000 0.984400
vt 0.422300 0.984400
vt 0.445600 0.984400
vt 0.457300 0.984400
vt 0.423800 0.765600
vt 0.424700 0.750000
vt 0.433200 0.754500
vt 0.442000 0.757600
vt 0.451800 0.758100
vt 0.461900 0.757800
vt 0.456800 1.000000
vt 0.445000 1.000000
vt 0.433200 1.000000
vt 0.421500 1.000000
vt 0.409700 1.000000
vt 0.410600 0.984400
vt 0.411600 0.968800
vt 0.412500 0.953100
vt 0.413500 0.937500
vt 0.414400 0.921900
vt 0.415300 0.906200
vt 0.416300 0.890600
vt 0.417200 0.875000
vt 0.418200 0.859400
vt 0.419100 0.843800
vt 0.420000 0.828100
vt 0.421000 0.812500
vt 0.421900 0.796900
vt 0.422900 0.781200
vt 0.418200 0.282500
vt 0.417400 0.267600
vt 0.428700 0.270000
vt 0.429400 0.283500
vt 0.440100 0.270800
vt 0.440700 0.284100
vt 0.451500 0.270900
vt 0.452000 0.284400
vt 0.463000 0.270700
vt 0.463200 0.284300
vt 0.430100 0.298000
vt 0.418900 0.297500
vt 0.441200 0.298400
vt 0.452400 0.298600
vt 0.463500 0.298600
vt 0.430700 0.313000
vt 0.419600 0.312800
vt 0.441700 0.313200
vt 0.452700 0.313400
vt 0.463700 0.313400
vt 0.431300 0.328300
vt 0.420300 0.328200
vt 0.442200 0.328400
vt 0.453100 0.328500
vt 0.463900 0.328500
vt 0.431900 0.343800
vt 0.421000 0.343800
vt 0.442700 0.343800
vt 0.453400 0.343900
vt 0.464100 0.343900
vt 0.432500 0.359400
vt 0.421800 0.359400
vt 0.443200 0.359400
vt 0.453800 0.359400
vt 0.464400 0.359400
vt 0.433100 0.375000
vt 0.422500 0.375000
vt 0.443700 0.375000
vt 0.454200 0.375000
vt 0.464600 0.375000
vt 0.433700 0.390600
vt 0.423200 0.390600
vt 0.444200 0.390600
vt 0.454600 0.390600
vt 0.464900 0.390600
vt 0.434300 0.406200
vt 0.423900 0.406200
vt 0.444700 0.406200
vt 0.455000 0.406200
vt 0.465200 0.406200
vt 0.434900 0.421700
vt 0.424600 0.421800
vt 0.445200 0.421600
vt 0.455400 0.421600
vt 0.465500 0.421600
vt 0.435400 0.437000
vt 0.425300 0.437200
vt 0.445600 0.436800
vt 0.455700 0.436700
vt 0.465800 0.436700
vt 0.436000 0.452100
vt 0.425900 0.452600
vt 0.446000 0.451800
vt 0.456000 0.451600
vt 0.466100 0.451600
vt 0.436300 0.466700
vt 0.426500 0.467600
vt 0.446200 0.466200
vt 0.456200 0.465900
vt 0.466200 0.466000
vt 0.436400 0.480400
vt 0.427000 0.482600
vt 0.446200 0.479600
vt 0.456200 0.479600
vt 0.466300 0.479800
vt 0.406100 0.265600
vt 0.456000 0.492200
vt 0.445900 0.491900
vt 0.436100 0.492300
vt 0.427000 0.495500
vt 0.418400 0.500000
vt 0.417600 0.484400
vt 0.416700 0.468800
vt 0.415900 0.453100
vt 0.415100 0.437500
vt 0.414300 0.421900
vt 0.413500 0.406200
vt 0.412600 0.390600
vt 0.411800 0.375000
vt 0.411000 0.359400
vt 0.410200 0.343800
vt 0.409400 0.328100
vt 0.408500 0.312500
vt 0.407700 0.296900
vt 0.406900 0.281200
vt 0.156400 0.712500
vt 0.156400 0.716900
vt 0.140800 0.720700
vt 0.140700 0.717800
vt 0.172000 0.708600
vt 0.172000 0.713600
vt 0.187600 0.705400
vt 0.187700 0.710800
vt 0.203200 0.702800
vt 0.203300 0.708400
vt 0.218900 0.700800
vt 0.218900 0.706400
vt 0.234500 0.699200
vt 0.234500 0.704900
vt 0.250100 0.698000
vt 0.250100 0.703700
vt 0.265700 0.697100
vt 0.265700 0.702900
vt 0.281300 0.696700
vt 0.281300 0.702400
vt 0.296900 0.696600
vt 0.297000 0.702200
vt 0.312500 0.696900
vt 0.312500 0.702400
vt 0.328000 0.697700
vt 0.328100 0.702900
vt 0.343600 0.699000
vt 0.343700 0.703800
vt 0.358700 0.701000
vt 0.359400 0.705000
vt 0.156500 0.720500
vt 0.140800 0.723400
vt 0.172100 0.717800
vt 0.187700 0.715300
vt 0.203300 0.713200
vt 0.218900 0.711500
vt 0.234500 0.710000
vt 0.250100 0.708900
vt 0.265800 0.708000
vt 0.281400 0.707500
vt 0.297000 0.707200
vt 0.312600 0.707200
vt 0.328200 0.707500
vt 0.343800 0.708000
vt 0.359400 0.708700
vt 0.156500 0.723600
vt 0.140900 0.725900
vt 0.172100 0.721300
vt 0.187700 0.719300
vt 0.203300 0.717500
vt 0.219000 0.715900
vt 0.234600 0.714600
vt 0.250200 0.713500
vt 0.265800 0.712700
vt 0.281400 0.712100
vt 0.297000 0.711800
vt 0.312600 0.711600
vt 0.328200 0.711700
vt 0.343800 0.711900
vt 0.359400 0.712200
vt 0.156600 0.726300
vt 0.141000 0.728200
vt 0.172200 0.724500
vt 0.187800 0.722800
vt 0.203400 0.721300
vt 0.219000 0.719900
vt 0.234600 0.718700
vt 0.250200 0.717700
vt 0.265800 0.717000
vt 0.281400 0.716400
vt 0.297000 0.716000
vt 0.312600 0.715700
vt 0.328200 0.715600
vt 0.343800 0.715500
vt 0.359400 0.715600
vt 0.156600 0.728800
vt 0.141000 0.730400
vt 0.172200 0.727400
vt 0.187800 0.726000
vt 0.203400 0.724700
vt 0.219000 0.723500
vt 0.234600 0.722500
vt 0.250200 0.721600
vt 0.265800 0.720800
vt 0.281400 0.720300
vt 0.297000 0.719800
vt 0.312600 0.719500
vt 0.328200 0.719200
vt 0.343800 0.719000
vt 0.359400 0.718900
vt 0.156700 0.731200
vt 0.141100 0.732500
vt 0.172300 0.730000
vt 0.187900 0.728900
vt 0.203500 0.727800
vt 0.219100 0.726800
vt 0.234700 0.725900
vt 0.250300 0.725100
vt 0.265900 0.724400
vt 0.281500 0.723900
vt 0.297000 0.723400
vt 0.312600 0.723000
vt 0.328200 0.722700
vt 0.343800 0.722400
vt 0.359400 0.722100
vt 0.156800 0.733500
vt 0.141200 0.734500
vt 0.172300 0.732500
vt 0.187900 0.731600
vt 0.203500 0.730700
vt 0.219100 0.729800
vt 0.234700 0.729100
vt 0.250300 0.728400
vt 0.265900 0.727800
vt 0.281500 0.727200
vt 0.297100 0.726800
vt 0.312600 0.726300
vt 0.328200 0.726000
vt 0.343800 0.725600
vt 0.359400 0.725300
vt 0.156800 0.735700
vt 0.141200 0.736500
vt 0.172400 0.734900
vt 0.188000 0.734200
vt 0.203600 0.733400
vt 0.219200 0.732700
vt 0.234700 0.732100
vt 0.250300 0.731500
vt 0.265900 0.730900
vt 0.281500 0.730400
vt 0.297100 0.730000
vt 0.312700 0.729600
vt 0.328200 0.729200
vt 0.343800 0.728800
vt 0.359400 0.728500
vt 0.156900 0.737900
vt 0.141300 0.738500
vt 0.172500 0.737200
vt 0.188000 0.736600
vt 0.203600 0.736000
vt 0.219200 0.735500
vt 0.234800 0.734900
vt 0.250400 0.734400
vt 0.265900 0.733900
vt 0.281500 0.733500
vt 0.297100 0.733100
vt 0.312700 0.732700
vt 0.328300 0.732300
vt 0.343800 0.732000
vt 0.359400 0.731600
vt 0.141400 0.740500
vt 0.156900 0.740000
vt 0.172500 0.739500
vt 0.188100 0.739000
vt 0.203700 0.738500
vt 0.219200 0.738100
vt 0.234800 0.737600
vt 0.250400 0.737200
vt 0.266000 0.736800
vt 0.281500 0.736400
vt 0.297100 0.736100
vt 0.312700 0.735700
vt 0.328300 0.735400
vt 0.343800 0.735000
vt 0.359400 0.734700
vt 0.141400 0.742400
vt 0.157000 0.742000
vt 0.172600 0.741600
vt 0.188100 0.741300
vt 0.203700 0.740900
vt 0.219300 0.740600
vt 0.234900 0.740200
vt 0.250400 0.739900
vt 0.266000 0.739600
vt 0.281600 0.739300
vt 0.297100 0.739000
vt 0.312700 0.738700
vt 0.328300 0.738400
vt 0.343900 0.738100
vt 0.359400 0.737800
vt 0.141500 0.744300
vt 0.157100 0.744000
vt 0.172600 0.743800
vt 0.188200 0.743500
vt 0.203800 0.743300
vt 0.219300 0.743000
vt 0.234900 0.742700
vt 0.250500 0.742500
vt 0.266000 0.742300
vt 0.281600 0.742000
vt 0.297200 0.741800
vt 0.312700 0.741500
vt 0.328300 0.741300
vt 0.343900 0.741100
vt 0.359400 0.740900
vt 0.141600 0.746200
vt 0.157100 0.746000
vt 0.172700 0.745900
vt 0.188300 0.745700
vt 0.203800 0.745500
vt 0.219400 0.745400
vt 0.234900 0.745200
vt 0.250500 0.745000
vt 0.266100 0.744900
vt 0.281600 0.744700
vt 0.297200 0.744600
vt 0.312800 0.744400
vt 0.328300 0.744200
vt 0.343900 0.744100
vt 0.359400 0.743900
vt 0.141600 0.748100
vt 0.157200 0.748000
vt 0.172800 0.747900
vt 0.188300 0.747900
vt 0.203900 0.747800
vt 0.219400 0.747700
vt 0.235000 0.747600
vt 0.250500 0.747500
vt 0.266100 0.747400
vt 0.281700 0.747400
vt 0.297200 0.747300
vt 0.312800 0.747200
vt 0.328300 0.747100
vt 0.343900 0.747000
vt 0.359400 0.747000
vt 0.125000 0.721000
vt 0.140700 0.713200
vt 0.125100 0.722800
vt 0.156300 0.706600
vt 0.172000 0.702400
vt 0.187600 0.699100
vt 0.203200 0.696500
vt 0.218800 0.694400
vt 0.234500 0.692800
vt 0.250100 0.691600
vt 0.265700 0.690800
vt 0.281300 0.690400
vt 0.296900 0.690400
vt 0.312400 0.690800
vt 0.327800 0.691700
vt 0.343200 0.693300
vt 0.359000 0.696300
vt 0.375000 0.703200
vt 0.375000 0.700000
vt 0.375000 0.706300
vt 0.375000 0.709400
vt 0.375000 0.712500
vt 0.375000 0.715700
vt 0.375000 0.718800
vt 0.375000 0.721900
vt 0.375000 0.725000
vt 0.375000 0.728100
vt 0.375000 0.731300
vt 0.375000 0.734400
vt 0.375000 0.737500
vt 0.375000 0.740600
vt 0.375000 0.743800
vt 0.375000 0.746900
vt 0.375000 0.750000
vt 0.359400 0.750000
vt 0.343900 0.750000
vt 0.328300 0.750000
vt 0.312800 0.750000
vt 0.297200 0.750000
vt 0.281700 0.750000
vt 0.266100 0.750000
vt 0.250600 0.750000
vt 0.235000 0.750000
vt 0.219500 0.750000
vt 0.203900 0.750000
vt 0.188400 0.750000
vt 0.172800 0.750000
vt 0.157300 0.750000
vt 0.141700 0.750000
vt 0.126200 0.750000
vt 0.126100 0.748200
vt 0.126000 0.746400
vt 0.125900 0.744600
vt 0.125900 0.742800
vt 0.125800 0.740900
vt 0.125700 0.739100
vt 0.125600 0.737300
vt 0.125600 0.735500
vt 0.125500 0.733700
vt 0.125400 0.731900
vt 0.125400 0.730100
vt 0.125300 0.728300
vt 0.125200 0.726500
vt 0.125100 0.724700
vt 0.376800 0.561200
vt 0.377300 0.551400
vt 0.382500 0.548700
vt 0.384600 0.559200
vt 0.387300 0.546300
vt 0.391400 0.557200
vt 0.391700 0.543800
vt 0.397500 0.554900
vt 0.395900 0.541100
vt 0.403200 0.552400
vt 0.399800 0.538300
vt 0.408400 0.549600
vt 0.413200 0.546300
vt 0.403500 0.535400
vt 0.407000 0.532100
vt 0.417400 0.542600
vt 0.387000 0.569900
vt 0.377600 0.571400
vt 0.395500 0.568100
vt 0.403200 0.566200
vt 0.410400 0.563800
vt 0.417100 0.561000
vt 0.423000 0.557600
vt 0.428200 0.553400
vt 0.378800 0.581600
vt 0.389400 0.580500
vt 0.399300 0.579100
vt 0.408700 0.577500
vt 0.417600 0.575500
vt 0.425800 0.572800
vt 0.433100 0.569300
vt 0.439300 0.564500
vt 0.391800 0.591200
vt 0.380200 0.592000
vt 0.403000 0.590200
vt 0.413800 0.589000
vt 0.424500 0.587400
vt 0.434600 0.585100
vt 0.443600 0.581500
vt 0.451000 0.576200
vt 0.393800 0.601900
vt 0.381400 0.602400
vt 0.406000 0.601300
vt 0.418200 0.600600
vt 0.430500 0.599600
vt 0.442700 0.597800
vt 0.454300 0.594700
vt 0.463700 0.589000
vt 0.395200 0.612600
vt 0.382400 0.612800
vt 0.408100 0.612500
vt 0.421200 0.612200
vt 0.434900 0.611900
vt 0.449400 0.611100
vt 0.465100 0.609400
vt 0.425400 0.502500
vt 0.435100 0.501900
vt 0.433600 0.509700
vt 0.423300 0.507500
vt 0.445200 0.502600
vt 0.444100 0.512100
vt 0.455500 0.503900
vt 0.454700 0.514500
vt 0.431800 0.516500
vt 0.421000 0.512400
vt 0.442600 0.520600
vt 0.453600 0.524500
vt 0.429600 0.522600
vt 0.418600 0.516800
vt 0.440800 0.528300
vt 0.452100 0.533800
vt 0.463500 0.539000
vt 0.464600 0.528100
vt 0.427200 0.528300
vt 0.416000 0.521000
vt 0.438500 0.535600
vt 0.450100 0.542700
vt 0.462000 0.549700
vt 0.424400 0.533600
vt 0.413200 0.524900
vt 0.435800 0.542200
vt 0.447500 0.551000
vt 0.459700 0.559800
vt 0.421200 0.538300
vt 0.410200 0.528700
vt 0.432400 0.548200
vt 0.444000 0.558300
vt 0.456200 0.568800
vt 0.440800 0.747900
vt 0.431200 0.747200
vt 0.428700 0.741800
vt 0.438900 0.739800
vt 0.426000 0.736700
vt 0.436600 0.732800
vt 0.423100 0.731900
vt 0.434000 0.726400
vt 0.420100 0.727400
vt 0.431100 0.720400
vt 0.416900 0.723100
vt 0.427900 0.714800
vt 0.413500 0.719000
vt 0.424200 0.709700
vt 0.409900 0.715100
vt 0.420100 0.705100
vt 0.449300 0.737600
vt 0.450800 0.747200
vt 0.447400 0.728900
vt 0.445000 0.721000
vt 0.442300 0.713500
vt 0.439100 0.706600
vt 0.435200 0.700300
vt 0.430500 0.694800
vt 0.459800 0.735300
vt 0.461100 0.746100
vt 0.458200 0.725300
vt 0.456200 0.715800
vt 0.453700 0.706700
vt 0.450600 0.698200
vt 0.446600 0.690600
vt 0.441300 0.684200
vt 0.462600 0.689900
vt 0.465500 0.700200
vt 0.458500 0.680700
vt 0.452700 0.673000
vt 0.377300 0.683800
vt 0.385300 0.686100
vt 0.383200 0.696200
vt 0.377700 0.693200
vt 0.378000 0.674000
vt 0.387600 0.675900
vt 0.379100 0.664100
vt 0.389900 0.665500
vt 0.380400 0.654000
vt 0.392200 0.655100
vt 0.381600 0.643800
vt 0.394100 0.644600
vt 0.382500 0.633500
vt 0.395400 0.634000
vt 0.382800 0.623100
vt 0.395800 0.623400
vt 0.388400 0.699000
vt 0.392400 0.688500
vt 0.396300 0.678000
vt 0.400000 0.667300
vt 0.403500 0.656500
vt 0.406300 0.645600
vt 0.408300 0.634700
vt 0.408900 0.623600
vt 0.398800 0.691200
vt 0.393100 0.701900
vt 0.404300 0.680400
vt 0.409500 0.669400
vt 0.414500 0.658200
vt 0.418600 0.646900
vt 0.421400 0.635400
vt 0.422400 0.623900
vt 0.404800 0.694100
vt 0.397700 0.704900
vt 0.411800 0.683100
vt 0.418700 0.671900
vt 0.425300 0.660300
vt 0.431100 0.648500
vt 0.435100 0.636500
vt 0.436600 0.624200
vt 0.410300 0.697300
vt 0.402000 0.708100
vt 0.418700 0.686300
vt 0.427200 0.675000
vt 0.435600 0.663200
vt 0.443500 0.650900
vt 0.449800 0.637900
vt 0.452300 0.624600
vt 0.415500 0.701000
vt 0.406100 0.711500
vt 0.425000 0.690200
vt 0.434800 0.679000
vt 0.445000 0.667300
vt 0.455300 0.654600
vt 0.465700 0.640400
vt 0.475300 0.625100
vt 0.465100 0.660800
vt 0.370400 0.553300
vt 0.375000 0.543600
vt 0.377700 0.540900
vt 0.380400 0.538100
vt 0.383100 0.535400
vt 0.385800 0.532700
vt 0.388600 0.530000
vt 0.391300 0.527200
vt 0.394000 0.524500
vt 0.396700 0.521800
vt 0.367200 0.563000
vt 0.366800 0.572800
vt 0.367200 0.582700
vt 0.367800 0.592700
vt 0.368600 0.602700
vt 0.369200 0.612900
vt 0.369400 0.623000
vt 0.415700 0.502700
vt 0.413000 0.505400
vt 0.410200 0.508200
vt 0.407500 0.510900
vt 0.404800 0.513600
vt 0.402100 0.516300
vt 0.399400 0.519100
vt 0.421600 0.746900
vt 0.418500 0.743800
vt 0.415400 0.740600
vt 0.412300 0.737500
vt 0.409200 0.734400
vt 0.406100 0.731300
vt 0.403000 0.728100
vt 0.399900 0.725000
vt 0.370600 0.691000
vt 0.378100 0.703200
vt 0.367500 0.681800
vt 0.367100 0.672400
vt 0.367400 0.662800
vt 0.368000 0.653000
vt 0.368700 0.643100
vt 0.369200 0.633100
vt 0.381200 0.706300
vt 0.384300 0.709400
vt 0.387400 0.712500
vt 0.390500 0.715700
vt 0.393600 0.718800
vt 0.396800 0.721900
vt 0.359400 0.539700
vt 0.358700 0.543400
vt 0.343600 0.545700
vt 0.343700 0.541200
vt 0.328000 0.547300
vt 0.328100 0.542300
vt 0.312500 0.548300
vt 0.312500 0.543000
vt 0.296900 0.548800
vt 0.296900 0.543400
vt 0.281300 0.548900
vt 0.281300 0.543400
vt 0.265700 0.548600
vt 0.265700 0.543000
vt 0.250100 0.547900
vt 0.250100 0.542300
vt 0.234500 0.546800
vt 0.234500 0.541300
vt 0.218900 0.539900
vt 0.218800 0.545300
vt 0.203300 0.538000
vt 0.203200 0.543400
vt 0.187600 0.535700
vt 0.187600 0.540900
vt 0.172000 0.532900
vt 0.172000 0.537800
vt 0.156400 0.529700
vt 0.156300 0.534000
vt 0.140700 0.528700
vt 0.140800 0.526000
vt 0.359400 0.536400
vt 0.343800 0.537200
vt 0.328200 0.537900
vt 0.312600 0.538400
vt 0.297000 0.538600
vt 0.281400 0.538500
vt 0.265700 0.538100
vt 0.250100 0.537400
vt 0.234500 0.536400
vt 0.218900 0.535000
vt 0.203300 0.533400
vt 0.187700 0.531300
vt 0.172100 0.529000
vt 0.156400 0.526300
vt 0.140800 0.523500
vt 0.359400 0.533200
vt 0.343800 0.533700
vt 0.328200 0.534100
vt 0.312600 0.534300
vt 0.297000 0.534300
vt 0.281400 0.534100
vt 0.265800 0.533600
vt 0.250200 0.533000
vt 0.234500 0.532000
vt 0.218900 0.530800
vt 0.203300 0.529300
vt 0.187700 0.527600
vt 0.172100 0.525700
vt 0.156500 0.523500
vt 0.140900 0.521300
vt 0.359400 0.530200
vt 0.343800 0.530400
vt 0.328200 0.530500
vt 0.312600 0.530500
vt 0.297000 0.530400
vt 0.281400 0.530100
vt 0.265800 0.529700
vt 0.250200 0.529000
vt 0.234600 0.528100
vt 0.219000 0.527000
vt 0.203400 0.525800
vt 0.187700 0.524300
vt 0.172100 0.522700
vt 0.156500 0.521000
vt 0.140900 0.519200
vt 0.359400 0.527300
vt 0.343800 0.527300
vt 0.328200 0.527200
vt 0.312600 0.527100
vt 0.297000 0.526900
vt 0.281400 0.526500
vt 0.265800 0.526000
vt 0.250200 0.525400
vt 0.234600 0.524600
vt 0.219000 0.523700
vt 0.203400 0.522600
vt 0.187800 0.521400
vt 0.172200 0.520100
vt 0.156600 0.518700
vt 0.141000 0.517200
vt 0.359400 0.524400
vt 0.343800 0.524300
vt 0.328200 0.524100
vt 0.312600 0.523900
vt 0.297000 0.523600
vt 0.281400 0.523200
vt 0.265800 0.522800
vt 0.250200 0.522200
vt 0.234600 0.521500
vt 0.219000 0.520600
vt 0.203400 0.519700
vt 0.187800 0.518700
vt 0.172200 0.517700
vt 0.156600 0.516500
vt 0.141000 0.515400
vt 0.359400 0.521600
vt 0.343800 0.521400
vt 0.328200 0.521100
vt 0.312600 0.520900
vt 0.297000 0.520500
vt 0.281400 0.520200
vt 0.265900 0.519700
vt 0.250300 0.519200
vt 0.234700 0.518600
vt 0.219100 0.517900
vt 0.203500 0.517100
vt 0.187900 0.516300
vt 0.172300 0.515400
vt 0.156700 0.514500
vt 0.141100 0.513600
vt 0.359400 0.518800
vt 0.343800 0.518500
vt 0.328200 0.518300
vt 0.312600 0.518000
vt 0.297100 0.517600
vt 0.281500 0.517300
vt 0.265900 0.516800
vt 0.250300 0.516400
vt 0.234700 0.515800
vt 0.219100 0.515300
vt 0.203500 0.514600
vt 0.187900 0.514000
vt 0.172300 0.513300
vt 0.156700 0.512500
vt 0.141200 0.511800
vt 0.359400 0.516100
vt 0.343800 0.515800
vt 0.328200 0.515500
vt 0.312700 0.515200
vt 0.297100 0.514900
vt 0.281500 0.514500
vt 0.265900 0.514100
vt 0.250300 0.513700
vt 0.234700 0.513300
vt 0.219100 0.512800
vt 0.203600 0.512300
vt 0.188000 0.511800
vt 0.172400 0.511200
vt 0.156800 0.510600
vt 0.141200 0.510100
vt 0.359400 0.513300
vt 0.343800 0.513100
vt 0.328300 0.512800
vt 0.312700 0.512500
vt 0.297100 0.512200
vt 0.281500 0.511900
vt 0.265900 0.511600
vt 0.250300 0.511200
vt 0.234800 0.510900
vt 0.219200 0.510500
vt 0.203600 0.510100
vt 0.188000 0.509700
vt 0.172400 0.509200
vt 0.156900 0.508800
vt 0.141300 0.508300
vt 0.359400 0.510700
vt 0.343800 0.510400
vt 0.328300 0.510200
vt 0.312700 0.509900
vt 0.297100 0.509700
vt 0.281500 0.509400
vt 0.266000 0.509100
vt 0.250400 0.508900
vt 0.234800 0.508600
vt 0.219200 0.508300
vt 0.203600 0.507900
vt 0.188100 0.507600
vt 0.172500 0.507300
vt 0.156900 0.507000
vt 0.141300 0.506600
vt 0.359400 0.508000
vt 0.343900 0.507800
vt 0.328300 0.507600
vt 0.312700 0.507400
vt 0.297100 0.507200
vt 0.281600 0.507000
vt 0.266000 0.506800
vt 0.250400 0.506600
vt 0.234800 0.506300
vt 0.219300 0.506100
vt 0.203700 0.505900
vt 0.188100 0.505700
vt 0.172500 0.505400
vt 0.157000 0.505200
vt 0.141400 0.505000
vt 0.359400 0.505300
vt 0.343900 0.505200
vt 0.328300 0.505000
vt 0.312700 0.504900
vt 0.297100 0.504800
vt 0.281600 0.504600
vt 0.266000 0.504500
vt 0.250400 0.504300
vt 0.234900 0.504200
vt 0.219300 0.504000
vt 0.203700 0.503900
vt 0.188200 0.503800
vt 0.172600 0.503600
vt 0.157000 0.503500
vt 0.141500 0.503300
vt 0.359400 0.502700
vt 0.343900 0.502600
vt 0.328300 0.502500
vt 0.312700 0.502400
vt 0.297200 0.502400
vt 0.281600 0.502300
vt 0.266000 0.502200
vt 0.250500 0.502200
vt 0.234900 0.502100
vt 0.219300 0.502000
vt 0.203800 0.501900
vt 0.188200 0.501900
vt 0.172600 0.501800
vt 0.157100 0.501700
vt 0.141500 0.501700
vt 0.359000 0.547900
vt 0.375000 0.540900
vt 0.343200 0.551400
vt 0.327800 0.553200
vt 0.312400 0.554300
vt 0.296900 0.554900
vt 0.281300 0.555100
vt 0.265700 0.554800
vt 0.250100 0.554100
vt 0.234500 0.553100
vt 0.218800 0.551600
vt 0.203200 0.549600
vt 0.187600 0.547100
vt 0.171900 0.543900
vt 0.156300 0.539800
vt 0.140700 0.533100
vt 0.125100 0.523700
vt 0.125000 0.525300
vt 0.125100 0.522100
vt 0.125200 0.520500
vt 0.125300 0.518900
vt 0.125300 0.517400
vt 0.125400 0.515800
vt 0.125400 0.514200
vt 0.125500 0.512600
vt 0.125600 0.511100
vt 0.125600 0.509500
vt 0.125700 0.507900
vt 0.125800 0.506300
vt 0.125800 0.504700
vt 0.125900 0.503200
vt 0.125900 0.501600
vt 0.126000 0.500000
vt 0.141600 0.500000
vt 0.157100 0.500000
vt 0.172700 0.500000
vt 0.188300 0.500000
vt 0.203800 0.500000
vt 0.219400 0.500000
vt 0.234900 0.500000
vt 0.250500 0.500000
vt 0.266100 0.500000
vt 0.281600 0.500000
vt 0.297200 0.500000
vt 0.312800 0.500000
vt 0.328300 0.500000
vt 0.343900 0.500000
vt 0.359400 0.500000
vt 0.375000 0.502700
vt 0.375000 0.500000
vt 0.375000 0.505400
vt 0.375000 0.508200
vt 0.375000 0.510900
vt 0.375000 0.513600
vt 0.375000 0.516300
vt 0.375000 0.519100
vt 0.375000 0.521800
vt 0.375000 0.524500
vt 0.375000 0.527200
vt 0.375000 0.530000
vt 0.375000 0.532700
vt 0.375000 0.535400
vt 0.375000 0.538100
vt 0.140600 0.553500
vt 0.140600 0.542400
vt 0.156300 0.547600
vt 0.156300 0.557000
vt 0.171900 0.560100
vt 0.171900 0.551400
vt 0.187600 0.554400
vt 0.187500 0.562700
vt 0.203200 0.556800
vt 0.203200 0.564800
vt 0.218800 0.558700
vt 0.218800 0.566500
vt 0.234400 0.560100
vt 0.234400 0.567800
vt 0.250100 0.561100
vt 0.250000 0.568700
vt 0.265700 0.561700
vt 0.265700 0.569200
vt 0.281300 0.561900
vt 0.281200 0.569500
vt 0.296800 0.561800
vt 0.296700 0.569300
vt 0.312000 0.568800
vt 0.312200 0.561200
vt 0.327500 0.560100
vt 0.327100 0.567800
vt 0.342500 0.558400
vt 0.341700 0.566500
vt 0.356800 0.556200
vt 0.355300 0.564900
vt 0.140600 0.564700
vt 0.156300 0.567300
vt 0.171900 0.569600
vt 0.187500 0.571700
vt 0.203200 0.573500
vt 0.218800 0.574900
vt 0.234400 0.576000
vt 0.250000 0.576800
vt 0.265700 0.577300
vt 0.281200 0.577500
vt 0.296600 0.577400
vt 0.311800 0.577000
vt 0.326800 0.576300
vt 0.341100 0.575300
vt 0.354600 0.574100
vt 0.140600 0.576200
vt 0.156300 0.578000
vt 0.171900 0.579800
vt 0.187500 0.581400
vt 0.203200 0.582800
vt 0.218800 0.583900
vt 0.234400 0.584800
vt 0.250000 0.585400
vt 0.265600 0.585800
vt 0.281200 0.586000
vt 0.296600 0.585900
vt 0.311700 0.585600
vt 0.326600 0.585100
vt 0.340900 0.584400
vt 0.354500 0.583600
vt 0.140600 0.587800
vt 0.156300 0.589100
vt 0.171900 0.590300
vt 0.187500 0.591400
vt 0.203100 0.592400
vt 0.218800 0.593300
vt 0.234400 0.593900
vt 0.250000 0.594400
vt 0.265600 0.594700
vt 0.281200 0.594900
vt 0.296600 0.594800
vt 0.311700 0.594600
vt 0.326600 0.594300
vt 0.340900 0.593800
vt 0.354800 0.593300
vt 0.140600 0.599500
vt 0.156300 0.600300
vt 0.171900 0.601100
vt 0.187500 0.601800
vt 0.203100 0.602400
vt 0.218800 0.602900
vt 0.234400 0.603400
vt 0.250000 0.603700
vt 0.265600 0.603900
vt 0.281200 0.604000
vt 0.296600 0.604000
vt 0.311800 0.603800
vt 0.326600 0.603700
vt 0.341100 0.603400
vt 0.355100 0.603100
vt 0.156300 0.611600
vt 0.140600 0.611300
vt 0.171900 0.612000
vt 0.187500 0.612300
vt 0.203100 0.612600
vt 0.218800 0.612800
vt 0.234400 0.613000
vt 0.250000 0.613100
vt 0.265600 0.613200
vt 0.281200 0.613300
vt 0.296600 0.613300
vt 0.311800 0.613200
vt 0.326700 0.613100
vt 0.341300 0.613100
vt 0.355500 0.613000
vt 0.156300 0.623000
vt 0.140600 0.623100
vt 0.171900 0.622900
vt 0.187500 0.622900
vt 0.203100 0.622800
vt 0.218800 0.622800
vt 0.234400 0.622700
vt 0.250000 0.622700
vt 0.265600 0.622600
vt 0.281200 0.622600
vt 0.296600 0.622600
vt 0.311800 0.622600
vt 0.326800 0.622700
vt 0.341400 0.622800
vt 0.355700 0.622800
vt 0.156300 0.634400
vt 0.140600 0.634900
vt 0.171900 0.633900
vt 0.187500 0.633500
vt 0.203100 0.633100
vt 0.218800 0.632700
vt 0.234400 0.632400
vt 0.250000 0.632200
vt 0.265600 0.632100
vt 0.281200 0.632000
vt 0.296600 0.632000
vt 0.311800 0.632100
vt 0.326800 0.632200
vt 0.341400 0.632400
vt 0.355500 0.632700
vt 0.156300 0.645700
vt 0.140600 0.646700
vt 0.171900 0.644800
vt 0.187500 0.644000
vt 0.203100 0.643300
vt 0.218800 0.642600
vt 0.234400 0.642100
vt 0.250000 0.641700
vt 0.265600 0.641400
vt 0.281200 0.641300
vt 0.296600 0.641300
vt 0.311800 0.641400
vt 0.326700 0.641600
vt 0.341200 0.642000
vt 0.355200 0.642500
vt 0.156300 0.657000
vt 0.140600 0.658400
vt 0.171900 0.655600
vt 0.187500 0.654400
vt 0.203100 0.653300
vt 0.218800 0.652300
vt 0.234400 0.651500
vt 0.250000 0.651000
vt 0.265600 0.650600
vt 0.281200 0.650400
vt 0.296600 0.650400
vt 0.311700 0.650600
vt 0.326600 0.650900
vt 0.341000 0.651500
vt 0.354900 0.652200
vt 0.156300 0.668000
vt 0.140600 0.670000
vt 0.171900 0.666100
vt 0.187500 0.664400
vt 0.203200 0.663000
vt 0.218800 0.661700
vt 0.234400 0.660700
vt 0.250000 0.660000
vt 0.265700 0.659500
vt 0.281200 0.659200
vt 0.296600 0.659200
vt 0.311800 0.659500
vt 0.326600 0.660000
vt 0.341000 0.660700
vt 0.354600 0.661700
vt 0.156300 0.678800
vt 0.140600 0.681500
vt 0.171900 0.676400
vt 0.187500 0.674100
vt 0.203200 0.672300
vt 0.218800 0.670700
vt 0.234400 0.669500
vt 0.250000 0.668600
vt 0.265700 0.668000
vt 0.281200 0.667700
vt 0.296600 0.667800
vt 0.311900 0.668100
vt 0.326800 0.668800
vt 0.341200 0.669700
vt 0.354800 0.670900
vt 0.156300 0.689200
vt 0.140600 0.692700
vt 0.171900 0.686000
vt 0.187500 0.683300
vt 0.203200 0.681000
vt 0.218800 0.679300
vt 0.234400 0.677900
vt 0.250100 0.676800
vt 0.265700 0.676200
vt 0.281200 0.675800
vt 0.296700 0.675900
vt 0.312000 0.676300
vt 0.327100 0.677100
vt 0.341700 0.678300
vt 0.355400 0.679900
vt 0.156300 0.698600
vt 0.140600 0.703800
vt 0.171900 0.694800
vt 0.187600 0.691700
vt 0.203200 0.689200
vt 0.218800 0.687200
vt 0.234400 0.685600
vt 0.250100 0.684500
vt 0.265700 0.683800
vt 0.281300 0.683400
vt 0.296800 0.683400
vt 0.312200 0.683900
vt 0.327500 0.684800
vt 0.342500 0.686300
vt 0.356800 0.688200
vt 0.125000 0.537500
vt 0.125000 0.708800
vt 0.125000 0.696600
vt 0.125000 0.684300
vt 0.125000 0.672100
vt 0.125000 0.659900
vt 0.125000 0.647600
vt 0.125000 0.635400
vt 0.125000 0.623100
vt 0.125000 0.610900
vt 0.125000 0.598700
vt 0.125000 0.586400
vt 0.125000 0.574200
vt 0.125000 0.562000
vt 0.125000 0.549700
s 1
g off
g mandibula_inferior_Goddard_None
usemtl Goddard_None
f 2/1/1 3/2/2 1/3/3
s 2
f 4/4/4 5/5/5 6/6/5
f 6/6/5 7/7/5 4/4/4
s 3
f 8/8/6 9/9/6 7/7/6
f 7/7/6 6/6/6 8/8/6
s 4
f 9/9/7 8/8/7 10/10/7
f 10/10/7 11/11/7 9/9/7
s 5
f 11/11/8 10/10/8 12/12/8
f 12/12/8 13/13/8 11/11/8
s 6
f 12/12/9 14/14/9 15/15/9
f 15/15/9 13/13/9 12/12/9
s 7
f 15/15/10 14/14/11 16/16/10
f 16/16/10 17/17/12 15/15/10
s 8
f 17/17/13 16/16/13 18/18/13
f 18/18/13 19/19/13 17/17/13
s 9
f 20/20/14 4/4/14 7/7/15
f 7/7/15 21/21/14 20/20/14
s 10
f 21/21/16 7/7/17 9/9/17
f 9/9/17 22/22/17 21/21/16
s 11
f 9/9/18 11/11/18 23/23/18
f 23/23/18 22/22/18 9/9/18
s 12
f 23/23/19 11/11/19 13/13/19
f 13/13/19 24/24/19 23/23/19
s 13
f 24/24/20 13/13/20 15/15/20
f 15/15/20 25/25/20 24/24/20
s 14
f 15/15/21 17/17/21 26/26/21
f 26/26/21 25/25/21 15/15/21
s 15
f 26/26/22 17/17/23 19/19/24
f 19/19/24 27/27/25 26/26/22
s 16
f 20/20/26 21/21/27 28/28/27
f 28/28/27 29/29/27 20/20/26
s 17
f 28/28/28 21/21/29 22/22/29
f 22/22/29 30/30/29 28/28/28
s 18
f 30/30/30 22/22/30 23/23/30
f 23/23/30 31/31/31 30/30/30
s 19
f 24/24/32 32/32/32 31/31/32
f 31/31/32 23/23/32 24/24/32
s 20
f 32/32/33 24/24/33 25/25/33
f 25/25/33 33/33/33 32/32/33
s 21
f 33/33/34 25/25/34 26/26/35
f 26/26/35 34/34/35 33/33/34
s 22
f 26/26/36 27/27/36 35/35/36
f 35/35/36 34/34/36 26/26/36
s 23
f 36/36/37 29/29/37 28/28/37
f 28/28/37 37/37/38 36/36/37
s 24
f 30/30/39 38/38/40 37/37/40
f 37/37/40 28/28/40 30/30/39
s 25
f 38/38/41 30/30/42 31/31/43
s 26
f 39/39/44 36/36/44 37/37/44
f 37/37/44 40/40/44 39/39/44
s 27
f 40/40/45 37/37/46 38/38/47
s 28
f 39/39/48 40/40/49 41/41/50
f 41/41/50 42/42/51 39/39/48
s 29
f 43/43/52 44/44/53 45/45/53
f 45/45/53 46/46/53 43/43/52
s 30
f 47/47/54 48/48/54 45/45/54
f 45/45/54 44/44/54 47/47/54
s 31
f 49/49/55 48/48/55 47/47/55
f 47/47/55 50/50/56 49/49/55
s 32
f 46/46/57 45/45/57 51/51/57
f 51/51/57 52/52/57 46/46/57
s 33
f 45/45/58 48/48/58 53/53/58
f 53/53/58 51/51/58 45/45/58
s 34
f 49/49/59 54/54/59 53/53/60
f 53/53/60 48/48/61 49/49/59
s 35
f 49/49/62 55/55/62 56/56/62
f 56/56/62 54/54/62 49/49/62
s 36
f 51/51/63 57/57/63 58/58/63
f 58/58/63 52/52/63 51/51/63
s 37
f 51/51/64 53/53/64 59/59/64
f 59/59/64 57/57/64 51/51/64
s 38
f 53/53/65 54/54/66 60/60/66
f 60/60/66 59/59/66 53/53/65
s 39
f 54/54/67 56/56/68 61/61/68
f 61/61/68 60/60/68 54/54/67
s 40
f 58/58/69 57/57/69 62/62/69
f 62/62/69 63/63/69 58/58/69
s 41
f 59/59/70 64/64/71 62/62/71
f 62/62/71 57/57/70 59/59/70
s 42
f 59/59/72 60/60/72 65/65/73
f 65/65/73 64/64/73 59/59/72
s 43
f 60/60/74 61/61/74 66/66/75
f 66/66/75 65/65/74 60/60/74
s 44
f 63/63/76 62/62/77 67/67/77
f 67/67/77 68/68/77 63/63/76
s 45
f 62/62/78 64/64/78 69/69/78
f 69/69/78 67/67/78 62/62/78
s 46
f 64/64/79 65/65/79 70/70/79
f 70/70/79 69/69/79 64/64/79
s 47
f 65/65/80 66/66/80 71/71/80
f 71/71/80 70/70/81 65/65/80
s 48
f 68/68/82 67/67/82 72/72/82
f 72/72/82 73/73/82 68/68/82
s 49
f 67/67/83 69/69/83 74/74/83
f 74/74/83 72/72/83 67/67/83
s 50
f 69/69/84 70/70/84 75/75/84
f 75/75/84 74/74/84 69/69/84
s 51
f 71/71/85 76/76/86 75/75/85
f 75/75/85 70/70/85 71/71/85
s 52
f 77/77/87 78/78/88 79/79/88
f 79/79/88 80/80/88 77/77/87
s 53
f 80/80/89 79/79/89 81/81/89
f 81/81/89 82/82/89 80/80/89
s 54
f 83/83/90 84/84/90 82/82/90
f 82/82/90 81/81/90 83/83/90
s 55
f 84/84/91 83/83/91 85/85/91
f 85/85/91 86/86/91 84/84/91
s 56
f 86/86/92 85/85/92 87/87/92
f 87/87/92 88/88/92 86/86/92
s 57
f 87/87/93 89/89/93 90/90/93
f 90/90/93 88/88/93 87/87/93
s 58
f 90/90/94 89/89/94 91/91/94
f 91/91/94 92/92/94 90/90/94
s 59
f 80/80/95 93/93/95 94/94/95
f 94/94/95 77/77/95 80/80/95
s 60
f 93/93/96 80/80/96 82/82/96
f 82/82/96 95/95/96 93/93/96
s 61
f 95/95/97 82/82/97 84/84/97
f 84/84/97 96/96/98 95/95/97
s 62
f 86/86/99 97/97/99 96/96/99
f 96/96/99 84/84/99 86/86/99
s 63
f 97/97/100 86/86/100 88/88/100
f 88/88/100 98/98/100 97/97/100
s 64
f 98/98/101 88/88/101 90/90/101
f 90/90/101 99/99/101 98/98/101
s 65
f 90/90/102 92/92/102 100/100/102
f 100/100/102 99/99/102 90/90/102
s 66
f 101/101/103 94/94/103 93/93/103
f 93/93/103 102/102/103 101/101/103
s 67
f 93/93/104 95/95/104 103/103/104
f 103/103/104 102/102/104 93/93/104
s 68
f 103/103/105 95/95/106 96/96/106
f 96/96/106 104/104/106 103/103/105
s 69
f 104/104/107 96/96/107 97/97/107
f 97/97/107 105/105/107 104/104/107
s 70
f 98/98/108 106/106/108 105/105/108
f 105/105/108 97/97/108 98/98/108
s 71
f 106/106/109 98/98/109 99/99/109
f 99/99/109 107/107/109 106/106/109
s 72
f 107/107/110 99/99/111 100/100/112
f 100/100/112 108/108/111 107/107/110
s 73
f 109/109/113 101/101/113 102/102/113
f 102/102/113 110/110/113 109/109/113
s 74
f 110/110/114 102/102/114 103/103/114
f 103/103/114 111/111/114 110/110/114
s 75
f 104/104/115 112/1/116 111/111/117
f 111/111/117 103/103/116 104/104/115
s 76
f 112/1/118 104/104/119 105/105/120
f 105/105/120 113/112/119 112/1/118
s 77
f 113/112/121 105/105/121 106/106/121
f 106/106/121 114/113/121 113/112/121
s 78
f 107/107/122 115/114/122 114/113/122
f 114/113/122 106/106/122 107/107/122
s 79
f 115/114/123 107/107/124 108/108/124
f 108/108/124 116/115/124 115/114/123
s 80
f 117/116/125 114/113/126 115/114/127
s 81
f 118/117/128 119/118/128 120/119/129
f 120/119/129 121/120/128 118/117/128
s 82
f 122/121/130 123/122/131 121/120/130
f 121/120/130 120/119/130 122/121/130
s 83
f 123/122/132 122/121/133 124/123/134
f 124/123/134 125/124/133 123/122/132
s 84
f 125/124/135 124/123/136 126/125/137
f 126/125/137 127/126/136 125/124/135
s 85
f 126/125/138 128/127/138 129/128/139
f 129/128/139 127/126/138 126/125/138
s 28
f 129/128/140 128/127/140 130/129/141
f 130/129/141 131/130/142 129/128/140
f 131/130/142 130/129/141 132/131/143
f 132/131/143 133/132/144 131/130/142
s 86
f 134/133/145 118/117/145 121/120/145
f 121/120/145 135/134/145 134/133/145
s 87
f 135/134/146 121/120/146 123/122/146
f 123/122/146 136/135/146 135/134/146
s 88
f 125/124/147 137/136/147 136/135/148
f 136/135/148 123/122/148 125/124/147
s 89
f 137/136/149 125/124/150 127/126/150
f 127/126/150 138/137/150 137/136/149
s 90
f 138/137/151 127/126/151 129/128/151
f 129/128/151 139/138/151 138/137/151
s 91
f 140/139/152 141/140/152 134/133/152
f 134/133/152 135/134/152 140/139/152
s 92
f 136/135/153 142/141/153 140/139/153
f 140/139/153 135/134/153 136/135/153
s 93
f 143/142/154 142/141/154 136/135/154
f 136/135/154 137/136/154 143/142/154
s 94
f 137/136/155 138/137/155 144/143/155
f 144/143/155 143/142/155 137/136/155
s 95
f 141/140/156 140/139/156 145/144/156
f 145/144/156 146/145/156 141/140/156
s 96
f 147/146/157 145/144/157 140/139/157
f 140/139/157 142/141/157 147/146/157
s 97
f 148/147/158 147/146/158 142/141/158
f 142/141/158 143/142/158 148/147/158
s 98
f 148/147/159 143/142/160 144/143/161
s 99
f 145/144/162 150/148/162 151/149/162
f 151/149/162 146/145/162 145/144/162
s 100
f 147/146/163 152/150/163 150/148/163
f 150/148/163 145/144/163 147/146/163
s 101
f 152/150/164 147/146/164 148/147/164
f 148/147/164 153/151/164 152/150/164
s 102
f 153/151/165 148/147/166 149/152/167
s 103
f 154/153/168 151/149/168 150/148/168
f 150/148/168 155/154/168 154/153/168
s 104
f 152/150/169 156/155/169 155/154/169
f 155/154/169 150/148/169 152/150/169
s 105
f 153/151/170 157/156/170 156/155/170
f 156/155/170 152/150/170 153/151/170
s 106
f 18/18/171 73/73/172 72/72/171
f 72/72/171 19/19/171 18/18/171
s 107
f 19/19/173 72/72/173 74/74/173
f 74/74/173 27/27/173 19/19/173
s 108
f 74/74/174 75/75/174 35/35/174
f 35/35/174 27/27/174 74/74/174
s 109
f 35/35/175 75/75/176 76/76/177
s 110
f 91/91/178 154/153/178 155/154/178
f 155/154/178 92/92/178 91/91/178
s 111
f 92/92/179 155/154/179 156/155/179
f 156/155/179 100/100/179 92/92/179
s 112
f 156/155/180 157/156/180 108/108/180
f 108/108/180 100/100/180 156/155/180
s 113
f 108/108/181 157/156/181 158/157/181
f 158/157/181 116/115/181 108/108/181
s 28
f 42/42/51 41/41/50 133/132/144
f 133/132/144 132/131/143 42/42/51
s 114
f 159/158/182 160/159/183 161/160/183
f 161/160/183 5/5/183 159/158/182
s 115
f 6/6/184 5/5/185 161/160/186
f 161/160/186 162/161/185 6/6/184
s 116
f 8/8/187 6/6/187 162/161/187
f 162/161/187 163/162/187 8/8/187
s 117
f 164/163/188 10/10/189 8/8/188
f 8/8/188 163/162/190 164/163/188
s 118
f 165/164/191 12/12/191 10/10/191
f 10/10/191 164/163/191 165/164/191
s 119
f 166/165/192 14/14/192 12/12/192
f 12/12/192 165/164/192 166/165/192
s 120
f 14/14/193 166/165/193 167/166/193
f 167/166/193 16/16/193 14/14/193
s 121
f 168/167/194 18/18/195 16/16/196
f 16/16/196 167/166/194 168/167/194
s 122
f 169/168/197 159/158/197 5/5/198
f 5/5/198 4/4/197 169/168/197
s 123
f 20/20/199 170/169/199 169/168/199
f 169/168/199 4/4/199 20/20/199
s 124
f 29/29/200 171/170/200 170/169/200
f 170/169/200 20/20/200 29/29/200
s 125
f 36/36/201 172/171/202 171/170/202
f 171/170/202 29/29/202 36/36/201
s 126
f 39/39/203 173/172/204 172/171/205
f 172/171/205 36/36/205 39/39/203
f 42/42/206 174/173/207 173/172/204
f 173/172/204 39/39/203 42/42/206
f 132/131/208 175/174/209 174/173/207
f 174/173/207 42/42/206 132/131/208
s 127
f 176/175/210 177/176/211 43/43/212
f 43/43/212 178/177/211 176/175/210
s 128
f 43/43/213 177/176/213 179/178/213
f 179/178/213 44/44/213 43/43/213
s 129
f 179/178/214 180/179/214 47/47/214
f 47/47/214 44/44/214 179/178/214
s 130
f 180/179/215 181/180/215 50/50/215
f 50/50/215 47/47/215 180/179/215
s 131
f 46/46/216 182/181/216 178/177/216
f 178/177/216 43/43/216 46/46/216
s 132
f 46/46/217 52/52/217 183/182/217
f 183/182/217 182/181/217 46/46/217
s 133
f 184/183/218 183/182/218 52/52/218
f 52/52/218 58/58/218 184/183/218
s 134
f 58/58/219 63/63/220 185/184/219
f 185/184/219 184/183/219 58/58/219
s 135
f 185/184/221 63/63/221 68/68/221
f 68/68/221 186/185/221 185/184/221
s 136
f 73/73/222 187/186/222 186/185/222
f 186/185/222 68/68/222 73/73/222
s 137
f 18/18/223 168/167/223 187/186/224
f 187/186/224 73/73/223 18/18/223
s 138
f 188/187/225 78/78/225 189/188/225
f 189/188/225 190/189/226 188/187/225
s 139
f 79/79/227 78/78/227 188/187/227
f 188/187/227 191/190/227 79/79/227
s 140
f 192/191/228 81/81/228 79/79/228
f 79/79/228 191/190/228 192/191/228
s 141
f 193/192/229 83/83/229 81/81/229
f 81/81/229 192/191/229 193/192/229
s 142
f 194/193/230 85/85/230 83/83/230
f 83/83/230 193/192/230 194/193/230
s 143
f 87/87/231 85/85/231 194/193/231
f 194/193/231 195/194/231 87/87/231
s 144
f 89/89/232 87/87/232 195/194/232
f 195/194/232 196/195/232 89/89/232
s 145
f 89/89/233 196/195/233 197/196/233
f 197/196/233 91/91/234 89/89/233
s 146
f 77/77/235 198/197/236 189/188/236
f 189/188/236 78/78/236 77/77/235
s 147
f 198/197/237 77/77/237 94/94/237
f 94/94/237 199/198/237 198/197/237
s 148
f 101/101/238 200/199/238 199/198/238
f 199/198/238 94/94/238 101/101/238
s 149
f 201/200/239 200/199/240 101/101/240
f 101/101/240 109/109/239 201/200/239
s 150
f 202/201/241 119/118/242 203/202/242
f 203/202/242 204/203/242 202/201/241
s 151
f 119/118/243 202/201/244 205/204/244
f 205/204/244 120/119/244 119/118/243
s 152
f 120/119/245 205/204/245 206/205/245
f 206/205/245 122/121/245 120/119/245
s 153
f 122/121/246 206/205/247 207/206/248
f 207/206/248 124/123/247 122/121/246
s 154
f 124/123/249 207/206/250 208/207/250
f 208/207/250 126/125/250 124/123/249
s 126
f 126/125/251 208/207/251 209/208/252
f 209/208/252 128/127/253 126/125/251
f 128/127/253 209/208/252 210/209/254
f 210/209/254 130/129/255 128/127/253
f 130/129/255 210/209/254 175/174/209
f 175/174/209 132/131/208 130/129/255
s 155
f 118/117/256 211/210/256 203/202/256
f 203/202/256 119/118/256 118/117/256
s 156
f 134/133/257 212/211/257 211/210/257
f 211/210/257 118/117/257 134/133/257
s 157
f 141/140/258 213/212/258 212/211/258
f 212/211/258 134/133/258 141/140/258
s 158
f 146/145/259 214/213/259 213/212/259
f 213/212/259 141/140/259 146/145/259
s 159
f 151/149/260 215/214/261 214/213/261
f 214/213/261 146/145/261 151/149/260
s 160
f 154/153/262 216/215/262 215/214/262
f 215/214/262 151/149/262 154/153/262
s 161
f 197/196/263 216/215/264 154/153/264
f 154/153/264 91/91/264 197/196/263
s 162
f 217/216/265 218/217/265 219/218/265
f 219/218/265 220/219/265 217/216/265
s 163
f 221/220/266 222/221/266 220/219/266
f 220/219/266 219/218/266 221/220/266
s 164
f 223/222/267 224/223/268 222/221/269
f 222/221/269 221/220/267 223/222/267
s 165
f 220/219/270 225/224/271 226/225/271
f 226/225/271 217/216/270 220/219/270
s 166
f 222/221/272 227/226/272 225/224/272
f 225/224/272 220/219/272 222/221/272
s 164
f 227/226/273 222/221/269 224/223/268
f 224/223/268 228/227/274 227/226/273
s 167
f 225/224/275 229/228/275 230/229/276
f 230/229/276 226/225/275 225/224/275
s 168
f 229/228/277 225/224/277 227/226/277
f 227/226/277 231/230/277 229/228/277
s 169
f 228/227/278 232/231/279 231/230/280
f 231/230/280 227/226/278 228/227/278
s 170
f 233/232/281 230/229/281 229/228/281
f 229/228/281 234/233/281 233/232/281
s 171
f 231/230/282 235/234/282 234/233/282
f 234/233/282 229/228/283 231/230/282
s 169
f 232/231/279 236/235/284 235/234/284
f 235/234/284 231/230/280 232/231/279
s 172
f 234/233/285 237/236/285 238/237/285
f 238/237/285 233/232/285 234/233/285
s 173
f 235/234/286 239/238/286 237/236/286
f 237/236/286 234/233/286 235/234/286
s 174
f 239/238/287 235/234/288 236/235/288
f 236/235/288 240/239/289 239/238/287
s 175
f 237/236/290 241/240/291 242/241/292
f 242/241/292 238/237/293 237/236/290
s 176
f 241/240/294 237/236/294 239/238/295
f 239/238/295 243/242/295 241/240/294
s 174
f 240/239/289 244/243/296 243/242/296
f 243/242/296 239/238/287 240/239/289
s 177
f 245/244/297 242/241/298 241/240/299
f 241/240/299 246/245/300 245/244/297
s 178
f 243/242/301 247/246/301 246/245/302
f 246/245/302 241/240/303 243/242/301
s 179
f 244/243/304 248/247/305 247/246/306
f 247/246/306 243/242/304 244/243/304
s 180
f 246/245/307 249/248/307 250/249/307
f 250/249/307 245/244/308 246/245/307
s 181
f 247/246/309 251/250/310 249/248/311
f 249/248/311 246/245/309 247/246/309
s 179
f 251/250/312 247/246/306 248/247/305
f 248/247/305 252/251/312 251/250/312
s 182
f 249/248/313 253/252/313 254/253/313
f 254/253/313 250/249/313 249/248/313
s 183
f 253/252/314 249/248/314 251/250/314
f 251/250/314 255/254/314 253/252/314
s 184
f 252/251/315 256/255/315 255/254/316
f 255/254/316 251/250/315 252/251/315
s 185
f 257/256/317 254/253/317 253/252/318
f 253/252/318 258/257/317 257/256/317
s 186
f 255/254/319 259/258/320 258/257/319
f 258/257/319 253/252/319 255/254/319
s 187
f 256/255/321 260/259/321 259/258/321
f 259/258/321 255/254/321 256/255/321
s 188
f 258/257/322 261/260/322 262/261/322
f 262/261/322 257/256/322 258/257/322
s 189
f 259/258/323 263/262/323 261/260/323
f 261/260/323 258/257/323 259/258/323
s 190
f 263/262/324 259/258/325 260/259/326
f 260/259/326 264/263/327 263/262/324
s 191
f 261/260/328 265/264/328 266/265/328
f 266/265/328 262/261/328 261/260/328
s 192
f 265/264/329 261/260/330 263/262/329
f 263/262/329 267/266/329 265/264/329
s 193
f 264/263/331 268/267/331 267/266/332
f 267/266/332 263/262/333 264/263/331
s 194
f 269/268/334 266/265/335 265/264/335
f 265/264/335 270/269/335 269/268/334
s 195
f 267/266/336 271/270/336 270/269/336
f 270/269/336 265/264/336 267/266/336
s 196
f 268/267/337 272/271/337 271/270/337
f 271/270/337 267/266/337 268/267/337
s 197
f 270/269/338 273/272/338 274/273/338
f 274/273/338 269/268/338 270/269/338
s 198
f 271/270/339 275/274/340 273/272/339
f 273/272/339 270/269/339 271/270/339
s 199
f 275/274/341 271/270/342 272/271/341
f 272/271/341 276/275/341 275/274/341
s 200
f 277/276/343 278/277/343 279/278/343
f 279/278/343 218/217/343 277/276/343
s 201
f 219/218/344 218/217/344 279/278/344
f 279/278/344 280/279/344 219/218/344
s 202
f 281/280/345 221/220/345 219/218/345
f 219/218/345 280/279/345 281/280/345
s 203
f 282/281/346 223/222/346 221/220/346
f 221/220/346 281/280/346 282/281/346
s 204
f 276/275/347 181/282/347 180/283/347
f 180/283/347 275/274/347 276/275/347
s 205
f 179/284/348 273/272/348 275/274/348
f 275/274/348 180/283/348 179/284/348
s 206
f 179/284/349 177/285/349 274/273/349
f 274/273/349 273/272/349 179/284/349
s 207
f 274/273/350 177/285/350 176/286/350
f 176/286/350 283/287/350 274/273/350
s 208
f 269/268/351 274/273/351 283/287/351
f 283/287/351 284/288/351 269/268/351
s 209
f 284/288/352 285/289/352 266/265/352
f 266/265/352 269/268/352 284/288/352
s 210
f 285/289/353 286/290/354 262/261/354
f 262/261/354 266/265/355 285/289/353
s 211
f 262/261/356 286/290/356 287/291/356
f 287/291/356 257/256/356 262/261/356
s 212
f 257/256/357 287/291/358 288/292/358
f 288/292/358 254/253/358 257/256/357
s 213
f 289/293/359 250/249/360 254/253/359
f 254/253/359 288/292/359 289/293/359
s 214
f 250/249/361 289/293/361 290/294/361
f 290/294/361 245/244/361 250/249/361
s 215
f 245/244/362 290/294/363 291/295/364
f 291/295/364 242/241/364 245/244/362
s 216
f 292/296/365 238/237/366 242/241/367
f 242/241/367 291/295/367 292/296/365
s 217
f 293/297/368 233/232/368 238/237/369
f 238/237/369 292/296/370 293/297/368
s 218
f 294/298/371 230/229/371 233/232/372
f 233/232/372 293/297/373 294/298/371
s 219
f 295/299/374 226/225/375 230/229/376
f 230/229/376 294/298/377 295/299/374
s 220
f 296/300/378 217/216/379 226/225/380
f 226/225/380 295/299/381 296/300/378
s 221
f 217/216/382 296/300/383 277/276/383
f 277/276/383 218/217/383 217/216/382
s 222
f 297/301/384 298/302/384 299/303/384
f 299/303/384 300/304/384 297/301/384
s 223
f 299/303/385 301/305/385 302/306/385
f 302/306/385 300/304/385 299/303/385
s 224
f 301/305/386 303/307/386 304/308/386
f 304/308/386 302/306/386 301/305/386
s 225
f 304/308/387 303/307/387 305/309/388
f 305/309/388 306/310/389 304/308/387
s 226
f 297/301/390 300/304/390 307/311/390
f 307/311/390 308/312/390 297/301/390
s 227
f 300/304/391 302/306/391 309/313/391
f 309/313/391 307/311/391 300/304/391
s 228
f 302/306/392 304/308/392 310/314/392
f 310/314/392 309/313/392 302/306/392
s 229
f 304/308/393 306/310/393 311/315/393
f 311/315/393 310/314/393 304/308/393
s 230
f 308/312/394 307/311/394 312/316/394
f 312/316/394 313/317/394 308/312/394
s 231
f 307/311/395 309/313/395 314/318/395
f 314/318/395 312/316/395 307/311/395
s 232
f 309/313/396 310/314/397 315/319/398
f 315/319/398 314/318/396 309/313/396
f 310/314/397 311/315/399 316/320/400
f 316/320/400 315/319/398 310/314/397
s 233
f 313/317/401 312/316/401 317/321/401
f 317/321/401 318/322/401 313/317/401
s 234
f 312/316/402 314/318/402 319/323/402
f 319/323/402 317/321/402 312/316/402
s 235
f 314/318/403 315/319/404 320/324/405
f 320/324/405 319/323/403 314/318/403
f 315/319/404 316/320/406 321/325/407
f 321/325/407 320/324/405 315/319/404
s 236
f 318/322/408 317/321/408 322/326/408
f 322/326/408 323/327/408 318/322/408
s 237
f 317/321/409 319/323/409 324/328/409
f 324/328/409 322/326/409 317/321/409
s 238
f 319/323/410 320/324/410 325/329/410
f 325/329/410 324/328/410 319/323/410
s 239
f 320/324/411 321/325/412 326/330/411
f 326/330/411 325/329/411 320/324/411
s 240
f 323/327/413 322/326/414 327/331/414
f 327/331/414 328/332/414 323/327/413
s 241
f 322/326/415 324/328/415 329/333/415
f 329/333/415 327/331/415 322/326/415
s 242
f 324/328/416 325/329/416 330/334/416
f 330/334/416 329/333/416 324/328/416
s 243
f 326/330/417 331/335/417 330/334/418
f 330/334/418 325/329/419 326/330/417
s 244
f 328/332/420 327/331/420 332/336/421
f 332/336/421 333/337/422 328/332/420
s 245
f 327/331/423 329/333/423 334/338/423
f 334/338/423 332/336/423 327/331/423
s 246
f 329/333/424 330/334/425 335/339/424
f 335/339/424 334/338/426 329/333/424
s 247
f 330/334/427 331/335/428 336/340/429
f 336/340/429 335/339/429 330/334/427
s 248
f 333/337/430 332/336/431 337/341/432
f 337/341/432 338/342/433 333/337/430
s 249
f 332/336/434 334/338/434 339/343/435
f 339/343/435 337/341/434 332/336/434
s 250
f 335/339/436 340/344/437 339/343/437
f 339/343/437 334/338/436 335/339/436
s 251
f 335/339/438 336/340/438 341/345/439
f 341/345/439 340/344/438 335/339/438
s 252
f 338/342/440 337/341/441 342/346/442
f 342/346/442 343/347/443 338/342/440
s 253
f 337/341/444 339/343/444 344/348/444
f 344/348/444 342/346/444 337/341/444
s 254
f 339/343/445 340/344/446 345/349/447
f 345/349/447 344/348/448 339/343/445
s 255
f 341/345/449 346/350/450 345/349/450
f 345/349/450 340/344/450 341/345/449
s 256
f 343/347/451 342/346/451 347/351/452
f 347/351/452 348/352/453 343/347/451
s 257
f 344/348/454 349/353/454 347/351/454
f 347/351/454 342/346/454 344/348/454
s 258
f 344/348/455 345/349/455 350/354/456
f 350/354/456 349/353/456 344/348/455
s 259
f 345/349/457 346/350/458 351/355/457
f 351/355/457 350/354/457 345/349/457
s 260
f 348/352/459 347/351/460 352/356/461
f 352/356/461 353/357/460 348/352/459
s 261
f 347/351/462 349/353/462 354/358/462
f 354/358/462 352/356/462 347/351/462
s 262
f 350/354/463 355/359/463 354/358/463
f 354/358/463 349/353/463 350/354/463
s 263
f 350/354/464 351/355/465 356/360/465
f 356/360/465 355/359/465 350/354/464
s 264
f 353/357/466 352/356/466 357/361/466
f 357/361/466 358/362/467 353/357/466
s 265
f 352/356/468 354/358/469 359/363/468
f 359/363/468 357/361/468 352/356/468
s 266
f 354/358/470 355/359/470 360/364/470
f 360/364/470 359/363/470 354/358/470
s 267
f 355/359/471 356/360/472 361/365/473
f 361/365/473 360/364/474 355/359/471
s 268
f 358/362/475 357/361/476 362/366/476
f 362/366/476 363/367/476 358/362/475
s 269
f 359/363/477 364/368/477 362/366/477
f 362/366/477 357/361/477 359/363/477
s 270
f 359/363/478 360/364/478 365/369/478
f 365/369/478 364/368/478 359/363/478
s 267
f 360/364/474 361/365/473 366/370/479
f 366/370/479 365/369/479 360/364/474
s 271
f 363/367/480 362/366/480 367/371/480
f 367/371/480 368/372/480 363/367/480
s 272
f 362/366/481 364/368/481 369/373/481
f 369/373/481 367/371/481 362/366/481
s 273
f 364/368/482 365/369/483 370/374/482
f 370/374/482 369/373/482 364/368/482
s 274
f 365/369/484 366/370/485 371/375/486
f 371/375/486 370/374/487 365/369/484
s 275
f 190/189/488 189/188/488 298/302/488
f 298/302/488 372/376/488 190/189/488
s 276
f 198/197/489 299/303/489 298/302/489
f 298/302/489 189/188/489 198/197/489
s 277
f 199/198/490 301/305/490 299/303/490
f 299/303/490 198/197/490 199/198/490
s 278
f 200/199/491 303/307/491 301/305/491
f 301/305/491 199/198/491 200/199/491
s 279
f 201/200/492 305/309/492 303/307/492
f 303/307/492 200/199/492 201/200/492
s 280
f 369/373/493 370/374/494 373/377/493
f 373/377/493 374/378/493 369/373/493
s 281
f 369/373/495 374/378/495 375/379/495
f 375/379/495 367/371/495 369/373/495
s 282
f 376/380/496 368/372/496 367/371/496
f 367/371/496 375/379/496 376/380/496
s 283
f 376/380/497 377/381/497 378/382/497
f 378/382/497 368/372/497 376/380/497
s 284
f 368/372/498 378/382/498 379/383/498
f 379/383/498 363/367/498 368/372/498
s 285
f 380/384/499 358/362/499 363/367/499
f 363/367/499 379/383/499 380/384/499
s 286
f 358/362/500 380/384/501 381/385/502
f 381/385/502 353/357/503 358/362/500
s 287
f 353/357/504 381/385/505 382/386/506
f 382/386/506 348/352/507 353/357/504
s 288
f 383/387/508 343/347/509 348/352/510
f 348/352/510 382/386/511 383/387/508
s 289
f 343/347/512 383/387/513 384/388/514
f 384/388/514 338/342/515 343/347/512
s 290
f 338/342/516 384/388/517 385/389/518
f 385/389/518 333/337/518 338/342/516
s 291
f 386/390/519 328/332/519 333/337/519
f 333/337/519 385/389/519 386/390/519
s 292
f 328/332/520 386/390/521 387/391/522
f 387/391/522 323/327/523 328/332/520
s 293
f 323/327/524 387/391/525 388/392/526
f 388/392/526 318/322/527 323/327/524
s 294
f 389/393/528 313/317/528 318/322/529
f 318/322/529 388/392/529 389/393/528
s 295
f 313/317/530 389/393/530 390/394/530
f 390/394/530 308/312/530 313/317/530
s 296
f 308/312/531 390/394/532 391/395/532
f 391/395/532 297/301/532 308/312/531
s 297
f 297/301/533 391/395/533 372/376/533
f 372/376/533 298/302/533 297/301/533
s 298
f 392/396/534 393/397/534 394/398/534
f 394/398/534 395/399/534 392/396/534
s 299
f 392/396/535 396/400/535 397/401/535
f 397/401/535 393/397/535 392/396/535
s 300
f 396/400/536 398/402/536 399/403/537
f 399/403/537 397/401/538 396/400/536
s 301
f 400/404/539 401/405/539 399/403/540
f 399/403/540 398/402/540 400/404/539
s 302
f 400/404/541 402/406/542 403/407/543
f 403/407/543 401/405/544 400/404/541
s 303
f 402/406/545 404/408/546 405/409/547
f 405/409/547 403/407/548 402/406/545
s 304
f 404/408/549 406/410/549 407/411/549
f 407/411/549 405/409/549 404/408/549
s 305
f 406/410/550 408/412/551 409/413/551
f 409/413/551 407/411/552 406/410/550
s 306
f 408/412/553 410/414/554 411/415/555
f 411/415/555 409/413/556 408/412/553
s 307
f 412/416/557 413/417/557 411/415/557
f 411/415/557 410/414/557 412/416/557
s 308
f 412/416/558 414/418/559 415/419/559
f 415/419/559 413/417/559 412/416/558
s 309
f 416/420/560 417/421/560 415/419/560
f 415/419/560 414/418/560 416/420/560
s 310
f 416/420/561 418/422/561 419/423/562
f 419/423/562 417/421/561 416/420/561
s 311
f 418/422/563 420/424/563 421/425/563
f 421/425/563 419/423/563 418/422/563
s 312
f 394/398/564 393/397/564 422/426/564
f 422/426/564 423/427/564 394/398/564
s 313
f 393/397/565 397/401/565 424/428/565
f 424/428/565 422/426/565 393/397/565
s 314
f 397/401/566 399/403/566 425/429/566
f 425/429/566 424/428/566 397/401/566
s 315
f 399/403/567 401/405/568 426/430/568
f 426/430/568 425/429/568 399/403/567
s 316
f 401/405/569 403/407/570 427/431/569
f 427/431/569 426/430/571 401/405/569
s 317
f 403/407/572 405/409/572 428/432/573
f 428/432/573 427/431/574 403/407/572
s 318
f 405/409/575 407/411/576 429/433/577
f 429/433/577 428/432/578 405/409/575
s 319
f 407/411/579 409/413/580 430/434/581
f 430/434/581 429/433/579 407/411/579
s 320
f 409/413/582 411/415/582 431/435/582
f 431/435/582 430/434/582 409/413/582
s 321
f 411/415/583 413/417/584 432/436/584
f 432/436/584 431/435/584 411/415/583
s 322
f 413/417/585 415/419/585 433/437/585
f 433/437/585 432/436/585 413/417/585
s 323
f 417/421/586 434/438/586 433/437/586
f 433/437/586 415/419/586 417/421/586
s 324
f 419/423/587 435/439/587 434/438/587
f 434/438/587 417/421/587 419/423/587
s 325
f 419/423/588 421/425/588 436/440/588
f 436/440/588 435/439/588 419/423/588
s 326
f 422/426/589 437/441/589 438/442/589
f 438/442/589 423/427/589 422/426/589
s 327
f 422/426/590 424/428/590 439/443/590
f 439/443/590 437/441/590 422/426/590
s 328
f 425/429/591 440/444/591 439/443/591
f 439/443/591 424/428/591 425/429/591
s 329
f 426/430/592 441/445/592 440/444/592
f 440/444/592 425/429/592 426/430/592
s 330
f 426/430/593 427/431/593 442/446/593
f 442/446/593 441/445/594 426/430/593
s 331
f 427/431/595 428/432/596 443/447/597
f 443/447/597 442/446/598 427/431/595
s 332
f 429/433/599 444/448/600 443/447/601
f 443/447/601 428/432/599 429/433/599
s 333
f 429/433/602 430/434/603 445/449/604
f 445/449/604 444/448/604 429/433/602
s 334
f 431/435/605 446/450/606 445/449/605
f 445/449/605 430/434/605 431/435/605
s 335
f 432/436/607 447/451/607 446/450/607
f 446/450/607 431/435/607 432/436/607
s 336
f 432/436/608 433/437/608 448/452/608
f 448/452/608 447/451/608 432/436/608
s 337
f 434/438/609 449/453/609 448/452/609
f 448/452/609 433/437/610 434/438/609
s 338
f 435/439/611 450/454/611 449/453/611
f 449/453/611 434/438/611 435/439/611
s 339
f 435/439/612 436/440/612 451/455/612
f 451/455/612 450/454/612 435/439/612
s 340
f 437/441/613 452/456/613 453/457/613
f 453/457/613 438/442/613 437/441/613
s 341
f 437/441/614 439/443/614 454/458/614
f 454/458/614 452/456/614 437/441/614
s 342
f 439/443/615 440/444/615 455/459/615
f 455/459/615 454/458/616 439/443/615
s 343
f 441/445/617 456/460/618 455/459/617
f 455/459/617 440/444/617 441/445/617
s 344
f 441/445/619 442/446/620 457/461/619
f 457/461/619 456/460/619 441/445/619
s 345
f 443/447/621 458/462/622 457/461/623
f 457/461/623 442/446/624 443/447/621
s 346
f 444/448/625 459/463/626 458/462/627
f 458/462/627 443/447/628 444/448/625
s 347
f 444/448/629 445/449/630 460/464/631
f 460/464/631 459/463/632 444/448/629
s 348
f 445/449/633 446/450/633 461/465/634
f 461/465/634 460/464/633 445/449/633
s 349
f 447/451/635 462/466/635 461/465/635
f 461/465/635 446/450/635 447/451/635
s 350
f 447/451/636 448/452/636 463/467/636
f 463/467/636 462/466/636 447/451/636
s 351
f 449/453/637 464/468/638 463/467/638
f 463/467/638 448/452/638 449/453/637
s 352
f 450/454/639 465/469/639 464/468/639
f 464/468/639 449/453/639 450/454/639
s 353
f 450/454/640 451/455/640 466/470/641
f 466/470/641 465/469/641 450/454/640
s 354
f 452/456/642 467/471/642 468/472/642
f 468/472/642 453/457/642 452/456/642
s 355
f 452/456/643 454/458/643 469/473/643
f 469/473/643 467/471/644 452/456/643
s 356
f 454/458/645 455/459/645 470/474/646
f 470/474/646 469/473/647 454/458/645
s 357
f 456/460/648 471/475/648 470/474/648
f 470/474/648 455/459/648 456/460/648
s 358
f 456/460/649 457/461/650 472/476/650
f 472/476/650 471/475/651 456/460/649
s 359
f 457/461/652 458/462/652 473/477/653
f 473/477/653 472/476/653 457/461/652
s 360
f 459/463/654 474/478/654 473/477/654
f 473/477/654 458/462/654 459/463/654
s 361
f 459/463/655 460/464/656 475/479/656
f 475/479/656 474/478/656 459/463/655
s 362
f 461/465/657 476/480/657 475/479/657
f 475/479/657 460/464/657 461/465/657
s 363
f 462/466/658 477/481/658 476/480/658
f 476/480/658 461/465/658 462/466/658
s 364
f 462/466/659 463/467/660 478/482/661
f 478/482/661 477/481/660 462/466/659
s 365
f 464/468/662 479/483/662 478/482/662
f 478/482/662 463/467/662 464/468/662
s 366
f 465/469/663 480/484/663 479/483/663
f 479/483/663 464/468/663 465/469/663
s 367
f 465/469/664 466/470/664 481/485/664
f 481/485/664 480/484/664 465/469/664
s 368
f 467/471/665 482/486/665 483/487/665
f 483/487/665 468/472/665 467/471/665
s 369
f 467/471/666 469/473/667 484/488/668
f 484/488/668 482/486/666 467/471/666
s 370
f 469/473/669 470/474/669 485/489/669
f 485/489/669 484/488/669 469/473/669
s 371
f 471/475/670 486/490/671 485/489/672
f 485/489/672 470/474/673 471/475/670
s 372
f 471/475/674 472/476/674 487/491/675
f 487/491/675 486/490/676 471/475/674
s 373
f 473/477/677 488/492/678 487/491/677
f 487/491/677 472/476/679 473/477/677
s 374
f 474/478/680 489/493/681 488/492/682
f 488/492/682 473/477/682 474/478/680
s 375
f 474/478/683 475/479/684 490/494/683
f 490/494/683 489/493/684 474/478/683
s 376
f 476/480/685 491/495/685 490/494/685
f 490/494/685 475/479/685 476/480/685
s 377
f 477/481/686 492/496/687 491/495/686
f 491/495/686 476/480/688 477/481/686
s 378
f 477/481/689 478/482/690 493/497/690
f 493/497/690 492/496/690 477/481/689
s 379
f 478/482/691 479/483/691 494/498/691
f 494/498/691 493/497/691 478/482/691
s 380
f 480/484/692 495/499/693 494/498/692
f 494/498/692 479/483/692 480/484/692
s 381
f 480/484/694 481/485/694 496/500/694
f 496/500/694 495/499/695 480/484/694
s 382
f 482/486/696 497/501/696 498/502/696
f 498/502/696 483/487/696 482/486/696
s 383
f 482/486/697 484/488/698 499/503/698
f 499/503/698 497/501/699 482/486/697
s 384
f 485/489/700 500/504/701 499/503/702
f 499/503/702 484/488/703 485/489/700
s 385
f 486/490/704 501/505/705 500/504/705
f 500/504/705 485/489/705 486/490/704
s 386
f 486/490/706 487/491/707 502/506/706
f 502/506/706 501/505/706 486/490/706
s 387
f 488/492/708 503/507/709 502/506/708
f 502/506/708 487/491/708 488/492/708
s 388
f 489/493/710 504/508/710 503/507/710
f 503/507/710 488/492/710 489/493/710
s 389
f 489/493/711 490/494/712 505/509/713
f 505/509/713 504/508/711 489/493/711
s 390
f 490/494/714 491/495/714 506/510/714
f 506/510/714 505/509/714 490/494/714
s 391
f 492/496/715 507/511/715 506/510/716
f 506/510/716 491/495/717 492/496/715
s 392
f 492/496/718 493/497/718 508/512/718
f 508/512/718 507/511/718 492/496/718
s 393
f 493/497/719 494/498/720 509/513/721
f 509/513/721 508/512/719 493/497/719
s 394
f 495/499/722 510/514/723 509/513/723
f 509/513/723 494/498/722 495/499/722
s 395
f 495/499/724 496/500/724 511/515/724
f 511/515/724 510/514/724 495/499/724
s 396
f 497/501/725 512/516/725 513/517/726
f 513/517/726 498/502/725 497/501/725
s 397
f 497/501/727 499/503/727 514/518/728
f 514/518/728 512/516/727 497/501/727
s 398
f 499/503/729 500/504/729 515/519/730
f 515/519/730 514/518/731 499/503/729
s 399
f 516/520/732 515/519/732 500/504/732
f 500/504/732 501/505/732 516/520/732
s 400
f 517/521/733 516/520/734 501/505/733
f 501/505/733 502/506/734 517/521/733
s 401
f 517/521/735 502/506/735 503/507/735
f 503/507/735 518/522/735 517/521/735
s 402
f 503/507/736 504/508/736 519/523/736
f 519/523/736 518/522/736 503/507/736
s 403
f 504/508/737 505/509/738 520/524/739
f 520/524/739 519/523/738 504/508/737
s 404
f 505/509/740 506/510/741 521/525/740
f 521/525/740 520/524/741 505/509/740
s 405
f 522/526/742 521/525/742 506/510/742
f 506/510/742 507/511/742 522/526/742
s 406
f 523/527/743 522/526/744 507/511/744
f 507/511/744 508/512/743 523/527/743
s 407
f 509/513/745 524/528/746 523/527/747
f 523/527/747 508/512/748 509/513/745
s 408
f 525/529/749 524/528/750 509/513/751
f 509/513/751 510/514/752 525/529/749
s 409
f 526/530/753 525/529/754 510/514/753
f 510/514/753 511/515/755 526/530/753
s 410
f 527/531/756 528/532/756 513/517/756
f 513/517/756 512/516/756 527/531/756
s 411
f 529/533/757 527/531/757 512/516/757
f 512/516/757 514/518/757 529/533/757
s 412
f 515/519/758 530/534/759 529/533/760
f 529/533/760 514/518/758 515/519/758
s 413
f 530/534/761 515/519/761 516/520/762
f 516/520/762 531/535/762 530/534/761
s 414
f 531/535/763 516/520/763 517/521/763
f 517/521/763 532/536/763 531/535/763
s 415
f 532/536/764 517/521/765 518/522/766
f 518/522/766 533/537/766 532/536/764
s 416
f 534/538/767 533/537/768 518/522/769
f 518/522/769 519/523/767 534/538/767
s 417
f 535/539/770 534/538/771 519/523/771
f 519/523/771 520/524/770 535/539/770
s 418
f 521/525/772 536/540/773 535/539/774
f 535/539/774 520/524/774 521/525/772
s 419
f 536/540/775 521/525/775 522/526/775
f 522/526/775 537/541/775 536/540/775
s 420
f 537/541/776 522/526/777 523/527/778
f 523/527/778 538/542/776 537/541/776
s 421
f 524/528/779 539/543/779 538/542/779
f 538/542/779 523/527/779 524/528/779
s 422
f 539/543/780 524/528/780 525/529/780
f 525/529/780 540/544/780 539/543/780
s 423
f 540/544/781 525/529/781 526/530/781
f 526/530/781 541/545/781 540/544/781
s 424
f 542/546/782 528/532/782 527/531/782
f 527/531/782 543/547/782 542/546/782
s 425
f 543/547/783 527/531/783 529/533/783
f 529/533/783 544/548/783 543/547/783
s 426
f 530/534/784 545/549/784 544/548/784
f 544/548/784 529/533/784 530/534/784
s 427
f 545/549/785 530/534/785 531/535/785
f 531/535/785 546/550/785 545/549/785
s 428
f 546/550/786 531/535/786 532/536/786
f 532/536/786 547/551/786 546/550/786
s 429
f 533/537/787 548/552/788 547/551/787
f 547/551/787 532/536/789 533/537/787
s 430
f 548/552/790 533/537/790 534/538/791
f 534/538/791 549/553/792 548/552/790
s 431
f 549/553/793 534/538/794 535/539/795
f 535/539/795 550/554/796 549/553/793
s 432
f 536/540/797 551/555/798 550/554/799
f 550/554/799 535/539/800 536/540/797
s 433
f 551/555/801 536/540/801 537/541/802
f 537/541/802 552/556/803 551/555/801
s 434
f 552/556/804 537/541/804 538/542/805
f 538/542/805 553/557/804 552/556/804
s 435
f 539/543/806 554/558/806 553/557/806
f 553/557/806 538/542/806 539/543/806
s 436
f 554/558/807 539/543/807 540/544/807
f 540/544/807 555/559/807 554/558/807
s 437
f 555/559/808 540/544/808 541/545/808
f 541/545/808 556/560/808 555/559/808
s 438
f 557/561/809 542/546/809 543/547/809
f 543/547/809 558/562/809 557/561/809
s 439
f 558/562/810 543/547/810 544/548/811
f 544/548/811 559/563/810 558/562/810
s 440
f 545/549/812 560/564/812 559/563/812
f 559/563/812 544/548/812 545/549/812
s 441
f 560/564/813 545/549/813 546/550/813
f 546/550/813 561/565/813 560/564/813
s 442
f 561/565/814 546/550/814 547/551/814
f 547/551/814 562/566/814 561/565/814
s 443
f 548/552/815 563/567/815 562/566/815
f 562/566/815 547/551/815 548/552/815
s 444
f 563/567/816 548/552/816 549/553/817
f 549/553/817 564/568/817 563/567/816
s 445
f 564/568/818 549/553/818 550/554/819
f 550/554/819 565/569/819 564/568/818
s 446
f 551/555/820 566/570/820 565/569/821
f 565/569/821 550/554/822 551/555/820
s 447
f 566/570/823 551/555/823 552/556/823
f 552/556/823 567/571/823 566/570/823
s 448
f 567/571/824 552/556/824 553/557/824
f 553/557/824 568/572/824 567/571/824
s 449
f 554/558/825 569/573/825 568/572/825
f 568/572/825 553/557/825 554/558/825
s 450
f 569/573/826 554/558/826 555/559/826
f 555/559/826 570/574/826 569/573/826
s 451
f 570/574/827 555/559/827 556/560/827
f 556/560/827 571/575/827 570/574/827
s 452
f 572/576/828 557/561/828 558/562/828
f 558/562/828 573/577/828 572/576/828
s 453
f 573/577/829 558/562/829 559/563/829
f 559/563/829 574/578/829 573/577/829
s 454
f 560/564/830 575/579/830 574/578/830
f 574/578/830 559/563/830 560/564/830
s 455
f 575/579/831 560/564/831 561/565/831
f 561/565/831 576/580/831 575/579/831
s 456
f 576/580/832 561/565/832 562/566/832
f 562/566/832 577/581/832 576/580/832
s 457
f 563/567/833 578/582/833 577/581/833
f 577/581/833 562/566/833 563/567/833
s 458
f 578/582/834 563/567/835 564/568/836
f 564/568/836 579/583/835 578/582/834
s 459
f 579/583/837 564/568/838 565/569/839
f 565/569/839 580/584/840 579/583/837
s 460
f 566/570/841 581/585/841 580/584/841
f 580/584/841 565/569/841 566/570/841
s 461
f 581/585/842 566/570/842 567/571/842
f 567/571/842 582/586/842 581/585/842
s 462
f 582/586/843 567/571/843 568/572/843
f 568/572/843 583/587/843 582/586/843
s 463
f 569/573/844 584/588/844 583/587/844
f 583/587/844 568/572/844 569/573/844
s 464
f 584/588/845 569/573/845 570/574/845
f 570/574/845 585/589/845 584/588/845
s 465
f 585/589/846 570/574/846 571/575/846
f 571/575/846 586/590/846 585/589/846
s 466
f 587/591/847 572/576/847 573/577/847
f 573/577/847 588/592/847 587/591/847
s 467
f 588/592/848 573/577/848 574/578/848
f 574/578/848 589/593/848 588/592/848
s 468
f 575/579/849 590/594/849 589/593/849
f 589/593/849 574/578/849 575/579/849
s 469
f 590/594/850 575/579/850 576/580/850
f 576/580/850 591/595/850 590/594/850
s 470
f 591/595/851 576/580/851 577/581/851
f 577/581/851 592/596/852 591/595/851
s 471
f 578/582/853 593/597/853 592/596/853
f 592/596/853 577/581/853 578/582/853
s 472
f 593/597/854 578/582/855 579/583/856
f 579/583/856 594/598/856 593/597/854
s 473
f 594/598/857 579/583/857 580/584/857
f 580/584/857 595/599/857 594/598/857
s 474
f 581/585/858 596/600/858 595/599/859
f 595/599/859 580/584/860 581/585/858
s 475
f 596/600/861 581/585/861 582/586/862
f 582/586/862 597/601/861 596/600/861
s 476
f 597/601/863 582/586/863 583/587/863
f 583/587/863 598/602/863 597/601/863
s 477
f 584/588/864 599/603/864 598/602/864
f 598/602/864 583/587/864 584/588/864
s 478
f 599/603/865 584/588/865 585/589/865
f 585/589/865 600/604/865 599/603/865
s 479
f 600/604/866 585/589/867 586/590/866
f 586/590/866 601/605/866 600/604/866
s 480
f 602/606/868 587/591/868 588/592/868
f 588/592/868 603/607/868 602/606/868
s 481
f 603/607/869 588/592/869 589/593/869
f 589/593/869 604/608/869 603/607/869
s 482
f 590/594/870 605/609/870 604/608/870
f 604/608/870 589/593/870 590/594/870
s 483
f 605/609/871 590/594/871 591/595/871
f 591/595/871 606/610/871 605/609/871
s 484
f 606/610/872 591/595/872 592/596/873
f 592/596/873 607/611/872 606/610/872
s 485
f 593/597/874 608/612/874 607/611/874
f 607/611/874 592/596/874 593/597/874
s 486
f 608/612/875 593/597/876 594/598/877
f 594/598/877 609/613/878 608/612/875
s 487
f 609/613/879 594/598/880 595/599/881
f 595/599/881 610/614/879 609/613/879
s 488
f 596/600/882 611/615/883 610/614/882
f 610/614/882 595/599/882 596/600/882
s 489
f 612/616/884 611/615/884 596/600/885
f 596/600/885 597/601/884 612/616/884
s 490
f 613/617/886 612/616/886 597/601/886
f 597/601/886 598/602/886 613/617/886
s 491
f 598/602/887 599/603/887 614/618/887
f 614/618/887 613/617/887 598/602/887
s 492
f 614/618/888 599/603/888 600/604/888
f 600/604/888 615/619/888 614/618/888
s 493
f 615/619/889 600/604/890 601/605/889
f 601/605/889 616/620/889 615/619/889
s 494
f 160/621/891 617/622/891 395/399/891
f 395/399/891 161/623/891 160/621/891
s 495
f 395/399/892 617/622/892 618/624/892
f 618/624/892 392/396/892 395/399/892
s 496
f 392/396/893 618/624/894 619/625/895
f 619/625/895 396/400/895 392/396/893
s 497
f 619/625/896 620/626/897 398/402/898
f 398/402/898 396/400/899 619/625/896
s 498
f 398/402/900 620/626/901 621/627/902
f 621/627/902 400/404/903 398/402/900
s 499
f 400/404/904 621/627/905 622/628/906
f 622/628/906 402/406/907 400/404/904
s 500
f 623/629/908 404/408/909 402/406/910
f 402/406/910 622/628/911 623/629/908
s 501
f 404/408/912 623/629/913 624/630/914
f 624/630/914 406/410/914 404/408/912
s 502
f 624/630/915 625/631/915 408/412/916
f 408/412/916 406/410/916 624/630/915
s 503
f 408/412/917 625/631/917 626/632/918
f 626/632/918 410/414/919 408/412/917
s 504
f 627/633/920 412/416/921 410/414/921
f 410/414/921 626/632/921 627/633/920
s 505
f 628/634/922 414/418/923 412/416/922
f 412/416/922 627/633/922 628/634/922
s 506
f 414/418/924 628/634/925 629/635/926
f 629/635/926 416/420/927 414/418/924
s 507
f 630/636/928 418/422/928 416/420/928
f 416/420/928 629/635/928 630/636/928
s 508
f 631/637/929 420/424/929 418/422/929
f 418/422/929 630/636/929 631/637/929
s 509
f 632/638/930 420/424/930 631/637/930
f 631/637/930 633/639/930 632/638/930
s 510
f 421/425/931 420/424/931 632/638/931
f 632/638/931 634/640/931 421/425/931
s 511
f 635/641/932 436/440/933 421/425/932
f 421/425/932 634/640/932 635/641/932
s 512
f 636/642/934 451/455/934 436/440/934
f 436/440/934 635/641/934 636/642/934
s 513
f 451/455/935 636/642/935 637/643/935
f 637/643/935 466/470/935 451/455/935
s 514
f 466/470/936 637/643/936 638/644/936
f 638/644/936 481/485/936 466/470/936
s 515
f 481/485/937 638/644/937 639/645/937
f 639/645/937 496/500/937 481/485/937
s 516
f 496/500/938 639/645/938 640/646/938
f 640/646/938 511/515/938 496/500/938
s 517
f 511/515/939 640/646/940 641/647/941
f 641/647/941 526/530/939 511/515/939
s 518
f 541/545/942 526/530/942 641/647/942
f 641/647/942 642/648/943 541/545/942
s 519
f 643/649/944 556/560/944 541/545/944
f 541/545/944 642/648/944 643/649/944
s 520
f 556/560/945 643/649/945 644/650/945
f 644/650/945 571/575/945 556/560/945
s 521
f 571/575/946 644/650/946 645/651/946
f 645/651/946 586/590/946 571/575/946
s 522
f 586/590/947 645/651/947 646/652/947
f 646/652/947 601/605/947 586/590/947
s 523
f 647/653/948 616/620/948 601/605/948
f 601/605/948 646/652/948 647/653/948
s 524
f 647/653/949 278/654/949 277/655/949
f 277/655/949 616/620/949 647/653/949
s 525
f 296/656/950 615/619/950 616/620/950
f 616/620/950 277/655/950 296/656/950
s 526
f 295/657/951 614/618/951 615/619/951
f 615/619/951 296/656/951 295/657/951
s 527
f 614/618/952 295/657/952 294/658/953
f 294/658/953 613/617/952 614/618/952
s 528
f 293/659/954 612/616/955 613/617/955
f 613/617/955 294/658/955 293/659/954
s 529
f 292/660/956 611/615/956 612/616/957
f 612/616/957 293/659/956 292/660/956
s 530
f 611/615/958 292/660/959 291/661/960
f 291/661/960 610/614/960 611/615/958
s 531
f 290/662/961 609/613/962 610/614/963
f 610/614/963 291/661/964 290/662/961
s 532
f 289/663/965 608/612/966 609/613/966
f 609/613/966 290/662/966 289/663/965
s 533
f 289/663/967 288/664/968 607/611/969
f 607/611/969 608/612/967 289/663/967
s 534
f 287/665/970 606/610/971 607/611/970
f 607/611/970 288/664/972 287/665/970
s 535
f 286/666/973 605/609/973 606/610/974
f 606/610/974 287/665/974 286/666/973
s 536
f 286/666/975 285/667/976 604/608/976
f 604/608/976 605/609/975 286/666/975
s 537
f 284/668/977 603/607/977 604/608/977
f 604/608/977 285/667/977 284/668/977
s 538
f 283/669/978 602/606/978 603/607/978
f 603/607/978 284/668/978 283/669/978
s 539
f 602/606/979 283/669/979 176/670/979
f 176/670/979 178/671/979 602/606/979
s 540
f 602/606/980 178/671/980 182/672/980
f 182/672/980 587/591/980 602/606/980
s 541
f 587/591/981 182/672/981 183/673/981
f 183/673/981 572/576/981 587/591/981
s 542
f 183/673/982 184/674/982 557/561/982
f 557/561/982 572/576/982 183/673/982
s 543
f 184/674/983 185/675/983 542/546/983
f 542/546/983 557/561/983 184/674/983
s 544
f 542/546/984 185/675/984 186/676/984
f 186/676/984 528/532/984 542/546/984
s 545
f 528/532/985 186/676/985 187/677/985
f 187/677/985 513/517/985 528/532/985
s 546
f 513/517/986 187/677/986 168/678/987
f 168/678/987 498/502/986 513/517/986
s 547
f 498/502/988 168/678/989 167/679/990
f 167/679/990 483/487/990 498/502/988
s 548
f 167/679/991 166/680/991 468/472/991
f 468/472/991 483/487/991 167/679/991
s 549
f 166/680/992 165/681/992 453/457/992
f 453/457/992 468/472/992 166/680/992
s 550
f 453/457/993 165/681/993 164/682/993
f 164/682/993 438/442/993 453/457/993
s 551
f 438/442/994 164/682/994 163/683/994
f 163/683/994 423/427/994 438/442/994
s 552
f 423/427/995 163/683/995 162/684/995
f 162/684/995 394/398/995 423/427/995
s 553
f 162/684/996 161/623/996 395/399/996
f 395/399/996 394/398/996 162/684/996
s 554
f 648/685/997 649/686/998 650/687/999
f 650/687/999 651/688/998 648/685/997
s 555
f 652/689/1000 653/690/1000 651/688/1000
f 651/688/1000 650/687/1000 652/689/1000
s 556
f 653/690/1001 652/689/1001 654/691/1001
f 654/691/1001 655/692/1001 653/690/1001
s 557
f 656/693/1002 657/694/1002 655/692/1002
f 655/692/1002 654/691/1002 656/693/1002
s 558
f 657/694/1003 656/693/1003 658/695/1003
f 658/695/1003 659/696/1004 657/694/1003
s 559
f 660/697/1005 659/696/1005 658/695/1005
f 658/695/1005 661/698/1005 660/697/1005
s 560
f 661/698/1006 662/699/1006 663/700/1007
f 663/700/1007 660/697/1006 661/698/1006
s 561
f 664/701/1008 665/702/1008 648/685/1009
f 648/685/1009 651/688/1008 664/701/1008
s 562
f 664/701/1010 651/688/1010 653/690/1010
f 653/690/1010 666/703/1010 664/701/1010
s 563
f 666/703/1011 653/690/1011 655/692/1011
f 655/692/1011 667/704/1011 666/703/1011
s 564
f 655/692/1012 657/694/1012 668/705/1012
f 668/705/1012 667/704/1012 655/692/1012
s 565
f 657/694/1013 659/696/1013 669/706/1013
f 669/706/1013 668/705/1014 657/694/1013
s 566
f 669/706/1015 659/696/1015 660/697/1015
f 660/697/1015 670/707/1015 669/706/1015
s 567
f 670/707/1016 660/697/1016 663/700/1016
f 663/700/1016 671/708/1016 670/707/1016
s 568
f 672/709/1017 665/702/1017 664/701/1017
f 664/701/1017 673/710/1017 672/709/1017
s 569
f 673/710/1018 664/701/1019 666/703/1020
f 666/703/1020 674/711/1019 673/710/1018
s 570
f 667/704/1021 675/712/1021 674/711/1022
f 674/711/1022 666/703/1021 667/704/1021
s 571
f 668/705/1023 676/713/1023 675/712/1023
f 675/712/1023 667/704/1023 668/705/1023
s 572
f 677/714/1024 676/713/1024 668/705/1024
f 668/705/1024 669/706/1024 677/714/1024
s 573
f 670/707/1025 678/715/1025 677/714/1025
f 677/714/1025 669/706/1025 670/707/1025
s 574
f 679/716/1026 678/715/1026 670/707/1026
f 670/707/1026 671/708/1026 679/716/1026
s 575
f 680/717/1027 681/718/1027 672/709/1028
f 672/709/1028 673/710/1027 680/717/1027
s 576
f 682/719/1029 680/717/1030 673/710/1031
f 673/710/1031 674/711/1030 682/719/1029
s 577
f 674/711/1032 675/712/1033 683/720/1033
f 683/720/1033 682/719/1033 674/711/1032
s 578
f 675/712/1034 676/713/1034 684/721/1034
f 684/721/1034 683/720/1034 675/712/1034
s 579
f 685/722/1035 684/721/1035 676/713/1035
f 676/713/1035 677/714/1035 685/722/1035
s 580
f 677/714/1036 678/715/1036 686/723/1036
f 686/723/1036 685/722/1036 677/714/1036
s 581
f 679/716/1037 687/724/1037 686/723/1038
f 686/723/1038 678/715/1039 679/716/1037
s 582
f 680/717/1040 688/725/1041 689/726/1042
f 689/726/1042 681/718/1040 680/717/1040
s 583
f 690/727/1043 688/725/1043 680/717/1043
f 680/717/1043 682/719/1043 690/727/1043
s 584
f 691/728/1044 690/727/1044 682/719/1044
f 682/719/1044 683/720/1044 691/728/1044
s 585
f 683/720/1045 684/721/1045 692/729/1045
f 692/729/1045 691/728/1045 683/720/1045
s 586
f 684/721/1046 685/722/1046 693/730/1046
f 693/730/1046 692/729/1046 684/721/1046
s 587
f 694/731/1047 693/730/1047 685/722/1047
f 685/722/1047 686/723/1047 694/731/1047
s 588
f 686/723/1048 687/724/1049 695/732/1048
f 695/732/1048 694/731/1050 686/723/1048
s 582
f 696/733/1051 697/734/1052 689/726/1042
f 689/726/1042 688/725/1041 696/733/1051
s 589
f 690/727/1053 698/735/1053 696/733/1053
f 696/733/1053 688/725/1053 690/727/1053
s 590
f 699/736/1054 698/735/1054 690/727/1054
f 690/727/1054 691/728/1054 699/736/1054
s 591
f 700/737/1055 699/736/1056 691/728/1056
f 691/728/1056 692/729/1056 700/737/1055
s 592
f 692/729/1057 693/730/1057 701/738/1057
f 701/738/1057 700/737/1057 692/729/1057
s 593
f 693/730/1058 694/731/1059 702/739/1060
f 702/739/1060 701/738/1061 693/730/1058
s 594
f 703/740/1062 704/741/1063 705/742/1063
f 705/742/1063 706/743/1063 703/740/1062
s 595
f 704/741/1064 707/744/1065 708/745/1064
f 708/745/1064 705/742/1066 704/741/1064
s 596
f 708/745/1067 707/744/1068 709/746/1067
f 709/746/1067 710/747/1067 708/745/1067
s 597
f 705/742/1069 711/748/1069 712/749/1069
f 712/749/1069 706/743/1069 705/742/1069
s 598
f 711/748/1070 705/742/1071 708/745/1071
f 708/745/1071 713/750/1071 711/748/1070
s 599
f 708/745/1072 710/747/1072 714/751/1073
f 714/751/1073 713/750/1073 708/745/1072
s 600
f 711/748/1074 715/752/1074 716/753/1074
f 716/753/1074 712/749/1075 711/748/1074
s 601
f 717/754/1076 715/752/1076 711/748/1077
f 711/748/1077 713/750/1076 717/754/1076
s 602
f 714/751/1078 718/755/1079 717/754/1080
f 717/754/1080 713/750/1079 714/751/1078
s 603
f 719/756/1081 718/755/1082 714/751/1081
f 714/751/1081 720/757/1081 719/756/1081
s 604
f 716/753/1083 715/752/1083 721/758/1083
f 721/758/1083 722/759/1083 716/753/1083
s 605
f 717/754/1084 723/760/1084 721/758/1084
f 721/758/1084 715/752/1084 717/754/1084
s 606
f 724/761/1085 723/760/1086 717/754/1085
f 717/754/1085 718/755/1086 724/761/1085
s 607
f 719/756/1087 725/762/1088 724/761/1089
f 724/761/1089 718/755/1090 719/756/1087
s 608
f 726/763/1091 727/764/1091 722/759/1091
f 722/759/1091 721/758/1091 726/763/1091
s 609
f 721/758/1092 723/760/1093 728/765/1093
f 728/765/1093 726/763/1094 721/758/1092
s 610
f 724/761/1095 729/766/1096 728/765/1097
f 728/765/1097 723/760/1095 724/761/1095
s 611
f 730/767/1098 729/766/1099 724/761/1098
f 724/761/1098 725/762/1098 730/767/1098
s 612
f 731/768/1100 732/769/1101 727/764/1102
f 727/764/1102 726/763/1101 731/768/1100
s 613
f 733/770/1103 731/768/1103 726/763/1103
f 726/763/1103 728/765/1103 733/770/1103
s 614
f 728/765/1104 729/766/1104 734/771/1105
f 734/771/1105 733/770/1104 728/765/1104
s 615
f 730/767/1106 735/772/1106 734/771/1107
f 734/771/1107 729/766/1107 730/767/1106
s 616
f 736/773/1108 737/774/1108 738/775/1108
f 738/775/1108 739/776/1108 736/773/1108
s 617
f 740/777/1109 741/778/1110 739/776/1109
f 739/776/1109 738/775/1110 740/777/1109
s 618
f 740/777/1111 742/779/1111 743/780/1111
f 743/780/1111 741/778/1111 740/777/1111
s 619
f 743/780/1112 742/779/1112 744/781/1112
f 744/781/1112 745/782/1112 743/780/1112
s 620
f 746/783/1113 747/784/1113 745/782/1113
f 745/782/1113 744/781/1113 746/783/1113
s 621
f 748/785/1114 749/786/1115 747/784/1114
f 747/784/1114 746/783/1114 748/785/1114
s 622
f 749/786/1116 748/785/1116 750/787/1116
f 750/787/1116 751/788/1116 749/786/1116
s 623
f 736/773/1117 739/776/1117 752/789/1117
f 752/789/1117 753/790/1118 736/773/1117
s 624
f 752/789/1119 739/776/1119 741/778/1119
f 741/778/1119 754/791/1119 752/789/1119
s 625
f 743/780/1120 755/792/1120 754/791/1120
f 754/791/1120 741/778/1120 743/780/1120
s 626
f 745/782/1121 756/793/1121 755/792/1121
f 755/792/1121 743/780/1122 745/782/1121
s 627
f 756/793/1123 745/782/1123 747/784/1124
f 747/784/1124 757/794/1124 756/793/1123
s 628
f 749/786/1125 758/795/1125 757/794/1125
f 757/794/1125 747/784/1125 749/786/1125
s 629
f 749/786/1126 751/788/1127 759/796/1127
f 759/796/1127 758/795/1127 749/786/1126
s 630
f 752/789/1128 760/797/1128 761/798/1128
f 761/798/1128 753/790/1129 752/789/1128
s 631
f 754/791/1130 762/799/1130 760/797/1131
f 760/797/1131 752/789/1130 754/791/1130
s 632
f 762/799/1132 754/791/1132 755/792/1133
f 755/792/1133 763/800/1132 762/799/1132
s 633
f 756/793/1134 764/801/1135 763/800/1136
f 763/800/1136 755/792/1134 756/793/1134
s 634
f 756/793/1137 757/794/1138 765/802/1137
f 765/802/1137 764/801/1137 756/793/1137
s 635
f 765/802/1139 757/794/1139 758/795/1139
f 758/795/1139 766/803/1139 765/802/1139
s 636
f 759/796/1140 767/804/1141 766/803/1142
f 766/803/1142 758/795/1141 759/796/1140
s 637
f 764/801/1143 765/802/1144 768/805/1144
f 768/805/1144 769/806/1145 764/801/1143
s 638
f 768/805/1146 765/802/1147 766/803/1148
f 766/803/1148 770/807/1146 768/805/1146
s 639
f 766/803/1149 767/804/1150 771/808/1151
f 771/808/1151 770/807/1151 766/803/1149
s 640
f 772/809/1152 773/810/1152 774/811/1153
f 774/811/1153 775/812/1152 772/809/1152
s 641
f 772/809/1154 776/813/1155 777/814/1155
f 777/814/1155 773/810/1155 772/809/1154
s 642
f 777/814/1156 776/813/1157 778/815/1158
f 778/815/1158 779/816/1156 777/814/1156
s 643
f 780/817/1159 781/818/1159 779/816/1160
f 779/816/1160 778/815/1159 780/817/1159
s 644
f 782/819/1161 783/820/1161 781/818/1161
f 781/818/1161 780/817/1161 782/819/1161
s 645
f 783/820/1162 782/819/1162 784/821/1162
f 784/821/1162 785/822/1162 783/820/1162
s 582
f 786/823/1163 787/824/1164 785/822/1165
f 785/822/1165 784/821/1165 786/823/1163
s 646
f 788/825/1166 774/811/1166 773/810/1166
f 773/810/1166 789/826/1166 788/825/1166
s 647
f 777/814/1167 790/827/1168 789/826/1168
f 789/826/1168 773/810/1168 777/814/1167
s 648
f 779/816/1169 791/828/1170 790/827/1171
f 790/827/1171 777/814/1170 779/816/1169
s 649
f 791/828/1172 779/816/1172 781/818/1173
f 781/818/1173 792/829/1172 791/828/1172
s 650
f 783/820/1174 793/830/1175 792/829/1176
f 792/829/1176 781/818/1175 783/820/1174
s 651
f 783/820/1177 785/822/1177 794/831/1178
f 794/831/1178 793/830/1177 783/820/1177
s 652
f 794/831/1179 785/822/1180 787/824/1181
f 787/824/1181 795/832/1180 794/831/1179
s 653
f 789/826/1182 796/833/1182 797/834/1182
f 797/834/1182 788/825/1182 789/826/1182
s 654
f 796/833/1183 789/826/1183 790/827/1183
f 790/827/1183 798/835/1183 796/833/1183
s 655
f 791/828/1184 799/836/1184 798/835/1184
f 798/835/1184 790/827/1184 791/828/1184
s 656
f 791/828/1185 792/829/1185 800/837/1185
f 800/837/1185 799/836/1185 791/828/1185
s 657
f 800/837/1186 792/829/1186 793/830/1187
f 793/830/1187 801/838/1186 800/837/1186
s 658
f 794/831/1188 802/839/1189 801/838/1189
f 801/838/1189 793/830/1189 794/831/1188
s 659
f 794/831/1190 795/832/1191 803/840/1191
f 803/840/1191 802/839/1191 794/831/1190
s 660
f 796/833/1192 804/841/1192 805/842/1192
f 805/842/1192 797/834/1192 796/833/1192
s 661
f 806/843/1193 804/841/1193 796/833/1193
f 796/833/1193 798/835/1193 806/843/1193
s 662
f 807/844/1194 806/843/1194 798/835/1194
f 798/835/1194 799/836/1194 807/844/1194
s 663
f 799/836/1195 800/837/1195 808/845/1195
f 808/845/1195 807/844/1195 799/836/1195
s 664
f 801/838/1196 809/846/1196 808/845/1196
f 808/845/1196 800/837/1196 801/838/1196
s 665
f 810/847/1197 809/846/1197 801/838/1197
f 801/838/1197 802/839/1197 810/847/1197
s 666
f 803/840/1198 811/848/1198 810/847/1199
f 810/847/1199 802/839/1200 803/840/1198
s 667
f 812/849/1201 813/850/1201 805/842/1201
f 805/842/1201 804/841/1201 812/849/1201
s 668
f 806/843/1202 814/851/1202 812/849/1202
f 812/849/1202 804/841/1203 806/843/1202
s 669
f 815/852/1204 814/851/1204 806/843/1204
f 806/843/1204 807/844/1204 815/852/1204
s 670
f 816/853/1205 815/852/1205 807/844/1205
f 807/844/1205 808/845/1205 816/853/1205
s 671
f 808/845/1206 809/846/1207 817/854/1206
f 817/854/1206 816/853/1208 808/845/1206
s 672
f 810/847/1209 818/855/1209 817/854/1209
f 817/854/1209 809/846/1209 810/847/1209
s 673
f 819/856/1210 818/855/1211 810/847/1211
f 810/847/1211 811/848/1211 819/856/1210
s 674
f 812/849/1212 820/857/1212 821/858/1212
f 821/858/1212 813/850/1212 812/849/1212
s 675
f 822/859/1213 820/857/1213 812/849/1213
f 812/849/1213 814/851/1213 822/859/1213
s 676
f 815/852/1214 823/860/1214 822/859/1214
f 822/859/1214 814/851/1214 815/852/1214
s 677
f 824/861/1215 823/860/1215 815/852/1215
f 815/852/1215 816/853/1215 824/861/1215
s 678
f 825/862/1216 824/861/1217 816/853/1217
f 816/853/1217 817/854/1217 825/862/1216
s 679
f 817/854/1218 818/855/1219 826/863/1218
f 826/863/1218 825/862/1220 817/854/1218
s 680
f 819/856/1221 827/864/1222 826/863/1221
f 826/863/1221 818/855/1223 819/856/1221
s 681
f 731/768/1224 663/700/1224 662/699/1224
f 662/699/1224 732/769/1224 731/768/1224
s 682
f 671/708/1225 663/700/1225 731/768/1225
f 731/768/1225 733/770/1225 671/708/1225
s 683
f 679/716/1226 671/708/1227 733/770/1228
f 733/770/1228 734/771/1229 679/716/1226
s 684
f 734/771/1230 735/772/1230 687/724/1230
f 687/724/1230 679/716/1231 734/771/1230
s 685
f 750/787/1232 821/858/1232 820/857/1232
f 820/857/1232 751/788/1232 750/787/1232
s 686
f 822/859/1233 759/796/1233 751/788/1233
f 751/788/1233 820/857/1233 822/859/1233
s 687
f 767/804/1234 759/796/1235 822/859/1236
f 822/859/1236 823/860/1237 767/804/1234
s 688
f 823/860/1238 824/861/1239 771/808/1240
f 771/808/1240 767/804/1240 823/860/1238
s 689
f 825/862/1241 828/865/1241 771/808/1241
f 771/808/1241 824/861/1242 825/862/1241
s 582
f 697/734/1052 696/733/1051 787/824/1164
f 787/824/1164 786/823/1163 697/734/1052
s 690
f 696/733/1243 698/735/1243 795/832/1244
f 795/832/1244 787/824/1243 696/733/1243
s 691
f 698/735/1245 699/736/1246 803/840/1247
f 803/840/1247 795/832/1246 698/735/1245
s 692
f 699/736/1248 700/737/1249 811/848/1249
f 811/848/1249 803/840/1249 699/736/1248
s 693
f 819/856/1250 811/848/1250 700/737/1250
f 700/737/1250 701/738/1250 819/856/1250
s 694
f 701/738/1251 702/739/1251 827/864/1251
f 827/864/1251 819/856/1252 701/738/1251
s 695
f 829/866/1253 830/867/1254 831/868/1254
f 831/868/1254 649/686/1254 829/866/1253
s 696
f 650/687/1255 649/686/1255 831/868/1255
f 831/868/1255 832/869/1255 650/687/1255
s 697
f 652/689/1256 650/687/1257 832/869/1257
f 832/869/1257 833/870/1257 652/689/1256
s 698
f 652/689/1258 833/870/1258 834/871/1258
f 834/871/1258 654/691/1258 652/689/1258
s 699
f 654/691/1259 834/871/1259 835/872/1260
f 835/872/1260 656/693/1259 654/691/1259
s 700
f 656/693/1261 835/872/1261 836/873/1261
f 836/873/1261 658/695/1261 656/693/1261
s 701
f 661/698/1262 658/695/1262 836/873/1262
f 836/873/1262 837/874/1262 661/698/1262
s 702
f 661/698/1263 837/874/1263 838/875/1263
f 838/875/1263 662/699/1264 661/698/1263
s 703
f 649/686/1265 648/685/1265 839/876/1266
f 839/876/1266 829/866/1265 649/686/1265
s 704
f 840/877/1267 839/876/1267 648/685/1268
f 648/685/1268 665/702/1267 840/877/1267
s 705
f 841/878/1269 840/877/1269 665/702/1269
f 665/702/1269 672/709/1269 841/878/1269
s 706
f 681/718/1270 842/879/1270 841/878/1270
f 841/878/1270 672/709/1270 681/718/1270
s 707
f 843/880/1271 842/879/1272 681/718/1272
f 681/718/1272 689/726/1273 843/880/1271
f 843/880/1271 689/726/1273 697/734/1274
f 697/734/1274 844/881/1275 843/880/1271
f 845/882/1276 844/881/1275 697/734/1274
f 697/734/1274 786/823/1277 845/882/1276
s 708
f 376/380/1278 703/740/1278 846/883/1278
f 846/883/1278 377/381/1278 376/380/1278
s 709
f 704/741/1279 703/740/1279 376/380/1279
f 376/380/1279 375/379/1279 704/741/1279
s 710
f 375/379/1280 374/378/1281 707/744/1280
f 707/744/1280 704/741/1280 375/379/1280
s 711
f 707/744/1282 374/378/1283 373/377/1284
f 373/377/1284 709/746/1282 707/744/1282
s 712
f 703/740/1285 706/743/1285 847/884/1285
f 847/884/1285 846/883/1285 703/740/1285
s 713
f 848/885/1286 847/884/1287 706/743/1287
f 706/743/1287 712/749/1286 848/885/1286
s 714
f 712/749/1288 716/753/1288 849/886/1288
f 849/886/1288 848/885/1288 712/749/1288
s 715
f 850/887/1289 849/886/1289 716/753/1289
f 716/753/1289 722/759/1289 850/887/1289
s 716
f 851/888/1290 850/887/1290 722/759/1290
f 722/759/1290 727/764/1290 851/888/1290
s 717
f 852/889/1291 851/888/1291 727/764/1291
f 727/764/1291 732/769/1291 852/889/1291
s 718
f 662/699/1292 838/875/1292 852/889/1292
f 852/889/1292 732/769/1292 662/699/1292
s 719
f 278/277/1293 647/890/1293 737/774/1293
f 737/774/1293 279/278/1293 278/277/1293
s 720
f 738/775/1294 737/774/1294 647/890/1295
f 647/890/1295 646/891/1294 738/775/1294
s 721
f 646/891/1296 645/892/1296 740/777/1296
f 740/777/1296 738/775/1296 646/891/1296
s 722
f 742/779/1297 740/777/1297 645/892/1297
f 645/892/1297 644/893/1297 742/779/1297
s 723
f 744/781/1298 742/779/1298 644/893/1298
f 644/893/1298 643/894/1298 744/781/1298
s 724
f 744/781/1299 643/894/1299 642/895/1299
f 642/895/1299 746/783/1299 744/781/1299
s 725
f 748/785/1300 746/783/1300 642/895/1300
f 642/895/1300 641/896/1300 748/785/1300
s 726
f 750/787/1301 748/785/1301 641/896/1302
f 641/896/1302 640/897/1301 750/787/1301
s 727
f 736/773/1303 280/279/1303 279/278/1303
f 279/278/1303 737/774/1303 736/773/1303
s 728
f 280/279/1304 736/773/1304 753/790/1304
f 753/790/1304 281/280/1304 280/279/1304
s 729
f 761/798/1305 282/281/1305 281/280/1306
f 281/280/1306 753/790/1307 761/798/1305
s 730
f 633/639/1308 853/898/1309 775/812/1308
f 775/812/1308 632/899/1308 633/639/1308
s 731
f 772/809/1310 775/812/1311 853/898/1312
f 853/898/1312 854/900/1311 772/809/1310
s 732
f 772/809/1313 854/900/1313 855/901/1313
f 855/901/1313 776/813/1313 772/809/1313
s 733
f 778/815/1314 776/813/1314 855/901/1314
f 855/901/1314 856/902/1314 778/815/1314
s 734
f 856/902/1315 857/903/1315 780/817/1315
f 780/817/1315 778/815/1315 856/902/1315
s 707
f 780/817/1316 857/903/1316 858/904/1317
f 858/904/1317 782/819/1318 780/817/1316
f 784/821/1319 782/819/1318 858/904/1317
f 858/904/1317 859/905/1320 784/821/1319
f 786/823/1277 784/821/1319 859/905/1320
f 859/905/1320 845/882/1276 786/823/1277
s 735
f 634/906/1321 632/899/1321 775/812/1321
f 775/812/1321 774/811/1321 634/906/1321
s 736
f 788/825/1322 635/907/1322 634/906/1322
f 634/906/1322 774/811/1323 788/825/1322
s 737
f 636/908/1324 635/907/1324 788/825/1324
f 788/825/1324 797/834/1324 636/908/1324
s 738
f 636/908/1325 797/834/1325 805/842/1325
f 805/842/1325 637/909/1325 636/908/1325
s 739
f 813/850/1326 638/910/1326 637/909/1326
f 637/909/1326 805/842/1326 813/850/1326
s 740
f 639/911/1327 638/910/1327 813/850/1327
f 813/850/1327 821/858/1327 639/911/1327
s 741
f 640/897/1328 639/911/1329 821/858/1329
f 821/858/1329 750/787/1329 640/897/1328
s 742
f 860/912/1330 861/913/1330 862/914/1330
f 862/914/1330 863/915/1330 860/912/1330
s 743
f 862/914/1331 864/916/1331 865/917/1331
f 865/917/1331 863/915/1331 862/914/1331
s 744
f 865/917/1332 864/916/1332 866/918/1332
f 866/918/1332 867/919/1332 865/917/1332
s 745
f 867/919/1333 866/918/1333 868/920/1333
f 868/920/1333 869/921/1333 867/919/1333
s 746
f 869/921/1334 868/920/1334 870/922/1335
f 870/922/1335 871/923/1334 869/921/1334
s 747
f 871/923/1336 870/922/1336 872/924/1337
f 872/924/1337 873/925/1338 871/923/1336
s 748
f 873/925/1339 872/924/1340 874/926/1341
f 874/926/1341 875/927/1342 873/925/1339
s 749
f 875/927/1343 874/926/1344 876/928/1345
f 876/928/1345 877/929/1346 875/927/1343
s 750
f 878/930/1347 877/929/1348 876/928/1349
f 876/928/1349 879/931/1350 878/930/1347
s 751
f 880/932/1351 878/930/1351 879/931/1351
f 879/931/1351 881/933/1352 880/932/1351
s 752
f 882/934/1353 880/932/1354 881/933/1355
f 881/933/1355 883/935/1356 882/934/1353
s 753
f 884/936/1357 882/934/1358 883/935/1358
f 883/935/1358 885/937/1357 884/936/1357
s 754
f 886/938/1359 884/936/1360 885/937/1360
f 885/937/1360 887/939/1360 886/938/1359
s 755
f 886/938/1361 887/939/1361 888/940/1361
f 888/940/1361 889/941/1361 886/938/1361
s 756
f 890/942/1362 860/912/1362 863/915/1362
f 863/915/1362 891/943/1362 890/942/1362
s 757
f 891/943/1363 863/915/1363 865/917/1363
f 865/917/1363 892/944/1363 891/943/1363
s 758
f 892/944/1364 865/917/1364 867/919/1364
f 867/919/1364 893/945/1364 892/944/1364
s 759
f 893/945/1365 867/919/1366 869/921/1366
f 869/921/1366 894/946/1366 893/945/1365
s 760
f 895/947/1367 894/946/1367 869/921/1367
f 869/921/1367 871/923/1367 895/947/1367
s 761
f 895/947/1368 871/923/1369 873/925/1370
f 873/925/1370 896/948/1369 895/947/1368
s 762
f 896/948/1371 873/925/1372 875/927/1373
f 875/927/1373 897/949/1374 896/948/1371
s 763
f 877/929/1375 898/950/1376 897/949/1377
f 897/949/1377 875/927/1378 877/929/1375
s 764
f 898/950/1379 877/929/1380 878/930/1381
f 878/930/1381 899/951/1382 898/950/1379
s 765
f 899/951/1383 878/930/1384 880/932/1385
f 880/932/1385 900/952/1386 899/951/1383
s 766
f 900/952/1387 880/932/1387 882/934/1387
f 882/934/1387 901/953/1388 900/952/1387
s 767
f 901/953/1389 882/934/1389 884/936/1389
f 884/936/1389 902/954/1389 901/953/1389
s 768
f 902/954/1390 884/936/1390 886/938/1390
f 886/938/1390 903/955/1390 902/954/1390
s 769
f 904/956/1391 903/955/1391 886/938/1391
f 886/938/1391 889/941/1391 904/956/1391
s 770
f 905/957/1392 890/942/1392 891/943/1392
f 891/943/1392 906/958/1392 905/957/1392
s 771
f 892/944/1393 907/959/1393 906/958/1393
f 906/958/1393 891/943/1393 892/944/1393
s 772
f 907/959/1394 892/944/1395 893/945/1394
f 893/945/1394 908/960/1394 907/959/1394
s 773
f 908/960/1396 893/945/1396 894/946/1396
f 894/946/1396 909/961/1396 908/960/1396
s 774
f 909/961/1397 894/946/1397 895/947/1397
f 895/947/1397 910/962/1397 909/961/1397
s 775
f 910/962/1398 895/947/1399 896/948/1399
f 896/948/1399 911/963/1399 910/962/1398
s 776
f 911/963/1400 896/948/1400 897/949/1401
f 897/949/1401 912/964/1402 911/963/1400
s 777
f 913/965/1403 912/964/1404 897/949/1404
f 897/949/1404 898/950/1405 913/965/1403
s 778
f 913/965/1406 898/950/1407 899/951/1406
f 899/951/1406 914/966/1408 913/965/1406
s 779
f 914/966/1409 899/951/1409 900/952/1409
f 900/952/1409 915/967/1409 914/966/1409
s 780
f 901/953/1410 916/968/1410 915/967/1410
f 915/967/1410 900/952/1410 901/953/1410
s 781
f 916/968/1411 901/953/1411 902/954/1411
f 902/954/1411 917/969/1411 916/968/1411
s 782
f 917/969/1412 902/954/1412 903/955/1412
f 903/955/1412 918/970/1412 917/969/1412
s 783
f 918/970/1413 903/955/1413 904/956/1413
f 904/956/1413 919/971/1413 918/970/1413
s 784
f 920/972/1414 905/957/1414 906/958/1414
f 906/958/1414 921/973/1414 920/972/1414
s 785
f 922/974/1415 921/973/1415 906/958/1415
f 906/958/1415 907/959/1415 922/974/1415
s 786
f 922/974/1416 907/959/1416 908/960/1416
f 908/960/1416 923/975/1416 922/974/1416
s 787
f 923/975/1417 908/960/1417 909/961/1418
f 909/961/1418 924/976/1417 923/975/1417
s 788
f 910/962/1419 925/977/1419 924/976/1419
f 924/976/1419 909/961/1419 910/962/1419
s 789
f 925/977/1420 910/962/1420 911/963/1421
f 911/963/1421 926/978/1420 925/977/1420
s 790
f 926/978/1422 911/963/1422 912/964/1423
f 912/964/1423 927/979/1424 926/978/1422
s 791
f 927/979/1425 912/964/1426 913/965/1427
f 913/965/1427 928/980/1428 927/979/1425
s 792
f 928/980/1429 913/965/1430 914/966/1431
f 914/966/1431 929/981/1432 928/980/1429
s 793
f 929/981/1433 914/966/1434 915/967/1433
f 915/967/1433 930/982/1433 929/981/1433
s 794
f 931/983/1435 930/982/1435 915/967/1435
f 915/967/1435 916/968/1435 931/983/1435
s 795
f 931/983/1436 916/968/1437 917/969/1438
f 917/969/1438 932/984/1438 931/983/1436
s 796
f 932/984/1439 917/969/1439 918/970/1439
f 918/970/1439 933/985/1439 932/984/1439
s 797
f 919/971/1440 934/986/1440 933/985/1440
f 933/985/1440 918/970/1440 919/971/1440
s 798
f 935/987/1441 920/972/1441 921/973/1441
f 921/973/1441 936/988/1441 935/987/1441
s 799
f 936/988/1442 921/973/1443 922/974/1444
f 922/974/1444 937/989/1443 936/988/1442
s 800
f 937/989/1445 922/974/1445 923/975/1445
f 923/975/1445 938/990/1445 937/989/1445
s 801
f 938/990/1446 923/975/1447 924/976/1447
f 924/976/1447 939/991/1447 938/990/1446
s 802
f 940/992/1448 939/991/1449 924/976/1448
f 924/976/1448 925/977/1448 940/992/1448
s 803
f 940/992/1450 925/977/1450 926/978/1450
f 926/978/1450 941/993/1450 940/992/1450
s 804
f 941/993/1451 926/978/1452 927/979/1451
f 927/979/1451 942/994/1451 941/993/1451
s 805
f 928/980/1453 943/995/1454 942/994/1454
f 942/994/1454 927/979/1455 928/980/1453
s 806
f 943/995/1456 928/980/1457 929/981/1458
f 929/981/1458 944/996/1459 943/995/1456
s 807
f 944/996/1460 929/981/1461 930/982/1461
f 930/982/1461 945/997/1461 944/996/1460
s 808
f 945/997/1462 930/982/1462 931/983/1462
f 931/983/1462 946/998/1462 945/997/1462
s 809
f 946/998/1463 931/983/1463 932/984/1464
f 932/984/1464 947/999/1464 946/998/1463
s 810
f 947/999/1465 932/984/1465 933/985/1465
f 933/985/1465 948/1000/1465 947/999/1465
s 811
f 949/1001/1466 948/1000/1466 933/985/1466
f 933/985/1466 934/986/1466 949/1001/1466
s 812
f 950/1002/1467 935/987/1468 936/988/1468
f 936/988/1468 951/1003/1467 950/1002/1467
s 813
f 937/989/1469 952/1004/1470 951/1003/1470
f 951/1003/1470 936/988/1470 937/989/1469
s 814
f 952/1004/1471 937/989/1471 938/990/1471
f 938/990/1471 953/1005/1471 952/1004/1471
s 815
f 953/1005/1472 938/990/1473 939/991/1472
f 939/991/1472 954/1006/1473 953/1005/1472
s 816
f 954/1006/1474 939/991/1474 940/992/1475
f 940/992/1475 955/1007/1476 954/1006/1474
s 817
f 955/1007/1477 940/992/1478 941/993/1477
f 941/993/1477 956/1008/1477 955/1007/1477
s 818
f 956/1008/1479 941/993/1480 942/994/1481
f 942/994/1481 957/1009/1480 956/1008/1479
s 819
f 958/1010/1482 957/1009/1483 942/994/1484
f 942/994/1484 943/995/1482 958/1010/1482
s 820
f 958/1010/1485 943/995/1486 944/996/1487
f 944/996/1487 959/1011/1487 958/1010/1485
s 821
f 959/1011/1488 944/996/1489 945/997/1490
f 945/997/1490 960/1012/1490 959/1011/1488
s 822
f 946/998/1491 961/1013/1491 960/1012/1491
f 960/1012/1491 945/997/1492 946/998/1491
s 823
f 961/1013/1493 946/998/1494 947/999/1494
f 947/999/1494 962/1014/1494 961/1013/1493
s 824
f 962/1014/1495 947/999/1495 948/1000/1495
f 948/1000/1495 963/1015/1495 962/1014/1495
s 825
f 963/1015/1496 948/1000/1496 949/1001/1496
f 949/1001/1496 964/1016/1496 963/1015/1496
s 826
f 965/1017/1497 950/1002/1497 951/1003/1497
f 951/1003/1497 966/1018/1497 965/1017/1497
s 827
f 967/1019/1498 966/1018/1498 951/1003/1498
f 951/1003/1498 952/1004/1498 967/1019/1498
s 828
f 967/1019/1499 952/1004/1499 953/1005/1499
f 953/1005/1499 968/1020/1500 967/1019/1499
s 829
f 968/1020/1501 953/1005/1501 954/1006/1502
f 954/1006/1502 969/1021/1503 968/1020/1501
s 830
f 955/1007/1504 970/1022/1505 969/1021/1506
f 969/1021/1506 954/1006/1506 955/1007/1504
s 831
f 970/1022/1507 955/1007/1508 956/1008/1507
f 956/1008/1507 971/1023/1507 970/1022/1507
s 832
f 971/1023/1509 956/1008/1510 957/1009/1509
f 957/1009/1509 972/1024/1511 971/1023/1509
s 833
f 972/1024/1512 957/1009/1513 958/1010/1512
f 958/1010/1512 973/1025/1514 972/1024/1512
s 834
f 973/1025/1515 958/1010/1515 959/1011/1516
f 959/1011/1516 974/1026/1515 973/1025/1515
s 835
f 974/1026/1517 959/1011/1517 960/1012/1518
f 960/1012/1518 975/1027/1517 974/1026/1517
s 836
f 976/1028/1519 975/1027/1520 960/1012/1521
f 960/1012/1521 961/1013/1522 976/1028/1519
s 837
f 976/1028/1523 961/1013/1524 962/1014/1525
f 962/1014/1525 977/1029/1526 976/1028/1523
s 838
f 977/1029/1527 962/1014/1528 963/1015/1529
f 963/1015/1529 978/1030/1530 977/1029/1527
s 839
f 964/1016/1531 979/1031/1532 978/1030/1531
f 978/1030/1531 963/1015/1531 964/1016/1531
s 840
f 980/1032/1533 965/1017/1534 966/1018/1534
f 966/1018/1534 981/1033/1534 980/1032/1533
s 841
f 981/1033/1535 966/1018/1535 967/1019/1535
f 967/1019/1535 982/1034/1535 981/1033/1535
s 842
f 982/1034/1536 967/1019/1537 968/1020/1538
f 968/1020/1538 983/1035/1539 982/1034/1536
s 843
f 983/1035/1540 968/1020/1541 969/1021/1542
f 969/1021/1542 984/1036/1543 983/1035/1540
s 844
f 985/1037/1544 984/1036/1545 969/1021/1546
f 969/1021/1546 970/1022/1544 985/1037/1544
s 845
f 985/1037/1547 970/1022/1548 971/1023/1549
f 971/1023/1549 986/1038/1550 985/1037/1547
s 846
f 986/1038/1551 971/1023/1552 972/1024/1553
f 972/1024/1553 987/1039/1554 986/1038/1551
s 847
f 973/1025/1555 988/1040/1556 987/1039/1555
f 987/1039/1555 972/1024/1557 973/1025/1555
s 848
f 988/1040/1558 973/1025/1559 974/1026/1560
f 974/1026/1560 989/1041/1561 988/1040/1558
s 849
f 989/1041/1562 974/1026/1562 975/1027/1562
f 975/1027/1562 990/1042/1563 989/1041/1562
s 850
f 990/1042/1564 975/1027/1564 976/1028/1565
f 976/1028/1565 991/1043/1565 990/1042/1564
s 851
f 991/1043/1566 976/1028/1566 977/1029/1566
f 977/1029/1566 992/1044/1566 991/1043/1566
s 852
f 992/1044/1567 977/1029/1567 978/1030/1567
f 978/1030/1567 993/1045/1567 992/1044/1567
s 853
f 994/1046/1568 993/1045/1568 978/1030/1568
f 978/1030/1568 979/1031/1568 994/1046/1568
s 854
f 995/1047/1569 980/1032/1569 981/1033/1569
f 981/1033/1569 996/1048/1569 995/1047/1569
s 855
f 982/1034/1570 997/1049/1570 996/1048/1570
f 996/1048/1570 981/1033/1570 982/1034/1570
s 856
f 997/1049/1571 982/1034/1572 983/1035/1573
f 983/1035/1573 998/1050/1574 997/1049/1571
s 857
f 998/1050/1575 983/1035/1575 984/1036/1576
f 984/1036/1576 999/1051/1577 998/1050/1575
s 858
f 999/1051/1578 984/1036/1579 985/1037/1580
f 985/1037/1580 1000/1052/1581 999/1051/1578
s 859
f 1000/1052/1582 985/1037/1583 986/1038/1584
f 986/1038/1584 1001/1053/1585 1000/1052/1582
s 860
f 1001/1053/1586 986/1038/1587 987/1039/1588
f 987/1039/1588 1002/1054/1589 1001/1053/1586
s 861
f 1003/1055/1590 1002/1054/1590 987/1039/1591
f 987/1039/1591 988/1040/1590 1003/1055/1590
s 862
f 1003/1055/1592 988/1040/1592 989/1041/1592
f 989/1041/1592 1004/1056/1592 1003/1055/1592
s 863
f 1004/1056/1593 989/1041/1593 990/1042/1593
f 990/1042/1593 1005/1057/1593 1004/1056/1593
s 864
f 991/1043/1594 1006/1058/1595 1005/1057/1595
f 1005/1057/1595 990/1042/1595 991/1043/1594
s 865
f 1006/1058/1596 991/1043/1596 992/1044/1596
f 992/1044/1596 1007/1059/1597 1006/1058/1596
s 866
f 1007/1059/1598 992/1044/1598 993/1045/1598
f 993/1045/1598 1008/1060/1598 1007/1059/1598
s 867
f 1008/1060/1599 993/1045/1599 994/1046/1599
f 994/1046/1599 1009/1061/1599 1008/1060/1599
s 868
f 1010/1062/1600 995/1047/1600 996/1048/1600
f 996/1048/1600 1011/1063/1600 1010/1062/1600
s 869
f 1012/1064/1601 1011/1063/1602 996/1048/1603
f 996/1048/1603 997/1049/1603 1012/1064/1601
s 870
f 1012/1064/1604 997/1049/1604 998/1050/1604
f 998/1050/1604 1013/1065/1604 1012/1064/1604
s 871
f 1013/1065/1605 998/1050/1605 999/1051/1605
f 999/1051/1605 1014/1066/1605 1013/1065/1605
s 872
f 1000/1052/1606 1015/1067/1607 1014/1066/1606
f 1014/1066/1606 999/1051/1608 1000/1052/1606
s 873
f 1015/1067/1609 1000/1052/1609 1001/1053/1609
f 1001/1053/1609 1016/1068/1609 1015/1067/1609
s 874
f 1016/1068/1610 1001/1053/1611 1002/1054/1612
f 1002/1054/1612 1017/1069/1613 1016/1068/1610
s 875
f 1017/1069/1614 1002/1054/1615 1003/1055/1615
f 1003/1055/1615 1018/1070/1615 1017/1069/1614
s 876
f 1018/1070/1616 1003/1055/1617 1004/1056/1617
f 1004/1056/1617 1019/1071/1617 1018/1070/1616
s 877
f 1019/1071/1618 1004/1056/1618 1005/1057/1618
f 1005/1057/1618 1020/1072/1618 1019/1071/1618
s 878
f 1021/1073/1619 1020/1072/1619 1005/1057/1619
f 1005/1057/1619 1006/1058/1619 1021/1073/1619
s 879
f 1021/1073/1620 1006/1058/1620 1007/1059/1620
f 1007/1059/1620 1022/1074/1620 1021/1073/1620
s 880
f 1022/1074/1621 1007/1059/1621 1008/1060/1621
f 1008/1060/1621 1023/1075/1621 1022/1074/1621
s 881
f 1009/1061/1622 1024/1076/1622 1023/1075/1622
f 1023/1075/1622 1008/1060/1622 1009/1061/1622
s 882
f 1025/1077/1623 1010/1062/1623 1011/1063/1623
f 1011/1063/1623 1026/1078/1623 1025/1077/1623
s 883
f 1026/1078/1624 1011/1063/1624 1012/1064/1624
f 1012/1064/1624 1027/1079/1624 1026/1078/1624
s 884
f 1027/1079/1625 1012/1064/1625 1013/1065/1625
f 1013/1065/1625 1028/1080/1626 1027/1079/1625
s 885
f 1028/1080/1627 1013/1065/1627 1014/1066/1627
f 1014/1066/1627 1029/1081/1627 1028/1080/1627
s 886
f 1030/1082/1628 1029/1081/1628 1014/1066/1628
f 1014/1066/1628 1015/1067/1628 1030/1082/1628
s 887
f 1030/1082/1629 1015/1067/1630 1016/1068/1631
f 1016/1068/1631 1031/1083/1631 1030/1082/1629
s 888
f 1031/1083/1632 1016/1068/1633 1017/1069/1633
f 1017/1069/1633 1032/1084/1634 1031/1083/1632
s 889
f 1018/1070/1635 1033/1085/1636 1032/1084/1636
f 1032/1084/1636 1017/1069/1637 1018/1070/1635
s 890
f 1033/1085/1638 1018/1070/1638 1019/1071/1638
f 1019/1071/1638 1034/1086/1638 1033/1085/1638
s 891
f 1034/1086/1639 1019/1071/1639 1020/1072/1639
f 1020/1072/1639 1035/1087/1639 1034/1086/1639
s 892
f 1035/1087/1640 1020/1072/1640 1021/1073/1640
f 1021/1073/1640 1036/1088/1640 1035/1087/1640
s 893
f 1036/1088/1641 1021/1073/1641 1022/1074/1641
f 1022/1074/1641 1037/1089/1642 1036/1088/1641
s 894
f 1037/1089/1643 1022/1074/1643 1023/1075/1643
f 1023/1075/1643 1038/1090/1643 1037/1089/1643
s 895
f 1039/1091/1644 1038/1090/1644 1023/1075/1644
f 1023/1075/1644 1024/1076/1644 1039/1091/1644
s 896
f 1040/1092/1645 1025/1077/1645 1026/1078/1645
f 1026/1078/1645 1041/1093/1645 1040/1092/1645
s 897
f 1027/1079/1646 1042/1094/1646 1041/1093/1646
f 1041/1093/1646 1026/1078/1646 1027/1079/1646
s 898
f 1042/1094/1647 1027/1079/1647 1028/1080/1647
f 1028/1080/1647 1043/1095/1647 1042/1094/1647
s 899
f 1043/1095/1648 1028/1080/1648 1029/1081/1648
f 1029/1081/1648 1044/1096/1648 1043/1095/1648
s 900
f 1044/1096/1649 1029/1081/1649 1030/1082/1649
f 1030/1082/1649 1045/1097/1650 1044/1096/1649
s 901
f 1045/1097/1651 1030/1082/1651 1031/1083/1651
f 1031/1083/1651 1046/1098/1651 1045/1097/1651
s 902
f 1046/1098/1652 1031/1083/1653 1032/1084/1654
f 1032/1084/1654 1047/1099/1655 1046/1098/1652
s 903
f 1048/1100/1656 1047/1099/1657 1032/1084/1658
f 1032/1084/1658 1033/1085/1659 1048/1100/1656
s 904
f 1048/1100/1660 1033/1085/1661 1034/1086/1661
f 1034/1086/1661 1049/1101/1661 1048/1100/1660
s 905
f 1049/1101/1662 1034/1086/1662 1035/1087/1662
f 1035/1087/1662 1050/1102/1663 1049/1101/1662
s 906
f 1036/1088/1664 1051/1103/1665 1050/1102/1666
f 1050/1102/1666 1035/1087/1666 1036/1088/1664
s 907
f 1051/1103/1667 1036/1088/1667 1037/1089/1667
f 1037/1089/1667 1052/1104/1667 1051/1103/1667
s 908
f 1052/1104/1668 1037/1089/1668 1038/1090/1668
f 1038/1090/1668 1053/1105/1668 1052/1104/1668
s 909
f 1053/1105/1669 1038/1090/1669 1039/1091/1669
f 1039/1091/1669 1054/1106/1669 1053/1105/1669
s 910
f 1055/1107/1670 1040/1092/1670 1041/1093/1670
f 1041/1093/1670 1056/1108/1670 1055/1107/1670
s 911
f 1057/1109/1671 1056/1108/1671 1041/1093/1671
f 1041/1093/1671 1042/1094/1671 1057/1109/1671
s 912
f 1057/1109/1672 1042/1094/1672 1043/1095/1672
f 1043/1095/1672 1058/1110/1672 1057/1109/1672
s 913
f 1058/1110/1673 1043/1095/1673 1044/1096/1673
f 1044/1096/1673 1059/1111/1673 1058/1110/1673
s 914
f 1045/1097/1674 1060/1112/1674 1059/1111/1674
f 1059/1111/1674 1044/1096/1674 1045/1097/1674
s 915
f 1060/1112/1675 1045/1097/1676 1046/1098/1677
f 1046/1098/1677 1061/1113/1678 1060/1112/1675
s 916
f 1061/1113/1679 1046/1098/1679 1047/1099/1680
f 1047/1099/1680 1062/1114/1681 1061/1113/1679
s 917
f 1062/1114/1682 1047/1099/1682 1048/1100/1682
f 1048/1100/1682 1063/1115/1683 1062/1114/1682
s 918
f 1063/1115/1684 1048/1100/1685 1049/1101/1684
f 1049/1101/1684 1064/1116/1684 1063/1115/1684
s 919
f 1064/1116/1686 1049/1101/1686 1050/1102/1686
f 1050/1102/1686 1065/1117/1686 1064/1116/1686
s 920
f 1066/1118/1687 1065/1117/1688 1050/1102/1687
f 1050/1102/1687 1051/1103/1687 1066/1118/1687
s 921
f 1066/1118/1689 1051/1103/1689 1052/1104/1689
f 1052/1104/1689 1067/1119/1689 1066/1118/1689
s 922
f 1067/1119/1690 1052/1104/1690 1053/1105/1690
f 1053/1105/1690 1068/1120/1690 1067/1119/1690
s 923
f 1054/1106/1691 1069/1121/1691 1068/1120/1691
f 1068/1120/1691 1053/1105/1691 1054/1106/1691
s 924
f 1070/1122/1692 1055/1107/1692 1056/1108/1692
f 1056/1108/1692 1071/1123/1692 1070/1122/1692
s 925
f 1071/1123/1693 1056/1108/1693 1057/1109/1693
f 1057/1109/1693 1072/1124/1693 1071/1123/1693
s 926
f 1072/1124/1694 1057/1109/1694 1058/1110/1694
f 1058/1110/1694 1073/1125/1694 1072/1124/1694
s 927
f 1073/1125/1695 1058/1110/1696 1059/1111/1696
f 1059/1111/1696 1074/1126/1696 1073/1125/1695
s 928
f 1075/1127/1697 1074/1126/1698 1059/1111/1697
f 1059/1111/1697 1060/1112/1697 1075/1127/1697
s 929
f 1075/1127/1699 1060/1112/1699 1061/1113/1699
f 1061/1113/1699 1076/1128/1699 1075/1127/1699
s 930
f 1076/1128/1700 1061/1113/1701 1062/1114/1702
f 1062/1114/1702 1077/1129/1703 1076/1128/1700
s 931
f 1063/1115/1704 1078/1130/1705 1077/1129/1706
f 1077/1129/1706 1062/1114/1705 1063/1115/1704
s 932
f 1078/1130/1707 1063/1115/1708 1064/1116/1709
f 1064/1116/1709 1079/1131/1710 1078/1130/1707
s 933
f 1079/1131/1711 1064/1116/1711 1065/1117/1712
f 1065/1117/1712 1080/1132/1711 1079/1131/1711
s 934
f 1080/1132/1713 1065/1117/1713 1066/1118/1713
f 1066/1118/1713 1081/1133/1713 1080/1132/1713
s 935
f 1081/1133/1714 1066/1118/1714 1067/1119/1714
f 1067/1119/1714 1082/1134/1714 1081/1133/1714
s 936
f 1082/1134/1715 1067/1119/1715 1068/1120/1715
f 1068/1120/1715 1083/1135/1715 1082/1134/1715
s 937
f 1084/1136/1716 1083/1135/1716 1068/1120/1716
f 1068/1120/1716 1069/1121/1716 1084/1136/1716
s 938
f 830/867/1717 1085/1137/1717 861/913/1717
f 861/913/1717 831/1138/1717 830/867/1717
s 939
f 861/913/1718 1085/1137/1718 1086/1139/1718
f 1086/1139/1718 862/914/1718 861/913/1718
s 940
f 1086/1139/1719 1087/1140/1719 864/916/1719
f 864/916/1719 862/914/1719 1086/1139/1719
s 941
f 864/916/1720 1087/1140/1721 1088/1141/1722
f 1088/1141/1722 866/918/1722 864/916/1720
s 942
f 866/918/1723 1088/1141/1723 1089/1142/1724
f 1089/1142/1724 868/920/1723 866/918/1723
s 943
f 870/922/1725 868/920/1726 1089/1142/1727
f 1089/1142/1727 1090/1143/1728 870/922/1725
s 944
f 870/922/1729 1090/1143/1730 1091/1144/1731
f 1091/1144/1731 872/924/1732 870/922/1729
s 945
f 872/924/1733 1091/1144/1734 1092/1145/1735
f 1092/1145/1735 874/926/1736 872/924/1733
s 946
f 1093/1146/1737 876/928/1738 874/926/1739
f 874/926/1739 1092/1145/1740 1093/1146/1737
s 947
f 876/928/1741 1093/1146/1742 1094/1147/1743
f 1094/1147/1743 879/931/1744 876/928/1741
s 948
f 879/931/1745 1094/1147/1746 1095/1148/1745
f 1095/1148/1745 881/933/1747 879/931/1745
s 949
f 1096/1149/1748 883/935/1749 881/933/1750
f 881/933/1750 1095/1148/1751 1096/1149/1748
s 950
f 1097/1150/1752 885/937/1753 883/935/1754
f 883/935/1754 1096/1149/1755 1097/1150/1752
s 951
f 1098/1151/1756 887/939/1757 885/937/1757
f 885/937/1757 1097/1150/1758 1098/1151/1756
s 952
f 887/939/1759 1098/1151/1759 1099/1152/1759
f 1099/1152/1759 888/940/1760 887/939/1759
s 953
f 203/1153/1761 888/940/1761 1099/1152/1761
f 1099/1152/1761 204/1154/1761 203/1153/1761
s 954
f 889/941/1762 888/940/1762 203/1153/1762
f 203/1153/1762 211/1155/1762 889/941/1762
s 955
f 904/956/1763 889/941/1763 211/1155/1763
f 211/1155/1763 212/1156/1763 904/956/1763
s 956
f 213/1157/1764 919/971/1764 904/956/1764
f 904/956/1764 212/1156/1764 213/1157/1764
s 957
f 214/1158/1765 934/986/1766 919/971/1765
f 919/971/1765 213/1157/1765 214/1158/1765
s 958
f 215/1159/1767 949/1001/1767 934/986/1767
f 934/986/1767 214/1158/1767 215/1159/1767
s 959
f 216/1160/1768 964/1016/1768 949/1001/1768
f 949/1001/1768 215/1159/1768 216/1160/1768
s 960
f 197/1161/1769 979/1031/1770 964/1016/1770
f 964/1016/1770 216/1160/1769 197/1161/1769
s 961
f 196/1162/1771 994/1046/1771 979/1031/1772
f 979/1031/1772 197/1161/1771 196/1162/1771
s 962
f 195/1163/1773 1009/1061/1773 994/1046/1773
f 994/1046/1773 196/1162/1774 195/1163/1773
s 963
f 194/1164/1775 1024/1076/1775 1009/1061/1775
f 1009/1061/1775 195/1163/1775 194/1164/1775
s 964
f 1024/1076/1776 194/1164/1776 193/1165/1776
f 193/1165/1776 1039/1091/1776 1024/1076/1776
s 965
f 1039/1091/1777 193/1165/1777 192/1166/1778
f 192/1166/1778 1054/1106/1777 1039/1091/1777
s 966
f 191/1167/1779 1069/1121/1779 1054/1106/1779
f 1054/1106/1779 192/1166/1779 191/1167/1779
s 967
f 1069/1121/1780 191/1167/1780 188/1168/1780
f 188/1168/1780 1084/1136/1780 1069/1121/1780
s 968
f 190/1169/1781 372/1170/1781 1084/1136/1781
f 1084/1136/1781 188/1168/1781 190/1169/1781
s 969
f 391/1171/1782 1083/1135/1782 1084/1136/1782
f 1084/1136/1782 372/1170/1782 391/1171/1782
s 970
f 1082/1134/1783 1083/1135/1784 391/1171/1785
f 391/1171/1785 390/1172/1783 1082/1134/1783
s 971
f 1081/1133/1786 1082/1134/1786 390/1172/1786
f 390/1172/1786 389/1173/1786 1081/1133/1786
s 972
f 389/1173/1787 388/1174/1788 1080/1132/1788
f 1080/1132/1788 1081/1133/1789 389/1173/1787
s 973
f 1079/1131/1790 1080/1132/1791 388/1174/1790
f 388/1174/1790 387/1175/1792 1079/1131/1790
s 974
f 1078/1130/1793 1079/1131/1794 387/1175/1794
f 387/1175/1794 386/1176/1795 1078/1130/1793
s 975
f 386/1176/1796 385/1177/1797 1077/1129/1798
f 1077/1129/1798 1078/1130/1799 386/1176/1796
s 976
f 385/1177/1800 384/1178/1800 1076/1128/1800
f 1076/1128/1800 1077/1129/1800 385/1177/1800
s 977
f 384/1178/1801 383/1179/1802 1075/1127/1802
f 1075/1127/1802 1076/1128/1803 384/1178/1801
s 978
f 1074/1126/1804 1075/1127/1804 383/1179/1805
f 383/1179/1805 382/1180/1806 1074/1126/1804
s 979
f 382/1180/1807 381/1181/1807 1073/1125/1807
f 1073/1125/1807 1074/1126/1807 382/1180/1807
s 980
f 381/1181/1808 380/1182/1808 1072/1124/1808
f 1072/1124/1808 1073/1125/1808 381/1181/1808
s 981
f 379/1183/1809 1071/1123/1809 1072/1124/1809
f 1072/1124/1809 380/1182/1809 379/1183/1809
s 982
f 379/1183/1810 378/1184/1810 1070/1122/1810
f 1070/1122/1810 1071/1123/1810 379/1183/1810
s 983
f 846/1185/1811 1070/1122/1811 378/1184/1812
f 378/1184/1812 377/1186/1812 846/1185/1811
s 984
f 846/1185/1813 847/1187/1813 1055/1107/1813
f 1055/1107/1813 1070/1122/1813 846/1185/1813
s 985
f 847/1187/1814 848/1188/1814 1040/1092/1814
f 1040/1092/1814 1055/1107/1814 847/1187/1814
s 986
f 848/1188/1815 849/1189/1815 1025/1077/1815
f 1025/1077/1815 1040/1092/1815 848/1188/1815
s 987
f 1025/1077/1816 849/1189/1816 850/1190/1816
f 850/1190/1816 1010/1062/1816 1025/1077/1816
s 988
f 850/1190/1817 851/1191/1817 995/1047/1817
f 995/1047/1817 1010/1062/1817 850/1190/1817
s 989
f 852/1192/1818 980/1032/1818 995/1047/1818
f 995/1047/1818 851/1191/1818 852/1192/1818
s 990
f 838/1193/1819 965/1017/1819 980/1032/1820
f 980/1032/1820 852/1192/1819 838/1193/1819
s 991
f 950/1002/1821 965/1017/1821 838/1193/1821
f 838/1193/1821 837/1194/1821 950/1002/1821
s 992
f 950/1002/1822 837/1194/1823 836/1195/1822
f 836/1195/1822 935/987/1823 950/1002/1822
s 993
f 836/1195/1824 835/1196/1825 920/972/1824
f 920/972/1824 935/987/1824 836/1195/1824
s 994
f 920/972/1826 835/1196/1826 834/1197/1826
f 834/1197/1826 905/957/1826 920/972/1826
s 995
f 905/957/1827 834/1197/1827 833/1198/1827
f 833/1198/1827 890/942/1827 905/957/1827
s 996
f 833/1198/1828 832/1199/1828 860/912/1828
f 860/912/1828 890/942/1828 833/1198/1828
s 997
f 832/1199/1829 831/1138/1829 861/913/1829
f 861/913/1829 860/912/1829 832/1199/1829
s 998
f 1100/1200/1830 1101/1201/1830 1102/1202/1830
f 1102/1202/1830 1103/1203/1830 1100/1200/1830
s 999
f 1104/1204/1831 1103/1203/1831 1102/1202/1831
f 1102/1202/1831 1105/1205/1831 1104/1204/1831
s 1000
f 1104/1204/1832 1105/1205/1832 1106/1206/1832
f 1106/1206/1832 1107/1207/1832 1104/1204/1832
s 1001
f 1107/1207/1833 1106/1206/1833 1108/1208/1834
f 1108/1208/1834 1109/1209/1833 1107/1207/1833
s 1002
f 1110/1210/1835 1111/1211/1836 1109/1209/1837
f 1109/1209/1837 1108/1208/1836 1110/1210/1835
s 1003
f 1111/1211/1838 1110/1210/1839 1112/1212/1839
f 1112/1212/1839 1113/1213/1839 1111/1211/1838
s 1004
f 1113/1213/1840 1112/1212/1841 1114/1214/1842
f 1114/1214/1842 1115/1215/1843 1113/1213/1840
s 1005
f 1115/1215/1844 1114/1214/1845 1116/1216/1845
f 1116/1216/1845 1117/1217/1846 1115/1215/1844
s 1006
f 1117/1217/1847 1116/1216/1847 1118/1218/1848
f 1118/1218/1848 1119/1219/1849 1117/1217/1847
s 1007
f 1119/1219/1850 1118/1218/1851 1120/1220/1852
f 1120/1220/1852 1121/1221/1852 1119/1219/1850
s 1008
f 1122/1222/1853 1121/1221/1854 1120/1220/1855
f 1120/1220/1855 1123/1223/1853 1122/1222/1853
s 1009
f 1122/1222/1856 1123/1223/1857 1124/1224/1858
f 1124/1224/1858 1125/1225/1856 1122/1222/1856
s 1010
f 1125/1225/1859 1124/1224/1859 1126/1226/1859
f 1126/1226/1859 1127/1227/1859 1125/1225/1859
s 1011
f 1128/1228/1860 1129/1229/1860 1127/1227/1860
f 1127/1227/1860 1126/1226/1860 1128/1228/1860
s 1012
f 1130/1230/1861 1100/1200/1861 1103/1203/1861
f 1103/1203/1861 1131/1231/1861 1130/1230/1861
s 1013
f 1131/1231/1862 1103/1203/1862 1104/1204/1862
f 1104/1204/1862 1132/1232/1862 1131/1231/1862
s 1014
f 1132/1232/1863 1104/1204/1863 1107/1207/1864
f 1107/1207/1864 1133/1233/1863 1132/1232/1863
s 1015
f 1133/1233/1865 1107/1207/1865 1109/1209/1866
f 1109/1209/1866 1134/1234/1865 1133/1233/1865
s 1016
f 1135/1235/1867 1134/1234/1868 1109/1209/1868
f 1109/1209/1868 1111/1211/1869 1135/1235/1867
s 1017
f 1135/1235/1870 1111/1211/1870 1113/1213/1870
f 1113/1213/1870 1136/1236/1871 1135/1235/1870
s 1018
f 1136/1236/1872 1113/1213/1872 1115/1215/1873
f 1115/1215/1873 1137/1237/1874 1136/1236/1872
s 1019
f 1117/1217/1875 1138/1238/1876 1137/1237/1876
f 1137/1237/1876 1115/1215/1877 1117/1217/1875
s 1020
f 1138/1238/1878 1117/1217/1879 1119/1219/1880
f 1119/1219/1880 1139/1239/1880 1138/1238/1878
s 1021
f 1139/1239/1881 1119/1219/1882 1121/1221/1883
f 1121/1221/1883 1140/1240/1884 1139/1239/1881
s 1022
f 1140/1240/1885 1121/1221/1885 1122/1222/1885
f 1122/1222/1885 1141/1241/1885 1140/1240/1885
s 1023
f 1141/1241/1886 1122/1222/1886 1125/1225/1887
f 1125/1225/1887 1142/1242/1886 1141/1241/1886
s 1024
f 1142/1242/1888 1125/1225/1889 1127/1227/1889
f 1127/1227/1889 1143/1243/1889 1142/1242/1888
s 1025
f 1144/1244/1890 1143/1243/1890 1127/1227/1890
f 1127/1227/1890 1129/1229/1890 1144/1244/1890
s 1026
f 1145/1245/1891 1130/1230/1891 1131/1231/1891
f 1131/1231/1891 1146/1246/1891 1145/1245/1891
s 1027
f 1132/1232/1892 1147/1247/1893 1146/1246/1894
f 1146/1246/1894 1131/1231/1892 1132/1232/1892
s 1028
f 1147/1247/1895 1132/1232/1896 1133/1233/1896
f 1133/1233/1896 1148/1248/1897 1147/1247/1895
s 1029
f 1148/1248/1898 1133/1233/1899 1134/1234/1899
f 1134/1234/1899 1149/1249/1900 1148/1248/1898
s 1030
f 1149/1249/1901 1134/1234/1902 1135/1235/1902
f 1135/1235/1902 1150/1250/1903 1149/1249/1901
s 1031
f 1150/1250/1904 1135/1235/1905 1136/1236/1906
f 1136/1236/1906 1151/1251/1907 1150/1250/1904
s 1032
f 1151/1251/1908 1136/1236/1909 1137/1237/1910
f 1137/1237/1910 1152/1252/1911 1151/1251/1908
s 1033
f 1153/1253/1912 1152/1252/1913 1137/1237/1914
f 1137/1237/1914 1138/1238/1915 1153/1253/1912
s 1034
f 1153/1253/1916 1138/1238/1917 1139/1239/1918
f 1139/1239/1918 1154/1254/1919 1153/1253/1916
s 1035
f 1154/1254/1920 1139/1239/1921 1140/1240/1922
f 1140/1240/1922 1155/1255/1923 1154/1254/1920
s 1036
f 1141/1241/1924 1156/1256/1925 1155/1255/1926
f 1155/1255/1926 1140/1240/1924 1141/1241/1924
s 1037
f 1156/1256/1927 1141/1241/1928 1142/1242/1929
f 1142/1242/1929 1157/1257/1930 1156/1256/1927
s 1038
f 1157/1257/1931 1142/1242/1932 1143/1243/1932
f 1143/1243/1932 1158/1258/1933 1157/1257/1931
s 1039
f 1158/1258/1934 1143/1243/1934 1144/1244/1935
f 1144/1244/1935 1159/1259/1934 1158/1258/1934
s 1040
f 1160/1260/1936 1145/1245/1937 1146/1246/1937
f 1146/1246/1937 1161/1261/1938 1160/1260/1936
s 1027
f 1162/1262/1939 1161/1261/1940 1146/1246/1894
f 1146/1246/1894 1147/1247/1893 1162/1262/1939
s 1028
f 1162/1262/1941 1147/1247/1895 1148/1248/1897
f 1148/1248/1897 1163/1263/1942 1162/1262/1941
s 1029
f 1163/1263/1943 1148/1248/1898 1149/1249/1900
f 1149/1249/1900 1164/1264/1944 1163/1263/1943
s 1030
f 1150/1250/1903 1165/1265/1945 1164/1264/1946
f 1164/1264/1946 1149/1249/1901 1150/1250/1903
s 1031
f 1165/1265/1947 1150/1250/1904 1151/1251/1907
f 1151/1251/1907 1166/1266/1948 1165/1265/1947
s 1032
f 1166/1266/1949 1151/1251/1908 1152/1252/1911
f 1152/1252/1911 1167/1267/1950 1166/1266/1949
s 1033
f 1167/1267/1951 1152/1252/1913 1153/1253/1912
f 1153/1253/1912 1168/1268/1952 1167/1267/1951
s 1034
f 1168/1268/1953 1153/1253/1916 1154/1254/1919
f 1154/1254/1919 1169/1269/1954 1168/1268/1953
s 1035
f 1169/1269/1955 1154/1254/1920 1155/1255/1923
f 1155/1255/1923 1170/1270/1956 1169/1269/1955
s 1036
f 1171/1271/1957 1170/1270/1958 1155/1255/1926
f 1155/1255/1926 1156/1256/1925 1171/1271/1957
s 1037
f 1171/1271/1959 1156/1256/1927 1157/1257/1930
f 1157/1257/1930 1172/1272/1960 1171/1271/1959
s 1038
f 1172/1272/1961 1157/1257/1931 1158/1258/1933
f 1158/1258/1933 1173/1273/1962 1172/1272/1961
s 1041
f 1159/1259/1963 1174/1274/1964 1173/1273/1965
f 1173/1273/1965 1158/1258/1966 1159/1259/1963
s 1040
f 1175/1275/1967 1160/1260/1936 1161/1261/1938
f 1161/1261/1938 1176/1276/1968 1175/1275/1967
s 1027
f 1176/1276/1969 1161/1261/1940 1162/1262/1939
f 1162/1262/1939 1177/1277/1970 1176/1276/1969
s 1028
f 1178/1278/1971 1177/1277/1972 1162/1262/1941
f 1162/1262/1941 1163/1263/1942 1178/1278/1971
s 1029
f 1179/1279/1973 1178/1278/1974 1163/1263/1943
f 1163/1263/1943 1164/1264/1944 1179/1279/1973
s 1030
f 1165/1265/1945 1180/1280/1975 1179/1279/1976
f 1179/1279/1976 1164/1264/1946 1165/1265/1945
s 1031
f 1181/1281/1977 1180/1280/1978 1165/1265/1947
f 1165/1265/1947 1166/1266/1948 1181/1281/1977
s 1032
f 1182/1282/1979 1181/1281/1980 1166/1266/1949
f 1166/1266/1949 1167/1267/1950 1182/1282/1979
s 1033
f 1182/1282/1981 1167/1267/1951 1168/1268/1952
f 1168/1268/1952 1183/1283/1982 1182/1282/1981
s 1034
f 1184/1284/1983 1183/1283/1984 1168/1268/1953
f 1168/1268/1953 1169/1269/1954 1184/1284/1983
s 1035
f 1185/1285/1985 1184/1284/1986 1169/1269/1955
f 1169/1269/1955 1170/1270/1956 1185/1285/1985
s 1036
f 1185/1285/1987 1170/1270/1958 1171/1271/1957
f 1171/1271/1957 1186/1286/1988 1185/1285/1987
s 1037
f 1187/1287/1989 1186/1286/1990 1171/1271/1959
f 1171/1271/1959 1172/1272/1960 1187/1287/1989
s 1038
f 1188/1288/1991 1187/1287/1992 1172/1272/1961
f 1172/1272/1961 1173/1273/1962 1188/1288/1991
s 1041
f 1174/1274/1964 1189/1289/1993 1188/1288/1994
f 1188/1288/1994 1173/1273/1965 1174/1274/1964
s 1040
f 1190/1290/1995 1191/1291/1996 1175/1275/1967
f 1175/1275/1967 1176/1276/1968 1190/1290/1995
s 1027
f 1177/1277/1970 1192/1292/1997 1190/1290/1998
f 1190/1290/1998 1176/1276/1969 1177/1277/1970
s 1028
f 1193/1293/1999 1192/1292/2000 1177/1277/1972
f 1177/1277/1972 1178/1278/1971 1193/1293/1999
s 1029
f 1194/1294/2001 1193/1293/2002 1178/1278/1974
f 1178/1278/1974 1179/1279/1973 1194/1294/2001
s 1030
f 1179/1279/1976 1180/1280/1975 1195/1295/2003
f 1195/1295/2003 1194/1294/2004 1179/1279/1976
s 1031
f 1181/1281/1977 1196/1296/2005 1195/1295/2006
f 1195/1295/2006 1180/1280/1978 1181/1281/1977
s 1032
f 1182/1282/1979 1197/1297/2007 1196/1296/2008
f 1196/1296/2008 1181/1281/1980 1182/1282/1979
s 1033
f 1197/1297/2009 1182/1282/1981 1183/1283/1982
f 1183/1283/1982 1198/1298/2010 1197/1297/2009
s 1034
f 1184/1284/1983 1199/1299/2011 1198/1298/2012
f 1198/1298/2012 1183/1283/1984 1184/1284/1983
s 1035
f 1185/1285/1985 1200/1300/2013 1199/1299/2014
f 1199/1299/2014 1184/1284/1986 1185/1285/1985
s 1036
f 1186/1286/1988 1201/1301/2015 1200/1300/2016
f 1200/1300/2016 1185/1285/1987 1186/1286/1988
s 1037
f 1202/1302/2017 1201/1301/2018 1186/1286/1990
f 1186/1286/1990 1187/1287/1989 1202/1302/2017
s 1038
f 1203/1303/2019 1202/1302/2020 1187/1287/1992
f 1187/1287/1992 1188/1288/1991 1203/1303/2019
s 1041
f 1188/1288/1994 1189/1289/1993 1204/1304/2021
f 1204/1304/2021 1203/1303/2022 1188/1288/1994
s 1040
f 1190/1290/1995 1205/1305/2023 1206/1306/2024
f 1206/1306/2024 1191/1291/1996 1190/1290/1995
s 1027
f 1205/1305/2025 1190/1290/1998 1192/1292/1997
f 1192/1292/1997 1207/1307/2026 1205/1305/2025
s 1028
f 1193/1293/1999 1208/1308/2027 1207/1307/2028
f 1207/1307/2028 1192/1292/2000 1193/1293/1999
s 1029
f 1194/1294/2001 1209/1309/2029 1208/1308/2030
f 1208/1308/2030 1193/1293/2002 1194/1294/2001
s 1030
f 1195/1295/2003 1210/1310/2031 1209/1309/2032
f 1209/1309/2032 1194/1294/2004 1195/1295/2003
s 1031
f 1211/1311/2033 1210/1310/2034 1195/1295/2006
f 1195/1295/2006 1196/1296/2005 1211/1311/2033
s 1032
f 1212/1312/2035 1211/1311/2036 1196/1296/2008
f 1196/1296/2008 1197/1297/2007 1212/1312/2035
s 1033
f 1197/1297/2009 1198/1298/2010 1213/1313/2037
f 1213/1313/2037 1212/1312/2038 1197/1297/2009
s 1034
f 1199/1299/2011 1214/1314/2039 1213/1313/2040
f 1213/1313/2040 1198/1298/2012 1199/1299/2011
s 1035
f 1200/1300/2013 1215/1315/2041 1214/1314/2042
f 1214/1314/2042 1199/1299/2014 1200/1300/2013
s 1036
f 1215/1315/2043 1200/1300/2016 1201/1301/2015
f 1201/1301/2015 1216/1316/2044 1215/1315/2043
s 1037
f 1202/1302/2017 1217/1317/2045 1216/1316/2046
f 1216/1316/2046 1201/1301/2018 1202/1302/2017
s 1038
f 1203/1303/2019 1218/1318/2047 1217/1317/2048
f 1217/1317/2048 1202/1302/2020 1203/1303/2019
s 1041
f 1204/1304/2021 1219/1319/2049 1218/1318/2050
f 1218/1318/2050 1203/1303/2022 1204/1304/2021
s 1040
f 1220/1320/2051 1221/1321/2052 1206/1306/2024
f 1206/1306/2024 1205/1305/2023 1220/1320/2051
s 1027
f 1205/1305/2025 1207/1307/2026 1222/1322/2053
f 1222/1322/2053 1220/1320/2054 1205/1305/2025
s 1028
f 1208/1308/2027 1223/1323/2055 1222/1322/2056
f 1222/1322/2056 1207/1307/2028 1208/1308/2027
s 1029
f 1209/1309/2029 1224/1324/2057 1223/1323/2058
f 1223/1323/2058 1208/1308/2030 1209/1309/2029
s 1030
f 1224/1324/2059 1209/1309/2032 1210/1310/2031
f 1210/1310/2031 1225/1325/2060 1224/1324/2059
s 1031
f 1211/1311/2033 1226/1326/2061 1225/1325/2062
f 1225/1325/2062 1210/1310/2034 1211/1311/2033
s 1032
f 1212/1312/2035 1227/1327/2063 1226/1326/2064
f 1226/1326/2064 1211/1311/2036 1212/1312/2035
s 1033
f 1213/1313/2037 1228/1328/2065 1227/1327/2066
f 1227/1327/2066 1212/1312/2038 1213/1313/2037
s 1034
f 1229/1329/2067 1228/1328/2068 1213/1313/2040
f 1213/1313/2040 1214/1314/2039 1229/1329/2067
s 1035
f 1230/1330/2069 1229/1329/2070 1214/1314/2042
f 1214/1314/2042 1215/1315/2041 1230/1330/2069
s 1036
f 1215/1315/2043 1216/1316/2044 1231/1331/2071
f 1231/1331/2071 1230/1330/2072 1215/1315/2043
s 1037
f 1217/1317/2045 1232/1332/2073 1231/1331/2074
f 1231/1331/2074 1216/1316/2046 1217/1317/2045
s 1038
f 1218/1318/2047 1233/1333/2075 1232/1332/2076
f 1232/1332/2076 1217/1317/2048 1218/1318/2047
s 1041
f 1233/1333/2077 1218/1318/2050 1219/1319/2049
f 1219/1319/2049 1234/1334/2078 1233/1333/2077
s 1040
f 1220/1320/2051 1235/1335/2079 1236/1336/2080
f 1236/1336/2080 1221/1321/2052 1220/1320/2051
s 1027
f 1222/1322/2053 1237/1337/2081 1235/1335/2082
f 1235/1335/2082 1220/1320/2054 1222/1322/2053
s 1028
f 1238/1338/2083 1237/1337/2084 1222/1322/2056
f 1222/1322/2056 1223/1323/2055 1238/1338/2083
s 1029
f 1239/1339/2085 1238/1338/2086 1223/1323/2058
f 1223/1323/2058 1224/1324/2057 1239/1339/2085
s 1030
f 1224/1324/2059 1225/1325/2060 1240/1340/2087
f 1240/1340/2087 1239/1339/2088 1224/1324/2059
s 1031
f 1226/1326/2061 1241/1341/2089 1240/1340/2090
f 1240/1340/2090 1225/1325/2062 1226/1326/2061
s 1032
f 1227/1327/2063 1242/1342/2091 1241/1341/2092
f 1241/1341/2092 1226/1326/2064 1227/1327/2063
s 1033
f 1242/1342/2093 1227/1327/2066 1228/1328/2065
f 1228/1328/2065 1243/1343/2094 1242/1342/2093
s 1034
f 1229/1329/2067 1244/1344/2095 1243/1343/2096
f 1243/1343/2096 1228/1328/2068 1229/1329/2067
s 1035
f 1230/1330/2069 1245/1345/2097 1244/1344/2098
f 1244/1344/2098 1229/1329/2070 1230/1330/2069
s 1036
f 1231/1331/2071 1246/1346/2099 1245/1345/2100
f 1245/1345/2100 1230/1330/2072 1231/1331/2071
s 1037
f 1247/1347/2101 1246/1346/2102 1231/1331/2074
f 1231/1331/2074 1232/1332/2073 1247/1347/2101
s 1038
f 1248/1348/2103 1247/1347/2104 1232/1332/2076
f 1232/1332/2076 1233/1333/2075 1248/1348/2103
s 1041
f 1233/1333/2077 1234/1334/2078 1249/1349/2105
f 1249/1349/2105 1248/1348/2106 1233/1333/2077
s 1040
f 1235/1335/2079 1250/1350/2107 1251/1351/2108
f 1251/1351/2108 1236/1336/2080 1235/1335/2079
s 1027
f 1250/1350/2109 1235/1335/2082 1237/1337/2081
f 1237/1337/2081 1252/1352/2110 1250/1350/2109
s 1028
f 1238/1338/2083 1253/1353/2111 1252/1352/2112
f 1252/1352/2112 1237/1337/2084 1238/1338/2083
s 1029
f 1239/1339/2085 1254/1354/2113 1253/1353/2114
f 1253/1353/2114 1238/1338/2086 1239/1339/2085
s 1030
f 1240/1340/2087 1255/1355/2115 1254/1354/2116
f 1254/1354/2116 1239/1339/2088 1240/1340/2087
s 1031
f 1256/1356/2117 1255/1355/2118 1240/1340/2090
f 1240/1340/2090 1241/1341/2089 1256/1356/2117
s 1032
f 1257/1357/2119 1256/1356/2120 1241/1341/2092
f 1241/1341/2092 1242/1342/2091 1257/1357/2119
s 1033
f 1242/1342/2093 1243/1343/2094 1258/1358/2121
f 1258/1358/2121 1257/1357/2122 1242/1342/2093
s 1034
f 1244/1344/2095 1259/1359/2123 1258/1358/2124
f 1258/1358/2124 1243/1343/2096 1244/1344/2095
s 1035
f 1245/1345/2097 1260/1360/2125 1259/1359/2126
f 1259/1359/2126 1244/1344/2098 1245/1345/2097
s 1036
f 1260/1360/2127 1245/1345/2100 1246/1346/2099
f 1246/1346/2099 1261/1361/2128 1260/1360/2127
s 1037
f 1247/1347/2101 1262/1362/2129 1261/1361/2130
f 1261/1361/2130 1246/1346/2102 1247/1347/2101
s 1038
f 1248/1348/2103 1263/1363/2131 1262/1362/2132
f 1262/1362/2132 1247/1347/2104 1248/1348/2103
s 1041
f 1249/1349/2105 1264/1364/2133 1263/1363/2134
f 1263/1363/2134 1248/1348/2106 1249/1349/2105
s 1040
f 1265/1365/2135 1266/1366/2135 1251/1351/2108
f 1251/1351/2108 1250/1350/2107 1265/1365/2135
s 1027
f 1250/1350/2109 1252/1352/2110 1267/1367/2136
f 1267/1367/2136 1265/1365/2137 1250/1350/2109
s 1028
f 1253/1353/2111 1268/1368/2138 1267/1367/2139
f 1267/1367/2139 1252/1352/2112 1253/1353/2111
s 1029
f 1254/1354/2113 1269/1369/2140 1268/1368/2141
f 1268/1368/2141 1253/1353/2114 1254/1354/2113
s 1030
f 1269/1369/2142 1254/1354/2116 1255/1355/2115
f 1255/1355/2115 1270/1370/2143 1269/1369/2142
s 1031
f 1256/1356/2117 1271/1371/2144 1270/1370/2145
f 1270/1370/2145 1255/1355/2118 1256/1356/2117
s 1032
f 1257/1357/2119 1272/1372/2146 1271/1371/2147
f 1271/1371/2147 1256/1356/2120 1257/1357/2119
s 1033
f 1258/1358/2121 1273/1373/2148 1272/1372/2149
f 1272/1372/2149 1257/1357/2122 1258/1358/2121
s 1034
f 1274/1374/2150 1273/1373/2151 1258/1358/2124
f 1258/1358/2124 1259/1359/2123 1274/1374/2150
s 1035
f 1275/1375/2152 1274/1374/2153 1259/1359/2126
f 1259/1359/2126 1260/1360/2125 1275/1375/2152
s 1036
f 1260/1360/2127 1261/1361/2128 1276/1376/2154
f 1276/1376/2154 1275/1375/2155 1260/1360/2127
s 1037
f 1262/1362/2129 1277/1377/2156 1276/1376/2156
f 1276/1376/2156 1261/1361/2130 1262/1362/2129
s 1038
f 1263/1363/2131 1278/1378/2157 1277/1377/2158
f 1277/1377/2158 1262/1362/2132 1263/1363/2131
s 1041
f 1278/1378/2159 1263/1363/2134 1264/1364/2133
f 1264/1364/2133 1279/1379/2160 1278/1378/2159
s 1042
f 1265/1365/2161 1280/1380/2161 1281/1381/2161
f 1281/1381/2161 1266/1366/2161 1265/1365/2161
s 1027
f 1267/1367/2136 1282/1382/2162 1280/1380/2162
f 1280/1380/2162 1265/1365/2137 1267/1367/2136
s 1028
f 1283/1383/2163 1282/1382/2164 1267/1367/2139
f 1267/1367/2139 1268/1368/2138 1283/1383/2163
s 1029
f 1284/1384/2165 1283/1383/2165 1268/1368/2141
f 1268/1368/2141 1269/1369/2140 1284/1384/2165
s 1030
f 1269/1369/2142 1270/1370/2143 1285/1385/2166
f 1285/1385/2166 1284/1384/2167 1269/1369/2142
s 1031
f 1271/1371/2144 1286/1386/2168 1285/1385/2169
f 1285/1385/2169 1270/1370/2145 1271/1371/2144
s 1032
f 1272/1372/2146 1287/1387/2170 1286/1386/2170
f 1286/1386/2170 1271/1371/2147 1272/1372/2146
s 1033
f 1287/1387/2171 1272/1372/2149 1273/1373/2148
f 1273/1373/2148 1288/1388/2172 1287/1387/2171
s 1043
f 1274/1374/2173 1289/1389/2174 1288/1388/2175
f 1288/1388/2175 1273/1373/2176 1274/1374/2173
s 1035
f 1275/1375/2152 1290/1390/2177 1289/1389/2178
f 1289/1389/2178 1274/1374/2153 1275/1375/2152
s 1036
f 1276/1376/2154 1291/1391/2179 1290/1390/2179
f 1290/1390/2179 1275/1375/2155 1276/1376/2154
s 1044
f 1292/1392/2180 1291/1391/2181 1276/1376/2182
f 1276/1376/2182 1277/1377/2180 1292/1392/2180
s 1045
f 1293/1393/2183 1292/1392/2183 1277/1377/2184
f 1277/1377/2184 1278/1378/2183 1293/1393/2183
s 1046
f 1278/1378/2185 1279/1379/2185 1294/1394/2185
f 1294/1394/2185 1293/1393/2185 1278/1378/2185
s 1047
f 1280/1380/2186 1295/1395/2187 1296/1396/2187
f 1296/1396/2187 1281/1381/2187 1280/1380/2186
s 1048
f 1295/1395/2188 1280/1380/2188 1282/1382/2188
f 1282/1382/2188 1297/1397/2188 1295/1395/2188
s 1049
f 1283/1383/2189 1298/1398/2189 1297/1397/2189
f 1297/1397/2189 1282/1382/2189 1283/1383/2189
s 1050
f 1284/1384/2190 1299/1399/2191 1298/1398/2192
f 1298/1398/2192 1283/1383/2191 1284/1384/2190
s 1051
f 1285/1385/2193 1300/1400/2193 1299/1399/2194
f 1299/1399/2194 1284/1384/2194 1285/1385/2193
s 1052
f 1301/1401/2195 1300/1400/2196 1285/1385/2196
f 1285/1385/2196 1286/1386/2197 1301/1401/2195
s 1053
f 1302/1402/2198 1301/1401/2199 1286/1386/2200
f 1286/1386/2200 1287/1387/2198 1302/1402/2198
s 1054
f 1287/1387/2201 1288/1388/2202 1303/1403/2203
f 1303/1403/2203 1302/1402/2204 1287/1387/2201
s 1055
f 1289/1389/2205 1304/1404/2206 1303/1403/2207
f 1303/1403/2207 1288/1388/2208 1289/1389/2205
s 1056
f 1290/1390/2209 1305/1405/2210 1304/1404/2209
f 1304/1404/2209 1289/1389/2209 1290/1390/2209
s 1057
f 1305/1405/2211 1290/1390/2211 1291/1391/2212
f 1291/1391/2212 1306/1406/2211 1305/1405/2211
s 1058
f 1292/1392/2213 1307/1407/2214 1306/1406/2215
f 1306/1406/2215 1291/1391/2213 1292/1392/2213
s 1059
f 1293/1393/2216 1308/1408/2217 1307/1407/2217
f 1307/1407/2217 1292/1392/2217 1293/1393/2216
s 1060
f 1294/1394/2218 1309/1409/2218 1308/1408/2218
f 1308/1408/2218 1293/1393/2218 1294/1394/2218
s 1061
f 1310/1410/2219 1311/1411/2219 1296/1396/2219
f 1296/1396/2219 1295/1395/2219 1310/1410/2219
s 1062
f 1295/1395/2220 1297/1397/2220 1312/1412/2221
f 1312/1412/2221 1310/1410/2220 1295/1395/2220
s 1063
f 1298/1398/2222 1313/1413/2222 1312/1412/2222
f 1312/1412/2222 1297/1397/2222 1298/1398/2222
s 1064
f 1299/1399/2223 1314/1414/2224 1313/1413/2223
f 1313/1413/2223 1298/1398/2223 1299/1399/2223
s 1065
f 1314/1414/2225 1299/1399/2226 1300/1400/2227
f 1300/1400/2227 1315/1415/2226 1314/1414/2225
s 1066
f 1301/1401/2228 1316/1416/2229 1315/1415/2229
f 1315/1415/2229 1300/1400/2228 1301/1401/2228
s 1067
f 1302/1402/2230 1317/1417/2230 1316/1416/2231
f 1316/1416/2231 1301/1401/2232 1302/1402/2230
s 1068
f 1303/1403/2233 1318/1418/2234 1317/1417/2235
f 1317/1417/2235 1302/1402/2236 1303/1403/2233
s 1069
f 1319/1419/2237 1318/1418/2238 1303/1403/2239
f 1303/1403/2239 1304/1404/2240 1319/1419/2237
s 1070
f 1320/1420/2241 1319/1419/2242 1304/1404/2243
f 1304/1404/2243 1305/1405/2244 1320/1420/2241
s 1071
f 1305/1405/2245 1306/1406/2245 1321/1421/2246
f 1321/1421/2246 1320/1420/2245 1305/1405/2245
s 1072
f 1307/1407/2247 1322/1422/2248 1321/1421/2247
f 1321/1421/2247 1306/1406/2247 1307/1407/2247
s 1073
f 1308/1408/2249 1323/1423/2249 1322/1422/2249
f 1322/1422/2249 1307/1407/2249 1308/1408/2249
s 1074
f 1323/1423/2250 1308/1408/2250 1309/1409/2251
f 1309/1409/2251 1324/1424/2250 1323/1423/2250
s 1075
f 202/1425/2252 204/1154/2253 1099/1152/2252
f 1099/1152/2252 1101/1201/2252 202/1425/2252
s 1076
f 1098/1151/2254 1102/1202/2254 1101/1201/2255
f 1101/1201/2255 1099/1152/2254 1098/1151/2254
s 1077
f 1097/1150/2256 1105/1205/2257 1102/1202/2257
f 1102/1202/2257 1098/1151/2257 1097/1150/2256
s 1078
f 1105/1205/2258 1097/1150/2259 1096/1149/2258
f 1096/1149/2258 1106/1206/2260 1105/1205/2258
s 1079
f 1106/1206/2261 1096/1149/2262 1095/1148/2263
f 1095/1148/2263 1108/1208/2264 1106/1206/2261
s 1080
f 1110/1210/2265 1108/1208/2265 1095/1148/2265
f 1095/1148/2265 1094/1147/2265 1110/1210/2265
s 1081
f 1110/1210/2266 1094/1147/2267 1093/1146/2268
f 1093/1146/2268 1112/1212/2267 1110/1210/2266
s 1082
f 1112/1212/2269 1093/1146/2270 1092/1145/2271
f 1092/1145/2271 1114/1214/2270 1112/1212/2269
s 1083
f 1114/1214/2272 1092/1145/2273 1091/1144/2274
f 1091/1144/2274 1116/1216/2275 1114/1214/2272
s 1084
f 1090/1143/2276 1118/1218/2276 1116/1216/2276
f 1116/1216/2276 1091/1144/2276 1090/1143/2276
s 1085
f 1120/1220/2277 1118/1218/2278 1090/1143/2279
f 1090/1143/2279 1089/1142/2277 1120/1220/2277
s 1086
f 1123/1223/2280 1120/1220/2281 1089/1142/2282
f 1089/1142/2282 1088/1141/2280 1123/1223/2280
s 1087
f 1087/1140/2283 1124/1224/2283 1123/1223/2284
f 1123/1223/2284 1088/1141/2283 1087/1140/2283
s 1088
f 1086/1139/2285 1126/1226/2285 1124/1224/2286
f 1124/1224/2286 1087/1140/2286 1086/1139/2285
s 1089
f 1126/1226/2287 1086/1139/2287 1085/1137/2287
f 1085/1137/2287 1128/1228/2287 1126/1226/2287
s 1090
f 829/866/2288 1128/1228/2288 1085/1137/2288
f 1085/1137/2288 830/867/2288 829/866/2288
s 1091
f 1129/1229/2289 1128/1228/2289 829/866/2289
f 829/866/2289 839/876/2289 1129/1229/2289
s 1092
f 1144/1244/2290 1129/1229/2290 839/876/2290
f 839/876/2290 840/877/2290 1144/1244/2290
s 1093
f 1144/1244/2291 840/877/2291 841/878/2291
f 841/878/2291 1159/1259/2291 1144/1244/2291
s 1094
f 1174/1274/2292 1159/1259/2292 841/878/2292
f 841/878/2292 842/879/2292 1174/1274/2292
s 1095
f 1189/1289/2293 1174/1274/2294 842/879/2294
f 842/879/2294 843/880/2295 1189/1289/2293
f 1204/1304/2296 1189/1289/2293 843/880/2295
f 843/880/2295 844/881/2297 1204/1304/2296
f 1204/1304/2296 844/881/2297 845/882/2298
f 845/882/2298 1219/1319/2299 1204/1304/2296
f 1219/1319/2299 845/882/2298 859/905/2300
f 859/905/2300 1234/1334/2301 1219/1319/2299
f 858/904/2302 1249/1349/2303 1234/1334/2301
f 1234/1334/2301 859/905/2300 858/904/2302
f 1249/1349/2303 858/904/2302 857/903/2304
f 857/903/2304 1264/1364/2304 1249/1349/2303
s 1096
f 857/903/2305 856/902/2305 1279/1379/2305
f 1279/1379/2305 1264/1364/2305 857/903/2305
s 1097
f 1279/1379/2306 856/902/2306 855/901/2306
f 855/901/2306 1294/1394/2307 1279/1379/2306
s 1098
f 854/900/2308 1309/1409/2308 1294/1394/2308
f 1294/1394/2308 855/901/2308 854/900/2308
s 1099
f 853/898/2309 1324/1424/2310 1309/1409/2309
f 1309/1409/2309 854/900/2309 853/898/2309
s 1100
f 1324/1424/2311 853/898/2312 633/639/2312
f 633/639/2312 631/637/2311 1324/1424/2311
s 1101
f 1323/1423/2313 1324/1424/2313 631/637/2313
f 631/637/2313 630/636/2313 1323/1423/2313
s 1102
f 629/635/2314 1322/1422/2315 1323/1423/2316
f 1323/1423/2316 630/636/2317 629/635/2314
s 1103
f 628/634/2318 1321/1421/2318 1322/1422/2319
f 1322/1422/2319 629/635/2320 628/634/2318
s 1104
f 1321/1421/2321 628/634/2322 627/633/2323
f 627/633/2323 1320/1420/2324 1321/1421/2321
s 1105
f 626/632/2325 1319/1419/2326 1320/1420/2325
f 1320/1420/2325 627/633/2325 626/632/2325
s 1106
f 625/631/2327 1318/1418/2328 1319/1419/2329
f 1319/1419/2329 626/632/2330 625/631/2327
s 1107
f 1317/1417/2331 1318/1418/2332 625/631/2333
f 625/631/2333 624/630/2331 1317/1417/2331
s 1108
f 623/629/2334 1316/1416/2335 1317/1417/2336
f 1317/1417/2336 624/630/2336 623/629/2334
s 1109
f 622/628/2337 1315/1415/2338 1316/1416/2339
f 1316/1416/2339 623/629/2339 622/628/2337
s 1110
f 1315/1415/2340 622/628/2341 621/627/2342
f 621/627/2342 1314/1414/2343 1315/1415/2340
s 1111
f 1313/1413/2344 1314/1414/2344 621/627/2344
f 621/627/2344 620/626/2344 1313/1413/2344
s 1112
f 1312/1412/2345 1313/1413/2346 620/626/2347
f 620/626/2347 619/625/2347 1312/1412/2345
s 1113
f 618/624/2348 1310/1410/2349 1312/1412/2350
f 1312/1412/2350 619/625/2348 618/624/2348
s 1114
f 1311/1411/2351 1310/1410/2352 618/624/2352
f 618/624/2352 617/622/2352 1311/1411/2351
s 1115
f 159/1426/2353 1311/1411/2354 617/622/2353
f 617/622/2353 160/621/2353 159/1426/2353
s 1116
f 1311/1411/2355 159/1426/2355 169/1427/2355
f 169/1427/2355 1296/1396/2355 1311/1411/2355
s 1117
f 1296/1396/2356 169/1427/2357 170/1428/2357
f 170/1428/2357 1281/1381/2357 1296/1396/2356
s 1118
f 170/1428/2358 171/1429/2358 1266/1366/2358
f 1266/1366/2358 1281/1381/2358 170/1428/2358
s 1119
f 1266/1366/2359 171/1429/2359 172/1430/2360
f 172/1430/2360 1251/1351/2361 1266/1366/2359
f 1251/1351/2361 172/1430/2360 173/1431/2362
f 173/1431/2362 1236/1336/2363 1251/1351/2361
f 173/1431/2362 174/1432/2364 1221/1321/2365
f 1221/1321/2365 1236/1336/2363 173/1431/2362
f 174/1432/2364 175/1433/2366 1206/1306/2367
f 1206/1306/2367 1221/1321/2365 174/1432/2364
f 175/1433/2366 210/1434/2368 1191/1291/2369
f 1191/1291/2369 1206/1306/2367 175/1433/2366
f 1175/1275/2370 1191/1291/2369 210/1434/2368
f 210/1434/2368 209/1435/2371 1175/1275/2370
f 1175/1275/2370 209/1435/2371 208/1436/2372
f 208/1436/2372 1160/1260/2373 1175/1275/2370
f 1160/1260/2373 208/1436/2372 207/1437/2374
f 207/1437/2374 1145/1245/2375 1160/1260/2373
s 1120
f 1145/1245/2376 207/1437/2376 206/1438/2376
f 206/1438/2376 1130/1230/2376 1145/1245/2376
s 1121
f 1130/1230/2377 206/1438/2378 205/1439/2378
f 205/1439/2378 1100/1200/2378 1130/1230/2377
s 1122
f 1100/1200/2379 205/1439/2379 202/1425/2379
f 202/1425/2379 1101/1201/2379 1100/1200/2379
s 1123
f 1325/5/2380 1326/4/2380 1327/7/2380
f 1327/7/2380 1328/6/2380 1325/5/2380
s 1124
f 1327/7/2381 1329/9/2381 1330/8/2382
f 1330/8/2382 1328/6/2381 1327/7/2381
s 1125
f 1331/10/2383 1330/8/2384 1329/9/2384
f 1329/9/2384 1332/11/2384 1331/10/2383
s 1126
f 1331/10/2385 1332/11/2385 1333/13/2385
f 1333/13/2385 1334/12/2385 1331/10/2385
s 1127
f 1335/15/2386 1336/14/2386 1334/12/2386
f 1334/12/2386 1333/13/2386 1335/15/2386
s 1128
f 1337/16/2387 1336/14/2387 1335/15/2387
f 1335/15/2387 1338/17/2387 1337/16/2387
s 1129
f 1337/16/2388 1338/17/2388 1339/19/2388
f 1339/19/2388 1340/18/2388 1337/16/2388
s 1130
f 1327/7/2389 1326/4/2390 1341/20/2391
f 1341/20/2391 1342/21/2390 1327/7/2389
s 1131
f 1327/7/2392 1342/21/2392 1343/22/2392
f 1343/22/2392 1329/9/2392 1327/7/2392
s 1132
f 1343/22/2393 1344/23/2393 1332/11/2393
f 1332/11/2393 1329/9/2393 1343/22/2393
s 1133
f 1345/24/2394 1333/13/2395 1332/11/2394
f 1332/11/2394 1344/23/2394 1345/24/2394
s 1134
f 1346/25/2396 1335/15/2396 1333/13/2396
f 1333/13/2396 1345/24/2396 1346/25/2396
s 1135
f 1347/26/2397 1338/17/2397 1335/15/2397
f 1335/15/2397 1346/25/2398 1347/26/2397
s 1136
f 1338/17/2399 1347/26/2399 1348/27/2399
f 1348/27/2399 1339/19/2399 1338/17/2399
s 1137
f 1349/28/2400 1342/21/2401 1341/20/2402
f 1341/20/2402 1350/29/2401 1349/28/2400
s 1138
f 1351/30/2403 1343/22/2403 1342/21/2404
f 1342/21/2404 1349/28/2403 1351/30/2403
s 1139
f 1344/23/2405 1343/22/2406 1351/30/2407
s 1140
f 1345/24/2408 1344/23/2409 1352/31/2410
s 1141
f 1350/29/2411 1354/36/2411 1355/37/2412
f 1355/37/2412 1349/28/2411 1350/29/2411
s 1142
f 1356/38/2413 1351/30/2414 1349/28/2413
f 1349/28/2413 1355/37/2414 1356/38/2413
s 1143
f 1355/37/2415 1354/36/2416 1357/39/2417
s 1144
f 1359/44/2418 1360/43/2418 1361/46/2419
f 1361/46/2419 1362/45/2418 1359/44/2418
s 1145
f 1363/48/2420 1364/47/2420 1359/44/2420
f 1359/44/2420 1362/45/2420 1363/48/2420
s 1146
f 1364/47/2421 1363/48/2421 1365/49/2421
f 1365/49/2421 1366/50/2421 1364/47/2421
s 1147
f 1367/51/2422 1362/45/2422 1361/46/2422
f 1361/46/2422 1368/52/2422 1367/51/2422
s 1148
f 1362/45/2423 1367/51/2424 1369/53/2425
f 1369/53/2425 1363/48/2424 1362/45/2423
s 1149
f 1369/53/2426 1370/54/2426 1365/49/2426
f 1365/49/2426 1363/48/2426 1369/53/2426
s 1150
f 1373/57/2427 1367/51/2427 1368/52/2427
f 1368/52/2427 1374/58/2427 1373/57/2427
s 1151
f 1369/53/2428 1367/51/2428 1373/57/2428
f 1373/57/2428 1375/59/2428 1369/53/2428
s 1152
f 1369/53/2429 1375/59/2430 1376/60/2431
f 1376/60/2431 1370/54/2430 1369/53/2429
s 1153
f 1374/58/2432 1378/63/2432 1379/62/2432
f 1379/62/2432 1373/57/2432 1374/58/2432
s 1154
f 1379/62/2433 1380/64/2433 1375/59/2433
f 1375/59/2433 1373/57/2433 1379/62/2433
s 1155
f 1375/59/2434 1380/64/2434 1381/65/2434
f 1381/65/2434 1376/60/2434 1375/59/2434
s 1156
f 1383/67/2435 1379/62/2435 1378/63/2435
f 1378/63/2435 1384/68/2435 1383/67/2435
s 1157
f 1383/67/2436 1385/69/2436 1380/64/2436
f 1380/64/2436 1379/62/2436 1383/67/2436
s 1158
f 1386/70/2437 1381/65/2437 1380/64/2437
f 1380/64/2437 1385/69/2437 1386/70/2437
s 1159
f 1388/73/2438 1389/72/2438 1383/67/2438
f 1383/67/2438 1384/68/2438 1388/73/2438
s 1160
f 1385/69/2439 1383/67/2439 1389/72/2439
f 1389/72/2439 1390/74/2439 1385/69/2439
s 1161
f 1385/69/2440 1390/74/2440 1391/75/2440
f 1391/75/2440 1386/70/2440 1385/69/2440
s 1162
f 1392/79/2441 1393/78/2441 1394/77/2442
f 1394/77/2442 1395/80/2441 1392/79/2441
s 1163
f 1392/79/2443 1395/80/2443 1396/82/2443
f 1396/82/2443 1397/81/2443 1392/79/2443
s 1164
f 1398/84/2444 1399/83/2444 1397/81/2444
f 1397/81/2444 1396/82/2444 1398/84/2444
s 1165
f 1400/85/2445 1399/83/2445 1398/84/2445
f 1398/84/2445 1401/86/2445 1400/85/2445
s 1166
f 1400/85/2446 1401/86/2446 1402/88/2446
f 1402/88/2446 1403/87/2446 1400/85/2446
s 1167
f 1402/88/2447 1404/90/2447 1405/89/2447
f 1405/89/2447 1403/87/2448 1402/88/2447
s 1168
f 1405/89/2449 1404/90/2449 1406/92/2449
f 1406/92/2449 1407/91/2449 1405/89/2449
s 1169
f 1408/93/2450 1395/80/2450 1394/77/2450
f 1394/77/2450 1409/94/2450 1408/93/2450
s 1170
f 1410/95/2451 1396/82/2452 1395/80/2452
f 1395/80/2452 1408/93/2453 1410/95/2451
s 1171
f 1411/96/2454 1398/84/2454 1396/82/2454
f 1396/82/2454 1410/95/2454 1411/96/2454
s 1172
f 1412/97/2455 1401/86/2455 1398/84/2455
f 1398/84/2455 1411/96/2455 1412/97/2455
s 1173
f 1413/98/2456 1402/88/2456 1401/86/2456
f 1401/86/2456 1412/97/2456 1413/98/2456
s 1174
f 1413/98/2457 1414/99/2458 1404/90/2457
f 1404/90/2457 1402/88/2457 1413/98/2457
s 1175
f 1414/99/2459 1415/100/2459 1406/92/2459
f 1406/92/2459 1404/90/2459 1414/99/2459
s 1176
f 1409/94/2460 1416/101/2460 1417/102/2460
f 1417/102/2460 1408/93/2460 1409/94/2460
s 1177
f 1418/103/2461 1410/95/2461 1408/93/2462
f 1408/93/2462 1417/102/2461 1418/103/2461
s 1178
f 1411/96/2463 1410/95/2463 1418/103/2463
f 1418/103/2463 1419/104/2463 1411/96/2463
s 1179
f 1411/96/2464 1419/104/2464 1420/105/2464
f 1420/105/2464 1412/97/2464 1411/96/2464
s 1180
f 1421/106/2465 1413/98/2465 1412/97/2465
f 1412/97/2465 1420/105/2465 1421/106/2465
s 1181
f 1414/99/2466 1413/98/2466 1421/106/2466
f 1421/106/2466 1422/107/2466 1414/99/2466
s 1182
f 1414/99/2467 1422/107/2467 1423/108/2467
f 1423/108/2467 1415/100/2467 1414/99/2467
s 1183
f 1417/102/2468 1416/101/2468 1424/109/2468
f 1424/109/2468 1425/110/2468 1417/102/2468
s 1184
f 1417/102/2469 1425/110/2469 1426/111/2469
f 1426/111/2469 1418/103/2469 1417/102/2469
s 1185
f 1427/1/2470 1419/104/2471 1418/103/2471
f 1418/103/2471 1426/111/2472 1427/1/2470
s 1186
f 1430/118/2473 1431/117/2473 1432/120/2474
f 1432/120/2474 1433/119/2473 1430/118/2473
s 1187
f 1434/122/2475 1435/121/2476 1433/119/2476
f 1433/119/2476 1432/120/2476 1434/122/2475
s 1188
f 1436/123/2477 1435/121/2478 1434/122/2477
f 1434/122/2477 1437/124/2477 1436/123/2477
s 1189
f 1436/123/2479 1437/124/2479 1438/126/2480
f 1438/126/2480 1439/125/2479 1436/123/2479
s 1190
f 1440/128/2481 1441/127/2481 1439/125/2481
f 1439/125/2481 1438/126/2481 1440/128/2481
s 1191
f 1442/129/2482 1441/127/2483 1440/128/2484
s 1192
f 1432/120/2485 1431/117/2485 1444/133/2485
f 1444/133/2485 1445/134/2485 1432/120/2485
s 1193
f 1432/120/2486 1445/134/2486 1446/135/2486
f 1446/135/2486 1434/122/2486 1432/120/2486
s 1194
f 1447/136/2487 1437/124/2487 1434/122/2487
f 1434/122/2487 1446/135/2487 1447/136/2487
s 1195
f 1438/126/2488 1437/124/2489 1447/136/2490
f 1447/136/2490 1448/137/2489 1438/126/2488
s 1196
f 1449/138/2491 1440/128/2492 1438/126/2493
s 1197
f 1450/140/2494 1451/139/2494 1445/134/2494
f 1445/134/2494 1444/133/2494 1450/140/2494
s 1198
f 1446/135/2495 1445/134/2495 1451/139/2495
f 1451/139/2495 1452/141/2495 1446/135/2495
s 1199
f 1446/135/2496 1452/141/2496 1453/142/2496
f 1453/142/2496 1447/136/2496 1446/135/2496
s 1200
f 1454/143/2497 1448/137/2498 1447/136/2498
f 1447/136/2498 1453/142/2498 1454/143/2497
s 1201
f 1450/140/2499 1455/145/2499 1456/144/2499
f 1456/144/2499 1451/139/2499 1450/140/2499
s 1202
f 1456/144/2500 1457/146/2500 1452/141/2500
f 1452/141/2500 1451/139/2500 1456/144/2500
s 1203
f 1453/142/2501 1452/141/2502 1457/146/2502
f 1457/146/2502 1458/147/2502 1453/142/2501
s 1204
f 1456/144/2503 1455/145/2503 1459/149/2504
f 1459/149/2504 1460/148/2504 1456/144/2503
s 1205
f 1456/144/2505 1460/148/2505 1461/150/2505
f 1461/150/2505 1457/146/2505 1456/144/2505
s 1206
f 1461/150/2506 1462/151/2506 1458/147/2507
f 1458/147/2507 1457/146/2506 1461/150/2506
s 1207
f 1463/154/2508 1460/148/2508 1459/149/2509
f 1459/149/2509 1464/153/2509 1463/154/2508
s 1208
f 1461/150/2510 1460/148/2510 1463/154/2510
f 1463/154/2510 1465/155/2510 1461/150/2510
s 1209
f 1461/150/2511 1465/155/2511 1466/156/2511
f 1466/156/2511 1462/151/2511 1461/150/2511
s 1210
f 1388/73/2512 1340/18/2512 1339/19/2512
f 1339/19/2512 1389/72/2512 1388/73/2512
s 1211
f 1348/27/2513 1390/74/2513 1389/72/2513
f 1389/72/2513 1339/19/2513 1348/27/2513
s 1212
f 1390/74/2514 1348/27/2515 1353/35/2516
s 1213
f 1406/92/2517 1463/154/2517 1464/153/2518
f 1464/153/2518 1407/91/2517 1406/92/2517
s 1214
f 1415/100/2519 1465/155/2519 1463/154/2520
f 1463/154/2520 1406/92/2520 1415/100/2519
s 1215
f 1415/100/2521 1423/108/2521 1466/156/2521
f 1466/156/2521 1465/155/2521 1415/100/2521
s 1216
f 1325/5/2522 1467/160/2522 1468/159/2523
f 1468/159/2523 1469/158/2522 1325/5/2522
s 1217
f 1328/6/2524 1470/161/2524 1467/160/2524
f 1467/160/2524 1325/5/2524 1328/6/2524
s 1218
f 1471/162/2525 1470/161/2526 1328/6/2526
f 1328/6/2526 1330/8/2526 1471/162/2525
s 1219
f 1471/162/2527 1330/8/2527 1331/10/2527
f 1331/10/2527 1472/163/2527 1471/162/2527
s 1220
f 1334/12/2528 1473/164/2528 1472/163/2528
f 1472/163/2528 1331/10/2528 1334/12/2528
s 1221
f 1474/165/2529 1473/164/2530 1334/12/2530
f 1334/12/2530 1336/14/2530 1474/165/2529
s 1222
f 1474/165/2531 1336/14/2531 1337/16/2531
f 1337/16/2531 1475/166/2531 1474/165/2531
s 1223
f 1340/18/2532 1476/167/2532 1475/166/2532
f 1475/166/2532 1337/16/2532 1340/18/2532
s 1224
f 1325/5/2533 1469/158/2534 1477/168/2534
f 1477/168/2534 1326/4/2534 1325/5/2533
s 1225
f 1341/20/2535 1326/4/2535 1477/168/2536
f 1477/168/2536 1478/169/2535 1341/20/2535
s 1226
f 1478/169/2537 1479/170/2537 1350/29/2537
f 1350/29/2537 1341/20/2537 1478/169/2537
s 1227
f 1479/170/2538 1480/171/2538 1354/36/2538
f 1354/36/2538 1350/29/2538 1479/170/2538
s 1228
f 1357/39/2539 1354/36/2540 1480/171/2540
f 1480/171/2540 1481/172/2541 1357/39/2539
f 1481/172/2541 1482/173/2542 1358/42/2543
f 1358/42/2543 1357/39/2539 1481/172/2541
f 1483/174/2544 1443/131/2545 1358/42/2543
f 1358/42/2543 1482/173/2542 1483/174/2544
s 1229
f 1484/175/2546 1485/177/2547 1360/43/2547
f 1360/43/2547 1486/176/2547 1484/175/2546
s 1230
f 1487/178/2548 1486/176/2548 1360/43/2548
f 1360/43/2548 1359/44/2548 1487/178/2548
s 1231
f 1488/179/2549 1487/178/2549 1359/44/2549
f 1359/44/2549 1364/47/2549 1488/179/2549
s 1232
f 1366/50/2550 1489/180/2550 1488/179/2550
f 1488/179/2550 1364/47/2550 1366/50/2550
s 1233
f 1361/46/2551 1360/43/2551 1485/177/2551
f 1485/177/2551 1490/181/2551 1361/46/2551
s 1234
f 1361/46/2552 1490/181/2552 1491/182/2552
f 1491/182/2552 1368/52/2552 1361/46/2552
s 1235
f 1368/52/2553 1491/182/2554 1492/183/2554
f 1492/183/2554 1374/58/2554 1368/52/2553
s 1236
f 1492/183/2555 1493/184/2555 1378/63/2555
f 1378/63/2555 1374/58/2555 1492/183/2555
s 1237
f 1378/63/2556 1493/184/2556 1494/185/2556
f 1494/185/2556 1384/68/2556 1378/63/2556
s 1238
f 1495/186/2557 1388/73/2557 1384/68/2557
f 1384/68/2557 1494/185/2557 1495/186/2557
s 1239
f 1340/18/2558 1388/73/2559 1495/186/2559
f 1495/186/2559 1476/167/2559 1340/18/2558
s 1240
f 1496/189/2560 1497/188/2560 1393/78/2561
f 1393/78/2561 1498/187/2560 1496/189/2560
s 1241
f 1499/190/2562 1498/187/2562 1393/78/2562
f 1393/78/2562 1392/79/2562 1499/190/2562
s 1242
f 1500/191/2563 1499/190/2563 1392/79/2564
f 1392/79/2564 1397/81/2563 1500/191/2563
s 1243
f 1501/192/2565 1500/191/2565 1397/81/2565
f 1397/81/2565 1399/83/2565 1501/192/2565
s 1244
f 1502/193/2566 1501/192/2566 1399/83/2566
f 1399/83/2566 1400/85/2566 1502/193/2566
s 1245
f 1400/85/2567 1403/87/2567 1503/194/2567
f 1503/194/2567 1502/193/2567 1400/85/2567
s 1246
f 1504/195/2568 1503/194/2568 1403/87/2568
f 1403/87/2568 1405/89/2568 1504/195/2568
s 1247
f 1505/196/2569 1504/195/2570 1405/89/2570
f 1405/89/2570 1407/91/2570 1505/196/2569
s 1248
f 1497/188/2571 1506/197/2571 1394/77/2571
f 1394/77/2571 1393/78/2571 1497/188/2571
s 1249
f 1394/77/2572 1506/197/2572 1507/198/2572
f 1507/198/2572 1409/94/2572 1394/77/2572
s 1250
f 1507/198/2573 1508/199/2573 1416/101/2573
f 1416/101/2573 1409/94/2573 1507/198/2573
s 1251
f 1424/109/2574 1416/101/2575 1508/199/2574
f 1508/199/2574 1509/200/2574 1424/109/2574
s 1252
f 1510/202/2576 1430/118/2577 1511/201/2576
f 1511/201/2576 1512/203/2577 1510/202/2576
s 1253
f 1433/119/2578 1513/204/2578 1511/201/2578
f 1511/201/2578 1430/118/2578 1433/119/2578
s 1254
f 1513/204/2579 1433/119/2580 1435/121/2581
f 1435/121/2581 1514/205/2579 1513/204/2579
s 1255
f 1436/123/2582 1515/206/2582 1514/205/2582
f 1514/205/2582 1435/121/2582 1436/123/2582
s 1256
f 1439/125/2583 1516/207/2583 1515/206/2583
f 1515/206/2583 1436/123/2583 1439/125/2583
s 1228
f 1441/127/2584 1517/208/2585 1516/207/2586
f 1516/207/2586 1439/125/2587 1441/127/2584
f 1442/129/2588 1518/209/2589 1517/208/2585
f 1517/208/2585 1441/127/2584 1442/129/2588
f 1443/131/2545 1483/174/2544 1518/209/2589
f 1518/209/2589 1442/129/2588 1443/131/2545
s 1257
f 1510/202/2590 1519/210/2590 1431/117/2590
f 1431/117/2590 1430/118/2590 1510/202/2590
s 1258
f 1519/210/2591 1520/211/2591 1444/133/2591
f 1444/133/2591 1431/117/2591 1519/210/2591
s 1259
f 1444/133/2592 1520/211/2592 1521/212/2592
f 1521/212/2592 1450/140/2592 1444/133/2592
s 1260
f 1521/212/2593 1522/213/2593 1455/145/2593
f 1455/145/2593 1450/140/2594 1521/212/2593
s 1261
f 1522/213/2595 1523/214/2595 1459/149/2595
f 1459/149/2595 1455/145/2595 1522/213/2595
s 1262
f 1459/149/2596 1523/214/2596 1524/215/2596
f 1524/215/2596 1464/153/2596 1459/149/2596
s 1263
f 1505/196/2597 1407/91/2598 1464/153/2597
f 1464/153/2597 1524/215/2598 1505/196/2597
s 1264
f 1525/217/2599 1526/216/2599 1527/219/2599
f 1527/219/2599 1528/218/2599 1525/217/2599
s 1265
f 1529/220/2600 1528/218/2600 1527/219/2600
f 1527/219/2600 1530/221/2600 1529/220/2600
s 1266
f 1531/222/2601 1529/220/2601 1530/221/2602
f 1530/221/2602 1532/223/2603 1531/222/2601
s 1267
f 1527/219/2604 1526/216/2604 1533/225/2604
f 1533/225/2604 1534/224/2604 1527/219/2604
s 1268
f 1535/226/2605 1530/221/2605 1527/219/2605
f 1527/219/2605 1534/224/2605 1535/226/2605
s 1266
f 1530/221/2602 1535/226/2606 1536/227/2606
f 1536/227/2606 1532/223/2603 1530/221/2602
s 1269
f 1537/228/2607 1534/224/2607 1533/225/2607
f 1533/225/2607 1538/229/2607 1537/228/2607
s 1270
f 1534/224/2608 1537/228/2608 1539/230/2608
f 1539/230/2608 1535/226/2608 1534/224/2608
s 1271
f 1536/227/2609 1535/226/2609 1539/230/2610
f 1539/230/2610 1540/231/2611 1536/227/2609
s 1272
f 1538/229/2612 1541/232/2612 1542/233/2613
f 1542/233/2613 1537/228/2614 1538/229/2612
s 1273
f 1539/230/2615 1537/228/2616 1542/233/2617
f 1542/233/2617 1543/234/2616 1539/230/2615
s 1271
f 1544/235/2618 1540/231/2611 1539/230/2610
f 1539/230/2610 1543/234/2618 1544/235/2618
s 1274
f 1542/233/2619 1541/232/2620 1545/237/2619
f 1545/237/2619 1546/236/2621 1542/233/2619
s 1275
f 1547/238/2622 1543/234/2622 1542/233/2622
f 1542/233/2622 1546/236/2623 1547/238/2622
s 1276
f 1543/234/2624 1547/238/2625 1548/239/2626
f 1548/239/2626 1544/235/2624 1543/234/2624
s 1277
f 1546/236/2627 1545/237/2628 1549/241/2629
f 1549/241/2629 1550/240/2630 1546/236/2627
s 1278
f 1546/236/2631 1550/240/2632 1551/242/2632
f 1551/242/2632 1547/238/2633 1546/236/2631
s 1276
f 1548/239/2626 1547/238/2625 1551/242/2634
f 1551/242/2634 1552/243/2635 1548/239/2626
s 1279
f 1549/241/2636 1553/244/2636 1554/245/2637
f 1554/245/2637 1550/240/2636 1549/241/2636
s 1280
f 1551/242/2638 1550/240/2638 1554/245/2638
f 1554/245/2638 1555/246/2639 1551/242/2638
s 1281
f 1556/247/2640 1552/243/2641 1551/242/2641
f 1551/242/2641 1555/246/2642 1556/247/2640
s 1282
f 1554/245/2643 1553/244/2643 1557/249/2643
f 1557/249/2643 1558/248/2643 1554/245/2643
s 1283
f 1558/248/2644 1559/250/2644 1555/246/2644
f 1555/246/2644 1554/245/2644 1558/248/2644
s 1281
f 1555/246/2642 1559/250/2645 1560/251/2645
f 1560/251/2645 1556/247/2640 1555/246/2642
s 1284
f 1561/252/2646 1558/248/2646 1557/249/2646
f 1557/249/2646 1562/253/2646 1561/252/2646
s 1285
f 1558/248/2647 1561/252/2647 1563/254/2647
f 1563/254/2647 1559/250/2647 1558/248/2647
s 1286
f 1560/251/2648 1559/250/2648 1563/254/2649
f 1563/254/2649 1564/255/2648 1560/251/2648
s 1287
f 1562/253/2650 1565/256/2651 1566/257/2652
f 1566/257/2652 1561/252/2651 1562/253/2650
s 1288
f 1563/254/2653 1561/252/2653 1566/257/2654
f 1566/257/2654 1567/258/2653 1563/254/2653
s 1289
f 1564/255/2655 1563/254/2655 1567/258/2655
f 1567/258/2655 1568/259/2655 1564/255/2655
s 1290
f 1566/257/2656 1565/256/2656 1569/261/2656
f 1569/261/2656 1570/260/2656 1566/257/2656
s 1291
f 1571/262/2657 1567/258/2657 1566/257/2657
f 1566/257/2657 1570/260/2657 1571/262/2657
s 1292
f 1567/258/2658 1571/262/2659 1572/263/2660
f 1572/263/2660 1568/259/2661 1567/258/2658
s 1293
f 1573/264/2662 1570/260/2662 1569/261/2662
f 1569/261/2662 1574/265/2662 1573/264/2662
s 1294
f 1570/260/2663 1573/264/2663 1575/266/2663
f 1575/266/2663 1571/262/2663 1570/260/2663
s 1295
f 1572/263/2664 1571/262/2664 1575/266/2664
f 1575/266/2664 1576/267/2664 1572/263/2664
s 1296
f 1574/265/2665 1577/268/2665 1578/269/2665
f 1578/269/2665 1573/264/2665 1574/265/2665
s 1297
f 1575/266/2666 1573/264/2667 1578/269/2667
f 1578/269/2667 1579/270/2667 1575/266/2666
s 1298
f 1580/271/2668 1576/267/2668 1575/266/2669
f 1575/266/2669 1579/270/2668 1580/271/2668
s 1299
f 1578/269/2670 1577/268/2670 1581/273/2670
f 1581/273/2670 1582/272/2670 1578/269/2670
s 1300
f 1583/274/2671 1579/270/2671 1578/269/2671
f 1578/269/2671 1582/272/2671 1583/274/2671
s 1301
f 1579/270/2672 1583/274/2672 1584/275/2673
f 1584/275/2673 1580/271/2674 1579/270/2672
s 1302
f 1585/277/2675 1586/276/2675 1525/217/2675
f 1525/217/2675 1587/278/2675 1585/277/2675
s 1303
f 1528/218/2676 1588/279/2676 1587/278/2676
f 1587/278/2676 1525/217/2676 1528/218/2676
s 1304
f 1588/279/2677 1528/218/2677 1529/220/2677
f 1529/220/2677 1589/280/2677 1588/279/2677
s 1305
f 1590/281/2678 1589/280/2678 1529/220/2678
f 1529/220/2678 1531/222/2678 1590/281/2678
s 1306
f 1489/282/2679 1584/275/2679 1583/274/2679
f 1583/274/2679 1488/283/2679 1489/282/2679
s 1307
f 1582/272/2680 1487/284/2680 1488/283/2680
f 1488/283/2680 1583/274/2680 1582/272/2680
s 1308
f 1582/272/2681 1581/273/2681 1486/285/2681
f 1486/285/2681 1487/284/2681 1582/272/2681
s 1309
f 1591/287/2682 1484/286/2682 1486/285/2682
f 1486/285/2682 1581/273/2682 1591/287/2682
s 1310
f 1577/268/2683 1592/288/2684 1591/287/2684
f 1591/287/2684 1581/273/2684 1577/268/2683
s 1311
f 1593/289/2685 1592/288/2685 1577/268/2685
f 1577/268/2685 1574/265/2685 1593/289/2685
s 1312
f 1574/265/2686 1569/261/2686 1594/290/2686
f 1594/290/2686 1593/289/2686 1574/265/2686
s 1313
f 1569/261/2687 1565/256/2687 1595/291/2687
f 1595/291/2687 1594/290/2688 1569/261/2687
s 1314
f 1596/292/2689 1595/291/2689 1565/256/2690
f 1565/256/2690 1562/253/2689 1596/292/2689
s 1315
f 1557/249/2691 1597/293/2692 1596/292/2693
f 1596/292/2693 1562/253/2694 1557/249/2691
s 1316
f 1553/244/2695 1598/294/2696 1597/293/2695
f 1597/293/2695 1557/249/2697 1553/244/2695
s 1317
f 1553/244/2698 1549/241/2699 1599/295/2700
f 1599/295/2700 1598/294/2698 1553/244/2698
s 1318
f 1599/295/2701 1549/241/2702 1545/237/2703
f 1545/237/2703 1600/296/2704 1599/295/2701
s 1319
f 1541/232/2705 1601/297/2706 1600/296/2707
f 1600/296/2707 1545/237/2708 1541/232/2705
s 1320
f 1602/298/2709 1601/297/2710 1541/232/2711
f 1541/232/2711 1538/229/2712 1602/298/2709
s 1321
f 1538/229/2713 1533/225/2714 1603/299/2715
f 1603/299/2715 1602/298/2716 1538/229/2713
s 1322
f 1533/225/2717 1526/216/2717 1604/300/2717
f 1604/300/2717 1603/299/2718 1533/225/2717
s 1323
f 1586/276/2719 1604/300/2719 1526/216/2719
f 1526/216/2719 1525/217/2719 1586/276/2719
s 1324
f 1605/302/2720 1606/301/2720 1607/304/2720
f 1607/304/2720 1608/303/2720 1605/302/2720
s 1325
f 1609/306/2721 1610/305/2721 1608/303/2721
f 1608/303/2721 1607/304/2721 1609/306/2721
s 1326
f 1611/308/2722 1612/307/2722 1610/305/2722
f 1610/305/2722 1609/306/2722 1611/308/2722
s 1327
f 1612/307/2723 1611/308/2723 1613/310/2723
f 1613/310/2723 1614/309/2723 1612/307/2723
s 1328
f 1607/304/2724 1606/301/2724 1615/312/2724
f 1615/312/2724 1616/311/2724 1607/304/2724
s 1329
f 1617/313/2725 1609/306/2725 1607/304/2725
f 1607/304/2725 1616/311/2725 1617/313/2725
s 1330
f 1618/314/2726 1611/308/2726 1609/306/2726
f 1609/306/2726 1617/313/2726 1618/314/2726
s 1331
f 1613/310/2727 1611/308/2727 1618/314/2727
f 1618/314/2727 1619/315/2727 1613/310/2727
s 1332
f 1620/316/2728 1616/311/2728 1615/312/2728
f 1615/312/2728 1621/317/2728 1620/316/2728
s 1333
f 1622/318/2729 1617/313/2729 1616/311/2729
f 1616/311/2729 1620/316/2729 1622/318/2729
s 1334
f 1617/313/2730 1622/318/2730 1623/319/2731
f 1623/319/2731 1618/314/2732 1617/313/2730
f 1623/319/2731 1624/320/2733 1619/315/2734
f 1619/315/2734 1618/314/2732 1623/319/2731
s 1335
f 1621/317/2735 1625/322/2735 1626/321/2735
f 1626/321/2735 1620/316/2735 1621/317/2735
s 1336
f 1627/323/2736 1622/318/2736 1620/316/2736
f 1620/316/2736 1626/321/2736 1627/323/2736
s 1337
f 1623/319/2737 1622/318/2738 1627/323/2738
f 1627/323/2738 1628/324/2739 1623/319/2737
f 1623/319/2737 1628/324/2739 1629/325/2740
f 1629/325/2740 1624/320/2741 1623/319/2737
s 1338
f 1630/326/2742 1626/321/2742 1625/322/2742
f 1625/322/2742 1631/327/2742 1630/326/2742
s 1339
f 1626/321/2743 1630/326/2743 1632/328/2743
f 1632/328/2743 1627/323/2743 1626/321/2743
s 1340
f 1632/328/2744 1633/329/2744 1628/324/2744
f 1628/324/2744 1627/323/2744 1632/328/2744
s 1341
f 1629/325/2745 1628/324/2746 1633/329/2747
f 1633/329/2747 1634/330/2746 1629/325/2745
s 1342
f 1635/331/2748 1630/326/2749 1631/327/2749
f 1631/327/2749 1636/332/2748 1635/331/2748
s 1343
f 1632/328/2750 1630/326/2750 1635/331/2750
f 1635/331/2750 1637/333/2750 1632/328/2750
s 1344
f 1632/328/2751 1637/333/2752 1638/334/2752
f 1638/334/2752 1633/329/2752 1632/328/2751
s 1345
f 1639/335/2753 1634/330/2754 1633/329/2754
f 1633/329/2754 1638/334/2755 1639/335/2753
s 1346
f 1636/332/2756 1640/337/2756 1641/336/2757
f 1641/336/2757 1635/331/2757 1636/332/2756
s 1347
f 1641/336/2758 1642/338/2758 1637/333/2758
f 1637/333/2758 1635/331/2758 1641/336/2758
s 1348
f 1638/334/2759 1637/333/2759 1642/338/2759
f 1642/338/2759 1643/339/2759 1638/334/2759
s 1349
f 1638/334/2760 1643/339/2761 1644/340/2762
f 1644/340/2762 1639/335/2761 1638/334/2760
s 1350
f 1641/336/2763 1640/337/2764 1645/342/2764
f 1645/342/2764 1646/341/2764 1641/336/2763
s 1351
f 1641/336/2765 1646/341/2766 1647/343/2765
f 1647/343/2765 1642/338/2767 1641/336/2765
s 1352
f 1648/344/2768 1643/339/2769 1642/338/2770
f 1642/338/2770 1647/343/2768 1648/344/2768
s 1353
f 1649/345/2771 1644/340/2772 1643/339/2772
f 1643/339/2772 1648/344/2772 1649/345/2771
s 1354
f 1650/347/2773 1651/346/2774 1646/341/2773
f 1646/341/2773 1645/342/2773 1650/347/2773
s 1355
f 1647/343/2775 1646/341/2776 1651/346/2777
f 1651/346/2777 1652/348/2778 1647/343/2775
s 1356
f 1653/349/2779 1648/344/2780 1647/343/2780
f 1647/343/2780 1652/348/2779 1653/349/2779
s 1357
f 1654/350/2781 1649/345/2782 1648/344/2783
f 1648/344/2783 1653/349/2781 1654/350/2781
s 1358
f 1650/347/2784 1655/352/2785 1656/351/2786
f 1656/351/2786 1651/346/2787 1650/347/2784
s 1359
f 1657/353/2788 1652/348/2789 1651/346/2789
f 1651/346/2789 1656/351/2789 1657/353/2788
s 1360
f 1658/354/2790 1653/349/2790 1652/348/2790
f 1652/348/2790 1657/353/2790 1658/354/2790
s 1361
f 1653/349/2791 1658/354/2791 1659/355/2792
f 1659/355/2792 1654/350/2793 1653/349/2791
s 1362
f 1656/351/2794 1655/352/2795 1660/357/2795
f 1660/357/2795 1661/356/2795 1656/351/2794
s 1363
f 1656/351/2796 1661/356/2796 1662/358/2796
f 1662/358/2796 1657/353/2796 1656/351/2796
s 1364
f 1663/359/2797 1658/354/2797 1657/353/2797
f 1657/353/2797 1662/358/2797 1663/359/2797
s 1365
f 1659/355/2798 1658/354/2799 1663/359/2799
f 1663/359/2799 1664/360/2799 1659/355/2798
s 1366
f 1665/361/2800 1661/356/2801 1660/357/2802
f 1660/357/2802 1666/362/2801 1665/361/2800
s 1367
f 1667/363/2803 1662/358/2804 1661/356/2804
f 1661/356/2804 1665/361/2804 1667/363/2803
s 1368
f 1662/358/2805 1667/363/2805 1668/364/2805
f 1668/364/2805 1663/359/2805 1662/358/2805
s 1369
f 1668/364/2806 1669/365/2807 1664/360/2808
f 1664/360/2808 1663/359/2808 1668/364/2806
s 1370
f 1670/366/2809 1665/361/2809 1666/362/2809
f 1666/362/2809 1671/367/2809 1670/366/2809
s 1371
f 1672/368/2810 1667/363/2810 1665/361/2810
f 1665/361/2810 1670/366/2810 1672/368/2810
s 1372
f 1668/364/2811 1667/363/2811 1672/368/2811
f 1672/368/2811 1673/369/2811 1668/364/2811
s 1369
f 1668/364/2806 1673/369/2812 1674/370/2812
f 1674/370/2812 1669/365/2807 1668/364/2806
s 1373
f 1675/371/2813 1670/366/2813 1671/367/2814
f 1671/367/2814 1676/372/2813 1675/371/2813
s 1374
f 1670/366/2815 1675/371/2815 1677/373/2815
f 1677/373/2815 1672/368/2815 1670/366/2815
s 1375
f 1677/373/2816 1678/374/2816 1673/369/2816
f 1673/369/2816 1672/368/2816 1677/373/2816
s 1376
f 1674/370/2817 1673/369/2817 1678/374/2818
f 1678/374/2818 1679/375/2818 1674/370/2817
s 1377
f 1605/302/2819 1497/188/2819 1496/189/2819
f 1496/189/2819 1680/376/2819 1605/302/2819
s 1378
f 1497/188/2820 1605/302/2820 1608/303/2820
f 1608/303/2820 1506/197/2820 1497/188/2820
s 1379
f 1507/198/2821 1506/197/2821 1608/303/2821
f 1608/303/2821 1610/305/2821 1507/198/2821
s 1380
f 1508/199/2822 1507/198/2822 1610/305/2822
f 1610/305/2822 1612/307/2822 1508/199/2822
s 1381
f 1509/200/2823 1508/199/2823 1612/307/2823
f 1612/307/2823 1614/309/2823 1509/200/2823
s 1382
f 1678/374/2824 1677/373/2824 1681/378/2825
f 1681/378/2825 1682/377/2824 1678/374/2824
s 1383
f 1681/378/2826 1677/373/2826 1675/371/2826
f 1675/371/2826 1683/379/2826 1681/378/2826
s 1384
f 1675/371/2827 1676/372/2827 1684/380/2827
f 1684/380/2827 1683/379/2827 1675/371/2827
s 1385
f 1685/382/2828 1686/381/2828 1684/380/2828
f 1684/380/2828 1676/372/2828 1685/382/2828
s 1386
f 1671/367/2829 1687/383/2829 1685/382/2829
f 1685/382/2829 1676/372/2829 1671/367/2829
s 1387
f 1688/384/2830 1687/383/2830 1671/367/2831
f 1671/367/2831 1666/362/2830 1688/384/2830
s 1388
f 1660/357/2832 1689/385/2833 1688/384/2832
f 1688/384/2832 1666/362/2834 1660/357/2832
s 1389
f 1690/386/2835 1689/385/2836 1660/357/2837
f 1660/357/2837 1655/352/2838 1690/386/2835
s 1390
f 1690/386/2839 1655/352/2840 1650/347/2839
f 1650/347/2839 1691/387/2841 1690/386/2839
s 1391
f 1692/388/2842 1691/387/2843 1650/347/2844
f 1650/347/2844 1645/342/2845 1692/388/2842
s 1392
f 1645/342/2846 1640/337/2847 1693/389/2847
f 1693/389/2847 1692/388/2847 1645/342/2846
s 1393
f 1640/337/2848 1636/332/2848 1694/390/2848
f 1694/390/2848 1693/389/2849 1640/337/2848
s 1394
f 1695/391/2850 1694/390/2851 1636/332/2852
f 1636/332/2852 1631/327/2850 1695/391/2850
s 1395
f 1625/322/2853 1696/392/2854 1695/391/2855
f 1695/391/2855 1631/327/2856 1625/322/2853
s 1396
f 1697/393/2857 1696/392/2857 1625/322/2857
f 1625/322/2857 1621/317/2857 1697/393/2857
s 1397
f 1615/312/2858 1698/394/2858 1697/393/2858
f 1697/393/2858 1621/317/2858 1615/312/2858
s 1398
f 1699/395/2859 1698/394/2859 1615/312/2859
f 1615/312/2859 1606/301/2859 1699/395/2859
s 1399
f 1680/376/2860 1699/395/2861 1606/301/2860
f 1606/301/2860 1605/302/2860 1680/376/2860
s 1400
f 1700/398/2862 1701/397/2862 1702/396/2862
f 1702/396/2862 1703/399/2862 1700/398/2862
s 1401
f 1704/401/2863 1705/400/2864 1702/396/2864
f 1702/396/2864 1701/397/2864 1704/401/2863
s 1402
f 1706/403/2865 1707/402/2865 1705/400/2865
f 1705/400/2865 1704/401/2865 1706/403/2865
s 1403
f 1708/404/2866 1707/402/2867 1706/403/2867
f 1706/403/2867 1709/405/2868 1708/404/2866
s 1404
f 1710/407/2869 1711/406/2870 1708/404/2871
f 1708/404/2871 1709/405/2870 1710/407/2869
s 1405
f 1712/409/2872 1713/408/2873 1711/406/2872
f 1711/406/2872 1710/407/2874 1712/409/2872
s 1406
f 1713/408/2875 1712/409/2876 1714/411/2877
f 1714/411/2877 1715/410/2878 1713/408/2875
s 1407
f 1716/412/2879 1715/410/2880 1714/411/2881
f 1714/411/2881 1717/413/2880 1716/412/2879
s 1408
f 1718/414/2882 1716/412/2883 1717/413/2884
f 1717/413/2884 1719/415/2885 1718/414/2882
s 1409
f 1720/417/2886 1721/416/2886 1718/414/2886
f 1718/414/2886 1719/415/2886 1720/417/2886
s 1410
f 1722/418/2887 1721/416/2887 1720/417/2887
f 1720/417/2887 1723/419/2887 1722/418/2887
s 1411
f 1724/420/2888 1722/418/2888 1723/419/2888
f 1723/419/2888 1725/421/2888 1724/420/2888
s 1412
f 1726/423/2889 1727/422/2890 1724/420/2891
f 1724/420/2891 1725/421/2891 1726/423/2889
s 1413
f 1728/424/2892 1727/422/2892 1726/423/2892
f 1726/423/2892 1729/425/2892 1728/424/2892
s 1414
f 1700/398/2893 1730/427/2893 1731/426/2894
f 1731/426/2894 1701/397/2893 1700/398/2893
s 1415
f 1704/401/2895 1701/397/2895 1731/426/2895
f 1731/426/2895 1732/428/2895 1704/401/2895
s 1416
f 1706/403/2896 1704/401/2896 1732/428/2896
f 1732/428/2896 1733/429/2896 1706/403/2896
s 1417
f 1733/429/2897 1734/430/2897 1709/405/2897
f 1709/405/2897 1706/403/2897 1733/429/2897
s 1418
f 1735/431/2898 1710/407/2898 1709/405/2899
f 1709/405/2899 1734/430/2899 1735/431/2898
s 1419
f 1736/432/2900 1712/409/2901 1710/407/2902
f 1710/407/2902 1735/431/2902 1736/432/2900
s 1420
f 1714/411/2903 1712/409/2904 1736/432/2905
f 1736/432/2905 1737/433/2906 1714/411/2903
s 1421
f 1738/434/2907 1717/413/2908 1714/411/2909
f 1714/411/2909 1737/433/2908 1738/434/2907
s 1422
f 1739/435/2910 1719/415/2910 1717/413/2910
f 1717/413/2910 1738/434/2910 1739/435/2910
s 1423
f 1719/415/2911 1739/435/2911 1740/436/2911
f 1740/436/2911 1720/417/2911 1719/415/2911
s 1424
f 1723/419/2912 1720/417/2912 1740/436/2912
f 1740/436/2912 1741/437/2912 1723/419/2912
s 1425
f 1725/421/2913 1723/419/2913 1741/437/2913
f 1741/437/2913 1742/438/2913 1725/421/2913
s 1426
f 1743/439/2914 1726/423/2914 1725/421/2914
f 1725/421/2914 1742/438/2914 1743/439/2914
s 1427
f 1729/425/2915 1726/423/2916 1743/439/2916
f 1743/439/2916 1744/440/2915 1729/425/2915
s 1428
f 1745/441/2917 1731/426/2917 1730/427/2917
f 1730/427/2917 1746/442/2917 1745/441/2917
s 1429
f 1732/428/2918 1731/426/2918 1745/441/2918
f 1745/441/2918 1747/443/2918 1732/428/2918
s 1430
f 1733/429/2919 1732/428/2919 1747/443/2919
f 1747/443/2919 1748/444/2919 1733/429/2919
s 1431
f 1733/429/2920 1748/444/2920 1749/445/2920
f 1749/445/2920 1734/430/2920 1733/429/2920
s 1432
f 1735/431/2921 1734/430/2922 1749/445/2923
f 1749/445/2923 1750/446/2921 1735/431/2921
s 1433
f 1736/432/2924 1735/431/2925 1750/446/2926
f 1750/446/2926 1751/447/2927 1736/432/2924
s 1434
f 1751/447/2928 1752/448/2929 1737/433/2930
f 1737/433/2930 1736/432/2928 1751/447/2928
s 1435
f 1753/449/2931 1738/434/2932 1737/433/2931
f 1737/433/2931 1752/448/2931 1753/449/2931
s 1436
f 1754/450/2933 1739/435/2933 1738/434/2933
f 1738/434/2933 1753/449/2933 1754/450/2933
s 1437
f 1740/436/2934 1739/435/2934 1754/450/2934
f 1754/450/2934 1755/451/2934 1740/436/2934
s 1438
f 1756/452/2935 1741/437/2935 1740/436/2935
f 1740/436/2935 1755/451/2935 1756/452/2935
s 1439
f 1757/453/2936 1742/438/2936 1741/437/2936
f 1741/437/2936 1756/452/2936 1757/453/2936
s 1440
f 1742/438/2937 1757/453/2937 1758/454/2937
f 1758/454/2937 1743/439/2937 1742/438/2937
s 1441
f 1744/440/2938 1743/439/2938 1758/454/2938
f 1758/454/2938 1759/455/2938 1744/440/2938
s 1442
f 1760/456/2939 1745/441/2939 1746/442/2939
f 1746/442/2939 1761/457/2939 1760/456/2939
s 1443
f 1747/443/2940 1745/441/2940 1760/456/2940
f 1760/456/2940 1762/458/2940 1747/443/2940
s 1444
f 1748/444/2941 1747/443/2941 1762/458/2941
f 1762/458/2941 1763/459/2941 1748/444/2941
s 1445
f 1764/460/2942 1749/445/2942 1748/444/2942
f 1748/444/2942 1763/459/2943 1764/460/2942
s 1446
f 1750/446/2944 1749/445/2944 1764/460/2944
f 1764/460/2944 1765/461/2944 1750/446/2944
s 1447
f 1751/447/2945 1750/446/2945 1765/461/2946
f 1765/461/2946 1766/462/2947 1751/447/2945
s 1448
f 1751/447/2948 1766/462/2948 1767/463/2949
f 1767/463/2949 1752/448/2948 1751/447/2948
s 1449
f 1753/449/2950 1752/448/2951 1767/463/2952
f 1767/463/2952 1768/464/2953 1753/449/2950
s 1450
f 1754/450/2954 1753/449/2955 1768/464/2955
f 1768/464/2955 1769/465/2956 1754/450/2954
s 1451
f 1769/465/2957 1770/466/2958 1755/451/2958
f 1755/451/2958 1754/450/2957 1769/465/2957
s 1452
f 1771/467/2959 1756/452/2959 1755/451/2959
f 1755/451/2959 1770/466/2959 1771/467/2959
s 1453
f 1772/468/2960 1757/453/2961 1756/452/2962
f 1756/452/2962 1771/467/2962 1772/468/2960
s 1454
f 1758/454/2963 1757/453/2963 1772/468/2963
f 1772/468/2963 1773/469/2963 1758/454/2963
s 1455
f 1774/470/2964 1759/455/2964 1758/454/2964
f 1758/454/2964 1773/469/2964 1774/470/2964
s 1456
f 1761/457/2965 1775/472/2965 1776/471/2965
f 1776/471/2965 1760/456/2965 1761/457/2965
s 1457
f 1762/458/2966 1760/456/2966 1776/471/2966
f 1776/471/2966 1777/473/2966 1762/458/2966
s 1458
f 1763/459/2967 1762/458/2967 1777/473/2967
f 1777/473/2967 1778/474/2967 1763/459/2967
s 1459
f 1779/475/2968 1764/460/2968 1763/459/2968
f 1763/459/2968 1778/474/2968 1779/475/2968
s 1460
f 1765/461/2969 1764/460/2969 1779/475/2969
f 1779/475/2969 1780/476/2969 1765/461/2969
s 1461
f 1766/462/2970 1765/461/2970 1780/476/2971
f 1780/476/2971 1781/477/2970 1766/462/2970
s 1462
f 1782/478/2972 1767/463/2973 1766/462/2974
f 1766/462/2974 1781/477/2975 1782/478/2972
s 1463
f 1768/464/2976 1767/463/2977 1782/478/2978
f 1782/478/2978 1783/479/2979 1768/464/2976
s 1464
f 1769/465/2980 1768/464/2981 1783/479/2980
f 1783/479/2980 1784/480/2982 1769/465/2980
s 1465
f 1769/465/2983 1784/480/2983 1785/481/2983
f 1785/481/2983 1770/466/2983 1769/465/2983
s 1466
f 1771/467/2984 1770/466/2984 1785/481/2984
f 1785/481/2984 1786/482/2984 1771/467/2984
s 1467
f 1772/468/2985 1771/467/2985 1786/482/2985
f 1786/482/2985 1787/483/2985 1772/468/2985
s 1468
f 1787/483/2986 1788/484/2986 1773/469/2986
f 1773/469/2986 1772/468/2986 1787/483/2986
s 1469
f 1789/485/2987 1774/470/2987 1773/469/2987
f 1773/469/2987 1788/484/2987 1789/485/2987
s 1470
f 1776/471/2988 1775/472/2988 1790/487/2988
f 1790/487/2988 1791/486/2988 1776/471/2988
s 1471
f 1792/488/2989 1777/473/2990 1776/471/2990
f 1776/471/2990 1791/486/2991 1792/488/2989
s 1472
f 1793/489/2992 1778/474/2992 1777/473/2992
f 1777/473/2992 1792/488/2992 1793/489/2992
s 1473
f 1778/474/2993 1793/489/2993 1794/490/2993
f 1794/490/2993 1779/475/2994 1778/474/2993
s 1474
f 1780/476/2995 1779/475/2996 1794/490/2995
f 1794/490/2995 1795/491/2997 1780/476/2995
s 1475
f 1781/477/2998 1780/476/2998 1795/491/2998
f 1795/491/2998 1796/492/2999 1781/477/2998
s 1476
f 1782/478/3000 1781/477/3001 1796/492/3002
f 1796/492/3002 1797/493/3003 1782/478/3000
s 1477
f 1783/479/3004 1782/478/3004 1797/493/3004
f 1797/493/3004 1798/494/3004 1783/479/3004
s 1478
f 1784/480/3005 1783/479/3005 1798/494/3005
f 1798/494/3005 1799/495/3005 1784/480/3005
s 1479
f 1785/481/3006 1784/480/3006 1799/495/3006
f 1799/495/3006 1800/496/3006 1785/481/3006
s 1480
f 1786/482/3007 1785/481/3008 1800/496/3009
f 1800/496/3009 1801/497/3010 1786/482/3007
s 1481
f 1787/483/3011 1786/482/3011 1801/497/3011
f 1801/497/3011 1802/498/3011 1787/483/3011
s 1482
f 1787/483/3012 1802/498/3012 1803/499/3012
f 1803/499/3012 1788/484/3012 1787/483/3012
s 1483
f 1804/500/3013 1789/485/3013 1788/484/3014
f 1788/484/3014 1803/499/3013 1804/500/3013
s 1484
f 1805/501/3015 1791/486/3015 1790/487/3016
f 1790/487/3016 1806/502/3016 1805/501/3015
s 1485
f 1792/488/3017 1791/486/3018 1805/501/3019
f 1805/501/3019 1807/503/3020 1792/488/3017
s 1486
f 1793/489/3021 1792/488/3022 1807/503/3023
f 1807/503/3023 1808/504/3024 1793/489/3021
s 1487
f 1794/490/3025 1793/489/3026 1808/504/3027
f 1808/504/3027 1809/505/3025 1794/490/3025
s 1488
f 1795/491/3028 1794/490/3029 1809/505/3030
f 1809/505/3030 1810/506/3029 1795/491/3028
s 1489
f 1796/492/3031 1795/491/3031 1810/506/3031
f 1810/506/3031 1811/507/3031 1796/492/3031
s 1490
f 1812/508/3032 1797/493/3033 1796/492/3033
f 1796/492/3033 1811/507/3032 1812/508/3032
s 1491
f 1798/494/3034 1797/493/3035 1812/508/3036
f 1812/508/3036 1813/509/3037 1798/494/3034
s 1492
f 1799/495/3038 1798/494/3038 1813/509/3039
f 1813/509/3039 1814/510/3038 1799/495/3038
s 1493
f 1815/511/3040 1800/496/3041 1799/495/3042
f 1799/495/3042 1814/510/3043 1815/511/3040
s 1494
f 1816/512/3044 1801/497/3044 1800/496/3045
f 1800/496/3045 1815/511/3046 1816/512/3044
s 1495
f 1817/513/3047 1802/498/3047 1801/497/3048
f 1801/497/3048 1816/512/3048 1817/513/3047
s 1496
f 1818/514/3049 1803/499/3049 1802/498/3049
f 1802/498/3049 1817/513/3049 1818/514/3049
s 1497
f 1803/499/3050 1818/514/3050 1819/515/3050
f 1819/515/3050 1804/500/3050 1803/499/3050
s 1498
f 1806/502/3051 1820/517/3051 1821/516/3051
f 1821/516/3051 1805/501/3051 1806/502/3051
s 1499
f 1807/503/3052 1805/501/3053 1821/516/3052
f 1821/516/3052 1822/518/3052 1807/503/3052
s 1500
f 1808/504/3054 1807/503/3054 1822/518/3054
f 1822/518/3054 1823/519/3054 1808/504/3054
s 1501
f 1809/505/3055 1808/504/3055 1823/519/3056
f 1823/519/3056 1824/520/3055 1809/505/3055
s 1502
f 1810/506/3057 1809/505/3057 1824/520/3057
f 1824/520/3057 1825/521/3057 1810/506/3057
s 1503
f 1811/507/3058 1810/506/3059 1825/521/3060
f 1825/521/3060 1826/522/3060 1811/507/3058
s 1504
f 1812/508/3061 1811/507/3061 1826/522/3062
f 1826/522/3062 1827/523/3061 1812/508/3061
s 1505
f 1813/509/3063 1812/508/3063 1827/523/3064
f 1827/523/3064 1828/524/3063 1813/509/3063
s 1506
f 1814/510/3065 1813/509/3066 1828/524/3067
f 1828/524/3067 1829/525/3068 1814/510/3065
s 1507
f 1814/510/3069 1829/525/3070 1830/526/3070
f 1830/526/3070 1815/511/3071 1814/510/3069
s 1508
f 1831/527/3072 1816/512/3072 1815/511/3073
f 1815/511/3073 1830/526/3073 1831/527/3072
s 1509
f 1832/528/3074 1817/513/3075 1816/512/3076
f 1816/512/3076 1831/527/3077 1832/528/3074
s 1510
f 1833/529/3078 1818/514/3078 1817/513/3079
f 1817/513/3079 1832/528/3078 1833/529/3078
s 1511
f 1819/515/3080 1818/514/3081 1833/529/3081
f 1833/529/3081 1834/530/3082 1819/515/3080
s 1512
f 1821/516/3083 1820/517/3083 1835/532/3084
f 1835/532/3084 1836/531/3083 1821/516/3083
s 1513
f 1822/518/3085 1821/516/3085 1836/531/3085
f 1836/531/3085 1837/533/3085 1822/518/3085
s 1514
f 1823/519/3086 1822/518/3087 1837/533/3086
f 1837/533/3086 1838/534/3086 1823/519/3086
s 1515
f 1839/535/3088 1824/520/3089 1823/519/3089
f 1823/519/3089 1838/534/3090 1839/535/3088
s 1516
f 1825/521/3091 1824/520/3091 1839/535/3092
f 1839/535/3092 1840/536/3091 1825/521/3091
s 1517
f 1826/522/3093 1825/521/3093 1840/536/3093
f 1840/536/3093 1841/537/3093 1826/522/3093
s 1518
f 1842/538/3094 1827/523/3095 1826/522/3095
f 1826/522/3095 1841/537/3095 1842/538/3094
s 1519
f 1843/539/3096 1828/524/3096 1827/523/3097
f 1827/523/3097 1842/538/3097 1843/539/3096
s 1520
f 1844/540/3098 1829/525/3098 1828/524/3099
f 1828/524/3099 1843/539/3098 1844/540/3098
s 1521
f 1845/541/3100 1830/526/3100 1829/525/3101
f 1829/525/3101 1844/540/3102 1845/541/3100
s 1522
f 1830/526/3103 1845/541/3103 1846/542/3103
f 1846/542/3103 1831/527/3103 1830/526/3103
s 1523
f 1831/527/3104 1846/542/3104 1847/543/3104
f 1847/543/3104 1832/528/3104 1831/527/3104
s 1524
f 1832/528/3105 1847/543/3105 1848/544/3105
f 1848/544/3105 1833/529/3105 1832/528/3105
s 1525
f 1834/530/3106 1833/529/3106 1848/544/3107
f 1848/544/3107 1849/545/3107 1834/530/3106
s 1526
f 1836/531/3108 1835/532/3108 1850/546/3108
f 1850/546/3108 1851/547/3108 1836/531/3108
s 1527
f 1837/533/3109 1836/531/3109 1851/547/3109
f 1851/547/3109 1852/548/3109 1837/533/3109
s 1528
f 1838/534/3110 1837/533/3110 1852/548/3110
f 1852/548/3110 1853/549/3110 1838/534/3110
s 1529
f 1839/535/3111 1838/534/3111 1853/549/3111
f 1853/549/3111 1854/550/3111 1839/535/3111
s 1530
f 1840/536/3112 1839/535/3112 1854/550/3112
f 1854/550/3112 1855/551/3112 1840/536/3112
s 1531
f 1841/537/3113 1840/536/3113 1855/551/3114
f 1855/551/3114 1856/552/3115 1841/537/3113
s 1532
f 1841/537/3116 1856/552/3117 1857/553/3117
f 1857/553/3117 1842/538/3116 1841/537/3116
s 1533
f 1858/554/3118 1843/539/3119 1842/538/3120
f 1842/538/3120 1857/553/3118 1858/554/3118
s 1534
f 1859/555/3121 1844/540/3121 1843/539/3121
f 1843/539/3121 1858/554/3122 1859/555/3121
s 1535
f 1860/556/3123 1845/541/3124 1844/540/3123
f 1844/540/3123 1859/555/3123 1860/556/3123
s 1536
f 1846/542/3125 1845/541/3125 1860/556/3125
f 1860/556/3125 1861/557/3125 1846/542/3125
s 1537
f 1847/543/3126 1846/542/3126 1861/557/3126
f 1861/557/3126 1862/558/3126 1847/543/3126
s 1538
f 1848/544/3127 1847/543/3127 1862/558/3128
f 1862/558/3128 1863/559/3128 1848/544/3127
s 1539
f 1849/545/3129 1848/544/3129 1863/559/3129
f 1863/559/3129 1864/560/3129 1849/545/3129
s 1540
f 1865/562/3130 1851/547/3130 1850/546/3131
f 1850/546/3131 1866/561/3131 1865/562/3130
s 1541
f 1852/548/3132 1851/547/3132 1865/562/3132
f 1865/562/3132 1867/563/3132 1852/548/3132
s 1542
f 1853/549/3133 1852/548/3133 1867/563/3133
f 1867/563/3133 1868/564/3133 1853/549/3133
s 1543
f 1869/565/3134 1854/550/3134 1853/549/3134
f 1853/549/3134 1868/564/3134 1869/565/3134
s 1544
f 1870/566/3135 1855/551/3135 1854/550/3135
f 1854/550/3135 1869/565/3135 1870/566/3135
s 1545
f 1871/567/3136 1856/552/3136 1855/551/3137
f 1855/551/3137 1870/566/3136 1871/567/3136
s 1546
f 1872/568/3138 1857/553/3139 1856/552/3139
f 1856/552/3139 1871/567/3140 1872/568/3138
s 1547
f 1857/553/3141 1872/568/3142 1873/569/3141
f 1873/569/3141 1858/554/3143 1857/553/3141
s 1548
f 1858/554/3144 1873/569/3145 1874/570/3146
f 1874/570/3146 1859/555/3147 1858/554/3144
s 1549
f 1859/555/3148 1874/570/3148 1875/571/3148
f 1875/571/3148 1860/556/3148 1859/555/3148
s 1550
f 1861/557/3149 1860/556/3149 1875/571/3149
f 1875/571/3149 1876/572/3149 1861/557/3149
s 1551
f 1862/558/3150 1861/557/3150 1876/572/3150
f 1876/572/3150 1877/573/3150 1862/558/3150
s 1552
f 1863/559/3151 1862/558/3151 1877/573/3151
f 1877/573/3151 1878/574/3151 1863/559/3151
s 1553
f 1864/560/3152 1863/559/3152 1878/574/3152
f 1878/574/3152 1879/575/3152 1864/560/3152
s 1554
f 1865/562/3153 1866/561/3153 1880/576/3153
f 1880/576/3153 1881/577/3153 1865/562/3153
s 1555
f 1867/563/3154 1865/562/3154 1881/577/3154
f 1881/577/3154 1882/578/3154 1867/563/3154
s 1556
f 1868/564/3155 1867/563/3155 1882/578/3155
f 1882/578/3155 1883/579/3155 1868/564/3155
s 1557
f 1868/564/3156 1883/579/3156 1884/580/3156
f 1884/580/3156 1869/565/3156 1868/564/3156
s 1558
f 1885/581/3157 1870/566/3157 1869/565/3157
f 1869/565/3157 1884/580/3157 1885/581/3157
s 1559
f 1886/582/3158 1871/567/3158 1870/566/3158
f 1870/566/3158 1885/581/3159 1886/582/3158
s 1560
f 1887/583/3160 1872/568/3161 1871/567/3160
f 1871/567/3160 1886/582/3160 1887/583/3160
s 1561
f 1873/569/3162 1872/568/3163 1887/583/3164
f 1887/583/3164 1888/584/3165 1873/569/3162
s 1562
f 1874/570/3166 1873/569/3167 1888/584/3167
f 1888/584/3167 1889/585/3167 1874/570/3166
s 1563
f 1875/571/3168 1874/570/3168 1889/585/3168
f 1889/585/3168 1890/586/3168 1875/571/3168
s 1564
f 1876/572/3169 1875/571/3169 1890/586/3169
f 1890/586/3169 1891/587/3169 1876/572/3169
s 1565
f 1877/573/3170 1876/572/3170 1891/587/3170
f 1891/587/3170 1892/588/3170 1877/573/3170
s 1566
f 1893/589/3171 1878/574/3171 1877/573/3171
f 1877/573/3171 1892/588/3171 1893/589/3171
s 1567
f 1879/575/3172 1878/574/3172 1893/589/3172
f 1893/589/3172 1894/590/3172 1879/575/3172
s 1568
f 1895/592/3173 1881/577/3173 1880/576/3173
f 1880/576/3173 1896/591/3173 1895/592/3173
s 1569
f 1897/593/3174 1882/578/3174 1881/577/3174
f 1881/577/3174 1895/592/3174 1897/593/3174
s 1570
f 1898/594/3175 1883/579/3175 1882/578/3175
f 1882/578/3175 1897/593/3175 1898/594/3175
s 1571
f 1899/595/3176 1884/580/3176 1883/579/3176
f 1883/579/3176 1898/594/3176 1899/595/3176
s 1572
f 1884/580/3177 1899/595/3178 1900/596/3178
f 1900/596/3178 1885/581/3178 1884/580/3177
s 1573
f 1885/581/3179 1900/596/3179 1901/597/3179
f 1901/597/3179 1886/582/3180 1885/581/3179
s 1574
f 1886/582/3181 1901/597/3182 1902/598/3181
f 1902/598/3181 1887/583/3183 1886/582/3181
s 1575
f 1888/584/3184 1887/583/3185 1902/598/3186
f 1902/598/3186 1903/599/3187 1888/584/3184
s 1576
f 1889/585/3188 1888/584/3189 1903/599/3190
f 1903/599/3190 1904/600/3189 1889/585/3188
s 1577
f 1890/586/3191 1889/585/3191 1904/600/3191
f 1904/600/3191 1905/601/3191 1890/586/3191
s 1578
f 1891/587/3192 1890/586/3192 1905/601/3192
f 1905/601/3192 1906/602/3192 1891/587/3192
s 1579
f 1892/588/3193 1891/587/3193 1906/602/3193
f 1906/602/3193 1907/603/3193 1892/588/3193
s 1580
f 1893/589/3194 1892/588/3194 1907/603/3194
f 1907/603/3194 1908/604/3194 1893/589/3194
s 1581
f 1894/590/3195 1893/589/3196 1908/604/3195
f 1908/604/3195 1909/605/3195 1894/590/3195
s 1582
f 1896/591/3197 1910/606/3197 1911/607/3197
f 1911/607/3197 1895/592/3197 1896/591/3197
s 1583
f 1912/608/3198 1897/593/3198 1895/592/3198
f 1895/592/3198 1911/607/3198 1912/608/3198
s 1584
f 1913/609/3199 1898/594/3199 1897/593/3200
f 1897/593/3200 1912/608/3199 1913/609/3199
s 1585
f 1913/609/3201 1914/610/3201 1899/595/3201
f 1899/595/3201 1898/594/3201 1913/609/3201
s 1586
f 1915/611/3202 1900/596/3202 1899/595/3203
f 1899/595/3203 1914/610/3203 1915/611/3202
s 1587
f 1916/612/3204 1901/597/3205 1900/596/3206
f 1900/596/3206 1915/611/3207 1916/612/3204
s 1588
f 1902/598/3208 1901/597/3209 1916/612/3210
f 1916/612/3210 1917/613/3211 1902/598/3208
s 1589
f 1918/614/3212 1903/599/3212 1902/598/3213
f 1902/598/3213 1917/613/3214 1918/614/3212
s 1590
f 1919/615/3215 1904/600/3215 1903/599/3216
f 1903/599/3216 1918/614/3217 1919/615/3215
s 1591
f 1920/616/3218 1905/601/3219 1904/600/3219
f 1904/600/3219 1919/615/3219 1920/616/3218
s 1592
f 1921/617/3220 1906/602/3221 1905/601/3221
f 1905/601/3221 1920/616/3221 1921/617/3220
s 1593
f 1922/618/3222 1907/603/3222 1906/602/3222
f 1906/602/3222 1921/617/3222 1922/618/3222
s 1594
f 1923/619/3223 1908/604/3223 1907/603/3223
f 1907/603/3223 1922/618/3224 1923/619/3223
s 1595
f 1924/620/3225 1909/605/3225 1908/604/3225
f 1908/604/3225 1923/619/3225 1924/620/3225
s 1596
f 1925/622/3226 1468/621/3226 1467/623/3226
f 1467/623/3226 1703/399/3226 1925/622/3226
s 1597
f 1702/396/3227 1926/624/3227 1925/622/3227
f 1925/622/3227 1703/399/3227 1702/396/3227
s 1598
f 1705/400/3228 1927/625/3228 1926/624/3228
f 1926/624/3228 1702/396/3228 1705/400/3228
s 1599
f 1927/625/3229 1705/400/3229 1707/402/3230
f 1707/402/3230 1928/626/3230 1927/625/3229
s 1600
f 1708/404/3231 1929/627/3232 1928/626/3233
f 1928/626/3233 1707/402/3234 1708/404/3231
s 1601
f 1711/406/3235 1930/628/3236 1929/627/3235
f 1929/627/3235 1708/404/3237 1711/406/3235
s 1602
f 1930/628/3238 1711/406/3239 1713/408/3240
f 1713/408/3240 1931/629/3241 1930/628/3238
s 1603
f 1932/630/3242 1931/629/3242 1713/408/3242
f 1713/408/3242 1715/410/3242 1932/630/3242
s 1604
f 1933/631/3243 1932/630/3244 1715/410/3243
f 1715/410/3243 1716/412/3245 1933/631/3243
s 1605
f 1933/631/3246 1716/412/3247 1718/414/3246
f 1718/414/3246 1934/632/3246 1933/631/3246
s 1606
f 1721/416/3248 1935/633/3249 1934/632/3250
f 1934/632/3250 1718/414/3251 1721/416/3248
s 1607
f 1936/634/3252 1935/633/3253 1721/416/3254
f 1721/416/3254 1722/418/3253 1936/634/3252
s 1608
f 1724/420/3255 1937/635/3256 1936/634/3256
f 1936/634/3256 1722/418/3256 1724/420/3255
s 1609
f 1727/422/3257 1938/636/3257 1937/635/3258
f 1937/635/3258 1724/420/3258 1727/422/3257
s 1610
f 1939/637/3259 1938/636/3259 1727/422/3260
f 1727/422/3260 1728/424/3259 1939/637/3259
s 1611
f 1940/638/3261 1941/639/3261 1939/637/3261
f 1939/637/3261 1728/424/3261 1940/638/3261
s 1612
f 1940/638/3262 1728/424/3262 1729/425/3262
f 1729/425/3262 1942/640/3262 1940/638/3262
s 1613
f 1942/640/3263 1729/425/3263 1744/440/3263
f 1744/440/3263 1943/641/3263 1942/640/3263
s 1614
f 1943/641/3264 1744/440/3264 1759/455/3264
f 1759/455/3264 1944/642/3264 1943/641/3264
s 1615
f 1945/643/3265 1944/642/3265 1759/455/3265
f 1759/455/3265 1774/470/3265 1945/643/3265
s 1616
f 1946/644/3266 1945/643/3266 1774/470/3266
f 1774/470/3266 1789/485/3266 1946/644/3266
s 1617
f 1804/500/3267 1947/645/3267 1946/644/3267
f 1946/644/3267 1789/485/3267 1804/500/3267
s 1618
f 1819/515/3268 1948/646/3268 1947/645/3268
f 1947/645/3268 1804/500/3268 1819/515/3268
s 1619
f 1834/530/3269 1949/647/3269 1948/646/3270
f 1948/646/3270 1819/515/3269 1834/530/3269
s 1620
f 1834/530/3271 1849/545/3271 1950/648/3271
f 1950/648/3271 1949/647/3271 1834/530/3271
s 1621
f 1864/560/3272 1951/649/3272 1950/648/3272
f 1950/648/3272 1849/545/3272 1864/560/3272
s 1622
f 1879/575/3273 1952/650/3273 1951/649/3273
f 1951/649/3273 1864/560/3273 1879/575/3273
s 1623
f 1879/575/3274 1894/590/3274 1953/651/3274
f 1953/651/3274 1952/650/3274 1879/575/3274
s 1624
f 1909/605/3275 1954/652/3275 1953/651/3275
f 1953/651/3275 1894/590/3275 1909/605/3275
s 1625
f 1924/620/3276 1955/653/3276 1954/652/3276
f 1954/652/3276 1909/605/3277 1924/620/3276
s 1626
f 1586/655/3278 1585/654/3278 1955/653/3278
f 1955/653/3278 1924/620/3278 1586/655/3278
s 1627
f 1923/619/3279 1604/656/3279 1586/655/3279
f 1586/655/3279 1924/620/3279 1923/619/3279
s 1628
f 1922/618/3280 1603/657/3280 1604/656/3280
f 1604/656/3280 1923/619/3280 1922/618/3280
s 1629
f 1922/618/3281 1921/617/3282 1602/658/3282
f 1602/658/3282 1603/657/3283 1922/618/3281
s 1630
f 1920/616/3284 1601/659/3285 1602/658/3285
f 1602/658/3285 1921/617/3285 1920/616/3284
s 1631
f 1919/615/3286 1600/660/3287 1601/659/3288
f 1601/659/3288 1920/616/3289 1919/615/3286
s 1632
f 1919/615/3290 1918/614/3291 1599/661/3292
f 1599/661/3292 1600/660/3291 1919/615/3290
s 1633
f 1917/613/3293 1598/662/3293 1599/661/3294
f 1599/661/3294 1918/614/3294 1917/613/3293
s 1634
f 1916/612/3295 1597/663/3296 1598/662/3297
f 1598/662/3297 1917/613/3295 1916/612/3295
s 1635
f 1916/612/3298 1915/611/3298 1596/664/3299
f 1596/664/3299 1597/663/3300 1916/612/3298
s 1636
f 1914/610/3301 1595/665/3302 1596/664/3302
f 1596/664/3302 1915/611/3303 1914/610/3301
s 1637
f 1595/665/3304 1914/610/3305 1913/609/3306
f 1913/609/3306 1594/666/3307 1595/665/3304
s 1638
f 1594/666/3308 1913/609/3308 1912/608/3308
f 1912/608/3308 1593/667/3308 1594/666/3308
s 1639
f 1912/608/3309 1911/607/3309 1592/668/3309
f 1592/668/3309 1593/667/3309 1912/608/3309
s 1640
f 1910/606/3310 1591/669/3310 1592/668/3310
f 1592/668/3310 1911/607/3310 1910/606/3310
s 1641
f 1485/671/3311 1484/670/3311 1591/669/3311
f 1591/669/3311 1910/606/3311 1485/671/3311
s 1642
f 1490/672/3312 1485/671/3313 1910/606/3312
f 1910/606/3312 1896/591/3312 1490/672/3312
s 1643
f 1896/591/3314 1880/576/3314 1491/673/3315
f 1491/673/3315 1490/672/3314 1896/591/3314
s 1644
f 1866/561/3316 1492/674/3316 1491/673/3316
f 1491/673/3316 1880/576/3316 1866/561/3316
s 1645
f 1866/561/3317 1850/546/3317 1493/675/3317
f 1493/675/3317 1492/674/3317 1866/561/3317
s 1646
f 1494/676/3318 1493/675/3318 1850/546/3318
f 1850/546/3318 1835/532/3318 1494/676/3318
s 1647
f 1495/677/3319 1494/676/3319 1835/532/3320
f 1835/532/3320 1820/517/3320 1495/677/3319
s 1648
f 1820/517/3321 1806/502/3321 1476/678/3321
f 1476/678/3321 1495/677/3321 1820/517/3321
s 1649
f 1475/679/3322 1476/678/3322 1806/502/3323
f 1806/502/3323 1790/487/3324 1475/679/3322
s 1650
f 1775/472/3325 1474/680/3325 1475/679/3325
f 1475/679/3325 1790/487/3325 1775/472/3325
s 1651
f 1473/681/3326 1474/680/3326 1775/472/3327
f 1775/472/3327 1761/457/3328 1473/681/3326
s 1652
f 1746/442/3329 1472/682/3329 1473/681/3329
f 1473/681/3329 1761/457/3329 1746/442/3329
s 1653
f 1471/683/3330 1472/682/3330 1746/442/3330
f 1746/442/3330 1730/427/3330 1471/683/3330
s 1654
f 1470/684/3331 1471/683/3331 1730/427/3331
f 1730/427/3331 1700/398/3331 1470/684/3331
s 1655
f 1467/623/3332 1470/684/3333 1700/398/3333
f 1700/398/3333 1703/399/3333 1467/623/3332
s 1656
f 1956/688/3334 1957/687/3334 1958/686/3334
f 1958/686/3334 1959/685/3334 1956/688/3334
s 1657
f 1957/687/3335 1956/688/3336 1960/690/3335
f 1960/690/3335 1961/689/3335 1957/687/3335
s 1658
f 1962/692/3337 1963/691/3338 1961/689/3337
f 1961/689/3337 1960/690/3339 1962/692/3337
s 1659
f 1964/694/3340 1965/693/3340 1963/691/3340
f 1963/691/3340 1962/692/3340 1964/694/3340
s 1660
f 1965/693/3341 1964/694/3341 1966/696/3341
f 1966/696/3341 1967/695/3341 1965/693/3341
s 1661
f 1967/695/3342 1966/696/3342 1968/697/3342
f 1968/697/3342 1969/698/3342 1967/695/3342
s 1662
f 1970/700/3343 1971/699/3344 1969/698/3343
f 1969/698/3343 1968/697/3343 1970/700/3343
s 1663
f 1972/701/3345 1956/688/3345 1959/685/3345
f 1959/685/3345 1973/702/3345 1972/701/3345
s 1664
f 1956/688/3346 1972/701/3346 1974/703/3346
f 1974/703/3346 1960/690/3346 1956/688/3346
s 1665
f 1975/704/3347 1962/692/3347 1960/690/3347
f 1960/690/3347 1974/703/3347 1975/704/3347
s 1666
f 1962/692/3348 1975/704/3348 1976/705/3348
f 1976/705/3348 1964/694/3348 1962/692/3348
s 1667
f 1977/706/3349 1966/696/3349 1964/694/3349
f 1964/694/3349 1976/705/3349 1977/706/3349
s 1668
f 1968/697/3350 1966/696/3350 1977/706/3350
f 1977/706/3350 1978/707/3350 1968/697/3350
s 1669
f 1979/708/3351 1970/700/3351 1968/697/3351
f 1968/697/3351 1978/707/3352 1979/708/3351
s 1670
f 1973/702/3353 1980/709/3353 1981/710/3353
f 1981/710/3353 1972/701/3353 1973/702/3353
s 1671
f 1972/701/3354 1981/710/3354 1982/711/3355
f 1982/711/3355 1974/703/3354 1972/701/3354
s 1672
f 1974/703/3356 1982/711/3356 1983/712/3356
f 1983/712/3356 1975/704/3356 1974/703/3356
s 1673
f 1975/704/3357 1983/712/3357 1984/713/3357
f 1984/713/3357 1976/705/3357 1975/704/3357
s 1674
f 1976/705/3358 1984/713/3358 1985/714/3358
f 1985/714/3358 1977/706/3358 1976/705/3358
s 1675
f 1978/707/3359 1977/706/3359 1985/714/3359
f 1985/714/3359 1986/715/3359 1978/707/3359
s 1676
f 1978/707/3360 1986/715/3361 1987/716/3361
f 1987/716/3361 1979/708/3361 1978/707/3360
s 1677
f 1988/717/3362 1981/710/3363 1980/709/3362
f 1980/709/3362 1989/718/3363 1988/717/3362
s 1678
f 1981/710/3364 1988/717/3364 1990/719/3364
f 1990/719/3364 1982/711/3364 1981/710/3364
s 1679
f 1982/711/3365 1990/719/3365 1991/720/3365
f 1991/720/3365 1983/712/3365 1982/711/3365
s 1680
f 1992/721/3366 1984/713/3366 1983/712/3366
f 1983/712/3366 1991/720/3366 1992/721/3366
s 1681
f 1984/713/3367 1992/721/3367 1993/722/3367
f 1993/722/3367 1985/714/3368 1984/713/3367
s 1682
f 1994/723/3369 1986/715/3369 1985/714/3369
f 1985/714/3369 1993/722/3369 1994/723/3369
s 1683
f 1986/715/3370 1994/723/3370 1995/724/3371
f 1995/724/3371 1987/716/3370 1986/715/3370
s 1684
f 1996/725/3372 1988/717/3373 1989/718/3373
f 1989/718/3373 1997/726/3374 1996/725/3372
s 1685
f 1988/717/3375 1996/725/3376 1998/727/3376
f 1998/727/3376 1990/719/3376 1988/717/3375
s 1686
f 1999/728/3377 1991/720/3377 1990/719/3377
f 1990/719/3377 1998/727/3377 1999/728/3377
s 1687
f 2000/729/3378 1992/721/3378 1991/720/3378
f 1991/720/3378 1999/728/3378 2000/729/3378
s 1688
f 1992/721/3379 2000/729/3379 2001/730/3379
f 2001/730/3379 1993/722/3379 1992/721/3379
s 1689
f 1993/722/3380 2001/730/3380 2002/731/3380
f 2002/731/3380 1994/723/3380 1993/722/3380
s 1690
f 1994/723/3381 2002/731/3382 2003/732/3383
f 2003/732/3383 1995/724/3384 1994/723/3381
s 1684
f 2004/733/3385 1996/725/3372 1997/726/3374
f 1997/726/3374 2005/734/3386 2004/733/3385
s 1691
f 1996/725/3387 2004/733/3387 2006/735/3387
f 2006/735/3387 1998/727/3387 1996/725/3387
s 1692
f 1998/727/3388 2006/735/3388 2007/736/3388
f 2007/736/3388 1999/728/3388 1998/727/3388
s 1693
f 2008/737/3389 2000/729/3389 1999/728/3389
f 1999/728/3389 2007/736/3389 2008/737/3389
s 1694
f 2009/738/3390 2001/730/3390 2000/729/3390
f 2000/729/3390 2008/737/3390 2009/738/3390
s 1695
f 2002/731/3391 2001/730/3391 2009/738/3392
f 2009/738/3392 2010/739/3392 2002/731/3391
s 1696
f 2011/742/3393 2012/741/3393 2013/740/3393
f 2013/740/3393 2014/743/3393 2011/742/3393
s 1697
f 2012/741/3394 2011/742/3395 2015/745/3394
f 2015/745/3394 2016/744/3396 2012/741/3394
s 1698
f 2016/744/3397 2015/745/3398 2017/747/3397
f 2017/747/3397 2018/746/3397 2016/744/3397
s 1699
f 2019/748/3399 2011/742/3400 2014/743/3399
f 2014/743/3399 2020/749/3401 2019/748/3399
s 1700
f 2021/750/3402 2015/745/3403 2011/742/3404
f 2011/742/3404 2019/748/3405 2021/750/3402
s 1701
f 2015/745/3406 2021/750/3406 2022/751/3406
f 2022/751/3406 2017/747/3406 2015/745/3406
s 1702
f 2023/752/3407 2019/748/3408 2020/749/3407
f 2020/749/3407 2024/753/3409 2023/752/3407
s 1703
f 2019/748/3410 2023/752/3410 2025/754/3410
f 2025/754/3410 2021/750/3410 2019/748/3410
s 1704
f 2021/750/3411 2025/754/3412 2026/755/3413
f 2026/755/3413 2022/751/3411 2021/750/3411
s 1705
f 2022/751/3414 2026/755/3415 2027/756/3414
f 2027/756/3414 2028/757/3414 2022/751/3414
s 1706
f 2029/758/3416 2023/752/3417 2024/753/3416
f 2024/753/3416 2030/759/3418 2029/758/3416
s 1707
f 2023/752/3419 2029/758/3419 2031/760/3419
f 2031/760/3419 2025/754/3419 2023/752/3419
s 1708
f 2025/754/3420 2031/760/3421 2032/761/3421
f 2032/761/3421 2026/755/3421 2025/754/3420
s 1709
f 2026/755/3422 2032/761/3423 2033/762/3424
f 2033/762/3424 2027/756/3424 2026/755/3422
s 1710
f 2034/763/3425 2029/758/3425 2030/759/3425
f 2030/759/3425 2035/764/3425 2034/763/3425
s 1711
f 2029/758/3426 2034/763/3427 2036/765/3427
f 2036/765/3427 2031/760/3427 2029/758/3426
s 1712
f 2037/766/3428 2032/761/3428 2031/760/3428
f 2031/760/3428 2036/765/3428 2037/766/3428
s 1713
f 2038/767/3429 2033/762/3430 2032/761/3431
s 1714
f 2039/768/3432 2034/763/3432 2035/764/3433
f 2035/764/3433 2040/769/3432 2039/768/3432
s 1715
f 2041/770/3434 2036/765/3435 2034/763/3436
f 2034/763/3436 2039/768/3437 2041/770/3434
s 1716
f 2037/766/3438 2036/765/3439 2041/770/3439
f 2041/770/3439 2042/771/3440 2037/766/3438
s 1717
f 2043/772/3441 2038/767/3442 2037/766/3443
f 2037/766/3443 2042/771/3442 2043/772/3441
s 1718
f 2044/774/3444 2045/773/3444 2046/776/3445
f 2046/776/3445 2047/775/3444 2044/774/3444
s 1719
f 2048/778/3446 2049/777/3446 2047/775/3446
f 2047/775/3446 2046/776/3446 2048/778/3446
s 1720
f 2049/777/3447 2048/778/3447 2050/780/3447
f 2050/780/3447 2051/779/3447 2049/777/3447
s 1721
f 2052/782/3448 2053/781/3448 2051/779/3448
f 2051/779/3448 2050/780/3448 2052/782/3448
s 1722
f 2053/781/3449 2052/782/3449 2054/784/3449
f 2054/784/3449 2055/783/3449 2053/781/3449
s 1723
f 2056/786/3450 2057/785/3450 2055/783/3450
f 2055/783/3450 2054/784/3450 2056/786/3450
s 1724
f 2057/785/3451 2056/786/3451 2058/788/3451
f 2058/788/3451 2059/787/3451 2057/785/3451
s 1725
f 2060/789/3452 2046/776/3452 2045/773/3452
f 2045/773/3452 2061/790/3452 2060/789/3452
s 1726
f 2046/776/3453 2060/789/3454 2062/791/3453
f 2062/791/3453 2048/778/3455 2046/776/3453
s 1727
f 2063/792/3456 2050/780/3457 2048/778/3456
f 2048/778/3456 2062/791/3458 2063/792/3456
s 1728
f 2064/793/3459 2052/782/3460 2050/780/3460
f 2050/780/3460 2063/792/3459 2064/793/3459
s 1729
f 2052/782/3461 2064/793/3461 2065/794/3461
f 2065/794/3461 2054/784/3461 2052/782/3461
s 1730
f 2066/795/3462 2056/786/3462 2054/784/3462
f 2054/784/3462 2065/794/3462 2066/795/3462
s 1731
f 2056/786/3463 2066/795/3463 2067/796/3463
f 2067/796/3463 2058/788/3463 2056/786/3463
s 1732
f 2069/797/3464 2060/789/3465 2061/790/3466
s 1733
f 2070/799/3467 2062/791/3468 2060/789/3467
f 2060/789/3467 2069/797/3467 2070/799/3467
s 1734
f 2062/791/3469 2070/799/3470 2071/800/3469
f 2071/800/3469 2063/792/3469 2062/791/3469
s 1735
f 2072/801/3471 2064/793/3472 2063/792/3471
f 2063/792/3471 2071/800/3473 2072/801/3471
s 1736
f 2073/802/3474 2065/794/3475 2064/793/3474
f 2064/793/3474 2072/801/3474 2073/802/3474
s 1737
f 2066/795/3476 2065/794/3476 2073/802/3477
f 2073/802/3477 2074/803/3478 2066/795/3476
s 1738
f 2067/796/3479 2066/795/3479 2074/803/3479
f 2074/803/3479 2075/804/3479 2067/796/3479
s 1739
f 2072/801/3480 2076/806/3481 2077/805/3480
f 2077/805/3480 2073/802/3480 2072/801/3480
s 1740
f 2074/803/3482 2073/802/3483 2077/805/3483
f 2077/805/3483 2078/807/3484 2074/803/3482
s 1741
f 2075/804/3485 2074/803/3486 2078/807/3485
f 2078/807/3485 2079/808/3487 2075/804/3485
s 1742
f 2080/809/3488 2081/812/3488 2082/811/3488
f 2082/811/3488 2083/810/3488 2080/809/3488
s 1743
f 2084/813/3489 2080/809/3490 2083/810/3491
f 2083/810/3491 2085/814/3490 2084/813/3489
s 1744
f 2086/816/3492 2087/815/3493 2084/813/3493
f 2084/813/3493 2085/814/3493 2086/816/3492
s 1745
f 2088/817/3494 2087/815/3495 2086/816/3495
f 2086/816/3495 2089/818/3495 2088/817/3494
s 1746
f 2090/819/3496 2088/817/3496 2089/818/3496
f 2089/818/3496 2091/820/3496 2090/819/3496
s 1747
f 2090/819/3497 2091/820/3497 2092/822/3497
f 2092/822/3497 2093/821/3497 2090/819/3497
s 1684
f 2094/823/3498 2093/821/3499 2092/822/3499
f 2092/822/3499 2095/824/3500 2094/823/3498
s 1748
f 2096/826/3501 2083/810/3501 2082/811/3501
f 2082/811/3501 2097/825/3501 2096/826/3501
s 1749
f 2085/814/3502 2083/810/3502 2096/826/3502
f 2096/826/3502 2098/827/3502 2085/814/3502
s 1750
f 2086/816/3503 2085/814/3503 2098/827/3504
f 2098/827/3504 2099/828/3503 2086/816/3503
s 1751
f 2100/829/3505 2089/818/3506 2086/816/3505
f 2086/816/3505 2099/828/3507 2100/829/3505
s 1752
f 2091/820/3508 2089/818/3508 2100/829/3508
f 2100/829/3508 2101/830/3508 2091/820/3508
s 1753
f 2092/822/3509 2091/820/3509 2101/830/3509
f 2101/830/3509 2102/831/3509 2092/822/3509
s 1754
f 2092/822/3510 2102/831/3510 2103/832/3511
f 2103/832/3511 2095/824/3510 2092/822/3510
s 1755
f 2096/826/3512 2097/825/3512 2104/834/3512
f 2104/834/3512 2105/833/3512 2096/826/3512
s 1756
f 2106/835/3513 2098/827/3513 2096/826/3513
f 2096/826/3513 2105/833/3513 2106/835/3513
s 1757
f 2099/828/3514 2098/827/3514 2106/835/3514
f 2106/835/3514 2107/836/3514 2099/828/3514
s 1758
f 2100/829/3515 2099/828/3515 2107/836/3515
f 2107/836/3515 2108/837/3515 2100/829/3515
s 1759
f 2109/838/3516 2101/830/3516 2100/829/3516
f 2100/829/3516 2108/837/3516 2109/838/3516
s 1760
f 2102/831/3517 2101/830/3517 2109/838/3517
f 2109/838/3517 2110/839/3517 2102/831/3517
s 1761
f 2103/832/3518 2102/831/3518 2110/839/3519
f 2110/839/3519 2111/840/3518 2103/832/3518
s 1762
f 2105/833/3520 2104/834/3520 2112/842/3520
f 2112/842/3520 2113/841/3520 2105/833/3520
s 1763
f 2106/835/3521 2105/833/3521 2113/841/3521
f 2113/841/3521 2114/843/3521 2106/835/3521
s 1764
f 2106/835/3522 2114/843/3522 2115/844/3522
f 2115/844/3522 2107/836/3522 2106/835/3522
s 1765
f 2108/837/3523 2107/836/3523 2115/844/3523
f 2115/844/3523 2116/845/3523 2108/837/3523
s 1766
f 2109/838/3524 2108/837/3524 2116/845/3524
f 2116/845/3524 2117/846/3524 2109/838/3524
s 1767
f 2109/838/3525 2117/846/3526 2118/847/3525
f 2118/847/3525 2110/839/3526 2109/838/3525
s 1768
f 2118/847/3527 2119/848/3528 2111/840/3529
s 1769
f 2112/842/3530 2120/850/3530 2121/849/3530
f 2121/849/3530 2113/841/3530 2112/842/3530
s 1770
f 2114/843/3531 2113/841/3531 2121/849/3531
f 2121/849/3531 2122/851/3531 2114/843/3531
s 1771
f 2115/844/3532 2114/843/3532 2122/851/3532
f 2122/851/3532 2123/852/3532 2115/844/3532
s 1772
f 2115/844/3533 2123/852/3533 2124/853/3533
f 2124/853/3533 2116/845/3534 2115/844/3533
s 1773
f 2117/846/3535 2116/845/3535 2124/853/3535
f 2124/853/3535 2125/854/3535 2117/846/3535
s 1774
f 2118/847/3536 2117/846/3537 2125/854/3538
f 2125/854/3538 2126/855/3536 2118/847/3536
s 1775
f 2127/856/3539 2119/848/3539 2118/847/3539
f 2118/847/3539 2126/855/3539 2127/856/3539
s 1776
f 2121/849/3540 2120/850/3540 2128/858/3540
f 2128/858/3540 2129/857/3540 2121/849/3540
s 1777
f 2130/859/3541 2122/851/3541 2121/849/3541
f 2121/849/3541 2129/857/3541 2130/859/3541
s 1778
f 2123/852/3542 2122/851/3542 2130/859/3542
f 2130/859/3542 2131/860/3542 2123/852/3542
s 1779
f 2124/853/3543 2123/852/3543 2131/860/3544
f 2131/860/3544 2132/861/3543 2124/853/3543
s 1780
f 2133/862/3545 2125/854/3546 2124/853/3547
f 2124/853/3547 2132/861/3546 2133/862/3545
s 1781
f 2126/855/3548 2125/854/3549 2133/862/3548
f 2133/862/3548 2134/863/3548 2126/855/3548
s 1782
f 2127/856/3550 2126/855/3551 2134/863/3550
f 2134/863/3550 2135/864/3552 2127/856/3550
s 1783
f 1970/700/3553 2039/768/3553 2040/769/3554
f 2040/769/3554 1971/699/3553 1970/700/3553
s 1784
f 1979/708/3555 2041/770/3555 2039/768/3555
f 2039/768/3555 1970/700/3555 1979/708/3555
s 1785
f 2042/771/3556 2041/770/3556 1979/708/3556
f 1979/708/3556 1987/716/3556 2042/771/3556
s 1786
f 1995/724/3557 2043/772/3557 2042/771/3557
f 2042/771/3557 1987/716/3558 1995/724/3557
s 1787
f 2128/858/3559 2059/787/3559 2058/788/3559
f 2058/788/3559 2129/857/3559 2128/858/3559
s 1788
f 2067/796/3560 2130/859/3560 2129/857/3561
f 2129/857/3561 2058/788/3562 2067/796/3560
s 1789
f 2131/860/3563 2130/859/3564 2067/796/3565
f 2067/796/3565 2075/804/3564 2131/860/3563
s 1790
f 2079/808/3566 2132/861/3566 2131/860/3566
f 2131/860/3566 2075/804/3566 2079/808/3566
s 1791
f 2132/861/3567 2079/808/3568 2136/865/3567
f 2136/865/3567 2133/862/3569 2132/861/3567
s 1684
f 2095/824/3500 2004/733/3385 2005/734/3386
f 2005/734/3386 2094/823/3498 2095/824/3500
s 1792
f 2103/832/3570 2006/735/3570 2004/733/3571
f 2004/733/3571 2095/824/3570 2103/832/3570
s 1793
f 2111/840/3572 2007/736/3572 2006/735/3572
f 2006/735/3572 2103/832/3572 2111/840/3572
s 1794
f 2119/848/3573 2008/737/3573 2007/736/3573
f 2007/736/3573 2111/840/3573 2119/848/3573
s 1795
f 2127/856/3574 2009/738/3574 2008/737/3574
f 2008/737/3574 2119/848/3574 2127/856/3574
s 1796
f 2135/864/3575 2010/739/3575 2009/738/3575
f 2009/738/3575 2127/856/3576 2135/864/3575
s 1797
f 2137/868/3577 2138/867/3577 2139/866/3577
f 2139/866/3577 1958/686/3578 2137/868/3577
s 1798
f 1957/687/3579 2140/869/3579 2137/868/3579
f 2137/868/3579 1958/686/3579 1957/687/3579
s 1799
f 1961/689/3580 2141/870/3580 2140/869/3580
f 2140/869/3580 1957/687/3580 1961/689/3580
s 1800
f 1961/689/3581 1963/691/3581 2142/871/3581
f 2142/871/3581 2141/870/3581 1961/689/3581
s 1801
f 1965/693/3582 2143/872/3583 2142/871/3582
f 2142/871/3582 1963/691/3582 1965/693/3582
s 1802
f 1967/695/3584 2144/873/3584 2143/872/3584
f 2143/872/3584 1965/693/3584 1967/695/3584
s 1803
f 1967/695/3585 1969/698/3585 2145/874/3585
f 2145/874/3585 2144/873/3585 1967/695/3585
s 1804
f 1971/699/3586 2146/875/3586 2145/874/3586
f 2145/874/3586 1969/698/3586 1971/699/3586
s 1805
f 2139/866/3587 2147/876/3588 1959/685/3589
f 1959/685/3589 1958/686/3588 2139/866/3587
s 1806
f 1959/685/3590 2147/876/3590 2148/877/3590
f 2148/877/3590 1973/702/3590 1959/685/3590
s 1807
f 2148/877/3591 2149/878/3591 1980/709/3591
f 1980/709/3591 1973/702/3591 2148/877/3591
s 1808
f 1989/718/3592 1980/709/3592 2149/878/3592
f 2149/878/3592 2150/879/3592 1989/718/3592
s 1809
f 2151/880/3593 1997/726/3594 1989/718/3595
f 1989/718/3595 2150/879/3595 2151/880/3593
f 2152/881/3596 2005/734/3597 1997/726/3594
f 1997/726/3594 2151/880/3593 2152/881/3596
f 2153/882/3598 2094/823/3599 2005/734/3597
f 2005/734/3597 2152/881/3596 2153/882/3598
s 1810
f 1684/380/3600 1686/381/3601 2154/883/3600
f 2154/883/3600 2013/740/3601 1684/380/3600
s 1811
f 2012/741/3602 1683/379/3602 1684/380/3602
f 1684/380/3602 2013/740/3602 2012/741/3602
s 1812
f 2016/744/3603 1681/378/3603 1683/379/3603
f 1683/379/3603 2012/741/3603 2016/744/3603
s 1813
f 2018/746/3604 1682/377/3605 1681/378/3606
f 1681/378/3606 2016/744/3604 2018/746/3604
s 1814
f 2013/740/3607 2154/883/3607 2155/884/3607
f 2155/884/3607 2014/743/3608 2013/740/3607
s 1815
f 2155/884/3609 2156/885/3610 2020/749/3609
f 2020/749/3609 2014/743/3609 2155/884/3609
s 1816
f 2156/885/3611 2157/886/3611 2024/753/3611
f 2024/753/3611 2020/749/3611 2156/885/3611
s 1817
f 2158/887/3612 2030/759/3612 2024/753/3612
f 2024/753/3612 2157/886/3612 2158/887/3612
s 1818
f 2030/759/3613 2158/887/3613 2159/888/3613
f 2159/888/3613 2035/764/3613 2030/759/3613
s 1819
f 2159/888/3614 2160/889/3614 2040/769/3614
f 2040/769/3614 2035/764/3614 2159/888/3614
s 1820
f 2146/875/3615 1971/699/3615 2040/769/3616
f 2040/769/3616 2160/889/3615 2146/875/3615
s 1821
f 2044/774/3617 1955/890/3618 1585/277/3619
f 1585/277/3619 1587/278/3618 2044/774/3617
s 1822
f 2047/775/3620 1954/891/3621 1955/890/3620
f 1955/890/3620 2044/774/3620 2047/775/3620
s 1823
f 2049/777/3622 1953/892/3622 1954/891/3622
f 1954/891/3622 2047/775/3622 2049/777/3622
s 1824
f 2051/779/3623 1952/893/3623 1953/892/3623
f 1953/892/3623 2049/777/3623 2051/779/3623
s 1825
f 2053/781/3624 1951/894/3624 1952/893/3624
f 1952/893/3624 2051/779/3624 2053/781/3624
s 1826
f 2055/783/3625 1950/895/3625 1951/894/3625
f 1951/894/3625 2053/781/3625 2055/783/3625
s 1827
f 2057/785/3626 1949/896/3626 1950/895/3626
f 1950/895/3626 2055/783/3626 2057/785/3626
s 1828
f 2059/787/3627 1948/897/3627 1949/896/3627
f 1949/896/3627 2057/785/3627 2059/787/3627
s 1829
f 2045/773/3628 2044/774/3628 1587/278/3628
f 1587/278/3628 1588/279/3628 2045/773/3628
s 1830
f 2061/790/3629 2045/773/3629 1588/279/3629
f 1588/279/3629 1589/280/3629 2061/790/3629
s 1831
f 2061/790/3630 1589/280/3630 1590/281/3630
f 1590/281/3630 2068/798/3630 2061/790/3630
s 1832
f 1941/639/3631 1940/899/3632 2081/812/3633
f 2081/812/3633 2161/898/3632 1941/639/3631
s 1833
f 2080/809/3634 2162/900/3635 2161/898/3636
f 2161/898/3636 2081/812/3634 2080/809/3634
s 1834
f 2163/901/3637 2162/900/3637 2080/809/3637
f 2080/809/3637 2084/813/3637 2163/901/3637
s 1835
f 2087/815/3638 2164/902/3639 2163/901/3639
f 2163/901/3639 2084/813/3639 2087/815/3638
s 1836
f 2164/902/3640 2087/815/3640 2088/817/3640
f 2088/817/3640 2165/903/3640 2164/902/3640
s 1809
f 2166/904/3641 2165/903/3642 2088/817/3642
f 2088/817/3642 2090/819/3643 2166/904/3641
f 2093/821/3644 2167/905/3645 2166/904/3641
f 2166/904/3641 2090/819/3643 2093/821/3644
f 2167/905/3645 2093/821/3644 2094/823/3599
f 2094/823/3599 2153/882/3598 2167/905/3645
s 1837
f 2082/811/3646 2081/812/3646 1940/899/3646
f 1940/899/3646 1942/906/3646 2082/811/3646
s 1838
f 2097/825/3647 2082/811/3647 1942/906/3647
f 1942/906/3647 1943/907/3647 2097/825/3647
s 1839
f 1944/908/3648 2104/834/3648 2097/825/3648
f 2097/825/3648 1943/907/3648 1944/908/3648
s 1840
f 1944/908/3649 1945/909/3649 2112/842/3649
f 2112/842/3649 2104/834/3650 1944/908/3649
s 1841
f 1945/909/3651 1946/910/3651 2120/850/3651
f 2120/850/3651 2112/842/3651 1945/909/3651
s 1842
f 2120/850/3652 1946/910/3652 1947/911/3652
f 1947/911/3652 2128/858/3652 2120/850/3652
s 1843
f 2128/858/3653 1947/911/3653 1948/897/3653
f 1948/897/3653 2059/787/3653 2128/858/3653
s 1844
f 2168/915/3654 2169/914/3654 2170/913/3654
f 2170/913/3654 2171/912/3654 2168/915/3654
s 1845
f 2169/914/3655 2168/915/3655 2172/917/3655
f 2172/917/3655 2173/916/3655 2169/914/3655
s 1846
f 2173/916/3656 2172/917/3656 2174/919/3656
f 2174/919/3656 2175/918/3656 2173/916/3656
s 1847
f 2176/921/3657 2177/920/3657 2175/918/3658
f 2175/918/3658 2174/919/3657 2176/921/3657
s 1848
f 2177/920/3659 2176/921/3660 2178/923/3660
f 2178/923/3660 2179/922/3660 2177/920/3659
s 1849
f 2179/922/3661 2178/923/3661 2180/925/3662
f 2180/925/3662 2181/924/3661 2179/922/3661
s 1850
f 2182/927/3663 2183/926/3663 2181/924/3663
f 2181/924/3663 2180/925/3664 2182/927/3663
s 1851
f 2183/926/3665 2182/927/3665 2184/929/3666
f 2184/929/3666 2185/928/3666 2183/926/3665
s 1852
f 2185/928/3667 2184/929/3668 2186/930/3669
f 2186/930/3669 2187/931/3668 2185/928/3667
s 1853
f 2188/932/3670 2189/933/3671 2187/931/3672
f 2187/931/3672 2186/930/3673 2188/932/3670
s 1854
f 2189/933/3674 2188/932/3675 2190/934/3676
f 2190/934/3676 2191/935/3677 2189/933/3674
s 1855
f 2191/935/3678 2190/934/3679 2192/936/3679
f 2192/936/3679 2193/937/3679 2191/935/3678
s 1856
f 2194/938/3680 2195/939/3680 2193/937/3680
f 2193/937/3680 2192/936/3680 2194/938/3680
s 1857
f 2195/939/3681 2194/938/3681 2196/941/3681
f 2196/941/3681 2197/940/3681 2195/939/3681
s 1858
f 2198/943/3682 2168/915/3682 2171/912/3682
f 2171/912/3682 2199/942/3682 2198/943/3682
s 1859
f 2168/915/3683 2198/943/3683 2200/944/3683
f 2200/944/3683 2172/917/3683 2168/915/3683
s 1860
f 2201/945/3684 2174/919/3684 2172/917/3684
f 2172/917/3684 2200/944/3684 2201/945/3684
s 1861
f 2202/946/3685 2176/921/3685 2174/919/3685
f 2174/919/3685 2201/945/3685 2202/946/3685
s 1862
f 2203/947/3686 2178/923/3686 2176/921/3686
f 2176/921/3686 2202/946/3686 2203/947/3686
s 1863
f 2204/948/3687 2180/925/3687 2178/923/3687
f 2178/923/3687 2203/947/3687 2204/948/3687
s 1864
f 2205/949/3688 2182/927/3689 2180/925/3690
f 2180/925/3690 2204/948/3688 2205/949/3688
s 1865
f 2206/950/3691 2184/929/3692 2182/927/3691
f 2182/927/3691 2205/949/3691 2206/950/3691
s 1866
f 2207/951/3693 2186/930/3694 2184/929/3695
f 2184/929/3695 2206/950/3696 2207/951/3693
s 1867
f 2208/952/3697 2188/932/3698 2186/930/3698
f 2186/930/3698 2207/951/3698 2208/952/3697
s 1868
f 2209/953/3699 2190/934/3699 2188/932/3699
f 2188/932/3699 2208/952/3699 2209/953/3699
s 1869
f 2210/954/3700 2192/936/3700 2190/934/3700
f 2190/934/3700 2209/953/3700 2210/954/3700
s 1870
f 2211/955/3701 2194/938/3701 2192/936/3701
f 2192/936/3701 2210/954/3701 2211/955/3701
s 1871
f 2212/956/3702 2196/941/3702 2194/938/3703
f 2194/938/3703 2211/955/3702 2212/956/3702
s 1872
f 2213/958/3704 2198/943/3704 2199/942/3704
f 2199/942/3704 2214/957/3704 2213/958/3704
s 1873
f 2198/943/3705 2213/958/3705 2215/959/3705
f 2215/959/3705 2200/944/3705 2198/943/3705
s 1874
f 2200/944/3706 2215/959/3706 2216/960/3706
f 2216/960/3706 2201/945/3706 2200/944/3706
s 1875
f 2217/961/3707 2202/946/3707 2201/945/3707
f 2201/945/3707 2216/960/3708 2217/961/3707
s 1876
f 2202/946/3709 2217/961/3709 2218/962/3710
f 2218/962/3710 2203/947/3709 2202/946/3709
s 1877
f 2203/947/3711 2218/962/3712 2219/963/3713
f 2219/963/3713 2204/948/3714 2203/947/3711
s 1878
f 2220/964/3715 2205/949/3716 2204/948/3715
f 2204/948/3715 2219/963/3716 2220/964/3715
s 1879
f 2205/949/3717 2220/964/3717 2221/965/3718
f 2221/965/3718 2206/950/3717 2205/949/3717
s 1880
f 2206/950/3719 2221/965/3719 2222/966/3720
f 2222/966/3720 2207/951/3720 2206/950/3719
s 1881
f 2223/967/3721 2208/952/3721 2207/951/3722
f 2207/951/3722 2222/966/3721 2223/967/3721
s 1882
f 2208/952/3723 2223/967/3723 2224/968/3723
f 2224/968/3723 2209/953/3723 2208/952/3723
s 1883
f 2209/953/3724 2224/968/3724 2225/969/3724
f 2225/969/3724 2210/954/3724 2209/953/3724
s 1884
f 2210/954/3725 2225/969/3725 2226/970/3725
f 2226/970/3725 2211/955/3725 2210/954/3725
s 1885
f 2211/955/3726 2226/970/3726 2227/971/3726
f 2227/971/3726 2212/956/3726 2211/955/3726
s 1886
f 2228/973/3727 2213/958/3727 2214/957/3727
f 2214/957/3727 2229/972/3727 2228/973/3727
s 1887
f 2230/974/3728 2215/959/3728 2213/958/3728
f 2213/958/3728 2228/973/3728 2230/974/3728
s 1888
f 2215/959/3729 2230/974/3729 2231/975/3729
f 2231/975/3729 2216/960/3729 2215/959/3729
s 1889
f 2232/976/3730 2217/961/3731 2216/960/3731
f 2216/960/3731 2231/975/3731 2232/976/3730
s 1890
f 2217/961/3732 2232/976/3732 2233/977/3732
f 2233/977/3732 2218/962/3732 2217/961/3732
s 1891
f 2218/962/3733 2233/977/3734 2234/978/3734
f 2234/978/3734 2219/963/3734 2218/962/3733
s 1892
f 2235/979/3735 2220/964/3736 2219/963/3737
f 2219/963/3737 2234/978/3738 2235/979/3735
s 1893
f 2236/980/3739 2221/965/3740 2220/964/3741
f 2220/964/3741 2235/979/3741 2236/980/3739
s 1894
f 2221/965/3742 2236/980/3742 2237/981/3743
f 2237/981/3743 2222/966/3743 2221/965/3742
s 1895
f 2238/982/3744 2223/967/3744 2222/966/3744
f 2222/966/3744 2237/981/3744 2238/982/3744
s 1896
f 2239/983/3745 2224/968/3746 2223/967/3746
f 2223/967/3746 2238/982/3746 2239/983/3745
s 1897
f 2224/968/3747 2239/983/3747 2240/984/3747
f 2240/984/3747 2225/969/3747 2224/968/3747
s 1898
f 2241/985/3748 2226/970/3748 2225/969/3748
f 2225/969/3748 2240/984/3748 2241/985/3748
s 1899
f 2242/986/3749 2227/971/3749 2226/970/3749
f 2226/970/3749 2241/985/3749 2242/986/3749
s 1900
f 2243/988/3750 2228/973/3750 2229/972/3750
f 2229/972/3750 2244/987/3750 2243/988/3750
s 1901
f 2228/973/3751 2243/988/3751 2245/989/3751
f 2245/989/3751 2230/974/3751 2228/973/3751
s 1902
f 2230/974/3752 2245/989/3752 2246/990/3752
f 2246/990/3752 2231/975/3752 2230/974/3752
s 1903
f 2247/991/3753 2232/976/3754 2231/975/3754
f 2231/975/3754 2246/990/3754 2247/991/3753
s 1904
f 2232/976/3755 2247/991/3755 2248/992/3756
f 2248/992/3756 2233/977/3755 2232/976/3755
s 1905
f 2233/977/3757 2248/992/3757 2249/993/3757
f 2249/993/3757 2234/978/3757 2233/977/3757
s 1906
f 2250/994/3758 2235/979/3758 2234/978/3759
f 2234/978/3759 2249/993/3759 2250/994/3758
s 1907
f 2235/979/3760 2250/994/3761 2251/995/3761
f 2251/995/3761 2236/980/3762 2235/979/3760
s 1908
f 2236/980/3763 2251/995/3763 2252/996/3763
f 2252/996/3763 2237/981/3764 2236/980/3763
s 1909
f 2253/997/3765 2238/982/3765 2237/981/3765
f 2237/981/3765 2252/996/3766 2253/997/3765
s 1910
f 2238/982/3767 2253/997/3768 2254/998/3768
f 2254/998/3768 2239/983/3768 2238/982/3767
s 1911
f 2239/983/3769 2254/998/3769 2255/999/3769
f 2255/999/3769 2240/984/3769 2239/983/3769
s 1912
f 2256/1000/3770 2241/985/3770 2240/984/3770
f 2240/984/3770 2255/999/3770 2256/1000/3770
s 1913
f 2257/1001/3771 2242/986/3772 2241/985/3771
f 2241/985/3771 2256/1000/3771 2257/1001/3771
s 1914
f 2258/1003/3773 2243/988/3773 2244/987/3774
f 2244/987/3774 2259/1002/3774 2258/1003/3773
s 1915
f 2243/988/3775 2258/1003/3775 2260/1004/3775
f 2260/1004/3775 2245/989/3776 2243/988/3775
s 1916
f 2245/989/3777 2260/1004/3777 2261/1005/3777
f 2261/1005/3777 2246/990/3777 2245/989/3777
s 1917
f 2262/1006/3778 2247/991/3778 2246/990/3778
f 2246/990/3778 2261/1005/3778 2262/1006/3778
s 1918
f 2247/991/3779 2262/1006/3779 2263/1007/3780
f 2263/1007/3780 2248/992/3779 2247/991/3779
s 1919
f 2248/992/3781 2263/1007/3781 2264/1008/3781
f 2264/1008/3781 2249/993/3782 2248/992/3781
s 1920
f 2265/1009/3783 2250/994/3783 2249/993/3784
f 2249/993/3784 2264/1008/3784 2265/1009/3783
s 1921
f 2250/994/3785 2265/1009/3786 2266/1010/3785
f 2266/1010/3785 2251/995/3787 2250/994/3785
s 1922
f 2251/995/3788 2266/1010/3789 2267/1011/3790
f 2267/1011/3790 2252/996/3791 2251/995/3788
s 1923
f 2268/1012/3792 2253/997/3792 2252/996/3792
f 2252/996/3792 2267/1011/3792 2268/1012/3792
s 1924
f 2253/997/3793 2268/1012/3794 2269/1013/3795
f 2269/1013/3795 2254/998/3796 2253/997/3793
s 1925
f 2254/998/3797 2269/1013/3797 2270/1014/3798
f 2270/1014/3798 2255/999/3797 2254/998/3797
s 1926
f 2271/1015/3799 2256/1000/3799 2255/999/3799
f 2255/999/3799 2270/1014/3799 2271/1015/3799
s 1927
f 2272/1016/3800 2257/1001/3801 2256/1000/3801
f 2256/1000/3801 2271/1015/3802 2272/1016/3800
s 1928
f 2259/1002/3803 2273/1017/3804 2274/1018/3803
f 2274/1018/3803 2258/1003/3803 2259/1002/3803
s 1929
f 2258/1003/3805 2274/1018/3805 2275/1019/3806
f 2275/1019/3806 2260/1004/3807 2258/1003/3805
s 1930
f 2260/1004/3808 2275/1019/3809 2276/1020/3810
f 2276/1020/3810 2261/1005/3811 2260/1004/3808
s 1931
f 2277/1021/3812 2262/1006/3812 2261/1005/3812
f 2261/1005/3812 2276/1020/3812 2277/1021/3812
s 1932
f 2262/1006/3813 2277/1021/3814 2278/1022/3814
f 2278/1022/3814 2263/1007/3814 2262/1006/3813
s 1933
f 2263/1007/3815 2278/1022/3816 2279/1023/3817
f 2279/1023/3817 2264/1008/3818 2263/1007/3815
s 1934
f 2280/1024/3819 2265/1009/3819 2264/1008/3820
f 2264/1008/3820 2279/1023/3819 2280/1024/3819
s 1935
f 2281/1025/3821 2266/1010/3822 2265/1009/3823
f 2265/1009/3823 2280/1024/3823 2281/1025/3821
s 1936
f 2266/1010/3824 2281/1025/3825 2282/1026/3826
f 2282/1026/3826 2267/1011/3827 2266/1010/3824
s 1937
f 2283/1027/3828 2268/1012/3829 2267/1011/3830
f 2267/1011/3830 2282/1026/3831 2283/1027/3828
s 1938
f 2268/1012/3832 2283/1027/3833 2284/1028/3834
f 2284/1028/3834 2269/1013/3832 2268/1012/3832
s 1939
f 2269/1013/3835 2284/1028/3836 2285/1029/3836
f 2285/1029/3836 2270/1014/3835 2269/1013/3835
s 1940
f 2286/1030/3837 2271/1015/3838 2270/1014/3837
f 2270/1014/3837 2285/1029/3838 2286/1030/3837
s 1941
f 2271/1015/3839 2286/1030/3839 2287/1031/3839
f 2287/1031/3839 2272/1016/3839 2271/1015/3839
s 1942
f 2288/1033/3840 2274/1018/3840 2273/1017/3841
f 2273/1017/3841 2289/1032/3842 2288/1033/3840
s 1943
f 2290/1034/3843 2275/1019/3844 2274/1018/3845
f 2274/1018/3845 2288/1033/3846 2290/1034/3843
s 1944
f 2275/1019/3847 2290/1034/3848 2291/1035/3849
f 2291/1035/3849 2276/1020/3850 2275/1019/3847
s 1945
f 2292/1036/3851 2277/1021/3851 2276/1020/3852
f 2276/1020/3852 2291/1035/3851 2292/1036/3851
s 1946
f 2277/1021/3853 2292/1036/3853 2293/1037/3854
f 2293/1037/3854 2278/1022/3855 2277/1021/3853
s 1947
f 2278/1022/3856 2293/1037/3857 2294/1038/3858
f 2294/1038/3858 2279/1023/3859 2278/1022/3856
s 1948
f 2295/1039/3860 2280/1024/3861 2279/1023/3862
f 2279/1023/3862 2294/1038/3862 2295/1039/3860
s 1949
f 2296/1040/3863 2281/1025/3863 2280/1024/3863
f 2280/1024/3863 2295/1039/3863 2296/1040/3863
s 1950
f 2297/1041/3864 2282/1026/3865 2281/1025/3865
f 2281/1025/3865 2296/1040/3865 2297/1041/3864
s 1951
f 2298/1042/3866 2283/1027/3866 2282/1026/3866
f 2282/1026/3866 2297/1041/3866 2298/1042/3866
s 1952
f 2284/1028/3867 2283/1027/3867 2298/1042/3867
f 2298/1042/3867 2299/1043/3867 2284/1028/3867
s 1953
f 2300/1044/3868 2285/1029/3868 2284/1028/3868
f 2284/1028/3868 2299/1043/3868 2300/1044/3868
s 1954
f 2301/1045/3869 2286/1030/3869 2285/1029/3869
f 2285/1029/3869 2300/1044/3869 2301/1045/3869
s 1955
f 2302/1046/3870 2287/1031/3871 2286/1030/3871
f 2286/1030/3871 2301/1045/3871 2302/1046/3870
s 1956
f 2303/1048/3872 2288/1033/3873 2289/1032/3872
f 2289/1032/3872 2304/1047/3874 2303/1048/3872
s 1957
f 2288/1033/3875 2303/1048/3875 2305/1049/3875
f 2305/1049/3875 2290/1034/3875 2288/1033/3875
s 1958
f 2306/1050/3876 2291/1035/3876 2290/1034/3876
f 2290/1034/3876 2305/1049/3876 2306/1050/3876
s 1959
f 2307/1051/3877 2292/1036/3878 2291/1035/3878
f 2291/1035/3878 2306/1050/3878 2307/1051/3877
s 1960
f 2292/1036/3879 2307/1051/3879 2308/1052/3880
f 2308/1052/3880 2293/1037/3881 2292/1036/3879
s 1961
f 2309/1053/3882 2294/1038/3883 2293/1037/3884
f 2293/1037/3884 2308/1052/3885 2309/1053/3882
s 1962
f 2310/1054/3886 2295/1039/3887 2294/1038/3888
f 2294/1038/3888 2309/1053/3889 2310/1054/3886
s 1963
f 2295/1039/3890 2310/1054/3891 2311/1055/3892
f 2311/1055/3892 2296/1040/3893 2295/1039/3890
s 1964
f 2297/1041/3894 2296/1040/3894 2311/1055/3894
f 2311/1055/3894 2312/1056/3894 2297/1041/3894
s 1965
f 2298/1042/3895 2297/1041/3896 2312/1056/3895
f 2312/1056/3895 2313/1057/3895 2298/1042/3895
s 1966
f 2299/1043/3897 2298/1042/3897 2313/1057/3897
f 2313/1057/3897 2314/1058/3897 2299/1043/3897
s 1967
f 2315/1059/3898 2300/1044/3899 2299/1043/3899
f 2299/1043/3899 2314/1058/3899 2315/1059/3898
s 1968
f 2316/1060/3900 2301/1045/3900 2300/1044/3900
f 2300/1044/3900 2315/1059/3900 2316/1060/3900
s 1969
f 2301/1045/3901 2316/1060/3901 2317/1061/3901
f 2317/1061/3901 2302/1046/3901 2301/1045/3901
s 1970
f 2303/1048/3902 2304/1047/3902 2318/1062/3902
f 2318/1062/3902 2319/1063/3902 2303/1048/3902
s 1971
f 2303/1048/3903 2319/1063/3903 2320/1064/3903
f 2320/1064/3903 2305/1049/3903 2303/1048/3903
s 1972
f 2306/1050/3904 2305/1049/3904 2320/1064/3904
f 2320/1064/3904 2321/1065/3904 2306/1050/3904
s 1973
f 2307/1051/3905 2306/1050/3905 2321/1065/3905
f 2321/1065/3905 2322/1066/3905 2307/1051/3905
s 1974
f 2307/1051/3906 2322/1066/3907 2323/1067/3906
f 2323/1067/3906 2308/1052/3906 2307/1051/3906
s 1975
f 2309/1053/3908 2308/1052/3909 2323/1067/3908
f 2323/1067/3908 2324/1068/3908 2309/1053/3908
s 1976
f 2310/1054/3910 2309/1053/3910 2324/1068/3910
f 2324/1068/3910 2325/1069/3911 2310/1054/3910
s 1977
f 2310/1054/3912 2325/1069/3913 2326/1070/3914
f 2326/1070/3914 2311/1055/3915 2310/1054/3912
s 1978
f 2312/1056/3916 2311/1055/3916 2326/1070/3916
f 2326/1070/3916 2327/1071/3916 2312/1056/3916
s 1979
f 2313/1057/3917 2312/1056/3917 2327/1071/3917
f 2327/1071/3917 2328/1072/3917 2313/1057/3917
s 1980
f 2313/1057/3918 2328/1072/3918 2329/1073/3918
f 2329/1073/3918 2314/1058/3918 2313/1057/3918
s 1981
f 2315/1059/3919 2314/1058/3919 2329/1073/3919
f 2329/1073/3919 2330/1074/3919 2315/1059/3919
s 1982
f 2316/1060/3920 2315/1059/3920 2330/1074/3920
f 2330/1074/3920 2331/1075/3920 2316/1060/3920
s 1983
f 2316/1060/3921 2331/1075/3921 2332/1076/3921
f 2332/1076/3921 2317/1061/3921 2316/1060/3921
s 1984
f 2319/1063/3922 2318/1062/3922 2333/1077/3922
f 2333/1077/3922 2334/1078/3922 2319/1063/3922
s 1985
f 2319/1063/3923 2334/1078/3923 2335/1079/3923
f 2335/1079/3923 2320/1064/3923 2319/1063/3923
s 1986
f 2321/1065/3924 2320/1064/3925 2335/1079/3925
f 2335/1079/3925 2336/1080/3925 2321/1065/3924
s 1987
f 2322/1066/3926 2321/1065/3926 2336/1080/3926
f 2336/1080/3926 2337/1081/3926 2322/1066/3926
s 1988
f 2322/1066/3927 2337/1081/3927 2338/1082/3927
f 2338/1082/3927 2323/1067/3928 2322/1066/3927
s 1989
f 2324/1068/3929 2323/1067/3929 2338/1082/3929
f 2338/1082/3929 2339/1083/3929 2324/1068/3929
s 1990
f 2325/1069/3930 2324/1068/3930 2339/1083/3930
f 2339/1083/3930 2340/1084/3930 2325/1069/3930
s 1991
f 2325/1069/3931 2340/1084/3931 2341/1085/3931
f 2341/1085/3931 2326/1070/3931 2325/1069/3931
s 1992
f 2327/1071/3932 2326/1070/3932 2341/1085/3933
f 2341/1085/3933 2342/1086/3933 2327/1071/3932
s 1993
f 2328/1072/3934 2327/1071/3934 2342/1086/3934
f 2342/1086/3934 2343/1087/3934 2328/1072/3934
s 1994
f 2328/1072/3935 2343/1087/3935 2344/1088/3935
f 2344/1088/3935 2329/1073/3935 2328/1072/3935
s 1995
f 2330/1074/3936 2329/1073/3936 2344/1088/3936
f 2344/1088/3936 2345/1089/3936 2330/1074/3936
s 1996
f 2331/1075/3937 2330/1074/3937 2345/1089/3937
f 2345/1089/3937 2346/1090/3937 2331/1075/3937
s 1997
f 2331/1075/3938 2346/1090/3938 2347/1091/3938
f 2347/1091/3938 2332/1076/3938 2331/1075/3938
s 1998
f 2334/1078/3939 2333/1077/3939 2348/1092/3939
f 2348/1092/3939 2349/1093/3940 2334/1078/3939
s 1999
f 2334/1078/3941 2349/1093/3941 2350/1094/3941
f 2350/1094/3941 2335/1079/3941 2334/1078/3941
s 2000
f 2336/1080/3942 2335/1079/3943 2350/1094/3943
f 2350/1094/3943 2351/1095/3942 2336/1080/3942
s 2001
f 2337/1081/3944 2336/1080/3944 2351/1095/3944
f 2351/1095/3944 2352/1096/3944 2337/1081/3944
s 2002
f 2337/1081/3945 2352/1096/3945 2353/1097/3945
f 2353/1097/3945 2338/1082/3945 2337/1081/3945
s 2003
f 2339/1083/3946 2338/1082/3947 2353/1097/3948
f 2353/1097/3948 2354/1098/3949 2339/1083/3946
s 2004
f 2340/1084/3950 2339/1083/3950 2354/1098/3950
f 2354/1098/3950 2355/1099/3950 2340/1084/3950
s 2005
f 2340/1084/3951 2355/1099/3952 2356/1100/3953
f 2356/1100/3953 2341/1085/3953 2340/1084/3951
s 2006
f 2342/1086/3954 2341/1085/3954 2356/1100/3954
f 2356/1100/3954 2357/1101/3954 2342/1086/3954
s 2007
f 2343/1087/3955 2342/1086/3955 2357/1101/3955
f 2357/1101/3955 2358/1102/3955 2343/1087/3955
s 2008
f 2343/1087/3956 2358/1102/3956 2359/1103/3956
f 2359/1103/3956 2344/1088/3956 2343/1087/3956
s 2009
f 2345/1089/3957 2344/1088/3957 2359/1103/3957
f 2359/1103/3957 2360/1104/3957 2345/1089/3957
s 2010
f 2346/1090/3958 2345/1089/3958 2360/1104/3958
f 2360/1104/3958 2361/1105/3958 2346/1090/3958
s 2011
f 2346/1090/3959 2361/1105/3959 2362/1106/3959
f 2362/1106/3959 2347/1091/3959 2346/1090/3959
s 2012
f 2349/1093/3960 2348/1092/3960 2363/1107/3960
f 2363/1107/3960 2364/1108/3960 2349/1093/3960
s 2013
f 2349/1093/3961 2364/1108/3961 2365/1109/3961
f 2365/1109/3961 2350/1094/3961 2349/1093/3961
s 2014
f 2351/1095/3962 2350/1094/3962 2365/1109/3962
f 2365/1109/3962 2366/1110/3962 2351/1095/3962
s 2015
f 2352/1096/3963 2351/1095/3963 2366/1110/3963
f 2366/1110/3963 2367/1111/3963 2352/1096/3963
s 2016
f 2352/1096/3964 2367/1111/3964 2368/1112/3965
f 2368/1112/3965 2353/1097/3964 2352/1096/3964
s 2017
f 2354/1098/3966 2353/1097/3966 2368/1112/3966
f 2368/1112/3966 2369/1113/3967 2354/1098/3966
s 2018
f 2355/1099/3968 2354/1098/3969 2369/1113/3969
f 2369/1113/3969 2370/1114/3970 2355/1099/3968
s 2019
f 2355/1099/3971 2370/1114/3971 2371/1115/3971
f 2371/1115/3971 2356/1100/3971 2355/1099/3971
s 2020
f 2357/1101/3972 2356/1100/3973 2371/1115/3972
f 2371/1115/3972 2372/1116/3974 2357/1101/3972
s 2021
f 2358/1102/3975 2357/1101/3975 2372/1116/3976
f 2372/1116/3976 2373/1117/3975 2358/1102/3975
s 2022
f 2358/1102/3977 2373/1117/3977 2374/1118/3977
f 2374/1118/3977 2359/1103/3977 2358/1102/3977
s 2023
f 2360/1104/3978 2359/1103/3978 2374/1118/3978
f 2374/1118/3978 2375/1119/3978 2360/1104/3978
s 2024
f 2361/1105/3979 2360/1104/3979 2375/1119/3979
f 2375/1119/3979 2376/1120/3979 2361/1105/3979
s 2025
f 2361/1105/3980 2376/1120/3980 2377/1121/3980
f 2377/1121/3980 2362/1106/3980 2361/1105/3980
s 2026
f 2364/1108/3981 2363/1107/3981 2378/1122/3981
f 2378/1122/3981 2379/1123/3981 2364/1108/3981
s 2027
f 2364/1108/3982 2379/1123/3982 2380/1124/3982
f 2380/1124/3982 2365/1109/3982 2364/1108/3982
s 2028
f 2366/1110/3983 2365/1109/3983 2380/1124/3983
f 2380/1124/3983 2381/1125/3983 2366/1110/3983
s 2029
f 2367/1111/3984 2366/1110/3984 2381/1125/3984
f 2381/1125/3984 2382/1126/3984 2367/1111/3984
s 2030
f 2367/1111/3985 2382/1126/3986 2383/1127/3985
f 2383/1127/3985 2368/1112/3985 2367/1111/3985
s 2031
f 2369/1113/3987 2368/1112/3988 2383/1127/3989
f 2383/1127/3989 2384/1128/3990 2369/1113/3987
s 2032
f 2370/1114/3991 2369/1113/3992 2384/1128/3993
f 2384/1128/3993 2385/1129/3994 2370/1114/3991
s 2033
f 2370/1114/3995 2385/1129/3996 2386/1130/3997
f 2386/1130/3997 2371/1115/3998 2370/1114/3995
s 2034
f 2372/1116/3999 2371/1115/4000 2386/1130/4000
f 2386/1130/4000 2387/1131/4000 2372/1116/3999
s 2035
f 2373/1117/4001 2372/1116/4001 2387/1131/4001
f 2387/1131/4001 2388/1132/4001 2373/1117/4001
s 2036
f 2373/1117/4002 2388/1132/4003 2389/1133/4003
f 2389/1133/4003 2374/1118/4003 2373/1117/4002
s 2037
f 2375/1119/4004 2374/1118/4004 2389/1133/4004
f 2389/1133/4004 2390/1134/4004 2375/1119/4004
s 2038
f 2376/1120/4005 2375/1119/4005 2390/1134/4005
f 2390/1134/4005 2391/1135/4005 2376/1120/4005
s 2039
f 2392/1136/4006 2377/1121/4006 2376/1120/4006
f 2376/1120/4006 2391/1135/4006 2392/1136/4006
s 2040
f 2137/1138/4007 2170/913/4007 2393/1137/4007
f 2393/1137/4007 2138/867/4007 2137/1138/4007
s 2041
f 2394/1139/4008 2393/1137/4008 2170/913/4008
f 2170/913/4008 2169/914/4008 2394/1139/4008
s 2042
f 2395/1140/4009 2394/1139/4009 2169/914/4009
f 2169/914/4009 2173/916/4009 2395/1140/4009
s 2043
f 2395/1140/4010 2173/916/4010 2175/918/4011
f 2175/918/4011 2396/1141/4011 2395/1140/4010
s 2044
f 2397/1142/4012 2396/1141/4012 2175/918/4012
f 2175/918/4012 2177/920/4012 2397/1142/4012
s 2045
f 2398/1143/4013 2397/1142/4014 2177/920/4014
f 2177/920/4014 2179/922/4013 2398/1143/4013
s 2046
f 2181/924/4015 2399/1144/4015 2398/1143/4015
f 2398/1143/4015 2179/922/4016 2181/924/4015
s 2047
f 2399/1144/4017 2181/924/4018 2183/926/4019
f 2183/926/4019 2400/1145/4020 2399/1144/4017
s 2048
f 2401/1146/4021 2400/1145/4022 2183/926/4021
f 2183/926/4021 2185/928/4021 2401/1146/4021
s 2049
f 2187/931/4023 2402/1147/4024 2401/1146/4025
f 2401/1146/4025 2185/928/4025 2187/931/4023
s 2050
f 2402/1147/4026 2187/931/4026 2189/933/4026
f 2189/933/4026 2403/1148/4027 2402/1147/4026
s 2051
f 2191/935/4028 2404/1149/4029 2403/1148/4030
f 2403/1148/4030 2189/933/4031 2191/935/4028
s 2052
f 2193/937/4032 2405/1150/4033 2404/1149/4034
f 2404/1149/4034 2191/935/4035 2193/937/4032
s 2053
f 2405/1150/4036 2193/937/4037 2195/939/4038
f 2195/939/4038 2406/1151/4038 2405/1150/4036
s 2054
f 2197/940/4039 2407/1152/4039 2406/1151/4039
f 2406/1151/4039 2195/939/4039 2197/940/4039
s 2055
f 2407/1152/4040 2197/940/4040 1510/1153/4040
f 1510/1153/4040 1512/1154/4040 2407/1152/4040
s 2056
f 1519/1155/4041 1510/1153/4041 2197/940/4041
f 2197/940/4041 2196/941/4041 1519/1155/4041
s 2057
f 2212/956/4042 1520/1156/4042 1519/1155/4042
f 1519/1155/4042 2196/941/4043 2212/956/4042
s 2058
f 2227/971/4044 1521/1157/4044 1520/1156/4044
f 1520/1156/4044 2212/956/4044 2227/971/4044
s 2059
f 2242/986/4045 1522/1158/4046 1521/1157/4046
f 1521/1157/4046 2227/971/4046 2242/986/4045
s 2060
f 1523/1159/4047 1522/1158/4047 2242/986/4047
f 2242/986/4047 2257/1001/4047 1523/1159/4047
s 2061
f 1524/1160/4048 1523/1159/4048 2257/1001/4048
f 2257/1001/4048 2272/1016/4048 1524/1160/4048
s 2062
f 1505/1161/4049 1524/1160/4049 2272/1016/4049
f 2272/1016/4049 2287/1031/4049 1505/1161/4049
s 2063
f 2302/1046/4050 1504/1162/4050 1505/1161/4050
f 1505/1161/4050 2287/1031/4050 2302/1046/4050
s 2064
f 2317/1061/4051 1503/1163/4051 1504/1162/4051
f 1504/1162/4051 2302/1046/4051 2317/1061/4051
s 2065
f 1503/1163/4052 2317/1061/4052 2332/1076/4052
f 2332/1076/4052 1502/1164/4052 1503/1163/4052
s 2066
f 1502/1164/4053 2332/1076/4053 2347/1091/4053
f 2347/1091/4053 1501/1165/4053 1502/1164/4053
s 2067
f 1500/1166/4054 1501/1165/4054 2347/1091/4054
f 2347/1091/4054 2362/1106/4054 1500/1166/4054
s 2068
f 1499/1167/4055 1500/1166/4055 2362/1106/4055
f 2362/1106/4055 2377/1121/4055 1499/1167/4055
s 2069
f 2392/1136/4056 1498/1168/4056 1499/1167/4056
f 1499/1167/4056 2377/1121/4056 2392/1136/4056
s 2070
f 1680/1170/4057 1496/1169/4057 1498/1168/4057
f 1498/1168/4057 2392/1136/4057 1680/1170/4057
s 2071
f 2391/1135/4058 1699/1171/4058 1680/1170/4058
f 1680/1170/4058 2392/1136/4058 2391/1135/4058
s 2072
f 2391/1135/4059 2390/1134/4059 1698/1172/4059
f 1698/1172/4059 1699/1171/4059 2391/1135/4059
s 2073
f 2390/1134/4060 2389/1133/4060 1697/1173/4060
f 1697/1173/4060 1698/1172/4060 2390/1134/4060
s 2074
f 2388/1132/4061 1696/1174/4061 1697/1173/4061
f 1697/1173/4061 2389/1133/4062 2388/1132/4061
s 2075
f 2388/1132/4063 2387/1131/4064 1695/1175/4065
f 1695/1175/4065 1696/1174/4066 2388/1132/4063
s 2076
f 2387/1131/4067 2386/1130/4068 1694/1176/4068
f 1694/1176/4068 1695/1175/4067 2387/1131/4067
s 2077
f 2385/1129/4069 1693/1177/4069 1694/1176/4070
f 1694/1176/4070 2386/1130/4070 2385/1129/4069
s 2078
f 2385/1129/4071 2384/1128/4071 1692/1178/4072
f 1692/1178/4072 1693/1177/4072 2385/1129/4071
s 2079
f 2384/1128/4073 2383/1127/4073 1691/1179/4073
f 1691/1179/4073 1692/1178/4073 2384/1128/4073
s 2080
f 1691/1179/4074 2383/1127/4075 2382/1126/4075
f 2382/1126/4075 1690/1180/4075 1691/1179/4074
s 2081
f 2381/1125/4076 1689/1181/4076 1690/1180/4077
f 1690/1180/4077 2382/1126/4076 2381/1125/4076
s 2082
f 2380/1124/4078 1688/1182/4078 1689/1181/4079
f 1689/1181/4079 2381/1125/4080 2380/1124/4078
s 2083
f 1688/1182/4081 2380/1124/4081 2379/1123/4081
f 2379/1123/4081 1687/1183/4081 1688/1182/4081
s 2084
f 2378/1122/4082 1685/1184/4082 1687/1183/4082
f 1687/1183/4082 2379/1123/4082 2378/1122/4082
s 2085
f 2154/1185/4083 1686/1186/4083 1685/1184/4083
f 1685/1184/4083 2378/1122/4083 2154/1185/4083
s 2086
f 2154/1185/4084 2378/1122/4084 2363/1107/4084
f 2363/1107/4084 2155/1187/4084 2154/1185/4084
s 2087
f 2156/1188/4085 2155/1187/4085 2363/1107/4085
f 2363/1107/4085 2348/1092/4085 2156/1188/4085
s 2088
f 2156/1188/4086 2348/1092/4086 2333/1077/4086
f 2333/1077/4086 2157/1189/4086 2156/1188/4086
s 2089
f 2333/1077/4087 2318/1062/4087 2158/1190/4087
f 2158/1190/4087 2157/1189/4087 2333/1077/4087
s 2090
f 2158/1190/4088 2318/1062/4088 2304/1047/4088
f 2304/1047/4088 2159/1191/4088 2158/1190/4088
s 2091
f 2289/1032/4089 2160/1192/4089 2159/1191/4089
f 2159/1191/4089 2304/1047/4089 2289/1032/4089
s 2092
f 2146/1193/4090 2160/1192/4090 2289/1032/4090
f 2289/1032/4090 2273/1017/4090 2146/1193/4090
s 2093
f 2145/1194/4091 2146/1193/4091 2273/1017/4092
f 2273/1017/4092 2259/1002/4091 2145/1194/4091
s 2094
f 2145/1194/4093 2259/1002/4093 2244/987/4093
f 2244/987/4093 2144/1195/4093 2145/1194/4093
s 2095
f 2244/987/4094 2229/972/4094 2143/1196/4094
f 2143/1196/4094 2144/1195/4094 2244/987/4094
s 2096
f 2229/972/4095 2214/957/4095 2142/1197/4095
f 2142/1197/4095 2143/1196/4095 2229/972/4095
s 2097
f 2199/942/4096 2141/1198/4096 2142/1197/4096
f 2142/1197/4096 2214/957/4097 2199/942/4096
s 2098
f 2140/1199/4098 2141/1198/4098 2199/942/4098
f 2199/942/4098 2171/912/4098 2140/1199/4098
s 2099
f 2170/913/4099 2137/1138/4099 2140/1199/4099
f 2140/1199/4099 2171/912/4099 2170/913/4099
s 2100
f 2408/1203/4100 2409/1202/4101 2410/1201/4101
f 2410/1201/4101 2411/1200/4101 2408/1203/4100
s 2101
f 2409/1202/4102 2408/1203/4103 2412/1204/4104
f 2412/1204/4104 2413/1205/4103 2409/1202/4102
s 2102
f 2413/1205/4105 2412/1204/4105 2414/1207/4105
f 2414/1207/4105 2415/1206/4105 2413/1205/4105
s 2103
f 2416/1209/4106 2417/1208/4106 2415/1206/4107
f 2415/1206/4107 2414/1207/4106 2416/1209/4106
s 2104
f 2418/1211/4108 2419/1210/4109 2417/1208/4110
f 2417/1208/4110 2416/1209/4111 2418/1211/4108
s 2105
f 2419/1210/4112 2418/1211/4113 2420/1213/4112
f 2420/1213/4112 2421/1212/4112 2419/1210/4112
s 2106
f 2422/1215/4114 2423/1214/4115 2421/1212/4116
f 2421/1212/4116 2420/1213/4114 2422/1215/4114
s 2107
f 2423/1214/4117 2422/1215/4118 2424/1217/4119
f 2424/1217/4119 2425/1216/4118 2423/1214/4117
s 2108
f 2425/1216/4120 2424/1217/4120 2426/1219/4120
f 2426/1219/4120 2427/1218/4121 2425/1216/4120
s 2109
f 2428/1221/4122 2429/1220/4123 2427/1218/4124
f 2427/1218/4124 2426/1219/4125 2428/1221/4122
s 2110
f 2429/1220/4126 2428/1221/4127 2430/1222/4128
f 2430/1222/4128 2431/1223/4129 2429/1220/4126
s 2111
f 2431/1223/4130 2430/1222/4131 2432/1225/4131
f 2432/1225/4131 2433/1224/4131 2431/1223/4130
s 2112
f 2434/1227/4132 2435/1226/4132 2433/1224/4133
f 2433/1224/4133 2432/1225/4132 2434/1227/4132
s 2113
f 2436/1229/4134 2437/1228/4134 2435/1226/4134
f 2435/1226/4134 2434/1227/4134 2436/1229/4134
s 2114
f 2438/1231/4135 2408/1203/4135 2411/1200/4135
f 2411/1200/4135 2439/1230/4135 2438/1231/4135
s 2115
f 2408/1203/4136 2438/1231/4136 2440/1232/4136
f 2440/1232/4136 2412/1204/4136 2408/1203/4136
s 2116
f 2412/1204/4137 2440/1232/4138 2441/1233/4138
f 2441/1233/4138 2414/1207/4138 2412/1204/4137
s 2117
f 2442/1234/4139 2416/1209/4139 2414/1207/4139
f 2414/1207/4139 2441/1233/4139 2442/1234/4139
s 2118
f 2443/1235/4140 2418/1211/4141 2416/1209/4142
f 2416/1209/4142 2442/1234/4142 2443/1235/4140
s 2119
f 2418/1211/4143 2443/1235/4143 2444/1236/4144
f 2444/1236/4144 2420/1213/4143 2418/1211/4143
s 2120
f 2445/1237/4145 2422/1215/4146 2420/1213/4147
f 2420/1213/4147 2444/1236/4148 2445/1237/4145
s 2121
f 2446/1238/4149 2424/1217/4150 2422/1215/4151
f 2422/1215/4151 2445/1237/4152 2446/1238/4149
s 2122
f 2424/1217/4153 2446/1238/4154 2447/1239/4155
f 2447/1239/4155 2426/1219/4156 2424/1217/4153
s 2123
f 2448/1240/4157 2428/1221/4158 2426/1219/4159
f 2426/1219/4159 2447/1239/4159 2448/1240/4157
s 2124
f 2449/1241/4160 2430/1222/4160 2428/1221/4160
f 2428/1221/4160 2448/1240/4160 2449/1241/4160
s 2125
f 2430/1222/4161 2449/1241/4162 2450/1242/4162
f 2450/1242/4162 2432/1225/4162 2430/1222/4161
s 2126
f 2451/1243/4163 2434/1227/4163 2432/1225/4163
f 2432/1225/4163 2450/1242/4163 2451/1243/4163
s 2127
f 2452/1244/4164 2436/1229/4165 2434/1227/4165
f 2434/1227/4165 2451/1243/4165 2452/1244/4164
s 2128
f 2453/1246/4166 2438/1231/4166 2439/1230/4166
f 2439/1230/4166 2454/1245/4166 2453/1246/4166
s 2129
f 2438/1231/4167 2453/1246/4168 2455/1247/4169
f 2455/1247/4169 2440/1232/4167 2438/1231/4167
s 2130
f 2440/1232/4170 2455/1247/4171 2456/1248/4172
f 2456/1248/4172 2441/1233/4170 2440/1232/4170
s 2131
f 2457/1249/4173 2442/1234/4174 2441/1233/4174
f 2441/1233/4174 2456/1248/4175 2457/1249/4173
s 2132
f 2442/1234/4176 2457/1249/4177 2458/1250/4178
f 2458/1250/4178 2443/1235/4176 2442/1234/4176
s 2133
f 2443/1235/4179 2458/1250/4180 2459/1251/4181
f 2459/1251/4181 2444/1236/4179 2443/1235/4179
s 2134
f 2460/1252/4182 2445/1237/4183 2444/1236/4184
f 2444/1236/4184 2459/1251/4185 2460/1252/4182
s 2135
f 2445/1237/4186 2460/1252/4187 2461/1253/4188
f 2461/1253/4188 2446/1238/4189 2445/1237/4186
s 2136
f 2446/1238/4190 2461/1253/4191 2462/1254/4192
f 2462/1254/4192 2447/1239/4193 2446/1238/4190
s 2137
f 2463/1255/4194 2448/1240/4195 2447/1239/4196
f 2447/1239/4196 2462/1254/4197 2463/1255/4194
s 2138
f 2464/1256/4198 2449/1241/4199 2448/1240/4200
f 2448/1240/4200 2463/1255/4201 2464/1256/4198
s 2139
f 2449/1241/4202 2464/1256/4203 2465/1257/4204
f 2465/1257/4204 2450/1242/4202 2449/1241/4202
s 2140
f 2466/1258/4205 2451/1243/4206 2450/1242/4207
f 2450/1242/4207 2465/1257/4208 2466/1258/4205
s 2141
f 2467/1259/4209 2452/1244/4210 2451/1243/4210
f 2451/1243/4210 2466/1258/4210 2467/1259/4209
s 2142
f 2468/1261/4211 2453/1246/4212 2454/1245/4212
f 2454/1245/4212 2469/1260/4213 2468/1261/4211
s 2129
f 2453/1246/4168 2468/1261/4214 2470/1262/4215
f 2470/1262/4215 2455/1247/4169 2453/1246/4168
s 2130
f 2455/1247/4171 2470/1262/4216 2471/1263/4217
f 2471/1263/4217 2456/1248/4172 2455/1247/4171
s 2131
f 2472/1264/4218 2457/1249/4173 2456/1248/4175
f 2456/1248/4175 2471/1263/4219 2472/1264/4218
s 2132
f 2457/1249/4177 2472/1264/4220 2473/1265/4221
f 2473/1265/4221 2458/1250/4178 2457/1249/4177
s 2133
f 2458/1250/4180 2473/1265/4222 2474/1266/4223
f 2474/1266/4223 2459/1251/4181 2458/1250/4180
s 2134
f 2459/1251/4185 2474/1266/4224 2475/1267/4225
f 2475/1267/4225 2460/1252/4182 2459/1251/4185
s 2135
f 2460/1252/4187 2475/1267/4226 2476/1268/4227
f 2476/1268/4227 2461/1253/4188 2460/1252/4187
s 2136
f 2461/1253/4191 2476/1268/4228 2477/1269/4229
f 2477/1269/4229 2462/1254/4192 2461/1253/4191
s 2137
f 2478/1270/4230 2463/1255/4194 2462/1254/4197
f 2462/1254/4197 2477/1269/4231 2478/1270/4230
s 2138
f 2479/1271/4232 2464/1256/4198 2463/1255/4201
f 2463/1255/4201 2478/1270/4233 2479/1271/4232
s 2139
f 2464/1256/4203 2479/1271/4234 2480/1272/4235
f 2480/1272/4235 2465/1257/4204 2464/1256/4203
s 2140
f 2481/1273/4236 2466/1258/4205 2465/1257/4208
f 2465/1257/4208 2480/1272/4237 2481/1273/4236
s 2143
f 2482/1274/4238 2467/1259/4239 2466/1258/4239
f 2466/1258/4239 2481/1273/4240 2482/1274/4238
s 2142
f 2483/1276/4241 2468/1261/4211 2469/1260/4213
f 2469/1260/4213 2484/1275/4242 2483/1276/4241
s 2129
f 2468/1261/4214 2483/1276/4243 2485/1277/4244
f 2485/1277/4244 2470/1262/4215 2468/1261/4214
s 2130
f 2470/1262/4216 2485/1277/4245 2486/1278/4246
f 2486/1278/4246 2471/1263/4217 2470/1262/4216
s 2131
f 2487/1279/4247 2472/1264/4218 2471/1263/4219
f 2471/1263/4219 2486/1278/4248 2487/1279/4247
s 2132
f 2488/1280/4249 2473/1265/4221 2472/1264/4220
f 2472/1264/4220 2487/1279/4250 2488/1280/4249
s 2133
f 2473/1265/4222 2488/1280/4251 2489/1281/4252
f 2489/1281/4252 2474/1266/4223 2473/1265/4222
s 2134
f 2490/1282/4253 2475/1267/4225 2474/1266/4224
f 2474/1266/4224 2489/1281/4254 2490/1282/4253
s 2135
f 2475/1267/4226 2490/1282/4255 2491/1283/4256
f 2491/1283/4256 2476/1268/4227 2475/1267/4226
s 2136
f 2476/1268/4228 2491/1283/4257 2492/1284/4258
f 2492/1284/4258 2477/1269/4229 2476/1268/4228
s 2137
f 2493/1285/4259 2478/1270/4230 2477/1269/4231
f 2477/1269/4231 2492/1284/4260 2493/1285/4259
s 2138
f 2494/1286/4261 2479/1271/4232 2478/1270/4233
f 2478/1270/4233 2493/1285/4262 2494/1286/4261
s 2139
f 2479/1271/4234 2494/1286/4263 2495/1287/4264
f 2495/1287/4264 2480/1272/4235 2479/1271/4234
s 2140
f 2496/1288/4265 2481/1273/4236 2480/1272/4237
f 2480/1272/4237 2495/1287/4266 2496/1288/4265
s 2143
f 2497/1289/4267 2482/1274/4238 2481/1273/4240
f 2481/1273/4240 2496/1288/4268 2497/1289/4267
s 2142
f 2498/1290/4269 2483/1276/4241 2484/1275/4242
f 2484/1275/4242 2499/1291/4270 2498/1290/4269
s 2129
f 2483/1276/4243 2498/1290/4271 2500/1292/4272
f 2500/1292/4272 2485/1277/4244 2483/1276/4243
s 2130
f 2485/1277/4245 2500/1292/4273 2501/1293/4274
f 2501/1293/4274 2486/1278/4246 2485/1277/4245
s 2131
f 2502/1294/4275 2487/1279/4247 2486/1278/4248
f 2486/1278/4248 2501/1293/4276 2502/1294/4275
s 2132
f 2487/1279/4250 2502/1294/4277 2503/1295/4278
f 2503/1295/4278 2488/1280/4249 2487/1279/4250
s 2133
f 2504/1296/4279 2489/1281/4252 2488/1280/4251
f 2488/1280/4251 2503/1295/4280 2504/1296/4279
s 2134
f 2505/1297/4281 2490/1282/4253 2489/1281/4254
f 2489/1281/4254 2504/1296/4282 2505/1297/4281
s 2135
f 2506/1298/4283 2491/1283/4256 2490/1282/4255
f 2490/1282/4255 2505/1297/4284 2506/1298/4283
s 2136
f 2507/1299/4285 2492/1284/4258 2491/1283/4257
f 2491/1283/4257 2506/1298/4286 2507/1299/4285
s 2137
f 2508/1300/4287 2493/1285/4259 2492/1284/4260
f 2492/1284/4260 2507/1299/4288 2508/1300/4287
s 2138
f 2509/1301/4289 2494/1286/4261 2493/1285/4262
f 2493/1285/4262 2508/1300/4290 2509/1301/4289
s 2139
f 2510/1302/4291 2495/1287/4264 2494/1286/4263
f 2494/1286/4263 2509/1301/4292 2510/1302/4291
s 2140
f 2511/1303/4293 2496/1288/4265 2495/1287/4266
f 2495/1287/4266 2510/1302/4294 2511/1303/4293
s 2143
f 2512/1304/4295 2497/1289/4267 2496/1288/4268
f 2496/1288/4268 2511/1303/4296 2512/1304/4295
s 2142
f 2513/1305/4297 2498/1290/4269 2499/1291/4270
f 2499/1291/4270 2514/1306/4298 2513/1305/4297
s 2129
f 2515/1307/4299 2500/1292/4272 2498/1290/4271
f 2498/1290/4271 2513/1305/4300 2515/1307/4299
s 2130
f 2516/1308/4301 2501/1293/4274 2500/1292/4273
f 2500/1292/4273 2515/1307/4302 2516/1308/4301
s 2131
f 2517/1309/4303 2502/1294/4275 2501/1293/4276
f 2501/1293/4276 2516/1308/4304 2517/1309/4303
s 2132
f 2502/1294/4277 2517/1309/4305 2518/1310/4306
f 2518/1310/4306 2503/1295/4278 2502/1294/4277
s 2133
f 2503/1295/4280 2518/1310/4307 2519/1311/4308
f 2519/1311/4308 2504/1296/4279 2503/1295/4280
s 2134
f 2520/1312/4309 2505/1297/4281 2504/1296/4282
f 2504/1296/4282 2519/1311/4309 2520/1312/4309
s 2135
f 2521/1313/4310 2506/1298/4283 2505/1297/4284
f 2505/1297/4284 2520/1312/4311 2521/1313/4310
s 2136
f 2506/1298/4286 2521/1313/4312 2522/1314/4313
f 2522/1314/4313 2507/1299/4285 2506/1298/4286
s 2137
f 2523/1315/4314 2508/1300/4287 2507/1299/4288
f 2507/1299/4288 2522/1314/4315 2523/1315/4314
s 2138
f 2508/1300/4290 2523/1315/4316 2524/1316/4317
f 2524/1316/4317 2509/1301/4289 2508/1300/4290
s 2139
f 2509/1301/4292 2524/1316/4318 2525/1317/4319
f 2525/1317/4319 2510/1302/4291 2509/1301/4292
s 2140
f 2526/1318/4320 2511/1303/4293 2510/1302/4294
f 2510/1302/4294 2525/1317/4321 2526/1318/4320
s 2143
f 2527/1319/4322 2512/1304/4295 2511/1303/4296
f 2511/1303/4296 2526/1318/4323 2527/1319/4322
s 2142
f 2528/1320/4324 2513/1305/4297 2514/1306/4298
f 2514/1306/4298 2529/1321/4325 2528/1320/4324
s 2129
f 2513/1305/4300 2528/1320/4326 2530/1322/4327
f 2530/1322/4327 2515/1307/4299 2513/1305/4300
s 2130
f 2515/1307/4302 2530/1322/4328 2531/1323/4329
f 2531/1323/4329 2516/1308/4301 2515/1307/4302
s 2131
f 2532/1324/4330 2517/1309/4303 2516/1308/4304
f 2516/1308/4304 2531/1323/4331 2532/1324/4330
s 2132
f 2517/1309/4305 2532/1324/4332 2533/1325/4333
f 2533/1325/4333 2518/1310/4306 2517/1309/4305
s 2133
f 2518/1310/4307 2533/1325/4334 2534/1326/4335
f 2534/1326/4335 2519/1311/4308 2518/1310/4307
s 2134
f 2535/1327/4336 2520/1312/4309 2519/1311/4309
f 2519/1311/4309 2534/1326/4337 2535/1327/4336
s 2135
f 2536/1328/4338 2521/1313/4310 2520/1312/4311
f 2520/1312/4311 2535/1327/4339 2536/1328/4338
s 2136
f 2521/1313/4312 2536/1328/4340 2537/1329/4341
f 2537/1329/4341 2522/1314/4313 2521/1313/4312
s 2137
f 2538/1330/4342 2523/1315/4314 2522/1314/4315
f 2522/1314/4315 2537/1329/4343 2538/1330/4342
s 2138
f 2539/1331/4344 2524/1316/4317 2523/1315/4316
f 2523/1315/4316 2538/1330/4345 2539/1331/4344
s 2139
f 2524/1316/4318 2539/1331/4346 2540/1332/4347
f 2540/1332/4347 2525/1317/4319 2524/1316/4318
s 2140
f 2541/1333/4348 2526/1318/4320 2525/1317/4321
f 2525/1317/4321 2540/1332/4349 2541/1333/4348
s 2143
f 2526/1318/4323 2541/1333/4350 2542/1334/4351
f 2542/1334/4351 2527/1319/4322 2526/1318/4323
s 2142
f 2543/1335/4352 2528/1320/4324 2529/1321/4325
f 2529/1321/4325 2544/1336/4353 2543/1335/4352
s 2129
f 2545/1337/4354 2530/1322/4327 2528/1320/4326
f 2528/1320/4326 2543/1335/4355 2545/1337/4354
s 2130
f 2530/1322/4328 2545/1337/4356 2546/1338/4357
f 2546/1338/4357 2531/1323/4329 2530/1322/4328
s 2131
f 2547/1339/4358 2532/1324/4330 2531/1323/4331
f 2531/1323/4331 2546/1338/4359 2547/1339/4358
s 2132
f 2532/1324/4332 2547/1339/4360 2548/1340/4361
f 2548/1340/4361 2533/1325/4333 2532/1324/4332
s 2133
f 2533/1325/4334 2548/1340/4362 2549/1341/4363
f 2549/1341/4363 2534/1326/4335 2533/1325/4334
s 2134
f 2550/1342/4364 2535/1327/4336 2534/1326/4337
f 2534/1326/4337 2549/1341/4365 2550/1342/4364
s 2135
f 2535/1327/4339 2550/1342/4366 2551/1343/4367
f 2551/1343/4367 2536/1328/4338 2535/1327/4339
s 2136
f 2536/1328/4340 2551/1343/4368 2552/1344/4369
f 2552/1344/4369 2537/1329/4341 2536/1328/4340
s 2137
f 2553/1345/4370 2538/1330/4342 2537/1329/4343
f 2537/1329/4343 2552/1344/4371 2553/1345/4370
s 2138
f 2538/1330/4345 2553/1345/4372 2554/1346/4373
f 2554/1346/4373 2539/1331/4344 2538/1330/4345
s 2139
f 2539/1331/4346 2554/1346/4374 2555/1347/4375
f 2555/1347/4375 2540/1332/4347 2539/1331/4346
s 2140
f 2556/1348/4376 2541/1333/4348 2540/1332/4349
f 2540/1332/4349 2555/1347/4377 2556/1348/4376
s 2143
f 2541/1333/4350 2556/1348/4378 2557/1349/4379
f 2557/1349/4379 2542/1334/4351 2541/1333/4350
s 2142
f 2558/1350/4380 2543/1335/4352 2544/1336/4353
f 2544/1336/4353 2559/1351/4381 2558/1350/4380
s 2129
f 2560/1352/4382 2545/1337/4354 2543/1335/4355
f 2543/1335/4355 2558/1350/4383 2560/1352/4382
s 2130
f 2545/1337/4356 2560/1352/4384 2561/1353/4385
f 2561/1353/4385 2546/1338/4357 2545/1337/4356
s 2131
f 2562/1354/4386 2547/1339/4358 2546/1338/4359
f 2546/1338/4359 2561/1353/4387 2562/1354/4386
s 2132
f 2547/1339/4360 2562/1354/4388 2563/1355/4389
f 2563/1355/4389 2548/1340/4361 2547/1339/4360
s 2133
f 2548/1340/4362 2563/1355/4390 2564/1356/4391
f 2564/1356/4391 2549/1341/4363 2548/1340/4362
s 2134
f 2565/1357/4392 2550/1342/4364 2549/1341/4365
f 2549/1341/4365 2564/1356/4393 2565/1357/4392
s 2135
f 2566/1358/4394 2551/1343/4367 2550/1342/4366
f 2550/1342/4366 2565/1357/4395 2566/1358/4394
s 2136
f 2551/1343/4368 2566/1358/4396 2567/1359/4397
f 2567/1359/4397 2552/1344/4369 2551/1343/4368
s 2137
f 2568/1360/4398 2553/1345/4370 2552/1344/4371
f 2552/1344/4371 2567/1359/4399 2568/1360/4398
s 2138
f 2553/1345/4372 2568/1360/4400 2569/1361/4401
f 2569/1361/4401 2554/1346/4373 2553/1345/4372
s 2139
f 2554/1346/4374 2569/1361/4402 2570/1362/4403
f 2570/1362/4403 2555/1347/4375 2554/1346/4374
s 2140
f 2571/1363/4404 2556/1348/4376 2555/1347/4377
f 2555/1347/4377 2570/1362/4405 2571/1363/4404
s 2143
f 2556/1348/4378 2571/1363/4406 2572/1364/4407
f 2572/1364/4407 2557/1349/4379 2556/1348/4378
s 2142
f 2573/1365/4408 2558/1350/4380 2559/1351/4381
f 2559/1351/4381 2574/1366/4408 2573/1365/4408
s 2129
f 2575/1367/4409 2560/1352/4382 2558/1350/4383
f 2558/1350/4383 2573/1365/4410 2575/1367/4409
s 2130
f 2560/1352/4384 2575/1367/4411 2576/1368/4412
f 2576/1368/4412 2561/1353/4385 2560/1352/4384
s 2131
f 2577/1369/4413 2562/1354/4386 2561/1353/4387
f 2561/1353/4387 2576/1368/4414 2577/1369/4413
s 2132
f 2578/1370/4415 2563/1355/4389 2562/1354/4388
f 2562/1354/4388 2577/1369/4416 2578/1370/4415
s 2133
f 2563/1355/4390 2578/1370/4417 2579/1371/4418
f 2579/1371/4418 2564/1356/4391 2563/1355/4390
s 2134
f 2580/1372/4419 2565/1357/4392 2564/1356/4393
f 2564/1356/4393 2579/1371/4420 2580/1372/4419
s 2135
f 2581/1373/4421 2566/1358/4394 2565/1357/4395
f 2565/1357/4395 2580/1372/4422 2581/1373/4421
s 2136
f 2566/1358/4396 2581/1373/4423 2582/1374/4424
f 2582/1374/4424 2567/1359/4397 2566/1358/4396
s 2137
f 2583/1375/4425 2568/1360/4398 2567/1359/4399
f 2567/1359/4399 2582/1374/4426 2583/1375/4425
s 2138
f 2568/1360/4400 2583/1375/4427 2584/1376/4428
f 2584/1376/4428 2569/1361/4401 2568/1360/4400
s 2139
f 2569/1361/4402 2584/1376/4429 2585/1377/4430
f 2585/1377/4430 2570/1362/4403 2569/1361/4402
s 2140
f 2586/1378/4431 2571/1363/4404 2570/1362/4405
f 2570/1362/4405 2585/1377/4431 2586/1378/4431
s 2143
f 2571/1363/4406 2586/1378/4432 2587/1379/4432
f 2587/1379/4432 2572/1364/4407 2571/1363/4406
s 2144
f 2588/1380/4433 2573/1365/4433 2574/1366/4433
f 2574/1366/4433 2589/1381/4433 2588/1380/4433
s 2129
f 2590/1382/4434 2575/1367/4409 2573/1365/4410
f 2573/1365/4410 2588/1380/4434 2590/1382/4434
s 2130
f 2575/1367/4411 2590/1382/4435 2591/1383/4435
f 2591/1383/4435 2576/1368/4412 2575/1367/4411
s 2131
f 2592/1384/4436 2577/1369/4413 2576/1368/4414
f 2576/1368/4414 2591/1383/4436 2592/1384/4436
s 2132
f 2593/1385/4437 2578/1370/4415 2577/1369/4416
f 2577/1369/4416 2592/1384/4437 2593/1385/4437
s 2133
f 2594/1386/4438 2579/1371/4418 2578/1370/4417
f 2578/1370/4417 2593/1385/4439 2594/1386/4438
s 2134
f 2595/1387/4440 2580/1372/4419 2579/1371/4420
f 2579/1371/4420 2594/1386/4440 2595/1387/4440
s 2135
f 2580/1372/4422 2595/1387/4441 2596/1388/4441
f 2596/1388/4441 2581/1373/4421 2580/1372/4422
s 2136
f 2581/1373/4423 2596/1388/4442 2597/1389/4443
f 2597/1389/4443 2582/1374/4424 2581/1373/4423
s 2137
f 2598/1390/4444 2583/1375/4425 2582/1374/4426
f 2582/1374/4426 2597/1389/4445 2598/1390/4444
s 2138
f 2599/1391/4446 2584/1376/4428 2583/1375/4427
f 2583/1375/4427 2598/1390/4447 2599/1391/4446
s 2145
f 2600/1392/4448 2585/1377/4448 2584/1376/4449
f 2584/1376/4449 2599/1391/4450 2600/1392/4448
s 2146
f 2601/1393/4451 2586/1378/4451 2585/1377/4451
f 2585/1377/4451 2600/1392/4451 2601/1393/4451
s 2147
f 2587/1379/4452 2586/1378/4453 2601/1393/4453
f 2601/1393/4453 2602/1394/4453 2587/1379/4452
s 2148
f 2603/1395/4454 2588/1380/4454 2589/1381/4455
f 2589/1381/4455 2604/1396/4454 2603/1395/4454
s 2149
f 2605/1397/4456 2590/1382/4456 2588/1380/4457
f 2588/1380/4457 2603/1395/4456 2605/1397/4456
s 2150
f 2606/1398/4458 2591/1383/4459 2590/1382/4459
f 2590/1382/4459 2605/1397/4459 2606/1398/4458
s 2151
f 2607/1399/4460 2592/1384/4460 2591/1383/4460
f 2591/1383/4460 2606/1398/4460 2607/1399/4460
s 2152
f 2592/1384/4461 2607/1399/4461 2608/1400/4461
f 2608/1400/4461 2593/1385/4461 2592/1384/4461
s 2153
f 2609/1401/4462 2594/1386/4462 2593/1385/4462
f 2593/1385/4462 2608/1400/4462 2609/1401/4462
s 2154
f 2610/1402/4463 2595/1387/4463 2594/1386/4464
f 2594/1386/4464 2609/1401/4464 2610/1402/4463
s 2155
f 2595/1387/4465 2610/1402/4466 2611/1403/4467
f 2611/1403/4467 2596/1388/4467 2595/1387/4465
s 2156
f 2612/1404/4468 2597/1389/4469 2596/1388/4468
f 2596/1388/4468 2611/1403/4470 2612/1404/4468
s 2157
f 2613/1405/4471 2598/1390/4471 2597/1389/4471
f 2597/1389/4471 2612/1404/4471 2613/1405/4471
s 2158
f 2598/1390/4472 2613/1405/4473 2614/1406/4473
f 2614/1406/4473 2599/1391/4474 2598/1390/4472
s 2159
f 2600/1392/4475 2599/1391/4475 2614/1406/4476
f 2614/1406/4476 2615/1407/4476 2600/1392/4475
s 2160
f 2601/1393/4477 2600/1392/4477 2615/1407/4477
f 2615/1407/4477 2616/1408/4477 2601/1393/4477
s 2161
f 2602/1394/4478 2601/1393/4478 2616/1408/4479
f 2616/1408/4479 2617/1409/4478 2602/1394/4478
s 2162
f 2618/1410/4480 2603/1395/4480 2604/1396/4480
f 2604/1396/4480 2619/1411/4480 2618/1410/4480
s 2163
f 2603/1395/4481 2618/1410/4482 2620/1412/4482
f 2620/1412/4482 2605/1397/4482 2603/1395/4481
s 2164
f 2606/1398/4483 2605/1397/4483 2620/1412/4484
f 2620/1412/4484 2621/1413/4483 2606/1398/4483
s 2165
f 2607/1399/4485 2606/1398/4486 2621/1413/4487
f 2621/1413/4487 2622/1414/4487 2607/1399/4485
s 2166
f 2607/1399/4488 2622/1414/4488 2623/1415/4488
f 2623/1415/4488 2608/1400/4489 2607/1399/4488
s 2167
f 2609/1401/4490 2608/1400/4491 2623/1415/4491
f 2623/1415/4491 2624/1416/4492 2609/1401/4490
s 2168
f 2610/1402/4493 2609/1401/4494 2624/1416/4495
f 2624/1416/4495 2625/1417/4496 2610/1402/4493
s 2169
f 2610/1402/4497 2625/1417/4498 2626/1418/4499
f 2626/1418/4499 2611/1403/4500 2610/1402/4497
s 2170
f 2612/1404/4501 2611/1403/4502 2626/1418/4503
f 2626/1418/4503 2627/1419/4504 2612/1404/4501
s 2171
f 2613/1405/4505 2612/1404/4506 2627/1419/4507
f 2627/1419/4507 2628/1420/4505 2613/1405/4505
s 2172
f 2613/1405/4508 2628/1420/4509 2629/1421/4510
f 2629/1421/4510 2614/1406/4510 2613/1405/4508
s 2173
f 2615/1407/4511 2614/1406/4512 2629/1421/4511
f 2629/1421/4511 2630/1422/4513 2615/1407/4511
s 2174
f 2616/1408/4514 2615/1407/4514 2630/1422/4514
f 2630/1422/4514 2631/1423/4514 2616/1408/4514
s 2175
f 2616/1408/4515 2631/1423/4515 2632/1424/4516
f 2632/1424/4516 2617/1409/4515 2616/1408/4515
s 2176
f 2407/1152/4517 1512/1154/4517 1511/1425/4517
f 1511/1425/4517 2410/1201/4517 2407/1152/4517
s 2177
f 2409/1202/4518 2406/1151/4518 2407/1152/4518
f 2407/1152/4518 2410/1201/4518 2409/1202/4518
s 2178
f 2413/1205/4519 2405/1150/4519 2406/1151/4519
f 2406/1151/4519 2409/1202/4519 2413/1205/4519
s 2179
f 2415/1206/4520 2404/1149/4521 2405/1150/4522
f 2405/1150/4522 2413/1205/4523 2415/1206/4520
s 2180
f 2417/1208/4524 2403/1148/4525 2404/1149/4526
f 2404/1149/4526 2415/1206/4526 2417/1208/4524
s 2181
f 2419/1210/4527 2402/1147/4527 2403/1148/4528
f 2403/1148/4528 2417/1208/4529 2419/1210/4527
s 2182
f 2421/1212/4530 2401/1146/4531 2402/1147/4532
f 2402/1147/4532 2419/1210/4533 2421/1212/4530
s 2183
f 2423/1214/4534 2400/1145/4535 2401/1146/4536
f 2401/1146/4536 2421/1212/4537 2423/1214/4534
s 2184
f 2425/1216/4538 2399/1144/4539 2400/1145/4540
f 2400/1145/4540 2423/1214/4541 2425/1216/4538
s 2185
f 2427/1218/4542 2398/1143/4543 2399/1144/4542
f 2399/1144/4542 2425/1216/4543 2427/1218/4542
s 2186
f 2429/1220/4544 2397/1142/4545 2398/1143/4546
f 2398/1143/4546 2427/1218/4546 2429/1220/4544
s 2187
f 2431/1223/4547 2396/1141/4548 2397/1142/4549
f 2397/1142/4549 2429/1220/4549 2431/1223/4547
s 2188
f 2433/1224/4550 2395/1140/4551 2396/1141/4552
f 2396/1141/4552 2431/1223/4552 2433/1224/4550
s 2189
f 2435/1226/4553 2394/1139/4554 2395/1140/4554
f 2395/1140/4554 2433/1224/4554 2435/1226/4553
s 2190
f 2437/1228/4555 2393/1137/4555 2394/1139/4555
f 2394/1139/4555 2435/1226/4555 2437/1228/4555
s 2191
f 2139/866/4556 2138/867/4557 2393/1137/4556
f 2393/1137/4556 2437/1228/4556 2139/866/4556
s 2192
f 2139/866/4558 2437/1228/4558 2436/1229/4558
f 2436/1229/4558 2147/876/4558 2139/866/4558
s 2193
f 2147/876/4559 2436/1229/4559 2452/1244/4559
f 2452/1244/4559 2148/877/4559 2147/876/4559
s 2194
f 2452/1244/4560 2467/1259/4561 2149/878/4561
f 2149/878/4561 2148/877/4561 2452/1244/4560
s 2195
f 2482/1274/4562 2150/879/4562 2149/878/4562
f 2149/878/4562 2467/1259/4562 2482/1274/4562
s 2196
f 2482/1274/4563 2497/1289/4564 2151/880/4565
f 2151/880/4565 2150/879/4563 2482/1274/4563
f 2512/1304/4566 2152/881/4567 2151/880/4565
f 2151/880/4565 2497/1289/4564 2512/1304/4566
f 2512/1304/4566 2527/1319/4568 2153/882/4569
f 2153/882/4569 2152/881/4567 2512/1304/4566
f 2542/1334/4570 2167/905/4571 2153/882/4569
f 2153/882/4569 2527/1319/4568 2542/1334/4570
f 2542/1334/4570 2557/1349/4572 2166/904/4573
f 2166/904/4573 2167/905/4571 2542/1334/4570
f 2165/903/4574 2166/904/4573 2557/1349/4572
f 2557/1349/4572 2572/1364/4574 2165/903/4574
s 2197
f 2164/902/4575 2165/903/4575 2572/1364/4575
f 2572/1364/4575 2587/1379/4575 2164/902/4575
s 2198
f 2163/901/4576 2164/902/4576 2587/1379/4576
f 2587/1379/4576 2602/1394/4576 2163/901/4576
s 2199
f 2617/1409/4577 2162/900/4578 2163/901/4578
f 2163/901/4578 2602/1394/4578 2617/1409/4577
s 2200
f 2632/1424/4579 2161/898/4579 2162/900/4579
f 2162/900/4579 2617/1409/4579 2632/1424/4579
s 2201
f 2632/1424/4580 1939/637/4580 1941/639/4580
f 1941/639/4580 2161/898/4580 2632/1424/4580
s 2202
f 2632/1424/4581 2631/1423/4581 1938/636/4581
f 1938/636/4581 1939/637/4581 2632/1424/4581
s 2203
f 1938/636/4582 2631/1423/4583 2630/1422/4584
f 2630/1422/4584 1937/635/4584 1938/636/4582
s 2204
f 1937/635/4585 2630/1422/4585 2629/1421/4586
f 2629/1421/4586 1936/634/4586 1937/635/4585
s 2205
f 2629/1421/4587 2628/1420/4588 1935/633/4589
f 1935/633/4589 1936/634/4589 2629/1421/4587
s 2206
f 1935/633/4590 2628/1420/4591 2627/1419/4592
f 2627/1419/4592 1934/632/4593 1935/633/4590
s 2207
f 1934/632/4594 2627/1419/4595 2626/1418/4596
f 2626/1418/4596 1933/631/4597 1934/632/4594
s 2208
f 2626/1418/4598 2625/1417/4598 1932/630/4599
f 1932/630/4599 1933/631/4598 2626/1418/4598
s 2209
f 1932/630/4600 2625/1417/4601 2624/1416/4602
f 2624/1416/4602 1931/629/4603 1932/630/4600
s 2210
f 2624/1416/4604 2623/1415/4605 1930/628/4606
f 1930/628/4606 1931/629/4606 2624/1416/4604
s 2211
f 2623/1415/4607 2622/1414/4608 1929/627/4609
f 1929/627/4609 1930/628/4610 2623/1415/4607
s 2212
f 1929/627/4611 2622/1414/4611 2621/1413/4611
f 2621/1413/4611 1928/626/4611 1929/627/4611
s 2213
f 2621/1413/4612 2620/1412/4613 1927/625/4614
f 1927/625/4614 1928/626/4615 2621/1413/4612
s 2214
f 2620/1412/4616 2618/1410/4617 1926/624/4617
f 1926/624/4617 1927/625/4617 2620/1412/4616
s 2215
f 1926/624/4618 2618/1410/4618 2619/1411/4619
f 2619/1411/4619 1925/622/4618 1926/624/4618
s 2216
f 1469/1426/4620 1468/621/4621 1925/622/4621
f 1925/622/4621 2619/1411/4621 1469/1426/4620
s 2217
f 1477/1427/4622 1469/1426/4622 2619/1411/4622
f 2619/1411/4622 2604/1396/4622 1477/1427/4622
s 2218
f 1478/1428/4623 1477/1427/4623 2604/1396/4623
f 2604/1396/4623 2589/1381/4623 1478/1428/4623
s 2219
f 1479/1429/4624 1478/1428/4624 2589/1381/4624
f 2589/1381/4624 2574/1366/4624 1479/1429/4624
s 2220
f 2559/1351/4625 1480/1430/4626 1479/1429/4627
f 1479/1429/4627 2574/1366/4627 2559/1351/4625
f 1481/1431/4628 1480/1430/4626 2559/1351/4625
f 2559/1351/4625 2544/1336/4629 1481/1431/4628
f 1482/1432/4630 1481/1431/4628 2544/1336/4629
f 2544/1336/4629 2529/1321/4631 1482/1432/4630
f 1483/1433/4632 1482/1432/4630 2529/1321/4631
f 2529/1321/4631 2514/1306/4633 1483/1433/4632
f 2499/1291/4634 1518/1434/4635 1483/1433/4632
f 1483/1433/4632 2514/1306/4633 2499/1291/4634
f 2484/1275/4636 1517/1435/4637 1518/1434/4635
f 1518/1434/4635 2499/1291/4634 2484/1275/4636
f 1516/1436/4638 1517/1435/4637 2484/1275/4636
f 2484/1275/4636 2469/1260/4639 1516/1436/4638
f 1515/1437/4640 1516/1436/4638 2469/1260/4639
f 2469/1260/4639 2454/1245/4640 1515/1437/4640
s 2221
f 1514/1438/4641 1515/1437/4642 2454/1245/4641
f 2454/1245/4641 2439/1230/4641 1514/1438/4641
s 2222
f 1513/1439/4643 1514/1438/4643 2439/1230/4643
f 2439/1230/4643 2411/1200/4643 1513/1439/4643
s 2223
f 2411/1200/4644 2410/1201/4644 1511/1425/4644
f 1511/1425/4644 1513/1439/4644 2411/1200/4644
s 2224
f 1365/49/4645 49/49/4646 50/50/4647
f 50/50/4647 1366/50/4646 1365/49/4645
s 2225
f 1365/49/4648 1371/55/4648 55/55/4648
f 55/55/4648 49/49/4648 1365/49/4648
s 2226
f 56/56/4649 55/55/4650 1371/55/4650
f 1371/55/4650 1372/56/4650 56/56/4649
s 2227
f 1377/61/4651 61/61/4651 56/56/4651
f 56/56/4651 1372/56/4651 1377/61/4651
s 2228
f 66/66/4652 61/61/4653 1377/61/4654
f 1377/61/4654 1382/66/4653 66/66/4652
s 2229
f 1387/71/4655 71/71/4656 66/66/4656
f 66/66/4656 1382/66/4656 1387/71/4655
s 2230
f 1424/109/4657 109/109/4657 110/110/4657
f 110/110/4657 1425/110/4657 1424/109/4657
s 2231
f 111/111/4658 1426/111/4658 1425/110/4658
f 1425/110/4658 110/110/4658 111/111/4658
s 2232
f 111/111/4659 112/1/4660 1427/1/4660
f 1427/1/4660 1426/111/4660 111/111/4659
s 2233
f 1427/1/4661 112/1/4662 113/112/4662
f 113/112/4662 1428/112/4662 1427/1/4661
s 2234
f 114/113/4663 1429/113/4664 1428/112/4664
f 1428/112/4664 113/112/4664 114/113/4663
s 2235
f 1429/113/4665 114/113/4666 117/116/4667
s 2236
f 1489/180/4668 1366/50/4668 50/50/4668
f 50/50/4668 181/180/4668 1489/180/4668
s 2237
f 1424/109/4669 1509/200/4669 201/200/4669
f 201/200/4669 109/109/4669 1424/109/4669
s 2238
f 1531/222/4670 1532/223/4670 224/223/4670
f 224/223/4670 223/222/4670 1531/222/4670
s 2239
f 1532/223/4671 1536/227/4671 228/227/4671
f 228/227/4671 224/223/4671 1532/223/4671
s 2240
f 228/227/4672 1536/227/4672 1540/231/4672
f 1540/231/4672 232/231/4672 228/227/4672
s 2241
f 1540/231/4673 1544/235/4673 236/235/4673
f 236/235/4673 232/231/4673 1540/231/4673
s 2242
f 236/235/4674 1544/235/4674 1548/239/4674
f 1548/239/4674 240/239/4674 236/235/4674
s 2243
f 244/243/4675 240/239/4675 1548/239/4675
f 1548/239/4675 1552/243/4675 244/243/4675
s 2244
f 1556/247/4676 248/247/4676 244/243/4676
f 244/243/4676 1552/243/4676 1556/247/4676
s 2245
f 1556/247/4677 1560/251/4677 252/251/4678
f 252/251/4678 248/247/4677 1556/247/4677
s 2246
f 252/251/4679 1560/251/4680 1564/255/4681
f 1564/255/4681 256/255/4680 252/251/4679
s 2247
f 260/259/4682 256/255/4683 1564/255/4683
f 1564/255/4683 1568/259/4683 260/259/4682
s 2248
f 1572/263/4684 264/263/4684 260/259/4684
f 260/259/4684 1568/259/4684 1572/263/4684
s 2249
f 1576/267/4685 268/267/4685 264/263/4685
f 264/263/4685 1572/263/4685 1576/267/4685
s 2250
f 1576/267/4686 1580/271/4686 272/271/4686
f 272/271/4686 268/267/4686 1576/267/4686
s 2251
f 272/271/4687 1580/271/4687 1584/275/4687
f 1584/275/4687 276/275/4687 272/271/4687
s 2252
f 1590/281/4688 1531/222/4689 223/222/4689
f 223/222/4689 282/281/4690 1590/281/4688
s 2253
f 181/282/4691 276/275/4692 1584/275/4693
f 1584/275/4693 1489/282/4692 181/282/4691
s 2254
f 1614/309/4694 1613/310/4694 306/310/4694
f 306/310/4694 305/309/4694 1614/309/4694
s 2255
f 1619/315/4695 311/315/4695 306/310/4695
f 306/310/4695 1613/310/4695 1619/315/4695
s 2256
f 316/320/4696 311/315/4696 1619/315/4696
f 1619/315/4696 1624/320/4696 316/320/4696
s 2257
f 1624/320/4697 1629/325/4697 321/325/4697
f 321/325/4697 316/320/4697 1624/320/4697
s 2258
f 1634/330/4698 326/330/4698 321/325/4698
f 321/325/4698 1629/325/4698 1634/330/4698
s 2259
f 1634/330/4699 1639/335/4699 331/335/4699
f 331/335/4699 326/330/4699 1634/330/4699
s 2260
f 336/340/4700 331/335/4700 1639/335/4700
f 1639/335/4700 1644/340/4700 336/340/4700
s 2261
f 1644/340/4701 1649/345/4701 341/345/4701
f 341/345/4701 336/340/4701 1644/340/4701
s 2262
f 346/350/4702 341/345/4702 1649/345/4702
f 1649/345/4702 1654/350/4702 346/350/4702
s 2263
f 1659/355/4703 351/355/4703 346/350/4703
f 346/350/4703 1654/350/4703 1659/355/4703
s 2264
f 351/355/4704 1659/355/4704 1664/360/4704
f 1664/360/4704 356/360/4704 351/355/4704
s 2265
f 361/365/4705 356/360/4706 1664/360/4705
f 1664/360/4705 1669/365/4706 361/365/4705
s 2266
f 361/365/4707 1669/365/4707 1674/370/4707
f 1674/370/4707 366/370/4707 361/365/4707
s 2267
f 1679/375/4708 371/375/4709 366/370/4710
f 366/370/4710 1674/370/4711 1679/375/4708
s 2268
f 1678/374/4712 370/374/4712 371/375/4712
f 371/375/4712 1679/375/4712 1678/374/4712
s 2269
f 1509/200/4713 1614/309/4714 305/309/4715
f 305/309/4715 201/200/4714 1509/200/4713
s 2270
f 373/377/4716 370/374/4716 1678/374/4716
f 1678/374/4716 1682/377/4716 373/377/4716
s 2271
f 1995/724/4717 2003/732/4717 695/732/4717
f 695/732/4717 687/724/4717 1995/724/4717
s 2272
f 2002/731/4718 694/731/4718 695/732/4718
f 695/732/4718 2003/732/4718 2002/731/4718
s 2273
f 2002/731/4719 2010/739/4720 702/739/4720
f 702/739/4720 694/731/4721 2002/731/4719
s 2274
f 2018/746/4722 2017/747/4722 710/747/4722
f 710/747/4722 709/746/4722 2018/746/4722
s 2275
f 714/751/4723 710/747/4724 2017/747/4725
f 2017/747/4725 2022/751/4723 714/751/4723
s 2276
f 2028/757/4726 720/757/4726 714/751/4727
f 714/751/4727 2022/751/4726 2028/757/4726
s 2277
f 2028/757/4728 2027/756/4729 719/756/4728
f 719/756/4728 720/757/4728 2028/757/4728
s 2278
f 725/762/4730 719/756/4731 2027/756/4732
f 2027/756/4732 2033/762/4731 725/762/4730
s 2279
f 730/767/4733 725/762/4734 2033/762/4733
f 2033/762/4733 2038/767/4735 730/767/4733
s 2280
f 735/772/4736 730/767/4737 2038/767/4737
f 2038/767/4737 2043/772/4737 735/772/4736
s 2281
f 2068/798/4738 761/798/4739 760/797/4740
s 2282
f 2070/799/4741 2069/797/4742 760/797/4743
f 760/797/4743 762/799/4742 2070/799/4741
s 2283
f 2070/799/4744 762/799/4744 763/800/4744
f 763/800/4744 2071/800/4744 2070/799/4744
s 2284
f 2071/800/4745 763/800/4746 764/801/4745
f 764/801/4745 2072/801/4747 2071/800/4745
s 2285
f 764/801/4748 769/806/4749 2076/806/4750
f 2076/806/4750 2072/801/4750 764/801/4748
s 2286
f 2076/806/4751 769/806/4752 768/805/4753
s 2287
f 2077/805/4754 768/805/4755 770/807/4754
f 770/807/4754 2078/807/4756 2077/805/4754
s 2288
f 771/808/4757 2079/808/4757 2078/807/4757
f 2078/807/4757 770/807/4757 771/808/4757
s 2289
f 2079/808/4758 771/808/4758 828/865/4758
f 828/865/4758 2136/865/4758 2079/808/4758
s 2290
f 2134/863/4759 2133/862/4759 825/862/4759
f 825/862/4759 826/863/4759 2134/863/4759
s 2291
f 827/864/4760 2135/864/4760 2134/863/4760
f 2134/863/4760 826/863/4760 827/864/4760
s 2292
f 735/772/4761 2043/772/4761 1995/724/4761
f 1995/724/4761 687/724/4761 735/772/4761
s 2293
f 2133/862/4762 2136/865/4762 828/865/4762
f 828/865/4762 825/862/4762 2133/862/4762
s 2294
f 2135/864/4763 827/864/4763 702/739/4763
f 702/739/4763 2010/739/4763 2135/864/4763
s 2295
f 1682/377/4764 2018/746/4764 709/746/4764
f 709/746/4764 373/377/4764 1682/377/4764
s 2296
f 761/798/4765 2068/798/4766 1590/281/4766
f 1590/281/4766 282/281/4766 761/798/4765
